# https://github.com/mikedh/trimesh

o dip_1-mesh
v -0.01317187 0.03978027 0.05349112
v -0.01317187 0.03978027 0.01616691
v -0.01332812 0.04179199 0.05349112
v -0.01332812 0.04179199 0.01616691
v -0.01332812 0.04179199 0.05349112
v -0.01332812 0.04179199 0.01616691
v -0.01317187 0.04380371 0.05349112
v -0.01317187 0.04380371 0.01616691
v -0.01317187 0.04380371 0.05349112
v -0.01317187 0.04380371 0.01616691
v -0.01254687 0.04573730 0.05349112
v -0.01254687 0.04573730 0.01616691
v -0.01254687 0.04573730 0.05349112
v -0.01254687 0.04573730 0.01616691
v -0.01160937 0.04750488 0.05349112
v -0.01160937 0.04750488 0.01616691
v -0.01160937 0.04750488 0.05349112
v -0.01160937 0.04750488 0.01616691
v -0.01035937 0.04903808 0.05349112
v -0.01035937 0.04903808 0.01616691
v -0.01035937 0.04903808 0.05349112
v -0.01035937 0.04903808 0.01616691
v -0.00864063 0.05027832 0.05349112
v -0.00864063 0.05027832 0.01616691
v -0.00864063 0.05027832 0.05349112
v -0.00864063 0.05027832 0.01616691
v -0.00692188 0.05116699 0.05349112
v -0.00692188 0.05116699 0.01616691
v -0.00692188 0.05116699 0.05349112
v -0.00692188 0.05116699 0.01616691
v -0.00489063 0.05167480 0.05349112
v -0.00489063 0.05167480 0.01616691
v -0.00489063 0.05167480 0.05349112
v -0.00489063 0.05167480 0.01616691
v -0.00285938 0.05178223 0.05349112
v -0.00285938 0.05178223 0.01616691
v -0.00285938 0.05178223 0.05349112
v -0.00285938 0.05178223 0.01616691
v -0.00082813 0.05146973 0.05349112
v -0.00082813 0.05146973 0.01616691
v -0.00082813 0.05146973 0.05349112
v -0.00082813 0.05146973 0.01616691
v 0.00104688 0.05076660 0.05349112
v 0.00104688 0.05076660 0.01616691
v 0.00104688 0.05076660 0.05349112
v 0.00104688 0.05076660 0.01616691
v 0.00276563 0.04970215 0.05349112
v 0.00276563 0.04970215 0.01616691
v 0.00276563 0.04970215 0.05349112
v 0.00276563 0.04970215 0.01616691
v 0.00417188 0.04830566 0.05349112
v 0.00417188 0.04830566 0.01616691
v 0.00417188 0.04830566 0.05349112
v 0.00417188 0.04830566 0.01616691
v 0.00542188 0.04664551 0.05349112
v 0.00542188 0.04664551 0.01616691
v 0.00542188 0.04664551 0.05349112
v 0.00542188 0.04664551 0.01616691
v 0.00620313 0.04478027 0.05349112
v 0.00620313 0.04478027 0.01616691
v 0.00620313 0.04478027 0.05349112
v 0.00620313 0.04478027 0.01616691
v 0.00651563 0.04279785 0.05349112
v 0.00651563 0.04279785 0.01616691
v 0.00651563 0.04279785 0.05349112
v 0.00651563 0.04279785 0.01616691
v 0.00651563 0.04077637 0.05349112
v 0.00651563 0.04077637 0.01616691
v 0.00651563 0.04077637 0.05349112
v 0.00651563 0.04077637 0.01616691
v 0.00620313 0.03879394 0.05349112
v 0.00620313 0.03879394 0.01616691
v 0.00620313 0.03879394 0.05349112
v 0.00620313 0.03879394 0.01616691
v 0.00542188 0.03693848 0.05349112
v 0.00542188 0.03693848 0.01616691
v 0.00542188 0.03693848 0.05349112
v 0.00542188 0.03693848 0.01616691
v 0.00417188 0.03527832 0.05349112
v 0.00417188 0.03527832 0.01616691
v 0.00417188 0.03527832 0.05349112
v 0.00417188 0.03527832 0.01616691
v 0.00276563 0.03388183 0.05349112
v 0.00276563 0.03388183 0.01616691
v 0.00276563 0.03388183 0.05349112
v 0.00276563 0.03388183 0.01616691
v 0.00104688 0.03281738 0.05349112
v 0.00104688 0.03281738 0.01616691
v 0.00104688 0.03281738 0.05349112
v 0.00104688 0.03281738 0.01616691
v -0.00082813 0.03211426 0.05349112
v -0.00082813 0.03211426 0.01616691
v -0.00082813 0.03211426 0.05349112
v -0.00082813 0.03211426 0.01616691
v -0.00285938 0.03180176 0.05349112
v -0.00285938 0.03180176 0.01616691
v -0.00285938 0.03180176 0.05349112
v -0.00285938 0.03180176 0.01616691
v -0.00489063 0.03190918 0.05349112
v -0.00489063 0.03190918 0.01616691
v -0.00489063 0.03190918 0.05349112
v -0.00489063 0.03190918 0.01616691
v -0.00692188 0.03241699 0.05349112
v -0.00692188 0.03241699 0.01616691
v -0.00692188 0.03241699 0.05349112
v -0.00692188 0.03241699 0.01616691
v -0.00864063 0.03330566 0.05349112
v -0.00864063 0.03330566 0.01616691
v -0.00864063 0.03330566 0.05349112
v -0.00864063 0.03330566 0.01616691
v -0.01035937 0.03454590 0.05349112
v -0.01035937 0.03454590 0.01616691
v -0.01035937 0.03454590 0.05349112
v -0.01035937 0.03454590 0.01616691
v -0.01160937 0.03607910 0.05349112
v -0.01160937 0.03607910 0.01616691
v -0.01160937 0.03607910 0.05349112
v -0.01160937 0.03607910 0.01616691
v -0.01254687 0.03784668 0.05349112
v -0.01254687 0.03784668 0.01616691
v -0.01254687 0.03784668 0.05349112
v -0.01254687 0.03784668 0.01616691
v -0.01317187 0.03978027 0.05349112
v -0.01317187 0.03978027 0.01616691
v -0.01317187 0.04380371 -0.05850106
v -0.01317187 0.04380371 -0.02117684
v -0.01332812 0.04179199 -0.05850106
v -0.01332812 0.04179199 -0.02117684
v -0.01332812 0.04179199 -0.05850106
v -0.01332812 0.04179199 -0.02117684
v -0.01317187 0.03978027 -0.05850106
v -0.01317187 0.03978027 -0.02117684
v -0.01317187 0.03978027 -0.05850106
v -0.01317187 0.03978027 -0.02117684
v -0.01254687 0.03784668 -0.05850106
v -0.01254687 0.03784668 -0.02117684
v -0.01254687 0.03784668 -0.05850106
v -0.01254687 0.03784668 -0.02117684
v -0.01160937 0.03607910 -0.05850106
v -0.01160937 0.03607910 -0.02117684
v -0.01160937 0.03607910 -0.05850106
v -0.01160937 0.03607910 -0.02117684
v -0.01035937 0.03454590 -0.05850106
v -0.01035937 0.03454590 -0.02117684
v -0.01035937 0.03454590 -0.05850106
v -0.01035937 0.03454590 -0.02117684
v -0.00864063 0.03330566 -0.05850106
v -0.00864063 0.03330566 -0.02117684
v -0.00864063 0.03330566 -0.05850106
v -0.00864063 0.03330566 -0.02117684
v -0.00692188 0.03241699 -0.05850106
v -0.00692188 0.03241699 -0.02117684
v -0.00692188 0.03241699 -0.05850106
v -0.00692188 0.03241699 -0.02117684
v -0.00489063 0.03190918 -0.05850106
v -0.00489063 0.03190918 -0.02117684
v -0.00489063 0.03190918 -0.05850106
v -0.00489063 0.03190918 -0.02117684
v -0.00285938 0.03180176 -0.05850106
v -0.00285938 0.03180176 -0.02117684
v -0.00285938 0.03180176 -0.05850106
v -0.00285938 0.03180176 -0.02117684
v -0.00082813 0.03211426 -0.05850106
v -0.00082813 0.03211426 -0.02117684
v -0.00082813 0.03211426 -0.05850106
v -0.00082813 0.03211426 -0.02117684
v 0.00104688 0.03281738 -0.05850106
v 0.00104688 0.03281738 -0.02117684
v 0.00104688 0.03281738 -0.05850106
v 0.00104688 0.03281738 -0.02117684
v 0.00276563 0.03388183 -0.05850106
v 0.00276563 0.03388183 -0.02117684
v 0.00276563 0.03388183 -0.05850106
v 0.00276563 0.03388183 -0.02117684
v 0.00417188 0.03527832 -0.05850106
v 0.00417188 0.03527832 -0.02117684
v 0.00417188 0.03527832 -0.05850106
v 0.00417188 0.03527832 -0.02117684
v 0.00542188 0.03693848 -0.05850106
v 0.00542188 0.03693848 -0.02117684
v 0.00542188 0.03693848 -0.05850106
v 0.00542188 0.03693848 -0.02117684
v 0.00620313 0.03879394 -0.05850106
v 0.00620313 0.03879394 -0.02117684
v 0.00620313 0.03879394 -0.05850106
v 0.00620313 0.03879394 -0.02117684
v 0.00651563 0.04077637 -0.05850106
v 0.00651563 0.04077637 -0.02117684
v 0.00651563 0.04077637 -0.05850106
v 0.00651563 0.04077637 -0.02117684
v 0.00651563 0.04279785 -0.05850106
v 0.00651563 0.04279785 -0.02117684
v 0.00651563 0.04279785 -0.05850106
v 0.00651563 0.04279785 -0.02117684
v 0.00620313 0.04478027 -0.05850106
v 0.00620313 0.04478027 -0.02117684
v 0.00620313 0.04478027 -0.05850106
v 0.00620313 0.04478027 -0.02117684
v 0.00542188 0.04664551 -0.05850106
v 0.00542188 0.04664551 -0.02117684
v 0.00542188 0.04664551 -0.05850106
v 0.00542188 0.04664551 -0.02117684
v 0.00417188 0.04830566 -0.05850106
v 0.00417188 0.04830566 -0.02117684
v 0.00417188 0.04830566 -0.05850106
v 0.00417188 0.04830566 -0.02117684
v 0.00276563 0.04970215 -0.05850106
v 0.00276563 0.04970215 -0.02117684
v 0.00276563 0.04970215 -0.05850106
v 0.00276563 0.04970215 -0.02117684
v 0.00104688 0.05076660 -0.05850106
v 0.00104688 0.05076660 -0.02117684
v 0.00104688 0.05076660 -0.05850106
v 0.00104688 0.05076660 -0.02117684
v -0.00082813 0.05146973 -0.05850106
v -0.00082813 0.05146973 -0.02117684
v -0.00082813 0.05146973 -0.05850106
v -0.00082813 0.05146973 -0.02117684
v -0.00285938 0.05178223 -0.05850106
v -0.00285938 0.05178223 -0.02117684
v -0.00285938 0.05178223 -0.05850106
v -0.00285938 0.05178223 -0.02117684
v -0.00489063 0.05167480 -0.05850106
v -0.00489063 0.05167480 -0.02117684
v -0.00489063 0.05167480 -0.05850106
v -0.00489063 0.05167480 -0.02117684
v -0.00692188 0.05116699 -0.05850106
v -0.00692188 0.05116699 -0.02117684
v -0.00692188 0.05116699 -0.05850106
v -0.00692188 0.05116699 -0.02117684
v -0.00864063 0.05027832 -0.05850106
v -0.00864063 0.05027832 -0.02117684
v -0.00864063 0.05027832 -0.05850106
v -0.00864063 0.05027832 -0.02117684
v -0.01035937 0.04903808 -0.05850106
v -0.01035937 0.04903808 -0.02117684
v -0.01035937 0.04903808 -0.05850106
v -0.01035937 0.04903808 -0.02117684
v -0.01160937 0.04750488 -0.05850106
v -0.01160937 0.04750488 -0.02117684
v -0.01160937 0.04750488 -0.05850106
v -0.01160937 0.04750488 -0.02117684
v -0.01254687 0.04573730 -0.05850106
v -0.01254687 0.04573730 -0.02117684
v -0.01254687 0.04573730 -0.05850106
v -0.01254687 0.04573730 -0.02117684
v -0.01317187 0.04380371 -0.05850106
v -0.01317187 0.04380371 -0.02117684
v -0.00317188 0.03029785 -0.06832528
v -0.00317188 0.03029785 -0.05850106
v -0.00114063 0.03050293 -0.06830575
v -0.00114063 0.03050293 -0.06830575
v -0.00317188 0.03029785 -0.05850106
v -0.00098438 0.03056152 -0.05850106
v -0.00114063 0.03050293 -0.06830575
v -0.00098438 0.03056152 -0.05850106
v -0.00004688 0.03077637 -0.06826670
v -0.00004688 0.03077637 -0.06826670
v -0.00098438 0.03056152 -0.05850106
v 0.00120313 0.03122559 -0.05850106
v -0.00004688 0.03077637 -0.06826670
v 0.00120313 0.03122559 -0.05850106
v 0.00104688 0.03116699 -0.06822763
v 0.00104688 0.03116699 -0.06822763
v 0.00120313 0.03122559 -0.05850106
v 0.00198438 0.03165527 -0.06818856
v 0.00198438 0.03165527 -0.06818856
v 0.00120313 0.03122559 -0.05850106
v 0.00307813 0.03228027 -0.05850106
v 0.00198438 0.03165527 -0.06818856
v 0.00307813 0.03228027 -0.05850106
v 0.00307813 0.03224121 -0.06811045
v 0.00307813 0.03224121 -0.06811045
v 0.00307813 0.03228027 -0.05850106
v 0.00385938 0.03290527 -0.06803231
v 0.00385938 0.03290527 -0.06803231
v 0.00307813 0.03228027 -0.05850106
v 0.00479688 0.03367676 -0.05850106
v 0.00385938 0.03290527 -0.06803231
v 0.00479688 0.03367676 -0.05850106
v 0.00464063 0.03363769 -0.06791513
v 0.00464063 0.03363769 -0.06791513
v 0.00479688 0.03367676 -0.05850106
v 0.00542188 0.03446777 -0.06777842
v 0.00542188 0.03446777 -0.06777842
v 0.00479688 0.03367676 -0.05850106
v 0.00620313 0.03536621 -0.05850106
v 0.00542188 0.03446777 -0.06777842
v 0.00620313 0.03536621 -0.05850106
v 0.00620313 0.03538574 -0.06762217
v 0.00620313 0.03538574 -0.06762217
v 0.00620313 0.03536621 -0.05850106
v 0.00682813 0.03637207 -0.06740731
v 0.00682813 0.03637207 -0.06740731
v 0.00620313 0.03536621 -0.05850106
v 0.00714063 0.03729980 -0.05850106
v 0.00682813 0.03637207 -0.06740731
v 0.00714063 0.03729980 -0.05850106
v 0.00729688 0.03742676 -0.06717295
v 0.00729688 0.03742676 -0.06717295
v 0.00714063 0.03729980 -0.05850106
v 0.00760938 0.03851074 -0.06691903
v 0.00760938 0.03851074 -0.06691903
v 0.00714063 0.03729980 -0.05850106
v 0.00792188 0.03937988 -0.05850106
v 0.00760938 0.03851074 -0.06691903
v 0.00792188 0.03937988 -0.05850106
v 0.00792188 0.03961426 -0.06660653
v 0.00792188 0.03961426 -0.06660653
v 0.00792188 0.03937988 -0.05850106
v 0.00807813 0.04071777 -0.06629403
v 0.00807813 0.04071777 -0.06629403
v 0.00792188 0.03937988 -0.05850106
v 0.00807813 0.04155762 -0.05850106
v 0.00807813 0.04071777 -0.06629403
v 0.00807813 0.04155762 -0.05850106
v 0.00807813 0.04179199 -0.06594247
v 0.00807813 0.04293457 -0.06555184
v 0.00807813 0.04293457 -0.06555184
v 0.00807813 0.04155762 -0.05850106
v 0.00792188 0.04374512 -0.05850106
v 0.00807813 0.04293457 -0.06555184
v 0.00792188 0.04374512 -0.05850106
v 0.00792188 0.04407715 -0.06512216
v 0.00792188 0.04407715 -0.06512216
v 0.00792188 0.04374512 -0.05850106
v 0.00760938 0.04520996 -0.06467295
v 0.00760938 0.04520996 -0.06467295
v 0.00792188 0.04374512 -0.05850106
v 0.00729688 0.04585449 -0.05850106
v 0.00760938 0.04520996 -0.06467295
v 0.00729688 0.04585449 -0.05850106
v 0.00714063 0.04631348 -0.06418466
v 0.00714063 0.04631348 -0.06418466
v 0.00729688 0.04585449 -0.05850106
v 0.00667188 0.04735840 -0.06371591
v 0.00667188 0.04735840 -0.06371591
v 0.00729688 0.04585449 -0.05850106
v 0.00635938 0.04781738 -0.05850106
v 0.00667188 0.04735840 -0.06371591
v 0.00635938 0.04781738 -0.05850106
v 0.00604688 0.04834473 -0.06322763
v 0.00604688 0.04834473 -0.06322763
v 0.00635938 0.04781738 -0.05850106
v 0.00542188 0.04925293 -0.06275888
v 0.00542188 0.04925293 -0.06275888
v 0.00635938 0.04781738 -0.05850106
v 0.00510938 0.04956543 -0.05850106
v 0.00542188 0.04925293 -0.06275888
v 0.00510938 0.04956543 -0.05850106
v 0.00385938 0.05075683 -0.06193856
v 0.00385938 0.05075683 -0.06193856
v 0.00510938 0.04956543 -0.05850106
v 0.00339063 0.05103027 -0.05850106
v 0.00385938 0.05075683 -0.06193856
v 0.00339063 0.05103027 -0.05850106
v 0.00292188 0.05139160 -0.06156747
v 0.00292188 0.05139160 -0.06156747
v 0.00339063 0.05103027 -0.05850106
v 0.00198438 0.05199707 -0.06121591
v 0.00198438 0.05199707 -0.06121591
v 0.00339063 0.05103027 -0.05850106
v 0.00151563 0.05216308 -0.05850106
v 0.00198438 0.05199707 -0.06121591
v 0.00151563 0.05216308 -0.05850106
v 0.00089063 0.05246582 -0.06092294
v 0.00089063 0.05246582 -0.06092294
v 0.00151563 0.05216308 -0.05850106
v -0.00051563 0.05291504 -0.05850106
v 0.00089063 0.05246582 -0.06092294
v -0.00051563 0.05291504 -0.05850106
v -0.00020313 0.05283691 -0.06068856
v -0.00020313 0.05283691 -0.06068856
v -0.00051563 0.05291504 -0.05850106
v -0.00129688 0.05310058 -0.06051278
v -0.00129688 0.05310058 -0.06051278
v -0.00051563 0.05291504 -0.05850106
v -0.00270313 0.05326660 -0.05850106
v -0.00129688 0.05310058 -0.06051278
v -0.00270313 0.05326660 -0.05850106
v -0.00239063 0.05324707 -0.06041513
v -0.00239063 0.05324707 -0.06041513
v -0.00270313 0.05326660 -0.05850106
v -0.00348438 0.05328613 -0.06039559
v -0.00348438 0.05328613 -0.06039559
v -0.00270313 0.05326660 -0.05850106
v -0.00489063 0.05319824 -0.05850106
v -0.00348438 0.05328613 -0.06039559
v -0.00489063 0.05319824 -0.05850106
v -0.00489063 0.05319824 -0.06045419
v -0.01442187 0.04520019 -0.07432138
v -0.01442187 0.04520019 -0.05850106
v -0.01473437 0.04328613 -0.07424325
v -0.01473437 0.04328613 -0.07424325
v -0.01442187 0.04520019 -0.05850106
v -0.01473437 0.04319824 -0.05850106
v -0.01473437 0.04328613 -0.07424325
v -0.01473437 0.04319824 -0.05850106
v -0.01489062 0.04253418 -0.07422372
v -0.01489062 0.04253418 -0.07422372
v -0.01473437 0.04319824 -0.05850106
v -0.01489062 0.04115723 -0.05850106
v -0.01489062 0.04253418 -0.07422372
v -0.01489062 0.04115723 -0.05850106
v -0.01489062 0.04104980 -0.07422372
v -0.01489062 0.04104980 -0.07422372
v -0.01489062 0.04115723 -0.05850106
v -0.01473437 0.04028808 -0.07424325
v -0.01473437 0.04028808 -0.07424325
v -0.01489062 0.04115723 -0.05850106
v -0.01457812 0.03913574 -0.05850106
v -0.01457812 0.03913574 -0.05850106
v -0.01442187 0.03876465 -0.07430185
v -0.01442187 0.03876465 -0.07430185
v -0.01457812 0.03913574 -0.05850106
v -0.01395312 0.03720215 -0.05850106
v -0.01442187 0.03876465 -0.07430185
v -0.01395312 0.03720215 -0.05850106
v -0.01395312 0.03720215 -0.07439950
v -0.01395312 0.03720215 -0.07439950
v -0.01395312 0.03720215 -0.05850106
v -0.01942188 0.03720215 -0.07320810
v -0.02489063 0.03720215 -0.07162606
v -0.03035938 0.03720215 -0.05850106
v -0.03004688 0.03720215 -0.06963388
v -0.03520312 0.03720215 -0.06727059
v -0.03489062 0.03720215 -0.05600106
v -0.04004687 0.03720215 -0.06451670
v -0.03910937 0.03720215 -0.05314950
v -0.04473437 0.03720215 -0.06141122
v -0.04317187 0.03720215 -0.04994638
v -0.04926562 0.03720215 -0.05797372
v -0.04707812 0.03720215 -0.04646981
v -0.05051562 0.03720215 -0.04268075
v -0.05332812 0.03720215 -0.05420419
v -0.05379687 0.03720215 -0.03863778
v -0.05723437 0.03720215 -0.05014169
v -0.05660937 0.03720215 -0.03434091
v -0.06082812 0.03720215 -0.04580575
v -0.05910937 0.03720215 -0.02984872
v -0.06410939 0.03720215 -0.04119638
v -0.06129687 0.03720215 -0.02516122
v -0.06692189 0.03720215 -0.03637216
v -0.06301562 0.03720215 -0.02031747
v -0.06957814 0.03720215 -0.03135263
v -0.06442189 0.03720215 -0.01535653
v -0.07160939 0.03720215 -0.02615731
v -0.07332814 0.03720215 -0.02080575
v -0.06551564 0.03720215 -0.01027841
v -0.07473439 0.03720215 -0.01535653
v -0.06614064 0.03720215 -0.00516122
v -0.07567189 0.03720215 -0.00980966
v -0.07614064 0.03720215 -0.00420419
v -0.06629689 0.03720215 -0.00000497
v -0.07629689 0.03720215 0.00142081
v -0.07598439 0.03720215 0.00702628
v -0.06614064 0.03720215 0.00515128
v -0.07520314 0.03720215 0.01259269
v -0.06551564 0.03720215 0.01028800
v -0.07410939 0.03720215 0.01810050
v -0.07254689 0.03720215 0.02351066
v -0.06442189 0.03720215 0.01534659
v -0.07067189 0.03720215 0.02878409
v -0.06301562 0.03720215 0.02030753
v -0.06832814 0.03720215 0.03390128
v -0.06129687 0.03720215 0.02515128
v -0.06551564 0.03720215 0.03882315
v -0.05910937 0.03720215 0.02983878
v -0.06254687 0.03720215 0.04353018
v -0.05660937 0.03720215 0.03433097
v -0.05910937 0.03720215 0.04800284
v -0.05379687 0.03720215 0.03862784
v -0.05535937 0.03720215 0.05222159
v -0.05051562 0.03720215 0.04267081
v -0.05129687 0.03720215 0.05612784
v -0.04707812 0.03720215 0.04645987
v -0.04707812 0.03720215 0.05974112
v -0.04317187 0.03720215 0.04995597
v -0.04239062 0.03720215 0.06300284
v -0.03910937 0.03720215 0.05313956
v -0.03770312 0.03720215 0.06593254
v -0.03489062 0.03720215 0.05599112
v -0.03270312 0.03720215 0.06849113
v -0.03035938 0.03720215 0.05849112
v -0.02176563 0.03720215 0.06849113
v -0.02176563 0.03720215 0.05849112
v -0.01442187 0.04520019 -0.07432138
v -0.01473437 0.04328613 -0.07424325
v -0.01989063 0.04520019 -0.07311045
v -0.01989063 0.04520019 -0.07311045
v -0.01473437 0.04328613 -0.07424325
v -0.01489062 0.04253418 -0.07422372
v -0.01489062 0.04253418 -0.07422372
v -0.01942188 0.03720215 -0.07320810
v -0.01489062 0.04104980 -0.07422372
v -0.01942188 0.03720215 -0.07320810
v -0.01489062 0.04104980 -0.07422372
v -0.01473437 0.04028808 -0.07424325
v -0.01473437 0.04028808 -0.07424325
v -0.01442187 0.03876465 -0.07430185
v -0.01942188 0.03720215 -0.07320810
v -0.01942188 0.03720215 -0.07320810
v -0.01442187 0.03876465 -0.07430185
v -0.01395312 0.03720215 -0.07439950
v -0.01942188 0.03720215 -0.07320810
v -0.02489063 0.03720215 -0.07162606
v -0.01989063 0.04520019 -0.07311045
v -0.01989063 0.04520019 -0.07311045
v -0.02489063 0.03720215 -0.07162606
v -0.02520313 0.04520019 -0.07148935
v -0.02520313 0.04520019 -0.07148935
v -0.02489063 0.03720215 -0.07162606
v -0.03004688 0.03720215 -0.06963388
v -0.02520313 0.04520019 -0.07148935
v -0.03004688 0.03720215 -0.06963388
v -0.03051563 0.04520019 -0.06947763
v -0.03051563 0.04520019 -0.06947763
v -0.03004688 0.03720215 -0.06963388
v -0.03520312 0.03720215 -0.06727059
v -0.03051563 0.04520019 -0.06947763
v -0.03520312 0.03720215 -0.06727059
v -0.03551562 0.04520019 -0.06707528
v -0.03551562 0.04520019 -0.06707528
v -0.03520312 0.03720215 -0.06727059
v -0.04004687 0.03720215 -0.06451670
v -0.04035937 0.04520019 -0.06432138
v -0.04035937 0.04520019 -0.06432138
v -0.04004687 0.03720215 -0.06451670
v -0.04473437 0.03720215 -0.06141122
v -0.04504687 0.04520019 -0.06119638
v -0.04504687 0.04520019 -0.06119638
v -0.04473437 0.03720215 -0.06141122
v -0.04926562 0.03720215 -0.05797372
v -0.04504687 0.04520019 -0.06119638
v -0.04926562 0.03720215 -0.05797372
v -0.04942187 0.04520019 -0.05773934
v -0.04942187 0.04520019 -0.05773934
v -0.04926562 0.03720215 -0.05797372
v -0.05332812 0.03720215 -0.05420419
v -0.04942187 0.04520019 -0.05773934
v -0.05332812 0.03720215 -0.05420419
v -0.05364062 0.04520019 -0.05396981
v -0.05364062 0.04520019 -0.05396981
v -0.05332812 0.03720215 -0.05420419
v -0.05723437 0.03720215 -0.05014169
v -0.05754687 0.04520019 -0.04988778
v -0.05754687 0.04520019 -0.04988778
v -0.05723437 0.03720215 -0.05014169
v -0.06082812 0.03720215 -0.04580575
v -0.05754687 0.04520019 -0.04988778
v -0.06082812 0.03720215 -0.04580575
v -0.06098437 0.04520019 -0.04555184
v -0.06098437 0.04520019 -0.04555184
v -0.06082812 0.03720215 -0.04580575
v -0.06410939 0.03720215 -0.04119638
v -0.06426564 0.04520019 -0.04094247
v -0.06426564 0.04520019 -0.04094247
v -0.06410939 0.03720215 -0.04119638
v -0.06692189 0.03720215 -0.03637216
v -0.06707814 0.04520019 -0.03611825
v -0.06707814 0.04520019 -0.03611825
v -0.06692189 0.03720215 -0.03637216
v -0.06957814 0.03720215 -0.03135263
v -0.06707814 0.04520019 -0.03611825
v -0.06957814 0.03720215 -0.03135263
v -0.06957814 0.04520019 -0.03109872
v -0.06957814 0.04520019 -0.03109872
v -0.06957814 0.03720215 -0.03135263
v -0.07160939 0.03720215 -0.02615731
v -0.06957814 0.04520019 -0.03109872
v -0.07160939 0.03720215 -0.02615731
v -0.07176564 0.04520019 -0.02590341
v -0.07176564 0.04520019 -0.02590341
v -0.07160939 0.03720215 -0.02615731
v -0.07332814 0.03720215 -0.02080575
v -0.07348439 0.04520019 -0.02057138
v -0.07348439 0.04520019 -0.02057138
v -0.07332814 0.03720215 -0.02080575
v -0.07473439 0.03720215 -0.01535653
v -0.07348439 0.04520019 -0.02057138
v -0.07473439 0.03720215 -0.01535653
v -0.07473439 0.04520019 -0.01512216
v -0.07473439 0.04520019 -0.01512216
v -0.07473439 0.03720215 -0.01535653
v -0.07567189 0.03720215 -0.00980966
v -0.07567189 0.04520019 -0.00959481
v -0.07567189 0.04520019 -0.00959481
v -0.07567189 0.03720215 -0.00980966
v -0.07614064 0.03720215 -0.00420419
v -0.07614064 0.04520019 -0.00400888
v -0.07614064 0.04520019 -0.00400888
v -0.07614064 0.03720215 -0.00420419
v -0.07629689 0.03720215 0.00142081
v -0.07629689 0.04520019 0.00161613
v -0.07629689 0.04520019 0.00161613
v -0.07629689 0.03720215 0.00142081
v -0.07598439 0.03720215 0.00702628
v -0.07598439 0.04520019 0.00720206
v -0.07598439 0.04520019 0.00720206
v -0.07598439 0.03720215 0.00702628
v -0.07520314 0.03720215 0.01259269
v -0.07520314 0.04520019 0.01276847
v -0.07520314 0.04520019 0.01276847
v -0.07520314 0.03720215 0.01259269
v -0.07410939 0.03720215 0.01810050
v -0.07520314 0.04520019 0.01276847
v -0.07410939 0.03720215 0.01810050
v -0.07410939 0.04520019 0.01825675
v -0.07410939 0.04520019 0.01825675
v -0.07410939 0.03720215 0.01810050
v -0.07254689 0.03720215 0.02351066
v -0.07410939 0.04520019 0.01825675
v -0.07254689 0.03720215 0.02351066
v -0.07254689 0.04520019 0.02364738
v -0.07254689 0.04520019 0.02364738
v -0.07254689 0.03720215 0.02351066
v -0.07067189 0.03720215 0.02878409
v -0.07254689 0.04520019 0.02364738
v -0.07067189 0.03720215 0.02878409
v -0.07051564 0.04520019 0.02890128
v -0.07051564 0.04520019 0.02890128
v -0.07067189 0.03720215 0.02878409
v -0.06832814 0.03720215 0.03390128
v -0.06817189 0.04520019 0.03399893
v -0.06817189 0.04520019 0.03399893
v -0.06832814 0.03720215 0.03390128
v -0.06551564 0.03720215 0.03882315
v -0.06817189 0.04520019 0.03399893
v -0.06551564 0.03720215 0.03882315
v -0.06551564 0.04520019 0.03892081
v -0.06551564 0.04520019 0.03892081
v -0.06551564 0.03720215 0.03882315
v -0.06254687 0.03720215 0.04353018
v -0.06551564 0.04520019 0.03892081
v -0.06254687 0.03720215 0.04353018
v -0.06239062 0.04520019 0.04360831
v -0.06239062 0.04520019 0.04360831
v -0.06254687 0.03720215 0.04353018
v -0.05910937 0.03720215 0.04800284
v -0.06239062 0.04520019 0.04360831
v -0.05910937 0.03720215 0.04800284
v -0.05910937 0.04520019 0.04808097
v -0.05910937 0.04520019 0.04808097
v -0.05910937 0.03720215 0.04800284
v -0.05535937 0.03720215 0.05222159
v -0.05910937 0.04520019 0.04808097
v -0.05535937 0.03720215 0.05222159
v -0.05535937 0.04520019 0.05226065
v -0.05535937 0.04520019 0.05226065
v -0.05535937 0.03720215 0.05222159
v -0.05129687 0.03720215 0.05612784
v -0.05129687 0.04520019 0.05616690
v -0.05129687 0.04520019 0.05616690
v -0.05129687 0.03720215 0.05612784
v -0.04707812 0.03720215 0.05974112
v -0.05129687 0.04520019 0.05616690
v -0.04707812 0.03720215 0.05974112
v -0.04692187 0.04520019 0.05976065
v -0.04692187 0.04520019 0.05976065
v -0.04707812 0.03720215 0.05974112
v -0.04239062 0.03720215 0.06300284
v -0.04692187 0.04520019 0.05976065
v -0.04239062 0.03720215 0.06300284
v -0.04239062 0.04520019 0.06302237
v -0.04239062 0.04520019 0.06302237
v -0.04239062 0.03720215 0.06300284
v -0.03770312 0.03720215 0.06593254
v -0.03770312 0.04520019 0.06593254
v -0.03770312 0.04520019 0.06593254
v -0.03770312 0.03720215 0.06593254
v -0.03270312 0.03720215 0.06849113
v -0.03270312 0.04520019 0.06849113
v 0.07214064 -0.00436035 -0.06787606
v 0.07214064 -0.00350098 -0.06850106
v 0.06807814 -0.00410645 -0.06578622
v 0.06807814 -0.00410645 -0.06578622
v 0.07214064 -0.00350098 -0.06850106
v 0.07104689 -0.00235840 -0.06850106
v 0.06807814 -0.00410645 -0.06578622
v 0.07104689 -0.00235840 -0.06850106
v 0.06760939 -0.00224121 -0.06668467
v 0.06760939 -0.00224121 -0.06668467
v 0.07104689 -0.00235840 -0.06850106
v 0.07010939 -0.00111816 -0.06850106
v 0.06760939 -0.00224121 -0.06668467
v 0.07010939 -0.00111816 -0.06850106
v 0.06729689 -0.00020996 -0.06723153
v 0.06729689 -0.00020996 -0.06723153
v 0.07010939 -0.00111816 -0.06850106
v 0.06948439 0.00033691 -0.06850106
v 0.06729689 -0.00020996 -0.06723153
v 0.06948439 0.00033691 -0.06850106
v 0.06932814 0.00110840 -0.06850106
v 0.06729689 -0.00020996 -0.06723153
v 0.06932814 0.00110840 -0.06850106
v 0.06714064 0.00189941 -0.06740731
v 0.06714064 0.00189941 -0.06740731
v 0.06932814 0.00110840 -0.06850106
v 0.06932814 0.00189941 -0.06850106
v 0.06932814 0.00269043 -0.06850106
v 0.06714064 0.00189941 -0.06740731
v 0.06932814 0.00269043 -0.06850106
v 0.06729689 0.00400879 -0.06723153
v 0.06729689 0.00400879 -0.06723153
v 0.06932814 0.00269043 -0.06850106
v 0.06948439 0.00346191 -0.06850106
v 0.06729689 0.00400879 -0.06723153
v 0.06948439 0.00346191 -0.06850106
v 0.07010939 0.00490723 -0.06850106
v 0.06729689 0.00400879 -0.06723153
v 0.07010939 0.00490723 -0.06850106
v 0.06760939 0.00603027 -0.06668467
v 0.06760939 0.00603027 -0.06668467
v 0.07010939 0.00490723 -0.06850106
v 0.07104689 0.00614746 -0.06850106
v 0.06760939 0.00603027 -0.06668467
v 0.07104689 0.00614746 -0.06850106
v 0.06807814 0.00790527 -0.06578622
v 0.06807814 0.00790527 -0.06578622
v 0.07104689 0.00614746 -0.06850106
v 0.07214064 0.00729981 -0.06850106
v 0.06807814 0.00790527 -0.06578622
v 0.07214064 0.00729981 -0.06850106
v 0.07214064 0.00876465 -0.06732920
v 0.06807814 0.00790527 -0.06578622
v 0.07214064 0.00876465 -0.06732920
v 0.06854689 0.00953613 -0.06459481
v 0.06854689 0.00953613 -0.06459481
v 0.07214064 0.00876465 -0.06732920
v 0.07214064 0.00953613 -0.06650888
v 0.06854689 0.00953613 -0.06459481
v 0.07214064 0.00953613 -0.06650888
v 0.07214064 0.01023926 -0.06562997
v 0.06854689 0.00953613 -0.06459481
v 0.07214064 0.01023926 -0.06562997
v 0.06932814 0.01088379 -0.06312997
v 0.06932814 0.01088379 -0.06312997
v 0.07214064 0.01023926 -0.06562997
v 0.07214064 0.01088379 -0.06463388
v 0.06932814 0.01088379 -0.06312997
v 0.07214064 0.01088379 -0.06463388
v 0.07214064 0.01143066 -0.06357919
v 0.06932814 0.01088379 -0.06312997
v 0.07214064 0.01143066 -0.06357919
v 0.07026564 0.01187988 -0.06146981
v 0.07026564 0.01187988 -0.06146981
v 0.07214064 0.01143066 -0.06357919
v 0.07214064 0.01222168 -0.06143075
v 0.07026564 0.01187988 -0.06146981
v 0.07214064 0.01222168 -0.06143075
v 0.07120314 0.01249512 -0.05965341
v 0.07120314 0.01249512 -0.05965341
v 0.07214064 0.01222168 -0.06143075
v 0.07214064 0.01258301 -0.05961434
v 0.07120314 0.01249512 -0.05965341
v 0.07214064 0.01258301 -0.05961434
v 0.07214064 0.01269043 -0.05840341
v 0.07214064 0.01269043 -0.05725106
v 0.07214064 0.01270020 -0.05777841
v 0.07214064 0.01269043 -0.05840341
v 0.07214064 0.01269043 -0.05840341
v 0.07214064 0.01270020 -0.05777841
v 0.06714064 0.01270020 -0.05541513
v 0.07214064 0.01269043 -0.05840341
v 0.06714064 0.01270020 -0.05541513
v 0.06620314 0.01249512 -0.05736825
v 0.06620314 0.01249512 -0.05736825
v 0.06714064 0.01270020 -0.05541513
v 0.06120312 0.01249512 -0.05537606
v 0.06620314 0.01249512 -0.05736825
v 0.06120312 0.01249512 -0.05537606
v 0.06057812 0.01187988 -0.05727059
v 0.06057812 0.01187988 -0.05727059
v 0.06120312 0.01249512 -0.05537606
v 0.05557812 0.01187988 -0.05562997
v 0.06057812 0.01187988 -0.05727059
v 0.05557812 0.01187988 -0.05562997
v 0.05495312 0.01088379 -0.05742684
v 0.05495312 0.01088379 -0.05742684
v 0.05557812 0.01187988 -0.05562997
v 0.04995312 0.01088379 -0.05613778
v 0.05495312 0.01088379 -0.05742684
v 0.04995312 0.01088379 -0.05613778
v 0.04964062 0.00953613 -0.05773934
v 0.04964062 0.00953613 -0.05773934
v 0.04995312 0.01088379 -0.05613778
v 0.04464062 0.00953613 -0.05678231
v 0.04964062 0.00953613 -0.05773934
v 0.04464062 0.00953613 -0.05678231
v 0.04448437 0.00790527 -0.05811044
v 0.04448437 0.00790527 -0.05811044
v 0.04464062 0.00953613 -0.05678231
v 0.03964062 0.00790527 -0.05746591
v 0.04448437 0.00790527 -0.05811044
v 0.03964062 0.00790527 -0.05746591
v 0.03948437 0.00603027 -0.05846200
v 0.03948437 0.00603027 -0.05846200
v 0.03964062 0.00790527 -0.05746591
v 0.03464062 0.00603027 -0.05814950
v 0.03948437 0.00603027 -0.05846200
v 0.03464062 0.00603027 -0.05814950
v 0.03448437 0.00400879 -0.05875497
v 0.03448437 0.00400879 -0.05875497
v 0.03464062 0.00603027 -0.05814950
v 0.02964063 0.00400879 -0.05873544
v 0.03448437 0.00400879 -0.05875497
v 0.02964063 0.00400879 -0.05873544
v 0.02964063 0.00189941 -0.05895028
v 0.02964063 0.00189941 -0.05895028
v 0.02964063 0.00400879 -0.05873544
v 0.02479688 0.00189941 -0.05924325
v 0.02964063 0.00189941 -0.05895028
v 0.02479688 0.00189941 -0.05924325
v 0.02479688 -0.00020996 -0.05902841
v 0.02479688 -0.00020996 -0.05902841
v 0.02479688 0.00189941 -0.05924325
v 0.01995313 -0.00020996 -0.05961434
v 0.02479688 -0.00020996 -0.05902841
v 0.01995313 -0.00020996 -0.05961434
v 0.01995313 -0.00224121 -0.05900888
v 0.01995313 -0.00224121 -0.05900888
v 0.01995313 -0.00020996 -0.05961434
v 0.01510937 -0.00224121 -0.05990731
v 0.01995313 -0.00224121 -0.05900888
v 0.01510937 -0.00224121 -0.05990731
v 0.01479687 -0.00410645 -0.05893075
v 0.01479687 -0.00410645 -0.05893075
v 0.01510937 -0.00224121 -0.05990731
v 0.01010937 -0.00410645 -0.06014169
v 0.01479687 -0.00410645 -0.05893075
v 0.01010937 -0.00410645 -0.06014169
v 0.00964063 -0.00574707 -0.05885263
v 0.00964063 -0.00574707 -0.05885263
v 0.01010937 -0.00410645 -0.06014169
v 0.00479688 -0.00574707 -0.06039559
v 0.00964063 -0.00574707 -0.05885263
v 0.00479688 -0.00574707 -0.06039559
v 0.00432813 -0.00708496 -0.05885263
v 0.00432813 -0.00708496 -0.05885263
v 0.00479688 -0.00574707 -0.06039559
v -0.00051563 -0.00708496 -0.06070809
v 0.00432813 -0.00708496 -0.05885263
v -0.00051563 -0.00708496 -0.06070809
v -0.00114063 -0.00809082 -0.05898934
v -0.00114063 -0.00809082 -0.05898934
v -0.00051563 -0.00708496 -0.06070809
v -0.00598438 -0.00809082 -0.06121591
v -0.00114063 -0.00809082 -0.05898934
v -0.00598438 -0.00809082 -0.06121591
v -0.00692188 -0.00870606 -0.05939950
v -0.00692188 -0.00870606 -0.05939950
v -0.00598438 -0.00809082 -0.06121591
v -0.01160937 -0.00870606 -0.06197763
v -0.00692188 -0.00870606 -0.05939950
v -0.01160937 -0.00870606 -0.06197763
v -0.01270312 -0.00891113 -0.06014169
v -0.01739063 -0.00891113 -0.06307138
v -0.01270312 -0.00891113 -0.06014169
v -0.01739063 -0.00891113 -0.06307138
v -0.01864063 -0.00870606 -0.06133309
v -0.01864063 -0.00870606 -0.06133309
v -0.01739063 -0.00891113 -0.06307138
v -0.02317188 -0.00870606 -0.06461434
v -0.01864063 -0.00870606 -0.06133309
v -0.02317188 -0.00870606 -0.06461434
v -0.02442188 -0.00809082 -0.06301278
v -0.02442188 -0.00809082 -0.06301278
v -0.02317188 -0.00870606 -0.06461434
v -0.02895313 -0.00809082 -0.06666513
v -0.02442188 -0.00809082 -0.06301278
v -0.02895313 -0.00809082 -0.06666513
v -0.03004688 -0.00708496 -0.06525888
v -0.03004688 -0.00708496 -0.06525888
v -0.02895313 -0.00809082 -0.06666513
v -0.03270312 -0.00752441 -0.06850106
v -0.03004688 -0.00708496 -0.06525888
v -0.03270312 -0.00752441 -0.06850106
v -0.03379687 -0.00676270 -0.06797372
v 0.07214064 0.01270020 -0.05777841
v 0.07214064 0.01269043 -0.05725106
v 0.06714064 0.01270020 -0.05541513
v 0.06714064 0.01270020 -0.05541513
v 0.07214064 0.01269043 -0.05725106
v 0.07214064 0.01258301 -0.05604013
v 0.06792189 0.01249512 -0.05348153
v 0.06792189 0.01249512 -0.05348153
v 0.07214064 0.01258301 -0.05604013
v 0.07214064 0.01236816 -0.05482919
v 0.06792189 0.01249512 -0.05348153
v 0.07214064 0.01236816 -0.05482919
v 0.07214064 0.01204590 -0.05367684
v 0.06870314 0.01187988 -0.05162606
v 0.06870314 0.01187988 -0.05162606
v 0.07214064 0.01204590 -0.05367684
v 0.07214064 0.01168457 -0.05270028
v 0.06870314 0.01187988 -0.05162606
v 0.07214064 0.01168457 -0.05270028
v 0.07214064 0.01116699 -0.05162606
v 0.06870314 0.01187988 -0.05162606
v 0.07214064 0.01116699 -0.05162606
v 0.06948439 0.01088379 -0.04990731
v 0.06948439 0.01088379 -0.04990731
v 0.07214064 0.01116699 -0.05162606
v 0.07214064 0.01023926 -0.05018075
v 0.06948439 0.01088379 -0.04990731
v 0.07214064 0.01023926 -0.05018075
v 0.07010939 0.00953613 -0.04842294
v 0.07010939 0.00953613 -0.04842294
v 0.07214064 0.01023926 -0.05018075
v 0.07214064 0.00917481 -0.04893075
v 0.07010939 0.00953613 -0.04842294
v 0.07214064 0.00917481 -0.04893075
v 0.07073439 0.00790527 -0.04717294
v 0.07073439 0.00790527 -0.04717294
v 0.07214064 0.00917481 -0.04893075
v 0.07214064 0.00789551 -0.04783700
v 0.07073439 0.00790527 -0.04717294
v 0.07214064 0.00789551 -0.04783700
v 0.07214064 0.00646973 -0.04695809
v 0.07073439 0.00790527 -0.04717294
v 0.07214064 0.00646973 -0.04695809
v 0.07104689 0.00603027 -0.04627450
v 0.07104689 0.00603027 -0.04627450
v 0.07214064 0.00646973 -0.04695809
v 0.07214064 0.00502441 -0.04635263
v 0.07104689 0.00603027 -0.04627450
v 0.07214064 0.00502441 -0.04635263
v 0.07135939 0.00400879 -0.04570809
v 0.07135939 0.00400879 -0.04570809
v 0.07214064 0.00502441 -0.04635263
v 0.07214064 0.00346191 -0.04598153
v 0.07135939 0.00400879 -0.04570809
v 0.07214064 0.00346191 -0.04598153
v 0.07135939 0.00189941 -0.04551278
v 0.07135939 0.00189941 -0.04551278
v 0.07214064 0.00346191 -0.04598153
v 0.07214064 0.00189941 -0.04584481
v 0.07135939 0.00189941 -0.04551278
v 0.07214064 0.00189941 -0.04584481
v 0.07214064 0.00037598 -0.04596200
v 0.07135939 0.00189941 -0.04551278
v 0.07214064 0.00037598 -0.04596200
v 0.07135939 -0.00020996 -0.04570809
v 0.07135939 -0.00020996 -0.04570809
v 0.07214064 0.00037598 -0.04596200
v 0.07214064 -0.00115723 -0.04633309
v 0.07135939 -0.00020996 -0.04570809
v 0.07214064 -0.00115723 -0.04633309
v 0.07104689 -0.00224121 -0.04627450
v 0.07104689 -0.00224121 -0.04627450
v 0.07214064 -0.00115723 -0.04633309
v 0.07214064 -0.00256348 -0.04689950
v 0.07104689 -0.00224121 -0.04627450
v 0.07214064 -0.00256348 -0.04689950
v 0.07073439 -0.00410645 -0.04717294
v 0.07073439 -0.00410645 -0.04717294
v 0.07214064 -0.00256348 -0.04689950
v 0.07214064 -0.00396973 -0.04773934
v 0.07073439 -0.00410645 -0.04717294
v 0.07214064 -0.00396973 -0.04773934
v 0.07214064 -0.00522949 -0.04879403
v 0.07073439 -0.00410645 -0.04717294
v 0.07214064 -0.00522949 -0.04879403
v 0.07010939 -0.00574707 -0.04842294
v 0.07010939 -0.00574707 -0.04842294
v 0.07214064 -0.00522949 -0.04879403
v 0.07214064 -0.00632324 -0.05000497
v 0.07010939 -0.00574707 -0.04842294
v 0.07214064 -0.00632324 -0.05000497
v 0.06948439 -0.00708496 -0.04990731
v 0.06948439 -0.00708496 -0.04990731
v 0.07214064 -0.00632324 -0.05000497
v 0.07214064 -0.00729004 -0.05146981
v 0.06948439 -0.00708496 -0.04990731
v 0.07214064 -0.00729004 -0.05146981
v 0.06870314 -0.00809082 -0.05162606
v 0.07214064 -0.00788574 -0.05270028
v 0.06870314 -0.00809082 -0.05162606
v 0.07214064 -0.00788574 -0.05270028
v 0.07214064 -0.00855957 -0.05477059
v 0.06870314 -0.00809082 -0.05162606
v 0.07214064 -0.00855957 -0.05477059
v 0.06792189 -0.00870606 -0.05348153
v 0.06792189 -0.00870606 -0.05348153
v 0.07214064 -0.00855957 -0.05477059
v 0.07214064 -0.00878418 -0.05600106
v 0.06792189 -0.00870606 -0.05348153
v 0.07214064 -0.00878418 -0.05600106
v 0.06714064 -0.00891113 -0.05541513
v 0.06714064 -0.00891113 -0.05541513
v 0.07214064 -0.00878418 -0.05600106
v 0.07214064 -0.00890137 -0.05723153
v 0.06714064 -0.00891113 -0.05541513
v 0.07214064 -0.00890137 -0.05723153
v 0.07214064 -0.00891113 -0.05777841
v 0.07214064 -0.00891113 -0.05777841
v 0.07214064 -0.00890137 -0.05723153
v 0.07214064 -0.00889160 -0.05842294
v 0.07214064 -0.00891113 -0.05777841
v 0.07214064 -0.00889160 -0.05842294
v 0.06714064 -0.00891113 -0.05541513
v 0.06714064 -0.00891113 -0.05541513
v 0.07214064 -0.00889160 -0.05842294
v 0.06620314 -0.00870606 -0.05736825
v 0.06714064 -0.00891113 -0.05541513
v 0.06620314 -0.00870606 -0.05736825
v 0.06198437 -0.00891113 -0.05338388
v 0.06198437 -0.00891113 -0.05338388
v 0.06620314 -0.00870606 -0.05736825
v 0.06120312 -0.00870606 -0.05537606
v 0.06120312 -0.00870606 -0.05537606
v 0.05667187 -0.00891113 -0.05166513
v 0.05604687 -0.00870606 -0.05369638
v 0.05667187 -0.00891113 -0.05166513
v 0.05604687 -0.00870606 -0.05369638
v 0.05135937 -0.00891113 -0.05027841
v 0.05089062 -0.00870606 -0.05234872
v 0.04589062 -0.00891113 -0.04924325
v 0.04589062 -0.00891113 -0.04924325
v 0.05089062 -0.00870606 -0.05234872
v 0.04557812 -0.00870606 -0.05131356
v 0.04589062 -0.00891113 -0.04924325
v 0.04557812 -0.00870606 -0.05131356
v 0.04042187 -0.00891113 -0.04852059
v 0.04026562 -0.00870606 -0.05062997
v 0.03495312 -0.00891113 -0.04816903
v 0.03479687 -0.00870606 -0.05027841
v 0.03495312 -0.00891113 -0.04816903
v 0.03479687 -0.00870606 -0.05027841
v 0.02932813 -0.00891113 -0.04814950
v 0.02948438 -0.00870606 -0.05025888
v 0.02932813 -0.00891113 -0.04814950
v 0.02948438 -0.00870606 -0.05025888
v 0.02385938 -0.00891113 -0.04848153
v 0.02401563 -0.00870606 -0.05057138
v 0.01839063 -0.00891113 -0.04914559
v 0.01870313 -0.00870606 -0.05123544
v 0.01839063 -0.00891113 -0.04914559
v 0.01870313 -0.00870606 -0.05123544
v 0.01292187 -0.00891113 -0.05016122
v 0.01339062 -0.00870606 -0.05221200
v 0.01292187 -0.00891113 -0.05016122
v 0.01339062 -0.00870606 -0.05221200
v 0.00760938 -0.00891113 -0.05150888
v 0.00823438 -0.00870606 -0.05354013
v 0.00760938 -0.00891113 -0.05150888
v 0.00823438 -0.00870606 -0.05354013
v 0.00229688 -0.00891113 -0.05318856
v 0.00307813 -0.00870606 -0.05518075
v -0.00285938 -0.00891113 -0.05520028
v -0.00207813 -0.00870606 -0.05713388
v -0.00285938 -0.00891113 -0.05520028
v -0.00207813 -0.00870606 -0.05713388
v -0.00785938 -0.00891113 -0.05752450
v -0.00692188 -0.00870606 -0.05939950
v -0.00785938 -0.00891113 -0.05752450
v -0.00692188 -0.00870606 -0.05939950
v -0.01270312 -0.00891113 -0.06014169
v 0.06620314 -0.00870606 -0.05736825
v 0.07214064 -0.00889160 -0.05842294
v 0.07120314 -0.00870606 -0.05965341
v 0.07120314 -0.00870606 -0.05965341
v 0.07214064 -0.00889160 -0.05842294
v 0.07214064 -0.00878418 -0.05967294
v 0.07120314 -0.00870606 -0.05965341
v 0.07214064 -0.00878418 -0.05967294
v 0.07214064 -0.00839356 -0.06154794
v 0.07120314 -0.00870606 -0.05965341
v 0.07214064 -0.00839356 -0.06154794
v 0.07026564 -0.00809082 -0.06146981
v 0.07026564 -0.00809082 -0.06146981
v 0.07214064 -0.00839356 -0.06154794
v 0.07214064 -0.00779785 -0.06322763
v 0.07026564 -0.00809082 -0.06146981
v 0.07214064 -0.00779785 -0.06322763
v 0.06932814 -0.00708496 -0.06312997
v 0.06932814 -0.00708496 -0.06312997
v 0.07214064 -0.00779785 -0.06322763
v 0.07214064 -0.00727051 -0.06430184
v 0.06932814 -0.00708496 -0.06312997
v 0.07214064 -0.00727051 -0.06430184
v 0.07214064 -0.00663574 -0.06535653
v 0.06932814 -0.00708496 -0.06312997
v 0.07214064 -0.00663574 -0.06535653
v 0.06854689 -0.00574707 -0.06459481
v 0.06854689 -0.00574707 -0.06459481
v 0.07214064 -0.00663574 -0.06535653
v 0.07214064 -0.00591309 -0.06631356
v 0.06854689 -0.00574707 -0.06459481
v 0.07214064 -0.00591309 -0.06631356
v 0.07214064 -0.00517090 -0.06713388
v 0.06854689 -0.00574707 -0.06459481
v 0.07214064 -0.00517090 -0.06713388
v 0.06807814 -0.00410645 -0.06578622
v 0.06807814 -0.00410645 -0.06578622
v 0.07214064 -0.00517090 -0.06713388
v 0.07214064 -0.00436035 -0.06787606
v -0.03082813 0.01191895 -0.06850106
v -0.02895313 0.01187988 -0.06666513
v -0.03270312 0.01132324 -0.06850106
v -0.03270312 0.01132324 -0.06850106
v -0.02895313 0.01187988 -0.06666513
v -0.03004688 0.01088379 -0.06525888
v -0.03270312 0.01132324 -0.06850106
v -0.03004688 0.01088379 -0.06525888
v -0.03379687 0.01057129 -0.06797372
v -0.03379687 0.01057129 -0.06797372
v -0.03004688 0.01088379 -0.06525888
v -0.03114063 0.00953613 -0.06402841
v -0.03379687 0.01057129 -0.06797372
v -0.03114063 0.00953613 -0.06402841
v -0.03473437 0.00967285 -0.06746592
v -0.03473437 0.00967285 -0.06746592
v -0.03114063 0.00953613 -0.06402841
v -0.03567187 0.00863770 -0.06701670
v -0.03567187 0.00863770 -0.06701670
v -0.03114063 0.00953613 -0.06402841
v -0.03207812 0.00790527 -0.06301278
v -0.03567187 0.00863770 -0.06701670
v -0.03207812 0.00790527 -0.06301278
v -0.03645312 0.00746582 -0.06662606
v -0.03645312 0.00746582 -0.06662606
v -0.03207812 0.00790527 -0.06301278
v -0.03270312 0.00603027 -0.06225106
v -0.03707812 0.00618652 -0.06629403
v -0.03707812 0.00618652 -0.06629403
v -0.03270312 0.00603027 -0.06225106
v -0.03739062 0.00481934 -0.06604013
v -0.03739062 0.00481934 -0.06604013
v -0.03270312 0.00603027 -0.06225106
v -0.03317187 0.00400879 -0.06178231
v -0.03739062 0.00481934 -0.06604013
v -0.03317187 0.00400879 -0.06178231
v -0.03770312 0.00340332 -0.06590341
v -0.03770312 0.00340332 -0.06590341
v -0.03317187 0.00400879 -0.06178231
v -0.03332812 0.00189941 -0.06162606
v -0.03785937 0.00194824 -0.06584481
v -0.03785937 0.00194824 -0.06584481
v -0.03332812 0.00189941 -0.06162606
v -0.03770312 0.00049316 -0.06588388
v -0.03770312 0.00049316 -0.06588388
v -0.03332812 0.00189941 -0.06162606
v -0.03317187 -0.00020996 -0.06178231
v -0.03770312 0.00049316 -0.06588388
v -0.03317187 -0.00020996 -0.06178231
v -0.03754687 -0.00093262 -0.06604013
v -0.03754687 -0.00093262 -0.06604013
v -0.03317187 -0.00020996 -0.06178231
v -0.03270312 -0.00224121 -0.06225106
v -0.03754687 -0.00093262 -0.06604013
v -0.03270312 -0.00224121 -0.06225106
v -0.03707812 -0.00229981 -0.06627450
v -0.03707812 -0.00229981 -0.06627450
v -0.03270312 -0.00224121 -0.06225106
v -0.03645312 -0.00359863 -0.06660653
v -0.03645312 -0.00359863 -0.06660653
v -0.03270312 -0.00224121 -0.06225106
v -0.03207812 -0.00410645 -0.06301278
v -0.03645312 -0.00359863 -0.06660653
v -0.03207812 -0.00410645 -0.06301278
v -0.03567187 -0.00478027 -0.06699717
v -0.03567187 -0.00478027 -0.06699717
v -0.03207812 -0.00410645 -0.06301278
v -0.03114063 -0.00574707 -0.06402841
v -0.03567187 -0.00478027 -0.06699717
v -0.03114063 -0.00574707 -0.06402841
v -0.03473437 -0.00584473 -0.06746592
v -0.03473437 -0.00584473 -0.06746592
v -0.03114063 -0.00574707 -0.06402841
v -0.03379687 -0.00676270 -0.06797372
v -0.03379687 -0.00676270 -0.06797372
v -0.03114063 -0.00574707 -0.06402841
v -0.03004688 -0.00708496 -0.06525888
v -0.03082813 0.01191895 -0.06850106
v -0.02879688 0.01233887 -0.06850106
v -0.02895313 0.01187988 -0.06666513
v -0.02895313 0.01187988 -0.06666513
v -0.02879688 0.01233887 -0.06850106
v -0.02754688 0.01249512 -0.06820809
v -0.02895313 0.01187988 -0.06666513
v -0.02754688 0.01249512 -0.06820809
v -0.02442188 0.01187988 -0.06301278
v -0.02317188 0.01249512 -0.06461434
v -0.02442188 0.01187988 -0.06301278
v -0.02317188 0.01249512 -0.06461434
v -0.01973438 0.01187988 -0.05965341
v -0.01864063 0.01249512 -0.06133309
v -0.01973438 0.01187988 -0.05965341
v -0.01864063 0.01249512 -0.06133309
v -0.01473437 0.01187988 -0.05656747
v -0.01473437 0.01187988 -0.05656747
v -0.01864063 0.01249512 -0.06133309
v -0.01379687 0.01249512 -0.05832528
v -0.01473437 0.01187988 -0.05656747
v -0.01379687 0.01249512 -0.05832528
v -0.00973438 0.01187988 -0.05381356
v -0.00973438 0.01187988 -0.05381356
v -0.01379687 0.01249512 -0.05832528
v -0.00879688 0.01249512 -0.05562997
v -0.00973438 0.01187988 -0.05381356
v -0.00879688 0.01249512 -0.05562997
v -0.00442188 0.01187988 -0.05139169
v -0.00442188 0.01187988 -0.05139169
v -0.00879688 0.01249512 -0.05562997
v -0.00364063 0.01249512 -0.05324716
v -0.00442188 0.01187988 -0.05139169
v -0.00364063 0.01249512 -0.05324716
v 0.00089063 0.01187988 -0.04928231
v 0.00089063 0.01187988 -0.04928231
v -0.00364063 0.01249512 -0.05324716
v 0.00167188 0.01249512 -0.05119638
v 0.00089063 0.01187988 -0.04928231
v 0.00167188 0.01249512 -0.05119638
v 0.00651563 0.01187988 -0.04752450
v 0.00651563 0.01187988 -0.04752450
v 0.00167188 0.01249512 -0.05119638
v 0.00698438 0.01249512 -0.04947763
v 0.00651563 0.01187988 -0.04752450
v 0.00698438 0.01249512 -0.04947763
v 0.01198437 0.01187988 -0.04611825
v 0.01245312 0.01249512 -0.04809091
v 0.01198437 0.01187988 -0.04611825
v 0.01245312 0.01249512 -0.04809091
v 0.01776563 0.01187988 -0.04506356
v 0.01807813 0.01249512 -0.04705575
v 0.01776563 0.01187988 -0.04506356
v 0.01807813 0.01249512 -0.04705575
v 0.02354688 0.01187988 -0.04436044
v 0.02370313 0.01249512 -0.04637216
v 0.02354688 0.01187988 -0.04436044
v 0.02370313 0.01249512 -0.04637216
v 0.02932813 0.01187988 -0.04400888
v 0.02932813 0.01249512 -0.04604013
v 0.02932813 0.01187988 -0.04400888
v 0.02932813 0.01249512 -0.04604013
v 0.03510937 0.01187988 -0.04402841
v 0.03495312 0.01249512 -0.04605966
v 0.03510937 0.01187988 -0.04402841
v 0.03495312 0.01249512 -0.04605966
v 0.04089062 0.01187988 -0.04441903
v 0.04057812 0.01249512 -0.04643075
v 0.04089062 0.01187988 -0.04441903
v 0.04057812 0.01249512 -0.04643075
v 0.04651562 0.01187988 -0.04514169
v 0.04620312 0.01249512 -0.04715341
v 0.04651562 0.01187988 -0.04514169
v 0.04620312 0.01249512 -0.04715341
v 0.05229687 0.01187988 -0.04625497
v 0.05229687 0.01187988 -0.04625497
v 0.04620312 0.01249512 -0.04715341
v 0.05182812 0.01249512 -0.04822763
v 0.05229687 0.01187988 -0.04625497
v 0.05182812 0.01249512 -0.04822763
v 0.05792187 0.01187988 -0.04770028
v 0.05729687 0.01249512 -0.04963388
v 0.05792187 0.01187988 -0.04770028
v 0.05729687 0.01249512 -0.04963388
v 0.06339062 0.01187988 -0.04949716
v 0.06339062 0.01187988 -0.04949716
v 0.05729687 0.01249512 -0.04963388
v 0.06260937 0.01249512 -0.05139169
v 0.06339062 0.01187988 -0.04949716
v 0.06260937 0.01249512 -0.05139169
v -0.02879688 0.01233887 -0.06850106
v -0.02676563 0.01260254 -0.06850106
v -0.02754688 0.01249512 -0.06820809
v -0.02754688 0.01249512 -0.06820809
v -0.02676563 0.01260254 -0.06850106
v -0.02317188 0.01249512 -0.06461434
v -0.02676563 0.01260254 -0.06850106
v -0.02489063 0.01270020 -0.06850106
v -0.02317188 0.01249512 -0.06461434
v -0.02317188 0.01249512 -0.06461434
v -0.02489063 0.01270020 -0.06850106
v -0.02192188 0.01270020 -0.06629403
v -0.01864063 0.01249512 -0.06133309
v -0.01739063 0.01270020 -0.06307138
v -0.01864063 0.01249512 -0.06133309
v -0.01739063 0.01270020 -0.06307138
v -0.01379687 0.01249512 -0.05832528
v -0.01270312 0.01270020 -0.06014169
v -0.00879688 0.01249512 -0.05562997
v -0.00879688 0.01249512 -0.05562997
v -0.01270312 0.01270020 -0.06014169
v -0.00785938 0.01270020 -0.05752450
v -0.00879688 0.01249512 -0.05562997
v -0.00785938 0.01270020 -0.05752450
v -0.00364063 0.01249512 -0.05324716
v -0.00285938 0.01270020 -0.05520028
v -0.00364063 0.01249512 -0.05324716
v -0.00285938 0.01270020 -0.05520028
v 0.00167188 0.01249512 -0.05119638
v 0.00167188 0.01249512 -0.05119638
v 0.00229688 0.01270020 -0.05318856
v 0.00229688 0.01270020 -0.05318856
v 0.00698438 0.01249512 -0.04947763
v 0.00760938 0.01270020 -0.05150888
v 0.00698438 0.01249512 -0.04947763
v 0.00760938 0.01270020 -0.05150888
v 0.01245312 0.01249512 -0.04809091
v 0.01292187 0.01270020 -0.05016122
v 0.01807813 0.01249512 -0.04705575
v 0.01807813 0.01249512 -0.04705575
v 0.01292187 0.01270020 -0.05016122
v 0.01839063 0.01270020 -0.04914559
v 0.01807813 0.01249512 -0.04705575
v 0.01839063 0.01270020 -0.04914559
v 0.02370313 0.01249512 -0.04637216
v 0.02385938 0.01270020 -0.04848153
v 0.02932813 0.01249512 -0.04604013
v 0.02932813 0.01270020 -0.04814950
v 0.02932813 0.01249512 -0.04604013
v 0.02932813 0.01270020 -0.04814950
v 0.03495312 0.01249512 -0.04605966
v 0.03495312 0.01270020 -0.04816903
v 0.03495312 0.01249512 -0.04605966
v 0.03495312 0.01270020 -0.04816903
v 0.04057812 0.01249512 -0.04643075
v 0.04042187 0.01270020 -0.04852059
v 0.04620312 0.01249512 -0.04715341
v 0.04589062 0.01270020 -0.04924325
v 0.04620312 0.01249512 -0.04715341
v 0.04589062 0.01270020 -0.04924325
v 0.05182812 0.01249512 -0.04822763
v 0.05182812 0.01249512 -0.04822763
v 0.04589062 0.01270020 -0.04924325
v 0.05135937 0.01270020 -0.05027841
v 0.05135937 0.01270020 -0.05027841
v 0.05729687 0.01249512 -0.04963388
v 0.05667187 0.01270020 -0.05166513
v 0.05729687 0.01249512 -0.04963388
v 0.05667187 0.01270020 -0.05166513
v 0.06260937 0.01249512 -0.05139169
v 0.06198437 0.01270020 -0.05338388
v 0.06260937 0.01249512 -0.05139169
v 0.06198437 0.01270020 -0.05338388
v 0.06792189 0.01249512 -0.05348153
v 0.06714064 0.01270020 -0.05541513
v -0.02489063 0.01270020 -0.06850106
v -0.02285938 0.01264160 -0.06850106
v -0.02192188 0.01270020 -0.06629403
v -0.02192188 0.01270020 -0.06629403
v -0.02285938 0.01264160 -0.06850106
v -0.02067188 0.01249512 -0.06797372
v -0.02192188 0.01270020 -0.06629403
v -0.02067188 0.01249512 -0.06797372
v -0.01739063 0.01270020 -0.06307138
v -0.01629688 0.01249512 -0.06482920
v -0.01739063 0.01270020 -0.06307138
v -0.01629688 0.01249512 -0.06482920
v -0.01270312 0.01270020 -0.06014169
v -0.01160937 0.01249512 -0.06197763
v -0.00785938 0.01270020 -0.05752450
v -0.00785938 0.01270020 -0.05752450
v -0.01160937 0.01249512 -0.06197763
v -0.00692188 0.01249512 -0.05939950
v -0.00785938 0.01270020 -0.05752450
v -0.00692188 0.01249512 -0.05939950
v -0.00285938 0.01270020 -0.05520028
v -0.00207813 0.01249512 -0.05713388
v 0.00229688 0.01270020 -0.05318856
v 0.00229688 0.01270020 -0.05318856
v -0.00207813 0.01249512 -0.05713388
v 0.00307813 0.01249512 -0.05518075
v 0.00760938 0.01270020 -0.05150888
v 0.00823438 0.01249512 -0.05354013
v 0.00760938 0.01270020 -0.05150888
v 0.00823438 0.01249512 -0.05354013
v 0.01292187 0.01270020 -0.05016122
v 0.01339062 0.01249512 -0.05221200
v 0.01292187 0.01270020 -0.05016122
v 0.01339062 0.01249512 -0.05221200
v 0.01839063 0.01270020 -0.04914559
v 0.01870313 0.01249512 -0.05123544
v 0.01839063 0.01270020 -0.04914559
v 0.01870313 0.01249512 -0.05123544
v 0.02385938 0.01270020 -0.04848153
v 0.02401563 0.01249512 -0.05057138
v 0.02932813 0.01270020 -0.04814950
v 0.02948438 0.01249512 -0.05025888
v 0.02932813 0.01270020 -0.04814950
v 0.02948438 0.01249512 -0.05025888
v 0.03495312 0.01270020 -0.04816903
v 0.03479687 0.01249512 -0.05027841
v 0.03495312 0.01270020 -0.04816903
v 0.03479687 0.01249512 -0.05027841
v 0.04042187 0.01270020 -0.04852059
v 0.04026562 0.01249512 -0.05062997
v 0.04589062 0.01270020 -0.04924325
v 0.04557812 0.01249512 -0.05131356
v 0.04589062 0.01270020 -0.04924325
v 0.04557812 0.01249512 -0.05131356
v 0.05135937 0.01270020 -0.05027841
v 0.05135937 0.01270020 -0.05027841
v 0.04557812 0.01249512 -0.05131356
v 0.05089062 0.01249512 -0.05234872
v 0.05667187 0.01270020 -0.05166513
v 0.05604687 0.01249512 -0.05369638
v 0.05667187 0.01270020 -0.05166513
v 0.05604687 0.01249512 -0.05369638
v 0.06198437 0.01270020 -0.05338388
v -0.02285938 0.01264160 -0.06850106
v -0.02082813 0.01242676 -0.06850106
v -0.02067188 0.01249512 -0.06797372
v -0.02067188 0.01249512 -0.06797372
v -0.02082813 0.01242676 -0.06850106
v -0.01879688 0.01208496 -0.06850106
v -0.02067188 0.01249512 -0.06797372
v -0.01879688 0.01208496 -0.06850106
v -0.01629688 0.01249512 -0.06482920
v -0.01629688 0.01249512 -0.06482920
v -0.01879688 0.01208496 -0.06850106
v -0.01504687 0.01187988 -0.06650888
v -0.01629688 0.01249512 -0.06482920
v -0.01504687 0.01187988 -0.06650888
v -0.01160937 0.01249512 -0.06197763
v -0.01160937 0.01249512 -0.06197763
v -0.01504687 0.01187988 -0.06650888
v -0.01067187 0.01187988 -0.06371591
v -0.01160937 0.01249512 -0.06197763
v -0.01067187 0.01187988 -0.06371591
v -0.00692188 0.01249512 -0.05939950
v -0.00692188 0.01249512 -0.05939950
v -0.01067187 0.01187988 -0.06371591
v -0.00598438 0.01187988 -0.06121591
v -0.00692188 0.01249512 -0.05939950
v -0.00598438 0.01187988 -0.06121591
v -0.00207813 0.01249512 -0.05713388
v -0.00114063 0.01187988 -0.05898934
v -0.00207813 0.01249512 -0.05713388
v -0.00114063 0.01187988 -0.05898934
v 0.00307813 0.01249512 -0.05518075
v 0.00307813 0.01249512 -0.05518075
v -0.00114063 0.01187988 -0.05898934
v 0.00370313 0.01187988 -0.05707528
v 0.00307813 0.01249512 -0.05518075
v 0.00370313 0.01187988 -0.05707528
v 0.00823438 0.01249512 -0.05354013
v 0.00870313 0.01187988 -0.05547372
v 0.00823438 0.01249512 -0.05354013
v 0.00870313 0.01187988 -0.05547372
v 0.01339062 0.01249512 -0.05221200
v 0.01339062 0.01249512 -0.05221200
v 0.00870313 0.01187988 -0.05547372
v 0.01385937 0.01187988 -0.05420419
v 0.01339062 0.01249512 -0.05221200
v 0.01385937 0.01187988 -0.05420419
v 0.01870313 0.01249512 -0.05123544
v 0.01870313 0.01249512 -0.05123544
v 0.01385937 0.01187988 -0.05420419
v 0.01901563 0.01187988 -0.05322763
v 0.01870313 0.01249512 -0.05123544
v 0.01901563 0.01187988 -0.05322763
v 0.02401563 0.01249512 -0.05057138
v 0.02417188 0.01187988 -0.05258309
v 0.02401563 0.01249512 -0.05057138
v 0.02417188 0.01187988 -0.05258309
v 0.02948438 0.01249512 -0.05025888
v 0.02948438 0.01187988 -0.05227059
v 0.02948438 0.01249512 -0.05025888
v 0.02948438 0.01187988 -0.05227059
v 0.03479687 0.01249512 -0.05027841
v 0.03479687 0.01187988 -0.05229013
v 0.03479687 0.01249512 -0.05027841
v 0.03479687 0.01187988 -0.05229013
v 0.04026562 0.01249512 -0.05062997
v 0.04010937 0.01187988 -0.05264169
v 0.04026562 0.01249512 -0.05062997
v 0.04010937 0.01187988 -0.05264169
v 0.04557812 0.01249512 -0.05131356
v 0.04526562 0.01187988 -0.05332528
v 0.04557812 0.01249512 -0.05131356
v 0.04526562 0.01187988 -0.05332528
v 0.05089062 0.01249512 -0.05234872
v 0.05089062 0.01249512 -0.05234872
v 0.04526562 0.01187988 -0.05332528
v 0.05042187 0.01187988 -0.05432138
v 0.05089062 0.01249512 -0.05234872
v 0.05042187 0.01187988 -0.05432138
v 0.05604687 0.01249512 -0.05369638
v 0.05604687 0.01249512 -0.05369638
v 0.05042187 0.01187988 -0.05432138
v 0.05557812 0.01187988 -0.05562997
v 0.05604687 0.01249512 -0.05369638
v -0.01879688 0.01208496 -0.06850106
v -0.01692188 0.01162598 -0.06850106
v -0.01504687 0.01187988 -0.06650888
v -0.01504687 0.01187988 -0.06650888
v -0.01692188 0.01162598 -0.06850106
v -0.01504687 0.01102051 -0.06850106
v -0.01504687 0.01187988 -0.06650888
v -0.01504687 0.01102051 -0.06850106
v -0.01410937 0.01088379 -0.06807138
v -0.01410937 0.01088379 -0.06807138
v -0.01504687 0.01102051 -0.06850106
v -0.01317187 0.01024902 -0.06850106
v -0.01410937 0.01088379 -0.06807138
v -0.01317187 0.01024902 -0.06850106
v -0.00973438 0.01088379 -0.06533700
v -0.00973438 0.01088379 -0.06533700
v -0.01317187 0.01024902 -0.06850106
v -0.00879688 0.00953613 -0.06674325
v -0.00973438 0.01088379 -0.06533700
v -0.00879688 0.00953613 -0.06674325
v -0.00520313 0.01088379 -0.06287606
v -0.00442188 0.00953613 -0.06434091
v -0.00520313 0.01088379 -0.06287606
v -0.00442188 0.00953613 -0.06434091
v -0.00051563 0.01088379 -0.06070809
v -0.00051563 0.01088379 -0.06070809
v -0.00442188 0.00953613 -0.06434091
v 0.00010938 0.00953613 -0.06223153
v -0.00051563 0.01088379 -0.06070809
v 0.00010938 0.00953613 -0.06223153
v 0.00432813 0.01088379 -0.05885263
v 0.00432813 0.01088379 -0.05885263
v 0.00010938 0.00953613 -0.06223153
v 0.00479688 0.00953613 -0.06039559
v 0.00432813 0.01088379 -0.05885263
v 0.00479688 0.00953613 -0.06039559
v 0.00917188 0.01088379 -0.05727059
v 0.00917188 0.01088379 -0.05727059
v 0.00479688 0.00953613 -0.06039559
v 0.00964063 0.00953613 -0.05885263
v 0.00917188 0.01088379 -0.05727059
v 0.00964063 0.00953613 -0.05885263
v 0.01417187 0.01088379 -0.05602059
v 0.01417187 0.01088379 -0.05602059
v 0.00964063 0.00953613 -0.05885263
v 0.01464062 0.00953613 -0.05762216
v 0.01417187 0.01088379 -0.05602059
v 0.01464062 0.00953613 -0.05762216
v 0.01932813 0.01088379 -0.05508309
v 0.01932813 0.01088379 -0.05508309
v 0.01464062 0.00953613 -0.05762216
v 0.01948438 0.00953613 -0.05670419
v 0.01932813 0.01088379 -0.05508309
v 0.01948438 0.00953613 -0.05670419
v 0.02448438 0.01088379 -0.05445809
v 0.02448438 0.01088379 -0.05445809
v 0.01948438 0.00953613 -0.05670419
v 0.02448438 0.00953613 -0.05607919
v 0.02448438 0.01088379 -0.05445809
v 0.02448438 0.00953613 -0.05607919
v 0.02948438 0.01088379 -0.05414559
v 0.02948438 0.01088379 -0.05414559
v 0.02448438 0.00953613 -0.05607919
v 0.02964063 0.00953613 -0.05578622
v 0.02948438 0.01088379 -0.05414559
v 0.02964063 0.00953613 -0.05578622
v 0.03464062 0.01088379 -0.05416513
v 0.03464062 0.00953613 -0.05580575
v 0.03464062 0.01088379 -0.05416513
v 0.03464062 0.00953613 -0.05580575
v 0.03979687 0.01088379 -0.05449716
v 0.03964062 0.00953613 -0.05613778
v 0.03979687 0.01088379 -0.05449716
v 0.03964062 0.00953613 -0.05613778
v 0.04495312 0.01088379 -0.05516122
v 0.04464062 0.00953613 -0.05678231
v 0.04495312 0.01088379 -0.05516122
v 0.04464062 0.00953613 -0.05678231
v 0.04995312 0.01088379 -0.05613778
v -0.01317187 0.01024902 -0.06850106
v -0.01145312 0.00935059 -0.06850106
v -0.00879688 0.00953613 -0.06674325
v -0.00879688 0.00953613 -0.06674325
v -0.01145312 0.00935059 -0.06850106
v -0.00973438 0.00832520 -0.06850106
v -0.00879688 0.00953613 -0.06674325
v -0.00973438 0.00832520 -0.06850106
v -0.00817188 0.00790527 -0.06791513
v -0.00817188 0.00790527 -0.06791513
v -0.00973438 0.00832520 -0.06850106
v -0.00817188 0.00705566 -0.06850106
v -0.00817188 0.00790527 -0.06791513
v -0.00817188 0.00705566 -0.06850106
v -0.00379688 0.00790527 -0.06555184
v -0.00379688 0.00790527 -0.06555184
v -0.00817188 0.00705566 -0.06850106
v -0.00332813 0.00603027 -0.06643075
v -0.00379688 0.00790527 -0.06555184
v -0.00332813 0.00603027 -0.06643075
v 0.00073438 0.00790527 -0.06346200
v 0.00073438 0.00790527 -0.06346200
v -0.00332813 0.00603027 -0.06643075
v 0.00104688 0.00603027 -0.06437997
v 0.00073438 0.00790527 -0.06346200
v 0.00104688 0.00603027 -0.06437997
v 0.00526563 0.00790527 -0.06166513
v 0.00526563 0.00790527 -0.06166513
v 0.00104688 0.00603027 -0.06437997
v 0.00557813 0.00603027 -0.06260263
v 0.00526563 0.00790527 -0.06166513
v 0.00557813 0.00603027 -0.06260263
v 0.01010937 0.00790527 -0.06014169
v 0.01010937 0.00790527 -0.06014169
v 0.00557813 0.00603027 -0.06260263
v 0.01026562 0.00603027 -0.06109872
v 0.01010937 0.00790527 -0.06014169
v 0.01026562 0.00603027 -0.06109872
v 0.01479687 0.00790527 -0.05893075
v 0.01479687 0.00790527 -0.05893075
v 0.01026562 0.00603027 -0.06109872
v 0.01510937 0.00603027 -0.05990731
v 0.01479687 0.00790527 -0.05893075
v 0.01510937 0.00603027 -0.05990731
v 0.01979688 0.00790527 -0.05803231
v 0.01979688 0.00790527 -0.05803231
v 0.01510937 0.00603027 -0.05990731
v 0.01995313 0.00603027 -0.05900888
v 0.01979688 0.00790527 -0.05803231
v 0.01995313 0.00603027 -0.05900888
v 0.02464063 0.00790527 -0.05742684
v 0.02464063 0.00790527 -0.05742684
v 0.01995313 0.00603027 -0.05900888
v 0.02479688 0.00603027 -0.05842294
v 0.02464063 0.00790527 -0.05742684
v 0.02479688 0.00603027 -0.05842294
v 0.02964063 0.00790527 -0.05713388
v 0.02964063 0.00603027 -0.05812997
v 0.02964063 0.00790527 -0.05713388
v 0.02964063 0.00603027 -0.05812997
v 0.03464062 0.00790527 -0.05715341
v 0.03464062 0.00603027 -0.05814950
v 0.03464062 0.00790527 -0.05715341
v -0.00817188 0.00705566 -0.06850106
v -0.00692188 0.00557129 -0.06850106
v -0.00332813 0.00603027 -0.06643075
v -0.00332813 0.00603027 -0.06643075
v -0.00692188 0.00557129 -0.06850106
v -0.00629688 0.00476074 -0.06850106
v -0.00332813 0.00603027 -0.06643075
v -0.00629688 0.00476074 -0.06850106
v -0.00317188 0.00400879 -0.06699717
v -0.00317188 0.00400879 -0.06699717
v -0.00629688 0.00476074 -0.06850106
v -0.00582813 0.00384277 -0.06850106
v -0.00317188 0.00400879 -0.06699717
v -0.00582813 0.00384277 -0.06850106
v -0.00567188 0.00289551 -0.06850106
v -0.00317188 0.00400879 -0.06699717
v -0.00567188 0.00289551 -0.06850106
v -0.00301563 0.00189941 -0.06717295
v -0.00301563 0.00189941 -0.06717295
v -0.00567188 0.00289551 -0.06850106
v -0.00551563 0.00189941 -0.06850106
v -0.00301563 0.00189941 -0.06717295
v -0.00551563 0.00189941 -0.06850106
v -0.00567188 0.00090332 -0.06850106
v -0.00301563 0.00189941 -0.06717295
v -0.00567188 0.00090332 -0.06850106
v -0.00317188 -0.00020996 -0.06699717
v -0.00317188 -0.00020996 -0.06699717
v -0.00567188 0.00090332 -0.06850106
v -0.00582813 -0.00004395 -0.06850106
v -0.00317188 -0.00020996 -0.06699717
v -0.00582813 -0.00004395 -0.06850106
v -0.00629688 -0.00096191 -0.06850106
v -0.00317188 -0.00020996 -0.06699717
v -0.00629688 -0.00096191 -0.06850106
v -0.00332813 -0.00224121 -0.06643075
v -0.00332813 -0.00224121 -0.06643075
v -0.00629688 -0.00096191 -0.06850106
v -0.00692188 -0.00177246 -0.06850106
v -0.00332813 -0.00224121 -0.06643075
v -0.00692188 -0.00177246 -0.06850106
v -0.00817188 -0.00325684 -0.06850106
v -0.00332813 -0.00224121 -0.06643075
v -0.00817188 -0.00325684 -0.06850106
v -0.00817188 -0.00410645 -0.06791513
v -0.00817188 -0.00410645 -0.06791513
v -0.00817188 -0.00325684 -0.06850106
v -0.00973438 -0.00452637 -0.06850106
v -0.00817188 -0.00410645 -0.06791513
v -0.00973438 -0.00452637 -0.06850106
v -0.00879688 -0.00574707 -0.06674325
v -0.00879688 -0.00574707 -0.06674325
v -0.00973438 -0.00452637 -0.06850106
v -0.01145312 -0.00555176 -0.06850106
v -0.00879688 -0.00574707 -0.06674325
v -0.01145312 -0.00555176 -0.06850106
v -0.01317187 -0.00645996 -0.06850106
v -0.01504687 -0.00723145 -0.06850106
v -0.01410937 -0.00708496 -0.06807138
v -0.01317187 -0.00645996 -0.06850106
v -0.01317187 -0.00645996 -0.06850106
v -0.01410937 -0.00708496 -0.06807138
v -0.00973438 -0.00708496 -0.06533700
v -0.01317187 -0.00645996 -0.06850106
v -0.00973438 -0.00708496 -0.06533700
v -0.00879688 -0.00574707 -0.06674325
v -0.00879688 -0.00574707 -0.06674325
v -0.00973438 -0.00708496 -0.06533700
v -0.00442188 -0.00574707 -0.06434091
v -0.00879688 -0.00574707 -0.06674325
v -0.00442188 -0.00574707 -0.06434091
v -0.00379688 -0.00410645 -0.06555184
v -0.00379688 -0.00410645 -0.06555184
v -0.00442188 -0.00574707 -0.06434091
v 0.00073438 -0.00410645 -0.06346200
v -0.00379688 -0.00410645 -0.06555184
v 0.00073438 -0.00410645 -0.06346200
v 0.00104688 -0.00224121 -0.06437997
v 0.00104688 -0.00224121 -0.06437997
v 0.00073438 -0.00410645 -0.06346200
v 0.00557813 -0.00224121 -0.06260263
v 0.00104688 -0.00224121 -0.06437997
v 0.00557813 -0.00224121 -0.06260263
v 0.00589063 -0.00020996 -0.06316903
v 0.00589063 -0.00020996 -0.06316903
v 0.00557813 -0.00224121 -0.06260263
v 0.01042187 -0.00020996 -0.06170419
v 0.00589063 -0.00020996 -0.06316903
v 0.01042187 -0.00020996 -0.06170419
v 0.01057812 0.00189941 -0.06189950
v 0.01057812 0.00189941 -0.06189950
v 0.01042187 -0.00020996 -0.06170419
v 0.01526562 0.00189941 -0.06070809
v 0.01057812 0.00189941 -0.06189950
v 0.01526562 0.00189941 -0.06070809
v 0.01526562 0.00400879 -0.06051278
v 0.01526562 0.00400879 -0.06051278
v 0.01526562 0.00189941 -0.06070809
v 0.01995313 0.00400879 -0.05961434
v 0.01526562 0.00400879 -0.06051278
v 0.01995313 0.00400879 -0.05961434
v 0.01995313 0.00603027 -0.05900888
v 0.01995313 0.00603027 -0.05900888
v 0.01995313 0.00400879 -0.05961434
v 0.02479688 0.00603027 -0.05842294
v -0.01504687 -0.00723145 -0.06850106
v -0.01692188 -0.00782715 -0.06850106
v -0.01410937 -0.00708496 -0.06807138
v -0.01410937 -0.00708496 -0.06807138
v -0.01692188 -0.00782715 -0.06850106
v -0.01504687 -0.00809082 -0.06650888
v -0.01410937 -0.00708496 -0.06807138
v -0.01504687 -0.00809082 -0.06650888
v -0.00973438 -0.00708496 -0.06533700
v -0.00973438 -0.00708496 -0.06533700
v -0.01504687 -0.00809082 -0.06650888
v -0.01067187 -0.00809082 -0.06371591
v -0.00973438 -0.00708496 -0.06533700
v -0.01067187 -0.00809082 -0.06371591
v -0.00520313 -0.00708496 -0.06287606
v -0.00598438 -0.00809082 -0.06121591
v -0.00520313 -0.00708496 -0.06287606
v -0.01692188 -0.00782715 -0.06850106
v -0.01879688 -0.00828613 -0.06850106
v -0.01504687 -0.00809082 -0.06650888
v -0.01504687 -0.00809082 -0.06650888
v -0.01879688 -0.00828613 -0.06850106
v -0.01629688 -0.00870606 -0.06482920
v -0.01504687 -0.00809082 -0.06650888
v -0.01629688 -0.00870606 -0.06482920
v -0.01067187 -0.00809082 -0.06371591
v -0.01067187 -0.00809082 -0.06371591
v -0.01629688 -0.00870606 -0.06482920
v -0.01160937 -0.00870606 -0.06197763
v -0.01067187 -0.00809082 -0.06371591
v -0.01160937 -0.00870606 -0.06197763
v -0.00598438 -0.00809082 -0.06121591
v -0.01629688 -0.00870606 -0.06482920
v -0.01879688 -0.00828613 -0.06850106
v -0.02067188 -0.00870606 -0.06797372
v -0.02067188 -0.00870606 -0.06797372
v -0.01879688 -0.00828613 -0.06850106
v -0.02082813 -0.00862793 -0.06850106
v -0.02067188 -0.00870606 -0.06797372
v -0.02082813 -0.00862793 -0.06850106
v -0.02285938 -0.00884277 -0.06850106
v -0.02067188 -0.00870606 -0.06797372
v -0.02285938 -0.00884277 -0.06850106
v -0.02192188 -0.00891113 -0.06629403
v -0.02192188 -0.00891113 -0.06629403
v -0.02285938 -0.00884277 -0.06850106
v -0.02489063 -0.00891113 -0.06850106
v -0.02192188 -0.00891113 -0.06629403
v -0.02489063 -0.00891113 -0.06850106
v -0.02317188 -0.00870606 -0.06461434
v -0.02489063 -0.00891113 -0.06850106
v -0.02676563 -0.00881348 -0.06850106
v -0.02317188 -0.00870606 -0.06461434
v -0.02676563 -0.00881348 -0.06850106
v -0.02754688 -0.00870606 -0.06820809
v -0.02754688 -0.00870606 -0.06820809
v -0.02676563 -0.00881348 -0.06850106
v -0.02879688 -0.00854981 -0.06850106
v -0.02754688 -0.00870606 -0.06820809
v -0.02879688 -0.00854981 -0.06850106
v -0.02895313 -0.00809082 -0.06666513
v -0.02895313 -0.00809082 -0.06666513
v -0.02879688 -0.00854981 -0.06850106
v -0.03082813 -0.00812012 -0.06850106
v -0.02895313 -0.00809082 -0.06666513
v -0.03082813 -0.00812012 -0.06850106
v -0.03270312 -0.00752441 -0.06850106
v -0.00301563 0.00189941 -0.06717295
v 0.00135938 0.00189941 -0.06514170
v 0.00135938 0.00400879 -0.06494638
v 0.00135938 0.00400879 -0.06494638
v 0.00135938 0.00189941 -0.06514170
v 0.00589063 0.00400879 -0.06316903
v 0.00135938 0.00400879 -0.06494638
v 0.00589063 0.00400879 -0.06316903
v 0.00557813 0.00603027 -0.06260263
v 0.00557813 0.00603027 -0.06260263
v 0.00589063 0.00400879 -0.06316903
v 0.01026562 0.00603027 -0.06109872
v 0.00589063 0.00189941 -0.06336434
v 0.00589063 0.00400879 -0.06316903
v 0.00589063 0.00189941 -0.06336434
v 0.01042187 0.00400879 -0.06170419
v 0.01042187 0.00400879 -0.06170419
v 0.01026562 0.00603027 -0.06109872
v 0.01042187 0.00400879 -0.06170419
v 0.01510937 0.00603027 -0.05990731
v -0.00301563 0.00189941 -0.06717295
v -0.00317188 -0.00020996 -0.06699717
v 0.00135938 0.00189941 -0.06514170
v 0.00135938 0.00189941 -0.06514170
v -0.00317188 -0.00020996 -0.06699717
v 0.00135938 -0.00020996 -0.06494638
v 0.00135938 0.00189941 -0.06514170
v 0.00135938 -0.00020996 -0.06494638
v 0.00589063 0.00189941 -0.06336434
v 0.00589063 -0.00020996 -0.06316903
v 0.00589063 0.00189941 -0.06336434
v 0.00589063 -0.00020996 -0.06316903
v 0.01057812 0.00189941 -0.06189950
v 0.00589063 0.00189941 -0.06336434
v 0.01057812 0.00189941 -0.06189950
v 0.01042187 0.00400879 -0.06170419
v 0.01042187 0.00400879 -0.06170419
v 0.01057812 0.00189941 -0.06189950
v 0.01526562 0.00400879 -0.06051278
v 0.01526562 0.00400879 -0.06051278
v 0.01510937 0.00603027 -0.05990731
v 0.01526562 0.00400879 -0.06051278
v 0.01995313 0.00603027 -0.05900888
v 0.01526562 0.00189941 -0.06070809
v 0.01995313 0.00189941 -0.05982919
v 0.01995313 0.00400879 -0.05961434
v 0.01995313 0.00400879 -0.05961434
v 0.01995313 0.00189941 -0.05982919
v 0.02479688 0.00400879 -0.05902841
v 0.02479688 0.00400879 -0.05902841
v 0.02479688 0.00603027 -0.05842294
v 0.02479688 0.00400879 -0.05902841
v 0.02964063 0.00603027 -0.05812997
v 0.02479688 0.00189941 -0.05924325
v 0.02479688 0.00400879 -0.05902841
v 0.02964063 0.00400879 -0.05873544
v 0.02964063 0.00603027 -0.05812997
v 0.01995313 0.00189941 -0.05982919
v 0.01526562 0.00189941 -0.06070809
v 0.01526562 -0.00020996 -0.06051278
v 0.01526562 -0.00020996 -0.06051278
v 0.01526562 0.00189941 -0.06070809
v 0.01042187 -0.00020996 -0.06170419
v 0.01526562 -0.00020996 -0.06051278
v 0.01042187 -0.00020996 -0.06170419
v 0.01026562 -0.00224121 -0.06109872
v 0.01026562 -0.00224121 -0.06109872
v 0.01042187 -0.00020996 -0.06170419
v 0.00557813 -0.00224121 -0.06260263
v 0.01026562 -0.00224121 -0.06109872
v 0.00557813 -0.00224121 -0.06260263
v 0.00526563 -0.00410645 -0.06166513
v 0.00526563 -0.00410645 -0.06166513
v 0.00557813 -0.00224121 -0.06260263
v 0.00073438 -0.00410645 -0.06346200
v 0.00526563 -0.00410645 -0.06166513
v 0.00073438 -0.00410645 -0.06346200
v 0.00010938 -0.00574707 -0.06223153
v 0.00010938 -0.00574707 -0.06223153
v 0.00073438 -0.00410645 -0.06346200
v -0.00442188 -0.00574707 -0.06434091
v 0.00010938 -0.00574707 -0.06223153
v -0.00442188 -0.00574707 -0.06434091
v -0.00520313 -0.00708496 -0.06287606
v -0.00520313 -0.00708496 -0.06287606
v 0.01995313 0.00189941 -0.05982919
v 0.01995313 -0.00020996 -0.05961434
v 0.01995313 0.00189941 -0.05982919
v 0.01526562 -0.00020996 -0.06051278
v 0.01995313 -0.00020996 -0.05961434
v 0.01526562 -0.00020996 -0.06051278
v 0.01510937 -0.00224121 -0.05990731
v 0.01510937 -0.00224121 -0.05990731
v 0.01510937 -0.00224121 -0.05990731
v 0.01026562 -0.00224121 -0.06109872
v 0.01010937 -0.00410645 -0.06014169
v 0.01010937 -0.00410645 -0.06014169
v 0.01026562 -0.00224121 -0.06109872
v 0.00526563 -0.00410645 -0.06166513
v 0.01010937 -0.00410645 -0.06014169
v 0.00526563 -0.00410645 -0.06166513
v 0.00479688 -0.00574707 -0.06039559
v 0.00479688 -0.00574707 -0.06039559
v 0.00526563 -0.00410645 -0.06166513
v 0.00010938 -0.00574707 -0.06223153
v 0.00479688 -0.00574707 -0.06039559
v 0.00010938 -0.00574707 -0.06223153
v -0.00051563 -0.00708496 -0.06070809
v -0.00051563 -0.00708496 -0.06070809
v 0.00010938 -0.00574707 -0.06223153
v -0.00520313 -0.00708496 -0.06287606
v 0.03448437 0.00189941 -0.05896981
v 0.03448437 0.00400879 -0.05875497
v 0.03448437 0.00189941 -0.05896981
v 0.03948437 0.00400879 -0.05906747
v 0.03448437 0.00400879 -0.05875497
v 0.03948437 0.00400879 -0.05906747
v 0.03948437 0.00603027 -0.05846200
v 0.03948437 0.00603027 -0.05846200
v 0.03948437 0.00400879 -0.05906747
v 0.04432812 0.00603027 -0.05908700
v 0.03948437 0.00603027 -0.05846200
v 0.04432812 0.00603027 -0.05908700
v 0.04448437 0.00790527 -0.05811044
v 0.04448437 0.00790527 -0.05811044
v 0.04432812 0.00603027 -0.05908700
v 0.04932812 0.00790527 -0.05904794
v 0.04448437 0.00790527 -0.05811044
v 0.04932812 0.00790527 -0.05904794
v 0.04964062 0.00953613 -0.05773934
v 0.04964062 0.00953613 -0.05773934
v 0.04932812 0.00790527 -0.05904794
v 0.05448437 0.00953613 -0.05900888
v 0.04964062 0.00953613 -0.05773934
v 0.05448437 0.00953613 -0.05900888
v 0.05495312 0.01088379 -0.05742684
v 0.05495312 0.01088379 -0.05742684
v 0.05448437 0.00953613 -0.05900888
v 0.05995312 0.01088379 -0.05902841
v 0.05495312 0.01088379 -0.05742684
v 0.05995312 0.01088379 -0.05902841
v 0.06057812 0.01187988 -0.05727059
v 0.06057812 0.01187988 -0.05727059
v 0.05995312 0.01088379 -0.05902841
v 0.06542189 0.01187988 -0.05922372
v 0.06542189 0.01187988 -0.05922372
v 0.06620314 0.01249512 -0.05736825
v 0.06542189 0.01187988 -0.05922372
v 0.07120314 0.01249512 -0.05965341
v 0.06620314 0.01249512 -0.05736825
v 0.07120314 0.01249512 -0.05965341
v 0.07214064 0.01269043 -0.05840341
v 0.03448437 0.00189941 -0.05896981
v 0.03932812 0.00189941 -0.05928231
v 0.03948437 0.00400879 -0.05906747
v 0.03948437 0.00400879 -0.05906747
v 0.03932812 0.00189941 -0.05928231
v 0.04417187 0.00400879 -0.05969247
v 0.03948437 0.00400879 -0.05906747
v 0.04417187 0.00400879 -0.05969247
v 0.04432812 0.00603027 -0.05908700
v 0.04432812 0.00603027 -0.05908700
v 0.04417187 0.00400879 -0.05969247
v 0.04917187 0.00603027 -0.06002450
v 0.04917187 0.00603027 -0.06002450
v 0.04932812 0.00790527 -0.05904794
v 0.04917187 0.00603027 -0.06002450
v 0.05417187 0.00790527 -0.06029794
v 0.04932812 0.00790527 -0.05904794
v 0.05417187 0.00790527 -0.06029794
v 0.05448437 0.00953613 -0.05900888
v 0.05448437 0.00953613 -0.05900888
v 0.05417187 0.00790527 -0.06029794
v 0.05932812 0.00953613 -0.06057138
v 0.05448437 0.00953613 -0.05900888
v 0.05932812 0.00953613 -0.06057138
v 0.05995312 0.01088379 -0.05902841
v 0.05995312 0.01088379 -0.05902841
v 0.05932812 0.00953613 -0.06057138
v 0.06464064 0.01088379 -0.06092294
v 0.06464064 0.01088379 -0.06092294
v 0.06542189 0.01187988 -0.05922372
v 0.06464064 0.01088379 -0.06092294
v 0.07026564 0.01187988 -0.06146981
v 0.06542189 0.01187988 -0.05922372
v 0.07026564 0.01187988 -0.06146981
v 0.07120314 0.01249512 -0.05965341
v 0.03448437 0.00189941 -0.05896981
v 0.02964063 0.00189941 -0.05895028
v 0.02964063 -0.00020996 -0.05873544
v 0.02964063 -0.00020996 -0.05873544
v 0.02964063 -0.00020996 -0.05873544
v 0.02479688 -0.00020996 -0.05902841
v 0.02479688 -0.00224121 -0.05842294
v 0.02479688 -0.00224121 -0.05842294
v 0.02479688 -0.00224121 -0.05842294
v 0.01995313 -0.00224121 -0.05900888
v 0.01979688 -0.00410645 -0.05803231
v 0.01979688 -0.00410645 -0.05803231
v 0.01995313 -0.00224121 -0.05900888
v 0.01479687 -0.00410645 -0.05893075
v 0.01979688 -0.00410645 -0.05803231
v 0.01479687 -0.00410645 -0.05893075
v 0.01464062 -0.00574707 -0.05762216
v 0.01464062 -0.00574707 -0.05762216
v 0.01479687 -0.00410645 -0.05893075
v 0.00964063 -0.00574707 -0.05885263
v 0.01464062 -0.00574707 -0.05762216
v 0.00964063 -0.00574707 -0.05885263
v 0.00917188 -0.00708496 -0.05727059
v 0.00917188 -0.00708496 -0.05727059
v 0.00964063 -0.00574707 -0.05885263
v 0.00432813 -0.00708496 -0.05885263
v 0.00917188 -0.00708496 -0.05727059
v 0.00432813 -0.00708496 -0.05885263
v 0.00370313 -0.00809082 -0.05707528
v 0.00370313 -0.00809082 -0.05707528
v 0.00432813 -0.00708496 -0.05885263
v -0.00114063 -0.00809082 -0.05898934
v 0.00370313 -0.00809082 -0.05707528
v -0.00114063 -0.00809082 -0.05898934
v -0.00207813 -0.00870606 -0.05713388
v -0.00207813 -0.00870606 -0.05713388
v 0.03932812 0.00189941 -0.05928231
v 0.04417187 0.00189941 -0.05990731
v 0.04417187 0.00400879 -0.05969247
v 0.04417187 0.00400879 -0.05969247
v 0.04417187 0.00189941 -0.05990731
v 0.04901562 0.00400879 -0.06062997
v 0.04901562 0.00400879 -0.06062997
v 0.04917187 0.00603027 -0.06002450
v 0.04901562 0.00400879 -0.06062997
v 0.05385937 0.00603027 -0.06125497
v 0.04917187 0.00603027 -0.06002450
v 0.05385937 0.00603027 -0.06125497
v 0.05417187 0.00790527 -0.06029794
v 0.05417187 0.00790527 -0.06029794
v 0.05385937 0.00603027 -0.06125497
v 0.05885937 0.00790527 -0.06184091
v 0.05417187 0.00790527 -0.06029794
v 0.05885937 0.00790527 -0.06184091
v 0.05932812 0.00953613 -0.06057138
v 0.05932812 0.00953613 -0.06057138
v 0.05885937 0.00790527 -0.06184091
v 0.06401564 0.00953613 -0.06242684
v 0.05932812 0.00953613 -0.06057138
v 0.06401564 0.00953613 -0.06242684
v 0.06464064 0.01088379 -0.06092294
v 0.06464064 0.01088379 -0.06092294
v 0.06401564 0.00953613 -0.06242684
v 0.06932814 0.01088379 -0.06312997
v 0.06464064 0.01088379 -0.06092294
v 0.06932814 0.01088379 -0.06312997
v 0.07026564 0.01187988 -0.06146981
v 0.03932812 0.00189941 -0.05928231
v 0.03448437 0.00189941 -0.05896981
v 0.03448437 -0.00020996 -0.05875497
v 0.03448437 -0.00020996 -0.05875497
v 0.03448437 -0.00020996 -0.05875497
v 0.02964063 -0.00020996 -0.05873544
v 0.02964063 -0.00224121 -0.05812997
v 0.02964063 -0.00224121 -0.05812997
v 0.02964063 -0.00224121 -0.05812997
v 0.02479688 -0.00224121 -0.05842294
v 0.02464063 -0.00410645 -0.05742684
v 0.02464063 -0.00410645 -0.05742684
v 0.02479688 -0.00224121 -0.05842294
v 0.01979688 -0.00410645 -0.05803231
v 0.02464063 -0.00410645 -0.05742684
v 0.01979688 -0.00410645 -0.05803231
v 0.01948438 -0.00574707 -0.05670419
v 0.01948438 -0.00574707 -0.05670419
v 0.01979688 -0.00410645 -0.05803231
v 0.01464062 -0.00574707 -0.05762216
v 0.01948438 -0.00574707 -0.05670419
v 0.01464062 -0.00574707 -0.05762216
v 0.01417187 -0.00708496 -0.05602059
v 0.01417187 -0.00708496 -0.05602059
v 0.01417187 -0.00708496 -0.05602059
v 0.00917188 -0.00708496 -0.05727059
v 0.00870313 -0.00809082 -0.05547372
v 0.00870313 -0.00809082 -0.05547372
v 0.00870313 -0.00809082 -0.05547372
v 0.00370313 -0.00809082 -0.05707528
v 0.00307813 -0.00870606 -0.05518075
v 0.00307813 -0.00870606 -0.05518075
v 0.00370313 -0.00809082 -0.05707528
v -0.00207813 -0.00870606 -0.05713388
v 0.04417187 0.00189941 -0.05990731
v 0.04901562 0.00189941 -0.06082528
v 0.04901562 0.00400879 -0.06062997
v 0.04901562 0.00400879 -0.06062997
v 0.04901562 0.00189941 -0.06082528
v 0.05370312 0.00400879 -0.06184091
v 0.04901562 0.00400879 -0.06062997
v 0.05370312 0.00400879 -0.06184091
v 0.05385937 0.00603027 -0.06125497
v 0.05385937 0.00603027 -0.06125497
v 0.05370312 0.00400879 -0.06184091
v 0.05854687 0.00603027 -0.06277841
v 0.05385937 0.00603027 -0.06125497
v 0.05854687 0.00603027 -0.06277841
v 0.05885937 0.00790527 -0.06184091
v 0.05885937 0.00790527 -0.06184091
v 0.05854687 0.00603027 -0.06277841
v 0.06354687 0.00790527 -0.06367684
v 0.05885937 0.00790527 -0.06184091
v 0.06354687 0.00790527 -0.06367684
v 0.06401564 0.00953613 -0.06242684
v 0.06401564 0.00953613 -0.06242684
v 0.06354687 0.00790527 -0.06367684
v 0.06854689 0.00953613 -0.06459481
v 0.06401564 0.00953613 -0.06242684
v 0.06854689 0.00953613 -0.06459481
v 0.06932814 0.01088379 -0.06312997
v 0.04417187 0.00189941 -0.05990731
v 0.03932812 0.00189941 -0.05928231
v 0.03948437 -0.00020996 -0.05906747
v 0.03948437 -0.00020996 -0.05906747
v 0.03932812 0.00189941 -0.05928231
v 0.03448437 -0.00020996 -0.05875497
v 0.03948437 -0.00020996 -0.05906747
v 0.03448437 -0.00020996 -0.05875497
v 0.03464062 -0.00224121 -0.05814950
v 0.03464062 -0.00224121 -0.05814950
v 0.03464062 -0.00224121 -0.05814950
v 0.02964063 -0.00224121 -0.05812997
v 0.02964063 -0.00410645 -0.05713388
v 0.02964063 -0.00410645 -0.05713388
v 0.02964063 -0.00410645 -0.05713388
v 0.02464063 -0.00410645 -0.05742684
v 0.02448438 -0.00574707 -0.05607919
v 0.02448438 -0.00574707 -0.05607919
v 0.02448438 -0.00574707 -0.05607919
v 0.01948438 -0.00574707 -0.05670419
v 0.01932813 -0.00708496 -0.05508309
v 0.01932813 -0.00708496 -0.05508309
v 0.01948438 -0.00574707 -0.05670419
v 0.01417187 -0.00708496 -0.05602059
v 0.01932813 -0.00708496 -0.05508309
v 0.01417187 -0.00708496 -0.05602059
v 0.01385937 -0.00809082 -0.05420419
v 0.01385937 -0.00809082 -0.05420419
v 0.01417187 -0.00708496 -0.05602059
v 0.00870313 -0.00809082 -0.05547372
v 0.01385937 -0.00809082 -0.05420419
v 0.00870313 -0.00809082 -0.05547372
v 0.00823438 -0.00870606 -0.05354013
v 0.00823438 -0.00870606 -0.05354013
v 0.05370312 0.00189941 -0.06203622
v 0.05370312 0.00400879 -0.06184091
v 0.05370312 0.00189941 -0.06203622
v 0.05839062 0.00400879 -0.06334481
v 0.05370312 0.00400879 -0.06184091
v 0.05839062 0.00400879 -0.06334481
v 0.05854687 0.00603027 -0.06277841
v 0.05854687 0.00603027 -0.06277841
v 0.05839062 0.00400879 -0.06334481
v 0.06307812 0.00603027 -0.06457528
v 0.06307812 0.00603027 -0.06457528
v 0.06354687 0.00790527 -0.06367684
v 0.06307812 0.00603027 -0.06457528
v 0.06807814 0.00790527 -0.06578622
v 0.06354687 0.00790527 -0.06367684
v 0.06807814 0.00790527 -0.06578622
v 0.06854689 0.00953613 -0.06459481
v 0.04901562 0.00189941 -0.06082528
v 0.04417187 0.00189941 -0.05990731
v 0.04417187 -0.00020996 -0.05969247
v 0.04417187 -0.00020996 -0.05969247
v 0.04417187 0.00189941 -0.05990731
v 0.03948437 -0.00020996 -0.05906747
v 0.04417187 -0.00020996 -0.05969247
v 0.03948437 -0.00020996 -0.05906747
v 0.03948437 -0.00224121 -0.05846200
v 0.03948437 -0.00224121 -0.05846200
v 0.03948437 -0.00224121 -0.05846200
v 0.03464062 -0.00224121 -0.05814950
v 0.03464062 -0.00410645 -0.05715341
v 0.03464062 -0.00410645 -0.05715341
v 0.03464062 -0.00410645 -0.05715341
v 0.02964063 -0.00410645 -0.05713388
v 0.02964063 -0.00574707 -0.05578622
v 0.02964063 -0.00574707 -0.05578622
v 0.02964063 -0.00410645 -0.05713388
v 0.02448438 -0.00574707 -0.05607919
v 0.02964063 -0.00574707 -0.05578622
v 0.02448438 -0.00574707 -0.05607919
v 0.02448438 -0.00708496 -0.05445809
v 0.02448438 -0.00708496 -0.05445809
v 0.02448438 -0.00708496 -0.05445809
v 0.01932813 -0.00708496 -0.05508309
v 0.01901563 -0.00809082 -0.05322763
v 0.01901563 -0.00809082 -0.05322763
v 0.01932813 -0.00708496 -0.05508309
v 0.01385937 -0.00809082 -0.05420419
v 0.01901563 -0.00809082 -0.05322763
v 0.01385937 -0.00809082 -0.05420419
v 0.01339062 -0.00870606 -0.05221200
v 0.01339062 -0.00870606 -0.05221200
v 0.01385937 -0.00809082 -0.05420419
v 0.00823438 -0.00870606 -0.05354013
v 0.05370312 0.00189941 -0.06203622
v 0.05823437 0.00189941 -0.06354013
v 0.05839062 0.00400879 -0.06334481
v 0.05839062 0.00400879 -0.06334481
v 0.05823437 0.00189941 -0.06354013
v 0.06292187 0.00400879 -0.06514170
v 0.06292187 0.00400879 -0.06514170
v 0.06307812 0.00603027 -0.06457528
v 0.06292187 0.00400879 -0.06514170
v 0.06760939 0.00603027 -0.06668467
v 0.06760939 0.00603027 -0.06668467
v 0.05370312 0.00189941 -0.06203622
v 0.04901562 0.00189941 -0.06082528
v 0.04901562 -0.00020996 -0.06062997
v 0.04901562 -0.00020996 -0.06062997
v 0.04901562 0.00189941 -0.06082528
v 0.04417187 -0.00020996 -0.05969247
v 0.04901562 -0.00020996 -0.06062997
v 0.04417187 -0.00020996 -0.05969247
v 0.04432812 -0.00224121 -0.05908700
v 0.04432812 -0.00224121 -0.05908700
v 0.04417187 -0.00020996 -0.05969247
v 0.03948437 -0.00224121 -0.05846200
v 0.04432812 -0.00224121 -0.05908700
v 0.03948437 -0.00224121 -0.05846200
v 0.03964062 -0.00410645 -0.05746591
v 0.03964062 -0.00410645 -0.05746591
v 0.03948437 -0.00224121 -0.05846200
v 0.03464062 -0.00410645 -0.05715341
v 0.03964062 -0.00410645 -0.05746591
v 0.03464062 -0.00410645 -0.05715341
v 0.03464062 -0.00574707 -0.05580575
v 0.03464062 -0.00574707 -0.05580575
v 0.03464062 -0.00574707 -0.05580575
v 0.02964063 -0.00574707 -0.05578622
v 0.02948438 -0.00708496 -0.05414559
v 0.02948438 -0.00708496 -0.05414559
v 0.02964063 -0.00574707 -0.05578622
v 0.02448438 -0.00708496 -0.05445809
v 0.02948438 -0.00708496 -0.05414559
v 0.02448438 -0.00708496 -0.05445809
v 0.02417188 -0.00809082 -0.05258309
v 0.02417188 -0.00809082 -0.05258309
v 0.02448438 -0.00708496 -0.05445809
v 0.01901563 -0.00809082 -0.05322763
v 0.02417188 -0.00809082 -0.05258309
v 0.01901563 -0.00809082 -0.05322763
v 0.01870313 -0.00870606 -0.05123544
v 0.01870313 -0.00870606 -0.05123544
v 0.01901563 -0.00809082 -0.05322763
v 0.01339062 -0.00870606 -0.05221200
v 0.06276562 0.00189941 -0.06533700
v 0.06292187 0.00400879 -0.06514170
v 0.06276562 0.00189941 -0.06533700
v 0.06729689 0.00400879 -0.06723153
v 0.06292187 0.00400879 -0.06514170
v 0.06729689 0.00400879 -0.06723153
v 0.06760939 0.00603027 -0.06668467
v 0.05823437 0.00189941 -0.06354013
v 0.05370312 0.00189941 -0.06203622
v 0.05370312 -0.00020996 -0.06184091
v 0.05370312 -0.00020996 -0.06184091
v 0.05370312 -0.00020996 -0.06184091
v 0.04901562 -0.00020996 -0.06062997
v 0.04917187 -0.00224121 -0.06002450
v 0.04917187 -0.00224121 -0.06002450
v 0.04917187 -0.00224121 -0.06002450
v 0.04432812 -0.00224121 -0.05908700
v 0.04448437 -0.00410645 -0.05811044
v 0.04448437 -0.00410645 -0.05811044
v 0.04432812 -0.00224121 -0.05908700
v 0.03964062 -0.00410645 -0.05746591
v 0.04448437 -0.00410645 -0.05811044
v 0.03964062 -0.00410645 -0.05746591
v 0.03964062 -0.00574707 -0.05613778
v 0.03964062 -0.00574707 -0.05613778
v 0.03964062 -0.00410645 -0.05746591
v 0.03464062 -0.00574707 -0.05580575
v 0.03964062 -0.00574707 -0.05613778
v 0.03464062 -0.00574707 -0.05580575
v 0.03464062 -0.00708496 -0.05416513
v 0.03464062 -0.00708496 -0.05416513
v 0.03464062 -0.00708496 -0.05416513
v 0.02948438 -0.00708496 -0.05414559
v 0.02948438 -0.00809082 -0.05227059
v 0.02948438 -0.00809082 -0.05227059
v 0.02948438 -0.00809082 -0.05227059
v 0.02417188 -0.00809082 -0.05258309
v 0.02401563 -0.00870606 -0.05057138
v 0.02401563 -0.00870606 -0.05057138
v 0.06714064 0.00189941 -0.06740731
v 0.06714064 0.00189941 -0.06740731
v 0.06276562 0.00189941 -0.06533700
v 0.06292187 -0.00020996 -0.06514170
v 0.06714064 0.00189941 -0.06740731
v 0.06292187 -0.00020996 -0.06514170
v 0.06729689 -0.00020996 -0.06723153
v 0.06729689 -0.00020996 -0.06723153
v 0.06292187 -0.00020996 -0.06514170
v 0.06307812 -0.00224121 -0.06457528
v 0.06729689 -0.00020996 -0.06723153
v 0.06307812 -0.00224121 -0.06457528
v 0.06760939 -0.00224121 -0.06668467
v 0.06760939 -0.00224121 -0.06668467
v 0.06307812 -0.00224121 -0.06457528
v 0.06354687 -0.00410645 -0.06367684
v 0.06807814 -0.00410645 -0.06578622
v 0.06807814 -0.00410645 -0.06578622
v 0.06354687 -0.00410645 -0.06367684
v 0.06401564 -0.00574707 -0.06242684
v 0.06807814 -0.00410645 -0.06578622
v 0.06401564 -0.00574707 -0.06242684
v 0.06854689 -0.00574707 -0.06459481
v 0.06854689 -0.00574707 -0.06459481
v 0.06401564 -0.00574707 -0.06242684
v 0.06464064 -0.00708496 -0.06092294
v 0.06854689 -0.00574707 -0.06459481
v 0.06464064 -0.00708496 -0.06092294
v 0.06932814 -0.00708496 -0.06312997
v 0.06932814 -0.00708496 -0.06312997
v 0.06464064 -0.00708496 -0.06092294
v 0.06542189 -0.00809082 -0.05922372
v 0.06932814 -0.00708496 -0.06312997
v 0.06542189 -0.00809082 -0.05922372
v 0.07026564 -0.00809082 -0.06146981
v 0.07026564 -0.00809082 -0.06146981
v 0.06542189 -0.00809082 -0.05922372
v 0.06620314 -0.00870606 -0.05736825
v 0.07026564 -0.00809082 -0.06146981
v 0.06620314 -0.00870606 -0.05736825
v 0.07120314 -0.00870606 -0.05965341
v 0.06276562 0.00189941 -0.06533700
v 0.05823437 0.00189941 -0.06354013
v 0.05839062 -0.00020996 -0.06334481
v 0.05839062 -0.00020996 -0.06334481
v 0.05823437 0.00189941 -0.06354013
v 0.05370312 -0.00020996 -0.06184091
v 0.05839062 -0.00020996 -0.06334481
v 0.05370312 -0.00020996 -0.06184091
v 0.05385937 -0.00224121 -0.06125497
v 0.05385937 -0.00224121 -0.06125497
v 0.05385937 -0.00224121 -0.06125497
v 0.04917187 -0.00224121 -0.06002450
v 0.04932812 -0.00410645 -0.05904794
v 0.04932812 -0.00410645 -0.05904794
v 0.04932812 -0.00410645 -0.05904794
v 0.04448437 -0.00410645 -0.05811044
v 0.04464062 -0.00574707 -0.05678231
v 0.04464062 -0.00574707 -0.05678231
v 0.04464062 -0.00574707 -0.05678231
v 0.03964062 -0.00574707 -0.05613778
v 0.03979687 -0.00708496 -0.05449716
v 0.03979687 -0.00708496 -0.05449716
v 0.03964062 -0.00574707 -0.05613778
v 0.03464062 -0.00708496 -0.05416513
v 0.03979687 -0.00708496 -0.05449716
v 0.03464062 -0.00708496 -0.05416513
v 0.03479687 -0.00809082 -0.05229013
v 0.03479687 -0.00809082 -0.05229013
v 0.03479687 -0.00809082 -0.05229013
v 0.02948438 -0.00809082 -0.05227059
v 0.02948438 -0.00870606 -0.05025888
v 0.02948438 -0.00870606 -0.05025888
v -0.00317188 0.00400879 -0.06699717
v -0.00301563 0.00189941 -0.06717295
v 0.00135938 0.00400879 -0.06494638
v 0.06292187 -0.00020996 -0.06514170
v 0.06307812 -0.00224121 -0.06457528
v 0.06292187 -0.00020996 -0.06514170
v 0.05854687 -0.00224121 -0.06277841
v 0.05839062 -0.00020996 -0.06334481
v 0.05854687 -0.00224121 -0.06277841
v 0.05839062 -0.00020996 -0.06334481
v 0.05385937 -0.00224121 -0.06125497
v 0.06354687 -0.00410645 -0.06367684
v 0.06307812 -0.00224121 -0.06457528
v 0.05885937 -0.00410645 -0.06184091
v 0.05885937 -0.00410645 -0.06184091
v 0.06307812 -0.00224121 -0.06457528
v 0.05854687 -0.00224121 -0.06277841
v 0.05885937 -0.00410645 -0.06184091
v 0.05854687 -0.00224121 -0.06277841
v 0.05417187 -0.00410645 -0.06029794
v 0.05417187 -0.00410645 -0.06029794
v 0.05854687 -0.00224121 -0.06277841
v 0.05385937 -0.00224121 -0.06125497
v 0.05417187 -0.00410645 -0.06029794
v 0.05385937 -0.00224121 -0.06125497
v 0.04932812 -0.00410645 -0.05904794
v 0.06401564 -0.00574707 -0.06242684
v 0.06354687 -0.00410645 -0.06367684
v 0.05932812 -0.00574707 -0.06057138
v 0.05932812 -0.00574707 -0.06057138
v 0.06354687 -0.00410645 -0.06367684
v 0.05885937 -0.00410645 -0.06184091
v 0.05932812 -0.00574707 -0.06057138
v 0.05885937 -0.00410645 -0.06184091
v 0.05448437 -0.00574707 -0.05900888
v 0.05448437 -0.00574707 -0.05900888
v 0.05885937 -0.00410645 -0.06184091
v 0.05417187 -0.00410645 -0.06029794
v 0.05448437 -0.00574707 -0.05900888
v 0.05417187 -0.00410645 -0.06029794
v 0.04964062 -0.00574707 -0.05773934
v 0.04964062 -0.00574707 -0.05773934
v 0.05417187 -0.00410645 -0.06029794
v 0.04932812 -0.00410645 -0.05904794
v 0.04964062 -0.00574707 -0.05773934
v 0.06464064 -0.00708496 -0.06092294
v 0.06401564 -0.00574707 -0.06242684
v 0.05995312 -0.00708496 -0.05902841
v 0.05995312 -0.00708496 -0.05902841
v 0.06401564 -0.00574707 -0.06242684
v 0.05932812 -0.00574707 -0.06057138
v 0.05995312 -0.00708496 -0.05902841
v 0.05932812 -0.00574707 -0.06057138
v 0.05495312 -0.00708496 -0.05742684
v 0.05448437 -0.00574707 -0.05900888
v 0.05495312 -0.00708496 -0.05742684
v 0.05448437 -0.00574707 -0.05900888
v 0.04995312 -0.00708496 -0.05613778
v 0.04995312 -0.00708496 -0.05613778
v 0.05448437 -0.00574707 -0.05900888
v 0.04964062 -0.00574707 -0.05773934
v 0.04995312 -0.00708496 -0.05613778
v 0.04964062 -0.00574707 -0.05773934
v 0.04495312 -0.00708496 -0.05516122
v 0.04495312 -0.00708496 -0.05516122
v 0.04964062 -0.00574707 -0.05773934
v 0.04464062 -0.00574707 -0.05678231
v 0.04495312 -0.00708496 -0.05516122
v 0.06120312 -0.00870606 -0.05537606
v 0.06620314 -0.00870606 -0.05736825
v 0.06542189 -0.00809082 -0.05922372
v 0.06542189 -0.00809082 -0.05922372
v 0.06464064 -0.00708496 -0.06092294
v 0.06057812 -0.00809082 -0.05727059
v 0.05995312 -0.00708496 -0.05902841
v 0.06057812 -0.00809082 -0.05727059
v 0.05995312 -0.00708496 -0.05902841
v 0.05557812 -0.00809082 -0.05562997
v 0.05557812 -0.00809082 -0.05562997
v 0.05995312 -0.00708496 -0.05902841
v 0.05495312 -0.00708496 -0.05742684
v 0.05557812 -0.00809082 -0.05562997
v 0.05495312 -0.00708496 -0.05742684
v 0.05042187 -0.00809082 -0.05432138
v 0.05042187 -0.00809082 -0.05432138
v 0.05495312 -0.00708496 -0.05742684
v 0.04995312 -0.00708496 -0.05613778
v 0.05042187 -0.00809082 -0.05432138
v 0.04995312 -0.00708496 -0.05613778
v 0.04526562 -0.00809082 -0.05332528
v 0.04526562 -0.00809082 -0.05332528
v 0.04995312 -0.00708496 -0.05613778
v 0.04495312 -0.00708496 -0.05516122
v 0.04526562 -0.00809082 -0.05332528
v 0.04495312 -0.00708496 -0.05516122
v 0.04010937 -0.00809082 -0.05264169
v 0.03979687 -0.00708496 -0.05449716
v 0.04010937 -0.00809082 -0.05264169
v 0.06260937 -0.00870606 -0.05139169
v 0.06198437 -0.00891113 -0.05338388
v 0.06260937 -0.00870606 -0.05139169
v 0.06198437 -0.00891113 -0.05338388
v 0.05729687 -0.00870606 -0.04963388
v 0.05667187 -0.00891113 -0.05166513
v 0.05729687 -0.00870606 -0.04963388
v 0.05667187 -0.00891113 -0.05166513
v 0.05182812 -0.00870606 -0.04822763
v 0.05135937 -0.00891113 -0.05027841
v 0.05182812 -0.00870606 -0.04822763
v 0.05135937 -0.00891113 -0.05027841
v 0.04620312 -0.00870606 -0.04715341
v 0.04620312 -0.00870606 -0.04715341
v 0.04589062 -0.00891113 -0.04924325
v 0.04620312 -0.00870606 -0.04715341
v 0.04589062 -0.00891113 -0.04924325
v 0.04057812 -0.00870606 -0.04643075
v 0.04042187 -0.00891113 -0.04852059
v 0.03495312 -0.00870606 -0.04605966
v 0.03495312 -0.00891113 -0.04816903
v 0.03495312 -0.00870606 -0.04605966
v 0.03495312 -0.00891113 -0.04816903
v 0.02932813 -0.00870606 -0.04604013
v 0.02932813 -0.00891113 -0.04814950
v 0.02932813 -0.00870606 -0.04604013
v 0.02932813 -0.00891113 -0.04814950
v 0.02370313 -0.00870606 -0.04637216
v 0.02385938 -0.00891113 -0.04848153
v 0.01807813 -0.00870606 -0.04705575
v 0.01839063 -0.00891113 -0.04914559
v 0.01807813 -0.00870606 -0.04705575
v 0.01839063 -0.00891113 -0.04914559
v 0.01245312 -0.00870606 -0.04809091
v 0.01245312 -0.00870606 -0.04809091
v 0.01839063 -0.00891113 -0.04914559
v 0.01292187 -0.00891113 -0.05016122
v 0.00698438 -0.00870606 -0.04947763
v 0.00760938 -0.00891113 -0.05150888
v 0.00698438 -0.00870606 -0.04947763
v 0.00760938 -0.00891113 -0.05150888
v 0.00167188 -0.00870606 -0.05119638
v 0.00229688 -0.00891113 -0.05318856
v 0.00167188 -0.00870606 -0.05119638
v 0.00229688 -0.00891113 -0.05318856
v -0.00364063 -0.00870606 -0.05324716
v -0.00285938 -0.00891113 -0.05520028
v -0.00879688 -0.00870606 -0.05562997
v -0.00785938 -0.00891113 -0.05752450
v -0.00879688 -0.00870606 -0.05562997
v -0.00785938 -0.00891113 -0.05752450
v -0.01379687 -0.00870606 -0.05832528
v -0.01379687 -0.00870606 -0.05832528
v -0.00785938 -0.00891113 -0.05752450
v 0.06870314 -0.00809082 -0.05162606
v 0.06792189 -0.00870606 -0.05348153
v 0.06339062 -0.00809082 -0.04949716
v 0.06260937 -0.00870606 -0.05139169
v 0.06339062 -0.00809082 -0.04949716
v 0.06260937 -0.00870606 -0.05139169
v 0.05792187 -0.00809082 -0.04770028
v 0.05792187 -0.00809082 -0.04770028
v 0.06260937 -0.00870606 -0.05139169
v 0.05729687 -0.00870606 -0.04963388
v 0.05792187 -0.00809082 -0.04770028
v 0.05729687 -0.00870606 -0.04963388
v 0.05229687 -0.00809082 -0.04625497
v 0.05182812 -0.00870606 -0.04822763
v 0.05229687 -0.00809082 -0.04625497
v 0.05182812 -0.00870606 -0.04822763
v 0.04651562 -0.00809082 -0.04514169
v 0.04651562 -0.00809082 -0.04514169
v 0.05182812 -0.00870606 -0.04822763
v 0.04620312 -0.00870606 -0.04715341
v 0.04651562 -0.00809082 -0.04514169
v 0.04620312 -0.00870606 -0.04715341
v 0.04089062 -0.00809082 -0.04441903
v 0.04057812 -0.00870606 -0.04643075
v 0.04089062 -0.00809082 -0.04441903
v 0.04057812 -0.00870606 -0.04643075
v 0.03510937 -0.00809082 -0.04402841
v 0.03495312 -0.00870606 -0.04605966
v 0.03510937 -0.00809082 -0.04402841
v 0.03495312 -0.00870606 -0.04605966
v 0.02932813 -0.00809082 -0.04400888
v 0.02932813 -0.00870606 -0.04604013
v 0.02932813 -0.00809082 -0.04400888
v 0.02932813 -0.00870606 -0.04604013
v 0.02354688 -0.00809082 -0.04436044
v 0.02370313 -0.00870606 -0.04637216
v 0.02354688 -0.00809082 -0.04436044
v 0.02370313 -0.00870606 -0.04637216
v 0.01776563 -0.00809082 -0.04506356
v 0.01807813 -0.00870606 -0.04705575
v 0.01776563 -0.00809082 -0.04506356
v 0.01807813 -0.00870606 -0.04705575
v 0.01198437 -0.00809082 -0.04611825
v 0.01245312 -0.00870606 -0.04809091
v 0.01198437 -0.00809082 -0.04611825
v 0.01245312 -0.00870606 -0.04809091
v 0.00651563 -0.00809082 -0.04752450
v 0.00698438 -0.00870606 -0.04947763
v 0.00651563 -0.00809082 -0.04752450
v 0.00698438 -0.00870606 -0.04947763
v 0.00089063 -0.00809082 -0.04928231
v 0.00089063 -0.00809082 -0.04928231
v 0.00698438 -0.00870606 -0.04947763
v 0.00167188 -0.00870606 -0.05119638
v 0.00089063 -0.00809082 -0.04928231
v 0.00167188 -0.00870606 -0.05119638
v -0.00442188 -0.00809082 -0.05139169
v -0.00364063 -0.00870606 -0.05324716
v -0.00442188 -0.00809082 -0.05139169
v -0.00364063 -0.00870606 -0.05324716
v -0.00973438 -0.00809082 -0.05381356
v -0.00973438 -0.00809082 -0.05381356
v -0.00364063 -0.00870606 -0.05324716
v -0.00879688 -0.00870606 -0.05562997
v -0.00973438 -0.00809082 -0.05381356
v -0.00879688 -0.00870606 -0.05562997
v -0.01473437 -0.00809082 -0.05656747
v -0.01473437 -0.00809082 -0.05656747
v -0.00879688 -0.00870606 -0.05562997
v -0.01379687 -0.00870606 -0.05832528
v -0.01473437 -0.00809082 -0.05656747
v -0.01379687 -0.00870606 -0.05832528
v -0.01973438 -0.00809082 -0.05965341
v -0.01973438 -0.00809082 -0.05965341
v -0.01379687 -0.00870606 -0.05832528
v -0.01864063 -0.00870606 -0.06133309
v -0.01973438 -0.00809082 -0.05965341
v -0.01864063 -0.00870606 -0.06133309
v -0.02442188 -0.00809082 -0.06301278
v 0.06948439 -0.00708496 -0.04990731
v 0.06870314 -0.00809082 -0.05162606
v 0.06401564 -0.00708496 -0.04773934
v 0.06401564 -0.00708496 -0.04773934
v 0.06870314 -0.00809082 -0.05162606
v 0.06339062 -0.00809082 -0.04949716
v 0.06401564 -0.00708496 -0.04773934
v 0.06339062 -0.00809082 -0.04949716
v 0.05839062 -0.00708496 -0.04590341
v 0.05792187 -0.00809082 -0.04770028
v 0.05839062 -0.00708496 -0.04590341
v 0.05792187 -0.00809082 -0.04770028
v 0.05260937 -0.00708496 -0.04441903
v 0.05229687 -0.00809082 -0.04625497
v 0.05260937 -0.00708496 -0.04441903
v 0.05229687 -0.00809082 -0.04625497
v 0.04682812 -0.00708496 -0.04330575
v 0.04651562 -0.00809082 -0.04514169
v 0.04682812 -0.00708496 -0.04330575
v 0.04651562 -0.00809082 -0.04514169
v 0.04104687 -0.00708496 -0.04254403
v 0.04089062 -0.00809082 -0.04441903
v 0.04104687 -0.00708496 -0.04254403
v 0.04089062 -0.00809082 -0.04441903
v 0.03510937 -0.00708496 -0.04217294
v 0.03510937 -0.00708496 -0.04217294
v 0.04089062 -0.00809082 -0.04441903
v 0.03510937 -0.00809082 -0.04402841
v 0.03510937 -0.00708496 -0.04217294
v 0.03510937 -0.00809082 -0.04402841
v 0.02917188 -0.00708496 -0.04215341
v 0.02932813 -0.00809082 -0.04400888
v 0.02917188 -0.00708496 -0.04215341
v 0.02932813 -0.00809082 -0.04400888
v 0.02339063 -0.00708496 -0.04248544
v 0.02354688 -0.00809082 -0.04436044
v 0.02339063 -0.00708496 -0.04248544
v 0.02354688 -0.00809082 -0.04436044
v 0.01745313 -0.00708496 -0.04320809
v 0.01776563 -0.00809082 -0.04506356
v 0.01745313 -0.00708496 -0.04320809
v 0.01776563 -0.00809082 -0.04506356
v 0.01167187 -0.00708496 -0.04428231
v 0.01167187 -0.00708496 -0.04428231
v 0.01776563 -0.00809082 -0.04506356
v 0.01198437 -0.00809082 -0.04611825
v 0.01167187 -0.00708496 -0.04428231
v 0.01198437 -0.00809082 -0.04611825
v 0.00589063 -0.00708496 -0.04572763
v 0.00589063 -0.00708496 -0.04572763
v 0.01198437 -0.00809082 -0.04611825
v 0.00651563 -0.00809082 -0.04752450
v 0.00589063 -0.00708496 -0.04572763
v 0.00651563 -0.00809082 -0.04752450
v 0.00026563 -0.00708496 -0.04752450
v 0.00089063 -0.00809082 -0.04928231
v 0.00026563 -0.00708496 -0.04752450
v 0.00089063 -0.00809082 -0.04928231
v -0.00520313 -0.00708496 -0.04967294
v -0.00442188 -0.00809082 -0.05139169
v -0.00520313 -0.00708496 -0.04967294
v -0.00442188 -0.00809082 -0.05139169
v -0.01051562 -0.00708496 -0.05215341
v -0.01051562 -0.00708496 -0.05215341
v -0.00442188 -0.00809082 -0.05139169
v -0.00973438 -0.00809082 -0.05381356
v -0.01051562 -0.00708496 -0.05215341
v -0.00973438 -0.00809082 -0.05381356
v -0.01567187 -0.00708496 -0.05496591
v -0.01473437 -0.00809082 -0.05656747
v -0.01567187 -0.00708496 -0.05496591
v -0.01473437 -0.00809082 -0.05656747
v -0.02067188 -0.00708496 -0.05809091
v -0.02067188 -0.00708496 -0.05809091
v -0.01473437 -0.00809082 -0.05656747
v -0.01973438 -0.00809082 -0.05965341
v -0.02067188 -0.00708496 -0.05809091
v -0.01973438 -0.00809082 -0.05965341
v -0.02551563 -0.00708496 -0.06152841
v -0.02551563 -0.00708496 -0.06152841
v -0.01973438 -0.00809082 -0.05965341
v -0.02442188 -0.00809082 -0.06301278
v -0.02551563 -0.00708496 -0.06152841
v -0.02442188 -0.00809082 -0.06301278
v -0.03004688 -0.00708496 -0.06525888
v 0.06448439 -0.00574707 -0.04619638
v 0.06401564 -0.00708496 -0.04773934
v 0.06448439 -0.00574707 -0.04619638
v 0.06401564 -0.00708496 -0.04773934
v 0.05885937 -0.00574707 -0.04434091
v 0.05885937 -0.00574707 -0.04434091
v 0.06401564 -0.00708496 -0.04773934
v 0.05839062 -0.00708496 -0.04590341
v 0.05885937 -0.00574707 -0.04434091
v 0.05839062 -0.00708496 -0.04590341
v 0.05307812 -0.00574707 -0.04283700
v 0.05307812 -0.00574707 -0.04283700
v 0.05839062 -0.00708496 -0.04590341
v 0.05260937 -0.00708496 -0.04441903
v 0.05307812 -0.00574707 -0.04283700
v 0.05260937 -0.00708496 -0.04441903
v 0.04714062 -0.00574707 -0.04168466
v 0.04682812 -0.00708496 -0.04330575
v 0.04714062 -0.00574707 -0.04168466
v 0.04682812 -0.00708496 -0.04330575
v 0.04120312 -0.00574707 -0.04092294
v 0.04120312 -0.00574707 -0.04092294
v 0.04682812 -0.00708496 -0.04330575
v 0.04104687 -0.00708496 -0.04254403
v 0.04120312 -0.00574707 -0.04092294
v 0.04104687 -0.00708496 -0.04254403
v 0.03510937 -0.00574707 -0.04053231
v 0.03510937 -0.00708496 -0.04217294
v 0.03510937 -0.00574707 -0.04053231
v 0.03510937 -0.00708496 -0.04217294
v 0.02917188 -0.00574707 -0.04051278
v 0.02917188 -0.00708496 -0.04215341
v 0.02917188 -0.00574707 -0.04051278
v 0.02917188 -0.00708496 -0.04215341
v 0.02323438 -0.00574707 -0.04086434
v 0.02339063 -0.00708496 -0.04248544
v 0.02323438 -0.00574707 -0.04086434
v 0.02339063 -0.00708496 -0.04248544
v 0.01714063 -0.00574707 -0.04158700
v 0.01714063 -0.00574707 -0.04158700
v 0.02339063 -0.00708496 -0.04248544
v 0.01745313 -0.00708496 -0.04320809
v 0.01714063 -0.00574707 -0.04158700
v 0.01745313 -0.00708496 -0.04320809
v 0.01135937 -0.00574707 -0.04268075
v 0.01135937 -0.00574707 -0.04268075
v 0.01745313 -0.00708496 -0.04320809
v 0.01167187 -0.00708496 -0.04428231
v 0.01135937 -0.00574707 -0.04268075
v 0.01167187 -0.00708496 -0.04428231
v 0.00542188 -0.00574707 -0.04414559
v 0.00542188 -0.00574707 -0.04414559
v 0.01167187 -0.00708496 -0.04428231
v 0.00589063 -0.00708496 -0.04572763
v 0.00542188 -0.00574707 -0.04414559
v 0.00589063 -0.00708496 -0.04572763
v -0.00020313 -0.00574707 -0.04598153
v -0.00020313 -0.00574707 -0.04598153
v 0.00589063 -0.00708496 -0.04572763
v 0.00026563 -0.00708496 -0.04752450
v -0.00020313 -0.00574707 -0.04598153
v 0.00026563 -0.00708496 -0.04752450
v -0.00582813 -0.00574707 -0.04816903
v -0.00582813 -0.00574707 -0.04816903
v 0.00026563 -0.00708496 -0.04752450
v -0.00520313 -0.00708496 -0.04967294
v -0.00582813 -0.00574707 -0.04816903
v -0.00520313 -0.00708496 -0.04967294
v -0.01129687 -0.00574707 -0.05068856
v -0.01129687 -0.00574707 -0.05068856
v -0.00520313 -0.00708496 -0.04967294
v -0.01051562 -0.00708496 -0.05215341
v -0.01129687 -0.00574707 -0.05068856
v -0.01051562 -0.00708496 -0.05215341
v -0.01660938 -0.00574707 -0.05354013
v -0.01660938 -0.00574707 -0.05354013
v -0.01051562 -0.00708496 -0.05215341
v -0.01567187 -0.00708496 -0.05496591
v -0.01660938 -0.00574707 -0.05354013
v -0.01567187 -0.00708496 -0.05496591
v -0.02160938 -0.00574707 -0.05672372
v -0.02160938 -0.00574707 -0.05672372
v -0.01567187 -0.00708496 -0.05496591
v -0.02067188 -0.00708496 -0.05809091
v -0.02160938 -0.00574707 -0.05672372
v -0.02067188 -0.00708496 -0.05809091
v -0.02660938 -0.00574707 -0.06021981
v -0.02660938 -0.00574707 -0.06021981
v -0.02067188 -0.00708496 -0.05809091
v -0.02551563 -0.00708496 -0.06152841
v -0.02660938 -0.00574707 -0.06021981
v -0.02551563 -0.00708496 -0.06152841
v -0.03114063 -0.00574707 -0.06402841
v -0.03114063 -0.00574707 -0.06402841
v -0.02551563 -0.00708496 -0.06152841
v -0.03004688 -0.00708496 -0.06525888
v 0.07073439 -0.00410645 -0.04717294
v 0.07010939 -0.00574707 -0.04842294
v 0.06495314 -0.00410645 -0.04492684
v 0.06495314 -0.00410645 -0.04492684
v 0.07010939 -0.00574707 -0.04842294
v 0.06448439 -0.00574707 -0.04619638
v 0.06495314 -0.00410645 -0.04492684
v 0.06448439 -0.00574707 -0.04619638
v 0.05917187 -0.00410645 -0.04305184
v 0.05917187 -0.00410645 -0.04305184
v 0.06448439 -0.00574707 -0.04619638
v 0.05885937 -0.00574707 -0.04434091
v 0.05917187 -0.00410645 -0.04305184
v 0.05885937 -0.00574707 -0.04434091
v 0.05339062 -0.00410645 -0.04150888
v 0.05339062 -0.00410645 -0.04150888
v 0.05885937 -0.00574707 -0.04434091
v 0.05307812 -0.00574707 -0.04283700
v 0.05339062 -0.00410645 -0.04150888
v 0.05307812 -0.00574707 -0.04283700
v 0.04729687 -0.00410645 -0.04035653
v 0.04729687 -0.00410645 -0.04035653
v 0.05307812 -0.00574707 -0.04283700
v 0.04714062 -0.00574707 -0.04168466
v 0.04729687 -0.00410645 -0.04035653
v 0.04714062 -0.00574707 -0.04168466
v 0.04135937 -0.00410645 -0.03957528
v 0.04135937 -0.00410645 -0.03957528
v 0.04714062 -0.00574707 -0.04168466
v 0.04120312 -0.00574707 -0.04092294
v 0.04135937 -0.00410645 -0.03957528
v 0.04120312 -0.00574707 -0.04092294
v 0.03526562 -0.00410645 -0.03918466
v 0.03510937 -0.00574707 -0.04053231
v 0.03526562 -0.00410645 -0.03918466
v 0.03510937 -0.00574707 -0.04053231
v 0.02917188 -0.00410645 -0.03916513
v 0.02917188 -0.00574707 -0.04051278
v 0.02917188 -0.00410645 -0.03916513
v 0.02917188 -0.00574707 -0.04051278
v 0.02307813 -0.00410645 -0.03951669
v 0.02307813 -0.00410645 -0.03951669
v 0.02917188 -0.00574707 -0.04051278
v 0.02323438 -0.00574707 -0.04086434
v 0.02307813 -0.00410645 -0.03951669
v 0.02323438 -0.00574707 -0.04086434
v 0.01698438 -0.00410645 -0.04025888
v 0.01698438 -0.00410645 -0.04025888
v 0.02323438 -0.00574707 -0.04086434
v 0.01714063 -0.00574707 -0.04158700
v 0.01698438 -0.00410645 -0.04025888
v 0.01714063 -0.00574707 -0.04158700
v 0.01104687 -0.00410645 -0.04137216
v 0.01135937 -0.00574707 -0.04268075
v 0.01104687 -0.00410645 -0.04137216
v 0.01135937 -0.00574707 -0.04268075
v 0.00510938 -0.00410645 -0.04285653
v 0.00510938 -0.00410645 -0.04285653
v 0.01135937 -0.00574707 -0.04268075
v 0.00542188 -0.00574707 -0.04414559
v 0.00510938 -0.00410645 -0.04285653
v 0.00542188 -0.00574707 -0.04414559
v -0.00067188 -0.00410645 -0.04471200
v -0.00067188 -0.00410645 -0.04471200
v 0.00542188 -0.00574707 -0.04414559
v -0.00020313 -0.00574707 -0.04598153
v -0.00067188 -0.00410645 -0.04471200
v -0.00020313 -0.00574707 -0.04598153
v -0.00629688 -0.00410645 -0.04691903
v -0.00629688 -0.00410645 -0.04691903
v -0.00020313 -0.00574707 -0.04598153
v -0.00582813 -0.00574707 -0.04816903
v -0.00629688 -0.00410645 -0.04691903
v -0.00582813 -0.00574707 -0.04816903
v -0.01192187 -0.00410645 -0.04947763
v -0.01192187 -0.00410645 -0.04947763
v -0.00582813 -0.00574707 -0.04816903
v -0.01129687 -0.00574707 -0.05068856
v -0.01192187 -0.00410645 -0.04947763
v -0.01129687 -0.00574707 -0.05068856
v -0.01723438 -0.00410645 -0.05238778
v -0.01723438 -0.00410645 -0.05238778
v -0.01129687 -0.00574707 -0.05068856
v -0.01660938 -0.00574707 -0.05354013
v -0.01723438 -0.00410645 -0.05238778
v -0.01660938 -0.00574707 -0.05354013
v -0.02239063 -0.00410645 -0.05561044
v -0.02239063 -0.00410645 -0.05561044
v -0.01660938 -0.00574707 -0.05354013
v -0.02160938 -0.00574707 -0.05672372
v -0.02239063 -0.00410645 -0.05561044
v -0.02160938 -0.00574707 -0.05672372
v -0.02739063 -0.00410645 -0.05916513
v -0.02739063 -0.00410645 -0.05916513
v -0.02160938 -0.00574707 -0.05672372
v -0.02660938 -0.00574707 -0.06021981
v -0.02739063 -0.00410645 -0.05916513
v -0.02660938 -0.00574707 -0.06021981
v -0.03207812 -0.00410645 -0.06301278
v -0.03207812 -0.00410645 -0.06301278
v -0.02660938 -0.00574707 -0.06021981
v -0.03114063 -0.00574707 -0.06402841
v 0.07104689 -0.00224121 -0.04627450
v 0.07073439 -0.00410645 -0.04717294
v 0.06542189 -0.00224121 -0.04398934
v 0.06542189 -0.00224121 -0.04398934
v 0.07073439 -0.00410645 -0.04717294
v 0.06495314 -0.00410645 -0.04492684
v 0.06542189 -0.00224121 -0.04398934
v 0.06495314 -0.00410645 -0.04492684
v 0.05948437 -0.00224121 -0.04207528
v 0.05948437 -0.00224121 -0.04207528
v 0.06495314 -0.00410645 -0.04492684
v 0.05917187 -0.00410645 -0.04305184
v 0.05948437 -0.00224121 -0.04207528
v 0.05917187 -0.00410645 -0.04305184
v 0.05354687 -0.00224121 -0.04055184
v 0.05354687 -0.00224121 -0.04055184
v 0.05917187 -0.00410645 -0.04305184
v 0.05339062 -0.00410645 -0.04150888
v 0.05354687 -0.00224121 -0.04055184
v 0.05339062 -0.00410645 -0.04150888
v 0.04745312 -0.00224121 -0.03937997
v 0.04745312 -0.00224121 -0.03937997
v 0.05339062 -0.00410645 -0.04150888
v 0.04729687 -0.00410645 -0.04035653
v 0.04745312 -0.00224121 -0.03937997
v 0.04729687 -0.00410645 -0.04035653
v 0.04135937 -0.00224121 -0.03859872
v 0.04135937 -0.00224121 -0.03859872
v 0.04729687 -0.00410645 -0.04035653
v 0.04135937 -0.00410645 -0.03957528
v 0.04135937 -0.00224121 -0.03859872
v 0.04135937 -0.00410645 -0.03957528
v 0.03526562 -0.00224121 -0.03818856
v 0.03526562 -0.00224121 -0.03818856
v 0.04135937 -0.00410645 -0.03957528
v 0.03526562 -0.00410645 -0.03918466
v 0.03526562 -0.00224121 -0.03818856
v 0.03526562 -0.00410645 -0.03918466
v 0.02917188 -0.00224121 -0.03816903
v 0.02917188 -0.00410645 -0.03916513
v 0.02917188 -0.00224121 -0.03816903
v 0.02917188 -0.00410645 -0.03916513
v 0.02292188 -0.00224121 -0.03852059
v 0.02307813 -0.00410645 -0.03951669
v 0.02292188 -0.00224121 -0.03852059
v 0.02307813 -0.00410645 -0.03951669
v 0.01682813 -0.00224121 -0.03928231
v 0.01682813 -0.00224121 -0.03928231
v 0.02307813 -0.00410645 -0.03951669
v 0.01698438 -0.00410645 -0.04025888
v 0.01682813 -0.00224121 -0.03928231
v 0.01698438 -0.00410645 -0.04025888
v 0.01073437 -0.00224121 -0.04039559
v 0.01073437 -0.00224121 -0.04039559
v 0.01698438 -0.00410645 -0.04025888
v 0.01104687 -0.00410645 -0.04137216
v 0.01073437 -0.00224121 -0.04039559
v 0.01104687 -0.00410645 -0.04137216
v 0.00479688 -0.00224121 -0.04189950
v 0.00479688 -0.00224121 -0.04189950
v 0.01104687 -0.00410645 -0.04137216
v 0.00510938 -0.00410645 -0.04285653
v 0.00479688 -0.00224121 -0.04189950
v 0.00510938 -0.00410645 -0.04285653
v -0.00098438 -0.00224121 -0.04377450
v -0.00067188 -0.00410645 -0.04471200
v -0.00098438 -0.00224121 -0.04377450
v -0.00067188 -0.00410645 -0.04471200
v -0.00676563 -0.00224121 -0.04600106
v -0.00676563 -0.00224121 -0.04600106
v -0.00067188 -0.00410645 -0.04471200
v -0.00629688 -0.00410645 -0.04691903
v -0.00676563 -0.00224121 -0.04600106
v -0.00629688 -0.00410645 -0.04691903
v -0.01239062 -0.00224121 -0.04859872
v -0.01239062 -0.00224121 -0.04859872
v -0.00629688 -0.00410645 -0.04691903
v -0.01192187 -0.00410645 -0.04947763
v -0.01239062 -0.00224121 -0.04859872
v -0.01192187 -0.00410645 -0.04947763
v -0.01770313 -0.00224121 -0.05152841
v -0.01770313 -0.00224121 -0.05152841
v -0.01192187 -0.00410645 -0.04947763
v -0.01723438 -0.00410645 -0.05238778
v -0.01770313 -0.00224121 -0.05152841
v -0.01723438 -0.00410645 -0.05238778
v -0.02301563 -0.00224121 -0.05479013
v -0.02301563 -0.00224121 -0.05479013
v -0.01723438 -0.00410645 -0.05238778
v -0.02239063 -0.00410645 -0.05561044
v -0.02301563 -0.00224121 -0.05479013
v -0.02239063 -0.00410645 -0.05561044
v -0.02801563 -0.00224121 -0.05836434
v -0.02801563 -0.00224121 -0.05836434
v -0.02239063 -0.00410645 -0.05561044
v -0.02739063 -0.00410645 -0.05916513
v -0.02801563 -0.00224121 -0.05836434
v -0.02739063 -0.00410645 -0.05916513
v -0.03270312 -0.00224121 -0.06225106
v -0.03270312 -0.00224121 -0.06225106
v -0.02739063 -0.00410645 -0.05916513
v -0.03207812 -0.00410645 -0.06301278
v 0.06557814 -0.00020996 -0.04342294
v 0.06557814 -0.00020996 -0.04342294
v 0.07104689 -0.00224121 -0.04627450
v 0.06542189 -0.00224121 -0.04398934
v 0.06557814 -0.00020996 -0.04342294
v 0.06542189 -0.00224121 -0.04398934
v 0.05964062 -0.00020996 -0.04148934
v 0.05964062 -0.00020996 -0.04148934
v 0.06542189 -0.00224121 -0.04398934
v 0.05948437 -0.00224121 -0.04207528
v 0.05964062 -0.00020996 -0.04148934
v 0.05948437 -0.00224121 -0.04207528
v 0.05370312 -0.00020996 -0.03994638
v 0.05354687 -0.00224121 -0.04055184
v 0.05370312 -0.00020996 -0.03994638
v 0.05354687 -0.00224121 -0.04055184
v 0.04760937 -0.00020996 -0.03877450
v 0.04745312 -0.00224121 -0.03937997
v 0.04760937 -0.00020996 -0.03877450
v 0.04745312 -0.00224121 -0.03937997
v 0.04151562 -0.00020996 -0.03797372
v 0.04151562 -0.00020996 -0.03797372
v 0.04745312 -0.00224121 -0.03937997
v 0.04135937 -0.00224121 -0.03859872
v 0.04151562 -0.00020996 -0.03797372
v 0.04135937 -0.00224121 -0.03859872
v 0.03526562 -0.00020996 -0.03756356
v 0.03526562 -0.00020996 -0.03756356
v 0.04135937 -0.00224121 -0.03859872
v 0.03526562 -0.00224121 -0.03818856
v 0.03526562 -0.00020996 -0.03756356
v 0.03526562 -0.00224121 -0.03818856
v 0.02901563 -0.00020996 -0.03754403
v 0.02917188 -0.00224121 -0.03816903
v 0.02901563 -0.00020996 -0.03754403
v 0.02917188 -0.00224121 -0.03816903
v 0.02292188 -0.00020996 -0.03791513
v 0.02292188 -0.00020996 -0.03791513
v 0.02917188 -0.00224121 -0.03816903
v 0.02292188 -0.00224121 -0.03852059
v 0.02292188 -0.00020996 -0.03791513
v 0.02292188 -0.00224121 -0.03852059
v 0.01682813 -0.00020996 -0.03865731
v 0.01682813 -0.00020996 -0.03865731
v 0.02292188 -0.00224121 -0.03852059
v 0.01682813 -0.00224121 -0.03928231
v 0.01682813 -0.00020996 -0.03865731
v 0.01682813 -0.00224121 -0.03928231
v 0.01073437 -0.00020996 -0.03980966
v 0.01073437 -0.00020996 -0.03980966
v 0.01682813 -0.00224121 -0.03928231
v 0.01073437 -0.00224121 -0.04039559
v 0.01073437 -0.00020996 -0.03980966
v 0.01073437 -0.00224121 -0.04039559
v 0.00464063 -0.00020996 -0.04131356
v 0.00464063 -0.00020996 -0.04131356
v 0.01073437 -0.00224121 -0.04039559
v 0.00479688 -0.00224121 -0.04189950
v 0.00464063 -0.00020996 -0.04131356
v 0.00479688 -0.00224121 -0.04189950
v -0.00129688 -0.00020996 -0.04318856
v -0.00129688 -0.00020996 -0.04318856
v 0.00479688 -0.00224121 -0.04189950
v -0.00098438 -0.00224121 -0.04377450
v -0.00129688 -0.00020996 -0.04318856
v -0.00098438 -0.00224121 -0.04377450
v -0.00692188 -0.00020996 -0.04543466
v -0.00692188 -0.00020996 -0.04543466
v -0.00098438 -0.00224121 -0.04377450
v -0.00676563 -0.00224121 -0.04600106
v -0.00692188 -0.00020996 -0.04543466
v -0.00676563 -0.00224121 -0.04600106
v -0.01254687 -0.00020996 -0.04805184
v -0.01254687 -0.00020996 -0.04805184
v -0.00676563 -0.00224121 -0.04600106
v -0.01239062 -0.00224121 -0.04859872
v -0.01254687 -0.00020996 -0.04805184
v -0.01239062 -0.00224121 -0.04859872
v -0.01801563 -0.00020996 -0.05098153
v -0.01801563 -0.00020996 -0.05098153
v -0.01239062 -0.00224121 -0.04859872
v -0.01770313 -0.00224121 -0.05152841
v -0.01801563 -0.00020996 -0.05098153
v -0.01770313 -0.00224121 -0.05152841
v -0.02332813 -0.00020996 -0.05428231
v -0.02332813 -0.00020996 -0.05428231
v -0.01770313 -0.00224121 -0.05152841
v -0.02301563 -0.00224121 -0.05479013
v -0.02332813 -0.00020996 -0.05428231
v -0.02301563 -0.00224121 -0.05479013
v -0.02832813 -0.00020996 -0.05787606
v -0.02832813 -0.00020996 -0.05787606
v -0.02301563 -0.00224121 -0.05479013
v -0.02801563 -0.00224121 -0.05836434
v -0.02832813 -0.00020996 -0.05787606
v -0.02801563 -0.00224121 -0.05836434
v -0.03317187 -0.00020996 -0.06178231
v -0.03317187 -0.00020996 -0.06178231
v -0.02801563 -0.00224121 -0.05836434
v -0.03270312 -0.00224121 -0.06225106
v 0.06557814 0.00189941 -0.04322763
v 0.06557814 -0.00020996 -0.04342294
v 0.06557814 0.00189941 -0.04322763
v 0.06557814 -0.00020996 -0.04342294
v 0.05979687 0.00189941 -0.04129403
v 0.05979687 0.00189941 -0.04129403
v 0.06557814 -0.00020996 -0.04342294
v 0.05964062 -0.00020996 -0.04148934
v 0.05979687 0.00189941 -0.04129403
v 0.05964062 -0.00020996 -0.04148934
v 0.05370312 0.00189941 -0.03973153
v 0.05370312 0.00189941 -0.03973153
v 0.05964062 -0.00020996 -0.04148934
v 0.05370312 -0.00020996 -0.03994638
v 0.05370312 0.00189941 -0.03973153
v 0.05370312 -0.00020996 -0.03994638
v 0.04760937 0.00189941 -0.03855966
v 0.04760937 -0.00020996 -0.03877450
v 0.04760937 0.00189941 -0.03855966
v 0.04760937 -0.00020996 -0.03877450
v 0.04151562 0.00189941 -0.03777841
v 0.04151562 0.00189941 -0.03777841
v 0.04760937 -0.00020996 -0.03877450
v 0.04151562 -0.00020996 -0.03797372
v 0.04151562 0.00189941 -0.03777841
v 0.04151562 -0.00020996 -0.03797372
v 0.03526562 0.00189941 -0.03736825
v 0.03526562 -0.00020996 -0.03756356
v 0.03526562 0.00189941 -0.03736825
v 0.03526562 -0.00020996 -0.03756356
v 0.02901563 0.00189941 -0.03734872
v 0.02901563 -0.00020996 -0.03754403
v 0.02901563 0.00189941 -0.03734872
v 0.02901563 -0.00020996 -0.03754403
v 0.02292188 0.00189941 -0.03770028
v 0.02292188 0.00189941 -0.03770028
v 0.02901563 -0.00020996 -0.03754403
v 0.02292188 -0.00020996 -0.03791513
v 0.02292188 0.00189941 -0.03770028
v 0.02292188 -0.00020996 -0.03791513
v 0.01667188 0.00189941 -0.03846200
v 0.01682813 -0.00020996 -0.03865731
v 0.01667188 0.00189941 -0.03846200
v 0.01682813 -0.00020996 -0.03865731
v 0.01057812 0.00189941 -0.03959481
v 0.01057812 0.00189941 -0.03959481
v 0.01682813 -0.00020996 -0.03865731
v 0.01073437 -0.00020996 -0.03980966
v 0.01057812 0.00189941 -0.03959481
v 0.01073437 -0.00020996 -0.03980966
v 0.00464063 0.00189941 -0.04111825
v 0.00464063 0.00189941 -0.04111825
v 0.01073437 -0.00020996 -0.03980966
v 0.00464063 -0.00020996 -0.04131356
v 0.00464063 0.00189941 -0.04111825
v 0.00464063 -0.00020996 -0.04131356
v -0.00129688 0.00189941 -0.04299325
v -0.00129688 -0.00020996 -0.04318856
v -0.00129688 0.00189941 -0.04299325
v -0.00129688 -0.00020996 -0.04318856
v -0.00707813 0.00189941 -0.04525888
v -0.00707813 0.00189941 -0.04525888
v -0.00129688 -0.00020996 -0.04318856
v -0.00692188 -0.00020996 -0.04543466
v -0.00707813 0.00189941 -0.04525888
v -0.00692188 -0.00020996 -0.04543466
v -0.01270312 0.00189941 -0.04785653
v -0.01254687 -0.00020996 -0.04805184
v -0.01270312 0.00189941 -0.04785653
v -0.01254687 -0.00020996 -0.04805184
v -0.01817188 0.00189941 -0.05080575
v -0.01817188 0.00189941 -0.05080575
v -0.01254687 -0.00020996 -0.04805184
v -0.01801563 -0.00020996 -0.05098153
v -0.01817188 0.00189941 -0.05080575
v -0.01801563 -0.00020996 -0.05098153
v -0.02348438 0.00189941 -0.05410653
v -0.02332813 -0.00020996 -0.05428231
v -0.02348438 0.00189941 -0.05410653
v -0.02332813 -0.00020996 -0.05428231
v -0.02848438 0.00189941 -0.05771981
v -0.02848438 0.00189941 -0.05771981
v -0.02332813 -0.00020996 -0.05428231
v -0.02832813 -0.00020996 -0.05787606
v -0.02848438 0.00189941 -0.05771981
v -0.02832813 -0.00020996 -0.05787606
v -0.03332812 0.00189941 -0.06162606
v -0.03317187 -0.00020996 -0.06178231
v 0.07135939 0.00400879 -0.04570809
v 0.07135939 0.00189941 -0.04551278
v 0.06557814 0.00400879 -0.04342294
v 0.06557814 0.00189941 -0.04322763
v 0.06557814 0.00400879 -0.04342294
v 0.06557814 0.00189941 -0.04322763
v 0.05964062 0.00400879 -0.04148934
v 0.05964062 0.00400879 -0.04148934
v 0.06557814 0.00189941 -0.04322763
v 0.05979687 0.00189941 -0.04129403
v 0.05964062 0.00400879 -0.04148934
v 0.05979687 0.00189941 -0.04129403
v 0.05370312 0.00400879 -0.03994638
v 0.05370312 0.00400879 -0.03994638
v 0.05979687 0.00189941 -0.04129403
v 0.05370312 0.00189941 -0.03973153
v 0.05370312 0.00400879 -0.03994638
v 0.05370312 0.00189941 -0.03973153
v 0.04760937 0.00400879 -0.03877450
v 0.04760937 0.00189941 -0.03855966
v 0.04760937 0.00400879 -0.03877450
v 0.04760937 0.00189941 -0.03855966
v 0.04151562 0.00400879 -0.03797372
v 0.04151562 0.00400879 -0.03797372
v 0.04760937 0.00189941 -0.03855966
v 0.04151562 0.00189941 -0.03777841
v 0.04151562 0.00400879 -0.03797372
v 0.04151562 0.00189941 -0.03777841
v 0.03526562 0.00400879 -0.03756356
v 0.03526562 0.00189941 -0.03736825
v 0.03526562 0.00400879 -0.03756356
v 0.03526562 0.00189941 -0.03736825
v 0.02901563 0.00400879 -0.03754403
v 0.02901563 0.00189941 -0.03734872
v 0.02901563 0.00400879 -0.03754403
v 0.02901563 0.00189941 -0.03734872
v 0.02292188 0.00400879 -0.03791513
v 0.02292188 0.00400879 -0.03791513
v 0.02901563 0.00189941 -0.03734872
v 0.02292188 0.00189941 -0.03770028
v 0.02292188 0.00400879 -0.03791513
v 0.02292188 0.00189941 -0.03770028
v 0.01682813 0.00400879 -0.03865731
v 0.01667188 0.00189941 -0.03846200
v 0.01682813 0.00400879 -0.03865731
v 0.01667188 0.00189941 -0.03846200
v 0.01073437 0.00400879 -0.03980966
v 0.01073437 0.00400879 -0.03980966
v 0.01667188 0.00189941 -0.03846200
v 0.01057812 0.00189941 -0.03959481
v 0.01073437 0.00400879 -0.03980966
v 0.01057812 0.00189941 -0.03959481
v 0.00464063 0.00400879 -0.04131356
v 0.00464063 0.00400879 -0.04131356
v 0.01057812 0.00189941 -0.03959481
v 0.00464063 0.00189941 -0.04111825
v 0.00464063 0.00400879 -0.04131356
v 0.00464063 0.00189941 -0.04111825
v -0.00129688 0.00400879 -0.04318856
v -0.00129688 0.00189941 -0.04299325
v -0.00129688 0.00400879 -0.04318856
v -0.00129688 0.00189941 -0.04299325
v -0.00692188 0.00400879 -0.04543466
v -0.00692188 0.00400879 -0.04543466
v -0.00129688 0.00189941 -0.04299325
v -0.00707813 0.00189941 -0.04525888
v -0.00692188 0.00400879 -0.04543466
v -0.00707813 0.00189941 -0.04525888
v -0.01254687 0.00400879 -0.04805184
v -0.01270312 0.00189941 -0.04785653
v -0.01254687 0.00400879 -0.04805184
v -0.01270312 0.00189941 -0.04785653
v -0.01801563 0.00400879 -0.05098153
v -0.01801563 0.00400879 -0.05098153
v -0.01270312 0.00189941 -0.04785653
v -0.01817188 0.00189941 -0.05080575
v -0.01801563 0.00400879 -0.05098153
v -0.01817188 0.00189941 -0.05080575
v -0.02332813 0.00400879 -0.05428231
v -0.02348438 0.00189941 -0.05410653
v -0.02332813 0.00400879 -0.05428231
v -0.02348438 0.00189941 -0.05410653
v -0.02832813 0.00400879 -0.05787606
v -0.02832813 0.00400879 -0.05787606
v -0.02348438 0.00189941 -0.05410653
v -0.02848438 0.00189941 -0.05771981
v -0.02832813 0.00400879 -0.05787606
v -0.02848438 0.00189941 -0.05771981
v -0.03317187 0.00400879 -0.06178231
v -0.03332812 0.00189941 -0.06162606
v 0.07104689 0.00603027 -0.04627450
v 0.07135939 0.00400879 -0.04570809
v 0.06542189 0.00603027 -0.04398934
v 0.06542189 0.00603027 -0.04398934
v 0.07135939 0.00400879 -0.04570809
v 0.06557814 0.00400879 -0.04342294
v 0.06542189 0.00603027 -0.04398934
v 0.06557814 0.00400879 -0.04342294
v 0.05948437 0.00603027 -0.04207528
v 0.05948437 0.00603027 -0.04207528
v 0.06557814 0.00400879 -0.04342294
v 0.05964062 0.00400879 -0.04148934
v 0.05948437 0.00603027 -0.04207528
v 0.05964062 0.00400879 -0.04148934
v 0.05354687 0.00603027 -0.04055184
v 0.05354687 0.00603027 -0.04055184
v 0.05964062 0.00400879 -0.04148934
v 0.05370312 0.00400879 -0.03994638
v 0.05354687 0.00603027 -0.04055184
v 0.05370312 0.00400879 -0.03994638
v 0.04745312 0.00603027 -0.03937997
v 0.04760937 0.00400879 -0.03877450
v 0.04745312 0.00603027 -0.03937997
v 0.04760937 0.00400879 -0.03877450
v 0.04135937 0.00603027 -0.03859872
v 0.04135937 0.00603027 -0.03859872
v 0.04760937 0.00400879 -0.03877450
v 0.04151562 0.00400879 -0.03797372
v 0.04135937 0.00603027 -0.03859872
v 0.04151562 0.00400879 -0.03797372
v 0.03526562 0.00603027 -0.03818856
v 0.03526562 0.00603027 -0.03818856
v 0.04151562 0.00400879 -0.03797372
v 0.03526562 0.00400879 -0.03756356
v 0.03526562 0.00603027 -0.03818856
v 0.03526562 0.00400879 -0.03756356
v 0.02917188 0.00603027 -0.03816903
v 0.02901563 0.00400879 -0.03754403
v 0.02917188 0.00603027 -0.03816903
v 0.02901563 0.00400879 -0.03754403
v 0.02292188 0.00603027 -0.03852059
v 0.02292188 0.00603027 -0.03852059
v 0.02901563 0.00400879 -0.03754403
v 0.02292188 0.00400879 -0.03791513
v 0.02292188 0.00603027 -0.03852059
v 0.02292188 0.00400879 -0.03791513
v 0.01682813 0.00603027 -0.03928231
v 0.01682813 0.00603027 -0.03928231
v 0.02292188 0.00400879 -0.03791513
v 0.01682813 0.00400879 -0.03865731
v 0.01682813 0.00603027 -0.03928231
v 0.01682813 0.00400879 -0.03865731
v 0.01073437 0.00603027 -0.04039559
v 0.01073437 0.00603027 -0.04039559
v 0.01682813 0.00400879 -0.03865731
v 0.01073437 0.00400879 -0.03980966
v 0.01073437 0.00603027 -0.04039559
v 0.01073437 0.00400879 -0.03980966
v 0.00479688 0.00603027 -0.04189950
v 0.00479688 0.00603027 -0.04189950
v 0.01073437 0.00400879 -0.03980966
v 0.00464063 0.00400879 -0.04131356
v 0.00479688 0.00603027 -0.04189950
v 0.00464063 0.00400879 -0.04131356
v -0.00098438 0.00603027 -0.04377450
v -0.00098438 0.00603027 -0.04377450
v 0.00464063 0.00400879 -0.04131356
v -0.00129688 0.00400879 -0.04318856
v -0.00098438 0.00603027 -0.04377450
v -0.00129688 0.00400879 -0.04318856
v -0.00676563 0.00603027 -0.04600106
v -0.00676563 0.00603027 -0.04600106
v -0.00129688 0.00400879 -0.04318856
v -0.00692188 0.00400879 -0.04543466
v -0.00676563 0.00603027 -0.04600106
v -0.00692188 0.00400879 -0.04543466
v -0.01239062 0.00603027 -0.04859872
v -0.01239062 0.00603027 -0.04859872
v -0.00692188 0.00400879 -0.04543466
v -0.01254687 0.00400879 -0.04805184
v -0.01239062 0.00603027 -0.04859872
v -0.01254687 0.00400879 -0.04805184
v -0.01770313 0.00603027 -0.05152841
v -0.01770313 0.00603027 -0.05152841
v -0.01254687 0.00400879 -0.04805184
v -0.01801563 0.00400879 -0.05098153
v -0.01770313 0.00603027 -0.05152841
v -0.01801563 0.00400879 -0.05098153
v -0.02301563 0.00603027 -0.05479013
v -0.02301563 0.00603027 -0.05479013
v -0.01801563 0.00400879 -0.05098153
v -0.02332813 0.00400879 -0.05428231
v -0.02301563 0.00603027 -0.05479013
v -0.02332813 0.00400879 -0.05428231
v -0.02801563 0.00603027 -0.05836434
v -0.02832813 0.00400879 -0.05787606
v -0.02801563 0.00603027 -0.05836434
v -0.02832813 0.00400879 -0.05787606
v -0.03270312 0.00603027 -0.06225106
v -0.03270312 0.00603027 -0.06225106
v -0.02832813 0.00400879 -0.05787606
v -0.03317187 0.00400879 -0.06178231
v 0.07073439 0.00790527 -0.04717294
v 0.07104689 0.00603027 -0.04627450
v 0.06495314 0.00790527 -0.04492684
v 0.06495314 0.00790527 -0.04492684
v 0.07104689 0.00603027 -0.04627450
v 0.06542189 0.00603027 -0.04398934
v 0.06495314 0.00790527 -0.04492684
v 0.06542189 0.00603027 -0.04398934
v 0.05917187 0.00790527 -0.04305184
v 0.05917187 0.00790527 -0.04305184
v 0.06542189 0.00603027 -0.04398934
v 0.05948437 0.00603027 -0.04207528
v 0.05917187 0.00790527 -0.04305184
v 0.05948437 0.00603027 -0.04207528
v 0.05339062 0.00790527 -0.04150888
v 0.05339062 0.00790527 -0.04150888
v 0.05948437 0.00603027 -0.04207528
v 0.05354687 0.00603027 -0.04055184
v 0.05339062 0.00790527 -0.04150888
v 0.05354687 0.00603027 -0.04055184
v 0.04729687 0.00790527 -0.04035653
v 0.04729687 0.00790527 -0.04035653
v 0.05354687 0.00603027 -0.04055184
v 0.04745312 0.00603027 -0.03937997
v 0.04729687 0.00790527 -0.04035653
v 0.04745312 0.00603027 -0.03937997
v 0.04135937 0.00790527 -0.03957528
v 0.04135937 0.00790527 -0.03957528
v 0.04745312 0.00603027 -0.03937997
v 0.04135937 0.00603027 -0.03859872
v 0.04135937 0.00790527 -0.03957528
v 0.04135937 0.00603027 -0.03859872
v 0.03526562 0.00790527 -0.03918466
v 0.03526562 0.00790527 -0.03918466
v 0.04135937 0.00603027 -0.03859872
v 0.03526562 0.00603027 -0.03818856
v 0.03526562 0.00790527 -0.03918466
v 0.03526562 0.00603027 -0.03818856
v 0.02917188 0.00790527 -0.03916513
v 0.02917188 0.00603027 -0.03816903
v 0.02917188 0.00790527 -0.03916513
v 0.02917188 0.00603027 -0.03816903
v 0.02307813 0.00790527 -0.03951669
v 0.02292188 0.00603027 -0.03852059
v 0.02307813 0.00790527 -0.03951669
v 0.02292188 0.00603027 -0.03852059
v 0.01698438 0.00790527 -0.04025888
v 0.01698438 0.00790527 -0.04025888
v 0.02292188 0.00603027 -0.03852059
v 0.01682813 0.00603027 -0.03928231
v 0.01698438 0.00790527 -0.04025888
v 0.01682813 0.00603027 -0.03928231
v 0.01104687 0.00790527 -0.04137216
v 0.01104687 0.00790527 -0.04137216
v 0.01682813 0.00603027 -0.03928231
v 0.01073437 0.00603027 -0.04039559
v 0.01104687 0.00790527 -0.04137216
v 0.01073437 0.00603027 -0.04039559
v 0.00510938 0.00790527 -0.04285653
v 0.00510938 0.00790527 -0.04285653
v 0.01073437 0.00603027 -0.04039559
v 0.00479688 0.00603027 -0.04189950
v 0.00510938 0.00790527 -0.04285653
v 0.00479688 0.00603027 -0.04189950
v -0.00067188 0.00790527 -0.04471200
v -0.00098438 0.00603027 -0.04377450
v -0.00067188 0.00790527 -0.04471200
v -0.00098438 0.00603027 -0.04377450
v -0.00629688 0.00790527 -0.04691903
v -0.00629688 0.00790527 -0.04691903
v -0.00098438 0.00603027 -0.04377450
v -0.00676563 0.00603027 -0.04600106
v -0.00629688 0.00790527 -0.04691903
v -0.00676563 0.00603027 -0.04600106
v -0.01192187 0.00790527 -0.04947763
v -0.01192187 0.00790527 -0.04947763
v -0.00676563 0.00603027 -0.04600106
v -0.01239062 0.00603027 -0.04859872
v -0.01192187 0.00790527 -0.04947763
v -0.01239062 0.00603027 -0.04859872
v -0.01723438 0.00790527 -0.05238778
v -0.01723438 0.00790527 -0.05238778
v -0.01239062 0.00603027 -0.04859872
v -0.01770313 0.00603027 -0.05152841
v -0.01723438 0.00790527 -0.05238778
v -0.01770313 0.00603027 -0.05152841
v -0.02239063 0.00790527 -0.05561044
v -0.02239063 0.00790527 -0.05561044
v -0.01770313 0.00603027 -0.05152841
v -0.02301563 0.00603027 -0.05479013
v -0.02239063 0.00790527 -0.05561044
v -0.02301563 0.00603027 -0.05479013
v -0.02739063 0.00790527 -0.05916513
v -0.02739063 0.00790527 -0.05916513
v -0.02301563 0.00603027 -0.05479013
v -0.02801563 0.00603027 -0.05836434
v -0.02739063 0.00790527 -0.05916513
v -0.02801563 0.00603027 -0.05836434
v -0.03207812 0.00790527 -0.06301278
v -0.03207812 0.00790527 -0.06301278
v -0.02801563 0.00603027 -0.05836434
v -0.03270312 0.00603027 -0.06225106
v 0.07010939 0.00953613 -0.04842294
v 0.07073439 0.00790527 -0.04717294
v 0.06448439 0.00953613 -0.04619638
v 0.06448439 0.00953613 -0.04619638
v 0.07073439 0.00790527 -0.04717294
v 0.06495314 0.00790527 -0.04492684
v 0.06448439 0.00953613 -0.04619638
v 0.06495314 0.00790527 -0.04492684
v 0.05885937 0.00953613 -0.04434091
v 0.05885937 0.00953613 -0.04434091
v 0.06495314 0.00790527 -0.04492684
v 0.05917187 0.00790527 -0.04305184
v 0.05885937 0.00953613 -0.04434091
v 0.05917187 0.00790527 -0.04305184
v 0.05307812 0.00953613 -0.04283700
v 0.05307812 0.00953613 -0.04283700
v 0.05917187 0.00790527 -0.04305184
v 0.05339062 0.00790527 -0.04150888
v 0.05307812 0.00953613 -0.04283700
v 0.05339062 0.00790527 -0.04150888
v 0.04714062 0.00953613 -0.04168466
v 0.04714062 0.00953613 -0.04168466
v 0.05339062 0.00790527 -0.04150888
v 0.04729687 0.00790527 -0.04035653
v 0.04714062 0.00953613 -0.04168466
v 0.04729687 0.00790527 -0.04035653
v 0.04120312 0.00953613 -0.04092294
v 0.04120312 0.00953613 -0.04092294
v 0.04729687 0.00790527 -0.04035653
v 0.04135937 0.00790527 -0.03957528
v 0.04120312 0.00953613 -0.04092294
v 0.04135937 0.00790527 -0.03957528
v 0.03510937 0.00953613 -0.04053231
v 0.03526562 0.00790527 -0.03918466
v 0.03510937 0.00953613 -0.04053231
v 0.03526562 0.00790527 -0.03918466
v 0.02917188 0.00953613 -0.04051278
v 0.02917188 0.00790527 -0.03916513
v 0.02917188 0.00953613 -0.04051278
v 0.02917188 0.00790527 -0.03916513
v 0.02323438 0.00953613 -0.04086434
v 0.02323438 0.00953613 -0.04086434
v 0.02917188 0.00790527 -0.03916513
v 0.02307813 0.00790527 -0.03951669
v 0.02323438 0.00953613 -0.04086434
v 0.02307813 0.00790527 -0.03951669
v 0.01714063 0.00953613 -0.04158700
v 0.01714063 0.00953613 -0.04158700
v 0.02307813 0.00790527 -0.03951669
v 0.01698438 0.00790527 -0.04025888
v 0.01714063 0.00953613 -0.04158700
v 0.01698438 0.00790527 -0.04025888
v 0.01135937 0.00953613 -0.04268075
v 0.01135937 0.00953613 -0.04268075
v 0.01698438 0.00790527 -0.04025888
v 0.01104687 0.00790527 -0.04137216
v 0.01135937 0.00953613 -0.04268075
v 0.01104687 0.00790527 -0.04137216
v 0.00542188 0.00953613 -0.04414559
v 0.00542188 0.00953613 -0.04414559
v 0.01104687 0.00790527 -0.04137216
v 0.00510938 0.00790527 -0.04285653
v 0.00542188 0.00953613 -0.04414559
v 0.00510938 0.00790527 -0.04285653
v -0.00020313 0.00953613 -0.04598153
v -0.00020313 0.00953613 -0.04598153
v 0.00510938 0.00790527 -0.04285653
v -0.00067188 0.00790527 -0.04471200
v -0.00020313 0.00953613 -0.04598153
v -0.00067188 0.00790527 -0.04471200
v -0.00582813 0.00953613 -0.04816903
v -0.00582813 0.00953613 -0.04816903
v -0.00067188 0.00790527 -0.04471200
v -0.00629688 0.00790527 -0.04691903
v -0.00582813 0.00953613 -0.04816903
v -0.00629688 0.00790527 -0.04691903
v -0.01129687 0.00953613 -0.05068856
v -0.01129687 0.00953613 -0.05068856
v -0.00629688 0.00790527 -0.04691903
v -0.01192187 0.00790527 -0.04947763
v -0.01129687 0.00953613 -0.05068856
v -0.01192187 0.00790527 -0.04947763
v -0.01660938 0.00953613 -0.05354013
v -0.01660938 0.00953613 -0.05354013
v -0.01192187 0.00790527 -0.04947763
v -0.01723438 0.00790527 -0.05238778
v -0.01660938 0.00953613 -0.05354013
v -0.01723438 0.00790527 -0.05238778
v -0.02160938 0.00953613 -0.05672372
v -0.02160938 0.00953613 -0.05672372
v -0.01723438 0.00790527 -0.05238778
v -0.02239063 0.00790527 -0.05561044
v -0.02160938 0.00953613 -0.05672372
v -0.02239063 0.00790527 -0.05561044
v -0.02660938 0.00953613 -0.06021981
v -0.02660938 0.00953613 -0.06021981
v -0.02239063 0.00790527 -0.05561044
v -0.02739063 0.00790527 -0.05916513
v -0.02660938 0.00953613 -0.06021981
v -0.02739063 0.00790527 -0.05916513
v -0.03114063 0.00953613 -0.06402841
v -0.03114063 0.00953613 -0.06402841
v -0.02739063 0.00790527 -0.05916513
v -0.03207812 0.00790527 -0.06301278
v 0.06339062 0.01187988 -0.04949716
v 0.06870314 0.01187988 -0.05162606
v 0.06948439 0.01088379 -0.04990731
v 0.06948439 0.01088379 -0.04990731
v 0.07010939 0.00953613 -0.04842294
v 0.06401564 0.01088379 -0.04773934
v 0.06448439 0.00953613 -0.04619638
v 0.06401564 0.01088379 -0.04773934
v 0.06448439 0.00953613 -0.04619638
v 0.05839062 0.01088379 -0.04590341
v 0.05839062 0.01088379 -0.04590341
v 0.06448439 0.00953613 -0.04619638
v 0.05885937 0.00953613 -0.04434091
v 0.05839062 0.01088379 -0.04590341
v 0.05885937 0.00953613 -0.04434091
v 0.05260937 0.01088379 -0.04441903
v 0.05260937 0.01088379 -0.04441903
v 0.05885937 0.00953613 -0.04434091
v 0.05307812 0.00953613 -0.04283700
v 0.05260937 0.01088379 -0.04441903
v 0.05307812 0.00953613 -0.04283700
v 0.04682812 0.01088379 -0.04330575
v 0.04714062 0.00953613 -0.04168466
v 0.04682812 0.01088379 -0.04330575
v 0.04714062 0.00953613 -0.04168466
v 0.04104687 0.01088379 -0.04254403
v 0.04120312 0.00953613 -0.04092294
v 0.04104687 0.01088379 -0.04254403
v 0.04120312 0.00953613 -0.04092294
v 0.03510937 0.01088379 -0.04217294
v 0.03510937 0.01088379 -0.04217294
v 0.04120312 0.00953613 -0.04092294
v 0.03510937 0.00953613 -0.04053231
v 0.03510937 0.01088379 -0.04217294
v 0.03510937 0.00953613 -0.04053231
v 0.02917188 0.01088379 -0.04215341
v 0.02917188 0.00953613 -0.04051278
v 0.02917188 0.01088379 -0.04215341
v 0.02917188 0.00953613 -0.04051278
v 0.02339063 0.01088379 -0.04248544
v 0.02339063 0.01088379 -0.04248544
v 0.02917188 0.00953613 -0.04051278
v 0.02323438 0.00953613 -0.04086434
v 0.02339063 0.01088379 -0.04248544
v 0.02323438 0.00953613 -0.04086434
v 0.01745313 0.01088379 -0.04320809
v 0.01745313 0.01088379 -0.04320809
v 0.02323438 0.00953613 -0.04086434
v 0.01714063 0.00953613 -0.04158700
v 0.01745313 0.01088379 -0.04320809
v 0.01714063 0.00953613 -0.04158700
v 0.01167187 0.01088379 -0.04428231
v 0.01167187 0.01088379 -0.04428231
v 0.01714063 0.00953613 -0.04158700
v 0.01135937 0.00953613 -0.04268075
v 0.01167187 0.01088379 -0.04428231
v 0.01135937 0.00953613 -0.04268075
v 0.00589063 0.01088379 -0.04572763
v 0.00589063 0.01088379 -0.04572763
v 0.01135937 0.00953613 -0.04268075
v 0.00542188 0.00953613 -0.04414559
v 0.00589063 0.01088379 -0.04572763
v 0.00542188 0.00953613 -0.04414559
v 0.00026563 0.01088379 -0.04752450
v 0.00026563 0.01088379 -0.04752450
v 0.00542188 0.00953613 -0.04414559
v -0.00020313 0.00953613 -0.04598153
v 0.00026563 0.01088379 -0.04752450
v -0.00020313 0.00953613 -0.04598153
v -0.00520313 0.01088379 -0.04967294
v -0.00520313 0.01088379 -0.04967294
v -0.00020313 0.00953613 -0.04598153
v -0.00582813 0.00953613 -0.04816903
v -0.00520313 0.01088379 -0.04967294
v -0.00582813 0.00953613 -0.04816903
v -0.01051562 0.01088379 -0.05215341
v -0.01051562 0.01088379 -0.05215341
v -0.00582813 0.00953613 -0.04816903
v -0.01129687 0.00953613 -0.05068856
v -0.01051562 0.01088379 -0.05215341
v -0.01129687 0.00953613 -0.05068856
v -0.01567187 0.01088379 -0.05496591
v -0.01567187 0.01088379 -0.05496591
v -0.01129687 0.00953613 -0.05068856
v -0.01660938 0.00953613 -0.05354013
v -0.01567187 0.01088379 -0.05496591
v -0.01660938 0.00953613 -0.05354013
v -0.02067188 0.01088379 -0.05809091
v -0.02067188 0.01088379 -0.05809091
v -0.01660938 0.00953613 -0.05354013
v -0.02160938 0.00953613 -0.05672372
v -0.02067188 0.01088379 -0.05809091
v -0.02160938 0.00953613 -0.05672372
v -0.02551563 0.01088379 -0.06152841
v -0.02551563 0.01088379 -0.06152841
v -0.02160938 0.00953613 -0.05672372
v -0.02660938 0.00953613 -0.06021981
v -0.02551563 0.01088379 -0.06152841
v -0.02660938 0.00953613 -0.06021981
v -0.03004688 0.01088379 -0.06525888
v -0.03004688 0.01088379 -0.06525888
v -0.02660938 0.00953613 -0.06021981
v -0.03114063 0.00953613 -0.06402841
v -0.02551563 0.01088379 -0.06152841
v -0.03004688 0.01088379 -0.06525888
v -0.02895313 0.01187988 -0.06666513
v -0.02551563 0.01088379 -0.06152841
v -0.02895313 0.01187988 -0.06666513
v -0.02442188 0.01187988 -0.06301278
v -0.02317188 -0.00870606 -0.06461434
v -0.02754688 -0.00870606 -0.06820809
v -0.02895313 -0.00809082 -0.06666513
v -0.02067188 0.01088379 -0.05809091
v -0.02551563 0.01088379 -0.06152841
v -0.02442188 0.01187988 -0.06301278
v -0.01973438 0.01187988 -0.05965341
v -0.01629688 -0.00870606 -0.06482920
v -0.02067188 -0.00870606 -0.06797372
v -0.02192188 -0.00891113 -0.06629403
v -0.01739063 -0.00891113 -0.06307138
v -0.01067187 0.01187988 -0.06371591
v -0.01504687 0.01187988 -0.06650888
v -0.01410937 0.01088379 -0.06807138
v -0.01567187 0.01088379 -0.05496591
v -0.02067188 0.01088379 -0.05809091
v -0.01973438 0.01187988 -0.05965341
v -0.01567187 0.01088379 -0.05496591
v -0.01973438 0.01187988 -0.05965341
v -0.01473437 0.01187988 -0.05656747
v -0.01629688 -0.00870606 -0.06482920
v -0.00442188 0.00953613 -0.06434091
v -0.00879688 0.00953613 -0.06674325
v -0.00817188 0.00790527 -0.06791513
v -0.00598438 0.01187988 -0.06121591
v -0.01067187 0.01187988 -0.06371591
v -0.00973438 0.01088379 -0.06533700
v -0.00973438 0.01088379 -0.06533700
v -0.01067187 0.01187988 -0.06371591
v -0.01410937 0.01088379 -0.06807138
v -0.00598438 0.01187988 -0.06121591
v -0.00973438 0.01088379 -0.06533700
v -0.00520313 0.01088379 -0.06287606
v -0.01051562 0.01088379 -0.05215341
v -0.01567187 0.01088379 -0.05496591
v -0.01473437 0.01187988 -0.05656747
v -0.00973438 0.01187988 -0.05381356
v -0.00332813 -0.00224121 -0.06643075
v -0.00817188 -0.00410645 -0.06791513
v -0.00379688 -0.00410645 -0.06555184
v -0.00379688 -0.00410645 -0.06555184
v -0.00817188 -0.00410645 -0.06791513
v -0.00879688 -0.00574707 -0.06674325
v 0.00104688 0.00603027 -0.06437997
v -0.00332813 0.00603027 -0.06643075
v -0.00317188 0.00400879 -0.06699717
v 0.00104688 0.00603027 -0.06437997
v -0.00317188 0.00400879 -0.06699717
v 0.00135938 0.00400879 -0.06494638
v 0.00010938 0.00953613 -0.06223153
v -0.00442188 0.00953613 -0.06434091
v -0.00379688 0.00790527 -0.06555184
v -0.00379688 0.00790527 -0.06555184
v -0.00442188 0.00953613 -0.06434091
v -0.00817188 0.00790527 -0.06791513
v 0.00010938 0.00953613 -0.06223153
v -0.00379688 0.00790527 -0.06555184
v 0.00073438 0.00790527 -0.06346200
v -0.00114063 0.01187988 -0.05898934
v -0.00598438 0.01187988 -0.06121591
v -0.00520313 0.01088379 -0.06287606
v -0.00114063 0.01187988 -0.05898934
v -0.00520313 0.01088379 -0.06287606
v -0.00051563 0.01088379 -0.06070809
v -0.00520313 0.01088379 -0.04967294
v -0.01051562 0.01088379 -0.05215341
v -0.00973438 0.01187988 -0.05381356
v -0.00520313 0.01088379 -0.04967294
v -0.00973438 0.01187988 -0.05381356
v -0.00442188 0.01187988 -0.05139169
v 0.00135938 -0.00020996 -0.06494638
v -0.00317188 -0.00020996 -0.06699717
v -0.00332813 -0.00224121 -0.06643075
v 0.00135938 -0.00020996 -0.06494638
v -0.00332813 -0.00224121 -0.06643075
v 0.00104688 -0.00224121 -0.06437997
v 0.00104688 -0.00224121 -0.06437997
v -0.00332813 -0.00224121 -0.06643075
v -0.00379688 -0.00410645 -0.06555184
v 0.00104688 0.00603027 -0.06437997
v 0.00479688 0.00953613 -0.06039559
v 0.00010938 0.00953613 -0.06223153
v 0.00073438 0.00790527 -0.06346200
v 0.00479688 0.00953613 -0.06039559
v 0.00073438 0.00790527 -0.06346200
v 0.00526563 0.00790527 -0.06166513
v 0.00370313 0.01187988 -0.05707528
v -0.00114063 0.01187988 -0.05898934
v -0.00051563 0.01088379 -0.06070809
v 0.00370313 0.01187988 -0.05707528
v -0.00051563 0.01088379 -0.06070809
v 0.00432813 0.01088379 -0.05885263
v 0.00026563 0.01088379 -0.04752450
v -0.00520313 0.01088379 -0.04967294
v -0.00442188 0.01187988 -0.05139169
v 0.00026563 0.01088379 -0.04752450
v -0.00442188 0.01187988 -0.05139169
v 0.00089063 0.01187988 -0.04928231
v 0.00135938 -0.00020996 -0.06494638
v 0.00964063 0.00953613 -0.05885263
v 0.00479688 0.00953613 -0.06039559
v 0.00526563 0.00790527 -0.06166513
v 0.01010937 0.00790527 -0.06014169
v 0.00870313 0.01187988 -0.05547372
v 0.00370313 0.01187988 -0.05707528
v 0.00432813 0.01088379 -0.05885263
v 0.00870313 0.01187988 -0.05547372
v 0.00432813 0.01088379 -0.05885263
v 0.00917188 0.01088379 -0.05727059
v 0.00589063 0.01088379 -0.04572763
v 0.00026563 0.01088379 -0.04752450
v 0.00089063 0.01187988 -0.04928231
v 0.00589063 0.01088379 -0.04572763
v 0.00089063 0.01187988 -0.04928231
v 0.00651563 0.01187988 -0.04752450
v 0.01464062 0.00953613 -0.05762216
v 0.00964063 0.00953613 -0.05885263
v 0.01010937 0.00790527 -0.06014169
v 0.01464062 0.00953613 -0.05762216
v 0.01010937 0.00790527 -0.06014169
v 0.01479687 0.00790527 -0.05893075
v 0.01385937 0.01187988 -0.05420419
v 0.00870313 0.01187988 -0.05547372
v 0.00917188 0.01088379 -0.05727059
v 0.01385937 0.01187988 -0.05420419
v 0.00917188 0.01088379 -0.05727059
v 0.01417187 0.01088379 -0.05602059
v 0.01167187 0.01088379 -0.04428231
v 0.00589063 0.01088379 -0.04572763
v 0.00651563 0.01187988 -0.04752450
v 0.01167187 0.01088379 -0.04428231
v 0.00651563 0.01187988 -0.04752450
v 0.01198437 0.01187988 -0.04611825
v 0.01948438 0.00953613 -0.05670419
v 0.01464062 0.00953613 -0.05762216
v 0.01479687 0.00790527 -0.05893075
v 0.01948438 0.00953613 -0.05670419
v 0.01479687 0.00790527 -0.05893075
v 0.01979688 0.00790527 -0.05803231
v 0.01901563 0.01187988 -0.05322763
v 0.01385937 0.01187988 -0.05420419
v 0.01417187 0.01088379 -0.05602059
v 0.01901563 0.01187988 -0.05322763
v 0.01417187 0.01088379 -0.05602059
v 0.01932813 0.01088379 -0.05508309
v 0.01745313 0.01088379 -0.04320809
v 0.01167187 0.01088379 -0.04428231
v 0.01198437 0.01187988 -0.04611825
v 0.01745313 0.01088379 -0.04320809
v 0.01198437 0.01187988 -0.04611825
v 0.01776563 0.01187988 -0.04506356
v 0.02448438 0.00953613 -0.05607919
v 0.01948438 0.00953613 -0.05670419
v 0.01979688 0.00790527 -0.05803231
v 0.02464063 0.00790527 -0.05742684
v 0.02417188 0.01187988 -0.05258309
v 0.01901563 0.01187988 -0.05322763
v 0.01932813 0.01088379 -0.05508309
v 0.02417188 0.01187988 -0.05258309
v 0.01932813 0.01088379 -0.05508309
v 0.02448438 0.01088379 -0.05445809
v 0.02339063 0.01088379 -0.04248544
v 0.01745313 0.01088379 -0.04320809
v 0.01776563 0.01187988 -0.04506356
v 0.02354688 0.01187988 -0.04436044
v 0.02964063 0.00953613 -0.05578622
v 0.02448438 0.00953613 -0.05607919
v 0.02464063 0.00790527 -0.05742684
v 0.02964063 0.00953613 -0.05578622
v 0.02464063 0.00790527 -0.05742684
v 0.02964063 0.00790527 -0.05713388
v 0.02948438 0.01187988 -0.05227059
v 0.02417188 0.01187988 -0.05258309
v 0.02448438 0.01088379 -0.05445809
v 0.02948438 0.01088379 -0.05414559
v 0.02917188 0.01088379 -0.04215341
v 0.02339063 0.01088379 -0.04248544
v 0.02354688 0.01187988 -0.04436044
v 0.02932813 0.01187988 -0.04400888
v 0.03464062 0.00953613 -0.05580575
v 0.02964063 0.00953613 -0.05578622
v 0.02964063 0.00790527 -0.05713388
v 0.03464062 0.00790527 -0.05715341
v 0.03479687 0.01187988 -0.05229013
v 0.02948438 0.01187988 -0.05227059
v 0.02948438 0.01088379 -0.05414559
v 0.03464062 0.01088379 -0.05416513
v 0.03510937 0.01088379 -0.04217294
v 0.02917188 0.01088379 -0.04215341
v 0.02932813 0.01187988 -0.04400888
v 0.03510937 0.01187988 -0.04402841
v 0.03479687 -0.00870606 -0.05027841
v 0.03964062 0.00953613 -0.05613778
v 0.03464062 0.00953613 -0.05580575
v 0.03464062 0.00790527 -0.05715341
v 0.03964062 0.00953613 -0.05613778
v 0.03464062 0.00790527 -0.05715341
v 0.03964062 0.00790527 -0.05746591
v 0.04010937 0.01187988 -0.05264169
v 0.03479687 0.01187988 -0.05229013
v 0.03464062 0.01088379 -0.05416513
v 0.03979687 0.01088379 -0.05449716
v 0.04104687 0.01088379 -0.04254403
v 0.03510937 0.01088379 -0.04217294
v 0.03510937 0.01187988 -0.04402841
v 0.04089062 0.01187988 -0.04441903
v 0.04010937 -0.00809082 -0.05264169
v 0.03479687 -0.00809082 -0.05229013
v 0.03479687 -0.00870606 -0.05027841
v 0.04026562 -0.00870606 -0.05062997
v 0.03964062 0.00953613 -0.05613778
v 0.04526562 0.01187988 -0.05332528
v 0.04010937 0.01187988 -0.05264169
v 0.03979687 0.01088379 -0.05449716
v 0.04526562 0.01187988 -0.05332528
v 0.03979687 0.01088379 -0.05449716
v 0.04495312 0.01088379 -0.05516122
v 0.04682812 0.01088379 -0.04330575
v 0.04104687 0.01088379 -0.04254403
v 0.04089062 0.01187988 -0.04441903
v 0.04682812 0.01088379 -0.04330575
v 0.04089062 0.01187988 -0.04441903
v 0.04651562 0.01187988 -0.04514169
v 0.04526562 -0.00809082 -0.05332528
v 0.04010937 -0.00809082 -0.05264169
v 0.04026562 -0.00870606 -0.05062997
v 0.04557812 -0.00870606 -0.05131356
v 0.05042187 0.01187988 -0.05432138
v 0.04526562 0.01187988 -0.05332528
v 0.04495312 0.01088379 -0.05516122
v 0.04995312 0.01088379 -0.05613778
v 0.05260937 0.01088379 -0.04441903
v 0.04682812 0.01088379 -0.04330575
v 0.04651562 0.01187988 -0.04514169
v 0.05229687 0.01187988 -0.04625497
v 0.05042187 -0.00809082 -0.05432138
v 0.04526562 -0.00809082 -0.05332528
v 0.04557812 -0.00870606 -0.05131356
v 0.05042187 -0.00809082 -0.05432138
v 0.04557812 -0.00870606 -0.05131356
v 0.05089062 -0.00870606 -0.05234872
v 0.05557812 0.01187988 -0.05562997
v 0.05042187 0.01187988 -0.05432138
v 0.04995312 0.01088379 -0.05613778
v 0.05839062 0.01088379 -0.04590341
v 0.05260937 0.01088379 -0.04441903
v 0.05229687 0.01187988 -0.04625497
v 0.05792187 0.01187988 -0.04770028
v 0.05557812 -0.00809082 -0.05562997
v 0.05042187 -0.00809082 -0.05432138
v 0.05089062 -0.00870606 -0.05234872
v 0.05557812 -0.00809082 -0.05562997
v 0.05089062 -0.00870606 -0.05234872
v 0.05604687 -0.00870606 -0.05369638
v 0.06401564 0.01088379 -0.04773934
v 0.05839062 0.01088379 -0.04590341
v 0.05792187 0.01187988 -0.04770028
v 0.06339062 0.01187988 -0.04949716
v 0.06057812 -0.00809082 -0.05727059
v 0.05557812 -0.00809082 -0.05562997
v 0.05604687 -0.00870606 -0.05369638
v 0.06120312 -0.00870606 -0.05537606
v 0.06948439 0.01088379 -0.04990731
v 0.06401564 0.01088379 -0.04773934
v 0.06339062 0.01187988 -0.04949716
v 0.06057812 -0.00809082 -0.05727059
v -0.03270312 -0.03680176 -0.06850106
v -0.03270312 -0.04479980 -0.06850106
v -0.03754687 -0.03680176 -0.06598153
v -0.03754687 -0.04479980 -0.06598153
v -0.03754687 -0.03680176 -0.06598153
v -0.03754687 -0.04479980 -0.06598153
v -0.04223437 -0.03680176 -0.06311044
v -0.04223437 -0.04479980 -0.06311044
v -0.04223437 -0.03680176 -0.06311044
v -0.04223437 -0.04479980 -0.06311044
v -0.04676562 -0.03680176 -0.05990731
v -0.04676562 -0.04479980 -0.05990731
v -0.04676562 -0.03680176 -0.05990731
v -0.04676562 -0.04479980 -0.05990731
v -0.05114062 -0.03680176 -0.05637216
v -0.05114062 -0.04479980 -0.05637216
v -0.05114062 -0.03680176 -0.05637216
v -0.05114062 -0.04479980 -0.05637216
v -0.05504687 -0.03680176 -0.05254403
v -0.05504687 -0.04479980 -0.05254403
v -0.05504687 -0.03680176 -0.05254403
v -0.05504687 -0.04479980 -0.05254403
v -0.05879687 -0.03680176 -0.04844247
v -0.05879687 -0.04479980 -0.04844247
v -0.05879687 -0.03680176 -0.04844247
v -0.05879687 -0.04479980 -0.04844247
v -0.06207812 -0.03680176 -0.04406747
v -0.06207812 -0.04479980 -0.04406747
v -0.06207812 -0.03680176 -0.04406747
v -0.06207812 -0.04479980 -0.04406747
v -0.06520314 -0.03680176 -0.03945809
v -0.06520314 -0.04479980 -0.03945809
v -0.06520314 -0.03680176 -0.03945809
v -0.06520314 -0.04479980 -0.03945809
v -0.06785939 -0.03680176 -0.03463388
v -0.06785939 -0.04479980 -0.03463388
v -0.06785939 -0.03680176 -0.03463388
v -0.06785939 -0.04479980 -0.03463388
v -0.07020314 -0.03680176 -0.02961434
v -0.07020314 -0.04479980 -0.02961434
v -0.07020314 -0.03680176 -0.02961434
v -0.07020314 -0.04479980 -0.02961434
v -0.07223439 -0.03680176 -0.02445809
v -0.07223439 -0.04479980 -0.02445809
v -0.07223439 -0.03680176 -0.02445809
v -0.07223439 -0.04479980 -0.02445809
v -0.07379689 -0.03680176 -0.01916513
v -0.07379689 -0.04479980 -0.01916513
v -0.07379689 -0.03680176 -0.01916513
v -0.07379689 -0.04479980 -0.01916513
v -0.07504689 -0.03680176 -0.01375497
v -0.07504689 -0.04479980 -0.01375497
v -0.07504689 -0.03680176 -0.01375497
v -0.07504689 -0.04479980 -0.01375497
v -0.07582814 -0.03680176 -0.00828622
v -0.07582814 -0.04479980 -0.00828622
v -0.07582814 -0.03680176 -0.00828622
v -0.07582814 -0.04479980 -0.00828622
v -0.07629689 -0.03680176 -0.00277841
v -0.07629689 -0.04479980 -0.00277841
v -0.07629689 -0.03680176 -0.00277841
v -0.07629689 -0.04479980 -0.00277841
v -0.07629689 -0.03680176 0.00276847
v -0.07629689 -0.04479980 0.00276847
v -0.07629689 -0.03680176 0.00276847
v -0.07629689 -0.04479980 0.00276847
v -0.07582814 -0.03680176 0.00827628
v -0.07582814 -0.04479980 0.00827628
v -0.07582814 -0.03680176 0.00827628
v -0.07582814 -0.04479980 0.00827628
v -0.07504689 -0.03680176 0.01374503
v -0.07504689 -0.04479980 0.01374503
v -0.07504689 -0.03680176 0.01374503
v -0.07504689 -0.04479980 0.01374503
v -0.07379689 -0.03680176 0.01915519
v -0.07379689 -0.04479980 0.01915519
v -0.07379689 -0.03680176 0.01915519
v -0.07379689 -0.04479980 0.01915519
v -0.07223439 -0.03680176 0.02444816
v -0.07223439 -0.04479980 0.02444816
v -0.07223439 -0.03680176 0.02444816
v -0.07223439 -0.04479980 0.02444816
v -0.07020314 -0.03680176 0.02962394
v -0.07020314 -0.04479980 0.02962394
v -0.07020314 -0.03680176 0.02962394
v -0.07020314 -0.04479980 0.02962394
v -0.06785939 -0.03680176 0.03462393
v -0.06785939 -0.04479980 0.03462393
v -0.06785939 -0.03680176 0.03462393
v -0.06785939 -0.04479980 0.03462393
v -0.06520314 -0.03680176 0.03944815
v -0.06520314 -0.04479980 0.03944815
v -0.06520314 -0.03680176 0.03944815
v -0.06520314 -0.04479980 0.03944815
v -0.06207812 -0.03680176 0.04405753
v -0.06207812 -0.04479980 0.04405753
v -0.06207812 -0.03680176 0.04405753
v -0.06207812 -0.04479980 0.04405753
v -0.05879687 -0.03680176 0.04843253
v -0.05879687 -0.04479980 0.04843253
v -0.05879687 -0.03680176 0.04843253
v -0.05879687 -0.04479980 0.04843253
v -0.05504687 -0.03680176 0.05253409
v -0.05504687 -0.04479980 0.05253409
v -0.05504687 -0.03680176 0.05253409
v -0.05504687 -0.04479980 0.05253409
v -0.05114062 -0.03680176 0.05636222
v -0.05114062 -0.04479980 0.05636222
v -0.05114062 -0.03680176 0.05636222
v -0.05114062 -0.04479980 0.05636222
v -0.04676562 -0.03680176 0.05989737
v -0.04676562 -0.04479980 0.05989737
v -0.04676562 -0.03680176 0.05989737
v -0.04676562 -0.04479980 0.05989737
v -0.04223437 -0.03680176 0.06310050
v -0.04223437 -0.04479980 0.06310050
v -0.04223437 -0.03680176 0.06310050
v -0.04223437 -0.04479980 0.06310050
v -0.03754687 -0.03680176 0.06597161
v -0.03754687 -0.04479980 0.06597161
v -0.03754687 -0.03680176 0.06597161
v -0.03754687 -0.04479980 0.06597161
v -0.03270312 -0.03680176 0.06849113
v -0.03270312 -0.04479980 0.06849113
v -0.01739063 -0.05279785 0.06071768
v -0.01614063 -0.05414551 0.05981925
v -0.01739063 -0.05279785 0.05849112
v -0.01739063 -0.05279785 0.05849112
v -0.01614063 -0.05414551 0.05981925
v -0.01739063 -0.05270996 0.05349112
v -0.01739063 -0.05279785 0.05849112
v -0.01739063 -0.05270996 0.05349112
v -0.01864063 -0.05099121 0.05849112
v -0.01895313 -0.05045410 0.05349112
v -0.01864063 -0.05099121 0.05849112
v -0.01895313 -0.05045410 0.05349112
v -0.01973438 -0.04903808 0.05849112
v -0.01973438 -0.04903808 0.05849112
v -0.01895313 -0.05045410 0.05349112
v -0.02035938 -0.04799316 0.05349112
v -0.01973438 -0.04903808 0.05849112
v -0.02035938 -0.04799316 0.05349112
v -0.02067188 -0.04696777 0.05849112
v -0.02067188 -0.04696777 0.05849112
v -0.02035938 -0.04799316 0.05349112
v -0.02114063 -0.04536621 0.05349112
v -0.02067188 -0.04696777 0.05849112
v -0.02114063 -0.04536621 0.05349112
v -0.02129688 -0.04479980 0.05849112
v -0.02129688 -0.04479980 0.05849112
v -0.02114063 -0.04536621 0.05349112
v -0.02160938 -0.04264160 0.05349112
v -0.02129688 -0.04479980 0.05849112
v -0.02160938 -0.04264160 0.05349112
v -0.02129688 -0.04479980 0.06849113
v -0.02129688 -0.04479980 0.06849113
v -0.02160938 -0.04264160 0.05349112
v -0.02176563 -0.04214355 0.06849113
v -0.02176563 -0.04214355 0.06849113
v -0.02160938 -0.04264160 0.05349112
v -0.02176563 -0.03986816 0.05349112
v -0.02176563 -0.04214355 0.06849113
v -0.02176563 -0.03986816 0.05349112
v -0.02176563 -0.03945801 0.06849113
v -0.02176563 -0.03945801 0.06849113
v -0.02176563 -0.03986816 0.05349112
v -0.02145313 -0.03710449 0.05349112
v -0.02176563 -0.03945801 0.06849113
v -0.02145313 -0.03710449 0.05349112
v -0.02145313 -0.03680176 0.06849113
v -0.02145313 -0.03680176 0.06849113
v -0.02145313 -0.03710449 0.05349112
v -0.02145313 -0.03680176 0.05849112
v -0.02145313 -0.03680176 0.05849112
v -0.02145313 -0.03710449 0.05349112
v -0.02082813 -0.03442871 0.05349112
v -0.02145313 -0.03680176 0.05849112
v -0.02082813 -0.03442871 0.05349112
v -0.02082813 -0.03465332 0.05849112
v -0.02082813 -0.03465332 0.05849112
v -0.02082813 -0.03442871 0.05349112
v -0.02004688 -0.03258301 0.05849112
v -0.02004688 -0.03258301 0.05849112
v -0.02082813 -0.03442871 0.05349112
v -0.01973438 -0.03187012 0.05349112
v -0.02004688 -0.03258301 0.05849112
v -0.01973438 -0.03187012 0.05349112
v -0.01895313 -0.03062012 0.05849112
v -0.01895313 -0.03062012 0.05849112
v -0.01973438 -0.03187012 0.05349112
v -0.01832813 -0.02950684 0.05349112
v -0.01895313 -0.03062012 0.05849112
v -0.01832813 -0.02950684 0.05349112
v -0.01770313 -0.02880371 0.05849112
v -0.01770313 -0.02880371 0.05849112
v -0.01832813 -0.02950684 0.05349112
v -0.01645313 -0.02736816 0.05349112
v -0.01770313 -0.02880371 0.06849113
v -0.01770313 -0.02880371 0.06849113
v -0.01645313 -0.02736816 0.05349112
v -0.01582812 -0.02676270 0.06849113
v -0.01582812 -0.02676270 0.06849113
v -0.01645313 -0.02736816 0.05349112
v -0.01442187 -0.02552246 0.05349112
v -0.01582812 -0.02676270 0.06849113
v -0.01442187 -0.02552246 0.05349112
v -0.01379687 -0.02501465 0.06849113
v -0.01379687 -0.02501465 0.06849113
v -0.01442187 -0.02552246 0.05349112
v -0.01207812 -0.02398926 0.05349112
v -0.01379687 -0.02501465 0.06849113
v -0.01207812 -0.02398926 0.05349112
v -0.01129687 -0.02358887 0.06849113
v -0.01129687 -0.02358887 0.06849113
v -0.01207812 -0.02398926 0.05349112
v -0.00957813 -0.02281738 0.05349112
v -0.01129687 -0.02358887 0.06849113
v -0.00957813 -0.02281738 0.05349112
v -0.00879688 -0.02253418 0.06849113
v -0.00879688 -0.02253418 0.06849113
v -0.00957813 -0.02281738 0.05349112
v -0.00692188 -0.02201660 0.05349112
v -0.00879688 -0.02253418 0.06849113
v -0.00692188 -0.02201660 0.05349112
v -0.00614063 -0.02185059 0.06849113
v -0.00614063 -0.02185059 0.06849113
v -0.00692188 -0.02201660 0.05349112
v -0.00426563 -0.02160645 0.05349112
v -0.00614063 -0.02185059 0.06849113
v -0.00426563 -0.02160645 0.05349112
v -0.00332813 -0.02156738 0.06849113
v -0.00332813 -0.02156738 0.06849113
v -0.00426563 -0.02160645 0.05349112
v -0.00145313 -0.02160645 0.05349112
v -0.00332813 -0.02156738 0.06849113
v -0.00145313 -0.02160645 0.05349112
v -0.00067188 -0.02168457 0.06849113
v -0.00067188 -0.02168457 0.06849113
v -0.00145313 -0.02160645 0.05349112
v 0.00135938 -0.02201660 0.05349112
v -0.00067188 -0.02168457 0.06849113
v 0.00135938 -0.02201660 0.05349112
v 0.00214063 -0.02220215 0.06849113
v 0.00214063 -0.02220215 0.06849113
v 0.00135938 -0.02201660 0.05349112
v 0.00401563 -0.02281738 0.05349112
v 0.00214063 -0.02220215 0.06849113
v 0.00401563 -0.02281738 0.05349112
v 0.00464063 -0.02311035 0.06849113
v 0.00464063 -0.02311035 0.06849113
v 0.00401563 -0.02281738 0.05349112
v 0.00651563 -0.02398926 0.05349112
v 0.00464063 -0.02311035 0.06849113
v 0.00651563 -0.02398926 0.05349112
v 0.00714063 -0.02438965 0.06849113
v 0.00714063 -0.02438965 0.06849113
v 0.00651563 -0.02398926 0.05349112
v 0.00885938 -0.02552246 0.05349112
v 0.00714063 -0.02438965 0.06849113
v 0.00885938 -0.02552246 0.05349112
v 0.00948438 -0.02600098 0.06849113
v 0.00948438 -0.02600098 0.06849113
v 0.00885938 -0.02552246 0.05349112
v 0.01089062 -0.02736816 0.05349112
v 0.00948438 -0.02600098 0.06849113
v 0.01089062 -0.02736816 0.05349112
v 0.01089062 -0.02737793 0.06847161
v 0.01089062 -0.02737793 0.06847161
v 0.01089062 -0.02736816 0.05349112
v 0.01214062 -0.02892090 0.06841301
v 0.01260937 -0.02950684 0.05349112
v 0.01214062 -0.02892090 0.06841301
v 0.01260937 -0.02950684 0.05349112
v 0.01339062 -0.03062988 0.06827629
v 0.01339062 -0.03062988 0.06827629
v 0.01260937 -0.02950684 0.05349112
v 0.01417187 -0.03187012 0.05349112
v 0.01339062 -0.03062988 0.06827629
v 0.01417187 -0.03187012 0.05349112
v 0.01432812 -0.03246582 0.06808097
v 0.01432812 -0.03246582 0.06808097
v 0.01417187 -0.03187012 0.05349112
v 0.01510937 -0.03442871 0.05349112
v 0.01432812 -0.03246582 0.06808097
v 0.01510937 -0.03442871 0.05349112
v 0.01510937 -0.03439941 0.06778801
v 0.01510937 -0.03439941 0.06778801
v 0.01510937 -0.03442871 0.05349112
v 0.01573437 -0.03639160 0.06739738
v 0.01573437 -0.03639160 0.06739738
v 0.01510937 -0.03442871 0.05349112
v 0.01589062 -0.03710449 0.05349112
v 0.01573437 -0.03639160 0.06739738
v 0.01589062 -0.03710449 0.05349112
v 0.01604688 -0.03839355 0.06692863
v 0.01604688 -0.03839355 0.06692863
v 0.01589062 -0.03710449 0.05349112
v 0.01620313 -0.03986816 0.05349112
v 0.01604688 -0.03839355 0.06692863
v 0.01620313 -0.03986816 0.05349112
v 0.01620313 -0.04034668 0.06640129
v 0.01620313 -0.04034668 0.06640129
v 0.01620313 -0.03986816 0.05349112
v 0.01604688 -0.04264160 0.05349112
v 0.01620313 -0.04034668 0.06640129
v 0.01604688 -0.04264160 0.05349112
v 0.01604688 -0.04226074 0.06577629
v 0.01589062 -0.04417480 0.06507316
v 0.01589062 -0.04417480 0.06507316
v 0.01604688 -0.04264160 0.05349112
v 0.01557812 -0.04536621 0.05349112
v 0.01589062 -0.04417480 0.06507316
v 0.01557812 -0.04536621 0.05349112
v 0.01542187 -0.04606933 0.06429191
v 0.01542187 -0.04606933 0.06429191
v 0.01557812 -0.04536621 0.05349112
v 0.01464062 -0.04799316 0.05349112
v 0.01542187 -0.04606933 0.06429191
v 0.01464062 -0.04799316 0.05349112
v 0.01479687 -0.04789551 0.06345206
v 0.01479687 -0.04789551 0.06345206
v 0.01464062 -0.04799316 0.05349112
v 0.01385937 -0.04963379 0.06255362
v 0.01385937 -0.04963379 0.06255362
v 0.01464062 -0.04799316 0.05349112
v 0.01339062 -0.05045410 0.05349112
v 0.01385937 -0.04963379 0.06255362
v 0.01339062 -0.05045410 0.05349112
v 0.01292187 -0.05125488 0.06165518
v 0.01292187 -0.05125488 0.06165518
v 0.01339062 -0.05045410 0.05349112
v 0.01182812 -0.05270996 0.05349112
v 0.01292187 -0.05125488 0.06165518
v 0.01182812 -0.05270996 0.05349112
v 0.01182812 -0.05274902 0.06073722
v 0.01182812 -0.05274902 0.06073722
v 0.01182812 -0.05270996 0.05349112
v 0.01057812 -0.05409668 0.05985831
v 0.01057812 -0.05409668 0.05985831
v 0.01182812 -0.05270996 0.05349112
v 0.00995313 -0.05471191 0.05349112
v 0.01057812 -0.05409668 0.05985831
v 0.00995313 -0.05471191 0.05349112
v 0.00917188 -0.05531738 0.05899893
v 0.00917188 -0.05531738 0.05899893
v 0.00995313 -0.05471191 0.05349112
v 0.00760938 -0.05640137 0.05349112
v 0.00917188 -0.05531738 0.05899893
v 0.00760938 -0.05640137 0.05349112
v 0.00760938 -0.05644043 0.05815909
v 0.00760938 -0.05644043 0.05815909
v 0.00760938 -0.05640137 0.05349112
v 0.00589063 -0.05742676 0.05737784
v 0.00526563 -0.05775879 0.05349112
v 0.00589063 -0.05742676 0.05737784
v 0.00526563 -0.05775879 0.05349112
v 0.00417188 -0.05824707 0.05671378
v 0.00417188 -0.05824707 0.05671378
v 0.00526563 -0.05775879 0.05349112
v 0.00260938 -0.05875488 0.05349112
v 0.00417188 -0.05824707 0.05671378
v 0.00260938 -0.05875488 0.05349112
v 0.00229688 -0.05888183 0.05616690
v 0.00229688 -0.05888183 0.05616690
v 0.00260938 -0.05875488 0.05349112
v -0.00004688 -0.05936035 0.05349112
v 0.00229688 -0.05888183 0.05616690
v -0.00004688 -0.05936035 0.05349112
v 0.00026563 -0.05931152 0.05579581
v 0.00026563 -0.05931152 0.05579581
v -0.00004688 -0.05936035 0.05349112
v -0.00176563 -0.05952637 0.05558097
v -0.00176563 -0.05952637 0.05558097
v -0.00004688 -0.05936035 0.05349112
v -0.00285938 -0.05955566 0.05349112
v -0.00176563 -0.05952637 0.05558097
v -0.00285938 -0.05955566 0.05349112
v -0.00379688 -0.05953613 0.05558097
v -0.00379688 -0.05953613 0.05558097
v -0.00285938 -0.05955566 0.05349112
v -0.00551563 -0.05936035 0.05349112
v -0.00379688 -0.05953613 0.05558097
v -0.00551563 -0.05936035 0.05349112
v -0.00582813 -0.05932129 0.05577628
v -0.00582813 -0.05932129 0.05577628
v -0.00551563 -0.05936035 0.05349112
v -0.00770313 -0.05890137 0.05614737
v -0.00770313 -0.05890137 0.05614737
v -0.00551563 -0.05936035 0.05349112
v -0.00832813 -0.05875488 0.05349112
v -0.00770313 -0.05890137 0.05614737
v -0.00832813 -0.05875488 0.05349112
v -0.00973438 -0.05827637 0.05669425
v -0.00973438 -0.05827637 0.05669425
v -0.00832813 -0.05875488 0.05349112
v -0.01082812 -0.05775879 0.05349112
v -0.00973438 -0.05827637 0.05669425
v -0.01082812 -0.05775879 0.05349112
v -0.01145312 -0.05745605 0.05735831
v -0.01145312 -0.05745605 0.05735831
v -0.01082812 -0.05775879 0.05349112
v -0.01332812 -0.05640137 0.05349112
v -0.01145312 -0.05745605 0.05735831
v -0.01332812 -0.05640137 0.05349112
v -0.01317187 -0.05646973 0.05813956
v -0.01317187 -0.05646973 0.05813956
v -0.01332812 -0.05640137 0.05349112
v -0.01473437 -0.05535644 0.05895987
v -0.01473437 -0.05535644 0.05895987
v -0.01332812 -0.05640137 0.05349112
v -0.01551562 -0.05471191 0.05349112
v -0.01473437 -0.05535644 0.05895987
v -0.01551562 -0.05471191 0.05349112
v -0.01614063 -0.05414551 0.05981925
v -0.01614063 -0.05414551 0.05981925
v -0.01551562 -0.05471191 0.05349112
v -0.01739063 -0.05270996 0.05349112
v -0.00551563 -0.05936035 0.05349112
v -0.00285938 -0.05955566 0.05349112
v -0.00285938 -0.05056152 0.05349112
v -0.00004688 -0.05936035 0.05349112
v -0.00082813 -0.05035644 0.05349112
v 0.00260938 -0.05875488 0.05349112
v 0.00120313 -0.04975098 0.05349112
v 0.00526563 -0.05775879 0.05349112
v 0.00292188 -0.04876465 0.05349112
v 0.00760938 -0.05640137 0.05349112
v 0.00995313 -0.05471191 0.05349112
v 0.00448438 -0.04744629 0.05349112
v 0.01182812 -0.05270996 0.05349112
v 0.00573438 -0.04584473 0.05349112
v 0.01339062 -0.05045410 0.05349112
v 0.01464062 -0.04799316 0.05349112
v 0.00651563 -0.04402832 0.05349112
v 0.01557812 -0.04536621 0.05349112
v 0.00714063 -0.04207519 0.05349112
v 0.01604688 -0.04264160 0.05349112
v 0.00714063 -0.04005371 0.05349112
v 0.01620313 -0.03986816 0.05349112
v 0.01589062 -0.03710449 0.05349112
v 0.00682813 -0.03805176 0.05349112
v 0.01510937 -0.03442871 0.05349112
v 0.00620313 -0.03615723 0.05349112
v 0.01417187 -0.03187012 0.05349112
v 0.01260937 -0.02950684 0.05349112
v 0.00510938 -0.03443848 0.05349112
v 0.01089062 -0.02736816 0.05349112
v 0.00370313 -0.03297363 0.05349112
v 0.00885938 -0.02552246 0.05349112
v 0.00198438 -0.03181152 0.05349112
v 0.00651563 -0.02398926 0.05349112
v 0.00401563 -0.02281738 0.05349112
v 0.00026563 -0.03102051 0.05349112
v 0.00135938 -0.02201660 0.05349112
v -0.00176563 -0.03061035 0.05349112
v -0.00145313 -0.02160645 0.05349112
v -0.00379688 -0.03061035 0.05349112
v -0.00426563 -0.02160645 0.05349112
v -0.00692188 -0.02201660 0.05349112
v -0.00582813 -0.03102051 0.05349112
v -0.00957813 -0.02281738 0.05349112
v -0.00770313 -0.03181152 0.05349112
v -0.01207812 -0.02398926 0.05349112
v -0.01442187 -0.02552246 0.05349112
v -0.00926563 -0.03297363 0.05349112
v -0.01645313 -0.02736816 0.05349112
v -0.01067187 -0.03443848 0.05349112
v -0.01832813 -0.02950684 0.05349112
v -0.01176562 -0.03615723 0.05349112
v -0.01973438 -0.03187012 0.05349112
v -0.02082813 -0.03442871 0.05349112
v -0.01254687 -0.03805176 0.05349112
v -0.02145313 -0.03710449 0.05349112
v -0.01285937 -0.04005371 0.05349112
v -0.02176563 -0.03986816 0.05349112
v -0.02160938 -0.04264160 0.05349112
v -0.01270312 -0.04207519 0.05349112
v -0.02114063 -0.04536621 0.05349112
v -0.01223437 -0.04402832 0.05349112
v -0.02035938 -0.04799316 0.05349112
v -0.01129687 -0.04584473 0.05349112
v -0.01895313 -0.05045410 0.05349112
v -0.01739063 -0.05270996 0.05349112
v -0.01004687 -0.04744629 0.05349112
v -0.01551562 -0.05471191 0.05349112
v -0.00848438 -0.04876465 0.05349112
v -0.01332812 -0.05640137 0.05349112
v -0.01082812 -0.05775879 0.05349112
v -0.00676563 -0.04975098 0.05349112
v -0.00832813 -0.05875488 0.05349112
v -0.00489063 -0.05035644 0.05349112
v -0.00067188 0.02299316 0.05349112
v -0.00285938 0.03180176 0.05349112
v -0.00332813 0.02278809 0.05349112
v -0.00489063 0.03190918 0.05349112
v -0.00614063 0.02299316 0.05349112
v -0.00879688 0.02359863 0.05349112
v -0.00692188 0.03241699 0.05349112
v -0.01145312 0.02458496 0.05349112
v -0.00864063 0.03330566 0.05349112
v -0.01395312 0.02594238 0.05349112
v -0.01614063 0.02764160 0.05349112
v -0.01035937 0.03454590 0.05349112
v -0.01801563 0.02963379 0.05349112
v -0.01160937 0.03607910 0.05349112
v -0.01957813 0.03188965 0.05349112
v -0.01254687 0.03784668 0.05349112
v -0.02082813 0.03436035 0.05349112
v -0.02176563 0.03698730 0.05349112
v -0.01317187 0.03978027 0.05349112
v -0.02223438 0.03971191 0.05349112
v -0.01332812 0.04179199 0.05349112
v -0.02239063 0.04248535 0.05349112
v -0.01317187 0.04380371 0.05349112
v -0.02207813 0.04523926 0.05349112
v -0.02145313 0.04792480 0.05349112
v -0.01254687 0.04573730 0.05349112
v -0.02035938 0.05047363 0.05349112
v -0.01160937 0.04750488 0.05349112
v -0.01879688 0.05284668 0.05349112
v -0.01707813 0.05497558 0.05349112
v -0.01035937 0.04903808 0.05349112
v -0.01504687 0.05683105 0.05349112
v -0.00864063 0.05027832 0.05349112
v -0.01270312 0.05836426 0.05349112
v -0.00692188 0.05116699 0.05349112
v -0.01020312 0.05953613 0.05349112
v -0.00754688 0.06033691 0.05349112
v -0.00489063 0.05167480 0.05349112
v -0.00473438 0.06073730 0.05349112
v -0.00285938 0.05178223 0.05349112
v -0.00207813 0.06073730 0.05349112
v 0.00073438 0.06033691 0.05349112
v -0.00082813 0.05146973 0.05349112
v 0.00339063 0.05953613 0.05349112
v 0.00104688 0.05076660 0.05349112
v 0.00589063 0.05836426 0.05349112
v 0.00276563 0.04970215 0.05349112
v 0.00823438 0.05683105 0.05349112
v 0.01026562 0.05497558 0.05349112
v 0.00417188 0.04830566 0.05349112
v 0.01198437 0.05284668 0.05349112
v 0.00542188 0.04664551 0.05349112
v 0.01354687 0.05047363 0.05349112
v 0.00620313 0.04478027 0.05349112
v 0.01464062 0.04792480 0.05349112
v 0.01526562 0.04523926 0.05349112
v 0.00651563 0.04279785 0.05349112
v 0.01557812 0.04248535 0.05349112
v 0.00651563 0.04077637 0.05349112
v 0.01542187 0.03971191 0.05349112
v 0.01495312 0.03698730 0.05349112
v 0.00620313 0.03879394 0.05349112
v 0.01401562 0.03436035 0.05349112
v 0.00542188 0.03693848 0.05349112
v 0.01276562 0.03188965 0.05349112
v 0.00417188 0.03527832 0.05349112
v 0.01120312 0.02963379 0.05349112
v 0.00932813 0.02764160 0.05349112
v 0.00276563 0.03388183 0.05349112
v 0.00714063 0.02594238 0.05349112
v 0.00104688 0.03281738 0.05349112
v 0.00464063 0.02458496 0.05349112
v 0.00214063 0.02359863 0.05349112
v -0.00082813 0.03211426 0.05349112
v -0.02129688 -0.04479980 0.06849113
v -0.02176563 -0.04214355 0.06849113
v -0.03270312 -0.04479980 0.06849113
v -0.02176563 -0.03945801 0.06849113
v -0.03270312 -0.03680176 0.06849113
v -0.02145313 -0.03680176 0.06849113
v -0.03239062 -0.00187012 0.02849113
v -0.01489062 -0.00187012 0.02849113
v -0.03270312 -0.00000488 0.02849113
v -0.01457812 -0.00000488 0.02849113
v -0.03239062 0.00187012 0.02849113
v -0.01489062 0.00187012 0.02849113
v -0.03192188 0.00365723 0.02849113
v -0.01535937 0.00365723 0.02849113
v -0.03098438 0.00528809 0.02849113
v -0.01629688 0.00528809 0.02849113
v -0.02973438 0.00668457 0.02849113
v -0.01754688 0.00668457 0.02849113
v -0.02817188 0.00778809 0.02849113
v -0.01910938 0.00778809 0.02849113
v -0.02645313 0.00855957 0.02849113
v -0.02082813 0.00855957 0.02849113
v -0.02457813 0.00895020 0.02849113
v -0.02270313 0.00895020 0.02849113
v -0.01535937 -0.00366699 0.02849113
v -0.03192188 -0.00366699 0.02849113
v -0.01629688 -0.00528809 0.02849113
v -0.03098438 -0.00528809 0.02849113
v -0.01754688 -0.00669434 0.02849113
v -0.02973438 -0.00669434 0.02849113
v -0.01910938 -0.00779785 0.02849113
v -0.02817188 -0.00779785 0.02849113
v -0.02082813 -0.00855957 0.02849113
v -0.02645313 -0.00855957 0.02849113
v -0.02270313 -0.00895020 0.02849113
v -0.02457813 -0.00895020 0.02849113
v -0.03239062 -0.00187012 0.06849113
v -0.03239062 -0.00187012 0.02849113
v -0.03270312 -0.00000488 0.06849113
v -0.03270312 -0.00000488 0.02849113
v -0.03270312 -0.00000488 0.06849113
v -0.03270312 -0.00000488 0.02849113
v -0.03239062 0.00187012 0.06849113
v -0.03239062 0.00187012 0.02849113
v -0.03239062 0.00187012 0.06849113
v -0.03239062 0.00187012 0.02849113
v -0.03192188 0.00365723 0.02849113
v -0.03239062 -0.00187012 0.06849113
v -0.03192188 -0.00366699 0.06849113
v -0.03239062 -0.00187012 0.02849113
v -0.03192188 -0.00366699 0.02849113
v -0.03192188 -0.00366699 0.02849113
v -0.03192188 -0.00366699 0.06849113
v -0.03098438 -0.00528809 0.06849113
v -0.03098438 -0.00528809 0.02849113
v -0.03098438 -0.00528809 0.02849113
v -0.03098438 -0.00528809 0.06849113
v -0.02973438 -0.00669434 0.06849113
v -0.02973438 -0.00669434 0.02849113
v -0.02973438 -0.00669434 0.02849113
v -0.02973438 -0.00669434 0.06849113
v -0.02817188 -0.00779785 0.06849113
v -0.02817188 -0.00779785 0.02849113
v -0.02817188 -0.00779785 0.02849113
v -0.02817188 -0.00779785 0.06849113
v -0.02645313 -0.00855957 0.06849113
v -0.02645313 -0.00855957 0.02849113
v -0.02645313 -0.00855957 0.02849113
v -0.02645313 -0.00855957 0.06849113
v -0.02457813 -0.00895020 0.06849113
v -0.02457813 -0.00895020 0.02849113
v -0.02457813 -0.00895020 0.02849113
v -0.02457813 -0.00895020 0.06849113
v -0.02270313 -0.00895020 0.06849113
v -0.02270313 -0.00895020 0.02849113
v -0.02270313 -0.00895020 0.02849113
v -0.02270313 -0.00895020 0.06849113
v -0.02082813 -0.00855957 0.06849113
v -0.02082813 -0.00855957 0.02849113
v -0.02082813 -0.00855957 0.02849113
v -0.02082813 -0.00855957 0.06849113
v -0.01910938 -0.00779785 0.06849113
v -0.01910938 -0.00779785 0.02849113
v -0.01910938 -0.00779785 0.02849113
v -0.01910938 -0.00779785 0.06849113
v -0.01754688 -0.00669434 0.06849113
v -0.01754688 -0.00669434 0.02849113
v -0.01754688 -0.00669434 0.02849113
v -0.01754688 -0.00669434 0.06849113
v -0.01629688 -0.00528809 0.06849113
v -0.01629688 -0.00528809 0.02849113
v -0.01629688 -0.00528809 0.02849113
v -0.01629688 -0.00528809 0.06849113
v -0.01535937 -0.00366699 0.06849113
v -0.01535937 -0.00366699 0.02849113
v -0.01535937 -0.00366699 0.02849113
v -0.01535937 -0.00366699 0.06849113
v -0.01489062 -0.00187012 0.06849113
v -0.01489062 -0.00187012 0.02849113
v -0.01489062 -0.00187012 0.02849113
v -0.01489062 -0.00187012 0.06849113
v -0.01457812 -0.00000488 0.06849113
v -0.01457812 -0.00000488 0.02849113
v -0.01457812 -0.00000488 0.02849113
v -0.01457812 -0.00000488 0.06849113
v -0.01489062 0.00187012 0.06849113
v -0.01489062 0.00187012 0.02849113
v -0.01489062 0.00187012 0.02849113
v -0.01489062 0.00187012 0.06849113
v -0.01535937 0.00365723 0.06849113
v -0.01535937 0.00365723 0.02849113
v -0.01535937 0.00365723 0.02849113
v -0.01535937 0.00365723 0.06849113
v -0.01629688 0.00528809 0.06849113
v -0.01629688 0.00528809 0.02849113
v -0.01629688 0.00528809 0.02849113
v -0.01629688 0.00528809 0.06849113
v -0.01754688 0.00668457 0.06849113
v -0.01754688 0.00668457 0.02849113
v -0.01754688 0.00668457 0.02849113
v -0.01754688 0.00668457 0.06849113
v -0.01910938 0.00778809 0.06849113
v -0.01910938 0.00778809 0.02849113
v -0.01910938 0.00778809 0.02849113
v -0.01910938 0.00778809 0.06849113
v -0.02082813 0.00855957 0.06849113
v -0.02082813 0.00855957 0.02849113
v -0.02082813 0.00855957 0.02849113
v -0.02082813 0.00855957 0.06849113
v -0.02270313 0.00895020 0.06849113
v -0.02270313 0.00895020 0.02849113
v -0.02270313 0.00895020 0.02849113
v -0.02270313 0.00895020 0.06849113
v -0.02457813 0.00895020 0.06849113
v -0.02457813 0.00895020 0.02849113
v -0.02457813 0.00895020 0.02849113
v -0.02457813 0.00895020 0.06849113
v -0.02645313 0.00855957 0.06849113
v -0.02645313 0.00855957 0.02849113
v -0.02645313 0.00855957 0.02849113
v -0.02645313 0.00855957 0.06849113
v -0.02817188 0.00778809 0.06849113
v -0.02817188 0.00778809 0.02849113
v -0.02817188 0.00778809 0.02849113
v -0.02817188 0.00778809 0.06849113
v -0.02973438 0.00668457 0.06849113
v -0.02973438 0.00668457 0.02849113
v -0.02973438 0.00668457 0.02849113
v -0.02973438 0.00668457 0.06849113
v -0.03098438 0.00528809 0.06849113
v -0.03098438 0.00528809 0.02849113
v -0.03098438 0.00528809 0.02849113
v -0.03098438 0.00528809 0.06849113
v -0.03192188 0.00365723 0.06849113
v -0.03192188 0.00365723 0.02849113
v -0.03192188 0.00365723 0.06849113
v -0.02207813 0.04520019 0.06849113
v -0.03270312 0.04520019 0.06849113
v -0.02239063 0.04253418 0.06849113
v -0.03270312 0.03720215 0.06849113
v -0.02223438 0.03984863 0.06849113
v -0.02176563 0.03720215 0.06849113
v -0.01192187 -0.04479980 -0.06850106
v -0.03270312 -0.04479980 -0.06850106
v -0.01239062 -0.04325683 -0.06850106
v -0.01270312 -0.04164551 -0.06850106
v -0.01285937 -0.03999512 -0.06850106
v -0.03270312 -0.03680176 -0.06850106
v -0.01254687 -0.03837402 -0.06850106
v -0.01207812 -0.03680176 -0.06850106
v -0.01207812 -0.03680176 -0.05850106
v -0.01207812 -0.03680176 -0.06850106
v -0.03035938 -0.03680176 -0.05850106
v -0.03270312 -0.03680176 -0.06850106
v -0.03489062 -0.03680176 -0.05600106
v -0.03754687 -0.03680176 -0.06598153
v -0.03910937 -0.03680176 -0.05314950
v -0.04223437 -0.03680176 -0.06311044
v -0.04317187 -0.03680176 -0.04994638
v -0.04676562 -0.03680176 -0.05990731
v -0.04707812 -0.03680176 -0.04646981
v -0.05114062 -0.03680176 -0.05637216
v -0.05051562 -0.03680176 -0.04268075
v -0.05504687 -0.03680176 -0.05254403
v -0.05379687 -0.03680176 -0.03863778
v -0.05879687 -0.03680176 -0.04844247
v -0.05660937 -0.03680176 -0.03434091
v -0.06207812 -0.03680176 -0.04406747
v -0.05910937 -0.03680176 -0.02984872
v -0.06520314 -0.03680176 -0.03945809
v -0.06129687 -0.03680176 -0.02516122
v -0.06785939 -0.03680176 -0.03463388
v -0.06301562 -0.03680176 -0.02031747
v -0.07020314 -0.03680176 -0.02961434
v -0.06442189 -0.03680176 -0.01535653
v -0.07223439 -0.03680176 -0.02445809
v -0.07379689 -0.03680176 -0.01916513
v -0.06551564 -0.03680176 -0.01027841
v -0.07504689 -0.03680176 -0.01375497
v -0.06614064 -0.03680176 -0.00516122
v -0.07582814 -0.03680176 -0.00828622
v -0.07629689 -0.03680176 -0.00277841
v -0.06629689 -0.03680176 -0.00000497
v -0.07629689 -0.03680176 0.00276847
v -0.06614064 -0.03680176 0.00515128
v -0.07582814 -0.03680176 0.00827628
v -0.07504689 -0.03680176 0.01374503
v -0.06551564 -0.03680176 0.01028800
v -0.07379689 -0.03680176 0.01915519
v -0.06442189 -0.03680176 0.01534659
v -0.07223439 -0.03680176 0.02444816
v -0.07020314 -0.03680176 0.02962394
v -0.06301562 -0.03680176 0.02030753
v -0.06785939 -0.03680176 0.03462393
v -0.06129687 -0.03680176 0.02515128
v -0.06520314 -0.03680176 0.03944815
v -0.05910937 -0.03680176 0.02983878
v -0.06207812 -0.03680176 0.04405753
v -0.05660937 -0.03680176 0.03433097
v -0.05879687 -0.03680176 0.04843253
v -0.05379687 -0.03680176 0.03862784
v -0.05504687 -0.03680176 0.05253409
v -0.05051562 -0.03680176 0.04267081
v -0.05114062 -0.03680176 0.05636222
v -0.04707812 -0.03680176 0.04645987
v -0.04676562 -0.03680176 0.05989737
v -0.04317187 -0.03680176 0.04995597
v -0.04223437 -0.03680176 0.06310050
v -0.03910937 -0.03680176 0.05313956
v -0.03754687 -0.03680176 0.06597161
v -0.03489062 -0.03680176 0.05599112
v -0.03270312 -0.03680176 0.06849113
v -0.03035938 -0.03680176 0.05849112
v -0.02145313 -0.03680176 0.06849113
v -0.02145313 -0.03680176 0.05849112
v -0.01770313 -0.02880371 0.05849112
v -0.03035938 -0.02880371 0.05849112
v -0.01895313 -0.03062012 0.05849112
v -0.02004688 -0.03258301 0.05849112
v -0.02082813 -0.03465332 0.05849112
v -0.03035938 -0.03680176 0.05849112
v -0.02145313 -0.03680176 0.05849112
v -0.03035938 -0.03680176 0.05849112
v -0.03035938 -0.02880371 0.05849112
v -0.03489062 -0.03680176 0.05599112
v -0.03489062 -0.02880371 0.05599112
v -0.03489062 -0.03680176 0.05599112
v -0.03489062 -0.02880371 0.05599112
v -0.03910937 -0.03680176 0.05313956
v -0.03910937 -0.02880371 0.05313956
v -0.03910937 -0.03680176 0.05313956
v -0.03910937 -0.02880371 0.05313956
v -0.04317187 -0.03680176 0.04995597
v -0.04317187 -0.02880371 0.04995597
v -0.04317187 -0.03680176 0.04995597
v -0.04317187 -0.02880371 0.04995597
v -0.04707812 -0.03680176 0.04645987
v -0.04707812 -0.02880371 0.04645987
v -0.04707812 -0.03680176 0.04645987
v -0.04707812 -0.02880371 0.04645987
v -0.05051562 -0.03680176 0.04267081
v -0.05051562 -0.02880371 0.04267081
v -0.05051562 -0.03680176 0.04267081
v -0.05051562 -0.02880371 0.04267081
v -0.05379687 -0.03680176 0.03862784
v -0.05379687 -0.02880371 0.03862784
v -0.05379687 -0.03680176 0.03862784
v -0.05379687 -0.02880371 0.03862784
v -0.05660937 -0.03680176 0.03433097
v -0.05660937 -0.02880371 0.03433097
v -0.05660937 -0.03680176 0.03433097
v -0.05660937 -0.02880371 0.03433097
v -0.05910937 -0.03680176 0.02983878
v -0.05910937 -0.02880371 0.02983878
v -0.05910937 -0.03680176 0.02983878
v -0.05910937 -0.02880371 0.02983878
v -0.06129687 -0.03680176 0.02515128
v -0.06129687 -0.02880371 0.02515128
v -0.06129687 -0.03680176 0.02515128
v -0.06129687 -0.02880371 0.02515128
v -0.06301562 -0.03680176 0.02030753
v -0.06301562 -0.02880371 0.02030753
v -0.06301562 -0.03680176 0.02030753
v -0.06301562 -0.02880371 0.02030753
v -0.06442189 -0.03680176 0.01534659
v -0.06442189 -0.02880371 0.01534659
v -0.06442189 -0.03680176 0.01534659
v -0.06442189 -0.02880371 0.01534659
v -0.06551564 -0.03680176 0.01028800
v -0.06551564 -0.02880371 0.01028800
v -0.06551564 -0.03680176 0.01028800
v -0.06551564 -0.02880371 0.01028800
v -0.06614064 -0.03680176 0.00515128
v -0.06614064 -0.02880371 0.00515128
v -0.06614064 -0.03680176 0.00515128
v -0.06614064 -0.02880371 0.00515128
v -0.06629689 -0.03680176 -0.00000497
v -0.06629689 -0.02880371 -0.00000497
v -0.06629689 -0.03680176 -0.00000497
v -0.06629689 -0.02880371 -0.00000497
v -0.06614064 -0.03680176 -0.00516122
v -0.06614064 -0.02880371 -0.00516122
v -0.06614064 -0.03680176 -0.00516122
v -0.06614064 -0.02880371 -0.00516122
v -0.06551564 -0.03680176 -0.01027841
v -0.06551564 -0.02880371 -0.01027841
v -0.06551564 -0.03680176 -0.01027841
v -0.06551564 -0.02880371 -0.01027841
v -0.06442189 -0.03680176 -0.01535653
v -0.06442189 -0.02880371 -0.01535653
v -0.06442189 -0.03680176 -0.01535653
v -0.06442189 -0.02880371 -0.01535653
v -0.06301562 -0.03680176 -0.02031747
v -0.06301562 -0.02880371 -0.02031747
v -0.06301562 -0.03680176 -0.02031747
v -0.06301562 -0.02880371 -0.02031747
v -0.06129687 -0.03680176 -0.02516122
v -0.06129687 -0.02880371 -0.02516122
v -0.06129687 -0.03680176 -0.02516122
v -0.06129687 -0.02880371 -0.02516122
v -0.05910937 -0.03680176 -0.02984872
v -0.05910937 -0.02880371 -0.02984872
v -0.05910937 -0.03680176 -0.02984872
v -0.05910937 -0.02880371 -0.02984872
v -0.05660937 -0.03680176 -0.03434091
v -0.05660937 -0.02880371 -0.03434091
v -0.05660937 -0.03680176 -0.03434091
v -0.05660937 -0.02880371 -0.03434091
v -0.05379687 -0.03680176 -0.03863778
v -0.05379687 -0.02880371 -0.03863778
v -0.05379687 -0.03680176 -0.03863778
v -0.05379687 -0.02880371 -0.03863778
v -0.05051562 -0.03680176 -0.04268075
v -0.05051562 -0.02880371 -0.04268075
v -0.05051562 -0.03680176 -0.04268075
v -0.05051562 -0.02880371 -0.04268075
v -0.04707812 -0.03680176 -0.04646981
v -0.04707812 -0.02880371 -0.04646981
v -0.04707812 -0.03680176 -0.04646981
v -0.04707812 -0.02880371 -0.04646981
v -0.04317187 -0.03680176 -0.04994638
v -0.04317187 -0.02880371 -0.04994638
v -0.04317187 -0.03680176 -0.04994638
v -0.04317187 -0.02880371 -0.04994638
v -0.03910937 -0.03680176 -0.05314950
v -0.03910937 -0.02880371 -0.05314950
v -0.03910937 -0.03680176 -0.05314950
v -0.03910937 -0.02880371 -0.05314950
v -0.03489062 -0.03680176 -0.05600106
v -0.03489062 -0.02880371 -0.05600106
v -0.03489062 -0.03680176 -0.05600106
v -0.03489062 -0.02880371 -0.05600106
v -0.03035938 -0.03680176 -0.05850106
v -0.03035938 -0.02880371 -0.05850106
v -0.00317188 -0.02880371 -0.05850106
v -0.00676563 -0.03141113 -0.05850106
v -0.03035938 -0.02880371 -0.05850106
v -0.00848438 -0.03234863 -0.05850106
v -0.01004687 -0.03359863 -0.05850106
v -0.00317188 -0.03056152 -0.05850106
v -0.00504688 -0.03080566 -0.05850106
v -0.03035938 -0.03680176 -0.05850106
v -0.01114062 -0.03509277 -0.05850106
v -0.01207812 -0.03680176 -0.05850106
v -0.03035938 0.03720215 -0.05850106
v -0.01395312 0.03720215 -0.05850106
v -0.03035938 0.02920410 -0.05850106
v -0.01035937 0.03454590 -0.05850106
v -0.00864063 0.03330566 -0.05850106
v -0.01457812 0.03913574 -0.05850106
v -0.01254687 0.03784668 -0.05850106
v -0.01160937 0.03607910 -0.05850106
v -0.01317187 0.03978027 -0.05850106
v -0.01489062 0.04115723 -0.05850106
v -0.01332812 0.04179199 -0.05850106
v -0.01473437 0.04319824 -0.05850106
v -0.01317187 0.04380371 -0.05850106
v -0.01442187 0.04520019 -0.05850106
v -0.01254687 0.04573730 -0.05850106
v -0.01160937 0.04750488 -0.05850106
v -0.03035938 0.05319824 -0.05850106
v -0.01035937 0.04903808 -0.05850106
v -0.00864063 0.05027832 -0.05850106
v -0.00489063 0.05319824 -0.05850106
v -0.00692188 0.05116699 -0.05850106
v -0.00489063 0.05167480 -0.05850106
v -0.00285938 0.05178223 -0.05850106
v -0.00270313 0.05326660 -0.05850106
v -0.00051563 0.05291504 -0.05850106
v -0.03035938 0.04520019 -0.05850106
v -0.00082813 0.05146973 -0.05850106
v 0.00151563 0.05216308 -0.05850106
v 0.00104688 0.05076660 -0.05850106
v 0.00339063 0.05103027 -0.05850106
v 0.00276563 0.04970215 -0.05850106
v 0.00510938 0.04956543 -0.05850106
v 0.00417188 0.04830566 -0.05850106
v 0.00635938 0.04781738 -0.05850106
v 0.00542188 0.04664551 -0.05850106
v 0.00729688 0.04585449 -0.05850106
v 0.00620313 0.04478027 -0.05850106
v 0.00792188 0.04374512 -0.05850106
v 0.00651563 0.04279785 -0.05850106
v 0.00807813 0.04155762 -0.05850106
v 0.00651563 0.04077637 -0.05850106
v 0.00792188 0.03937988 -0.05850106
v 0.00620313 0.03879394 -0.05850106
v 0.00714063 0.03729980 -0.05850106
v 0.00542188 0.03693848 -0.05850106
v 0.00620313 0.03536621 -0.05850106
v 0.00417188 0.03527832 -0.05850106
v 0.00479688 0.03367676 -0.05850106
v 0.00276563 0.03388183 -0.05850106
v 0.00307813 0.03228027 -0.05850106
v 0.00104688 0.03281738 -0.05850106
v 0.00120313 0.03122559 -0.05850106
v -0.00082813 0.03211426 -0.05850106
v -0.00098438 0.03056152 -0.05850106
v -0.00285938 0.03180176 -0.05850106
v -0.00317188 0.03029785 -0.05850106
v -0.00489063 0.03190918 -0.05850106
v -0.00317188 0.02920410 -0.05850106
v -0.00692188 0.03241699 -0.05850106
v -0.03035938 0.02920410 0.05849112
v -0.03035938 0.03720215 0.05849112
v -0.03489062 0.02920410 0.05599112
v -0.03489062 0.03720215 0.05599112
v -0.03489062 0.02920410 0.05599112
v -0.03489062 0.03720215 0.05599112
v -0.03910937 0.02920410 0.05313956
v -0.03910937 0.03720215 0.05313956
v -0.03910937 0.02920410 0.05313956
v -0.03910937 0.03720215 0.05313956
v -0.04317187 0.02920410 0.04995597
v -0.04317187 0.03720215 0.04995597
v -0.04317187 0.02920410 0.04995597
v -0.04317187 0.03720215 0.04995597
v -0.04707812 0.02920410 0.04645987
v -0.04707812 0.03720215 0.04645987
v -0.04707812 0.02920410 0.04645987
v -0.04707812 0.03720215 0.04645987
v -0.05051562 0.02920410 0.04267081
v -0.05051562 0.03720215 0.04267081
v -0.05051562 0.02920410 0.04267081
v -0.05051562 0.03720215 0.04267081
v -0.05379687 0.02920410 0.03862784
v -0.05379687 0.03720215 0.03862784
v -0.05379687 0.02920410 0.03862784
v -0.05379687 0.03720215 0.03862784
v -0.05660937 0.02920410 0.03433097
v -0.05660937 0.03720215 0.03433097
v -0.05660937 0.02920410 0.03433097
v -0.05660937 0.03720215 0.03433097
v -0.05910937 0.02920410 0.02983878
v -0.05910937 0.03720215 0.02983878
v -0.05910937 0.02920410 0.02983878
v -0.05910937 0.03720215 0.02983878
v -0.06129687 0.02920410 0.02515128
v -0.06129687 0.03720215 0.02515128
v -0.06129687 0.02920410 0.02515128
v -0.06129687 0.03720215 0.02515128
v -0.06301562 0.02920410 0.02030753
v -0.06301562 0.03720215 0.02030753
v -0.06301562 0.02920410 0.02030753
v -0.06301562 0.03720215 0.02030753
v -0.06442189 0.02920410 0.01534659
v -0.06442189 0.03720215 0.01534659
v -0.06442189 0.02920410 0.01534659
v -0.06442189 0.03720215 0.01534659
v -0.06551564 0.02920410 0.01028800
v -0.06551564 0.03720215 0.01028800
v -0.06551564 0.02920410 0.01028800
v -0.06551564 0.03720215 0.01028800
v -0.06614064 0.02920410 0.00515128
v -0.06614064 0.03720215 0.00515128
v -0.06614064 0.02920410 0.00515128
v -0.06614064 0.03720215 0.00515128
v -0.06629689 0.02920410 -0.00000497
v -0.06629689 0.03720215 -0.00000497
v -0.06629689 0.02920410 -0.00000497
v -0.06629689 0.03720215 -0.00000497
v -0.06614064 0.02920410 -0.00516122
v -0.06614064 0.03720215 -0.00516122
v -0.06614064 0.02920410 -0.00516122
v -0.06614064 0.03720215 -0.00516122
v -0.06551564 0.02920410 -0.01027841
v -0.06551564 0.03720215 -0.01027841
v -0.06551564 0.02920410 -0.01027841
v -0.06551564 0.03720215 -0.01027841
v -0.06442189 0.02920410 -0.01535653
v -0.06442189 0.03720215 -0.01535653
v -0.06442189 0.02920410 -0.01535653
v -0.06442189 0.03720215 -0.01535653
v -0.06301562 0.02920410 -0.02031747
v -0.06301562 0.03720215 -0.02031747
v -0.06301562 0.02920410 -0.02031747
v -0.06301562 0.03720215 -0.02031747
v -0.06129687 0.02920410 -0.02516122
v -0.06129687 0.03720215 -0.02516122
v -0.06129687 0.02920410 -0.02516122
v -0.06129687 0.03720215 -0.02516122
v -0.05910937 0.02920410 -0.02984872
v -0.05910937 0.03720215 -0.02984872
v -0.05910937 0.02920410 -0.02984872
v -0.05910937 0.03720215 -0.02984872
v -0.05660937 0.02920410 -0.03434091
v -0.05660937 0.03720215 -0.03434091
v -0.05660937 0.02920410 -0.03434091
v -0.05660937 0.03720215 -0.03434091
v -0.05379687 0.02920410 -0.03863778
v -0.05379687 0.03720215 -0.03863778
v -0.05379687 0.02920410 -0.03863778
v -0.05379687 0.03720215 -0.03863778
v -0.05051562 0.02920410 -0.04268075
v -0.05051562 0.03720215 -0.04268075
v -0.05051562 0.02920410 -0.04268075
v -0.05051562 0.03720215 -0.04268075
v -0.04707812 0.02920410 -0.04646981
v -0.04707812 0.03720215 -0.04646981
v -0.04707812 0.02920410 -0.04646981
v -0.04707812 0.03720215 -0.04646981
v -0.04317187 0.02920410 -0.04994638
v -0.04317187 0.03720215 -0.04994638
v -0.04317187 0.02920410 -0.04994638
v -0.04317187 0.03720215 -0.04994638
v -0.03910937 0.02920410 -0.05314950
v -0.03910937 0.03720215 -0.05314950
v -0.03910937 0.02920410 -0.05314950
v -0.03910937 0.03720215 -0.05314950
v -0.03489062 0.02920410 -0.05600106
v -0.03489062 0.03720215 -0.05600106
v -0.03489062 0.02920410 -0.05600106
v -0.03489062 0.03720215 -0.05600106
v -0.03035938 0.02920410 -0.05850106
v -0.03035938 0.03720215 -0.05850106
v -0.02176563 0.03720215 0.05849112
v -0.03035938 0.03720215 0.05849112
v -0.02114063 0.03502441 0.05849112
v -0.03035938 0.02920410 0.05849112
v -0.02020313 0.03294433 0.05849112
v -0.01895313 0.03099121 0.05849112
v -0.01754688 0.02920410 0.05849112
v -0.01442187 0.04520019 -0.07432138
v -0.01989063 0.04520019 -0.07311045
v -0.01442187 0.04520019 -0.05850106
v -0.02520313 0.04520019 -0.07148935
v -0.03035938 0.04520019 -0.05850106
v -0.03051563 0.04520019 -0.06947763
v -0.03551562 0.04520019 -0.06707528
v -0.03489062 0.04520019 -0.05600106
v -0.04035937 0.04520019 -0.06432138
v -0.03910937 0.04520019 -0.05314950
v -0.04504687 0.04520019 -0.06119638
v -0.04317187 0.04520019 -0.04994638
v -0.04707812 0.04520019 -0.04646981
v -0.04942187 0.04520019 -0.05773934
v -0.05051562 0.04520019 -0.04268075
v -0.05364062 0.04520019 -0.05396981
v -0.05379687 0.04520019 -0.03863778
v -0.05754687 0.04520019 -0.04988778
v -0.05660937 0.04520019 -0.03434091
v -0.06098437 0.04520019 -0.04555184
v -0.05910937 0.04520019 -0.02984872
v -0.06426564 0.04520019 -0.04094247
v -0.06129687 0.04520019 -0.02516122
v -0.06707814 0.04520019 -0.03611825
v -0.06301562 0.04520019 -0.02031747
v -0.06957814 0.04520019 -0.03109872
v -0.06442189 0.04520019 -0.01535653
v -0.07176564 0.04520019 -0.02590341
v -0.07348439 0.04520019 -0.02057138
v -0.06551564 0.04520019 -0.01027841
v -0.07473439 0.04520019 -0.01512216
v -0.06614064 0.04520019 -0.00516122
v -0.07567189 0.04520019 -0.00959481
v -0.07614064 0.04520019 -0.00400888
v -0.06629689 0.04520019 -0.00000497
v -0.07629689 0.04520019 0.00161613
v -0.07598439 0.04520019 0.00720206
v -0.06614064 0.04520019 0.00515128
v -0.07520314 0.04520019 0.01276847
v -0.06551564 0.04520019 0.01028800
v -0.07410939 0.04520019 0.01825675
v -0.07254689 0.04520019 0.02364738
v -0.06442189 0.04520019 0.01534659
v -0.07051564 0.04520019 0.02890128
v -0.06301562 0.04520019 0.02030753
v -0.06817189 0.04520019 0.03399893
v -0.06129687 0.04520019 0.02515128
v -0.06551564 0.04520019 0.03892081
v -0.05910937 0.04520019 0.02983878
v -0.06239062 0.04520019 0.04360831
v -0.05660937 0.04520019 0.03433097
v -0.05910937 0.04520019 0.04808097
v -0.05379687 0.04520019 0.03862784
v -0.05535937 0.04520019 0.05226065
v -0.05051562 0.04520019 0.04267081
v -0.05129687 0.04520019 0.05616690
v -0.04707812 0.04520019 0.04645987
v -0.04692187 0.04520019 0.05976065
v -0.04317187 0.04520019 0.04995597
v -0.04239062 0.04520019 0.06302237
v -0.03910937 0.04520019 0.05313956
v -0.03770312 0.04520019 0.06593254
v -0.03489062 0.04520019 0.05599112
v -0.03270312 0.04520019 0.06849113
v -0.03035938 0.04520019 0.05849112
v -0.02207813 0.04520019 0.06849113
v -0.02207813 0.04520019 0.05849112
v -0.02207813 0.04520019 0.05849112
v -0.02160938 0.04733887 0.05849112
v -0.03035938 0.04520019 0.05849112
v -0.03035938 0.05319824 0.05849112
v -0.02082813 0.04939941 0.05849112
v -0.01973438 0.05136230 0.05849112
v -0.01864063 0.05319824 0.05849112
v -0.03035938 0.05319824 -0.05850106
v -0.03035938 0.04520019 -0.05850106
v -0.03489062 0.05319824 -0.05600106
v -0.03489062 0.04520019 -0.05600106
v -0.03489062 0.05319824 -0.05600106
v -0.03489062 0.04520019 -0.05600106
v -0.03910937 0.05319824 -0.05314950
v -0.03910937 0.04520019 -0.05314950
v -0.03910937 0.05319824 -0.05314950
v -0.03910937 0.04520019 -0.05314950
v -0.04317187 0.05319824 -0.04994638
v -0.04317187 0.04520019 -0.04994638
v -0.04317187 0.05319824 -0.04994638
v -0.04317187 0.04520019 -0.04994638
v -0.04707812 0.05319824 -0.04646981
v -0.04707812 0.04520019 -0.04646981
v -0.04707812 0.05319824 -0.04646981
v -0.04707812 0.04520019 -0.04646981
v -0.05051562 0.05319824 -0.04268075
v -0.05051562 0.04520019 -0.04268075
v -0.05051562 0.05319824 -0.04268075
v -0.05051562 0.04520019 -0.04268075
v -0.05379687 0.05319824 -0.03863778
v -0.05379687 0.04520019 -0.03863778
v -0.05379687 0.05319824 -0.03863778
v -0.05379687 0.04520019 -0.03863778
v -0.05660937 0.05319824 -0.03434091
v -0.05660937 0.04520019 -0.03434091
v -0.05660937 0.05319824 -0.03434091
v -0.05660937 0.04520019 -0.03434091
v -0.05910937 0.05319824 -0.02984872
v -0.05910937 0.04520019 -0.02984872
v -0.05910937 0.05319824 -0.02984872
v -0.05910937 0.04520019 -0.02984872
v -0.06129687 0.05319824 -0.02516122
v -0.06129687 0.04520019 -0.02516122
v -0.06129687 0.05319824 -0.02516122
v -0.06129687 0.04520019 -0.02516122
v -0.06301562 0.05319824 -0.02031747
v -0.06301562 0.04520019 -0.02031747
v -0.06301562 0.05319824 -0.02031747
v -0.06301562 0.04520019 -0.02031747
v -0.06442189 0.05319824 -0.01535653
v -0.06442189 0.04520019 -0.01535653
v -0.06442189 0.05319824 -0.01535653
v -0.06442189 0.04520019 -0.01535653
v -0.06551564 0.05319824 -0.01027841
v -0.06551564 0.04520019 -0.01027841
v -0.06551564 0.05319824 -0.01027841
v -0.06551564 0.04520019 -0.01027841
v -0.06614064 0.05319824 -0.00516122
v -0.06614064 0.04520019 -0.00516122
v -0.06614064 0.05319824 -0.00516122
v -0.06614064 0.04520019 -0.00516122
v -0.06629689 0.05319824 -0.00000497
v -0.06629689 0.04520019 -0.00000497
v -0.06629689 0.05319824 -0.00000497
v -0.06629689 0.04520019 -0.00000497
v -0.06614064 0.05319824 0.00515128
v -0.06614064 0.04520019 0.00515128
v -0.06614064 0.05319824 0.00515128
v -0.06614064 0.04520019 0.00515128
v -0.06551564 0.05319824 0.01028800
v -0.06551564 0.04520019 0.01028800
v -0.06551564 0.05319824 0.01028800
v -0.06551564 0.04520019 0.01028800
v -0.06442189 0.05319824 0.01534659
v -0.06442189 0.04520019 0.01534659
v -0.06442189 0.05319824 0.01534659
v -0.06442189 0.04520019 0.01534659
v -0.06301562 0.05319824 0.02030753
v -0.06301562 0.04520019 0.02030753
v -0.06301562 0.05319824 0.02030753
v -0.06301562 0.04520019 0.02030753
v -0.06129687 0.05319824 0.02515128
v -0.06129687 0.04520019 0.02515128
v -0.06129687 0.05319824 0.02515128
v -0.06129687 0.04520019 0.02515128
v -0.05910937 0.05319824 0.02983878
v -0.05910937 0.04520019 0.02983878
v -0.05910937 0.05319824 0.02983878
v -0.05910937 0.04520019 0.02983878
v -0.05660937 0.05319824 0.03433097
v -0.05660937 0.04520019 0.03433097
v -0.05660937 0.05319824 0.03433097
v -0.05660937 0.04520019 0.03433097
v -0.05379687 0.05319824 0.03862784
v -0.05379687 0.04520019 0.03862784
v -0.05379687 0.05319824 0.03862784
v -0.05379687 0.04520019 0.03862784
v -0.05051562 0.05319824 0.04267081
v -0.05051562 0.04520019 0.04267081
v -0.05051562 0.05319824 0.04267081
v -0.05051562 0.04520019 0.04267081
v -0.04707812 0.05319824 0.04645987
v -0.04707812 0.04520019 0.04645987
v -0.04707812 0.05319824 0.04645987
v -0.04707812 0.04520019 0.04645987
v -0.04317187 0.05319824 0.04995597
v -0.04317187 0.04520019 0.04995597
v -0.04317187 0.05319824 0.04995597
v -0.04317187 0.04520019 0.04995597
v -0.03910937 0.05319824 0.05313956
v -0.03910937 0.04520019 0.05313956
v -0.03910937 0.05319824 0.05313956
v -0.03910937 0.04520019 0.05313956
v -0.03489062 0.05319824 0.05599112
v -0.03489062 0.04520019 0.05599112
v -0.03489062 0.05319824 0.05599112
v -0.03489062 0.04520019 0.05599112
v -0.03035938 0.05319824 0.05849112
v -0.03035938 0.04520019 0.05849112
v -0.00317188 -0.05055176 -0.06205575
v -0.00317188 -0.05131348 -0.06162606
v -0.00317188 -0.05055176 -0.05850106
v -0.00317188 -0.05205566 -0.06117684
v -0.00317188 -0.05279785 -0.05850106
v -0.00317188 -0.05279785 -0.06070809
v -0.01739063 -0.05279785 0.06071768
v -0.03035938 -0.05279785 0.05849112
v -0.04567187 -0.05279785 0.06071768
v -0.03489062 -0.05279785 0.05599112
v -0.03910937 -0.05279785 0.05313956
v -0.01739063 -0.05279785 0.05849112
v -0.04317187 -0.05279785 0.04995597
v -0.05020312 -0.05279785 0.05718253
v -0.04707812 -0.05279785 0.04645987
v -0.05426562 -0.05279785 0.05333487
v -0.05051562 -0.05279785 0.04267081
v -0.05817187 -0.05279785 0.04919425
v -0.05379687 -0.05279785 0.03862784
v -0.06160937 -0.05279785 0.04478018
v -0.05660937 -0.05279785 0.03433097
v -0.06473439 -0.05279785 0.04013175
v -0.05910937 -0.05279785 0.02983878
v -0.06754689 -0.05279785 0.03524893
v -0.06129687 -0.05279785 0.02515128
v -0.07004689 -0.05279785 0.03015128
v -0.06301562 -0.05279785 0.02030753
v -0.07207814 -0.05279785 0.02489738
v -0.06442189 -0.05279785 0.01534659
v -0.07379689 -0.05279785 0.01950675
v -0.06551564 -0.05279785 0.01028800
v -0.07504689 -0.05279785 0.01401847
v -0.06614064 -0.05279785 0.00515128
v -0.07582814 -0.05279785 0.00843253
v -0.07629689 -0.05279785 0.00280753
v -0.06629689 -0.05279785 -0.00000497
v -0.07629689 -0.05279785 -0.00281747
v -0.06614064 -0.05279785 -0.00516122
v -0.07582814 -0.05279785 -0.00844247
v -0.07504689 -0.05279785 -0.01402841
v -0.06551564 -0.05279785 -0.01027841
v -0.07379689 -0.05279785 -0.01951669
v -0.06442189 -0.05279785 -0.01535653
v -0.07207814 -0.05279785 -0.02490731
v -0.06301562 -0.05279785 -0.02031747
v -0.07004689 -0.05279785 -0.03016122
v -0.06129687 -0.05279785 -0.02516122
v -0.06754689 -0.05279785 -0.03523934
v -0.05910937 -0.05279785 -0.02984872
v -0.06473439 -0.05279785 -0.04014169
v -0.05660937 -0.05279785 -0.03434091
v -0.06160937 -0.05279785 -0.04479013
v -0.05379687 -0.05279785 -0.03863778
v -0.05817187 -0.05279785 -0.04920419
v -0.05051562 -0.05279785 -0.04268075
v -0.05426562 -0.05279785 -0.05334481
v -0.04707812 -0.05279785 -0.04646981
v -0.05020312 -0.05279785 -0.05719247
v -0.04317187 -0.05279785 -0.04994638
v -0.04567187 -0.05279785 -0.06070809
v -0.03910937 -0.05279785 -0.05314950
v -0.03489062 -0.05279785 -0.05600106
v -0.03035938 -0.05279785 -0.05850106
v -0.00317188 -0.05279785 -0.06070809
v -0.00317188 -0.05279785 -0.05850106
v -0.01192187 -0.04479980 -0.05850106
v -0.03035938 -0.04479980 -0.05850106
v -0.01192187 -0.04479980 -0.06850106
v -0.03270312 -0.04479980 -0.06850106
v -0.03489062 -0.04479980 -0.05600106
v -0.03754687 -0.04479980 -0.06598153
v -0.03910937 -0.04479980 -0.05314950
v -0.04223437 -0.04479980 -0.06311044
v -0.04317187 -0.04479980 -0.04994638
v -0.04676562 -0.04479980 -0.05990731
v -0.04707812 -0.04479980 -0.04646981
v -0.05114062 -0.04479980 -0.05637216
v -0.05051562 -0.04479980 -0.04268075
v -0.05504687 -0.04479980 -0.05254403
v -0.05379687 -0.04479980 -0.03863778
v -0.05879687 -0.04479980 -0.04844247
v -0.05660937 -0.04479980 -0.03434091
v -0.06207812 -0.04479980 -0.04406747
v -0.05910937 -0.04479980 -0.02984872
v -0.06520314 -0.04479980 -0.03945809
v -0.06129687 -0.04479980 -0.02516122
v -0.06785939 -0.04479980 -0.03463388
v -0.06301562 -0.04479980 -0.02031747
v -0.07020314 -0.04479980 -0.02961434
v -0.06442189 -0.04479980 -0.01535653
v -0.07223439 -0.04479980 -0.02445809
v -0.07379689 -0.04479980 -0.01916513
v -0.06551564 -0.04479980 -0.01027841
v -0.07504689 -0.04479980 -0.01375497
v -0.06614064 -0.04479980 -0.00516122
v -0.07582814 -0.04479980 -0.00828622
v -0.07629689 -0.04479980 -0.00277841
v -0.06629689 -0.04479980 -0.00000497
v -0.07629689 -0.04479980 0.00276847
v -0.06614064 -0.04479980 0.00515128
v -0.07582814 -0.04479980 0.00827628
v -0.07504689 -0.04479980 0.01374503
v -0.06551564 -0.04479980 0.01028800
v -0.07379689 -0.04479980 0.01915519
v -0.06442189 -0.04479980 0.01534659
v -0.07223439 -0.04479980 0.02444816
v -0.07020314 -0.04479980 0.02962394
v -0.06301562 -0.04479980 0.02030753
v -0.06785939 -0.04479980 0.03462393
v -0.06129687 -0.04479980 0.02515128
v -0.06520314 -0.04479980 0.03944815
v -0.05910937 -0.04479980 0.02983878
v -0.06207812 -0.04479980 0.04405753
v -0.05660937 -0.04479980 0.03433097
v -0.05879687 -0.04479980 0.04843253
v -0.05379687 -0.04479980 0.03862784
v -0.05504687 -0.04479980 0.05253409
v -0.05051562 -0.04479980 0.04267081
v -0.05114062 -0.04479980 0.05636222
v -0.04707812 -0.04479980 0.04645987
v -0.04676562 -0.04479980 0.05989737
v -0.04317187 -0.04479980 0.04995597
v -0.04223437 -0.04479980 0.06310050
v -0.03910937 -0.04479980 0.05313956
v -0.03754687 -0.04479980 0.06597161
v -0.03489062 -0.04479980 0.05599112
v -0.03270312 -0.04479980 0.06849113
v -0.03035938 -0.04479980 0.05849112
v -0.02129688 -0.04479980 0.06849113
v -0.02129688 -0.04479980 0.05849112
v -0.02129688 -0.04479980 0.05849112
v -0.03035938 -0.04479980 0.05849112
v -0.02067188 -0.04696777 0.05849112
v -0.03035938 -0.05279785 0.05849112
v -0.01973438 -0.04903808 0.05849112
v -0.01864063 -0.05099121 0.05849112
v -0.01739063 -0.05279785 0.05849112
v -0.03035938 -0.05279785 0.05849112
v -0.03035938 -0.04479980 0.05849112
v -0.03489062 -0.05279785 0.05599112
v -0.03489062 -0.04479980 0.05599112
v -0.03489062 -0.05279785 0.05599112
v -0.03489062 -0.04479980 0.05599112
v -0.03910937 -0.05279785 0.05313956
v -0.03910937 -0.04479980 0.05313956
v -0.03910937 -0.05279785 0.05313956
v -0.03910937 -0.04479980 0.05313956
v -0.04317187 -0.05279785 0.04995597
v -0.04317187 -0.04479980 0.04995597
v -0.04317187 -0.05279785 0.04995597
v -0.04317187 -0.04479980 0.04995597
v -0.04707812 -0.05279785 0.04645987
v -0.04707812 -0.04479980 0.04645987
v -0.04707812 -0.05279785 0.04645987
v -0.04707812 -0.04479980 0.04645987
v -0.05051562 -0.05279785 0.04267081
v -0.05051562 -0.04479980 0.04267081
v -0.05051562 -0.05279785 0.04267081
v -0.05051562 -0.04479980 0.04267081
v -0.05379687 -0.05279785 0.03862784
v -0.05379687 -0.04479980 0.03862784
v -0.05379687 -0.05279785 0.03862784
v -0.05379687 -0.04479980 0.03862784
v -0.05660937 -0.05279785 0.03433097
v -0.05660937 -0.04479980 0.03433097
v -0.05660937 -0.05279785 0.03433097
v -0.05660937 -0.04479980 0.03433097
v -0.05910937 -0.05279785 0.02983878
v -0.05910937 -0.04479980 0.02983878
v -0.05910937 -0.05279785 0.02983878
v -0.05910937 -0.04479980 0.02983878
v -0.06129687 -0.05279785 0.02515128
v -0.06129687 -0.04479980 0.02515128
v -0.06129687 -0.05279785 0.02515128
v -0.06129687 -0.04479980 0.02515128
v -0.06301562 -0.05279785 0.02030753
v -0.06301562 -0.04479980 0.02030753
v -0.06301562 -0.05279785 0.02030753
v -0.06301562 -0.04479980 0.02030753
v -0.06442189 -0.05279785 0.01534659
v -0.06442189 -0.04479980 0.01534659
v -0.06442189 -0.05279785 0.01534659
v -0.06442189 -0.04479980 0.01534659
v -0.06551564 -0.05279785 0.01028800
v -0.06551564 -0.04479980 0.01028800
v -0.06551564 -0.05279785 0.01028800
v -0.06551564 -0.04479980 0.01028800
v -0.06614064 -0.05279785 0.00515128
v -0.06614064 -0.04479980 0.00515128
v -0.06614064 -0.05279785 0.00515128
v -0.06614064 -0.04479980 0.00515128
v -0.06629689 -0.05279785 -0.00000497
v -0.06629689 -0.04479980 -0.00000497
v -0.06629689 -0.05279785 -0.00000497
v -0.06629689 -0.04479980 -0.00000497
v -0.06614064 -0.05279785 -0.00516122
v -0.06614064 -0.04479980 -0.00516122
v -0.06614064 -0.05279785 -0.00516122
v -0.06614064 -0.04479980 -0.00516122
v -0.06551564 -0.05279785 -0.01027841
v -0.06551564 -0.04479980 -0.01027841
v -0.06551564 -0.05279785 -0.01027841
v -0.06551564 -0.04479980 -0.01027841
v -0.06442189 -0.05279785 -0.01535653
v -0.06442189 -0.04479980 -0.01535653
v -0.06442189 -0.05279785 -0.01535653
v -0.06442189 -0.04479980 -0.01535653
v -0.06301562 -0.05279785 -0.02031747
v -0.06301562 -0.04479980 -0.02031747
v -0.06301562 -0.05279785 -0.02031747
v -0.06301562 -0.04479980 -0.02031747
v -0.06129687 -0.05279785 -0.02516122
v -0.06129687 -0.04479980 -0.02516122
v -0.06129687 -0.05279785 -0.02516122
v -0.06129687 -0.04479980 -0.02516122
v -0.05910937 -0.05279785 -0.02984872
v -0.05910937 -0.04479980 -0.02984872
v -0.05910937 -0.05279785 -0.02984872
v -0.05910937 -0.04479980 -0.02984872
v -0.05660937 -0.05279785 -0.03434091
v -0.05660937 -0.04479980 -0.03434091
v -0.05660937 -0.05279785 -0.03434091
v -0.05660937 -0.04479980 -0.03434091
v -0.05379687 -0.05279785 -0.03863778
v -0.05379687 -0.04479980 -0.03863778
v -0.05379687 -0.05279785 -0.03863778
v -0.05379687 -0.04479980 -0.03863778
v -0.05051562 -0.05279785 -0.04268075
v -0.05051562 -0.04479980 -0.04268075
v -0.05051562 -0.05279785 -0.04268075
v -0.05051562 -0.04479980 -0.04268075
v -0.04707812 -0.05279785 -0.04646981
v -0.04707812 -0.04479980 -0.04646981
v -0.04707812 -0.05279785 -0.04646981
v -0.04707812 -0.04479980 -0.04646981
v -0.04317187 -0.05279785 -0.04994638
v -0.04317187 -0.04479980 -0.04994638
v -0.04317187 -0.05279785 -0.04994638
v -0.04317187 -0.04479980 -0.04994638
v -0.03910937 -0.05279785 -0.05314950
v -0.03910937 -0.04479980 -0.05314950
v -0.03910937 -0.05279785 -0.05314950
v -0.03910937 -0.04479980 -0.05314950
v -0.03489062 -0.05279785 -0.05600106
v -0.03489062 -0.04479980 -0.05600106
v -0.03489062 -0.05279785 -0.05600106
v -0.03489062 -0.04479980 -0.05600106
v -0.03035938 -0.05279785 -0.05850106
v -0.03035938 -0.04479980 -0.05850106
v -0.01192187 -0.04479980 -0.05850106
v -0.01098437 -0.04638183 -0.05850106
v -0.03035938 -0.04479980 -0.05850106
v -0.00973438 -0.04776855 -0.05850106
v -0.03035938 -0.05279785 -0.05850106
v -0.00832813 -0.04891113 -0.05850106
v -0.00660938 -0.04978027 -0.05850106
v -0.00317188 -0.05279785 -0.05850106
v -0.00489063 -0.05032715 -0.05850106
v -0.00317188 -0.05055176 -0.05850106
v -0.00317188 -0.02880371 -0.06842295
v -0.03035938 -0.02880371 -0.05850106
v -0.03285937 -0.02880371 -0.06842295
v -0.03489062 -0.02880371 -0.05600106
v -0.03770312 -0.02880371 -0.06590341
v -0.03910937 -0.02880371 -0.05314950
v -0.04239062 -0.02880371 -0.06303231
v -0.04317187 -0.02880371 -0.04994638
v -0.04692187 -0.02880371 -0.05980966
v -0.04707812 -0.02880371 -0.04646981
v -0.05114062 -0.02880371 -0.05627450
v -0.05051562 -0.02880371 -0.04268075
v -0.05520312 -0.02880371 -0.05244638
v -0.05379687 -0.02880371 -0.03863778
v -0.05879687 -0.02880371 -0.04832528
v -0.05660937 -0.02880371 -0.03434091
v -0.06223437 -0.02880371 -0.04395028
v -0.05910937 -0.02880371 -0.02984872
v -0.06520314 -0.02880371 -0.03934091
v -0.06129687 -0.02880371 -0.02516122
v -0.06801564 -0.02880371 -0.03451669
v -0.06301562 -0.02880371 -0.02031747
v -0.07035939 -0.02880371 -0.02951669
v -0.07223439 -0.02880371 -0.02434091
v -0.06442189 -0.02880371 -0.01535653
v -0.07395314 -0.02880371 -0.01904794
v -0.06551564 -0.02880371 -0.01027841
v -0.07504689 -0.02880371 -0.01365731
v -0.06614064 -0.02880371 -0.00516122
v -0.07582814 -0.02880371 -0.00818856
v -0.07629689 -0.02880371 -0.00268075
v -0.06629689 -0.02880371 -0.00000497
v -0.07629689 -0.02880371 0.00284659
v -0.06614064 -0.02880371 0.00515128
v -0.07582814 -0.02880371 0.00835441
v -0.07504689 -0.02880371 0.01382316
v -0.06551564 -0.02880371 0.01028800
v -0.07379689 -0.02880371 0.01921378
v -0.06442189 -0.02880371 0.01534659
v -0.07223439 -0.02880371 0.02450675
v -0.06301562 -0.02880371 0.02030753
v -0.07020314 -0.02880371 0.02966300
v -0.06785939 -0.02880371 0.03466300
v -0.06129687 -0.02880371 0.02515128
v -0.06520314 -0.02880371 0.03948722
v -0.05910937 -0.02880371 0.02983878
v -0.06207812 -0.02880371 0.04409659
v -0.05660937 -0.02880371 0.03433097
v -0.05879687 -0.02880371 0.04845206
v -0.05379687 -0.02880371 0.03862784
v -0.05504687 -0.02880371 0.05255362
v -0.05051562 -0.02880371 0.04267081
v -0.05098437 -0.02880371 0.05638175
v -0.04707812 -0.02880371 0.04645987
v -0.04676562 -0.02880371 0.05991690
v -0.04317187 -0.02880371 0.04995597
v -0.04223437 -0.02880371 0.06312003
v -0.03910937 -0.02880371 0.05313956
v -0.03754687 -0.02880371 0.06599113
v -0.03489062 -0.02880371 0.05599112
v -0.03270312 -0.02880371 0.06849113
v -0.03035938 -0.02880371 0.05849112
v -0.01770313 -0.02880371 0.06849113
v -0.01770313 -0.02880371 0.05849112
v -0.00317188 -0.02880371 -0.05850106
v -0.00317188 -0.02880371 -0.06842295
v -0.00317188 -0.02938965 -0.06838388
v -0.00317188 -0.02880371 -0.05850106
v -0.00317188 -0.02997559 -0.06834481
v -0.00317188 -0.03056152 -0.05850106
v -0.00317188 -0.03056152 -0.06828622
v -0.00082813 -0.05035644 0.05349112
v -0.00082813 -0.05035644 0.01282706
v -0.00285938 -0.05056152 0.05349112
v -0.00285938 -0.05056152 0.01282706
v -0.00285938 -0.05056152 0.05349112
v -0.00285938 -0.05056152 0.01282706
v -0.00489063 -0.05035644 0.05349112
v -0.00489063 -0.05035644 0.01282706
v -0.00489063 -0.05035644 0.05349112
v -0.00489063 -0.05035644 0.01282706
v -0.00676563 -0.04975098 0.05349112
v -0.00676563 -0.04975098 0.01282706
v -0.00676563 -0.04975098 0.05349112
v -0.00676563 -0.04975098 0.01282706
v -0.00848438 -0.04876465 0.05349112
v -0.00848438 -0.04876465 0.01282706
v -0.00848438 -0.04876465 0.05349112
v -0.00848438 -0.04876465 0.01282706
v -0.01004687 -0.04744629 0.05349112
v -0.01004687 -0.04744629 0.01282706
v -0.01004687 -0.04744629 0.05349112
v -0.01004687 -0.04744629 0.01282706
v -0.01129687 -0.04584473 0.05349112
v -0.01129687 -0.04584473 0.01282706
v -0.01129687 -0.04584473 0.05349112
v -0.01129687 -0.04584473 0.01282706
v -0.01223437 -0.04402832 0.05349112
v -0.01223437 -0.04402832 0.01282706
v -0.01223437 -0.04402832 0.05349112
v -0.01223437 -0.04402832 0.01282706
v -0.01270312 -0.04207519 0.05349112
v -0.01270312 -0.04207519 0.01282706
v -0.01270312 -0.04207519 0.05349112
v -0.01270312 -0.04207519 0.01282706
v -0.01285937 -0.04005371 0.05349112
v -0.01285937 -0.04005371 0.01282706
v -0.01285937 -0.04005371 0.05349112
v -0.01285937 -0.04005371 0.01282706
v -0.01254687 -0.03805176 0.05349112
v -0.01254687 -0.03805176 0.01282706
v -0.01254687 -0.03805176 0.05349112
v -0.01254687 -0.03805176 0.01282706
v -0.01176562 -0.03615723 0.05349112
v -0.01176562 -0.03615723 0.01282706
v -0.01176562 -0.03615723 0.05349112
v -0.01176562 -0.03615723 0.01282706
v -0.01067187 -0.03443848 0.05349112
v -0.01067187 -0.03443848 0.01282706
v -0.01067187 -0.03443848 0.05349112
v -0.01067187 -0.03443848 0.01282706
v -0.00926563 -0.03297363 0.05349112
v -0.00926563 -0.03297363 0.01282706
v -0.00926563 -0.03297363 0.05349112
v -0.00926563 -0.03297363 0.01282706
v -0.00770313 -0.03181152 0.05349112
v -0.00770313 -0.03181152 0.01282706
v -0.00770313 -0.03181152 0.05349112
v -0.00770313 -0.03181152 0.01282706
v -0.00582813 -0.03102051 0.05349112
v -0.00582813 -0.03102051 0.01282706
v -0.00582813 -0.03102051 0.05349112
v -0.00582813 -0.03102051 0.01282706
v -0.00379688 -0.03061035 0.05349112
v -0.00379688 -0.03061035 0.01282706
v -0.00379688 -0.03061035 0.05349112
v -0.00379688 -0.03061035 0.01282706
v -0.00176563 -0.03061035 0.05349112
v -0.00176563 -0.03061035 0.01282706
v -0.00176563 -0.03061035 0.05349112
v -0.00176563 -0.03061035 0.01282706
v 0.00026563 -0.03102051 0.05349112
v 0.00026563 -0.03102051 0.01282706
v 0.00026563 -0.03102051 0.05349112
v 0.00026563 -0.03102051 0.01282706
v 0.00198438 -0.03181152 0.05349112
v 0.00198438 -0.03181152 0.01282706
v 0.00198438 -0.03181152 0.05349112
v 0.00198438 -0.03181152 0.01282706
v 0.00370313 -0.03297363 0.05349112
v 0.00370313 -0.03297363 0.01282706
v 0.00370313 -0.03297363 0.05349112
v 0.00370313 -0.03297363 0.01282706
v 0.00510938 -0.03443848 0.05349112
v 0.00510938 -0.03443848 0.01282706
v 0.00510938 -0.03443848 0.05349112
v 0.00510938 -0.03443848 0.01282706
v 0.00620313 -0.03615723 0.05349112
v 0.00620313 -0.03615723 0.01282706
v 0.00620313 -0.03615723 0.05349112
v 0.00620313 -0.03615723 0.01282706
v 0.00682813 -0.03805176 0.05349112
v 0.00682813 -0.03805176 0.01282706
v 0.00682813 -0.03805176 0.05349112
v 0.00682813 -0.03805176 0.01282706
v 0.00714063 -0.04005371 0.05349112
v 0.00714063 -0.04005371 0.01282706
v 0.00714063 -0.04005371 0.05349112
v 0.00714063 -0.04005371 0.01282706
v 0.00714063 -0.04207519 0.05349112
v 0.00714063 -0.04207519 0.01282706
v 0.00714063 -0.04207519 0.05349112
v 0.00714063 -0.04207519 0.01282706
v 0.00651563 -0.04402832 0.05349112
v 0.00651563 -0.04402832 0.01282706
v 0.00651563 -0.04402832 0.05349112
v 0.00651563 -0.04402832 0.01282706
v 0.00573438 -0.04584473 0.05349112
v 0.00573438 -0.04584473 0.01282706
v 0.00573438 -0.04584473 0.05349112
v 0.00573438 -0.04584473 0.01282706
v 0.00448438 -0.04744629 0.05349112
v 0.00448438 -0.04744629 0.01282706
v 0.00448438 -0.04744629 0.05349112
v 0.00448438 -0.04744629 0.01282706
v 0.00292188 -0.04876465 0.05349112
v 0.00292188 -0.04876465 0.01282706
v 0.00292188 -0.04876465 0.05349112
v 0.00292188 -0.04876465 0.01282706
v 0.00120313 -0.04975098 0.05349112
v 0.00120313 -0.04975098 0.01282706
v 0.00120313 -0.04975098 0.05349112
v 0.00120313 -0.04975098 0.01282706
v -0.00082813 -0.05035644 0.05349112
v -0.00082813 -0.05035644 0.01282706
v -0.00317188 -0.03056152 -0.06828622
v -0.00207813 -0.03058106 -0.06828622
v -0.00317188 -0.03056152 -0.05850106
v -0.00176563 -0.03061035 -0.02783700
v -0.00317188 -0.03056152 -0.05850106
v -0.00176563 -0.03061035 -0.02783700
v -0.00379688 -0.03061035 -0.02783700
v -0.00379688 -0.03061035 -0.02783700
v -0.00582813 -0.03102051 -0.02783700
v -0.00582813 -0.03102051 -0.02783700
v -0.00770313 -0.03181152 -0.02783700
v -0.00770313 -0.03181152 -0.02783700
v -0.00926563 -0.03297363 -0.02783700
v -0.00926563 -0.03297363 -0.02783700
v -0.01067187 -0.03443848 -0.02783700
v -0.01067187 -0.03443848 -0.02783700
v -0.01176562 -0.03615723 -0.02783700
v -0.01176562 -0.03615723 -0.02783700
v -0.01254687 -0.03805176 -0.02783700
v -0.01254687 -0.03805176 -0.02783700
v -0.01285937 -0.04005371 -0.02783700
v -0.01285937 -0.04005371 -0.02783700
v -0.01270312 -0.04207519 -0.02783700
v -0.01270312 -0.04207519 -0.02783700
v -0.01223437 -0.04402832 -0.02783700
v -0.01223437 -0.04402832 -0.02783700
v -0.01129687 -0.04584473 -0.02783700
v -0.01129687 -0.04584473 -0.02783700
v -0.01004687 -0.04744629 -0.02783700
v -0.01004687 -0.04744629 -0.02783700
v -0.00848438 -0.04876465 -0.02783700
v -0.00848438 -0.04876465 -0.02783700
v -0.00676563 -0.04975098 -0.02783700
v -0.00676563 -0.04975098 -0.02783700
v -0.00489063 -0.05035644 -0.02783700
v -0.00489063 -0.05035644 -0.02783700
v -0.00285938 -0.05056152 -0.02783700
v -0.00285938 -0.05056152 -0.02783700
v -0.00082813 -0.05035644 -0.02783700
v -0.00082813 -0.05035644 -0.02783700
v 0.00120313 -0.04975098 -0.02783700
v 0.00120313 -0.04975098 -0.02783700
v 0.00292188 -0.04876465 -0.02783700
v 0.00292188 -0.04876465 -0.02783700
v 0.00448438 -0.04744629 -0.02783700
v 0.00448438 -0.04744629 -0.02783700
v 0.00573438 -0.04584473 -0.02783700
v 0.00573438 -0.04584473 -0.02783700
v 0.00651563 -0.04402832 -0.02783700
v 0.00651563 -0.04402832 -0.02783700
v 0.00714063 -0.04207519 -0.02783700
v 0.00714063 -0.04207519 -0.02783700
v 0.00714063 -0.04005371 -0.02783700
v 0.00714063 -0.04005371 -0.02783700
v 0.00682813 -0.03805176 -0.02783700
v 0.00682813 -0.03805176 -0.02783700
v 0.00620313 -0.03615723 -0.02783700
v 0.00620313 -0.03615723 -0.02783700
v 0.00510938 -0.03443848 -0.02783700
v 0.00510938 -0.03443848 -0.02783700
v 0.00370313 -0.03297363 -0.02783700
v 0.00370313 -0.03297363 -0.02783700
v 0.00198438 -0.03181152 -0.02783700
v 0.00198438 -0.03181152 -0.02783700
v 0.00026563 -0.03102051 -0.02783700
v 0.00026563 -0.03102051 -0.02783700
v -0.00176563 -0.03061035 -0.02783700
v -0.00207813 -0.03058106 -0.06828622
v -0.00114063 -0.03070801 -0.06828622
v -0.00176563 -0.03061035 -0.02783700
v -0.00114063 -0.03070801 -0.06828622
v -0.00004688 -0.03093262 -0.06826670
v 0.00026563 -0.03102051 -0.02783700
v -0.00004688 -0.03093262 -0.06826670
v 0.00089063 -0.03126465 -0.06822763
v 0.00089063 -0.03126465 -0.06822763
v 0.00182813 -0.03170410 -0.06816903
v 0.00198438 -0.03181152 -0.02783700
v 0.00182813 -0.03170410 -0.06816903
v 0.00276563 -0.03224121 -0.06811045
v 0.00276563 -0.03224121 -0.06811045
v 0.00370313 -0.03297363 -0.02783700
v 0.00276563 -0.03224121 -0.06811045
v 0.00354688 -0.03284668 -0.06803231
v 0.00370313 -0.03297363 -0.02783700
v 0.00354688 -0.03284668 -0.06803231
v 0.00432813 -0.03351074 -0.06793467
v 0.00432813 -0.03351074 -0.06793467
v 0.00510938 -0.03443848 -0.02783700
v 0.00432813 -0.03351074 -0.06793467
v 0.00495313 -0.03425293 -0.06781747
v 0.00510938 -0.03443848 -0.02783700
v 0.00495313 -0.03425293 -0.06781747
v 0.00557813 -0.03507324 -0.06768075
v 0.00557813 -0.03507324 -0.06768075
v 0.00620313 -0.03615723 -0.02783700
v 0.00557813 -0.03507324 -0.06768075
v 0.00604688 -0.03596191 -0.06750497
v 0.00620313 -0.03615723 -0.02783700
v 0.00604688 -0.03596191 -0.06750497
v 0.00651563 -0.03689941 -0.06730967
v 0.00651563 -0.03689941 -0.06730967
v 0.00682813 -0.03786621 -0.06707528
v 0.00682813 -0.03805176 -0.02783700
v 0.00682813 -0.03786621 -0.06707528
v 0.00698438 -0.03884277 -0.06682138
v 0.00698438 -0.03884277 -0.06682138
v 0.00714063 -0.04005371 -0.02783700
v 0.00698438 -0.03884277 -0.06682138
v 0.00714063 -0.04077637 -0.06627450
v 0.00714063 -0.04077637 -0.06627450
v 0.00714063 -0.04207519 -0.02783700
v 0.00714063 -0.04077637 -0.06627450
v 0.00698438 -0.04269043 -0.06562997
v 0.00698438 -0.04269043 -0.06562997
v 0.00651563 -0.04402832 -0.02783700
v 0.00698438 -0.04269043 -0.06562997
v 0.00635938 -0.04456543 -0.06492684
v 0.00635938 -0.04456543 -0.06492684
v 0.00573438 -0.04584473 -0.02783700
v 0.00635938 -0.04456543 -0.06492684
v 0.00542188 -0.04627441 -0.06420420
v 0.00542188 -0.04627441 -0.06420420
v 0.00448438 -0.04744629 -0.02783700
v 0.00542188 -0.04627441 -0.06420420
v 0.00417188 -0.04772949 -0.06354013
v 0.00417188 -0.04772949 -0.06354013
v 0.00292188 -0.04876465 -0.02783700
v 0.00417188 -0.04772949 -0.06354013
v 0.00260938 -0.04894043 -0.06293466
v 0.00292188 -0.04876465 -0.02783700
v 0.00260938 -0.04894043 -0.06293466
v 0.00182813 -0.04943848 -0.06266122
v 0.00182813 -0.04943848 -0.06266122
v 0.00120313 -0.04975098 -0.02783700
v 0.00182813 -0.04943848 -0.06266122
v 0.00089063 -0.04986816 -0.06244638
v 0.00120313 -0.04975098 -0.02783700
v 0.00089063 -0.04986816 -0.06244638
v -0.00004688 -0.05019043 -0.06227059
v -0.00004688 -0.05019043 -0.06227059
v -0.00082813 -0.05035644 -0.02783700
v -0.00004688 -0.05019043 -0.06227059
v -0.00114063 -0.05041504 -0.06213388
v -0.00082813 -0.05035644 -0.02783700
v -0.00114063 -0.05041504 -0.06213388
v -0.00207813 -0.05053223 -0.06207528
v -0.00317188 -0.05055176 -0.06205575
v -0.00317188 -0.05055176 -0.05850106
v -0.00207813 -0.05053223 -0.06207528
v -0.00285938 -0.05056152 -0.02783700
v -0.00207813 -0.05053223 -0.06207528
v -0.00317188 -0.05055176 -0.05850106
v -0.00489063 -0.05035644 -0.02783700
v -0.00317188 -0.05055176 -0.05850106
v -0.00489063 -0.05032715 -0.05850106
v -0.00489063 -0.05032715 -0.05850106
v -0.00676563 -0.04975098 -0.02783700
v -0.00489063 -0.05032715 -0.05850106
v -0.00660938 -0.04978027 -0.05850106
v -0.00676563 -0.04975098 -0.02783700
v -0.00660938 -0.04978027 -0.05850106
v -0.00832813 -0.04891113 -0.05850106
v -0.00832813 -0.04891113 -0.05850106
v -0.00848438 -0.04876465 -0.02783700
v -0.00832813 -0.04891113 -0.05850106
v -0.00973438 -0.04776855 -0.05850106
v -0.00973438 -0.04776855 -0.05850106
v -0.01004687 -0.04744629 -0.02783700
v -0.00973438 -0.04776855 -0.05850106
v -0.01098437 -0.04638183 -0.05850106
v -0.01098437 -0.04638183 -0.05850106
v -0.01129687 -0.04584473 -0.02783700
v -0.01098437 -0.04638183 -0.05850106
v -0.01192187 -0.04479980 -0.05850106
v -0.01192187 -0.04479980 -0.05850106
v -0.01223437 -0.04402832 -0.02783700
v -0.01192187 -0.04479980 -0.05850106
v -0.01192187 -0.04479980 -0.06850106
v -0.01223437 -0.04402832 -0.02783700
v -0.01192187 -0.04479980 -0.06850106
v -0.01239062 -0.04325683 -0.06850106
v -0.01239062 -0.04325683 -0.06850106
v -0.01270312 -0.04207519 -0.02783700
v -0.01239062 -0.04325683 -0.06850106
v -0.01270312 -0.04164551 -0.06850106
v -0.01270312 -0.04164551 -0.06850106
v -0.01285937 -0.04005371 -0.02783700
v -0.01270312 -0.04164551 -0.06850106
v -0.01285937 -0.03999512 -0.06850106
v -0.01285937 -0.04005371 -0.02783700
v -0.01285937 -0.03999512 -0.06850106
v -0.01254687 -0.03837402 -0.06850106
v -0.01207812 -0.03680176 -0.06850106
v -0.01207812 -0.03680176 -0.05850106
v -0.01254687 -0.03837402 -0.06850106
v -0.01254687 -0.03837402 -0.06850106
v -0.01207812 -0.03680176 -0.05850106
v -0.01254687 -0.03805176 -0.02783700
v -0.01254687 -0.03837402 -0.06850106
v -0.01207812 -0.03680176 -0.05850106
v -0.01176562 -0.03615723 -0.02783700
v -0.01207812 -0.03680176 -0.05850106
v -0.01114062 -0.03509277 -0.05850106
v -0.01114062 -0.03509277 -0.05850106
v -0.01067187 -0.03443848 -0.02783700
v -0.01114062 -0.03509277 -0.05850106
v -0.01004687 -0.03359863 -0.05850106
v -0.01004687 -0.03359863 -0.05850106
v -0.00926563 -0.03297363 -0.02783700
v -0.01004687 -0.03359863 -0.05850106
v -0.00848438 -0.03234863 -0.05850106
v -0.00848438 -0.03234863 -0.05850106
v -0.00770313 -0.03181152 -0.02783700
v -0.00848438 -0.03234863 -0.05850106
v -0.00676563 -0.03141113 -0.05850106
v -0.00676563 -0.03141113 -0.05850106
v -0.00582813 -0.03102051 -0.02783700
v -0.00676563 -0.03141113 -0.05850106
v -0.00504688 -0.03080566 -0.05850106
v -0.00504688 -0.03080566 -0.05850106
v -0.00379688 -0.03061035 -0.02783700
v -0.00504688 -0.03080566 -0.05850106
v -0.00317188 -0.03056152 -0.05850106
v -0.04567187 -0.05279785 -0.06070809
v -0.04535937 -0.05470215 -0.05945809
v -0.05020312 -0.05279785 -0.05719247
v -0.05020312 -0.05279785 -0.05719247
v -0.04535937 -0.05470215 -0.05945809
v -0.04817187 -0.05653808 -0.05547372
v -0.05020312 -0.05279785 -0.05719247
v -0.04817187 -0.05653808 -0.05547372
v -0.05176562 -0.05653808 -0.05207528
v -0.05176562 -0.05653808 -0.05207528
v -0.04817187 -0.05653808 -0.05547372
v -0.04614062 -0.06002441 -0.05322763
v -0.05176562 -0.05653808 -0.05207528
v -0.04614062 -0.06002441 -0.05322763
v -0.04973437 -0.06002441 -0.04996591
v -0.04973437 -0.06002441 -0.04996591
v -0.04614062 -0.06002441 -0.05322763
v -0.04410937 -0.06322754 -0.05074716
v -0.04973437 -0.06002441 -0.04996591
v -0.04410937 -0.06322754 -0.05074716
v -0.04754687 -0.06322754 -0.04764169
v -0.04754687 -0.06322754 -0.04764169
v -0.04410937 -0.06322754 -0.05074716
v -0.04176562 -0.06611817 -0.04805184
v -0.04504687 -0.06611817 -0.04510263
v -0.04504687 -0.06611817 -0.04510263
v -0.04176562 -0.06611817 -0.04805184
v -0.04004687 -0.06860840 -0.04467294
v -0.04504687 -0.06611817 -0.04510263
v -0.04004687 -0.06860840 -0.04467294
v -0.04239062 -0.06867676 -0.04240731
v -0.04239062 -0.06867676 -0.04240731
v -0.04004687 -0.06860840 -0.04467294
v -0.03864062 -0.07060060 -0.04111825
v -0.04239062 -0.06867676 -0.04240731
v -0.03864062 -0.07060060 -0.04111825
v -0.03957812 -0.07087403 -0.03955575
v -0.03957812 -0.07087403 -0.03955575
v -0.03864062 -0.07060060 -0.04111825
v -0.03770312 -0.07188965 -0.03836434
v -0.03957812 -0.07087403 -0.03955575
v -0.03770312 -0.07188965 -0.03836434
v -0.04223437 -0.07087403 -0.03678231
v -0.04223437 -0.07087403 -0.03678231
v -0.03770312 -0.07188965 -0.03836434
v -0.03910937 -0.07270021 -0.03398934
v -0.04223437 -0.07087403 -0.03678231
v -0.03910937 -0.07270021 -0.03398934
v -0.04457812 -0.07087403 -0.03383309
v -0.04129687 -0.07270021 -0.03127450
v -0.04457812 -0.07087403 -0.03383309
v -0.04129687 -0.07270021 -0.03127450
v -0.04332812 -0.07270021 -0.02840341
v -0.04332812 -0.07270021 -0.02840341
v -0.04129687 -0.07270021 -0.03127450
v -0.03973437 -0.07413575 -0.02600106
v -0.04332812 -0.07270021 -0.02840341
v -0.03973437 -0.07413575 -0.02600106
v -0.04145312 -0.07413575 -0.02322763
v -0.04145312 -0.07413575 -0.02322763
v -0.03973437 -0.07413575 -0.02600106
v -0.03754687 -0.07517090 -0.02102059
v -0.04145312 -0.07413575 -0.02322763
v -0.03754687 -0.07517090 -0.02102059
v -0.04301562 -0.07413575 -0.02037606
v -0.03895312 -0.07517090 -0.01844247
v -0.04301562 -0.07413575 -0.02037606
v -0.03895312 -0.07517090 -0.01844247
v -0.04426562 -0.07413575 -0.01740731
v -0.04426562 -0.07413575 -0.01740731
v -0.03895312 -0.07517090 -0.01844247
v -0.04020312 -0.07517090 -0.01574716
v -0.04426562 -0.07413575 -0.01740731
v -0.04020312 -0.07517090 -0.01574716
v -0.04535937 -0.07413575 -0.01436044
v -0.04535937 -0.07413575 -0.01436044
v -0.04020312 -0.07517090 -0.01574716
v -0.04114062 -0.07517090 -0.01299325
v -0.04629687 -0.07413575 -0.01123544
v -0.04629687 -0.07413575 -0.01123544
v -0.04114062 -0.07517090 -0.01299325
v -0.04192187 -0.07517090 -0.01016122
v -0.04629687 -0.07413575 -0.01123544
v -0.04192187 -0.07517090 -0.01016122
v -0.04692187 -0.07413575 -0.00807138
v -0.04692187 -0.07413575 -0.00807138
v -0.04192187 -0.07517090 -0.01016122
v -0.04254687 -0.07517090 -0.00730966
v -0.04692187 -0.07413575 -0.00807138
v -0.04254687 -0.07517090 -0.00730966
v -0.04739062 -0.07413575 -0.00484872
v -0.04739062 -0.07413575 -0.00484872
v -0.04254687 -0.07517090 -0.00730966
v -0.04301562 -0.07517090 -0.00439950
v -0.04739062 -0.07413575 -0.00484872
v -0.04301562 -0.07517090 -0.00439950
v -0.04754687 -0.07413575 -0.00162606
v -0.04317187 -0.07517090 -0.00146981
v -0.04754687 -0.07413575 -0.00162606
v -0.04317187 -0.07517090 -0.00146981
v -0.04754687 -0.07413575 0.00161613
v -0.04317187 -0.07517090 0.00145988
v -0.04754687 -0.07413575 0.00161613
v -0.04317187 -0.07517090 0.00145988
v -0.04739062 -0.07413575 0.00483878
v -0.04301562 -0.07517090 0.00438956
v -0.04739062 -0.07413575 0.00483878
v -0.04301562 -0.07517090 0.00438956
v -0.04692187 -0.07413575 0.00806144
v -0.04692187 -0.07413575 0.00806144
v -0.04301562 -0.07517090 0.00438956
v -0.04254687 -0.07517090 0.00729972
v -0.04629687 -0.07413575 0.01122550
v -0.04629687 -0.07413575 0.01122550
v -0.04254687 -0.07517090 0.00729972
v -0.04192187 -0.07517090 0.01017081
v -0.04629687 -0.07413575 0.01122550
v -0.04192187 -0.07517090 0.01017081
v -0.04535937 -0.07413575 0.01435050
v -0.04114062 -0.07517090 0.01298331
v -0.04535937 -0.07413575 0.01435050
v -0.04114062 -0.07517090 0.01298331
v -0.04426562 -0.07413575 0.01739738
v -0.04426562 -0.07413575 0.01739738
v -0.04114062 -0.07517090 0.01298331
v -0.04020312 -0.07517090 0.01573722
v -0.04426562 -0.07413575 0.01739738
v -0.04020312 -0.07517090 0.01573722
v -0.04301562 -0.07413575 0.02036613
v -0.04301562 -0.07413575 0.02036613
v -0.04020312 -0.07517090 0.01573722
v -0.03895312 -0.07517090 0.01843253
v -0.04301562 -0.07413575 0.02036613
v -0.03895312 -0.07517090 0.01843253
v -0.04145312 -0.07413575 0.02321769
v -0.03754687 -0.07517090 0.02103019
v -0.04145312 -0.07413575 0.02321769
v -0.03754687 -0.07517090 0.02103019
v -0.03973437 -0.07413575 0.02599113
v -0.03973437 -0.07413575 0.02599113
v -0.03614062 -0.07517090 0.02353019
v -0.03973437 -0.07413575 0.02599113
v -0.03614062 -0.07517090 0.02353019
v -0.03785937 -0.07413575 0.02860831
v -0.03785937 -0.07413575 0.02860831
v -0.03614062 -0.07517090 0.02353019
v -0.03442187 -0.07517090 0.02589347
v -0.03785937 -0.07413575 0.02860831
v -0.03442187 -0.07517090 0.02589347
v -0.03332812 -0.07502443 0.02833488
v -0.03332812 -0.07502443 0.02833488
v -0.03442187 -0.07517090 0.02589347
v -0.03223437 -0.07546387 0.02585441
v -0.03223437 -0.07546387 0.02585441
v -0.03442187 -0.07517090 0.02589347
v -0.03098438 -0.07576661 0.02335441
v -0.03098438 -0.07576661 0.02335441
v -0.03442187 -0.07517090 0.02589347
v -0.03614062 -0.07517090 0.02353019
v -0.03098438 -0.07576661 0.02335441
v -0.03614062 -0.07517090 0.02353019
v -0.03223437 -0.07579590 0.02103019
v -0.03364062 -0.07579590 0.01878409
v -0.03223437 -0.07579590 0.02103019
v -0.03364062 -0.07579590 0.01878409
v -0.02848438 -0.07600098 0.01849113
v -0.03035938 -0.07600098 0.01542472
v -0.03489062 -0.07579590 0.01645988
v -0.03176563 -0.07600098 0.01218253
v -0.03598437 -0.07579590 0.01405753
v -0.03692187 -0.07579590 0.01159659
v -0.03692187 -0.07579590 0.01159659
v -0.03598437 -0.07579590 0.01405753
v -0.04020312 -0.07517090 0.01573722
v -0.03692187 -0.07579590 0.01159659
v -0.04020312 -0.07517090 0.01573722
v -0.04114062 -0.07517090 0.01298331
v -0.04535937 -0.05470215 -0.05945809
v -0.04489062 -0.05653808 -0.05809091
v -0.04817187 -0.05653808 -0.05547372
v -0.04817187 -0.05653808 -0.05547372
v -0.04489062 -0.05653808 -0.05809091
v -0.04442187 -0.05830566 -0.05666513
v -0.04817187 -0.05653808 -0.05547372
v -0.04442187 -0.05830566 -0.05666513
v -0.04614062 -0.06002441 -0.05322763
v -0.04614062 -0.06002441 -0.05322763
v -0.04442187 -0.05830566 -0.05666513
v -0.04379687 -0.05999512 -0.05516122
v -0.04332812 -0.06171387 -0.05350106
v -0.04332812 -0.06171387 -0.05350106
v -0.04410937 -0.06322754 -0.05074716
v -0.04332812 -0.06171387 -0.05350106
v -0.04270312 -0.06334473 -0.05176278
v -0.04410937 -0.06322754 -0.05074716
v -0.04270312 -0.06334473 -0.05176278
v -0.04207812 -0.06487793 -0.04994638
v -0.04410937 -0.06322754 -0.05074716
v -0.04207812 -0.06487793 -0.04994638
v -0.04176562 -0.06611817 -0.04805184
v -0.04176562 -0.06611817 -0.04805184
v -0.04207812 -0.06487793 -0.04994638
v -0.04129687 -0.06633301 -0.04807138
v -0.04176562 -0.06611817 -0.04805184
v -0.04129687 -0.06633301 -0.04807138
v -0.04004687 -0.06860840 -0.04467294
v -0.03770312 -0.07188965 -0.03836434
v -0.03645312 -0.07300293 -0.03555184
v -0.03910937 -0.07270021 -0.03398934
v -0.03910937 -0.07270021 -0.03398934
v -0.03645312 -0.07300293 -0.03555184
v -0.03489062 -0.07415528 -0.03197763
v -0.03910937 -0.07270021 -0.03398934
v -0.03489062 -0.07415528 -0.03197763
v -0.03582812 -0.07413575 -0.03111825
v -0.03582812 -0.07413575 -0.03111825
v -0.03489062 -0.07415528 -0.03197763
v -0.03332812 -0.07502443 -0.02834481
v -0.03582812 -0.07413575 -0.03111825
v -0.03332812 -0.07502443 -0.02834481
v -0.03785937 -0.07413575 -0.02861825
v -0.03785937 -0.07413575 -0.02861825
v -0.03332812 -0.07502443 -0.02834481
v -0.03442187 -0.07517090 -0.02590341
v -0.03785937 -0.07413575 -0.02861825
v -0.03442187 -0.07517090 -0.02590341
v -0.03614062 -0.07517090 -0.02354013
v -0.03614062 -0.07517090 -0.02354013
v -0.03442187 -0.07517090 -0.02590341
v -0.03098438 -0.07576661 -0.02336434
v -0.03614062 -0.07517090 -0.02354013
v -0.03098438 -0.07576661 -0.02336434
v -0.03223437 -0.07579590 -0.02104013
v -0.03223437 -0.07579590 -0.02104013
v -0.03098438 -0.07576661 -0.02336434
v -0.02848438 -0.07600098 -0.01850106
v -0.03223437 -0.07579590 -0.02104013
v -0.02848438 -0.07600098 -0.01850106
v -0.03364062 -0.07579590 -0.01879403
v -0.03035938 -0.07600098 -0.01543466
v -0.03489062 -0.07579590 -0.01646981
v -0.03176563 -0.07600098 -0.01219247
v -0.03598437 -0.07579590 -0.01406747
v -0.03692187 -0.07579590 -0.01160653
v -0.03598437 -0.07579590 -0.01406747
v -0.03692187 -0.07579590 -0.01160653
v -0.04114062 -0.07517090 -0.01299325
v -0.04114062 -0.07517090 -0.01299325
v -0.03692187 -0.07579590 -0.01160653
v -0.04192187 -0.07517090 -0.01016122
v -0.03332812 -0.07502443 -0.02834481
v -0.03223437 -0.07546387 -0.02584481
v -0.03442187 -0.07517090 -0.02590341
v -0.03442187 -0.07517090 -0.02590341
v -0.03223437 -0.07546387 -0.02584481
v -0.03098438 -0.07576661 -0.02336434
v -0.03176563 -0.07600098 -0.01219247
v -0.03285937 -0.07600098 -0.00881356
v -0.03692187 -0.07579590 -0.01160653
v -0.03754687 -0.07579590 -0.00908700
v -0.03692187 -0.07579590 -0.01160653
v -0.03754687 -0.07579590 -0.00908700
v -0.04192187 -0.07517090 -0.01016122
v -0.04254687 -0.07517090 -0.00730966
v -0.03364062 -0.07600098 -0.00533700
v -0.03817187 -0.07579590 -0.00652841
v -0.03754687 -0.07579590 -0.00908700
v -0.03817187 -0.07579590 -0.00652841
v -0.04254687 -0.07517090 -0.00730966
v -0.04254687 -0.07517090 -0.00730966
v -0.03817187 -0.07579590 -0.00652841
v -0.04301562 -0.07517090 -0.00439950
v -0.03848437 -0.07579590 -0.00393075
v -0.03410937 -0.07600098 -0.00178231
v -0.03848437 -0.07579590 -0.00393075
v -0.03410937 -0.07600098 -0.00178231
v -0.03864062 -0.07579590 -0.00131356
v -0.03410937 -0.07600098 0.00177238
v -0.03864062 -0.07579590 0.00130363
v -0.03848437 -0.07579590 0.00392081
v -0.03864062 -0.07579590 0.00130363
v -0.03848437 -0.07579590 0.00392081
v -0.04301562 -0.07517090 0.00438956
v -0.04301562 -0.07517090 0.00438956
v -0.03848437 -0.07579590 0.00392081
v -0.04254687 -0.07517090 0.00729972
v -0.03410937 -0.07600098 0.00177238
v -0.03364062 -0.07600098 0.00532706
v -0.03848437 -0.07579590 0.00392081
v -0.03817187 -0.07579590 0.00651847
v -0.03848437 -0.07579590 0.00392081
v -0.03817187 -0.07579590 0.00651847
v -0.04254687 -0.07517090 0.00729972
v -0.04254687 -0.07517090 0.00729972
v -0.03817187 -0.07579590 0.00651847
v -0.04192187 -0.07517090 0.01017081
v -0.03754687 -0.07579590 0.00907706
v -0.03285937 -0.07600098 0.00880363
v -0.03692187 -0.07579590 0.01159659
v -0.03176563 -0.07600098 0.01218253
v -0.02848438 -0.07600098 0.01849113
v -0.03098438 -0.07576661 0.02335441
v -0.03223437 -0.07579590 0.02103019
v -0.03785937 -0.07413575 0.02860831
v -0.03332812 -0.07502443 0.02833488
v -0.03582812 -0.07413575 0.03110831
v -0.03582812 -0.07413575 0.03110831
v -0.03332812 -0.07502443 0.02833488
v -0.03489062 -0.07415528 0.03196769
v -0.03582812 -0.07413575 0.03110831
v -0.03489062 -0.07415528 0.03196769
v -0.03645312 -0.07300293 0.03554190
v -0.03582812 -0.07413575 0.03110831
v -0.03645312 -0.07300293 0.03554190
v -0.03910937 -0.07270021 0.03399893
v -0.03910937 -0.07270021 0.03399893
v -0.03645312 -0.07300293 0.03554190
v -0.03770312 -0.07188965 0.03835440
v -0.03910937 -0.07270021 0.03399893
v -0.03770312 -0.07188965 0.03835440
v -0.04223437 -0.07087403 0.03677237
v -0.04223437 -0.07087403 0.03677237
v -0.03770312 -0.07188965 0.03835440
v -0.03957812 -0.07087403 0.03954581
v -0.04223437 -0.07087403 0.03677237
v -0.03957812 -0.07087403 0.03954581
v -0.04239062 -0.06867676 0.04239737
v -0.04239062 -0.06867676 0.04239737
v -0.03957812 -0.07087403 0.03954581
v -0.03864062 -0.07060060 0.04110831
v -0.04239062 -0.06867676 0.04239737
v -0.03864062 -0.07060060 0.04110831
v -0.04004687 -0.06860840 0.04466300
v -0.03770312 -0.07188965 0.03835440
v -0.03864062 -0.07060060 0.04110831
v -0.03957812 -0.07087403 0.03954581
v -0.04129687 -0.06633301 0.04806143
v -0.04176562 -0.06611817 0.04804190
v -0.04004687 -0.06860840 0.04466300
v -0.04004687 -0.06860840 0.04466300
v -0.04176562 -0.06611817 0.04804190
v -0.04504687 -0.06611817 0.04511222
v -0.04004687 -0.06860840 0.04466300
v -0.04504687 -0.06611817 0.04511222
v -0.04239062 -0.06867676 0.04239737
v -0.04239062 -0.06867676 0.04239737
v -0.04504687 -0.06611817 0.04511222
v -0.04520312 -0.06867676 0.03942862
v -0.04520312 -0.06867676 0.03942862
v -0.04223437 -0.07087403 0.03677237
v -0.04520312 -0.06867676 0.03942862
v -0.04457812 -0.07087403 0.03382315
v -0.04223437 -0.07087403 0.03677237
v -0.04457812 -0.07087403 0.03382315
v -0.04129687 -0.07270021 0.03126456
v -0.04129687 -0.07270021 0.03126456
v -0.04457812 -0.07087403 0.03382315
v -0.04332812 -0.07270021 0.02841300
v -0.04129687 -0.07270021 0.03126456
v -0.04332812 -0.07270021 0.02841300
v -0.03973437 -0.07413575 0.02599113
v -0.03973437 -0.07413575 0.02599113
v -0.04332812 -0.07270021 0.02841300
v -0.04145312 -0.07413575 0.02321769
v -0.04129687 -0.06633301 0.04806143
v -0.04207812 -0.06487793 0.04993643
v -0.04176562 -0.06611817 0.04804190
v -0.04176562 -0.06611817 0.04804190
v -0.04207812 -0.06487793 0.04993643
v -0.04504687 -0.06611817 0.04511222
v -0.04504687 -0.06611817 0.04511222
v -0.04207812 -0.06487793 0.04993643
v -0.04410937 -0.06322754 0.05073722
v -0.04410937 -0.06322754 0.05073722
v -0.04207812 -0.06487793 0.04993643
v -0.04270312 -0.06334473 0.05175284
v -0.04410937 -0.06322754 0.05073722
v -0.04270312 -0.06334473 0.05175284
v -0.04332812 -0.06171387 0.05349112
v -0.04410937 -0.06322754 0.05073722
v -0.04332812 -0.06171387 0.05349112
v -0.04614062 -0.06002441 0.05321768
v -0.04614062 -0.06002441 0.05321768
v -0.04332812 -0.06171387 0.05349112
v -0.04379687 -0.05999512 0.05517081
v -0.04614062 -0.06002441 0.05321768
v -0.04379687 -0.05999512 0.05517081
v -0.04442187 -0.05830566 0.05665518
v -0.04614062 -0.06002441 0.05321768
v -0.04442187 -0.05830566 0.05665518
v -0.04817187 -0.05653808 0.05546378
v -0.04817187 -0.05653808 0.05546378
v -0.04442187 -0.05830566 0.05665518
v -0.04489062 -0.05653808 0.05810050
v -0.04817187 -0.05653808 0.05546378
v -0.04489062 -0.05653808 0.05810050
v -0.04535937 -0.05470215 0.05944815
v -0.04567187 -0.05279785 0.06071768
v -0.05020312 -0.05279785 0.05718253
v -0.04535937 -0.05470215 0.05944815
v -0.04535937 -0.05470215 0.05944815
v -0.05020312 -0.05279785 0.05718253
v -0.04817187 -0.05653808 0.05546378
v -0.04817187 -0.05653808 0.05546378
v -0.05020312 -0.05279785 0.05718253
v -0.05176562 -0.05653808 0.05206534
v -0.05426562 -0.05279785 0.05333487
v -0.05176562 -0.05653808 0.05206534
v -0.05426562 -0.05279785 0.05333487
v -0.05535937 -0.05653808 0.04841300
v -0.05535937 -0.05653808 0.04841300
v -0.05426562 -0.05279785 0.05333487
v -0.05817187 -0.05279785 0.04919425
v -0.05535937 -0.05653808 0.04841300
v -0.05817187 -0.05279785 0.04919425
v -0.05848437 -0.05653808 0.04452628
v -0.05848437 -0.05653808 0.04452628
v -0.05817187 -0.05279785 0.04919425
v -0.06160937 -0.05279785 0.04478018
v -0.05848437 -0.05653808 0.04452628
v -0.06160937 -0.05279785 0.04478018
v -0.06145312 -0.05653808 0.04042472
v -0.06145312 -0.05653808 0.04042472
v -0.06160937 -0.05279785 0.04478018
v -0.06473439 -0.05279785 0.04013175
v -0.06145312 -0.05653808 0.04042472
v -0.06473439 -0.05279785 0.04013175
v -0.06410939 -0.05653808 0.03614737
v -0.06410939 -0.05653808 0.03614737
v -0.06473439 -0.05279785 0.04013175
v -0.06754689 -0.05279785 0.03524893
v -0.06410939 -0.05653808 0.03614737
v -0.06754689 -0.05279785 0.03524893
v -0.06645314 -0.05653808 0.03167472
v -0.06645314 -0.05653808 0.03167472
v -0.06754689 -0.05279785 0.03524893
v -0.07004689 -0.05279785 0.03015128
v -0.06645314 -0.05653808 0.03167472
v -0.07004689 -0.05279785 0.03015128
v -0.06848439 -0.05653808 0.02706534
v -0.06848439 -0.05653808 0.02706534
v -0.07004689 -0.05279785 0.03015128
v -0.07207814 -0.05279785 0.02489738
v -0.06848439 -0.05653808 0.02706534
v -0.07207814 -0.05279785 0.02489738
v -0.07020314 -0.05653808 0.02231925
v -0.07020314 -0.05653808 0.02231925
v -0.07207814 -0.05279785 0.02489738
v -0.07379689 -0.05279785 0.01950675
v -0.07020314 -0.05653808 0.02231925
v -0.07379689 -0.05279785 0.01950675
v -0.07160939 -0.05653808 0.01747550
v -0.07160939 -0.05653808 0.01747550
v -0.07379689 -0.05279785 0.01950675
v -0.07504689 -0.05279785 0.01401847
v -0.07160939 -0.05653808 0.01747550
v -0.07504689 -0.05279785 0.01401847
v -0.07254689 -0.05653808 0.01253409
v -0.07254689 -0.05653808 0.01253409
v -0.07504689 -0.05279785 0.01401847
v -0.07582814 -0.05279785 0.00843253
v -0.07254689 -0.05653808 0.01253409
v -0.07582814 -0.05279785 0.00843253
v -0.07332814 -0.05653808 0.00755363
v -0.07332814 -0.05653808 0.00755363
v -0.07582814 -0.05279785 0.00843253
v -0.07629689 -0.05279785 0.00280753
v -0.07332814 -0.05653808 0.00755363
v -0.07629689 -0.05279785 0.00280753
v -0.07364064 -0.05653808 0.00251456
v -0.07364064 -0.05653808 0.00251456
v -0.07629689 -0.05279785 0.00280753
v -0.07629689 -0.05279785 -0.00281747
v -0.07364064 -0.05653808 -0.00252450
v -0.07364064 -0.05653808 -0.00252450
v -0.07629689 -0.05279785 -0.00281747
v -0.07332814 -0.05653808 -0.00754403
v -0.07364064 -0.05653808 -0.00252450
v -0.07332814 -0.05653808 -0.00754403
v -0.07035939 -0.06002441 -0.00725106
v -0.07035939 -0.06002441 -0.00725106
v -0.07332814 -0.05653808 -0.00754403
v -0.06973439 -0.06002441 -0.01203622
v -0.07035939 -0.06002441 -0.00725106
v -0.06973439 -0.06002441 -0.01203622
v -0.06645314 -0.06322754 -0.01146981
v -0.06645314 -0.06322754 -0.01146981
v -0.06973439 -0.06002441 -0.01203622
v -0.06551564 -0.06322754 -0.01600106
v -0.06645314 -0.06322754 -0.01146981
v -0.06551564 -0.06322754 -0.01600106
v -0.06207812 -0.06611817 -0.01514169
v -0.06207812 -0.06611817 -0.01514169
v -0.06551564 -0.06322754 -0.01600106
v -0.06098437 -0.06611817 -0.01934091
v -0.06207812 -0.06611817 -0.01514169
v -0.06098437 -0.06611817 -0.01934091
v -0.05739062 -0.06867676 -0.01818856
v -0.05739062 -0.06867676 -0.01818856
v -0.06098437 -0.06611817 -0.01934091
v -0.05598437 -0.06867676 -0.02205575
v -0.05739062 -0.06867676 -0.01818856
v -0.05598437 -0.06867676 -0.02205575
v -0.05223437 -0.07087403 -0.02057138
v -0.05223437 -0.07087403 -0.02057138
v -0.05598437 -0.06867676 -0.02205575
v -0.05067187 -0.07087403 -0.02406747
v -0.05223437 -0.07087403 -0.02057138
v -0.05067187 -0.07087403 -0.02406747
v -0.04692187 -0.07270021 -0.02225106
v -0.04692187 -0.07270021 -0.02225106
v -0.05067187 -0.07087403 -0.02406747
v -0.04520312 -0.07270021 -0.02537606
v -0.04692187 -0.07270021 -0.02225106
v -0.04520312 -0.07270021 -0.02537606
v -0.04145312 -0.07413575 -0.02322763
v -0.04520312 -0.07270021 -0.02537606
v -0.07629689 -0.05279785 -0.00281747
v -0.07582814 -0.05279785 -0.00844247
v -0.07332814 -0.05653808 -0.00754403
v -0.07332814 -0.05653808 -0.00754403
v -0.07582814 -0.05279785 -0.00844247
v -0.07254689 -0.05653808 -0.01254403
v -0.07332814 -0.05653808 -0.00754403
v -0.07254689 -0.05653808 -0.01254403
v -0.06973439 -0.06002441 -0.01203622
v -0.06973439 -0.06002441 -0.01203622
v -0.07254689 -0.05653808 -0.01254403
v -0.06864064 -0.06002441 -0.01676278
v -0.06973439 -0.06002441 -0.01203622
v -0.06864064 -0.06002441 -0.01676278
v -0.06551564 -0.06322754 -0.01600106
v -0.06551564 -0.06322754 -0.01600106
v -0.06864064 -0.06002441 -0.01676278
v -0.06426564 -0.06322754 -0.02043466
v -0.06551564 -0.06322754 -0.01600106
v -0.06426564 -0.06322754 -0.02043466
v -0.06098437 -0.06611817 -0.01934091
v -0.06098437 -0.06611817 -0.01934091
v -0.06426564 -0.06322754 -0.02043466
v -0.05942187 -0.06611817 -0.02346200
v -0.06098437 -0.06611817 -0.01934091
v -0.05942187 -0.06611817 -0.02346200
v -0.05598437 -0.06867676 -0.02205575
v -0.05598437 -0.06867676 -0.02205575
v -0.05942187 -0.06611817 -0.02346200
v -0.05426562 -0.06867676 -0.02580575
v -0.05426562 -0.06867676 -0.02580575
v -0.05067187 -0.07087403 -0.02406747
v -0.05426562 -0.06867676 -0.02580575
v -0.04895312 -0.07087403 -0.02746591
v -0.05067187 -0.07087403 -0.02406747
v -0.04895312 -0.07087403 -0.02746591
v -0.04520312 -0.07270021 -0.02537606
v -0.04520312 -0.07270021 -0.02537606
v -0.04895312 -0.07087403 -0.02746591
v -0.04692187 -0.07087403 -0.03072763
v -0.04332812 -0.07270021 -0.02840341
v -0.04332812 -0.07270021 -0.02840341
v -0.04692187 -0.07087403 -0.03072763
v -0.04457812 -0.07087403 -0.03383309
v -0.07582814 -0.05279785 -0.00844247
v -0.07504689 -0.05279785 -0.01402841
v -0.07254689 -0.05653808 -0.01254403
v -0.07254689 -0.05653808 -0.01254403
v -0.07504689 -0.05279785 -0.01402841
v -0.07160939 -0.05653808 -0.01748544
v -0.07254689 -0.05653808 -0.01254403
v -0.07160939 -0.05653808 -0.01748544
v -0.06864064 -0.06002441 -0.01676278
v -0.06864064 -0.06002441 -0.01676278
v -0.07160939 -0.05653808 -0.01748544
v -0.06739064 -0.06002441 -0.02143075
v -0.06864064 -0.06002441 -0.01676278
v -0.06739064 -0.06002441 -0.02143075
v -0.06426564 -0.06322754 -0.02043466
v -0.06426564 -0.06322754 -0.02043466
v -0.06739064 -0.06002441 -0.02143075
v -0.06270312 -0.06322754 -0.02477059
v -0.06426564 -0.06322754 -0.02043466
v -0.06270312 -0.06322754 -0.02477059
v -0.05942187 -0.06611817 -0.02346200
v -0.05942187 -0.06611817 -0.02346200
v -0.06270312 -0.06322754 -0.02477059
v -0.05770312 -0.06611817 -0.02744638
v -0.05942187 -0.06611817 -0.02346200
v -0.05770312 -0.06611817 -0.02744638
v -0.05426562 -0.06867676 -0.02580575
v -0.05426562 -0.06867676 -0.02580575
v -0.05770312 -0.06611817 -0.02744638
v -0.05239062 -0.06867676 -0.02943856
v -0.05426562 -0.06867676 -0.02580575
v -0.05239062 -0.06867676 -0.02943856
v -0.04895312 -0.07087403 -0.02746591
v -0.04895312 -0.07087403 -0.02746591
v -0.05239062 -0.06867676 -0.02943856
v -0.05020312 -0.06867676 -0.03295419
v -0.04692187 -0.07087403 -0.03072763
v -0.04692187 -0.07087403 -0.03072763
v -0.05020312 -0.06867676 -0.03295419
v -0.04785937 -0.06867676 -0.03627450
v -0.04692187 -0.07087403 -0.03072763
v -0.04785937 -0.06867676 -0.03627450
v -0.04457812 -0.07087403 -0.03383309
v -0.04457812 -0.07087403 -0.03383309
v -0.04785937 -0.06867676 -0.03627450
v -0.04223437 -0.07087403 -0.03678231
v -0.07504689 -0.05279785 -0.01402841
v -0.07379689 -0.05279785 -0.01951669
v -0.07160939 -0.05653808 -0.01748544
v -0.07160939 -0.05653808 -0.01748544
v -0.07379689 -0.05279785 -0.01951669
v -0.07020314 -0.05653808 -0.02232919
v -0.07160939 -0.05653808 -0.01748544
v -0.07020314 -0.05653808 -0.02232919
v -0.06739064 -0.06002441 -0.02143075
v -0.06739064 -0.06002441 -0.02143075
v -0.07020314 -0.05653808 -0.02232919
v -0.06567189 -0.06002441 -0.02598153
v -0.06739064 -0.06002441 -0.02143075
v -0.06567189 -0.06002441 -0.02598153
v -0.06270312 -0.06322754 -0.02477059
v -0.06270312 -0.06322754 -0.02477059
v -0.06567189 -0.06002441 -0.02598153
v -0.06082812 -0.06322754 -0.02898934
v -0.06270312 -0.06322754 -0.02477059
v -0.06082812 -0.06322754 -0.02898934
v -0.05770312 -0.06611817 -0.02744638
v -0.05770312 -0.06611817 -0.02744638
v -0.06082812 -0.06322754 -0.02898934
v -0.05567187 -0.06611817 -0.03131356
v -0.05567187 -0.06611817 -0.03131356
v -0.05239062 -0.06867676 -0.02943856
v -0.05567187 -0.06611817 -0.03131356
v -0.05332812 -0.06611817 -0.03504403
v -0.05239062 -0.06867676 -0.02943856
v -0.05332812 -0.06611817 -0.03504403
v -0.05020312 -0.06867676 -0.03295419
v -0.05020312 -0.06867676 -0.03295419
v -0.05332812 -0.06611817 -0.03504403
v -0.05082812 -0.06611817 -0.03857919
v -0.04785937 -0.06867676 -0.03627450
v -0.04785937 -0.06867676 -0.03627450
v -0.05082812 -0.06611817 -0.03857919
v -0.04520312 -0.06867676 -0.03943856
v -0.04785937 -0.06867676 -0.03627450
v -0.04520312 -0.06867676 -0.03943856
v -0.04223437 -0.07087403 -0.03678231
v -0.04223437 -0.07087403 -0.03678231
v -0.04520312 -0.06867676 -0.03943856
v -0.03957812 -0.07087403 -0.03955575
v -0.07379689 -0.05279785 -0.01951669
v -0.07207814 -0.05279785 -0.02490731
v -0.07020314 -0.05653808 -0.02232919
v -0.07020314 -0.05653808 -0.02232919
v -0.07207814 -0.05279785 -0.02490731
v -0.06848439 -0.05653808 -0.02707528
v -0.07020314 -0.05653808 -0.02232919
v -0.06848439 -0.05653808 -0.02707528
v -0.06567189 -0.06002441 -0.02598153
v -0.06567189 -0.06002441 -0.02598153
v -0.06848439 -0.05653808 -0.02707528
v -0.06379687 -0.06002441 -0.03039559
v -0.06567189 -0.06002441 -0.02598153
v -0.06379687 -0.06002441 -0.03039559
v -0.06082812 -0.06322754 -0.02898934
v -0.06082812 -0.06322754 -0.02898934
v -0.06379687 -0.06002441 -0.03039559
v -0.05864062 -0.06322754 -0.03307138
v -0.05864062 -0.06322754 -0.03307138
v -0.05567187 -0.06611817 -0.03131356
v -0.05864062 -0.06322754 -0.03307138
v -0.05629687 -0.06322754 -0.03699716
v -0.05567187 -0.06611817 -0.03131356
v -0.05629687 -0.06322754 -0.03699716
v -0.05332812 -0.06611817 -0.03504403
v -0.05332812 -0.06611817 -0.03504403
v -0.05629687 -0.06322754 -0.03699716
v -0.05364062 -0.06322754 -0.04074716
v -0.05082812 -0.06611817 -0.03857919
v -0.05082812 -0.06611817 -0.03857919
v -0.05364062 -0.06322754 -0.04074716
v -0.04801562 -0.06611817 -0.04193856
v -0.04801562 -0.06611817 -0.04193856
v -0.04520312 -0.06867676 -0.03943856
v -0.04801562 -0.06611817 -0.04193856
v -0.04239062 -0.06867676 -0.04240731
v -0.04239062 -0.06867676 -0.04240731
v -0.07207814 -0.05279785 -0.02490731
v -0.07004689 -0.05279785 -0.03016122
v -0.06848439 -0.05653808 -0.02707528
v -0.06848439 -0.05653808 -0.02707528
v -0.07004689 -0.05279785 -0.03016122
v -0.06645314 -0.05653808 -0.03168466
v -0.06848439 -0.05653808 -0.02707528
v -0.06645314 -0.05653808 -0.03168466
v -0.06379687 -0.06002441 -0.03039559
v -0.06379687 -0.06002441 -0.03039559
v -0.06645314 -0.05653808 -0.03168466
v -0.06160937 -0.06002441 -0.03469247
v -0.06379687 -0.06002441 -0.03039559
v -0.06160937 -0.06002441 -0.03469247
v -0.05864062 -0.06322754 -0.03307138
v -0.05864062 -0.06322754 -0.03307138
v -0.06160937 -0.06002441 -0.03469247
v -0.05895312 -0.06002441 -0.03881356
v -0.05864062 -0.06322754 -0.03307138
v -0.05895312 -0.06002441 -0.03881356
v -0.05629687 -0.06322754 -0.03699716
v -0.05629687 -0.06322754 -0.03699716
v -0.05895312 -0.06002441 -0.03881356
v -0.05614062 -0.06002441 -0.04273934
v -0.05629687 -0.06322754 -0.03699716
v -0.05614062 -0.06002441 -0.04273934
v -0.05364062 -0.06322754 -0.04074716
v -0.05364062 -0.06322754 -0.04074716
v -0.05614062 -0.06002441 -0.04273934
v -0.05067187 -0.06322754 -0.04430184
v -0.05364062 -0.06322754 -0.04074716
v -0.05067187 -0.06322754 -0.04430184
v -0.04801562 -0.06611817 -0.04193856
v -0.04801562 -0.06611817 -0.04193856
v -0.05067187 -0.06322754 -0.04430184
v -0.04504687 -0.06611817 -0.04510263
v -0.04801562 -0.06611817 -0.04193856
v -0.04504687 -0.06611817 -0.04510263
v -0.04239062 -0.06867676 -0.04240731
v -0.07004689 -0.05279785 -0.03016122
v -0.06754689 -0.05279785 -0.03523934
v -0.06645314 -0.05653808 -0.03168466
v -0.06645314 -0.05653808 -0.03168466
v -0.06754689 -0.05279785 -0.03523934
v -0.06410939 -0.05653808 -0.03613778
v -0.06645314 -0.05653808 -0.03168466
v -0.06410939 -0.05653808 -0.03613778
v -0.06160937 -0.06002441 -0.03469247
v -0.06160937 -0.06002441 -0.03469247
v -0.06410939 -0.05653808 -0.03613778
v -0.06145312 -0.05653808 -0.04043466
v -0.06160937 -0.06002441 -0.03469247
v -0.06145312 -0.05653808 -0.04043466
v -0.05895312 -0.06002441 -0.03881356
v -0.05895312 -0.06002441 -0.03881356
v -0.06145312 -0.05653808 -0.04043466
v -0.05848437 -0.05653808 -0.04453622
v -0.05895312 -0.06002441 -0.03881356
v -0.05848437 -0.05653808 -0.04453622
v -0.05614062 -0.06002441 -0.04273934
v -0.05614062 -0.06002441 -0.04273934
v -0.05848437 -0.05653808 -0.04453622
v -0.05317187 -0.06002441 -0.04645028
v -0.05614062 -0.06002441 -0.04273934
v -0.05317187 -0.06002441 -0.04645028
v -0.05067187 -0.06322754 -0.04430184
v -0.05067187 -0.06322754 -0.04430184
v -0.05317187 -0.06002441 -0.04645028
v -0.04754687 -0.06322754 -0.04764169
v -0.04754687 -0.06322754 -0.04764169
v -0.06754689 -0.05279785 -0.03523934
v -0.06473439 -0.05279785 -0.04014169
v -0.06410939 -0.05653808 -0.03613778
v -0.06410939 -0.05653808 -0.03613778
v -0.06473439 -0.05279785 -0.04014169
v -0.06145312 -0.05653808 -0.04043466
v -0.06473439 -0.05279785 -0.04014169
v -0.06160937 -0.05279785 -0.04479013
v -0.06145312 -0.05653808 -0.04043466
v -0.06145312 -0.05653808 -0.04043466
v -0.06160937 -0.05279785 -0.04479013
v -0.05848437 -0.05653808 -0.04453622
v -0.06160937 -0.05279785 -0.04479013
v -0.05817187 -0.05279785 -0.04920419
v -0.05848437 -0.05653808 -0.04453622
v -0.05848437 -0.05653808 -0.04453622
v -0.05817187 -0.05279785 -0.04920419
v -0.05535937 -0.05653808 -0.04842294
v -0.05848437 -0.05653808 -0.04453622
v -0.05535937 -0.05653808 -0.04842294
v -0.05317187 -0.06002441 -0.04645028
v -0.05317187 -0.06002441 -0.04645028
v -0.05535937 -0.05653808 -0.04842294
v -0.04973437 -0.06002441 -0.04996591
v -0.05317187 -0.06002441 -0.04645028
v -0.04973437 -0.06002441 -0.04996591
v -0.04754687 -0.06322754 -0.04764169
v -0.05817187 -0.05279785 -0.04920419
v -0.05426562 -0.05279785 -0.05334481
v -0.05535937 -0.05653808 -0.04842294
v -0.05535937 -0.05653808 -0.04842294
v -0.05426562 -0.05279785 -0.05334481
v -0.05176562 -0.05653808 -0.05207528
v -0.05535937 -0.05653808 -0.04842294
v -0.05176562 -0.05653808 -0.05207528
v -0.04973437 -0.06002441 -0.04996591
v -0.05426562 -0.05279785 -0.05334481
v -0.04129687 -0.07270021 -0.03127450
v -0.03910937 -0.07270021 -0.03398934
v -0.03582812 -0.07413575 -0.03111825
v -0.03785937 -0.07413575 -0.02861825
v -0.03785937 -0.07413575 -0.02861825
v -0.03973437 -0.07413575 -0.02600106
v -0.03785937 -0.07413575 -0.02861825
v -0.03614062 -0.07517090 -0.02354013
v -0.03973437 -0.07413575 -0.02600106
v -0.03614062 -0.07517090 -0.02354013
v -0.03754687 -0.07517090 -0.02102059
v -0.03614062 -0.07517090 -0.02354013
v -0.03364062 -0.07579590 -0.01879403
v -0.03895312 -0.07517090 -0.01844247
v -0.03895312 -0.07517090 -0.01844247
v -0.03364062 -0.07579590 -0.01879403
v -0.03489062 -0.07579590 -0.01646981
v -0.04020312 -0.07517090 -0.01574716
v -0.03598437 -0.07579590 -0.01406747
v -0.04020312 -0.07517090 -0.01574716
v -0.03598437 -0.07579590 -0.01406747
v -0.03364062 -0.07579590 -0.01879403
v -0.04301562 -0.07413575 -0.02037606
v -0.04692187 -0.07270021 -0.02225106
v -0.04301562 -0.07413575 -0.02037606
v -0.04832812 -0.07270021 -0.01900888
v -0.04832812 -0.07270021 -0.01900888
v -0.04301562 -0.07413575 -0.02037606
v -0.04426562 -0.07413575 -0.01740731
v -0.04832812 -0.07270021 -0.01900888
v -0.04426562 -0.07413575 -0.01740731
v -0.04957812 -0.07270021 -0.01568856
v -0.04957812 -0.07270021 -0.01568856
v -0.04426562 -0.07413575 -0.01740731
v -0.04535937 -0.07413575 -0.01436044
v -0.04957812 -0.07270021 -0.01568856
v -0.04535937 -0.07413575 -0.01436044
v -0.05051562 -0.07270021 -0.01227059
v -0.05051562 -0.07270021 -0.01227059
v -0.04535937 -0.07413575 -0.01436044
v -0.04629687 -0.07413575 -0.01123544
v -0.05051562 -0.07270021 -0.01227059
v -0.04629687 -0.07413575 -0.01123544
v -0.05114062 -0.07270021 -0.00881356
v -0.04692187 -0.07413575 -0.00807138
v -0.05176562 -0.07270021 -0.00529794
v -0.05176562 -0.07270021 -0.00529794
v -0.04692187 -0.07413575 -0.00807138
v -0.04739062 -0.07413575 -0.00484872
v -0.05176562 -0.07270021 -0.00529794
v -0.04739062 -0.07413575 -0.00484872
v -0.05192187 -0.07270021 -0.00178231
v -0.05192187 -0.07270021 -0.00178231
v -0.04739062 -0.07413575 -0.00484872
v -0.04754687 -0.07413575 -0.00162606
v -0.05192187 -0.07270021 -0.00178231
v -0.04754687 -0.07413575 -0.00162606
v -0.05192187 -0.07270021 0.00177238
v -0.04754687 -0.07413575 0.00161613
v -0.05192187 -0.07270021 0.00177238
v -0.04754687 -0.07413575 0.00161613
v -0.05176562 -0.07270021 0.00528800
v -0.05176562 -0.07270021 0.00528800
v -0.04754687 -0.07413575 0.00161613
v -0.04739062 -0.07413575 0.00483878
v -0.05176562 -0.07270021 0.00528800
v -0.04739062 -0.07413575 0.00483878
v -0.05114062 -0.07270021 0.00880363
v -0.04692187 -0.07413575 0.00806144
v -0.05114062 -0.07270021 0.00880363
v -0.04692187 -0.07413575 0.00806144
v -0.05051562 -0.07270021 0.01226066
v -0.04629687 -0.07413575 0.01122550
v -0.05051562 -0.07270021 0.01226066
v -0.04629687 -0.07413575 0.01122550
v -0.04957812 -0.07270021 0.01567862
v -0.04957812 -0.07270021 0.01567862
v -0.04629687 -0.07413575 0.01122550
v -0.04535937 -0.07413575 0.01435050
v -0.04957812 -0.07270021 0.01567862
v -0.04535937 -0.07413575 0.01435050
v -0.04832812 -0.07270021 0.01899894
v -0.04426562 -0.07413575 0.01739738
v -0.04832812 -0.07270021 0.01899894
v -0.04426562 -0.07413575 0.01739738
v -0.04692187 -0.07270021 0.02224113
v -0.04301562 -0.07413575 0.02036613
v -0.04692187 -0.07270021 0.02224113
v -0.04301562 -0.07413575 0.02036613
v -0.04520312 -0.07270021 0.02536613
v -0.04145312 -0.07413575 0.02321769
v -0.04520312 -0.07270021 0.02536613
v -0.04957812 -0.07270021 -0.01568856
v -0.05348437 -0.07087403 -0.01695809
v -0.04832812 -0.07270021 -0.01900888
v -0.04832812 -0.07270021 -0.01900888
v -0.05348437 -0.07087403 -0.01695809
v -0.05223437 -0.07087403 -0.02057138
v -0.04832812 -0.07270021 -0.01900888
v -0.05223437 -0.07087403 -0.02057138
v -0.05348437 -0.07087403 -0.01695809
v -0.05739062 -0.06867676 -0.01818856
v -0.05739062 -0.06867676 -0.01818856
v -0.05348437 -0.07087403 -0.01695809
v -0.05848437 -0.06867676 -0.01424325
v -0.05739062 -0.06867676 -0.01818856
v -0.05848437 -0.06867676 -0.01424325
v -0.06207812 -0.06611817 -0.01514169
v -0.06207812 -0.06611817 -0.01514169
v -0.05848437 -0.06867676 -0.01424325
v -0.06301562 -0.06611817 -0.01086434
v -0.06207812 -0.06611817 -0.01514169
v -0.06301562 -0.06611817 -0.01086434
v -0.06645314 -0.06322754 -0.01146981
v -0.06645314 -0.06322754 -0.01146981
v -0.06301562 -0.06611817 -0.01086434
v -0.06707814 -0.06322754 -0.00691903
v -0.06707814 -0.06322754 -0.00691903
v -0.07035939 -0.06002441 -0.00725106
v -0.06707814 -0.06322754 -0.00691903
v -0.07067189 -0.06002441 -0.00242684
v -0.07067189 -0.06002441 -0.00242684
v -0.07364064 -0.05653808 -0.00252450
v -0.07067189 -0.06002441 -0.00242684
v -0.07364064 -0.05653808 0.00251456
v -0.05348437 -0.07087403 -0.01695809
v -0.04957812 -0.07270021 -0.01568856
v -0.05457812 -0.07087403 -0.01328622
v -0.05457812 -0.07087403 -0.01328622
v -0.04957812 -0.07270021 -0.01568856
v -0.05051562 -0.07270021 -0.01227059
v -0.05457812 -0.07087403 -0.01328622
v -0.05051562 -0.07270021 -0.01227059
v -0.05535937 -0.07087403 -0.00953622
v -0.05535937 -0.07087403 -0.00953622
v -0.05051562 -0.07270021 -0.01227059
v -0.05114062 -0.07270021 -0.00881356
v -0.05535937 -0.07087403 -0.00953622
v -0.05114062 -0.07270021 -0.00881356
v -0.05582812 -0.07087403 -0.00574716
v -0.05582812 -0.07087403 -0.00574716
v -0.05114062 -0.07270021 -0.00881356
v -0.05176562 -0.07270021 -0.00529794
v -0.05582812 -0.07087403 -0.00574716
v -0.05176562 -0.07270021 -0.00529794
v -0.05614062 -0.07087403 -0.00191903
v -0.05614062 -0.07087403 -0.00191903
v -0.05176562 -0.07270021 -0.00529794
v -0.05192187 -0.07270021 -0.00178231
v -0.05614062 -0.07087403 -0.00191903
v -0.05192187 -0.07270021 -0.00178231
v -0.05614062 -0.07087403 0.00190909
v -0.05192187 -0.07270021 0.00177238
v -0.05614062 -0.07087403 0.00190909
v -0.05192187 -0.07270021 0.00177238
v -0.05582812 -0.07087403 0.00573722
v -0.05582812 -0.07087403 0.00573722
v -0.05192187 -0.07270021 0.00177238
v -0.05176562 -0.07270021 0.00528800
v -0.05582812 -0.07087403 0.00573722
v -0.05176562 -0.07270021 0.00528800
v -0.05535937 -0.07087403 0.00952628
v -0.05535937 -0.07087403 0.00952628
v -0.05176562 -0.07270021 0.00528800
v -0.05114062 -0.07270021 0.00880363
v -0.05535937 -0.07087403 0.00952628
v -0.05114062 -0.07270021 0.00880363
v -0.05457812 -0.07087403 0.01327628
v -0.05457812 -0.07087403 0.01327628
v -0.05051562 -0.07270021 0.01226066
v -0.05457812 -0.07087403 0.01327628
v -0.05051562 -0.07270021 0.01226066
v -0.05348437 -0.07087403 0.01694816
v -0.05348437 -0.07087403 0.01694816
v -0.05051562 -0.07270021 0.01226066
v -0.04957812 -0.07270021 0.01567862
v -0.05348437 -0.07087403 0.01694816
v -0.04957812 -0.07270021 0.01567862
v -0.05223437 -0.07087403 0.02056144
v -0.05223437 -0.07087403 0.02056144
v -0.04957812 -0.07270021 0.01567862
v -0.04832812 -0.07270021 0.01899894
v -0.05223437 -0.07087403 0.02056144
v -0.04832812 -0.07270021 0.01899894
v -0.05067187 -0.07087403 0.02405753
v -0.05067187 -0.07087403 0.02405753
v -0.04832812 -0.07270021 0.01899894
v -0.04692187 -0.07270021 0.02224113
v -0.05067187 -0.07087403 0.02405753
v -0.04692187 -0.07270021 0.02224113
v -0.04895312 -0.07087403 0.02745597
v -0.04895312 -0.07087403 0.02745597
v -0.04692187 -0.07270021 0.02224113
v -0.04520312 -0.07270021 0.02536613
v -0.04895312 -0.07087403 0.02745597
v -0.04520312 -0.07270021 0.02536613
v -0.04692187 -0.07087403 0.03071769
v -0.04332812 -0.07270021 0.02841300
v -0.04692187 -0.07087403 0.03071769
v -0.04332812 -0.07270021 0.02841300
v -0.04457812 -0.07087403 0.03382315
v -0.05348437 -0.07087403 -0.01695809
v -0.05457812 -0.07087403 -0.01328622
v -0.05848437 -0.06867676 -0.01424325
v -0.05848437 -0.06867676 -0.01424325
v -0.05457812 -0.07087403 -0.01328622
v -0.05926562 -0.06867676 -0.01021981
v -0.05848437 -0.06867676 -0.01424325
v -0.05926562 -0.06867676 -0.01021981
v -0.06301562 -0.06611817 -0.01086434
v -0.06301562 -0.06611817 -0.01086434
v -0.05926562 -0.06867676 -0.01021981
v -0.06364062 -0.06611817 -0.00654794
v -0.06301562 -0.06611817 -0.01086434
v -0.06364062 -0.06611817 -0.00654794
v -0.06707814 -0.06322754 -0.00691903
v -0.06707814 -0.06322754 -0.00691903
v -0.06364062 -0.06611817 -0.00654794
v -0.06739064 -0.06322754 -0.00230966
v -0.06739064 -0.06322754 -0.00230966
v -0.07067189 -0.06002441 -0.00242684
v -0.06739064 -0.06322754 -0.00230966
v -0.07067189 -0.06002441 0.00241691
v -0.07067189 -0.06002441 0.00241691
v -0.07364064 -0.05653808 0.00251456
v -0.07067189 -0.06002441 0.00241691
v -0.07332814 -0.05653808 0.00755363
v -0.05926562 -0.06867676 -0.01021981
v -0.05457812 -0.07087403 -0.01328622
v -0.05535937 -0.07087403 -0.00953622
v -0.04317187 -0.07517090 -0.00146981
v -0.04301562 -0.07517090 -0.00439950
v -0.03848437 -0.07579590 -0.00393075
v -0.03848437 -0.07579590 -0.00393075
v -0.04301562 -0.07517090 -0.00439950
v -0.03817187 -0.07579590 -0.00652841
v -0.05926562 -0.06867676 -0.01021981
v -0.05535937 -0.07087403 -0.00953622
v -0.05989062 -0.06867676 -0.00615731
v -0.05989062 -0.06867676 -0.00615731
v -0.05535937 -0.07087403 -0.00953622
v -0.05582812 -0.07087403 -0.00574716
v -0.05989062 -0.06867676 -0.00615731
v -0.05582812 -0.07087403 -0.00574716
v -0.06020312 -0.06867676 -0.00205575
v -0.05614062 -0.07087403 -0.00191903
v -0.06020312 -0.06867676 -0.00205575
v -0.05614062 -0.07087403 -0.00191903
v -0.06020312 -0.06867676 0.00204581
v -0.05614062 -0.07087403 0.00190909
v -0.06020312 -0.06867676 0.00204581
v -0.05614062 -0.07087403 0.00190909
v -0.05989062 -0.06867676 0.00614738
v -0.05582812 -0.07087403 0.00573722
v -0.05989062 -0.06867676 0.00614738
v -0.05582812 -0.07087403 0.00573722
v -0.05926562 -0.06867676 0.01020987
v -0.05926562 -0.06867676 0.01020987
v -0.05582812 -0.07087403 0.00573722
v -0.05535937 -0.07087403 0.00952628
v -0.05926562 -0.06867676 0.01020987
v -0.05535937 -0.07087403 0.00952628
v -0.05848437 -0.06867676 0.01423331
v -0.05848437 -0.06867676 0.01423331
v -0.05535937 -0.07087403 0.00952628
v -0.05457812 -0.07087403 0.01327628
v -0.05848437 -0.06867676 0.01423331
v -0.05457812 -0.07087403 0.01327628
v -0.05739062 -0.06867676 0.01817863
v -0.05739062 -0.06867676 0.01817863
v -0.05457812 -0.07087403 0.01327628
v -0.05348437 -0.07087403 0.01694816
v -0.05739062 -0.06867676 0.01817863
v -0.05348437 -0.07087403 0.01694816
v -0.05598437 -0.06867676 0.02204581
v -0.05598437 -0.06867676 0.02204581
v -0.05348437 -0.07087403 0.01694816
v -0.05223437 -0.07087403 0.02056144
v -0.05598437 -0.06867676 0.02204581
v -0.05223437 -0.07087403 0.02056144
v -0.05426562 -0.06867676 0.02579581
v -0.05067187 -0.07087403 0.02405753
v -0.05426562 -0.06867676 0.02579581
v -0.05067187 -0.07087403 0.02405753
v -0.05239062 -0.06867676 0.02942863
v -0.05239062 -0.06867676 0.02942863
v -0.05067187 -0.07087403 0.02405753
v -0.04895312 -0.07087403 0.02745597
v -0.05239062 -0.06867676 0.02942863
v -0.04895312 -0.07087403 0.02745597
v -0.05020312 -0.06867676 0.03294425
v -0.04692187 -0.07087403 0.03071769
v -0.05020312 -0.06867676 0.03294425
v -0.04692187 -0.07087403 0.03071769
v -0.04785937 -0.06867676 0.03626456
v -0.04785937 -0.06867676 0.03626456
v -0.04692187 -0.07087403 0.03071769
v -0.04457812 -0.07087403 0.03382315
v -0.04785937 -0.06867676 0.03626456
v -0.04457812 -0.07087403 0.03382315
v -0.04520312 -0.06867676 0.03942862
v -0.05926562 -0.06867676 -0.01021981
v -0.05989062 -0.06867676 -0.00615731
v -0.06364062 -0.06611817 -0.00654794
v -0.06364062 -0.06611817 -0.00654794
v -0.05989062 -0.06867676 -0.00615731
v -0.06395312 -0.06611817 -0.00219247
v -0.06364062 -0.06611817 -0.00654794
v -0.06395312 -0.06611817 -0.00219247
v -0.06739064 -0.06322754 -0.00230966
v -0.06739064 -0.06322754 -0.00230966
v -0.06395312 -0.06611817 -0.00219247
v -0.06739064 -0.06322754 0.00229972
v -0.06739064 -0.06322754 0.00229972
v -0.07067189 -0.06002441 0.00241691
v -0.06739064 -0.06322754 0.00229972
v -0.07035939 -0.06002441 0.00724113
v -0.07035939 -0.06002441 0.00724113
v -0.07332814 -0.05653808 0.00755363
v -0.07035939 -0.06002441 0.00724113
v -0.07254689 -0.05653808 0.01253409
v -0.06020312 -0.06867676 -0.00205575
v -0.04317187 -0.07517090 0.00145988
v -0.04317187 -0.07517090 -0.00146981
v -0.03864062 -0.07579590 -0.00131356
v -0.03864062 -0.07579590 -0.00131356
v -0.06395312 -0.06611817 -0.00219247
v -0.06020312 -0.06867676 -0.00205575
v -0.06395312 -0.06611817 0.00218253
v -0.06020312 -0.06867676 0.00204581
v -0.06395312 -0.06611817 0.00218253
v -0.06020312 -0.06867676 0.00204581
v -0.06364062 -0.06611817 0.00653800
v -0.05989062 -0.06867676 0.00614738
v -0.06364062 -0.06611817 0.00653800
v -0.05989062 -0.06867676 0.00614738
v -0.06301562 -0.06611817 0.01085441
v -0.06301562 -0.06611817 0.01085441
v -0.05989062 -0.06867676 0.00614738
v -0.05926562 -0.06867676 0.01020987
v -0.06301562 -0.06611817 0.01085441
v -0.05926562 -0.06867676 0.01020987
v -0.06207812 -0.06611817 0.01513175
v -0.06207812 -0.06611817 0.01513175
v -0.05926562 -0.06867676 0.01020987
v -0.05848437 -0.06867676 0.01423331
v -0.06207812 -0.06611817 0.01513175
v -0.05848437 -0.06867676 0.01423331
v -0.06098437 -0.06611817 0.01933097
v -0.06098437 -0.06611817 0.01933097
v -0.05848437 -0.06867676 0.01423331
v -0.05739062 -0.06867676 0.01817863
v -0.06098437 -0.06611817 0.01933097
v -0.05739062 -0.06867676 0.01817863
v -0.05942187 -0.06611817 0.02345206
v -0.05942187 -0.06611817 0.02345206
v -0.05739062 -0.06867676 0.01817863
v -0.05598437 -0.06867676 0.02204581
v -0.05942187 -0.06611817 0.02345206
v -0.05598437 -0.06867676 0.02204581
v -0.05770312 -0.06611817 0.02743644
v -0.05770312 -0.06611817 0.02743644
v -0.05598437 -0.06867676 0.02204581
v -0.05426562 -0.06867676 0.02579581
v -0.05770312 -0.06611817 0.02743644
v -0.05426562 -0.06867676 0.02579581
v -0.05567187 -0.06611817 0.03130363
v -0.05567187 -0.06611817 0.03130363
v -0.05426562 -0.06867676 0.02579581
v -0.05239062 -0.06867676 0.02942863
v -0.05567187 -0.06611817 0.03130363
v -0.05239062 -0.06867676 0.02942863
v -0.05332812 -0.06611817 0.03503409
v -0.05332812 -0.06611817 0.03503409
v -0.05239062 -0.06867676 0.02942863
v -0.05020312 -0.06867676 0.03294425
v -0.05332812 -0.06611817 0.03503409
v -0.05020312 -0.06867676 0.03294425
v -0.05082812 -0.06611817 0.03856925
v -0.04785937 -0.06867676 0.03626456
v -0.05082812 -0.06611817 0.03856925
v -0.04785937 -0.06867676 0.03626456
v -0.04801562 -0.06611817 0.04194815
v -0.04520312 -0.06867676 0.03942862
v -0.04801562 -0.06611817 0.04194815
v -0.04317187 -0.07517090 0.00145988
v -0.06364062 -0.06611817 0.00653800
v -0.06707814 -0.06322754 0.00690909
v -0.06395312 -0.06611817 0.00218253
v -0.06395312 -0.06611817 0.00218253
v -0.06707814 -0.06322754 0.00690909
v -0.06739064 -0.06322754 0.00229972
v -0.06395312 -0.06611817 0.00218253
v -0.06707814 -0.06322754 0.00690909
v -0.07035939 -0.06002441 0.00724113
v -0.06707814 -0.06322754 0.00690909
v -0.06973439 -0.06002441 0.01202628
v -0.07035939 -0.06002441 0.00724113
v -0.06973439 -0.06002441 0.01202628
v -0.07254689 -0.05653808 0.01253409
v -0.07254689 -0.05653808 0.01253409
v -0.06973439 -0.06002441 0.01202628
v -0.07160939 -0.05653808 0.01747550
v -0.06707814 -0.06322754 0.00690909
v -0.06364062 -0.06611817 0.00653800
v -0.06645314 -0.06322754 0.01147941
v -0.06645314 -0.06322754 0.01147941
v -0.06364062 -0.06611817 0.00653800
v -0.06301562 -0.06611817 0.01085441
v -0.06645314 -0.06322754 0.01147941
v -0.06301562 -0.06611817 0.01085441
v -0.06551564 -0.06322754 0.01599112
v -0.06551564 -0.06322754 0.01599112
v -0.06301562 -0.06611817 0.01085441
v -0.06207812 -0.06611817 0.01513175
v -0.06551564 -0.06322754 0.01599112
v -0.06207812 -0.06611817 0.01513175
v -0.06426564 -0.06322754 0.02042472
v -0.06426564 -0.06322754 0.02042472
v -0.06207812 -0.06611817 0.01513175
v -0.06098437 -0.06611817 0.01933097
v -0.06426564 -0.06322754 0.02042472
v -0.06098437 -0.06611817 0.01933097
v -0.06270312 -0.06322754 0.02476066
v -0.06270312 -0.06322754 0.02476066
v -0.06098437 -0.06611817 0.01933097
v -0.05942187 -0.06611817 0.02345206
v -0.06270312 -0.06322754 0.02476066
v -0.05942187 -0.06611817 0.02345206
v -0.06082812 -0.06322754 0.02897941
v -0.06082812 -0.06322754 0.02897941
v -0.05942187 -0.06611817 0.02345206
v -0.05770312 -0.06611817 0.02743644
v -0.06082812 -0.06322754 0.02897941
v -0.05770312 -0.06611817 0.02743644
v -0.05864062 -0.06322754 0.03306143
v -0.05864062 -0.06322754 0.03306143
v -0.05770312 -0.06611817 0.02743644
v -0.05567187 -0.06611817 0.03130363
v -0.05864062 -0.06322754 0.03306143
v -0.05567187 -0.06611817 0.03130363
v -0.05629687 -0.06322754 0.03698722
v -0.05629687 -0.06322754 0.03698722
v -0.05567187 -0.06611817 0.03130363
v -0.05332812 -0.06611817 0.03503409
v -0.05629687 -0.06322754 0.03698722
v -0.05332812 -0.06611817 0.03503409
v -0.05364062 -0.06322754 0.04073722
v -0.05082812 -0.06611817 0.03856925
v -0.05364062 -0.06322754 0.04073722
v -0.05082812 -0.06611817 0.03856925
v -0.05067187 -0.06322754 0.04429190
v -0.05067187 -0.06322754 0.04429190
v -0.05082812 -0.06611817 0.03856925
v -0.04801562 -0.06611817 0.04194815
v -0.05067187 -0.06322754 0.04429190
v -0.04801562 -0.06611817 0.04194815
v -0.04754687 -0.06322754 0.04763175
v -0.04754687 -0.06322754 0.04763175
v -0.04801562 -0.06611817 0.04194815
v -0.04504687 -0.06611817 0.04511222
v -0.04754687 -0.06322754 0.04763175
v -0.04504687 -0.06611817 0.04511222
v -0.04410937 -0.06322754 0.05073722
v -0.03864062 -0.07579590 0.00130363
v -0.06645314 -0.06322754 0.01147941
v -0.06973439 -0.06002441 0.01202628
v -0.06645314 -0.06322754 0.01147941
v -0.06864064 -0.06002441 0.01677238
v -0.06973439 -0.06002441 0.01202628
v -0.06864064 -0.06002441 0.01677238
v -0.07160939 -0.05653808 0.01747550
v -0.07160939 -0.05653808 0.01747550
v -0.06864064 -0.06002441 0.01677238
v -0.07020314 -0.05653808 0.02231925
v -0.06864064 -0.06002441 0.01677238
v -0.06645314 -0.06322754 0.01147941
v -0.06551564 -0.06322754 0.01599112
v -0.03692187 -0.07579590 0.01159659
v -0.04114062 -0.07517090 0.01298331
v -0.03754687 -0.07579590 0.00907706
v -0.03754687 -0.07579590 0.00907706
v -0.04192187 -0.07517090 0.01017081
v -0.03754687 -0.07579590 0.00907706
v -0.04192187 -0.07517090 0.01017081
v -0.03817187 -0.07579590 0.00651847
v -0.06864064 -0.06002441 0.01677238
v -0.06551564 -0.06322754 0.01599112
v -0.06739064 -0.06002441 0.02142081
v -0.06739064 -0.06002441 0.02142081
v -0.06551564 -0.06322754 0.01599112
v -0.06426564 -0.06322754 0.02042472
v -0.06739064 -0.06002441 0.02142081
v -0.06426564 -0.06322754 0.02042472
v -0.06567189 -0.06002441 0.02597159
v -0.06567189 -0.06002441 0.02597159
v -0.06426564 -0.06322754 0.02042472
v -0.06270312 -0.06322754 0.02476066
v -0.06567189 -0.06002441 0.02597159
v -0.06270312 -0.06322754 0.02476066
v -0.06379687 -0.06002441 0.03038566
v -0.06379687 -0.06002441 0.03038566
v -0.06270312 -0.06322754 0.02476066
v -0.06082812 -0.06322754 0.02897941
v -0.06379687 -0.06002441 0.03038566
v -0.06082812 -0.06322754 0.02897941
v -0.06160937 -0.06002441 0.03468253
v -0.06160937 -0.06002441 0.03468253
v -0.06082812 -0.06322754 0.02897941
v -0.05864062 -0.06322754 0.03306143
v -0.06160937 -0.06002441 0.03468253
v -0.05864062 -0.06322754 0.03306143
v -0.05895312 -0.06002441 0.03880362
v -0.05895312 -0.06002441 0.03880362
v -0.05864062 -0.06322754 0.03306143
v -0.05629687 -0.06322754 0.03698722
v -0.05895312 -0.06002441 0.03880362
v -0.05629687 -0.06322754 0.03698722
v -0.05614062 -0.06002441 0.04272940
v -0.05614062 -0.06002441 0.04272940
v -0.05629687 -0.06322754 0.03698722
v -0.05364062 -0.06322754 0.04073722
v -0.05614062 -0.06002441 0.04272940
v -0.05364062 -0.06322754 0.04073722
v -0.05317187 -0.06002441 0.04644034
v -0.05317187 -0.06002441 0.04644034
v -0.05364062 -0.06322754 0.04073722
v -0.05067187 -0.06322754 0.04429190
v -0.05317187 -0.06002441 0.04644034
v -0.05067187 -0.06322754 0.04429190
v -0.04973437 -0.06002441 0.04995597
v -0.04973437 -0.06002441 0.04995597
v -0.05067187 -0.06322754 0.04429190
v -0.04754687 -0.06322754 0.04763175
v -0.04973437 -0.06002441 0.04995597
v -0.04754687 -0.06322754 0.04763175
v -0.04614062 -0.06002441 0.05321768
v -0.04754687 -0.06322754 0.04763175
v -0.04410937 -0.06322754 0.05073722
v -0.06848439 -0.05653808 0.02706534
v -0.07020314 -0.05653808 0.02231925
v -0.06739064 -0.06002441 0.02142081
v -0.06739064 -0.06002441 0.02142081
v -0.07020314 -0.05653808 0.02231925
v -0.06864064 -0.06002441 0.01677238
v -0.06848439 -0.05653808 0.02706534
v -0.06739064 -0.06002441 0.02142081
v -0.06567189 -0.06002441 0.02597159
v -0.03895312 -0.07517090 0.01843253
v -0.04020312 -0.07517090 0.01573722
v -0.03598437 -0.07579590 0.01405753
v -0.06645314 -0.05653808 0.03167472
v -0.06848439 -0.05653808 0.02706534
v -0.06567189 -0.06002441 0.02597159
v -0.06645314 -0.05653808 0.03167472
v -0.06567189 -0.06002441 0.02597159
v -0.06379687 -0.06002441 0.03038566
v -0.03364062 -0.07579590 0.01878409
v -0.03754687 -0.07517090 0.02103019
v -0.03489062 -0.07579590 0.01645988
v -0.03895312 -0.07517090 0.01843253
v -0.03489062 -0.07579590 0.01645988
v -0.03614062 -0.07517090 0.02353019
v -0.06645314 -0.05653808 0.03167472
v -0.06379687 -0.06002441 0.03038566
v -0.06410939 -0.05653808 0.03614737
v -0.06410939 -0.05653808 0.03614737
v -0.06379687 -0.06002441 0.03038566
v -0.06160937 -0.06002441 0.03468253
v -0.06410939 -0.05653808 0.03614737
v -0.06160937 -0.06002441 0.03468253
v -0.06145312 -0.05653808 0.04042472
v -0.06145312 -0.05653808 0.04042472
v -0.06160937 -0.06002441 0.03468253
v -0.05895312 -0.06002441 0.03880362
v -0.06145312 -0.05653808 0.04042472
v -0.05895312 -0.06002441 0.03880362
v -0.05848437 -0.05653808 0.04452628
v -0.05848437 -0.05653808 0.04452628
v -0.05895312 -0.06002441 0.03880362
v -0.05614062 -0.06002441 0.04272940
v -0.05848437 -0.05653808 0.04452628
v -0.05614062 -0.06002441 0.04272940
v -0.05535937 -0.05653808 0.04841300
v -0.05535937 -0.05653808 0.04841300
v -0.05614062 -0.06002441 0.04272940
v -0.05317187 -0.06002441 0.04644034
v -0.05535937 -0.05653808 0.04841300
v -0.05317187 -0.06002441 0.04644034
v -0.05176562 -0.05653808 0.05206534
v -0.05176562 -0.05653808 0.05206534
v -0.05317187 -0.06002441 0.04644034
v -0.04973437 -0.06002441 0.04995597
v -0.05176562 -0.05653808 0.05206534
v -0.04973437 -0.06002441 0.04995597
v -0.04817187 -0.05653808 0.05546378
v -0.04817187 -0.05653808 0.05546378
v -0.04973437 -0.06002441 0.04995597
v -0.04614062 -0.06002441 0.05321768
v -0.03785937 -0.07413575 0.02860831
v -0.03582812 -0.07413575 0.03110831
v -0.03910937 -0.07270021 0.03399893
v -0.03785937 -0.07413575 0.02860831
v -0.03785937 -0.07413575 0.02860831
v -0.03910937 -0.07270021 0.03399893
v -0.04129687 -0.07270021 0.03126456
v -0.03910937 -0.07270021 0.03399893
v -0.01754688 0.02920410 0.05849112
v -0.01754688 0.02920410 0.06849113
v -0.01614063 0.02764160 0.05349112
v -0.01614063 0.02764160 0.05349112
v -0.01754688 0.02920410 0.06849113
v -0.01567187 0.02729004 0.06849113
v -0.01614063 0.02764160 0.05349112
v -0.01567187 0.02729004 0.06849113
v -0.01395312 0.02594238 0.05349112
v -0.01395312 0.02594238 0.05349112
v -0.01567187 0.02729004 0.06849113
v -0.01348437 0.02568848 0.06849113
v -0.01395312 0.02594238 0.05349112
v -0.01348437 0.02568848 0.06849113
v -0.01145312 0.02458496 0.05349112
v -0.01114062 0.02440918 0.06849113
v -0.01145312 0.02458496 0.05349112
v -0.01114062 0.02440918 0.06849113
v -0.00879688 0.02359863 0.05349112
v -0.00879688 0.02359863 0.05349112
v -0.01114062 0.02440918 0.06849113
v -0.00848438 0.02349121 0.06849113
v -0.00879688 0.02359863 0.05349112
v -0.00848438 0.02349121 0.06849113
v -0.00614063 0.02299316 0.05349112
v -0.00614063 0.02299316 0.05349112
v -0.00848438 0.02349121 0.06849113
v -0.00582813 0.02294434 0.06849113
v -0.00614063 0.02299316 0.05349112
v -0.00582813 0.02294434 0.06849113
v -0.00332813 0.02278809 0.05349112
v -0.00332813 0.02278809 0.05349112
v -0.00582813 0.02294434 0.06849113
v -0.00317188 0.02278809 0.06849113
v -0.00332813 0.02278809 0.05349112
v -0.00317188 0.02278809 0.06849113
v -0.00067188 0.02299316 0.05349112
v -0.00067188 0.02299316 0.05349112
v -0.00317188 0.02278809 0.06849113
v -0.00035938 0.02303223 0.06849113
v -0.00067188 0.02299316 0.05349112
v -0.00035938 0.02303223 0.06849113
v 0.00214063 0.02359863 0.05349112
v 0.00214063 0.02359863 0.05349112
v -0.00035938 0.02303223 0.06849113
v 0.00229688 0.02364746 0.06849113
v 0.00214063 0.02359863 0.05349112
v 0.00229688 0.02364746 0.06849113
v 0.00464063 0.02458496 0.05349112
v 0.00479688 0.02464356 0.06849113
v 0.00464063 0.02458496 0.05349112
v 0.00479688 0.02464356 0.06849113
v 0.00714063 0.02594238 0.05349112
v 0.00714063 0.02594238 0.05349112
v 0.00479688 0.02464356 0.06849113
v 0.00714063 0.02600098 0.06849113
v 0.00714063 0.02594238 0.05349112
v 0.00714063 0.02600098 0.06849113
v 0.00870313 0.02715332 0.06849113
v 0.00714063 0.02594238 0.05349112
v 0.00870313 0.02715332 0.06849113
v 0.00932813 0.02764160 0.05349112
v 0.00932813 0.02764160 0.05349112
v 0.00870313 0.02715332 0.06849113
v 0.00979688 0.02809082 0.06845208
v 0.00932813 0.02764160 0.05349112
v 0.00979688 0.02809082 0.06845208
v 0.01120312 0.02963379 0.05349112
v 0.01120312 0.02963379 0.05349112
v 0.00979688 0.02809082 0.06845208
v 0.01104687 0.02939941 0.06837394
v 0.01120312 0.02963379 0.05349112
v 0.01104687 0.02939941 0.06837394
v 0.01214062 0.03089356 0.06825676
v 0.01120312 0.02963379 0.05349112
v 0.01214062 0.03089356 0.06825676
v 0.01276562 0.03188965 0.05349112
v 0.01276562 0.03188965 0.05349112
v 0.01214062 0.03089356 0.06825676
v 0.01323437 0.03251465 0.06806144
v 0.01276562 0.03188965 0.05349112
v 0.01323437 0.03251465 0.06806144
v 0.01401562 0.03436035 0.05349112
v 0.01401562 0.03436035 0.05349112
v 0.01323437 0.03251465 0.06806144
v 0.01401562 0.03423340 0.06780754
v 0.01401562 0.03436035 0.05349112
v 0.01401562 0.03423340 0.06780754
v 0.01464062 0.03601074 0.06747551
v 0.01401562 0.03436035 0.05349112
v 0.01464062 0.03601074 0.06747551
v 0.01495312 0.03698730 0.05349112
v 0.01495312 0.03698730 0.05349112
v 0.01464062 0.03601074 0.06747551
v 0.01526562 0.03822754 0.06698722
v 0.01495312 0.03698730 0.05349112
v 0.01526562 0.03822754 0.06698722
v 0.01542187 0.03971191 0.05349112
v 0.01542187 0.03971191 0.05349112
v 0.01526562 0.03822754 0.06698722
v 0.01557812 0.04003418 0.06647941
v 0.01542187 0.03971191 0.05349112
v 0.01557812 0.04003418 0.06647941
v 0.01557812 0.04179199 0.06593254
v 0.01542187 0.03971191 0.05349112
v 0.01557812 0.04179199 0.06593254
v 0.01557812 0.04248535 0.05349112
v 0.01557812 0.04248535 0.05349112
v 0.01557812 0.04179199 0.06593254
v 0.01557812 0.04329590 0.06540519
v 0.01557812 0.04248535 0.05349112
v 0.01557812 0.04329590 0.06540519
v 0.01526562 0.04523926 0.05349112
v 0.01526562 0.04523926 0.05349112
v 0.01557812 0.04329590 0.06540519
v 0.01526562 0.04528808 0.06462394
v 0.01526562 0.04523926 0.05349112
v 0.01526562 0.04528808 0.06462394
v 0.01479687 0.04724121 0.06376456
v 0.01464062 0.04792480 0.05349112
v 0.01464062 0.04792480 0.05349112
v 0.01479687 0.04724121 0.06376456
v 0.01417187 0.04911621 0.06282706
v 0.01464062 0.04792480 0.05349112
v 0.01417187 0.04911621 0.06282706
v 0.01354687 0.05047363 0.05349112
v 0.01354687 0.05047363 0.05349112
v 0.01417187 0.04911621 0.06282706
v 0.01323437 0.05089355 0.06185050
v 0.01354687 0.05047363 0.05349112
v 0.01323437 0.05089355 0.06185050
v 0.01229687 0.05253418 0.06087393
v 0.01354687 0.05047363 0.05349112
v 0.01229687 0.05253418 0.06087393
v 0.01198437 0.05284668 0.05349112
v 0.01198437 0.05284668 0.05349112
v 0.01229687 0.05253418 0.06087393
v 0.01120312 0.05401855 0.05991690
v 0.01198437 0.05284668 0.05349112
v 0.01120312 0.05401855 0.05991690
v 0.01026562 0.05497558 0.05349112
v 0.01026562 0.05497558 0.05349112
v 0.01120312 0.05401855 0.05991690
v 0.00995313 0.05534668 0.05897940
v 0.01026562 0.05497558 0.05349112
v 0.00995313 0.05534668 0.05897940
v 0.00870313 0.05645996 0.05813956
v 0.00823438 0.05683105 0.05349112
v 0.00823438 0.05683105 0.05349112
v 0.00870313 0.05645996 0.05813956
v 0.00729688 0.05751465 0.05729972
v 0.00823438 0.05683105 0.05349112
v 0.00729688 0.05751465 0.05729972
v 0.00589063 0.05836426 0.05349112
v 0.00589063 0.05836426 0.05349112
v 0.00729688 0.05751465 0.05729972
v 0.00573438 0.05846191 0.05651847
v 0.00589063 0.05836426 0.05349112
v 0.00573438 0.05846191 0.05651847
v 0.00385938 0.05936035 0.05573722
v 0.00589063 0.05836426 0.05349112
v 0.00385938 0.05936035 0.05573722
v 0.00339063 0.05953613 0.05349112
v 0.00339063 0.05953613 0.05349112
v 0.00385938 0.05936035 0.05573722
v 0.00214063 0.05997558 0.05517081
v 0.00339063 0.05953613 0.05349112
v 0.00214063 0.05997558 0.05517081
v 0.00073438 0.06033691 0.05349112
v 0.00073438 0.06033691 0.05349112
v 0.00214063 0.05997558 0.05517081
v 0.00057813 0.06036621 0.05481925
v 0.00073438 0.06033691 0.05349112
v 0.00057813 0.06036621 0.05481925
v -0.00114063 0.06065918 0.05452628
v 0.00073438 0.06033691 0.05349112
v -0.00114063 0.06065918 0.05452628
v -0.00207813 0.06073730 0.05349112
v -0.00207813 0.06073730 0.05349112
v -0.00114063 0.06065918 0.05452628
v -0.00254688 0.06076660 0.05442862
v -0.00207813 0.06073730 0.05349112
v -0.00254688 0.06076660 0.05442862
v -0.00426563 0.06076660 0.05442862
v -0.00473438 0.06073730 0.05349112
v -0.00473438 0.06073730 0.05349112
v -0.00426563 0.06076660 0.05442862
v -0.00520313 0.06069824 0.05448722
v -0.00473438 0.06073730 0.05349112
v -0.00520313 0.06069824 0.05448722
v -0.00754688 0.06033691 0.05349112
v -0.00754688 0.06033691 0.05349112
v -0.00520313 0.06069824 0.05448722
v -0.00707813 0.06042480 0.05476065
v -0.00754688 0.06033691 0.05349112
v -0.00707813 0.06042480 0.05476065
v -0.00864063 0.06007324 0.05509268
v -0.00754688 0.06033691 0.05349112
v -0.00864063 0.06007324 0.05509268
v -0.01020312 0.05953613 0.05349112
v -0.01020312 0.05953613 0.05349112
v -0.00864063 0.06007324 0.05509268
v -0.01035937 0.05946777 0.05563956
v -0.01020312 0.05953613 0.05349112
v -0.01035937 0.05946777 0.05563956
v -0.01207812 0.05870605 0.05632315
v -0.01020312 0.05953613 0.05349112
v -0.01207812 0.05870605 0.05632315
v -0.01270312 0.05836426 0.05349112
v -0.01270312 0.05836426 0.05349112
v -0.01207812 0.05870605 0.05632315
v -0.01364062 0.05782715 0.05706534
v -0.01270312 0.05836426 0.05349112
v -0.01364062 0.05782715 0.05706534
v -0.01504687 0.05683105 0.05349112
v -0.01504687 0.05683105 0.05349112
v -0.01364062 0.05782715 0.05706534
v -0.01504687 0.05684082 0.05784659
v -0.01504687 0.05683105 0.05349112
v -0.01504687 0.05684082 0.05784659
v -0.01629688 0.05577637 0.05866690
v -0.01504687 0.05683105 0.05349112
v -0.01629688 0.05577637 0.05866690
v -0.01707813 0.05497558 0.05349112
v -0.01707813 0.05497558 0.05349112
v -0.01629688 0.05577637 0.05866690
v -0.01754688 0.05447754 0.05958487
v -0.01707813 0.05497558 0.05349112
v -0.01754688 0.05447754 0.05958487
v -0.01864063 0.05319824 0.05849112
v -0.01864063 0.05319824 0.06044425
v -0.01707813 0.05497558 0.05349112
v -0.01864063 0.05319824 0.05849112
v -0.01879688 0.05284668 0.05349112
v -0.01879688 0.05284668 0.05349112
v -0.01864063 0.05319824 0.05849112
v -0.01973438 0.05136230 0.05849112
v -0.01879688 0.05284668 0.05349112
v -0.01973438 0.05136230 0.05849112
v -0.02035938 0.05047363 0.05349112
v -0.02035938 0.05047363 0.05349112
v -0.01973438 0.05136230 0.05849112
v -0.02082813 0.04939941 0.05849112
v -0.02035938 0.05047363 0.05349112
v -0.02082813 0.04939941 0.05849112
v -0.02145313 0.04792480 0.05349112
v -0.02145313 0.04792480 0.05349112
v -0.02082813 0.04939941 0.05849112
v -0.02160938 0.04733887 0.05849112
v -0.02145313 0.04792480 0.05349112
v -0.02160938 0.04733887 0.05849112
v -0.02207813 0.04523926 0.05349112
v -0.02207813 0.04523926 0.05349112
v -0.02160938 0.04733887 0.05849112
v -0.02207813 0.04520019 0.05849112
v -0.02207813 0.04523926 0.05349112
v -0.02207813 0.04520019 0.05849112
v -0.02239063 0.04253418 0.06849113
v -0.02207813 0.04520019 0.06849113
v -0.02207813 0.04523926 0.05349112
v -0.02239063 0.04253418 0.06849113
v -0.02239063 0.04248535 0.05349112
v -0.02239063 0.04248535 0.05349112
v -0.02239063 0.04253418 0.06849113
v -0.02223438 0.03984863 0.06849113
v -0.02223438 0.03971191 0.05349112
v -0.02223438 0.03971191 0.05349112
v -0.02223438 0.03984863 0.06849113
v -0.02176563 0.03720215 0.06849113
v -0.02223438 0.03971191 0.05349112
v -0.02176563 0.03720215 0.06849113
v -0.02176563 0.03720215 0.05849112
v -0.02223438 0.03971191 0.05349112
v -0.02176563 0.03720215 0.05849112
v -0.02176563 0.03698730 0.05349112
v -0.02176563 0.03698730 0.05349112
v -0.02176563 0.03720215 0.05849112
v -0.02114063 0.03502441 0.05849112
v -0.02176563 0.03698730 0.05349112
v -0.02114063 0.03502441 0.05849112
v -0.02082813 0.03436035 0.05349112
v -0.02082813 0.03436035 0.05349112
v -0.02114063 0.03502441 0.05849112
v -0.02020313 0.03294433 0.05849112
v -0.02082813 0.03436035 0.05349112
v -0.02020313 0.03294433 0.05849112
v -0.01957813 0.03188965 0.05349112
v -0.01957813 0.03188965 0.05349112
v -0.02020313 0.03294433 0.05849112
v -0.01895313 0.03099121 0.05849112
v -0.01957813 0.03188965 0.05349112
v -0.01895313 0.03099121 0.05849112
v -0.01801563 0.02963379 0.05349112
v -0.01801563 0.02963379 0.05349112
v -0.01895313 0.03099121 0.05849112
v -0.01754688 0.02920410 0.05849112
v -0.01801563 0.02963379 0.05349112
v -0.01754688 0.02920410 0.05849112
v -0.01614063 0.02764160 0.05349112
v -0.00489063 0.05319824 -0.06045419
v -0.03035938 0.05319824 -0.05850106
v -0.04614062 0.05319824 -0.06045419
v -0.03489062 0.05319824 -0.05600106
v -0.03910937 0.05319824 -0.05314950
v -0.00489063 0.05319824 -0.05850106
v -0.04317187 0.05319824 -0.04994638
v -0.05051562 0.05319824 -0.05693856
v -0.04707812 0.05319824 -0.04646981
v -0.05457812 0.05319824 -0.05309091
v -0.05051562 0.05319824 -0.04268075
v -0.05832812 0.05319824 -0.04896981
v -0.05379687 0.05319824 -0.03863778
v -0.06176562 0.05319824 -0.04455575
v -0.05660937 0.05319824 -0.03434091
v -0.06489064 0.05319824 -0.03990731
v -0.05910937 0.05319824 -0.02984872
v -0.06770314 0.05319824 -0.03504403
v -0.06129687 0.05319824 -0.02516122
v -0.07004689 0.05319824 -0.02998544
v -0.06301562 0.05319824 -0.02031747
v -0.07207814 0.05319824 -0.02477059
v -0.06442189 0.05319824 -0.01535653
v -0.07379689 0.05319824 -0.01939950
v -0.06551564 0.05319824 -0.01027841
v -0.07504689 0.05319824 -0.01393075
v -0.06614064 0.05319824 -0.00516122
v -0.07582814 0.05319824 -0.00840341
v -0.07629689 0.05319824 -0.00279794
v -0.06629689 0.05319824 -0.00000497
v -0.07629689 0.05319824 0.00280753
v -0.06614064 0.05319824 0.00515128
v -0.07582814 0.05319824 0.00839347
v -0.07504689 0.05319824 0.01394034
v -0.06551564 0.05319824 0.01028800
v -0.07379689 0.05319824 0.01938956
v -0.06442189 0.05319824 0.01534659
v -0.07207814 0.05319824 0.02476066
v -0.06301562 0.05319824 0.02030753
v -0.07004689 0.05319824 0.02997550
v -0.06129687 0.05319824 0.02515128
v -0.06770314 0.05319824 0.03503409
v -0.05910937 0.05319824 0.02983878
v -0.06489064 0.05319824 0.03989737
v -0.05660937 0.05319824 0.03433097
v -0.06176562 0.05319824 0.04454581
v -0.05379687 0.05319824 0.03862784
v -0.05832812 0.05319824 0.04895987
v -0.05051562 0.05319824 0.04267081
v -0.05457812 0.05319824 0.05308097
v -0.04707812 0.05319824 0.04645987
v -0.05051562 0.05319824 0.05692862
v -0.04317187 0.05319824 0.04995597
v -0.04614062 0.05319824 0.06044425
v -0.03910937 0.05319824 0.05313956
v -0.03489062 0.05319824 0.05599112
v -0.03035938 0.05319824 0.05849112
v -0.01864063 0.05319824 0.06044425
v -0.01864063 0.05319824 0.05849112
v -0.00317188 0.03029785 -0.06832528
v -0.00317188 0.02992676 -0.06834481
v -0.00317188 0.03029785 -0.05850106
v -0.00317188 0.02920410 -0.05850106
v -0.00317188 0.02956543 -0.06838388
v -0.00317188 0.02920410 -0.06840342
v -0.00317188 0.02920410 -0.05850106
v -0.00317188 0.02920410 -0.06840342
v -0.03035938 0.02920410 -0.05850106
v -0.03285937 0.02920410 -0.06840342
v -0.03489062 0.02920410 -0.05600106
v -0.03770312 0.02920410 -0.06586434
v -0.03910937 0.02920410 -0.05314950
v -0.04254687 0.02920410 -0.06299325
v -0.04317187 0.02920410 -0.04994638
v -0.04692187 0.02920410 -0.05977059
v -0.04707812 0.02920410 -0.04646981
v -0.05129687 0.02920410 -0.05623544
v -0.05051562 0.02920410 -0.04268075
v -0.05520312 0.02920410 -0.05240731
v -0.05379687 0.02920410 -0.03863778
v -0.05895312 0.02920410 -0.04828622
v -0.05660937 0.02920410 -0.03434091
v -0.06223437 0.02920410 -0.04391122
v -0.05910937 0.02920410 -0.02984872
v -0.06535939 0.02920410 -0.03930184
v -0.06129687 0.02920410 -0.02516122
v -0.06801564 0.02920410 -0.03447763
v -0.06301562 0.02920410 -0.02031747
v -0.07035939 0.02920410 -0.02947763
v -0.07223439 0.02920410 -0.02430184
v -0.06442189 0.02920410 -0.01535653
v -0.07395314 0.02920410 -0.01900888
v -0.06551564 0.02920410 -0.01027841
v -0.07504689 0.02920410 -0.01361825
v -0.06614064 0.02920410 -0.00516122
v -0.07582814 0.02920410 -0.00814950
v -0.07629689 0.02920410 -0.00264169
v -0.06629689 0.02920410 -0.00000497
v -0.07629689 0.02920410 0.00288566
v -0.06614064 0.02920410 0.00515128
v -0.07582814 0.02920410 0.00839347
v -0.07504689 0.02920410 0.01386222
v -0.06551564 0.02920410 0.01028800
v -0.07379689 0.02920410 0.01925284
v -0.06442189 0.02920410 0.01534659
v -0.07223439 0.02920410 0.02452628
v -0.06301562 0.02920410 0.02030753
v -0.07020314 0.02920410 0.02968253
v -0.06785939 0.02920410 0.03468253
v -0.06129687 0.02920410 0.02515128
v -0.06520314 0.02920410 0.03948722
v -0.05910937 0.02920410 0.02983878
v -0.06207812 0.02920410 0.04409659
v -0.05660937 0.02920410 0.03433097
v -0.05879687 0.02920410 0.04847159
v -0.05379687 0.02920410 0.03862784
v -0.05504687 0.02920410 0.05257315
v -0.05051562 0.02920410 0.04267081
v -0.05098437 0.02920410 0.05640128
v -0.04707812 0.02920410 0.04645987
v -0.04676562 0.02920410 0.05991690
v -0.04317187 0.02920410 0.04995597
v -0.04223437 0.02920410 0.06312003
v -0.03910937 0.02920410 0.05313956
v -0.03754687 0.02920410 0.06599113
v -0.03489062 0.02920410 0.05599112
v -0.03270312 0.02920410 0.06849113
v -0.03035938 0.02920410 0.05849112
v -0.01754688 0.02920410 0.06849113
v -0.01754688 0.02920410 0.05849112
v -0.03285937 0.02864746 -0.06844247
v -0.03270312 0.01132324 -0.06850106
v -0.03285937 0.02920410 -0.06840342
v -0.03285937 0.02920410 -0.06840342
v -0.03270312 0.01132324 -0.06850106
v -0.03379687 0.01057129 -0.06797372
v -0.03285937 0.02920410 -0.06840342
v -0.03379687 0.01057129 -0.06797372
v -0.03473437 0.00967285 -0.06746592
v -0.03285937 0.02864746 -0.06844247
v -0.03270312 0.02600098 -0.06850106
v -0.03270312 0.01132324 -0.06850106
v -0.03473437 0.00967285 -0.06746592
v -0.03567187 0.00863770 -0.06701670
v -0.03285937 0.02920410 -0.06840342
v -0.03567187 0.00863770 -0.06701670
v -0.03770312 0.02920410 -0.06586434
v -0.03770312 0.02920410 -0.06586434
v -0.03567187 0.00863770 -0.06701670
v -0.03645312 0.00746582 -0.06662606
v -0.03770312 0.02920410 -0.06586434
v -0.03645312 0.00746582 -0.06662606
v -0.03707812 0.00618652 -0.06629403
v -0.03707812 0.00618652 -0.06629403
v -0.03739062 0.00481934 -0.06604013
v -0.03770312 0.02920410 -0.06586434
v -0.03770312 0.02920410 -0.06586434
v -0.03739062 0.00481934 -0.06604013
v -0.03770312 0.00340332 -0.06590341
v -0.03770312 0.02920410 -0.06586434
v -0.03770312 0.00340332 -0.06590341
v -0.03785937 0.00194824 -0.06584481
v -0.03770312 0.00049316 -0.06588388
v -0.03770312 -0.02880371 -0.06590341
v -0.03785937 0.00194824 -0.06584481
v -0.03785937 0.00194824 -0.06584481
v -0.03770312 -0.02880371 -0.06590341
v -0.04239062 -0.02880371 -0.06303231
v -0.04254687 0.02920410 -0.06299325
v -0.04254687 0.02920410 -0.06299325
v -0.04239062 -0.02880371 -0.06303231
v -0.04692187 -0.02880371 -0.05980966
v -0.04254687 0.02920410 -0.06299325
v -0.04692187 -0.02880371 -0.05980966
v -0.04692187 0.02920410 -0.05977059
v -0.04692187 0.02920410 -0.05977059
v -0.04692187 -0.02880371 -0.05980966
v -0.05114062 -0.02880371 -0.05627450
v -0.04692187 0.02920410 -0.05977059
v -0.05114062 -0.02880371 -0.05627450
v -0.05129687 0.02920410 -0.05623544
v -0.05129687 0.02920410 -0.05623544
v -0.05114062 -0.02880371 -0.05627450
v -0.05520312 -0.02880371 -0.05244638
v -0.05129687 0.02920410 -0.05623544
v -0.05520312 -0.02880371 -0.05244638
v -0.05520312 0.02920410 -0.05240731
v -0.05520312 0.02920410 -0.05240731
v -0.05520312 -0.02880371 -0.05244638
v -0.05879687 -0.02880371 -0.04832528
v -0.05520312 0.02920410 -0.05240731
v -0.05879687 -0.02880371 -0.04832528
v -0.05895312 0.02920410 -0.04828622
v -0.05895312 0.02920410 -0.04828622
v -0.05879687 -0.02880371 -0.04832528
v -0.06223437 -0.02880371 -0.04395028
v -0.05895312 0.02920410 -0.04828622
v -0.06223437 -0.02880371 -0.04395028
v -0.06223437 0.02920410 -0.04391122
v -0.06223437 0.02920410 -0.04391122
v -0.06223437 -0.02880371 -0.04395028
v -0.06520314 -0.02880371 -0.03934091
v -0.06223437 0.02920410 -0.04391122
v -0.06520314 -0.02880371 -0.03934091
v -0.06535939 0.02920410 -0.03930184
v -0.06535939 0.02920410 -0.03930184
v -0.06520314 -0.02880371 -0.03934091
v -0.06801564 -0.02880371 -0.03451669
v -0.06535939 0.02920410 -0.03930184
v -0.06801564 -0.02880371 -0.03451669
v -0.06801564 0.02920410 -0.03447763
v -0.06801564 0.02920410 -0.03447763
v -0.06801564 -0.02880371 -0.03451669
v -0.07035939 -0.02880371 -0.02951669
v -0.07035939 0.02920410 -0.02947763
v -0.07035939 0.02920410 -0.02947763
v -0.07035939 -0.02880371 -0.02951669
v -0.07223439 -0.02880371 -0.02434091
v -0.07223439 0.02920410 -0.02430184
v -0.07223439 0.02920410 -0.02430184
v -0.07223439 -0.02880371 -0.02434091
v -0.07395314 -0.02880371 -0.01904794
v -0.07395314 0.02920410 -0.01900888
v -0.07395314 0.02920410 -0.01900888
v -0.07395314 -0.02880371 -0.01904794
v -0.07504689 -0.02880371 -0.01365731
v -0.07504689 0.02920410 -0.01361825
v -0.07504689 0.02920410 -0.01361825
v -0.07504689 -0.02880371 -0.01365731
v -0.07582814 -0.02880371 -0.00818856
v -0.07582814 0.02920410 -0.00814950
v -0.07582814 0.02920410 -0.00814950
v -0.07582814 -0.02880371 -0.00818856
v -0.07629689 -0.02880371 -0.00268075
v -0.07629689 0.02920410 -0.00264169
v -0.07629689 0.02920410 -0.00264169
v -0.07629689 -0.02880371 -0.00268075
v -0.07629689 -0.02880371 0.00284659
v -0.07629689 0.02920410 0.00288566
v -0.07629689 0.02920410 0.00288566
v -0.07629689 -0.02880371 0.00284659
v -0.07582814 -0.02880371 0.00835441
v -0.07582814 0.02920410 0.00839347
v -0.07582814 0.02920410 0.00839347
v -0.07582814 -0.02880371 0.00835441
v -0.07504689 -0.02880371 0.01382316
v -0.07504689 0.02920410 0.01386222
v -0.07504689 0.02920410 0.01386222
v -0.07504689 -0.02880371 0.01382316
v -0.07379689 -0.02880371 0.01921378
v -0.07379689 0.02920410 0.01925284
v -0.07379689 0.02920410 0.01925284
v -0.07379689 -0.02880371 0.01921378
v -0.07223439 -0.02880371 0.02450675
v -0.07223439 0.02920410 0.02452628
v -0.07223439 0.02920410 0.02452628
v -0.07223439 -0.02880371 0.02450675
v -0.07020314 -0.02880371 0.02966300
v -0.07020314 0.02920410 0.02968253
v -0.07020314 0.02920410 0.02968253
v -0.07020314 -0.02880371 0.02966300
v -0.06785939 -0.02880371 0.03466300
v -0.06785939 0.02920410 0.03468253
v -0.06785939 0.02920410 0.03468253
v -0.06785939 -0.02880371 0.03466300
v -0.06520314 -0.02880371 0.03948722
v -0.06520314 0.02920410 0.03948722
v -0.06520314 0.02920410 0.03948722
v -0.06520314 -0.02880371 0.03948722
v -0.06207812 -0.02880371 0.04409659
v -0.06207812 0.02920410 0.04409659
v -0.06207812 0.02920410 0.04409659
v -0.06207812 -0.02880371 0.04409659
v -0.05879687 -0.02880371 0.04845206
v -0.05879687 0.02920410 0.04847159
v -0.05879687 0.02920410 0.04847159
v -0.05879687 -0.02880371 0.04845206
v -0.05504687 -0.02880371 0.05255362
v -0.05504687 0.02920410 0.05257315
v -0.05504687 0.02920410 0.05257315
v -0.05504687 -0.02880371 0.05255362
v -0.05098437 -0.02880371 0.05638175
v -0.05098437 0.02920410 0.05640128
v -0.05098437 0.02920410 0.05640128
v -0.05098437 -0.02880371 0.05638175
v -0.04676562 -0.02880371 0.05991690
v -0.04676562 0.02920410 0.05991690
v -0.04676562 0.02920410 0.05991690
v -0.04676562 -0.02880371 0.05991690
v -0.04223437 -0.02880371 0.06312003
v -0.04223437 0.02920410 0.06312003
v -0.04223437 0.02920410 0.06312003
v -0.04223437 -0.02880371 0.06312003
v -0.03754687 -0.02880371 0.06599113
v -0.03754687 0.02920410 0.06599113
v -0.03754687 0.02920410 0.06599113
v -0.03754687 -0.02880371 0.06599113
v -0.03270312 -0.00000488 0.06849113
v -0.03270312 0.02920410 0.06849113
v -0.03770312 0.00049316 -0.06588388
v -0.03754687 -0.00093262 -0.06604013
v -0.03770312 -0.02880371 -0.06590341
v -0.03770312 -0.02880371 -0.06590341
v -0.03754687 -0.00093262 -0.06604013
v -0.03707812 -0.00229981 -0.06627450
v -0.03770312 -0.02880371 -0.06590341
v -0.03707812 -0.00229981 -0.06627450
v -0.03645312 -0.00359863 -0.06660653
v -0.03645312 -0.00359863 -0.06660653
v -0.03567187 -0.00478027 -0.06699717
v -0.03770312 -0.02880371 -0.06590341
v -0.03567187 -0.00478027 -0.06699717
v -0.03285937 -0.02880371 -0.06842295
v -0.03285937 -0.02880371 -0.06842295
v -0.03473437 -0.00584473 -0.06746592
v -0.03285937 -0.02880371 -0.06842295
v -0.03473437 -0.00584473 -0.06746592
v -0.03379687 -0.00676270 -0.06797372
v -0.03379687 -0.00676270 -0.06797372
v -0.03270312 -0.00752441 -0.06850106
v -0.03285937 -0.02880371 -0.06842295
v -0.03270312 -0.00752441 -0.06850106
v -0.03270312 -0.02600098 -0.06850106
v -0.03270312 -0.02880371 0.06849113
v -0.04254687 0.02920410 -0.06299325
v -0.03770312 0.02920410 -0.06586434
v -0.03785937 0.00194824 -0.06584481
v -0.04614062 0.05319824 0.06044425
v -0.04520312 0.05671387 0.05794425
v -0.05051562 0.05319824 0.05692862
v -0.05051562 0.05319824 0.05692862
v -0.04520312 0.05671387 0.05794425
v -0.04848437 0.05687988 0.05520987
v -0.05051562 0.05319824 0.05692862
v -0.04848437 0.05687988 0.05520987
v -0.05207812 0.05687988 0.05181143
v -0.05207812 0.05687988 0.05181143
v -0.04848437 0.05687988 0.05520987
v -0.04645312 0.06030762 0.05296378
v -0.05207812 0.05687988 0.05181143
v -0.04645312 0.06030762 0.05296378
v -0.05004687 0.06030762 0.04970206
v -0.05004687 0.06030762 0.04970206
v -0.04645312 0.06030762 0.05296378
v -0.04442187 0.06345215 0.05050284
v -0.05004687 0.06030762 0.04970206
v -0.04442187 0.06345215 0.05050284
v -0.04770312 0.06345215 0.04739737
v -0.04770312 0.06345215 0.04739737
v -0.04442187 0.06345215 0.05050284
v -0.04239062 0.06485840 0.04995597
v -0.04770312 0.06345215 0.04739737
v -0.04239062 0.06485840 0.04995597
v -0.04207812 0.06629396 0.04784659
v -0.04207812 0.06629396 0.04784659
v -0.04239062 0.06485840 0.04995597
v -0.04176562 0.06630371 0.04808097
v -0.04207812 0.06629396 0.04784659
v -0.04176562 0.06630371 0.04808097
v -0.04051562 0.06859864 0.04468253
v -0.04520312 0.05671387 0.05794425
v -0.04426562 0.05997558 0.05517081
v -0.04848437 0.05687988 0.05520987
v -0.04848437 0.05687988 0.05520987
v -0.04426562 0.05997558 0.05517081
v -0.04645312 0.06030762 0.05296378
v -0.04426562 0.05997558 0.05517081
v -0.04364062 0.06169433 0.05351065
v -0.04645312 0.06030762 0.05296378
v -0.04645312 0.06030762 0.05296378
v -0.04364062 0.06169433 0.05351065
v -0.04442187 0.06345215 0.05050284
v -0.04364062 0.06169433 0.05351065
v -0.04301562 0.06332519 0.05177237
v -0.04442187 0.06345215 0.05050284
v -0.04442187 0.06345215 0.05050284
v -0.04301562 0.06332519 0.05177237
v -0.04239062 0.06485840 0.04995597
v -0.03910937 0.07058107 0.04112784
v -0.04254687 0.06880371 0.04222159
v -0.04051562 0.06859864 0.04468253
v -0.04051562 0.06859864 0.04468253
v -0.04254687 0.06880371 0.04222159
v -0.04520312 0.06629396 0.04489737
v -0.04051562 0.06859864 0.04468253
v -0.04520312 0.06629396 0.04489737
v -0.04207812 0.06629396 0.04784659
v -0.04520312 0.06629396 0.04489737
v -0.04254687 0.06880371 0.04222159
v -0.03910937 0.07058107 0.04112784
v -0.03973437 0.07096193 0.03938956
v -0.03973437 0.07096193 0.03938956
v -0.03910937 0.07058107 0.04112784
v -0.03801562 0.07187989 0.03837393
v -0.03973437 0.07096193 0.03938956
v -0.03801562 0.07187989 0.03837393
v -0.04239062 0.07096193 0.03661612
v -0.04239062 0.07096193 0.03661612
v -0.03801562 0.07187989 0.03837393
v -0.03692187 0.07299318 0.03556143
v -0.04239062 0.07096193 0.03661612
v -0.03692187 0.07299318 0.03556143
v -0.03926562 0.07275879 0.03388175
v -0.03926562 0.07275879 0.03388175
v -0.03692187 0.07299318 0.03556143
v -0.03535937 0.07415528 0.03192863
v -0.03926562 0.07275879 0.03388175
v -0.03535937 0.07415528 0.03192863
v -0.03614062 0.07416504 0.03104972
v -0.03614062 0.07416504 0.03104972
v -0.03535937 0.07415528 0.03192863
v -0.03364062 0.07503418 0.02825675
v -0.03614062 0.07416504 0.03104972
v -0.03364062 0.07503418 0.02825675
v -0.03817187 0.07416504 0.02853019
v -0.03817187 0.07416504 0.02853019
v -0.03364062 0.07503418 0.02825675
v -0.03457812 0.07518068 0.02585441
v -0.04004687 0.07416504 0.02591300
v -0.03629687 0.07518068 0.02349113
v -0.04004687 0.07416504 0.02591300
v -0.03629687 0.07518068 0.02349113
v -0.04160937 0.07416504 0.02315909
v -0.04160937 0.07416504 0.02315909
v -0.03629687 0.07518068 0.02349113
v -0.03785937 0.07518068 0.02099113
v -0.04160937 0.07416504 0.02315909
v -0.03785937 0.07518068 0.02099113
v -0.04317187 0.07416504 0.02030753
v -0.03926562 0.07518068 0.01839347
v -0.04317187 0.07416504 0.02030753
v -0.03926562 0.07518068 0.01839347
v -0.04442187 0.07416504 0.01733878
v -0.04035937 0.07518068 0.01571769
v -0.04442187 0.07416504 0.01733878
v -0.04035937 0.07518068 0.01571769
v -0.04551562 0.07416504 0.01429191
v -0.04551562 0.07416504 0.01429191
v -0.04035937 0.07518068 0.01571769
v -0.04129687 0.07518068 0.01296378
v -0.04551562 0.07416504 0.01429191
v -0.04129687 0.07518068 0.01296378
v -0.04645312 0.07416504 0.01118644
v -0.04645312 0.07416504 0.01118644
v -0.04129687 0.07518068 0.01296378
v -0.04207812 0.07518068 0.01013175
v -0.04645312 0.07416504 0.01118644
v -0.04207812 0.07518068 0.01013175
v -0.04707812 0.07416504 0.00802238
v -0.04707812 0.07416504 0.00802238
v -0.04207812 0.07518068 0.01013175
v -0.04270312 0.07518068 0.00728019
v -0.04707812 0.07416504 0.00802238
v -0.04270312 0.07518068 0.00728019
v -0.04754687 0.07416504 0.00483878
v -0.04754687 0.07416504 0.00483878
v -0.04270312 0.07518068 0.00728019
v -0.04317187 0.07518068 0.00437003
v -0.04754687 0.07416504 0.00483878
v -0.04317187 0.07518068 0.00437003
v -0.04770312 0.07416504 0.00161613
v -0.04332812 0.07518068 0.00145988
v -0.04770312 0.07416504 0.00161613
v -0.04332812 0.07518068 0.00145988
v -0.04770312 0.07416504 -0.00162606
v -0.04332812 0.07518068 -0.00146981
v -0.04770312 0.07416504 -0.00162606
v -0.04332812 0.07518068 -0.00146981
v -0.04754687 0.07416504 -0.00484872
v -0.04754687 0.07416504 -0.00484872
v -0.04332812 0.07518068 -0.00146981
v -0.04317187 0.07518068 -0.00437997
v -0.04754687 0.07416504 -0.00484872
v -0.04317187 0.07518068 -0.00437997
v -0.04707812 0.07416504 -0.00803231
v -0.04707812 0.07416504 -0.00803231
v -0.04317187 0.07518068 -0.00437997
v -0.04270312 0.07518068 -0.00729013
v -0.04645312 0.07416504 -0.01119637
v -0.04645312 0.07416504 -0.01119637
v -0.04270312 0.07518068 -0.00729013
v -0.04207812 0.07518068 -0.01014169
v -0.04645312 0.07416504 -0.01119637
v -0.04207812 0.07518068 -0.01014169
v -0.04551562 0.07416504 -0.01430184
v -0.04551562 0.07416504 -0.01430184
v -0.04207812 0.07518068 -0.01014169
v -0.04129687 0.07518068 -0.01297372
v -0.04551562 0.07416504 -0.01430184
v -0.04129687 0.07518068 -0.01297372
v -0.04442187 0.07416504 -0.01734872
v -0.04442187 0.07416504 -0.01734872
v -0.04129687 0.07518068 -0.01297372
v -0.04035937 0.07518068 -0.01572762
v -0.04442187 0.07416504 -0.01734872
v -0.04035937 0.07518068 -0.01572762
v -0.04317187 0.07416504 -0.02029794
v -0.03926562 0.07518068 -0.01840341
v -0.04317187 0.07416504 -0.02029794
v -0.03926562 0.07518068 -0.01840341
v -0.04160937 0.07416504 -0.02316903
v -0.03785937 0.07518068 -0.02100106
v -0.04004687 0.07416504 -0.02592294
v -0.04004687 0.07416504 -0.02592294
v -0.03785937 0.07518068 -0.02100106
v -0.03629687 0.07518068 -0.02350106
v -0.04004687 0.07416504 -0.02592294
v -0.03629687 0.07518068 -0.02350106
v -0.03457812 0.07518068 -0.02586434
v -0.03457812 0.07518068 -0.02586434
v -0.03629687 0.07518068 -0.02350106
v -0.03129688 0.07576661 -0.02332528
v -0.03457812 0.07518068 -0.02586434
v -0.03129688 0.07576661 -0.02332528
v -0.03254687 0.07546387 -0.02578622
v -0.03364062 0.07503418 0.02825675
v -0.03254687 0.07546387 0.02577628
v -0.03457812 0.07518068 0.02585441
v -0.03457812 0.07518068 0.02585441
v -0.03254687 0.07546387 0.02577628
v -0.03129688 0.07576661 0.02331534
v -0.03457812 0.07518068 0.02585441
v -0.03129688 0.07576661 0.02331534
v -0.03629687 0.07518068 0.02349113
v -0.03629687 0.07518068 0.02349113
v -0.03129688 0.07576661 0.02331534
v -0.03254687 0.07579590 0.02101066
v -0.03629687 0.07518068 0.02349113
v -0.03254687 0.07579590 0.02101066
v -0.03785937 0.07518068 0.02099113
v -0.03785937 0.07518068 0.02099113
v -0.03395312 0.07579590 0.01878409
v -0.03785937 0.07518068 0.02099113
v -0.03395312 0.07579590 0.01878409
v -0.03926562 0.07518068 0.01839347
v -0.03520312 0.07579590 0.01645988
v -0.03926562 0.07518068 0.01839347
v -0.03520312 0.07579590 0.01645988
v -0.04035937 0.07518068 0.01571769
v -0.03614062 0.07579590 0.01405753
v -0.04035937 0.07518068 0.01571769
v -0.03614062 0.07579590 0.01405753
v -0.04129687 0.07518068 0.01296378
v -0.04129687 0.07518068 0.01296378
v -0.03707812 0.07579590 0.01159659
v -0.03707812 0.07579590 0.01159659
v -0.04207812 0.07518068 0.01013175
v -0.03785937 0.07579590 0.00907706
v -0.04207812 0.07518068 0.01013175
v -0.03785937 0.07579590 0.00907706
v -0.04270312 0.07518068 0.00728019
v -0.04270312 0.07518068 0.00728019
v -0.03785937 0.07579590 0.00907706
v -0.03832812 0.07579590 0.00651847
v -0.04270312 0.07518068 0.00728019
v -0.03832812 0.07579590 0.00651847
v -0.04317187 0.07518068 0.00437003
v -0.04317187 0.07518068 0.00437003
v -0.03864062 0.07579590 0.00392081
v -0.04317187 0.07518068 0.00437003
v -0.03864062 0.07579590 0.00392081
v -0.04332812 0.07518068 0.00145988
v -0.03879687 0.07579590 0.00130363
v -0.04332812 0.07518068 0.00145988
v -0.03879687 0.07579590 0.00130363
v -0.04332812 0.07518068 -0.00146981
v -0.03879687 0.07579590 -0.00131356
v -0.04332812 0.07518068 -0.00146981
v -0.03879687 0.07579590 -0.00131356
v -0.04317187 0.07518068 -0.00437997
v -0.03864062 0.07579590 -0.00393075
v -0.04317187 0.07518068 -0.00437997
v -0.03864062 0.07579590 -0.00393075
v -0.04270312 0.07518068 -0.00729013
v -0.04270312 0.07518068 -0.00729013
v -0.03864062 0.07579590 -0.00393075
v -0.03832812 0.07579590 -0.00652841
v -0.04270312 0.07518068 -0.00729013
v -0.03832812 0.07579590 -0.00652841
v -0.04207812 0.07518068 -0.01014169
v -0.04207812 0.07518068 -0.01014169
v -0.03832812 0.07579590 -0.00652841
v -0.03785937 0.07579590 -0.00908700
v -0.04207812 0.07518068 -0.01014169
v -0.03785937 0.07579590 -0.00908700
v -0.04129687 0.07518068 -0.01297372
v -0.04129687 0.07518068 -0.01297372
v -0.03785937 0.07579590 -0.00908700
v -0.03707812 0.07579590 -0.01160653
v -0.04035937 0.07518068 -0.01572762
v -0.04035937 0.07518068 -0.01572762
v -0.03707812 0.07579590 -0.01160653
v -0.03614062 0.07579590 -0.01406747
v -0.04035937 0.07518068 -0.01572762
v -0.03614062 0.07579590 -0.01406747
v -0.03926562 0.07518068 -0.01840341
v -0.03926562 0.07518068 -0.01840341
v -0.03520312 0.07579590 -0.01646981
v -0.03926562 0.07518068 -0.01840341
v -0.03520312 0.07579590 -0.01646981
v -0.03785937 0.07518068 -0.02100106
v -0.03395312 0.07579590 -0.01879403
v -0.03785937 0.07518068 -0.02100106
v -0.03395312 0.07579590 -0.01879403
v -0.03629687 0.07518068 -0.02350106
v -0.03629687 0.07518068 -0.02350106
v -0.03395312 0.07579590 -0.01879403
v -0.03254687 0.07579590 -0.02102059
v -0.03129688 0.07576661 -0.02332528
v -0.03129688 0.07576661 -0.02332528
v -0.03254687 0.07579590 -0.02102059
v -0.02879688 0.07600098 -0.01850106
v -0.02879688 0.07600098 -0.01850106
v -0.03254687 0.07579590 -0.02102059
v -0.03395312 0.07579590 -0.01879403
v -0.03067188 0.07600098 -0.01543466
v -0.03520312 0.07579590 -0.01646981
v -0.03207812 0.07600098 -0.01219247
v -0.03614062 0.07579590 -0.01406747
v -0.03707812 0.07579590 -0.01160653
v -0.03129688 0.07576661 0.02331534
v -0.02879688 0.07600098 0.01849113
v -0.03254687 0.07579590 0.02101066
v -0.03254687 0.07579590 0.02101066
v -0.02879688 0.07600098 0.01849113
v -0.03395312 0.07579590 0.01878409
v -0.03067188 0.07600098 0.01542472
v -0.03520312 0.07579590 0.01645988
v -0.03207812 0.07600098 0.01218253
v -0.03614062 0.07579590 0.01405753
v -0.03707812 0.07579590 0.01159659
v -0.03707812 0.07579590 0.01159659
v -0.03207812 0.07600098 0.01218253
v -0.03317187 0.07600098 0.00880363
v -0.03785937 0.07579590 0.00907706
v -0.03395312 0.07600098 0.00530753
v -0.03832812 0.07579590 0.00651847
v -0.03832812 0.07579590 0.00651847
v -0.03395312 0.07600098 0.00530753
v -0.03864062 0.07579590 0.00392081
v -0.03395312 0.07600098 0.00530753
v -0.03426562 0.07600098 0.00177238
v -0.03864062 0.07579590 0.00392081
v -0.03864062 0.07579590 0.00392081
v -0.03426562 0.07600098 0.00177238
v -0.03879687 0.07579590 0.00130363
v -0.03879687 0.07579590 -0.00131356
v -0.03426562 0.07600098 -0.00178231
v -0.03864062 0.07579590 -0.00393075
v -0.03864062 0.07579590 -0.00393075
v -0.03426562 0.07600098 -0.00178231
v -0.03395312 0.07600098 -0.00531747
v -0.03864062 0.07579590 -0.00393075
v -0.03395312 0.07600098 -0.00531747
v -0.03832812 0.07579590 -0.00652841
v -0.03832812 0.07579590 -0.00652841
v -0.03395312 0.07600098 -0.00531747
v -0.03785937 0.07579590 -0.00908700
v -0.03317187 0.07600098 -0.00881356
v -0.03707812 0.07579590 -0.01160653
v -0.03207812 0.07600098 -0.01219247
v -0.03254687 0.07546387 -0.02578622
v -0.03364062 0.07503418 -0.02826669
v -0.03457812 0.07518068 -0.02586434
v -0.03364062 0.07503418 -0.02826669
v -0.03817187 0.07416504 -0.02854013
v -0.04004687 0.07416504 -0.02592294
v -0.03817187 0.07416504 -0.02854013
v -0.04364062 0.07275879 -0.02828622
v -0.04004687 0.07416504 -0.02592294
v -0.04364062 0.07275879 -0.02828622
v -0.04160937 0.07416504 -0.02316903
v -0.04535937 0.07275879 -0.02529794
v -0.04317187 0.07416504 -0.02029794
v -0.04707812 0.07275879 -0.02217294
v -0.04317187 0.07416504 -0.02029794
v -0.04707812 0.07275879 -0.02217294
v -0.04442187 0.07416504 -0.01734872
v -0.04848437 0.07275879 -0.01893075
v -0.04442187 0.07416504 -0.01734872
v -0.04848437 0.07275879 -0.01893075
v -0.04551562 0.07416504 -0.01430184
v -0.04551562 0.07416504 -0.01430184
v -0.04848437 0.07275879 -0.01893075
v -0.04957812 0.07275879 -0.01561044
v -0.04551562 0.07416504 -0.01430184
v -0.04957812 0.07275879 -0.01561044
v -0.04645312 0.07416504 -0.01119637
v -0.04645312 0.07416504 -0.01119637
v -0.04957812 0.07275879 -0.01561044
v -0.05067187 0.07275879 -0.01223153
v -0.04645312 0.07416504 -0.01119637
v -0.05067187 0.07275879 -0.01223153
v -0.04707812 0.07416504 -0.00803231
v -0.04707812 0.07416504 -0.00803231
v -0.05067187 0.07275879 -0.01223153
v -0.05129687 0.07275879 -0.00877450
v -0.04707812 0.07416504 -0.00803231
v -0.05129687 0.07275879 -0.00877450
v -0.04754687 0.07416504 -0.00484872
v -0.04754687 0.07416504 -0.00484872
v -0.05129687 0.07275879 -0.00877450
v -0.05176562 0.07275879 -0.00527841
v -0.04754687 0.07416504 -0.00484872
v -0.05176562 0.07275879 -0.00527841
v -0.04770312 0.07416504 -0.00162606
v -0.04770312 0.07416504 -0.00162606
v -0.05176562 0.07275879 -0.00527841
v -0.05207812 0.07275879 -0.00176278
v -0.04770312 0.07416504 -0.00162606
v -0.05207812 0.07275879 -0.00176278
v -0.04770312 0.07416504 0.00161613
v -0.05207812 0.07275879 0.00175284
v -0.04770312 0.07416504 0.00161613
v -0.05207812 0.07275879 0.00175284
v -0.04754687 0.07416504 0.00483878
v -0.04754687 0.07416504 0.00483878
v -0.05207812 0.07275879 0.00175284
v -0.05176562 0.07275879 0.00526847
v -0.04754687 0.07416504 0.00483878
v -0.05176562 0.07275879 0.00526847
v -0.04707812 0.07416504 0.00802238
v -0.04707812 0.07416504 0.00802238
v -0.05176562 0.07275879 0.00526847
v -0.05129687 0.07275879 0.00876456
v -0.04707812 0.07416504 0.00802238
v -0.05129687 0.07275879 0.00876456
v -0.04645312 0.07416504 0.01118644
v -0.04645312 0.07416504 0.01118644
v -0.05129687 0.07275879 0.00876456
v -0.05067187 0.07275879 0.01222159
v -0.04645312 0.07416504 0.01118644
v -0.05067187 0.07275879 0.01222159
v -0.04551562 0.07416504 0.01429191
v -0.04551562 0.07416504 0.01429191
v -0.05067187 0.07275879 0.01222159
v -0.04957812 0.07275879 0.01560050
v -0.04551562 0.07416504 0.01429191
v -0.04957812 0.07275879 0.01560050
v -0.04442187 0.07416504 0.01733878
v -0.04442187 0.07416504 0.01733878
v -0.04957812 0.07275879 0.01560050
v -0.04848437 0.07275879 0.01892081
v -0.04442187 0.07416504 0.01733878
v -0.04848437 0.07275879 0.01892081
v -0.04317187 0.07416504 0.02030753
v -0.04707812 0.07275879 0.02216300
v -0.04317187 0.07416504 0.02030753
v -0.04707812 0.07275879 0.02216300
v -0.04160937 0.07416504 0.02315909
v -0.04535937 0.07275879 0.02528800
v -0.04004687 0.07416504 0.02591300
v -0.04004687 0.07416504 0.02591300
v -0.04535937 0.07275879 0.02528800
v -0.04364062 0.07275879 0.02827628
v -0.04004687 0.07416504 0.02591300
v -0.04364062 0.07275879 0.02827628
v -0.03817187 0.07416504 0.02853019
v -0.04160937 0.07275879 0.03114738
v -0.03817187 0.07416504 0.02853019
v -0.04160937 0.07275879 0.03114738
v -0.03614062 0.07416504 0.03104972
v -0.03614062 0.07416504 0.03104972
v -0.04160937 0.07275879 0.03114738
v -0.03926562 0.07275879 0.03388175
v -0.03817187 0.07416504 -0.02854013
v -0.03364062 0.07503418 -0.02826669
v -0.03614062 0.07416504 -0.03105966
v -0.03614062 0.07416504 -0.03105966
v -0.03364062 0.07503418 -0.02826669
v -0.03535937 0.07415528 -0.03193856
v -0.03614062 0.07416504 -0.03105966
v -0.03535937 0.07415528 -0.03193856
v -0.03692187 0.07299318 -0.03557138
v -0.03614062 0.07416504 -0.03105966
v -0.03692187 0.07299318 -0.03557138
v -0.03926562 0.07275879 -0.03389169
v -0.03926562 0.07275879 -0.03389169
v -0.03692187 0.07299318 -0.03557138
v -0.03801562 0.07187989 -0.03838388
v -0.03926562 0.07275879 -0.03389169
v -0.03801562 0.07187989 -0.03838388
v -0.04239062 0.07096193 -0.03662606
v -0.04239062 0.07096193 -0.03662606
v -0.03801562 0.07187989 -0.03838388
v -0.03973437 0.07096193 -0.03939950
v -0.04239062 0.07096193 -0.03662606
v -0.03973437 0.07096193 -0.03939950
v -0.04254687 0.06880371 -0.04223153
v -0.04254687 0.06880371 -0.04223153
v -0.03973437 0.07096193 -0.03939950
v -0.03910937 0.07058107 -0.04113778
v -0.04254687 0.06880371 -0.04223153
v -0.03910937 0.07058107 -0.04113778
v -0.04051562 0.06859864 -0.04469247
v -0.03801562 0.07187989 -0.03838388
v -0.03910937 0.07058107 -0.04113778
v -0.03973437 0.07096193 -0.03939950
v -0.04176562 0.06630371 -0.04809091
v -0.04207812 0.06629396 -0.04785653
v -0.04051562 0.06859864 -0.04469247
v -0.04051562 0.06859864 -0.04469247
v -0.04207812 0.06629396 -0.04785653
v -0.04520312 0.06629396 -0.04490731
v -0.04051562 0.06859864 -0.04469247
v -0.04520312 0.06629396 -0.04490731
v -0.04254687 0.06880371 -0.04223153
v -0.04254687 0.06880371 -0.04223153
v -0.04520312 0.06629396 -0.04490731
v -0.04535937 0.06880371 -0.03926278
v -0.04254687 0.06880371 -0.04223153
v -0.04535937 0.06880371 -0.03926278
v -0.04239062 0.07096193 -0.03662606
v -0.04239062 0.07096193 -0.03662606
v -0.04535937 0.06880371 -0.03926278
v -0.04801562 0.06880371 -0.03609872
v -0.04489062 0.07096193 -0.03367684
v -0.04489062 0.07096193 -0.03367684
v -0.04801562 0.06880371 -0.03609872
v -0.05035937 0.06880371 -0.03277841
v -0.04707812 0.07096193 -0.03059091
v -0.04707812 0.07096193 -0.03059091
v -0.05035937 0.06880371 -0.03277841
v -0.04895312 0.07096193 -0.02732919
v -0.04707812 0.07096193 -0.03059091
v -0.04895312 0.07096193 -0.02732919
v -0.04535937 0.07275879 -0.02529794
v -0.04535937 0.07275879 -0.02529794
v -0.04895312 0.07096193 -0.02732919
v -0.04707812 0.07275879 -0.02217294
v -0.04176562 0.06630371 -0.04809091
v -0.04239062 0.06485840 -0.04996591
v -0.04207812 0.06629396 -0.04785653
v -0.04207812 0.06629396 -0.04785653
v -0.04239062 0.06485840 -0.04996591
v -0.04520312 0.06629396 -0.04490731
v -0.04520312 0.06629396 -0.04490731
v -0.04239062 0.06485840 -0.04996591
v -0.04442187 0.06345215 -0.05051278
v -0.04442187 0.06345215 -0.05051278
v -0.04239062 0.06485840 -0.04996591
v -0.04301562 0.06332519 -0.05178231
v -0.04442187 0.06345215 -0.05051278
v -0.04301562 0.06332519 -0.05178231
v -0.04364062 0.06169433 -0.05352059
v -0.04442187 0.06345215 -0.05051278
v -0.04364062 0.06169433 -0.05352059
v -0.04645312 0.06030762 -0.05297372
v -0.04645312 0.06030762 -0.05297372
v -0.04364062 0.06169433 -0.05352059
v -0.04426562 0.05997558 -0.05518075
v -0.04645312 0.06030762 -0.05297372
v -0.04426562 0.05997558 -0.05518075
v -0.04848437 0.05687988 -0.05521981
v -0.04848437 0.05687988 -0.05521981
v -0.04426562 0.05997558 -0.05518075
v -0.04520312 0.05671387 -0.05795419
v -0.04848437 0.05687988 -0.05521981
v -0.04520312 0.05671387 -0.05795419
v -0.05051562 0.05319824 -0.05693856
v -0.05051562 0.05319824 -0.05693856
v -0.04520312 0.05671387 -0.05795419
v -0.04614062 0.05319824 -0.06045419
v -0.04848437 0.05687988 -0.05521981
v -0.05051562 0.05319824 -0.05693856
v -0.05207812 0.05687988 -0.05180184
v -0.05457812 0.05319824 -0.05309091
v -0.05207812 0.05687988 -0.05180184
v -0.05457812 0.05319824 -0.05309091
v -0.05551562 0.05687988 -0.04816903
v -0.05551562 0.05687988 -0.04816903
v -0.05457812 0.05319824 -0.05309091
v -0.05832812 0.05319824 -0.04896981
v -0.05551562 0.05687988 -0.04816903
v -0.05832812 0.05319824 -0.04896981
v -0.05864062 0.05687988 -0.04428231
v -0.05864062 0.05687988 -0.04428231
v -0.05832812 0.05319824 -0.04896981
v -0.06176562 0.05319824 -0.04455575
v -0.05864062 0.05687988 -0.04428231
v -0.06176562 0.05319824 -0.04455575
v -0.06160937 0.05687988 -0.04021981
v -0.06160937 0.05687988 -0.04021981
v -0.06176562 0.05319824 -0.04455575
v -0.06489064 0.05319824 -0.03990731
v -0.06160937 0.05687988 -0.04021981
v -0.06489064 0.05319824 -0.03990731
v -0.06426564 0.05687988 -0.03594247
v -0.06426564 0.05687988 -0.03594247
v -0.06489064 0.05319824 -0.03990731
v -0.06770314 0.05319824 -0.03504403
v -0.06426564 0.05687988 -0.03594247
v -0.06770314 0.05319824 -0.03504403
v -0.06660939 0.05687988 -0.03148934
v -0.06660939 0.05687988 -0.03148934
v -0.06770314 0.05319824 -0.03504403
v -0.07004689 0.05319824 -0.02998544
v -0.06660939 0.05687988 -0.03148934
v -0.07004689 0.05319824 -0.02998544
v -0.06848439 0.05687988 -0.02691903
v -0.06848439 0.05687988 -0.02691903
v -0.07004689 0.05319824 -0.02998544
v -0.07207814 0.05319824 -0.02477059
v -0.06848439 0.05687988 -0.02691903
v -0.07207814 0.05319824 -0.02477059
v -0.07020314 0.05687988 -0.02219247
v -0.07020314 0.05687988 -0.02219247
v -0.07207814 0.05319824 -0.02477059
v -0.07379689 0.05319824 -0.01939950
v -0.07020314 0.05687988 -0.02219247
v -0.07379689 0.05319824 -0.01939950
v -0.07160939 0.05687988 -0.01736825
v -0.07160939 0.05687988 -0.01736825
v -0.07379689 0.05319824 -0.01939950
v -0.07504689 0.05319824 -0.01393075
v -0.07160939 0.05687988 -0.01736825
v -0.07504689 0.05319824 -0.01393075
v -0.07254689 0.05687988 -0.01246591
v -0.07254689 0.05687988 -0.01246591
v -0.07504689 0.05319824 -0.01393075
v -0.07582814 0.05319824 -0.00840341
v -0.07254689 0.05687988 -0.01246591
v -0.07582814 0.05319824 -0.00840341
v -0.07332814 0.05687988 -0.00750497
v -0.07332814 0.05687988 -0.00750497
v -0.07582814 0.05319824 -0.00840341
v -0.07629689 0.05319824 -0.00279794
v -0.07332814 0.05687988 -0.00750497
v -0.07629689 0.05319824 -0.00279794
v -0.07364064 0.05687988 -0.00250497
v -0.07364064 0.05687988 -0.00250497
v -0.07629689 0.05319824 -0.00279794
v -0.07629689 0.05319824 0.00280753
v -0.07364064 0.05687988 0.00249503
v -0.07364064 0.05687988 0.00249503
v -0.07629689 0.05319824 0.00280753
v -0.07332814 0.05687988 0.00749503
v -0.07364064 0.05687988 0.00249503
v -0.07332814 0.05687988 0.00749503
v -0.07035939 0.06030762 0.00720206
v -0.07035939 0.06030762 0.00720206
v -0.07332814 0.05687988 0.00749503
v -0.06973439 0.06030762 0.01194816
v -0.07035939 0.06030762 0.00720206
v -0.06973439 0.06030762 0.01194816
v -0.06645314 0.06345215 0.01140128
v -0.06645314 0.06345215 0.01140128
v -0.06973439 0.06030762 0.01194816
v -0.06551564 0.06345215 0.01589347
v -0.06645314 0.06345215 0.01140128
v -0.06551564 0.06345215 0.01589347
v -0.06207812 0.06629396 0.01505362
v -0.06207812 0.06629396 0.01505362
v -0.06551564 0.06345215 0.01589347
v -0.06098437 0.06629396 0.01923331
v -0.06207812 0.06629396 0.01505362
v -0.06098437 0.06629396 0.01923331
v -0.05739062 0.06880371 0.01808097
v -0.05739062 0.06880371 0.01808097
v -0.06098437 0.06629396 0.01923331
v -0.05598437 0.06880371 0.02192863
v -0.05739062 0.06880371 0.01808097
v -0.05598437 0.06880371 0.02192863
v -0.05239062 0.07096193 0.02046378
v -0.05239062 0.07096193 0.02046378
v -0.05598437 0.06880371 0.02192863
v -0.05082812 0.07096193 0.02394034
v -0.05239062 0.07096193 0.02046378
v -0.05082812 0.07096193 0.02394034
v -0.04707812 0.07275879 0.02216300
v -0.04707812 0.07275879 0.02216300
v -0.05082812 0.07096193 0.02394034
v -0.04535937 0.07275879 0.02528800
v -0.07629689 0.05319824 0.00280753
v -0.07582814 0.05319824 0.00839347
v -0.07332814 0.05687988 0.00749503
v -0.07332814 0.05687988 0.00749503
v -0.07582814 0.05319824 0.00839347
v -0.07254689 0.05687988 0.01245597
v -0.07332814 0.05687988 0.00749503
v -0.07254689 0.05687988 0.01245597
v -0.06973439 0.06030762 0.01194816
v -0.06973439 0.06030762 0.01194816
v -0.07254689 0.05687988 0.01245597
v -0.06879689 0.06030762 0.01665519
v -0.06973439 0.06030762 0.01194816
v -0.06879689 0.06030762 0.01665519
v -0.06551564 0.06345215 0.01589347
v -0.06551564 0.06345215 0.01589347
v -0.06879689 0.06030762 0.01665519
v -0.06426564 0.06345215 0.02028800
v -0.06551564 0.06345215 0.01589347
v -0.06426564 0.06345215 0.02028800
v -0.06098437 0.06629396 0.01923331
v -0.06098437 0.06629396 0.01923331
v -0.06426564 0.06345215 0.02028800
v -0.05957812 0.06629396 0.02331534
v -0.06098437 0.06629396 0.01923331
v -0.05957812 0.06629396 0.02331534
v -0.05598437 0.06880371 0.02192863
v -0.05598437 0.06880371 0.02192863
v -0.05957812 0.06629396 0.02331534
v -0.05442187 0.06880371 0.02565909
v -0.05598437 0.06880371 0.02192863
v -0.05442187 0.06880371 0.02565909
v -0.05082812 0.07096193 0.02394034
v -0.05082812 0.07096193 0.02394034
v -0.05442187 0.06880371 0.02565909
v -0.04895312 0.07096193 0.02731925
v -0.04895312 0.07096193 0.02731925
v -0.04535937 0.07275879 0.02528800
v -0.04895312 0.07096193 0.02731925
v -0.04364062 0.07275879 0.02827628
v -0.07582814 0.05319824 0.00839347
v -0.07504689 0.05319824 0.01394034
v -0.07254689 0.05687988 0.01245597
v -0.07254689 0.05687988 0.01245597
v -0.07504689 0.05319824 0.01394034
v -0.07160939 0.05687988 0.01735831
v -0.07254689 0.05687988 0.01245597
v -0.07160939 0.05687988 0.01735831
v -0.06879689 0.06030762 0.01665519
v -0.06879689 0.06030762 0.01665519
v -0.07160939 0.05687988 0.01735831
v -0.06739064 0.06030762 0.02128409
v -0.06879689 0.06030762 0.01665519
v -0.06739064 0.06030762 0.02128409
v -0.06426564 0.06345215 0.02028800
v -0.06426564 0.06345215 0.02028800
v -0.06739064 0.06030762 0.02128409
v -0.06270312 0.06345215 0.02460441
v -0.06426564 0.06345215 0.02028800
v -0.06270312 0.06345215 0.02460441
v -0.05957812 0.06629396 0.02331534
v -0.05957812 0.06629396 0.02331534
v -0.06270312 0.06345215 0.02460441
v -0.05770312 0.06629396 0.02729972
v -0.05957812 0.06629396 0.02331534
v -0.05770312 0.06629396 0.02729972
v -0.05442187 0.06880371 0.02565909
v -0.05442187 0.06880371 0.02565909
v -0.05770312 0.06629396 0.02729972
v -0.05254687 0.06880371 0.02929191
v -0.05442187 0.06880371 0.02565909
v -0.05254687 0.06880371 0.02929191
v -0.04895312 0.07096193 0.02731925
v -0.04895312 0.07096193 0.02731925
v -0.05254687 0.06880371 0.02929191
v -0.04707812 0.07096193 0.03058097
v -0.04707812 0.07096193 0.03058097
v -0.04364062 0.07275879 0.02827628
v -0.04707812 0.07096193 0.03058097
v -0.04160937 0.07275879 0.03114738
v -0.07504689 0.05319824 0.01394034
v -0.07379689 0.05319824 0.01938956
v -0.07160939 0.05687988 0.01735831
v -0.07160939 0.05687988 0.01735831
v -0.07379689 0.05319824 0.01938956
v -0.07020314 0.05687988 0.02218253
v -0.07160939 0.05687988 0.01735831
v -0.07020314 0.05687988 0.02218253
v -0.06739064 0.06030762 0.02128409
v -0.06739064 0.06030762 0.02128409
v -0.07020314 0.05687988 0.02218253
v -0.06582814 0.06030762 0.02581534
v -0.06739064 0.06030762 0.02128409
v -0.06582814 0.06030762 0.02581534
v -0.06270312 0.06345215 0.02460441
v -0.06270312 0.06345215 0.02460441
v -0.06582814 0.06030762 0.02581534
v -0.06098437 0.06345215 0.02880363
v -0.06270312 0.06345215 0.02460441
v -0.06098437 0.06345215 0.02880363
v -0.05770312 0.06629396 0.02729972
v -0.05770312 0.06629396 0.02729972
v -0.06098437 0.06345215 0.02880363
v -0.05582812 0.06629396 0.03114738
v -0.05770312 0.06629396 0.02729972
v -0.05582812 0.06629396 0.03114738
v -0.05254687 0.06880371 0.02929191
v -0.05254687 0.06880371 0.02929191
v -0.05582812 0.06629396 0.03114738
v -0.05035937 0.06880371 0.03276847
v -0.05254687 0.06880371 0.02929191
v -0.05035937 0.06880371 0.03276847
v -0.04707812 0.07096193 0.03058097
v -0.04707812 0.07096193 0.03058097
v -0.05035937 0.06880371 0.03276847
v -0.04489062 0.07096193 0.03366690
v -0.04489062 0.07096193 0.03366690
v -0.04160937 0.07275879 0.03114738
v -0.04489062 0.07096193 0.03366690
v -0.03926562 0.07275879 0.03388175
v -0.07379689 0.05319824 0.01938956
v -0.07207814 0.05319824 0.02476066
v -0.07020314 0.05687988 0.02218253
v -0.07020314 0.05687988 0.02218253
v -0.07207814 0.05319824 0.02476066
v -0.06848439 0.05687988 0.02690909
v -0.07020314 0.05687988 0.02218253
v -0.06848439 0.05687988 0.02690909
v -0.06582814 0.06030762 0.02581534
v -0.06582814 0.06030762 0.02581534
v -0.06848439 0.05687988 0.02690909
v -0.06379687 0.06030762 0.03020988
v -0.06582814 0.06030762 0.02581534
v -0.06379687 0.06030762 0.03020988
v -0.06098437 0.06345215 0.02880363
v -0.06098437 0.06345215 0.02880363
v -0.06379687 0.06030762 0.03020988
v -0.05879687 0.06345215 0.03286612
v -0.06098437 0.06345215 0.02880363
v -0.05879687 0.06345215 0.03286612
v -0.05582812 0.06629396 0.03114738
v -0.05582812 0.06629396 0.03114738
v -0.05879687 0.06345215 0.03286612
v -0.05348437 0.06629396 0.03483878
v -0.05348437 0.06629396 0.03483878
v -0.05035937 0.06880371 0.03276847
v -0.05348437 0.06629396 0.03483878
v -0.04801562 0.06880371 0.03608878
v -0.04801562 0.06880371 0.03608878
v -0.04489062 0.07096193 0.03366690
v -0.04801562 0.06880371 0.03608878
v -0.04239062 0.07096193 0.03661612
v -0.04239062 0.07096193 0.03661612
v -0.07207814 0.05319824 0.02476066
v -0.07004689 0.05319824 0.02997550
v -0.06848439 0.05687988 0.02690909
v -0.06848439 0.05687988 0.02690909
v -0.07004689 0.05319824 0.02997550
v -0.06660939 0.05687988 0.03149894
v -0.06848439 0.05687988 0.02690909
v -0.06660939 0.05687988 0.03149894
v -0.06379687 0.06030762 0.03020988
v -0.06379687 0.06030762 0.03020988
v -0.06660939 0.05687988 0.03149894
v -0.06160937 0.06030762 0.03446768
v -0.06379687 0.06030762 0.03020988
v -0.06160937 0.06030762 0.03446768
v -0.05879687 0.06345215 0.03286612
v -0.05879687 0.06345215 0.03286612
v -0.06160937 0.06030762 0.03446768
v -0.05645312 0.06345215 0.03679190
v -0.05879687 0.06345215 0.03286612
v -0.05645312 0.06345215 0.03679190
v -0.05348437 0.06629396 0.03483878
v -0.05348437 0.06629396 0.03483878
v -0.05645312 0.06345215 0.03679190
v -0.05098437 0.06629396 0.03837393
v -0.05098437 0.06629396 0.03837393
v -0.04801562 0.06880371 0.03608878
v -0.05098437 0.06629396 0.03837393
v -0.04535937 0.06880371 0.03925284
v -0.04535937 0.06880371 0.03925284
v -0.04239062 0.07096193 0.03661612
v -0.04535937 0.06880371 0.03925284
v -0.03973437 0.07096193 0.03938956
v -0.07004689 0.05319824 0.02997550
v -0.06770314 0.05319824 0.03503409
v -0.06660939 0.05687988 0.03149894
v -0.06660939 0.05687988 0.03149894
v -0.06770314 0.05319824 0.03503409
v -0.06426564 0.05687988 0.03593253
v -0.06660939 0.05687988 0.03149894
v -0.06426564 0.05687988 0.03593253
v -0.06160937 0.06030762 0.03446768
v -0.06160937 0.06030762 0.03446768
v -0.06426564 0.05687988 0.03593253
v -0.05910937 0.06030762 0.03856925
v -0.06160937 0.06030762 0.03446768
v -0.05910937 0.06030762 0.03856925
v -0.05645312 0.06345215 0.03679190
v -0.05645312 0.06345215 0.03679190
v -0.05910937 0.06030762 0.03856925
v -0.05379687 0.06345215 0.04050284
v -0.05645312 0.06345215 0.03679190
v -0.05379687 0.06345215 0.04050284
v -0.05098437 0.06629396 0.03837393
v -0.05098437 0.06629396 0.03837393
v -0.05379687 0.06345215 0.04050284
v -0.04817187 0.06629396 0.04173331
v -0.04817187 0.06629396 0.04173331
v -0.04535937 0.06880371 0.03925284
v -0.04817187 0.06629396 0.04173331
v -0.04254687 0.06880371 0.04222159
v -0.04254687 0.06880371 0.04222159
v -0.06770314 0.05319824 0.03503409
v -0.06489064 0.05319824 0.03989737
v -0.06426564 0.05687988 0.03593253
v -0.06426564 0.05687988 0.03593253
v -0.06489064 0.05319824 0.03989737
v -0.06160937 0.05687988 0.04020987
v -0.06426564 0.05687988 0.03593253
v -0.06160937 0.05687988 0.04020987
v -0.05910937 0.06030762 0.03856925
v -0.05910937 0.06030762 0.03856925
v -0.06160937 0.05687988 0.04020987
v -0.05629687 0.06030762 0.04249503
v -0.05629687 0.06030762 0.04249503
v -0.05379687 0.06345215 0.04050284
v -0.05629687 0.06030762 0.04249503
v -0.05082812 0.06345215 0.04405753
v -0.05082812 0.06345215 0.04405753
v -0.04817187 0.06629396 0.04173331
v -0.05082812 0.06345215 0.04405753
v -0.04520312 0.06629396 0.04489737
v -0.04520312 0.06629396 0.04489737
v -0.06489064 0.05319824 0.03989737
v -0.06176562 0.05319824 0.04454581
v -0.06160937 0.05687988 0.04020987
v -0.06160937 0.05687988 0.04020987
v -0.06176562 0.05319824 0.04454581
v -0.05864062 0.05687988 0.04427237
v -0.06160937 0.05687988 0.04020987
v -0.05864062 0.05687988 0.04427237
v -0.05629687 0.06030762 0.04249503
v -0.05629687 0.06030762 0.04249503
v -0.05864062 0.05687988 0.04427237
v -0.05332812 0.06030762 0.04620597
v -0.05629687 0.06030762 0.04249503
v -0.05332812 0.06030762 0.04620597
v -0.05082812 0.06345215 0.04405753
v -0.05082812 0.06345215 0.04405753
v -0.05332812 0.06030762 0.04620597
v -0.04770312 0.06345215 0.04739737
v -0.04770312 0.06345215 0.04739737
v -0.06176562 0.05319824 0.04454581
v -0.05832812 0.05319824 0.04895987
v -0.05864062 0.05687988 0.04427237
v -0.05864062 0.05687988 0.04427237
v -0.05832812 0.05319824 0.04895987
v -0.05551562 0.05687988 0.04815909
v -0.05864062 0.05687988 0.04427237
v -0.05551562 0.05687988 0.04815909
v -0.05332812 0.06030762 0.04620597
v -0.05332812 0.06030762 0.04620597
v -0.05551562 0.05687988 0.04815909
v -0.05004687 0.06030762 0.04970206
v -0.05004687 0.06030762 0.04970206
v -0.05832812 0.05319824 0.04895987
v -0.05457812 0.05319824 0.05308097
v -0.05551562 0.05687988 0.04815909
v -0.05551562 0.05687988 0.04815909
v -0.05457812 0.05319824 0.05308097
v -0.05207812 0.05687988 0.05181143
v -0.05207812 0.05687988 0.05181143
v -0.05457812 0.05319824 0.05308097
v -0.04848437 0.07275879 0.01892081
v -0.05239062 0.07096193 0.02046378
v -0.04848437 0.07275879 0.01892081
v -0.05364062 0.07096193 0.01687003
v -0.05364062 0.07096193 0.01687003
v -0.04848437 0.07275879 0.01892081
v -0.04957812 0.07275879 0.01560050
v -0.05364062 0.07096193 0.01687003
v -0.04957812 0.07275879 0.01560050
v -0.05457812 0.07096193 0.01319816
v -0.05457812 0.07096193 0.01319816
v -0.04957812 0.07275879 0.01560050
v -0.05067187 0.07275879 0.01222159
v -0.05457812 0.07096193 0.01319816
v -0.05067187 0.07275879 0.01222159
v -0.05535937 0.07096193 0.00946769
v -0.05535937 0.07096193 0.00946769
v -0.05067187 0.07275879 0.01222159
v -0.05129687 0.07275879 0.00876456
v -0.05598437 0.07096193 0.00569816
v -0.05598437 0.07096193 0.00569816
v -0.05129687 0.07275879 0.00876456
v -0.05176562 0.07275879 0.00526847
v -0.05598437 0.07096193 0.00569816
v -0.05176562 0.07275879 0.00526847
v -0.05614062 0.07096193 0.00190909
v -0.05614062 0.07096193 0.00190909
v -0.05176562 0.07275879 0.00526847
v -0.05207812 0.07275879 0.00175284
v -0.05614062 0.07096193 0.00190909
v -0.05207812 0.07275879 0.00175284
v -0.05614062 0.07096193 -0.00191903
v -0.05207812 0.07275879 -0.00176278
v -0.05614062 0.07096193 -0.00191903
v -0.05207812 0.07275879 -0.00176278
v -0.05598437 0.07096193 -0.00570809
v -0.05598437 0.07096193 -0.00570809
v -0.05207812 0.07275879 -0.00176278
v -0.05176562 0.07275879 -0.00527841
v -0.05598437 0.07096193 -0.00570809
v -0.05176562 0.07275879 -0.00527841
v -0.05535937 0.07096193 -0.00947763
v -0.05535937 0.07096193 -0.00947763
v -0.05176562 0.07275879 -0.00527841
v -0.05129687 0.07275879 -0.00877450
v -0.05535937 0.07096193 -0.00947763
v -0.05129687 0.07275879 -0.00877450
v -0.05457812 0.07096193 -0.01320809
v -0.05457812 0.07096193 -0.01320809
v -0.05129687 0.07275879 -0.00877450
v -0.05067187 0.07275879 -0.01223153
v -0.05457812 0.07096193 -0.01320809
v -0.05067187 0.07275879 -0.01223153
v -0.05364062 0.07096193 -0.01687997
v -0.05364062 0.07096193 -0.01687997
v -0.05067187 0.07275879 -0.01223153
v -0.04957812 0.07275879 -0.01561044
v -0.05364062 0.07096193 -0.01687997
v -0.04957812 0.07275879 -0.01561044
v -0.05239062 0.07096193 -0.02047372
v -0.05239062 0.07096193 -0.02047372
v -0.04848437 0.07275879 -0.01893075
v -0.05239062 0.07096193 -0.02047372
v -0.04848437 0.07275879 -0.01893075
v -0.05082812 0.07096193 -0.02395028
v -0.04707812 0.07275879 -0.02217294
v -0.05082812 0.07096193 -0.02395028
v -0.05239062 0.07096193 0.02046378
v -0.05364062 0.07096193 0.01687003
v -0.05739062 0.06880371 0.01808097
v -0.05739062 0.06880371 0.01808097
v -0.05364062 0.07096193 0.01687003
v -0.05848437 0.06880371 0.01415519
v -0.05739062 0.06880371 0.01808097
v -0.05848437 0.06880371 0.01415519
v -0.06207812 0.06629396 0.01505362
v -0.06207812 0.06629396 0.01505362
v -0.05848437 0.06880371 0.01415519
v -0.06301562 0.06629396 0.01079581
v -0.06207812 0.06629396 0.01505362
v -0.06301562 0.06629396 0.01079581
v -0.06645314 0.06345215 0.01140128
v -0.06645314 0.06345215 0.01140128
v -0.06301562 0.06629396 0.01079581
v -0.06707814 0.06345215 0.00685050
v -0.06645314 0.06345215 0.01140128
v -0.06707814 0.06345215 0.00685050
v -0.07035939 0.06030762 0.00720206
v -0.07035939 0.06030762 0.00720206
v -0.06707814 0.06345215 0.00685050
v -0.07067189 0.06030762 0.00239738
v -0.07035939 0.06030762 0.00720206
v -0.07067189 0.06030762 0.00239738
v -0.07364064 0.05687988 0.00249503
v -0.07364064 0.05687988 0.00249503
v -0.07067189 0.06030762 0.00239738
v -0.07364064 0.05687988 -0.00250497
v -0.05848437 0.06880371 0.01415519
v -0.05364062 0.07096193 0.01687003
v -0.05457812 0.07096193 0.01319816
v -0.05848437 0.06880371 0.01415519
v -0.05457812 0.07096193 0.01319816
v -0.05926562 0.06880371 0.01015128
v -0.05926562 0.06880371 0.01015128
v -0.05457812 0.07096193 0.01319816
v -0.05535937 0.07096193 0.00946769
v -0.05926562 0.06880371 0.01015128
v -0.05535937 0.07096193 0.00946769
v -0.05989062 0.06880371 0.00610831
v -0.05989062 0.06880371 0.00610831
v -0.05535937 0.07096193 0.00946769
v -0.05598437 0.07096193 0.00569816
v -0.05989062 0.06880371 0.00610831
v -0.05598437 0.07096193 0.00569816
v -0.06020312 0.06880371 0.00204581
v -0.06020312 0.06880371 0.00204581
v -0.05598437 0.07096193 0.00569816
v -0.05614062 0.07096193 0.00190909
v -0.06020312 0.06880371 0.00204581
v -0.05614062 0.07096193 0.00190909
v -0.06020312 0.06880371 -0.00203622
v -0.05614062 0.07096193 -0.00191903
v -0.06020312 0.06880371 -0.00203622
v -0.05614062 0.07096193 -0.00191903
v -0.05989062 0.06880371 -0.00611825
v -0.05989062 0.06880371 -0.00611825
v -0.05614062 0.07096193 -0.00191903
v -0.05598437 0.07096193 -0.00570809
v -0.05989062 0.06880371 -0.00611825
v -0.05598437 0.07096193 -0.00570809
v -0.05926562 0.06880371 -0.01016122
v -0.05926562 0.06880371 -0.01016122
v -0.05598437 0.07096193 -0.00570809
v -0.05535937 0.07096193 -0.00947763
v -0.05926562 0.06880371 -0.01016122
v -0.05535937 0.07096193 -0.00947763
v -0.05848437 0.06880371 -0.01416512
v -0.05848437 0.06880371 -0.01416512
v -0.05535937 0.07096193 -0.00947763
v -0.05457812 0.07096193 -0.01320809
v -0.05848437 0.06880371 -0.01416512
v -0.05457812 0.07096193 -0.01320809
v -0.05739062 0.06880371 -0.01809091
v -0.05739062 0.06880371 -0.01809091
v -0.05457812 0.07096193 -0.01320809
v -0.05364062 0.07096193 -0.01687997
v -0.05739062 0.06880371 -0.01809091
v -0.05364062 0.07096193 -0.01687997
v -0.05598437 0.06880371 -0.02193856
v -0.05598437 0.06880371 -0.02193856
v -0.05364062 0.07096193 -0.01687997
v -0.05239062 0.07096193 -0.02047372
v -0.05598437 0.06880371 -0.02193856
v -0.05239062 0.07096193 -0.02047372
v -0.05442187 0.06880371 -0.02566903
v -0.05442187 0.06880371 -0.02566903
v -0.05239062 0.07096193 -0.02047372
v -0.05082812 0.07096193 -0.02395028
v -0.05442187 0.06880371 -0.02566903
v -0.05082812 0.07096193 -0.02395028
v -0.05254687 0.06880371 -0.02930184
v -0.05254687 0.06880371 -0.02930184
v -0.05082812 0.07096193 -0.02395028
v -0.04895312 0.07096193 -0.02732919
v -0.05254687 0.06880371 -0.02930184
v -0.04895312 0.07096193 -0.02732919
v -0.05035937 0.06880371 -0.03277841
v -0.05989062 0.06880371 0.00610831
v -0.06364062 0.06629396 0.00649894
v -0.05926562 0.06880371 0.01015128
v -0.06301562 0.06629396 0.01079581
v -0.05926562 0.06880371 0.01015128
v -0.06301562 0.06629396 0.01079581
v -0.05848437 0.06880371 0.01415519
v -0.06301562 0.06629396 0.01079581
v -0.06364062 0.06629396 0.00649894
v -0.06707814 0.06345215 0.00685050
v -0.06707814 0.06345215 0.00685050
v -0.06364062 0.06629396 0.00649894
v -0.06739064 0.06345215 0.00228019
v -0.06707814 0.06345215 0.00685050
v -0.06739064 0.06345215 0.00228019
v -0.07067189 0.06030762 0.00239738
v -0.07067189 0.06030762 0.00239738
v -0.06739064 0.06345215 0.00228019
v -0.07067189 0.06030762 -0.00240731
v -0.07067189 0.06030762 -0.00240731
v -0.07364064 0.05687988 -0.00250497
v -0.07067189 0.06030762 -0.00240731
v -0.07332814 0.05687988 -0.00750497
v -0.06364062 0.06629396 0.00649894
v -0.05989062 0.06880371 0.00610831
v -0.06395312 0.06629396 0.00216300
v -0.06020312 0.06880371 0.00204581
v -0.06395312 0.06629396 0.00216300
v -0.06020312 0.06880371 0.00204581
v -0.06395312 0.06629396 -0.00217294
v -0.06020312 0.06880371 -0.00203622
v -0.06395312 0.06629396 -0.00217294
v -0.06020312 0.06880371 -0.00203622
v -0.06364062 0.06629396 -0.00650888
v -0.05989062 0.06880371 -0.00611825
v -0.06364062 0.06629396 -0.00650888
v -0.05989062 0.06880371 -0.00611825
v -0.06301562 0.06629396 -0.01080575
v -0.06301562 0.06629396 -0.01080575
v -0.05989062 0.06880371 -0.00611825
v -0.05926562 0.06880371 -0.01016122
v -0.06301562 0.06629396 -0.01080575
v -0.05926562 0.06880371 -0.01016122
v -0.06207812 0.06629396 -0.01506356
v -0.06207812 0.06629396 -0.01506356
v -0.05926562 0.06880371 -0.01016122
v -0.05848437 0.06880371 -0.01416512
v -0.06207812 0.06629396 -0.01506356
v -0.05848437 0.06880371 -0.01416512
v -0.06098437 0.06629396 -0.01924325
v -0.06098437 0.06629396 -0.01924325
v -0.05848437 0.06880371 -0.01416512
v -0.05739062 0.06880371 -0.01809091
v -0.06098437 0.06629396 -0.01924325
v -0.05739062 0.06880371 -0.01809091
v -0.05957812 0.06629396 -0.02332528
v -0.05957812 0.06629396 -0.02332528
v -0.05739062 0.06880371 -0.01809091
v -0.05598437 0.06880371 -0.02193856
v -0.05957812 0.06629396 -0.02332528
v -0.05598437 0.06880371 -0.02193856
v -0.05770312 0.06629396 -0.02729013
v -0.05770312 0.06629396 -0.02729013
v -0.05598437 0.06880371 -0.02193856
v -0.05442187 0.06880371 -0.02566903
v -0.05770312 0.06629396 -0.02729013
v -0.05442187 0.06880371 -0.02566903
v -0.05582812 0.06629396 -0.03115731
v -0.05582812 0.06629396 -0.03115731
v -0.05442187 0.06880371 -0.02566903
v -0.05254687 0.06880371 -0.02930184
v -0.05582812 0.06629396 -0.03115731
v -0.05254687 0.06880371 -0.02930184
v -0.05348437 0.06629396 -0.03484872
v -0.05035937 0.06880371 -0.03277841
v -0.05348437 0.06629396 -0.03484872
v -0.05035937 0.06880371 -0.03277841
v -0.04801562 0.06880371 -0.03609872
v -0.06364062 0.06629396 0.00649894
v -0.06395312 0.06629396 0.00216300
v -0.06739064 0.06345215 0.00228019
v -0.06739064 0.06345215 0.00228019
v -0.06395312 0.06629396 0.00216300
v -0.06739064 0.06345215 -0.00229013
v -0.06739064 0.06345215 -0.00229013
v -0.07067189 0.06030762 -0.00240731
v -0.06739064 0.06345215 -0.00229013
v -0.07035939 0.06030762 -0.00721200
v -0.07067189 0.06030762 -0.00240731
v -0.07035939 0.06030762 -0.00721200
v -0.07332814 0.05687988 -0.00750497
v -0.07332814 0.05687988 -0.00750497
v -0.07035939 0.06030762 -0.00721200
v -0.07254689 0.05687988 -0.01246591
v -0.06395312 0.06629396 -0.00217294
v -0.06739064 0.06345215 -0.00229013
v -0.06395312 0.06629396 -0.00217294
v -0.06707814 0.06345215 -0.00686044
v -0.06707814 0.06345215 -0.00686044
v -0.06395312 0.06629396 -0.00217294
v -0.06364062 0.06629396 -0.00650888
v -0.06707814 0.06345215 -0.00686044
v -0.06364062 0.06629396 -0.00650888
v -0.06645314 0.06345215 -0.01141122
v -0.06645314 0.06345215 -0.01141122
v -0.06364062 0.06629396 -0.00650888
v -0.06301562 0.06629396 -0.01080575
v -0.06645314 0.06345215 -0.01141122
v -0.06301562 0.06629396 -0.01080575
v -0.06551564 0.06345215 -0.01590341
v -0.06551564 0.06345215 -0.01590341
v -0.06301562 0.06629396 -0.01080575
v -0.06207812 0.06629396 -0.01506356
v -0.06551564 0.06345215 -0.01590341
v -0.06207812 0.06629396 -0.01506356
v -0.06426564 0.06345215 -0.02029794
v -0.06426564 0.06345215 -0.02029794
v -0.06207812 0.06629396 -0.01506356
v -0.06098437 0.06629396 -0.01924325
v -0.06426564 0.06345215 -0.02029794
v -0.06098437 0.06629396 -0.01924325
v -0.06270312 0.06345215 -0.02461434
v -0.06270312 0.06345215 -0.02461434
v -0.06098437 0.06629396 -0.01924325
v -0.05957812 0.06629396 -0.02332528
v -0.06270312 0.06345215 -0.02461434
v -0.05957812 0.06629396 -0.02332528
v -0.06098437 0.06345215 -0.02881356
v -0.06098437 0.06345215 -0.02881356
v -0.05957812 0.06629396 -0.02332528
v -0.05770312 0.06629396 -0.02729013
v -0.06098437 0.06345215 -0.02881356
v -0.05770312 0.06629396 -0.02729013
v -0.05879687 0.06345215 -0.03287606
v -0.05879687 0.06345215 -0.03287606
v -0.05770312 0.06629396 -0.02729013
v -0.05582812 0.06629396 -0.03115731
v -0.05879687 0.06345215 -0.03287606
v -0.05582812 0.06629396 -0.03115731
v -0.05645312 0.06345215 -0.03678231
v -0.05645312 0.06345215 -0.03678231
v -0.05582812 0.06629396 -0.03115731
v -0.05348437 0.06629396 -0.03484872
v -0.05645312 0.06345215 -0.03678231
v -0.05348437 0.06629396 -0.03484872
v -0.05098437 0.06629396 -0.03838388
v -0.05098437 0.06629396 -0.03838388
v -0.05098437 0.06629396 -0.03838388
v -0.04801562 0.06880371 -0.03609872
v -0.04535937 0.06880371 -0.03926278
v -0.06739064 0.06345215 -0.00229013
v -0.06707814 0.06345215 -0.00686044
v -0.07035939 0.06030762 -0.00721200
v -0.07035939 0.06030762 -0.00721200
v -0.06707814 0.06345215 -0.00686044
v -0.06973439 0.06030762 -0.01195809
v -0.07035939 0.06030762 -0.00721200
v -0.06973439 0.06030762 -0.01195809
v -0.07254689 0.05687988 -0.01246591
v -0.07254689 0.05687988 -0.01246591
v -0.06973439 0.06030762 -0.01195809
v -0.07160939 0.05687988 -0.01736825
v -0.06973439 0.06030762 -0.01195809
v -0.06707814 0.06345215 -0.00686044
v -0.06645314 0.06345215 -0.01141122
v -0.06973439 0.06030762 -0.01195809
v -0.06645314 0.06345215 -0.01141122
v -0.06879689 0.06030762 -0.01666513
v -0.06879689 0.06030762 -0.01666513
v -0.06645314 0.06345215 -0.01141122
v -0.06551564 0.06345215 -0.01590341
v -0.06879689 0.06030762 -0.01666513
v -0.06551564 0.06345215 -0.01590341
v -0.06739064 0.06030762 -0.02129403
v -0.06739064 0.06030762 -0.02129403
v -0.06551564 0.06345215 -0.01590341
v -0.06426564 0.06345215 -0.02029794
v -0.06739064 0.06030762 -0.02129403
v -0.06426564 0.06345215 -0.02029794
v -0.06582814 0.06030762 -0.02582528
v -0.06582814 0.06030762 -0.02582528
v -0.06426564 0.06345215 -0.02029794
v -0.06270312 0.06345215 -0.02461434
v -0.06582814 0.06030762 -0.02582528
v -0.06270312 0.06345215 -0.02461434
v -0.06379687 0.06030762 -0.03021981
v -0.06379687 0.06030762 -0.03021981
v -0.06270312 0.06345215 -0.02461434
v -0.06098437 0.06345215 -0.02881356
v -0.06379687 0.06030762 -0.03021981
v -0.06098437 0.06345215 -0.02881356
v -0.06160937 0.06030762 -0.03447763
v -0.06160937 0.06030762 -0.03447763
v -0.06098437 0.06345215 -0.02881356
v -0.05879687 0.06345215 -0.03287606
v -0.06160937 0.06030762 -0.03447763
v -0.05879687 0.06345215 -0.03287606
v -0.05910937 0.06030762 -0.03857919
v -0.05910937 0.06030762 -0.03857919
v -0.05879687 0.06345215 -0.03287606
v -0.05645312 0.06345215 -0.03678231
v -0.05910937 0.06030762 -0.03857919
v -0.05645312 0.06345215 -0.03678231
v -0.05379687 0.06345215 -0.04051278
v -0.05379687 0.06345215 -0.04051278
v -0.05379687 0.06345215 -0.04051278
v -0.05098437 0.06629396 -0.03838388
v -0.04817187 0.06629396 -0.04174325
v -0.04817187 0.06629396 -0.04174325
v -0.04817187 0.06629396 -0.04174325
v -0.04535937 0.06880371 -0.03926278
v -0.04520312 0.06629396 -0.04490731
v -0.06739064 0.06030762 -0.02129403
v -0.07020314 0.05687988 -0.02219247
v -0.06879689 0.06030762 -0.01666513
v -0.06879689 0.06030762 -0.01666513
v -0.07020314 0.05687988 -0.02219247
v -0.07160939 0.05687988 -0.01736825
v -0.06879689 0.06030762 -0.01666513
v -0.07160939 0.05687988 -0.01736825
v -0.06973439 0.06030762 -0.01195809
v -0.07020314 0.05687988 -0.02219247
v -0.06739064 0.06030762 -0.02129403
v -0.06848439 0.05687988 -0.02691903
v -0.06848439 0.05687988 -0.02691903
v -0.06739064 0.06030762 -0.02129403
v -0.06582814 0.06030762 -0.02582528
v -0.06848439 0.05687988 -0.02691903
v -0.06582814 0.06030762 -0.02582528
v -0.06660939 0.05687988 -0.03148934
v -0.06660939 0.05687988 -0.03148934
v -0.06582814 0.06030762 -0.02582528
v -0.06379687 0.06030762 -0.03021981
v -0.06660939 0.05687988 -0.03148934
v -0.06379687 0.06030762 -0.03021981
v -0.06426564 0.05687988 -0.03594247
v -0.06426564 0.05687988 -0.03594247
v -0.06379687 0.06030762 -0.03021981
v -0.06160937 0.06030762 -0.03447763
v -0.06426564 0.05687988 -0.03594247
v -0.06160937 0.06030762 -0.03447763
v -0.06160937 0.05687988 -0.04021981
v -0.06160937 0.05687988 -0.04021981
v -0.06160937 0.06030762 -0.03447763
v -0.05910937 0.06030762 -0.03857919
v -0.06160937 0.05687988 -0.04021981
v -0.05910937 0.06030762 -0.03857919
v -0.05629687 0.06030762 -0.04248544
v -0.05629687 0.06030762 -0.04248544
v -0.05629687 0.06030762 -0.04248544
v -0.05379687 0.06345215 -0.04051278
v -0.05082812 0.06345215 -0.04406747
v -0.05082812 0.06345215 -0.04406747
v -0.05082812 0.06345215 -0.04406747
v -0.04817187 0.06629396 -0.04174325
v -0.04770312 0.06345215 -0.04740731
v -0.04520312 0.06629396 -0.04490731
v -0.04770312 0.06345215 -0.04740731
v -0.04520312 0.06629396 -0.04490731
v -0.04442187 0.06345215 -0.05051278
v -0.04364062 0.07275879 -0.02828622
v -0.04707812 0.07096193 -0.03059091
v -0.04364062 0.07275879 -0.02828622
v -0.04160937 0.07275879 -0.03115731
v -0.04160937 0.07275879 -0.03115731
v -0.04160937 0.07275879 -0.03115731
v -0.03817187 0.07416504 -0.02854013
v -0.03614062 0.07416504 -0.03105966
v -0.05864062 0.05687988 -0.04428231
v -0.06160937 0.05687988 -0.04021981
v -0.05629687 0.06030762 -0.04248544
v -0.05864062 0.05687988 -0.04428231
v -0.05629687 0.06030762 -0.04248544
v -0.05332812 0.06030762 -0.04621591
v -0.05332812 0.06030762 -0.04621591
v -0.05629687 0.06030762 -0.04248544
v -0.05082812 0.06345215 -0.04406747
v -0.05332812 0.06030762 -0.04621591
v -0.05082812 0.06345215 -0.04406747
v -0.05004687 0.06030762 -0.04971200
v -0.04770312 0.06345215 -0.04740731
v -0.05004687 0.06030762 -0.04971200
v -0.04770312 0.06345215 -0.04740731
v -0.04645312 0.06030762 -0.05297372
v -0.04645312 0.06030762 -0.05297372
v -0.04770312 0.06345215 -0.04740731
v -0.04442187 0.06345215 -0.05051278
v -0.04489062 0.07096193 -0.03367684
v -0.03614062 0.07416504 -0.03105966
v -0.03926562 0.07275879 -0.03389169
v -0.04160937 0.07275879 -0.03115731
v -0.04160937 0.07275879 -0.03115731
v -0.04489062 0.07096193 -0.03367684
v -0.05207812 0.05687988 -0.05180184
v -0.05551562 0.05687988 -0.04816903
v -0.05332812 0.06030762 -0.04621591
v -0.05332812 0.06030762 -0.04621591
v -0.05551562 0.05687988 -0.04816903
v -0.05864062 0.05687988 -0.04428231
v -0.05207812 0.05687988 -0.05180184
v -0.05332812 0.06030762 -0.04621591
v -0.05004687 0.06030762 -0.04971200
v -0.04848437 0.05687988 -0.05521981
v -0.05207812 0.05687988 -0.05180184
v -0.05004687 0.06030762 -0.04971200
v -0.04848437 0.05687988 -0.05521981
v -0.05004687 0.06030762 -0.04971200
v -0.04645312 0.06030762 -0.05297372
v 0.07214064 0.01168457 -0.05270028
v 0.07214064 0.01216309 -0.05146981
v 0.07214064 0.01116699 -0.05162606
v 0.07214064 0.01023926 -0.05018075
v 0.07214064 0.01250488 -0.05014169
v 0.07214064 0.01268066 -0.04877450
v 0.07214064 0.00917481 -0.04893075
v 0.07214064 0.01268066 -0.04746591
v 0.07214064 0.00789551 -0.04783700
v 0.07214064 0.01250488 -0.04609872
v 0.07214064 0.01216309 -0.04475106
v 0.07214064 0.00646973 -0.04695809
v 0.07214064 0.01168457 -0.04354013
v 0.07214064 0.00502441 -0.04635263
v 0.07214064 0.01102051 -0.04232919
v 0.07214064 0.01020996 -0.04121591
v 0.07214064 0.00346191 -0.04598153
v 0.07214064 0.00931152 -0.04023934
v 0.07214064 0.00825684 -0.03937997
v 0.07214064 0.00708496 -0.03863778
v 0.07214064 0.00189941 -0.04584481
v 0.07214064 0.00588379 -0.03807138
v 0.07214064 0.00459473 -0.03766122
v 0.07214064 0.00322754 -0.03738778
v 0.07214064 0.00189941 -0.03730966
v 0.07214064 0.00056152 -0.03738778
v 0.07214064 -0.00080566 -0.03766122
v 0.07214064 -0.00208496 -0.03807138
v 0.07214064 -0.00328613 -0.03863778
v 0.07214064 0.00037598 -0.04596200
v 0.07214064 -0.00445801 -0.03937997
v 0.07214064 -0.00551270 -0.04023934
v 0.07214064 -0.00641113 -0.04121591
v 0.07214064 -0.00115723 -0.04633309
v 0.07214064 -0.00722168 -0.04232919
v 0.07214064 -0.00788574 -0.04354013
v 0.07214064 -0.00256348 -0.04689950
v 0.07214064 -0.00837402 -0.04475106
v 0.07214064 -0.00396973 -0.04773934
v 0.07214064 -0.00870606 -0.04609872
v 0.07214064 -0.00888184 -0.04746591
v 0.07214064 -0.00522949 -0.04879403
v 0.07214064 -0.00888184 -0.04877450
v 0.07214064 -0.00632324 -0.05000497
v 0.07214064 -0.00870606 -0.05014169
v 0.07214064 -0.00729004 -0.05146981
v 0.07214064 -0.00836426 -0.05146981
v 0.07214064 -0.00788574 -0.05270028
v 0.07214064 0.01168457 -0.05270028
v 0.07214064 0.01204590 -0.05367684
v 0.07214064 0.01092285 -0.05404794
v 0.07214064 0.01236816 -0.05482919
v 0.07214064 0.00998535 -0.05527841
v 0.07214064 0.01258301 -0.05604013
v 0.07214064 0.00893067 -0.05631356
v 0.07214064 0.00767090 -0.05723153
v 0.07214064 0.01258301 -0.05961434
v 0.07214064 0.00633301 -0.05797372
v 0.07214064 0.01222168 -0.06143075
v 0.07214064 0.00492676 -0.05848153
v 0.07214064 0.01143066 -0.06357919
v 0.07214064 0.00340332 -0.05879403
v 0.07214064 0.01088379 -0.06463388
v 0.07214064 0.01023926 -0.06562997
v 0.07214064 0.00953613 -0.06650888
v 0.07214064 0.00189941 -0.05891122
v 0.07214064 0.00876465 -0.06732920
v 0.07214064 0.00729981 -0.06850106
v 0.07214064 -0.00350098 -0.06850106
v 0.07214064 -0.00436035 -0.06787606
v 0.07214064 -0.00517090 -0.06713388
v 0.07214064 0.00039551 -0.05879403
v 0.07214064 -0.00591309 -0.06631356
v 0.07214064 -0.00663574 -0.06535653
v 0.07214064 -0.00727051 -0.06430184
v 0.07214064 -0.00113770 -0.05848153
v 0.07214064 -0.00779785 -0.06322763
v 0.07214064 -0.00839356 -0.06154794
v 0.07214064 -0.00253418 -0.05797372
v 0.07214064 -0.00878418 -0.05967294
v 0.07214064 -0.00388184 -0.05723153
v 0.07214064 -0.00513184 -0.05631356
v 0.07214064 -0.00878418 -0.05600106
v 0.07214064 -0.00618652 -0.05527841
v 0.07214064 -0.00855957 -0.05477059
v 0.07214064 -0.00712402 -0.05404794
v 0.07214064 -0.00788574 -0.05270028
v -0.02848438 -0.07600098 -0.01850106
v 0.02026563 -0.07581543 -0.02285653
v 0.13479691 -0.07600098 -0.01850106
v 0.08635939 -0.07581543 -0.02285653
v 0.13479691 -0.07600098 -0.01850106
v 0.08635939 -0.07581543 -0.02285653
v 0.13729691 -0.07577637 -0.02320809
v 0.13729691 -0.07577637 -0.02320809
v 0.08635939 -0.07581543 -0.02285653
v 0.13839060 -0.07549318 -0.02562997
v 0.13839060 -0.07549318 -0.02562997
v 0.08635939 -0.07581543 -0.02285653
v 0.08635939 -0.07523926 -0.02719247
v 0.13839060 -0.07549318 -0.02562997
v 0.08635939 -0.07523926 -0.02719247
v 0.13964060 -0.07508301 -0.02805184
v 0.13964060 -0.07508301 -0.02805184
v 0.08635939 -0.07523926 -0.02719247
v 0.08635939 -0.07430176 -0.03145028
v 0.13964060 -0.07508301 -0.02805184
v 0.08635939 -0.07430176 -0.03145028
v 0.14135941 -0.07419435 -0.03184091
v 0.14135941 -0.07419435 -0.03184091
v 0.08635939 -0.07430176 -0.03145028
v 0.08635939 -0.07299318 -0.03561044
v 0.14292191 -0.07299318 -0.03561044
v 0.14292191 -0.07299318 -0.03561044
v 0.08635939 -0.07299318 -0.03561044
v 0.14417191 -0.07187012 -0.03842294
v 0.14417191 -0.07187012 -0.03842294
v 0.08635939 -0.07299318 -0.03561044
v 0.08635939 -0.07131348 -0.03963388
v 0.14417191 -0.07187012 -0.03842294
v 0.08635939 -0.07131348 -0.03963388
v 0.14526560 -0.07056153 -0.04117684
v 0.14526560 -0.07056153 -0.04117684
v 0.08635939 -0.07131348 -0.03963388
v 0.08635939 -0.06930176 -0.04350106
v 0.14526560 -0.07056153 -0.04117684
v 0.08635939 -0.06930176 -0.04350106
v 0.14667191 -0.06856935 -0.04473153
v 0.14667191 -0.06856935 -0.04473153
v 0.08635939 -0.06930176 -0.04350106
v 0.08635939 -0.06695801 -0.04719247
v 0.14667191 -0.06856935 -0.04473153
v 0.08635939 -0.06695801 -0.04719247
v 0.14792191 -0.06627442 -0.04814950
v 0.14792191 -0.06627442 -0.04814950
v 0.08635939 -0.06695801 -0.04719247
v 0.08635939 -0.06430176 -0.05064950
v 0.14870310 -0.06482910 -0.05000497
v 0.14870310 -0.06482910 -0.05000497
v 0.08635939 -0.06430176 -0.05064950
v 0.14932810 -0.06328613 -0.05182138
v 0.14932810 -0.06328613 -0.05182138
v 0.08635939 -0.06430176 -0.05064950
v 0.08635939 -0.06136230 -0.05385263
v 0.14932810 -0.06328613 -0.05182138
v 0.08635939 -0.06136230 -0.05385263
v 0.14995310 -0.06165527 -0.05355966
v 0.14995310 -0.06165527 -0.05355966
v 0.08635939 -0.06136230 -0.05385263
v 0.15057810 -0.05993652 -0.05521981
v 0.15057810 -0.05993652 -0.05521981
v 0.08635939 -0.06136230 -0.05385263
v 0.08635939 -0.05813965 -0.05680184
v 0.15057810 -0.05993652 -0.05521981
v 0.08635939 -0.05813965 -0.05680184
v 0.15104691 -0.05825683 -0.05670419
v 0.15104691 -0.05825683 -0.05670419
v 0.08635939 -0.05813965 -0.05680184
v 0.15151560 -0.05649902 -0.05812997
v 0.15151560 -0.05649902 -0.05812997
v 0.08635939 -0.05813965 -0.05680184
v 0.08635939 -0.05469238 -0.05945809
v 0.15151560 -0.05649902 -0.05812997
v 0.08635939 -0.05469238 -0.05945809
v 0.15198441 -0.05468262 -0.05945809
v 0.15198441 -0.05468262 -0.05945809
v 0.08635939 -0.05469238 -0.05945809
v 0.10948440 -0.05279785 -0.06070809
v 0.15245310 -0.05279785 -0.06070809
v -0.02848438 -0.07600098 -0.01850106
v -0.03098438 -0.07576661 -0.02336434
v 0.02026563 -0.07581543 -0.02285653
v 0.02026563 -0.07581543 -0.02285653
v -0.03098438 -0.07576661 -0.02336434
v -0.03223437 -0.07546387 -0.02584481
v 0.02026563 -0.07581543 -0.02285653
v -0.03223437 -0.07546387 -0.02584481
v 0.02026563 -0.07523926 -0.02719247
v 0.02026563 -0.07523926 -0.02719247
v -0.03223437 -0.07546387 -0.02584481
v -0.03332812 -0.07502443 -0.02834481
v 0.02026563 -0.07523926 -0.02719247
v -0.03332812 -0.07502443 -0.02834481
v 0.02026563 -0.07430176 -0.03145028
v 0.02026563 -0.07430176 -0.03145028
v -0.03332812 -0.07502443 -0.02834481
v -0.03489062 -0.07415528 -0.03197763
v 0.02026563 -0.07430176 -0.03145028
v -0.03489062 -0.07415528 -0.03197763
v 0.02026563 -0.07298340 -0.03561044
v 0.02026563 -0.07298340 -0.03561044
v -0.03489062 -0.07415528 -0.03197763
v -0.03645312 -0.07300293 -0.03555184
v 0.02026563 -0.07298340 -0.03561044
v -0.03645312 -0.07300293 -0.03555184
v -0.03770312 -0.07188965 -0.03836434
v 0.02026563 -0.07298340 -0.03561044
v -0.03770312 -0.07188965 -0.03836434
v 0.02026563 -0.07131348 -0.03963388
v 0.02026563 -0.07131348 -0.03963388
v -0.03770312 -0.07188965 -0.03836434
v -0.03864062 -0.07060060 -0.04111825
v 0.02026563 -0.07131348 -0.03963388
v -0.03864062 -0.07060060 -0.04111825
v 0.02026563 -0.06930176 -0.04350106
v 0.02026563 -0.06930176 -0.04350106
v -0.03864062 -0.07060060 -0.04111825
v -0.04004687 -0.06860840 -0.04467294
v 0.02026563 -0.06930176 -0.04350106
v -0.04004687 -0.06860840 -0.04467294
v 0.02026563 -0.06695801 -0.04719247
v 0.02026563 -0.06695801 -0.04719247
v -0.04004687 -0.06860840 -0.04467294
v -0.04129687 -0.06633301 -0.04807138
v 0.02026563 -0.06695801 -0.04719247
v -0.04129687 -0.06633301 -0.04807138
v 0.02026563 -0.06430176 -0.05064950
v -0.04207812 -0.06487793 -0.04994638
v 0.02026563 -0.06430176 -0.05064950
v -0.04207812 -0.06487793 -0.04994638
v -0.04270312 -0.06334473 -0.05176278
v 0.02026563 -0.06430176 -0.05064950
v -0.04270312 -0.06334473 -0.05176278
v 0.02026563 -0.06136230 -0.05385263
v 0.02026563 -0.06136230 -0.05385263
v -0.04270312 -0.06334473 -0.05176278
v -0.04332812 -0.06171387 -0.05350106
v 0.02026563 -0.06136230 -0.05385263
v -0.04332812 -0.06171387 -0.05350106
v -0.04379687 -0.05999512 -0.05516122
v 0.02026563 -0.06136230 -0.05385263
v -0.04379687 -0.05999512 -0.05516122
v 0.02026563 -0.05813965 -0.05680184
v 0.02026563 -0.05813965 -0.05680184
v -0.04379687 -0.05999512 -0.05516122
v -0.04442187 -0.05830566 -0.05666513
v 0.02026563 -0.05813965 -0.05680184
v -0.04442187 -0.05830566 -0.05666513
v -0.04489062 -0.05653808 -0.05809091
v 0.02026563 -0.05813965 -0.05680184
v -0.04489062 -0.05653808 -0.05809091
v 0.02026563 -0.05469238 -0.05945809
v 0.02026563 -0.05469238 -0.05945809
v -0.04489062 -0.05653808 -0.05809091
v -0.04535937 -0.05470215 -0.05945809
v 0.02026563 -0.05469238 -0.05945809
v -0.04535937 -0.05470215 -0.05945809
v -0.00317188 -0.05279785 -0.06070809
v -0.04567187 -0.05279785 -0.06070809
v 0.02026563 -0.05469238 -0.05945809
v -0.00317188 -0.05279785 -0.06070809
v 0.02026563 -0.05100098 -0.06180184
v 0.02026563 -0.05100098 -0.06180184
v -0.00317188 -0.05279785 -0.06070809
v -0.00317188 -0.05205566 -0.06117684
v 0.02026563 -0.05100098 -0.06180184
v -0.00317188 -0.05205566 -0.06117684
v -0.00317188 -0.05131348 -0.06162606
v -0.00317188 -0.05131348 -0.06162606
v -0.00317188 -0.05055176 -0.06205575
v 0.02026563 -0.05100098 -0.06180184
v 0.02026563 -0.05100098 -0.06180184
v -0.00317188 -0.05055176 -0.06205575
v -0.00207813 -0.05053223 -0.06207528
v 0.02026563 -0.05100098 -0.06180184
v -0.00207813 -0.05053223 -0.06207528
v -0.00114063 -0.05041504 -0.06213388
v -0.00114063 -0.05041504 -0.06213388
v -0.00004688 -0.05019043 -0.06227059
v 0.02026563 -0.05100098 -0.06180184
v -0.00004688 -0.05019043 -0.06227059
v 0.00089063 -0.04986816 -0.06244638
v 0.02026563 -0.05100098 -0.06180184
v 0.00089063 -0.04986816 -0.06244638
v 0.00182813 -0.04943848 -0.06266122
v 0.00182813 -0.04943848 -0.06266122
v 0.00260938 -0.04894043 -0.06293466
v 0.00260938 -0.04894043 -0.06293466
v 0.02026563 -0.04713379 -0.06381356
v 0.08635939 -0.04713379 -0.06381356
v 0.08635939 -0.04713379 -0.06381356
v 0.02026563 -0.04713379 -0.06381356
v 0.08635939 -0.04310058 -0.06549325
v 0.10307811 -0.04446777 -0.06496591
v 0.10307811 -0.04446777 -0.06496591
v 0.08635939 -0.04310058 -0.06549325
v 0.10276561 -0.04351074 -0.06533700
v 0.10276561 -0.04351074 -0.06533700
v 0.08635939 -0.04310058 -0.06549325
v 0.10260940 -0.04253418 -0.06568856
v 0.10260940 -0.04253418 -0.06568856
v 0.08635939 -0.04310058 -0.06549325
v 0.10229690 -0.04064941 -0.06631356
v 0.10229690 -0.04064941 -0.06631356
v 0.08635939 -0.04310058 -0.06549325
v 0.02026563 -0.04310058 -0.06549325
v 0.10229690 -0.04064941 -0.06631356
v 0.02026563 -0.04310058 -0.06549325
v 0.08635939 -0.03894043 -0.06680184
v 0.08635939 -0.03894043 -0.06680184
v 0.02026563 -0.04310058 -0.06549325
v 0.00714063 -0.04077637 -0.06627450
v 0.00714063 -0.04077637 -0.06627450
v 0.02026563 -0.03894043 -0.06680184
v 0.02026563 -0.03894043 -0.06680184
v 0.00714063 -0.04077637 -0.06627450
v 0.00698438 -0.03884277 -0.06682138
v 0.02026563 -0.03894043 -0.06680184
v 0.00698438 -0.03884277 -0.06682138
v 0.00682813 -0.03786621 -0.06707528
v 0.00260938 -0.04894043 -0.06293466
v 0.00417188 -0.04772949 -0.06354013
v 0.02026563 -0.04713379 -0.06381356
v 0.02026563 -0.04713379 -0.06381356
v 0.00417188 -0.04772949 -0.06354013
v 0.00542188 -0.04627441 -0.06420420
v 0.02026563 -0.04713379 -0.06381356
v 0.00542188 -0.04627441 -0.06420420
v 0.00635938 -0.04456543 -0.06492684
v 0.00635938 -0.04456543 -0.06492684
v 0.02026563 -0.04310058 -0.06549325
v 0.02026563 -0.04310058 -0.06549325
v 0.00635938 -0.04456543 -0.06492684
v 0.00698438 -0.04269043 -0.06562997
v 0.00698438 -0.04269043 -0.06562997
v 0.00714063 -0.04077637 -0.06627450
v 0.00682813 -0.03786621 -0.06707528
v 0.00651563 -0.03689941 -0.06730967
v 0.02026563 -0.03894043 -0.06680184
v 0.02026563 -0.03894043 -0.06680184
v 0.00651563 -0.03689941 -0.06730967
v 0.08635939 -0.03468262 -0.06773934
v 0.02026563 -0.03894043 -0.06680184
v 0.08635939 -0.03468262 -0.06773934
v 0.10307811 -0.03675293 -0.06732920
v 0.10401561 -0.03498535 -0.06770028
v 0.10401561 -0.03498535 -0.06770028
v 0.08635939 -0.03468262 -0.06773934
v 0.10526561 -0.03354004 -0.06793467
v 0.10526561 -0.03354004 -0.06793467
v 0.08635939 -0.03468262 -0.06773934
v 0.10667190 -0.03229980 -0.06811045
v 0.10667190 -0.03229980 -0.06811045
v 0.08635939 -0.03468262 -0.06773934
v 0.08635939 -0.03035645 -0.06830575
v 0.10667190 -0.03229980 -0.06811045
v 0.08635939 -0.03035645 -0.06830575
v 0.10854690 -0.03134277 -0.06822763
v 0.10854690 -0.03134277 -0.06822763
v 0.08635939 -0.03035645 -0.06830575
v 0.10948440 -0.03097168 -0.06826670
v 0.10948440 -0.03097168 -0.06826670
v 0.08635939 -0.03035645 -0.06830575
v 0.10948440 -0.03024902 -0.06832528
v 0.10948440 -0.02952637 -0.06838388
v 0.10948440 -0.02952637 -0.06838388
v 0.08635939 -0.03035645 -0.06830575
v 0.10948440 -0.02880371 -0.06842295
v 0.10948440 -0.02880371 -0.06842295
v 0.02026563 -0.03035645 -0.06830575
v -0.00317188 -0.02880371 -0.06842295
v -0.00317188 -0.02880371 -0.06842295
v 0.02026563 -0.03035645 -0.06830575
v -0.00317188 -0.02938965 -0.06838388
v -0.00317188 -0.02997559 -0.06834481
v -0.00317188 -0.02997559 -0.06834481
v 0.02026563 -0.03035645 -0.06830575
v -0.00317188 -0.03056152 -0.06828622
v -0.00317188 -0.03056152 -0.06828622
v 0.02026563 -0.03035645 -0.06830575
v -0.00207813 -0.03058106 -0.06828622
v -0.00207813 -0.03058106 -0.06828622
v 0.02026563 -0.03035645 -0.06830575
v -0.00114063 -0.03070801 -0.06828622
v -0.00114063 -0.03070801 -0.06828622
v -0.00004688 -0.03093262 -0.06826670
v -0.00004688 -0.03093262 -0.06826670
v 0.02026563 -0.03035645 -0.06830575
v 0.00089063 -0.03126465 -0.06822763
v 0.00089063 -0.03126465 -0.06822763
v 0.02026563 -0.03035645 -0.06830575
v 0.00182813 -0.03170410 -0.06816903
v 0.00182813 -0.03170410 -0.06816903
v 0.00276563 -0.03224121 -0.06811045
v 0.00276563 -0.03224121 -0.06811045
v 0.02026563 -0.03468262 -0.06773934
v 0.00276563 -0.03224121 -0.06811045
v 0.02026563 -0.03468262 -0.06773934
v 0.00354688 -0.03284668 -0.06803231
v 0.00354688 -0.03284668 -0.06803231
v 0.02026563 -0.03468262 -0.06773934
v 0.00432813 -0.03351074 -0.06793467
v 0.00432813 -0.03351074 -0.06793467
v 0.02026563 -0.03468262 -0.06773934
v 0.00495313 -0.03425293 -0.06781747
v 0.00557813 -0.03507324 -0.06768075
v 0.00557813 -0.03507324 -0.06768075
v 0.02026563 -0.03468262 -0.06773934
v 0.00604688 -0.03596191 -0.06750497
v 0.00604688 -0.03596191 -0.06750497
v 0.02026563 -0.03468262 -0.06773934
v 0.00651563 -0.03689941 -0.06730967
v 0.00651563 -0.03689941 -0.06730967
v 0.08635939 -0.03468262 -0.06773934
v -0.03285937 -0.02880371 -0.06842295
v -0.03270312 -0.02600098 -0.06850106
v -0.00317188 -0.02880371 -0.06842295
v 0.10948440 -0.02880371 -0.06842295
v 0.13995310 -0.02600098 -0.06850106
v 0.14010941 -0.02880371 -0.06842295
v 0.10307811 -0.03675293 -0.06732920
v 0.08635939 -0.03894043 -0.06680184
v 0.08635939 -0.03894043 -0.06680184
v 0.10307811 -0.03675293 -0.06732920
v 0.10276561 -0.03776855 -0.06709481
v 0.08635939 -0.03894043 -0.06680184
v 0.10276561 -0.03776855 -0.06709481
v 0.10245311 -0.03961426 -0.06660653
v 0.10245311 -0.03961426 -0.06660653
v 0.10229690 -0.04064941 -0.06631356
v 0.08635939 -0.03894043 -0.06680184
v 0.10307811 -0.04446777 -0.06496591
v 0.10417190 -0.04623535 -0.06422372
v 0.08635939 -0.04713379 -0.06381356
v 0.08635939 -0.04713379 -0.06381356
v 0.10417190 -0.04623535 -0.06422372
v 0.10479690 -0.04707519 -0.06385263
v 0.08635939 -0.04713379 -0.06381356
v 0.10479690 -0.04707519 -0.06385263
v 0.10604690 -0.04838379 -0.06320809
v 0.10604690 -0.04838379 -0.06320809
v 0.08635939 -0.05100098 -0.06180184
v 0.08635939 -0.05100098 -0.06180184
v 0.10604690 -0.04838379 -0.06320809
v 0.10760940 -0.04938965 -0.06270028
v 0.08635939 -0.05100098 -0.06180184
v 0.10760940 -0.04938965 -0.06270028
v 0.10854690 -0.04980957 -0.06246591
v 0.10854690 -0.04980957 -0.06246591
v 0.10948440 -0.05015137 -0.06229013
v 0.08635939 -0.05100098 -0.06180184
v 0.10948440 -0.05015137 -0.06229013
v 0.10948440 -0.05104004 -0.06178231
v 0.08635939 -0.05100098 -0.06180184
v 0.10948440 -0.05104004 -0.06178231
v 0.10948440 -0.05192871 -0.06125497
v 0.10948440 -0.05192871 -0.06125497
v 0.10948440 -0.05279785 -0.06070809
v 0.08635939 -0.05100098 -0.06180184
v 0.08635939 -0.05100098 -0.06180184
v 0.10948440 -0.05279785 -0.06070809
v 0.08635939 -0.05469238 -0.05945809
v 0.02026563 -0.07298340 -0.03561044
v 0.08635939 -0.07131348 -0.03963388
v 0.13479691 -0.07600098 0.01849113
v -0.02848438 -0.07600098 0.01849113
v 0.13651560 -0.07600098 0.01540519
v -0.03035938 -0.07600098 0.01542472
v 0.13792191 -0.07600098 0.01216300
v -0.03176563 -0.07600098 0.01218253
v -0.03285937 -0.07600098 0.00880363
v 0.13901560 -0.07600098 0.00878409
v -0.03364062 -0.07600098 0.00532706
v 0.13979691 -0.07600098 0.00530753
v -0.03410937 -0.07600098 0.00177238
v 0.14010941 -0.07600098 0.00177238
v 0.14010941 -0.07600098 -0.00178231
v -0.03410937 -0.07600098 -0.00178231
v 0.13979691 -0.07600098 -0.00529794
v -0.03364062 -0.07600098 -0.00533700
v 0.13901560 -0.07600098 -0.00877450
v -0.03285937 -0.07600098 -0.00881356
v -0.03176563 -0.07600098 -0.01219247
v 0.13792191 -0.07600098 -0.01217294
v -0.03035938 -0.07600098 -0.01543466
v 0.13651560 -0.07600098 -0.01541512
v -0.02848438 -0.07600098 -0.01850106
v 0.13479691 -0.07600098 -0.01850106
v 0.10010940 -0.02600098 0.06849113
v 0.00948438 -0.02600098 0.06849113
v 0.09870314 -0.02737793 0.06847161
v 0.01089062 -0.02737793 0.06847161
v 0.09870314 -0.02737793 0.06847161
v 0.01089062 -0.02737793 0.06847161
v 0.09729689 -0.02892090 0.06841301
v 0.01214062 -0.02892090 0.06841301
v 0.09729689 -0.02892090 0.06841301
v 0.01214062 -0.02892090 0.06841301
v 0.08635939 -0.03035645 0.06829583
v 0.02026563 -0.03035645 0.06829583
v 0.08635939 -0.03035645 0.06829583
v 0.02026563 -0.03035645 0.06829583
v 0.01432812 -0.03246582 0.06808097
v 0.01432812 -0.03246582 0.06808097
v 0.02026563 -0.03035645 0.06829583
v 0.01339062 -0.03062988 0.06827629
v 0.01339062 -0.03062988 0.06827629
v 0.01510937 -0.03439941 0.06778801
v 0.02026563 -0.03468262 0.06772941
v 0.01432812 -0.03246582 0.06808097
v 0.01432812 -0.03246582 0.06808097
v 0.02026563 -0.03468262 0.06772941
v 0.08635939 -0.03468262 0.06772941
v 0.09510939 -0.03246582 0.06808097
v 0.09510939 -0.03246582 0.06808097
v 0.08635939 -0.03468262 0.06772941
v 0.09432814 -0.03439941 0.06778801
v 0.09432814 -0.03439941 0.06778801
v 0.08635939 -0.03468262 0.06772941
v 0.09385939 -0.03639160 0.06739738
v 0.01573437 -0.03639160 0.06739738
v 0.09385939 -0.03639160 0.06739738
v 0.01573437 -0.03639160 0.06739738
v 0.01604688 -0.03839355 0.06692863
v 0.01510937 -0.03439941 0.06778801
v 0.02026563 -0.03468262 0.06772941
v 0.01620313 -0.04034668 0.06640129
v 0.02026563 -0.03894043 0.06679191
v 0.01604688 -0.03839355 0.06692863
v 0.01604688 -0.03839355 0.06692863
v 0.02026563 -0.03894043 0.06679191
v 0.08635939 -0.03894043 0.06679191
v 0.08635939 -0.03894043 0.06679191
v 0.09354689 -0.03839355 0.06692863
v 0.09354689 -0.03839355 0.06692863
v 0.08635939 -0.03894043 0.06679191
v 0.09339064 -0.04034668 0.06640129
v 0.09339064 -0.04034668 0.06640129
v 0.08635939 -0.03894043 0.06679191
v 0.01620313 -0.04034668 0.06640129
v 0.09339064 -0.04034668 0.06640129
v 0.01620313 -0.04034668 0.06640129
v 0.01604688 -0.04226074 0.06577629
v 0.01589062 -0.04417480 0.06507316
v 0.02026563 -0.04310058 0.06548333
v 0.01604688 -0.04226074 0.06577629
v 0.01604688 -0.04226074 0.06577629
v 0.02026563 -0.04310058 0.06548333
v 0.08635939 -0.04310058 0.06548333
v 0.09339064 -0.04226074 0.06577629
v 0.09339064 -0.04226074 0.06577629
v 0.08635939 -0.04310058 0.06548333
v 0.09370314 -0.04417480 0.06507316
v 0.09370314 -0.04417480 0.06507316
v 0.08635939 -0.04310058 0.06548333
v 0.01589062 -0.04417480 0.06507316
v 0.09370314 -0.04417480 0.06507316
v 0.01589062 -0.04417480 0.06507316
v 0.01542187 -0.04606933 0.06429191
v 0.01479687 -0.04789551 0.06345206
v 0.02026563 -0.04713379 0.06380362
v 0.01542187 -0.04606933 0.06429191
v 0.08635939 -0.04713379 0.06380362
v 0.09417189 -0.04606933 0.06429191
v 0.09479689 -0.04789551 0.06345206
v 0.09479689 -0.04789551 0.06345206
v 0.01479687 -0.04789551 0.06345206
v 0.01385937 -0.04963379 0.06255362
v 0.01292187 -0.05125488 0.06165518
v 0.02026563 -0.05100098 0.06179190
v 0.01385937 -0.04963379 0.06255362
v 0.01385937 -0.04963379 0.06255362
v 0.02026563 -0.05100098 0.06179190
v 0.08635939 -0.05100098 0.06179190
v 0.09573439 -0.04963379 0.06255362
v 0.09573439 -0.04963379 0.06255362
v 0.08635939 -0.05100098 0.06179190
v 0.09667189 -0.05125488 0.06165518
v 0.09667189 -0.05125488 0.06165518
v 0.08635939 -0.05100098 0.06179190
v 0.09776564 -0.05274902 0.06073722
v 0.09776564 -0.05274902 0.06073722
v 0.08635939 -0.05100098 0.06179190
v 0.01182812 -0.05274902 0.06073722
v 0.09776564 -0.05274902 0.06073722
v 0.01182812 -0.05274902 0.06073722
v 0.08635939 -0.05468262 0.05944815
v 0.02026563 -0.05468262 0.05944815
v 0.08635939 -0.05468262 0.05944815
v 0.02026563 -0.05468262 0.05944815
v 0.10198440 -0.05644043 0.05815909
v 0.10198440 -0.05644043 0.05815909
v 0.02026563 -0.05468262 0.05944815
v 0.08635939 -0.05813965 0.05679190
v 0.10354690 -0.05742676 0.05737784
v 0.10354690 -0.05742676 0.05737784
v 0.08635939 -0.05813965 0.05679190
v 0.10542190 -0.05824707 0.05671378
v 0.10542190 -0.05824707 0.05671378
v 0.08635939 -0.05813965 0.05679190
v 0.10729690 -0.05888183 0.05616690
v 0.10729690 -0.05888183 0.05616690
v 0.08635939 -0.05813965 0.05679190
v 0.10932811 -0.05931152 0.05579581
v 0.10932811 -0.05931152 0.05579581
v 0.08635939 -0.05813965 0.05679190
v 0.08635939 -0.06136230 0.05384268
v 0.10932811 -0.05931152 0.05579581
v 0.08635939 -0.06136230 0.05384268
v 0.11135940 -0.05952637 0.05558097
v 0.11135940 -0.05952637 0.05558097
v 0.08635939 -0.06136230 0.05384268
v 0.11339061 -0.05953613 0.05558097
v 0.11339061 -0.05953613 0.05558097
v 0.08635939 -0.06136230 0.05384268
v 0.15042191 -0.05993652 0.05520987
v 0.11339061 -0.05953613 0.05558097
v 0.15042191 -0.05993652 0.05520987
v 0.11526561 -0.05932129 0.05577628
v 0.11526561 -0.05932129 0.05577628
v 0.15042191 -0.05993652 0.05520987
v 0.11729690 -0.05890137 0.05614737
v 0.15104691 -0.05825683 0.05669425
v 0.11917190 -0.05827637 0.05669425
v 0.11917190 -0.05827637 0.05669425
v 0.15104691 -0.05825683 0.05669425
v 0.12104690 -0.05745605 0.05735831
v 0.12104690 -0.05745605 0.05735831
v 0.15104691 -0.05825683 0.05669425
v 0.15151560 -0.05650879 0.05812003
v 0.12104690 -0.05745605 0.05735831
v 0.15151560 -0.05650879 0.05812003
v 0.12276561 -0.05646973 0.05813956
v 0.12276561 -0.05646973 0.05813956
v 0.15151560 -0.05650879 0.05812003
v 0.12432811 -0.05535644 0.05895987
v 0.15198441 -0.05468262 0.05944815
v 0.12432811 -0.05535644 0.05895987
v 0.15198441 -0.05468262 0.05944815
v 0.12557811 -0.05414551 0.05981925
v 0.12557811 -0.05414551 0.05981925
v 0.15198441 -0.05468262 0.05944815
v 0.15229691 -0.05279785 0.06071768
v 0.12557811 -0.05414551 0.05981925
v 0.15229691 -0.05279785 0.06071768
v 0.12682811 -0.05279785 0.06071768
v 0.01292187 -0.05125488 0.06165518
v 0.01182812 -0.05274902 0.06073722
v 0.02026563 -0.05100098 0.06179190
v 0.02026563 -0.05100098 0.06179190
v 0.01182812 -0.05274902 0.06073722
v 0.01057812 -0.05409668 0.05985831
v 0.02026563 -0.05468262 0.05944815
v 0.02026563 -0.05468262 0.05944815
v 0.01057812 -0.05409668 0.05985831
v 0.00917188 -0.05531738 0.05899893
v 0.02026563 -0.05468262 0.05944815
v 0.00917188 -0.05531738 0.05899893
v 0.00760938 -0.05644043 0.05815909
v 0.00589063 -0.05742676 0.05737784
v 0.02026563 -0.05813965 0.05679190
v 0.00760938 -0.05644043 0.05815909
v 0.00760938 -0.05644043 0.05815909
v 0.02026563 -0.05813965 0.05679190
v 0.08635939 -0.05813965 0.05679190
v 0.00589063 -0.05742676 0.05737784
v 0.00417188 -0.05824707 0.05671378
v 0.02026563 -0.05813965 0.05679190
v 0.00417188 -0.05824707 0.05671378
v 0.00229688 -0.05888183 0.05616690
v 0.02026563 -0.05813965 0.05679190
v 0.00229688 -0.05888183 0.05616690
v 0.00026563 -0.05931152 0.05579581
v 0.02026563 -0.05813965 0.05679190
v 0.00026563 -0.05931152 0.05579581
v 0.02026563 -0.06136230 0.05384268
v 0.02026563 -0.06136230 0.05384268
v 0.00026563 -0.05931152 0.05579581
v -0.00176563 -0.05952637 0.05558097
v 0.02026563 -0.06136230 0.05384268
v -0.00176563 -0.05952637 0.05558097
v -0.00379688 -0.05953613 0.05558097
v 0.02026563 -0.06136230 0.05384268
v -0.00379688 -0.05953613 0.05558097
v -0.04379687 -0.05999512 0.05517081
v -0.04379687 -0.05999512 0.05517081
v -0.00379688 -0.05953613 0.05558097
v -0.00582813 -0.05932129 0.05577628
v -0.04379687 -0.05999512 0.05517081
v -0.00582813 -0.05932129 0.05577628
v -0.00770313 -0.05890137 0.05614737
v -0.04442187 -0.05830566 0.05665518
v -0.00973438 -0.05827637 0.05669425
v -0.04442187 -0.05830566 0.05665518
v -0.00973438 -0.05827637 0.05669425
v -0.01145312 -0.05745605 0.05735831
v -0.04442187 -0.05830566 0.05665518
v -0.01145312 -0.05745605 0.05735831
v -0.04489062 -0.05653808 0.05810050
v -0.04489062 -0.05653808 0.05810050
v -0.01145312 -0.05745605 0.05735831
v -0.01317187 -0.05646973 0.05813956
v -0.04489062 -0.05653808 0.05810050
v -0.01317187 -0.05646973 0.05813956
v -0.01473437 -0.05535644 0.05895987
v -0.04535937 -0.05470215 0.05944815
v -0.04535937 -0.05470215 0.05944815
v -0.01473437 -0.05535644 0.05895987
v -0.01614063 -0.05414551 0.05981925
v -0.04535937 -0.05470215 0.05944815
v -0.01614063 -0.05414551 0.05981925
v -0.04567187 -0.05279785 0.06071768
v -0.01739063 -0.05279785 0.06071768
v -0.04379687 -0.05999512 0.05517081
v -0.04332812 -0.06171387 0.05349112
v 0.02026563 -0.06136230 0.05384268
v -0.04332812 -0.06171387 0.05349112
v -0.04270312 -0.06334473 0.05175284
v 0.02026563 -0.06136230 0.05384268
v -0.04270312 -0.06334473 0.05175284
v 0.02026563 -0.06430176 0.05063956
v 0.02026563 -0.06430176 0.05063956
v -0.04270312 -0.06334473 0.05175284
v -0.04207812 -0.06487793 0.04993643
v 0.02026563 -0.06430176 0.05063956
v -0.04207812 -0.06487793 0.04993643
v -0.04129687 -0.06633301 0.04806143
v 0.02026563 -0.06695801 0.04718253
v 0.02026563 -0.06695801 0.04718253
v -0.04129687 -0.06633301 0.04806143
v -0.04004687 -0.06860840 0.04466300
v 0.02026563 -0.06695801 0.04718253
v -0.04004687 -0.06860840 0.04466300
v 0.02026563 -0.06930176 0.04349112
v 0.02026563 -0.06930176 0.04349112
v -0.04004687 -0.06860840 0.04466300
v -0.03864062 -0.07060060 0.04110831
v 0.02026563 -0.06930176 0.04349112
v -0.03864062 -0.07060060 0.04110831
v 0.02026563 -0.07131348 0.03962393
v 0.02026563 -0.07131348 0.03962393
v -0.03864062 -0.07060060 0.04110831
v -0.03770312 -0.07188965 0.03835440
v 0.02026563 -0.07131348 0.03962393
v -0.03770312 -0.07188965 0.03835440
v 0.02026563 -0.07298340 0.03560050
v 0.02026563 -0.07298340 0.03560050
v -0.03770312 -0.07188965 0.03835440
v -0.03645312 -0.07300293 0.03554190
v 0.02026563 -0.07298340 0.03560050
v -0.03645312 -0.07300293 0.03554190
v -0.03489062 -0.07415528 0.03196769
v 0.02026563 -0.07298340 0.03560050
v -0.03489062 -0.07415528 0.03196769
v 0.02026563 -0.07430176 0.03144034
v 0.02026563 -0.07430176 0.03144034
v -0.03489062 -0.07415528 0.03196769
v -0.03332812 -0.07502443 0.02833488
v 0.02026563 -0.07430176 0.03144034
v -0.03332812 -0.07502443 0.02833488
v 0.02026563 -0.07523926 0.02718253
v 0.02026563 -0.07523926 0.02718253
v -0.03332812 -0.07502443 0.02833488
v -0.03223437 -0.07546387 0.02585441
v 0.02026563 -0.07523926 0.02718253
v -0.03223437 -0.07546387 0.02585441
v 0.02026563 -0.07581543 0.02284659
v 0.02026563 -0.07581543 0.02284659
v -0.03223437 -0.07546387 0.02585441
v -0.03098438 -0.07576661 0.02335441
v 0.02026563 -0.07581543 0.02284659
v -0.03098438 -0.07576661 0.02335441
v -0.02848438 -0.07600098 0.01849113
v -0.02848438 -0.07600098 0.01849113
v 0.13479691 -0.07600098 0.01849113
v 0.02026563 -0.07581543 0.02284659
v 0.08635939 -0.07581543 0.02284659
v 0.08635939 -0.07581543 0.02284659
v 0.08635939 -0.07523926 0.02718253
v 0.08635939 -0.07523926 0.02718253
v 0.08635939 -0.07430176 0.03144034
v 0.08635939 -0.07430176 0.03144034
v 0.08635939 -0.07299318 0.03560050
v 0.14120310 -0.07419435 0.03183097
v 0.08635939 -0.07299318 0.03560050
v 0.14120310 -0.07419435 0.03183097
v 0.14292191 -0.07299318 0.03558097
v 0.13479691 -0.07600098 0.01849113
v 0.13714060 -0.07578614 0.02319816
v 0.08635939 -0.07581543 0.02284659
v 0.08635939 -0.07581543 0.02284659
v 0.13714060 -0.07578614 0.02319816
v 0.13839060 -0.07549318 0.02560050
v 0.13839060 -0.07549318 0.02560050
v 0.08635939 -0.07523926 0.02718253
v 0.13839060 -0.07549318 0.02560050
v 0.13948441 -0.07509278 0.02802238
v 0.13948441 -0.07509278 0.02802238
v 0.08635939 -0.07430176 0.03144034
v 0.13948441 -0.07509278 0.02802238
v 0.14120310 -0.07419435 0.03183097
v 0.14292191 -0.07299318 0.03558097
v 0.14401560 -0.07187012 0.03841300
v 0.08635939 -0.07299318 0.03560050
v 0.08635939 -0.07299318 0.03560050
v 0.14401560 -0.07187012 0.03841300
v 0.08635939 -0.07131348 0.03962393
v 0.02026563 -0.07298340 0.03560050
v 0.08635939 -0.07131348 0.03962393
v 0.14401560 -0.07187012 0.03841300
v 0.14526560 -0.07057129 0.04116690
v 0.08635939 -0.07131348 0.03962393
v 0.08635939 -0.07131348 0.03962393
v 0.14526560 -0.07057129 0.04116690
v 0.08635939 -0.06930176 0.04349112
v 0.08635939 -0.06930176 0.04349112
v 0.14526560 -0.07057129 0.04116690
v 0.14667191 -0.06857910 0.04472159
v 0.08635939 -0.06930176 0.04349112
v 0.14667191 -0.06857910 0.04472159
v 0.08635939 -0.06695801 0.04718253
v 0.08635939 -0.06695801 0.04718253
v 0.14667191 -0.06857910 0.04472159
v 0.14792191 -0.06627442 0.04812003
v 0.08635939 -0.06695801 0.04718253
v 0.14792191 -0.06627442 0.04812003
v 0.08635939 -0.06430176 0.05063956
v 0.08635939 -0.06430176 0.05063956
v 0.14854691 -0.06482910 0.04999503
v 0.08635939 -0.06430176 0.05063956
v 0.14854691 -0.06482910 0.04999503
v 0.14932810 -0.06328613 0.05181143
v 0.14932810 -0.06328613 0.05181143
v 0.08635939 -0.06136230 0.05384268
v 0.08635939 -0.06136230 0.05384268
v 0.14932810 -0.06328613 0.05181143
v 0.14995310 -0.06165527 0.05354972
v 0.08635939 -0.06136230 0.05384268
v 0.14995310 -0.06165527 0.05354972
v 0.15042191 -0.05993652 0.05520987
v 0.10198440 -0.05644043 0.05815909
v 0.10042190 -0.05531738 0.05899893
v 0.08635939 -0.05468262 0.05944815
v 0.08635939 -0.05468262 0.05944815
v 0.10042190 -0.05531738 0.05899893
v 0.09901564 -0.05409668 0.05985831
v 0.08635939 -0.05468262 0.05944815
v 0.09901564 -0.05409668 0.05985831
v 0.09776564 -0.05274902 0.06073722
v 0.09573439 -0.04963379 0.06255362
v 0.09417189 -0.04606933 0.06429191
v 0.09339064 -0.04226074 0.06577629
v 0.09510939 -0.03246582 0.06808097
v 0.08635939 -0.03035645 0.06829583
v 0.09510939 -0.03246582 0.06808097
v 0.09620314 -0.03062988 0.06827629
v 0.09620314 -0.03062988 0.06827629
v 0.02026563 -0.03894043 0.06679191
v 0.02026563 -0.04310058 0.06548333
v 0.10026561 0.02600098 0.06849113
v 0.00714063 0.02600098 0.06849113
v 0.10260940 0.02447754 0.06849113
v 0.00479688 0.02464356 0.06849113
v 0.10495311 0.02329590 0.06849113
v 0.00229688 0.02364746 0.06849113
v -0.01535937 0.00365723 0.06849113
v -0.01629688 0.00528809 0.06849113
v -0.00035938 0.02303223 0.06849113
v -0.01754688 0.00668457 0.06849113
v -0.01910938 0.00778809 0.06849113
v -0.00317188 0.02278809 0.06849113
v -0.02082813 0.00855957 0.06849113
v -0.00582813 0.02294434 0.06849113
v -0.02270313 0.00895020 0.06849113
v -0.00848438 0.02349121 0.06849113
v -0.02457813 0.00895020 0.06849113
v -0.01114062 0.02440918 0.06849113
v -0.03270312 0.02920410 0.06849113
v -0.01348437 0.02568848 0.06849113
v -0.01567187 0.02729004 0.06849113
v -0.01754688 0.02920410 0.06849113
v -0.03270312 -0.00000488 0.06849113
v -0.03239062 0.00187012 0.06849113
v -0.03192188 0.00365723 0.06849113
v -0.03098438 0.00528809 0.06849113
v -0.02973438 0.00668457 0.06849113
v -0.02817188 0.00778809 0.06849113
v -0.02645313 0.00855957 0.06849113
v -0.01489062 0.00187012 0.06849113
v 0.12198440 0.00187012 0.06849113
v 0.12260940 0.00365723 0.06849113
v 0.12354690 0.00528809 0.06849113
v 0.10760940 0.02247559 0.06849113
v 0.12479690 0.00668457 0.06849113
v 0.11026561 0.02202637 0.06849113
v 0.12635940 0.00778809 0.06849113
v 0.12807810 0.00855957 0.06849113
v 0.12182811 -0.00000488 0.06849113
v -0.01457812 -0.00000488 0.06849113
v 0.12198440 -0.00187012 0.06849113
v -0.01489062 -0.00187012 0.06849113
v 0.12260940 -0.00366699 0.06849113
v -0.01535937 -0.00366699 0.06849113
v 0.00464063 -0.02311035 0.06849113
v 0.00214063 -0.02220215 0.06849113
v -0.01629688 -0.00528809 0.06849113
v -0.01754688 -0.00669434 0.06849113
v -0.00067188 -0.02168457 0.06849113
v -0.01910938 -0.00779785 0.06849113
v -0.00332813 -0.02156738 0.06849113
v -0.02082813 -0.00855957 0.06849113
v -0.02270313 -0.00895020 0.06849113
v -0.02457813 -0.00895020 0.06849113
v -0.00879688 -0.02253418 0.06849113
v -0.00614063 -0.02185059 0.06849113
v -0.02645313 -0.00855957 0.06849113
v -0.03270312 -0.02880371 0.06849113
v -0.01129687 -0.02358887 0.06849113
v -0.02817188 -0.00779785 0.06849113
v -0.02973438 -0.00669434 0.06849113
v -0.03098438 -0.00528809 0.06849113
v -0.03192188 -0.00366699 0.06849113
v -0.03239062 -0.00187012 0.06849113
v -0.01770313 -0.02880371 0.06849113
v -0.01582812 -0.02676270 0.06849113
v -0.01379687 -0.02501465 0.06849113
v 0.00714063 -0.02438965 0.06849113
v 0.10245311 -0.02438965 0.06849113
v 0.10479690 -0.02311035 0.06849113
v 0.10745311 -0.02220215 0.06849113
v 0.12354690 -0.00528809 0.06849113
v 0.12479690 -0.00669434 0.06849113
v 0.11010940 -0.02168457 0.06849113
v 0.12635940 -0.00779785 0.06849113
v 0.12807810 -0.00855957 0.06849113
v 0.11292190 -0.02156738 0.06849113
v 0.12995310 -0.00895020 0.06849113
v 0.11573440 -0.02185059 0.06849113
v 0.11839061 -0.02253418 0.06849113
v 0.00948438 -0.02600098 0.06849113
v 0.10010940 -0.02600098 0.06849113
v 0.13182810 -0.00895020 0.06849113
v 0.12089061 -0.02358887 0.06849113
v 0.13979691 -0.02880371 0.06849113
v 0.12323440 -0.02501465 0.06849113
v 0.12542190 -0.02676270 0.06849113
v 0.12729690 -0.02880371 0.06849113
v 0.13979691 -0.00000488 0.06849113
v 0.13964060 -0.00187012 0.06849113
v 0.13901560 -0.00366699 0.06849113
v 0.13807810 -0.00528809 0.06849113
v 0.13682810 -0.00669434 0.06849113
v 0.13542191 -0.00779785 0.06849113
v 0.13370310 -0.00855957 0.06849113
v 0.11292190 0.02196777 0.06849113
v 0.12995310 0.00895020 0.06849113
v 0.11557811 0.02229004 0.06849113
v 0.13182810 0.00895020 0.06849113
v 0.11823440 0.02299316 0.06849113
v 0.12073440 0.02405762 0.06849113
v 0.13979691 0.02920410 0.06849113
v 0.12307811 0.02547363 0.06849113
v 0.12510940 0.02719238 0.06849113
v 0.12698440 0.02920410 0.06849113
v 0.13370310 0.00855957 0.06849113
v 0.13542191 0.00778809 0.06849113
v 0.13682810 0.00668457 0.06849113
v 0.13807810 0.00528809 0.06849113
v 0.13901560 0.00365723 0.06849113
v 0.13964060 0.00187012 0.06849113
v -0.02879688 0.07600098 0.01849113
v 0.02010938 0.07580568 0.02284659
v 0.13495310 0.07600098 0.01849113
v 0.08651564 0.07580568 0.02284659
v 0.13495310 0.07600098 0.01849113
v 0.08651564 0.07580568 0.02284659
v 0.13745310 0.07577637 0.02313956
v 0.13745310 0.07577637 0.02313956
v 0.08651564 0.07580568 0.02284659
v 0.13870310 0.07550293 0.02552238
v 0.13870310 0.07550293 0.02552238
v 0.08651564 0.07580568 0.02284659
v 0.08651564 0.07523926 0.02718253
v 0.13870310 0.07550293 0.02552238
v 0.08651564 0.07523926 0.02718253
v 0.13979691 0.07510254 0.02792472
v 0.13979691 0.07510254 0.02792472
v 0.08651564 0.07523926 0.02718253
v 0.08651564 0.07429200 0.03144034
v 0.13979691 0.07510254 0.02792472
v 0.08651564 0.07429200 0.03144034
v 0.14151560 0.07420411 0.03179191
v 0.14151560 0.07420411 0.03179191
v 0.08651564 0.07429200 0.03144034
v 0.08651564 0.07298340 0.03558097
v 0.14151560 0.07420411 0.03179191
v 0.08651564 0.07298340 0.03558097
v 0.14323441 0.07298340 0.03560050
v 0.14323441 0.07298340 0.03560050
v 0.08651564 0.07298340 0.03558097
v 0.14448441 0.07186035 0.03841300
v 0.14448441 0.07186035 0.03841300
v 0.08651564 0.07298340 0.03558097
v 0.08651564 0.07131348 0.03962393
v 0.14448441 0.07186035 0.03841300
v 0.08651564 0.07131348 0.03962393
v 0.14557810 0.07055176 0.04118643
v 0.14557810 0.07055176 0.04118643
v 0.08651564 0.07131348 0.03962393
v 0.08651564 0.06930176 0.04349112
v 0.14557810 0.07055176 0.04118643
v 0.08651564 0.06930176 0.04349112
v 0.14698441 0.06855957 0.04474112
v 0.14698441 0.06855957 0.04474112
v 0.08651564 0.06930176 0.04349112
v 0.08651564 0.06695801 0.04718253
v 0.14698441 0.06855957 0.04474112
v 0.08651564 0.06695801 0.04718253
v 0.14823441 0.06625489 0.04813956
v 0.14823441 0.06625489 0.04813956
v 0.08651564 0.06695801 0.04718253
v 0.08651564 0.06430176 0.05063956
v 0.14901560 0.06480957 0.05001456
v 0.14901560 0.06480957 0.05001456
v 0.08651564 0.06430176 0.05063956
v 0.14964060 0.06326660 0.05183097
v 0.14964060 0.06326660 0.05183097
v 0.08651564 0.06430176 0.05063956
v 0.08651564 0.06135254 0.05384268
v 0.14964060 0.06326660 0.05183097
v 0.08651564 0.06135254 0.05384268
v 0.15026560 0.06163574 0.05356925
v 0.15026560 0.06163574 0.05356925
v 0.08651564 0.06135254 0.05384268
v 0.11292190 0.05991699 0.05522940
v 0.15089060 0.05991699 0.05522940
v 0.15089060 0.05991699 0.05522940
v 0.11292190 0.05991699 0.05522940
v 0.11432811 0.05980957 0.05532706
v 0.11432811 0.05980957 0.05532706
v 0.11573440 0.05958496 0.05554190
v -0.02879688 0.07600098 0.01849113
v -0.03129688 0.07576661 0.02331534
v 0.02010938 0.07580568 0.02284659
v 0.02010938 0.07580568 0.02284659
v -0.03129688 0.07576661 0.02331534
v -0.03254687 0.07546387 0.02577628
v 0.02010938 0.07580568 0.02284659
v -0.03254687 0.07546387 0.02577628
v 0.02010938 0.07523926 0.02718253
v 0.02010938 0.07523926 0.02718253
v -0.03254687 0.07546387 0.02577628
v -0.03364062 0.07503418 0.02825675
v 0.02010938 0.07523926 0.02718253
v -0.03364062 0.07503418 0.02825675
v 0.02010938 0.07429200 0.03144034
v 0.02010938 0.07429200 0.03144034
v -0.03364062 0.07503418 0.02825675
v -0.03535937 0.07415528 0.03192863
v 0.02010938 0.07429200 0.03144034
v -0.03535937 0.07415528 0.03192863
v 0.02010938 0.07299318 0.03558097
v -0.03692187 0.07299318 0.03556143
v 0.02010938 0.07299318 0.03558097
v -0.03692187 0.07299318 0.03556143
v -0.03801562 0.07187989 0.03837393
v 0.02010938 0.07299318 0.03558097
v -0.03801562 0.07187989 0.03837393
v 0.02010938 0.07131348 0.03962393
v 0.02010938 0.07131348 0.03962393
v -0.03801562 0.07187989 0.03837393
v -0.03910937 0.07058107 0.04112784
v 0.02010938 0.07131348 0.03962393
v -0.03910937 0.07058107 0.04112784
v 0.02010938 0.06930176 0.04349112
v 0.02010938 0.06930176 0.04349112
v -0.03910937 0.07058107 0.04112784
v -0.04051562 0.06859864 0.04468253
v 0.02010938 0.06930176 0.04349112
v -0.04051562 0.06859864 0.04468253
v 0.02010938 0.06695801 0.04718253
v 0.02010938 0.06695801 0.04718253
v -0.04051562 0.06859864 0.04468253
v -0.04176562 0.06630371 0.04808097
v 0.02010938 0.06695801 0.04718253
v -0.04176562 0.06630371 0.04808097
v 0.02010938 0.06430176 0.05063956
v -0.04239062 0.06485840 0.04995597
v 0.02010938 0.06430176 0.05063956
v -0.04239062 0.06485840 0.04995597
v -0.04301562 0.06332519 0.05177237
v 0.02010938 0.06430176 0.05063956
v -0.04301562 0.06332519 0.05177237
v 0.02010938 0.06135254 0.05384268
v 0.02010938 0.06135254 0.05384268
v -0.04301562 0.06332519 0.05177237
v -0.04364062 0.06169433 0.05351065
v 0.02010938 0.06135254 0.05384268
v -0.04364062 0.06169433 0.05351065
v -0.00426563 0.06076660 0.05442862
v -0.00426563 0.06076660 0.05442862
v -0.04364062 0.06169433 0.05351065
v -0.04426562 0.05997558 0.05517081
v -0.00426563 0.06076660 0.05442862
v -0.04426562 0.05997558 0.05517081
v -0.00520313 0.06069824 0.05448722
v -0.00520313 0.06069824 0.05448722
v -0.04426562 0.05997558 0.05517081
v -0.00707813 0.06042480 0.05476065
v -0.00707813 0.06042480 0.05476065
v -0.04426562 0.05997558 0.05517081
v -0.00864063 0.06007324 0.05509268
v -0.00864063 0.06007324 0.05509268
v -0.04426562 0.05997558 0.05517081
v -0.01035937 0.05946777 0.05563956
v -0.01207812 0.05870605 0.05632315
v -0.01207812 0.05870605 0.05632315
v -0.04426562 0.05997558 0.05517081
v -0.04520312 0.05671387 0.05794425
v -0.01364062 0.05782715 0.05706534
v -0.01364062 0.05782715 0.05706534
v -0.04520312 0.05671387 0.05794425
v -0.01504687 0.05684082 0.05784659
v -0.01504687 0.05684082 0.05784659
v -0.04520312 0.05671387 0.05794425
v -0.01629688 0.05577637 0.05866690
v -0.01629688 0.05577637 0.05866690
v -0.04520312 0.05671387 0.05794425
v -0.01754688 0.05447754 0.05958487
v -0.01754688 0.05447754 0.05958487
v -0.04520312 0.05671387 0.05794425
v -0.04614062 0.05319824 0.06044425
v -0.01754688 0.05447754 0.05958487
v -0.04614062 0.05319824 0.06044425
v -0.01864063 0.05319824 0.06044425
v -0.00254688 0.06076660 0.05442862
v 0.02010938 0.06135254 0.05384268
v -0.00254688 0.06076660 0.05442862
v -0.00114063 0.06065918 0.05452628
v -0.00114063 0.06065918 0.05452628
v 0.00057813 0.06036621 0.05481925
v 0.00057813 0.06036621 0.05481925
v 0.00214063 0.05997558 0.05517081
v 0.02010938 0.06135254 0.05384268
v 0.00214063 0.05997558 0.05517081
v 0.00385938 0.05936035 0.05573722
v 0.00385938 0.05936035 0.05573722
v 0.02010938 0.05813965 0.05679190
v 0.02010938 0.05813965 0.05679190
v 0.00385938 0.05936035 0.05573722
v 0.00573438 0.05846191 0.05651847
v 0.02010938 0.05813965 0.05679190
v 0.00573438 0.05846191 0.05651847
v 0.00729688 0.05751465 0.05729972
v 0.00729688 0.05751465 0.05729972
v 0.00870313 0.05645996 0.05813956
v 0.02010938 0.05813965 0.05679190
v 0.08651564 0.05468262 0.05944815
v 0.02010938 0.05813965 0.05679190
v 0.08651564 0.05468262 0.05944815
v 0.10026561 0.05579590 0.05864737
v 0.10026561 0.05579590 0.05864737
v 0.08651564 0.05468262 0.05944815
v 0.09885939 0.05468262 0.05944815
v 0.09885939 0.05468262 0.05944815
v 0.08651564 0.05468262 0.05944815
v 0.09760939 0.05335449 0.06034659
v 0.01229687 0.05253418 0.06087393
v 0.09760939 0.05335449 0.06034659
v 0.01229687 0.05253418 0.06087393
v 0.09651564 0.05187012 0.06128409
v 0.09651564 0.05187012 0.06128409
v 0.01229687 0.05253418 0.06087393
v 0.08651564 0.05100098 0.06179190
v 0.09651564 0.05187012 0.06128409
v 0.08651564 0.05100098 0.06179190
v 0.09542189 0.05025879 0.06222159
v 0.09542189 0.05025879 0.06222159
v 0.08651564 0.05100098 0.06179190
v 0.09464064 0.04852051 0.06313956
v 0.09464064 0.04852051 0.06313956
v 0.08651564 0.05100098 0.06179190
v 0.01417187 0.04911621 0.06282706
v 0.09464064 0.04852051 0.06313956
v 0.01417187 0.04911621 0.06282706
v 0.08651564 0.04712402 0.06380362
v 0.08651564 0.04712402 0.06380362
v 0.01417187 0.04911621 0.06282706
v 0.02010938 0.04712402 0.06380362
v 0.08651564 0.04712402 0.06380362
v 0.02010938 0.04712402 0.06380362
v 0.01526562 0.04528808 0.06462394
v 0.01526562 0.04528808 0.06462394
v 0.02010938 0.04712402 0.06380362
v 0.01479687 0.04724121 0.06376456
v 0.01479687 0.04724121 0.06376456
v 0.02010938 0.04712402 0.06380362
v 0.01417187 0.04911621 0.06282706
v 0.08651564 0.05468262 0.05944815
v 0.00870313 0.05645996 0.05813956
v 0.02010938 0.05467285 0.05944815
v 0.02010938 0.05467285 0.05944815
v 0.00870313 0.05645996 0.05813956
v 0.00995313 0.05534668 0.05897940
v 0.02010938 0.05467285 0.05944815
v 0.00995313 0.05534668 0.05897940
v 0.01120312 0.05401855 0.05991690
v 0.01120312 0.05401855 0.05991690
v 0.01229687 0.05253418 0.06087393
v 0.02010938 0.05467285 0.05944815
v 0.02010938 0.05467285 0.05944815
v 0.01229687 0.05253418 0.06087393
v 0.08651564 0.05468262 0.05944815
v 0.02010938 0.05100098 0.06179190
v 0.01323437 0.05089355 0.06185050
v 0.02010938 0.05100098 0.06179190
v 0.01323437 0.05089355 0.06185050
v 0.01557812 0.04329590 0.06540519
v 0.02010938 0.04310058 0.06548333
v 0.01526562 0.04528808 0.06462394
v 0.08651564 0.04310058 0.06548333
v 0.01526562 0.04528808 0.06462394
v 0.08651564 0.04310058 0.06548333
v 0.09339064 0.04479980 0.06481926
v 0.09307814 0.04287598 0.06556144
v 0.09307814 0.04287598 0.06556144
v 0.08651564 0.04310058 0.06548333
v 0.09307814 0.04094238 0.06620597
v 0.01557812 0.04179199 0.06593254
v 0.09307814 0.04094238 0.06620597
v 0.01557812 0.04179199 0.06593254
v 0.01557812 0.04003418 0.06647941
v 0.01557812 0.04329590 0.06540519
v 0.01557812 0.04179199 0.06593254
v 0.02010938 0.04310058 0.06548333
v 0.02010938 0.04310058 0.06548333
v 0.01526562 0.03822754 0.06698722
v 0.02010938 0.03894043 0.06679191
v 0.01557812 0.04003418 0.06647941
v 0.08651564 0.03894043 0.06679191
v 0.01557812 0.04003418 0.06647941
v 0.08651564 0.03894043 0.06679191
v 0.09307814 0.04094238 0.06620597
v 0.09307814 0.04094238 0.06620597
v 0.08651564 0.03894043 0.06679191
v 0.09307814 0.03917480 0.06673333
v 0.09307814 0.03917480 0.06673333
v 0.08651564 0.03894043 0.06679191
v 0.09323439 0.03777832 0.06708488
v 0.09323439 0.03777832 0.06708488
v 0.08651564 0.03894043 0.06679191
v 0.01526562 0.03822754 0.06698722
v 0.09323439 0.03777832 0.06708488
v 0.01526562 0.03822754 0.06698722
v 0.01464062 0.03601074 0.06747551
v 0.01401562 0.03423340 0.06780754
v 0.02010938 0.03468262 0.06772941
v 0.01464062 0.03601074 0.06747551
v 0.01464062 0.03601074 0.06747551
v 0.02010938 0.03468262 0.06772941
v 0.08651564 0.03468262 0.06772941
v 0.08651564 0.03468262 0.06772941
v 0.09370314 0.03595215 0.06749504
v 0.09432814 0.03415527 0.06782708
v 0.09432814 0.03415527 0.06782708
v 0.08651564 0.03468262 0.06772941
v 0.09510939 0.03241699 0.06808097
v 0.09510939 0.03241699 0.06808097
v 0.08651564 0.03468262 0.06772941
v 0.01323437 0.03251465 0.06806144
v 0.09510939 0.03241699 0.06808097
v 0.01323437 0.03251465 0.06806144
v 0.08651564 0.03035645 0.06829583
v 0.08651564 0.03035645 0.06829583
v 0.01323437 0.03251465 0.06806144
v 0.02010938 0.03035645 0.06829583
v 0.08651564 0.03035645 0.06829583
v 0.02010938 0.03035645 0.06829583
v 0.09729689 0.02890137 0.06841301
v 0.01104687 0.02939941 0.06837394
v 0.09729689 0.02890137 0.06841301
v 0.01104687 0.02939941 0.06837394
v 0.00979688 0.02809082 0.06845208
v 0.01401562 0.03423340 0.06780754
v 0.02010938 0.03468262 0.06772941
v 0.01323437 0.03251465 0.06806144
v 0.01214062 0.03089356 0.06825676
v 0.02010938 0.03035645 0.06829583
v 0.01214062 0.03089356 0.06825676
v 0.09729689 0.02890137 0.06841301
v 0.00979688 0.02809082 0.06845208
v 0.09854689 0.02754395 0.06847161
v 0.00870313 0.02715332 0.06849113
v 0.09854689 0.02754395 0.06847161
v 0.00870313 0.02715332 0.06849113
v 0.10026561 0.02600098 0.06849113
v 0.00870313 0.02715332 0.06849113
v 0.09620314 0.03041504 0.06829583
v 0.09620314 0.03041504 0.06829583
v 0.09510939 0.03241699 0.06808097
v 0.09370314 0.03595215 0.06749504
v 0.09339064 0.04479980 0.06481926
v 0.08651564 0.04712402 0.06380362
v 0.08651564 0.04712402 0.06380362
v 0.09339064 0.04479980 0.06481926
v 0.09385939 0.04669433 0.06401847
v 0.09385939 0.04669433 0.06401847
v 0.10026561 0.05579590 0.05864737
v 0.10182811 0.05696777 0.05774893
v 0.02010938 0.05813965 0.05679190
v 0.02010938 0.05813965 0.05679190
v 0.10182811 0.05696777 0.05774893
v 0.08651564 0.05813965 0.05679190
v 0.08651564 0.05813965 0.05679190
v 0.08651564 0.06135254 0.05384268
v 0.10182811 0.05696777 0.05774893
v 0.10339061 0.05785644 0.05702628
v 0.08651564 0.05813965 0.05679190
v 0.08651564 0.05813965 0.05679190
v 0.10339061 0.05785644 0.05702628
v 0.10510940 0.05862793 0.05638175
v 0.08651564 0.05813965 0.05679190
v 0.10510940 0.05862793 0.05638175
v 0.10682811 0.05922363 0.05585440
v 0.10682811 0.05922363 0.05585440
v 0.08651564 0.06135254 0.05384268
v 0.10870311 0.05965332 0.05548331
v 0.10870311 0.05965332 0.05548331
v 0.11104690 0.05991699 0.05522940
v 0.11573440 0.05958496 0.05554190
v 0.11760940 0.05912598 0.05593253
v 0.15089060 0.05991699 0.05522940
v 0.15089060 0.05991699 0.05522940
v 0.11760940 0.05912598 0.05593253
v 0.11932811 0.05851074 0.05647940
v 0.11932811 0.05851074 0.05647940
v 0.15182810 0.05667480 0.05798331
v 0.15182810 0.05667480 0.05798331
v 0.11932811 0.05851074 0.05647940
v 0.12089061 0.05773926 0.05712393
v 0.15182810 0.05667480 0.05798331
v 0.12089061 0.05773926 0.05712393
v 0.12276561 0.05665527 0.05800284
v 0.12276561 0.05665527 0.05800284
v 0.12417190 0.05559082 0.05880362
v 0.15182810 0.05667480 0.05798331
v 0.15182810 0.05667480 0.05798331
v 0.12417190 0.05559082 0.05880362
v 0.12542190 0.05445801 0.05960440
v 0.15276560 0.05319824 0.06044425
v 0.15276560 0.05319824 0.06044425
v 0.12542190 0.05445801 0.05960440
v 0.12651561 0.05319824 0.06044425
v 0.01526562 0.03822754 0.06698722
v 0.08651564 0.03894043 0.06679191
v 0.02010938 0.03894043 0.06679191
v 0.13510941 0.07600098 -0.01850106
v -0.02879688 0.07600098 -0.01850106
v 0.13682810 0.07600098 -0.01541512
v -0.03067188 0.07600098 -0.01543466
v 0.13823441 0.07600098 -0.01215341
v -0.03207812 0.07600098 -0.01219247
v 0.13932810 0.07600098 -0.00877450
v -0.03317187 0.07600098 -0.00881356
v -0.03395312 0.07600098 -0.00531747
v 0.13995310 0.07600098 -0.00529794
v -0.03426562 0.07600098 -0.00178231
v 0.14042191 0.07600098 -0.00176278
v -0.03426562 0.07600098 0.00177238
v 0.14042191 0.07600098 0.00177238
v 0.13995310 0.07600098 0.00530753
v -0.03395312 0.07600098 0.00530753
v 0.13932810 0.07600098 0.00878409
v -0.03317187 0.07600098 0.00880363
v 0.13823441 0.07600098 0.01216300
v -0.03207812 0.07600098 0.01218253
v -0.03067188 0.07600098 0.01542472
v 0.13682810 0.07600098 0.01540519
v -0.02879688 0.07600098 0.01849113
v 0.13495310 0.07600098 0.01849113
v 0.15276560 0.05319824 -0.06045419
v 0.15214060 0.05585449 -0.05861825
v 0.15714060 0.05319824 -0.05687997
v 0.15714060 0.05319824 -0.05687997
v 0.15214060 0.05585449 -0.05861825
v 0.15510941 0.05687988 -0.05506356
v 0.15714060 0.05319824 -0.05687997
v 0.15510941 0.05687988 -0.05506356
v 0.15885941 0.05687988 -0.05146981
v 0.15885941 0.05687988 -0.05146981
v 0.15510941 0.05687988 -0.05506356
v 0.15323441 0.06030762 -0.05285653
v 0.15682810 0.06030762 -0.04941903
v 0.15682810 0.06030762 -0.04941903
v 0.15323441 0.06030762 -0.05285653
v 0.15104691 0.06345215 -0.05043466
v 0.15448441 0.06345215 -0.04715341
v 0.15448441 0.06345215 -0.04715341
v 0.15104691 0.06345215 -0.05043466
v 0.14870310 0.06629396 -0.04781747
v 0.15198441 0.06629396 -0.04471200
v 0.15198441 0.06629396 -0.04471200
v 0.14870310 0.06629396 -0.04781747
v 0.14807810 0.06694825 -0.04719247
v 0.15198441 0.06629396 -0.04471200
v 0.14807810 0.06694825 -0.04719247
v 0.14698441 0.06866700 -0.04457528
v 0.15214060 0.05585449 -0.05861825
v 0.15151560 0.05838379 -0.05660653
v 0.15510941 0.05687988 -0.05506356
v 0.15510941 0.05687988 -0.05506356
v 0.15151560 0.05838379 -0.05660653
v 0.15323441 0.06030762 -0.05285653
v 0.15151560 0.05838379 -0.05660653
v 0.15073441 0.06076660 -0.05443856
v 0.15323441 0.06030762 -0.05285653
v 0.15323441 0.06030762 -0.05285653
v 0.15073441 0.06076660 -0.05443856
v 0.14979691 0.06299316 -0.05213388
v 0.15323441 0.06030762 -0.05285653
v 0.14979691 0.06299316 -0.05213388
v 0.15104691 0.06345215 -0.05043466
v 0.15104691 0.06345215 -0.05043466
v 0.14979691 0.06299316 -0.05213388
v 0.14901560 0.06505371 -0.04973153
v 0.15104691 0.06345215 -0.05043466
v 0.14901560 0.06505371 -0.04973153
v 0.14870310 0.06629396 -0.04781747
v 0.14870310 0.06629396 -0.04781747
v 0.14901560 0.06505371 -0.04973153
v 0.14807810 0.06694825 -0.04719247
v 0.14917191 0.06880371 -0.04209481
v 0.14917191 0.06880371 -0.04209481
v 0.14698441 0.06866700 -0.04457528
v 0.14589060 0.07020996 -0.04186044
v 0.14917191 0.06880371 -0.04209481
v 0.14589060 0.07020996 -0.04186044
v 0.14635941 0.07096193 -0.03932138
v 0.14635941 0.07096193 -0.03932138
v 0.14589060 0.07020996 -0.04186044
v 0.14479691 0.07157715 -0.03904794
v 0.14635941 0.07096193 -0.03932138
v 0.14479691 0.07157715 -0.03904794
v 0.14354691 0.07275879 -0.03619638
v 0.14229691 0.07375489 -0.03330575
v 0.14589060 0.07275879 -0.03371591
v 0.14354691 0.07275879 -0.03619638
v 0.14354691 0.07275879 -0.03619638
v 0.14589060 0.07275879 -0.03371591
v 0.14901560 0.07096193 -0.03639169
v 0.14354691 0.07275879 -0.03619638
v 0.14901560 0.07096193 -0.03639169
v 0.14635941 0.07096193 -0.03932138
v 0.14635941 0.07096193 -0.03932138
v 0.14901560 0.07096193 -0.03639169
v 0.15198441 0.06880371 -0.03895028
v 0.14917191 0.06880371 -0.04209481
v 0.14917191 0.06880371 -0.04209481
v 0.15198441 0.06880371 -0.03895028
v 0.15495310 0.06629396 -0.04137216
v 0.14917191 0.06880371 -0.04209481
v 0.15495310 0.06629396 -0.04137216
v 0.15198441 0.06629396 -0.04471200
v 0.15198441 0.06629396 -0.04471200
v 0.15495310 0.06629396 -0.04137216
v 0.15760941 0.06345215 -0.04363778
v 0.15448441 0.06345215 -0.04715341
v 0.15448441 0.06345215 -0.04715341
v 0.15760941 0.06345215 -0.04363778
v 0.16010941 0.06030762 -0.04572763
v 0.15682810 0.06030762 -0.04941903
v 0.15682810 0.06030762 -0.04941903
v 0.16010941 0.06030762 -0.04572763
v 0.16229691 0.05687988 -0.04764169
v 0.15682810 0.06030762 -0.04941903
v 0.16229691 0.05687988 -0.04764169
v 0.15885941 0.05687988 -0.05146981
v 0.15885941 0.05687988 -0.05146981
v 0.16229691 0.05687988 -0.04764169
v 0.16104691 0.05319824 -0.05299325
v 0.15885941 0.05687988 -0.05146981
v 0.16104691 0.05319824 -0.05299325
v 0.15714060 0.05319824 -0.05687997
v 0.14589060 0.07275879 -0.03371591
v 0.14229691 0.07375489 -0.03330575
v 0.14260941 0.07416504 -0.03094247
v 0.14260941 0.07416504 -0.03094247
v 0.14229691 0.07375489 -0.03330575
v 0.14104691 0.07456543 -0.03037606
v 0.14260941 0.07416504 -0.03094247
v 0.14104691 0.07456543 -0.03037606
v 0.13964060 0.07520021 -0.02742684
v 0.13823441 0.07563965 -0.02447763
v 0.14104691 0.07518068 -0.02568856
v 0.13964060 0.07520021 -0.02742684
v 0.13964060 0.07520021 -0.02742684
v 0.14104691 0.07518068 -0.02568856
v 0.14464060 0.07416504 -0.02828622
v 0.13964060 0.07520021 -0.02742684
v 0.14464060 0.07416504 -0.02828622
v 0.14260941 0.07416504 -0.03094247
v 0.14260941 0.07416504 -0.03094247
v 0.14464060 0.07416504 -0.02828622
v 0.14807810 0.07275879 -0.03082528
v 0.14589060 0.07275879 -0.03371591
v 0.14589060 0.07275879 -0.03371591
v 0.14807810 0.07275879 -0.03082528
v 0.15151560 0.07096193 -0.03326669
v 0.14589060 0.07275879 -0.03371591
v 0.15151560 0.07096193 -0.03326669
v 0.14901560 0.07096193 -0.03639169
v 0.14901560 0.07096193 -0.03639169
v 0.15151560 0.07096193 -0.03326669
v 0.15464060 0.06880371 -0.03561044
v 0.15198441 0.06880371 -0.03895028
v 0.15198441 0.06880371 -0.03895028
v 0.15464060 0.06880371 -0.03561044
v 0.15776560 0.06629396 -0.03783700
v 0.15495310 0.06629396 -0.04137216
v 0.15495310 0.06629396 -0.04137216
v 0.15776560 0.06629396 -0.03783700
v 0.16057810 0.06345215 -0.03990731
v 0.15760941 0.06345215 -0.04363778
v 0.15760941 0.06345215 -0.04363778
v 0.16057810 0.06345215 -0.03990731
v 0.16323441 0.06030762 -0.04182138
v 0.16010941 0.06030762 -0.04572763
v 0.16010941 0.06030762 -0.04572763
v 0.16323441 0.06030762 -0.04182138
v 0.16557810 0.05687988 -0.04355966
v 0.16229691 0.05687988 -0.04764169
v 0.16229691 0.05687988 -0.04764169
v 0.16557810 0.05687988 -0.04355966
v 0.16479691 0.05319824 -0.04883309
v 0.16479691 0.05319824 -0.04883309
v 0.13667191 0.07590332 -0.02152841
v 0.13901560 0.07579590 -0.02078622
v 0.13823441 0.07563965 -0.02447763
v 0.13823441 0.07563965 -0.02447763
v 0.13901560 0.07579590 -0.02078622
v 0.14276560 0.07518068 -0.02316903
v 0.14276560 0.07518068 -0.02316903
v 0.14104691 0.07518068 -0.02568856
v 0.14276560 0.07518068 -0.02316903
v 0.14651560 0.07416504 -0.02551278
v 0.14464060 0.07416504 -0.02828622
v 0.14464060 0.07416504 -0.02828622
v 0.14651560 0.07416504 -0.02551278
v 0.15010941 0.07275879 -0.02779794
v 0.14464060 0.07416504 -0.02828622
v 0.15010941 0.07275879 -0.02779794
v 0.14807810 0.07275879 -0.03082528
v 0.14807810 0.07275879 -0.03082528
v 0.15010941 0.07275879 -0.02779794
v 0.15370310 0.07096193 -0.03000497
v 0.15151560 0.07096193 -0.03326669
v 0.15151560 0.07096193 -0.03326669
v 0.15370310 0.07096193 -0.03000497
v 0.15698441 0.06880371 -0.03211434
v 0.15151560 0.07096193 -0.03326669
v 0.15698441 0.06880371 -0.03211434
v 0.15464060 0.06880371 -0.03561044
v 0.15464060 0.06880371 -0.03561044
v 0.15698441 0.06880371 -0.03211434
v 0.16026560 0.06629396 -0.03410653
v 0.15776560 0.06629396 -0.03783700
v 0.15776560 0.06629396 -0.03783700
v 0.16026560 0.06629396 -0.03410653
v 0.16323441 0.06345215 -0.03598153
v 0.16057810 0.06345215 -0.03990731
v 0.16057810 0.06345215 -0.03990731
v 0.16323441 0.06345215 -0.03598153
v 0.16589060 0.06030762 -0.03770028
v 0.16057810 0.06345215 -0.03990731
v 0.16589060 0.06030762 -0.03770028
v 0.16323441 0.06030762 -0.04182138
v 0.16323441 0.06030762 -0.04182138
v 0.16589060 0.06030762 -0.03770028
v 0.16839060 0.05687988 -0.03928231
v 0.16323441 0.06030762 -0.04182138
v 0.16839060 0.05687988 -0.03928231
v 0.16557810 0.05687988 -0.04355966
v 0.16557810 0.05687988 -0.04355966
v 0.16839060 0.05687988 -0.03928231
v 0.16823441 0.05319824 -0.04441903
v 0.16557810 0.05687988 -0.04355966
v 0.16823441 0.05319824 -0.04441903
v 0.16479691 0.05319824 -0.04883309
v 0.13667191 0.07590332 -0.02152841
v 0.13510941 0.07600098 -0.01859872
v 0.13901560 0.07579590 -0.02078622
v 0.13901560 0.07579590 -0.02078622
v 0.13510941 0.07600098 -0.01859872
v 0.13510941 0.07600098 -0.01850106
v 0.13901560 0.07579590 -0.02078622
v 0.13510941 0.07600098 -0.01850106
v 0.14026560 0.07579590 -0.01842294
v 0.13682810 0.07600098 -0.01541512
v 0.14151560 0.07579590 -0.01596200
v 0.13823441 0.07600098 -0.01215341
v 0.14260941 0.07579590 -0.01342294
v 0.14260941 0.07579590 -0.01342294
v 0.13823441 0.07600098 -0.01215341
v 0.14339060 0.07579590 -0.01082528
v 0.14260941 0.07579590 -0.01342294
v 0.14339060 0.07579590 -0.01082528
v 0.14776560 0.07518068 -0.01205575
v 0.14776560 0.07518068 -0.01205575
v 0.14339060 0.07579590 -0.01082528
v 0.14839060 0.07518068 -0.00910653
v 0.14776560 0.07518068 -0.01205575
v 0.14839060 0.07518068 -0.00910653
v 0.15276560 0.07416504 -0.01000497
v 0.15276560 0.07416504 -0.01000497
v 0.14839060 0.07518068 -0.00910653
v 0.15339060 0.07416504 -0.00670419
v 0.15276560 0.07416504 -0.01000497
v 0.15339060 0.07416504 -0.00670419
v 0.15760941 0.07275879 -0.00730966
v 0.15760941 0.07275879 -0.00730966
v 0.15339060 0.07416504 -0.00670419
v 0.15807810 0.07275879 -0.00365731
v 0.15760941 0.07275879 -0.00730966
v 0.15807810 0.07275879 -0.00365731
v 0.16214060 0.07096193 -0.00395028
v 0.16214060 0.07096193 -0.00395028
v 0.15807810 0.07275879 -0.00365731
v 0.16229691 0.07096193 -0.00000497
v 0.16214060 0.07096193 -0.00395028
v 0.16229691 0.07096193 -0.00000497
v 0.16620310 0.06880371 0.00001456
v 0.16620310 0.06880371 0.00001456
v 0.16229691 0.07096193 -0.00000497
v 0.16604691 0.06880371 0.00423331
v 0.16620310 0.06880371 0.00001456
v 0.16604691 0.06880371 0.00423331
v 0.16979691 0.06629396 0.00450675
v 0.16979691 0.06629396 0.00450675
v 0.16604691 0.06880371 0.00423331
v 0.16932810 0.06629396 0.00897941
v 0.16979691 0.06629396 0.00450675
v 0.16932810 0.06629396 0.00897941
v 0.17292191 0.06345215 0.00946769
v 0.17292191 0.06345215 0.00946769
v 0.16932810 0.06629396 0.00897941
v 0.17198441 0.06345215 0.01413566
v 0.17292191 0.06345215 0.00946769
v 0.17198441 0.06345215 0.01413566
v 0.17526560 0.06030762 0.01481925
v 0.17526560 0.06030762 0.01481925
v 0.17198441 0.06345215 0.01413566
v 0.17401560 0.06030762 0.01964347
v 0.17526560 0.06030762 0.01481925
v 0.17401560 0.06030762 0.01964347
v 0.17682810 0.05687988 0.02044425
v 0.17682810 0.05687988 0.02044425
v 0.17401560 0.06030762 0.01964347
v 0.17526560 0.05687988 0.02536613
v 0.17682810 0.05687988 0.02044425
v 0.17526560 0.05687988 0.02536613
v 0.17823441 0.05319824 0.02466300
v 0.17823441 0.05319824 0.02466300
v 0.17526560 0.05687988 0.02536613
v 0.17635941 0.05319824 0.02985831
v 0.17635941 0.05319824 0.02985831
v 0.17526560 0.05687988 0.02536613
v 0.17323441 0.05687988 0.03017081
v 0.17635941 0.05319824 0.02985831
v 0.17323441 0.05687988 0.03017081
v 0.17385941 0.05319824 0.03491690
v 0.17385941 0.05319824 0.03491690
v 0.17323441 0.05687988 0.03017081
v 0.17104691 0.05687988 0.03481925
v 0.17385941 0.05319824 0.03491690
v 0.17104691 0.05687988 0.03481925
v 0.17120310 0.05319824 0.03978018
v 0.17120310 0.05319824 0.03978018
v 0.17104691 0.05687988 0.03481925
v 0.16839060 0.05687988 0.03929190
v 0.17120310 0.05319824 0.03978018
v 0.16839060 0.05687988 0.03929190
v 0.16807810 0.05319824 0.04442862
v 0.16807810 0.05319824 0.04442862
v 0.16839060 0.05687988 0.03929190
v 0.16542191 0.05687988 0.04356925
v 0.16807810 0.05319824 0.04442862
v 0.16542191 0.05687988 0.04356925
v 0.16464060 0.05319824 0.04884268
v 0.16464060 0.05319824 0.04884268
v 0.16542191 0.05687988 0.04356925
v 0.16229691 0.05687988 0.04765128
v 0.16464060 0.05319824 0.04884268
v 0.16229691 0.05687988 0.04765128
v 0.16104691 0.05319824 0.05300284
v 0.16104691 0.05319824 0.05300284
v 0.16229691 0.05687988 0.04765128
v 0.15885941 0.05687988 0.05147940
v 0.16104691 0.05319824 0.05300284
v 0.15885941 0.05687988 0.05147940
v 0.15698441 0.05319824 0.05687003
v 0.15510941 0.05687988 0.05505362
v 0.15698441 0.05319824 0.05687003
v 0.15510941 0.05687988 0.05505362
v 0.15182810 0.05667480 0.05798331
v 0.15182810 0.05667480 0.05798331
v 0.15510941 0.05687988 0.05505362
v 0.15089060 0.05991699 0.05522940
v 0.15089060 0.05991699 0.05522940
v 0.15510941 0.05687988 0.05505362
v 0.15307810 0.06030762 0.05284659
v 0.15089060 0.05991699 0.05522940
v 0.15307810 0.06030762 0.05284659
v 0.15026560 0.06163574 0.05356925
v 0.15026560 0.06163574 0.05356925
v 0.15307810 0.06030762 0.05284659
v 0.15089060 0.06345215 0.05042472
v 0.14964060 0.06326660 0.05183097
v 0.14964060 0.06326660 0.05183097
v 0.15089060 0.06345215 0.05042472
v 0.14901560 0.06480957 0.05001456
v 0.14901560 0.06480957 0.05001456
v 0.15089060 0.06345215 0.05042472
v 0.14854691 0.06629396 0.04780753
v 0.14901560 0.06480957 0.05001456
v 0.14854691 0.06629396 0.04780753
v 0.14823441 0.06625489 0.04813956
v 0.14823441 0.06625489 0.04813956
v 0.14854691 0.06629396 0.04780753
v 0.14698441 0.06855957 0.04474112
v 0.14698441 0.06855957 0.04474112
v 0.14854691 0.06629396 0.04780753
v 0.15182810 0.06629396 0.04470206
v 0.14698441 0.06855957 0.04474112
v 0.15182810 0.06629396 0.04470206
v 0.14917191 0.06880371 0.04206534
v 0.14917191 0.06880371 0.04206534
v 0.15182810 0.06629396 0.04470206
v 0.15198441 0.06880371 0.03894034
v 0.14917191 0.06880371 0.04206534
v 0.15198441 0.06880371 0.03894034
v 0.14901560 0.07096193 0.03636222
v 0.14901560 0.07096193 0.03636222
v 0.15198441 0.06880371 0.03894034
v 0.15135941 0.07096193 0.03325675
v 0.14901560 0.07096193 0.03636222
v 0.15135941 0.07096193 0.03325675
v 0.14807810 0.07275879 0.03081534
v 0.14807810 0.07275879 0.03081534
v 0.15135941 0.07096193 0.03325675
v 0.15010941 0.07275879 0.02778800
v 0.14807810 0.07275879 0.03081534
v 0.15010941 0.07275879 0.02778800
v 0.14651560 0.07416504 0.02550284
v 0.14651560 0.07416504 0.02550284
v 0.15010941 0.07275879 0.02778800
v 0.14807810 0.07416504 0.02259269
v 0.14651560 0.07416504 0.02550284
v 0.14807810 0.07416504 0.02259269
v 0.14432810 0.07518068 0.02050284
v 0.14432810 0.07518068 0.02050284
v 0.14807810 0.07416504 0.02259269
v 0.14557810 0.07518068 0.01776847
v 0.14432810 0.07518068 0.02050284
v 0.14557810 0.07518068 0.01776847
v 0.14151560 0.07579590 0.01593253
v 0.14151560 0.07579590 0.01593253
v 0.14557810 0.07518068 0.01776847
v 0.14260941 0.07579590 0.01339347
v 0.14151560 0.07579590 0.01593253
v 0.14260941 0.07579590 0.01339347
v 0.13823441 0.07600098 0.01216300
v 0.13823441 0.07600098 0.01216300
v 0.14260941 0.07579590 0.01339347
v 0.14339060 0.07579590 0.01079581
v 0.13932810 0.07600098 0.00878409
v 0.13932810 0.07600098 0.00878409
v 0.14339060 0.07579590 0.01079581
v 0.14401560 0.07579590 0.00813956
v 0.14401560 0.07579590 0.00813956
v 0.13995310 0.07600098 0.00530753
v 0.14448441 0.07579590 0.00544425
v 0.13995310 0.07600098 0.00530753
v 0.14448441 0.07579590 0.00544425
v 0.14479691 0.07579590 0.00272941
v 0.14479691 0.07579590 0.00272941
v 0.14448441 0.07579590 0.00544425
v 0.14901560 0.07518068 0.00606925
v 0.14479691 0.07579590 0.00272941
v 0.14901560 0.07518068 0.00606925
v 0.14932810 0.07518068 0.00304191
v 0.14932810 0.07518068 0.00304191
v 0.14901560 0.07518068 0.00606925
v 0.15339060 0.07416504 0.00669425
v 0.15370310 0.07416504 0.00335441
v 0.15370310 0.07416504 0.00335441
v 0.15339060 0.07416504 0.00669425
v 0.15760941 0.07275879 0.00729972
v 0.15792191 0.07275879 0.00366691
v 0.15792191 0.07275879 0.00366691
v 0.15760941 0.07275879 0.00729972
v 0.16167191 0.07096193 0.00788566
v 0.15792191 0.07275879 0.00366691
v 0.16167191 0.07096193 0.00788566
v 0.16214060 0.07096193 0.00395988
v 0.16214060 0.07096193 0.00395988
v 0.16167191 0.07096193 0.00788566
v 0.16573441 0.06880371 0.00843253
v 0.16214060 0.07096193 0.00395988
v 0.16573441 0.06880371 0.00843253
v 0.16604691 0.06880371 0.00423331
v 0.16604691 0.06880371 0.00423331
v 0.16573441 0.06880371 0.00843253
v 0.16932810 0.06629396 0.00897941
v 0.13932810 0.07600098 -0.00877450
v 0.14339060 0.07579590 -0.01082528
v 0.13932810 0.07600098 -0.00877450
v 0.14401560 0.07579590 -0.00816903
v 0.14401560 0.07579590 -0.00816903
v 0.14901560 0.07518068 -0.00609872
v 0.14839060 0.07518068 -0.00910653
v 0.14901560 0.07518068 -0.00609872
v 0.15339060 0.07416504 -0.00670419
v 0.15339060 0.07416504 -0.00670419
v 0.14901560 0.07518068 -0.00609872
v 0.15370310 0.07416504 -0.00336434
v 0.15339060 0.07416504 -0.00670419
v 0.15370310 0.07416504 -0.00336434
v 0.15807810 0.07275879 -0.00365731
v 0.15807810 0.07275879 -0.00365731
v 0.15370310 0.07416504 -0.00336434
v 0.15807810 0.07275879 -0.00000497
v 0.15807810 0.07275879 -0.00365731
v 0.15807810 0.07275879 -0.00000497
v 0.16229691 0.07096193 -0.00000497
v 0.16229691 0.07096193 -0.00000497
v 0.15807810 0.07275879 -0.00000497
v 0.16214060 0.07096193 0.00395988
v 0.16214060 0.07096193 0.00395988
v 0.13995310 0.07600098 -0.00529794
v 0.14401560 0.07579590 -0.00816903
v 0.14448441 0.07579590 -0.00547372
v 0.14401560 0.07579590 -0.00816903
v 0.14448441 0.07579590 -0.00547372
v 0.14901560 0.07518068 -0.00609872
v 0.14901560 0.07518068 -0.00609872
v 0.14448441 0.07579590 -0.00547372
v 0.14932810 0.07518068 -0.00305184
v 0.14932810 0.07518068 -0.00305184
v 0.15370310 0.07416504 -0.00336434
v 0.14932810 0.07518068 -0.00305184
v 0.15385941 0.07416504 -0.00000497
v 0.15370310 0.07416504 -0.00336434
v 0.15385941 0.07416504 -0.00000497
v 0.15807810 0.07275879 -0.00000497
v 0.15807810 0.07275879 -0.00000497
v 0.15385941 0.07416504 -0.00000497
v 0.15792191 0.07275879 0.00366691
v 0.15792191 0.07275879 0.00366691
v 0.14448441 0.07579590 -0.00547372
v 0.13995310 0.07600098 -0.00529794
v 0.14479691 0.07579590 -0.00273934
v 0.14042191 0.07600098 -0.00176278
v 0.14479691 0.07579590 -0.00273934
v 0.14042191 0.07600098 -0.00176278
v 0.14495310 0.07579590 -0.00000497
v 0.14042191 0.07600098 0.00177238
v 0.14479691 0.07579590 0.00272941
v 0.14042191 0.07600098 0.00177238
v 0.13682810 0.07600098 0.01540519
v 0.14026560 0.07579590 0.01839347
v 0.14026560 0.07579590 0.01839347
v 0.14432810 0.07518068 0.02050284
v 0.14026560 0.07579590 0.01839347
v 0.14276560 0.07518068 0.02313956
v 0.14432810 0.07518068 0.02050284
v 0.14276560 0.07518068 0.02313956
v 0.14651560 0.07416504 0.02550284
v 0.14651560 0.07416504 0.02550284
v 0.14276560 0.07518068 0.02313956
v 0.14464060 0.07416504 0.02827628
v 0.14651560 0.07416504 0.02550284
v 0.14464060 0.07416504 0.02827628
v 0.14807810 0.07275879 0.03081534
v 0.14807810 0.07275879 0.03081534
v 0.14464060 0.07416504 0.02827628
v 0.14573441 0.07275879 0.03368643
v 0.14807810 0.07275879 0.03081534
v 0.14573441 0.07275879 0.03368643
v 0.14901560 0.07096193 0.03636222
v 0.14448441 0.07186035 0.03841300
v 0.14901560 0.07096193 0.03636222
v 0.14448441 0.07186035 0.03841300
v 0.14635941 0.07096193 0.03929190
v 0.14635941 0.07096193 0.03929190
v 0.14448441 0.07186035 0.03841300
v 0.14557810 0.07055176 0.04118643
v 0.14635941 0.07096193 0.03929190
v 0.14557810 0.07055176 0.04118643
v 0.14917191 0.06880371 0.04206534
v 0.14917191 0.06880371 0.04206534
v 0.14557810 0.07055176 0.04118643
v 0.14698441 0.06855957 0.04474112
v 0.13495310 0.07600098 0.01849113
v 0.13901560 0.07579590 0.02075675
v 0.13901560 0.07579590 0.02075675
v 0.14276560 0.07518068 0.02313956
v 0.14276560 0.07518068 0.02313956
v 0.13901560 0.07579590 0.02075675
v 0.14104691 0.07518068 0.02567863
v 0.14276560 0.07518068 0.02313956
v 0.14104691 0.07518068 0.02567863
v 0.14464060 0.07416504 0.02827628
v 0.13979691 0.07510254 0.02792472
v 0.14464060 0.07416504 0.02827628
v 0.13979691 0.07510254 0.02792472
v 0.14245310 0.07416504 0.03091300
v 0.14151560 0.07420411 0.03179191
v 0.14245310 0.07416504 0.03091300
v 0.14151560 0.07420411 0.03179191
v 0.14323441 0.07298340 0.03560050
v 0.13495310 0.07600098 0.01849113
v 0.13745310 0.07577637 0.02313956
v 0.13901560 0.07579590 0.02075675
v 0.13745310 0.07577637 0.02313956
v 0.13745310 0.07577637 0.02313956
v 0.13870310 0.07550293 0.02552238
v 0.14104691 0.07518068 0.02567863
v 0.14104691 0.07518068 0.02567863
v 0.13870310 0.07550293 0.02552238
v 0.13979691 0.07510254 0.02792472
v 0.14245310 0.07416504 0.03091300
v 0.14323441 0.07298340 0.03560050
v 0.14573441 0.07275879 0.03368643
v 0.14323441 0.07298340 0.03560050
v 0.14448441 0.07186035 0.03841300
v 0.15182810 0.05667480 0.05798331
v 0.15276560 0.05319824 0.06044425
v 0.15698441 0.05319824 0.05687003
v 0.17823441 0.05319824 0.02466300
v 0.17995310 0.05319824 0.01933097
v 0.17682810 0.05687988 0.02044425
v 0.17682810 0.05687988 0.02044425
v 0.17995310 0.05319824 0.01933097
v 0.17807810 0.05687988 0.01542472
v 0.17682810 0.05687988 0.02044425
v 0.17807810 0.05687988 0.01542472
v 0.17526560 0.06030762 0.01481925
v 0.17526560 0.06030762 0.01481925
v 0.17807810 0.05687988 0.01542472
v 0.17604691 0.06030762 0.00991691
v 0.17526560 0.06030762 0.01481925
v 0.17604691 0.06030762 0.00991691
v 0.17292191 0.06345215 0.00946769
v 0.17292191 0.06345215 0.00946769
v 0.17604691 0.06030762 0.00991691
v 0.17339060 0.06345215 0.00474113
v 0.17292191 0.06345215 0.00946769
v 0.17339060 0.06345215 0.00474113
v 0.16979691 0.06629396 0.00450675
v 0.16979691 0.06629396 0.00450675
v 0.17339060 0.06345215 0.00474113
v 0.16995310 0.06629396 0.00001456
v 0.16995310 0.06629396 0.00001456
v 0.16620310 0.06880371 0.00001456
v 0.16995310 0.06629396 0.00001456
v 0.16604691 0.06880371 -0.00422372
v 0.16604691 0.06880371 -0.00422372
v 0.16214060 0.07096193 -0.00395028
v 0.16604691 0.06880371 -0.00422372
v 0.16167191 0.07096193 -0.00787606
v 0.16214060 0.07096193 -0.00395028
v 0.16167191 0.07096193 -0.00787606
v 0.15760941 0.07275879 -0.00730966
v 0.15760941 0.07275879 -0.00730966
v 0.16167191 0.07096193 -0.00787606
v 0.15698441 0.07275879 -0.01090341
v 0.15760941 0.07275879 -0.00730966
v 0.15698441 0.07275879 -0.01090341
v 0.15276560 0.07416504 -0.01000497
v 0.15276560 0.07416504 -0.01000497
v 0.15698441 0.07275879 -0.01090341
v 0.15198441 0.07416504 -0.01326669
v 0.15276560 0.07416504 -0.01000497
v 0.15198441 0.07416504 -0.01326669
v 0.14776560 0.07518068 -0.01205575
v 0.14776560 0.07518068 -0.01205575
v 0.15198441 0.07416504 -0.01326669
v 0.14682810 0.07518068 -0.01496591
v 0.14682810 0.07518068 -0.01496591
v 0.14260941 0.07579590 -0.01342294
v 0.14682810 0.07518068 -0.01496591
v 0.14151560 0.07579590 -0.01596200
v 0.17995310 0.05319824 0.01933097
v 0.18104691 0.05319824 0.01388175
v 0.17807810 0.05687988 0.01542472
v 0.17807810 0.05687988 0.01542472
v 0.18104691 0.05319824 0.01388175
v 0.17901560 0.05687988 0.01032706
v 0.17807810 0.05687988 0.01542472
v 0.17901560 0.05687988 0.01032706
v 0.17604691 0.06030762 0.00991691
v 0.17604691 0.06030762 0.00991691
v 0.17901560 0.05687988 0.01032706
v 0.17667191 0.06030762 0.00497550
v 0.17604691 0.06030762 0.00991691
v 0.17667191 0.06030762 0.00497550
v 0.17339060 0.06345215 0.00474113
v 0.17339060 0.06345215 0.00474113
v 0.17667191 0.06030762 0.00497550
v 0.17354691 0.06345215 0.00001456
v 0.17354691 0.06345215 0.00001456
v 0.16995310 0.06629396 0.00001456
v 0.17354691 0.06345215 0.00001456
v 0.16979691 0.06629396 -0.00447763
v 0.16979691 0.06629396 -0.00447763
v 0.16604691 0.06880371 -0.00422372
v 0.16979691 0.06629396 -0.00447763
v 0.16573441 0.06880371 -0.00842294
v 0.16604691 0.06880371 -0.00422372
v 0.16573441 0.06880371 -0.00842294
v 0.16167191 0.07096193 -0.00787606
v 0.16167191 0.07096193 -0.00787606
v 0.16573441 0.06880371 -0.00842294
v 0.16104691 0.07096193 -0.01176278
v 0.16167191 0.07096193 -0.00787606
v 0.16104691 0.07096193 -0.01176278
v 0.15698441 0.07275879 -0.01090341
v 0.15698441 0.07275879 -0.01090341
v 0.16104691 0.07096193 -0.01176278
v 0.15604691 0.07275879 -0.01445809
v 0.15698441 0.07275879 -0.01090341
v 0.15604691 0.07275879 -0.01445809
v 0.15198441 0.07416504 -0.01326669
v 0.15198441 0.07416504 -0.01326669
v 0.15604691 0.07275879 -0.01445809
v 0.15089060 0.07416504 -0.01646981
v 0.15198441 0.07416504 -0.01326669
v 0.15089060 0.07416504 -0.01646981
v 0.14682810 0.07518068 -0.01496591
v 0.14682810 0.07518068 -0.01496591
v 0.15089060 0.07416504 -0.01646981
v 0.14557810 0.07518068 -0.01779794
v 0.14682810 0.07518068 -0.01496591
v 0.14557810 0.07518068 -0.01779794
v 0.14151560 0.07579590 -0.01596200
v 0.14151560 0.07579590 -0.01596200
v 0.14557810 0.07518068 -0.01779794
v 0.14026560 0.07579590 -0.01842294
v 0.18104691 0.05319824 0.01388175
v 0.18198441 0.05319824 0.00837394
v 0.17901560 0.05687988 0.01032706
v 0.17901560 0.05687988 0.01032706
v 0.18198441 0.05319824 0.00837394
v 0.17948441 0.05687988 0.00519034
v 0.17901560 0.05687988 0.01032706
v 0.17948441 0.05687988 0.00519034
v 0.17667191 0.06030762 0.00497550
v 0.17667191 0.06030762 0.00497550
v 0.17948441 0.05687988 0.00519034
v 0.17682810 0.06030762 0.00001456
v 0.17682810 0.06030762 0.00001456
v 0.17354691 0.06345215 0.00001456
v 0.17682810 0.06030762 0.00001456
v 0.17339060 0.06345215 -0.00473153
v 0.17339060 0.06345215 -0.00473153
v 0.16979691 0.06629396 -0.00447763
v 0.17339060 0.06345215 -0.00473153
v 0.16932810 0.06629396 -0.00895028
v 0.16979691 0.06629396 -0.00447763
v 0.16932810 0.06629396 -0.00895028
v 0.16573441 0.06880371 -0.00842294
v 0.16573441 0.06880371 -0.00842294
v 0.16932810 0.06629396 -0.00895028
v 0.16495310 0.06880371 -0.01260262
v 0.16573441 0.06880371 -0.00842294
v 0.16495310 0.06880371 -0.01260262
v 0.16104691 0.07096193 -0.01176278
v 0.16104691 0.07096193 -0.01176278
v 0.16495310 0.06880371 -0.01260262
v 0.16010941 0.07096193 -0.01561044
v 0.16104691 0.07096193 -0.01176278
v 0.16010941 0.07096193 -0.01561044
v 0.15604691 0.07275879 -0.01445809
v 0.15604691 0.07275879 -0.01445809
v 0.16010941 0.07096193 -0.01561044
v 0.15495310 0.07275879 -0.01793466
v 0.15604691 0.07275879 -0.01445809
v 0.15495310 0.07275879 -0.01793466
v 0.15089060 0.07416504 -0.01646981
v 0.15089060 0.07416504 -0.01646981
v 0.15495310 0.07275879 -0.01793466
v 0.14964060 0.07416504 -0.01959481
v 0.15089060 0.07416504 -0.01646981
v 0.14964060 0.07416504 -0.01959481
v 0.14557810 0.07518068 -0.01779794
v 0.14557810 0.07518068 -0.01779794
v 0.14964060 0.07416504 -0.01959481
v 0.14432810 0.07518068 -0.02053231
v 0.14432810 0.07518068 -0.02053231
v 0.13901560 0.07579590 -0.02078622
v 0.18198441 0.05319824 0.00837394
v 0.18229691 0.05319824 0.00280753
v 0.17948441 0.05687988 0.00519034
v 0.17979691 0.05687988 0.00001456
v 0.17948441 0.05687988 0.00519034
v 0.17979691 0.05687988 0.00001456
v 0.17682810 0.06030762 0.00001456
v 0.17682810 0.06030762 0.00001456
v 0.17979691 0.05687988 0.00001456
v 0.17667191 0.06030762 -0.00494638
v 0.17667191 0.06030762 -0.00494638
v 0.17339060 0.06345215 -0.00473153
v 0.17667191 0.06030762 -0.00494638
v 0.17292191 0.06345215 -0.00943856
v 0.17339060 0.06345215 -0.00473153
v 0.17292191 0.06345215 -0.00943856
v 0.16932810 0.06629396 -0.00895028
v 0.16932810 0.06629396 -0.00895028
v 0.17292191 0.06345215 -0.00943856
v 0.16854691 0.06629396 -0.01338387
v 0.16932810 0.06629396 -0.00895028
v 0.16854691 0.06629396 -0.01338387
v 0.16495310 0.06880371 -0.01260262
v 0.16495310 0.06880371 -0.01260262
v 0.16854691 0.06629396 -0.01338387
v 0.16385941 0.06880371 -0.01670419
v 0.16495310 0.06880371 -0.01260262
v 0.16385941 0.06880371 -0.01670419
v 0.16010941 0.07096193 -0.01561044
v 0.16010941 0.07096193 -0.01561044
v 0.16385941 0.06880371 -0.01670419
v 0.15885941 0.07096193 -0.01936044
v 0.16010941 0.07096193 -0.01561044
v 0.15885941 0.07096193 -0.01936044
v 0.15495310 0.07275879 -0.01793466
v 0.15495310 0.07275879 -0.01793466
v 0.15885941 0.07096193 -0.01936044
v 0.15354691 0.07275879 -0.02133309
v 0.15354691 0.07275879 -0.02133309
v 0.14964060 0.07416504 -0.01959481
v 0.15354691 0.07275879 -0.02133309
v 0.14823441 0.07416504 -0.02260263
v 0.14823441 0.07416504 -0.02260263
v 0.14432810 0.07518068 -0.02053231
v 0.14823441 0.07416504 -0.02260263
v 0.14276560 0.07518068 -0.02316903
v 0.14432810 0.07518068 -0.02053231
v 0.18229691 0.05319824 0.00280753
v 0.18229691 0.05319824 -0.00277841
v 0.17979691 0.05687988 0.00001456
v 0.17979691 0.05687988 0.00001456
v 0.18229691 0.05319824 -0.00277841
v 0.17964060 0.05687988 -0.00516122
v 0.17979691 0.05687988 0.00001456
v 0.17964060 0.05687988 -0.00516122
v 0.17667191 0.06030762 -0.00494638
v 0.17667191 0.06030762 -0.00494638
v 0.17964060 0.05687988 -0.00516122
v 0.17604691 0.06030762 -0.00988778
v 0.17667191 0.06030762 -0.00494638
v 0.17604691 0.06030762 -0.00988778
v 0.17292191 0.06345215 -0.00943856
v 0.17292191 0.06345215 -0.00943856
v 0.17604691 0.06030762 -0.00988778
v 0.17198441 0.06345215 -0.01410653
v 0.17292191 0.06345215 -0.00943856
v 0.17198441 0.06345215 -0.01410653
v 0.16854691 0.06629396 -0.01338387
v 0.16854691 0.06629396 -0.01338387
v 0.17198441 0.06345215 -0.01410653
v 0.16745310 0.06629396 -0.01773934
v 0.16854691 0.06629396 -0.01338387
v 0.16745310 0.06629396 -0.01773934
v 0.16385941 0.06880371 -0.01670419
v 0.16385941 0.06880371 -0.01670419
v 0.16745310 0.06629396 -0.01773934
v 0.16260941 0.06880371 -0.02072763
v 0.16385941 0.06880371 -0.01670419
v 0.16260941 0.06880371 -0.02072763
v 0.15885941 0.07096193 -0.01936044
v 0.15885941 0.07096193 -0.01936044
v 0.16260941 0.06880371 -0.02072763
v 0.15745310 0.07096193 -0.02303231
v 0.15885941 0.07096193 -0.01936044
v 0.15745310 0.07096193 -0.02303231
v 0.15354691 0.07275879 -0.02133309
v 0.15354691 0.07275879 -0.02133309
v 0.15745310 0.07096193 -0.02303231
v 0.15198441 0.07275879 -0.02463388
v 0.15198441 0.07275879 -0.02463388
v 0.14823441 0.07416504 -0.02260263
v 0.15198441 0.07275879 -0.02463388
v 0.14651560 0.07416504 -0.02551278
v 0.14651560 0.07416504 -0.02551278
v 0.18229691 0.05319824 -0.00277841
v 0.18198441 0.05319824 -0.00832528
v 0.17964060 0.05687988 -0.00516122
v 0.17964060 0.05687988 -0.00516122
v 0.18198441 0.05319824 -0.00832528
v 0.17901560 0.05687988 -0.01029794
v 0.17901560 0.05687988 -0.01029794
v 0.17604691 0.06030762 -0.00988778
v 0.17901560 0.05687988 -0.01029794
v 0.17526560 0.06030762 -0.01479012
v 0.17604691 0.06030762 -0.00988778
v 0.17526560 0.06030762 -0.01479012
v 0.17198441 0.06345215 -0.01410653
v 0.17198441 0.06345215 -0.01410653
v 0.17526560 0.06030762 -0.01479012
v 0.17089060 0.06345215 -0.01871591
v 0.17198441 0.06345215 -0.01410653
v 0.17089060 0.06345215 -0.01871591
v 0.16745310 0.06629396 -0.01773934
v 0.16745310 0.06629396 -0.01773934
v 0.17089060 0.06345215 -0.01871591
v 0.16620310 0.06629396 -0.02201669
v 0.16745310 0.06629396 -0.01773934
v 0.16620310 0.06629396 -0.02201669
v 0.16260941 0.06880371 -0.02072763
v 0.16260941 0.06880371 -0.02072763
v 0.16620310 0.06629396 -0.02201669
v 0.16104691 0.06880371 -0.02465341
v 0.16260941 0.06880371 -0.02072763
v 0.16104691 0.06880371 -0.02465341
v 0.15745310 0.07096193 -0.02303231
v 0.15745310 0.07096193 -0.02303231
v 0.16104691 0.06880371 -0.02465341
v 0.15557810 0.07096193 -0.02658700
v 0.15745310 0.07096193 -0.02303231
v 0.15557810 0.07096193 -0.02658700
v 0.15198441 0.07275879 -0.02463388
v 0.15198441 0.07275879 -0.02463388
v 0.15557810 0.07096193 -0.02658700
v 0.15010941 0.07275879 -0.02779794
v 0.15010941 0.07275879 -0.02779794
v 0.18198441 0.05319824 -0.00832528
v 0.18104691 0.05319824 -0.01385262
v 0.17901560 0.05687988 -0.01029794
v 0.17901560 0.05687988 -0.01029794
v 0.18104691 0.05319824 -0.01385262
v 0.17807810 0.05687988 -0.01539559
v 0.17901560 0.05687988 -0.01029794
v 0.17807810 0.05687988 -0.01539559
v 0.17526560 0.06030762 -0.01479012
v 0.17526560 0.06030762 -0.01479012
v 0.17807810 0.05687988 -0.01539559
v 0.17401560 0.06030762 -0.01961434
v 0.17526560 0.06030762 -0.01479012
v 0.17401560 0.06030762 -0.01961434
v 0.17089060 0.06345215 -0.01871591
v 0.17089060 0.06345215 -0.01871591
v 0.17401560 0.06030762 -0.01961434
v 0.16948441 0.06345215 -0.02322763
v 0.17089060 0.06345215 -0.01871591
v 0.16948441 0.06345215 -0.02322763
v 0.16620310 0.06629396 -0.02201669
v 0.16620310 0.06629396 -0.02201669
v 0.16948441 0.06345215 -0.02322763
v 0.16448441 0.06629396 -0.02617684
v 0.16620310 0.06629396 -0.02201669
v 0.16448441 0.06629396 -0.02617684
v 0.16104691 0.06880371 -0.02465341
v 0.16104691 0.06880371 -0.02465341
v 0.16448441 0.06629396 -0.02617684
v 0.15917191 0.06880371 -0.02844247
v 0.16104691 0.06880371 -0.02465341
v 0.15917191 0.06880371 -0.02844247
v 0.15557810 0.07096193 -0.02658700
v 0.15557810 0.07096193 -0.02658700
v 0.15917191 0.06880371 -0.02844247
v 0.15370310 0.07096193 -0.03000497
v 0.15557810 0.07096193 -0.02658700
v 0.15370310 0.07096193 -0.03000497
v 0.15010941 0.07275879 -0.02779794
v 0.18104691 0.05319824 -0.01385262
v 0.17995310 0.05319824 -0.01928231
v 0.17807810 0.05687988 -0.01539559
v 0.17807810 0.05687988 -0.01539559
v 0.17995310 0.05319824 -0.01928231
v 0.17682810 0.05687988 -0.02043466
v 0.17807810 0.05687988 -0.01539559
v 0.17682810 0.05687988 -0.02043466
v 0.17401560 0.06030762 -0.01961434
v 0.17401560 0.06030762 -0.01961434
v 0.17682810 0.05687988 -0.02043466
v 0.17245310 0.06030762 -0.02434091
v 0.17401560 0.06030762 -0.01961434
v 0.17245310 0.06030762 -0.02434091
v 0.16948441 0.06345215 -0.02322763
v 0.16948441 0.06345215 -0.02322763
v 0.17245310 0.06030762 -0.02434091
v 0.16760941 0.06345215 -0.02762216
v 0.16948441 0.06345215 -0.02322763
v 0.16760941 0.06345215 -0.02762216
v 0.16448441 0.06629396 -0.02617684
v 0.16448441 0.06629396 -0.02617684
v 0.16760941 0.06345215 -0.02762216
v 0.16245310 0.06629396 -0.03021981
v 0.16245310 0.06629396 -0.03021981
v 0.15917191 0.06880371 -0.02844247
v 0.16245310 0.06629396 -0.03021981
v 0.15698441 0.06880371 -0.03211434
v 0.15917191 0.06880371 -0.02844247
v 0.15698441 0.06880371 -0.03211434
v 0.15370310 0.07096193 -0.03000497
v 0.17995310 0.05319824 -0.01928231
v 0.17823441 0.05319824 -0.02463388
v 0.17682810 0.05687988 -0.02043466
v 0.17526560 0.05687988 -0.02535653
v 0.17682810 0.05687988 -0.02043466
v 0.17526560 0.05687988 -0.02535653
v 0.17245310 0.06030762 -0.02434091
v 0.17245310 0.06030762 -0.02434091
v 0.17526560 0.05687988 -0.02535653
v 0.17057810 0.06030762 -0.02895028
v 0.17245310 0.06030762 -0.02434091
v 0.17057810 0.06030762 -0.02895028
v 0.16760941 0.06345215 -0.02762216
v 0.16760941 0.06345215 -0.02762216
v 0.17057810 0.06030762 -0.02895028
v 0.16557810 0.06345215 -0.03187997
v 0.16760941 0.06345215 -0.02762216
v 0.16557810 0.06345215 -0.03187997
v 0.16245310 0.06629396 -0.03021981
v 0.16245310 0.06629396 -0.03021981
v 0.16557810 0.06345215 -0.03187997
v 0.16026560 0.06629396 -0.03410653
v 0.16245310 0.06629396 -0.03021981
v 0.16026560 0.06629396 -0.03410653
v 0.15698441 0.06880371 -0.03211434
v 0.17823441 0.05319824 -0.02463388
v 0.17635941 0.05319824 -0.02984872
v 0.17526560 0.05687988 -0.02535653
v 0.17526560 0.05687988 -0.02535653
v 0.17635941 0.05319824 -0.02984872
v 0.17339060 0.05687988 -0.03014169
v 0.17526560 0.05687988 -0.02535653
v 0.17339060 0.05687988 -0.03014169
v 0.17057810 0.06030762 -0.02895028
v 0.17057810 0.06030762 -0.02895028
v 0.17339060 0.05687988 -0.03014169
v 0.16839060 0.06030762 -0.03340341
v 0.17057810 0.06030762 -0.02895028
v 0.16839060 0.06030762 -0.03340341
v 0.16557810 0.06345215 -0.03187997
v 0.16557810 0.06345215 -0.03187997
v 0.16839060 0.06030762 -0.03340341
v 0.16323441 0.06345215 -0.03598153
v 0.16323441 0.06345215 -0.03598153
v 0.17635941 0.05319824 -0.02984872
v 0.17401560 0.05319824 -0.03488778
v 0.17339060 0.05687988 -0.03014169
v 0.17339060 0.05687988 -0.03014169
v 0.17401560 0.05319824 -0.03488778
v 0.17104691 0.05687988 -0.03479013
v 0.17339060 0.05687988 -0.03014169
v 0.17104691 0.05687988 -0.03479013
v 0.16839060 0.06030762 -0.03340341
v 0.16839060 0.06030762 -0.03340341
v 0.17104691 0.05687988 -0.03479013
v 0.16589060 0.06030762 -0.03770028
v 0.16589060 0.06030762 -0.03770028
v 0.17401560 0.05319824 -0.03488778
v 0.17120310 0.05319824 -0.03977059
v 0.17104691 0.05687988 -0.03479013
v 0.17104691 0.05687988 -0.03479013
v 0.17120310 0.05319824 -0.03977059
v 0.16839060 0.05687988 -0.03928231
v 0.17104691 0.05687988 -0.03479013
v 0.16839060 0.05687988 -0.03928231
v 0.16589060 0.06030762 -0.03770028
v 0.17120310 0.05319824 -0.03977059
v 0.16823441 0.05319824 -0.04441903
v 0.16839060 0.05687988 -0.03928231
v 0.14495310 0.07579590 -0.00000497
v 0.14948441 0.07518068 -0.00000497
v 0.14479691 0.07579590 -0.00273934
v 0.14479691 0.07579590 -0.00273934
v 0.14932810 0.07518068 -0.00305184
v 0.14948441 0.07518068 -0.00000497
v 0.15385941 0.07416504 -0.00000497
v 0.14948441 0.07518068 -0.00000497
v 0.15370310 0.07416504 0.00335441
v 0.15370310 0.07416504 0.00335441
v 0.14495310 0.07579590 -0.00000497
v 0.14948441 0.07518068 -0.00000497
v 0.14932810 0.07518068 0.00304191
v 0.14901560 0.07518068 0.00606925
v 0.14448441 0.07579590 0.00544425
v 0.14839060 0.07518068 0.00907706
v 0.14839060 0.07518068 0.00907706
v 0.14401560 0.07579590 0.00813956
v 0.14401560 0.07579590 0.00813956
v 0.14776560 0.07518068 0.01204581
v 0.14339060 0.07579590 0.01079581
v 0.14776560 0.07518068 0.01204581
v 0.14339060 0.07579590 0.01079581
v 0.14682810 0.07518068 0.01493644
v 0.14260941 0.07579590 0.01339347
v 0.14682810 0.07518068 0.01493644
v 0.14260941 0.07579590 0.01339347
v 0.14557810 0.07518068 0.01776847
v 0.15339060 0.07416504 0.00669425
v 0.14901560 0.07518068 0.00606925
v 0.15276560 0.07416504 0.01001456
v 0.15276560 0.07416504 0.01001456
v 0.14901560 0.07518068 0.00606925
v 0.14839060 0.07518068 0.00907706
v 0.15198441 0.07416504 0.01325675
v 0.15198441 0.07416504 0.01325675
v 0.14839060 0.07518068 0.00907706
v 0.14776560 0.07518068 0.01204581
v 0.15198441 0.07416504 0.01325675
v 0.14776560 0.07518068 0.01204581
v 0.15089060 0.07416504 0.01645988
v 0.15089060 0.07416504 0.01645988
v 0.14776560 0.07518068 0.01204581
v 0.14682810 0.07518068 0.01493644
v 0.15089060 0.07416504 0.01645988
v 0.14682810 0.07518068 0.01493644
v 0.14964060 0.07416504 0.01956534
v 0.14964060 0.07416504 0.01956534
v 0.14682810 0.07518068 0.01493644
v 0.14557810 0.07518068 0.01776847
v 0.14964060 0.07416504 0.01956534
v 0.14557810 0.07518068 0.01776847
v 0.14807810 0.07416504 0.02259269
v 0.15760941 0.07275879 0.00729972
v 0.15339060 0.07416504 0.00669425
v 0.15698441 0.07275879 0.01091300
v 0.15698441 0.07275879 0.01091300
v 0.15339060 0.07416504 0.00669425
v 0.15276560 0.07416504 0.01001456
v 0.15698441 0.07275879 0.01091300
v 0.15276560 0.07416504 0.01001456
v 0.15604691 0.07275879 0.01444816
v 0.15604691 0.07275879 0.01444816
v 0.15276560 0.07416504 0.01001456
v 0.15198441 0.07416504 0.01325675
v 0.15604691 0.07275879 0.01444816
v 0.15198441 0.07416504 0.01325675
v 0.15495310 0.07275879 0.01794425
v 0.15495310 0.07275879 0.01794425
v 0.15198441 0.07416504 0.01325675
v 0.15089060 0.07416504 0.01645988
v 0.15495310 0.07275879 0.01794425
v 0.15089060 0.07416504 0.01645988
v 0.15354691 0.07275879 0.02132316
v 0.14964060 0.07416504 0.01956534
v 0.15354691 0.07275879 0.02132316
v 0.14964060 0.07416504 0.01956534
v 0.15198441 0.07275879 0.02462394
v 0.15198441 0.07275879 0.02462394
v 0.14964060 0.07416504 0.01956534
v 0.14807810 0.07416504 0.02259269
v 0.15198441 0.07275879 0.02462394
v 0.14807810 0.07416504 0.02259269
v 0.15010941 0.07275879 0.02778800
v 0.16167191 0.07096193 0.00788566
v 0.15760941 0.07275879 0.00729972
v 0.16104691 0.07096193 0.01177237
v 0.16104691 0.07096193 0.01177237
v 0.15760941 0.07275879 0.00729972
v 0.15698441 0.07275879 0.01091300
v 0.16104691 0.07096193 0.01177237
v 0.15698441 0.07275879 0.01091300
v 0.16010941 0.07096193 0.01560050
v 0.16010941 0.07096193 0.01560050
v 0.15698441 0.07275879 0.01091300
v 0.15604691 0.07275879 0.01444816
v 0.16010941 0.07096193 0.01560050
v 0.15604691 0.07275879 0.01444816
v 0.15885941 0.07096193 0.01937003
v 0.15885941 0.07096193 0.01937003
v 0.15604691 0.07275879 0.01444816
v 0.15495310 0.07275879 0.01794425
v 0.15885941 0.07096193 0.01937003
v 0.15495310 0.07275879 0.01794425
v 0.15729691 0.07096193 0.02302238
v 0.15729691 0.07096193 0.02302238
v 0.15495310 0.07275879 0.01794425
v 0.15354691 0.07275879 0.02132316
v 0.15729691 0.07096193 0.02302238
v 0.15354691 0.07275879 0.02132316
v 0.15557810 0.07096193 0.02657706
v 0.15198441 0.07275879 0.02462394
v 0.15557810 0.07096193 0.02657706
v 0.15198441 0.07275879 0.02462394
v 0.15354691 0.07096193 0.02999503
v 0.15010941 0.07275879 0.02778800
v 0.15354691 0.07096193 0.02999503
v 0.16573441 0.06880371 0.00843253
v 0.16167191 0.07096193 0.00788566
v 0.16495310 0.06880371 0.01261222
v 0.16495310 0.06880371 0.01261222
v 0.16167191 0.07096193 0.00788566
v 0.16104691 0.07096193 0.01177237
v 0.16495310 0.06880371 0.01261222
v 0.16104691 0.07096193 0.01177237
v 0.16385941 0.06880371 0.01671378
v 0.16385941 0.06880371 0.01671378
v 0.16104691 0.07096193 0.01177237
v 0.16010941 0.07096193 0.01560050
v 0.16385941 0.06880371 0.01671378
v 0.16010941 0.07096193 0.01560050
v 0.16260941 0.06880371 0.02073722
v 0.16260941 0.06880371 0.02073722
v 0.16010941 0.07096193 0.01560050
v 0.15885941 0.07096193 0.01937003
v 0.16260941 0.06880371 0.02073722
v 0.15885941 0.07096193 0.01937003
v 0.16104691 0.06880371 0.02466300
v 0.16104691 0.06880371 0.02466300
v 0.15885941 0.07096193 0.01937003
v 0.15729691 0.07096193 0.02302238
v 0.16104691 0.06880371 0.02466300
v 0.15729691 0.07096193 0.02302238
v 0.15917191 0.06880371 0.02845206
v 0.15917191 0.06880371 0.02845206
v 0.15729691 0.07096193 0.02302238
v 0.15557810 0.07096193 0.02657706
v 0.15917191 0.06880371 0.02845206
v 0.15557810 0.07096193 0.02657706
v 0.15698441 0.06880371 0.03210440
v 0.15698441 0.06880371 0.03210440
v 0.15557810 0.07096193 0.02657706
v 0.15354691 0.07096193 0.02999503
v 0.15698441 0.06880371 0.03210440
v 0.15354691 0.07096193 0.02999503
v 0.15464060 0.06880371 0.03562003
v 0.15135941 0.07096193 0.03325675
v 0.15464060 0.06880371 0.03562003
v 0.15135941 0.07096193 0.03325675
v 0.15198441 0.06880371 0.03894034
v 0.16932810 0.06629396 0.00897941
v 0.16573441 0.06880371 0.00843253
v 0.16854691 0.06629396 0.01339347
v 0.16854691 0.06629396 0.01339347
v 0.16573441 0.06880371 0.00843253
v 0.16495310 0.06880371 0.01261222
v 0.16854691 0.06629396 0.01339347
v 0.16495310 0.06880371 0.01261222
v 0.16745310 0.06629396 0.01774894
v 0.16745310 0.06629396 0.01774894
v 0.16495310 0.06880371 0.01261222
v 0.16385941 0.06880371 0.01671378
v 0.16745310 0.06629396 0.01774894
v 0.16385941 0.06880371 0.01671378
v 0.16604691 0.06629396 0.02202628
v 0.16604691 0.06629396 0.02202628
v 0.16385941 0.06880371 0.01671378
v 0.16260941 0.06880371 0.02073722
v 0.16604691 0.06629396 0.02202628
v 0.16260941 0.06880371 0.02073722
v 0.16448441 0.06629396 0.02618644
v 0.16448441 0.06629396 0.02618644
v 0.16260941 0.06880371 0.02073722
v 0.16104691 0.06880371 0.02466300
v 0.16448441 0.06629396 0.02618644
v 0.16104691 0.06880371 0.02466300
v 0.16245310 0.06629396 0.03022941
v 0.15917191 0.06880371 0.02845206
v 0.16245310 0.06629396 0.03022941
v 0.15917191 0.06880371 0.02845206
v 0.16010941 0.06629396 0.03411612
v 0.15698441 0.06880371 0.03210440
v 0.16010941 0.06629396 0.03411612
v 0.15698441 0.06880371 0.03210440
v 0.15760941 0.06629396 0.03782706
v 0.15760941 0.06629396 0.03782706
v 0.15698441 0.06880371 0.03210440
v 0.15464060 0.06880371 0.03562003
v 0.15760941 0.06629396 0.03782706
v 0.15464060 0.06880371 0.03562003
v 0.15479691 0.06629396 0.04136222
v 0.15198441 0.06880371 0.03894034
v 0.15479691 0.06629396 0.04136222
v 0.15198441 0.06880371 0.03894034
v 0.15182810 0.06629396 0.04470206
v 0.16932810 0.06629396 0.00897941
v 0.16854691 0.06629396 0.01339347
v 0.17198441 0.06345215 0.01413566
v 0.17198441 0.06345215 0.01413566
v 0.16854691 0.06629396 0.01339347
v 0.17089060 0.06345215 0.01872550
v 0.17198441 0.06345215 0.01413566
v 0.17089060 0.06345215 0.01872550
v 0.17401560 0.06030762 0.01964347
v 0.17401560 0.06030762 0.01964347
v 0.17089060 0.06345215 0.01872550
v 0.17245310 0.06030762 0.02435050
v 0.17401560 0.06030762 0.01964347
v 0.17245310 0.06030762 0.02435050
v 0.17526560 0.05687988 0.02536613
v 0.17526560 0.05687988 0.02536613
v 0.17245310 0.06030762 0.02435050
v 0.17323441 0.05687988 0.03017081
v 0.17089060 0.06345215 0.01872550
v 0.16854691 0.06629396 0.01339347
v 0.16745310 0.06629396 0.01774894
v 0.17089060 0.06345215 0.01872550
v 0.16745310 0.06629396 0.01774894
v 0.16948441 0.06345215 0.02323722
v 0.16948441 0.06345215 0.02323722
v 0.16745310 0.06629396 0.01774894
v 0.16604691 0.06629396 0.02202628
v 0.16948441 0.06345215 0.02323722
v 0.16604691 0.06629396 0.02202628
v 0.16760941 0.06345215 0.02763175
v 0.16760941 0.06345215 0.02763175
v 0.16604691 0.06629396 0.02202628
v 0.16448441 0.06629396 0.02618644
v 0.16760941 0.06345215 0.02763175
v 0.16448441 0.06629396 0.02618644
v 0.16557810 0.06345215 0.03188956
v 0.16557810 0.06345215 0.03188956
v 0.16448441 0.06629396 0.02618644
v 0.16245310 0.06629396 0.03022941
v 0.16557810 0.06345215 0.03188956
v 0.16245310 0.06629396 0.03022941
v 0.16307810 0.06345215 0.03599112
v 0.16307810 0.06345215 0.03599112
v 0.16245310 0.06629396 0.03022941
v 0.16010941 0.06629396 0.03411612
v 0.16307810 0.06345215 0.03599112
v 0.16010941 0.06629396 0.03411612
v 0.16042191 0.06345215 0.03991690
v 0.15760941 0.06629396 0.03782706
v 0.16042191 0.06345215 0.03991690
v 0.15760941 0.06629396 0.03782706
v 0.15760941 0.06345215 0.04364737
v 0.15760941 0.06345215 0.04364737
v 0.15760941 0.06629396 0.03782706
v 0.15479691 0.06629396 0.04136222
v 0.15760941 0.06345215 0.04364737
v 0.15479691 0.06629396 0.04136222
v 0.15432810 0.06345215 0.04714347
v 0.15432810 0.06345215 0.04714347
v 0.15479691 0.06629396 0.04136222
v 0.15182810 0.06629396 0.04470206
v 0.15432810 0.06345215 0.04714347
v 0.15182810 0.06629396 0.04470206
v 0.15089060 0.06345215 0.05042472
v 0.15089060 0.06345215 0.05042472
v 0.15182810 0.06629396 0.04470206
v 0.14854691 0.06629396 0.04780753
v 0.16760941 0.06345215 0.02763175
v 0.17057810 0.06030762 0.02895988
v 0.16948441 0.06345215 0.02323722
v 0.16948441 0.06345215 0.02323722
v 0.17057810 0.06030762 0.02895988
v 0.17245310 0.06030762 0.02435050
v 0.16948441 0.06345215 0.02323722
v 0.17245310 0.06030762 0.02435050
v 0.17089060 0.06345215 0.01872550
v 0.17104691 0.05687988 0.03481925
v 0.17323441 0.05687988 0.03017081
v 0.17057810 0.06030762 0.02895988
v 0.17057810 0.06030762 0.02895988
v 0.17323441 0.05687988 0.03017081
v 0.17245310 0.06030762 0.02435050
v 0.17057810 0.06030762 0.02895988
v 0.16760941 0.06345215 0.02763175
v 0.16839060 0.06030762 0.03341300
v 0.16839060 0.06030762 0.03341300
v 0.16760941 0.06345215 0.02763175
v 0.16557810 0.06345215 0.03188956
v 0.16839060 0.06030762 0.03341300
v 0.16557810 0.06345215 0.03188956
v 0.16589060 0.06030762 0.03770987
v 0.16589060 0.06030762 0.03770987
v 0.16557810 0.06345215 0.03188956
v 0.16307810 0.06345215 0.03599112
v 0.16589060 0.06030762 0.03770987
v 0.16307810 0.06345215 0.03599112
v 0.16307810 0.06030762 0.04183097
v 0.16042191 0.06345215 0.03991690
v 0.16307810 0.06030762 0.04183097
v 0.16042191 0.06345215 0.03991690
v 0.16010941 0.06030762 0.04573722
v 0.15760941 0.06345215 0.04364737
v 0.16010941 0.06030762 0.04573722
v 0.15760941 0.06345215 0.04364737
v 0.15667191 0.06030762 0.04940909
v 0.15667191 0.06030762 0.04940909
v 0.15760941 0.06345215 0.04364737
v 0.15432810 0.06345215 0.04714347
v 0.15667191 0.06030762 0.04940909
v 0.15432810 0.06345215 0.04714347
v 0.15307810 0.06030762 0.05284659
v 0.15089060 0.06345215 0.05042472
v 0.16839060 0.05687988 0.03929190
v 0.17104691 0.05687988 0.03481925
v 0.16839060 0.06030762 0.03341300
v 0.16839060 0.06030762 0.03341300
v 0.17104691 0.05687988 0.03481925
v 0.17057810 0.06030762 0.02895988
v 0.16839060 0.05687988 0.03929190
v 0.16839060 0.06030762 0.03341300
v 0.16589060 0.06030762 0.03770987
v 0.16839060 0.05687988 0.03929190
v 0.16589060 0.06030762 0.03770987
v 0.16542191 0.05687988 0.04356925
v 0.16542191 0.05687988 0.04356925
v 0.16589060 0.06030762 0.03770987
v 0.16307810 0.06030762 0.04183097
v 0.16542191 0.05687988 0.04356925
v 0.16307810 0.06030762 0.04183097
v 0.16229691 0.05687988 0.04765128
v 0.16229691 0.05687988 0.04765128
v 0.16307810 0.06030762 0.04183097
v 0.16010941 0.06030762 0.04573722
v 0.16229691 0.05687988 0.04765128
v 0.16010941 0.06030762 0.04573722
v 0.15885941 0.05687988 0.05147940
v 0.15885941 0.05687988 0.05147940
v 0.16010941 0.06030762 0.04573722
v 0.15667191 0.06030762 0.04940909
v 0.15885941 0.05687988 0.05147940
v 0.15667191 0.06030762 0.04940909
v 0.15510941 0.05687988 0.05505362
v 0.15307810 0.06030762 0.05284659
v 0.14635941 0.07096193 0.03929190
v 0.13995310 0.02600098 -0.06850106
v -0.03270312 0.02600098 -0.06850106
v 0.14010941 0.02862793 -0.06844247
v 0.14010941 0.02862793 -0.06844247
v -0.03270312 0.02600098 -0.06850106
v 0.10948440 0.02920410 -0.06840342
v 0.14010941 0.02862793 -0.06844247
v 0.10948440 0.02920410 -0.06840342
v 0.14026560 0.02920410 -0.06840342
v 0.10948440 0.02920410 -0.06840342
v -0.03270312 0.02600098 -0.06850106
v -0.00317188 0.02920410 -0.06840342
v -0.00317188 0.02920410 -0.06840342
v -0.03285937 0.02864746 -0.06844247
v -0.00317188 0.02920410 -0.06840342
v -0.03285937 0.02864746 -0.06844247
v -0.03285937 0.02920410 -0.06840342
v 0.10948440 0.02920410 -0.06840342
v -0.00317188 0.02920410 -0.06840342
v 0.02026563 0.03035645 -0.06830575
v 0.02026563 0.03035645 -0.06830575
v -0.00317188 0.02920410 -0.06840342
v -0.00317188 0.02956543 -0.06838388
v 0.02026563 0.03035645 -0.06830575
v -0.00317188 0.02956543 -0.06838388
v -0.00317188 0.02992676 -0.06834481
v -0.00317188 0.02992676 -0.06834481
v -0.00317188 0.03029785 -0.06832528
v 0.02026563 0.03035645 -0.06830575
v -0.00317188 0.03029785 -0.06832528
v -0.00114063 0.03050293 -0.06830575
v 0.02026563 0.03035645 -0.06830575
v -0.00114063 0.03050293 -0.06830575
v -0.00004688 0.03077637 -0.06826670
v -0.00004688 0.03077637 -0.06826670
v 0.00104688 0.03116699 -0.06822763
v 0.02026563 0.03035645 -0.06830575
v 0.00104688 0.03116699 -0.06822763
v 0.00198438 0.03165527 -0.06818856
v 0.02026563 0.03035645 -0.06830575
v 0.00198438 0.03165527 -0.06818856
v 0.00307813 0.03224121 -0.06811045
v 0.00307813 0.03224121 -0.06811045
v 0.08651564 0.03468262 -0.06773934
v 0.08651564 0.03468262 -0.06773934
v 0.00307813 0.03224121 -0.06811045
v 0.00385938 0.03290527 -0.06803231
v 0.08651564 0.03468262 -0.06773934
v 0.00385938 0.03290527 -0.06803231
v 0.02026563 0.03468262 -0.06773934
v 0.00464063 0.03363769 -0.06791513
v 0.00542188 0.03446777 -0.06777842
v 0.00542188 0.03446777 -0.06777842
v 0.00620313 0.03538574 -0.06762217
v 0.02026563 0.03468262 -0.06773934
v 0.02026563 0.03468262 -0.06773934
v 0.00620313 0.03538574 -0.06762217
v 0.00682813 0.03637207 -0.06740731
v 0.02026563 0.03468262 -0.06773934
v 0.00682813 0.03637207 -0.06740731
v 0.08651564 0.03894043 -0.06680184
v 0.08651564 0.03894043 -0.06680184
v 0.00682813 0.03637207 -0.06740731
v 0.00729688 0.03742676 -0.06717295
v 0.08651564 0.03894043 -0.06680184
v 0.00729688 0.03742676 -0.06717295
v 0.02026563 0.03894043 -0.06680184
v 0.02026563 0.03894043 -0.06680184
v 0.00729688 0.03742676 -0.06717295
v 0.00760938 0.03851074 -0.06691903
v 0.02026563 0.03894043 -0.06680184
v 0.00760938 0.03851074 -0.06691903
v 0.00792188 0.03961426 -0.06660653
v 0.00807813 0.04071777 -0.06629403
v 0.02026563 0.03894043 -0.06680184
v 0.00807813 0.04071777 -0.06629403
v 0.08651564 0.04310058 -0.06549325
v 0.02026563 0.03894043 -0.06680184
v 0.08651564 0.04310058 -0.06549325
v 0.10198440 0.04094238 -0.06621592
v 0.10198440 0.04094238 -0.06621592
v 0.08651564 0.04310058 -0.06549325
v 0.10229690 0.04285644 -0.06557138
v 0.10229690 0.04285644 -0.06557138
v 0.08651564 0.04310058 -0.06549325
v 0.10245311 0.04390137 -0.06518075
v 0.10245311 0.04390137 -0.06518075
v 0.08651564 0.04310058 -0.06549325
v 0.10276561 0.04484863 -0.06480966
v 0.10276561 0.04484863 -0.06480966
v 0.08651564 0.04310058 -0.06549325
v 0.08651564 0.04712402 -0.06381356
v 0.10385940 0.04662598 -0.06404795
v 0.10385940 0.04662598 -0.06404795
v 0.08651564 0.04712402 -0.06381356
v 0.10510940 0.04808105 -0.06336434
v 0.10510940 0.04808105 -0.06336434
v 0.08651564 0.04712402 -0.06381356
v 0.10651561 0.04925293 -0.06275888
v 0.08651564 0.05100098 -0.06180184
v 0.10729690 0.04975098 -0.06250497
v 0.10729690 0.04975098 -0.06250497
v 0.08651564 0.05100098 -0.06180184
v 0.10823440 0.05019043 -0.06225106
v 0.10823440 0.05019043 -0.06225106
v 0.08651564 0.05100098 -0.06180184
v 0.10948440 0.05062012 -0.06201669
v 0.10948440 0.05062012 -0.06201669
v 0.08651564 0.05100098 -0.06180184
v 0.10948440 0.05148926 -0.06150888
v 0.10948440 0.05148926 -0.06150888
v 0.08651564 0.05100098 -0.06180184
v 0.10948440 0.05234863 -0.06100106
v 0.10948440 0.05234863 -0.06100106
v 0.08651564 0.05100098 -0.06180184
v 0.10948440 0.05319824 -0.06045419
v 0.08651564 0.05467285 -0.05945809
v 0.10948440 0.05319824 -0.06045419
v 0.08651564 0.05467285 -0.05945809
v 0.15276560 0.05319824 -0.06045419
v 0.15276560 0.05319824 -0.06045419
v 0.08651564 0.05467285 -0.05945809
v 0.15214060 0.05585449 -0.05861825
v 0.15214060 0.05585449 -0.05861825
v 0.08651564 0.05467285 -0.05945809
v 0.08651564 0.05813965 -0.05680184
v 0.15214060 0.05585449 -0.05861825
v 0.08651564 0.05813965 -0.05680184
v 0.15151560 0.05838379 -0.05660653
v 0.15151560 0.05838379 -0.05660653
v 0.08651564 0.05813965 -0.05680184
v 0.15073441 0.06076660 -0.05443856
v 0.15073441 0.06076660 -0.05443856
v 0.08651564 0.05813965 -0.05680184
v 0.08651564 0.06135254 -0.05385263
v 0.15073441 0.06076660 -0.05443856
v 0.08651564 0.06135254 -0.05385263
v 0.14979691 0.06299316 -0.05213388
v 0.14979691 0.06299316 -0.05213388
v 0.08651564 0.06135254 -0.05385263
v 0.08651564 0.06430176 -0.05064950
v 0.14979691 0.06299316 -0.05213388
v 0.08651564 0.06430176 -0.05064950
v 0.14901560 0.06505371 -0.04973153
v 0.14901560 0.06505371 -0.04973153
v 0.08651564 0.06430176 -0.05064950
v 0.08651564 0.06694825 -0.04719247
v 0.14901560 0.06505371 -0.04973153
v 0.08651564 0.06694825 -0.04719247
v 0.14807810 0.06694825 -0.04719247
v 0.14807810 0.06694825 -0.04719247
v 0.08651564 0.06694825 -0.04719247
v 0.14698441 0.06866700 -0.04457528
v 0.14698441 0.06866700 -0.04457528
v 0.08651564 0.06694825 -0.04719247
v 0.08651564 0.06930176 -0.04350106
v 0.14698441 0.06866700 -0.04457528
v 0.08651564 0.06930176 -0.04350106
v 0.14589060 0.07020996 -0.04186044
v 0.14589060 0.07020996 -0.04186044
v 0.08651564 0.06930176 -0.04350106
v 0.08651564 0.07131348 -0.03963388
v 0.14589060 0.07020996 -0.04186044
v 0.08651564 0.07131348 -0.03963388
v 0.14479691 0.07157715 -0.03904794
v 0.14479691 0.07157715 -0.03904794
v 0.08651564 0.07131348 -0.03963388
v 0.14354691 0.07275879 -0.03619638
v 0.08651564 0.07298340 -0.03559091
v 0.14354691 0.07275879 -0.03619638
v 0.08651564 0.07298340 -0.03559091
v 0.14229691 0.07375489 -0.03330575
v 0.14229691 0.07375489 -0.03330575
v 0.08651564 0.07298340 -0.03559091
v 0.08651564 0.07429200 -0.03145028
v 0.14229691 0.07375489 -0.03330575
v 0.08651564 0.07429200 -0.03145028
v 0.14104691 0.07456543 -0.03037606
v 0.14104691 0.07456543 -0.03037606
v 0.08651564 0.07429200 -0.03145028
v 0.08651564 0.07523926 -0.02719247
v 0.14104691 0.07456543 -0.03037606
v 0.08651564 0.07523926 -0.02719247
v 0.13964060 0.07520021 -0.02742684
v 0.13964060 0.07520021 -0.02742684
v 0.08651564 0.07523926 -0.02719247
v 0.13823441 0.07563965 -0.02447763
v 0.13823441 0.07563965 -0.02447763
v 0.08651564 0.07523926 -0.02719247
v 0.08651564 0.07580568 -0.02285653
v 0.13823441 0.07563965 -0.02447763
v 0.08651564 0.07580568 -0.02285653
v 0.13667191 0.07590332 -0.02152841
v 0.13667191 0.07590332 -0.02152841
v 0.08651564 0.07580568 -0.02285653
v 0.13510941 0.07600098 -0.01859872
v 0.13510941 0.07600098 -0.01859872
v 0.08651564 0.07580568 -0.02285653
v 0.02026563 0.07580568 -0.02285653
v -0.02879688 0.07600098 -0.01850106
v -0.03129688 0.07576661 -0.02332528
v -0.03129688 0.07576661 -0.02332528
v 0.02026563 0.07580568 -0.02285653
v -0.03254687 0.07546387 -0.02578622
v -0.03254687 0.07546387 -0.02578622
v 0.02026563 0.07580568 -0.02285653
v 0.02026563 0.07523926 -0.02719247
v -0.03254687 0.07546387 -0.02578622
v 0.02026563 0.07523926 -0.02719247
v -0.03364062 0.07503418 -0.02826669
v -0.03364062 0.07503418 -0.02826669
v 0.02026563 0.07523926 -0.02719247
v 0.02026563 0.07429200 -0.03145028
v -0.03364062 0.07503418 -0.02826669
v 0.02026563 0.07429200 -0.03145028
v -0.03535937 0.07415528 -0.03193856
v -0.03535937 0.07415528 -0.03193856
v 0.02026563 0.07429200 -0.03145028
v 0.02026563 0.07299318 -0.03557138
v -0.03692187 0.07299318 -0.03557138
v -0.03692187 0.07299318 -0.03557138
v 0.02026563 0.07299318 -0.03557138
v -0.03801562 0.07187989 -0.03838388
v -0.03801562 0.07187989 -0.03838388
v 0.02026563 0.07299318 -0.03557138
v 0.02026563 0.07131348 -0.03963388
v -0.03801562 0.07187989 -0.03838388
v 0.02026563 0.07131348 -0.03963388
v -0.03910937 0.07058107 -0.04113778
v -0.03910937 0.07058107 -0.04113778
v 0.02026563 0.07131348 -0.03963388
v 0.02026563 0.06930176 -0.04350106
v -0.03910937 0.07058107 -0.04113778
v 0.02026563 0.06930176 -0.04350106
v -0.04051562 0.06859864 -0.04469247
v -0.04051562 0.06859864 -0.04469247
v 0.02026563 0.06930176 -0.04350106
v 0.02026563 0.06694825 -0.04719247
v -0.04051562 0.06859864 -0.04469247
v 0.02026563 0.06694825 -0.04719247
v -0.04176562 0.06630371 -0.04809091
v -0.04176562 0.06630371 -0.04809091
v 0.02026563 0.06694825 -0.04719247
v 0.02026563 0.06430176 -0.05064950
v -0.04239062 0.06485840 -0.04996591
v -0.04239062 0.06485840 -0.04996591
v 0.02026563 0.06430176 -0.05064950
v -0.04301562 0.06332519 -0.05178231
v -0.04301562 0.06332519 -0.05178231
v 0.02026563 0.06430176 -0.05064950
v 0.02026563 0.06135254 -0.05385263
v -0.04301562 0.06332519 -0.05178231
v 0.02026563 0.06135254 -0.05385263
v -0.04364062 0.06169433 -0.05352059
v -0.04364062 0.06169433 -0.05352059
v 0.02026563 0.06135254 -0.05385263
v -0.04426562 0.05997558 -0.05518075
v -0.04426562 0.05997558 -0.05518075
v 0.02026563 0.06135254 -0.05385263
v 0.02026563 0.05813965 -0.05680184
v -0.04426562 0.05997558 -0.05518075
v 0.02026563 0.05813965 -0.05680184
v -0.04520312 0.05671387 -0.05795419
v -0.04520312 0.05671387 -0.05795419
v 0.02026563 0.05813965 -0.05680184
v 0.02026563 0.05467285 -0.05945809
v -0.04520312 0.05671387 -0.05795419
v 0.02026563 0.05467285 -0.05945809
v -0.00348438 0.05328613 -0.06039559
v -0.00348438 0.05328613 -0.06039559
v 0.02026563 0.05467285 -0.05945809
v -0.00239063 0.05324707 -0.06041513
v -0.00239063 0.05324707 -0.06041513
v 0.02026563 0.05467285 -0.05945809
v -0.00129688 0.05310058 -0.06051278
v -0.00020313 0.05283691 -0.06068856
v -0.00020313 0.05283691 -0.06068856
v 0.02026563 0.05467285 -0.05945809
v 0.00089063 0.05246582 -0.06092294
v 0.02026563 0.05100098 -0.06180184
v 0.00089063 0.05246582 -0.06092294
v 0.02026563 0.05100098 -0.06180184
v 0.00198438 0.05199707 -0.06121591
v 0.00198438 0.05199707 -0.06121591
v 0.02026563 0.05100098 -0.06180184
v 0.00292188 0.05139160 -0.06156747
v 0.00292188 0.05139160 -0.06156747
v 0.02026563 0.05100098 -0.06180184
v 0.00385938 0.05075683 -0.06193856
v 0.00385938 0.05075683 -0.06193856
v 0.02026563 0.05100098 -0.06180184
v 0.00542188 0.04925293 -0.06275888
v 0.00542188 0.04925293 -0.06275888
v 0.08651564 0.05100098 -0.06180184
v 0.02026563 0.04712402 -0.06381356
v 0.02026563 0.04712402 -0.06381356
v 0.02026563 0.04712402 -0.06381356
v 0.08651564 0.04712402 -0.06381356
v 0.00760938 0.04520996 -0.06467295
v 0.00760938 0.04520996 -0.06467295
v 0.08651564 0.04712402 -0.06381356
v 0.02026563 0.04310058 -0.06549325
v 0.00792188 0.04407715 -0.06512216
v 0.00792188 0.04407715 -0.06512216
v 0.02026563 0.04310058 -0.06549325
v 0.00807813 0.04293457 -0.06555184
v 0.00807813 0.04293457 -0.06555184
v 0.02026563 0.04310058 -0.06549325
v 0.00807813 0.04179199 -0.06594247
v 0.00807813 0.04179199 -0.06594247
v 0.00807813 0.04071777 -0.06629403
v 0.00760938 0.04520996 -0.06467295
v 0.00714063 0.04631348 -0.06418466
v 0.02026563 0.04712402 -0.06381356
v 0.00714063 0.04631348 -0.06418466
v 0.00667188 0.04735840 -0.06371591
v 0.02026563 0.04712402 -0.06381356
v 0.00667188 0.04735840 -0.06371591
v 0.00604688 0.04834473 -0.06322763
v 0.00604688 0.04834473 -0.06322763
v 0.00542188 0.04925293 -0.06275888
v -0.00489063 0.05319824 -0.06045419
v -0.04614062 0.05319824 -0.06045419
v -0.00348438 0.05328613 -0.06039559
v -0.00348438 0.05328613 -0.06039559
v -0.04614062 0.05319824 -0.06045419
v -0.04520312 0.05671387 -0.05795419
v 0.13510941 0.07600098 -0.01859872
v 0.10198440 0.04094238 -0.06621592
v 0.08651564 0.03894043 -0.06680184
v 0.08651564 0.03894043 -0.06680184
v 0.10198440 0.04094238 -0.06621592
v 0.10214061 0.03992676 -0.06652842
v 0.08651564 0.03894043 -0.06680184
v 0.10214061 0.03992676 -0.06652842
v 0.10245311 0.03801269 -0.06703622
v 0.10245311 0.03801269 -0.06703622
v 0.10323440 0.03622558 -0.06744638
v 0.08651564 0.03894043 -0.06680184
v 0.10323440 0.03622558 -0.06744638
v 0.08651564 0.03468262 -0.06773934
v 0.02026563 0.03468262 -0.06773934
v 0.10323440 0.03622558 -0.06744638
v 0.10432811 0.03457519 -0.06775888
v 0.08651564 0.03468262 -0.06773934
v 0.08651564 0.03468262 -0.06773934
v 0.10432811 0.03457519 -0.06775888
v 0.10510940 0.03379394 -0.06789559
v 0.08651564 0.03468262 -0.06773934
v 0.10510940 0.03379394 -0.06789559
v 0.10651561 0.03260254 -0.06807138
v 0.08651564 0.03468262 -0.06773934
v 0.10651561 0.03260254 -0.06807138
v 0.08651564 0.03035645 -0.06830575
v 0.08651564 0.03035645 -0.06830575
v 0.10651561 0.03260254 -0.06807138
v 0.10823440 0.03170410 -0.06816903
v 0.10823440 0.03170410 -0.06816903
v 0.10948440 0.03126465 -0.06822763
v 0.10948440 0.03126465 -0.06822763
v 0.10948440 0.03058106 -0.06828622
v 0.08651564 0.03035645 -0.06830575
v 0.08651564 0.03035645 -0.06830575
v 0.10948440 0.03058106 -0.06828622
v 0.10948440 0.02988770 -0.06834481
v 0.10948440 0.02988770 -0.06834481
v 0.10948440 0.02920410 -0.06840342
v 0.02026563 0.04310058 -0.06549325
v 0.10948440 0.02920410 -0.06840342
v 0.13760941 0.02920410 -0.05850106
v 0.14026560 0.02920410 -0.06840342
v 0.14198441 0.02920410 -0.05590341
v 0.14510941 0.02920410 -0.06568856
v 0.14620310 0.02920410 -0.05297372
v 0.14995310 0.02920410 -0.06260263
v 0.15010941 0.02920410 -0.04973153
v 0.15432810 0.02920410 -0.05918466
v 0.15370310 0.02920410 -0.04617684
v 0.15854691 0.02920410 -0.05543466
v 0.15714060 0.02920410 -0.04236825
v 0.16260941 0.02920410 -0.05139169
v 0.16026560 0.02920410 -0.03832528
v 0.16620310 0.02920410 -0.04707528
v 0.16307810 0.02920410 -0.03402841
v 0.16948441 0.02920410 -0.04250497
v 0.16542191 0.02920410 -0.02953622
v 0.17245310 0.02920410 -0.03768075
v 0.16760941 0.02920410 -0.02488778
v 0.17510941 0.02920410 -0.03266122
v 0.16932810 0.02920410 -0.02008309
v 0.17729691 0.02920410 -0.02746591
v 0.17057810 0.02920410 -0.01516122
v 0.17917191 0.02920410 -0.02213388
v 0.17167191 0.02920410 -0.01014169
v 0.18057810 0.02920410 -0.01666513
v 0.18151560 0.02920410 -0.01111825
v 0.17214060 0.02920410 -0.00506356
v 0.18214060 0.02920410 -0.00549325
v 0.17229691 0.02920410 0.00003409
v 0.18229691 0.02920410 0.00015128
v 0.18214060 0.02920410 0.00579581
v 0.17214060 0.02920410 0.00513175
v 0.18151560 0.02920410 0.01140128
v 0.17151560 0.02920410 0.01020987
v 0.18042191 0.02920410 0.01696769
v 0.17057810 0.02920410 0.01520987
v 0.17901560 0.02920410 0.02241691
v 0.17714060 0.02920410 0.02774894
v 0.16917191 0.02920410 0.02013175
v 0.17495310 0.02920410 0.03294425
v 0.16745310 0.02920410 0.02493644
v 0.17229691 0.02920410 0.03794425
v 0.16542191 0.02920410 0.02960441
v 0.16932810 0.02920410 0.04272940
v 0.16292191 0.02920410 0.03407706
v 0.16589060 0.02920410 0.04729972
v 0.16010941 0.02920410 0.03835440
v 0.16229691 0.02920410 0.05159659
v 0.15714060 0.02920410 0.04241690
v 0.15839060 0.02920410 0.05562003
v 0.15370310 0.02920410 0.04620597
v 0.15401560 0.02920410 0.05935050
v 0.14995310 0.02920410 0.04974112
v 0.14964060 0.02920410 0.06274893
v 0.14604691 0.02920410 0.05298331
v 0.14479691 0.02920410 0.06579583
v 0.14182810 0.02920410 0.05589347
v 0.13979691 0.02920410 0.06849113
v 0.13745310 0.02920410 0.05849112
v 0.12698440 0.02920410 0.06849113
v 0.12698440 0.02920410 0.05849112
v 0.10948440 0.02920410 -0.05850106
v 0.14010941 0.02862793 -0.06844247
v 0.14026560 0.02920410 -0.06840342
v 0.13995310 0.02600098 -0.06850106
v 0.13995310 0.02600098 -0.06850106
v 0.14026560 0.02920410 -0.06840342
v 0.14120310 0.00773926 -0.06789559
v 0.13995310 0.02600098 -0.06850106
v 0.14120310 0.00773926 -0.06789559
v 0.13995310 0.00934082 -0.06850106
v 0.14120310 0.00773926 -0.06789559
v 0.14026560 0.02920410 -0.06840342
v 0.14198441 0.00591309 -0.06744638
v 0.14198441 0.00591309 -0.06744638
v 0.14026560 0.02920410 -0.06840342
v 0.14510941 0.02920410 -0.06568856
v 0.14198441 0.00591309 -0.06744638
v 0.14510941 0.02920410 -0.06568856
v 0.14260941 0.00393066 -0.06715342
v 0.14260941 0.00393066 -0.06715342
v 0.14510941 0.02920410 -0.06568856
v 0.14276560 0.00187988 -0.06705575
v 0.14276560 0.00187988 -0.06705575
v 0.14510941 0.02920410 -0.06568856
v 0.14510941 -0.02880371 -0.06570809
v 0.14276560 0.00187988 -0.06705575
v 0.14510941 -0.02880371 -0.06570809
v 0.14260941 -0.00018066 -0.06715342
v 0.14260941 -0.00018066 -0.06715342
v 0.14510941 -0.02880371 -0.06570809
v 0.14010941 -0.02880371 -0.06842295
v 0.14260941 -0.00018066 -0.06715342
v 0.14010941 -0.02880371 -0.06842295
v 0.14198441 -0.00215332 -0.06744638
v 0.14198441 -0.00215332 -0.06744638
v 0.14010941 -0.02880371 -0.06842295
v 0.14120310 -0.00396973 -0.06791513
v 0.14120310 -0.00396973 -0.06791513
v 0.14010941 -0.02880371 -0.06842295
v 0.13995310 -0.00555176 -0.06850106
v 0.13995310 -0.00555176 -0.06850106
v 0.14010941 -0.02880371 -0.06842295
v 0.13995310 -0.02600098 -0.06850106
v 0.14510941 -0.02880371 -0.06570809
v 0.14510941 0.02920410 -0.06568856
v 0.14979691 -0.02880371 -0.06264169
v 0.14979691 -0.02880371 -0.06264169
v 0.14510941 0.02920410 -0.06568856
v 0.14995310 0.02920410 -0.06260263
v 0.14979691 -0.02880371 -0.06264169
v 0.14995310 0.02920410 -0.06260263
v 0.15432810 -0.02880371 -0.05922372
v 0.15432810 -0.02880371 -0.05922372
v 0.14995310 0.02920410 -0.06260263
v 0.15432810 0.02920410 -0.05918466
v 0.15432810 -0.02880371 -0.05922372
v 0.15432810 0.02920410 -0.05918466
v 0.15854691 -0.02880371 -0.05547372
v 0.15854691 0.02920410 -0.05543466
v 0.15854691 -0.02880371 -0.05547372
v 0.15854691 0.02920410 -0.05543466
v 0.16260941 -0.02880371 -0.05143075
v 0.16260941 0.02920410 -0.05139169
v 0.16260941 -0.02880371 -0.05143075
v 0.16260941 0.02920410 -0.05139169
v 0.16620310 -0.02880371 -0.04711434
v 0.16620310 0.02920410 -0.04707528
v 0.16620310 -0.02880371 -0.04711434
v 0.16620310 0.02920410 -0.04707528
v 0.16948441 -0.02880371 -0.04252450
v 0.16948441 0.02920410 -0.04250497
v 0.16948441 -0.02880371 -0.04252450
v 0.16948441 0.02920410 -0.04250497
v 0.17245310 -0.02880371 -0.03771981
v 0.17245310 -0.02880371 -0.03771981
v 0.16948441 0.02920410 -0.04250497
v 0.17245310 0.02920410 -0.03768075
v 0.17245310 -0.02880371 -0.03771981
v 0.17245310 0.02920410 -0.03768075
v 0.17510941 -0.02880371 -0.03270028
v 0.17510941 0.02920410 -0.03266122
v 0.17510941 -0.02880371 -0.03270028
v 0.17510941 0.02920410 -0.03266122
v 0.17729691 -0.02880371 -0.02750497
v 0.17729691 0.02920410 -0.02746591
v 0.17729691 -0.02880371 -0.02750497
v 0.17729691 0.02920410 -0.02746591
v 0.17917191 -0.02880371 -0.02215341
v 0.17917191 0.02920410 -0.02213388
v 0.17917191 -0.02880371 -0.02215341
v 0.17917191 0.02920410 -0.02213388
v 0.18057810 -0.02880371 -0.01670419
v 0.18057810 0.02920410 -0.01666513
v 0.18057810 -0.02880371 -0.01670419
v 0.18057810 0.02920410 -0.01666513
v 0.18151560 -0.02880371 -0.01113778
v 0.18151560 0.02920410 -0.01111825
v 0.18151560 -0.02880371 -0.01113778
v 0.18151560 0.02920410 -0.01111825
v 0.18214060 -0.02880371 -0.00551278
v 0.18214060 0.02920410 -0.00549325
v 0.18214060 -0.02880371 -0.00551278
v 0.18214060 0.02920410 -0.00549325
v 0.18229691 -0.02880371 0.00013175
v 0.18229691 0.02920410 0.00015128
v 0.18229691 -0.02880371 0.00013175
v 0.18229691 0.02920410 0.00015128
v 0.18214060 -0.02880371 0.00577628
v 0.18214060 0.02920410 0.00579581
v 0.18214060 -0.02880371 0.00577628
v 0.18214060 0.02920410 0.00579581
v 0.18151560 -0.02880371 0.01138175
v 0.18151560 0.02920410 0.01140128
v 0.18151560 -0.02880371 0.01138175
v 0.18151560 0.02920410 0.01140128
v 0.18042191 -0.02880371 0.01694816
v 0.18042191 0.02920410 0.01696769
v 0.18042191 -0.02880371 0.01694816
v 0.18042191 0.02920410 0.01696769
v 0.17901560 -0.02880371 0.02239738
v 0.17901560 0.02920410 0.02241691
v 0.17901560 -0.02880371 0.02239738
v 0.17901560 0.02920410 0.02241691
v 0.17714060 -0.02880371 0.02772941
v 0.17714060 0.02920410 0.02774894
v 0.17714060 -0.02880371 0.02772941
v 0.17714060 0.02920410 0.02774894
v 0.17495310 -0.02880371 0.03292472
v 0.17495310 0.02920410 0.03294425
v 0.17495310 -0.02880371 0.03292472
v 0.17495310 0.02920410 0.03294425
v 0.17229691 -0.02880371 0.03792472
v 0.17229691 0.02920410 0.03794425
v 0.17229691 -0.02880371 0.03792472
v 0.17229691 0.02920410 0.03794425
v 0.16932810 -0.02880371 0.04272940
v 0.16932810 0.02920410 0.04272940
v 0.16932810 -0.02880371 0.04272940
v 0.16932810 0.02920410 0.04272940
v 0.16604691 -0.02880371 0.04729972
v 0.16604691 -0.02880371 0.04729972
v 0.16932810 0.02920410 0.04272940
v 0.16589060 0.02920410 0.04729972
v 0.16604691 -0.02880371 0.04729972
v 0.16589060 0.02920410 0.04729972
v 0.16229691 -0.02880371 0.05159659
v 0.16229691 -0.02880371 0.05159659
v 0.16589060 0.02920410 0.04729972
v 0.16229691 0.02920410 0.05159659
v 0.16229691 -0.02880371 0.05159659
v 0.16229691 0.02920410 0.05159659
v 0.15839060 -0.02880371 0.05562003
v 0.15839060 0.02920410 0.05562003
v 0.15839060 -0.02880371 0.05562003
v 0.15839060 0.02920410 0.05562003
v 0.15417191 -0.02880371 0.05935050
v 0.15417191 -0.02880371 0.05935050
v 0.15839060 0.02920410 0.05562003
v 0.15401560 0.02920410 0.05935050
v 0.15417191 -0.02880371 0.05935050
v 0.15401560 0.02920410 0.05935050
v 0.14964060 -0.02880371 0.06274893
v 0.14964060 -0.02880371 0.06274893
v 0.15401560 0.02920410 0.05935050
v 0.14964060 0.02920410 0.06274893
v 0.14964060 -0.02880371 0.06274893
v 0.14964060 0.02920410 0.06274893
v 0.14479691 -0.02880371 0.06579583
v 0.14479691 0.02920410 0.06579583
v 0.14479691 -0.02880371 0.06579583
v 0.14479691 0.02920410 0.06579583
v 0.13979691 -0.02880371 0.06849113
v 0.13979691 -0.00000488 0.06849113
v 0.13979691 0.02920410 0.06849113
v 0.13995310 0.02600098 -0.06850106
v 0.07214064 0.00729981 -0.06850106
v -0.03270312 0.02600098 -0.06850106
v -0.01504687 0.01102051 -0.06850106
v -0.01692188 0.01162598 -0.06850106
v 0.13995310 0.00934082 -0.06850106
v 0.13807810 0.01053223 -0.06850106
v 0.13604691 0.01145996 -0.06850106
v 0.13385941 0.01207520 -0.06850106
v 0.13167191 0.01248535 -0.06850106
v 0.12932810 0.01268066 -0.06850106
v 0.12714061 0.01267090 -0.06850106
v 0.12495311 0.01246582 -0.06850106
v 0.12260940 0.01209473 -0.06850106
v 0.12042190 0.01156738 -0.06850106
v 0.11839061 0.01086426 -0.06850106
v 0.11620311 0.00994629 -0.06850106
v 0.11432811 0.00886231 -0.06850106
v 0.11245311 0.00757324 -0.06850106
v 0.11089061 0.00596191 -0.06850106
v 0.11026561 0.00508301 -0.06850106
v 0.10964061 0.00407715 -0.06850106
v 0.10932811 0.00302246 -0.06850106
v 0.10932811 0.00189941 -0.06850106
v 0.07214064 -0.00350098 -0.06850106
v 0.10932811 0.00077637 -0.06850106
v 0.10964061 -0.00028809 -0.06850106
v 0.11026561 -0.00129395 -0.06850106
v 0.11089061 -0.00217285 -0.06850106
v 0.11245311 -0.00377441 -0.06850106
v 0.11432811 -0.00507324 -0.06850106
v 0.11620311 -0.00614746 -0.06850106
v 0.11839061 -0.00706543 -0.06850106
v 0.12042190 -0.00777832 -0.06850106
v 0.13995310 -0.02600098 -0.06850106
v -0.03270312 -0.02600098 -0.06850106
v 0.12260940 -0.00829590 -0.06850106
v 0.12495311 -0.00867676 -0.06850106
v 0.12714061 -0.00888184 -0.06850106
v 0.12932810 -0.00889160 -0.06850106
v 0.13167191 -0.00868652 -0.06850106
v 0.13385941 -0.00827637 -0.06850106
v 0.13604691 -0.00766113 -0.06850106
v 0.13807810 -0.00674316 -0.06850106
v 0.13995310 -0.00555176 -0.06850106
v -0.03270312 -0.00752441 -0.06850106
v -0.03082813 -0.00812012 -0.06850106
v -0.02879688 -0.00854981 -0.06850106
v -0.02676563 -0.00881348 -0.06850106
v -0.02489063 -0.00891113 -0.06850106
v -0.02285938 -0.00884277 -0.06850106
v -0.02082813 -0.00862793 -0.06850106
v -0.01879688 -0.00828613 -0.06850106
v -0.01692188 -0.00782715 -0.06850106
v -0.01504687 -0.00723145 -0.06850106
v -0.01317187 -0.00645996 -0.06850106
v -0.01145312 -0.00555176 -0.06850106
v -0.00973438 -0.00452637 -0.06850106
v -0.00817188 -0.00325684 -0.06850106
v 0.07104689 -0.00235840 -0.06850106
v -0.00692188 -0.00177246 -0.06850106
v 0.07010939 -0.00111816 -0.06850106
v -0.00629688 -0.00096191 -0.06850106
v -0.00582813 -0.00004395 -0.06850106
v 0.06948439 0.00033691 -0.06850106
v -0.00567188 0.00090332 -0.06850106
v 0.06932814 0.00110840 -0.06850106
v -0.00551563 0.00189941 -0.06850106
v 0.06932814 0.00189941 -0.06850106
v 0.06932814 0.00269043 -0.06850106
v -0.00567188 0.00289551 -0.06850106
v 0.06948439 0.00346191 -0.06850106
v -0.00582813 0.00384277 -0.06850106
v 0.07010939 0.00490723 -0.06850106
v -0.00629688 0.00476074 -0.06850106
v -0.00692188 0.00557129 -0.06850106
v 0.07104689 0.00614746 -0.06850106
v -0.00817188 0.00705566 -0.06850106
v -0.00973438 0.00832520 -0.06850106
v -0.01145312 0.00935059 -0.06850106
v -0.01317187 0.01024902 -0.06850106
v -0.01879688 0.01208496 -0.06850106
v -0.02082813 0.01242676 -0.06850106
v -0.02285938 0.01264160 -0.06850106
v -0.02489063 0.01270020 -0.06850106
v -0.02676563 0.01260254 -0.06850106
v -0.02879688 0.01233887 -0.06850106
v -0.03082813 0.01191895 -0.06850106
v -0.03270312 0.01132324 -0.06850106
v 0.10260940 0.02447754 0.06849113
v 0.10151561 0.02509277 0.05349112
v 0.10026561 0.02600098 0.06849113
v 0.10026561 0.02600098 0.06849113
v 0.10151561 0.02509277 0.05349112
v 0.09932814 0.02679199 0.05349112
v 0.10026561 0.02600098 0.06849113
v 0.09932814 0.02679199 0.05349112
v 0.09854689 0.02754395 0.06847161
v 0.09854689 0.02754395 0.06847161
v 0.09932814 0.02679199 0.05349112
v 0.09745314 0.02879395 0.05349112
v 0.09854689 0.02754395 0.06847161
v 0.09745314 0.02879395 0.05349112
v 0.09729689 0.02890137 0.06841301
v 0.09729689 0.02890137 0.06841301
v 0.09745314 0.02879395 0.05349112
v 0.09620314 0.03041504 0.06829583
v 0.09620314 0.03041504 0.06829583
v 0.09745314 0.02879395 0.05349112
v 0.09589064 0.03104981 0.05349112
v 0.09620314 0.03041504 0.06829583
v 0.09589064 0.03104981 0.05349112
v 0.09510939 0.03241699 0.06808097
v 0.09510939 0.03241699 0.06808097
v 0.09589064 0.03104981 0.05349112
v 0.09448439 0.03351074 0.05349112
v 0.09510939 0.03241699 0.06808097
v 0.09448439 0.03351074 0.05349112
v 0.09432814 0.03415527 0.06782708
v 0.09432814 0.03415527 0.06782708
v 0.09448439 0.03351074 0.05349112
v 0.09370314 0.03613769 0.05349112
v 0.09432814 0.03415527 0.06782708
v 0.09370314 0.03613769 0.05349112
v 0.09370314 0.03595215 0.06749504
v 0.09370314 0.03595215 0.06749504
v 0.09370314 0.03613769 0.05349112
v 0.09323439 0.03777832 0.06708488
v 0.09323439 0.03777832 0.06708488
v 0.09370314 0.03613769 0.05349112
v 0.09323439 0.03886230 0.05349112
v 0.09323439 0.03777832 0.06708488
v 0.09323439 0.03886230 0.05349112
v 0.09307814 0.03917480 0.06673333
v 0.09307814 0.03917480 0.06673333
v 0.09323439 0.03886230 0.05349112
v 0.09307814 0.04094238 0.06620597
v 0.09307814 0.04094238 0.06620597
v 0.09323439 0.03886230 0.05349112
v 0.09307814 0.04163574 0.05349112
v 0.09307814 0.04094238 0.06620597
v 0.09307814 0.04163574 0.05349112
v 0.09307814 0.04287598 0.06556144
v 0.09307814 0.04287598 0.06556144
v 0.09307814 0.04163574 0.05349112
v 0.09339064 0.04438965 0.05349112
v 0.09307814 0.04287598 0.06556144
v 0.09339064 0.04438965 0.05349112
v 0.09339064 0.04479980 0.06481926
v 0.09339064 0.04479980 0.06481926
v 0.09339064 0.04438965 0.05349112
v 0.09401564 0.04707519 0.05349112
v 0.09339064 0.04479980 0.06481926
v 0.09401564 0.04707519 0.05349112
v 0.09385939 0.04669433 0.06401847
v 0.09385939 0.04669433 0.06401847
v 0.09401564 0.04707519 0.05349112
v 0.09464064 0.04852051 0.06313956
v 0.09510939 0.04963379 0.05349112
v 0.09464064 0.04852051 0.06313956
v 0.09510939 0.04963379 0.05349112
v 0.09542189 0.05025879 0.06222159
v 0.09542189 0.05025879 0.06222159
v 0.09510939 0.04963379 0.05349112
v 0.09651564 0.05199707 0.05349112
v 0.09542189 0.05025879 0.06222159
v 0.09651564 0.05199707 0.05349112
v 0.09651564 0.05187012 0.06128409
v 0.09651564 0.05187012 0.06128409
v 0.09651564 0.05199707 0.05349112
v 0.09760939 0.05335449 0.06034659
v 0.09760939 0.05335449 0.06034659
v 0.09651564 0.05199707 0.05349112
v 0.09839064 0.05412598 0.05349112
v 0.09760939 0.05335449 0.06034659
v 0.09839064 0.05412598 0.05349112
v 0.09885939 0.05468262 0.05944815
v 0.09885939 0.05468262 0.05944815
v 0.09839064 0.05412598 0.05349112
v 0.10042190 0.05598144 0.05349112
v 0.09885939 0.05468262 0.05944815
v 0.10042190 0.05598144 0.05349112
v 0.10026561 0.05579590 0.05864737
v 0.10026561 0.05579590 0.05864737
v 0.10042190 0.05598144 0.05349112
v 0.10182811 0.05696777 0.05774893
v 0.10182811 0.05696777 0.05774893
v 0.10042190 0.05598144 0.05349112
v 0.10276561 0.05751465 0.05349112
v 0.10182811 0.05696777 0.05774893
v 0.10276561 0.05751465 0.05349112
v 0.10339061 0.05785644 0.05702628
v 0.10339061 0.05785644 0.05702628
v 0.10276561 0.05751465 0.05349112
v 0.10526561 0.05868652 0.05349112
v 0.10339061 0.05785644 0.05702628
v 0.10526561 0.05868652 0.05349112
v 0.10510940 0.05862793 0.05638175
v 0.10510940 0.05862793 0.05638175
v 0.10526561 0.05868652 0.05349112
v 0.10682811 0.05922363 0.05585440
v 0.10682811 0.05922363 0.05585440
v 0.10526561 0.05868652 0.05349112
v 0.10792190 0.05948730 0.05349112
v 0.10682811 0.05922363 0.05585440
v 0.10792190 0.05948730 0.05349112
v 0.10870311 0.05965332 0.05548331
v 0.10870311 0.05965332 0.05548331
v 0.10792190 0.05948730 0.05349112
v 0.11073440 0.05988769 0.05349112
v 0.10870311 0.05965332 0.05548331
v 0.11073440 0.05988769 0.05349112
v 0.11104690 0.05991699 0.05522940
v 0.11104690 0.05991699 0.05522940
v 0.11073440 0.05988769 0.05349112
v 0.11339061 0.05988769 0.05349112
v 0.11292190 0.05991699 0.05522940
v 0.11292190 0.05991699 0.05522940
v 0.11339061 0.05988769 0.05349112
v 0.11432811 0.05980957 0.05532706
v 0.11432811 0.05980957 0.05532706
v 0.11339061 0.05988769 0.05349112
v 0.11620311 0.05948730 0.05349112
v 0.11432811 0.05980957 0.05532706
v 0.11620311 0.05948730 0.05349112
v 0.11573440 0.05958496 0.05554190
v 0.11573440 0.05958496 0.05554190
v 0.11620311 0.05948730 0.05349112
v 0.11760940 0.05912598 0.05593253
v 0.11760940 0.05912598 0.05593253
v 0.11620311 0.05948730 0.05349112
v 0.11885940 0.05868652 0.05349112
v 0.11760940 0.05912598 0.05593253
v 0.11885940 0.05868652 0.05349112
v 0.11932811 0.05851074 0.05647940
v 0.11932811 0.05851074 0.05647940
v 0.11885940 0.05868652 0.05349112
v 0.12135940 0.05751465 0.05349112
v 0.11932811 0.05851074 0.05647940
v 0.12135940 0.05751465 0.05349112
v 0.12089061 0.05773926 0.05712393
v 0.12089061 0.05773926 0.05712393
v 0.12135940 0.05751465 0.05349112
v 0.12276561 0.05665527 0.05800284
v 0.12276561 0.05665527 0.05800284
v 0.12135940 0.05751465 0.05349112
v 0.12370311 0.05598144 0.05349112
v 0.12276561 0.05665527 0.05800284
v 0.12370311 0.05598144 0.05349112
v 0.12417190 0.05559082 0.05880362
v 0.12417190 0.05559082 0.05880362
v 0.12370311 0.05598144 0.05349112
v 0.12573440 0.05412598 0.05349112
v 0.12542190 0.05445801 0.05960440
v 0.12542190 0.05445801 0.05960440
v 0.12573440 0.05412598 0.05349112
v 0.12651561 0.05319824 0.06044425
v 0.12651561 0.05319824 0.06044425
v 0.12573440 0.05412598 0.05349112
v 0.12651561 0.05319824 0.05849112
v 0.12651561 0.05319824 0.05849112
v 0.12573440 0.05412598 0.05349112
v 0.12745311 0.05199707 0.05349112
v 0.12651561 0.05319824 0.05849112
v 0.12745311 0.05199707 0.05349112
v 0.12792190 0.05139160 0.05849112
v 0.12792190 0.05139160 0.05849112
v 0.12745311 0.05199707 0.05349112
v 0.12901560 0.04963379 0.05349112
v 0.12792190 0.05139160 0.05849112
v 0.12901560 0.04963379 0.05349112
v 0.12901560 0.04943848 0.05849112
v 0.12901560 0.04943848 0.05849112
v 0.12901560 0.04963379 0.05349112
v 0.12995310 0.04736816 0.05849112
v 0.12995310 0.04736816 0.05849112
v 0.12901560 0.04963379 0.05349112
v 0.12995310 0.04707519 0.05349112
v 0.12995310 0.04736816 0.05849112
v 0.12995310 0.04707519 0.05349112
v 0.13057810 0.04520019 0.05849112
v 0.13073441 0.04438965 0.05349112
v 0.13057810 0.04520019 0.05849112
v 0.13073441 0.04438965 0.05349112
v 0.13057810 0.04520019 0.06849113
v 0.13057810 0.04520019 0.06849113
v 0.13073441 0.04438965 0.05349112
v 0.13104691 0.04254394 0.06849113
v 0.13104691 0.04254394 0.06849113
v 0.13073441 0.04438965 0.05349112
v 0.13104691 0.04163574 0.05349112
v 0.13104691 0.04254394 0.06849113
v 0.13104691 0.04163574 0.05349112
v 0.13104691 0.03985840 0.06849113
v 0.13104691 0.03985840 0.06849113
v 0.13104691 0.04163574 0.05349112
v 0.13089060 0.03886230 0.05349112
v 0.13104691 0.03985840 0.06849113
v 0.13089060 0.03886230 0.05349112
v 0.13073441 0.03720215 0.06849113
v 0.13073441 0.03720215 0.06849113
v 0.13089060 0.03886230 0.05349112
v 0.13073441 0.03720215 0.05849112
v 0.13073441 0.03720215 0.05849112
v 0.13089060 0.03886230 0.05349112
v 0.13042191 0.03613769 0.05349112
v 0.13073441 0.03720215 0.05849112
v 0.13042191 0.03613769 0.05349112
v 0.13010941 0.03505371 0.05849112
v 0.13010941 0.03505371 0.05849112
v 0.13042191 0.03613769 0.05349112
v 0.12948441 0.03351074 0.05349112
v 0.13010941 0.03505371 0.05849112
v 0.12948441 0.03351074 0.05349112
v 0.12932810 0.03298340 0.05849112
v 0.12932810 0.03298340 0.05849112
v 0.12948441 0.03351074 0.05349112
v 0.12823441 0.03104981 0.05349112
v 0.12932810 0.03298340 0.05849112
v 0.12823441 0.03104981 0.05349112
v 0.12823441 0.03102051 0.05849112
v 0.12823441 0.03102051 0.05849112
v 0.12823441 0.03104981 0.05349112
v 0.12698440 0.02920410 0.05849112
v 0.12667190 0.02879395 0.05349112
v 0.12698440 0.02920410 0.05849112
v 0.12667190 0.02879395 0.05349112
v 0.12698440 0.02920410 0.06849113
v 0.12698440 0.02920410 0.06849113
v 0.12667190 0.02879395 0.05349112
v 0.12510940 0.02719238 0.06849113
v 0.12479690 0.02679199 0.05349112
v 0.12510940 0.02719238 0.06849113
v 0.12479690 0.02679199 0.05349112
v 0.12307811 0.02547363 0.06849113
v 0.12307811 0.02547363 0.06849113
v 0.12479690 0.02679199 0.05349112
v 0.12245311 0.02509277 0.05349112
v 0.12307811 0.02547363 0.06849113
v 0.12245311 0.02509277 0.05349112
v 0.12073440 0.02405762 0.06849113
v 0.12073440 0.02405762 0.06849113
v 0.12245311 0.02509277 0.05349112
v 0.12010940 0.02373535 0.05349112
v 0.12073440 0.02405762 0.06849113
v 0.12010940 0.02373535 0.05349112
v 0.11823440 0.02299316 0.06849113
v 0.11823440 0.02299316 0.06849113
v 0.12010940 0.02373535 0.05349112
v 0.11745311 0.02274902 0.05349112
v 0.11823440 0.02299316 0.06849113
v 0.11745311 0.02274902 0.05349112
v 0.11557811 0.02229004 0.06849113
v 0.11557811 0.02229004 0.06849113
v 0.11745311 0.02274902 0.05349112
v 0.11479690 0.02214356 0.05349112
v 0.11557811 0.02229004 0.06849113
v 0.11479690 0.02214356 0.05349112
v 0.11292190 0.02196777 0.06849113
v 0.11292190 0.02196777 0.06849113
v 0.11479690 0.02214356 0.05349112
v 0.11198440 0.02193848 0.05349112
v 0.11292190 0.02196777 0.06849113
v 0.11198440 0.02193848 0.05349112
v 0.11026561 0.02202637 0.06849113
v 0.11026561 0.02202637 0.06849113
v 0.11198440 0.02193848 0.05349112
v 0.10932811 0.02214356 0.05349112
v 0.11026561 0.02202637 0.06849113
v 0.10932811 0.02214356 0.05349112
v 0.10760940 0.02247559 0.06849113
v 0.10760940 0.02247559 0.06849113
v 0.10932811 0.02214356 0.05349112
v 0.10651561 0.02274902 0.05349112
v 0.10760940 0.02247559 0.06849113
v 0.10651561 0.02274902 0.05349112
v 0.10495311 0.02329590 0.06849113
v 0.10495311 0.02329590 0.06849113
v 0.10651561 0.02274902 0.05349112
v 0.10401561 0.02373535 0.05349112
v 0.10495311 0.02329590 0.06849113
v 0.10401561 0.02373535 0.05349112
v 0.10260940 0.02447754 0.06849113
v 0.10260940 0.02447754 0.06849113
v 0.10401561 0.02373535 0.05349112
v 0.10151561 0.02509277 0.05349112
v 0.10948440 0.05319824 -0.05850106
v 0.10948440 0.05319824 -0.06045419
v 0.13760941 0.05319824 -0.05850106
v 0.15276560 0.05319824 -0.06045419
v 0.14198441 0.05319824 -0.05590341
v 0.14620310 0.05319824 -0.05297372
v 0.15010941 0.05319824 -0.04973153
v 0.15714060 0.05319824 -0.05687997
v 0.15370310 0.05319824 -0.04617684
v 0.16104691 0.05319824 -0.05299325
v 0.15714060 0.05319824 -0.04236825
v 0.16479691 0.05319824 -0.04883309
v 0.16026560 0.05319824 -0.03832528
v 0.16823441 0.05319824 -0.04441903
v 0.16307810 0.05319824 -0.03402841
v 0.17120310 0.05319824 -0.03977059
v 0.16542191 0.05319824 -0.02953622
v 0.17401560 0.05319824 -0.03488778
v 0.16760941 0.05319824 -0.02488778
v 0.17635941 0.05319824 -0.02984872
v 0.16932810 0.05319824 -0.02008309
v 0.17823441 0.05319824 -0.02463388
v 0.17057810 0.05319824 -0.01516122
v 0.17995310 0.05319824 -0.01928231
v 0.17167191 0.05319824 -0.01014169
v 0.18104691 0.05319824 -0.01385262
v 0.18198441 0.05319824 -0.00832528
v 0.17214060 0.05319824 -0.00506356
v 0.18229691 0.05319824 -0.00277841
v 0.17229691 0.05319824 0.00003409
v 0.18229691 0.05319824 0.00280753
v 0.17214060 0.05319824 0.00513175
v 0.18198441 0.05319824 0.00837394
v 0.18104691 0.05319824 0.01388175
v 0.17151560 0.05319824 0.01020987
v 0.17995310 0.05319824 0.01933097
v 0.17057810 0.05319824 0.01520987
v 0.17823441 0.05319824 0.02466300
v 0.16917191 0.05319824 0.02013175
v 0.17635941 0.05319824 0.02985831
v 0.16745310 0.05319824 0.02493644
v 0.17385941 0.05319824 0.03491690
v 0.16542191 0.05319824 0.02960441
v 0.17120310 0.05319824 0.03978018
v 0.16292191 0.05319824 0.03407706
v 0.16807810 0.05319824 0.04442862
v 0.16010941 0.05319824 0.03835440
v 0.16464060 0.05319824 0.04884268
v 0.15714060 0.05319824 0.04241690
v 0.16104691 0.05319824 0.05300284
v 0.15370310 0.05319824 0.04620597
v 0.15698441 0.05319824 0.05687003
v 0.14995310 0.05319824 0.04974112
v 0.15276560 0.05319824 0.06044425
v 0.14604691 0.05319824 0.05298331
v 0.14182810 0.05319824 0.05589347
v 0.13745310 0.05319824 0.05849112
v 0.12651561 0.05319824 0.06044425
v 0.12651561 0.05319824 0.05849112
v 0.15229691 -0.05279785 0.06071768
v 0.15198441 -0.05468262 0.05944815
v 0.15667191 -0.05279785 0.05714347
v 0.15667191 -0.05279785 0.05714347
v 0.15198441 -0.05468262 0.05944815
v 0.15479691 -0.05653808 0.05530753
v 0.15667191 -0.05279785 0.05714347
v 0.15479691 -0.05653808 0.05530753
v 0.15854691 -0.05653808 0.05173331
v 0.15854691 -0.05653808 0.05173331
v 0.15479691 -0.05653808 0.05530753
v 0.15292191 -0.06002441 0.05310050
v 0.15651560 -0.06002441 0.04966300
v 0.15651560 -0.06002441 0.04966300
v 0.15292191 -0.06002441 0.05310050
v 0.15073441 -0.06322754 0.05065909
v 0.15651560 -0.06002441 0.04966300
v 0.15073441 -0.06322754 0.05065909
v 0.15417191 -0.06322754 0.04737784
v 0.15417191 -0.06322754 0.04737784
v 0.15073441 -0.06322754 0.05065909
v 0.14839060 -0.06611817 0.04802237
v 0.15167191 -0.06611817 0.04489737
v 0.15167191 -0.06611817 0.04489737
v 0.14839060 -0.06611817 0.04802237
v 0.14667191 -0.06857910 0.04472159
v 0.15167191 -0.06611817 0.04489737
v 0.14667191 -0.06857910 0.04472159
v 0.14885941 -0.06867676 0.04224112
v 0.14885941 -0.06867676 0.04224112
v 0.14667191 -0.06857910 0.04472159
v 0.14526560 -0.07057129 0.04116690
v 0.14885941 -0.06867676 0.04224112
v 0.14526560 -0.07057129 0.04116690
v 0.14604691 -0.07087403 0.03944815
v 0.14604691 -0.07087403 0.03944815
v 0.14526560 -0.07057129 0.04116690
v 0.14401560 -0.07187012 0.03841300
v 0.14604691 -0.07087403 0.03944815
v 0.14401560 -0.07187012 0.03841300
v 0.14870310 -0.07087403 0.03651847
v 0.14870310 -0.07087403 0.03651847
v 0.14401560 -0.07187012 0.03841300
v 0.14292191 -0.07299318 0.03558097
v 0.14870310 -0.07087403 0.03651847
v 0.14292191 -0.07299318 0.03558097
v 0.14557810 -0.07270021 0.03380362
v 0.14557810 -0.07270021 0.03380362
v 0.14292191 -0.07299318 0.03558097
v 0.14120310 -0.07419435 0.03183097
v 0.14557810 -0.07270021 0.03380362
v 0.14120310 -0.07419435 0.03183097
v 0.14229691 -0.07413575 0.03099113
v 0.14229691 -0.07413575 0.03099113
v 0.14120310 -0.07419435 0.03183097
v 0.13948441 -0.07509278 0.02802238
v 0.14229691 -0.07413575 0.03099113
v 0.13948441 -0.07509278 0.02802238
v 0.14432810 -0.07413575 0.02835441
v 0.14432810 -0.07413575 0.02835441
v 0.13948441 -0.07509278 0.02802238
v 0.14073441 -0.07517090 0.02569816
v 0.14432810 -0.07413575 0.02835441
v 0.14073441 -0.07517090 0.02569816
v 0.14620310 -0.07413575 0.02556144
v 0.14245310 -0.07517090 0.02317863
v 0.14620310 -0.07413575 0.02556144
v 0.14245310 -0.07517090 0.02317863
v 0.14792191 -0.07413575 0.02265128
v 0.14401560 -0.07517090 0.02054191
v 0.14792191 -0.07413575 0.02265128
v 0.14401560 -0.07517090 0.02054191
v 0.14948441 -0.07413575 0.01962394
v 0.14542191 -0.07517090 0.01780753
v 0.14948441 -0.07413575 0.01962394
v 0.14542191 -0.07517090 0.01780753
v 0.15073441 -0.07413575 0.01651847
v 0.14651560 -0.07517090 0.01497550
v 0.15073441 -0.07413575 0.01651847
v 0.14651560 -0.07517090 0.01497550
v 0.15182810 -0.07413575 0.01331534
v 0.15182810 -0.07413575 0.01331534
v 0.14651560 -0.07517090 0.01497550
v 0.14745310 -0.07517090 0.01206534
v 0.15182810 -0.07413575 0.01331534
v 0.14745310 -0.07517090 0.01206534
v 0.15260941 -0.07413575 0.01003409
v 0.15260941 -0.07413575 0.01003409
v 0.14745310 -0.07517090 0.01206534
v 0.14823441 -0.07517090 0.00909659
v 0.15260941 -0.07413575 0.01003409
v 0.14823441 -0.07517090 0.00909659
v 0.15323441 -0.07413575 0.00671378
v 0.15323441 -0.07413575 0.00671378
v 0.14823441 -0.07517090 0.00909659
v 0.14885941 -0.07517090 0.00608878
v 0.15323441 -0.07413575 0.00671378
v 0.14885941 -0.07517090 0.00608878
v 0.15354691 -0.07413575 0.00337394
v 0.14917191 -0.07517090 0.00304191
v 0.15354691 -0.07413575 0.00337394
v 0.14917191 -0.07517090 0.00304191
v 0.15370310 -0.07413575 -0.00000497
v 0.15370310 -0.07413575 -0.00000497
v 0.14917191 -0.07517090 0.00304191
v 0.14917191 -0.07517090 -0.00000497
v 0.15370310 -0.07413575 -0.00000497
v 0.14917191 -0.07517090 -0.00000497
v 0.15354691 -0.07413575 -0.00336434
v 0.15354691 -0.07413575 -0.00336434
v 0.14917191 -0.07517090 -0.00000497
v 0.14917191 -0.07517090 -0.00307138
v 0.15354691 -0.07413575 -0.00336434
v 0.14917191 -0.07517090 -0.00307138
v 0.15323441 -0.07413575 -0.00672372
v 0.14885941 -0.07517090 -0.00609872
v 0.15323441 -0.07413575 -0.00672372
v 0.14885941 -0.07517090 -0.00609872
v 0.15260941 -0.07413575 -0.01004403
v 0.15260941 -0.07413575 -0.01004403
v 0.14885941 -0.07517090 -0.00609872
v 0.14823441 -0.07517090 -0.00910653
v 0.15182810 -0.07413575 -0.01332528
v 0.14760941 -0.07517090 -0.01207528
v 0.15182810 -0.07413575 -0.01332528
v 0.14760941 -0.07517090 -0.01207528
v 0.15073441 -0.07413575 -0.01652841
v 0.15073441 -0.07413575 -0.01652841
v 0.14760941 -0.07517090 -0.01207528
v 0.14651560 -0.07517090 -0.01498544
v 0.14948441 -0.07413575 -0.01963388
v 0.14542191 -0.07517090 -0.01781747
v 0.14948441 -0.07413575 -0.01963388
v 0.14542191 -0.07517090 -0.01781747
v 0.14807810 -0.07413575 -0.02266122
v 0.14807810 -0.07413575 -0.02266122
v 0.14542191 -0.07517090 -0.01781747
v 0.14401560 -0.07517090 -0.02057138
v 0.14807810 -0.07413575 -0.02266122
v 0.14401560 -0.07517090 -0.02057138
v 0.14635941 -0.07413575 -0.02557138
v 0.14635941 -0.07413575 -0.02557138
v 0.14401560 -0.07517090 -0.02057138
v 0.14260941 -0.07517090 -0.02320809
v 0.14635941 -0.07413575 -0.02557138
v 0.14260941 -0.07517090 -0.02320809
v 0.14432810 -0.07413575 -0.02836434
v 0.14432810 -0.07413575 -0.02836434
v 0.14260941 -0.07517090 -0.02320809
v 0.14089060 -0.07517090 -0.02572763
v 0.14432810 -0.07413575 -0.02836434
v 0.14089060 -0.07517090 -0.02572763
v 0.13964060 -0.07508301 -0.02805184
v 0.13964060 -0.07508301 -0.02805184
v 0.14089060 -0.07517090 -0.02572763
v 0.13839060 -0.07549318 -0.02562997
v 0.13839060 -0.07549318 -0.02562997
v 0.14089060 -0.07517090 -0.02572763
v 0.13729691 -0.07577637 -0.02320809
v 0.13729691 -0.07577637 -0.02320809
v 0.14089060 -0.07517090 -0.02572763
v 0.13870310 -0.07579590 -0.02078622
v 0.13729691 -0.07577637 -0.02320809
v 0.13870310 -0.07579590 -0.02078622
v 0.13479691 -0.07600098 -0.01850106
v 0.13479691 -0.07600098 -0.01850106
v 0.13870310 -0.07579590 -0.02078622
v 0.14010941 -0.07579590 -0.01842294
v 0.13651560 -0.07600098 -0.01541512
v 0.14135941 -0.07579590 -0.01596200
v 0.13792191 -0.07600098 -0.01217294
v 0.14229691 -0.07579590 -0.01342294
v 0.14323441 -0.07579590 -0.01082528
v 0.14323441 -0.07579590 -0.01082528
v 0.14229691 -0.07579590 -0.01342294
v 0.14651560 -0.07517090 -0.01498544
v 0.14760941 -0.07517090 -0.01207528
v 0.15198441 -0.05468262 0.05944815
v 0.15151560 -0.05650879 0.05812003
v 0.15479691 -0.05653808 0.05530753
v 0.15479691 -0.05653808 0.05530753
v 0.15151560 -0.05650879 0.05812003
v 0.15104691 -0.05825683 0.05669425
v 0.15479691 -0.05653808 0.05530753
v 0.15104691 -0.05825683 0.05669425
v 0.15292191 -0.06002441 0.05310050
v 0.15292191 -0.06002441 0.05310050
v 0.15104691 -0.05825683 0.05669425
v 0.15042191 -0.05993652 0.05520987
v 0.14995310 -0.06165527 0.05354972
v 0.15292191 -0.06002441 0.05310050
v 0.14995310 -0.06165527 0.05354972
v 0.15073441 -0.06322754 0.05065909
v 0.15073441 -0.06322754 0.05065909
v 0.14995310 -0.06165527 0.05354972
v 0.14932810 -0.06328613 0.05181143
v 0.15073441 -0.06322754 0.05065909
v 0.14932810 -0.06328613 0.05181143
v 0.14854691 -0.06482910 0.04999503
v 0.14839060 -0.06611817 0.04802237
v 0.14839060 -0.06611817 0.04802237
v 0.14854691 -0.06482910 0.04999503
v 0.14792191 -0.06627442 0.04812003
v 0.14839060 -0.06611817 0.04802237
v 0.14792191 -0.06627442 0.04812003
v 0.14667191 -0.06857910 0.04472159
v 0.13948441 -0.07509278 0.02802238
v 0.13839060 -0.07549318 0.02560050
v 0.14073441 -0.07517090 0.02569816
v 0.14073441 -0.07517090 0.02569816
v 0.13839060 -0.07549318 0.02560050
v 0.13714060 -0.07578614 0.02319816
v 0.13714060 -0.07579590 0.02302238
v 0.13714060 -0.07579590 0.02302238
v 0.13714060 -0.07578614 0.02319816
v 0.13479691 -0.07600098 0.01849113
v 0.13714060 -0.07579590 0.02302238
v 0.13479691 -0.07600098 0.01849113
v 0.13870310 -0.07579590 0.02075675
v 0.13870310 -0.07579590 0.02075675
v 0.13479691 -0.07600098 0.01849113
v 0.14010941 -0.07579590 0.01839347
v 0.13870310 -0.07579590 0.02075675
v 0.14010941 -0.07579590 0.01839347
v 0.14401560 -0.07517090 0.02054191
v 0.14401560 -0.07517090 0.02054191
v 0.14010941 -0.07579590 0.01839347
v 0.14542191 -0.07517090 0.01780753
v 0.13651560 -0.07600098 0.01540519
v 0.14135941 -0.07579590 0.01593253
v 0.14135941 -0.07579590 0.01593253
v 0.14542191 -0.07517090 0.01780753
v 0.14135941 -0.07579590 0.01593253
v 0.14651560 -0.07517090 0.01497550
v 0.13792191 -0.07600098 0.01216300
v 0.14229691 -0.07579590 0.01341300
v 0.14229691 -0.07579590 0.01341300
v 0.14651560 -0.07517090 0.01497550
v 0.14229691 -0.07579590 0.01341300
v 0.14745310 -0.07517090 0.01206534
v 0.14323441 -0.07579590 0.01079581
v 0.14323441 -0.07579590 0.01079581
v 0.13792191 -0.07600098 0.01216300
v 0.13901560 -0.07600098 0.00878409
v 0.14385941 -0.07579590 0.00813956
v 0.13979691 -0.07600098 0.00530753
v 0.14432810 -0.07579590 0.00544425
v 0.14432810 -0.07579590 0.00544425
v 0.13979691 -0.07600098 0.00530753
v 0.14464060 -0.07579590 0.00272941
v 0.14432810 -0.07579590 0.00544425
v 0.14464060 -0.07579590 0.00272941
v 0.14917191 -0.07517090 0.00304191
v 0.14917191 -0.07517090 0.00304191
v 0.14464060 -0.07579590 0.00272941
v 0.14917191 -0.07517090 -0.00000497
v 0.13979691 -0.07600098 0.00530753
v 0.14010941 -0.07600098 0.00177238
v 0.14464060 -0.07579590 0.00272941
v 0.14479691 -0.07579590 -0.00000497
v 0.14464060 -0.07579590 0.00272941
v 0.14479691 -0.07579590 -0.00000497
v 0.14917191 -0.07517090 -0.00000497
v 0.14479691 -0.07579590 -0.00000497
v 0.14917191 -0.07517090 -0.00307138
v 0.14010941 -0.07600098 -0.00178231
v 0.14464060 -0.07579590 -0.00273934
v 0.14479691 -0.07579590 -0.00000497
v 0.14464060 -0.07579590 -0.00273934
v 0.14917191 -0.07517090 -0.00307138
v 0.14885941 -0.07517090 -0.00609872
v 0.13979691 -0.07600098 -0.00529794
v 0.14464060 -0.07579590 -0.00273934
v 0.13979691 -0.07600098 -0.00529794
v 0.14432810 -0.07579590 -0.00547372
v 0.14464060 -0.07579590 -0.00273934
v 0.14432810 -0.07579590 -0.00547372
v 0.14885941 -0.07517090 -0.00609872
v 0.14885941 -0.07517090 -0.00609872
v 0.14432810 -0.07579590 -0.00547372
v 0.14823441 -0.07517090 -0.00910653
v 0.14432810 -0.07579590 -0.00547372
v 0.13979691 -0.07600098 -0.00529794
v 0.14385941 -0.07579590 -0.00816903
v 0.13901560 -0.07600098 -0.00877450
v 0.14323441 -0.07579590 -0.01082528
v 0.13792191 -0.07600098 -0.01217294
v 0.14229691 -0.07413575 -0.03100106
v 0.14135941 -0.07419435 -0.03184091
v 0.14229691 -0.07413575 -0.03100106
v 0.14135941 -0.07419435 -0.03184091
v 0.14292191 -0.07299318 -0.03561044
v 0.14557810 -0.07270021 -0.03381356
v 0.14557810 -0.07270021 -0.03381356
v 0.14292191 -0.07299318 -0.03561044
v 0.14417191 -0.07187012 -0.03842294
v 0.14557810 -0.07270021 -0.03381356
v 0.14417191 -0.07187012 -0.03842294
v 0.14885941 -0.07087403 -0.03652841
v 0.14885941 -0.07087403 -0.03652841
v 0.14417191 -0.07187012 -0.03842294
v 0.14620310 -0.07087403 -0.03945809
v 0.14885941 -0.07087403 -0.03652841
v 0.14620310 -0.07087403 -0.03945809
v 0.14901560 -0.06867676 -0.04227059
v 0.14901560 -0.06867676 -0.04227059
v 0.14620310 -0.07087403 -0.03945809
v 0.14526560 -0.07056153 -0.04117684
v 0.14901560 -0.06867676 -0.04227059
v 0.14526560 -0.07056153 -0.04117684
v 0.14667191 -0.06856935 -0.04473153
v 0.14417191 -0.07187012 -0.03842294
v 0.14526560 -0.07056153 -0.04117684
v 0.14620310 -0.07087403 -0.03945809
v 0.14792191 -0.06627442 -0.04814950
v 0.14839060 -0.06611817 -0.04803231
v 0.14667191 -0.06856935 -0.04473153
v 0.14667191 -0.06856935 -0.04473153
v 0.14839060 -0.06611817 -0.04803231
v 0.15167191 -0.06611817 -0.04490731
v 0.14667191 -0.06856935 -0.04473153
v 0.15167191 -0.06611817 -0.04490731
v 0.14901560 -0.06867676 -0.04227059
v 0.14901560 -0.06867676 -0.04227059
v 0.15167191 -0.06611817 -0.04490731
v 0.15182810 -0.06867676 -0.03912606
v 0.14901560 -0.06867676 -0.04227059
v 0.15182810 -0.06867676 -0.03912606
v 0.14885941 -0.07087403 -0.03652841
v 0.14885941 -0.07087403 -0.03652841
v 0.15182810 -0.06867676 -0.03912606
v 0.15120310 -0.07087403 -0.03342294
v 0.14885941 -0.07087403 -0.03652841
v 0.15120310 -0.07087403 -0.03342294
v 0.14792191 -0.07270021 -0.03094247
v 0.14792191 -0.07270021 -0.03094247
v 0.15120310 -0.07087403 -0.03342294
v 0.14995310 -0.07270021 -0.02789559
v 0.14792191 -0.07270021 -0.03094247
v 0.14995310 -0.07270021 -0.02789559
v 0.14635941 -0.07413575 -0.02557138
v 0.14635941 -0.07413575 -0.02557138
v 0.14995310 -0.07270021 -0.02789559
v 0.14807810 -0.07413575 -0.02266122
v 0.14792191 -0.06627442 -0.04814950
v 0.14870310 -0.06482910 -0.05000497
v 0.14839060 -0.06611817 -0.04803231
v 0.14839060 -0.06611817 -0.04803231
v 0.14870310 -0.06482910 -0.05000497
v 0.15167191 -0.06611817 -0.04490731
v 0.15167191 -0.06611817 -0.04490731
v 0.14870310 -0.06482910 -0.05000497
v 0.15073441 -0.06322754 -0.05066903
v 0.15073441 -0.06322754 -0.05066903
v 0.14870310 -0.06482910 -0.05000497
v 0.14932810 -0.06328613 -0.05182138
v 0.15073441 -0.06322754 -0.05066903
v 0.14932810 -0.06328613 -0.05182138
v 0.14995310 -0.06165527 -0.05355966
v 0.15073441 -0.06322754 -0.05066903
v 0.14995310 -0.06165527 -0.05355966
v 0.15292191 -0.06002441 -0.05311044
v 0.15292191 -0.06002441 -0.05311044
v 0.14995310 -0.06165527 -0.05355966
v 0.15057810 -0.05993652 -0.05521981
v 0.15292191 -0.06002441 -0.05311044
v 0.15057810 -0.05993652 -0.05521981
v 0.15104691 -0.05825683 -0.05670419
v 0.15292191 -0.06002441 -0.05311044
v 0.15104691 -0.05825683 -0.05670419
v 0.15495310 -0.05653808 -0.05531747
v 0.15495310 -0.05653808 -0.05531747
v 0.15104691 -0.05825683 -0.05670419
v 0.15151560 -0.05649902 -0.05812997
v 0.15495310 -0.05653808 -0.05531747
v 0.15151560 -0.05649902 -0.05812997
v 0.15198441 -0.05468262 -0.05945809
v 0.15245310 -0.05279785 -0.06070809
v 0.15682810 -0.05279785 -0.05713388
v 0.15198441 -0.05468262 -0.05945809
v 0.15198441 -0.05468262 -0.05945809
v 0.15682810 -0.05279785 -0.05713388
v 0.15495310 -0.05653808 -0.05531747
v 0.15495310 -0.05653808 -0.05531747
v 0.15682810 -0.05279785 -0.05713388
v 0.15870310 -0.05653808 -0.05172372
v 0.16089060 -0.05279785 -0.05324716
v 0.15870310 -0.05653808 -0.05172372
v 0.16089060 -0.05279785 -0.05324716
v 0.16214060 -0.05653808 -0.04787606
v 0.16214060 -0.05653808 -0.04787606
v 0.16089060 -0.05279785 -0.05324716
v 0.16464060 -0.05279785 -0.04908700
v 0.16214060 -0.05653808 -0.04787606
v 0.16464060 -0.05279785 -0.04908700
v 0.16542191 -0.05653808 -0.04379403
v 0.16542191 -0.05653808 -0.04379403
v 0.16464060 -0.05279785 -0.04908700
v 0.16807810 -0.05279785 -0.04465341
v 0.16542191 -0.05653808 -0.04379403
v 0.16807810 -0.05279785 -0.04465341
v 0.16839060 -0.05653808 -0.03949716
v 0.16839060 -0.05653808 -0.03949716
v 0.16807810 -0.05279785 -0.04465341
v 0.17104691 -0.05279785 -0.03998544
v 0.16839060 -0.05653808 -0.03949716
v 0.17104691 -0.05279785 -0.03998544
v 0.17089060 -0.05653808 -0.03500497
v 0.17089060 -0.05653808 -0.03500497
v 0.17104691 -0.05279785 -0.03998544
v 0.17385941 -0.05279785 -0.03508309
v 0.17089060 -0.05653808 -0.03500497
v 0.17385941 -0.05279785 -0.03508309
v 0.17323441 -0.05653808 -0.03031747
v 0.17323441 -0.05653808 -0.03031747
v 0.17385941 -0.05279785 -0.03508309
v 0.17620310 -0.05279785 -0.03002450
v 0.17323441 -0.05653808 -0.03031747
v 0.17620310 -0.05279785 -0.03002450
v 0.17526560 -0.05653808 -0.02549325
v 0.17526560 -0.05653808 -0.02549325
v 0.17620310 -0.05279785 -0.03002450
v 0.17823441 -0.05279785 -0.02477059
v 0.17526560 -0.05653808 -0.02549325
v 0.17823441 -0.05279785 -0.02477059
v 0.17682810 -0.05653808 -0.02055184
v 0.17995310 -0.05279785 -0.01939950
v 0.17682810 -0.05653808 -0.02055184
v 0.17995310 -0.05279785 -0.01939950
v 0.17807810 -0.05653808 -0.01549325
v 0.17807810 -0.05653808 -0.01549325
v 0.17995310 -0.05279785 -0.01939950
v 0.18104691 -0.05279785 -0.01393075
v 0.17807810 -0.05653808 -0.01549325
v 0.18104691 -0.05279785 -0.01393075
v 0.17901560 -0.05653808 -0.01037606
v 0.17901560 -0.05653808 -0.01037606
v 0.18104691 -0.05279785 -0.01393075
v 0.18198441 -0.05279785 -0.00838388
v 0.17901560 -0.05653808 -0.01037606
v 0.18198441 -0.05279785 -0.00838388
v 0.17964060 -0.05653808 -0.00518075
v 0.17964060 -0.05653808 -0.00518075
v 0.18198441 -0.05279785 -0.00838388
v 0.18229691 -0.05279785 -0.00277841
v 0.17964060 -0.05653808 -0.00518075
v 0.18229691 -0.05279785 -0.00277841
v 0.17979691 -0.05653808 0.00001456
v 0.17979691 -0.05653808 0.00001456
v 0.18229691 -0.05279785 -0.00277841
v 0.18229691 -0.05279785 0.00282706
v 0.17979691 -0.05653808 0.00001456
v 0.18229691 -0.05279785 0.00282706
v 0.17964060 -0.05653808 0.00522941
v 0.17964060 -0.05653808 0.00522941
v 0.18229691 -0.05279785 0.00282706
v 0.18182810 -0.05279785 0.00841300
v 0.17964060 -0.05653808 0.00522941
v 0.18182810 -0.05279785 0.00841300
v 0.17901560 -0.05653808 0.01040519
v 0.17901560 -0.05653808 0.01040519
v 0.18182810 -0.05279785 0.00841300
v 0.18104691 -0.05279785 0.01395987
v 0.17901560 -0.05653808 0.01040519
v 0.18104691 -0.05279785 0.01395987
v 0.17807810 -0.05653808 0.01552237
v 0.17807810 -0.05653808 0.01552237
v 0.18104691 -0.05279785 0.01395987
v 0.17979691 -0.05279785 0.01942863
v 0.17807810 -0.05653808 0.01552237
v 0.17979691 -0.05279785 0.01942863
v 0.17682810 -0.05653808 0.02058097
v 0.17682810 -0.05653808 0.02058097
v 0.17979691 -0.05279785 0.01942863
v 0.17823441 -0.05279785 0.02479972
v 0.17682810 -0.05653808 0.02058097
v 0.17823441 -0.05279785 0.02479972
v 0.17510941 -0.05653808 0.02552238
v 0.17510941 -0.05653808 0.02552238
v 0.17823441 -0.05279785 0.02479972
v 0.17620310 -0.05279785 0.03003409
v 0.17323441 -0.05653808 0.03034659
v 0.17323441 -0.05653808 0.03034659
v 0.17620310 -0.05279785 0.03003409
v 0.17385941 -0.05279785 0.03511222
v 0.17323441 -0.05653808 0.03034659
v 0.17385941 -0.05279785 0.03511222
v 0.17089060 -0.05653808 0.03501456
v 0.17089060 -0.05653808 0.03501456
v 0.17385941 -0.05279785 0.03511222
v 0.17104691 -0.05279785 0.03999503
v 0.17089060 -0.05653808 0.03501456
v 0.17104691 -0.05279785 0.03999503
v 0.16823441 -0.05653808 0.03950675
v 0.16823441 -0.05653808 0.03950675
v 0.17104691 -0.05279785 0.03999503
v 0.16792191 -0.05279785 0.04466300
v 0.16823441 -0.05653808 0.03950675
v 0.16792191 -0.05279785 0.04466300
v 0.16526560 -0.05653808 0.04380362
v 0.16526560 -0.05653808 0.04380362
v 0.16792191 -0.05279785 0.04466300
v 0.16448441 -0.05279785 0.04909659
v 0.16214060 -0.05653808 0.04788565
v 0.16214060 -0.05653808 0.04788565
v 0.16448441 -0.05279785 0.04909659
v 0.16073441 -0.05279785 0.05325675
v 0.16214060 -0.05653808 0.04788565
v 0.16073441 -0.05279785 0.05325675
v 0.15854691 -0.05653808 0.05173331
v 0.15854691 -0.05653808 0.05173331
v 0.16073441 -0.05279785 0.05325675
v 0.15667191 -0.05279785 0.05714347
v 0.14885941 -0.06867676 0.04224112
v 0.14604691 -0.07087403 0.03944815
v 0.15182810 -0.06867676 0.03911612
v 0.15182810 -0.06867676 0.03911612
v 0.14604691 -0.07087403 0.03944815
v 0.14870310 -0.07087403 0.03651847
v 0.15182810 -0.06867676 0.03911612
v 0.14870310 -0.07087403 0.03651847
v 0.15448441 -0.06867676 0.03577628
v 0.15120310 -0.07087403 0.03339347
v 0.15448441 -0.06867676 0.03577628
v 0.15120310 -0.07087403 0.03339347
v 0.15682810 -0.06867676 0.03226065
v 0.15682810 -0.06867676 0.03226065
v 0.15120310 -0.07087403 0.03339347
v 0.15339060 -0.07087403 0.03013175
v 0.15682810 -0.06867676 0.03226065
v 0.15339060 -0.07087403 0.03013175
v 0.15901560 -0.06867676 0.02858878
v 0.15542191 -0.07087403 0.02669425
v 0.15901560 -0.06867676 0.02858878
v 0.15542191 -0.07087403 0.02669425
v 0.16089060 -0.06867676 0.02478019
v 0.16089060 -0.06867676 0.02478019
v 0.15542191 -0.07087403 0.02669425
v 0.15729691 -0.07087403 0.02313956
v 0.16089060 -0.06867676 0.02478019
v 0.15729691 -0.07087403 0.02313956
v 0.16245310 -0.06867676 0.02083488
v 0.16245310 -0.06867676 0.02083488
v 0.15729691 -0.07087403 0.02313956
v 0.15870310 -0.07087403 0.01946769
v 0.16245310 -0.06867676 0.02083488
v 0.15870310 -0.07087403 0.01946769
v 0.16385941 -0.06867676 0.01681144
v 0.16385941 -0.06867676 0.01681144
v 0.15870310 -0.07087403 0.01946769
v 0.15995310 -0.07087403 0.01567862
v 0.16385941 -0.06867676 0.01681144
v 0.15995310 -0.07087403 0.01567862
v 0.16479691 -0.06867676 0.01267081
v 0.16479691 -0.06867676 0.01267081
v 0.15995310 -0.07087403 0.01567862
v 0.16089060 -0.07087403 0.01183097
v 0.16479691 -0.06867676 0.01267081
v 0.16089060 -0.07087403 0.01183097
v 0.16557810 -0.06867676 0.00849113
v 0.16557810 -0.06867676 0.00849113
v 0.16089060 -0.07087403 0.01183097
v 0.16167191 -0.07087403 0.00792472
v 0.16557810 -0.06867676 0.00849113
v 0.16167191 -0.07087403 0.00792472
v 0.16604691 -0.06867676 0.00425284
v 0.16604691 -0.06867676 0.00425284
v 0.16167191 -0.07087403 0.00792472
v 0.16214060 -0.07087403 0.00397941
v 0.16604691 -0.06867676 0.00425284
v 0.16214060 -0.07087403 0.00397941
v 0.16620310 -0.06867676 0.00001456
v 0.16620310 -0.06867676 0.00001456
v 0.16214060 -0.07087403 0.00397941
v 0.16214060 -0.07087403 -0.00000497
v 0.16620310 -0.06867676 0.00001456
v 0.16214060 -0.07087403 -0.00000497
v 0.16604691 -0.06867676 -0.00424325
v 0.16604691 -0.06867676 -0.00424325
v 0.16214060 -0.07087403 -0.00000497
v 0.16214060 -0.07087403 -0.00396981
v 0.16604691 -0.06867676 -0.00424325
v 0.16214060 -0.07087403 -0.00396981
v 0.16557810 -0.06867676 -0.00848153
v 0.16557810 -0.06867676 -0.00848153
v 0.16214060 -0.07087403 -0.00396981
v 0.16167191 -0.07087403 -0.00791513
v 0.16557810 -0.06867676 -0.00848153
v 0.16167191 -0.07087403 -0.00791513
v 0.16495310 -0.06867676 -0.01266122
v 0.16495310 -0.06867676 -0.01266122
v 0.16167191 -0.07087403 -0.00791513
v 0.16104691 -0.07087403 -0.01182137
v 0.16495310 -0.06867676 -0.01266122
v 0.16104691 -0.07087403 -0.01182137
v 0.16385941 -0.06867676 -0.01680184
v 0.16385941 -0.06867676 -0.01680184
v 0.16104691 -0.07087403 -0.01182137
v 0.15995310 -0.07087403 -0.01568856
v 0.16385941 -0.06867676 -0.01680184
v 0.15995310 -0.07087403 -0.01568856
v 0.16245310 -0.06867676 -0.02084481
v 0.16245310 -0.06867676 -0.02084481
v 0.15995310 -0.07087403 -0.01568856
v 0.15870310 -0.07087403 -0.01945809
v 0.16245310 -0.06867676 -0.02084481
v 0.15870310 -0.07087403 -0.01945809
v 0.16089060 -0.06867676 -0.02477059
v 0.16089060 -0.06867676 -0.02477059
v 0.15870310 -0.07087403 -0.01945809
v 0.15729691 -0.07087403 -0.02312997
v 0.16089060 -0.06867676 -0.02477059
v 0.15729691 -0.07087403 -0.02312997
v 0.15901560 -0.06867676 -0.02859872
v 0.15557810 -0.07087403 -0.02670419
v 0.15901560 -0.06867676 -0.02859872
v 0.15557810 -0.07087403 -0.02670419
v 0.15682810 -0.06867676 -0.03227059
v 0.15354691 -0.07087403 -0.03012216
v 0.15682810 -0.06867676 -0.03227059
v 0.15354691 -0.07087403 -0.03012216
v 0.15448441 -0.06867676 -0.03578622
v 0.15448441 -0.06867676 -0.03578622
v 0.15354691 -0.07087403 -0.03012216
v 0.15120310 -0.07087403 -0.03342294
v 0.15448441 -0.06867676 -0.03578622
v 0.15120310 -0.07087403 -0.03342294
v 0.15182810 -0.06867676 -0.03912606
v 0.15167191 -0.06611817 0.04489737
v 0.14885941 -0.06867676 0.04224112
v 0.15464060 -0.06611817 0.04155753
v 0.15464060 -0.06611817 0.04155753
v 0.14885941 -0.06867676 0.04224112
v 0.15182810 -0.06867676 0.03911612
v 0.15464060 -0.06611817 0.04155753
v 0.15182810 -0.06867676 0.03911612
v 0.15745310 -0.06611817 0.03802237
v 0.15448441 -0.06867676 0.03577628
v 0.15745310 -0.06611817 0.03802237
v 0.15448441 -0.06867676 0.03577628
v 0.16010941 -0.06611817 0.03429190
v 0.16010941 -0.06611817 0.03429190
v 0.15448441 -0.06867676 0.03577628
v 0.15682810 -0.06867676 0.03226065
v 0.16010941 -0.06611817 0.03429190
v 0.15682810 -0.06867676 0.03226065
v 0.16229691 -0.06611817 0.03038566
v 0.16229691 -0.06611817 0.03038566
v 0.15682810 -0.06867676 0.03226065
v 0.15901560 -0.06867676 0.02858878
v 0.16229691 -0.06611817 0.03038566
v 0.15901560 -0.06867676 0.02858878
v 0.16432810 -0.06611817 0.02634269
v 0.16089060 -0.06867676 0.02478019
v 0.16432810 -0.06611817 0.02634269
v 0.16089060 -0.06867676 0.02478019
v 0.16604691 -0.06611817 0.02214347
v 0.16604691 -0.06611817 0.02214347
v 0.16089060 -0.06867676 0.02478019
v 0.16245310 -0.06867676 0.02083488
v 0.16604691 -0.06611817 0.02214347
v 0.16245310 -0.06867676 0.02083488
v 0.16745310 -0.06611817 0.01786613
v 0.16745310 -0.06611817 0.01786613
v 0.16245310 -0.06867676 0.02083488
v 0.16385941 -0.06867676 0.01681144
v 0.16745310 -0.06611817 0.01786613
v 0.16385941 -0.06867676 0.01681144
v 0.16854691 -0.06611817 0.01347159
v 0.16854691 -0.06611817 0.01347159
v 0.16385941 -0.06867676 0.01681144
v 0.16479691 -0.06867676 0.01267081
v 0.16854691 -0.06611817 0.01347159
v 0.16479691 -0.06867676 0.01267081
v 0.16932810 -0.06611817 0.00901847
v 0.16557810 -0.06867676 0.00849113
v 0.16932810 -0.06611817 0.00901847
v 0.16557810 -0.06867676 0.00849113
v 0.16979691 -0.06611817 0.00452628
v 0.16604691 -0.06867676 0.00425284
v 0.16979691 -0.06611817 0.00452628
v 0.16604691 -0.06867676 0.00425284
v 0.16995310 -0.06611817 0.00001456
v 0.16620310 -0.06867676 0.00001456
v 0.16995310 -0.06611817 0.00001456
v 0.16620310 -0.06867676 0.00001456
v 0.16979691 -0.06611817 -0.00451669
v 0.16604691 -0.06867676 -0.00424325
v 0.16979691 -0.06611817 -0.00451669
v 0.16604691 -0.06867676 -0.00424325
v 0.16932810 -0.06611817 -0.00900888
v 0.16557810 -0.06867676 -0.00848153
v 0.16932810 -0.06611817 -0.00900888
v 0.16557810 -0.06867676 -0.00848153
v 0.16854691 -0.06611817 -0.01346200
v 0.16854691 -0.06611817 -0.01346200
v 0.16557810 -0.06867676 -0.00848153
v 0.16495310 -0.06867676 -0.01266122
v 0.16854691 -0.06611817 -0.01346200
v 0.16495310 -0.06867676 -0.01266122
v 0.16745310 -0.06611817 -0.01783700
v 0.16745310 -0.06611817 -0.01783700
v 0.16495310 -0.06867676 -0.01266122
v 0.16385941 -0.06867676 -0.01680184
v 0.16745310 -0.06611817 -0.01783700
v 0.16385941 -0.06867676 -0.01680184
v 0.16604691 -0.06611817 -0.02213388
v 0.16604691 -0.06611817 -0.02213388
v 0.16385941 -0.06867676 -0.01680184
v 0.16245310 -0.06867676 -0.02084481
v 0.16604691 -0.06611817 -0.02213388
v 0.16245310 -0.06867676 -0.02084481
v 0.16432810 -0.06611817 -0.02633309
v 0.16089060 -0.06867676 -0.02477059
v 0.16432810 -0.06611817 -0.02633309
v 0.16089060 -0.06867676 -0.02477059
v 0.16229691 -0.06611817 -0.03037606
v 0.16229691 -0.06611817 -0.03037606
v 0.16089060 -0.06867676 -0.02477059
v 0.15901560 -0.06867676 -0.02859872
v 0.16229691 -0.06611817 -0.03037606
v 0.15901560 -0.06867676 -0.02859872
v 0.16010941 -0.06611817 -0.03428231
v 0.16010941 -0.06611817 -0.03428231
v 0.15901560 -0.06867676 -0.02859872
v 0.15682810 -0.06867676 -0.03227059
v 0.16010941 -0.06611817 -0.03428231
v 0.15682810 -0.06867676 -0.03227059
v 0.15760941 -0.06611817 -0.03803231
v 0.15448441 -0.06867676 -0.03578622
v 0.15760941 -0.06611817 -0.03803231
v 0.15448441 -0.06867676 -0.03578622
v 0.15479691 -0.06611817 -0.04156747
v 0.15182810 -0.06867676 -0.03912606
v 0.15479691 -0.06611817 -0.04156747
v 0.15182810 -0.06867676 -0.03912606
v 0.15167191 -0.06611817 -0.04490731
v 0.15417191 -0.06322754 0.04737784
v 0.15167191 -0.06611817 0.04489737
v 0.15729691 -0.06322754 0.04386222
v 0.15464060 -0.06611817 0.04155753
v 0.15729691 -0.06322754 0.04386222
v 0.15464060 -0.06611817 0.04155753
v 0.16026560 -0.06322754 0.04013175
v 0.15745310 -0.06611817 0.03802237
v 0.16026560 -0.06322754 0.04013175
v 0.15745310 -0.06611817 0.03802237
v 0.16307810 -0.06322754 0.03618643
v 0.16010941 -0.06611817 0.03429190
v 0.16307810 -0.06322754 0.03618643
v 0.16010941 -0.06611817 0.03429190
v 0.16542191 -0.06322754 0.03206534
v 0.16542191 -0.06322754 0.03206534
v 0.16010941 -0.06611817 0.03429190
v 0.16229691 -0.06611817 0.03038566
v 0.16542191 -0.06322754 0.03206534
v 0.16229691 -0.06611817 0.03038566
v 0.16760941 -0.06322754 0.02778800
v 0.16760941 -0.06322754 0.02778800
v 0.16229691 -0.06611817 0.03038566
v 0.16432810 -0.06611817 0.02634269
v 0.16760941 -0.06322754 0.02778800
v 0.16432810 -0.06611817 0.02634269
v 0.16932810 -0.06322754 0.02337394
v 0.16932810 -0.06322754 0.02337394
v 0.16432810 -0.06611817 0.02634269
v 0.16604691 -0.06611817 0.02214347
v 0.16932810 -0.06322754 0.02337394
v 0.16604691 -0.06611817 0.02214347
v 0.17089060 -0.06322754 0.01884269
v 0.17089060 -0.06322754 0.01884269
v 0.16604691 -0.06611817 0.02214347
v 0.16745310 -0.06611817 0.01786613
v 0.17089060 -0.06322754 0.01884269
v 0.16745310 -0.06611817 0.01786613
v 0.17198441 -0.06322754 0.01421378
v 0.17198441 -0.06322754 0.01421378
v 0.16745310 -0.06611817 0.01786613
v 0.16854691 -0.06611817 0.01347159
v 0.17198441 -0.06322754 0.01421378
v 0.16854691 -0.06611817 0.01347159
v 0.17292191 -0.06322754 0.00952628
v 0.17292191 -0.06322754 0.00952628
v 0.16854691 -0.06611817 0.01347159
v 0.16932810 -0.06611817 0.00901847
v 0.17292191 -0.06322754 0.00952628
v 0.16932810 -0.06611817 0.00901847
v 0.17339060 -0.06322754 0.00478019
v 0.16979691 -0.06611817 0.00452628
v 0.17339060 -0.06322754 0.00478019
v 0.16979691 -0.06611817 0.00452628
v 0.17354691 -0.06322754 0.00001456
v 0.16995310 -0.06611817 0.00001456
v 0.17354691 -0.06322754 0.00001456
v 0.16995310 -0.06611817 0.00001456
v 0.17339060 -0.06322754 -0.00475106
v 0.16979691 -0.06611817 -0.00451669
v 0.17339060 -0.06322754 -0.00475106
v 0.16979691 -0.06611817 -0.00451669
v 0.17292191 -0.06322754 -0.00949716
v 0.16932810 -0.06611817 -0.00900888
v 0.17292191 -0.06322754 -0.00949716
v 0.16932810 -0.06611817 -0.00900888
v 0.17198441 -0.06322754 -0.01420419
v 0.17198441 -0.06322754 -0.01420419
v 0.16932810 -0.06611817 -0.00900888
v 0.16854691 -0.06611817 -0.01346200
v 0.17198441 -0.06322754 -0.01420419
v 0.16854691 -0.06611817 -0.01346200
v 0.17089060 -0.06322754 -0.01883309
v 0.17089060 -0.06322754 -0.01883309
v 0.16854691 -0.06611817 -0.01346200
v 0.16745310 -0.06611817 -0.01783700
v 0.17089060 -0.06322754 -0.01883309
v 0.16745310 -0.06611817 -0.01783700
v 0.16932810 -0.06322754 -0.02336434
v 0.16932810 -0.06322754 -0.02336434
v 0.16745310 -0.06611817 -0.01783700
v 0.16604691 -0.06611817 -0.02213388
v 0.16932810 -0.06322754 -0.02336434
v 0.16604691 -0.06611817 -0.02213388
v 0.16760941 -0.06322754 -0.02777841
v 0.16760941 -0.06322754 -0.02777841
v 0.16604691 -0.06611817 -0.02213388
v 0.16432810 -0.06611817 -0.02633309
v 0.16760941 -0.06322754 -0.02777841
v 0.16432810 -0.06611817 -0.02633309
v 0.16542191 -0.06322754 -0.03205575
v 0.16542191 -0.06322754 -0.03205575
v 0.16432810 -0.06611817 -0.02633309
v 0.16229691 -0.06611817 -0.03037606
v 0.16542191 -0.06322754 -0.03205575
v 0.16229691 -0.06611817 -0.03037606
v 0.16307810 -0.06322754 -0.03617684
v 0.16307810 -0.06322754 -0.03617684
v 0.16229691 -0.06611817 -0.03037606
v 0.16010941 -0.06611817 -0.03428231
v 0.16307810 -0.06322754 -0.03617684
v 0.16010941 -0.06611817 -0.03428231
v 0.16042191 -0.06322754 -0.04012216
v 0.15760941 -0.06611817 -0.03803231
v 0.16042191 -0.06322754 -0.04012216
v 0.15760941 -0.06611817 -0.03803231
v 0.15745310 -0.06322754 -0.04387216
v 0.15479691 -0.06611817 -0.04156747
v 0.15745310 -0.06322754 -0.04387216
v 0.15479691 -0.06611817 -0.04156747
v 0.15417191 -0.06322754 -0.04738778
v 0.15167191 -0.06611817 -0.04490731
v 0.15417191 -0.06322754 -0.04738778
v 0.15167191 -0.06611817 -0.04490731
v 0.15073441 -0.06322754 -0.05066903
v 0.16214060 -0.05653808 0.04788565
v 0.15854691 -0.05653808 0.05173331
v 0.15651560 -0.06002441 0.04966300
v 0.15651560 -0.06002441 0.04966300
v 0.15417191 -0.06322754 0.04737784
v 0.15979691 -0.06002441 0.04597159
v 0.15729691 -0.06322754 0.04386222
v 0.15979691 -0.06002441 0.04597159
v 0.15729691 -0.06322754 0.04386222
v 0.16292191 -0.06002441 0.04206534
v 0.16292191 -0.06002441 0.04206534
v 0.15729691 -0.06322754 0.04386222
v 0.16026560 -0.06322754 0.04013175
v 0.16292191 -0.06002441 0.04206534
v 0.16026560 -0.06322754 0.04013175
v 0.16573441 -0.06002441 0.03792472
v 0.16573441 -0.06002441 0.03792472
v 0.16026560 -0.06322754 0.04013175
v 0.16307810 -0.06322754 0.03618643
v 0.16573441 -0.06002441 0.03792472
v 0.16307810 -0.06322754 0.03618643
v 0.16823441 -0.06002441 0.03360831
v 0.16823441 -0.06002441 0.03360831
v 0.16307810 -0.06322754 0.03618643
v 0.16542191 -0.06322754 0.03206534
v 0.16823441 -0.06002441 0.03360831
v 0.16542191 -0.06322754 0.03206534
v 0.17057810 -0.06002441 0.02913566
v 0.17057810 -0.06002441 0.02913566
v 0.16542191 -0.06322754 0.03206534
v 0.16760941 -0.06322754 0.02778800
v 0.17057810 -0.06002441 0.02913566
v 0.16760941 -0.06322754 0.02778800
v 0.17245310 -0.06002441 0.02450675
v 0.17245310 -0.06002441 0.02450675
v 0.16760941 -0.06322754 0.02778800
v 0.16932810 -0.06322754 0.02337394
v 0.17245310 -0.06002441 0.02450675
v 0.16932810 -0.06322754 0.02337394
v 0.17401560 -0.06002441 0.01976066
v 0.17401560 -0.06002441 0.01976066
v 0.16932810 -0.06322754 0.02337394
v 0.17089060 -0.06322754 0.01884269
v 0.17401560 -0.06002441 0.01976066
v 0.17089060 -0.06322754 0.01884269
v 0.17526560 -0.06002441 0.01489737
v 0.17526560 -0.06002441 0.01489737
v 0.17089060 -0.06322754 0.01884269
v 0.17198441 -0.06322754 0.01421378
v 0.17526560 -0.06002441 0.01489737
v 0.17198441 -0.06322754 0.01421378
v 0.17604691 -0.06002441 0.00997550
v 0.17604691 -0.06002441 0.00997550
v 0.17198441 -0.06322754 0.01421378
v 0.17292191 -0.06322754 0.00952628
v 0.17604691 -0.06002441 0.00997550
v 0.17292191 -0.06322754 0.00952628
v 0.17667191 -0.06002441 0.00501456
v 0.17667191 -0.06002441 0.00501456
v 0.17292191 -0.06322754 0.00952628
v 0.17339060 -0.06322754 0.00478019
v 0.17667191 -0.06002441 0.00501456
v 0.17339060 -0.06322754 0.00478019
v 0.17682810 -0.06002441 0.00001456
v 0.17354691 -0.06322754 0.00001456
v 0.17682810 -0.06002441 0.00001456
v 0.17354691 -0.06322754 0.00001456
v 0.17667191 -0.06002441 -0.00498544
v 0.17339060 -0.06322754 -0.00475106
v 0.17667191 -0.06002441 -0.00498544
v 0.17339060 -0.06322754 -0.00475106
v 0.17604691 -0.06002441 -0.00996591
v 0.17604691 -0.06002441 -0.00996591
v 0.17339060 -0.06322754 -0.00475106
v 0.17292191 -0.06322754 -0.00949716
v 0.17604691 -0.06002441 -0.00996591
v 0.17292191 -0.06322754 -0.00949716
v 0.17526560 -0.06002441 -0.01488778
v 0.17526560 -0.06002441 -0.01488778
v 0.17292191 -0.06322754 -0.00949716
v 0.17198441 -0.06322754 -0.01420419
v 0.17526560 -0.06002441 -0.01488778
v 0.17198441 -0.06322754 -0.01420419
v 0.17401560 -0.06002441 -0.01973153
v 0.17401560 -0.06002441 -0.01973153
v 0.17198441 -0.06322754 -0.01420419
v 0.17089060 -0.06322754 -0.01883309
v 0.17401560 -0.06002441 -0.01973153
v 0.17089060 -0.06322754 -0.01883309
v 0.17245310 -0.06002441 -0.02447763
v 0.17245310 -0.06002441 -0.02447763
v 0.17089060 -0.06322754 -0.01883309
v 0.16932810 -0.06322754 -0.02336434
v 0.17245310 -0.06002441 -0.02447763
v 0.16932810 -0.06322754 -0.02336434
v 0.17057810 -0.06002441 -0.02910653
v 0.17057810 -0.06002441 -0.02910653
v 0.16932810 -0.06322754 -0.02336434
v 0.16760941 -0.06322754 -0.02777841
v 0.17057810 -0.06002441 -0.02910653
v 0.16760941 -0.06322754 -0.02777841
v 0.16839060 -0.06002441 -0.03359872
v 0.16839060 -0.06002441 -0.03359872
v 0.16760941 -0.06322754 -0.02777841
v 0.16542191 -0.06322754 -0.03205575
v 0.16839060 -0.06002441 -0.03359872
v 0.16542191 -0.06322754 -0.03205575
v 0.16589060 -0.06002441 -0.03791513
v 0.16589060 -0.06002441 -0.03791513
v 0.16542191 -0.06322754 -0.03205575
v 0.16307810 -0.06322754 -0.03617684
v 0.16589060 -0.06002441 -0.03791513
v 0.16307810 -0.06322754 -0.03617684
v 0.16307810 -0.06002441 -0.04205575
v 0.16042191 -0.06322754 -0.04012216
v 0.16307810 -0.06002441 -0.04205575
v 0.16042191 -0.06322754 -0.04012216
v 0.15995310 -0.06002441 -0.04598153
v 0.15995310 -0.06002441 -0.04598153
v 0.16042191 -0.06322754 -0.04012216
v 0.15745310 -0.06322754 -0.04387216
v 0.15995310 -0.06002441 -0.04598153
v 0.15745310 -0.06322754 -0.04387216
v 0.15651560 -0.06002441 -0.04967294
v 0.15417191 -0.06322754 -0.04738778
v 0.15651560 -0.06002441 -0.04967294
v 0.15417191 -0.06322754 -0.04738778
v 0.15292191 -0.06002441 -0.05311044
v 0.15292191 -0.06002441 -0.05311044
v 0.15417191 -0.06322754 -0.04738778
v 0.15073441 -0.06322754 -0.05066903
v 0.15120310 -0.07087403 0.03339347
v 0.14870310 -0.07087403 0.03651847
v 0.14557810 -0.07270021 0.03380362
v 0.14229691 -0.07413575 0.03099113
v 0.14792191 -0.07270021 0.03091300
v 0.14792191 -0.07270021 0.03091300
v 0.14229691 -0.07413575 0.03099113
v 0.14432810 -0.07413575 0.02835441
v 0.14792191 -0.07270021 0.03091300
v 0.14432810 -0.07413575 0.02835441
v 0.14995310 -0.07270021 0.02788566
v 0.14620310 -0.07413575 0.02556144
v 0.14995310 -0.07270021 0.02788566
v 0.14620310 -0.07413575 0.02556144
v 0.15182810 -0.07270021 0.02470206
v 0.14792191 -0.07413575 0.02265128
v 0.15182810 -0.07270021 0.02470206
v 0.14792191 -0.07413575 0.02265128
v 0.15339060 -0.07270021 0.02142081
v 0.15339060 -0.07270021 0.02142081
v 0.14792191 -0.07413575 0.02265128
v 0.14948441 -0.07413575 0.01962394
v 0.15339060 -0.07270021 0.02142081
v 0.14948441 -0.07413575 0.01962394
v 0.15479691 -0.07270021 0.01800284
v 0.15073441 -0.07413575 0.01651847
v 0.15479691 -0.07270021 0.01800284
v 0.15073441 -0.07413575 0.01651847
v 0.15589060 -0.07270021 0.01452628
v 0.15589060 -0.07270021 0.01452628
v 0.15073441 -0.07413575 0.01651847
v 0.15182810 -0.07413575 0.01331534
v 0.15589060 -0.07270021 0.01452628
v 0.15182810 -0.07413575 0.01331534
v 0.15682810 -0.07270021 0.01095206
v 0.15682810 -0.07270021 0.01095206
v 0.15182810 -0.07413575 0.01331534
v 0.15260941 -0.07413575 0.01003409
v 0.15682810 -0.07270021 0.01095206
v 0.15260941 -0.07413575 0.01003409
v 0.15745310 -0.07270021 0.00733878
v 0.15745310 -0.07270021 0.00733878
v 0.15260941 -0.07413575 0.01003409
v 0.15323441 -0.07413575 0.00671378
v 0.15745310 -0.07270021 0.00733878
v 0.15323441 -0.07413575 0.00671378
v 0.15792191 -0.07270021 0.00366691
v 0.15792191 -0.07270021 0.00366691
v 0.15323441 -0.07413575 0.00671378
v 0.15354691 -0.07413575 0.00337394
v 0.15792191 -0.07270021 0.00366691
v 0.15354691 -0.07413575 0.00337394
v 0.15807810 -0.07270021 -0.00000497
v 0.15370310 -0.07413575 -0.00000497
v 0.15807810 -0.07270021 -0.00000497
v 0.15370310 -0.07413575 -0.00000497
v 0.15792191 -0.07270021 -0.00367684
v 0.15354691 -0.07413575 -0.00336434
v 0.15792191 -0.07270021 -0.00367684
v 0.15354691 -0.07413575 -0.00336434
v 0.15745310 -0.07270021 -0.00732919
v 0.15745310 -0.07270021 -0.00732919
v 0.15354691 -0.07413575 -0.00336434
v 0.15323441 -0.07413575 -0.00672372
v 0.15745310 -0.07270021 -0.00732919
v 0.15323441 -0.07413575 -0.00672372
v 0.15682810 -0.07270021 -0.01096200
v 0.15682810 -0.07270021 -0.01096200
v 0.15323441 -0.07413575 -0.00672372
v 0.15260941 -0.07413575 -0.01004403
v 0.15682810 -0.07270021 -0.01096200
v 0.15260941 -0.07413575 -0.01004403
v 0.15604691 -0.07270021 -0.01451669
v 0.15604691 -0.07270021 -0.01451669
v 0.15260941 -0.07413575 -0.01004403
v 0.15182810 -0.07413575 -0.01332528
v 0.15604691 -0.07270021 -0.01451669
v 0.15182810 -0.07413575 -0.01332528
v 0.15479691 -0.07270021 -0.01801278
v 0.15479691 -0.07270021 -0.01801278
v 0.15182810 -0.07413575 -0.01332528
v 0.15073441 -0.07413575 -0.01652841
v 0.15479691 -0.07270021 -0.01801278
v 0.15073441 -0.07413575 -0.01652841
v 0.15339060 -0.07270021 -0.02141122
v 0.14948441 -0.07413575 -0.01963388
v 0.15339060 -0.07270021 -0.02141122
v 0.14948441 -0.07413575 -0.01963388
v 0.15182810 -0.07270021 -0.02471200
v 0.15182810 -0.07270021 -0.02471200
v 0.14948441 -0.07413575 -0.01963388
v 0.14807810 -0.07413575 -0.02266122
v 0.15182810 -0.07270021 -0.02471200
v 0.16526560 -0.05653808 0.04380362
v 0.16214060 -0.05653808 0.04788565
v 0.15979691 -0.06002441 0.04597159
v 0.15979691 -0.06002441 0.04597159
v 0.16214060 -0.05653808 0.04788565
v 0.15651560 -0.06002441 0.04966300
v 0.16526560 -0.05653808 0.04380362
v 0.15979691 -0.06002441 0.04597159
v 0.16292191 -0.06002441 0.04206534
v 0.14245310 -0.07517090 0.02317863
v 0.14073441 -0.07517090 0.02569816
v 0.13714060 -0.07579590 0.02302238
v 0.15339060 -0.07087403 0.03013175
v 0.15120310 -0.07087403 0.03339347
v 0.14792191 -0.07270021 0.03091300
v 0.14792191 -0.07270021 0.03091300
v 0.15120310 -0.07087403 0.03339347
v 0.14557810 -0.07270021 0.03380362
v 0.14995310 -0.07270021 0.02788566
v 0.16823441 -0.05653808 0.03950675
v 0.16526560 -0.05653808 0.04380362
v 0.16292191 -0.06002441 0.04206534
v 0.16823441 -0.05653808 0.03950675
v 0.16292191 -0.06002441 0.04206534
v 0.16573441 -0.06002441 0.03792472
v 0.14245310 -0.07517090 0.02317863
v 0.13870310 -0.07579590 0.02075675
v 0.15542191 -0.07087403 0.02669425
v 0.15339060 -0.07087403 0.03013175
v 0.14995310 -0.07270021 0.02788566
v 0.15182810 -0.07270021 0.02470206
v 0.17089060 -0.05653808 0.03501456
v 0.16823441 -0.05653808 0.03950675
v 0.16573441 -0.06002441 0.03792472
v 0.17089060 -0.05653808 0.03501456
v 0.16573441 -0.06002441 0.03792472
v 0.16823441 -0.06002441 0.03360831
v 0.15542191 -0.07087403 0.02669425
v 0.15182810 -0.07270021 0.02470206
v 0.15729691 -0.07087403 0.02313956
v 0.15729691 -0.07087403 0.02313956
v 0.15182810 -0.07270021 0.02470206
v 0.15339060 -0.07270021 0.02142081
v 0.15729691 -0.07087403 0.02313956
v 0.15339060 -0.07270021 0.02142081
v 0.15870310 -0.07087403 0.01946769
v 0.15870310 -0.07087403 0.01946769
v 0.15339060 -0.07270021 0.02142081
v 0.15479691 -0.07270021 0.01800284
v 0.15870310 -0.07087403 0.01946769
v 0.15479691 -0.07270021 0.01800284
v 0.15995310 -0.07087403 0.01567862
v 0.15995310 -0.07087403 0.01567862
v 0.15479691 -0.07270021 0.01800284
v 0.15589060 -0.07270021 0.01452628
v 0.15995310 -0.07087403 0.01567862
v 0.15589060 -0.07270021 0.01452628
v 0.16089060 -0.07087403 0.01183097
v 0.16089060 -0.07087403 0.01183097
v 0.15589060 -0.07270021 0.01452628
v 0.15682810 -0.07270021 0.01095206
v 0.16089060 -0.07087403 0.01183097
v 0.15682810 -0.07270021 0.01095206
v 0.16167191 -0.07087403 0.00792472
v 0.16167191 -0.07087403 0.00792472
v 0.15682810 -0.07270021 0.01095206
v 0.15745310 -0.07270021 0.00733878
v 0.16167191 -0.07087403 0.00792472
v 0.15745310 -0.07270021 0.00733878
v 0.16214060 -0.07087403 0.00397941
v 0.15792191 -0.07270021 0.00366691
v 0.16214060 -0.07087403 0.00397941
v 0.15792191 -0.07270021 0.00366691
v 0.16214060 -0.07087403 -0.00000497
v 0.16214060 -0.07087403 -0.00000497
v 0.15792191 -0.07270021 0.00366691
v 0.15807810 -0.07270021 -0.00000497
v 0.16214060 -0.07087403 -0.00000497
v 0.15807810 -0.07270021 -0.00000497
v 0.16214060 -0.07087403 -0.00396981
v 0.16214060 -0.07087403 -0.00396981
v 0.15807810 -0.07270021 -0.00000497
v 0.15792191 -0.07270021 -0.00367684
v 0.16214060 -0.07087403 -0.00396981
v 0.15792191 -0.07270021 -0.00367684
v 0.16167191 -0.07087403 -0.00791513
v 0.15745310 -0.07270021 -0.00732919
v 0.16167191 -0.07087403 -0.00791513
v 0.15745310 -0.07270021 -0.00732919
v 0.16104691 -0.07087403 -0.01182137
v 0.16104691 -0.07087403 -0.01182137
v 0.15745310 -0.07270021 -0.00732919
v 0.15682810 -0.07270021 -0.01096200
v 0.16104691 -0.07087403 -0.01182137
v 0.15682810 -0.07270021 -0.01096200
v 0.15995310 -0.07087403 -0.01568856
v 0.15995310 -0.07087403 -0.01568856
v 0.15682810 -0.07270021 -0.01096200
v 0.15604691 -0.07270021 -0.01451669
v 0.15995310 -0.07087403 -0.01568856
v 0.15604691 -0.07270021 -0.01451669
v 0.15870310 -0.07087403 -0.01945809
v 0.15870310 -0.07087403 -0.01945809
v 0.15604691 -0.07270021 -0.01451669
v 0.15479691 -0.07270021 -0.01801278
v 0.15729691 -0.07087403 -0.02312997
v 0.15729691 -0.07087403 -0.02312997
v 0.15479691 -0.07270021 -0.01801278
v 0.15339060 -0.07270021 -0.02141122
v 0.15729691 -0.07087403 -0.02312997
v 0.15339060 -0.07270021 -0.02141122
v 0.15557810 -0.07087403 -0.02670419
v 0.15557810 -0.07087403 -0.02670419
v 0.15339060 -0.07270021 -0.02141122
v 0.15182810 -0.07270021 -0.02471200
v 0.15557810 -0.07087403 -0.02670419
v 0.15182810 -0.07270021 -0.02471200
v 0.15354691 -0.07087403 -0.03012216
v 0.14995310 -0.07270021 -0.02789559
v 0.15354691 -0.07087403 -0.03012216
v 0.14995310 -0.07270021 -0.02789559
v 0.15120310 -0.07087403 -0.03342294
v 0.17089060 -0.05653808 0.03501456
v 0.16823441 -0.06002441 0.03360831
v 0.17323441 -0.05653808 0.03034659
v 0.17323441 -0.05653808 0.03034659
v 0.16823441 -0.06002441 0.03360831
v 0.17057810 -0.06002441 0.02913566
v 0.17323441 -0.05653808 0.03034659
v 0.17057810 -0.06002441 0.02913566
v 0.17510941 -0.05653808 0.02552238
v 0.17510941 -0.05653808 0.02552238
v 0.17057810 -0.06002441 0.02913566
v 0.17245310 -0.06002441 0.02450675
v 0.17510941 -0.05653808 0.02552238
v 0.17245310 -0.06002441 0.02450675
v 0.17682810 -0.05653808 0.02058097
v 0.17682810 -0.05653808 0.02058097
v 0.17245310 -0.06002441 0.02450675
v 0.17401560 -0.06002441 0.01976066
v 0.17682810 -0.05653808 0.02058097
v 0.17401560 -0.06002441 0.01976066
v 0.17807810 -0.05653808 0.01552237
v 0.17807810 -0.05653808 0.01552237
v 0.17401560 -0.06002441 0.01976066
v 0.17526560 -0.06002441 0.01489737
v 0.17807810 -0.05653808 0.01552237
v 0.17526560 -0.06002441 0.01489737
v 0.17901560 -0.05653808 0.01040519
v 0.17901560 -0.05653808 0.01040519
v 0.17526560 -0.06002441 0.01489737
v 0.17604691 -0.06002441 0.00997550
v 0.17901560 -0.05653808 0.01040519
v 0.17604691 -0.06002441 0.00997550
v 0.17964060 -0.05653808 0.00522941
v 0.17964060 -0.05653808 0.00522941
v 0.17604691 -0.06002441 0.00997550
v 0.17667191 -0.06002441 0.00501456
v 0.17964060 -0.05653808 0.00522941
v 0.17667191 -0.06002441 0.00501456
v 0.17979691 -0.05653808 0.00001456
v 0.17682810 -0.06002441 0.00001456
v 0.17979691 -0.05653808 0.00001456
v 0.17682810 -0.06002441 0.00001456
v 0.17964060 -0.05653808 -0.00518075
v 0.17667191 -0.06002441 -0.00498544
v 0.17964060 -0.05653808 -0.00518075
v 0.17667191 -0.06002441 -0.00498544
v 0.17901560 -0.05653808 -0.01037606
v 0.17901560 -0.05653808 -0.01037606
v 0.17667191 -0.06002441 -0.00498544
v 0.17604691 -0.06002441 -0.00996591
v 0.17901560 -0.05653808 -0.01037606
v 0.17604691 -0.06002441 -0.00996591
v 0.17807810 -0.05653808 -0.01549325
v 0.17807810 -0.05653808 -0.01549325
v 0.17604691 -0.06002441 -0.00996591
v 0.17526560 -0.06002441 -0.01488778
v 0.17807810 -0.05653808 -0.01549325
v 0.17526560 -0.06002441 -0.01488778
v 0.17682810 -0.05653808 -0.02055184
v 0.17682810 -0.05653808 -0.02055184
v 0.17526560 -0.06002441 -0.01488778
v 0.17401560 -0.06002441 -0.01973153
v 0.17682810 -0.05653808 -0.02055184
v 0.17401560 -0.06002441 -0.01973153
v 0.17526560 -0.05653808 -0.02549325
v 0.17526560 -0.05653808 -0.02549325
v 0.17401560 -0.06002441 -0.01973153
v 0.17245310 -0.06002441 -0.02447763
v 0.17526560 -0.05653808 -0.02549325
v 0.17245310 -0.06002441 -0.02447763
v 0.17323441 -0.05653808 -0.03031747
v 0.17323441 -0.05653808 -0.03031747
v 0.17245310 -0.06002441 -0.02447763
v 0.17057810 -0.06002441 -0.02910653
v 0.17323441 -0.05653808 -0.03031747
v 0.17057810 -0.06002441 -0.02910653
v 0.17089060 -0.05653808 -0.03500497
v 0.17089060 -0.05653808 -0.03500497
v 0.17057810 -0.06002441 -0.02910653
v 0.16839060 -0.06002441 -0.03359872
v 0.17089060 -0.05653808 -0.03500497
v 0.16839060 -0.06002441 -0.03359872
v 0.16839060 -0.05653808 -0.03949716
v 0.16839060 -0.05653808 -0.03949716
v 0.16839060 -0.06002441 -0.03359872
v 0.16589060 -0.06002441 -0.03791513
v 0.16839060 -0.05653808 -0.03949716
v 0.16589060 -0.06002441 -0.03791513
v 0.16542191 -0.05653808 -0.04379403
v 0.16542191 -0.05653808 -0.04379403
v 0.16589060 -0.06002441 -0.03791513
v 0.16307810 -0.06002441 -0.04205575
v 0.16542191 -0.05653808 -0.04379403
v 0.16307810 -0.06002441 -0.04205575
v 0.16214060 -0.05653808 -0.04787606
v 0.15995310 -0.06002441 -0.04598153
v 0.16214060 -0.05653808 -0.04787606
v 0.15995310 -0.06002441 -0.04598153
v 0.15870310 -0.05653808 -0.05172372
v 0.15870310 -0.05653808 -0.05172372
v 0.15995310 -0.06002441 -0.04598153
v 0.15651560 -0.06002441 -0.04967294
v 0.15870310 -0.05653808 -0.05172372
v 0.15651560 -0.06002441 -0.04967294
v 0.15495310 -0.05653808 -0.05531747
v 0.15292191 -0.06002441 -0.05311044
v 0.14385941 -0.07579590 0.00813956
v 0.14823441 -0.07517090 0.00909659
v 0.14323441 -0.07579590 0.01079581
v 0.14323441 -0.07579590 0.01079581
v 0.14823441 -0.07517090 0.00909659
v 0.14745310 -0.07517090 0.01206534
v 0.14323441 -0.07579590 0.01079581
v 0.14745310 -0.07517090 0.01206534
v 0.14823441 -0.07517090 0.00909659
v 0.14385941 -0.07579590 0.00813956
v 0.14885941 -0.07517090 0.00608878
v 0.14885941 -0.07517090 0.00608878
v 0.14385941 -0.07579590 0.00813956
v 0.14432810 -0.07579590 0.00544425
v 0.14885941 -0.07517090 0.00608878
v 0.14432810 -0.07579590 0.00544425
v 0.14917191 -0.07517090 0.00304191
v 0.14760941 -0.07517090 -0.01207528
v 0.14823441 -0.07517090 -0.00910653
v 0.14385941 -0.07579590 -0.00816903
v 0.14385941 -0.07579590 -0.00816903
v 0.14823441 -0.07517090 -0.00910653
v 0.14432810 -0.07579590 -0.00547372
v 0.14323441 -0.07579590 -0.01082528
v 0.14760941 -0.07517090 -0.01207528
v 0.14385941 -0.07579590 -0.00816903
v 0.14542191 -0.07517090 -0.01781747
v 0.14135941 -0.07579590 -0.01596200
v 0.14542191 -0.07517090 -0.01781747
v 0.14135941 -0.07579590 -0.01596200
v 0.14401560 -0.07517090 -0.02057138
v 0.14010941 -0.07579590 -0.01842294
v 0.14401560 -0.07517090 -0.02057138
v 0.14010941 -0.07579590 -0.01842294
v 0.14260941 -0.07517090 -0.02320809
v 0.13870310 -0.07579590 -0.02078622
v 0.14260941 -0.07517090 -0.02320809
v 0.13870310 -0.07579590 -0.02078622
v 0.14089060 -0.07517090 -0.02572763
v 0.14792191 -0.07270021 -0.03094247
v 0.14635941 -0.07413575 -0.02557138
v 0.14432810 -0.07413575 -0.02836434
v 0.14229691 -0.07413575 -0.03100106
v 0.14557810 -0.07270021 -0.03381356
v 0.14432810 -0.07413575 -0.02836434
v 0.14432810 -0.07413575 -0.02836434
v 0.14792191 -0.07270021 -0.03094247
v 0.14557810 -0.07270021 -0.03381356
v 0.14885941 -0.07087403 -0.03652841
v 0.14792191 -0.07270021 -0.03094247
v 0.12682811 -0.05279785 0.05849112
v 0.12682811 -0.05279785 0.06071768
v 0.13745310 -0.05279785 0.05849112
v 0.15229691 -0.05279785 0.06071768
v 0.14182810 -0.05279785 0.05589347
v 0.14604691 -0.05279785 0.05298331
v 0.14995310 -0.05279785 0.04974112
v 0.15667191 -0.05279785 0.05714347
v 0.15370310 -0.05279785 0.04620597
v 0.16073441 -0.05279785 0.05325675
v 0.15714060 -0.05279785 0.04241690
v 0.16448441 -0.05279785 0.04909659
v 0.16010941 -0.05279785 0.03835440
v 0.16792191 -0.05279785 0.04466300
v 0.16292191 -0.05279785 0.03407706
v 0.17104691 -0.05279785 0.03999503
v 0.16542191 -0.05279785 0.02960441
v 0.17385941 -0.05279785 0.03511222
v 0.16745310 -0.05279785 0.02493644
v 0.17620310 -0.05279785 0.03003409
v 0.16917191 -0.05279785 0.02013175
v 0.17823441 -0.05279785 0.02479972
v 0.17057810 -0.05279785 0.01520987
v 0.17979691 -0.05279785 0.01942863
v 0.17151560 -0.05279785 0.01020987
v 0.18104691 -0.05279785 0.01395987
v 0.18182810 -0.05279785 0.00841300
v 0.17214060 -0.05279785 0.00513175
v 0.18229691 -0.05279785 0.00282706
v 0.17229691 -0.05279785 0.00003409
v 0.18229691 -0.05279785 -0.00277841
v 0.17214060 -0.05279785 -0.00506356
v 0.18198441 -0.05279785 -0.00838388
v 0.17167191 -0.05279785 -0.01014169
v 0.18104691 -0.05279785 -0.01393075
v 0.17995310 -0.05279785 -0.01939950
v 0.17057810 -0.05279785 -0.01516122
v 0.17823441 -0.05279785 -0.02477059
v 0.16932810 -0.05279785 -0.02008309
v 0.17620310 -0.05279785 -0.03002450
v 0.16760941 -0.05279785 -0.02488778
v 0.17385941 -0.05279785 -0.03508309
v 0.16542191 -0.05279785 -0.02953622
v 0.17104691 -0.05279785 -0.03998544
v 0.16307810 -0.05279785 -0.03402841
v 0.16807810 -0.05279785 -0.04465341
v 0.16026560 -0.05279785 -0.03832528
v 0.16464060 -0.05279785 -0.04908700
v 0.15714060 -0.05279785 -0.04236825
v 0.16089060 -0.05279785 -0.05324716
v 0.15370310 -0.05279785 -0.04617684
v 0.15682810 -0.05279785 -0.05713388
v 0.15010941 -0.05279785 -0.04973153
v 0.15245310 -0.05279785 -0.06070809
v 0.14620310 -0.05279785 -0.05297372
v 0.14198441 -0.05279785 -0.05590341
v 0.13760941 -0.05279785 -0.05850106
v 0.10948440 -0.05279785 -0.06070809
v 0.10948440 -0.05279785 -0.05850106
v 0.10948440 -0.02880371 -0.05850106
v 0.10948440 -0.02880371 -0.06842295
v 0.13760941 -0.02880371 -0.05850106
v 0.14010941 -0.02880371 -0.06842295
v 0.14198441 -0.02880371 -0.05590341
v 0.14510941 -0.02880371 -0.06570809
v 0.14620310 -0.02880371 -0.05297372
v 0.14979691 -0.02880371 -0.06264169
v 0.15010941 -0.02880371 -0.04973153
v 0.15432810 -0.02880371 -0.05922372
v 0.15370310 -0.02880371 -0.04617684
v 0.15854691 -0.02880371 -0.05547372
v 0.15714060 -0.02880371 -0.04236825
v 0.16260941 -0.02880371 -0.05143075
v 0.16026560 -0.02880371 -0.03832528
v 0.16620310 -0.02880371 -0.04711434
v 0.16307810 -0.02880371 -0.03402841
v 0.16948441 -0.02880371 -0.04252450
v 0.16542191 -0.02880371 -0.02953622
v 0.17245310 -0.02880371 -0.03771981
v 0.16760941 -0.02880371 -0.02488778
v 0.17510941 -0.02880371 -0.03270028
v 0.16932810 -0.02880371 -0.02008309
v 0.17729691 -0.02880371 -0.02750497
v 0.17057810 -0.02880371 -0.01516122
v 0.17917191 -0.02880371 -0.02215341
v 0.17167191 -0.02880371 -0.01014169
v 0.18057810 -0.02880371 -0.01670419
v 0.18151560 -0.02880371 -0.01113778
v 0.17214060 -0.02880371 -0.00506356
v 0.18214060 -0.02880371 -0.00551278
v 0.17229691 -0.02880371 0.00003409
v 0.18229691 -0.02880371 0.00013175
v 0.18214060 -0.02880371 0.00577628
v 0.17214060 -0.02880371 0.00513175
v 0.18151560 -0.02880371 0.01138175
v 0.17151560 -0.02880371 0.01020987
v 0.18042191 -0.02880371 0.01694816
v 0.17057810 -0.02880371 0.01520987
v 0.17901560 -0.02880371 0.02239738
v 0.17714060 -0.02880371 0.02772941
v 0.16917191 -0.02880371 0.02013175
v 0.17495310 -0.02880371 0.03292472
v 0.16745310 -0.02880371 0.02493644
v 0.17229691 -0.02880371 0.03792472
v 0.16542191 -0.02880371 0.02960441
v 0.16932810 -0.02880371 0.04272940
v 0.16292191 -0.02880371 0.03407706
v 0.16604691 -0.02880371 0.04729972
v 0.16010941 -0.02880371 0.03835440
v 0.16229691 -0.02880371 0.05159659
v 0.15714060 -0.02880371 0.04241690
v 0.15839060 -0.02880371 0.05562003
v 0.15370310 -0.02880371 0.04620597
v 0.15417191 -0.02880371 0.05935050
v 0.14995310 -0.02880371 0.04974112
v 0.14964060 -0.02880371 0.06274893
v 0.14604691 -0.02880371 0.05298331
v 0.14479691 -0.02880371 0.06579583
v 0.14182810 -0.02880371 0.05589347
v 0.13979691 -0.02880371 0.06849113
v 0.13745310 -0.02880371 0.05849112
v 0.12729690 -0.02880371 0.06849113
v 0.12729690 -0.02880371 0.05849112
v 0.10948440 -0.03097168 -0.06826670
v 0.10948440 -0.03024902 -0.06832528
v 0.10948440 -0.03097168 -0.05850106
v 0.10948440 -0.02880371 -0.05850106
v 0.10948440 -0.02952637 -0.06838388
v 0.10948440 -0.02880371 -0.06842295
v 0.13807810 -0.00674316 -0.06850106
v 0.13620310 -0.00574707 -0.06521981
v 0.13995310 -0.00555176 -0.06850106
v 0.13995310 -0.00555176 -0.06850106
v 0.13620310 -0.00574707 -0.06521981
v 0.13714060 -0.00410645 -0.06422372
v 0.13995310 -0.00555176 -0.06850106
v 0.13714060 -0.00410645 -0.06422372
v 0.14120310 -0.00396973 -0.06791513
v 0.14120310 -0.00396973 -0.06791513
v 0.13714060 -0.00410645 -0.06422372
v 0.13776560 -0.00224121 -0.06348153
v 0.14120310 -0.00396973 -0.06791513
v 0.13776560 -0.00224121 -0.06348153
v 0.14198441 -0.00215332 -0.06744638
v 0.14198441 -0.00215332 -0.06744638
v 0.13776560 -0.00224121 -0.06348153
v 0.13823441 -0.00020996 -0.06303231
v 0.14198441 -0.00215332 -0.06744638
v 0.13823441 -0.00020996 -0.06303231
v 0.14260941 -0.00018066 -0.06715342
v 0.14260941 -0.00018066 -0.06715342
v 0.13823441 -0.00020996 -0.06303231
v 0.13839060 0.00189941 -0.06287606
v 0.14260941 -0.00018066 -0.06715342
v 0.13839060 0.00189941 -0.06287606
v 0.14276560 0.00187988 -0.06705575
v 0.14276560 0.00187988 -0.06705575
v 0.13839060 0.00189941 -0.06287606
v 0.14260941 0.00393066 -0.06715342
v 0.14260941 0.00393066 -0.06715342
v 0.13839060 0.00189941 -0.06287606
v 0.13823441 0.00400879 -0.06303231
v 0.14260941 0.00393066 -0.06715342
v 0.13823441 0.00400879 -0.06303231
v 0.14198441 0.00591309 -0.06744638
v 0.13776560 0.00603027 -0.06348153
v 0.14198441 0.00591309 -0.06744638
v 0.13776560 0.00603027 -0.06348153
v 0.14120310 0.00773926 -0.06789559
v 0.14120310 0.00773926 -0.06789559
v 0.13776560 0.00603027 -0.06348153
v 0.13714060 0.00790527 -0.06422372
v 0.14120310 0.00773926 -0.06789559
v 0.13714060 0.00790527 -0.06422372
v 0.13995310 0.00934082 -0.06850106
v 0.13995310 0.00934082 -0.06850106
v 0.13714060 0.00790527 -0.06422372
v 0.13620310 0.00953613 -0.06521981
v 0.13995310 0.00934082 -0.06850106
v 0.13620310 0.00953613 -0.06521981
v 0.13807810 0.01053223 -0.06850106
v 0.13807810 0.01053223 -0.06850106
v 0.13620310 0.00953613 -0.06521981
v 0.13510941 0.01088379 -0.06645028
v 0.13807810 0.01053223 -0.06850106
v 0.13510941 0.01088379 -0.06645028
v 0.13604691 0.01145996 -0.06850106
v 0.13604691 0.01145996 -0.06850106
v 0.13510941 0.01088379 -0.06645028
v 0.13385941 0.01187988 -0.06783700
v 0.13604691 0.01145996 -0.06850106
v 0.13385941 0.01187988 -0.06783700
v 0.13385941 0.01207520 -0.06850106
v 0.13385941 0.01207520 -0.06850106
v 0.13385941 0.01187988 -0.06783700
v 0.12964060 0.01187988 -0.06418466
v 0.13385941 0.01207520 -0.06850106
v 0.12964060 0.01187988 -0.06418466
v 0.13167191 0.01248535 -0.06850106
v 0.13167191 0.01248535 -0.06850106
v 0.12964060 0.01187988 -0.06418466
v 0.12839060 0.01249512 -0.06576670
v 0.13167191 0.01248535 -0.06850106
v 0.12839060 0.01249512 -0.06576670
v 0.12932810 0.01268066 -0.06850106
v 0.12932810 0.01268066 -0.06850106
v 0.12839060 0.01249512 -0.06576670
v 0.12698440 0.01270020 -0.06740731
v 0.12932810 0.01268066 -0.06850106
v 0.12698440 0.01270020 -0.06740731
v 0.12714061 0.01267090 -0.06850106
v 0.12714061 0.01267090 -0.06850106
v 0.12698440 0.01270020 -0.06740731
v 0.12276561 0.01270020 -0.06418466
v 0.12714061 0.01267090 -0.06850106
v 0.12276561 0.01270020 -0.06418466
v 0.12151561 0.01249512 -0.06590341
v 0.12151561 0.01249512 -0.06590341
v 0.12276561 0.01270020 -0.06418466
v 0.11714061 0.01249512 -0.06301278
v 0.12151561 0.01249512 -0.06590341
v 0.11714061 0.01249512 -0.06301278
v 0.11604690 0.01187988 -0.06475106
v 0.11604690 0.01187988 -0.06475106
v 0.11714061 0.01249512 -0.06301278
v 0.11167190 0.01187988 -0.06219247
v 0.11604690 0.01187988 -0.06475106
v 0.11167190 0.01187988 -0.06219247
v 0.11073440 0.01088379 -0.06383309
v 0.11073440 0.01088379 -0.06383309
v 0.11167190 0.01187988 -0.06219247
v 0.10620311 0.01088379 -0.06160653
v 0.11073440 0.01088379 -0.06383309
v 0.10620311 0.01088379 -0.06160653
v 0.10557811 0.00953613 -0.06309091
v 0.10557811 0.00953613 -0.06309091
v 0.10620311 0.01088379 -0.06160653
v 0.10104690 0.00953613 -0.06117684
v 0.10557811 0.00953613 -0.06309091
v 0.10104690 0.00953613 -0.06117684
v 0.10057811 0.00790527 -0.06244638
v 0.10057811 0.00790527 -0.06244638
v 0.10104690 0.00953613 -0.06117684
v 0.09589064 0.00790527 -0.06082528
v 0.10057811 0.00790527 -0.06244638
v 0.09589064 0.00790527 -0.06082528
v 0.09557814 0.00603027 -0.06178231
v 0.09557814 0.00603027 -0.06178231
v 0.09589064 0.00790527 -0.06082528
v 0.09104689 0.00603027 -0.06047372
v 0.09557814 0.00603027 -0.06178231
v 0.09104689 0.00603027 -0.06047372
v 0.09089064 0.00400879 -0.06107919
v 0.09089064 0.00400879 -0.06107919
v 0.09104689 0.00603027 -0.06047372
v 0.08620314 0.00400879 -0.06004403
v 0.09089064 0.00400879 -0.06107919
v 0.08620314 0.00400879 -0.06004403
v 0.08620314 0.00189941 -0.06025888
v 0.08620314 0.00189941 -0.06025888
v 0.08620314 0.00400879 -0.06004403
v 0.08151564 0.00189941 -0.05951669
v 0.08620314 0.00189941 -0.06025888
v 0.08151564 0.00189941 -0.05951669
v 0.08151564 -0.00020996 -0.05932138
v 0.08151564 -0.00020996 -0.05932138
v 0.08151564 0.00189941 -0.05951669
v 0.07682814 -0.00020996 -0.05887216
v 0.08151564 -0.00020996 -0.05932138
v 0.07682814 -0.00020996 -0.05887216
v 0.07682814 -0.00224121 -0.05824716
v 0.07682814 -0.00224121 -0.05824716
v 0.07682814 -0.00020996 -0.05887216
v 0.07214064 -0.00113770 -0.05848153
v 0.07682814 -0.00224121 -0.05824716
v 0.07214064 -0.00113770 -0.05848153
v 0.07214064 -0.00253418 -0.05797372
v 0.13620310 -0.00574707 -0.06521981
v 0.13807810 -0.00674316 -0.06850106
v 0.13510941 -0.00708496 -0.06645028
v 0.13510941 -0.00708496 -0.06645028
v 0.13807810 -0.00674316 -0.06850106
v 0.13604691 -0.00766113 -0.06850106
v 0.13510941 -0.00708496 -0.06645028
v 0.13604691 -0.00766113 -0.06850106
v 0.13385941 -0.00809082 -0.06783700
v 0.13385941 -0.00809082 -0.06783700
v 0.13604691 -0.00766113 -0.06850106
v 0.13385941 -0.00827637 -0.06850106
v 0.13385941 -0.00809082 -0.06783700
v 0.13385941 -0.00827637 -0.06850106
v 0.12964060 -0.00809082 -0.06418466
v 0.12964060 -0.00809082 -0.06418466
v 0.13385941 -0.00827637 -0.06850106
v 0.13167191 -0.00868652 -0.06850106
v 0.12964060 -0.00809082 -0.06418466
v 0.13167191 -0.00868652 -0.06850106
v 0.12839060 -0.00870606 -0.06576670
v 0.12839060 -0.00870606 -0.06576670
v 0.13167191 -0.00868652 -0.06850106
v 0.12932810 -0.00889160 -0.06850106
v 0.12839060 -0.00870606 -0.06576670
v 0.12932810 -0.00889160 -0.06850106
v 0.12698440 -0.00891113 -0.06740731
v 0.12698440 -0.00891113 -0.06740731
v 0.12932810 -0.00889160 -0.06850106
v 0.12714061 -0.00888184 -0.06850106
v 0.12698440 -0.00891113 -0.06740731
v 0.12714061 -0.00888184 -0.06850106
v 0.12276561 -0.00891113 -0.06418466
v 0.12276561 -0.00891113 -0.06418466
v 0.12714061 -0.00888184 -0.06850106
v 0.12495311 -0.00867676 -0.06850106
v 0.12276561 -0.00891113 -0.06418466
v 0.12495311 -0.00867676 -0.06850106
v 0.12151561 -0.00870606 -0.06590341
v 0.12151561 -0.00870606 -0.06590341
v 0.12495311 -0.00867676 -0.06850106
v 0.12260940 -0.00829590 -0.06850106
v 0.12151561 -0.00870606 -0.06590341
v 0.12260940 -0.00829590 -0.06850106
v 0.12042190 -0.00809082 -0.06756356
v 0.12042190 -0.00809082 -0.06756356
v 0.12260940 -0.00829590 -0.06850106
v 0.12042190 -0.00777832 -0.06850106
v 0.12042190 -0.00809082 -0.06756356
v 0.12042190 -0.00777832 -0.06850106
v 0.11604690 -0.00809082 -0.06475106
v 0.11604690 -0.00809082 -0.06475106
v 0.12042190 -0.00777832 -0.06850106
v 0.11839061 -0.00706543 -0.06850106
v 0.11604690 -0.00809082 -0.06475106
v 0.11839061 -0.00706543 -0.06850106
v 0.11510940 -0.00708496 -0.06633309
v 0.11510940 -0.00708496 -0.06633309
v 0.11839061 -0.00706543 -0.06850106
v 0.11620311 -0.00614746 -0.06850106
v 0.11510940 -0.00708496 -0.06633309
v 0.11620311 -0.00614746 -0.06850106
v 0.11417190 -0.00574707 -0.06773934
v 0.11417190 -0.00574707 -0.06773934
v 0.11620311 -0.00614746 -0.06850106
v 0.11432811 -0.00507324 -0.06850106
v 0.10995311 -0.00574707 -0.06527841
v 0.10995311 -0.00574707 -0.06527841
v 0.11432811 -0.00507324 -0.06850106
v 0.10932811 -0.00410645 -0.06646981
v 0.10995311 -0.00574707 -0.06527841
v 0.10932811 -0.00410645 -0.06646981
v 0.10557811 -0.00574707 -0.06309091
v 0.10557811 -0.00574707 -0.06309091
v 0.10932811 -0.00410645 -0.06646981
v 0.10495311 -0.00410645 -0.06432138
v 0.10557811 -0.00574707 -0.06309091
v 0.10495311 -0.00410645 -0.06432138
v 0.10104690 -0.00574707 -0.06117684
v 0.10057811 -0.00410645 -0.06244638
v 0.10104690 -0.00574707 -0.06117684
v 0.10057811 -0.00410645 -0.06244638
v 0.09635939 -0.00574707 -0.05955575
v 0.09589064 -0.00410645 -0.06082528
v 0.09635939 -0.00574707 -0.05955575
v 0.09589064 -0.00410645 -0.06082528
v 0.09167189 -0.00574707 -0.05820809
v 0.09167189 -0.00574707 -0.05820809
v 0.09589064 -0.00410645 -0.06082528
v 0.09135939 -0.00410645 -0.05949716
v 0.09167189 -0.00574707 -0.05820809
v 0.09135939 -0.00410645 -0.05949716
v 0.08682814 -0.00574707 -0.05715341
v 0.08682814 -0.00574707 -0.05715341
v 0.09135939 -0.00410645 -0.05949716
v 0.08651564 -0.00410645 -0.05846200
v 0.08682814 -0.00574707 -0.05715341
v 0.08651564 -0.00410645 -0.05846200
v 0.08198439 -0.00574707 -0.05639169
v 0.08198439 -0.00574707 -0.05639169
v 0.08651564 -0.00410645 -0.05846200
v 0.08182814 -0.00410645 -0.05771981
v 0.08198439 -0.00574707 -0.05639169
v 0.08182814 -0.00410645 -0.05771981
v 0.07698439 -0.00574707 -0.05592294
v 0.07698439 -0.00574707 -0.05592294
v 0.08182814 -0.00410645 -0.05771981
v 0.07698439 -0.00410645 -0.05725106
v 0.07698439 -0.00574707 -0.05592294
v 0.07698439 -0.00410645 -0.05725106
v 0.07214064 -0.00513184 -0.05631356
v 0.07214064 -0.00513184 -0.05631356
v 0.07698439 -0.00410645 -0.05725106
v 0.07214064 -0.00388184 -0.05723153
v 0.07214064 -0.00388184 -0.05723153
v 0.07698439 -0.00410645 -0.05725106
v 0.07214064 -0.00253418 -0.05797372
v 0.07214064 -0.00253418 -0.05797372
v 0.07698439 -0.00410645 -0.05725106
v 0.07682814 -0.00224121 -0.05824716
v 0.11432811 -0.00507324 -0.06850106
v 0.11245311 -0.00377441 -0.06850106
v 0.10932811 -0.00410645 -0.06646981
v 0.10932811 -0.00410645 -0.06646981
v 0.11245311 -0.00377441 -0.06850106
v 0.11089061 -0.00217285 -0.06850106
v 0.10932811 -0.00410645 -0.06646981
v 0.11089061 -0.00217285 -0.06850106
v 0.10885940 -0.00224121 -0.06734872
v 0.10885940 -0.00224121 -0.06734872
v 0.11089061 -0.00217285 -0.06850106
v 0.11026561 -0.00129395 -0.06850106
v 0.10885940 -0.00224121 -0.06734872
v 0.11026561 -0.00129395 -0.06850106
v 0.10854690 -0.00020996 -0.06789559
v 0.10964061 -0.00028809 -0.06850106
v 0.10854690 -0.00020996 -0.06789559
v 0.10964061 -0.00028809 -0.06850106
v 0.10932811 0.00077637 -0.06850106
v 0.10932811 0.00189941 -0.06850106
v 0.10839061 0.00189941 -0.06807138
v 0.10932811 0.00077637 -0.06850106
v 0.10932811 0.00077637 -0.06850106
v 0.10839061 0.00189941 -0.06807138
v 0.10432811 -0.00020996 -0.06578622
v 0.10932811 0.00077637 -0.06850106
v 0.10432811 -0.00020996 -0.06578622
v 0.10854690 -0.00020996 -0.06789559
v 0.10854690 -0.00020996 -0.06789559
v 0.10432811 -0.00020996 -0.06578622
v 0.10448440 -0.00224121 -0.06521981
v 0.10854690 -0.00020996 -0.06789559
v 0.10448440 -0.00224121 -0.06521981
v 0.10885940 -0.00224121 -0.06734872
v 0.10885940 -0.00224121 -0.06734872
v 0.10448440 -0.00224121 -0.06521981
v 0.10495311 -0.00410645 -0.06432138
v 0.10885940 -0.00224121 -0.06734872
v 0.10495311 -0.00410645 -0.06432138
v 0.10932811 -0.00410645 -0.06646981
v 0.10932811 0.00302246 -0.06850106
v 0.10839061 0.00189941 -0.06807138
v 0.10932811 0.00302246 -0.06850106
v 0.10417190 0.00189941 -0.06598153
v 0.10839061 0.00189941 -0.06807138
v 0.10417190 0.00189941 -0.06598153
v 0.10432811 -0.00020996 -0.06578622
v 0.10432811 -0.00020996 -0.06578622
v 0.10417190 0.00189941 -0.06598153
v 0.09995314 -0.00020996 -0.06395028
v 0.10432811 -0.00020996 -0.06578622
v 0.09995314 -0.00020996 -0.06395028
v 0.10010940 -0.00224121 -0.06336434
v 0.10010940 -0.00224121 -0.06336434
v 0.09995314 -0.00020996 -0.06395028
v 0.09557814 -0.00224121 -0.06178231
v 0.10010940 -0.00224121 -0.06336434
v 0.09557814 -0.00224121 -0.06178231
v 0.09589064 -0.00410645 -0.06082528
v 0.09589064 -0.00410645 -0.06082528
v 0.09557814 -0.00224121 -0.06178231
v 0.09135939 -0.00410645 -0.05949716
v 0.10417190 0.00189941 -0.06598153
v 0.10932811 0.00302246 -0.06850106
v 0.10854690 0.00400879 -0.06789559
v 0.10854690 0.00400879 -0.06789559
v 0.10932811 0.00302246 -0.06850106
v 0.10964061 0.00407715 -0.06850106
v 0.10854690 0.00400879 -0.06789559
v 0.10964061 0.00407715 -0.06850106
v 0.11026561 0.00508301 -0.06850106
v 0.10885940 0.00603027 -0.06734872
v 0.10885940 0.00603027 -0.06734872
v 0.11026561 0.00508301 -0.06850106
v 0.11089061 0.00596191 -0.06850106
v 0.10885940 0.00603027 -0.06734872
v 0.11089061 0.00596191 -0.06850106
v 0.11245311 0.00757324 -0.06850106
v 0.10885940 0.00603027 -0.06734872
v 0.11245311 0.00757324 -0.06850106
v 0.10932811 0.00790527 -0.06646981
v 0.10932811 0.00790527 -0.06646981
v 0.11245311 0.00757324 -0.06850106
v 0.11432811 0.00886231 -0.06850106
v 0.10932811 0.00790527 -0.06646981
v 0.11432811 0.00886231 -0.06850106
v 0.10995311 0.00953613 -0.06527841
v 0.10995311 0.00953613 -0.06527841
v 0.11432811 0.00886231 -0.06850106
v 0.11417190 0.00953613 -0.06773934
v 0.10995311 0.00953613 -0.06527841
v 0.11417190 0.00953613 -0.06773934
v 0.11510940 0.01088379 -0.06633309
v 0.11510940 0.01088379 -0.06633309
v 0.11417190 0.00953613 -0.06773934
v 0.11620311 0.00994629 -0.06850106
v 0.11510940 0.01088379 -0.06633309
v 0.11620311 0.00994629 -0.06850106
v 0.11839061 0.01086426 -0.06850106
v 0.11620311 0.00994629 -0.06850106
v 0.11839061 0.01086426 -0.06850106
v 0.12042190 0.01156738 -0.06850106
v 0.11510940 0.01088379 -0.06633309
v 0.11510940 0.01088379 -0.06633309
v 0.12042190 0.01156738 -0.06850106
v 0.11604690 0.01187988 -0.06475106
v 0.11510940 0.01088379 -0.06633309
v 0.11604690 0.01187988 -0.06475106
v 0.11073440 0.01088379 -0.06383309
v 0.11604690 0.01187988 -0.06475106
v 0.12042190 0.01156738 -0.06850106
v 0.12042190 0.01187988 -0.06756356
v 0.12042190 0.01187988 -0.06756356
v 0.12042190 0.01156738 -0.06850106
v 0.12260940 0.01209473 -0.06850106
v 0.12042190 0.01187988 -0.06756356
v 0.12260940 0.01209473 -0.06850106
v 0.12151561 0.01249512 -0.06590341
v 0.12151561 0.01249512 -0.06590341
v 0.12260940 0.01209473 -0.06850106
v 0.12495311 0.01246582 -0.06850106
v 0.12151561 0.01249512 -0.06590341
v 0.12495311 0.01246582 -0.06850106
v 0.12714061 0.01267090 -0.06850106
v 0.07214064 0.01092285 -0.05404794
v 0.07714064 0.01088379 -0.05428231
v 0.07214064 0.01168457 -0.05270028
v 0.07214064 0.01168457 -0.05270028
v 0.07714064 0.01088379 -0.05428231
v 0.07729689 0.01187988 -0.05242684
v 0.07214064 0.01168457 -0.05270028
v 0.07729689 0.01187988 -0.05242684
v 0.07214064 0.01216309 -0.05146981
v 0.07214064 0.01216309 -0.05146981
v 0.07729689 0.01187988 -0.05242684
v 0.07745314 0.01249512 -0.05039559
v 0.07214064 0.01216309 -0.05146981
v 0.07745314 0.01249512 -0.05039559
v 0.07214064 0.01250488 -0.05014169
v 0.07214064 0.01250488 -0.05014169
v 0.07745314 0.01249512 -0.05039559
v 0.07214064 0.01268066 -0.04877450
v 0.07214064 0.01268066 -0.04877450
v 0.07745314 0.01249512 -0.05039559
v 0.07745314 0.01270020 -0.04828622
v 0.07214064 0.01268066 -0.04877450
v 0.07745314 0.01270020 -0.04828622
v 0.07214064 0.01268066 -0.04746591
v 0.07214064 0.01268066 -0.04746591
v 0.07745314 0.01270020 -0.04828622
v 0.07760939 0.01249512 -0.04619638
v 0.07214064 0.01268066 -0.04746591
v 0.07760939 0.01249512 -0.04619638
v 0.07214064 0.01250488 -0.04609872
v 0.07214064 0.01250488 -0.04609872
v 0.07760939 0.01249512 -0.04619638
v 0.07214064 0.01216309 -0.04475106
v 0.07214064 0.01216309 -0.04475106
v 0.07760939 0.01249512 -0.04619638
v 0.07776564 0.01187988 -0.04416513
v 0.07214064 0.01216309 -0.04475106
v 0.07776564 0.01187988 -0.04416513
v 0.07214064 0.01168457 -0.04354013
v 0.07214064 0.01168457 -0.04354013
v 0.07776564 0.01187988 -0.04416513
v 0.07792189 0.01088379 -0.04230966
v 0.07214064 0.01168457 -0.04354013
v 0.07792189 0.01088379 -0.04230966
v 0.07214064 0.01102051 -0.04232919
v 0.07214064 0.01102051 -0.04232919
v 0.07792189 0.01088379 -0.04230966
v 0.07214064 0.01020996 -0.04121591
v 0.07214064 0.01020996 -0.04121591
v 0.07792189 0.01088379 -0.04230966
v 0.07807814 0.00953613 -0.04066903
v 0.07214064 0.01020996 -0.04121591
v 0.07807814 0.00953613 -0.04066903
v 0.07214064 0.00931152 -0.04023934
v 0.07214064 0.00931152 -0.04023934
v 0.07807814 0.00953613 -0.04066903
v 0.07214064 0.00825684 -0.03937997
v 0.07214064 0.00825684 -0.03937997
v 0.07807814 0.00953613 -0.04066903
v 0.07807814 0.00790527 -0.03932138
v 0.07214064 0.00825684 -0.03937997
v 0.07807814 0.00790527 -0.03932138
v 0.07214064 0.00708496 -0.03863778
v 0.07214064 0.00708496 -0.03863778
v 0.07807814 0.00790527 -0.03932138
v 0.07823439 0.00603027 -0.03832528
v 0.07214064 0.00708496 -0.03863778
v 0.07823439 0.00603027 -0.03832528
v 0.07214064 0.00588379 -0.03807138
v 0.07214064 0.00588379 -0.03807138
v 0.07823439 0.00603027 -0.03832528
v 0.07214064 0.00459473 -0.03766122
v 0.07214064 0.00459473 -0.03766122
v 0.07823439 0.00603027 -0.03832528
v 0.07823439 0.00400879 -0.03771981
v 0.07214064 0.00459473 -0.03766122
v 0.07823439 0.00400879 -0.03771981
v 0.07214064 0.00322754 -0.03738778
v 0.07214064 0.00322754 -0.03738778
v 0.07823439 0.00400879 -0.03771981
v 0.07823439 0.00189941 -0.03750497
v 0.07214064 0.00322754 -0.03738778
v 0.07823439 0.00189941 -0.03750497
v 0.07214064 0.00189941 -0.03730966
v 0.07214064 0.00189941 -0.03730966
v 0.07823439 0.00189941 -0.03750497
v 0.07214064 0.00056152 -0.03738778
v 0.07214064 0.00056152 -0.03738778
v 0.07823439 0.00189941 -0.03750497
v 0.07823439 -0.00020996 -0.03771981
v 0.07214064 0.00056152 -0.03738778
v 0.07823439 -0.00020996 -0.03771981
v 0.07214064 -0.00080566 -0.03766122
v 0.07214064 -0.00080566 -0.03766122
v 0.07823439 -0.00020996 -0.03771981
v 0.07823439 -0.00224121 -0.03832528
v 0.07214064 -0.00080566 -0.03766122
v 0.07823439 -0.00224121 -0.03832528
v 0.07214064 -0.00208496 -0.03807138
v 0.07214064 -0.00208496 -0.03807138
v 0.07823439 -0.00224121 -0.03832528
v 0.07214064 -0.00328613 -0.03863778
v 0.07214064 -0.00328613 -0.03863778
v 0.07823439 -0.00224121 -0.03832528
v 0.07807814 -0.00410645 -0.03932138
v 0.07214064 -0.00328613 -0.03863778
v 0.07807814 -0.00410645 -0.03932138
v 0.07214064 -0.00445801 -0.03937997
v 0.07214064 -0.00445801 -0.03937997
v 0.07807814 -0.00410645 -0.03932138
v 0.07807814 -0.00574707 -0.04066903
v 0.07214064 -0.00551270 -0.04023934
v 0.07214064 -0.00551270 -0.04023934
v 0.07807814 -0.00574707 -0.04066903
v 0.07214064 -0.00641113 -0.04121591
v 0.07214064 -0.00641113 -0.04121591
v 0.07807814 -0.00574707 -0.04066903
v 0.07792189 -0.00708496 -0.04230966
v 0.07214064 -0.00641113 -0.04121591
v 0.07792189 -0.00708496 -0.04230966
v 0.07214064 -0.00722168 -0.04232919
v 0.07214064 -0.00722168 -0.04232919
v 0.07792189 -0.00708496 -0.04230966
v 0.07214064 -0.00788574 -0.04354013
v 0.07776564 -0.00809082 -0.04416513
v 0.07214064 -0.00788574 -0.04354013
v 0.07776564 -0.00809082 -0.04416513
v 0.07214064 -0.00837402 -0.04475106
v 0.07214064 -0.00837402 -0.04475106
v 0.07776564 -0.00809082 -0.04416513
v 0.07760939 -0.00870606 -0.04619638
v 0.07214064 -0.00837402 -0.04475106
v 0.07760939 -0.00870606 -0.04619638
v 0.07214064 -0.00870606 -0.04609872
v 0.07214064 -0.00870606 -0.04609872
v 0.07760939 -0.00870606 -0.04619638
v 0.07214064 -0.00888184 -0.04746591
v 0.07214064 -0.00888184 -0.04746591
v 0.07760939 -0.00870606 -0.04619638
v 0.07745314 -0.00891113 -0.04828622
v 0.07214064 -0.00888184 -0.04746591
v 0.07745314 -0.00891113 -0.04828622
v 0.07214064 -0.00888184 -0.04877450
v 0.07214064 -0.00888184 -0.04877450
v 0.07745314 -0.00891113 -0.04828622
v 0.07745314 -0.00870606 -0.05039559
v 0.07214064 -0.00888184 -0.04877450
v 0.07745314 -0.00870606 -0.05039559
v 0.07214064 -0.00870606 -0.05014169
v 0.07214064 -0.00870606 -0.05014169
v 0.07745314 -0.00870606 -0.05039559
v 0.07214064 -0.00836426 -0.05146981
v 0.07214064 -0.00836426 -0.05146981
v 0.07745314 -0.00870606 -0.05039559
v 0.07729689 -0.00809082 -0.05242684
v 0.07214064 -0.00836426 -0.05146981
v 0.07729689 -0.00809082 -0.05242684
v 0.07214064 -0.00788574 -0.05270028
v 0.07214064 -0.00788574 -0.05270028
v 0.07729689 -0.00809082 -0.05242684
v 0.07714064 -0.00708496 -0.05428231
v 0.07214064 -0.00788574 -0.05270028
v 0.07714064 -0.00708496 -0.05428231
v 0.07214064 -0.00712402 -0.05404794
v 0.07214064 -0.00712402 -0.05404794
v 0.07714064 -0.00708496 -0.05428231
v 0.07214064 -0.00618652 -0.05527841
v 0.07214064 -0.00618652 -0.05527841
v 0.07714064 -0.00708496 -0.05428231
v 0.07698439 -0.00574707 -0.05592294
v 0.07214064 -0.00618652 -0.05527841
v 0.07698439 -0.00574707 -0.05592294
v 0.07214064 -0.00513184 -0.05631356
v 0.07214064 0.01092285 -0.05404794
v 0.07214064 0.00998535 -0.05527841
v 0.07714064 0.01088379 -0.05428231
v 0.07714064 0.01088379 -0.05428231
v 0.07214064 0.00998535 -0.05527841
v 0.07698439 0.00953613 -0.05592294
v 0.07714064 0.01088379 -0.05428231
v 0.07698439 0.00953613 -0.05592294
v 0.08214064 0.01088379 -0.05475106
v 0.08198439 0.00953613 -0.05639169
v 0.08214064 0.01088379 -0.05475106
v 0.08198439 0.00953613 -0.05639169
v 0.08714064 0.01088379 -0.05553231
v 0.08714064 0.01088379 -0.05553231
v 0.08198439 0.00953613 -0.05639169
v 0.08682814 0.00953613 -0.05715341
v 0.08714064 0.01088379 -0.05553231
v 0.08682814 0.00953613 -0.05715341
v 0.09198439 0.01088379 -0.05660653
v 0.09167189 0.00953613 -0.05820809
v 0.09198439 0.01088379 -0.05660653
v 0.09167189 0.00953613 -0.05820809
v 0.09682814 0.01088379 -0.05799325
v 0.09635939 0.00953613 -0.05955575
v 0.09682814 0.01088379 -0.05799325
v 0.09635939 0.00953613 -0.05955575
v 0.10151561 0.01088379 -0.05965341
v 0.10151561 0.01088379 -0.05965341
v 0.09635939 0.00953613 -0.05955575
v 0.10104690 0.00953613 -0.06117684
v 0.10151561 0.01088379 -0.05965341
v 0.10104690 0.00953613 -0.06117684
v 0.10620311 0.01088379 -0.06160653
v 0.07214064 0.00998535 -0.05527841
v 0.07214064 0.00893067 -0.05631356
v 0.07698439 0.00953613 -0.05592294
v 0.07698439 0.00953613 -0.05592294
v 0.07214064 0.00893067 -0.05631356
v 0.07698439 0.00790527 -0.05725106
v 0.07698439 0.00953613 -0.05592294
v 0.07698439 0.00790527 -0.05725106
v 0.08198439 0.00953613 -0.05639169
v 0.08182814 0.00790527 -0.05771981
v 0.08198439 0.00953613 -0.05639169
v 0.08182814 0.00790527 -0.05771981
v 0.08682814 0.00953613 -0.05715341
v 0.08682814 0.00953613 -0.05715341
v 0.08182814 0.00790527 -0.05771981
v 0.08651564 0.00790527 -0.05846200
v 0.08682814 0.00953613 -0.05715341
v 0.08651564 0.00790527 -0.05846200
v 0.09167189 0.00953613 -0.05820809
v 0.09167189 0.00953613 -0.05820809
v 0.08651564 0.00790527 -0.05846200
v 0.09135939 0.00790527 -0.05949716
v 0.09167189 0.00953613 -0.05820809
v 0.09135939 0.00790527 -0.05949716
v 0.09635939 0.00953613 -0.05955575
v 0.09635939 0.00953613 -0.05955575
v 0.09135939 0.00790527 -0.05949716
v 0.09589064 0.00790527 -0.06082528
v 0.09635939 0.00953613 -0.05955575
v 0.07214064 0.00893067 -0.05631356
v 0.07214064 0.00767090 -0.05723153
v 0.07698439 0.00790527 -0.05725106
v 0.07698439 0.00790527 -0.05725106
v 0.07214064 0.00767090 -0.05723153
v 0.07214064 0.00633301 -0.05797372
v 0.07698439 0.00790527 -0.05725106
v 0.07214064 0.00633301 -0.05797372
v 0.07682814 0.00603027 -0.05824716
v 0.07682814 0.00603027 -0.05824716
v 0.07214064 0.00633301 -0.05797372
v 0.07214064 0.00492676 -0.05848153
v 0.07682814 0.00603027 -0.05824716
v 0.07214064 0.00492676 -0.05848153
v 0.07682814 0.00400879 -0.05887216
v 0.07682814 0.00400879 -0.05887216
v 0.07214064 0.00492676 -0.05848153
v 0.07214064 0.00340332 -0.05879403
v 0.07682814 0.00400879 -0.05887216
v 0.07214064 0.00340332 -0.05879403
v 0.07682814 0.00189941 -0.05908700
v 0.07682814 0.00189941 -0.05908700
v 0.07214064 0.00340332 -0.05879403
v 0.07214064 0.00189941 -0.05891122
v 0.07682814 0.00189941 -0.05908700
v 0.07214064 0.00189941 -0.05891122
v 0.07214064 0.00039551 -0.05879403
v 0.07682814 0.00189941 -0.05908700
v 0.07214064 0.00039551 -0.05879403
v 0.07682814 -0.00020996 -0.05887216
v 0.07682814 -0.00020996 -0.05887216
v 0.07214064 0.00039551 -0.05879403
v 0.07214064 -0.00113770 -0.05848153
v 0.07682814 0.00189941 -0.05908700
v 0.08151564 0.00189941 -0.05951669
v 0.08151564 0.00400879 -0.05932138
v 0.08151564 0.00400879 -0.05932138
v 0.08151564 0.00189941 -0.05951669
v 0.08620314 0.00400879 -0.06004403
v 0.08151564 0.00400879 -0.05932138
v 0.08620314 0.00400879 -0.06004403
v 0.08635939 0.00603027 -0.05943856
v 0.08635939 0.00603027 -0.05943856
v 0.08635939 0.00603027 -0.05943856
v 0.09104689 0.00603027 -0.06047372
v 0.09135939 0.00790527 -0.05949716
v 0.09135939 0.00790527 -0.05949716
v 0.09104689 0.00603027 -0.06047372
v 0.09589064 0.00790527 -0.06082528
v 0.08151564 0.00189941 -0.05951669
v 0.07682814 0.00189941 -0.05908700
v 0.07682814 -0.00020996 -0.05887216
v 0.08620314 0.00189941 -0.06025888
v 0.09089064 0.00189941 -0.06127450
v 0.09089064 0.00400879 -0.06107919
v 0.09089064 0.00400879 -0.06107919
v 0.09089064 0.00189941 -0.06127450
v 0.09542189 0.00400879 -0.06236825
v 0.09089064 0.00400879 -0.06107919
v 0.09542189 0.00400879 -0.06236825
v 0.09557814 0.00603027 -0.06178231
v 0.09557814 0.00603027 -0.06178231
v 0.09542189 0.00400879 -0.06236825
v 0.10010940 0.00603027 -0.06336434
v 0.09557814 0.00603027 -0.06178231
v 0.10010940 0.00603027 -0.06336434
v 0.10057811 0.00790527 -0.06244638
v 0.10057811 0.00790527 -0.06244638
v 0.10010940 0.00603027 -0.06336434
v 0.10495311 0.00790527 -0.06432138
v 0.10057811 0.00790527 -0.06244638
v 0.10495311 0.00790527 -0.06432138
v 0.10557811 0.00953613 -0.06309091
v 0.10557811 0.00953613 -0.06309091
v 0.10495311 0.00790527 -0.06432138
v 0.10995311 0.00953613 -0.06527841
v 0.10557811 0.00953613 -0.06309091
v 0.10995311 0.00953613 -0.06527841
v 0.11073440 0.01088379 -0.06383309
v 0.11073440 0.01088379 -0.06383309
v 0.10995311 0.00953613 -0.06527841
v 0.11510940 0.01088379 -0.06633309
v 0.09542189 0.00189941 -0.06256356
v 0.09542189 0.00400879 -0.06236825
v 0.09542189 0.00189941 -0.06256356
v 0.09995314 0.00400879 -0.06395028
v 0.09995314 0.00400879 -0.06395028
v 0.10010940 0.00603027 -0.06336434
v 0.09995314 0.00400879 -0.06395028
v 0.10448440 0.00603027 -0.06521981
v 0.10010940 0.00603027 -0.06336434
v 0.10448440 0.00603027 -0.06521981
v 0.10495311 0.00790527 -0.06432138
v 0.10495311 0.00790527 -0.06432138
v 0.10448440 0.00603027 -0.06521981
v 0.10932811 0.00790527 -0.06646981
v 0.10495311 0.00790527 -0.06432138
v 0.10932811 0.00790527 -0.06646981
v 0.10995311 0.00953613 -0.06527841
v 0.09089064 0.00189941 -0.06127450
v 0.08620314 0.00189941 -0.06025888
v 0.08620314 -0.00020996 -0.06004403
v 0.08620314 -0.00020996 -0.06004403
v 0.08620314 0.00189941 -0.06025888
v 0.08151564 -0.00020996 -0.05932138
v 0.08620314 -0.00020996 -0.06004403
v 0.08151564 -0.00020996 -0.05932138
v 0.08167189 -0.00224121 -0.05871591
v 0.08167189 -0.00224121 -0.05871591
v 0.08167189 -0.00224121 -0.05871591
v 0.07682814 -0.00224121 -0.05824716
v 0.07698439 -0.00410645 -0.05725106
v 0.09542189 0.00189941 -0.06256356
v 0.09979689 0.00189941 -0.06414559
v 0.09995314 0.00400879 -0.06395028
v 0.09995314 0.00400879 -0.06395028
v 0.09979689 0.00189941 -0.06414559
v 0.10432811 0.00400879 -0.06578622
v 0.09995314 0.00400879 -0.06395028
v 0.10432811 0.00400879 -0.06578622
v 0.10448440 0.00603027 -0.06521981
v 0.10448440 0.00603027 -0.06521981
v 0.10432811 0.00400879 -0.06578622
v 0.10885940 0.00603027 -0.06734872
v 0.10448440 0.00603027 -0.06521981
v 0.10885940 0.00603027 -0.06734872
v 0.10932811 0.00790527 -0.06646981
v 0.09542189 0.00189941 -0.06256356
v 0.09089064 0.00189941 -0.06127450
v 0.09089064 -0.00020996 -0.06107919
v 0.09089064 -0.00020996 -0.06107919
v 0.09089064 0.00189941 -0.06127450
v 0.08620314 -0.00020996 -0.06004403
v 0.09089064 -0.00020996 -0.06107919
v 0.08620314 -0.00020996 -0.06004403
v 0.08635939 -0.00224121 -0.05943856
v 0.08635939 -0.00224121 -0.05943856
v 0.08635939 -0.00224121 -0.05943856
v 0.08167189 -0.00224121 -0.05871591
v 0.08182814 -0.00410645 -0.05771981
v 0.08182814 -0.00410645 -0.05771981
v 0.10417190 0.00189941 -0.06598153
v 0.10432811 0.00400879 -0.06578622
v 0.10417190 0.00189941 -0.06598153
v 0.10854690 0.00400879 -0.06789559
v 0.10432811 0.00400879 -0.06578622
v 0.10854690 0.00400879 -0.06789559
v 0.10885940 0.00603027 -0.06734872
v 0.09979689 0.00189941 -0.06414559
v 0.09542189 0.00189941 -0.06256356
v 0.09542189 -0.00020996 -0.06236825
v 0.09542189 -0.00020996 -0.06236825
v 0.09542189 -0.00020996 -0.06236825
v 0.09089064 -0.00020996 -0.06107919
v 0.09104689 -0.00224121 -0.06047372
v 0.09104689 -0.00224121 -0.06047372
v 0.09104689 -0.00224121 -0.06047372
v 0.08635939 -0.00224121 -0.05943856
v 0.08651564 -0.00410645 -0.05846200
v 0.08651564 -0.00410645 -0.05846200
v 0.08635939 -0.00224121 -0.05943856
v 0.08182814 -0.00410645 -0.05771981
v 0.09979689 0.00189941 -0.06414559
v 0.09995314 -0.00020996 -0.06395028
v 0.09979689 0.00189941 -0.06414559
v 0.09542189 -0.00020996 -0.06236825
v 0.09542189 -0.00020996 -0.06236825
v 0.09557814 -0.00224121 -0.06178231
v 0.09542189 -0.00020996 -0.06236825
v 0.09104689 -0.00224121 -0.06047372
v 0.09557814 -0.00224121 -0.06178231
v 0.09104689 -0.00224121 -0.06047372
v 0.09135939 -0.00410645 -0.05949716
v 0.09135939 -0.00410645 -0.05949716
v 0.09104689 -0.00224121 -0.06047372
v 0.08651564 -0.00410645 -0.05846200
v 0.07682814 0.00400879 -0.05887216
v 0.07682814 0.00189941 -0.05908700
v 0.08151564 0.00400879 -0.05932138
v 0.13510941 -0.00708496 -0.06645028
v 0.13385941 -0.00809082 -0.06783700
v 0.13073441 -0.00708496 -0.06271981
v 0.13073441 -0.00708496 -0.06271981
v 0.13385941 -0.00809082 -0.06783700
v 0.12964060 -0.00809082 -0.06418466
v 0.13073441 -0.00708496 -0.06271981
v 0.12964060 -0.00809082 -0.06418466
v 0.12620311 -0.00708496 -0.05926278
v 0.12620311 -0.00708496 -0.05926278
v 0.12964060 -0.00809082 -0.06418466
v 0.12510940 -0.00809082 -0.06080575
v 0.12620311 -0.00708496 -0.05926278
v 0.12510940 -0.00809082 -0.06080575
v 0.12135940 -0.00708496 -0.05609872
v 0.12135940 -0.00708496 -0.05609872
v 0.12510940 -0.00809082 -0.06080575
v 0.12042190 -0.00809082 -0.05770028
v 0.12135940 -0.00708496 -0.05609872
v 0.12042190 -0.00809082 -0.05770028
v 0.11635940 -0.00708496 -0.05324716
v 0.11635940 -0.00708496 -0.05324716
v 0.12042190 -0.00809082 -0.05770028
v 0.11542190 -0.00809082 -0.05488778
v 0.11635940 -0.00708496 -0.05324716
v 0.11542190 -0.00809082 -0.05488778
v 0.11120311 -0.00708496 -0.05068856
v 0.11042190 -0.00809082 -0.05238778
v 0.11120311 -0.00708496 -0.05068856
v 0.11042190 -0.00809082 -0.05238778
v 0.10589061 -0.00708496 -0.04846200
v 0.10589061 -0.00708496 -0.04846200
v 0.11042190 -0.00809082 -0.05238778
v 0.10526561 -0.00809082 -0.05020028
v 0.10589061 -0.00708496 -0.04846200
v 0.10526561 -0.00809082 -0.05020028
v 0.10042190 -0.00708496 -0.04654794
v 0.09995314 -0.00809082 -0.04832528
v 0.10042190 -0.00708496 -0.04654794
v 0.09995314 -0.00809082 -0.04832528
v 0.09495314 -0.00708496 -0.04496591
v 0.09495314 -0.00708496 -0.04496591
v 0.09995314 -0.00809082 -0.04832528
v 0.09448439 -0.00809082 -0.04678231
v 0.09495314 -0.00708496 -0.04496591
v 0.09448439 -0.00809082 -0.04678231
v 0.08932814 -0.00708496 -0.04373544
v 0.08901564 -0.00809082 -0.04557138
v 0.08932814 -0.00708496 -0.04373544
v 0.08901564 -0.00809082 -0.04557138
v 0.08370314 -0.00708496 -0.04283700
v 0.08339064 -0.00809082 -0.04469247
v 0.08370314 -0.00708496 -0.04283700
v 0.08339064 -0.00809082 -0.04469247
v 0.07792189 -0.00708496 -0.04230966
v 0.07776564 -0.00809082 -0.04416513
v 0.13620310 -0.00574707 -0.06521981
v 0.13510941 -0.00708496 -0.06645028
v 0.13182810 -0.00574707 -0.06143075
v 0.13182810 -0.00574707 -0.06143075
v 0.13510941 -0.00708496 -0.06645028
v 0.13073441 -0.00708496 -0.06271981
v 0.13182810 -0.00574707 -0.06143075
v 0.13073441 -0.00708496 -0.06271981
v 0.12714061 -0.00574707 -0.05793466
v 0.12714061 -0.00574707 -0.05793466
v 0.13073441 -0.00708496 -0.06271981
v 0.12620311 -0.00708496 -0.05926278
v 0.12714061 -0.00574707 -0.05793466
v 0.12620311 -0.00708496 -0.05926278
v 0.12229690 -0.00574707 -0.05471200
v 0.12229690 -0.00574707 -0.05471200
v 0.12620311 -0.00708496 -0.05926278
v 0.12135940 -0.00708496 -0.05609872
v 0.12229690 -0.00574707 -0.05471200
v 0.12135940 -0.00708496 -0.05609872
v 0.11714061 -0.00574707 -0.05180184
v 0.11714061 -0.00574707 -0.05180184
v 0.12135940 -0.00708496 -0.05609872
v 0.11635940 -0.00708496 -0.05324716
v 0.11714061 -0.00574707 -0.05180184
v 0.11635940 -0.00708496 -0.05324716
v 0.11182811 -0.00574707 -0.04920419
v 0.11182811 -0.00574707 -0.04920419
v 0.11635940 -0.00708496 -0.05324716
v 0.11120311 -0.00708496 -0.05068856
v 0.11182811 -0.00574707 -0.04920419
v 0.11120311 -0.00708496 -0.05068856
v 0.10651561 -0.00574707 -0.04691903
v 0.10651561 -0.00574707 -0.04691903
v 0.11120311 -0.00708496 -0.05068856
v 0.10589061 -0.00708496 -0.04846200
v 0.10651561 -0.00574707 -0.04691903
v 0.10589061 -0.00708496 -0.04846200
v 0.10104690 -0.00574707 -0.04498544
v 0.10042190 -0.00708496 -0.04654794
v 0.10104690 -0.00574707 -0.04498544
v 0.10042190 -0.00708496 -0.04654794
v 0.09542189 -0.00574707 -0.04338388
v 0.09542189 -0.00574707 -0.04338388
v 0.10042190 -0.00708496 -0.04654794
v 0.09495314 -0.00708496 -0.04496591
v 0.09542189 -0.00574707 -0.04338388
v 0.09495314 -0.00708496 -0.04496591
v 0.08964064 -0.00574707 -0.04213388
v 0.08964064 -0.00574707 -0.04213388
v 0.09495314 -0.00708496 -0.04496591
v 0.08932814 -0.00708496 -0.04373544
v 0.08964064 -0.00574707 -0.04213388
v 0.08932814 -0.00708496 -0.04373544
v 0.08385939 -0.00574707 -0.04121591
v 0.08370314 -0.00708496 -0.04283700
v 0.08385939 -0.00574707 -0.04121591
v 0.08370314 -0.00708496 -0.04283700
v 0.07807814 -0.00574707 -0.04066903
v 0.07807814 -0.00574707 -0.04066903
v 0.08370314 -0.00708496 -0.04283700
v 0.07792189 -0.00708496 -0.04230966
v 0.13714060 -0.00410645 -0.06422372
v 0.13620310 -0.00574707 -0.06521981
v 0.13260941 -0.00410645 -0.06039559
v 0.13260941 -0.00410645 -0.06039559
v 0.13620310 -0.00574707 -0.06521981
v 0.13182810 -0.00574707 -0.06143075
v 0.13260941 -0.00410645 -0.06039559
v 0.13182810 -0.00574707 -0.06143075
v 0.12792190 -0.00410645 -0.05682138
v 0.12792190 -0.00410645 -0.05682138
v 0.13182810 -0.00574707 -0.06143075
v 0.12714061 -0.00574707 -0.05793466
v 0.12792190 -0.00410645 -0.05682138
v 0.12714061 -0.00574707 -0.05793466
v 0.12292190 -0.00410645 -0.05355966
v 0.12292190 -0.00410645 -0.05355966
v 0.12714061 -0.00574707 -0.05793466
v 0.12229690 -0.00574707 -0.05471200
v 0.12292190 -0.00410645 -0.05355966
v 0.12229690 -0.00574707 -0.05471200
v 0.11776561 -0.00410645 -0.05061044
v 0.11776561 -0.00410645 -0.05061044
v 0.12229690 -0.00574707 -0.05471200
v 0.11714061 -0.00574707 -0.05180184
v 0.11776561 -0.00410645 -0.05061044
v 0.11714061 -0.00574707 -0.05180184
v 0.11245311 -0.00410645 -0.04797372
v 0.11245311 -0.00410645 -0.04797372
v 0.11714061 -0.00574707 -0.05180184
v 0.11182811 -0.00574707 -0.04920419
v 0.11245311 -0.00410645 -0.04797372
v 0.11182811 -0.00574707 -0.04920419
v 0.10698440 -0.00410645 -0.04566903
v 0.10698440 -0.00410645 -0.04566903
v 0.11182811 -0.00574707 -0.04920419
v 0.10651561 -0.00574707 -0.04691903
v 0.10698440 -0.00410645 -0.04566903
v 0.10651561 -0.00574707 -0.04691903
v 0.10135940 -0.00410645 -0.04369638
v 0.10104690 -0.00574707 -0.04498544
v 0.10135940 -0.00410645 -0.04369638
v 0.10104690 -0.00574707 -0.04498544
v 0.09573439 -0.00410645 -0.04207528
v 0.09573439 -0.00410645 -0.04207528
v 0.10104690 -0.00574707 -0.04498544
v 0.09542189 -0.00574707 -0.04338388
v 0.09573439 -0.00410645 -0.04207528
v 0.09542189 -0.00574707 -0.04338388
v 0.08995314 -0.00410645 -0.04080575
v 0.08995314 -0.00410645 -0.04080575
v 0.09542189 -0.00574707 -0.04338388
v 0.08964064 -0.00574707 -0.04213388
v 0.08995314 -0.00410645 -0.04080575
v 0.08964064 -0.00574707 -0.04213388
v 0.08401564 -0.00410645 -0.03988778
v 0.08401564 -0.00410645 -0.03988778
v 0.08964064 -0.00574707 -0.04213388
v 0.08385939 -0.00574707 -0.04121591
v 0.08401564 -0.00410645 -0.03988778
v 0.08385939 -0.00574707 -0.04121591
v 0.07807814 -0.00410645 -0.03932138
v 0.07807814 -0.00574707 -0.04066903
v 0.13776560 -0.00224121 -0.06348153
v 0.13714060 -0.00410645 -0.06422372
v 0.13323441 -0.00224121 -0.05961434
v 0.13323441 -0.00224121 -0.05961434
v 0.13714060 -0.00410645 -0.06422372
v 0.13260941 -0.00410645 -0.06039559
v 0.13323441 -0.00224121 -0.05961434
v 0.13260941 -0.00410645 -0.06039559
v 0.12839060 -0.00224121 -0.05602059
v 0.12839060 -0.00224121 -0.05602059
v 0.13260941 -0.00410645 -0.06039559
v 0.12792190 -0.00410645 -0.05682138
v 0.12839060 -0.00224121 -0.05602059
v 0.12792190 -0.00410645 -0.05682138
v 0.12339061 -0.00224121 -0.05271981
v 0.12339061 -0.00224121 -0.05271981
v 0.12792190 -0.00410645 -0.05682138
v 0.12292190 -0.00410645 -0.05355966
v 0.12339061 -0.00224121 -0.05271981
v 0.12292190 -0.00410645 -0.05355966
v 0.11823440 -0.00224121 -0.04973153
v 0.11823440 -0.00224121 -0.04973153
v 0.12292190 -0.00410645 -0.05355966
v 0.11776561 -0.00410645 -0.05061044
v 0.11823440 -0.00224121 -0.04973153
v 0.11776561 -0.00410645 -0.05061044
v 0.11292190 -0.00224121 -0.04707528
v 0.11292190 -0.00224121 -0.04707528
v 0.11776561 -0.00410645 -0.05061044
v 0.11245311 -0.00410645 -0.04797372
v 0.11292190 -0.00224121 -0.04707528
v 0.11245311 -0.00410645 -0.04797372
v 0.10729690 -0.00224121 -0.04473153
v 0.10729690 -0.00224121 -0.04473153
v 0.11245311 -0.00410645 -0.04797372
v 0.10698440 -0.00410645 -0.04566903
v 0.10729690 -0.00224121 -0.04473153
v 0.10698440 -0.00410645 -0.04566903
v 0.10167190 -0.00224121 -0.04275888
v 0.10135940 -0.00410645 -0.04369638
v 0.10167190 -0.00224121 -0.04275888
v 0.10135940 -0.00410645 -0.04369638
v 0.09589064 -0.00224121 -0.04111825
v 0.09589064 -0.00224121 -0.04111825
v 0.10135940 -0.00410645 -0.04369638
v 0.09573439 -0.00410645 -0.04207528
v 0.09589064 -0.00224121 -0.04111825
v 0.09573439 -0.00410645 -0.04207528
v 0.09010939 -0.00224121 -0.03982919
v 0.09010939 -0.00224121 -0.03982919
v 0.09573439 -0.00410645 -0.04207528
v 0.08995314 -0.00410645 -0.04080575
v 0.09010939 -0.00224121 -0.03982919
v 0.08995314 -0.00410645 -0.04080575
v 0.08417189 -0.00224121 -0.03889169
v 0.08417189 -0.00224121 -0.03889169
v 0.08995314 -0.00410645 -0.04080575
v 0.08401564 -0.00410645 -0.03988778
v 0.08417189 -0.00224121 -0.03889169
v 0.08401564 -0.00410645 -0.03988778
v 0.07823439 -0.00224121 -0.03832528
v 0.07807814 -0.00410645 -0.03932138
v 0.13823441 -0.00020996 -0.06303231
v 0.13776560 -0.00224121 -0.06348153
v 0.13370310 -0.00020996 -0.05912606
v 0.13370310 -0.00020996 -0.05912606
v 0.13776560 -0.00224121 -0.06348153
v 0.13323441 -0.00224121 -0.05961434
v 0.13370310 -0.00020996 -0.05912606
v 0.13323441 -0.00224121 -0.05961434
v 0.12885941 -0.00020996 -0.05551278
v 0.12885941 -0.00020996 -0.05551278
v 0.13323441 -0.00224121 -0.05961434
v 0.12839060 -0.00224121 -0.05602059
v 0.12885941 -0.00020996 -0.05551278
v 0.12839060 -0.00224121 -0.05602059
v 0.12370311 -0.00020996 -0.05219247
v 0.12370311 -0.00020996 -0.05219247
v 0.12839060 -0.00224121 -0.05602059
v 0.12339061 -0.00224121 -0.05271981
v 0.12370311 -0.00020996 -0.05219247
v 0.12339061 -0.00224121 -0.05271981
v 0.11854690 -0.00020996 -0.04918466
v 0.11854690 -0.00020996 -0.04918466
v 0.12339061 -0.00224121 -0.05271981
v 0.11823440 -0.00224121 -0.04973153
v 0.11854690 -0.00020996 -0.04918466
v 0.11823440 -0.00224121 -0.04973153
v 0.11307811 -0.00020996 -0.04650888
v 0.11307811 -0.00020996 -0.04650888
v 0.11823440 -0.00224121 -0.04973153
v 0.11292190 -0.00224121 -0.04707528
v 0.11307811 -0.00020996 -0.04650888
v 0.11292190 -0.00224121 -0.04707528
v 0.10760940 -0.00020996 -0.04416513
v 0.10760940 -0.00020996 -0.04416513
v 0.11292190 -0.00224121 -0.04707528
v 0.10729690 -0.00224121 -0.04473153
v 0.10760940 -0.00020996 -0.04416513
v 0.10729690 -0.00224121 -0.04473153
v 0.10182811 -0.00020996 -0.04217294
v 0.10182811 -0.00020996 -0.04217294
v 0.10729690 -0.00224121 -0.04473153
v 0.10167190 -0.00224121 -0.04275888
v 0.10182811 -0.00020996 -0.04217294
v 0.10167190 -0.00224121 -0.04275888
v 0.09604689 -0.00020996 -0.04051278
v 0.09589064 -0.00224121 -0.04111825
v 0.09604689 -0.00020996 -0.04051278
v 0.09589064 -0.00224121 -0.04111825
v 0.09010939 -0.00020996 -0.03922372
v 0.09010939 -0.00020996 -0.03922372
v 0.09589064 -0.00224121 -0.04111825
v 0.09010939 -0.00224121 -0.03982919
v 0.09010939 -0.00020996 -0.03922372
v 0.09010939 -0.00224121 -0.03982919
v 0.08417189 -0.00020996 -0.03828622
v 0.08417189 -0.00224121 -0.03889169
v 0.08417189 -0.00020996 -0.03828622
v 0.08417189 -0.00224121 -0.03889169
v 0.07823439 -0.00020996 -0.03771981
v 0.07823439 -0.00224121 -0.03832528
v 0.13839060 0.00189941 -0.06287606
v 0.13823441 -0.00020996 -0.06303231
v 0.13370310 0.00189941 -0.05896981
v 0.13370310 0.00189941 -0.05896981
v 0.13823441 -0.00020996 -0.06303231
v 0.13370310 -0.00020996 -0.05912606
v 0.13370310 0.00189941 -0.05896981
v 0.13370310 -0.00020996 -0.05912606
v 0.12885941 0.00189941 -0.05533700
v 0.12885941 0.00189941 -0.05533700
v 0.13370310 -0.00020996 -0.05912606
v 0.12885941 -0.00020996 -0.05551278
v 0.12885941 0.00189941 -0.05533700
v 0.12885941 -0.00020996 -0.05551278
v 0.12385940 0.00189941 -0.05201669
v 0.12385940 0.00189941 -0.05201669
v 0.12885941 -0.00020996 -0.05551278
v 0.12370311 -0.00020996 -0.05219247
v 0.12385940 0.00189941 -0.05201669
v 0.12370311 -0.00020996 -0.05219247
v 0.11870311 0.00189941 -0.04900888
v 0.11854690 -0.00020996 -0.04918466
v 0.11870311 0.00189941 -0.04900888
v 0.11854690 -0.00020996 -0.04918466
v 0.11323440 0.00189941 -0.04631356
v 0.11307811 -0.00020996 -0.04650888
v 0.11323440 0.00189941 -0.04631356
v 0.11307811 -0.00020996 -0.04650888
v 0.10760940 0.00189941 -0.04396981
v 0.10760940 0.00189941 -0.04396981
v 0.11307811 -0.00020996 -0.04650888
v 0.10760940 -0.00020996 -0.04416513
v 0.10760940 0.00189941 -0.04396981
v 0.10760940 -0.00020996 -0.04416513
v 0.10198440 0.00189941 -0.04195809
v 0.10198440 0.00189941 -0.04195809
v 0.10760940 -0.00020996 -0.04416513
v 0.10182811 -0.00020996 -0.04217294
v 0.10198440 0.00189941 -0.04195809
v 0.10182811 -0.00020996 -0.04217294
v 0.09604689 0.00189941 -0.04031747
v 0.09604689 0.00189941 -0.04031747
v 0.10182811 -0.00020996 -0.04217294
v 0.09604689 -0.00020996 -0.04051278
v 0.09604689 0.00189941 -0.04031747
v 0.09604689 -0.00020996 -0.04051278
v 0.09026564 0.00189941 -0.03900888
v 0.09026564 0.00189941 -0.03900888
v 0.09604689 -0.00020996 -0.04051278
v 0.09010939 -0.00020996 -0.03922372
v 0.09026564 0.00189941 -0.03900888
v 0.09010939 -0.00020996 -0.03922372
v 0.08417189 0.00189941 -0.03807138
v 0.08417189 0.00189941 -0.03807138
v 0.09010939 -0.00020996 -0.03922372
v 0.08417189 -0.00020996 -0.03828622
v 0.08417189 0.00189941 -0.03807138
v 0.08417189 -0.00020996 -0.03828622
v 0.07823439 0.00189941 -0.03750497
v 0.07823439 -0.00020996 -0.03771981
v 0.13823441 0.00400879 -0.06303231
v 0.13839060 0.00189941 -0.06287606
v 0.13370310 0.00400879 -0.05912606
v 0.13370310 0.00400879 -0.05912606
v 0.13839060 0.00189941 -0.06287606
v 0.13370310 0.00189941 -0.05896981
v 0.13370310 0.00400879 -0.05912606
v 0.13370310 0.00189941 -0.05896981
v 0.12885941 0.00400879 -0.05551278
v 0.12885941 0.00400879 -0.05551278
v 0.13370310 0.00189941 -0.05896981
v 0.12885941 0.00189941 -0.05533700
v 0.12885941 0.00400879 -0.05551278
v 0.12885941 0.00189941 -0.05533700
v 0.12370311 0.00400879 -0.05219247
v 0.12370311 0.00400879 -0.05219247
v 0.12885941 0.00189941 -0.05533700
v 0.12385940 0.00189941 -0.05201669
v 0.12370311 0.00400879 -0.05219247
v 0.12385940 0.00189941 -0.05201669
v 0.11854690 0.00400879 -0.04918466
v 0.11870311 0.00189941 -0.04900888
v 0.11854690 0.00400879 -0.04918466
v 0.11870311 0.00189941 -0.04900888
v 0.11307811 0.00400879 -0.04650888
v 0.11307811 0.00400879 -0.04650888
v 0.11870311 0.00189941 -0.04900888
v 0.11323440 0.00189941 -0.04631356
v 0.11307811 0.00400879 -0.04650888
v 0.11323440 0.00189941 -0.04631356
v 0.10760940 0.00400879 -0.04416513
v 0.10760940 0.00400879 -0.04416513
v 0.11323440 0.00189941 -0.04631356
v 0.10760940 0.00189941 -0.04396981
v 0.10760940 0.00400879 -0.04416513
v 0.10760940 0.00189941 -0.04396981
v 0.10182811 0.00400879 -0.04217294
v 0.10182811 0.00400879 -0.04217294
v 0.10760940 0.00189941 -0.04396981
v 0.10198440 0.00189941 -0.04195809
v 0.10182811 0.00400879 -0.04217294
v 0.10198440 0.00189941 -0.04195809
v 0.09604689 0.00400879 -0.04051278
v 0.09604689 0.00400879 -0.04051278
v 0.10198440 0.00189941 -0.04195809
v 0.09604689 0.00189941 -0.04031747
v 0.09604689 0.00400879 -0.04051278
v 0.09604689 0.00189941 -0.04031747
v 0.09010939 0.00400879 -0.03922372
v 0.09010939 0.00400879 -0.03922372
v 0.09604689 0.00189941 -0.04031747
v 0.09026564 0.00189941 -0.03900888
v 0.09010939 0.00400879 -0.03922372
v 0.09026564 0.00189941 -0.03900888
v 0.08417189 0.00400879 -0.03828622
v 0.08417189 0.00400879 -0.03828622
v 0.09026564 0.00189941 -0.03900888
v 0.08417189 0.00189941 -0.03807138
v 0.08417189 0.00400879 -0.03828622
v 0.08417189 0.00189941 -0.03807138
v 0.07823439 0.00400879 -0.03771981
v 0.07823439 0.00189941 -0.03750497
v 0.13776560 0.00603027 -0.06348153
v 0.13823441 0.00400879 -0.06303231
v 0.13323441 0.00603027 -0.05961434
v 0.13323441 0.00603027 -0.05961434
v 0.13823441 0.00400879 -0.06303231
v 0.13370310 0.00400879 -0.05912606
v 0.13323441 0.00603027 -0.05961434
v 0.13370310 0.00400879 -0.05912606
v 0.12839060 0.00603027 -0.05602059
v 0.12885941 0.00400879 -0.05551278
v 0.12839060 0.00603027 -0.05602059
v 0.12885941 0.00400879 -0.05551278
v 0.12339061 0.00603027 -0.05271981
v 0.12339061 0.00603027 -0.05271981
v 0.12885941 0.00400879 -0.05551278
v 0.12370311 0.00400879 -0.05219247
v 0.12339061 0.00603027 -0.05271981
v 0.12370311 0.00400879 -0.05219247
v 0.11823440 0.00603027 -0.04973153
v 0.11823440 0.00603027 -0.04973153
v 0.12370311 0.00400879 -0.05219247
v 0.11854690 0.00400879 -0.04918466
v 0.11823440 0.00603027 -0.04973153
v 0.11854690 0.00400879 -0.04918466
v 0.11292190 0.00603027 -0.04707528
v 0.11292190 0.00603027 -0.04707528
v 0.11854690 0.00400879 -0.04918466
v 0.11307811 0.00400879 -0.04650888
v 0.11292190 0.00603027 -0.04707528
v 0.11307811 0.00400879 -0.04650888
v 0.10729690 0.00603027 -0.04473153
v 0.10729690 0.00603027 -0.04473153
v 0.11307811 0.00400879 -0.04650888
v 0.10760940 0.00400879 -0.04416513
v 0.10729690 0.00603027 -0.04473153
v 0.10760940 0.00400879 -0.04416513
v 0.10167190 0.00603027 -0.04275888
v 0.10167190 0.00603027 -0.04275888
v 0.10760940 0.00400879 -0.04416513
v 0.10182811 0.00400879 -0.04217294
v 0.10167190 0.00603027 -0.04275888
v 0.10182811 0.00400879 -0.04217294
v 0.09589064 0.00603027 -0.04111825
v 0.09589064 0.00603027 -0.04111825
v 0.10182811 0.00400879 -0.04217294
v 0.09604689 0.00400879 -0.04051278
v 0.09589064 0.00603027 -0.04111825
v 0.09604689 0.00400879 -0.04051278
v 0.09010939 0.00603027 -0.03982919
v 0.09010939 0.00603027 -0.03982919
v 0.09604689 0.00400879 -0.04051278
v 0.09010939 0.00400879 -0.03922372
v 0.09010939 0.00603027 -0.03982919
v 0.09010939 0.00400879 -0.03922372
v 0.08417189 0.00603027 -0.03889169
v 0.08417189 0.00400879 -0.03828622
v 0.08417189 0.00603027 -0.03889169
v 0.08417189 0.00400879 -0.03828622
v 0.07823439 0.00603027 -0.03832528
v 0.07823439 0.00400879 -0.03771981
v 0.13714060 0.00790527 -0.06422372
v 0.13776560 0.00603027 -0.06348153
v 0.13260941 0.00790527 -0.06039559
v 0.13260941 0.00790527 -0.06039559
v 0.13776560 0.00603027 -0.06348153
v 0.13323441 0.00603027 -0.05961434
v 0.13260941 0.00790527 -0.06039559
v 0.13323441 0.00603027 -0.05961434
v 0.12792190 0.00790527 -0.05682138
v 0.12792190 0.00790527 -0.05682138
v 0.13323441 0.00603027 -0.05961434
v 0.12839060 0.00603027 -0.05602059
v 0.12792190 0.00790527 -0.05682138
v 0.12839060 0.00603027 -0.05602059
v 0.12292190 0.00790527 -0.05355966
v 0.12292190 0.00790527 -0.05355966
v 0.12839060 0.00603027 -0.05602059
v 0.12339061 0.00603027 -0.05271981
v 0.12292190 0.00790527 -0.05355966
v 0.12339061 0.00603027 -0.05271981
v 0.11776561 0.00790527 -0.05061044
v 0.11776561 0.00790527 -0.05061044
v 0.12339061 0.00603027 -0.05271981
v 0.11823440 0.00603027 -0.04973153
v 0.11776561 0.00790527 -0.05061044
v 0.11823440 0.00603027 -0.04973153
v 0.11245311 0.00790527 -0.04797372
v 0.11245311 0.00790527 -0.04797372
v 0.11823440 0.00603027 -0.04973153
v 0.11292190 0.00603027 -0.04707528
v 0.11245311 0.00790527 -0.04797372
v 0.11292190 0.00603027 -0.04707528
v 0.10698440 0.00790527 -0.04566903
v 0.10698440 0.00790527 -0.04566903
v 0.11292190 0.00603027 -0.04707528
v 0.10729690 0.00603027 -0.04473153
v 0.10698440 0.00790527 -0.04566903
v 0.10729690 0.00603027 -0.04473153
v 0.10135940 0.00790527 -0.04369638
v 0.10167190 0.00603027 -0.04275888
v 0.10135940 0.00790527 -0.04369638
v 0.10167190 0.00603027 -0.04275888
v 0.09573439 0.00790527 -0.04207528
v 0.09573439 0.00790527 -0.04207528
v 0.10167190 0.00603027 -0.04275888
v 0.09589064 0.00603027 -0.04111825
v 0.09573439 0.00790527 -0.04207528
v 0.09589064 0.00603027 -0.04111825
v 0.08995314 0.00790527 -0.04080575
v 0.08995314 0.00790527 -0.04080575
v 0.09589064 0.00603027 -0.04111825
v 0.09010939 0.00603027 -0.03982919
v 0.08995314 0.00790527 -0.04080575
v 0.09010939 0.00603027 -0.03982919
v 0.08401564 0.00790527 -0.03988778
v 0.08417189 0.00603027 -0.03889169
v 0.08401564 0.00790527 -0.03988778
v 0.08417189 0.00603027 -0.03889169
v 0.07807814 0.00790527 -0.03932138
v 0.07823439 0.00603027 -0.03832528
v 0.13620310 0.00953613 -0.06521981
v 0.13714060 0.00790527 -0.06422372
v 0.13182810 0.00953613 -0.06143075
v 0.13182810 0.00953613 -0.06143075
v 0.13714060 0.00790527 -0.06422372
v 0.13260941 0.00790527 -0.06039559
v 0.13182810 0.00953613 -0.06143075
v 0.13260941 0.00790527 -0.06039559
v 0.12714061 0.00953613 -0.05793466
v 0.12714061 0.00953613 -0.05793466
v 0.13260941 0.00790527 -0.06039559
v 0.12792190 0.00790527 -0.05682138
v 0.12714061 0.00953613 -0.05793466
v 0.12792190 0.00790527 -0.05682138
v 0.12229690 0.00953613 -0.05471200
v 0.12229690 0.00953613 -0.05471200
v 0.12792190 0.00790527 -0.05682138
v 0.12292190 0.00790527 -0.05355966
v 0.12229690 0.00953613 -0.05471200
v 0.12292190 0.00790527 -0.05355966
v 0.11714061 0.00953613 -0.05180184
v 0.11714061 0.00953613 -0.05180184
v 0.12292190 0.00790527 -0.05355966
v 0.11776561 0.00790527 -0.05061044
v 0.11714061 0.00953613 -0.05180184
v 0.11776561 0.00790527 -0.05061044
v 0.11182811 0.00953613 -0.04920419
v 0.11182811 0.00953613 -0.04920419
v 0.11776561 0.00790527 -0.05061044
v 0.11245311 0.00790527 -0.04797372
v 0.11182811 0.00953613 -0.04920419
v 0.11245311 0.00790527 -0.04797372
v 0.10651561 0.00953613 -0.04691903
v 0.10651561 0.00953613 -0.04691903
v 0.11245311 0.00790527 -0.04797372
v 0.10698440 0.00790527 -0.04566903
v 0.10651561 0.00953613 -0.04691903
v 0.10698440 0.00790527 -0.04566903
v 0.10104690 0.00953613 -0.04498544
v 0.10135940 0.00790527 -0.04369638
v 0.10104690 0.00953613 -0.04498544
v 0.10135940 0.00790527 -0.04369638
v 0.09542189 0.00953613 -0.04338388
v 0.09542189 0.00953613 -0.04338388
v 0.10135940 0.00790527 -0.04369638
v 0.09573439 0.00790527 -0.04207528
v 0.09542189 0.00953613 -0.04338388
v 0.09573439 0.00790527 -0.04207528
v 0.08964064 0.00953613 -0.04213388
v 0.08995314 0.00790527 -0.04080575
v 0.08964064 0.00953613 -0.04213388
v 0.08995314 0.00790527 -0.04080575
v 0.08385939 0.00953613 -0.04121591
v 0.08385939 0.00953613 -0.04121591
v 0.08995314 0.00790527 -0.04080575
v 0.08401564 0.00790527 -0.03988778
v 0.08385939 0.00953613 -0.04121591
v 0.08401564 0.00790527 -0.03988778
v 0.07807814 0.00953613 -0.04066903
v 0.07807814 0.00953613 -0.04066903
v 0.08401564 0.00790527 -0.03988778
v 0.07807814 0.00790527 -0.03932138
v 0.12964060 0.01187988 -0.06418466
v 0.13385941 0.01187988 -0.06783700
v 0.13510941 0.01088379 -0.06645028
v 0.13510941 0.01088379 -0.06645028
v 0.13620310 0.00953613 -0.06521981
v 0.13073441 0.01088379 -0.06271981
v 0.13073441 0.01088379 -0.06271981
v 0.13620310 0.00953613 -0.06521981
v 0.13182810 0.00953613 -0.06143075
v 0.13073441 0.01088379 -0.06271981
v 0.13182810 0.00953613 -0.06143075
v 0.12620311 0.01088379 -0.05926278
v 0.12620311 0.01088379 -0.05926278
v 0.13182810 0.00953613 -0.06143075
v 0.12714061 0.00953613 -0.05793466
v 0.12620311 0.01088379 -0.05926278
v 0.12714061 0.00953613 -0.05793466
v 0.12135940 0.01088379 -0.05609872
v 0.12135940 0.01088379 -0.05609872
v 0.12714061 0.00953613 -0.05793466
v 0.12229690 0.00953613 -0.05471200
v 0.12135940 0.01088379 -0.05609872
v 0.12229690 0.00953613 -0.05471200
v 0.11635940 0.01088379 -0.05324716
v 0.11635940 0.01088379 -0.05324716
v 0.12229690 0.00953613 -0.05471200
v 0.11714061 0.00953613 -0.05180184
v 0.11635940 0.01088379 -0.05324716
v 0.11714061 0.00953613 -0.05180184
v 0.11120311 0.01088379 -0.05068856
v 0.11120311 0.01088379 -0.05068856
v 0.11714061 0.00953613 -0.05180184
v 0.11182811 0.00953613 -0.04920419
v 0.11120311 0.01088379 -0.05068856
v 0.11182811 0.00953613 -0.04920419
v 0.10589061 0.01088379 -0.04846200
v 0.10589061 0.01088379 -0.04846200
v 0.11182811 0.00953613 -0.04920419
v 0.10651561 0.00953613 -0.04691903
v 0.10589061 0.01088379 -0.04846200
v 0.10651561 0.00953613 -0.04691903
v 0.10042190 0.01088379 -0.04654794
v 0.10104690 0.00953613 -0.04498544
v 0.10042190 0.01088379 -0.04654794
v 0.10104690 0.00953613 -0.04498544
v 0.09495314 0.01088379 -0.04496591
v 0.09495314 0.01088379 -0.04496591
v 0.10104690 0.00953613 -0.04498544
v 0.09542189 0.00953613 -0.04338388
v 0.09495314 0.01088379 -0.04496591
v 0.09542189 0.00953613 -0.04338388
v 0.08932814 0.01088379 -0.04373544
v 0.08932814 0.01088379 -0.04373544
v 0.09542189 0.00953613 -0.04338388
v 0.08964064 0.00953613 -0.04213388
v 0.08932814 0.01088379 -0.04373544
v 0.08964064 0.00953613 -0.04213388
v 0.08370314 0.01088379 -0.04283700
v 0.08385939 0.00953613 -0.04121591
v 0.08370314 0.01088379 -0.04283700
v 0.08385939 0.00953613 -0.04121591
v 0.07792189 0.01088379 -0.04230966
v 0.07807814 0.00953613 -0.04066903
v 0.12510940 -0.00809082 -0.06080575
v 0.12964060 -0.00809082 -0.06418466
v 0.12839060 -0.00870606 -0.06576670
v 0.12839060 -0.00870606 -0.06576670
v 0.12698440 -0.00891113 -0.06740731
v 0.12385940 -0.00870606 -0.06246591
v 0.12385940 -0.00870606 -0.06246591
v 0.12698440 -0.00891113 -0.06740731
v 0.12276561 -0.00891113 -0.06418466
v 0.11932811 -0.00870606 -0.05941903
v 0.11932811 -0.00870606 -0.05941903
v 0.12276561 -0.00891113 -0.06418466
v 0.11823440 -0.00891113 -0.06121591
v 0.11448440 -0.00870606 -0.05668466
v 0.11448440 -0.00870606 -0.05668466
v 0.11823440 -0.00891113 -0.06121591
v 0.11354690 -0.00891113 -0.05854013
v 0.11448440 -0.00870606 -0.05668466
v 0.11354690 -0.00891113 -0.05854013
v 0.10964061 -0.00870606 -0.05422372
v 0.10870311 -0.00891113 -0.05615731
v 0.10448440 -0.00870606 -0.05209481
v 0.10370311 -0.00891113 -0.05404794
v 0.10448440 -0.00870606 -0.05209481
v 0.10370311 -0.00891113 -0.05404794
v 0.09932814 -0.00870606 -0.05025888
v 0.09870314 -0.00891113 -0.05227059
v 0.09401564 -0.00870606 -0.04875497
v 0.09354689 -0.00891113 -0.05078622
v 0.09401564 -0.00870606 -0.04875497
v 0.09354689 -0.00891113 -0.05078622
v 0.08854689 -0.00870606 -0.04756356
v 0.08823439 -0.00891113 -0.04963388
v 0.08307814 -0.00870606 -0.04670419
v 0.08292189 -0.00891113 -0.04879403
v 0.08307814 -0.00870606 -0.04670419
v 0.08292189 -0.00891113 -0.04879403
v 0.13073441 0.01088379 -0.06271981
v 0.12964060 0.01187988 -0.06418466
v 0.13073441 0.01088379 -0.06271981
v 0.12510940 0.01187988 -0.06080575
v 0.12964060 0.01187988 -0.06418466
v 0.12510940 0.01187988 -0.06080575
v 0.12385940 0.01249512 -0.06246591
v 0.12385940 0.01249512 -0.06246591
v 0.12510940 0.01187988 -0.06080575
v 0.11932811 0.01249512 -0.05941903
v 0.12385940 0.01249512 -0.06246591
v 0.11932811 0.01249512 -0.05941903
v 0.11823440 0.01270020 -0.06121591
v 0.11354690 0.01270020 -0.05854013
v 0.11823440 0.01270020 -0.06121591
v 0.11354690 0.01270020 -0.05854013
v 0.11260940 0.01249512 -0.06039559
v 0.11260940 0.01249512 -0.06039559
v 0.11354690 0.01270020 -0.05854013
v 0.10776561 0.01249512 -0.05807138
v 0.11260940 0.01249512 -0.06039559
v 0.10776561 0.01249512 -0.05807138
v 0.10698440 0.01187988 -0.05990731
v 0.10698440 0.01187988 -0.05990731
v 0.10776561 0.01249512 -0.05807138
v 0.10229690 0.01187988 -0.05791513
v 0.10698440 0.01187988 -0.05990731
v 0.10229690 0.01187988 -0.05791513
v 0.10151561 0.01088379 -0.05965341
v 0.10151561 0.01088379 -0.05965341
v 0.10229690 0.01187988 -0.05791513
v 0.09682814 0.01088379 -0.05799325
v 0.12510940 0.01187988 -0.06080575
v 0.13073441 0.01088379 -0.06271981
v 0.12620311 0.01088379 -0.05926278
v 0.12276561 0.01270020 -0.06418466
v 0.12698440 0.01270020 -0.06740731
v 0.12839060 0.01249512 -0.06576670
v 0.12276561 0.01270020 -0.06418466
v 0.12839060 0.01249512 -0.06576670
v 0.12385940 0.01249512 -0.06246591
v 0.12385940 0.01249512 -0.06246591
v 0.12839060 0.01249512 -0.06576670
v 0.12964060 0.01187988 -0.06418466
v 0.11823440 -0.00891113 -0.06121591
v 0.12151561 -0.00870606 -0.06590341
v 0.12042190 -0.00809082 -0.06756356
v 0.11714061 -0.00870606 -0.06301278
v 0.11714061 -0.00870606 -0.06301278
v 0.12042190 -0.00809082 -0.06756356
v 0.11604690 -0.00809082 -0.06475106
v 0.11714061 -0.00870606 -0.06301278
v 0.11604690 -0.00809082 -0.06475106
v 0.11260940 -0.00870606 -0.06039559
v 0.11260940 -0.00870606 -0.06039559
v 0.11604690 -0.00809082 -0.06475106
v 0.11167190 -0.00809082 -0.06219247
v 0.11260940 -0.00870606 -0.06039559
v 0.11167190 -0.00809082 -0.06219247
v 0.10776561 -0.00870606 -0.05807138
v 0.10776561 -0.00870606 -0.05807138
v 0.11167190 -0.00809082 -0.06219247
v 0.10698440 -0.00809082 -0.05990731
v 0.10776561 -0.00870606 -0.05807138
v 0.10698440 -0.00809082 -0.05990731
v 0.10292190 -0.00870606 -0.05602059
v 0.10292190 -0.00870606 -0.05602059
v 0.10698440 -0.00809082 -0.05990731
v 0.10229690 -0.00809082 -0.05791513
v 0.10292190 -0.00870606 -0.05602059
v 0.10229690 -0.00809082 -0.05791513
v 0.09807814 -0.00870606 -0.05428231
v 0.09807814 -0.00870606 -0.05428231
v 0.10229690 -0.00809082 -0.05791513
v 0.09745314 -0.00809082 -0.05621591
v 0.09807814 -0.00870606 -0.05428231
v 0.09745314 -0.00809082 -0.05621591
v 0.09292189 -0.00870606 -0.05283700
v 0.09245314 -0.00809082 -0.05480966
v 0.09292189 -0.00870606 -0.05283700
v 0.09245314 -0.00809082 -0.05480966
v 0.08776564 -0.00870606 -0.05170419
v 0.08776564 -0.00870606 -0.05170419
v 0.09245314 -0.00809082 -0.05480966
v 0.08745314 -0.00809082 -0.05369638
v 0.08776564 -0.00870606 -0.05170419
v 0.08745314 -0.00809082 -0.05369638
v 0.08260939 -0.00870606 -0.05088388
v 0.08245314 -0.00809082 -0.05289559
v 0.08260939 -0.00870606 -0.05088388
v 0.08245314 -0.00809082 -0.05289559
v 0.07745314 -0.00870606 -0.05039559
v 0.07729689 -0.00809082 -0.05242684
v 0.12042190 -0.00809082 -0.05770028
v 0.12510940 -0.00809082 -0.06080575
v 0.12385940 -0.00870606 -0.06246591
v 0.12385940 -0.00870606 -0.06246591
v 0.11932811 -0.00870606 -0.05941903
v 0.12510940 0.01187988 -0.06080575
v 0.12620311 0.01088379 -0.05926278
v 0.12042190 0.01187988 -0.05770028
v 0.12042190 0.01187988 -0.05770028
v 0.12620311 0.01088379 -0.05926278
v 0.12135940 0.01088379 -0.05609872
v 0.12042190 0.01187988 -0.05770028
v 0.12135940 0.01088379 -0.05609872
v 0.11542190 0.01187988 -0.05488778
v 0.11635940 0.01088379 -0.05324716
v 0.11542190 0.01187988 -0.05488778
v 0.11635940 0.01088379 -0.05324716
v 0.11042190 0.01187988 -0.05238778
v 0.11120311 0.01088379 -0.05068856
v 0.11042190 0.01187988 -0.05238778
v 0.11120311 0.01088379 -0.05068856
v 0.10526561 0.01187988 -0.05020028
v 0.10526561 0.01187988 -0.05020028
v 0.11120311 0.01088379 -0.05068856
v 0.10589061 0.01088379 -0.04846200
v 0.10526561 0.01187988 -0.05020028
v 0.10589061 0.01088379 -0.04846200
v 0.09995314 0.01187988 -0.04832528
v 0.10042190 0.01088379 -0.04654794
v 0.09995314 0.01187988 -0.04832528
v 0.10042190 0.01088379 -0.04654794
v 0.09448439 0.01187988 -0.04678231
v 0.09448439 0.01187988 -0.04678231
v 0.10042190 0.01088379 -0.04654794
v 0.09495314 0.01088379 -0.04496591
v 0.09448439 0.01187988 -0.04678231
v 0.09495314 0.01088379 -0.04496591
v 0.08901564 0.01187988 -0.04557138
v 0.08932814 0.01088379 -0.04373544
v 0.08901564 0.01187988 -0.04557138
v 0.08932814 0.01088379 -0.04373544
v 0.08339064 0.01187988 -0.04469247
v 0.08339064 0.01187988 -0.04469247
v 0.08932814 0.01088379 -0.04373544
v 0.08370314 0.01088379 -0.04283700
v 0.08339064 0.01187988 -0.04469247
v 0.08370314 0.01088379 -0.04283700
v 0.07776564 0.01187988 -0.04416513
v 0.07792189 0.01088379 -0.04230966
v 0.11823440 0.01270020 -0.06121591
v 0.11823440 0.01270020 -0.06121591
v 0.12276561 0.01270020 -0.06418466
v 0.12385940 0.01249512 -0.06246591
v 0.11604690 0.01187988 -0.06475106
v 0.12042190 0.01187988 -0.06756356
v 0.12151561 0.01249512 -0.06590341
v 0.11167190 -0.00809082 -0.06219247
v 0.11604690 -0.00809082 -0.06475106
v 0.11510940 -0.00708496 -0.06633309
v 0.11510940 -0.00708496 -0.06633309
v 0.11417190 -0.00574707 -0.06773934
v 0.11073440 -0.00708496 -0.06383309
v 0.11073440 -0.00708496 -0.06383309
v 0.11417190 -0.00574707 -0.06773934
v 0.10995311 -0.00574707 -0.06527841
v 0.11073440 -0.00708496 -0.06383309
v 0.10995311 -0.00574707 -0.06527841
v 0.10620311 -0.00708496 -0.06160653
v 0.10620311 -0.00708496 -0.06160653
v 0.10995311 -0.00574707 -0.06527841
v 0.10557811 -0.00574707 -0.06309091
v 0.10620311 -0.00708496 -0.06160653
v 0.10557811 -0.00574707 -0.06309091
v 0.10151561 -0.00708496 -0.05965341
v 0.10151561 -0.00708496 -0.05965341
v 0.10557811 -0.00574707 -0.06309091
v 0.10104690 -0.00574707 -0.06117684
v 0.10151561 -0.00708496 -0.05965341
v 0.10104690 -0.00574707 -0.06117684
v 0.09682814 -0.00708496 -0.05799325
v 0.09682814 -0.00708496 -0.05799325
v 0.10104690 -0.00574707 -0.06117684
v 0.09635939 -0.00574707 -0.05955575
v 0.09682814 -0.00708496 -0.05799325
v 0.09635939 -0.00574707 -0.05955575
v 0.09198439 -0.00708496 -0.05660653
v 0.09198439 -0.00708496 -0.05660653
v 0.09635939 -0.00574707 -0.05955575
v 0.09167189 -0.00574707 -0.05820809
v 0.09198439 -0.00708496 -0.05660653
v 0.09167189 -0.00574707 -0.05820809
v 0.08714064 -0.00708496 -0.05553231
v 0.08714064 -0.00708496 -0.05553231
v 0.09167189 -0.00574707 -0.05820809
v 0.08682814 -0.00574707 -0.05715341
v 0.08714064 -0.00708496 -0.05553231
v 0.08682814 -0.00574707 -0.05715341
v 0.08214064 -0.00708496 -0.05475106
v 0.08198439 -0.00574707 -0.05639169
v 0.08214064 -0.00708496 -0.05475106
v 0.08198439 -0.00574707 -0.05639169
v 0.07714064 -0.00708496 -0.05428231
v 0.07698439 -0.00574707 -0.05592294
v 0.11354690 -0.00891113 -0.05854013
v 0.11714061 -0.00870606 -0.06301278
v 0.11354690 -0.00891113 -0.05854013
v 0.11714061 -0.00870606 -0.06301278
v 0.11260940 -0.00870606 -0.06039559
v 0.11542190 -0.00809082 -0.05488778
v 0.12042190 -0.00809082 -0.05770028
v 0.11932811 -0.00870606 -0.05941903
v 0.11448440 -0.00870606 -0.05668466
v 0.12042190 0.01187988 -0.05770028
v 0.11932811 0.01249512 -0.05941903
v 0.12042190 0.01187988 -0.05770028
v 0.11448440 0.01249512 -0.05668466
v 0.11932811 0.01249512 -0.05941903
v 0.11448440 0.01249512 -0.05668466
v 0.11354690 0.01270020 -0.05854013
v 0.11354690 0.01270020 -0.05854013
v 0.11448440 0.01249512 -0.05668466
v 0.10870311 0.01270020 -0.05615731
v 0.10870311 0.01270020 -0.05615731
v 0.10292190 0.01249512 -0.05602059
v 0.10292190 0.01249512 -0.05602059
v 0.10229690 0.01187988 -0.05791513
v 0.10292190 0.01249512 -0.05602059
v 0.09745314 0.01187988 -0.05621591
v 0.10229690 0.01187988 -0.05791513
v 0.09745314 0.01187988 -0.05621591
v 0.09682814 0.01088379 -0.05799325
v 0.09682814 0.01088379 -0.05799325
v 0.09745314 0.01187988 -0.05621591
v 0.09198439 0.01088379 -0.05660653
v 0.11542190 0.01187988 -0.05488778
v 0.11167190 0.01187988 -0.06219247
v 0.11714061 0.01249512 -0.06301278
v 0.11260940 0.01249512 -0.06039559
v 0.11260940 0.01249512 -0.06039559
v 0.10698440 -0.00809082 -0.05990731
v 0.11167190 -0.00809082 -0.06219247
v 0.11073440 -0.00708496 -0.06383309
v 0.11073440 -0.00708496 -0.06383309
v 0.11167190 -0.00809082 -0.06219247
v 0.11510940 -0.00708496 -0.06633309
v 0.10698440 -0.00809082 -0.05990731
v 0.11073440 -0.00708496 -0.06383309
v 0.10620311 -0.00708496 -0.06160653
v 0.10870311 -0.00891113 -0.05615731
v 0.11354690 -0.00891113 -0.05854013
v 0.11260940 -0.00870606 -0.06039559
v 0.10776561 -0.00870606 -0.05807138
v 0.11042190 -0.00809082 -0.05238778
v 0.11542190 -0.00809082 -0.05488778
v 0.11448440 -0.00870606 -0.05668466
v 0.10964061 -0.00870606 -0.05422372
v 0.11448440 0.01249512 -0.05668466
v 0.11542190 0.01187988 -0.05488778
v 0.10964061 0.01249512 -0.05422372
v 0.11042190 0.01187988 -0.05238778
v 0.10964061 0.01249512 -0.05422372
v 0.11042190 0.01187988 -0.05238778
v 0.10448440 0.01249512 -0.05209481
v 0.10448440 0.01249512 -0.05209481
v 0.11042190 0.01187988 -0.05238778
v 0.10526561 0.01187988 -0.05020028
v 0.10448440 0.01249512 -0.05209481
v 0.10526561 0.01187988 -0.05020028
v 0.09932814 0.01249512 -0.05025888
v 0.09995314 0.01187988 -0.04832528
v 0.09932814 0.01249512 -0.05025888
v 0.09995314 0.01187988 -0.04832528
v 0.09401564 0.01249512 -0.04875497
v 0.09448439 0.01187988 -0.04678231
v 0.09401564 0.01249512 -0.04875497
v 0.09448439 0.01187988 -0.04678231
v 0.08854689 0.01249512 -0.04756356
v 0.08901564 0.01187988 -0.04557138
v 0.08854689 0.01249512 -0.04756356
v 0.08901564 0.01187988 -0.04557138
v 0.08307814 0.01249512 -0.04670419
v 0.08339064 0.01187988 -0.04469247
v 0.08307814 0.01249512 -0.04670419
v 0.08339064 0.01187988 -0.04469247
v 0.07760939 0.01249512 -0.04619638
v 0.07776564 0.01187988 -0.04416513
v 0.10698440 0.01187988 -0.05990731
v 0.10698440 0.01187988 -0.05990731
v 0.11167190 0.01187988 -0.06219247
v 0.11260940 0.01249512 -0.06039559
v 0.08182814 0.00790527 -0.05771981
v 0.07698439 0.00790527 -0.05725106
v 0.07682814 0.00603027 -0.05824716
v 0.07682814 0.00603027 -0.05824716
v 0.07682814 0.00400879 -0.05887216
v 0.08167189 0.00603027 -0.05871591
v 0.08151564 0.00400879 -0.05932138
v 0.08167189 0.00603027 -0.05871591
v 0.07729689 0.01187988 -0.05242684
v 0.07714064 0.01088379 -0.05428231
v 0.08245314 0.01187988 -0.05289559
v 0.08214064 0.01088379 -0.05475106
v 0.08245314 0.01187988 -0.05289559
v 0.08214064 0.01088379 -0.05475106
v 0.08745314 0.01187988 -0.05369638
v 0.08745314 0.01187988 -0.05369638
v 0.08214064 0.01088379 -0.05475106
v 0.08714064 0.01088379 -0.05553231
v 0.08745314 0.01187988 -0.05369638
v 0.08714064 0.01088379 -0.05553231
v 0.09245314 0.01187988 -0.05480966
v 0.09198439 0.01088379 -0.05660653
v 0.09245314 0.01187988 -0.05480966
v 0.09198439 0.01088379 -0.05660653
v 0.09745314 0.01187988 -0.05621591
v 0.07745314 0.01249512 -0.05039559
v 0.07729689 0.01187988 -0.05242684
v 0.08260939 0.01249512 -0.05088388
v 0.08245314 0.01187988 -0.05289559
v 0.08260939 0.01249512 -0.05088388
v 0.08245314 0.01187988 -0.05289559
v 0.08776564 0.01249512 -0.05170419
v 0.08745314 0.01187988 -0.05369638
v 0.08776564 0.01249512 -0.05170419
v 0.08745314 0.01187988 -0.05369638
v 0.09292189 0.01249512 -0.05283700
v 0.09292189 0.01249512 -0.05283700
v 0.08745314 0.01187988 -0.05369638
v 0.09245314 0.01187988 -0.05480966
v 0.09292189 0.01249512 -0.05283700
v 0.09245314 0.01187988 -0.05480966
v 0.09807814 0.01249512 -0.05428231
v 0.09745314 0.01187988 -0.05621591
v 0.09807814 0.01249512 -0.05428231
v 0.09745314 0.01187988 -0.05621591
v 0.10292190 0.01249512 -0.05602059
v 0.08307814 0.01249512 -0.04670419
v 0.07745314 0.01270020 -0.04828622
v 0.07745314 0.01249512 -0.05039559
v 0.08292189 0.01270020 -0.04879403
v 0.08260939 0.01249512 -0.05088388
v 0.08292189 0.01270020 -0.04879403
v 0.08260939 0.01249512 -0.05088388
v 0.08823439 0.01270020 -0.04963388
v 0.08776564 0.01249512 -0.05170419
v 0.08823439 0.01270020 -0.04963388
v 0.08776564 0.01249512 -0.05170419
v 0.09354689 0.01270020 -0.05078622
v 0.09292189 0.01249512 -0.05283700
v 0.09354689 0.01270020 -0.05078622
v 0.09292189 0.01249512 -0.05283700
v 0.09870314 0.01270020 -0.05227059
v 0.09807814 0.01249512 -0.05428231
v 0.10370311 0.01270020 -0.05404794
v 0.10292190 0.01249512 -0.05602059
v 0.10370311 0.01270020 -0.05404794
v 0.08307814 -0.00870606 -0.04670419
v 0.07760939 -0.00870606 -0.04619638
v 0.07776564 -0.00809082 -0.04416513
v 0.08339064 -0.00809082 -0.04469247
v 0.08260939 -0.00870606 -0.05088388
v 0.07745314 -0.00870606 -0.05039559
v 0.07745314 -0.00891113 -0.04828622
v 0.08292189 -0.00891113 -0.04879403
v 0.08214064 -0.00708496 -0.05475106
v 0.07714064 -0.00708496 -0.05428231
v 0.07729689 -0.00809082 -0.05242684
v 0.08245314 -0.00809082 -0.05289559
v 0.08651564 0.00790527 -0.05846200
v 0.08182814 0.00790527 -0.05771981
v 0.08167189 0.00603027 -0.05871591
v 0.08167189 0.00603027 -0.05871591
v 0.08651564 0.00790527 -0.05846200
v 0.08167189 0.00603027 -0.05871591
v 0.08635939 0.00603027 -0.05943856
v 0.08854689 0.01249512 -0.04756356
v 0.08307814 0.01249512 -0.04670419
v 0.08292189 0.01270020 -0.04879403
v 0.08292189 0.01270020 -0.04879403
v 0.08823439 0.01270020 -0.04963388
v 0.08854689 -0.00870606 -0.04756356
v 0.08307814 -0.00870606 -0.04670419
v 0.08339064 -0.00809082 -0.04469247
v 0.08901564 -0.00809082 -0.04557138
v 0.08776564 -0.00870606 -0.05170419
v 0.08260939 -0.00870606 -0.05088388
v 0.08292189 -0.00891113 -0.04879403
v 0.08823439 -0.00891113 -0.04963388
v 0.08714064 -0.00708496 -0.05553231
v 0.08214064 -0.00708496 -0.05475106
v 0.08245314 -0.00809082 -0.05289559
v 0.08714064 -0.00708496 -0.05553231
v 0.08245314 -0.00809082 -0.05289559
v 0.08745314 -0.00809082 -0.05369638
v 0.09135939 0.00790527 -0.05949716
v 0.08651564 0.00790527 -0.05846200
v 0.08635939 0.00603027 -0.05943856
v 0.09401564 0.01249512 -0.04875497
v 0.09354689 0.01270020 -0.05078622
v 0.09401564 -0.00870606 -0.04875497
v 0.08854689 -0.00870606 -0.04756356
v 0.08901564 -0.00809082 -0.04557138
v 0.09448439 -0.00809082 -0.04678231
v 0.09292189 -0.00870606 -0.05283700
v 0.08776564 -0.00870606 -0.05170419
v 0.08823439 -0.00891113 -0.04963388
v 0.09354689 -0.00891113 -0.05078622
v 0.09198439 -0.00708496 -0.05660653
v 0.08714064 -0.00708496 -0.05553231
v 0.08745314 -0.00809082 -0.05369638
v 0.09198439 -0.00708496 -0.05660653
v 0.08745314 -0.00809082 -0.05369638
v 0.09245314 -0.00809082 -0.05480966
v 0.09932814 0.01249512 -0.05025888
v 0.09401564 0.01249512 -0.04875497
v 0.09354689 0.01270020 -0.05078622
v 0.09870314 0.01270020 -0.05227059
v 0.09932814 -0.00870606 -0.05025888
v 0.09401564 -0.00870606 -0.04875497
v 0.09448439 -0.00809082 -0.04678231
v 0.09995314 -0.00809082 -0.04832528
v 0.09807814 -0.00870606 -0.05428231
v 0.09292189 -0.00870606 -0.05283700
v 0.09354689 -0.00891113 -0.05078622
v 0.09870314 -0.00891113 -0.05227059
v 0.09682814 -0.00708496 -0.05799325
v 0.09198439 -0.00708496 -0.05660653
v 0.09245314 -0.00809082 -0.05480966
v 0.09682814 -0.00708496 -0.05799325
v 0.09245314 -0.00809082 -0.05480966
v 0.09745314 -0.00809082 -0.05621591
v 0.10448440 0.01249512 -0.05209481
v 0.10370311 0.01270020 -0.05404794
v 0.10448440 -0.00870606 -0.05209481
v 0.09932814 -0.00870606 -0.05025888
v 0.09995314 -0.00809082 -0.04832528
v 0.10526561 -0.00809082 -0.05020028
v 0.10292190 -0.00870606 -0.05602059
v 0.10370311 -0.00891113 -0.05404794
v 0.10151561 -0.00708496 -0.05965341
v 0.09682814 -0.00708496 -0.05799325
v 0.09745314 -0.00809082 -0.05621591
v 0.10151561 -0.00708496 -0.05965341
v 0.09745314 -0.00809082 -0.05621591
v 0.10229690 -0.00809082 -0.05791513
v 0.10010940 -0.00224121 -0.06336434
v 0.09589064 -0.00410645 -0.06082528
v 0.10057811 -0.00410645 -0.06244638
v 0.10698440 0.01187988 -0.05990731
v 0.10151561 0.01088379 -0.05965341
v 0.10620311 0.01088379 -0.06160653
v 0.10964061 0.01249512 -0.05422372
v 0.10448440 0.01249512 -0.05209481
v 0.10370311 0.01270020 -0.05404794
v 0.10964061 -0.00870606 -0.05422372
v 0.10448440 -0.00870606 -0.05209481
v 0.10526561 -0.00809082 -0.05020028
v 0.10964061 -0.00870606 -0.05422372
v 0.10526561 -0.00809082 -0.05020028
v 0.11042190 -0.00809082 -0.05238778
v 0.10292190 -0.00870606 -0.05602059
v 0.10370311 -0.00891113 -0.05404794
v 0.10620311 -0.00708496 -0.06160653
v 0.10151561 -0.00708496 -0.05965341
v 0.10229690 -0.00809082 -0.05791513
v 0.10620311 -0.00708496 -0.06160653
v 0.10229690 -0.00809082 -0.05791513
v 0.10698440 -0.00809082 -0.05990731
v 0.10495311 -0.00410645 -0.06432138
v 0.10448440 -0.00224121 -0.06521981
v 0.10057811 -0.00410645 -0.06244638
v 0.10057811 -0.00410645 -0.06244638
v 0.10448440 -0.00224121 -0.06521981
v 0.10010940 -0.00224121 -0.06336434
v 0.10448440 -0.00224121 -0.06521981
v 0.10432811 -0.00020996 -0.06578622
v 0.10010940 -0.00224121 -0.06336434
v 0.11448440 0.01249512 -0.05668466
v 0.10964061 0.01249512 -0.05422372
v 0.10870311 0.01270020 -0.05615731
v 0.12651561 0.05319824 0.05849112
v 0.12792190 0.05139160 0.05849112
v 0.13745310 0.05319824 0.05849112
v 0.12901560 0.04943848 0.05849112
v 0.12995310 0.04736816 0.05849112
v 0.13057810 0.04520019 0.05849112
v 0.13745310 0.04520019 0.05849112
v 0.13760941 0.04520019 -0.05850106
v 0.13760941 0.05319824 -0.05850106
v 0.14198441 0.04520019 -0.05590341
v 0.14198441 0.05319824 -0.05590341
v 0.14198441 0.04520019 -0.05590341
v 0.14198441 0.05319824 -0.05590341
v 0.14620310 0.05319824 -0.05297372
v 0.14620310 0.04520019 -0.05297372
v 0.14620310 0.04520019 -0.05297372
v 0.14620310 0.05319824 -0.05297372
v 0.15010941 0.05319824 -0.04973153
v 0.15010941 0.04520019 -0.04973153
v 0.15010941 0.04520019 -0.04973153
v 0.15010941 0.05319824 -0.04973153
v 0.15370310 0.05319824 -0.04617684
v 0.15370310 0.04520019 -0.04617684
v 0.15370310 0.04520019 -0.04617684
v 0.15370310 0.05319824 -0.04617684
v 0.15714060 0.05319824 -0.04236825
v 0.15714060 0.04520019 -0.04236825
v 0.15714060 0.04520019 -0.04236825
v 0.15714060 0.05319824 -0.04236825
v 0.16026560 0.05319824 -0.03832528
v 0.16026560 0.04520019 -0.03832528
v 0.16026560 0.04520019 -0.03832528
v 0.16026560 0.05319824 -0.03832528
v 0.16307810 0.05319824 -0.03402841
v 0.16307810 0.04520019 -0.03402841
v 0.16307810 0.04520019 -0.03402841
v 0.16307810 0.05319824 -0.03402841
v 0.16542191 0.05319824 -0.02953622
v 0.16542191 0.04520019 -0.02953622
v 0.16542191 0.04520019 -0.02953622
v 0.16542191 0.05319824 -0.02953622
v 0.16760941 0.05319824 -0.02488778
v 0.16760941 0.04520019 -0.02488778
v 0.16760941 0.04520019 -0.02488778
v 0.16760941 0.05319824 -0.02488778
v 0.16932810 0.05319824 -0.02008309
v 0.16932810 0.04520019 -0.02008309
v 0.16932810 0.04520019 -0.02008309
v 0.16932810 0.05319824 -0.02008309
v 0.17057810 0.05319824 -0.01516122
v 0.17057810 0.04520019 -0.01516122
v 0.17057810 0.04520019 -0.01516122
v 0.17057810 0.05319824 -0.01516122
v 0.17167191 0.05319824 -0.01014169
v 0.17167191 0.04520019 -0.01014169
v 0.17167191 0.04520019 -0.01014169
v 0.17167191 0.05319824 -0.01014169
v 0.17214060 0.05319824 -0.00506356
v 0.17214060 0.04520019 -0.00506356
v 0.17214060 0.04520019 -0.00506356
v 0.17214060 0.05319824 -0.00506356
v 0.17229691 0.05319824 0.00003409
v 0.17229691 0.04520019 0.00003409
v 0.17229691 0.04520019 0.00003409
v 0.17229691 0.05319824 0.00003409
v 0.17214060 0.05319824 0.00513175
v 0.17214060 0.04520019 0.00513175
v 0.17214060 0.04520019 0.00513175
v 0.17214060 0.05319824 0.00513175
v 0.17151560 0.05319824 0.01020987
v 0.17151560 0.04520019 0.01020987
v 0.17151560 0.04520019 0.01020987
v 0.17151560 0.05319824 0.01020987
v 0.17057810 0.05319824 0.01520987
v 0.17057810 0.04520019 0.01520987
v 0.17057810 0.04520019 0.01520987
v 0.17057810 0.05319824 0.01520987
v 0.16917191 0.05319824 0.02013175
v 0.16917191 0.04520019 0.02013175
v 0.16917191 0.04520019 0.02013175
v 0.16917191 0.05319824 0.02013175
v 0.16745310 0.05319824 0.02493644
v 0.16745310 0.04520019 0.02493644
v 0.16745310 0.04520019 0.02493644
v 0.16745310 0.05319824 0.02493644
v 0.16542191 0.05319824 0.02960441
v 0.16542191 0.04520019 0.02960441
v 0.16542191 0.04520019 0.02960441
v 0.16542191 0.05319824 0.02960441
v 0.16292191 0.05319824 0.03407706
v 0.16292191 0.04520019 0.03407706
v 0.16292191 0.04520019 0.03407706
v 0.16292191 0.05319824 0.03407706
v 0.16010941 0.05319824 0.03835440
v 0.16010941 0.04520019 0.03835440
v 0.16010941 0.04520019 0.03835440
v 0.16010941 0.05319824 0.03835440
v 0.15714060 0.05319824 0.04241690
v 0.15714060 0.04520019 0.04241690
v 0.15714060 0.04520019 0.04241690
v 0.15714060 0.05319824 0.04241690
v 0.15370310 0.05319824 0.04620597
v 0.15370310 0.04520019 0.04620597
v 0.15370310 0.04520019 0.04620597
v 0.15370310 0.05319824 0.04620597
v 0.14995310 0.05319824 0.04974112
v 0.14995310 0.04520019 0.04974112
v 0.14995310 0.04520019 0.04974112
v 0.14995310 0.05319824 0.04974112
v 0.14604691 0.05319824 0.05298331
v 0.14604691 0.04520019 0.05298331
v 0.14604691 0.04520019 0.05298331
v 0.14604691 0.05319824 0.05298331
v 0.14182810 0.05319824 0.05589347
v 0.14182810 0.04520019 0.05589347
v 0.14182810 0.04520019 0.05589347
v 0.14182810 0.05319824 0.05589347
v 0.13745310 0.04520019 0.05849112
v 0.13745310 0.05319824 0.05849112
v 0.10948440 0.05062012 -0.05850106
v 0.10948440 0.05319824 -0.05850106
v 0.11151561 0.05092285 -0.05850106
v 0.11339061 0.05084473 -0.05850106
v 0.13760941 0.05319824 -0.05850106
v 0.11542190 0.05037598 -0.05850106
v 0.11714061 0.04953613 -0.05850106
v 0.11870311 0.04836426 -0.05850106
v 0.13760941 0.04520019 -0.05850106
v 0.12010940 0.04689941 -0.05850106
v 0.12104690 0.04520019 -0.05850106
v 0.13057810 0.04520019 0.05849112
v 0.13057810 0.04520019 0.06849113
v 0.13745310 0.04520019 0.05849112
v 0.13979691 0.04520019 0.06849113
v 0.14182810 0.04520019 0.05589347
v 0.14479691 0.04520019 0.06579583
v 0.14604691 0.04520019 0.05298331
v 0.14964060 0.04520019 0.06272940
v 0.14995310 0.04520019 0.04974112
v 0.15417191 0.04520019 0.05933097
v 0.15370310 0.04520019 0.04620597
v 0.15839060 0.04520019 0.05560050
v 0.15714060 0.04520019 0.04241690
v 0.16229691 0.04520019 0.05157706
v 0.16010941 0.04520019 0.03835440
v 0.16604691 0.04520019 0.04726065
v 0.16292191 0.04520019 0.03407706
v 0.16932810 0.04520019 0.04269034
v 0.16542191 0.04520019 0.02960441
v 0.17229691 0.04520019 0.03788565
v 0.16745310 0.04520019 0.02493644
v 0.17495310 0.04520019 0.03286612
v 0.16917191 0.04520019 0.02013175
v 0.17714060 0.04520019 0.02769034
v 0.17057810 0.04520019 0.01520987
v 0.17901560 0.04520019 0.02233878
v 0.17151560 0.04520019 0.01020987
v 0.18042191 0.04520019 0.01687003
v 0.17214060 0.04520019 0.00513175
v 0.18151560 0.04520019 0.01130362
v 0.18214060 0.04520019 0.00569816
v 0.17229691 0.04520019 0.00003409
v 0.18229691 0.04520019 0.00003409
v 0.18214060 0.04520019 -0.00561044
v 0.17214060 0.04520019 -0.00506356
v 0.18151560 0.04520019 -0.01123544
v 0.18057810 0.04520019 -0.01680184
v 0.17167191 0.04520019 -0.01014169
v 0.17901560 0.04520019 -0.02227059
v 0.17057810 0.04520019 -0.01516122
v 0.17729691 0.04520019 -0.02762216
v 0.16932810 0.04520019 -0.02008309
v 0.17495310 0.04520019 -0.03281747
v 0.16760941 0.04520019 -0.02488778
v 0.17245310 0.04520019 -0.03783700
v 0.16542191 0.04520019 -0.02953622
v 0.16948441 0.04520019 -0.04264169
v 0.16307810 0.04520019 -0.03402841
v 0.16604691 0.04520019 -0.04721200
v 0.16026560 0.04520019 -0.03832528
v 0.16245310 0.04520019 -0.05154794
v 0.15714060 0.04520019 -0.04236825
v 0.15854691 0.04520019 -0.05557138
v 0.15370310 0.04520019 -0.04617684
v 0.15417191 0.04520019 -0.05932138
v 0.15010941 0.04520019 -0.04973153
v 0.14964060 0.04520019 -0.06271981
v 0.14620310 0.04520019 -0.05297372
v 0.14495310 0.04520019 -0.06578622
v 0.14198441 0.04520019 -0.05590341
v 0.13995310 0.04520019 -0.06850106
v 0.13760941 0.04520019 -0.05850106
v 0.12104690 0.04520019 -0.06850106
v 0.12104690 0.04520019 -0.05850106
v 0.10948440 0.05062012 -0.06201669
v 0.10948440 0.05148926 -0.06150888
v 0.10948440 0.05062012 -0.05850106
v 0.10948440 0.05234863 -0.06100106
v 0.10948440 0.05319824 -0.05850106
v 0.10948440 0.05319824 -0.06045419
v 0.13073441 0.03720215 0.05849112
v 0.13010941 0.03505371 0.05849112
v 0.13745310 0.03720215 0.05849112
v 0.13745310 0.02920410 0.05849112
v 0.12932810 0.03298340 0.05849112
v 0.12823441 0.03102051 0.05849112
v 0.12698440 0.02920410 0.05849112
v 0.13760941 0.02920410 -0.05850106
v 0.13760941 0.03720215 -0.05850106
v 0.14198441 0.02920410 -0.05590341
v 0.14198441 0.03720215 -0.05590341
v 0.14198441 0.02920410 -0.05590341
v 0.14198441 0.03720215 -0.05590341
v 0.14620310 0.03720215 -0.05297372
v 0.14620310 0.02920410 -0.05297372
v 0.14620310 0.02920410 -0.05297372
v 0.14620310 0.03720215 -0.05297372
v 0.15010941 0.03720215 -0.04973153
v 0.15010941 0.02920410 -0.04973153
v 0.15010941 0.02920410 -0.04973153
v 0.15010941 0.03720215 -0.04973153
v 0.15370310 0.03720215 -0.04617684
v 0.15370310 0.02920410 -0.04617684
v 0.15370310 0.02920410 -0.04617684
v 0.15370310 0.03720215 -0.04617684
v 0.15714060 0.03720215 -0.04236825
v 0.15714060 0.02920410 -0.04236825
v 0.15714060 0.02920410 -0.04236825
v 0.15714060 0.03720215 -0.04236825
v 0.16026560 0.03720215 -0.03832528
v 0.16026560 0.02920410 -0.03832528
v 0.16026560 0.02920410 -0.03832528
v 0.16026560 0.03720215 -0.03832528
v 0.16307810 0.03720215 -0.03402841
v 0.16307810 0.02920410 -0.03402841
v 0.16307810 0.02920410 -0.03402841
v 0.16307810 0.03720215 -0.03402841
v 0.16542191 0.03720215 -0.02953622
v 0.16542191 0.02920410 -0.02953622
v 0.16542191 0.02920410 -0.02953622
v 0.16542191 0.03720215 -0.02953622
v 0.16760941 0.03720215 -0.02488778
v 0.16760941 0.02920410 -0.02488778
v 0.16760941 0.02920410 -0.02488778
v 0.16760941 0.03720215 -0.02488778
v 0.16932810 0.03720215 -0.02008309
v 0.16932810 0.02920410 -0.02008309
v 0.16932810 0.02920410 -0.02008309
v 0.16932810 0.03720215 -0.02008309
v 0.17057810 0.03720215 -0.01516122
v 0.17057810 0.02920410 -0.01516122
v 0.17057810 0.02920410 -0.01516122
v 0.17057810 0.03720215 -0.01516122
v 0.17167191 0.03720215 -0.01014169
v 0.17167191 0.02920410 -0.01014169
v 0.17167191 0.02920410 -0.01014169
v 0.17167191 0.03720215 -0.01014169
v 0.17214060 0.03720215 -0.00506356
v 0.17214060 0.02920410 -0.00506356
v 0.17214060 0.02920410 -0.00506356
v 0.17214060 0.03720215 -0.00506356
v 0.17229691 0.03720215 0.00003409
v 0.17229691 0.02920410 0.00003409
v 0.17229691 0.02920410 0.00003409
v 0.17229691 0.03720215 0.00003409
v 0.17214060 0.03720215 0.00513175
v 0.17214060 0.02920410 0.00513175
v 0.17214060 0.02920410 0.00513175
v 0.17214060 0.03720215 0.00513175
v 0.17151560 0.03720215 0.01020987
v 0.17151560 0.02920410 0.01020987
v 0.17151560 0.02920410 0.01020987
v 0.17151560 0.03720215 0.01020987
v 0.17057810 0.03720215 0.01520987
v 0.17057810 0.02920410 0.01520987
v 0.17057810 0.02920410 0.01520987
v 0.17057810 0.03720215 0.01520987
v 0.16917191 0.03720215 0.02013175
v 0.16917191 0.02920410 0.02013175
v 0.16917191 0.02920410 0.02013175
v 0.16917191 0.03720215 0.02013175
v 0.16745310 0.03720215 0.02493644
v 0.16745310 0.02920410 0.02493644
v 0.16745310 0.02920410 0.02493644
v 0.16745310 0.03720215 0.02493644
v 0.16542191 0.03720215 0.02960441
v 0.16542191 0.02920410 0.02960441
v 0.16542191 0.02920410 0.02960441
v 0.16542191 0.03720215 0.02960441
v 0.16292191 0.03720215 0.03407706
v 0.16292191 0.02920410 0.03407706
v 0.16292191 0.02920410 0.03407706
v 0.16292191 0.03720215 0.03407706
v 0.16010941 0.03720215 0.03835440
v 0.16010941 0.02920410 0.03835440
v 0.16010941 0.02920410 0.03835440
v 0.16010941 0.03720215 0.03835440
v 0.15714060 0.03720215 0.04241690
v 0.15714060 0.02920410 0.04241690
v 0.15714060 0.02920410 0.04241690
v 0.15714060 0.03720215 0.04241690
v 0.15370310 0.03720215 0.04620597
v 0.15370310 0.02920410 0.04620597
v 0.15370310 0.02920410 0.04620597
v 0.15370310 0.03720215 0.04620597
v 0.14995310 0.03720215 0.04974112
v 0.14995310 0.02920410 0.04974112
v 0.14995310 0.02920410 0.04974112
v 0.14995310 0.03720215 0.04974112
v 0.14604691 0.03720215 0.05298331
v 0.14604691 0.02920410 0.05298331
v 0.14604691 0.02920410 0.05298331
v 0.14604691 0.03720215 0.05298331
v 0.14182810 0.03720215 0.05589347
v 0.14182810 0.02920410 0.05589347
v 0.14182810 0.02920410 0.05589347
v 0.14182810 0.03720215 0.05589347
v 0.13745310 0.02920410 0.05849112
v 0.13745310 0.03720215 0.05849112
v 0.12135940 0.03720215 -0.05850106
v 0.13760941 0.03720215 -0.05850106
v 0.12042190 0.03560058 -0.05850106
v 0.11932811 0.03416504 -0.05850106
v 0.13760941 0.02920410 -0.05850106
v 0.11807811 0.03296387 -0.05850106
v 0.11651561 0.03200683 -0.05850106
v 0.11479690 0.03135254 -0.05850106
v 0.10948440 0.02920410 -0.05850106
v 0.11307811 0.03100098 -0.05850106
v 0.11135940 0.03097168 -0.05850106
v 0.10948440 0.03126465 -0.05850106
v 0.13073441 0.03720215 0.05849112
v 0.13745310 0.03720215 0.05849112
v 0.13073441 0.03720215 0.06849113
v 0.13979691 0.03720215 0.06849113
v 0.14182810 0.03720215 0.05589347
v 0.14479691 0.03720215 0.06579583
v 0.14604691 0.03720215 0.05298331
v 0.14964060 0.03720215 0.06272940
v 0.14995310 0.03720215 0.04974112
v 0.15417191 0.03720215 0.05933097
v 0.15370310 0.03720215 0.04620597
v 0.15839060 0.03720215 0.05560050
v 0.15714060 0.03720215 0.04241690
v 0.16229691 0.03720215 0.05157706
v 0.16010941 0.03720215 0.03835440
v 0.16604691 0.03720215 0.04726065
v 0.16292191 0.03720215 0.03407706
v 0.16932810 0.03720215 0.04269034
v 0.16542191 0.03720215 0.02960441
v 0.17229691 0.03720215 0.03788565
v 0.16745310 0.03720215 0.02493644
v 0.17495310 0.03720215 0.03286612
v 0.16917191 0.03720215 0.02013175
v 0.17714060 0.03720215 0.02769034
v 0.17057810 0.03720215 0.01520987
v 0.17901560 0.03720215 0.02233878
v 0.17151560 0.03720215 0.01020987
v 0.18042191 0.03720215 0.01687003
v 0.17214060 0.03720215 0.00513175
v 0.18151560 0.03720215 0.01130362
v 0.18214060 0.03720215 0.00569816
v 0.17229691 0.03720215 0.00003409
v 0.18229691 0.03720215 0.00003409
v 0.18214060 0.03720215 -0.00561044
v 0.17214060 0.03720215 -0.00506356
v 0.18151560 0.03720215 -0.01123544
v 0.18057810 0.03720215 -0.01680184
v 0.17167191 0.03720215 -0.01014169
v 0.17901560 0.03720215 -0.02227059
v 0.17057810 0.03720215 -0.01516122
v 0.17729691 0.03720215 -0.02762216
v 0.16932810 0.03720215 -0.02008309
v 0.17495310 0.03720215 -0.03281747
v 0.16760941 0.03720215 -0.02488778
v 0.17245310 0.03720215 -0.03783700
v 0.16542191 0.03720215 -0.02953622
v 0.16948441 0.03720215 -0.04264169
v 0.16307810 0.03720215 -0.03402841
v 0.16604691 0.03720215 -0.04721200
v 0.16026560 0.03720215 -0.03832528
v 0.16245310 0.03720215 -0.05154794
v 0.15714060 0.03720215 -0.04236825
v 0.15854691 0.03720215 -0.05557138
v 0.15370310 0.03720215 -0.04617684
v 0.15417191 0.03720215 -0.05932138
v 0.15010941 0.03720215 -0.04973153
v 0.14964060 0.03720215 -0.06271981
v 0.14620310 0.03720215 -0.05297372
v 0.14495310 0.03720215 -0.06578622
v 0.14198441 0.03720215 -0.05590341
v 0.13995310 0.03720215 -0.06850106
v 0.13760941 0.03720215 -0.05850106
v 0.12135940 0.03720215 -0.06850106
v 0.12135940 0.03720215 -0.05850106
v 0.10948440 0.02920410 -0.06840342
v 0.10948440 0.02988770 -0.06834481
v 0.10948440 0.02920410 -0.05850106
v 0.10948440 0.03058106 -0.06828622
v 0.10948440 0.03126465 -0.05850106
v 0.10948440 0.03126465 -0.06822763
v 0.12135940 -0.04479980 -0.05850106
v 0.13760941 -0.04479980 -0.05850106
v 0.12042190 -0.04653808 -0.05850106
v 0.11901561 -0.04803223 -0.05850106
v 0.13760941 -0.05279785 -0.05850106
v 0.11729690 -0.04921387 -0.05850106
v 0.11557811 -0.05004394 -0.05850106
v 0.10948440 -0.05279785 -0.05850106
v 0.11354690 -0.05049316 -0.05850106
v 0.11151561 -0.05052246 -0.05850106
v 0.10948440 -0.05015137 -0.05850106
v 0.13760941 -0.05279785 -0.05850106
v 0.13760941 -0.04479980 -0.05850106
v 0.14198441 -0.05279785 -0.05590341
v 0.14198441 -0.04479980 -0.05590341
v 0.14198441 -0.05279785 -0.05590341
v 0.14198441 -0.04479980 -0.05590341
v 0.14620310 -0.04479980 -0.05297372
v 0.14620310 -0.05279785 -0.05297372
v 0.14620310 -0.05279785 -0.05297372
v 0.14620310 -0.04479980 -0.05297372
v 0.15010941 -0.04479980 -0.04973153
v 0.15010941 -0.05279785 -0.04973153
v 0.15010941 -0.05279785 -0.04973153
v 0.15010941 -0.04479980 -0.04973153
v 0.15370310 -0.04479980 -0.04617684
v 0.15370310 -0.05279785 -0.04617684
v 0.15370310 -0.05279785 -0.04617684
v 0.15370310 -0.04479980 -0.04617684
v 0.15714060 -0.04479980 -0.04236825
v 0.15714060 -0.05279785 -0.04236825
v 0.15714060 -0.05279785 -0.04236825
v 0.15714060 -0.04479980 -0.04236825
v 0.16026560 -0.04479980 -0.03832528
v 0.16026560 -0.05279785 -0.03832528
v 0.16026560 -0.05279785 -0.03832528
v 0.16026560 -0.04479980 -0.03832528
v 0.16307810 -0.04479980 -0.03402841
v 0.16307810 -0.05279785 -0.03402841
v 0.16307810 -0.05279785 -0.03402841
v 0.16307810 -0.04479980 -0.03402841
v 0.16542191 -0.04479980 -0.02953622
v 0.16542191 -0.05279785 -0.02953622
v 0.16542191 -0.05279785 -0.02953622
v 0.16542191 -0.04479980 -0.02953622
v 0.16760941 -0.04479980 -0.02488778
v 0.16760941 -0.05279785 -0.02488778
v 0.16760941 -0.05279785 -0.02488778
v 0.16760941 -0.04479980 -0.02488778
v 0.16932810 -0.04479980 -0.02008309
v 0.16932810 -0.05279785 -0.02008309
v 0.16932810 -0.05279785 -0.02008309
v 0.16932810 -0.04479980 -0.02008309
v 0.17057810 -0.04479980 -0.01516122
v 0.17057810 -0.05279785 -0.01516122
v 0.17057810 -0.05279785 -0.01516122
v 0.17057810 -0.04479980 -0.01516122
v 0.17167191 -0.04479980 -0.01014169
v 0.17167191 -0.05279785 -0.01014169
v 0.17167191 -0.05279785 -0.01014169
v 0.17167191 -0.04479980 -0.01014169
v 0.17214060 -0.04479980 -0.00506356
v 0.17214060 -0.05279785 -0.00506356
v 0.17214060 -0.05279785 -0.00506356
v 0.17214060 -0.04479980 -0.00506356
v 0.17229691 -0.04479980 0.00003409
v 0.17229691 -0.05279785 0.00003409
v 0.17229691 -0.05279785 0.00003409
v 0.17229691 -0.04479980 0.00003409
v 0.17214060 -0.04479980 0.00513175
v 0.17214060 -0.05279785 0.00513175
v 0.17214060 -0.05279785 0.00513175
v 0.17214060 -0.04479980 0.00513175
v 0.17151560 -0.04479980 0.01020987
v 0.17151560 -0.05279785 0.01020987
v 0.17151560 -0.05279785 0.01020987
v 0.17151560 -0.04479980 0.01020987
v 0.17057810 -0.04479980 0.01520987
v 0.17057810 -0.05279785 0.01520987
v 0.17057810 -0.05279785 0.01520987
v 0.17057810 -0.04479980 0.01520987
v 0.16917191 -0.04479980 0.02013175
v 0.16917191 -0.05279785 0.02013175
v 0.16917191 -0.05279785 0.02013175
v 0.16917191 -0.04479980 0.02013175
v 0.16745310 -0.04479980 0.02493644
v 0.16745310 -0.05279785 0.02493644
v 0.16745310 -0.05279785 0.02493644
v 0.16745310 -0.04479980 0.02493644
v 0.16542191 -0.04479980 0.02960441
v 0.16542191 -0.05279785 0.02960441
v 0.16542191 -0.05279785 0.02960441
v 0.16542191 -0.04479980 0.02960441
v 0.16292191 -0.04479980 0.03407706
v 0.16292191 -0.05279785 0.03407706
v 0.16292191 -0.05279785 0.03407706
v 0.16292191 -0.04479980 0.03407706
v 0.16010941 -0.04479980 0.03835440
v 0.16010941 -0.05279785 0.03835440
v 0.16010941 -0.05279785 0.03835440
v 0.16010941 -0.04479980 0.03835440
v 0.15714060 -0.04479980 0.04241690
v 0.15714060 -0.05279785 0.04241690
v 0.15714060 -0.05279785 0.04241690
v 0.15714060 -0.04479980 0.04241690
v 0.15370310 -0.04479980 0.04620597
v 0.15370310 -0.05279785 0.04620597
v 0.15370310 -0.05279785 0.04620597
v 0.15370310 -0.04479980 0.04620597
v 0.14995310 -0.04479980 0.04974112
v 0.14995310 -0.05279785 0.04974112
v 0.14995310 -0.05279785 0.04974112
v 0.14995310 -0.04479980 0.04974112
v 0.14604691 -0.04479980 0.05298331
v 0.14604691 -0.05279785 0.05298331
v 0.14604691 -0.05279785 0.05298331
v 0.14604691 -0.04479980 0.05298331
v 0.14182810 -0.04479980 0.05589347
v 0.14182810 -0.05279785 0.05589347
v 0.14182810 -0.05279785 0.05589347
v 0.14182810 -0.04479980 0.05589347
v 0.13745310 -0.05279785 0.05849112
v 0.13745310 -0.04479980 0.05849112
v 0.13089060 -0.04479980 0.05849112
v 0.13026560 -0.04696777 0.05849112
v 0.13745310 -0.04479980 0.05849112
v 0.13745310 -0.05279785 0.05849112
v 0.12932810 -0.04903808 0.05849112
v 0.12823441 -0.05099121 0.05849112
v 0.12682811 -0.05279785 0.05849112
v 0.12135940 -0.04479980 -0.05850106
v 0.12135940 -0.04479980 -0.06850106
v 0.13760941 -0.04479980 -0.05850106
v 0.13995310 -0.04479980 -0.06850106
v 0.14198441 -0.04479980 -0.05590341
v 0.14495310 -0.04479980 -0.06578622
v 0.14620310 -0.04479980 -0.05297372
v 0.14964060 -0.04479980 -0.06271981
v 0.15010941 -0.04479980 -0.04973153
v 0.15417191 -0.04479980 -0.05932138
v 0.15370310 -0.04479980 -0.04617684
v 0.15854691 -0.04479980 -0.05557138
v 0.15714060 -0.04479980 -0.04236825
v 0.16245310 -0.04479980 -0.05154794
v 0.16026560 -0.04479980 -0.03832528
v 0.16604691 -0.04479980 -0.04721200
v 0.16307810 -0.04479980 -0.03402841
v 0.16948441 -0.04479980 -0.04264169
v 0.16542191 -0.04479980 -0.02953622
v 0.17245310 -0.04479980 -0.03783700
v 0.16760941 -0.04479980 -0.02488778
v 0.17495310 -0.04479980 -0.03281747
v 0.16932810 -0.04479980 -0.02008309
v 0.17729691 -0.04479980 -0.02762216
v 0.17057810 -0.04479980 -0.01516122
v 0.17901560 -0.04479980 -0.02227059
v 0.17167191 -0.04479980 -0.01014169
v 0.18057810 -0.04479980 -0.01680184
v 0.17214060 -0.04479980 -0.00506356
v 0.18151560 -0.04479980 -0.01123544
v 0.18214060 -0.04479980 -0.00561044
v 0.17229691 -0.04479980 0.00003409
v 0.18229691 -0.04479980 0.00003409
v 0.18214060 -0.04479980 0.00569816
v 0.17214060 -0.04479980 0.00513175
v 0.18151560 -0.04479980 0.01130362
v 0.18042191 -0.04479980 0.01687003
v 0.17151560 -0.04479980 0.01020987
v 0.17901560 -0.04479980 0.02233878
v 0.17057810 -0.04479980 0.01520987
v 0.17714060 -0.04479980 0.02769034
v 0.16917191 -0.04479980 0.02013175
v 0.17495310 -0.04479980 0.03286612
v 0.16745310 -0.04479980 0.02493644
v 0.17229691 -0.04479980 0.03788565
v 0.16542191 -0.04479980 0.02960441
v 0.16932810 -0.04479980 0.04269034
v 0.16292191 -0.04479980 0.03407706
v 0.16604691 -0.04479980 0.04726065
v 0.16010941 -0.04479980 0.03835440
v 0.16229691 -0.04479980 0.05157706
v 0.15714060 -0.04479980 0.04241690
v 0.15839060 -0.04479980 0.05560050
v 0.15370310 -0.04479980 0.04620597
v 0.15417191 -0.04479980 0.05933097
v 0.14995310 -0.04479980 0.04974112
v 0.14964060 -0.04479980 0.06272940
v 0.14604691 -0.04479980 0.05298331
v 0.14479691 -0.04479980 0.06579583
v 0.14182810 -0.04479980 0.05589347
v 0.13979691 -0.04479980 0.06849113
v 0.13745310 -0.04479980 0.05849112
v 0.13089060 -0.04479980 0.06849113
v 0.13089060 -0.04479980 0.05849112
v 0.10948440 -0.05279785 -0.06070809
v 0.10948440 -0.05192871 -0.06125497
v 0.10948440 -0.05279785 -0.05850106
v 0.10948440 -0.05015137 -0.05850106
v 0.10948440 -0.05104004 -0.06178231
v 0.10948440 -0.05015137 -0.06229013
v 0.10948440 -0.03097168 -0.05850106
v 0.10948440 -0.02880371 -0.05850106
v 0.11135940 -0.03061035 -0.05850106
v 0.11323440 -0.03059082 -0.05850106
v 0.11495311 -0.03091309 -0.05850106
v 0.13760941 -0.02880371 -0.05850106
v 0.11667190 -0.03154785 -0.05850106
v 0.11823440 -0.03249512 -0.05850106
v 0.11964061 -0.03371582 -0.05850106
v 0.13760941 -0.03680176 -0.05850106
v 0.12073440 -0.03517090 -0.05850106
v 0.12167190 -0.03680176 -0.05850106
v 0.13760941 -0.03680176 -0.05850106
v 0.13760941 -0.02880371 -0.05850106
v 0.14198441 -0.03680176 -0.05590341
v 0.14198441 -0.02880371 -0.05590341
v 0.14198441 -0.03680176 -0.05590341
v 0.14198441 -0.02880371 -0.05590341
v 0.14620310 -0.02880371 -0.05297372
v 0.14620310 -0.03680176 -0.05297372
v 0.14620310 -0.03680176 -0.05297372
v 0.14620310 -0.02880371 -0.05297372
v 0.15010941 -0.02880371 -0.04973153
v 0.15010941 -0.03680176 -0.04973153
v 0.15010941 -0.03680176 -0.04973153
v 0.15010941 -0.02880371 -0.04973153
v 0.15370310 -0.02880371 -0.04617684
v 0.15370310 -0.03680176 -0.04617684
v 0.15370310 -0.03680176 -0.04617684
v 0.15370310 -0.02880371 -0.04617684
v 0.15714060 -0.02880371 -0.04236825
v 0.15714060 -0.03680176 -0.04236825
v 0.15714060 -0.03680176 -0.04236825
v 0.15714060 -0.02880371 -0.04236825
v 0.16026560 -0.02880371 -0.03832528
v 0.16026560 -0.03680176 -0.03832528
v 0.16026560 -0.03680176 -0.03832528
v 0.16026560 -0.02880371 -0.03832528
v 0.16307810 -0.02880371 -0.03402841
v 0.16307810 -0.03680176 -0.03402841
v 0.16307810 -0.03680176 -0.03402841
v 0.16307810 -0.02880371 -0.03402841
v 0.16542191 -0.02880371 -0.02953622
v 0.16542191 -0.03680176 -0.02953622
v 0.16542191 -0.03680176 -0.02953622
v 0.16542191 -0.02880371 -0.02953622
v 0.16760941 -0.02880371 -0.02488778
v 0.16760941 -0.03680176 -0.02488778
v 0.16760941 -0.03680176 -0.02488778
v 0.16760941 -0.02880371 -0.02488778
v 0.16932810 -0.02880371 -0.02008309
v 0.16932810 -0.03680176 -0.02008309
v 0.16932810 -0.03680176 -0.02008309
v 0.16932810 -0.02880371 -0.02008309
v 0.17057810 -0.02880371 -0.01516122
v 0.17057810 -0.03680176 -0.01516122
v 0.17057810 -0.03680176 -0.01516122
v 0.17057810 -0.02880371 -0.01516122
v 0.17167191 -0.02880371 -0.01014169
v 0.17167191 -0.03680176 -0.01014169
v 0.17167191 -0.03680176 -0.01014169
v 0.17167191 -0.02880371 -0.01014169
v 0.17214060 -0.02880371 -0.00506356
v 0.17214060 -0.03680176 -0.00506356
v 0.17214060 -0.03680176 -0.00506356
v 0.17214060 -0.02880371 -0.00506356
v 0.17229691 -0.02880371 0.00003409
v 0.17229691 -0.03680176 0.00003409
v 0.17229691 -0.03680176 0.00003409
v 0.17229691 -0.02880371 0.00003409
v 0.17214060 -0.02880371 0.00513175
v 0.17214060 -0.03680176 0.00513175
v 0.17214060 -0.03680176 0.00513175
v 0.17214060 -0.02880371 0.00513175
v 0.17151560 -0.02880371 0.01020987
v 0.17151560 -0.03680176 0.01020987
v 0.17151560 -0.03680176 0.01020987
v 0.17151560 -0.02880371 0.01020987
v 0.17057810 -0.02880371 0.01520987
v 0.17057810 -0.03680176 0.01520987
v 0.17057810 -0.03680176 0.01520987
v 0.17057810 -0.02880371 0.01520987
v 0.16917191 -0.02880371 0.02013175
v 0.16917191 -0.03680176 0.02013175
v 0.16917191 -0.03680176 0.02013175
v 0.16917191 -0.02880371 0.02013175
v 0.16745310 -0.02880371 0.02493644
v 0.16745310 -0.03680176 0.02493644
v 0.16745310 -0.03680176 0.02493644
v 0.16745310 -0.02880371 0.02493644
v 0.16542191 -0.02880371 0.02960441
v 0.16542191 -0.03680176 0.02960441
v 0.16542191 -0.03680176 0.02960441
v 0.16542191 -0.02880371 0.02960441
v 0.16292191 -0.02880371 0.03407706
v 0.16292191 -0.03680176 0.03407706
v 0.16292191 -0.03680176 0.03407706
v 0.16292191 -0.02880371 0.03407706
v 0.16010941 -0.02880371 0.03835440
v 0.16010941 -0.03680176 0.03835440
v 0.16010941 -0.03680176 0.03835440
v 0.16010941 -0.02880371 0.03835440
v 0.15714060 -0.02880371 0.04241690
v 0.15714060 -0.03680176 0.04241690
v 0.15714060 -0.03680176 0.04241690
v 0.15714060 -0.02880371 0.04241690
v 0.15370310 -0.02880371 0.04620597
v 0.15370310 -0.03680176 0.04620597
v 0.15370310 -0.03680176 0.04620597
v 0.15370310 -0.02880371 0.04620597
v 0.14995310 -0.02880371 0.04974112
v 0.14995310 -0.03680176 0.04974112
v 0.14995310 -0.03680176 0.04974112
v 0.14995310 -0.02880371 0.04974112
v 0.14604691 -0.02880371 0.05298331
v 0.14604691 -0.03680176 0.05298331
v 0.14604691 -0.03680176 0.05298331
v 0.14604691 -0.02880371 0.05298331
v 0.14182810 -0.02880371 0.05589347
v 0.14182810 -0.03680176 0.05589347
v 0.14182810 -0.03680176 0.05589347
v 0.14182810 -0.02880371 0.05589347
v 0.13745310 -0.03680176 0.05849112
v 0.13745310 -0.02880371 0.05849112
v 0.12729690 -0.02880371 0.05849112
v 0.12854691 -0.03062012 0.05849112
v 0.13745310 -0.02880371 0.05849112
v 0.12964060 -0.03258301 0.05849112
v 0.13042191 -0.03465332 0.05849112
v 0.13104691 -0.03680176 0.05849112
v 0.13745310 -0.03680176 0.05849112
v 0.12167190 -0.03680176 -0.05850106
v 0.13760941 -0.03680176 -0.05850106
v 0.12167190 -0.03680176 -0.06850106
v 0.13995310 -0.03680176 -0.06850106
v 0.14198441 -0.03680176 -0.05590341
v 0.14495310 -0.03680176 -0.06578622
v 0.14620310 -0.03680176 -0.05297372
v 0.14964060 -0.03680176 -0.06271981
v 0.15010941 -0.03680176 -0.04973153
v 0.15417191 -0.03680176 -0.05932138
v 0.15370310 -0.03680176 -0.04617684
v 0.15854691 -0.03680176 -0.05557138
v 0.15714060 -0.03680176 -0.04236825
v 0.16245310 -0.03680176 -0.05154794
v 0.16026560 -0.03680176 -0.03832528
v 0.16604691 -0.03680176 -0.04721200
v 0.16307810 -0.03680176 -0.03402841
v 0.16948441 -0.03680176 -0.04264169
v 0.16542191 -0.03680176 -0.02953622
v 0.17245310 -0.03680176 -0.03783700
v 0.16760941 -0.03680176 -0.02488778
v 0.17495310 -0.03680176 -0.03281747
v 0.16932810 -0.03680176 -0.02008309
v 0.17729691 -0.03680176 -0.02762216
v 0.17057810 -0.03680176 -0.01516122
v 0.17901560 -0.03680176 -0.02227059
v 0.17167191 -0.03680176 -0.01014169
v 0.18057810 -0.03680176 -0.01680184
v 0.17214060 -0.03680176 -0.00506356
v 0.18151560 -0.03680176 -0.01123544
v 0.18214060 -0.03680176 -0.00561044
v 0.17229691 -0.03680176 0.00003409
v 0.18229691 -0.03680176 0.00003409
v 0.18214060 -0.03680176 0.00569816
v 0.17214060 -0.03680176 0.00513175
v 0.18151560 -0.03680176 0.01130362
v 0.18042191 -0.03680176 0.01687003
v 0.17151560 -0.03680176 0.01020987
v 0.17901560 -0.03680176 0.02233878
v 0.17057810 -0.03680176 0.01520987
v 0.17714060 -0.03680176 0.02769034
v 0.16917191 -0.03680176 0.02013175
v 0.17495310 -0.03680176 0.03286612
v 0.16745310 -0.03680176 0.02493644
v 0.17229691 -0.03680176 0.03788565
v 0.16542191 -0.03680176 0.02960441
v 0.16932810 -0.03680176 0.04269034
v 0.16292191 -0.03680176 0.03407706
v 0.16604691 -0.03680176 0.04726065
v 0.16010941 -0.03680176 0.03835440
v 0.16229691 -0.03680176 0.05157706
v 0.15714060 -0.03680176 0.04241690
v 0.15839060 -0.03680176 0.05560050
v 0.15370310 -0.03680176 0.04620597
v 0.15417191 -0.03680176 0.05933097
v 0.14995310 -0.03680176 0.04974112
v 0.14964060 -0.03680176 0.06272940
v 0.14604691 -0.03680176 0.05298331
v 0.14479691 -0.03680176 0.06579583
v 0.14182810 -0.03680176 0.05589347
v 0.13979691 -0.03680176 0.06849113
v 0.13745310 -0.03680176 0.05849112
v 0.13104691 -0.03680176 0.06849113
v 0.13104691 -0.03680176 0.05849112
v 0.11432811 -0.05035644 0.05349112
v 0.11432811 -0.05035644 0.01282706
v 0.11229690 -0.05056152 0.05349112
v 0.11229690 -0.05056152 0.01282706
v 0.11229690 -0.05056152 0.05349112
v 0.11229690 -0.05056152 0.01282706
v 0.11026561 -0.05035644 0.05349112
v 0.11026561 -0.05035644 0.01282706
v 0.11026561 -0.05035644 0.05349112
v 0.11026561 -0.05035644 0.01282706
v 0.10839061 -0.04975098 0.05349112
v 0.10839061 -0.04975098 0.01282706
v 0.10839061 -0.04975098 0.05349112
v 0.10839061 -0.04975098 0.01282706
v 0.10667190 -0.04876465 0.05349112
v 0.10667190 -0.04876465 0.01282706
v 0.10667190 -0.04876465 0.05349112
v 0.10667190 -0.04876465 0.01282706
v 0.10510940 -0.04744629 0.05349112
v 0.10510940 -0.04744629 0.01282706
v 0.10510940 -0.04744629 0.05349112
v 0.10510940 -0.04744629 0.01282706
v 0.10385940 -0.04584473 0.05349112
v 0.10385940 -0.04584473 0.01282706
v 0.10385940 -0.04584473 0.05349112
v 0.10385940 -0.04584473 0.01282706
v 0.10292190 -0.04402832 0.05349112
v 0.10292190 -0.04402832 0.01282706
v 0.10292190 -0.04402832 0.05349112
v 0.10292190 -0.04402832 0.01282706
v 0.10245311 -0.04207519 0.05349112
v 0.10245311 -0.04207519 0.01282706
v 0.10245311 -0.04207519 0.05349112
v 0.10245311 -0.04207519 0.01282706
v 0.10229690 -0.04005371 0.05349112
v 0.10229690 -0.04005371 0.01282706
v 0.10229690 -0.04005371 0.05349112
v 0.10229690 -0.04005371 0.01282706
v 0.10260940 -0.03805176 0.05349112
v 0.10260940 -0.03805176 0.01282706
v 0.10260940 -0.03805176 0.05349112
v 0.10260940 -0.03805176 0.01282706
v 0.10339061 -0.03615723 0.05349112
v 0.10339061 -0.03615723 0.01282706
v 0.10339061 -0.03615723 0.05349112
v 0.10339061 -0.03615723 0.01282706
v 0.10448440 -0.03443848 0.05349112
v 0.10448440 -0.03443848 0.01282706
v 0.10448440 -0.03443848 0.05349112
v 0.10448440 -0.03443848 0.01282706
v 0.10589061 -0.03297363 0.05349112
v 0.10589061 -0.03297363 0.01282706
v 0.10589061 -0.03297363 0.05349112
v 0.10589061 -0.03297363 0.01282706
v 0.10745311 -0.03181152 0.05349112
v 0.10745311 -0.03181152 0.01282706
v 0.10745311 -0.03181152 0.05349112
v 0.10745311 -0.03181152 0.01282706
v 0.10932811 -0.03102051 0.05349112
v 0.10932811 -0.03102051 0.01282706
v 0.10932811 -0.03102051 0.05349112
v 0.10932811 -0.03102051 0.01282706
v 0.11135940 -0.03061035 0.01282706
v 0.11135940 -0.03061035 -0.02783700
v 0.11135940 -0.03061035 0.01282706
v 0.11135940 -0.03061035 -0.02783700
v 0.11339061 -0.03061035 -0.02783700
v 0.11323440 -0.03059082 -0.05850106
v 0.11339061 -0.03061035 -0.02783700
v 0.11323440 -0.03059082 -0.05850106
v 0.11495311 -0.03091309 -0.05850106
v 0.11432811 -0.05035644 0.01282706
v 0.11432811 -0.05035644 0.05349112
v 0.11635940 -0.04975098 0.01282706
v 0.11635940 -0.04975098 0.05349112
v 0.11635940 -0.04975098 0.01282706
v 0.11635940 -0.04975098 0.05349112
v 0.11807811 -0.04876465 0.01282706
v 0.11807811 -0.04876465 0.05349112
v 0.11807811 -0.04876465 0.01282706
v 0.11807811 -0.04876465 0.05349112
v 0.11964061 -0.04744629 0.01282706
v 0.11964061 -0.04744629 0.05349112
v 0.11964061 -0.04744629 0.01282706
v 0.11964061 -0.04744629 0.05349112
v 0.12089061 -0.04584473 0.01282706
v 0.12089061 -0.04584473 0.05349112
v 0.12089061 -0.04584473 0.01282706
v 0.12089061 -0.04584473 0.05349112
v 0.12167190 -0.04402832 0.01282706
v 0.12167190 -0.04402832 0.05349112
v 0.12167190 -0.04402832 0.01282706
v 0.12167190 -0.04402832 0.05349112
v 0.12229690 -0.04207519 0.01282706
v 0.12229690 -0.04207519 0.05349112
v 0.12229690 -0.04207519 0.01282706
v 0.12229690 -0.04207519 0.05349112
v 0.12229690 -0.04005371 0.01282706
v 0.12229690 -0.04005371 0.05349112
v 0.12229690 -0.04005371 0.01282706
v 0.12229690 -0.04005371 0.05349112
v 0.12198440 -0.03805176 0.01282706
v 0.12198440 -0.03805176 0.05349112
v 0.12198440 -0.03805176 0.01282706
v 0.12198440 -0.03805176 0.05349112
v 0.12135940 -0.03615723 0.01282706
v 0.12135940 -0.03615723 0.05349112
v 0.12135940 -0.03615723 0.01282706
v 0.12135940 -0.03615723 0.05349112
v 0.12026561 -0.03443848 0.01282706
v 0.12026561 -0.03443848 0.05349112
v 0.12026561 -0.03443848 0.01282706
v 0.12026561 -0.03443848 0.05349112
v 0.11885940 -0.03297363 0.01282706
v 0.11885940 -0.03297363 0.05349112
v 0.11885940 -0.03297363 0.01282706
v 0.11885940 -0.03297363 0.05349112
v 0.11714061 -0.03181152 0.01282706
v 0.11714061 -0.03181152 0.05349112
v 0.11714061 -0.03181152 0.01282706
v 0.11714061 -0.03181152 0.05349112
v 0.11542190 -0.03102051 0.01282706
v 0.11542190 -0.03102051 0.05349112
v 0.11542190 -0.03102051 0.01282706
v 0.11542190 -0.03102051 0.05349112
v 0.11339061 -0.03061035 0.01282706
v 0.11339061 -0.03061035 0.05349112
v 0.11339061 -0.03061035 0.01282706
v 0.11339061 -0.03061035 0.05349112
v 0.11135940 -0.03061035 0.05349112
v 0.11135940 -0.03061035 0.05349112
v 0.12042190 -0.04653808 -0.05850106
v 0.12089061 -0.04584473 -0.02783700
v 0.12135940 -0.04479980 -0.05850106
v 0.12135940 -0.04479980 -0.05850106
v 0.12089061 -0.04584473 -0.02783700
v 0.12167190 -0.04402832 -0.02783700
v 0.12135940 -0.04479980 -0.05850106
v 0.12167190 -0.04402832 -0.02783700
v 0.12198440 -0.04325683 -0.06850106
v 0.12198440 -0.04325683 -0.06850106
v 0.12167190 -0.04402832 -0.02783700
v 0.12229690 -0.04207519 -0.02783700
v 0.12198440 -0.04325683 -0.06850106
v 0.12229690 -0.04207519 -0.02783700
v 0.12229690 -0.04164551 -0.06850106
v 0.12229690 -0.04164551 -0.06850106
v 0.12229690 -0.04207519 -0.02783700
v 0.12229690 -0.04005371 -0.02783700
v 0.12229690 -0.03999512 -0.06850106
v 0.12229690 -0.03999512 -0.06850106
v 0.12229690 -0.04005371 -0.02783700
v 0.12214061 -0.03837402 -0.06850106
v 0.12214061 -0.03837402 -0.06850106
v 0.12229690 -0.04005371 -0.02783700
v 0.12198440 -0.03805176 -0.02783700
v 0.12214061 -0.03837402 -0.06850106
v 0.12198440 -0.03805176 -0.02783700
v 0.12167190 -0.03680176 -0.06850106
v 0.12167190 -0.03680176 -0.06850106
v 0.12198440 -0.03805176 -0.02783700
v 0.12167190 -0.03680176 -0.05850106
v 0.12167190 -0.03680176 -0.05850106
v 0.12198440 -0.03805176 -0.02783700
v 0.12135940 -0.03615723 -0.02783700
v 0.12167190 -0.03680176 -0.05850106
v 0.12135940 -0.03615723 -0.02783700
v 0.12073440 -0.03517090 -0.05850106
v 0.12073440 -0.03517090 -0.05850106
v 0.12135940 -0.03615723 -0.02783700
v 0.12026561 -0.03443848 -0.02783700
v 0.12073440 -0.03517090 -0.05850106
v 0.12026561 -0.03443848 -0.02783700
v 0.11964061 -0.03371582 -0.05850106
v 0.11964061 -0.03371582 -0.05850106
v 0.12026561 -0.03443848 -0.02783700
v 0.11885940 -0.03297363 -0.02783700
v 0.11964061 -0.03371582 -0.05850106
v 0.11885940 -0.03297363 -0.02783700
v 0.11823440 -0.03249512 -0.05850106
v 0.11823440 -0.03249512 -0.05850106
v 0.11885940 -0.03297363 -0.02783700
v 0.11714061 -0.03181152 -0.02783700
v 0.11823440 -0.03249512 -0.05850106
v 0.11714061 -0.03181152 -0.02783700
v 0.11667190 -0.03154785 -0.05850106
v 0.11667190 -0.03154785 -0.05850106
v 0.11714061 -0.03181152 -0.02783700
v 0.11542190 -0.03102051 -0.02783700
v 0.11667190 -0.03154785 -0.05850106
v 0.11542190 -0.03102051 -0.02783700
v 0.11495311 -0.03091309 -0.05850106
v 0.11495311 -0.03091309 -0.05850106
v 0.11542190 -0.03102051 -0.02783700
v 0.11339061 -0.03061035 -0.02783700
v 0.12089061 -0.04584473 -0.02783700
v 0.12042190 -0.04653808 -0.05850106
v 0.11964061 -0.04744629 -0.02783700
v 0.11964061 -0.04744629 -0.02783700
v 0.12042190 -0.04653808 -0.05850106
v 0.11901561 -0.04803223 -0.05850106
v 0.11964061 -0.04744629 -0.02783700
v 0.11901561 -0.04803223 -0.05850106
v 0.11807811 -0.04876465 -0.02783700
v 0.11807811 -0.04876465 -0.02783700
v 0.11901561 -0.04803223 -0.05850106
v 0.11729690 -0.04921387 -0.05850106
v 0.11807811 -0.04876465 -0.02783700
v 0.11729690 -0.04921387 -0.05850106
v 0.11635940 -0.04975098 -0.02783700
v 0.11635940 -0.04975098 -0.02783700
v 0.11729690 -0.04921387 -0.05850106
v 0.11557811 -0.05004394 -0.05850106
v 0.11635940 -0.04975098 -0.02783700
v 0.11557811 -0.05004394 -0.05850106
v 0.11432811 -0.05035644 -0.02783700
v 0.11432811 -0.05035644 -0.02783700
v 0.11557811 -0.05004394 -0.05850106
v 0.11354690 -0.05049316 -0.05850106
v 0.11432811 -0.05035644 -0.02783700
v 0.11354690 -0.05049316 -0.05850106
v 0.11229690 -0.05056152 -0.02783700
v 0.11229690 -0.05056152 -0.02783700
v 0.11354690 -0.05049316 -0.05850106
v 0.11151561 -0.05052246 -0.05850106
v 0.11229690 -0.05056152 -0.02783700
v 0.11151561 -0.05052246 -0.05850106
v 0.11026561 -0.05035644 -0.02783700
v 0.11026561 -0.05035644 -0.02783700
v 0.11151561 -0.05052246 -0.05850106
v 0.10948440 -0.05015137 -0.05850106
v 0.11026561 -0.05035644 -0.02783700
v 0.10948440 -0.05015137 -0.05850106
v 0.10839061 -0.04975098 -0.02783700
v 0.10839061 -0.04975098 -0.02783700
v 0.10948440 -0.05015137 -0.05850106
v 0.10854690 -0.04980957 -0.06246591
v 0.10839061 -0.04975098 -0.02783700
v 0.10854690 -0.04980957 -0.06246591
v 0.10760940 -0.04938965 -0.06270028
v 0.10948440 -0.05015137 -0.06229013
v 0.10839061 -0.04975098 -0.02783700
v 0.10760940 -0.04938965 -0.06270028
v 0.10667190 -0.04876465 -0.02783700
v 0.10667190 -0.04876465 -0.02783700
v 0.10760940 -0.04938965 -0.06270028
v 0.10604690 -0.04838379 -0.06320809
v 0.10667190 -0.04876465 -0.02783700
v 0.10604690 -0.04838379 -0.06320809
v 0.10510940 -0.04744629 -0.02783700
v 0.10510940 -0.04744629 -0.02783700
v 0.10604690 -0.04838379 -0.06320809
v 0.10479690 -0.04707519 -0.06385263
v 0.10510940 -0.04744629 -0.02783700
v 0.10479690 -0.04707519 -0.06385263
v 0.10385940 -0.04584473 -0.02783700
v 0.10385940 -0.04584473 -0.02783700
v 0.10479690 -0.04707519 -0.06385263
v 0.10417190 -0.04623535 -0.06422372
v 0.10385940 -0.04584473 -0.02783700
v 0.10417190 -0.04623535 -0.06422372
v 0.10307811 -0.04446777 -0.06496591
v 0.10385940 -0.04584473 -0.02783700
v 0.10307811 -0.04446777 -0.06496591
v 0.10292190 -0.04402832 -0.02783700
v 0.10292190 -0.04402832 -0.02783700
v 0.10307811 -0.04446777 -0.06496591
v 0.10276561 -0.04351074 -0.06533700
v 0.10292190 -0.04402832 -0.02783700
v 0.10276561 -0.04351074 -0.06533700
v 0.10245311 -0.04207519 -0.02783700
v 0.10245311 -0.04207519 -0.02783700
v 0.10276561 -0.04351074 -0.06533700
v 0.10260940 -0.04253418 -0.06568856
v 0.10229690 -0.04064941 -0.06631356
v 0.10245311 -0.04207519 -0.02783700
v 0.10229690 -0.04064941 -0.06631356
v 0.10229690 -0.04005371 -0.02783700
v 0.10229690 -0.04005371 -0.02783700
v 0.10229690 -0.04064941 -0.06631356
v 0.10245311 -0.03961426 -0.06660653
v 0.10260940 -0.03805176 -0.02783700
v 0.10260940 -0.03805176 -0.02783700
v 0.10245311 -0.03961426 -0.06660653
v 0.10276561 -0.03776855 -0.06709481
v 0.10260940 -0.03805176 -0.02783700
v 0.10276561 -0.03776855 -0.06709481
v 0.10307811 -0.03675293 -0.06732920
v 0.10260940 -0.03805176 -0.02783700
v 0.10307811 -0.03675293 -0.06732920
v 0.10339061 -0.03615723 -0.02783700
v 0.10339061 -0.03615723 -0.02783700
v 0.10307811 -0.03675293 -0.06732920
v 0.10401561 -0.03498535 -0.06770028
v 0.10339061 -0.03615723 -0.02783700
v 0.10401561 -0.03498535 -0.06770028
v 0.10448440 -0.03443848 -0.02783700
v 0.10448440 -0.03443848 -0.02783700
v 0.10401561 -0.03498535 -0.06770028
v 0.10526561 -0.03354004 -0.06793467
v 0.10448440 -0.03443848 -0.02783700
v 0.10526561 -0.03354004 -0.06793467
v 0.10589061 -0.03297363 -0.02783700
v 0.10589061 -0.03297363 -0.02783700
v 0.10526561 -0.03354004 -0.06793467
v 0.10667190 -0.03229980 -0.06811045
v 0.10589061 -0.03297363 -0.02783700
v 0.10667190 -0.03229980 -0.06811045
v 0.10745311 -0.03181152 -0.02783700
v 0.10745311 -0.03181152 -0.02783700
v 0.10667190 -0.03229980 -0.06811045
v 0.10854690 -0.03134277 -0.06822763
v 0.10745311 -0.03181152 -0.02783700
v 0.10854690 -0.03134277 -0.06822763
v 0.10932811 -0.03102051 -0.02783700
v 0.10932811 -0.03102051 -0.02783700
v 0.10854690 -0.03134277 -0.06822763
v 0.10948440 -0.03097168 -0.06826670
v 0.10932811 -0.03102051 -0.02783700
v 0.10948440 -0.03097168 -0.06826670
v 0.10948440 -0.03097168 -0.05850106
v 0.10932811 -0.03102051 -0.02783700
v 0.10948440 -0.03097168 -0.05850106
v 0.11135940 -0.03061035 -0.02783700
v 0.10948440 -0.03097168 -0.05850106
v 0.11135940 -0.03061035 -0.05850106
v 0.11135940 -0.03061035 -0.02783700
v 0.11135940 -0.03061035 -0.05850106
v 0.11323440 -0.03059082 -0.05850106
v 0.12135940 -0.04479980 -0.06850106
v 0.12135940 -0.04479980 -0.06850106
v 0.12198440 -0.04325683 -0.06850106
v 0.13995310 -0.04479980 -0.06850106
v 0.12229690 -0.04164551 -0.06850106
v 0.12229690 -0.03999512 -0.06850106
v 0.13995310 -0.03680176 -0.06850106
v 0.12214061 -0.03837402 -0.06850106
v 0.12167190 -0.03680176 -0.06850106
v 0.12104690 0.04520019 -0.06850106
v 0.13995310 0.04520019 -0.06850106
v 0.12167190 0.04365723 -0.06850106
v 0.12198440 0.04204590 -0.06850106
v 0.12198440 0.04040527 -0.06850106
v 0.13995310 0.03720215 -0.06850106
v 0.12182811 0.03877441 -0.06850106
v 0.12135940 0.03720215 -0.06850106
v 0.13979691 -0.03680176 0.06849113
v 0.13979691 -0.04479980 0.06849113
v 0.14479691 -0.03680176 0.06579583
v 0.14479691 -0.04479980 0.06579583
v 0.14479691 -0.03680176 0.06579583
v 0.14479691 -0.04479980 0.06579583
v 0.14964060 -0.03680176 0.06272940
v 0.14964060 -0.04479980 0.06272940
v 0.14964060 -0.03680176 0.06272940
v 0.14964060 -0.04479980 0.06272940
v 0.15417191 -0.03680176 0.05933097
v 0.15417191 -0.04479980 0.05933097
v 0.15417191 -0.03680176 0.05933097
v 0.15417191 -0.04479980 0.05933097
v 0.15839060 -0.03680176 0.05560050
v 0.15839060 -0.04479980 0.05560050
v 0.15839060 -0.03680176 0.05560050
v 0.15839060 -0.04479980 0.05560050
v 0.16229691 -0.03680176 0.05157706
v 0.16229691 -0.04479980 0.05157706
v 0.16229691 -0.03680176 0.05157706
v 0.16229691 -0.04479980 0.05157706
v 0.16604691 -0.03680176 0.04726065
v 0.16604691 -0.04479980 0.04726065
v 0.16604691 -0.03680176 0.04726065
v 0.16604691 -0.04479980 0.04726065
v 0.16932810 -0.03680176 0.04269034
v 0.16932810 -0.04479980 0.04269034
v 0.16932810 -0.03680176 0.04269034
v 0.16932810 -0.04479980 0.04269034
v 0.17229691 -0.03680176 0.03788565
v 0.17229691 -0.04479980 0.03788565
v 0.17229691 -0.03680176 0.03788565
v 0.17229691 -0.04479980 0.03788565
v 0.17495310 -0.03680176 0.03286612
v 0.17495310 -0.04479980 0.03286612
v 0.17495310 -0.03680176 0.03286612
v 0.17495310 -0.04479980 0.03286612
v 0.17714060 -0.03680176 0.02769034
v 0.17714060 -0.04479980 0.02769034
v 0.17714060 -0.03680176 0.02769034
v 0.17714060 -0.04479980 0.02769034
v 0.17901560 -0.03680176 0.02233878
v 0.17901560 -0.04479980 0.02233878
v 0.17901560 -0.03680176 0.02233878
v 0.17901560 -0.04479980 0.02233878
v 0.18042191 -0.03680176 0.01687003
v 0.18042191 -0.04479980 0.01687003
v 0.18042191 -0.03680176 0.01687003
v 0.18042191 -0.04479980 0.01687003
v 0.18151560 -0.03680176 0.01130362
v 0.18151560 -0.04479980 0.01130362
v 0.18151560 -0.03680176 0.01130362
v 0.18151560 -0.04479980 0.01130362
v 0.18214060 -0.03680176 0.00569816
v 0.18214060 -0.04479980 0.00569816
v 0.18214060 -0.03680176 0.00569816
v 0.18214060 -0.04479980 0.00569816
v 0.18229691 -0.03680176 0.00003409
v 0.18229691 -0.04479980 0.00003409
v 0.18229691 -0.03680176 0.00003409
v 0.18229691 -0.04479980 0.00003409
v 0.18214060 -0.03680176 -0.00561044
v 0.18214060 -0.04479980 -0.00561044
v 0.18214060 -0.03680176 -0.00561044
v 0.18214060 -0.04479980 -0.00561044
v 0.18151560 -0.03680176 -0.01123544
v 0.18151560 -0.04479980 -0.01123544
v 0.18151560 -0.03680176 -0.01123544
v 0.18151560 -0.04479980 -0.01123544
v 0.18057810 -0.03680176 -0.01680184
v 0.18057810 -0.04479980 -0.01680184
v 0.18057810 -0.03680176 -0.01680184
v 0.18057810 -0.04479980 -0.01680184
v 0.17901560 -0.03680176 -0.02227059
v 0.17901560 -0.04479980 -0.02227059
v 0.17901560 -0.03680176 -0.02227059
v 0.17901560 -0.04479980 -0.02227059
v 0.17729691 -0.03680176 -0.02762216
v 0.17729691 -0.04479980 -0.02762216
v 0.17729691 -0.03680176 -0.02762216
v 0.17729691 -0.04479980 -0.02762216
v 0.17495310 -0.03680176 -0.03281747
v 0.17495310 -0.04479980 -0.03281747
v 0.17495310 -0.03680176 -0.03281747
v 0.17495310 -0.04479980 -0.03281747
v 0.17245310 -0.03680176 -0.03783700
v 0.17245310 -0.04479980 -0.03783700
v 0.17245310 -0.03680176 -0.03783700
v 0.17245310 -0.04479980 -0.03783700
v 0.16948441 -0.03680176 -0.04264169
v 0.16948441 -0.04479980 -0.04264169
v 0.16948441 -0.03680176 -0.04264169
v 0.16948441 -0.04479980 -0.04264169
v 0.16604691 -0.03680176 -0.04721200
v 0.16604691 -0.04479980 -0.04721200
v 0.16604691 -0.03680176 -0.04721200
v 0.16604691 -0.04479980 -0.04721200
v 0.16245310 -0.03680176 -0.05154794
v 0.16245310 -0.04479980 -0.05154794
v 0.16245310 -0.03680176 -0.05154794
v 0.16245310 -0.04479980 -0.05154794
v 0.15854691 -0.03680176 -0.05557138
v 0.15854691 -0.04479980 -0.05557138
v 0.15854691 -0.03680176 -0.05557138
v 0.15854691 -0.04479980 -0.05557138
v 0.15417191 -0.03680176 -0.05932138
v 0.15417191 -0.04479980 -0.05932138
v 0.15417191 -0.03680176 -0.05932138
v 0.15417191 -0.04479980 -0.05932138
v 0.14964060 -0.03680176 -0.06271981
v 0.14964060 -0.04479980 -0.06271981
v 0.14964060 -0.03680176 -0.06271981
v 0.14964060 -0.04479980 -0.06271981
v 0.14495310 -0.03680176 -0.06578622
v 0.14495310 -0.04479980 -0.06578622
v 0.14495310 -0.03680176 -0.06578622
v 0.14495310 -0.04479980 -0.06578622
v 0.13995310 -0.03680176 -0.06850106
v 0.13995310 -0.04479980 -0.06850106
v 0.13995310 0.03720215 -0.06850106
v 0.13995310 0.04520019 -0.06850106
v 0.14495310 0.03720215 -0.06578622
v 0.14495310 0.04520019 -0.06578622
v 0.14495310 0.03720215 -0.06578622
v 0.14495310 0.04520019 -0.06578622
v 0.14964060 0.03720215 -0.06271981
v 0.14964060 0.04520019 -0.06271981
v 0.14964060 0.03720215 -0.06271981
v 0.14964060 0.04520019 -0.06271981
v 0.15417191 0.03720215 -0.05932138
v 0.15417191 0.04520019 -0.05932138
v 0.15417191 0.03720215 -0.05932138
v 0.15417191 0.04520019 -0.05932138
v 0.15854691 0.03720215 -0.05557138
v 0.15854691 0.04520019 -0.05557138
v 0.15854691 0.03720215 -0.05557138
v 0.15854691 0.04520019 -0.05557138
v 0.16245310 0.03720215 -0.05154794
v 0.16245310 0.04520019 -0.05154794
v 0.16245310 0.03720215 -0.05154794
v 0.16245310 0.04520019 -0.05154794
v 0.16604691 0.03720215 -0.04721200
v 0.16604691 0.04520019 -0.04721200
v 0.16604691 0.03720215 -0.04721200
v 0.16604691 0.04520019 -0.04721200
v 0.16948441 0.03720215 -0.04264169
v 0.16948441 0.04520019 -0.04264169
v 0.16948441 0.03720215 -0.04264169
v 0.16948441 0.04520019 -0.04264169
v 0.17245310 0.03720215 -0.03783700
v 0.17245310 0.04520019 -0.03783700
v 0.17245310 0.03720215 -0.03783700
v 0.17245310 0.04520019 -0.03783700
v 0.17495310 0.03720215 -0.03281747
v 0.17495310 0.04520019 -0.03281747
v 0.17495310 0.03720215 -0.03281747
v 0.17495310 0.04520019 -0.03281747
v 0.17729691 0.03720215 -0.02762216
v 0.17729691 0.04520019 -0.02762216
v 0.17729691 0.03720215 -0.02762216
v 0.17729691 0.04520019 -0.02762216
v 0.17901560 0.03720215 -0.02227059
v 0.17901560 0.04520019 -0.02227059
v 0.17901560 0.03720215 -0.02227059
v 0.17901560 0.04520019 -0.02227059
v 0.18057810 0.03720215 -0.01680184
v 0.18057810 0.04520019 -0.01680184
v 0.18057810 0.03720215 -0.01680184
v 0.18057810 0.04520019 -0.01680184
v 0.18151560 0.03720215 -0.01123544
v 0.18151560 0.04520019 -0.01123544
v 0.18151560 0.03720215 -0.01123544
v 0.18151560 0.04520019 -0.01123544
v 0.18214060 0.03720215 -0.00561044
v 0.18214060 0.04520019 -0.00561044
v 0.18214060 0.03720215 -0.00561044
v 0.18214060 0.04520019 -0.00561044
v 0.18229691 0.03720215 0.00003409
v 0.18229691 0.04520019 0.00003409
v 0.18229691 0.03720215 0.00003409
v 0.18229691 0.04520019 0.00003409
v 0.18214060 0.03720215 0.00569816
v 0.18214060 0.04520019 0.00569816
v 0.18214060 0.03720215 0.00569816
v 0.18214060 0.04520019 0.00569816
v 0.18151560 0.03720215 0.01130362
v 0.18151560 0.04520019 0.01130362
v 0.18151560 0.03720215 0.01130362
v 0.18151560 0.04520019 0.01130362
v 0.18042191 0.03720215 0.01687003
v 0.18042191 0.04520019 0.01687003
v 0.18042191 0.03720215 0.01687003
v 0.18042191 0.04520019 0.01687003
v 0.17901560 0.03720215 0.02233878
v 0.17901560 0.04520019 0.02233878
v 0.17901560 0.03720215 0.02233878
v 0.17901560 0.04520019 0.02233878
v 0.17714060 0.03720215 0.02769034
v 0.17714060 0.04520019 0.02769034
v 0.17714060 0.03720215 0.02769034
v 0.17714060 0.04520019 0.02769034
v 0.17495310 0.03720215 0.03286612
v 0.17495310 0.04520019 0.03286612
v 0.17495310 0.03720215 0.03286612
v 0.17495310 0.04520019 0.03286612
v 0.17229691 0.03720215 0.03788565
v 0.17229691 0.04520019 0.03788565
v 0.17229691 0.03720215 0.03788565
v 0.17229691 0.04520019 0.03788565
v 0.16932810 0.03720215 0.04269034
v 0.16932810 0.04520019 0.04269034
v 0.16932810 0.03720215 0.04269034
v 0.16932810 0.04520019 0.04269034
v 0.16604691 0.03720215 0.04726065
v 0.16604691 0.04520019 0.04726065
v 0.16604691 0.03720215 0.04726065
v 0.16604691 0.04520019 0.04726065
v 0.16229691 0.03720215 0.05157706
v 0.16229691 0.04520019 0.05157706
v 0.16229691 0.03720215 0.05157706
v 0.16229691 0.04520019 0.05157706
v 0.15839060 0.03720215 0.05560050
v 0.15839060 0.04520019 0.05560050
v 0.15839060 0.03720215 0.05560050
v 0.15839060 0.04520019 0.05560050
v 0.15417191 0.03720215 0.05933097
v 0.15417191 0.04520019 0.05933097
v 0.15417191 0.03720215 0.05933097
v 0.15417191 0.04520019 0.05933097
v 0.14964060 0.03720215 0.06272940
v 0.14964060 0.04520019 0.06272940
v 0.14964060 0.03720215 0.06272940
v 0.14964060 0.04520019 0.06272940
v 0.14479691 0.03720215 0.06579583
v 0.14479691 0.04520019 0.06579583
v 0.14479691 0.03720215 0.06579583
v 0.14479691 0.04520019 0.06579583
v 0.13979691 0.03720215 0.06849113
v 0.13979691 0.04520019 0.06849113
v 0.13089060 -0.04479980 0.06849113
v 0.13979691 -0.04479980 0.06849113
v 0.13135941 -0.04214355 0.06849113
v 0.13135941 -0.03945801 0.06849113
v 0.13979691 -0.03680176 0.06849113
v 0.13104691 -0.03680176 0.06849113
v 0.13057810 0.04520019 0.06849113
v 0.13104691 0.04254394 0.06849113
v 0.13979691 0.04520019 0.06849113
v 0.13104691 0.03985840 0.06849113
v 0.13979691 0.03720215 0.06849113
v 0.13073441 0.03720215 0.06849113
v 0.13964060 0.00187012 0.06849113
v 0.13979691 -0.00000488 0.02849113
v 0.13979691 -0.00000488 0.06849113
v 0.13979691 -0.00000488 0.06849113
v 0.13979691 -0.00000488 0.02849113
v 0.13964060 -0.00187012 0.02849113
v 0.13964060 -0.00187012 0.06849113
v 0.13964060 -0.00187012 0.06849113
v 0.13964060 -0.00187012 0.02849113
v 0.13901560 -0.00366699 0.02849113
v 0.13901560 -0.00366699 0.06849113
v 0.13901560 -0.00366699 0.06849113
v 0.13901560 -0.00366699 0.02849113
v 0.13807810 -0.00528809 0.02849113
v 0.13807810 -0.00528809 0.06849113
v 0.13807810 -0.00528809 0.06849113
v 0.13807810 -0.00528809 0.02849113
v 0.13682810 -0.00669434 0.02849113
v 0.13682810 -0.00669434 0.06849113
v 0.13682810 -0.00669434 0.06849113
v 0.13682810 -0.00669434 0.02849113
v 0.13542191 -0.00779785 0.02849113
v 0.13542191 -0.00779785 0.06849113
v 0.13542191 -0.00779785 0.06849113
v 0.13542191 -0.00779785 0.02849113
v 0.13370310 -0.00855957 0.02849113
v 0.13370310 -0.00855957 0.06849113
v 0.13370310 -0.00855957 0.06849113
v 0.13370310 -0.00855957 0.02849113
v 0.13182810 -0.00895020 0.02849113
v 0.13182810 -0.00895020 0.06849113
v 0.13182810 -0.00895020 0.06849113
v 0.13182810 -0.00895020 0.02849113
v 0.12995310 -0.00895020 0.02849113
v 0.12995310 -0.00895020 0.06849113
v 0.12995310 -0.00895020 0.06849113
v 0.12995310 -0.00895020 0.02849113
v 0.12807810 -0.00855957 0.02849113
v 0.12807810 -0.00855957 0.06849113
v 0.12807810 -0.00855957 0.06849113
v 0.12807810 -0.00855957 0.02849113
v 0.12635940 -0.00779785 0.02849113
v 0.12635940 -0.00779785 0.06849113
v 0.12635940 -0.00779785 0.06849113
v 0.12635940 -0.00779785 0.02849113
v 0.12479690 -0.00669434 0.02849113
v 0.12479690 -0.00669434 0.06849113
v 0.12479690 -0.00669434 0.06849113
v 0.12479690 -0.00669434 0.02849113
v 0.12354690 -0.00528809 0.02849113
v 0.12354690 -0.00528809 0.06849113
v 0.12354690 -0.00528809 0.06849113
v 0.12354690 -0.00528809 0.02849113
v 0.12260940 -0.00366699 0.02849113
v 0.12260940 -0.00366699 0.06849113
v 0.12260940 -0.00366699 0.06849113
v 0.12260940 -0.00366699 0.02849113
v 0.12198440 -0.00187012 0.02849113
v 0.12198440 -0.00187012 0.06849113
v 0.12198440 -0.00187012 0.06849113
v 0.12198440 -0.00187012 0.02849113
v 0.12182811 -0.00000488 0.06849113
v 0.12182811 -0.00000488 0.02849113
v 0.12182811 -0.00000488 0.06849113
v 0.12182811 -0.00000488 0.02849113
v 0.12198440 0.00187012 0.06849113
v 0.12198440 0.00187012 0.02849113
v 0.12198440 0.00187012 0.06849113
v 0.12198440 0.00187012 0.02849113
v 0.12260940 0.00365723 0.02849113
v 0.13964060 0.00187012 0.02849113
v 0.13964060 0.00187012 0.02849113
v 0.13964060 0.00187012 0.06849113
v 0.13901560 0.00365723 0.06849113
v 0.13901560 0.00365723 0.02849113
v 0.13901560 0.00365723 0.02849113
v 0.13901560 0.00365723 0.06849113
v 0.13807810 0.00528809 0.06849113
v 0.13807810 0.00528809 0.02849113
v 0.13807810 0.00528809 0.02849113
v 0.13807810 0.00528809 0.06849113
v 0.13682810 0.00668457 0.06849113
v 0.13682810 0.00668457 0.02849113
v 0.13682810 0.00668457 0.02849113
v 0.13682810 0.00668457 0.06849113
v 0.13542191 0.00778809 0.06849113
v 0.13542191 0.00778809 0.02849113
v 0.13542191 0.00778809 0.02849113
v 0.13542191 0.00778809 0.06849113
v 0.13370310 0.00855957 0.06849113
v 0.13370310 0.00855957 0.02849113
v 0.13370310 0.00855957 0.02849113
v 0.13370310 0.00855957 0.06849113
v 0.13182810 0.00895020 0.06849113
v 0.13182810 0.00895020 0.02849113
v 0.13182810 0.00895020 0.02849113
v 0.13182810 0.00895020 0.06849113
v 0.12995310 0.00895020 0.06849113
v 0.12995310 0.00895020 0.02849113
v 0.12995310 0.00895020 0.02849113
v 0.12995310 0.00895020 0.06849113
v 0.12807810 0.00855957 0.06849113
v 0.12807810 0.00855957 0.02849113
v 0.12807810 0.00855957 0.02849113
v 0.12807810 0.00855957 0.06849113
v 0.12635940 0.00778809 0.06849113
v 0.12635940 0.00778809 0.02849113
v 0.12635940 0.00778809 0.02849113
v 0.12635940 0.00778809 0.06849113
v 0.12479690 0.00668457 0.06849113
v 0.12479690 0.00668457 0.02849113
v 0.12479690 0.00668457 0.02849113
v 0.12479690 0.00668457 0.06849113
v 0.12354690 0.00528809 0.06849113
v 0.12354690 0.00528809 0.02849113
v 0.12354690 0.00528809 0.02849113
v 0.12354690 0.00528809 0.06849113
v 0.12260940 0.00365723 0.06849113
v 0.12260940 0.00365723 0.02849113
v 0.12260940 0.00365723 0.06849113
v 0.12198440 -0.00187012 0.02849113
v 0.13964060 -0.00187012 0.02849113
v 0.12182811 -0.00000488 0.02849113
v 0.13979691 -0.00000488 0.02849113
v 0.12198440 0.00187012 0.02849113
v 0.13964060 0.00187012 0.02849113
v 0.12260940 0.00365723 0.02849113
v 0.13901560 0.00365723 0.02849113
v 0.12354690 0.00528809 0.02849113
v 0.13807810 0.00528809 0.02849113
v 0.12479690 0.00668457 0.02849113
v 0.13682810 0.00668457 0.02849113
v 0.12635940 0.00778809 0.02849113
v 0.13542191 0.00778809 0.02849113
v 0.12807810 0.00855957 0.02849113
v 0.13370310 0.00855957 0.02849113
v 0.12995310 0.00895020 0.02849113
v 0.13182810 0.00895020 0.02849113
v 0.13901560 -0.00366699 0.02849113
v 0.12260940 -0.00366699 0.02849113
v 0.13807810 -0.00528809 0.02849113
v 0.12354690 -0.00528809 0.02849113
v 0.13682810 -0.00669434 0.02849113
v 0.12479690 -0.00669434 0.02849113
v 0.13542191 -0.00779785 0.02849113
v 0.12635940 -0.00779785 0.02849113
v 0.13370310 -0.00855957 0.02849113
v 0.12807810 -0.00855957 0.02849113
v 0.13182810 -0.00895020 0.02849113
v 0.12995310 -0.00895020 0.02849113
v 0.10964061 -0.05936035 0.05349112
v 0.11229690 -0.05955566 0.05349112
v 0.11229690 -0.05056152 0.05349112
v 0.11510940 -0.05936035 0.05349112
v 0.11432811 -0.05035644 0.05349112
v 0.11776561 -0.05875488 0.05349112
v 0.11635940 -0.04975098 0.05349112
v 0.12042190 -0.05775879 0.05349112
v 0.11807811 -0.04876465 0.05349112
v 0.12276561 -0.05640137 0.05349112
v 0.12510940 -0.05471191 0.05349112
v 0.11964061 -0.04744629 0.05349112
v 0.12698440 -0.05270996 0.05349112
v 0.12089061 -0.04584473 0.05349112
v 0.12854691 -0.05045410 0.05349112
v 0.12979691 -0.04799316 0.05349112
v 0.12167190 -0.04402832 0.05349112
v 0.13073441 -0.04536621 0.05349112
v 0.12229690 -0.04207519 0.05349112
v 0.13120310 -0.04264160 0.05349112
v 0.12229690 -0.04005371 0.05349112
v 0.13135941 -0.03986816 0.05349112
v 0.13104691 -0.03710449 0.05349112
v 0.12198440 -0.03805176 0.05349112
v 0.13026560 -0.03442871 0.05349112
v 0.12135940 -0.03615723 0.05349112
v 0.12932810 -0.03187012 0.05349112
v 0.12776561 -0.02950684 0.05349112
v 0.12026561 -0.03443848 0.05349112
v 0.12604690 -0.02736816 0.05349112
v 0.11885940 -0.03297363 0.05349112
v 0.12401561 -0.02552246 0.05349112
v 0.11714061 -0.03181152 0.05349112
v 0.12167190 -0.02398926 0.05349112
v 0.11917190 -0.02281738 0.05349112
v 0.11542190 -0.03102051 0.05349112
v 0.11651561 -0.02201660 0.05349112
v 0.11339061 -0.03061035 0.05349112
v 0.11370311 -0.02160645 0.05349112
v 0.11135940 -0.03061035 0.05349112
v 0.11089061 -0.02160645 0.05349112
v 0.10823440 -0.02201660 0.05349112
v 0.10932811 -0.03102051 0.05349112
v 0.10557811 -0.02281738 0.05349112
v 0.10745311 -0.03181152 0.05349112
v 0.10307811 -0.02398926 0.05349112
v 0.10073440 -0.02552246 0.05349112
v 0.10589061 -0.03297363 0.05349112
v 0.09870314 -0.02736816 0.05349112
v 0.10448440 -0.03443848 0.05349112
v 0.09682814 -0.02950684 0.05349112
v 0.10339061 -0.03615723 0.05349112
v 0.09542189 -0.03187012 0.05349112
v 0.09432814 -0.03442871 0.05349112
v 0.10260940 -0.03805176 0.05349112
v 0.09370314 -0.03710449 0.05349112
v 0.10229690 -0.04005371 0.05349112
v 0.09339064 -0.03986816 0.05349112
v 0.09339064 -0.04264160 0.05349112
v 0.10245311 -0.04207519 0.05349112
v 0.09401564 -0.04536621 0.05349112
v 0.10292190 -0.04402832 0.05349112
v 0.09479689 -0.04799316 0.05349112
v 0.10385940 -0.04584473 0.05349112
v 0.09620314 -0.05045410 0.05349112
v 0.09776564 -0.05270996 0.05349112
v 0.10510940 -0.04744629 0.05349112
v 0.09964064 -0.05471191 0.05349112
v 0.10667190 -0.04876465 0.05349112
v 0.10182811 -0.05640137 0.05349112
v 0.10432811 -0.05775879 0.05349112
v 0.10839061 -0.04975098 0.05349112
v 0.10682811 -0.05875488 0.05349112
v 0.11026561 -0.05035644 0.05349112
v 0.09870314 -0.02737793 0.06847161
v 0.09870314 -0.02736816 0.05349112
v 0.10010940 -0.02600098 0.06849113
v 0.10010940 -0.02600098 0.06849113
v 0.09870314 -0.02736816 0.05349112
v 0.10073440 -0.02552246 0.05349112
v 0.10010940 -0.02600098 0.06849113
v 0.10073440 -0.02552246 0.05349112
v 0.10245311 -0.02438965 0.06849113
v 0.10245311 -0.02438965 0.06849113
v 0.10073440 -0.02552246 0.05349112
v 0.10307811 -0.02398926 0.05349112
v 0.10245311 -0.02438965 0.06849113
v 0.10307811 -0.02398926 0.05349112
v 0.10479690 -0.02311035 0.06849113
v 0.10479690 -0.02311035 0.06849113
v 0.10307811 -0.02398926 0.05349112
v 0.10557811 -0.02281738 0.05349112
v 0.10479690 -0.02311035 0.06849113
v 0.10557811 -0.02281738 0.05349112
v 0.10745311 -0.02220215 0.06849113
v 0.10745311 -0.02220215 0.06849113
v 0.10557811 -0.02281738 0.05349112
v 0.10823440 -0.02201660 0.05349112
v 0.10745311 -0.02220215 0.06849113
v 0.10823440 -0.02201660 0.05349112
v 0.11010940 -0.02168457 0.06849113
v 0.11010940 -0.02168457 0.06849113
v 0.10823440 -0.02201660 0.05349112
v 0.11089061 -0.02160645 0.05349112
v 0.11010940 -0.02168457 0.06849113
v 0.11089061 -0.02160645 0.05349112
v 0.11292190 -0.02156738 0.06849113
v 0.11292190 -0.02156738 0.06849113
v 0.11089061 -0.02160645 0.05349112
v 0.11370311 -0.02160645 0.05349112
v 0.11292190 -0.02156738 0.06849113
v 0.11370311 -0.02160645 0.05349112
v 0.11573440 -0.02185059 0.06849113
v 0.11573440 -0.02185059 0.06849113
v 0.11370311 -0.02160645 0.05349112
v 0.11651561 -0.02201660 0.05349112
v 0.11573440 -0.02185059 0.06849113
v 0.11651561 -0.02201660 0.05349112
v 0.11839061 -0.02253418 0.06849113
v 0.11839061 -0.02253418 0.06849113
v 0.11651561 -0.02201660 0.05349112
v 0.11917190 -0.02281738 0.05349112
v 0.11839061 -0.02253418 0.06849113
v 0.11917190 -0.02281738 0.05349112
v 0.12089061 -0.02358887 0.06849113
v 0.12089061 -0.02358887 0.06849113
v 0.11917190 -0.02281738 0.05349112
v 0.12167190 -0.02398926 0.05349112
v 0.12089061 -0.02358887 0.06849113
v 0.12167190 -0.02398926 0.05349112
v 0.12323440 -0.02501465 0.06849113
v 0.12323440 -0.02501465 0.06849113
v 0.12167190 -0.02398926 0.05349112
v 0.12401561 -0.02552246 0.05349112
v 0.12323440 -0.02501465 0.06849113
v 0.12401561 -0.02552246 0.05349112
v 0.12542190 -0.02676270 0.06849113
v 0.12542190 -0.02676270 0.06849113
v 0.12401561 -0.02552246 0.05349112
v 0.12604690 -0.02736816 0.05349112
v 0.12542190 -0.02676270 0.06849113
v 0.12604690 -0.02736816 0.05349112
v 0.12729690 -0.02880371 0.06849113
v 0.12729690 -0.02880371 0.06849113
v 0.12604690 -0.02736816 0.05349112
v 0.12729690 -0.02880371 0.05849112
v 0.12729690 -0.02880371 0.05849112
v 0.12604690 -0.02736816 0.05349112
v 0.12776561 -0.02950684 0.05349112
v 0.12729690 -0.02880371 0.05849112
v 0.12776561 -0.02950684 0.05349112
v 0.12854691 -0.03062012 0.05849112
v 0.12854691 -0.03062012 0.05849112
v 0.12776561 -0.02950684 0.05349112
v 0.12932810 -0.03187012 0.05349112
v 0.12854691 -0.03062012 0.05849112
v 0.12932810 -0.03187012 0.05349112
v 0.12964060 -0.03258301 0.05849112
v 0.12964060 -0.03258301 0.05849112
v 0.12932810 -0.03187012 0.05349112
v 0.13026560 -0.03442871 0.05349112
v 0.12964060 -0.03258301 0.05849112
v 0.13026560 -0.03442871 0.05349112
v 0.13042191 -0.03465332 0.05849112
v 0.13042191 -0.03465332 0.05849112
v 0.13026560 -0.03442871 0.05349112
v 0.13104691 -0.03680176 0.05849112
v 0.13104691 -0.03710449 0.05349112
v 0.13104691 -0.03680176 0.05849112
v 0.13104691 -0.03710449 0.05349112
v 0.13104691 -0.03680176 0.06849113
v 0.13104691 -0.03680176 0.06849113
v 0.13104691 -0.03710449 0.05349112
v 0.13135941 -0.03945801 0.06849113
v 0.13135941 -0.03945801 0.06849113
v 0.13104691 -0.03710449 0.05349112
v 0.13135941 -0.03986816 0.05349112
v 0.13135941 -0.03945801 0.06849113
v 0.13135941 -0.03986816 0.05349112
v 0.13135941 -0.04214355 0.06849113
v 0.13135941 -0.04214355 0.06849113
v 0.13135941 -0.03986816 0.05349112
v 0.13120310 -0.04264160 0.05349112
v 0.13135941 -0.04214355 0.06849113
v 0.13120310 -0.04264160 0.05349112
v 0.13089060 -0.04479980 0.06849113
v 0.13089060 -0.04479980 0.06849113
v 0.13120310 -0.04264160 0.05349112
v 0.13089060 -0.04479980 0.05849112
v 0.13089060 -0.04479980 0.05849112
v 0.13120310 -0.04264160 0.05349112
v 0.13073441 -0.04536621 0.05349112
v 0.13089060 -0.04479980 0.05849112
v 0.13073441 -0.04536621 0.05349112
v 0.13026560 -0.04696777 0.05849112
v 0.13026560 -0.04696777 0.05849112
v 0.13073441 -0.04536621 0.05349112
v 0.12979691 -0.04799316 0.05349112
v 0.13026560 -0.04696777 0.05849112
v 0.12979691 -0.04799316 0.05349112
v 0.12932810 -0.04903808 0.05849112
v 0.12932810 -0.04903808 0.05849112
v 0.12979691 -0.04799316 0.05349112
v 0.12854691 -0.05045410 0.05349112
v 0.12932810 -0.04903808 0.05849112
v 0.12854691 -0.05045410 0.05349112
v 0.12823441 -0.05099121 0.05849112
v 0.12823441 -0.05099121 0.05849112
v 0.12854691 -0.05045410 0.05349112
v 0.12698440 -0.05270996 0.05349112
v 0.12823441 -0.05099121 0.05849112
v 0.12698440 -0.05270996 0.05349112
v 0.12682811 -0.05279785 0.05849112
v 0.12682811 -0.05279785 0.05849112
v 0.12698440 -0.05270996 0.05349112
v 0.12557811 -0.05414551 0.05981925
v 0.12682811 -0.05279785 0.05849112
v 0.12557811 -0.05414551 0.05981925
v 0.12682811 -0.05279785 0.06071768
v 0.09870314 -0.02737793 0.06847161
v 0.09729689 -0.02892090 0.06841301
v 0.09870314 -0.02736816 0.05349112
v 0.09870314 -0.02736816 0.05349112
v 0.09729689 -0.02892090 0.06841301
v 0.09682814 -0.02950684 0.05349112
v 0.09682814 -0.02950684 0.05349112
v 0.09729689 -0.02892090 0.06841301
v 0.09620314 -0.03062988 0.06827629
v 0.09682814 -0.02950684 0.05349112
v 0.09620314 -0.03062988 0.06827629
v 0.09542189 -0.03187012 0.05349112
v 0.09510939 -0.03246582 0.06808097
v 0.09542189 -0.03187012 0.05349112
v 0.09510939 -0.03246582 0.06808097
v 0.09432814 -0.03442871 0.05349112
v 0.09432814 -0.03442871 0.05349112
v 0.09510939 -0.03246582 0.06808097
v 0.09432814 -0.03439941 0.06778801
v 0.09432814 -0.03442871 0.05349112
v 0.09432814 -0.03439941 0.06778801
v 0.09385939 -0.03639160 0.06739738
v 0.09370314 -0.03710449 0.05349112
v 0.09370314 -0.03710449 0.05349112
v 0.09385939 -0.03639160 0.06739738
v 0.09354689 -0.03839355 0.06692863
v 0.09370314 -0.03710449 0.05349112
v 0.09354689 -0.03839355 0.06692863
v 0.09339064 -0.03986816 0.05349112
v 0.09339064 -0.03986816 0.05349112
v 0.09354689 -0.03839355 0.06692863
v 0.09339064 -0.04034668 0.06640129
v 0.09339064 -0.03986816 0.05349112
v 0.09339064 -0.04034668 0.06640129
v 0.09339064 -0.04226074 0.06577629
v 0.09339064 -0.04264160 0.05349112
v 0.09339064 -0.04264160 0.05349112
v 0.09339064 -0.04226074 0.06577629
v 0.09370314 -0.04417480 0.06507316
v 0.09339064 -0.04264160 0.05349112
v 0.09370314 -0.04417480 0.06507316
v 0.09401564 -0.04536621 0.05349112
v 0.09401564 -0.04536621 0.05349112
v 0.09370314 -0.04417480 0.06507316
v 0.09417189 -0.04606933 0.06429191
v 0.09401564 -0.04536621 0.05349112
v 0.09417189 -0.04606933 0.06429191
v 0.09479689 -0.04799316 0.05349112
v 0.09479689 -0.04799316 0.05349112
v 0.09417189 -0.04606933 0.06429191
v 0.09479689 -0.04789551 0.06345206
v 0.09479689 -0.04799316 0.05349112
v 0.09479689 -0.04789551 0.06345206
v 0.09573439 -0.04963379 0.06255362
v 0.09479689 -0.04799316 0.05349112
v 0.09573439 -0.04963379 0.06255362
v 0.09620314 -0.05045410 0.05349112
v 0.09667189 -0.05125488 0.06165518
v 0.09620314 -0.05045410 0.05349112
v 0.09667189 -0.05125488 0.06165518
v 0.09776564 -0.05270996 0.05349112
v 0.09776564 -0.05270996 0.05349112
v 0.09667189 -0.05125488 0.06165518
v 0.09776564 -0.05274902 0.06073722
v 0.09776564 -0.05270996 0.05349112
v 0.09776564 -0.05274902 0.06073722
v 0.09901564 -0.05409668 0.05985831
v 0.09776564 -0.05270996 0.05349112
v 0.09901564 -0.05409668 0.05985831
v 0.09964064 -0.05471191 0.05349112
v 0.09964064 -0.05471191 0.05349112
v 0.09901564 -0.05409668 0.05985831
v 0.10042190 -0.05531738 0.05899893
v 0.09964064 -0.05471191 0.05349112
v 0.10042190 -0.05531738 0.05899893
v 0.10182811 -0.05640137 0.05349112
v 0.10182811 -0.05640137 0.05349112
v 0.10042190 -0.05531738 0.05899893
v 0.10198440 -0.05644043 0.05815909
v 0.10182811 -0.05640137 0.05349112
v 0.10198440 -0.05644043 0.05815909
v 0.10354690 -0.05742676 0.05737784
v 0.10182811 -0.05640137 0.05349112
v 0.10354690 -0.05742676 0.05737784
v 0.10432811 -0.05775879 0.05349112
v 0.10432811 -0.05775879 0.05349112
v 0.10354690 -0.05742676 0.05737784
v 0.10542190 -0.05824707 0.05671378
v 0.10432811 -0.05775879 0.05349112
v 0.10542190 -0.05824707 0.05671378
v 0.10682811 -0.05875488 0.05349112
v 0.10682811 -0.05875488 0.05349112
v 0.10542190 -0.05824707 0.05671378
v 0.10729690 -0.05888183 0.05616690
v 0.10682811 -0.05875488 0.05349112
v 0.10729690 -0.05888183 0.05616690
v 0.10964061 -0.05936035 0.05349112
v 0.10932811 -0.05931152 0.05579581
v 0.10964061 -0.05936035 0.05349112
v 0.10932811 -0.05931152 0.05579581
v 0.11135940 -0.05952637 0.05558097
v 0.10964061 -0.05936035 0.05349112
v 0.11135940 -0.05952637 0.05558097
v 0.11229690 -0.05955566 0.05349112
v 0.11229690 -0.05955566 0.05349112
v 0.11135940 -0.05952637 0.05558097
v 0.11339061 -0.05953613 0.05558097
v 0.11229690 -0.05955566 0.05349112
v 0.11339061 -0.05953613 0.05558097
v 0.11510940 -0.05936035 0.05349112
v 0.11510940 -0.05936035 0.05349112
v 0.11339061 -0.05953613 0.05558097
v 0.11526561 -0.05932129 0.05577628
v 0.11510940 -0.05936035 0.05349112
v 0.11526561 -0.05932129 0.05577628
v 0.11729690 -0.05890137 0.05614737
v 0.11510940 -0.05936035 0.05349112
v 0.11729690 -0.05890137 0.05614737
v 0.11776561 -0.05875488 0.05349112
v 0.11776561 -0.05875488 0.05349112
v 0.11729690 -0.05890137 0.05614737
v 0.11917190 -0.05827637 0.05669425
v 0.11776561 -0.05875488 0.05349112
v 0.11917190 -0.05827637 0.05669425
v 0.12042190 -0.05775879 0.05349112
v 0.12042190 -0.05775879 0.05349112
v 0.11917190 -0.05827637 0.05669425
v 0.12104690 -0.05745605 0.05735831
v 0.12042190 -0.05775879 0.05349112
v 0.12104690 -0.05745605 0.05735831
v 0.12276561 -0.05640137 0.05349112
v 0.12276561 -0.05640137 0.05349112
v 0.12104690 -0.05745605 0.05735831
v 0.12276561 -0.05646973 0.05813956
v 0.12276561 -0.05640137 0.05349112
v 0.12276561 -0.05646973 0.05813956
v 0.12432811 -0.05535644 0.05895987
v 0.12510940 -0.05471191 0.05349112
v 0.12510940 -0.05471191 0.05349112
v 0.12432811 -0.05535644 0.05895987
v 0.12557811 -0.05414551 0.05981925
v 0.12510940 -0.05471191 0.05349112
v 0.12557811 -0.05414551 0.05981925
v 0.12698440 -0.05270996 0.05349112
v 0.10932811 0.02214356 0.05349112
v 0.11198440 0.02193848 0.05349112
v 0.11198440 0.03094238 0.05349112
v 0.11479690 0.02214356 0.05349112
v 0.11401561 0.03114746 0.05349112
v 0.11745311 0.02274902 0.05349112
v 0.11604690 0.03175293 0.05349112
v 0.12010940 0.02373535 0.05349112
v 0.11776561 0.03273926 0.05349112
v 0.12245311 0.02509277 0.05349112
v 0.12479690 0.02679199 0.05349112
v 0.11932811 0.03405762 0.05349112
v 0.12667190 0.02879395 0.05349112
v 0.12057811 0.03564941 0.05349112
v 0.12823441 0.03104981 0.05349112
v 0.12948441 0.03351074 0.05349112
v 0.12135940 0.03746582 0.05349112
v 0.13042191 0.03613769 0.05349112
v 0.12198440 0.03942871 0.05349112
v 0.13089060 0.03886230 0.05349112
v 0.12198440 0.04145019 0.05349112
v 0.13104691 0.04163574 0.05349112
v 0.13073441 0.04438965 0.05349112
v 0.12167190 0.04345215 0.05349112
v 0.12995310 0.04707519 0.05349112
v 0.12104690 0.04534668 0.05349112
v 0.12901560 0.04963379 0.05349112
v 0.12745311 0.05199707 0.05349112
v 0.11995311 0.04706543 0.05349112
v 0.12573440 0.05412598 0.05349112
v 0.11854690 0.04853027 0.05349112
v 0.12370311 0.05598144 0.05349112
v 0.11682811 0.04968262 0.05349112
v 0.12135940 0.05751465 0.05349112
v 0.11885940 0.05868652 0.05349112
v 0.11510940 0.05048340 0.05349112
v 0.11620311 0.05948730 0.05349112
v 0.11307811 0.05089355 0.05349112
v 0.11339061 0.05988769 0.05349112
v 0.11104690 0.05089355 0.05349112
v 0.11073440 0.05988769 0.05349112
v 0.10792190 0.05948730 0.05349112
v 0.10901561 0.05048340 0.05349112
v 0.10526561 0.05868652 0.05349112
v 0.10714061 0.04968262 0.05349112
v 0.10276561 0.05751465 0.05349112
v 0.10042190 0.05598144 0.05349112
v 0.10557811 0.04853027 0.05349112
v 0.09839064 0.05412598 0.05349112
v 0.10417190 0.04706543 0.05349112
v 0.09651564 0.05199707 0.05349112
v 0.10307811 0.04534668 0.05349112
v 0.09510939 0.04963379 0.05349112
v 0.09401564 0.04707519 0.05349112
v 0.10229690 0.04345215 0.05349112
v 0.09339064 0.04438965 0.05349112
v 0.10198440 0.04145019 0.05349112
v 0.09307814 0.04163574 0.05349112
v 0.09323439 0.03886230 0.05349112
v 0.10214061 0.03942871 0.05349112
v 0.09370314 0.03613769 0.05349112
v 0.10260940 0.03746582 0.05349112
v 0.09448439 0.03351074 0.05349112
v 0.10354690 0.03564941 0.05349112
v 0.09589064 0.03104981 0.05349112
v 0.09745314 0.02879395 0.05349112
v 0.10479690 0.03405762 0.05349112
v 0.09932814 0.02679199 0.05349112
v 0.10635940 0.03273926 0.05349112
v 0.10151561 0.02509277 0.05349112
v 0.10401561 0.02373535 0.05349112
v 0.10807811 0.03175293 0.05349112
v 0.10651561 0.02274902 0.05349112
v 0.11010940 0.03114746 0.05349112
v 0.11401561 0.03114746 0.05349112
v 0.11401561 0.03114746 0.01282706
v 0.11198440 0.03094238 0.05349112
v 0.11198440 0.03094238 0.01282706
v 0.11198440 0.03094238 0.05349112
v 0.11198440 0.03094238 0.01282706
v 0.11010940 0.03114746 0.05349112
v 0.11010940 0.03114746 0.01282706
v 0.11010940 0.03114746 0.05349112
v 0.11010940 0.03114746 0.01282706
v 0.10807811 0.03175293 0.05349112
v 0.10807811 0.03175293 0.01282706
v 0.10807811 0.03175293 0.05349112
v 0.10807811 0.03175293 0.01282706
v 0.10635940 0.03273926 0.05349112
v 0.10635940 0.03273926 0.01282706
v 0.10635940 0.03273926 0.05349112
v 0.10635940 0.03273926 0.01282706
v 0.10479690 0.03405762 0.05349112
v 0.10479690 0.03405762 0.01282706
v 0.10479690 0.03405762 0.05349112
v 0.10479690 0.03405762 0.01282706
v 0.10354690 0.03564941 0.05349112
v 0.10354690 0.03564941 0.01282706
v 0.10354690 0.03564941 0.05349112
v 0.10354690 0.03564941 0.01282706
v 0.10260940 0.03746582 0.05349112
v 0.10260940 0.03746582 0.01282706
v 0.10260940 0.03746582 0.05349112
v 0.10260940 0.03746582 0.01282706
v 0.10214061 0.03942871 0.05349112
v 0.10214061 0.03942871 0.01282706
v 0.10214061 0.03942871 0.05349112
v 0.10214061 0.03942871 0.01282706
v 0.10198440 0.04145019 0.05349112
v 0.10198440 0.04145019 0.01282706
v 0.10198440 0.04145019 0.05349112
v 0.10198440 0.04145019 0.01282706
v 0.10229690 0.04345215 0.05349112
v 0.10229690 0.04345215 0.01282706
v 0.10229690 0.04345215 0.05349112
v 0.10229690 0.04345215 0.01282706
v 0.10307811 0.04534668 0.05349112
v 0.10307811 0.04534668 0.01282706
v 0.10307811 0.04534668 0.05349112
v 0.10307811 0.04534668 0.01282706
v 0.10417190 0.04706543 0.05349112
v 0.10417190 0.04706543 0.01282706
v 0.10417190 0.04706543 0.05349112
v 0.10417190 0.04706543 0.01282706
v 0.10557811 0.04853027 0.05349112
v 0.10557811 0.04853027 0.01282706
v 0.10557811 0.04853027 0.05349112
v 0.10557811 0.04853027 0.01282706
v 0.10714061 0.04968262 0.05349112
v 0.10714061 0.04968262 0.01282706
v 0.10714061 0.04968262 0.05349112
v 0.10714061 0.04968262 0.01282706
v 0.10901561 0.05048340 0.05349112
v 0.10901561 0.05048340 0.01282706
v 0.10901561 0.05048340 0.05349112
v 0.10901561 0.05048340 0.01282706
v 0.11104690 0.05089355 0.05349112
v 0.11104690 0.05089355 0.01282706
v 0.11104690 0.05089355 0.05349112
v 0.11104690 0.05089355 0.01282706
v 0.11307811 0.05089355 0.05349112
v 0.11307811 0.05089355 0.01282706
v 0.11307811 0.05089355 0.05349112
v 0.11307811 0.05089355 0.01282706
v 0.11510940 0.05048340 0.05349112
v 0.11510940 0.05048340 0.01282706
v 0.11510940 0.05048340 0.05349112
v 0.11510940 0.05048340 0.01282706
v 0.11682811 0.04968262 0.05349112
v 0.11682811 0.04968262 0.01282706
v 0.11682811 0.04968262 0.05349112
v 0.11682811 0.04968262 0.01282706
v 0.11854690 0.04853027 0.05349112
v 0.11854690 0.04853027 0.01282706
v 0.11854690 0.04853027 0.05349112
v 0.11854690 0.04853027 0.01282706
v 0.11995311 0.04706543 0.05349112
v 0.11995311 0.04706543 0.01282706
v 0.11995311 0.04706543 0.05349112
v 0.11995311 0.04706543 0.01282706
v 0.12104690 0.04534668 0.05349112
v 0.12104690 0.04534668 0.01282706
v 0.12104690 0.04534668 0.05349112
v 0.12104690 0.04534668 0.01282706
v 0.12167190 0.04345215 0.05349112
v 0.12167190 0.04345215 0.01282706
v 0.12167190 0.04345215 0.05349112
v 0.12167190 0.04345215 0.01282706
v 0.12198440 0.04145019 0.05349112
v 0.12198440 0.04145019 0.01282706
v 0.12198440 0.04145019 0.05349112
v 0.12198440 0.04145019 0.01282706
v 0.12198440 0.03942871 0.05349112
v 0.12198440 0.03942871 0.01282706
v 0.12198440 0.03942871 0.05349112
v 0.12198440 0.03942871 0.01282706
v 0.12135940 0.03746582 0.05349112
v 0.12135940 0.03746582 0.01282706
v 0.12135940 0.03746582 0.05349112
v 0.12135940 0.03746582 0.01282706
v 0.12057811 0.03564941 0.05349112
v 0.12057811 0.03564941 0.01282706
v 0.12057811 0.03564941 0.05349112
v 0.12057811 0.03564941 0.01282706
v 0.11932811 0.03405762 0.05349112
v 0.11932811 0.03405762 0.01282706
v 0.11932811 0.03405762 0.05349112
v 0.11932811 0.03405762 0.01282706
v 0.11776561 0.03273926 0.05349112
v 0.11776561 0.03273926 0.01282706
v 0.11776561 0.03273926 0.05349112
v 0.11776561 0.03273926 0.01282706
v 0.11604690 0.03175293 0.05349112
v 0.11604690 0.03175293 0.01282706
v 0.11604690 0.03175293 0.05349112
v 0.11604690 0.03175293 0.01282706
v 0.11401561 0.03114746 0.05349112
v 0.11401561 0.03114746 0.01282706
v 0.12042190 0.03560058 -0.05850106
v 0.12057811 0.03564941 -0.02783700
v 0.12135940 0.03720215 -0.05850106
v 0.12135940 0.03720215 -0.05850106
v 0.12057811 0.03564941 -0.02783700
v 0.12135940 0.03746582 -0.02783700
v 0.12135940 0.03720215 -0.05850106
v 0.12135940 0.03746582 -0.02783700
v 0.12135940 0.03720215 -0.06850106
v 0.12135940 0.03720215 -0.06850106
v 0.12135940 0.03746582 -0.02783700
v 0.12182811 0.03877441 -0.06850106
v 0.12182811 0.03877441 -0.06850106
v 0.12135940 0.03746582 -0.02783700
v 0.12198440 0.03942871 -0.02783700
v 0.12182811 0.03877441 -0.06850106
v 0.12198440 0.03942871 -0.02783700
v 0.12198440 0.04040527 -0.06850106
v 0.12198440 0.04040527 -0.06850106
v 0.12198440 0.03942871 -0.02783700
v 0.12198440 0.04145019 -0.02783700
v 0.12198440 0.04204590 -0.06850106
v 0.12198440 0.04204590 -0.06850106
v 0.12198440 0.04145019 -0.02783700
v 0.12167190 0.04345215 -0.02783700
v 0.12198440 0.04204590 -0.06850106
v 0.12167190 0.04345215 -0.02783700
v 0.12167190 0.04365723 -0.06850106
v 0.12167190 0.04365723 -0.06850106
v 0.12167190 0.04345215 -0.02783700
v 0.12104690 0.04520019 -0.05850106
v 0.12167190 0.04365723 -0.06850106
v 0.12104690 0.04520019 -0.05850106
v 0.12104690 0.04520019 -0.06850106
v 0.12042190 0.03560058 -0.05850106
v 0.11932811 0.03416504 -0.05850106
v 0.12057811 0.03564941 -0.02783700
v 0.12057811 0.03564941 -0.02783700
v 0.11932811 0.03416504 -0.05850106
v 0.11932811 0.03405762 -0.02783700
v 0.11932811 0.03405762 -0.02783700
v 0.11932811 0.03416504 -0.05850106
v 0.11807811 0.03296387 -0.05850106
v 0.11932811 0.03405762 -0.02783700
v 0.11807811 0.03296387 -0.05850106
v 0.11776561 0.03273926 -0.02783700
v 0.11776561 0.03273926 -0.02783700
v 0.11807811 0.03296387 -0.05850106
v 0.11651561 0.03200683 -0.05850106
v 0.11776561 0.03273926 -0.02783700
v 0.11651561 0.03200683 -0.05850106
v 0.11604690 0.03175293 -0.02783700
v 0.11604690 0.03175293 -0.02783700
v 0.11651561 0.03200683 -0.05850106
v 0.11479690 0.03135254 -0.05850106
v 0.11604690 0.03175293 -0.02783700
v 0.11479690 0.03135254 -0.05850106
v 0.11401561 0.03114746 -0.02783700
v 0.11401561 0.03114746 -0.02783700
v 0.11479690 0.03135254 -0.05850106
v 0.11307811 0.03100098 -0.05850106
v 0.11401561 0.03114746 -0.02783700
v 0.11307811 0.03100098 -0.05850106
v 0.11198440 0.03094238 -0.02783700
v 0.11198440 0.03094238 -0.02783700
v 0.11307811 0.03100098 -0.05850106
v 0.11135940 0.03097168 -0.05850106
v 0.11198440 0.03094238 -0.02783700
v 0.11135940 0.03097168 -0.05850106
v 0.11010940 0.03114746 -0.02783700
v 0.11010940 0.03114746 -0.02783700
v 0.11135940 0.03097168 -0.05850106
v 0.10948440 0.03126465 -0.05850106
v 0.11010940 0.03114746 -0.02783700
v 0.10948440 0.03126465 -0.05850106
v 0.10807811 0.03175293 -0.02783700
v 0.10807811 0.03175293 -0.02783700
v 0.10948440 0.03126465 -0.06822763
v 0.10823440 0.03170410 -0.06816903
v 0.10948440 0.03126465 -0.05850106
v 0.10807811 0.03175293 -0.02783700
v 0.10823440 0.03170410 -0.06816903
v 0.10651561 0.03260254 -0.06807138
v 0.10807811 0.03175293 -0.02783700
v 0.10651561 0.03260254 -0.06807138
v 0.10635940 0.03273926 -0.02783700
v 0.10635940 0.03273926 -0.02783700
v 0.10651561 0.03260254 -0.06807138
v 0.10510940 0.03379394 -0.06789559
v 0.10635940 0.03273926 -0.02783700
v 0.10510940 0.03379394 -0.06789559
v 0.10479690 0.03405762 -0.02783700
v 0.10479690 0.03405762 -0.02783700
v 0.10510940 0.03379394 -0.06789559
v 0.10432811 0.03457519 -0.06775888
v 0.10479690 0.03405762 -0.02783700
v 0.10432811 0.03457519 -0.06775888
v 0.10354690 0.03564941 -0.02783700
v 0.10354690 0.03564941 -0.02783700
v 0.10432811 0.03457519 -0.06775888
v 0.10323440 0.03622558 -0.06744638
v 0.10354690 0.03564941 -0.02783700
v 0.10323440 0.03622558 -0.06744638
v 0.10260940 0.03746582 -0.02783700
v 0.10260940 0.03746582 -0.02783700
v 0.10323440 0.03622558 -0.06744638
v 0.10245311 0.03801269 -0.06703622
v 0.10260940 0.03746582 -0.02783700
v 0.10245311 0.03801269 -0.06703622
v 0.10214061 0.03942871 -0.02783700
v 0.10214061 0.03942871 -0.02783700
v 0.10245311 0.03801269 -0.06703622
v 0.10214061 0.03992676 -0.06652842
v 0.10214061 0.03942871 -0.02783700
v 0.10214061 0.03942871 -0.02783700
v 0.10214061 0.03992676 -0.06652842
v 0.10198440 0.04094238 -0.06621592
v 0.10198440 0.04094238 -0.06621592
v 0.10198440 0.04145019 -0.02783700
v 0.10198440 0.04145019 -0.02783700
v 0.10198440 0.04094238 -0.06621592
v 0.10229690 0.04285644 -0.06557138
v 0.10198440 0.04145019 -0.02783700
v 0.10229690 0.04285644 -0.06557138
v 0.10229690 0.04345215 -0.02783700
v 0.10245311 0.04390137 -0.06518075
v 0.10229690 0.04345215 -0.02783700
v 0.10245311 0.04390137 -0.06518075
v 0.10276561 0.04484863 -0.06480966
v 0.10229690 0.04345215 -0.02783700
v 0.10276561 0.04484863 -0.06480966
v 0.10307811 0.04534668 -0.02783700
v 0.10307811 0.04534668 -0.02783700
v 0.10276561 0.04484863 -0.06480966
v 0.10385940 0.04662598 -0.06404795
v 0.10307811 0.04534668 -0.02783700
v 0.10385940 0.04662598 -0.06404795
v 0.10417190 0.04706543 -0.02783700
v 0.10417190 0.04706543 -0.02783700
v 0.10385940 0.04662598 -0.06404795
v 0.10510940 0.04808105 -0.06336434
v 0.10417190 0.04706543 -0.02783700
v 0.10510940 0.04808105 -0.06336434
v 0.10557811 0.04853027 -0.02783700
v 0.10557811 0.04853027 -0.02783700
v 0.10510940 0.04808105 -0.06336434
v 0.10651561 0.04925293 -0.06275888
v 0.10557811 0.04853027 -0.02783700
v 0.10651561 0.04925293 -0.06275888
v 0.10714061 0.04968262 -0.02783700
v 0.10714061 0.04968262 -0.02783700
v 0.10651561 0.04925293 -0.06275888
v 0.10729690 0.04975098 -0.06250497
v 0.10714061 0.04968262 -0.02783700
v 0.10729690 0.04975098 -0.06250497
v 0.10823440 0.05019043 -0.06225106
v 0.10948440 0.05062012 -0.06201669
v 0.10948440 0.05062012 -0.05850106
v 0.10823440 0.05019043 -0.06225106
v 0.10823440 0.05019043 -0.06225106
v 0.10948440 0.05062012 -0.05850106
v 0.10901561 0.05048340 -0.02783700
v 0.10823440 0.05019043 -0.06225106
v 0.10901561 0.05048340 -0.02783700
v 0.10714061 0.04968262 -0.02783700
v 0.10901561 0.05048340 -0.02783700
v 0.10948440 0.05062012 -0.05850106
v 0.11104690 0.05089355 -0.02783700
v 0.11104690 0.05089355 -0.02783700
v 0.10948440 0.05062012 -0.05850106
v 0.11151561 0.05092285 -0.05850106
v 0.11104690 0.05089355 -0.02783700
v 0.11151561 0.05092285 -0.05850106
v 0.11307811 0.05089355 -0.02783700
v 0.11307811 0.05089355 -0.02783700
v 0.11151561 0.05092285 -0.05850106
v 0.11339061 0.05084473 -0.05850106
v 0.11307811 0.05089355 -0.02783700
v 0.11339061 0.05084473 -0.05850106
v 0.11510940 0.05048340 -0.02783700
v 0.11510940 0.05048340 -0.02783700
v 0.11339061 0.05084473 -0.05850106
v 0.11542190 0.05037598 -0.05850106
v 0.11510940 0.05048340 -0.02783700
v 0.11542190 0.05037598 -0.05850106
v 0.11682811 0.04968262 -0.02783700
v 0.11682811 0.04968262 -0.02783700
v 0.11542190 0.05037598 -0.05850106
v 0.11714061 0.04953613 -0.05850106
v 0.11682811 0.04968262 -0.02783700
v 0.11714061 0.04953613 -0.05850106
v 0.11854690 0.04853027 -0.02783700
v 0.11854690 0.04853027 -0.02783700
v 0.11714061 0.04953613 -0.05850106
v 0.11870311 0.04836426 -0.05850106
v 0.11854690 0.04853027 -0.02783700
v 0.11870311 0.04836426 -0.05850106
v 0.11995311 0.04706543 -0.02783700
v 0.12010940 0.04689941 -0.05850106
v 0.11995311 0.04706543 -0.02783700
v 0.12010940 0.04689941 -0.05850106
v 0.12104690 0.04534668 -0.02783700
v 0.12104690 0.04534668 -0.02783700
v 0.12010940 0.04689941 -0.05850106
v 0.12104690 0.04520019 -0.05850106
v 0.12104690 0.04534668 -0.02783700
v 0.12104690 0.04520019 -0.05850106
v 0.12167190 0.04345215 -0.02783700
f 1 2 3
f 3 2 4
f 5 6 7
f 7 6 8
f 9 10 11
f 11 10 12
f 13 14 15
f 15 14 16
f 17 18 19
f 19 18 20
f 21 22 23
f 23 22 24
f 25 26 27
f 27 26 28
f 29 30 31
f 31 30 32
f 33 34 35
f 35 34 36
f 37 38 39
f 39 38 40
f 41 42 43
f 43 42 44
f 45 46 47
f 47 46 48
f 49 50 51
f 51 50 52
f 53 54 55
f 55 54 56
f 57 58 59
f 59 58 60
f 61 62 63
f 63 62 64
f 65 66 67
f 67 66 68
f 69 70 71
f 71 70 72
f 73 74 75
f 75 74 76
f 77 78 79
f 79 78 80
f 81 82 83
f 83 82 84
f 85 86 87
f 87 86 88
f 89 90 91
f 91 90 92
f 93 94 95
f 95 94 96
f 97 98 99
f 99 98 100
f 101 102 103
f 103 102 104
f 105 106 107
f 107 106 108
f 109 110 111
f 111 110 112
f 113 114 115
f 115 114 116
f 117 118 119
f 119 118 120
f 121 122 123
f 123 122 124
f 125 126 127
f 127 126 128
f 129 130 131
f 131 130 132
f 133 134 135
f 135 134 136
f 137 138 139
f 139 138 140
f 141 142 143
f 143 142 144
f 145 146 147
f 147 146 148
f 149 150 151
f 151 150 152
f 153 154 155
f 155 154 156
f 157 158 159
f 159 158 160
f 161 162 163
f 163 162 164
f 165 166 167
f 167 166 168
f 169 170 171
f 171 170 172
f 173 174 175
f 175 174 176
f 177 178 179
f 179 178 180
f 181 182 183
f 183 182 184
f 185 186 187
f 187 186 188
f 189 190 191
f 191 190 192
f 193 194 195
f 195 194 196
f 197 198 199
f 199 198 200
f 201 202 203
f 203 202 204
f 205 206 207
f 207 206 208
f 209 210 211
f 211 210 212
f 213 214 215
f 215 214 216
f 217 218 219
f 219 218 220
f 221 222 223
f 223 222 224
f 225 226 227
f 227 226 228
f 229 230 231
f 231 230 232
f 233 234 235
f 235 234 236
f 237 238 239
f 239 238 240
f 241 242 243
f 243 242 244
f 245 246 247
f 247 246 248
f 6 128 8
f 8 128 126
f 10 248 12
f 12 248 246
f 14 244 16
f 16 244 242
f 18 240 20
f 20 240 238
f 22 236 24
f 24 236 234
f 26 232 28
f 28 232 230
f 30 228 32
f 32 228 226
f 34 224 36
f 36 224 222
f 38 220 40
f 40 220 218
f 42 216 44
f 44 216 214
f 46 212 48
f 48 212 210
f 50 208 52
f 52 208 206
f 54 204 56
f 56 204 202
f 58 200 60
f 60 200 198
f 62 196 64
f 64 196 194
f 66 192 68
f 68 192 190
f 70 188 72
f 72 188 186
f 74 184 76
f 76 184 182
f 78 180 80
f 80 180 178
f 82 176 84
f 84 176 174
f 86 172 88
f 88 172 170
f 90 168 92
f 92 168 166
f 94 164 96
f 96 164 162
f 98 160 100
f 100 160 158
f 102 156 104
f 104 156 154
f 106 152 108
f 108 152 150
f 110 148 112
f 112 148 146
f 114 144 116
f 116 144 142
f 118 140 120
f 120 140 138
f 122 136 124
f 124 136 134
f 2 132 4
f 4 132 130
f 249 250 251
f 252 253 254
f 255 256 257
f 258 259 260
f 261 262 263
f 264 265 266
f 267 268 269
f 270 271 272
f 273 274 275
f 276 277 278
f 279 280 281
f 282 283 284
f 285 286 287
f 288 289 290
f 291 292 293
f 294 295 296
f 297 298 299
f 300 301 302
f 303 304 305
f 306 307 308
f 309 310 311
f 312 313 314
f 315 316 317
f 317 316 318
f 319 320 321
f 322 323 324
f 325 326 327
f 328 329 330
f 331 332 333
f 334 335 336
f 337 338 339
f 340 341 342
f 343 344 345
f 346 347 348
f 349 350 351
f 352 353 354
f 355 356 357
f 358 359 360
f 361 362 363
f 364 365 366
f 367 368 369
f 370 371 372
f 373 374 375
f 376 377 378
f 379 380 381
f 382 383 384
f 385 386 387
f 388 389 390
f 391 392 393
f 394 395 396
f 397 398 399
f 400 401 402
f 403 404 405
f 406 407 408
f 409 410 411
f 408 412 413
f 414 415 416
f 417 418 419
f 420 421 422
f 422 421 423
f 423 421 424
f 423 424 425
f 425 424 426
f 426 424 427
f 426 427 428
f 428 427 429
f 428 429 430
f 430 429 431
f 430 431 432
f 432 431 433
f 432 433 434
f 432 434 435
f 435 434 436
f 435 436 437
f 437 436 438
f 437 438 439
f 439 438 440
f 439 440 441
f 441 440 442
f 441 442 443
f 443 442 444
f 443 444 445
f 445 444 446
f 445 446 447
f 447 446 448
f 448 446 449
f 448 449 450
f 450 449 451
f 450 451 452
f 452 451 453
f 453 451 454
f 453 454 455
f 455 454 456
f 456 454 457
f 456 457 458
f 458 457 459
f 458 459 460
f 460 459 461
f 461 459 462
f 461 462 463
f 463 462 464
f 463 464 465
f 465 464 466
f 465 466 467
f 467 466 468
f 467 468 469
f 469 468 470
f 469 470 471
f 471 470 472
f 471 472 473
f 473 472 474
f 473 474 475
f 475 474 476
f 475 476 477
f 477 476 478
f 477 478 479
f 479 478 480
f 479 480 481
f 481 480 482
f 481 482 483
f 483 482 484
f 483 484 485
f 485 484 486
f 487 488 489
f 490 491 492
f 489 493 494
f 494 493 495
f 496 497 498
f 499 500 501
f 502 503 504
f 505 506 507
f 508 509 510
f 511 512 513
f 514 515 516
f 517 518 519
f 520 521 522
f 523 524 525
f 523 525 526
f 527 528 529
f 527 529 530
f 531 532 533
f 534 535 536
f 537 538 539
f 540 541 542
f 543 544 545
f 543 545 546
f 547 548 549
f 550 551 552
f 553 554 555
f 553 555 556
f 557 558 559
f 557 559 560
f 561 562 563
f 564 565 566
f 567 568 569
f 570 571 572
f 573 574 575
f 573 575 576
f 577 578 579
f 580 581 582
f 583 584 585
f 583 585 586
f 587 588 589
f 587 589 590
f 591 592 593
f 591 593 594
f 595 596 597
f 595 597 598
f 599 600 601
f 599 601 602
f 603 604 605
f 606 607 608
f 609 610 611
f 612 613 614
f 615 616 617
f 618 619 620
f 621 622 623
f 621 623 624
f 625 626 627
f 628 629 630
f 631 632 633
f 634 635 636
f 637 638 639
f 640 641 642
f 643 644 645
f 646 647 648
f 649 650 651
f 649 651 652
f 653 654 655
f 656 657 658
f 659 660 661
f 662 663 664
f 665 666 667
f 665 667 668
f 669 670 671
f 669 671 672
f 673 674 675
f 676 677 678
f 679 680 681
f 682 683 684
f 685 686 687
f 688 689 690
f 691 692 693
f 694 695 696
f 697 698 699
f 697 699 700
f 701 702 703
f 704 705 706
f 707 708 709
f 710 711 712
f 713 714 715
f 716 717 718
f 719 720 721
f 722 723 724
f 725 726 727
f 728 729 730
f 731 732 733
f 734 735 736
f 737 738 739
f 740 741 742
f 743 744 745
f 746 747 748
f 749 750 751
f 752 753 754
f 755 756 757
f 758 759 760
f 761 762 763
f 764 765 766
f 767 768 769
f 770 771 772
f 773 774 775
f 776 777 778
f 779 780 781
f 782 783 784
f 785 786 787
f 788 789 790
f 791 792 793
f 794 795 796
f 797 798 799
f 800 801 802
f 803 804 805
f 806 807 808
f 809 810 811
f 812 813 814
f 815 816 817
f 818 819 820
f 821 822 823
f 824 825 826
f 827 828 829
f 830 831 832
f 833 834 835
f 836 837 838
f 839 840 841
f 842 843 844
f 845 846 847
f 848 849 850
f 851 852 853
f 854 855 856
f 856 855 857
f 858 859 860
f 861 862 863
f 864 865 866
f 867 868 869
f 870 871 872
f 873 874 875
f 876 877 878
f 879 880 881
f 882 883 884
f 882 884 885
f 886 887 888
f 889 890 891
f 889 891 892
f 893 894 895
f 896 897 898
f 899 900 901
f 902 903 904
f 905 906 907
f 908 909 910
f 911 912 913
f 914 915 916
f 917 918 919
f 920 921 922
f 923 924 925
f 926 927 928
f 929 930 931
f 932 933 934
f 935 936 937
f 938 939 940
f 941 942 943
f 944 945 946
f 947 948 949
f 950 951 952
f 953 954 955
f 956 957 958
f 959 960 961
f 962 963 964
f 965 966 967
f 968 969 970
f 971 972 973
f 974 975 976
f 976 975 977
f 978 979 980
f 981 982 983
f 984 985 986
f 987 988 989
f 990 991 992
f 993 994 995
f 996 997 998
f 999 1000 1001
f 1002 1003 1004
f 1005 1006 1007
f 1008 1009 1010
f 1007 1011 1012
f 1012 1011 1013
f 1014 1015 1016
f 1016 1015 1017
f 1016 1017 1018
f 1019 1020 1021
f 1022 1023 1024
f 1024 1023 1025
f 1024 1025 1026
f 1026 1025 1027
f 1028 1029 1030
f 1030 1029 1031
f 1032 1033 1034
f 1034 1033 1035
f 1034 1035 1036
f 1036 1035 1037
f 1038 1039 1040
f 1040 1039 1041
f 1042 1043 1044
f 1044 1043 1045
f 1046 1047 1048
f 1048 1047 1049
f 1048 1049 1050
f 1050 1049 1051
f 1052 1053 1054
f 1054 1053 1055
f 1056 1057 1058
f 1059 1060 1061
f 1062 1063 1064
f 1065 1066 1067
f 1068 1069 1070
f 1071 1072 1073
f 1074 1075 1076
f 1077 1078 1079
f 1080 1081 1082
f 1083 1084 1085
f 1086 1087 1088
f 1089 1090 1091
f 1092 1093 1094
f 1095 1096 1097
f 1098 1099 1100
f 1101 1102 1103
f 1104 1105 1106
f 1107 1108 1109
f 1110 1111 1112
f 1113 1114 1115
f 1116 1117 1118
f 1119 1120 1121
f 1122 1123 1124
f 1122 1124 1125
f 1126 1127 1128
f 1129 1130 1131
f 1132 1133 1134
f 1135 1136 1137
f 1135 1137 1138
f 1139 1140 1141
f 1142 1143 1144
f 1145 1146 1147
f 1148 1149 1150
f 1151 1152 1153
f 1154 1155 1156
f 1157 1158 1159
f 1160 1161 1162
f 1163 1164 1165
f 1166 1167 1168
f 1169 1170 1171
f 1172 1173 1174
f 1175 1176 1177
f 1178 1179 1180
f 1181 1182 1183
f 1183 1182 1184
f 1185 1186 1187
f 1187 1186 1188
f 1189 1190 1191
f 1192 1193 1194
f 1195 1196 1197
f 1198 1199 1200
f 1201 1202 1203
f 1204 1205 1206
f 1207 1208 1209
f 1210 1211 1212
f 1213 1214 1215
f 1216 1217 1218
f 1219 1220 1221
f 1221 1220 1222
f 1223 1224 1225
f 1225 1224 1226
f 1227 1228 1229
f 1229 1228 1230
f 1231 1232 1233
f 1233 1232 1234
f 1235 1236 1237
f 1237 1236 1238
f 1239 1240 1241
f 1241 1240 1242
f 1243 1244 1245
f 1245 1244 1246
f 1247 1248 1249
f 1250 1251 1252
f 1253 1254 1255
f 1255 1254 1256
f 1257 1258 1259
f 1260 1261 1262
f 1263 1264 892
f 892 1264 889
f 1265 1266 1267
f 1268 1269 1270
f 1271 1272 1273
f 1274 1275 1276
f 1274 1276 1277
f 1277 1276 1278
f 1279 1280 1281
f 1281 1280 1282
f 1281 1282 1283
f 1284 1285 1286
f 1287 1288 1289
f 1289 1288 1290
f 1291 1292 1293
f 1294 1290 1295
f 1293 1296 1297
f 1297 1296 1298
f 1299 1300 1301
f 1301 1300 1302
f 1301 1302 1303
f 1304 1305 1306
f 1307 1308 1309
f 1309 1308 1310
f 1309 1310 1311
f 1311 1310 1312
f 1313 1314 1315
f 1315 1314 1316
f 1317 1318 1319
f 1319 1318 1320
f 1319 1320 1321
f 1321 1320 1322
f 1323 1324 1325
f 1326 1327 1328
f 1325 1329 1330
f 1330 1329 1331
f 1332 1333 1334
f 1334 1333 1335
f 1336 1337 1338
f 1338 1337 1339
f 1340 1341 1342
f 1343 1344 1345
f 1346 1347 1348
f 1348 1347 1349
f 1350 1351 1352
f 1352 1351 1353
f 1352 1353 1354
f 1355 1356 1357
f 1358 1359 1360
f 1360 1359 1361
f 1360 1361 1362
f 1363 1364 1365
f 1363 1365 1366
f 1366 1365 1367
f 1368 1369 1370
f 1370 1369 1371
f 1372 1373 1374
f 1374 1373 1375
f 1376 1377 1378
f 1378 1377 1379
f 1378 1379 1380
f 1380 1379 1381
f 1382 1383 1384
f 1384 1383 1385
f 1386 1387 1388
f 1388 1387 1389
f 1388 1389 1390
f 1390 1389 1391
f 1392 1393 1394
f 1395 1396 1397
f 1395 1397 1398
f 1398 1397 1399
f 1400 1401 1402
f 1402 1401 769
f 1402 769 768
f 1403 1404 1405
f 1406 1407 1408
f 1409 1410 1411
f 1412 1413 1414
f 1415 1416 1417
f 1418 1419 1420
f 1421 1422 1423
f 1424 1425 1426
f 1427 1428 1429
f 1429 1428 1430
f 1431 1432 1433
f 1434 1435 1436
f 1437 1438 1439
f 1439 1438 1440
f 1441 1442 1443
f 1444 1445 1446
f 1447 1448 1449
f 1450 1451 1452
f 1453 1454 1455
f 1455 1454 1456
f 1457 1458 1459
f 1459 1458 1460
f 1461 1462 1463
f 1463 1462 1464
f 1465 1466 1467
f 1467 1466 1468
f 1469 1470 1471
f 1471 1470 1472
f 1473 1474 1475
f 1476 1477 1478
f 1479 1480 1481
f 1482 1483 1484
f 1485 775 774
f 1486 1487 1488
f 1489 1490 1491
f 1492 1493 1494
f 1495 1496 1497
f 1498 1499 1500
f 1501 1502 1503
f 1504 1505 1506
f 1506 1505 1507
f 1508 1509 1510
f 1511 1512 1513
f 1514 1515 1516
f 1517 1518 1519
f 1520 1521 1522
f 1523 1524 1525
f 1526 1527 1528
f 1529 1530 1531
f 1532 1533 1534
f 1535 1536 1537
f 1538 1539 1540
f 1541 1542 1543
f 1544 1545 1546
f 1547 1548 1549
f 1550 1551 1552
f 1552 1551 1553
f 1554 1555 1556
f 1556 1555 1557
f 1558 1559 1560
f 1560 1559 1561
f 1562 1563 1564
f 1565 1566 1567
f 1568 1569 1570
f 1571 1572 1573
f 1574 1575 1576
f 1577 1578 1579
f 1580 1581 1582
f 1583 1584 1585
f 1586 1587 1588
f 1589 1590 1591
f 1592 1593 1594
f 1595 1596 1597
f 1598 1599 1600
f 1601 1602 1603
f 1604 1605 1606
f 1607 1608 1609
f 1610 1611 1612
f 1613 1614 1615
f 1616 1617 1618
f 1619 1620 1621
f 1621 1620 1622
f 1623 1624 1625
f 1625 1624 1626
f 1627 799 798
f 1628 1629 1630
f 1631 1632 1633
f 1634 1635 1636
f 1637 1638 1639
f 1640 1641 1642
f 1643 1644 1645
f 1646 1647 1648
f 1649 1650 1651
f 1652 1653 1654
f 1655 1656 1657
f 1658 1659 1660
f 1661 1662 1663
f 1664 1665 1666
f 1667 1668 1669
f 1670 1671 1672
f 1673 1674 1675
f 1676 1677 1678
f 1679 1680 1681
f 1682 1683 1684
f 1685 1686 1687
f 1688 1689 1690
f 1691 1692 1693
f 1694 1695 1696
f 1697 1698 1699
f 1700 1701 1702
f 1703 1704 1705
f 1706 1707 1708
f 1709 1710 1711
f 1712 1713 1714
f 1715 1716 1717
f 1718 1719 1720
f 1721 1722 1723
f 1724 1725 1726
f 1727 1728 1729
f 1730 1731 1732
f 1733 1734 1735
f 1736 1737 1738
f 1739 1740 1741
f 1742 1743 1744
f 1745 1746 1747
f 1747 1746 1748
f 1749 847 846
f 1750 1751 1752
f 1753 1754 1755
f 1756 1757 1758
f 1759 1760 1761
f 1762 1763 1764
f 1765 1766 1767
f 1768 1769 1770
f 1771 1772 1773
f 1774 1775 1776
f 1777 1778 1779
f 1780 1781 863
f 1782 1783 1784
f 1785 1786 1787
f 1788 1789 1790
f 1791 1792 1793
f 1794 1795 1796
f 1797 1798 1799
f 1800 1801 1802
f 1803 1804 1805
f 1806 1807 1808
f 1809 1810 1811
f 1804 1812 1805
f 1813 1814 1815
f 1810 1816 1811
f 1817 1818 1819
f 1820 1821 1822
f 1823 1824 1825
f 1826 1827 1828
f 1828 1827 1829
f 1830 1831 1832
f 1833 1834 1835
f 1836 1837 1838
f 1818 1839 1819
f 1840 1841 1842
f 1843 1844 1845
f 1846 1847 1848
f 1731 1849 1732
f 1850 1851 1852
f 1847 1853 1848
f 1854 811 810
f 1851 1855 1852
f 1856 805 804
f 1857 1858 1859
f 1860 1861 1862
f 1863 1864 1865
f 1866 1867 1868
f 1869 1870 1871
f 1872 1873 1874
f 1875 1876 1877
f 1878 1879 1880
f 1881 1882 1883
f 1884 1696 1695
f 816 1885 817
f 1886 1887 1888
f 1889 1890 1891
f 1892 1863 1865
f 1893 1894 1895
f 1896 1897 1898
f 1899 1900 1901
f 1902 1903 1904
f 1905 1906 1907
f 1908 1909 1910
f 808 1911 806
f 1912 1913 1914
f 1915 1916 1917
f 1918 1919 1920
f 1921 1922 1923
f 1924 1925 1926
f 1927 1928 1929
f 1930 1931 1932
f 1933 1934 1935
f 1936 1937 1938
f 1939 1940 1941
f 1942 1943 1944
f 772 1945 770
f 1946 1947 1948
f 1949 1950 1951
f 1952 1953 1954
f 1955 1956 1957
f 1958 1959 1960
f 1961 1962 1963
f 1925 1964 1926
f 1965 1966 1967
f 1968 1969 1970
f 1971 1972 1973
f 1974 1975 1976
f 1977 1978 1979
f 1943 1980 1944
f 1981 1982 1983
f 1984 1985 1986
f 1987 1988 1989
f 1990 812 814
f 1991 1992 1993
f 1994 818 820
f 1995 1996 1997
f 1998 1999 2000
f 2001 2002 2003
f 2004 2005 2006
f 2007 2008 2009
f 2010 2011 2012
f 2013 2014 2015
f 2016 2017 2018
f 2019 2020 2021
f 2022 848 850
f 2023 2024 2025
f 2026 2027 2028
f 1962 2029 1963
f 2030 2031 2032
f 2033 2034 2035
f 2036 2037 2038
f 2039 2040 2041
f 2042 2043 2044
f 2045 2046 2047
f 2048 2049 2050
f 2051 2052 2053
f 2054 2055 2056
f 2057 1987 1989
f 2058 2059 2060
f 2061 1991 1993
f 2062 2063 2064
f 2065 2066 2067
f 2068 2069 2070
f 2071 2072 2073
f 2074 2075 2076
f 2077 2007 2009
f 2078 2079 2080
f 2081 2013 2015
f 2082 2083 2084
f 2085 2086 2087
f 2088 2089 2090
f 2091 2092 2093
f 2094 2095 2096
f 2097 2098 2099
f 2100 2101 2102
f 2103 2104 2105
f 2106 2107 2108
f 2109 2110 2111
f 2112 2113 2114
f 2115 2116 2117
f 2118 2119 2120
f 2121 2122 2123
f 2124 2058 2060
f 2125 2126 2127
f 2128 2062 2064
f 2129 2130 2131
f 2132 2068 2070
f 2133 2134 2135
f 2136 2137 2138
f 2139 2140 2141
f 2142 2143 2144
f 2145 2146 2147
f 2148 2082 2084
f 2092 2149 2093
f 2150 2151 2152
f 2153 2154 2155
f 2156 2157 2158
f 2104 2159 2105
f 2160 2161 2162
f 2163 2164 2165
f 2166 2167 2168
f 2169 2170 2171
f 2172 2173 2174
f 2175 2121 2123
f 2176 2177 2178
f 2179 2125 2127
f 2180 2181 2182
f 2183 2184 2185
f 2186 2187 2188
f 2189 2133 2135
f 2190 2191 2192
f 2193 2194 2195
f 2196 2197 2198
f 2199 2200 2201
f 2202 2203 2204
f 2205 2206 2207
f 2157 2208 2158
f 2209 2210 2211
f 2161 2212 2162
f 2213 2214 2215
f 2216 2217 2218
f 2219 2220 2221
f 2222 2223 2224
f 2225 2226 2227
f 2228 2229 2230
f 2231 2232 2233
f 2234 2180 2182
f 2235 2236 2237
f 2238 2239 2240
f 2241 2242 2243
f 2244 2245 2246
f 2247 2248 2249
f 2250 2251 2252
f 2206 2253 2207
f 2254 2255 2256
f 2257 2258 2259
f 2260 2261 2262
f 2263 2213 2215
f 2264 2265 2266
f 2267 2219 2221
f 2268 2269 2270
f 2271 2272 2273
f 2274 2275 2276
f 2277 2278 2279
f 2280 2281 2282
f 2283 2235 2237
f 2284 2285 2286
f 2287 2241 2243
f 2288 2289 2290
f 2291 2247 2249
f 2256 2255 2292
f 2293 2294 2295
f 2296 2297 2298
f 2299 2300 2301
f 2302 2303 2304
f 2305 2306 2307
f 2305 2307 2308
f 2309 2310 2311
f 2312 2313 2314
f 2315 2316 2317
f 2318 2319 2320
f 2321 2322 2323
f 2324 2325 2326
f 2327 2328 2329
f 2330 2331 2332
f 2333 2334 2335
f 2336 2337 2338
f 2339 2340 2341
f 2342 2264 2266
f 2343 2344 2345
f 2346 2268 2270
f 2347 2348 2349
f 2350 2274 2276
f 2351 2352 2353
f 2354 2355 2356
f 2357 2358 2359
f 2360 2284 2286
f 2361 2362 2363
f 2364 2288 2290
f 2365 2366 2367
f 2368 2333 2335
f 2369 2370 2371
f 2371 2370 2372
f 2373 2374 2375
f 2376 2377 2378
f 2379 2380 2381
f 2382 2383 2384
f 2385 2386 2387
f 2388 2389 2390
f 2391 2392 2393
f 2394 2395 2396
f 2397 2398 2399
f 2400 2401 2402
f 2403 2404 2405
f 2406 2407 2408
f 2409 2347 2349
f 2410 2411 2412
f 2413 2414 2415
f 2416 2417 2418
f 2418 2417 2419
f 2420 2421 2422
f 2423 2424 2425
f 2426 2427 2428
f 2429 2430 2431
f 2432 2351 2353
f 2433 2434 2435
f 2436 2437 2438
f 2438 2437 2439
f 2440 2441 2442
f 2443 2444 2445
f 2446 2447 2448
f 2449 2450 2451
f 2452 2453 2454
f 2455 2456 2457
f 2458 2459 2460
f 2460 2459 2461
f 2462 2357 2359
f 987 989 2463
f 2463 989 2464
f 2465 2466 2467
f 2467 2466 2468
f 2469 2470 2471
f 2471 2470 2472
f 2473 2474 2475
f 2476 2472 2477
f 2478 2479 2480
f 2480 2479 2481
f 2480 2481 2482
f 2482 2481 2483
f 2484 2485 2486
f 2486 2485 2487
f 2488 2489 2490
f 2490 2489 2491
f 2490 2491 2492
f 2492 2491 2493
f 2494 2495 2496
f 2497 2498 2499
f 2497 2499 2500
f 2500 2499 2501
f 2502 2503 2504
f 2504 2503 2505
f 2506 2507 2508
f 2508 2507 2509
f 2508 2509 2510
f 2510 2509 2511
f 2512 2513 2514
f 2515 2516 858
f 2515 858 860
f 2517 2518 2519
f 2519 2518 2520
f 2521 2522 2523
f 2524 2525 2526
f 2527 2528 2529
f 2529 2528 2530
f 2531 2532 2533
f 2534 2535 2536
f 2537 2538 2539
f 2539 2538 2540
f 2541 2542 2543
f 2543 2542 2544
f 2545 2546 2547
f 2547 2546 2548
f 2549 2550 2551
f 2551 2550 2552
f 2553 2554 2555
f 2555 2554 2556
f 2557 2558 2559
f 2559 2558 2560
f 2561 2562 2563
f 2563 2562 2564
f 2565 2566 2567
f 2568 2569 2570
f 2571 2572 2573
f 2573 2572 2574
f 2575 2576 2577
f 2578 2579 2580
f 2581 2582 2583
f 2584 2585 2586
f 2587 2588 2589
f 2590 2591 2592
f 2593 2594 2595
f 2596 2597 2598
f 2599 2600 2601
f 2602 2603 2604
f 2604 2603 2605
f 2606 2607 2608
f 2608 2607 2609
f 2610 2611 2612
f 2612 2611 2613
f 2614 2615 2616
f 2616 2615 2617
f 2618 2619 2620
f 2621 2622 2623
f 2624 2625 2626
f 2626 2625 2627
f 2628 2629 2630
f 2630 2629 2631
f 2632 2633 2634
f 2634 2633 2635
f 2636 2637 2638
f 2639 2640 2641
f 2642 2643 2644
f 2645 2646 2647
f 2648 2649 2650
f 2650 2649 2651
f 2652 2653 2654
f 2654 2653 2655
f 2656 2657 2658
f 2659 2660 2661
f 2662 2663 2664
f 2664 2663 2665
f 2666 2667 2668
f 2669 2670 2671
f 2672 2673 2674
f 2675 2676 2677
f 2678 2679 2680
f 968 970 2681
f 2681 970 2682
f 2683 2684 2685
f 2686 2687 2688
f 2689 2690 2691
f 2692 2693 2694
f 2695 2696 2697
f 2697 2696 2698
f 2699 2700 2701
f 2702 2703 2704
f 2705 2706 2707
f 2707 2706 2708
f 2709 2710 2711
f 2711 2710 2712
f 2713 2714 2715
f 2715 2714 2716
f 2717 2718 2719
f 2720 2721 2722
f 2723 2724 2725
f 2726 2727 2728
f 2729 2730 2731
f 2732 2733 2734
f 2735 2736 2737
f 2738 2739 2740
f 2741 2742 2743
f 2744 2745 2746
f 2747 2748 2749
f 2750 2751 2752
f 2753 2754 2755
f 2756 2757 2758
f 2759 2760 2761
f 2762 2763 2764
f 2765 2766 2767
f 2768 2769 2770
f 2771 2772 2773
f 2774 2775 2776
f 2777 2778 2779
f 2780 2781 2782
f 2783 2784 2785
f 2786 2787 2788
f 2789 2790 2791
f 2792 2793 2794
f 2795 2796 2797
f 2798 2799 2800
f 2801 2802 2803
f 2804 2805 2806
f 2807 2808 2809
f 2809 2808 2810
f 2811 2812 2813
f 2813 2812 2814
f 2815 2816 2817
f 2818 2819 2820
f 2821 2822 2823
f 2824 2825 2826
f 2827 2828 2829
f 2829 2828 2830
f 2831 2832 2833
f 2834 2835 2836
f 2837 2838 2839
f 2840 2841 2842
f 2843 2844 2845
f 2846 2847 2848
f 2849 2850 2851
f 2852 2853 2854
f 2855 2856 2857
f 2858 2859 2860
f 2861 2862 2863
f 2864 2865 2866
f 2867 2868 2869
f 2870 2871 2872
f 2873 2874 2875
f 2876 2877 2878
f 2879 2880 2881
f 2882 2883 2884
f 2885 2886 2887
f 2888 2889 2890
f 2891 2892 2893
f 2894 2895 2896
f 2897 2898 2899
f 2900 2901 2902
f 2903 2904 2905
f 2906 2907 2908
f 2909 2910 2911
f 2912 2913 2914
f 2915 2916 2917
f 2917 2916 2918
f 2919 2920 2921
f 2921 2920 2922
f 2923 2924 2925
f 2926 2927 2928
f 2929 2930 2931
f 2932 2933 2934
f 2935 2936 2937
f 2938 2939 2940
f 2941 2942 2943
f 2943 2942 2944
f 2945 2946 2947
f 2948 2949 2950
f 2951 2952 2953
f 2954 2955 2956
f 2957 2958 2959
f 2960 2961 2962
f 2963 2964 2965
f 2966 2967 2968
f 2969 2970 2971
f 2972 2973 2974
f 2975 2976 2977
f 2978 2979 2980
f 947 949 2981
f 2982 2983 2984
f 2985 2986 2987
f 2988 2989 2990
f 2991 2992 2993
f 2993 2992 2994
f 2995 2996 2997
f 2997 2996 2998
f 2999 3000 3001
f 3002 3003 3004
f 3005 3006 3007
f 3008 3009 3010
f 3011 3012 3013
f 3013 3012 3014
f 3015 3016 3017
f 3018 3019 3020
f 3021 3022 3023
f 3024 3025 3026
f 3027 3028 3029
f 3030 3031 3032
f 3033 3034 3035
f 3036 3037 3038
f 3039 3040 3041
f 3042 3043 3044
f 3045 3046 3047
f 3048 3049 3050
f 3051 3052 3053
f 3054 3055 3056
f 3057 3058 3059
f 3060 3061 3062
f 3063 3064 3065
f 3066 3067 3068
f 3069 3070 3071
f 3072 3073 3074
f 3075 3076 3077
f 3078 3079 3080
f 941 943 3081
f 3081 943 3082
f 3083 3084 3085
f 3086 3087 3088
f 3089 3090 3091
f 3092 3093 3094
f 3095 3096 3097
f 3097 3096 3098
f 3099 3100 3101
f 3102 3103 3104
f 3105 3106 3107
f 3107 3106 3108
f 3109 3110 3111
f 3111 3110 3112
f 3113 3114 3115
f 3116 3117 3118
f 3119 3120 3121
f 3121 3120 3122
f 3123 3124 3125
f 3126 3127 3128
f 3129 3130 3131
f 3132 3133 3134
f 3135 3136 3137
f 3137 3136 3138
f 3139 3140 3141
f 3142 3143 3144
f 3145 3146 3147
f 3147 3146 3148
f 3149 3150 3151
f 3152 3153 3154
f 3155 3156 3157
f 3157 3156 3158
f 3159 3160 3161
f 3162 3163 3164
f 3165 3166 3167
f 3167 3166 3168
f 3169 3170 3171
f 3171 3170 3172
f 3173 3174 3175
f 3176 3177 3178
f 3179 3180 3181
f 3182 3183 3184
f 3185 3186 3187
f 3187 3186 3188
f 3189 3190 3191
f 3192 3193 3194
f 3195 3196 3197
f 3197 3196 3198
f 3199 3200 3201
f 3201 3200 3202
f 3203 3204 3205
f 3206 3207 3208
f 3209 3210 3211
f 3211 3210 3212
f 3213 3214 3215
f 3216 3217 3218
f 3219 3220 3221
f 3222 3223 3224
f 3225 3226 3227
f 3227 3226 3228
f 3229 3230 3231
f 3232 3233 3234
f 3235 3236 3237
f 3237 3236 3238
f 3239 3240 3241
f 3242 3243 3244
f 3245 3246 3247
f 3247 3246 3248
f 3249 3250 3251
f 3252 3253 3254
f 3255 3256 3257
f 3257 3256 3258
f 3259 3260 3261
f 3262 3263 3264
f 3265 3266 3267
f 3268 3269 3270
f 3271 3272 3273
f 3274 3275 3276
f 3277 3278 3279
f 3279 3278 3280
f 3281 3282 3283
f 3284 3285 3286
f 3287 3288 3289
f 3290 3291 3292
f 3293 3294 3295
f 3295 3294 3296
f 3297 3298 3299
f 3300 3301 3302
f 3303 3304 3305
f 3306 3307 3308
f 3309 3310 3311
f 3312 3313 3314
f 3315 3316 3317
f 3318 3319 3320
f 3321 3322 3323
f 3324 3325 3326
f 3327 3328 3329
f 3330 3331 3332
f 3333 3334 3335
f 3336 3337 3338
f 3339 3340 3341
f 3342 3343 3344
f 3345 3346 3347
f 3348 3349 3350
f 3351 3352 3353
f 3353 3352 3354
f 3355 3356 3357
f 3358 3359 3360
f 3361 3362 3363
f 3364 3365 3366
f 3367 3368 3369
f 3370 3371 3372
f 3373 3374 3375
f 3376 3377 3378
f 3379 3380 3381
f 3382 3383 3384
f 3385 3386 3387
f 3388 3389 3390
f 3391 3392 3393
f 3394 3395 3396
f 3397 3398 3399
f 3399 3398 3400
f 3401 3402 3403
f 3403 3402 3404
f 3405 3406 3407
f 3408 3409 3410
f 3411 3412 3413
f 3414 3415 3416
f 3417 3418 3419
f 3420 3421 3422
f 3423 3424 3425
f 3425 3424 3426
f 3427 3428 3429
f 3430 3431 3432
f 3433 3434 3435
f 3436 3437 3438
f 3439 3440 3441
f 3442 3443 3444
f 3445 3446 3447
f 3448 3449 3450
f 3451 3452 3453
f 3454 3455 3456
f 3457 3458 3459
f 3460 3461 3462
f 3463 3464 3465
f 3466 3467 3468
f 3469 3470 3471
f 3472 3473 3474
f 3475 3476 3477
f 3478 3479 3480
f 3481 3482 3483
f 3484 3485 3486
f 3487 3488 3489
f 3490 3491 3492
f 3493 3494 3495
f 3495 3494 3496
f 3497 3498 3499
f 3499 3498 3500
f 3501 3502 3503
f 3504 3505 3506
f 3507 3508 3509
f 3510 3511 3512
f 3513 3514 3515
f 3516 3517 3518
f 3519 3520 3521
f 3522 3523 3524
f 3525 3526 3527
f 3528 3529 3530
f 3531 3532 3533
f 3534 3535 3536
f 3537 3538 3539
f 3540 3541 3542
f 3543 3544 3545
f 3546 3547 3548
f 3549 3550 3551
f 3552 3553 3554
f 3555 3556 3557
f 3558 3559 3560
f 3561 3562 3563
f 3564 3565 3566
f 3567 3568 3569
f 3570 3571 3572
f 3572 3571 3573
f 3574 3575 3576
f 3577 3578 3579
f 3580 3581 3582
f 3583 3584 3585
f 3586 3587 3588
f 3588 3587 3589
f 3590 3591 3592
f 3592 3591 3593
f 3594 3595 3596
f 3597 3598 3599
f 3600 3601 3602
f 3602 3601 3603
f 3604 3605 3606
f 3607 3608 3609
f 3610 3611 3612
f 3613 3614 3615
f 3616 3617 3618
f 3619 3620 3621
f 3622 3623 3624
f 3625 3626 3627
f 3628 3629 3630
f 3631 3632 3633
f 3634 3635 3636
f 3637 3638 3639
f 3640 3641 3642
f 3643 3644 3645
f 3646 3647 3648
f 3649 3650 3651
f 3652 3653 3654
f 3655 3656 3657
f 3658 3659 3660
f 3661 3662 3663
f 3664 3665 3666
f 3667 3668 3669
f 3670 3671 3672
f 3673 3674 3675
f 3676 3677 3678
f 3679 3680 3681
f 3679 3681 3682
f 3683 3684 3685
f 3683 3685 3686
f 862 1780 863
f 3687 3688 3689
f 3690 3691 3692
f 3693 3694 3695
f 855 3696 857
f 3697 3698 3699
f 3700 3701 3702
f 3703 3704 3705
f 3706 3707 3708
f 3709 3710 3711
f 3709 3711 3712
f 3713 3714 3715
f 3716 3717 3718
f 3719 3720 3721
f 3722 3723 3724
f 3725 3726 3727
f 3728 3729 3730
f 3731 3732 3733
f 3734 3735 3736
f 3737 3738 3739
f 3740 3741 3742
f 3743 3744 3745
f 3746 3747 3748
f 3749 3750 3751
f 3752 3753 3754
f 1808 3755 1806
f 3756 3757 3758
f 3759 3760 3761
f 3762 3763 3764
f 3765 3766 3767
f 3768 3769 3770
f 3771 3772 3773
f 1711 3774 1709
f 3775 3776 3777
f 3775 3777 3778
f 3779 3780 3781
f 3782 3783 3784
f 3785 3786 3787
f 3788 3789 3790
f 3791 3792 3793
f 3794 3795 3796
f 3797 3798 3799
f 3800 3801 3802
f 3803 3804 3805
f 3806 3807 3808
f 3809 3810 3811
f 3812 3813 3814
f 3815 3816 3817
f 3818 3819 3820
f 3821 3822 3823
f 3824 3825 3826
f 3827 3828 3829
f 3827 3829 3830
f 3831 3832 3833
f 3834 3835 3836
f 3837 3838 3839
f 3837 3839 3840
f 3841 3842 3843
f 3844 3845 3846
f 3847 3848 3849
f 3847 3849 3850
f 3851 3852 3853
f 3851 3853 3854
f 3855 3856 3857
f 3855 3857 3858
f 3859 3860 3861
f 3859 3861 3862
f 3863 3864 3865
f 3863 3865 3866
f 2361 2363 3867
f 3868 3869 3870
f 3871 3872 3873
f 3874 3875 3876
f 3874 3876 3877
f 3878 3879 3880
f 3878 3880 3881
f 3882 3883 3884
f 3882 3884 3885
f 792 3886 793
f 3887 3888 3889
f 3890 3891 3892
f 3893 3894 3895
f 3896 3897 3898
f 3899 3900 3901
f 3899 3901 3902
f 3903 3904 3905
f 3903 3905 3906
f 3907 3908 3909
f 3907 3909 3910
f 3911 3912 3913
f 3914 3915 3916
f 3917 3918 3919
f 3920 3921 3922
f 3920 3922 3923
f 3924 3925 3926
f 3927 3928 3929
f 3930 3931 3932
f 3930 3932 3933
f 3934 3935 3936
f 3934 3936 3937
f 3938 3939 3940
f 2435 3941 2433
f 3942 3943 3944
f 3944 3943 3945
f 3946 3947 3948
f 3948 3947 3949
f 3950 3951 3952
f 3952 3951 3953
f 3954 3955 3956
f 3956 3955 3957
f 3958 3959 3960
f 3960 3959 3961
f 3962 3963 3964
f 3964 3963 3965
f 3966 3967 3968
f 3968 3967 3969
f 3970 3971 3972
f 3972 3971 3973
f 3974 3975 3976
f 3976 3975 3977
f 3978 3979 3980
f 3980 3979 3981
f 3982 3983 3984
f 3984 3983 3985
f 3986 3987 3988
f 3988 3987 3989
f 3990 3991 3992
f 3992 3991 3993
f 3994 3995 3996
f 3996 3995 3997
f 3998 3999 4000
f 4000 3999 4001
f 4002 4003 4004
f 4004 4003 4005
f 4006 4007 4008
f 4008 4007 4009
f 4010 4011 4012
f 4012 4011 4013
f 4014 4015 4016
f 4016 4015 4017
f 4018 4019 4020
f 4020 4019 4021
f 4022 4023 4024
f 4024 4023 4025
f 4026 4027 4028
f 4028 4027 4029
f 4030 4031 4032
f 4032 4031 4033
f 4034 4035 4036
f 4036 4035 4037
f 4038 4039 4040
f 4040 4039 4041
f 4042 4043 4044
f 4044 4043 4045
f 4046 4047 4048
f 4048 4047 4049
f 4050 4051 4052
f 4052 4051 4053
f 4054 4055 4056
f 4056 4055 4057
f 4058 4059 4060
f 4060 4059 4061
f 4062 4063 4064
f 4064 4063 4065
f 4066 4067 4068
f 4069 4070 4071
f 4072 4073 4074
f 4074 4073 4075
f 4076 4077 4078
f 4079 4080 4081
f 4082 4083 4084
f 4085 4086 4087
f 4088 4089 4090
f 4091 4092 4093
f 4094 4095 4096
f 4097 4098 4099
f 4100 4101 4102
f 4103 4104 4105
f 4106 4107 4108
f 4109 4110 4111
f 4112 4113 4114
f 4115 4116 4117
f 4118 4119 4120
f 4121 4122 4123
f 4124 4125 4126
f 4127 4128 4129
f 4130 4131 4132
f 4133 4134 4135
f 4136 4137 4138
f 4136 4138 4139
f 4140 4141 4142
f 4143 4144 4145
f 4146 4147 4148
f 4149 4150 4151
f 4152 4153 4154
f 4155 4156 4157
f 4158 4159 4160
f 4161 4162 4163
f 4164 4165 4166
f 4167 4168 4169
f 4170 4171 4172
f 4173 4174 4175
f 4176 4177 4178
f 4179 4180 4181
f 4182 4183 4184
f 4185 4186 4187
f 4188 4189 4190
f 4191 4192 4193
f 4194 4195 4196
f 4197 4198 4199
f 4200 4201 4202
f 4203 4204 4205
f 4206 4207 4208
f 4209 4210 4211
f 4211 4210 4212
f 4213 4214 4215
f 4216 4217 4218
f 4219 4220 4221
f 4222 4223 4224
f 4225 4226 4227
f 4228 4229 4230
f 4231 4232 4233
f 4234 4235 4236
f 4237 4238 4239
f 4240 4241 4242
f 4243 4244 4245
f 4246 4247 4248
f 4248 4247 4249
f 4250 4251 4252
f 4253 4254 4255
f 4256 4257 4258
f 4259 4260 4261
f 4262 4263 4264
f 4265 4266 4267
f 4268 4269 4270
f 4271 4272 4273
f 4274 4275 4276
f 4277 4278 4279
f 4280 4281 4282
f 4283 4284 4285
f 4286 4287 4288
f 4289 4290 4291
f 4292 4293 4294
f 4294 4293 4295
f 4296 4297 4298
f 4299 4300 4301
f 4302 4303 4304
f 4305 4306 4307
f 4308 4309 4310
f 4311 4312 4313
f 4314 4315 4316
f 4317 4318 4319
f 4320 4321 4322
f 4323 4324 4325
f 4326 4327 4328
f 4329 4330 4331
f 4332 4333 4334
f 4335 4336 4337
f 4338 4339 4340
f 4341 4342 4343
f 4344 4345 4346
f 4347 4348 4349
f 4350 4351 4352
f 4353 4354 4355
f 4356 4357 4358
f 4359 4360 4361
f 4361 4360 4362
f 4361 4362 4363
f 4363 4362 4364
f 4363 4364 4365
f 4365 4364 4366
f 4365 4366 4367
f 4367 4366 4368
f 4367 4368 4369
f 4367 4369 4370
f 4370 4369 4371
f 4370 4371 4372
f 4372 4371 4373
f 4372 4373 4374
f 4372 4374 4375
f 4375 4374 4376
f 4375 4376 4377
f 4377 4376 4378
f 4377 4378 4379
f 4379 4378 4380
f 4379 4380 4381
f 4379 4381 4382
f 4382 4381 4383
f 4382 4383 4384
f 4384 4383 4385
f 4384 4385 4386
f 4384 4386 4387
f 4387 4386 4388
f 4387 4388 4389
f 4389 4388 4390
f 4389 4390 4391
f 4391 4390 4392
f 4391 4392 4393
f 4391 4393 4394
f 4394 4393 4395
f 4394 4395 4396
f 4396 4395 4397
f 4396 4397 4398
f 4398 4397 4399
f 4398 4399 4400
f 4398 4400 4401
f 4401 4400 4402
f 4401 4402 4403
f 4403 4402 4404
f 4403 4404 4405
f 4403 4405 4406
f 4406 4405 4407
f 4406 4407 4408
f 4408 4407 4409
f 4408 4409 4410
f 4410 4409 4411
f 4410 4411 4412
f 4410 4412 4413
f 4413 4412 4414
f 4413 4414 4415
f 4415 4414 4416
f 4415 4416 4417
f 4415 4417 4418
f 4418 4417 4419
f 4418 4419 4420
f 4420 4419 4421
f 4420 4421 4422
f 4422 4421 4423
f 4422 4423 4424
f 4422 4424 4425
f 4425 4424 4426
f 4425 4426 4427
f 4427 4426 4428
f 4427 4428 4429
f 4427 4429 4430
f 4430 4429 4431
f 4430 4431 4432
f 4432 4431 4359
f 4432 4359 4361
f 4433 4434 4435
f 4435 4434 4436
f 4435 4436 4437
f 4437 4436 4438
f 4438 4436 4439
f 4438 4439 4440
f 4440 4439 4441
f 4440 4441 4442
f 4442 4441 4443
f 4443 4441 4444
f 4443 4444 4445
f 4445 4444 4446
f 4445 4446 4447
f 4447 4446 4448
f 4447 4448 4449
f 4449 4448 4450
f 4450 4448 4451
f 4450 4451 4452
f 4452 4451 4453
f 4452 4453 4454
f 4454 4453 4455
f 4454 4455 4456
f 4456 4455 4457
f 4457 4455 4458
f 4457 4458 4459
f 4459 4458 4460
f 4459 4460 4461
f 4461 4460 4462
f 4462 4460 4463
f 4462 4463 4464
f 4464 4463 4465
f 4464 4465 4466
f 4466 4465 4467
f 4466 4467 4468
f 4468 4467 4469
f 4469 4467 4470
f 4469 4470 4471
f 4471 4470 4472
f 4471 4472 4473
f 4473 4472 4474
f 4474 4472 4475
f 4474 4475 4476
f 4476 4475 4477
f 4476 4477 4478
f 4478 4477 4479
f 4478 4479 4480
f 4480 4479 4481
f 4481 4479 4482
f 4481 4482 4483
f 4483 4482 4484
f 4483 4484 4485
f 4485 4484 4486
f 4485 4486 4487
f 4487 4486 4488
f 4488 4486 4489
f 4488 4489 4490
f 4490 4489 4491
f 4490 4491 4492
f 4492 4491 4493
f 4493 4491 4494
f 4493 4494 4495
f 4495 4494 4496
f 4495 4496 4497
f 4497 4496 4498
f 4497 4498 4499
f 4499 4498 4500
f 4500 4498 4501
f 4500 4501 4502
f 4502 4501 4503
f 4502 4503 4504
f 4504 4503 4505
f 4505 4503 4506
f 4505 4506 4433
f 4433 4506 4434
f 4507 4508 4509
f 4509 4508 4510
f 4509 4510 4511
f 4511 4510 4512
f 4513 4514 4515
f 4515 4514 4516
f 4515 4516 4517
f 4517 4516 4518
f 4517 4518 4519
f 4519 4518 4520
f 4519 4520 4521
f 4521 4520 4522
f 4521 4522 4523
f 4523 4522 4524
f 4523 4524 4525
f 4525 4524 4526
f 4525 4526 4527
f 4527 4526 4528
f 4527 4528 4529
f 4529 4528 4530
f 4514 4513 4531
f 4531 4513 4532
f 4531 4532 4533
f 4533 4532 4534
f 4533 4534 4535
f 4535 4534 4536
f 4535 4536 4537
f 4537 4536 4538
f 4537 4538 4539
f 4539 4538 4540
f 4539 4540 4541
f 4541 4540 4542
f 4543 4544 4545
f 4545 4544 4546
f 4547 4548 4549
f 4549 4548 4550
f 4551 4552 4553
f 4554 4555 4556
f 4556 4555 4557
f 4558 4559 4560
f 4558 4560 4561
f 4562 4563 4564
f 4562 4564 4565
f 4566 4567 4568
f 4566 4568 4569
f 4570 4571 4572
f 4570 4572 4573
f 4574 4575 4576
f 4574 4576 4577
f 4578 4579 4580
f 4578 4580 4581
f 4582 4583 4584
f 4582 4584 4585
f 4586 4587 4588
f 4586 4588 4589
f 4590 4591 4592
f 4590 4592 4593
f 4594 4595 4596
f 4594 4596 4597
f 4598 4599 4600
f 4598 4600 4601
f 4602 4603 4604
f 4602 4604 4605
f 4606 4607 4608
f 4606 4608 4609
f 4610 4611 4612
f 4610 4612 4613
f 4614 4615 4616
f 4614 4616 4617
f 4618 4619 4620
f 4618 4620 4621
f 4622 4623 4624
f 4622 4624 4625
f 4626 4627 4628
f 4626 4628 4629
f 4630 4631 4632
f 4630 4632 4633
f 4634 4635 4636
f 4634 4636 4637
f 4638 4639 4640
f 4638 4640 4641
f 4642 4643 4644
f 4642 4644 4645
f 4646 4647 4648
f 4646 4648 4649
f 4650 4651 4652
f 4650 4652 4653
f 4654 4655 4656
f 4654 4656 4657
f 4658 4659 4660
f 4658 4660 4661
f 4553 4662 4551
f 4663 4664 4665
f 4665 4664 4666
f 4665 4666 4667
f 4667 4666 4668
f 4669 4670 4671
f 4671 4670 4672
f 4672 4670 4673
f 4673 4670 4674
f 4673 4674 4675
f 4675 4674 4676
f 4677 4678 4679
f 4679 4678 4680
f 4679 4680 4681
f 4681 4680 4682
f 4681 4682 4683
f 4683 4682 4684
f 4683 4684 4685
f 4685 4684 4686
f 4685 4686 4687
f 4687 4686 4688
f 4687 4688 4689
f 4689 4688 4690
f 4689 4690 4691
f 4691 4690 4692
f 4691 4692 4693
f 4693 4692 4694
f 4693 4694 4695
f 4695 4694 4696
f 4695 4696 4697
f 4697 4696 4698
f 4697 4698 4699
f 4699 4698 4700
f 4699 4700 4701
f 4701 4700 4702
f 4701 4702 4703
f 4701 4703 4704
f 4704 4703 4705
f 4704 4705 4706
f 4706 4705 4707
f 4706 4707 4708
f 4706 4708 4709
f 4709 4708 4710
f 4709 4710 4711
f 4711 4710 4712
f 4711 4712 4713
f 4711 4713 4714
f 4714 4713 4715
f 4714 4715 4716
f 4716 4715 4717
f 4716 4717 4718
f 4716 4718 4719
f 4719 4718 4720
f 4719 4720 4721
f 4721 4720 4722
f 4721 4722 4723
f 4723 4722 4724
f 4723 4724 4725
f 4725 4724 4726
f 4725 4726 4727
f 4727 4726 4728
f 4727 4728 4729
f 4729 4728 4730
f 4729 4730 4731
f 4731 4730 4732
f 4731 4732 4733
f 4733 4732 4734
f 4733 4734 4735
f 4735 4734 4736
f 4735 4736 4737
f 4737 4736 4738
f 4737 4738 4739
f 4739 4738 4740
f 4739 4740 4741
f 4742 4743 4744
f 4744 4743 4745
f 4745 4743 4746
f 4746 4743 4747
f 4746 4747 4748
f 4749 4750 4751
f 4751 4750 4752
f 4753 4754 4755
f 4755 4754 4756
f 4757 4758 4759
f 4759 4758 4760
f 4761 4762 4763
f 4763 4762 4764
f 4765 4766 4767
f 4767 4766 4768
f 4769 4770 4771
f 4771 4770 4772
f 4773 4774 4775
f 4775 4774 4776
f 4777 4778 4779
f 4779 4778 4780
f 4781 4782 4783
f 4783 4782 4784
f 4785 4786 4787
f 4787 4786 4788
f 4789 4790 4791
f 4791 4790 4792
f 4793 4794 4795
f 4795 4794 4796
f 4797 4798 4799
f 4799 4798 4800
f 4801 4802 4803
f 4803 4802 4804
f 4805 4806 4807
f 4807 4806 4808
f 4809 4810 4811
f 4811 4810 4812
f 4813 4814 4815
f 4815 4814 4816
f 4817 4818 4819
f 4819 4818 4820
f 4821 4822 4823
f 4823 4822 4824
f 4825 4826 4827
f 4827 4826 4828
f 4829 4830 4831
f 4831 4830 4832
f 4833 4834 4835
f 4835 4834 4836
f 4837 4838 4839
f 4839 4838 4840
f 4841 4842 4843
f 4843 4842 4844
f 4845 4846 4847
f 4847 4846 4848
f 4849 4850 4851
f 4851 4850 4852
f 4853 4854 4855
f 4855 4854 4856
f 4857 4858 4859
f 4859 4858 4860
f 4861 4862 4863
f 4863 4862 4864
f 4863 4864 4865
f 4866 4867 4861
f 4861 4867 4862
f 4863 4865 4868
f 4868 4865 4869
f 4868 4869 4870
f 4871 4872 4873
f 4873 4872 4874
f 4873 4874 4875
f 4876 4877 4872
f 4872 4877 4878
f 4872 4878 4874
f 4877 4876 4879
f 4879 4876 4880
f 4879 4880 4881
f 4881 4880 4882
f 4881 4882 4883
f 4883 4882 4884
f 4883 4884 4885
f 4885 4884 4886
f 4886 4884 4887
f 4886 4887 4888
f 4888 4887 4889
f 4889 4887 4890
f 4889 4890 4891
f 4891 4890 4892
f 4892 4890 4893
f 4893 4890 4894
f 4893 4894 4895
f 4884 4896 4887
f 4893 4895 4897
f 4897 4895 4898
f 4897 4898 4899
f 4899 4898 4900
f 4899 4900 4901
f 4901 4900 4902
f 4901 4902 4903
f 4903 4902 4904
f 4903 4904 4905
f 4905 4904 4906
f 4905 4906 4907
f 4907 4906 4908
f 4907 4908 4909
f 4909 4908 4910
f 4909 4910 4911
f 4911 4910 4912
f 4911 4912 4913
f 4913 4912 4914
f 4913 4914 4915
f 4915 4914 4916
f 4915 4916 4917
f 4917 4916 4918
f 4917 4918 4919
f 4919 4918 4920
f 4919 4920 4921
f 4921 4920 4922
f 4921 4922 4923
f 4923 4922 4924
f 4923 4924 4925
f 4925 4924 4926
f 4925 4926 4927
f 4927 4926 4928
f 4927 4928 4929
f 4929 4928 4873
f 4929 4873 4875
f 4930 4931 4932
f 4932 4931 4933
f 4934 4935 4936
f 4936 4935 4937
f 4938 4939 4940
f 4940 4939 4941
f 4942 4943 4944
f 4944 4943 4945
f 4946 4947 4948
f 4948 4947 4949
f 4950 4951 4952
f 4952 4951 4953
f 4954 4955 4956
f 4956 4955 4957
f 4958 4959 4960
f 4960 4959 4961
f 4962 4963 4964
f 4964 4963 4965
f 4966 4967 4968
f 4968 4967 4969
f 4970 4971 4972
f 4972 4971 4973
f 4974 4975 4976
f 4976 4975 4977
f 4978 4979 4980
f 4980 4979 4981
f 4982 4983 4984
f 4984 4983 4985
f 4986 4987 4988
f 4988 4987 4989
f 4990 4991 4992
f 4992 4991 4993
f 4994 4995 4996
f 4996 4995 4997
f 4998 4999 5000
f 5000 4999 5001
f 5002 5003 5004
f 5004 5003 5005
f 5006 5007 5008
f 5008 5007 5009
f 5010 5011 5012
f 5012 5011 5013
f 5014 5015 5016
f 5016 5015 5017
f 5018 5019 5020
f 5020 5019 5021
f 5022 5023 5024
f 5024 5023 5025
f 5026 5027 5028
f 5028 5027 5029
f 5030 5031 5032
f 5032 5031 5033
f 5034 5035 5036
f 5036 5035 5037
f 5038 5039 5040
f 5040 5039 5041
f 5042 5043 5044
f 5044 5043 5045
f 5044 5045 5046
f 5046 5045 5047
f 5047 5045 5048
f 5049 5050 5051
f 5051 5050 5052
f 5051 5052 5053
f 5053 5052 5054
f 5053 5054 5055
f 5053 5055 5056
f 5056 5055 5057
f 5056 5057 5058
f 5058 5057 5059
f 5058 5059 5060
f 5060 5059 5061
f 5061 5059 5062
f 5061 5062 5063
f 5063 5062 5064
f 5063 5064 5065
f 5065 5064 5066
f 5065 5066 5067
f 5067 5066 5068
f 5067 5068 5069
f 5069 5068 5070
f 5069 5070 5071
f 5071 5070 5072
f 5071 5072 5073
f 5073 5072 5074
f 5073 5074 5075
f 5075 5074 5076
f 5075 5076 5077
f 5075 5077 5078
f 5078 5077 5079
f 5078 5079 5080
f 5080 5079 5081
f 5080 5081 5082
f 5080 5082 5083
f 5083 5082 5084
f 5083 5084 5085
f 5083 5085 5086
f 5086 5085 5087
f 5086 5087 5088
f 5088 5087 5089
f 5088 5089 5090
f 5088 5090 5091
f 5091 5090 5092
f 5091 5092 5093
f 5093 5092 5094
f 5093 5094 5095
f 5095 5094 5096
f 5095 5096 5097
f 5097 5096 5098
f 5097 5098 5099
f 5099 5098 5100
f 5099 5100 5101
f 5101 5100 5102
f 5101 5102 5103
f 5103 5102 5104
f 5103 5104 5105
f 5105 5104 5106
f 5105 5106 5107
f 5107 5106 5108
f 5107 5108 5109
f 5109 5108 5110
f 5109 5110 5111
f 5111 5110 5112
f 5111 5112 5113
f 5113 5112 5114
f 5113 5114 5115
f 5116 5117 5118
f 5118 5117 5119
f 5119 5117 5120
f 5119 5120 5121
f 5121 5122 5119
f 5123 5124 5125
f 5125 5124 5126
f 5127 5128 5129
f 5129 5128 5130
f 5131 5132 5133
f 5133 5132 5134
f 5135 5136 5137
f 5137 5136 5138
f 5139 5140 5141
f 5141 5140 5142
f 5143 5144 5145
f 5145 5144 5146
f 5147 5148 5149
f 5149 5148 5150
f 5151 5152 5153
f 5153 5152 5154
f 5155 5156 5157
f 5157 5156 5158
f 5159 5160 5161
f 5161 5160 5162
f 5163 5164 5165
f 5165 5164 5166
f 5167 5168 5169
f 5169 5168 5170
f 5171 5172 5173
f 5173 5172 5174
f 5175 5176 5177
f 5177 5176 5178
f 5179 5180 5181
f 5181 5180 5182
f 5183 5184 5185
f 5185 5184 5186
f 5187 5188 5189
f 5189 5188 5190
f 5191 5192 5193
f 5193 5192 5194
f 5195 5196 5197
f 5197 5196 5198
f 5199 5200 5201
f 5201 5200 5202
f 5203 5204 5205
f 5205 5204 5206
f 5207 5208 5209
f 5209 5208 5210
f 5211 5212 5213
f 5213 5212 5214
f 5215 5216 5217
f 5217 5216 5218
f 5219 5220 5221
f 5221 5220 5222
f 5223 5224 5225
f 5225 5224 5226
f 5227 5228 5229
f 5229 5228 5230
f 5231 5232 5233
f 5233 5232 5234
f 5235 5236 5237
f 5237 5236 5238
f 5237 5238 5239
f 5239 5238 5240
f 5241 5242 5243
f 5243 5242 5244
f 5243 5244 5245
f 5241 5246 5242
f 5245 5247 5243
f 5243 5247 5248
f 5248 5247 5249
f 5248 5249 5250
f 5250 5249 5251
f 5250 5251 5252
f 5252 5251 5253
f 5252 5253 5254
f 5254 5253 5255
f 5254 5255 5256
f 5256 5255 5257
f 5256 5257 5258
f 5258 5257 5259
f 5258 5259 5260
f 5260 5259 5261
f 5260 5261 5262
f 5262 5261 5263
f 5262 5263 5264
f 5264 5263 5265
f 5264 5265 5266
f 5266 5265 5267
f 5266 5267 5268
f 5268 5267 5269
f 5269 5267 5270
f 5269 5270 5271
f 5271 5270 5272
f 5271 5272 5273
f 5273 5272 5274
f 5274 5272 5275
f 5274 5275 5276
f 5276 5275 5277
f 5276 5277 5278
f 5278 5277 5279
f 5278 5279 5280
f 5280 5279 5281
f 5280 5281 5282
f 5282 5281 5283
f 5282 5283 5284
f 5284 5283 5285
f 5284 5285 5286
f 5286 5285 5287
f 5286 5287 5288
f 5288 5287 5289
f 5288 5289 5290
f 5290 5289 5291
f 5290 5291 5292
f 5292 5291 5293
f 5292 5293 5294
f 5294 5293 5295
f 5294 5295 5296
f 5296 5297 5294
f 5294 5297 5298
f 5298 5297 5299
f 5300 5301 5302
f 5302 5301 5303
f 5303 5301 5304
f 5303 5304 5305
f 5305 5304 5306
f 5305 5306 5307
f 5307 5306 5308
f 5307 5308 5309
f 5309 5308 5310
f 5309 5310 5311
f 5311 5310 5312
f 5311 5312 5313
f 5313 5312 5314
f 5313 5314 5315
f 5315 5314 5316
f 5315 5316 5317
f 5317 5316 5318
f 5317 5318 5319
f 5319 5318 5320
f 5319 5320 5321
f 5321 5320 5322
f 5321 5322 5323
f 5323 5322 5324
f 5323 5324 5325
f 5325 5324 5326
f 5326 5324 5327
f 5326 5327 5328
f 5328 5327 5329
f 5328 5329 5330
f 5330 5329 5331
f 5331 5329 5332
f 5331 5332 5333
f 5333 5332 5334
f 5333 5334 5335
f 5335 5334 5336
f 5336 5334 5337
f 5336 5337 5338
f 5338 5337 5339
f 5338 5339 5340
f 5340 5339 5341
f 5341 5339 5342
f 5341 5342 5343
f 5343 5342 5344
f 5343 5344 5345
f 5345 5344 5346
f 5345 5346 5347
f 5347 5346 5348
f 5347 5348 5349
f 5349 5348 5350
f 5349 5350 5351
f 5351 5350 5352
f 5351 5352 5353
f 5353 5352 5354
f 5353 5354 5355
f 5355 5354 5356
f 5355 5356 5357
f 5357 5356 5358
f 5357 5358 5359
f 5359 5358 5360
f 5359 5360 5361
f 5361 5360 5362
f 5361 5362 5363
f 5363 5362 5364
f 5365 5366 5367
f 5367 5366 5368
f 5367 5368 5369
f 5369 5368 5370
f 5370 5368 5371
f 5372 5373 5374
f 5374 5373 5375
f 5376 5377 5378
f 5378 5377 5379
f 5380 5381 5382
f 5382 5381 5383
f 5384 5385 5386
f 5386 5385 5387
f 5388 5389 5390
f 5390 5389 5391
f 5392 5393 5394
f 5394 5393 5395
f 5396 5397 5398
f 5398 5397 5399
f 5400 5401 5402
f 5402 5401 5403
f 5404 5405 5406
f 5406 5405 5407
f 5408 5409 5410
f 5410 5409 5411
f 5412 5413 5414
f 5414 5413 5415
f 5416 5417 5418
f 5418 5417 5419
f 5420 5421 5422
f 5422 5421 5423
f 5424 5425 5426
f 5426 5425 5427
f 5428 5429 5430
f 5430 5429 5431
f 5432 5433 5434
f 5434 5433 5435
f 5436 5437 5438
f 5438 5437 5439
f 5440 5441 5442
f 5442 5441 5443
f 5444 5445 5446
f 5446 5445 5447
f 5448 5449 5450
f 5450 5449 5451
f 5452 5453 5454
f 5454 5453 5455
f 5456 5457 5458
f 5458 5457 5459
f 5460 5461 5462
f 5462 5461 5463
f 5464 5465 5466
f 5466 5465 5467
f 5468 5469 5470
f 5470 5469 5471
f 5472 5473 5474
f 5474 5473 5475
f 5476 5477 5478
f 5478 5477 5479
f 5480 5481 5482
f 5482 5481 5483
f 5484 5485 5486
f 5486 5485 5487
f 5486 5487 5488
f 5488 5487 5489
f 5488 5489 5490
f 5488 5490 5491
f 5491 5490 5492
f 5491 5492 5493
f 5494 5495 5496
f 5496 5495 5497
f 5496 5497 5498
f 5498 5497 5499
f 5498 5499 5500
f 5500 5499 5501
f 5500 5501 5502
f 5502 5501 5503
f 5502 5503 5504
f 5504 5503 5505
f 5504 5505 5506
f 5506 5505 5507
f 5506 5507 5508
f 5508 5507 5509
f 5508 5509 5510
f 5510 5509 5511
f 5510 5511 5512
f 5512 5511 5513
f 5512 5513 5514
f 5514 5513 5515
f 5514 5515 5516
f 5516 5515 5517
f 5517 5515 5518
f 5517 5518 5519
f 5519 5518 5520
f 5519 5520 5521
f 5521 5520 5522
f 5521 5522 5523
f 5523 5522 5524
f 5524 5522 5525
f 5524 5525 5526
f 5526 5525 5527
f 5526 5527 5528
f 5528 5527 5529
f 5529 5527 5530
f 5529 5530 5531
f 5531 5530 5532
f 5531 5532 5533
f 5533 5532 5534
f 5533 5534 5535
f 5535 5534 5536
f 5536 5534 5537
f 5536 5537 5538
f 5538 5537 5539
f 5538 5539 5540
f 5540 5539 5541
f 5540 5541 5542
f 5542 5541 5543
f 5542 5543 5544
f 5544 5543 5545
f 5544 5545 5546
f 5546 5545 5547
f 5546 5547 5548
f 5548 5547 5549
f 5548 5549 5550
f 5550 5549 5551
f 5550 5551 5552
f 5552 5551 5553
f 5552 5553 5554
f 5554 5553 5555
f 5554 5555 5556
f 5556 5555 5557
f 5494 5558 5495
f 5559 5560 5561
f 5561 5560 5562
f 5561 5562 5563
f 5563 5562 5564
f 5565 5566 5567
f 5567 5566 5568
f 5569 5570 5571
f 5571 5570 5572
f 5573 5574 5575
f 5575 5574 5576
f 5577 5578 5579
f 5579 5578 5580
f 5581 5582 5583
f 5583 5582 5584
f 5585 5586 5587
f 5587 5586 5588
f 5589 5590 5591
f 5591 5590 5592
f 5593 5594 5595
f 5595 5594 5596
f 5597 5598 5599
f 5599 5598 5600
f 5601 5602 5603
f 5603 5602 5604
f 5605 5606 5607
f 5607 5606 5608
f 5609 5610 5611
f 5611 5610 5612
f 5613 5614 5615
f 5615 5614 5616
f 5617 5618 5619
f 5619 5618 5620
f 5621 5622 5623
f 5623 5622 5624
f 5625 5626 5627
f 5627 5626 5628
f 5629 5630 5631
f 5631 5630 5632
f 5633 5634 5635
f 5635 5634 5636
f 5637 5638 5639
f 5639 5638 5640
f 5641 5642 5643
f 5643 5642 5644
f 5645 5646 5647
f 5647 5646 5648
f 5649 5650 5651
f 5651 5650 5652
f 5653 5654 5655
f 5655 5654 5656
f 5657 5658 5659
f 5659 5658 5660
f 5661 5662 5663
f 5663 5662 5664
f 5665 5666 5667
f 5667 5666 5668
f 5669 5670 5671
f 5671 5670 5672
f 5673 5674 5675
f 5675 5674 5676
f 5677 5678 5679
f 5679 5678 5680
f 5681 5682 5683
f 5683 5682 5684
f 5685 5686 5687
f 5687 5686 5688
f 5689 5690 5691
f 5691 5690 5692
f 5693 5694 5695
f 5695 5694 5630
f 5696 5628 5697
f 5697 5628 5626
f 5698 5624 5699
f 5699 5624 5622
f 5700 5620 5701
f 5701 5620 5618
f 5702 5616 5703
f 5703 5616 5614
f 5704 5612 5705
f 5705 5612 5610
f 5706 5608 5707
f 5707 5608 5606
f 5708 5604 5709
f 5709 5604 5602
f 5710 5600 5711
f 5711 5600 5598
f 5712 5596 5713
f 5713 5596 5594
f 5714 5592 5715
f 5715 5592 5590
f 5716 5588 5717
f 5717 5588 5586
f 5718 5584 5719
f 5719 5584 5582
f 5720 5580 5721
f 5721 5580 5578
f 5722 5576 5723
f 5723 5576 5574
f 5724 5572 5725
f 5725 5572 5570
f 5726 5568 5727
f 5727 5568 5566
f 5728 5688 5729
f 5729 5688 5686
f 5730 5684 5731
f 5731 5684 5682
f 5732 5680 5733
f 5733 5680 5678
f 5734 5676 5735
f 5735 5676 5674
f 5736 5672 5737
f 5737 5672 5670
f 5738 5668 5739
f 5739 5668 5666
f 5740 5664 5741
f 5741 5664 5662
f 5742 5660 5743
f 5743 5660 5658
f 5744 5656 5745
f 5745 5656 5654
f 5746 5652 5747
f 5747 5652 5650
f 5748 5648 5749
f 5749 5648 5646
f 5750 5644 5751
f 5751 5644 5642
f 5752 5640 5753
f 5753 5640 5638
f 5754 5636 5755
f 5755 5636 5634
f 5694 5632 5630
f 5756 5757 5758
f 5755 5759 5754
f 5759 5760 5754
f 5761 5762 5763
f 5753 5764 5752
f 5752 5764 5765
f 5766 5767 5768
f 5751 5769 5750
f 5770 5771 5772
f 5773 5774 5775
f 5749 5776 5748
f 5777 5778 5779
f 5780 5781 5782
f 5747 5783 5746
f 5784 5785 5786
f 5787 5788 5789
f 5745 5790 5744
f 5744 5790 5791
f 5792 5793 5794
f 5743 5795 5742
f 5796 5797 5798
f 5741 5799 5740
f 5800 5801 5802
f 5739 5803 5738
f 5804 5805 5806
f 5737 5807 5736
f 5808 5809 5810
f 5735 5811 5734
f 5812 5813 5814
f 5733 5815 5732
f 5816 5817 5818
f 5819 5820 5821
f 5731 5822 5730
f 5823 5824 5825
f 5826 5827 5828
f 5729 5829 5728
f 5830 5831 5832
f 5833 5834 5835
f 5836 5837 5838
f 5838 5837 5839
f 5840 5726 5727
f 5725 5841 5724
f 5842 5843 5844
f 5723 5845 5722
f 5846 5847 5848
f 5849 5850 5851
f 5721 5852 5720
f 5853 5854 5855
f 5719 5856 5718
f 5857 5858 5859
f 5717 5860 5716
f 5861 5862 5863
f 5715 5864 5714
f 5865 5866 5867
f 5868 5869 5870
f 5713 5871 5712
f 5872 5873 5874
f 5711 5875 5710
f 5876 5877 5878
f 5879 5880 5881
f 5882 5883 5884
f 5885 5886 5887
f 5888 5708 5709
f 5707 5889 5706
f 5890 5891 5892
f 5705 5893 5704
f 5894 5895 5896
f 5703 5897 5702
f 5898 5899 5900
f 5701 5901 5700
f 5902 5903 5904
f 5699 5905 5698
f 5906 5907 5908
f 5697 5909 5696
f 5910 5911 5912
f 5913 5914 5915
f 5916 5917 5918
f 5919 5920 5921
f 5922 5923 5924
f 5925 5926 5927
f 5928 5929 5930
f 5931 5932 5933
f 5934 5935 5936
f 5934 5936 5937
f 5938 5939 5940
f 5941 5942 5943
f 5944 5945 5946
f 5947 5948 5949
f 5950 5951 5952
f 5953 5954 5955
f 5956 5957 5958
f 5959 5960 5961
f 5961 5960 5962
f 5963 5964 5965
f 5966 5967 5968
f 5969 5970 5971
f 5972 5973 5974
f 5975 5976 5977
f 5977 5976 5978
f 5979 5980 5981
f 5982 5983 5984
f 5985 5986 5987
f 5988 5989 5990
f 5988 5990 5991
f 5992 5993 5994
f 5995 5996 5997
f 5998 5999 6000
f 6001 6002 6003
f 6004 6005 6006
f 6007 6008 6009
f 6009 6008 6010
f 6011 6012 6013
f 6013 6012 6014
f 6015 6016 6017
f 6017 6016 6018
f 6019 6020 6021
f 6022 6023 6024
f 6022 6024 6025
f 6026 6027 6028
f 6029 6030 6031
f 6031 6030 6032
f 6033 6034 6035
f 6036 6037 6038
f 6039 6040 6041
f 6042 6043 6044
f 6045 6046 6047
f 6047 6046 6048
f 6049 6050 6051
f 6052 6048 6053
f 6054 6055 6056
f 6057 6058 6059
f 6060 6061 6062
f 6063 6064 6065
f 6066 6067 6068
f 6069 6070 6071
f 6072 6073 6074
f 6074 6073 6075
f 6076 6077 6078
f 6078 6077 6079
f 6079 6077 6080
f 6079 6080 6081
f 6081 6080 6082
f 6081 6082 6083
f 6084 6085 6086
f 6087 6088 6089
f 6090 6091 6092
f 6093 6094 6095
f 6096 6097 6098
f 6099 6100 6101
f 6099 6101 6102
f 5929 6103 5930
f 6104 6105 6106
f 6107 6108 6109
f 6110 6111 6112
f 6113 6114 6115
f 6116 6117 6118
f 6119 6120 6121
f 6122 6123 6124
f 6125 6126 6127
f 6128 6129 6130
f 6131 6132 6133
f 6134 6135 6136
f 6137 6138 6139
f 6140 6141 6142
f 6143 6144 6145
f 6146 6147 6148
f 6149 6150 6151
f 6151 6150 6152
f 6151 6152 6153
f 6153 6152 6154
f 6153 6154 6155
f 6155 6154 6156
f 6157 6158 6159
f 6160 6161 6162
f 6163 6164 6165
f 6166 6167 6168
f 6169 6170 6171
f 6171 6170 6172
f 6173 6174 6175
f 6175 6174 6176
f 6170 6177 6172
f 6172 6177 6178
f 6179 6180 6181
f 6182 6183 6184
f 6178 6177 6185
f 6185 6177 6186
f 6187 6188 6189
f 6189 6188 6190
f 6189 6190 6191
f 6191 6190 6192
f 6193 6194 6195
f 6196 6197 6198
f 6199 6200 6201
f 6201 6200 6202
f 6203 6204 6205
f 6206 6207 6208
f 6202 6200 6209
f 6209 6200 6210
f 6209 6210 6211
f 6211 6210 6212
f 6213 6214 6215
f 6216 6217 6218
f 6219 6220 6221
f 6222 6223 6224
f 6225 6226 6227
f 6228 6229 6230
f 6231 6232 6233
f 6234 6235 6236
f 6237 6238 6239
f 6240 6241 6242
f 6243 6244 6245
f 6246 6247 6248
f 6249 6250 6251
f 6252 6253 6254
f 6255 6256 6257
f 6258 6259 6260
f 6239 6261 6237
f 6262 6263 6264
f 6265 6266 6267
f 6268 6269 6270
f 6271 6272 6273
f 6274 6275 6276
f 6277 6278 6279
f 6280 6281 6282
f 6283 6284 6285
f 6286 6287 6288
f 6289 6290 6291
f 6292 6293 6294
f 6295 6296 6297
f 6298 6299 6300
f 6301 6302 6303
f 6304 6305 6306
f 6307 6308 6309
f 6310 6311 6312
f 6313 6314 6315
f 6316 6317 6318
f 6318 6317 6319
f 6320 6321 6322
f 6323 6324 6325
f 6326 6327 6328
f 6329 6330 6331
f 6332 6333 6334
f 6335 6336 6337
f 6338 6339 6340
f 6341 6342 6343
f 6344 6345 6346
f 6347 6348 6349
f 6350 6351 6352
f 6353 6354 6355
f 6356 6357 6358
f 6359 6360 6361
f 6362 6363 6364
f 6365 6366 6367
f 6368 6369 6370
f 6371 6372 6373
f 6374 6375 6376
f 6377 6378 6379
f 6380 6381 6382
f 6383 6384 6385
f 6383 6385 6386
f 6387 6388 6389
f 6390 6391 6392
f 6393 6394 6395
f 6396 6397 6398
f 6399 6400 6401
f 6402 6403 6404
f 6405 6406 6407
f 6408 6409 6410
f 6411 6412 6413
f 6414 6415 6416
f 6417 6418 6419
f 6420 6421 6422
f 6423 6424 6425
f 6426 6427 6428
f 5971 6429 5969
f 6430 6431 6432
f 6433 6434 6435
f 6436 6437 6438
f 6439 6440 6441
f 6442 6443 6444
f 6445 6446 6447
f 6448 6449 6450
f 6451 6452 6453
f 6454 6455 6456
f 6457 6458 6459
f 6418 6460 6419
f 6461 6462 6463
f 6464 6465 6466
f 6467 6468 6469
f 6467 6469 6470
f 6471 6472 6473
f 6474 6475 6476
f 6477 6478 6479
f 6480 6481 6482
f 6483 6484 6485
f 6486 6487 6488
f 6489 6490 6491
f 6492 6493 6494
f 6495 6496 6497
f 6498 6499 6500
f 6501 6502 6503
f 6504 6505 6506
f 6507 6508 6509
f 6507 6509 6510
f 6511 6512 6513
f 6514 6515 6516
f 6517 6518 6519
f 6520 6521 6522
f 6523 6524 6525
f 6526 6527 6528
f 6529 6530 6531
f 6532 6533 6534
f 6535 6536 6537
f 6538 6539 6540
f 6541 6542 6543
f 6502 6544 6503
f 6545 6546 6547
f 6548 6549 6550
f 6551 6552 6553
f 6551 6553 6554
f 6555 6556 6557
f 6558 6559 6560
f 6561 6562 6563
f 6564 6565 6566
f 6567 6568 6569
f 6570 6571 6572
f 6573 6574 6575
f 6576 6577 6578
f 6579 6580 6581
f 6542 6582 6543
f 6583 6584 6585
f 6586 6587 6588
f 6589 6590 6591
f 6589 6591 6592
f 6593 6594 6595
f 6556 6596 6557
f 6597 6598 6599
f 6562 6600 6563
f 6601 6602 6603
f 6604 6605 6606
f 6607 6608 6609
f 6610 6611 6612
f 6613 6614 6615
f 6616 6617 6618
f 6619 6620 6621
f 6622 6623 6624
f 6625 6626 6627
f 6628 6629 6630
f 6631 6632 6633
f 6634 6635 6636
f 6637 6638 6639
f 6640 6641 6642
f 6643 6644 6645
f 6646 6647 6648
f 6649 6650 6651
f 6652 6653 6654
f 6655 6656 6657
f 6658 6659 6660
f 6661 6662 6663
f 6664 6665 6666
f 6667 6668 6669
f 6635 6670 6636
f 6671 6672 6673
f 6674 6675 6676
f 6677 6678 6679
f 6680 6681 6682
f 6683 6684 6685
f 6686 6687 6688
f 6689 6690 6691
f 6692 6693 6694
f 6695 6696 6697
f 6698 6699 6700
f 6701 6702 6703
f 6704 6705 6706
f 6707 5919 5921
f 6708 6709 6710
f 5968 5967 6711
f 6712 6708 6710
f 6713 6714 6715
f 6716 6717 5976
f 6718 6719 6720
f 6718 6720 6721
f 6722 6723 6724
f 6722 6724 6725
f 6725 6724 6726
f 6727 6728 6160
f 6143 6145 6729
f 6426 6428 6730
f 6731 6732 6733
f 6734 6735 6736
f 6737 6738 6739
f 6740 6741 6742
f 6743 6744 6745
f 6746 6747 6748
f 6749 6750 6751
f 6751 6750 6752
f 6751 6752 6753
f 6754 6755 6756
f 6757 6758 6759
f 6760 6761 6762
f 6763 6764 6765
f 6765 6764 6766
f 6767 6768 6769
f 6770 6771 6772
f 6773 6774 6775
f 6775 6774 6776
f 6777 6778 6779
f 6779 6778 6780
f 6781 6782 6783
f 6784 6785 6786
f 6787 6788 6789
f 6789 6788 6790
f 6791 6792 6793
f 6793 6792 6794
f 6795 6796 6797
f 6797 6796 6798
f 6799 6276 6275
f 6800 6801 6802
f 6803 6804 6805
f 6806 6420 6422
f 6807 6808 6809
f 6810 6811 6812
f 6813 6814 6815
f 6816 6817 6818
f 6819 6820 6821
f 6822 6823 6824
f 6398 6825 6396
f 6826 6827 6828
f 6392 6829 6390
f 6830 6831 6832
f 6833 6834 6835
f 6836 6837 6838
f 6839 6840 6841
f 6842 6843 6844
f 6845 6846 6847
f 6848 6849 6850
f 6851 6852 6853
f 6854 6855 6856
f 6857 6858 6859
f 6859 6858 6860
f 6861 6862 6863
f 6864 6865 6866
f 6867 6868 6869
f 6870 6871 6872
f 6873 6874 6875
f 6876 6872 6877
f 6878 6879 6880
f 6881 6882 6883
f 6884 6885 6886
f 6887 6888 6889
f 6890 6891 6892
f 6893 6894 6895
f 6896 6897 6898
f 6899 6900 6901
f 6902 6903 6904
f 6904 6903 6905
f 6906 6907 6908
f 6909 6910 6911
f 6912 6913 6914
f 6915 6916 6917
f 6918 6919 6920
f 6921 6922 6923
f 6924 6925 6926
f 6827 6927 6828
f 6928 6929 6930
f 6831 6931 6832
f 6932 6933 6934
f 6935 6936 6937
f 6938 6939 6940
f 6941 6942 6943
f 6944 6945 6946
f 6947 6948 6949
f 6950 6951 6952
f 6952 6951 6953
f 6954 6955 6956
f 6956 6955 6957
f 6958 6959 6960
f 6960 6959 6961
f 6962 6963 6964
f 6965 6966 6967
f 6968 6969 6970
f 6971 6972 6973
f 6974 6975 6976
f 6977 6978 6979
f 6980 6981 6982
f 6983 6984 6985
f 6986 6987 6988
f 6988 6987 6989
f 6990 6991 6992
f 6993 6994 6995
f 6996 6997 6998
f 6998 6997 6999
f 7000 7001 7002
f 7003 7004 7005
f 7006 7007 7008
f 7009 7010 7011
f 7012 7013 7014
f 7015 7016 7017
f 7018 7019 7020
f 6929 7021 6930
f 7022 7023 7024
f 6933 7025 6934
f 7026 7027 7028
f 7014 7013 7029
f 7030 7031 7032
f 7033 6938 6940
f 7034 7035 7036
f 7036 7035 7037
f 7038 7039 7040
f 7040 7039 7041
f 7042 7043 7044
f 7045 7046 7047
f 7048 7049 7050
f 7051 7052 7053
f 7054 7055 7056
f 7057 7058 7059
f 7060 7061 7062
f 7063 7064 7065
f 7066 7067 7068
f 7069 7070 7071
f 7072 7073 7074
f 7075 7076 7077
f 7078 7079 7080
f 7081 7082 7083
f 7084 7085 7086
f 7086 7085 7087
f 7088 7089 7090
f 7090 7089 7091
f 7092 6260 6259
f 6193 6195 7093
f 7094 7095 7096
f 7097 7098 7099
f 7100 7020 7019
f 7023 7101 7024
f 7102 7103 7104
f 7105 7106 7107
f 7108 7109 7110
f 7111 7112 7113
f 7114 7115 7116
f 7117 7118 7119
f 7120 7121 7122
f 7123 7124 7125
f 7126 7127 7128
f 7129 7130 7131
f 7132 7133 7134
f 7135 7136 7137
f 7138 7139 7140
f 7141 7142 7143
f 7144 7145 7146
f 7147 7148 7149
f 7150 7151 7152
f 7153 7154 7155
f 7155 7154 7156
f 7157 7158 7159
f 7160 7161 7162
f 7163 7164 7165
f 7166 7167 7168
f 7169 7170 7171
f 7032 7172 7030
f 7103 7173 7104
f 7174 7175 7176
f 7177 7178 7179
f 7180 7181 7182
f 7183 7184 7185
f 7186 7187 7188
f 7189 6089 7190
f 7191 7192 7193
f 7194 7195 7196
f 7197 7198 7199
f 7200 7201 7202
f 7203 7204 7205
f 7206 7207 7208
f 7209 7210 7211
f 7212 7213 7214
f 7215 7216 7217
f 7218 7219 7220
f 7221 7222 7223
f 7224 7225 7226
f 7227 7228 7229
f 7230 7231 7232
f 7233 7234 7235
f 7236 7237 7238
f 7239 7240 7241
f 7242 7243 6294
f 7244 7245 7246
f 7247 7248 7249
f 7250 7251 7252
f 7253 7254 7255
f 7256 7257 7258
f 7259 7260 7261
f 7262 7263 7264
f 7265 7266 7267
f 7267 7266 7268
f 7269 7256 7258
f 7266 7265 7270
f 7271 7272 7273
f 7274 7275 7276
f 7277 7278 7279
f 7280 7281 7282
f 7283 7284 7285
f 7286 7287 7288
f 7289 7290 7291
f 7292 7293 7294
f 7295 7296 7297
f 7298 7299 7300
f 7301 7302 7303
f 7304 7305 7306
f 6271 6273 7307
f 7308 7309 7310
f 7311 7312 7313
f 7314 6265 6267
f 7315 7316 7317
f 7318 7319 7320
f 7321 7322 7323
f 7324 7325 7326
f 7327 7328 7329
f 7329 7328 7330
f 7331 7332 7333
f 7334 7335 7336
f 7337 7338 7339
f 7340 7341 7342
f 7343 7344 7345
f 7346 7347 7348
f 7349 7350 7351
f 7352 7353 7354
f 7355 7356 7357
f 7358 7359 7360
f 7361 7362 7363
f 7363 7362 7364
f 7365 7366 7367
f 7368 7369 7370
f 7371 7372 7373
f 7374 7375 7376
f 7377 7378 7379
f 7380 7381 7382
f 7383 7384 7385
f 7386 7387 7388
f 7389 7390 7391
f 7392 7393 7394
f 7395 7396 7397
f 7398 7399 7400
f 7401 7402 7403
f 7404 7405 7406
f 7407 7408 7409
f 7410 7411 7412
f 7413 7414 7415
f 7416 7417 7418
f 7419 7420 7421
f 7422 7423 7424
f 7425 7426 7427
f 7428 7429 7430
f 7431 7432 7433
f 7431 7433 7434
f 7435 7436 7437
f 7438 7439 7440
f 7441 7442 7443
f 7444 7445 7446
f 7447 7448 7449
f 7450 7451 7452
f 7453 7454 7455
f 7456 7457 7458
f 7459 7460 7461
f 7459 7461 7462
f 7463 7464 7465
f 7466 7467 7468
f 7469 7470 7471
f 7472 7473 7474
f 7475 7476 7477
f 7478 7479 7480
f 7481 7482 7483
f 7484 7485 7486
f 7487 7488 7489
f 7490 7491 7492
f 7493 7494 7495
f 7496 7497 7498
f 7496 7498 7499
f 7500 7501 7502
f 7503 7504 7505
f 7506 7507 7508
f 7509 7510 7511
f 7512 7513 7514
f 7515 7516 7517
f 7518 7519 7520
f 7521 7522 7523
f 7524 7525 7526
f 7527 7528 7529
f 7530 7531 7532
f 7533 7534 7535
f 7536 7537 7538
f 7539 7540 7541
f 7542 7543 7544
f 7544 7543 7545
f 7546 7547 7548
f 7549 7550 7551
f 7552 7553 7554
f 7555 7556 7557
f 7558 7559 7560
f 7561 7562 7563
f 7564 7565 7566
f 7567 7568 7569
f 7570 7571 7572
f 7572 7571 7573
f 7574 7575 7576
f 7577 7578 7579
f 7577 7579 7580
f 7581 7582 7583
f 7584 7585 7586
f 7587 7588 7589
f 7590 7591 7592
f 7593 7594 7595
f 7596 7597 7598
f 7599 7600 7601
f 7602 7603 7604
f 7605 7606 7607
f 7608 7609 7610
f 7611 7612 7613
f 7614 7615 7616
f 7616 7615 7617
f 7616 7617 7618
f 7614 7619 7615
f 7618 7620 7616
f 7616 7620 7621
f 7621 7620 7622
f 7621 7622 7623
f 7623 7622 7624
f 7623 7624 7625
f 7625 7624 7626
f 7625 7626 7627
f 7627 7626 7628
f 7627 7628 7629
f 7629 7628 7630
f 7629 7630 7631
f 7631 7630 7632
f 7631 7632 7633
f 7633 7632 7634
f 7633 7634 7635
f 7635 7634 7636
f 7635 7636 7637
f 7637 7636 7638
f 7637 7638 7639
f 7639 7638 7640
f 7639 7640 7641
f 7641 7640 7642
f 7642 7640 7643
f 7642 7643 7644
f 7644 7643 7645
f 7644 7645 7646
f 7646 7645 7647
f 7647 7645 7648
f 7647 7648 7649
f 7649 7648 7650
f 7649 7650 7651
f 7651 7650 7652
f 7651 7652 7653
f 7653 7652 7654
f 7653 7654 7655
f 7655 7654 7656
f 7655 7656 7657
f 7657 7656 7658
f 7657 7658 7659
f 7659 7658 7660
f 7659 7660 7661
f 7661 7660 7662
f 7661 7662 7663
f 7663 7662 7664
f 7663 7664 7665
f 7665 7664 7666
f 7665 7666 7667
f 7667 7666 7668
f 7667 7668 7669
f 7669 7670 7667
f 7667 7670 7671
f 7671 7670 7672
f 7673 7674 7675
f 7675 7674 7676
f 7676 7674 7677
f 7676 7677 7678
f 7679 7680 7681
f 7681 7680 7682
f 7681 7682 7683
f 7683 7682 7684
f 7683 7684 7685
f 7685 7684 7686
f 7685 7686 7687
f 7687 7686 7688
f 7687 7688 7689
f 7689 7688 7690
f 7689 7690 7691
f 7691 7690 7692
f 7691 7692 7693
f 7693 7692 7694
f 7693 7694 7695
f 7695 7694 7696
f 7695 7696 7697
f 7697 7696 7698
f 7697 7698 7699
f 7699 7698 7700
f 7699 7700 7701
f 7701 7700 7702
f 7701 7702 7703
f 7701 7703 7704
f 7704 7703 7705
f 7704 7705 7706
f 7706 7705 7707
f 7706 7707 7708
f 7708 7707 7709
f 7708 7709 7710
f 7708 7710 7711
f 7711 7710 7712
f 7711 7712 7713
f 7713 7712 7714
f 7713 7714 7715
f 7713 7715 7716
f 7716 7715 7717
f 7716 7717 7718
f 7718 7717 7719
f 7718 7719 7720
f 7720 7719 7721
f 7720 7721 7722
f 7720 7722 7723
f 7723 7722 7724
f 7723 7724 7725
f 7725 7724 7726
f 7725 7726 7727
f 7727 7726 7728
f 7727 7728 7729
f 7729 7728 7730
f 7729 7730 7731
f 7731 7730 7732
f 7731 7732 7733
f 7733 7732 7734
f 7733 7734 7735
f 7735 7734 7736
f 7735 7736 7737
f 7737 7736 7738
f 7737 7738 7739
f 7739 7738 7740
f 7739 7740 7741
f 7741 7740 7742
f 7741 7742 7743
f 7744 7745 7746
f 7747 7748 7749
f 7750 7751 7752
f 7753 7754 7755
f 7756 7757 7747
f 7758 7759 7760
f 7761 7762 7763
f 7764 7765 7766
f 7767 7768 7769
f 7770 7771 7772
f 7773 7774 7775
f 7776 7777 7778
f 7779 7780 7781
f 7779 7781 7782
f 7783 7784 7785
f 7786 7787 7788
f 7789 7790 7791
f 7792 7793 7794
f 7795 7796 7797
f 7798 7799 7800
f 7801 7802 7803
f 7804 7805 7806
f 7807 7808 7809
f 7810 7811 7812
f 7813 7814 7815
f 7816 7817 7818
f 7819 7820 7821
f 7822 7823 7824
f 7825 7826 7827
f 7825 7827 7828
f 7829 7830 7831
f 7829 7831 7832
f 7833 7834 7835
f 7833 7835 7836
f 7837 7838 7839
f 7837 7839 7840
f 7841 7842 7843
f 7841 7843 7844
f 7845 7846 7847
f 7845 7847 7848
f 7849 7850 7851
f 7849 7851 7852
f 7853 7854 7855
f 7853 7855 7856
f 7857 7858 7859
f 7857 7859 7860
f 7861 7862 7863
f 7861 7863 7864
f 7865 7866 7867
f 7865 7867 7868
f 7869 7870 7871
f 7869 7871 7872
f 7873 7874 7875
f 7873 7875 7876
f 7877 7878 7879
f 7877 7879 7880
f 7881 7882 7883
f 7881 7883 7884
f 7885 7886 7887
f 7885 7887 7888
f 7889 7890 7891
f 7889 7891 7892
f 7893 7894 7895
f 7893 7895 7896
f 7897 7898 7899
f 7897 7899 7900
f 7901 7902 7903
f 7901 7903 7904
f 7905 7906 7907
f 7905 7907 7908
f 7909 7910 7911
f 7909 7911 7912
f 7913 7914 7915
f 7916 7917 7918
f 7919 7920 7921
f 7922 7923 7916
f 7924 7925 7926
f 7927 7923 7928
f 7929 7930 7931
f 7932 7933 7934
f 7927 7935 7936
f 7910 7937 7911
f 7938 7939 7940
f 7941 7942 7943
f 7944 7945 7946
f 7947 7948 7949
f 7950 7951 7952
f 7953 7954 7955
f 7956 7957 7958
f 7959 7960 7961
f 7962 7963 7964
f 7965 7966 7967
f 7968 7969 7970
f 7971 7972 7973
f 7974 7975 7976
f 7977 7978 7979
f 7980 7981 7982
f 7983 7984 7985
f 7986 7987 7988
f 7989 7990 7991
f 7992 7993 7994
f 7995 7996 7997
f 7998 7999 8000
f 7967 8001 7965
f 8002 8003 8004
f 8005 8006 8007
f 8008 8009 8010
f 8011 8012 8013
f 8014 8015 8016
f 8017 8018 8019
f 8020 8021 8022
f 8023 8024 8025
f 8026 8027 8028
f 8029 8030 8031
f 8029 8031 8032
f 8032 8031 8033
f 8034 8035 8036
f 8037 8038 8039
f 8040 8041 8042
f 8042 8041 8043
f 8044 8045 8046
f 8046 8045 8047
f 8048 8049 8050
f 8051 8052 8053
f 8054 8055 8056
f 8057 8058 8059
f 8060 8061 8062
f 8063 8064 8065
f 8066 8067 8068
f 8069 8070 8071
f 8072 8073 8074
f 8074 8073 8075
f 8076 8077 8078
f 8078 8077 8079
f 8080 8081 8082
f 8083 8084 8085
f 8086 8087 8088
f 8089 8090 8091
f 8089 8091 8092
f 8093 8094 8095
f 8096 8097 8098
f 8099 8100 8101
f 8102 8103 8104
f 8105 8106 8107
f 8108 8109 8110
f 8110 8109 8111
f 8112 8113 8114
f 8114 8113 8115
f 8114 8115 8116
f 8117 8118 8119
f 8120 8121 8122
f 8123 8124 8125
f 8126 8127 8128
f 8129 8130 8131
f 8132 8133 8134
f 8135 8136 8137
f 8138 8139 8140
f 8141 8142 8143
f 8144 8140 8145
f 8146 8147 8148
f 8148 8147 8149
f 8150 8151 8152
f 8152 8151 8153
f 8154 8155 8156
f 8157 8153 8158
f 8156 8159 8160
f 8160 8159 8161
f 8162 8163 8164
f 8165 8166 8167
f 8168 8169 8170
f 8171 8167 8172
f 8173 8174 8175
f 8175 8174 8176
f 8177 8178 8179
f 8179 8178 8180
f 8181 8182 8183
f 8183 8182 8184
f 8185 8186 8187
f 8188 8189 8190
f 8191 8192 8193
f 8194 8195 8196
f 8197 8198 8199
f 8200 8201 8202
f 8200 8202 8203
f 8204 8205 8206
f 8207 8208 8209
f 8210 8206 8211
f 8212 8213 8214
f 8214 8213 8215
f 8216 8217 8218
f 8219 8220 8221
f 8219 8221 8222
f 8223 8224 8225
f 8226 8227 8228
f 8226 8228 8229
f 8229 8228 8230
f 8229 8230 8231
f 8231 8230 8232
f 8231 8232 8233
f 8234 8235 8236
f 8237 8238 8239
f 8238 8240 8239
f 8239 8240 8241
f 8240 8242 8241
f 8241 8242 8243
f 8243 8242 8244
f 8245 8246 8247
f 8245 8247 8248
f 8248 8247 8249
f 8248 8249 8250
f 8251 8252 8253
f 8254 8255 8256
f 8257 8258 8259
f 8259 8258 8260
f 8260 8258 8261
f 8260 8261 8262
f 8263 8264 8265
f 8266 8267 8268
f 8269 8270 8271
f 8270 8272 8271
f 8271 8272 8273
f 8272 8274 8273
f 8275 8276 8277
f 8122 8278 8279
f 8122 8279 8120
f 8280 8281 8282
f 8283 8284 8285
f 8285 8284 8286
f 8285 8286 8287
f 8287 8286 8288
f 8289 8290 8291
f 8291 8290 8292
f 8293 8294 8295
f 8296 8297 8298
f 8299 8300 8301
f 8302 8303 8304
f 8305 8306 8307
f 8308 8309 8310
f 8311 8312 8313
f 8314 8315 8316
f 8317 8318 8319
f 8320 8321 8322
f 8323 8324 8325
f 8325 8324 8326
f 8327 8328 8329
f 8330 8331 8332
f 8333 8334 8335
f 8336 8337 8338
f 8339 8340 8341
f 8342 8343 8344
f 8345 8346 8347
f 8348 8349 8350
f 8351 8352 8353
f 8354 8355 8356
f 8357 8358 8359
f 8359 8358 8360
f 8361 8362 8363
f 8363 8362 8364
f 8363 8364 8365
f 8366 8367 8368
f 8369 8370 8371
f 8371 8370 8372
f 8373 8374 8375
f 8376 8377 8378
f 8379 8380 8381
f 8382 8383 8384
f 8385 8386 8387
f 8388 8389 8390
f 8391 8392 8393
f 8394 8395 8396
f 8397 8398 8399
f 8400 8401 8402
f 8403 8404 8405
f 8406 8407 8408
f 8409 8410 8411
f 8412 8413 8414
f 8415 8416 8417
f 8418 8419 8420
f 8421 8422 8423
f 8424 8425 8426
f 8427 8428 8429
f 8427 8429 8430
f 8431 8432 8433
f 8431 8433 8434
f 8435 8436 8437
f 8438 8439 8440
f 8441 8442 8443
f 8444 8445 8446
f 8447 8448 8449
f 8450 8451 8452
f 8453 8454 8455
f 8456 8457 8458
f 8459 8460 8461
f 8462 8463 8464
f 8465 8466 8467
f 8468 8469 8470
f 8471 8472 8473
f 8474 8475 8476
f 8477 8478 8479
f 8479 8478 8480
f 8481 8482 8483
f 8484 8485 8486
f 8487 8488 8489
f 8490 8491 8492
f 8493 8494 8495
f 8496 8497 8498
f 8499 8500 8501
f 8502 8503 8504
f 8505 8506 8507
f 8508 8509 8510
f 8511 8512 8513
f 8514 8515 8516
f 8517 8518 8519
f 8520 8521 8522
f 8523 8524 8525
f 8526 8527 8528
f 8529 8530 8531
f 8532 8533 8534
f 8535 8536 8537
f 8538 8539 8540
f 8541 8542 8543
f 8544 8545 8546
f 8544 8546 8547
f 8548 8549 8550
f 8551 8552 8553
f 8554 8555 8556
f 8557 8558 8559
f 8560 8561 8562
f 8563 8564 8565
f 8566 8567 8568
f 8569 8570 8571
f 8572 8573 8574
f 8575 8576 8577
f 8578 8579 8580
f 8581 8582 8583
f 8584 8585 8586
f 8587 8588 8589
f 8590 8591 8592
f 8593 8594 8595
f 8596 8597 8598
f 8599 8600 8601
f 8602 8603 8604
f 8605 8606 8607
f 8608 8609 8610
f 8611 8612 8613
f 8614 8615 8616
f 8617 8618 8619
f 8620 8621 8622
f 8585 8623 8586
f 8624 8625 8626
f 8627 8628 8629
f 8630 8631 8632
f 8633 8634 8635
f 8636 8637 8638
f 8639 8640 8641
f 8642 8643 8644
f 8645 8646 8647
f 8648 8649 8650
f 8651 8652 8653
f 8654 8655 8656
f 8657 8658 8659
f 8660 8661 8662
f 8625 8663 8626
f 8664 8665 8666
f 8667 8668 8669
f 8670 8671 8672
f 8673 8674 8675
f 8676 8677 8678
f 8679 8680 8681
f 8682 8683 8684
f 8685 8686 8687
f 8688 8689 8690
f 8691 8692 8693
f 8694 8695 8696
f 8697 8698 8699
f 8700 8701 8702
f 8665 8703 8666
f 8704 8705 8706
f 8707 8708 8709
f 8710 8711 8712
f 8713 8714 8715
f 8716 8717 8718
f 8719 8720 8721
f 8722 8723 8724
f 8725 8726 8727
f 8728 8729 8730
f 8695 8731 8696
f 8732 8733 8734
f 8701 8735 8702
f 8736 8737 8738
f 8705 8739 8706
f 8740 8741 8742
f 8743 8744 8745
f 8746 8747 8748
f 8749 8750 8751
f 8752 8753 8754
f 8755 8756 8757
f 8758 8759 8760
f 8761 8762 8763
f 8733 8764 8734
f 8765 8766 8767
f 8737 8768 8738
f 8769 8770 8771
f 8772 8773 8774
f 8775 8776 8777
f 8778 8779 8780
f 8781 8782 8783
f 8784 8785 8786
f 8787 8788 8789
f 8790 8791 8792
f 8793 8794 8795
f 8766 8796 8767
f 8797 8798 8799
f 8770 8800 8771
f 8801 8802 8803
f 8804 8805 8806
f 8807 8808 8809
f 8810 8811 8812
f 8788 8813 8789
f 8814 8815 8816
f 8794 8817 8795
f 8818 8819 8820
f 8798 8821 8799
f 8822 8823 8824
f 8825 8826 8827
f 8828 8829 8830
f 8831 8832 8833
f 8834 8835 8836
f 8837 8838 8839
f 8819 8840 8820
f 8841 8842 8843
f 8844 8845 8846
f 8847 8848 8849
f 8850 8851 8852
f 8838 8853 8839
f 8854 8855 8856
f 8857 8858 8859
f 8851 8860 8852
f 8861 7947 7949
f 8581 8583 8862
f 8863 8864 8865
f 8866 8867 8868
f 8869 8870 8871
f 8872 8873 8874
f 8875 8876 8877
f 8878 8879 8880
f 8878 8880 8881
f 8882 8883 8884
f 8885 8886 8887
f 8888 8889 8890
f 8891 8892 8893
f 8893 8892 8894
f 8895 8896 8897
f 8898 8899 8900
f 8901 8902 8903
f 8904 8905 8906
f 8907 8908 8909
f 8910 8911 8912
f 8913 8914 8915
f 8916 8917 8918
f 8919 8920 8921
f 8922 8918 8923
f 8924 8925 8926
f 8926 8925 8927
f 8928 8443 8442
f 8929 8930 8931
f 8932 8933 8934
f 8935 8936 8937
f 8938 8939 8940
f 8941 8942 8943
f 8944 8945 8946
f 8947 8948 8949
f 8950 8951 8952
f 8953 8954 8955
f 8956 8957 8958
f 8959 8960 8961
f 8962 8963 8964
f 8965 8966 8967
f 8968 8969 8970
f 8971 8972 8973
f 8974 8975 8976
f 8977 8978 8979
f 8980 8981 8982
f 8982 8981 8983
f 8984 8985 8986
f 8987 8988 8989
f 8990 8991 8992
f 8993 8994 8995
f 8996 8997 8998
f 8999 9000 9001
f 9002 9003 9004
f 9005 9006 9007
f 9008 9009 9010
f 9011 9012 9013
f 9014 9015 9016
f 9017 9018 9019
f 9020 9021 9022
f 9023 9024 9025
f 9026 9027 9028
f 9029 9030 9031
f 9031 9030 9032
f 9033 9034 9035
f 9036 9037 9038
f 9039 9040 9041
f 9042 9043 9044
f 9045 9046 9047
f 8957 9048 8958
f 9049 9050 9051
f 9052 9053 9054
f 9054 9053 9055
f 9056 9057 9058
f 9058 9057 9059
f 9060 9061 9062
f 9062 9061 9063
f 9064 9065 9066
f 9067 9068 9069
f 9070 9071 9072
f 9073 9074 9075
f 9076 9077 9078
f 9079 9080 9081
f 9082 9083 9084
f 9085 9086 9087
f 9088 9089 9090
f 9091 9092 9093
f 9094 9095 9096
f 9097 9098 9099
f 9100 9101 9102
f 9102 9101 9103
f 9104 9105 9106
f 9107 9108 9109
f 9110 9111 9112
f 9046 9113 9047
f 9114 9115 9116
f 9117 9118 9119
f 9120 9121 9122
f 9112 9111 9123
f 9124 9125 9126
f 9127 9128 9129
f 9130 9131 9132
f 9133 9134 9135
f 9136 9137 9138
f 9139 9140 9141
f 9142 9143 9144
f 9145 9146 9147
f 9148 9149 9150
f 9151 9152 9153
f 9154 9155 9156
f 9157 9158 9159
f 9160 9161 9162
f 9163 9164 9165
f 9166 9167 9168
f 9169 9170 9171
f 9172 9173 9174
f 9175 9104 9106
f 9176 9177 9178
f 9179 9180 9181
f 9182 9183 9184
f 9185 9186 9187
f 9188 9189 9190
f 9191 9192 9193
f 9194 9195 9196
f 9197 9198 9199
f 9200 9201 9202
f 9203 9204 9205
f 9206 9207 9208
f 9209 9210 9211
f 9212 9213 9214
f 9215 9216 9217
f 9218 9219 9220
f 9221 9222 9223
f 9224 9225 9226
f 9227 9228 9229
f 9230 9231 9232
f 9233 9172 9174
f 9234 9235 9236
f 9237 9176 9178
f 9238 9239 9240
f 9241 9242 9243
f 9244 9245 9246
f 9247 9248 9249
f 9250 9251 9252
f 9253 9254 9255
f 9256 9257 9258
f 9259 9260 9261
f 9262 9263 9264
f 9265 9266 9267
f 9268 9269 9270
f 9271 9272 9273
f 9274 9275 9276
f 9277 9230 9232
f 9278 9279 9280
f 9281 9234 9236
f 9282 9283 9284
f 9284 9283 9285
f 9286 9287 9288
f 8438 8440 9289
f 9290 9291 9292
f 9293 8282 8281
f 9294 9295 9296
f 9297 9298 9299
f 9300 9301 9302
f 9303 9304 9305
f 9306 9307 9308
f 9308 9307 9309
f 9310 9311 9312
f 9313 9314 9315
f 8394 8396 9316
f 9317 9318 9319
f 9320 8394 9316
f 9292 9321 9290
f 9322 9323 9324
f 9325 9326 9327
f 9328 9329 9330
f 9331 9332 9333
f 9334 9335 9336
f 9337 9338 9339
f 9339 9338 9340
f 9340 9338 9341
f 9340 9341 9342
f 9340 9342 9343
f 9343 9342 9344
f 9343 9344 9345
f 9345 9344 9346
f 9345 9346 9347
f 9345 9347 9348
f 9348 9347 9349
f 9348 9349 9350
f 9350 9349 9351
f 9350 9351 9352
f 9350 9352 9353
f 9353 9352 9354
f 9353 9354 9355
f 9355 9356 9353
f 9353 9356 9357
f 9357 9356 9358
f 9357 9358 9359
f 9359 9360 9357
f 9357 9360 9361
f 9357 9361 9362
f 9362 9363 9357
f 9357 9363 9364
f 9357 9364 9365
f 9357 9365 9366
f 9366 9365 9367
f 9366 9367 9368
f 9368 9369 9366
f 9366 9369 9370
f 9370 9369 9371
f 9370 9371 9372
f 9370 9372 9373
f 9373 9372 9374
f 9373 9374 9375
f 9375 9374 9376
f 9375 9376 9377
f 9375 9377 9378
f 9378 9377 9379
f 9378 9379 9380
f 9380 9379 9381
f 9380 9381 9382
f 9382 9381 9383
f 9382 9383 9384
f 9385 9386 9387
f 9387 9386 9388
f 9387 9388 9389
f 9389 9388 9390
f 9389 9390 9391
f 9391 9390 758
f 9391 758 760
f 9391 760 9392
f 9392 760 9393
f 9392 9393 9394
f 9394 9393 9395
f 9394 9395 9396
f 9396 9395 9397
f 9396 9397 9398
f 9398 9397 9399
f 9398 9399 9400
f 9400 9401 9398
f 9398 9401 9402
f 9402 9401 9403
f 9402 9403 9404
f 9404 9405 9402
f 9402 9405 9406
f 9402 9406 9407
f 9402 9407 9408
f 9408 9407 9409
f 9408 9409 9410
f 9410 9411 9408
f 9408 9411 9412
f 9412 9411 9413
f 9412 9413 9414
f 9412 9414 9415
f 9415 9414 9416
f 9415 9416 9417
f 9417 9416 998
f 9417 998 9418
f 9418 998 997
f 9418 997 9419
f 9418 9419 9420
f 9420 9419 9421
f 9420 9421 9422
f 9422 9421 9423
f 9424 9425 9426
f 9426 9425 9427
f 9428 9429 9430
f 9431 9432 9433
f 9434 9435 9436
f 9437 9438 9439
f 9440 9441 9442
f 9443 9444 9445
f 9446 9447 9448
f 9446 9448 9449
f 9450 9451 9452
f 9453 9454 9455
f 9456 9457 9458
f 9459 9460 9461
f 9462 9463 9464
f 9465 9466 9467
f 9468 9469 9470
f 9471 9472 9473
f 9471 9473 9474
f 9475 9476 9477
f 9478 9479 9480
f 9481 9482 9483
f 9484 9485 9486
f 9487 9488 9489
f 9490 9491 9492
f 9493 9494 9495
f 9496 9497 9498
f 9499 9500 9501
f 9502 9503 9504
f 9502 9504 9505
f 9506 9507 9508
f 9509 9510 9511
f 9512 9513 9514
f 9515 9516 9517
f 9518 9519 9520
f 9521 9522 9523
f 9524 9525 9526
f 9527 9528 9529
f 9530 9531 9532
f 9533 9534 9535
f 9536 9537 9538
f 9539 9540 9541
f 9542 9543 9544
f 9545 9546 9547
f 9548 9549 9550
f 9551 9552 9553
f 9553 9552 9554
f 9555 9556 9557
f 9558 9559 9560
f 9561 9562 9563
f 9564 9565 9566
f 9567 9568 9569
f 9570 9571 9572
f 9573 9574 9575
f 9576 9577 9578
f 9579 9580 9581
f 9582 9583 9584
f 9584 9583 9585
f 9586 9587 9588
f 9589 9590 9591
f 9592 9593 9594
f 9595 9596 9597
f 9598 9599 9600
f 9601 9602 9603
f 9604 9605 9592
f 9606 9607 9608
f 9609 9610 9611
f 9612 9613 9606
f 9601 9614 9615
f 9601 9615 9616
f 9617 9618 9619
f 9617 9619 9620
f 9621 9622 9623
f 9624 9625 9626
f 9627 9628 9629
f 9630 9631 9632
f 9633 9634 9635
f 9636 9637 9638
f 9635 9639 9640
f 9641 9642 9643
f 9644 9645 9646
f 9647 9648 9649
f 9650 9651 9652
f 9653 9654 9655
f 9618 9656 9657
f 9658 9659 9660
f 9632 9661 9662
f 9663 9664 9665
f 9666 9667 9668
f 9669 9670 9671
f 9671 9670 9672
f 9673 9674 9675
f 9676 9677 9678
f 9679 9680 9681
f 9682 9683 9684
f 9685 9686 9687
f 9688 9689 9690
f 9690 9689 9691
f 9692 9693 9694
f 9695 9689 9696
f 9695 9696 9697
f 9698 9699 9700
f 9700 9699 9701
f 9702 9703 9704
f 9705 9706 9707
f 9708 9709 9710
f 9711 9696 9712
f 9713 9714 9715
f 9716 9717 9718
f 9719 9714 9720
f 9721 9717 9722
f 9723 9724 9725
f 9726 9727 9728
f 9729 9730 9731
f 9731 9730 9732
f 9733 9734 9735
f 9736 9737 9738
f 9739 9734 9740
f 9741 9742 9743
f 9743 9742 9744
f 9742 9745 9744
f 9744 9745 9746
f 9666 9747 9748
f 9749 9750 9751
f 9752 9753 9754
f 9755 9756 9757
f 9758 9759 9760
f 9761 9762 9763
f 9764 9765 9766
f 9616 9767 9768
f 9769 9770 9771
f 9772 9773 9774
f 9775 9776 9768
f 9777 9778 9779
f 9780 9781 9782
f 9783 9784 9785
f 9786 9787 9788
f 9786 9788 9588
f 9588 9788 9586
f 9436 9435 9512
f 9442 9441 9518
f 9514 9436 9512
f 9448 9447 9524
f 9520 9442 9518
f 9455 9454 9789
f 9526 9448 9524
f 9461 9460 9539
f 9535 9790 9533
f 9467 9466 9545
f 9541 9461 9539
f 9473 9472 9551
f 9547 9467 9545
f 9480 9479 9558
f 9553 9473 9551
f 9489 9488 9567
f 9560 9480 9558
f 9567 9569 9489
f 9497 9576 9578
f 9497 9578 9498
f 9616 9768 9601
f 9657 9619 9618
f 9681 9680 9722
f 9717 9681 9722
f 9791 9792 9793
f 9793 9792 9794
f 9793 9794 9795
f 9795 9794 9796
f 9795 9796 9797
f 9795 9797 9798
f 9798 9797 9799
f 9798 9799 9800
f 9800 9799 9801
f 9800 9801 9802
f 9802 9801 9803
f 9803 9801 9804
f 9803 9804 9805
f 9805 9804 9806
f 9805 9806 9807
f 9807 9806 9808
f 9807 9808 9809
f 9807 9809 9810
f 9810 9809 9811
f 9810 9811 9812
f 9812 9811 9813
f 9812 9813 9814
f 9815 9816 9817
f 9817 9816 9818
f 9819 9820 9821
f 9821 9820 9822
f 9823 9824 9825
f 9825 9824 9826
f 9827 9828 9829
f 9830 9831 9832
f 9833 9826 9824
f 9834 9835 9836
f 9837 9838 9839
f 9837 9839 9840
f 9841 9842 9843
f 9844 9845 9846
f 9846 9845 9847
f 9848 9849 9850
f 9851 9847 9852
f 9852 9847 9845
f 9853 9854 9855
f 9856 9857 9858
f 9850 9859 9848
f 9848 9859 9860
f 9861 9862 9863
f 9864 9865 9866
f 9867 9868 9869
f 9870 9871 9872
f 9873 9874 9875
f 9873 9875 9876
f 9877 9878 9879
f 9880 9881 9882
f 9883 9884 9885
f 9886 9887 9888
f 9888 9887 9889
f 9888 9889 9890
f 9890 9889 9891
f 9891 9889 9886
f 9892 9893 9894
f 9895 9896 9897
f 9898 9899 9900
f 9898 9900 9901
f 9902 9903 9904
f 9905 9906 9907
f 9908 9909 9910
f 9911 9912 9913
f 9913 9912 9914
f 9915 9916 9917
f 9918 9919 9920
f 9918 9920 9921
f 9922 9923 9924
f 9925 9926 9927
f 9928 9929 9930
f 9931 9932 9933
f 9934 9935 9936
f 9937 9938 9939
f 9940 9941 9942
f 9943 9944 9945
f 9946 9947 9948
f 9948 9947 9949
f 9948 9949 9950
f 9951 9952 9953
f 9954 9955 9956
f 9957 9958 9959
f 9960 9961 9962
f 9962 9961 9963
f 9964 9965 9966
f 9967 9968 9969
f 9970 9971 9972
f 9973 9974 9975
f 9976 9910 9909
f 9977 9978 9979
f 9980 9981 9982
f 9983 9984 9985
f 9986 9987 9988
f 9989 9990 9923
f 9985 9991 9983
f 9992 9993 9990
f 9994 9995 9996
f 9997 9998 9999
f 10000 10001 10002
f 10003 10004 10005
f 10006 10007 10008
f 10009 10010 10011
f 10012 10013 10014
f 10015 10016 10017
f 10015 10017 10018
f 10018 10017 10019
f 10020 10021 10022
f 10023 10024 10025
f 10026 10027 10028
f 10029 10030 10031
f 10029 10031 10032
f 10033 10034 10035
f 10036 10037 10038
f 10038 10037 10039
f 10040 10041 10003
f 10042 10043 10044
f 10045 10046 10047
f 10048 10049 10050
f 10051 10052 10053
f 10051 10053 10054
f 10055 10056 10057
f 10058 10059 10060
f 10061 10062 10063
f 10064 10065 10066
f 10067 10068 10069
f 10070 10071 10072
f 10073 10074 10075
f 10076 10077 10078
f 10079 10080 10081
f 10082 10083 10084
f 10085 10086 10087
f 10088 10089 10090
f 10091 10092 10093
f 10094 10095 10096
f 10097 10098 10099
f 10100 10101 10102
f 10102 10101 10103
f 10093 10104 10091
f 10091 10104 10105
f 10087 10106 10085
f 10085 10106 10107
f 10081 10108 10109
f 10109 10108 10110
f 10111 10112 10113
f 10114 10115 10116
f 10117 10118 10119
f 10104 10120 10105
f 10121 10122 10123
f 10106 10124 10107
f 10125 10126 10127
f 10128 10129 10130
f 10131 10132 10133
f 10131 10133 10134
f 10072 10135 10070
f 10136 10137 10138
f 10139 10140 10141
f 10139 10141 10064
f 10060 10142 10058
f 10143 10144 10145
f 10142 10146 10147
f 10142 10147 10058
f 10054 10148 10051
f 10149 10150 10151
f 10148 10152 10153
f 10148 10153 10051
f 10047 10154 10045
f 10152 10155 10153
f 10156 10157 10158
f 10154 10159 10160
f 10161 10162 10163
f 10164 10165 10166
f 10167 10168 10169
f 10170 10171 10172
f 10173 10174 10175
f 10176 9892 9894
f 10177 9883 9885
f 10178 9867 9869
f 9829 10179 9827
f 10180 10181 10182
f 9825 10183 9823
f 9866 9865 10184
f 9882 9881 10185
f 9886 9889 9887
f 9933 9932 10000
f 10154 10160 10045
f 10002 9933 10000
f 10066 10139 10064
f 10081 10109 10079
f 10186 10187 10188
f 10188 10187 10189
f 10188 10189 10190
f 10190 10189 10191
f 10190 10191 10192
f 10192 10191 10193
f 10193 10191 10194
f 10193 10194 10195
f 10195 10194 10196
f 10196 10194 10197
f 10196 10197 10198
f 10198 10197 10199
f 10198 10199 10200
f 10200 10199 10201
f 10200 10201 10202
f 10202 10201 10203
f 10202 10203 10204
f 10204 10203 10205
f 10204 10205 10206
f 10206 10207 10204
f 10208 10209 10204
f 10204 10209 10210
f 10204 10210 10211
f 10211 10212 10204
f 10204 10212 10213
f 10204 10213 10214
f 10214 10202 10204
f 10215 10216 10192
f 10192 10216 10217
f 10192 10217 10190
f 10190 10217 10218
f 10190 10218 10219
f 10219 10218 10220
f 10219 10220 10221
f 10221 10220 10222
f 10221 10222 10223
f 10216 10215 10224
f 10224 10215 10225
f 10224 10225 10226
f 10226 10225 10227
f 10226 10227 10228
f 10228 10227 10229
f 10228 10229 10230
f 10230 10229 10231
f 10231 10229 10232
f 10231 10232 10233
f 10231 10233 10234
f 10234 10233 10235
f 10234 10235 10236
f 10236 10235 10237
f 10236 10237 10238
f 10239 10240 10238
f 10238 10240 10241
f 10238 10241 10236
f 10242 10243 10239
f 10239 10243 10244
f 10239 10244 10240
f 10242 10245 10243
f 10243 10245 10246
f 10243 10246 10247
f 10247 10248 10243
f 10243 10248 10249
f 10243 10249 10208
f 10250 10251 10243
f 10243 10251 10252
f 10243 10252 10244
f 10253 10254 10230
f 10230 10254 10255
f 10230 10255 10228
f 10228 10255 10256
f 10228 10256 10257
f 10257 10256 10258
f 10258 10256 10259
f 10258 10259 10260
f 10260 10259 10261
f 10261 10259 10262
f 10261 10262 10263
f 10263 10262 10264
f 10263 10264 10265
f 10266 10267 10253
f 10253 10267 10254
f 10263 10265 10268
f 10268 10265 10269
f 10268 10269 10270
f 10270 10269 10271
f 10270 10271 10272
f 10272 10273 10270
f 10274 10275 10270
f 10270 10275 10276
f 10270 10276 10277
f 10277 10278 10270
f 10270 10278 10279
f 10270 10279 10280
f 10280 10268 10270
f 10221 10223 10281
f 10281 10223 10282
f 10281 10282 10283
f 10283 10282 10284
f 10283 10284 10285
f 10285 10284 10286
f 10286 10284 10287
f 10286 10287 10288
f 10288 10287 10289
f 10289 10287 10290
f 10284 10291 10287
f 10287 10291 10292
f 10287 10292 10293
f 10293 10294 10287
f 10287 10294 10295
f 10287 10295 10296
f 10296 10274 10287
f 10297 10298 10299
f 10299 10298 10300
f 10301 10302 10303
f 10304 10305 10306
f 10307 10308 10309
f 10310 10311 10312
f 10313 10314 10315
f 10316 10317 10318
f 10319 10320 10321
f 10322 10323 10324
f 10325 10326 10327
f 10328 10329 10330
f 10331 10332 10333
f 10334 10335 10336
f 10337 10338 10339
f 10340 10341 10342
f 10343 10344 10345
f 10346 10347 10348
f 10346 10348 10349
f 10350 10351 10352
f 10353 10354 10355
f 10356 10357 10358
f 10359 10360 10361
f 10359 10361 10362
f 10363 10364 10365
f 10362 10366 10367
f 10368 10369 10370
f 10371 10372 10373
f 10374 10375 10376
f 10377 10378 10379
f 10380 10381 10382
f 10383 10384 10385
f 10386 10387 10388
f 10388 10387 10389
f 10390 10391 10392
f 10393 10394 10395
f 10396 10397 10398
f 10399 10400 10401
f 10402 10403 10404
f 10405 10406 10407
f 10408 10409 10410
f 10411 10412 10413
f 10413 10412 10414
f 10415 10416 10417
f 10418 10419 10420
f 10421 10422 10423
f 10424 10425 10426
f 10427 10428 10429
f 10430 10431 10432
f 10433 10434 10435
f 10436 10437 10438
f 10439 10440 10441
f 10441 10440 10442
f 10443 10444 10445
f 10443 10445 10446
f 10447 10448 10449
f 10450 10451 10452
f 10453 10454 10455
f 10456 10457 10458
f 10459 10460 10461
f 10426 10462 10424
f 10463 10464 10465
f 10424 10466 10467
f 10468 10469 10470
f 10463 10471 10472
f 10470 10473 10474
f 10475 10476 10477
f 10478 10479 10480
f 10481 10482 10483
f 10483 10482 10484
f 10485 10486 10487
f 10488 10489 10490
f 10491 10492 10493
f 10493 10492 10494
f 10495 10496 10497
f 10498 10499 10500
f 10501 10502 10503
f 10504 10505 10506
f 10507 10508 10509
f 10510 10511 10512
f 10513 10514 10515
f 10516 10517 10518
f 10519 10520 10521
f 10522 10523 10524
f 10525 10526 10527
f 10528 10529 10530
f 10531 10532 10533
f 10534 10535 10536
f 10537 10538 10539
f 10500 10499 10540
f 10540 10499 10541
f 10542 10543 10509
f 10544 10545 10546
f 10546 10545 10547
f 10548 10549 10550
f 10550 10549 10551
f 10552 10553 10554
f 10554 10553 10555
f 10556 10557 10558
f 10559 10560 10561
f 10562 10555 10553
f 10563 10564 10565
f 10565 10564 10566
f 10567 10568 10569
f 10570 10571 10572
f 10573 10574 10575
f 10576 10577 10578
f 10579 10580 10581
f 10582 10583 10584
f 10585 10586 10587
f 10584 10588 10589
f 10589 10588 10590
f 10591 10592 10593
f 10594 10595 10596
f 10597 10598 10599
f 10600 10601 10602
f 10603 10604 10605
f 10605 10604 10606
f 10607 10608 10609
f 10610 10596 10611
f 10611 10596 10595
f 10612 10613 10614
f 10604 10615 10606
f 10616 10617 10618
f 10618 10617 10619
f 10620 10621 10622
f 10186 10623 10187
f 10605 10624 10603
f 10600 10625 10626
f 10627 10579 10581
f 10519 10628 10629
f 10630 10631 10632
f 10512 10633 10510
f 10634 10635 10636
f 10637 10638 10639
f 10474 10640 10470
f 10470 10640 10641
f 10420 10355 10418
f 10418 10355 10354
f 10413 10348 10411
f 10411 10348 10347
f 10407 10342 10405
f 10405 10342 10341
f 10401 10336 10399
f 10399 10336 10335
f 10395 10330 10329
f 10642 10643 10644
f 10645 10646 10647
f 10648 10649 10650
f 10640 10651 10641
f 10652 10650 10653
f 10360 10654 10655
f 10655 10361 10360
f 10656 10657 10658
f 10659 10660 10661
f 10658 10662 10663
f 10664 10665 10666
f 10667 10668 10669
f 10670 10671 10672
f 10673 10674 10675
f 10673 10675 10676
f 10677 10678 10679
f 10309 10308 10374
f 10315 10314 10380
f 10376 10309 10374
f 10380 10382 10315
f 10320 10386 10388
f 10320 10388 10321
f 10329 10393 10395
f 10509 10508 10542
f 10680 10681 10682
f 10683 10684 10685
f 10685 10684 10686
f 10685 10686 10687
f 10687 10686 10688
f 10687 10688 10689
f 10689 10688 10690
f 10689 10690 10691
f 10689 10691 10692
f 10692 10691 10693
f 10692 10693 10694
f 10694 10693 10695
f 10694 10695 10696
f 10696 10695 10697
f 10697 10695 10698
f 10697 10698 10699
f 10699 10698 10700
f 10699 10700 10701
f 10701 10700 10702
f 10701 10702 10703
f 10701 10703 10704
f 10704 10703 10705
f 10704 10705 10706
f 10707 10708 10709
f 10710 10711 10712
f 10713 10714 10715
f 10716 10717 10718
f 10716 10718 10719
f 10720 10721 10722
f 10720 10722 10723
f 10724 10725 10726
f 10724 10726 10727
f 10728 10729 10730
f 10731 10732 10733
f 10734 10735 10736
f 10737 10738 10739
f 10740 10741 10742
f 10743 10744 10745
f 10746 10747 10748
f 10749 10750 10751
f 10752 10753 10754
f 10755 10756 10757
f 10731 10733 10758
f 10759 10760 10761
f 10762 10763 10764
f 10765 10766 10767
f 10768 10769 10770
f 10771 10772 10773
f 10774 10775 10776
f 10777 10778 10779
f 10780 10781 10782
f 10780 10782 10783
f 10784 10785 10786
f 10787 10788 10789
f 10790 10791 10792
f 10790 10792 10793
f 10794 10795 10796
f 10794 10796 10797
f 10798 10799 10800
f 10801 10802 10803
f 10804 10805 10806
f 10807 10808 10809
f 10810 10811 10812
f 10813 10814 10815
f 10816 10817 10818
f 10819 10820 10821
f 10822 10823 10824
f 10825 10826 10827
f 10828 10829 10830
f 10828 10830 10831
f 10832 10833 10834
f 10835 10836 10837
f 10838 10839 10840
f 10838 10840 10841
f 10842 10843 10844
f 10842 10844 10845
f 10846 10847 10848
f 10846 10848 10849
f 10850 10851 10852
f 10850 10852 10853
f 10854 10855 10856
f 10854 10856 10857
f 10858 10859 10860
f 10805 10861 10806
f 10862 10863 10864
f 10865 10866 10867
f 10819 10868 10820
f 10869 10870 10871
f 10869 10871 10872
f 10873 10874 10875
f 10876 10877 10878
f 10879 10880 10881
f 10879 10881 10882
f 10883 10884 10885
f 10886 10887 10888
f 10889 10890 10891
f 10889 10891 10892
f 10893 10894 10895
f 10893 10895 10896
f 10897 10898 10899
f 10900 10901 10902
f 10903 10904 10905
f 10906 10907 10908
f 10909 10910 10911
f 10912 10913 10914
f 10915 10916 10917
f 10918 10919 10920
f 10921 10922 10923
f 10923 10922 10924
f 10923 10924 10925
f 10925 10924 10926
f 10925 10926 10927
f 10928 10929 10930
f 10931 10932 10933
f 10934 10935 10936
f 10937 10938 10939
f 10940 10941 10942
f 10943 10944 10945
f 10946 10947 10948
f 10949 10950 10951
f 10952 10953 10954
f 10955 10956 10957
f 10958 10959 10960
f 10961 10962 10963
f 10964 10965 10966
f 10967 10968 10969
f 10970 10971 10972
f 10973 10974 10975
f 10976 10977 10978
f 10979 10980 10981
f 10982 10983 10984
f 10985 10986 10987
f 10988 10989 10990
f 10991 10992 10993
f 10994 10995 10996
f 10997 10998 10999
f 11000 11001 11002
f 11003 11004 11005
f 11006 11007 11008
f 11009 11010 11011
f 11012 11013 11014
f 11015 11016 11017
f 11018 11019 11020
f 11021 11022 11023
f 11024 11025 11026
f 11026 11025 11027
f 11028 11029 11030
f 11031 11032 11033
f 11034 11035 11036
f 11037 11038 11039
f 11040 11041 11042
f 11040 11042 11043
f 11044 11045 11046
f 11047 11048 11049
f 11050 11051 11052
f 11053 11054 11055
f 11056 11057 11058
f 11059 11060 11061
f 11062 11063 11064
f 11065 11066 11067
f 11068 11069 11070
f 11071 11072 11073
f 11074 11075 11076
f 11077 11078 11079
f 11080 11081 11082
f 11083 11084 11085
f 11086 11087 11088
f 11089 11090 11091
f 11092 11093 11094
f 11095 11096 11097
f 11098 11099 11100
f 11098 11100 11101
f 11102 11103 11104
f 11101 11105 11106
f 11106 11105 11107
f 11108 11109 11110
f 11111 11112 11113
f 11114 11115 11116
f 11117 11118 11119
f 11117 11119 11120
f 11121 11122 11123
f 11121 11123 11124
f 11125 11126 11127
f 11128 11129 11130
f 11131 11132 11133
f 11134 11135 11136
f 11137 11138 11139
f 10929 11140 10930
f 11141 11142 11143
f 10935 11144 10936
f 10936 11144 11145
f 11146 11147 11148
f 11149 11150 11151
f 11152 11153 11154
f 11155 11156 11157
f 11158 11159 11160
f 11161 11162 11163
f 10959 11164 10960
f 11140 11165 11166
f 11166 11165 11167
f 11168 11169 11170
f 11171 11172 11173
f 11150 11174 11151
f 11175 11176 11177
f 11178 11179 11180
f 11181 11182 11183
f 11162 11184 11163
f 11185 11186 11187
f 11187 11186 11188
f 11189 11190 11191
f 11191 11190 11192
f 11191 11192 11193
f 11110 11194 11108
f 11097 11195 11095
f 11095 11195 11196
f 11091 11197 11089
f 11198 11199 11200
f 11201 11202 11203
f 11204 11205 11206
f 11207 11208 11209
f 11210 11211 11212
f 11213 11214 11215
f 11215 11214 11216
f 11217 11218 11219
f 11220 11221 11222
f 11223 11224 11225
f 11226 11227 11228
f 11195 11229 11196
f 11196 11229 11230
f 11197 11231 11232
f 11233 11234 11235
f 11236 11237 11238
f 11238 11237 11239
f 11240 11241 11242
f 11242 11241 11243
f 11244 11245 11246
f 11247 11248 11249
f 11234 11250 11235
f 11251 11252 11253
f 11254 11255 11256
f 11257 11258 11212
f 11259 11260 11261
f 11262 11263 11264
f 11265 11266 11267
f 11268 11269 11270
f 11271 11272 11273
f 11274 11275 11276
f 11277 11278 11279
f 11280 11281 11282
f 11283 11284 11285
f 11286 11287 11288
f 10963 11289 10961
f 11290 11291 11292
f 10957 11293 10955
f 11294 11295 11296
f 11297 11298 11299
f 11300 11301 11302
f 11303 11304 11305
f 11306 11307 11308
f 11309 11310 11311
f 11312 11313 11314
f 10933 11315 10931
f 11316 11317 11318
f 11319 11320 11321
f 11322 11323 11324
f 11325 11326 11327
f 11328 11329 11330
f 11331 11332 11333
f 11334 11335 11336
f 11287 11337 11288
f 11338 11339 11340
f 11291 11341 11292
f 11342 11343 11344
f 11345 11346 11347
f 11348 11349 11350
f 11351 11352 11353
f 11354 11355 11356
f 11357 11358 11359
f 11360 11361 11362
f 11363 11364 11365
f 11366 11367 11368
f 11369 11370 11371
f 11372 11373 11374
f 11375 11376 11377
f 11378 11379 11380
f 11381 11382 11383
f 11384 11385 11386
f 11335 11387 11336
f 11388 11389 11390
f 11339 11391 11340
f 11392 11393 11394
f 11395 11396 11397
f 11398 11399 11400
f 11401 11402 11403
f 11404 11405 11406
f 11407 11408 11409
f 11410 11411 11412
f 11413 11414 11415
f 11416 11417 11418
f 11419 11420 11421
f 11422 11423 11424
f 11373 11425 11374
f 11374 11425 11426
f 11427 11428 11429
f 11429 11428 11430
f 11431 11432 11433
f 11434 11435 11436
f 11389 11437 11390
f 11438 11439 11440
f 11441 11442 11443
f 11444 11445 11446
f 11447 11448 11449
f 11450 11451 11452
f 11453 11454 11455
f 11456 11457 11458
f 11459 11460 11461
f 11462 11463 11464
f 11417 11465 11418
f 11466 11467 11468
f 11423 11469 11424
f 11470 11471 11472
f 11473 10867 10866
f 11474 11475 11476
f 11477 11478 11479
f 11480 11481 11482
f 11483 11484 11485
f 11486 11487 11488
f 11489 11490 11491
f 11492 11493 11494
f 11495 11496 11497
f 11498 11499 11500
f 11501 11502 11503
f 11504 11505 11506
f 11507 11508 11509
f 11510 11511 11512
f 11513 11514 11515
f 11467 11516 11468
f 11517 11518 11519
f 11471 11520 11472
f 11521 11522 11523
f 11524 11525 11526
f 11484 11527 11485
f 11528 11529 11530
f 11531 11532 11533
f 11534 11535 11536
f 11537 11538 11539
f 11540 11541 11542
f 11543 11544 11545
f 11546 11547 11548
f 11549 11550 11551
f 11552 11553 11554
f 11555 11556 11557
f 11558 11559 11560
f 11518 11561 11519
f 11562 11563 11564
f 11565 11566 11567
f 11568 11569 11570
f 11571 11572 11573
f 11574 11575 11576
f 11577 11578 11579
f 11580 11581 11582
f 11583 11584 11585
f 11586 11587 11588
f 11589 11590 11591
f 11592 11593 11594
f 11595 11596 11597
f 11598 11599 11600
f 11601 11602 11603
f 11604 11605 11606
f 11607 11608 11609
f 11610 11611 11612
f 11613 11614 11615
f 11616 11617 11618
f 11619 11620 11621
f 11622 11623 11624
f 11590 11625 11591
f 11626 11627 11628
f 11629 11630 11631
f 11632 11633 11634
f 11634 11633 11635
f 11636 11637 11638
f 11639 11640 11641
f 11642 11643 11644
f 11645 11646 11647
f 11648 11649 11650
f 11651 11652 11653
f 11654 11655 11656
f 11657 11658 11659
f 11660 11661 11662
f 11663 11664 11665
f 11666 11667 11668
f 11669 11670 11671
f 11672 11673 11674
f 11652 11675 11653
f 11676 11677 11678
f 11679 11680 11681
f 11682 11683 11684
f 11685 11686 11687
f 11673 11688 11674
f 11689 11690 11691
f 11692 11693 11694
f 11695 11696 11697
f 11698 11699 11700
f 11701 11702 11703
f 11703 11702 11173
f 11704 11705 11169
f 11176 11706 11177
f 11707 11708 11709
f 11182 11710 11183
f 11114 11116 11711
f 11711 11116 11712
f 11713 11709 11708
f 11714 11715 11716
f 11717 11112 11718
f 11716 11719 11720
f 11720 11719 11721
f 11722 11723 11724
f 11724 11723 11725
f 11726 11727 11728
f 11729 11730 11731
f 11732 11733 11734
f 11732 11734 11735
f 11736 11737 11738
f 11739 11740 11741
f 11742 11743 11744
f 11745 11746 11747
f 11748 11749 11750
f 11751 11752 11753
f 11754 11755 11756
f 11757 11758 11759
f 11760 11761 11762
f 11763 11764 11765
f 11766 11767 11768
f 11769 11770 11771
f 11772 11773 11774
f 11774 11773 11775
f 11776 11777 11778
f 11779 11780 11781
f 11782 11783 11784
f 11785 11786 11787
f 11788 11789 11790
f 11791 11792 11793
f 11794 11795 11796
f 11797 11798 11799
f 11800 11801 11802
f 11803 11804 11805
f 11806 11807 11808
f 11809 11810 11811
f 11811 11810 11812
f 11813 11814 11815
f 11815 11814 11816
f 11817 11076 11075
f 11818 11819 11820
f 11821 11822 11823
f 11824 11825 11826
f 11827 11828 11829
f 11830 11831 11832
f 11833 11834 11835
f 11836 11837 11838
f 11839 11840 11841
f 11842 11843 11844
f 11845 11846 11847
f 11848 11849 11850
f 11851 11852 11853
f 11854 11855 11856
f 11856 11855 11857
f 11858 11859 11860
f 11861 11862 11863
f 11864 11865 11866
f 11867 11868 11869
f 11870 11871 11872
f 11873 11874 11875
f 11876 11877 11878
f 11879 11880 11881
f 11882 11883 11884
f 11885 11886 11887
f 11887 11886 11888
f 11889 11890 11891
f 11891 11890 11892
f 11893 11894 11895
f 11896 11897 11898
f 11899 11900 11901
f 11901 11900 11902
f 11903 11904 11905
f 11906 11907 11908
f 11909 11910 11911
f 11912 11913 11914
f 11915 11916 11917
f 11918 11919 11920
f 11921 11922 11923
f 11924 11925 11926
f 11927 11928 11929
f 11930 11931 11932
f 11933 11934 11935
f 11936 11937 11938
f 11939 11940 11941
f 11942 11943 11944
f 11945 11946 11947
f 11948 11949 11950
f 11951 11952 11953
f 11953 11952 11954
f 11955 11956 11957
f 11958 11959 11960
f 11961 11962 11963
f 11964 11965 11966
f 11967 11968 11969
f 11970 11971 11972
f 11973 11974 11975
f 11976 11977 11978
f 11979 11980 11981
f 11982 11983 11984
f 11985 11986 11987
f 11988 11989 11990
f 11991 11992 11993
f 11994 11995 11996
f 11997 11998 11999
f 12000 12001 12002
f 12002 12001 12003
f 12004 12005 12006
f 12006 12005 12007
f 12008 12009 12010
f 12011 12012 12013
f 12014 12015 12016
f 12016 12015 12017
f 12018 12019 12020
f 12021 12022 12023
f 12024 12025 12026
f 12027 12028 12029
f 12030 12031 12032
f 12033 12034 12035
f 12036 12037 12038
f 12039 12040 12041
f 12042 12043 12044
f 12045 12046 12047
f 12047 12046 12048
f 11257 11212 11211
f 12049 11065 11067
f 12050 12051 12052
f 12053 12054 12055
f 12056 12057 12058
f 12059 12060 12061
f 12062 12051 12063
f 12064 12065 12066
f 12067 12068 12069
f 12070 12071 12072
f 12073 12074 12075
f 12076 12077 12070
f 12078 12079 12080
f 12081 12082 12083
f 12084 12085 12086
f 12069 12087 12088
f 12089 12090 12091
f 12073 12092 12093
f 12094 12095 12096
f 12097 12098 12099
f 12099 12098 12100
f 12099 12100 12101
f 12102 12103 12104
f 12105 12106 12107
f 12108 12109 12110
f 12111 12112 12113
f 12114 12115 12116
f 12117 12118 12119
f 12120 12121 12122
f 12122 12123 12120
f 12124 12125 12126
f 12127 12128 12129
f 12130 12131 12132
f 12133 12134 12135
f 12136 12137 12138
f 12139 12140 12141
f 12139 12141 12142
f 12143 12144 12145
f 12146 12147 12148
f 12148 12147 12149
f 12148 12149 12150
f 12151 12152 12153
f 12154 12155 12156
f 12157 12158 12159
f 12160 12161 12162
f 12163 12164 12165
f 12165 12164 12166
f 12167 12168 12169
f 12170 12171 12172
f 12173 12174 12175
f 12176 12177 12178
f 12179 12180 12181
f 12182 12183 12184
f 12185 12186 12187
f 12188 12189 12190
f 12191 12192 12193
f 12194 12195 12196
f 12197 12198 12199
f 12200 12201 12202
f 12203 12204 12205
f 12206 12207 12208
f 12209 12210 12211
f 12212 12213 12214
f 12215 12216 12217
f 12217 12216 12218
f 12219 12220 12221
f 12222 12223 12224
f 12225 12226 12227
f 12228 12229 12230
f 12231 12232 12233
f 12234 12235 12236
f 12237 12238 12239
f 12240 12241 12242
f 12243 12244 12245
f 12246 12247 12248
f 12246 12248 12249
f 12249 12248 12250
f 12251 12252 12253
f 12254 12255 12256
f 12257 12258 12259
f 12260 12261 12262
f 12263 12264 12265
f 12266 12267 12268
f 12266 12268 12269
f 12270 12271 12272
f 12273 12274 12275
f 12276 12277 12278
f 12279 12280 12281
f 12282 12283 12284
f 12285 12286 12287
f 12288 12289 12290
f 12291 12292 12293
f 12291 12293 12294
f 12295 12296 12297
f 12298 12299 12300
f 12301 12302 12303
f 12304 12305 12306
f 12307 12308 12309
f 12310 12311 12312
f 12313 12314 12315
f 12316 12317 12318
f 12319 12320 12321
f 12322 12323 12324
f 12324 12323 12325
f 12326 12327 12328
f 12328 12327 12329
f 12330 12331 12332
f 12333 12334 12335
f 12336 12337 12338
f 12339 12340 12341
f 12341 12340 12155
f 12342 12343 12344
f 12345 12149 12147
f 12346 12347 12348
f 12349 12350 12351
f 12349 12351 12352
f 12353 12354 12355
f 12356 12357 12358
f 12358 12357 12131
f 12359 12128 12360
f 12361 12362 12363
f 12346 12364 12365
f 12366 12367 12368
f 12369 12370 12345
f 12371 12372 12373
f 12374 12375 12376
f 10684 10683 12377
f 12124 12378 12379
f 12380 12381 12382
f 12383 12384 12385
f 12386 12387 12388
f 12111 12389 12390
f 12111 12390 12391
f 12392 12393 12394
f 12395 12396 12397
f 12398 12399 12400
f 12401 12402 12403
f 12404 12405 12406
f 12403 12407 12408
f 12409 12410 12411
f 12412 12413 12414
f 12411 12415 12416
f 12401 12403 12089
f 12069 12412 12067
f 12141 12140 12417
f 12166 12164 12329
f 12175 12174 12315
f 12327 12166 12329
f 12184 12183 12309
f 12314 12175 12315
f 12190 12189 12300
f 12308 12184 12309
f 12196 12195 12293
f 12299 12190 12300
f 12205 12204 12287
f 12292 12196 12293
f 12211 12210 12281
f 12286 12205 12287
f 12218 12216 12275
f 12280 12211 12281
f 12224 12223 12268
f 12274 12218 12275
f 12230 12229 12262
f 12267 12224 12268
f 12239 12238 12256
f 12261 12230 12262
f 12255 12239 12256
f 12418 12419 12420
f 12420 12419 12421
f 12420 12421 12422
f 12422 12421 12423
f 12422 12423 12424
f 12424 12423 12425
f 12424 12425 12426
f 12426 12425 12427
f 12426 12427 12428
f 12428 12427 12429
f 12428 12429 12430
f 12430 12429 12431
f 12430 12431 12432
f 12432 12431 12433
f 12432 12433 12434
f 12434 12433 12435
f 12434 12435 12436
f 12436 12435 12437
f 12436 12437 12438
f 12438 12437 12439
f 12438 12439 12440
f 12440 12439 12441
f 12440 12441 12442
f 12442 12441 12443
f 12442 12443 12444
f 12444 12443 12445
f 12445 12443 12446
f 12445 12446 12447
f 12447 12446 12448
f 12447 12448 12449
f 12449 12448 12450
f 12450 12448 12451
f 12450 12451 12452
f 12452 12451 12453
f 12452 12453 12454
f 12454 12453 12455
f 12454 12455 12456
f 12456 12455 12457
f 12457 12455 12458
f 12457 12458 12459
f 12459 12458 12460
f 12459 12460 12461
f 12461 12460 12462
f 12461 12462 12463
f 12463 12462 12464
f 12463 12464 12465
f 12465 12464 12466
f 12465 12466 12467
f 12467 12466 12468
f 12467 12468 12469
f 12469 12468 12470
f 12469 12470 12471
f 12471 12470 12472
f 12471 12472 12473
f 12473 12472 12474
f 12473 12474 12475
f 12475 12474 12476
f 12475 12476 12477
f 12477 12476 12478
f 12477 12478 12479
f 12479 12478 12480
f 12418 12481 12419
f 12482 12483 12484
f 12485 12486 12487
f 12488 12489 12490
f 12491 12492 12493
f 12494 12495 12496
f 12497 12498 12499
f 12500 12501 12502
f 12503 12504 12505
f 12506 12507 12508
f 12509 12510 12511
f 12512 12513 12514
f 12515 12516 12517
f 12518 12519 12520
f 12521 12522 12523
f 12524 12525 12526
f 12527 12528 12529
f 12530 12531 12532
f 12533 12534 12535
f 12536 12537 12538
f 12538 12537 12539
f 12540 12541 12542
f 12542 12541 12543
f 12544 12545 12546
f 12546 12545 12547
f 12548 12549 12550
f 12550 12549 12551
f 12552 12553 12554
f 12555 12556 12557
f 12558 12559 12560
f 12560 12559 12561
f 12562 12563 12564
f 12564 12563 12565
f 12566 12567 12568
f 12568 12567 12569
f 12570 12571 12572
f 12572 12571 12573
f 12574 12575 12576
f 12576 12575 12577
f 12578 12579 12580
f 12580 12579 12581
f 12582 12583 12584
f 12584 12583 12585
f 12586 12587 12588
f 12588 12587 12589
f 12590 12591 12592
f 12592 12591 12593
f 12594 12595 12596
f 12596 12595 12597
f 12598 12599 12600
f 12600 12599 12601
f 12602 12603 12604
f 12604 12603 12605
f 12606 12607 12608
f 12608 12607 12609
f 12610 12611 12612
f 12612 12611 12613
f 12614 12615 12616
f 12616 12615 12617
f 12618 12619 12620
f 12621 12622 12623
f 12624 12625 12626
f 12627 12628 12629
f 12630 12631 12632
f 12632 12631 12633
f 12634 12635 12636
f 12637 12638 12639
f 12640 12641 12642
f 12643 12644 12645
f 12646 12647 12648
f 12648 12647 12649
f 12650 12651 12652
f 12652 12651 12653
f 12653 12651 12654
f 12655 12656 12657
f 12657 12656 12658
f 12657 12658 12659
f 12660 12661 12655
f 12655 12661 12662
f 12655 12662 12663
f 12663 12664 12655
f 12655 12664 12665
f 12655 12665 12666
f 12666 12667 12655
f 12655 12667 12668
f 12655 12668 12669
f 12655 12669 12656
f 12656 12669 12670
f 12656 12670 12671
f 12671 12672 12656
f 12656 12672 12673
f 12656 12673 12674
f 12674 12675 12656
f 12656 12675 12676
f 12656 12676 12677
f 12677 12678 12656
f 12656 12678 12679
f 12679 12678 12680
f 12679 12680 12681
f 12681 12682 12679
f 12679 12682 12683
f 12679 12683 12684
f 12684 12685 12679
f 12679 12685 12686
f 12679 12686 12687
f 12687 12688 12679
f 12679 12688 12689
f 12679 12689 12690
f 12688 12691 12689
f 12689 12691 12692
f 12689 12692 12693
f 12693 12694 12689
f 12689 12694 12695
f 12689 12695 12696
f 12696 12697 12689
f 12689 12697 12698
f 12689 12698 12699
f 12700 12701 12690
f 12690 12701 12702
f 12690 12702 12703
f 12703 12704 12690
f 12690 12704 12705
f 12690 12705 12706
f 12706 12707 12690
f 12690 12707 12708
f 12690 12708 12709
f 12690 12709 12679
f 12679 12709 12710
f 12679 12710 12711
f 12711 12712 12679
f 12679 12712 12713
f 12679 12713 12714
f 12714 12713 12715
f 12714 12715 12716
f 12716 12715 12717
f 12716 12717 12718
f 12716 12718 12719
f 12719 12718 12720
f 12719 12720 12721
f 12721 12720 12722
f 12721 12722 12723
f 12723 12722 12724
f 12724 12722 12725
f 12724 12725 12726
f 12726 12725 12727
f 12726 12727 12728
f 12728 12727 12729
f 12728 12729 12730
f 12728 12730 12731
f 12731 12730 12732
f 12731 12732 12656
f 12656 12732 12733
f 12656 12733 12734
f 12734 12735 12656
f 12656 12735 12658
f 12659 12736 12657
f 12657 12736 12737
f 12657 12737 12738
f 12738 12739 12657
f 12657 12739 12740
f 12657 12740 12741
f 12741 12742 12657
f 12657 12742 12743
f 12744 12745 12746
f 12747 12748 12749
f 12750 12751 12752
f 12753 12754 12755
f 12756 12757 12758
f 12759 12760 12761
f 12762 12763 12764
f 12765 12766 12767
f 12768 12769 12770
f 12771 12772 12773
f 12774 12775 12776
f 12777 12778 12779
f 12780 12781 12782
f 12783 12784 12785
f 12786 12787 12788
f 12789 12790 12791
f 12792 12793 12794
f 12795 12796 12797
f 12798 12799 12800
f 12801 12802 12803
f 12804 12805 12806
f 12807 12808 12809
f 12810 12811 12812
f 12812 12811 12813
f 12814 12815 12816
f 12817 12818 12819
f 12820 12821 12822
f 12823 12824 12825
f 12826 12827 12828
f 12829 12830 12831
f 12832 12833 12834
f 12835 12836 12837
f 12838 12839 12840
f 12841 12842 12843
f 12844 12845 12846
f 12847 12848 12849
f 12850 12851 12852
f 12853 12854 12855
f 12856 12857 12858
f 12859 12860 12861
f 12862 12863 12864
f 12865 12866 12867
f 12868 12869 12870
f 12868 12870 12871
f 12872 12873 12874
f 12875 12876 12877
f 12878 12879 12880
f 12881 12882 12883
f 12884 12885 12886
f 12887 12888 12889
f 12890 12891 12892
f 12893 12894 12895
f 12896 12897 12898
f 12899 12900 12901
f 12902 12903 12904
f 12905 12906 12907
f 12905 12907 12908
f 12909 12910 12911
f 12912 12913 12914
f 12915 12916 12917
f 12918 12919 12920
f 12921 12922 12923
f 12924 12925 12926
f 12927 12928 12929
f 12930 12931 12932
f 12933 12934 12935
f 12935 12934 12936
f 12937 12938 12939
f 12940 12941 12942
f 12943 12944 12945
f 12946 12947 12948
f 12949 12950 12951
f 12952 12953 12954
f 12955 12956 12957
f 12958 12959 12960
f 12961 12962 12963
f 12964 12965 12966
f 12967 12968 12969
f 12970 12971 12972
f 12973 12974 12975
f 12976 12977 12978
f 12978 12977 12979
f 12980 12981 12982
f 12983 12984 12985
f 12985 12984 12986
f 12987 12988 12989
f 12990 12991 12992
f 12993 12994 12995
f 12996 12997 12998
f 12999 13000 13001
f 13002 13003 13004
f 13005 13006 13007
f 13008 13009 13010
f 13011 13012 13013
f 13014 13015 13016
f 13017 13018 13019
f 13020 13021 13022
f 13023 13024 13025
f 13026 13027 13028
f 13029 13030 13031
f 13032 13033 13034
f 13035 13036 13037
f 13038 13039 13040
f 13041 13042 13043
f 13043 13042 13044
f 13043 13044 13045
f 13045 13044 13046
f 13046 13044 13047
f 13047 13044 13048
f 13047 13048 13049
f 13049 13048 13050
f 13049 13050 13051
f 13051 13050 13052
f 13051 13052 13053
f 13053 13052 13054
f 13053 13054 13055
f 13055 13054 13056
f 13055 13056 13057
f 13057 13056 13058
f 13057 13058 13059
f 13059 13058 13060
f 13059 13060 13061
f 13061 13060 13062
f 13061 13062 13063
f 13063 13062 13064
f 13063 13064 13065
f 13065 13064 13066
f 13065 13066 13067
f 13065 13067 13068
f 13068 13067 13069
f 13068 13069 13070
f 13070 13069 13071
f 13070 13071 13072
f 13072 13071 13073
f 13072 13073 13074
f 13072 13074 13075
f 13075 13074 13076
f 13075 13076 13077
f 13077 13076 13078
f 13077 13078 13079
f 13079 13078 13080
f 13079 13080 13081
f 13081 13080 13082
f 13081 13082 13083
f 13083 13082 13084
f 13083 13084 13085
f 13085 13084 13086
f 13085 13086 13087
f 13087 13086 13088
f 13087 13088 13089
f 13089 13088 13090
f 13089 13090 13091
f 13091 13090 13092
f 13091 13092 13093
f 13093 13092 13094
f 13093 13094 13095
f 13095 13094 13096
f 13096 13094 13097
f 13097 13094 13098
f 13097 13098 13099
f 13100 13101 13102
f 13103 13104 13105
f 13106 13107 13108
f 13109 13110 13111
f 13109 13111 13112
f 13113 13114 13115
f 13116 13117 13118
f 13119 13120 13121
f 13119 13121 13122
f 13123 13124 13125
f 13126 13127 13128
f 13129 13130 13131
f 13132 13133 13134
f 13135 13136 13137
f 13138 13139 13140
f 13141 13142 13143
f 13144 13145 13146
f 13147 13148 13149
f 13150 13151 13152
f 13153 13154 13155
f 13156 13157 13158
f 13159 13160 13161
f 13162 13163 13164
f 13164 13163 13165
f 13166 13167 13168
f 13168 13167 13169
f 13170 13171 13172
f 13172 13171 13173
f 13174 13175 13176
f 13176 13175 13177
f 13178 13179 13180
f 13181 13182 13183
f 13184 13185 13186
f 13187 13188 13189
f 13190 13191 13192
f 13193 13194 13195
f 13196 13197 13198
f 13198 13197 13199
f 13200 13201 13202
f 13203 13204 13205
f 13206 13207 13208
f 13209 13210 13211
f 13212 13213 13214
f 13214 13213 13215
f 13216 13217 13218
f 13219 13220 13221
f 13219 13221 13222
f 13222 13221 13223
f 13224 13225 13226
f 13227 13228 13229
f 13227 13229 13230
f 13230 13229 13231
f 13232 13233 13234
f 13235 13236 13237
f 13238 13239 13240
f 13241 13242 13243
f 13244 13245 13246
f 13247 13248 13249
f 13250 13251 13252
f 13253 13254 13255
f 13256 13257 13258
f 13259 13260 13261
f 13262 13263 13264
f 13265 13266 13267
f 13265 13267 13268
f 13268 13267 13269
f 13268 13269 13270
f 13270 13269 13271
f 13270 13271 13272
f 13273 13274 13275
f 13273 13275 13276
f 13277 13278 13279
f 13280 13281 13282
f 13283 13284 13285
f 13286 13287 13288
f 13286 13288 13289
f 13290 13291 13292
f 13293 13294 13295
f 13296 13297 13298
f 13296 13298 13299
f 13300 13301 13302
f 13303 13304 13305
f 13306 13307 13308
f 13309 13310 13311
f 13309 13311 13312
f 13313 13314 13315
f 13316 13317 13318
f 13319 13320 13321
f 13322 13323 13324
f 13325 13326 13327
f 13320 13328 13321
f 13321 13328 13329
f 13326 13330 13327
f 13331 13332 13333
f 13328 13334 13329
f 13329 13334 13335
f 13332 13336 13333
f 13337 13338 13339
f 13335 13334 13340
f 13341 13342 13343
f 13341 13343 13344
f 13344 13343 13345
f 13344 13345 13346
f 13347 13348 13349
f 13350 13351 13352
f 13353 13354 13355
f 13356 13357 13358
f 13358 13357 13359
f 13360 13361 13362
f 13355 13363 13364
f 13357 13365 13359
f 13359 13365 13366
f 13367 13368 13369
f 13369 13368 13370
f 13365 13371 13366
f 13372 13373 13374
f 13375 13376 13377
f 13378 13379 13380
f 13381 13382 13383
f 13383 13382 13384
f 13383 13384 13385
f 13385 13384 13386
f 13250 13252 13387
f 13387 13252 13388
f 13389 13390 13391
f 13389 13391 13392
f 13393 13394 13395
f 13396 13397 13398
f 13399 13400 13401
f 13402 13403 13404
f 13405 13406 13407
f 13408 13409 13410
f 13411 13412 13413
f 13414 13415 13416
f 13417 13418 13419
f 13420 13421 13422
f 13423 13424 13425
f 13426 13427 13428
f 13429 13430 13431
f 13432 13433 13434
f 13435 13436 13437
f 13438 13439 13440
f 13441 13442 13443
f 13444 13445 13446
f 13447 13448 13449
f 13450 13451 13452
f 13453 13454 13455
f 13456 13457 13458
f 13459 13460 13461
f 13462 13463 13464
f 13465 13466 13467
f 13468 13469 13470
f 13471 13472 13473
f 13474 13475 13476
f 13477 13478 13479
f 13480 13481 13482
f 13483 13484 13485
f 13485 13484 13486
f 13487 13488 13489
f 13490 13491 13492
f 13493 13494 13495
f 13496 13497 13498
f 13499 13500 13501
f 13502 13503 13504
f 13505 13506 13507
f 13508 13509 13510
f 13511 13512 13513
f 13514 13515 13516
f 13517 13518 13519
f 13520 13521 13522
f 13523 13524 13525
f 13525 13524 13526
f 13527 13528 13529
f 13530 13531 13532
f 13533 13534 13535
f 13536 13537 13538
f 13539 13540 13541
f 13542 13543 13544
f 13545 13546 13547
f 13548 13549 13550
f 13551 13552 13553
f 13554 13555 13556
f 13557 13558 13559
f 13560 13561 13562
f 13563 13564 13565
f 13566 13567 13568
f 13569 13570 13571
f 13572 13573 13574
f 13575 13576 13577
f 13578 13579 13580
f 13578 13580 13581
f 13582 13583 13584
f 13585 13586 13587
f 13588 13589 13590
f 13591 13592 13593
f 13594 13595 13596
f 13597 13598 13599
f 13600 13601 13602
f 13600 13602 13603
f 13604 13605 13606
f 13607 13608 13609
f 13610 13611 13612
f 13613 13614 13615
f 13616 13617 13618
f 13619 13620 13621
f 13621 13620 13622
f 13623 13624 13625
f 13626 13627 13628
f 13629 13630 13631
f 13631 13630 13632
f 13633 13634 13635
f 13636 13637 13638
f 13639 13640 13641
f 13642 13643 13644
f 13645 13646 13647
f 13648 13649 13650
f 13651 13652 13653
f 13654 13655 13656
f 13657 13658 13659
f 13660 13661 13662
f 13663 13664 13665
f 13666 13667 13668
f 13669 13670 13671
f 13672 13673 13674
f 13675 13676 13677
f 13678 13679 13680
f 13681 13682 13683
f 13684 13685 13686
f 13687 13688 13689
f 13690 13691 13692
f 13693 13694 13695
f 13696 13697 13698
f 13699 13700 13701
f 13702 13703 13704
f 13705 13706 13707
f 13708 13709 13710
f 13711 13712 13713
f 13713 13712 13714
f 13715 13716 13717
f 13717 13716 13718
f 13719 13720 13721
f 13722 13723 13724
f 13725 13726 13727
f 13728 13729 13730
f 13731 13732 13733
f 13734 13735 13736
f 13736 13735 13737
f 13738 13739 13740
f 13741 13742 13743
f 13744 13745 13746
f 13747 13748 13749
f 13750 13751 13752
f 13752 13751 13753
f 13754 13755 13756
f 13757 13758 13759
f 13760 13761 13762
f 13763 13764 13765
f 13766 13767 13768
f 13769 13770 13771
f 13772 13773 13774
f 13774 13773 13775
f 13776 13777 13778
f 13778 13777 13779
f 13780 13781 13782
f 13782 13781 13783
f 13784 13785 13786
f 13786 13785 13787
f 13788 13789 13790
f 13790 13789 13791
f 13792 13793 13794
f 13795 13796 13797
f 13798 13799 13800
f 13801 13802 13803
f 13804 13805 13806
f 13807 13808 13809
f 13810 13811 13812
f 13812 13811 13813
f 13814 13815 13816
f 13817 13818 13819
f 13820 13821 13822
f 13823 13824 13825
f 13826 13827 13828
f 13828 13827 13829
f 13830 13831 13832
f 13832 13831 13833
f 13834 13835 13836
f 13837 13838 13839
f 13839 13838 13840
f 13841 13842 13843
f 13843 13842 13844
f 13845 13846 13847
f 13847 13846 13848
f 13849 13850 13851
f 13852 13853 13854
f 13855 13856 13857
f 13858 13859 13860
f 13861 13862 13863
f 13864 13865 13866
f 13867 13868 13869
f 13870 13871 13872
f 13873 13874 13875
f 13876 13877 13878
f 13879 13880 13881
f 13882 13883 13884
f 13885 13886 13887
f 13887 13886 13888
f 13889 13890 13891
f 13891 13890 13892
f 13893 13894 13895
f 13895 13894 13896
f 13897 13898 13899
f 13899 13898 13900
f 13901 13902 13903
f 13904 13905 13906
f 13907 13908 13909
f 13910 13911 13912
f 13913 13914 13915
f 13916 13917 13918
f 13919 13920 13921
f 13922 13923 13924
f 13925 13926 13927
f 13928 13929 13930
f 13931 13932 13933
f 13934 13935 13936
f 13937 13938 13939
f 13939 13938 13940
f 13941 13942 13943
f 13943 13942 13944
f 13945 13946 13947
f 13947 13946 13948
f 13949 13950 13951
f 13952 13953 13954
f 13955 13956 13957
f 13957 13956 13958
f 13959 13960 13961
f 13962 13963 13964
f 13965 13966 13967
f 13968 13969 13970
f 13971 13972 13973
f 13974 13975 13976
f 13977 13978 13979
f 13980 13981 13982
f 13983 13984 13985
f 13986 13987 13988
f 13989 13990 13991
f 13992 13993 13994
f 13995 13996 13997
f 13998 13999 14000
f 14001 14002 14003
f 14004 14005 14006
f 14007 14008 14009
f 14010 14011 14012
f 14013 14014 14015
f 14015 14014 14016
f 14017 14018 14019
f 14019 14018 14020
f 14021 14022 14023
f 14024 14025 14026
f 14027 14028 14029
f 14030 14031 14032
f 14033 14034 14035
f 14036 14037 14038
f 14039 14040 14041
f 14042 14043 14044
f 14045 14046 14047
f 14048 14049 14050
f 14051 14052 14053
f 14054 14055 14056
f 14057 14058 14059
f 14060 14061 14062
f 14063 14064 14065
f 14065 14064 14066
f 14067 14068 14069
f 14070 14071 14072
f 14073 14074 14075
f 14075 14074 14076
f 14077 14078 14079
f 14080 14081 14082
f 14083 14084 14085
f 13147 14086 14087
f 14088 14089 14090
f 14091 14092 14093
f 14093 14092 14094
f 14095 14096 14097
f 14097 14096 14098
f 14099 14100 14101
f 14102 14103 14104
f 14105 14106 14107
f 14107 14106 14108
f 14109 14110 14111
f 14112 14113 14114
f 14115 14116 14117
f 14118 14119 14120
f 14121 14122 14123
f 14124 14125 14126
f 14127 14128 14129
f 14130 14131 14132
f 14133 14134 14135
f 14135 14134 14136
f 14137 14138 14139
f 14139 14138 14140
f 14141 14142 14143
f 14144 14145 14146
f 14147 14148 14149
f 14150 14151 14152
f 14153 14154 14155
f 14156 14157 14158
f 14159 14160 14161
f 14162 14163 14164
f 14165 14166 14167
f 14167 14166 14168
f 14169 14170 14171
f 14172 14173 14174
f 14175 13443 13442
f 14176 14177 14178
f 14179 14180 14181
f 14182 14183 14184
f 14185 14186 14187
f 14188 14189 14190
f 14191 14192 14193
f 14188 14190 14194
f 14195 14196 14197
f 14198 14199 14200
f 13324 14201 13322
f 14202 14185 14187
f 14203 14204 14205
f 14203 14205 14206
f 14207 14208 14209
f 14210 14211 14212
f 14213 14214 14215
f 14216 14217 14218
f 14219 14220 14221
f 14222 14223 14224
f 14225 14226 14227
f 14228 14229 14230
f 14231 14232 14233
f 14234 14235 14236
f 14237 14238 14239
f 14240 14241 14242
f 14243 14244 14245
f 14245 14244 14246
f 14247 14248 14249
f 14250 14251 14252
f 14253 14254 14255
f 14256 14257 14258
f 14259 14260 14261
f 14261 14260 14262
f 14263 14264 14265
f 14266 14267 14268
f 14269 14270 14271
f 14272 14273 14274
f 14275 14276 14277
f 14278 14279 14280
f 14278 14280 14281
f 14282 14283 14284
f 14285 14286 14287
f 14288 14289 14290
f 14291 14292 14293
f 14293 14292 14294
f 14295 14296 14297
f 14298 14299 14300
f 14301 14302 14303
f 14304 14305 14306
f 14307 14308 14309
f 14310 14311 14312
f 14313 14314 14315
f 14316 14317 14318
f 14319 14320 14321
f 14322 14323 14324
f 14325 14326 14327
f 14328 14329 14330
f 14331 14332 14333
f 14334 14335 14336
f 14336 14335 14337
f 14338 14339 14340
f 14340 14339 14341
f 14342 14343 14344
f 14345 14346 14347
f 14348 14349 14350
f 14351 14352 14353
f 14354 14355 14356
f 14357 14358 14359
f 14360 14361 14362
f 14363 14364 14365
f 14366 14367 14368
f 14369 14370 14371
f 14372 14373 14374
f 14375 14376 14377
f 14378 14379 14380
f 14381 14382 14383
f 14384 14385 14386
f 14387 14388 14389
f 14390 14391 14392
f 14392 14391 14393
f 14394 14395 14396
f 14397 14398 14399
f 14400 14401 14402
f 14402 14401 14403
f 14404 14405 14406
f 14407 14408 14409
f 14410 14411 13336
f 14412 14413 14414
f 14415 14416 14417
f 14418 14419 14420
f 14421 14422 14423
f 14424 14425 14426
f 14427 14428 14429
f 13275 13274 14430
f 14430 13274 14431
f 14432 14433 14434
f 14434 14433 14435
f 14436 14437 14438
f 14438 14437 14439
f 14440 14441 14442
f 14443 14444 14445
f 14446 14447 14448
f 14449 13392 14450
f 14451 14452 14453
f 14454 14455 14456
f 14456 14455 14457
f 14456 14457 14458
f 14458 14457 14459
f 14459 14457 14460
f 14460 14457 14461
f 14460 14461 14462
f 14462 14461 14463
f 14462 14463 14464
f 14464 14463 14465
f 14464 14465 14466
f 14466 14465 14467
f 14466 14467 14468
f 14468 14467 14469
f 14468 14469 14470
f 14470 14469 14471
f 14470 14471 14472
f 14472 14471 14473
f 14472 14473 14474
f 14474 14473 14475
f 14474 14475 14476
f 14476 14475 14477
f 14476 14477 14478
f 14478 14477 14479
f 14478 14479 14480
f 14478 14480 14481
f 14481 14480 14482
f 14481 14482 14483
f 14483 14482 14484
f 14483 14484 14485
f 14485 14484 14486
f 14485 14486 14487
f 14487 14486 14488
f 14487 14488 14489
f 14487 14489 14490
f 14490 14489 14491
f 14490 14491 14492
f 14492 14491 14493
f 14492 14493 14494
f 14494 14493 14495
f 14494 14495 14496
f 14496 14495 14497
f 14496 14497 14498
f 14498 14497 14499
f 14498 14499 14500
f 14500 14499 14501
f 14500 14501 14502
f 14502 14501 14503
f 14502 14503 14504
f 14504 14503 14505
f 14504 14505 14506
f 14506 14505 14507
f 14506 14507 14508
f 14508 14507 14509
f 14509 14507 14510
f 14510 14507 14511
f 14510 14511 14512
f 14513 14514 14515
f 14515 14514 14516
f 14515 14516 14517
f 14517 14516 14518
f 14517 14518 14519
f 14519 14518 14520
f 14519 14520 14521
f 14521 14520 14522
f 14521 14522 14523
f 14523 14522 14524
f 14523 14524 14525
f 14525 14524 14526
f 14525 14526 14527
f 14527 14526 14528
f 14527 14528 14529
f 14529 14528 14530
f 14529 14530 14531
f 14531 14530 14532
f 14531 14532 14533
f 14533 14532 14534
f 14533 14534 14535
f 14535 14534 14536
f 14535 14536 14537
f 14537 14536 14538
f 14537 14538 14539
f 14539 14538 14540
f 14539 14540 14541
f 14539 14541 14542
f 14542 14541 14543
f 14542 14543 14544
f 14544 14543 14545
f 14544 14545 14546
f 14544 14546 14547
f 14547 14546 14548
f 14547 14548 14549
f 14549 14548 14550
f 14549 14550 14551
f 14551 14550 14552
f 14551 14552 14553
f 14551 14553 14554
f 14554 14553 14555
f 14554 14555 14556
f 14556 14555 14557
f 14556 14557 14558
f 14558 14557 14559
f 14558 14559 14560
f 14560 14559 14561
f 14560 14561 14562
f 14562 14561 14563
f 14562 14563 14564
f 14564 14563 14565
f 14564 14565 14566
f 14566 14565 14567
f 14566 14567 14568
f 14568 14567 14569
f 14568 14569 14570
f 14570 14569 14571
f 14570 14571 14572
f 14572 14571 14573
f 14572 14573 14574
f 14574 14573 14575
f 14574 14575 14576
f 14577 14578 14579
f 14579 14578 14580
f 14580 14578 14581
f 14580 14581 14582
f 14583 14584 14585
f 14586 14587 14588
f 14589 14590 14591
f 14592 14593 14594
f 14595 14596 14597
f 14598 14599 14600
f 14601 14602 14603
f 14604 14605 14606
f 14607 14608 14609
f 14610 14611 14612
f 14613 14614 14615
f 14616 14617 14618
f 14618 14617 14619
f 14620 14621 14622
f 14623 14624 14625
f 14626 14627 14628
f 14629 14630 14631
f 14632 14633 14634
f 14635 14636 14637
f 14638 14639 14640
f 14641 14642 14643
f 14644 14645 14646
f 14647 14648 14649
f 14650 14651 14652
f 14653 14654 14655
f 14656 14657 14658
f 14659 14660 14661
f 14662 14663 14664
f 14665 14666 14667
f 14668 14669 14670
f 14671 14672 14673
f 14674 14675 14676
f 14677 14678 14679
f 14680 14681 14682
f 14683 14684 14685
f 14686 14687 14688
f 14689 14690 14691
f 14692 14693 14694
f 14695 14696 14697
f 14698 14699 14700
f 14701 14702 14703
f 14704 14705 14706
f 14707 14708 14709
f 14710 14711 14712
f 14713 14714 14715
f 14716 14717 14718
f 14719 14720 14721
f 14722 14723 14724
f 14725 14726 14727
f 14728 14729 14730
f 14731 14732 14733
f 14734 14735 14736
f 14737 14738 14739
f 14740 14741 14742
f 14743 14744 14745
f 14746 14747 14748
f 14749 14750 14751
f 14752 14753 14754
f 14755 14756 14757
f 14758 14759 14760
f 14761 14762 14763
f 14764 14765 14766
f 14767 14768 14769
f 14770 14771 14772
f 14773 14774 14775
f 14776 14777 14778
f 14779 14780 14781
f 14782 14783 14784
f 14785 14786 14787
f 14788 14789 14790
f 14791 14792 14793
f 14794 14795 14796
f 14794 14796 14797
f 14798 14799 14800
f 14801 14802 14803
f 14804 14805 14806
f 14807 14808 14809
f 14809 14808 14810
f 14811 14812 14813
f 14813 14812 14814
f 14815 14816 14817
f 14818 14819 14820
f 14821 14822 14823
f 14824 14825 14826
f 14827 14828 14829
f 14830 14831 14832
f 14833 14834 14835
f 14836 14837 14838
f 14839 14840 14841
f 14842 14843 14844
f 14845 14846 14847
f 14848 14849 14850
f 14851 14852 14853
f 14854 14855 14856
f 14857 14858 14859
f 14860 14861 14862
f 14863 14864 14865
f 14865 14864 14866
f 14867 14868 14869
f 14870 14871 14872
f 14873 14874 14875
f 14876 14877 14878
f 14879 14880 14881
f 14882 14883 14884
f 14885 14886 14887
f 14888 14889 14890
f 14870 14891 14871
f 14892 14893 14894
f 14895 14896 14897
f 14898 14899 14900
f 14901 14902 14903
f 14904 14905 14906
f 14907 14908 14909
f 14910 14911 14912
f 14913 14914 14915
f 14916 14917 14918
f 14919 14920 14921
f 14919 14921 14922
f 14923 14924 14925
f 14926 14927 14928
f 14929 14930 14931
f 14932 14933 14934
f 14935 14936 14937
f 14938 14939 14940
f 14941 14942 14943
f 14944 14945 14946
f 14947 14948 14949
f 14939 14950 14940
f 14951 14952 14953
f 14954 14955 14956
f 14957 14958 14959
f 14960 14961 14962
f 14963 14964 14965
f 14966 14967 14968
f 14969 14970 14971
f 14972 14973 14974
f 14975 14976 14977
f 14978 14979 14980
f 14981 14982 14983
f 14984 14985 14986
f 14987 14988 14989
f 14990 14991 14992
f 14993 14994 14995
f 14996 14997 14998
f 14999 15000 15001
f 15002 15003 15004
f 15005 15006 15007
f 15008 15009 15010
f 15011 15012 15013
f 15014 15015 15016
f 15017 15018 15019
f 15020 15021 15022
f 15023 15024 15025
f 15026 15027 15028
f 15029 15030 15031
f 15032 15033 15034
f 15035 15036 15037
f 15038 15039 15040
f 15041 15042 15043
f 15044 15045 15046
f 15047 15048 15049
f 15050 15051 15052
f 15053 15054 15055
f 15056 15057 15058
f 15059 15060 15061
f 15062 15063 15064
f 15065 15066 15067
f 15068 15069 15070
f 15071 15072 15073
f 15074 15075 15076
f 15077 15078 15079
f 15080 15081 15082
f 15083 15084 15085
f 15083 15085 15086
f 15087 15088 15089
f 15090 15091 15092
f 15093 15094 15095
f 15096 15097 15098
f 15098 15097 15099
f 15100 15101 15102
f 15103 15104 15105
f 15106 15107 15108
f 15109 15110 15111
f 15112 15113 15114
f 15115 15116 15117
f 15118 15119 15120
f 15121 15122 15123
f 15124 15125 15126
f 15127 15128 15129
f 15130 15131 15132
f 15133 15134 15135
f 15136 15137 15138
f 15139 15140 15141
f 15142 15143 15144
f 15145 15146 15147
f 15148 15149 15150
f 15151 15152 15153
f 15154 15155 15156
f 15156 15155 15157
f 15158 15159 15160
f 15161 15162 15163
f 15164 15165 15166
f 15166 15165 15167
f 15168 15169 15170
f 15170 15169 15171
f 15172 15173 15174
f 15175 15176 15177
f 15178 15179 15180
f 15181 15182 15183
f 15184 15185 15186
f 15187 15188 15189
f 15189 15188 15190
f 15191 15192 15193
f 15194 15195 15196
f 15197 15198 15199
f 15200 15201 15202
f 15203 15204 15205
f 15206 15207 15208
f 15209 14697 14696
f 15210 15211 15212
f 15213 15214 15215
f 15216 15217 15218
f 15219 15220 15221
f 15222 15223 15224
f 15225 15226 15227
f 15228 15229 15230
f 15231 15232 15233
f 15234 15235 15236
f 15237 15238 15239
f 15240 15241 15242
f 15243 15244 15245
f 15246 15247 15248
f 15249 15250 15251
f 15252 14709 14708
f 15253 15254 15255
f 15256 15257 15258
f 15259 15260 15261
f 15262 15263 15264
f 15265 15266 15267
f 15268 15269 15270
f 15271 15272 15273
f 15274 15275 15276
f 15277 15278 15279
f 15280 15281 15282
f 15283 15284 15285
f 15286 15287 15288
f 15289 15290 15291
f 15266 15292 15267
f 15293 15294 15295
f 15272 15296 15273
f 15297 15298 15299
f 15300 15301 15302
f 15303 15304 15305
f 15306 15307 15308
f 15309 15310 15311
f 15312 15313 15314
f 15315 15316 15317
f 15318 14722 14724
f 15319 15320 15321
f 15322 15323 15324
f 15325 15326 15327
f 15328 15329 15330
f 15331 15332 15333
f 15334 15335 15336
f 15337 15338 15339
f 15340 15341 15342
f 15343 15344 15345
f 15346 15315 15317
f 15347 15348 15349
f 15350 15319 15321
f 15326 15351 15327
f 15352 15353 15354
f 15355 15356 15357
f 15358 15359 15360
f 15361 15337 15339
f 15362 15363 15364
f 15365 15343 15345
f 15366 15367 15368
f 15369 15370 15371
f 14899 15372 14900
f 15373 15374 15375
f 14905 15376 14906
f 15377 15378 15379
f 15380 15381 15382
f 15383 15384 15385
f 15386 15387 15388
f 15389 15390 15391
f 15392 15393 15394
f 15395 15396 15397
f 15398 15399 15400
f 15401 15402 15403
f 15404 15405 15406
f 15407 15408 15409
f 15410 15411 15412
f 15413 15414 15415
f 15415 15414 15416
f 15417 15418 15419
f 15420 15421 15422
f 15423 15424 15425
f 15425 15424 15426
f 15427 15428 15429
f 15430 15431 15432
f 15433 15434 15435
f 15435 15434 15436
f 15437 15438 15439
f 15439 15438 15440
f 15441 15442 15443
f 15443 15442 15444
f 15445 15446 15447
f 15448 15449 15450
f 15451 15452 15453
f 15454 15455 15456
f 15457 15458 15459
f 15460 15461 15462
f 15463 15464 15465
f 15466 15467 15468
f 15469 15470 15471
f 15472 15473 15474
f 15475 15476 15477
f 15478 15479 15480
f 15481 15482 15483
f 15483 15482 15484
f 15485 15486 15487
f 15488 15489 15490
f 15491 15492 15493
f 15494 15495 15496
f 15497 15498 15499
f 15499 15498 15500
f 15501 15502 15503
f 15504 15505 15506
f 15507 15508 15509
f 15510 15511 15512
f 15513 15514 15515
f 15516 15517 15518
f 15519 15520 15521
f 15522 15523 15524
f 15525 15526 15527
f 15528 15529 15530
f 15531 15532 15533
f 15534 15535 15536
f 15537 15538 15539
f 15540 15541 15542
f 15543 15544 15545
f 15545 15544 15546
f 15547 15548 15549
f 15550 15551 15552
f 15553 15554 15555
f 15556 15557 15558
f 15559 15560 15561
f 15562 15563 15564
f 15565 15566 15567
f 15567 15566 15568
f 15569 15570 15571
f 15572 15573 15574
f 15575 15576 15577
f 15578 15579 15580
f 15581 15582 15583
f 15584 15585 15586
f 15587 15588 15589
f 15590 15591 15592
f 15593 15594 15595
f 15596 15597 15598
f 15599 15600 15601
f 15602 15603 15604
f 15605 15606 15607
f 15607 15606 15608
f 15609 15610 15611
f 15612 15613 15614
f 15615 15616 15617
f 15618 15619 15620
f 15621 15622 15623
f 15624 15625 15626
f 15627 15628 15629
f 15629 15628 15630
f 15631 15632 15633
f 15634 15635 15636
f 15637 15638 15639
f 15640 15641 15642
f 15643 15644 15645
f 15646 15647 15648
f 15649 15650 15651
f 15652 15653 15654
f 15655 15656 15657
f 15658 15659 15660
f 15661 15662 15663
f 15664 15665 15666
f 15667 15668 15669
f 15670 15671 15672
f 15673 15674 15675
f 15675 15674 15676
f 15677 15678 15679
f 15680 15681 15682
f 15683 15684 15685
f 15685 15684 15686
f 15687 15688 15689
f 15689 15688 15690
f 15691 15692 15693
f 15694 15695 15696
f 15697 15698 15699
f 15700 15701 15702
f 15703 15704 15705
f 15706 15707 15708
f 15709 15710 15711
f 15711 15710 15712
f 15713 15714 15715
f 15715 15714 15716
f 15717 15718 15719
f 15720 15721 15722
f 15723 15724 15725
f 15726 15727 15728
f 15729 15730 15731
f 15732 15733 15734
f 15735 15736 15737
f 15738 15739 15740
f 15741 15742 15743
f 15744 15745 15746
f 15747 15748 15749
f 15749 15748 15750
f 15751 15752 15753
f 15754 15755 15756
f 15757 15758 15759
f 15760 15761 15762
f 15763 15764 15765
f 15766 15767 15768
f 15769 15770 15771
f 15771 15770 15772
f 15773 15774 15775
f 15776 15777 15778
f 15779 15780 15781
f 15782 15783 15784
f 15785 15786 15787
f 15788 15789 15790
f 15791 15792 15793
f 15794 15795 15796
f 15797 15798 15799
f 15800 15801 15802
f 15803 15804 15805
f 15806 15807 15808
f 15809 15810 15811
f 15811 15810 15812
f 15813 15814 15815
f 15816 15817 15818
f 15819 15820 15821
f 15821 15820 15822
f 15823 15824 15825
f 15826 15827 15828
f 15829 15830 15831
f 15832 15833 15834
f 15835 15836 15837
f 15838 15839 15840
f 15841 15842 15843
f 15844 15845 15846
f 15847 15848 15849
f 15850 15851 15852
f 15853 15854 15855
f 15856 15857 15858
f 15859 15860 15861
f 15862 15863 15864
f 15865 15866 15867
f 15867 15866 15868
f 15869 15870 15871
f 15871 15870 15872
f 15873 15874 15875
f 15876 15877 15878
f 15879 15880 15881
f 15882 15883 15884
f 15885 15886 15887
f 15888 15889 15890
f 15891 15892 15893
f 15894 15895 15896
f 15897 15898 15899
f 15900 15901 15902
f 15903 15904 15905
f 15906 15907 15908
f 15909 15910 15911
f 15911 15910 15912
f 15913 15914 15915
f 15916 15917 15918
f 15919 15920 15921
f 15922 15923 15924
f 15925 15926 15927
f 15927 15926 15928
f 15929 15930 15931
f 15931 15930 15932
f 15933 15934 15935
f 15936 15937 15938
f 15939 15940 15941
f 15942 15943 15944
f 15945 15946 15947
f 15948 15949 15950
f 15951 15952 15953
f 15954 15955 15956
f 15957 15958 15959
f 15960 15961 15962
f 15963 15964 15965
f 15966 15967 15968
f 15969 15970 15971
f 15971 15970 15972
f 15973 15974 15975
f 15976 15977 15978
f 15979 15980 15981
f 15981 15980 15982
f 15983 15984 15985
f 15986 15987 15988
f 15989 15990 15991
f 15992 15993 15994
f 15995 15996 15997
f 15998 15999 16000
f 16001 16002 16003
f 16004 16005 16006
f 16007 16008 16009
f 16010 16011 16012
f 16013 16014 16015
f 16016 16017 16018
f 16019 16020 16021
f 16022 16023 16024
f 16025 16026 16027
f 16028 16029 16030
f 16031 16032 16033
f 16034 16035 16036
f 16036 16035 16037
f 16038 16039 16040
f 16041 16042 16043
f 16044 16045 16046
f 16047 16048 16049
f 16050 16051 16052
f 16052 16051 16053
f 16054 16055 16056
f 16056 16055 16057
f 16058 16059 16060
f 16061 16062 16063
f 16064 16065 16066
f 16064 16066 16067
f 16068 16069 16070
f 16068 16070 16071
f 16072 16073 16074
f 16075 16076 16077
f 16077 16076 16078
f 16077 16078 16079
f 16079 16078 16080
f 16081 16082 16083
f 16083 16082 16084
f 16083 16084 16085
f 16085 16084 16086
f 16087 16088 16089
f 16089 16088 16090
f 16089 16090 16091
f 16091 16090 16092
f 16093 16094 15113
f 15113 16094 15114
f 15997 16095 15995
f 16096 16097 16098
f 16099 16100 16101
f 16102 16103 16104
f 16105 16106 16107
f 16107 16106 16108
f 16109 16110 16111
f 16112 16113 16114
f 16115 16116 16117
f 16118 16119 16120
f 16121 16122 16123
f 16124 16125 16126
f 16127 16128 16129
f 16130 16131 16132
f 16133 16134 16135
f 16136 16137 16138
f 16139 14767 14769
f 16140 16141 16142
f 16143 16144 16145
f 16146 16147 16148
f 16149 16150 16151
f 16152 16153 16154
f 16155 16156 16157
f 16158 16159 16160
f 16161 16162 16163
f 16164 16165 16166
f 16167 16168 16169
f 16170 16171 16172
f 16172 16171 16173
f 16174 16175 16176
f 16177 16178 16179
f 16180 16181 16182
f 16182 16181 16183
f 16184 16185 16186
f 16186 16185 16187
f 16188 16189 16190
f 16191 16058 16060
f 16188 16190 16192
f 16193 16194 16195
f 16196 16197 16198
f 16199 16200 16201
f 16201 16200 16202
f 16203 16204 16205
f 16205 16204 16206
f 16207 16208 16209
f 16210 16211 16212
f 16213 16214 16215
f 16215 16214 16216
f 16217 16218 16219
f 16220 16221 16222
f 16223 16224 16225
f 16225 16224 16226
f 16227 16228 16229
f 16230 16231 16232
f 16233 16234 16235
f 16235 16234 16236
f 14673 14672 16237
f 16238 16239 16240
f 16241 16242 16243
f 16244 16245 16246
f 16247 16248 16249
f 16250 16251 16252
f 16253 16254 16255
f 16256 16257 16258
f 16259 16260 16261
f 16262 16263 16264
f 16265 16266 16267
f 16268 16269 16270
f 16271 16272 16273
f 16274 16275 16276
f 16277 16278 16279
f 16280 16281 16282
f 16283 16284 16285
f 16285 16284 16286
f 16287 16288 16289
f 16289 16288 16290
f 16291 16139 16292
f 16292 16139 14769
f 16293 16294 16295
f 16296 16297 16298
f 16296 16298 16299
f 16103 16300 16104
f 16301 16302 16303
f 16304 16305 16306
f 16307 16308 16309
f 16113 16310 16114
f 16114 16310 16311
f 16119 16312 16120
f 16313 16314 16315
f 16316 16317 16318
f 16319 16320 16321
f 16303 16302 16322
f 16323 16324 16325
f 16326 14673 16237
f 16327 16328 16329
f 16330 16331 16332
f 16333 16334 16335
f 16336 16337 16338
f 16336 16338 16339
f 16340 16341 16342
f 16340 16342 16343
f 16344 16345 16346
f 16346 16345 16347
f 16348 16349 16350
f 16351 16352 16353
f 16354 16355 16356
f 16356 16355 16357
f 16358 16359 16360
f 16360 16359 16361
f 16362 16363 16364
f 16364 16363 16365
f 16366 16367 16368
f 16368 16367 16369
f 16370 16371 16372
f 16372 16371 16373
f 14685 14684 16374
f 16375 16376 16377
f 16378 16379 16380
f 16381 16382 16383
f 16383 16382 16384
f 16385 15249 15251
f 16386 16387 16388
f 16388 16387 16389
f 16390 16391 16392
f 16393 16394 16395
f 16396 16397 16398
f 16398 16397 16399
f 16400 16401 16402
f 16403 16404 16405
f 16405 16404 16406
f 16407 16408 16409
f 16409 16408 16410
f 16411 16412 16413
f 16414 16415 16416
f 16417 16418 16419
f 16419 16418 16420
f 16421 16422 16423
f 16424 15001 15000
f 16425 16426 16427
f 16427 16426 16428
f 16429 16430 16431
f 16431 16430 16432
f 16433 16434 16435
f 16435 16434 16436
f 16437 16438 16439
f 16439 16438 16440
f 16439 16440 16441
f 16441 16440 16442
f 16443 16311 16310
f 16444 16445 16446
f 16444 16446 16447
f 16448 16449 16450
f 16448 16450 16451
f 16452 16453 16454
f 16452 16454 16455
f 16456 16457 16458
f 16459 16378 16380
f 16460 16461 16462
f 16463 16464 16465
f 16466 16424 15000
f 16463 16465 16467
f 16468 16469 16470
f 16468 16470 16471
f 16472 16473 16474
f 16472 16474 16475
f 16476 16477 16478
f 16479 16480 16481
f 16482 16483 16484
f 16485 16463 16467
f 16485 16467 16486
f 16487 16488 16489
f 16487 16489 16490
f 16491 16492 16493
f 16491 16493 16494
f 16495 16496 16497
f 16498 16499 16500
f 16501 16502 16503
f 16501 16503 16504
f 16505 16506 16507
f 16505 16507 16508
f 16509 16510 16511
f 16509 16511 16512
f 16513 16514 16515
f 16516 16517 16518
f 16519 16501 16504
f 16519 16504 16520
f 16521 16522 16523
f 16521 16523 16524
f 16525 16509 16512
f 16525 16512 16526
f 16527 16528 16529
f 16530 16531 16532
f 16533 16534 16535
f 16536 16537 16538
f 16539 16540 16541
f 16539 16541 16309
f 16542 16543 16544
f 16545 16546 16547
f 16339 16548 16549
f 16339 16549 16336
f 16550 16551 16552
f 16553 16554 16555
f 16556 16557 16558
f 16559 16560 16561
f 16562 16563 16564
f 16565 16566 16567
f 16568 16569 16570
f 16570 16569 16571
f 16570 16571 16572
f 16573 16574 16572
f 16572 16574 16570
f 16575 16576 16577
f 16577 16576 16578
f 16579 16580 16581
f 16579 16581 16582
f 16583 16584 16585
f 16583 16585 16586
f 16587 16588 16589
f 16587 16589 16590
f 16591 16592 16593
f 16591 16593 16594
f 16595 16596 16597
f 16595 16597 16598
f 16599 16600 16601
f 16599 16601 16602
f 16603 16604 16605
f 16603 16605 16606
f 16607 16608 16609
f 16607 16609 16610
f 16611 16612 16613
f 16611 16613 16614
f 16615 16616 16617
f 16615 16617 16618
f 16619 16620 16621
f 16619 16621 16622
f 16623 16624 16625
f 16623 16625 16626
f 16627 16628 16629
f 16627 16629 16630
f 16631 16632 16633
f 16631 16633 16634
f 16635 16636 16637
f 16635 16637 16638
f 16639 16640 16641
f 16639 16641 16642
f 16643 16644 16645
f 16643 16645 16646
f 16647 16648 16649
f 16647 16649 16650
f 16651 16652 16653
f 16651 16653 16654
f 16655 16656 16657
f 16655 16657 16658
f 16659 16660 16661
f 16659 16661 16662
f 16663 16664 16665
f 16663 16665 16666
f 16667 16668 16669
f 16667 16669 16670
f 16671 16672 16673
f 16671 16673 16674
f 16675 16676 16677
f 16675 16677 16678
f 16679 16680 16681
f 16679 16681 16682
f 16683 16684 16685
f 16685 16684 16686
f 16687 16688 16689
f 16689 16688 16690
f 16690 16688 16691
f 16690 16691 16692
f 16692 16691 16693
f 16693 16691 16694
f 16694 16691 16695
f 16694 16695 16696
f 16696 16695 16697
f 16698 16699 16700
f 16700 16699 16701
f 16700 16701 16702
f 16702 16701 16703
f 16702 16703 16704
f 16704 16703 16705
f 16704 16705 16706
f 16706 16705 16707
f 16706 16707 16708
f 16708 16707 16709
f 16708 16709 16710
f 16710 16709 16711
f 16710 16711 16712
f 16712 16711 16713
f 16712 16713 16714
f 16714 16713 16715
f 16714 16715 16716
f 16716 16715 16717
f 16716 16717 16718
f 16718 16717 16719
f 16718 16719 16720
f 16720 16719 16721
f 16720 16721 16722
f 16722 16721 16723
f 16722 16723 16724
f 16724 16723 16725
f 16724 16725 16726
f 16726 16725 16727
f 16726 16727 16728
f 16726 16728 16729
f 16729 16728 16730
f 16729 16730 16731
f 16729 16731 16732
f 16732 16731 16733
f 16732 16733 16734
f 16732 16734 16735
f 16735 16734 16736
f 16735 16736 16737
f 16737 16736 16738
f 16737 16738 16739
f 16739 16738 16740
f 16739 16740 16741
f 16741 16740 16742
f 16741 16742 16743
f 16743 16742 16744
f 16743 16744 16745
f 16745 16744 16746
f 16745 16746 16747
f 16747 16746 16748
f 16747 16748 16749
f 16749 16748 16750
f 16749 16750 16751
f 16751 16750 16752
f 16751 16752 16753
f 16753 16752 16754
f 16753 16754 16755
f 16755 16754 16756
f 16755 16756 16757
f 16757 16756 16758
f 16757 16758 16759
f 16759 16758 16760
f 16759 16760 16761
f 16762 16763 16764
f 16764 16763 16765
f 16764 16765 16766
f 16766 16765 16767
f 16768 16769 16770
f 16770 16769 16771
f 16771 16769 16772
f 16771 16772 16773
f 16773 16774 16771
f 16775 16776 16777
f 16777 16776 16778
f 16779 16780 16781
f 16779 16781 16782
f 16783 16784 16785
f 16783 16785 16786
f 16787 16788 16789
f 16787 16789 16790
f 16791 16792 16793
f 16791 16793 16794
f 16795 16796 16797
f 16795 16797 16798
f 16799 16800 16801
f 16799 16801 16802
f 16803 16804 16805
f 16803 16805 16806
f 16807 16808 16809
f 16807 16809 16810
f 16811 16812 16813
f 16811 16813 16814
f 16815 16816 16817
f 16815 16817 16818
f 16819 16820 16821
f 16819 16821 16822
f 16823 16824 16825
f 16823 16825 16826
f 16827 16828 16829
f 16827 16829 16830
f 16831 16832 16833
f 16831 16833 16834
f 16835 16836 16837
f 16835 16837 16838
f 16839 16840 16841
f 16839 16841 16842
f 16843 16844 16845
f 16843 16845 16846
f 16847 16848 16849
f 16847 16849 16850
f 16851 16852 16853
f 16851 16853 16854
f 16855 16856 16857
f 16855 16857 16858
f 16859 16860 16861
f 16859 16861 16862
f 16863 16864 16865
f 16863 16865 16866
f 16867 16868 16869
f 16867 16869 16870
f 16871 16872 16873
f 16871 16873 16874
f 16875 16876 16877
f 16875 16877 16878
f 16879 16880 16881
f 16879 16881 16882
f 16883 16884 16885
f 16885 16884 16886
f 16887 16888 16889
f 16889 16888 16890
f 16890 16888 16891
f 16890 16891 16892
f 16892 16891 16893
f 16893 16891 16894
f 16894 16891 16895
f 16894 16895 16896
f 16896 16895 16897
f 16897 16895 16898
f 16899 16900 16901
f 16901 16900 16902
f 16902 16900 16903
f 16902 16903 16904
f 16904 16903 16905
f 16904 16905 16906
f 16906 16905 16907
f 16906 16907 16908
f 16908 16907 16909
f 16908 16909 16910
f 16910 16909 16911
f 16910 16911 16912
f 16912 16911 16913
f 16912 16913 16914
f 16914 16913 16915
f 16914 16915 16916
f 16916 16915 16917
f 16916 16917 16918
f 16918 16917 16919
f 16918 16919 16920
f 16920 16919 16921
f 16920 16921 16922
f 16922 16921 16923
f 16922 16923 16924
f 16924 16923 16925
f 16924 16925 16926
f 16926 16925 16927
f 16926 16927 16928
f 16928 16927 16929
f 16929 16927 16930
f 16929 16930 16931
f 16931 16930 16932
f 16932 16930 16933
f 16932 16933 16934
f 16934 16933 16935
f 16935 16933 16936
f 16935 16936 16937
f 16937 16936 16938
f 16937 16938 16939
f 16939 16938 16940
f 16939 16940 16941
f 16941 16940 16942
f 16941 16942 16943
f 16943 16942 16944
f 16943 16944 16945
f 16945 16944 16946
f 16945 16946 16947
f 16947 16946 16948
f 16947 16948 16949
f 16949 16948 16950
f 16949 16950 16951
f 16951 16950 16952
f 16951 16952 16953
f 16953 16952 16954
f 16953 16954 16955
f 16955 16954 16956
f 16955 16956 16957
f 16957 16956 16958
f 16957 16958 16959
f 16959 16958 16960
f 16959 16960 16961
f 16961 16960 16962
f 16963 16964 16965
f 16965 16964 16966
f 16965 16966 16967
f 16967 16966 16968
f 16969 16970 16971
f 16971 16970 16972
f 16972 16970 16973
f 16972 16973 16974
f 16974 16973 16975
f 16975 16973 16976
f 16975 16976 16977
f 16977 16976 16978
f 16978 16976 16979
f 16980 16981 16982
f 16982 16981 16983
f 16984 16985 16986
f 16984 16986 16987
f 16988 16989 16990
f 16988 16990 16991
f 16992 16993 16994
f 16992 16994 16995
f 16996 16997 16998
f 16996 16998 16999
f 17000 17001 17002
f 17000 17002 17003
f 17004 17005 17006
f 17004 17006 17007
f 17008 17009 17010
f 17008 17010 17011
f 17012 17013 17014
f 17012 17014 17015
f 17016 17017 17018
f 17016 17018 17019
f 17020 17021 17022
f 17020 17022 17023
f 17024 17025 17026
f 17024 17026 17027
f 17028 17029 17030
f 17028 17030 17031
f 17032 17033 17034
f 17032 17034 17035
f 17036 17037 17038
f 17036 17038 17039
f 17040 17041 17042
f 17040 17042 17043
f 17044 17045 17046
f 17044 17046 17047
f 17048 17049 17050
f 17048 17050 17051
f 17052 17053 17054
f 17052 17054 17055
f 17056 17057 17058
f 17056 17058 17059
f 17060 17061 17062
f 17060 17062 17063
f 17064 17065 17066
f 17064 17066 17067
f 17068 17069 17070
f 17068 17070 17071
f 17072 17073 17074
f 17072 17074 17075
f 17076 17077 17078
f 17076 17078 17079
f 17080 17081 17082
f 17080 17082 17083
f 17084 17085 17086
f 17084 17086 17087
f 17088 17089 17090
f 17090 17089 17091
f 17092 17093 17094
f 17094 17093 17095
f 17095 17093 17096
f 17095 17096 17097
f 17097 17098 17095
f 17099 17100 17101
f 17101 17100 17102
f 17101 17102 17103
f 17103 17102 17104
f 17103 17104 17105
f 17105 17104 17106
f 17105 17106 17107
f 17107 17106 17108
f 17107 17108 17109
f 17109 17108 17110
f 17109 17110 17111
f 17111 17110 17112
f 17111 17112 17113
f 17113 17112 17114
f 17113 17114 17115
f 17115 17114 17116
f 17115 17116 17117
f 17117 17116 17118
f 17117 17118 17119
f 17119 17118 17120
f 17119 17120 17121
f 17121 17120 17122
f 17121 17122 17123
f 17123 17122 17124
f 17123 17124 17125
f 17125 17124 17126
f 17125 17126 17127
f 17127 17126 17128
f 17127 17128 17129
f 17127 17129 17130
f 17130 17129 17131
f 17130 17131 17132
f 17130 17132 17133
f 17133 17132 17134
f 17133 17134 17135
f 17133 17135 17136
f 17136 17135 17137
f 17136 17137 17138
f 17138 17137 17139
f 17138 17139 17140
f 17140 17139 17141
f 17140 17141 17142
f 17142 17141 17143
f 17142 17143 17144
f 17144 17143 17145
f 17144 17145 17146
f 17146 17145 17147
f 17146 17147 17148
f 17148 17147 17149
f 17148 17149 17150
f 17150 17149 17151
f 17150 17151 17152
f 17152 17151 17153
f 17152 17153 17154
f 17154 17153 17155
f 17154 17155 17156
f 17156 17155 17157
f 17156 17157 17158
f 17158 17157 17159
f 17158 17159 17160
f 17160 17159 17161
f 17160 17161 17162
f 17163 17164 17165
f 17165 17164 17166
f 17166 17164 17167
f 17166 17167 17168
f 17169 17170 17171
f 17171 17170 17172
f 17172 17170 17173
f 17173 17170 17174
f 17173 17174 17175
f 17175 17174 17176
f 17176 17174 17177
f 17177 17174 17178
f 17177 17178 17179
f 17179 17178 17180
f 17181 17182 17183
f 17183 17182 17184
f 17185 17186 17187
f 17185 17187 17188
f 17189 17190 17191
f 17189 17191 17192
f 17193 17194 17195
f 17193 17195 17196
f 17197 17198 17199
f 17197 17199 17200
f 17201 17202 17203
f 17201 17203 17204
f 17205 17206 17207
f 17205 17207 17208
f 17209 17210 17211
f 17209 17211 17212
f 17213 17214 17215
f 17213 17215 17216
f 17217 17218 17219
f 17217 17219 17220
f 17221 17222 17223
f 17221 17223 17224
f 17225 17226 17227
f 17225 17227 17228
f 17229 17230 17231
f 17229 17231 17232
f 17233 17234 17235
f 17233 17235 17236
f 17237 17238 17239
f 17237 17239 17240
f 17241 17242 17243
f 17241 17243 17244
f 17245 17246 17247
f 17245 17247 17248
f 17249 17250 17251
f 17249 17251 17252
f 17253 17254 17255
f 17253 17255 17256
f 17257 17258 17259
f 17257 17259 17260
f 17261 17262 17263
f 17261 17263 17264
f 17265 17266 17267
f 17265 17267 17268
f 17269 17270 17271
f 17269 17271 17272
f 17273 17274 17275
f 17273 17275 17276
f 17277 17278 17279
f 17277 17279 17280
f 17281 17282 17283
f 17281 17283 17284
f 17285 17286 17287
f 17285 17287 17288
f 17289 17290 17291
f 17291 17290 17292
f 17293 17294 17295
f 17295 17294 17296
f 17295 17296 17297
f 17298 17299 17297
f 17297 17299 17295
f 17300 17301 17302
f 17302 17301 17303
f 17303 17301 17304
f 17303 17304 17305
f 17305 17304 17306
f 17305 17306 17307
f 17307 17306 17308
f 17307 17308 17309
f 17309 17308 17310
f 17309 17310 17311
f 17311 17310 17312
f 17311 17312 17313
f 17313 17312 17314
f 17313 17314 17315
f 17315 17314 17316
f 17315 17316 17317
f 17317 17316 17318
f 17317 17318 17319
f 17319 17318 17320
f 17319 17320 17321
f 17321 17320 17322
f 17321 17322 17323
f 17323 17322 17324
f 17323 17324 17325
f 17325 17324 17326
f 17325 17326 17327
f 17327 17326 17328
f 17327 17328 17329
f 17329 17328 17330
f 17330 17328 17331
f 17330 17331 17332
f 17332 17331 17333
f 17333 17331 17334
f 17333 17334 17335
f 17335 17334 17336
f 17336 17334 17337
f 17336 17337 17338
f 17338 17337 17339
f 17338 17339 17340
f 17340 17339 17341
f 17340 17341 17342
f 17342 17341 17343
f 17342 17343 17344
f 17344 17343 17345
f 17344 17345 17346
f 17346 17345 17347
f 17346 17347 17348
f 17348 17347 17349
f 17348 17349 17350
f 17350 17349 17351
f 17350 17351 17352
f 17352 17351 17353
f 17352 17353 17354
f 17354 17353 17355
f 17354 17355 17356
f 17356 17355 17357
f 17356 17357 17358
f 17358 17357 17359
f 17358 17359 17360
f 17360 17359 17361
f 17360 17361 17362
f 17362 17361 17363
f 17364 17365 17366
f 17366 17365 17367
f 17368 17369 17370
f 17370 17369 17371
f 17372 17373 17374
f 17374 17373 17375
f 17376 17377 17378
f 17378 17377 17379
f 17380 17381 17382
f 17382 17381 17383
f 17384 17385 17386
f 17386 17385 17387
f 17388 17389 17390
f 17390 17389 17391
f 17392 17393 17394
f 17394 17393 17395
f 17396 17397 17398
f 17398 17397 17399
f 17400 17401 17402
f 17402 17401 17403
f 17404 17405 17406
f 17406 17405 17407
f 17408 17409 17410
f 17410 17409 17411
f 17412 17413 17414
f 17414 17413 17415
f 17416 17417 17418
f 17418 17417 17419
f 17420 17421 17422
f 17422 17421 17423
f 17424 17425 17426
f 17426 17425 17427
f 17428 17429 17430
f 17430 17429 17431
f 17432 17433 17434
f 17435 17436 17437
f 17437 17436 17438
f 17439 17440 17441
f 17441 17440 17442
f 17443 17444 17445
f 17445 17444 17446
f 17447 17448 17449
f 17449 17448 17450
f 17451 17452 17453
f 17453 17452 17454
f 17455 17456 17457
f 17457 17456 17458
f 17459 17460 17461
f 17461 17460 17462
f 17463 17464 17465
f 17465 17464 17466
f 17467 17468 17469
f 17469 17468 17470
f 17471 17472 17473
f 17473 17472 17474
f 17475 17476 17477
f 17477 17476 17478
f 17479 17480 17481
f 17481 17480 17482
f 17483 17484 17485
f 17485 17484 17486
f 17487 17488 17489
f 17489 17488 17490
f 17491 17492 17493
f 17491 17493 17428
f 17426 17494 17424
f 17495 17496 17497
f 17498 17499 17500
f 17501 17502 17503
f 17504 17505 17506
f 17507 17508 17509
f 17510 17511 17512
f 17510 17512 17513
f 17514 17515 17516
f 17517 17518 17519
f 17520 17521 17522
f 17523 17524 17525
f 17526 17527 17528
f 17529 17530 17531
f 17532 17533 17534
f 17535 17536 17537
f 17538 17539 17540
f 17541 17542 17543
f 17544 17545 17546
f 17547 17548 17549
f 17550 17551 17552
f 17553 17554 17555
f 17556 17557 17558
f 17559 17560 17561
f 17562 17563 17564
f 17565 17566 17567
f 17568 17569 17570
f 17571 17572 17573
f 17574 17575 17576
f 17577 17578 17579
f 17580 17581 17582
f 17583 17584 17585
f 17586 17587 17588
f 17589 17590 17591
f 17592 17593 17594
f 17595 17596 17597
f 17598 17599 17600
f 17601 17602 17603
f 17599 17604 17600
f 17605 17606 17607
f 17608 17609 17610
f 17611 17612 17613
f 17614 17615 17616
f 17617 17618 17619
f 17620 17621 17622
f 17623 17624 17625
f 17626 17627 17628
f 17629 17630 17631
f 17632 17633 17634
f 17635 17636 17637
f 17635 17637 17638
f 17639 17640 17641
f 17642 17643 17644
f 17642 17644 17645
f 17646 17647 17648
f 17649 17650 17651
f 17652 17653 17654
f 17655 17656 17657
f 17658 17659 17660
f 17661 17662 17663
f 17664 17665 17666
f 17667 17668 17669
f 17670 17671 17672
f 17673 17674 17675
f 17676 17677 17678
f 17679 17680 17681
f 17682 17683 17684
f 17685 17686 17427
f 17687 17688 17689
f 17690 17691 17692
f 17503 17693 17501
f 17369 17589 17371
f 17371 17589 17591
f 17373 17595 17375
f 17375 17595 17597
f 17377 17605 17379
f 17379 17605 17607
f 17381 17611 17383
f 17383 17611 17613
f 17385 17617 17387
f 17387 17617 17619
f 17389 17626 17391
f 17391 17626 17628
f 17393 17632 17395
f 17395 17632 17634
f 17397 17639 17399
f 17399 17639 17641
f 17401 17642 17403
f 17403 17642 17645
f 17405 17652 17407
f 17407 17652 17654
f 17409 17658 17411
f 17411 17658 17660
f 17413 17664 17415
f 17415 17664 17666
f 17417 17670 17419
f 17419 17670 17672
f 17421 17676 17423
f 17423 17676 17678
f 17425 17685 17427
f 17585 17367 17583
f 17583 17367 17365
f 17579 17435 17577
f 17577 17435 17437
f 17573 17439 17571
f 17571 17439 17441
f 17567 17443 17565
f 17565 17443 17445
f 17561 17447 17559
f 17559 17447 17449
f 17499 17451 17500
f 17500 17451 17453
f 17505 17455 17506
f 17506 17455 17457
f 17511 17459 17512
f 17512 17459 17461
f 17518 17463 17519
f 17519 17463 17465
f 17527 17467 17528
f 17528 17467 17469
f 17533 17471 17534
f 17534 17471 17473
f 17539 17475 17540
f 17540 17475 17477
f 17545 17479 17546
f 17546 17479 17481
f 17551 17483 17552
f 17552 17483 17485
f 17557 17487 17558
f 17558 17487 17489
f 17430 17491 17428
f 17694 17695 17696
f 17696 17695 17697
f 17696 17697 17698
f 17696 17698 17699
f 17699 17698 17700
f 17699 17700 17701
f 17702 17703 17704
f 17704 17703 17705
f 17705 17703 17706
f 17706 17703 17707
f 17706 17707 17708
f 17708 17707 17709
f 17710 17711 17712
f 17712 17711 17713
f 17714 17715 17716
f 17716 17715 17717
f 17718 17719 17720
f 17720 17719 17721
f 17722 17723 17724
f 17724 17723 17725
f 17726 17727 17728
f 17728 17727 17729
f 17730 17731 17732
f 17732 17731 17733
f 17734 17735 17736
f 17736 17735 17737
f 17738 17739 17740
f 17740 17739 17741
f 17742 17743 17744
f 17744 17743 17745
f 17746 17747 17748
f 17748 17747 17749
f 17750 17751 17752
f 17752 17751 17753
f 17754 17755 17756
f 17756 17755 17757
f 17758 17759 17760
f 17760 17759 17761
f 17762 17763 17764
f 17764 17763 17765
f 17766 17767 17768
f 17768 17767 17769
f 17770 17771 17772
f 17772 17771 17773
f 17774 17775 17776
f 17776 17775 17777
f 17778 17779 17780
f 17780 17779 17781
f 17782 17783 17784
f 17784 17783 17785
f 17786 17787 17788
f 17788 17787 17789
f 17790 17791 17792
f 17792 17791 17793
f 17794 17795 17796
f 17796 17795 17797
f 17798 17799 17800
f 17800 17799 17801
f 17802 17803 17804
f 17804 17803 17805
f 17806 17807 17808
f 17808 17807 17809
f 17810 17811 17812
f 17812 17811 17813
f 17814 17815 17816
f 17816 17815 17817
f 17818 17819 17820
f 17820 17819 17821
f 17822 17823 17824
f 17824 17823 17825
f 17826 17827 17828
f 17828 17827 17829
f 17830 17831 17832
f 17832 17831 17833
f 17834 17835 17836
f 17836 17835 17837
f 17838 17839 17840
f 17840 17839 17841
f 17842 17843 17844
f 17844 17843 17845
f 17846 17847 17848
f 17848 17847 17849
f 17850 17851 17852
f 17852 17851 17853
f 17854 17855 17856
f 17856 17855 17857
f 17858 17859 17860
f 17860 17859 17861
f 17862 17863 17864
f 17864 17863 17865
f 17866 17867 17868
f 17868 17867 17869
f 17870 17871 17872
f 17872 17871 17873
f 17874 17875 17876
f 17876 17875 17877
f 17878 17879 17880
f 17880 17879 17881
f 17882 17883 17884
f 17884 17883 17885
f 17886 17887 17888
f 17888 17887 17889
f 17890 17891 17892
f 17892 17891 17893
f 17894 17895 17896
f 17896 17895 17897
f 17898 17899 17900
f 17900 17899 17901
f 17902 17903 17904
f 17904 17903 17905
f 17906 17907 17908
f 17908 17907 17909
f 17910 17911 17912
f 17912 17911 17913
f 17914 17915 17916
f 17916 17915 17917
f 17918 17919 17920
f 17920 17919 17921
f 17922 17923 17924
f 17924 17923 17925
f 17926 17927 17928
f 17928 17927 17929
f 17930 17931 17932
f 17932 17931 17933
f 17934 17935 17936
f 17936 17935 17937
f 17938 17939 17940
f 17940 17939 17941
f 17942 17943 17944
f 17944 17943 17945
f 17946 17947 17948
f 17948 17947 17949
f 17950 17951 17952
f 17952 17951 17953
f 17953 17951 17954
f 17953 17954 17955
f 17956 17957 17958
f 17958 17957 17959
f 17958 17959 17960
f 17960 17959 17961
f 17962 17963 17964
f 17965 17966 17967
f 17965 17967 17968
f 17969 17970 17971
f 17969 17971 17972
f 17973 17974 17975
f 17973 17975 17976
f 17977 17978 17979
f 17977 17979 17980
f 17981 17982 17983
f 17981 17983 17984
f 17985 17986 17987
f 17985 17987 17988
f 17989 17990 17991
f 17989 17991 17992
f 17993 17994 17995
f 17993 17995 17996
f 17997 17998 17999
f 17997 17999 18000
f 18001 18002 18003
f 18001 18003 18004
f 18005 18006 18007
f 18005 18007 18008
f 18009 18010 18011
f 18009 18011 18012
f 18013 18014 18015
f 18013 18015 18016
f 18017 18018 18019
f 18017 18019 18020
f 18021 18022 18023
f 18023 18022 18024
f 18025 18026 18027
f 18027 18026 18028
f 18029 18030 18031
f 17963 17962 18032
f 18033 18034 18035
f 18033 18035 18036
f 18037 18038 18039
f 18037 18039 18040
f 18041 18042 18043
f 18041 18043 18044
f 18045 18046 18047
f 18045 18047 18048
f 18049 18050 18051
f 18049 18051 18052
f 18053 18054 18055
f 18053 18055 18056
f 18057 18058 18059
f 18057 18059 18060
f 18061 18062 18063
f 18061 18063 18064
f 18065 18066 18067
f 18065 18067 18068
f 18069 18070 18071
f 18069 18071 18072
f 18073 18074 18075
f 18073 18075 18076
f 18077 18078 18079
f 18077 18079 18080
f 18031 18081 18029
f 18082 18083 18084
f 18084 18083 18085
f 18084 18085 18086
f 18086 18085 18087
f 18086 18087 18088
f 18088 18087 18089
f 18088 18089 18090
f 18090 18089 18091
f 18090 18091 18092
f 18092 18091 18093
f 18092 18093 18094
f 18094 18093 18095
f 18094 18095 18096
f 18096 18095 18097
f 18096 18097 18098
f 18098 18097 18099
f 18083 18082 18100
f 18100 18082 18101
f 18100 18101 18102
f 18102 18101 18103
f 18102 18103 18104
f 18104 18103 18105
f 18104 18105 18106
f 18106 18105 18107
f 18106 18107 18108
f 18108 18107 18109
f 18108 18109 18110
f 18110 18109 18111
f 18112 18113 18114
f 18114 18113 18115
f 18114 18115 18116
f 18116 18115 18117
f 18116 18117 18118
f 18118 18117 18119
f 18118 18119 18120
f 18120 18119 18121
f 18120 18121 18122
f 18120 18122 18123
f 18123 18122 18124
f 18123 18124 18125
f 18125 18124 18126
f 18125 18126 18127
f 18125 18127 18128
f 18128 18127 18129
f 18128 18129 18130
f 18130 18129 18131
f 18130 18131 18132
f 18132 18131 18133
f 18132 18133 18134
f 18132 18134 18135
f 18135 18134 18136
f 18135 18136 18137
f 18137 18136 18138
f 18137 18138 18139
f 18137 18139 18140
f 18140 18139 18141
f 18140 18141 18142
f 18142 18141 18143
f 18142 18143 18144
f 18144 18143 18145
f 18144 18145 18146
f 18144 18146 18147
f 18147 18146 18148
f 18147 18148 18149
f 18149 18148 18150
f 18149 18150 18151
f 18151 18150 18152
f 18151 18152 18153
f 18151 18153 18154
f 18154 18153 18155
f 18154 18155 18156
f 18156 18155 18157
f 18156 18157 18158
f 18156 18158 18159
f 18159 18158 18160
f 18159 18160 18161
f 18161 18160 18162
f 18161 18162 18163
f 18163 18162 18164
f 18163 18164 18165
f 18163 18165 18166
f 18166 18165 18167
f 18166 18167 18168
f 18168 18167 18169
f 18168 18169 18170
f 18168 18170 18171
f 18171 18170 18172
f 18171 18172 18173
f 18173 18172 18174
f 18173 18174 18175
f 18175 18174 18176
f 18175 18176 18177
f 18175 18177 18178
f 18178 18177 18179
f 18178 18179 18180
f 18180 18179 18181
f 18180 18181 18182
f 18180 18182 18183
f 18183 18182 18184
f 18183 18184 18185
f 18185 18184 18112
f 18185 18112 18114
f 18186 18187 18188
f 18189 18190 18191
f 18192 18193 18194
f 18195 18196 18197
f 18198 18199 18200
f 18201 18202 18203
f 18204 18205 18206
f 18207 18208 18209
f 18210 18211 18212
f 18213 18214 18215
f 18216 18217 18218
f 18219 18220 18221
f 18222 18223 18224
f 18225 18226 18227
f 18228 18229 18230
f 18231 18232 18233
f 18234 18235 18236
f 18237 18238 18239
f 18240 18241 18242
f 18243 18244 18245
f 18246 18247 18248
f 18249 18250 18251
f 18252 18253 18254
f 18255 18256 18257
f 18258 18259 18260
f 18261 18262 18263
f 18264 18265 18266
f 18267 18268 18269
f 18270 18271 18272
f 18273 18274 18275
f 18276 18277 18278
f 18278 18277 18279
f 18280 18281 18282
f 18283 18284 18285
f 18286 18287 18288
f 18289 18290 18291
f 18292 18293 18294
f 18295 18296 18297
f 18298 18299 18300
f 18301 18302 18303
f 18304 18305 18306
f 18307 18308 18309
f 18310 18311 18312
f 18313 18314 18315
f 18316 18317 18318
f 18319 18320 18321
f 18322 18323 18324
f 18325 18326 18327
f 18328 18329 18330
f 18331 18332 18333
f 18334 18335 18336
f 18337 18338 18339
f 18340 18341 18342
f 18342 18341 18343
f 18344 18345 18346
f 18347 18348 18349
f 18350 18351 18352
f 18350 18352 18353
f 18354 18355 18356
f 18357 18358 18359
f 18360 18361 18362
f 18363 18364 18365
f 18363 18365 18366
f 18367 18368 18369
f 18370 18371 18372
f 18373 18374 18375
f 18376 18377 18378
f 18379 18380 18381
f 18382 18383 18384
f 18385 18386 18387
f 18387 18386 18388
f 18389 18390 18391
f 18392 18393 18394
f 18395 18396 18397
f 18398 18399 18400
f 18401 18402 18403
f 18404 18405 18406
f 18407 18408 18409
f 18410 18411 18412
f 18413 18414 18415
f 18416 18417 18418
f 18419 18420 18421
f 18422 18423 18424
f 18425 18426 18427
f 18427 18426 18428
f 18429 18430 18431
f 18432 18433 18434
f 18435 18436 18437
f 18438 18439 18440
f 18441 18442 18443
f 18444 18445 18446
f 18447 18448 18449
f 18450 18451 18452
f 18453 18454 18455
f 18456 18457 18458
f 18459 18460 18461
f 18462 18463 18464
f 18465 18466 18467
f 18465 18467 18468
f 18469 18470 18471
f 18472 18473 18474
f 18475 18476 18477
f 18477 18476 18478
f 18477 18478 18479
f 18479 18478 18480
f 18479 18480 18481
f 18481 18480 18482
f 18481 18482 18483
f 18483 18482 18484
f 18483 18484 18485
f 18483 18485 18486
f 18486 18485 18487
f 18486 18487 18488
f 18488 18487 18489
f 18488 18489 18490
f 18488 18490 18491
f 18491 18490 18492
f 18491 18492 18493
f 18493 18492 18494
f 18493 18494 18495
f 18495 18494 18496
f 18495 18496 18497
f 18495 18497 18498
f 18498 18497 18499
f 18498 18499 18500
f 18500 18499 18501
f 18500 18501 18502
f 18500 18502 18503
f 18503 18502 18504
f 18503 18504 18505
f 18505 18504 18506
f 18505 18506 18507
f 18507 18506 18508
f 18507 18508 18509
f 18507 18509 18510
f 18510 18509 18511
f 18510 18511 18512
f 18512 18511 18513
f 18512 18513 18514
f 18514 18513 18515
f 18514 18515 18516
f 18514 18516 18517
f 18517 18516 18518
f 18517 18518 18519
f 18519 18518 18520
f 18519 18520 18521
f 18519 18521 18522
f 18522 18521 18523
f 18522 18523 18524
f 18524 18523 18525
f 18524 18525 18526
f 18526 18525 18527
f 18526 18527 18528
f 18526 18528 18529
f 18529 18528 18530
f 18529 18530 18531
f 18531 18530 18532
f 18531 18532 18533
f 18531 18533 18534
f 18534 18533 18535
f 18534 18535 18536
f 18536 18535 18537
f 18536 18537 18538
f 18538 18537 18539
f 18538 18539 18540
f 18538 18540 18541
f 18541 18540 18542
f 18541 18542 18543
f 18543 18542 18544
f 18543 18544 18545
f 18543 18545 18546
f 18546 18545 18547
f 18546 18547 18548
f 18548 18547 18475
f 18548 18475 18477
f 18549 18550 18551
f 18551 18550 18552
f 18553 18554 18555
f 18555 18554 18556
f 18557 18558 18559
f 18559 18558 18560
f 18561 18562 18563
f 18563 18562 18564
f 18565 18566 18567
f 18567 18566 18568
f 18569 18570 18571
f 18571 18570 18572
f 18573 18574 18575
f 18575 18574 18576
f 18577 18578 18579
f 18579 18578 18580
f 18581 18582 18583
f 18583 18582 18584
f 18585 18586 18587
f 18587 18586 18588
f 18589 18590 18591
f 18591 18590 18592
f 18593 18594 18595
f 18595 18594 18596
f 18597 18598 18599
f 18599 18598 18600
f 18601 18602 18603
f 18603 18602 18604
f 18605 18606 18607
f 18607 18606 18608
f 18609 18610 18611
f 18611 18610 18612
f 18613 18614 18615
f 18615 18614 18616
f 18617 18618 18619
f 18619 18618 18620
f 18621 18622 18623
f 18623 18622 18624
f 18625 18626 18627
f 18627 18626 18628
f 18629 18630 18631
f 18631 18630 18632
f 18633 18634 18635
f 18635 18634 18636
f 18637 18638 18639
f 18639 18638 18640
f 18641 18642 18643
f 18643 18642 18644
f 18645 18646 18647
f 18647 18646 18648
f 18649 18650 18651
f 18651 18650 18652
f 18653 18654 18655
f 18655 18654 18656
f 18657 18658 18659
f 18659 18658 18660
f 18661 18662 18663
f 18663 18662 18664
f 18665 18666 18667
f 18667 18666 18668
f 18669 18670 18671
f 18671 18670 18672
f 18673 18674 18675
f 18676 18677 18678
f 18679 18680 18681
f 18682 18683 18684
f 18685 18686 18687
f 18688 18689 18690
f 18691 18692 18693
f 18691 18693 18694
f 18695 18696 18697
f 18698 18699 18700
f 18701 18702 18703
f 18704 18705 18706
f 18707 18708 18709
f 18710 18711 18712
f 18710 18712 18660
f 18662 18713 18664
f 18714 18715 18716
f 18713 18717 18718
f 18713 18718 18664
f 18666 18719 18668
f 18720 18721 18722
f 18719 18723 18724
f 18719 18724 18668
f 18670 18725 18672
f 18726 18727 18728
f 18725 18729 18730
f 18725 18730 18672
f 18550 18731 18552
f 18732 18733 18734
f 18731 18735 18736
f 18731 18736 18552
f 18554 18737 18556
f 18738 18739 18740
f 18737 18741 18742
f 18737 18742 18556
f 18558 18743 18560
f 18744 18745 18746
f 18743 18747 18748
f 18743 18748 18560
f 18562 18749 18564
f 18750 18751 18752
f 18752 18751 18753
f 18754 18755 18756
f 18749 18757 18758
f 18749 18758 18564
f 18566 18759 18568
f 18760 18761 18762
f 18759 18763 18764
f 18759 18764 18568
f 18570 18765 18572
f 18766 18767 18768
f 18765 18769 18770
f 18765 18770 18572
f 18574 18771 18576
f 18772 18773 18774
f 18771 18775 18776
f 18771 18776 18576
f 18578 18777 18580
f 18778 18779 18780
f 18777 18781 18782
f 18777 18782 18580
f 18582 18783 18584
f 18784 18785 18786
f 18787 18788 18789
f 18783 18790 18791
f 18792 18793 18794
f 18795 18796 18797
f 18797 18796 18798
f 18799 18800 18801
f 18802 18803 18804
f 18805 18806 18807
f 18808 18809 18810
f 18811 18812 18813
f 18814 18815 18816
f 18817 18818 18819
f 18820 18821 18822
f 18823 18824 18825
f 18826 18827 18828
f 18829 18830 18831
f 18832 18833 18834
f 18835 18836 18837
f 18837 18836 18608
f 18837 18608 18606
f 18838 18839 18840
f 18841 18842 18843
f 18844 18845 18846
f 18847 18848 18849
f 18850 18851 18852
f 18853 18854 18855
f 18856 18857 18858
f 18859 18860 18861
f 18862 18863 18864
f 18865 18866 18867
f 18868 18869 18870
f 18870 18869 18871
f 18872 18873 18874
f 18875 18876 18877
f 18878 18879 18880
f 18710 18660 18658
f 18678 18677 18656
f 18678 18656 18654
f 18687 18686 18652
f 18687 18652 18650
f 18693 18692 18648
f 18693 18648 18646
f 18697 18696 18644
f 18697 18644 18642
f 18878 18880 18640
f 18878 18640 18638
f 18872 18874 18636
f 18872 18636 18634
f 18868 18870 18632
f 18868 18632 18630
f 18862 18864 18628
f 18862 18628 18626
f 18856 18858 18624
f 18856 18624 18622
f 18850 18852 18620
f 18850 18620 18618
f 18846 18616 18614
f 18844 18846 18614
f 18838 18840 18612
f 18838 18612 18610
f 18820 18822 18604
f 18820 18604 18602
f 18814 18816 18600
f 18814 18600 18598
f 18808 18810 18596
f 18808 18596 18594
f 18802 18804 18592
f 18802 18592 18590
f 18795 18797 18588
f 18795 18588 18586
f 18783 18791 18584

