# https://github.com/mikedh/trimesh

o dip_2-mesh
v 0.07921875 -0.01142090 0.03510756
v 0.07921875 -0.01193848 0.03356459
v 0.07921875 -0.01056152 0.03352553
v 0.07921875 -0.01229980 0.03190444
v 0.07921875 -0.00947754 0.03204116
v 0.07921875 -0.01248535 0.03022475
v 0.07921875 -0.00825684 0.03081069
v 0.07921875 -0.01247559 0.02862319
v 0.07921875 -0.00679199 0.02971694
v 0.07921875 -0.01228027 0.02694350
v 0.07921875 -0.01190918 0.02526381
v 0.07921875 -0.00520996 0.02881850
v 0.07921875 -0.01140137 0.02372084
v 0.07921875 -0.00356934 0.02821303
v 0.07921875 -0.01068848 0.02223647
v 0.07921875 -0.00979004 0.02077163
v 0.07921875 -0.00177246 0.02782241
v 0.07921875 -0.00877442 0.01946303
v 0.07921875 -0.00761231 0.01833022
v 0.07921875 -0.00625488 0.01729506
v 0.07921875 -0.00000488 0.02768569
v 0.07921875 -0.00481934 0.01645522
v 0.07921875 -0.00330566 0.01586928
v 0.07921875 -0.00164551 0.01549819
v 0.07921875 -0.00000488 0.01536147
v 0.07921875 0.00163574 0.01549819
v 0.07921875 0.00329590 0.01586928
v 0.07921875 0.00480957 0.01645522
v 0.07921875 0.00625488 0.01729506
v 0.07921875 0.00177246 0.02782241
v 0.07921875 0.00761231 0.01833022
v 0.07921875 0.00877442 0.01946303
v 0.07921875 0.00979004 0.02077163
v 0.07921875 0.00356934 0.02821303
v 0.07921875 0.01067871 0.02223647
v 0.07921875 0.01139160 0.02372084
v 0.07921875 0.00520996 0.02881850
v 0.07921875 0.01190918 0.02526381
v 0.07921875 0.00679199 0.02971694
v 0.07921875 0.01227051 0.02694350
v 0.07921875 0.01246582 0.02862319
v 0.07921875 0.00824707 0.03081069
v 0.07921875 0.01247559 0.03022475
v 0.07921875 0.00946777 0.03204116
v 0.07921875 0.01229004 0.03190444
v 0.07921875 0.01055176 0.03352553
v 0.07921875 0.01192871 0.03356459
v 0.07921875 0.01141113 0.03510756
v -0.00593750 -0.05499512 0.05336928
v -0.00359375 -0.05520019 0.05336928
v -0.00359375 -0.04920410 0.05336928
v -0.00109375 -0.05499512 0.05336928
v -0.00156250 -0.04898926 0.05336928
v 0.00140625 -0.05438965 0.05336928
v 0.00031250 -0.04837402 0.05336928
v 0.00359375 -0.05339355 0.05336928
v 0.00187500 -0.04736816 0.05336928
v 0.00562500 -0.05203613 0.05336928
v 0.00750000 -0.05036621 0.05336928
v 0.00328125 -0.04603027 0.05336928
v 0.00906250 -0.04840332 0.05336928
v 0.00437500 -0.04441894 0.05336928
v 0.01015625 -0.04622558 0.05336928
v 0.00515625 -0.04261230 0.05336928
v 0.01093750 -0.04388183 0.05336928
v 0.01140625 -0.04144043 0.05336928
v 0.00546875 -0.04068848 0.05336928
v 0.01140625 -0.03896973 0.05336928
v 0.00531250 -0.03874512 0.05336928
v 0.01093750 -0.03651855 0.05336928
v 0.00484375 -0.03687012 0.05336928
v 0.01015625 -0.03417480 0.05336928
v 0.00390625 -0.03515137 0.05336928
v 0.00906250 -0.03199707 0.05336928
v 0.00750000 -0.03004395 0.05336928
v 0.00265625 -0.03366699 0.05336928
v 0.00562500 -0.02836426 0.05336928
v 0.00109375 -0.03249512 0.05336928
v 0.00359375 -0.02700684 0.05336928
v -0.00062500 -0.03167481 0.05336928
v 0.00140625 -0.02602051 0.05336928
v -0.00109375 -0.02540527 0.05336928
v -0.00250000 -0.03125488 0.05336928
v -0.00359375 -0.02520020 0.05336928
v -0.00453125 -0.03125488 0.05336928
v -0.00593750 -0.02540527 0.05336928
v -0.00640625 -0.03167481 0.05336928
v -0.00843750 -0.02602051 0.05336928
v -0.01062500 -0.02700684 0.05336928
v -0.00812500 -0.03249512 0.05336928
v -0.01281250 -0.02836426 0.05336928
v -0.00968750 -0.03366699 0.05336928
v -0.01453125 -0.03004395 0.05336928
v -0.01093750 -0.03515137 0.05336928
v -0.01609375 -0.03199707 0.05336928
v -0.01734375 -0.03417480 0.05336928
v -0.01187500 -0.03687012 0.05336928
v -0.01812500 -0.03651855 0.05336928
v -0.01234375 -0.03874512 0.05336928
v -0.01843750 -0.03896973 0.05336928
v -0.01250000 -0.04068848 0.05336928
v -0.01843750 -0.04144043 0.05336928
v -0.01218750 -0.04261230 0.05336928
v -0.01812500 -0.04388183 0.05336928
v -0.01734375 -0.04622558 0.05336928
v -0.01156250 -0.04441894 0.05336928
v -0.01609375 -0.04840332 0.05336928
v -0.01046875 -0.04603027 0.05336928
v -0.01453125 -0.05036621 0.05336928
v -0.00890625 -0.04736816 0.05336928
v -0.01281250 -0.05203613 0.05336928
v -0.01062500 -0.05339355 0.05336928
v -0.00734375 -0.04837402 0.05336928
v -0.00843750 -0.05438965 0.05336928
v -0.00546875 -0.04898926 0.05336928
v -0.01093750 0.02920410 0.06827162
v -0.00906250 0.02823731 0.06833023
v -0.01093750 0.02920410 0.05836928
v -0.01046875 0.02895020 0.05336928
v -0.01093750 0.02920410 0.05836928
v -0.01046875 0.02895020 0.05336928
v -0.01265625 0.03030762 0.05336928
v -0.01046875 0.02895020 0.05336928
v -0.00906250 0.02823731 0.06833023
v -0.00828125 0.02795410 0.05336928
v -0.00828125 0.02795410 0.05336928
v -0.00906250 0.02823731 0.06833023
v -0.00703125 0.02757324 0.06834975
v -0.00828125 0.02795410 0.05336928
v -0.00703125 0.02757324 0.06834975
v -0.00593750 0.02734863 0.05336928
v -0.00593750 0.02734863 0.05336928
v -0.00703125 0.02757324 0.06834975
v -0.00484375 0.02721191 0.06836928
v -0.00593750 0.02734863 0.05336928
v -0.00484375 0.02721191 0.06836928
v -0.00343750 0.02714356 0.05336928
v -0.00343750 0.02714356 0.05336928
v -0.00484375 0.02721191 0.06836928
v -0.00281250 0.02715332 0.06836928
v -0.00343750 0.02714356 0.05336928
v -0.00281250 0.02715332 0.06836928
v -0.00093750 0.02734863 0.05336928
v -0.00093750 0.02734863 0.05336928
v -0.00281250 0.02715332 0.06836928
v -0.00062500 0.02739746 0.06834975
v -0.00093750 0.02734863 0.05336928
v -0.00062500 0.02739746 0.06834975
v 0.00140625 0.02795410 0.05336928
v 0.00140625 0.02795410 0.05336928
v -0.00062500 0.02739746 0.06834975
v 0.00140625 0.02794434 0.06833023
v 0.00140625 0.02795410 0.05336928
v 0.00140625 0.02794434 0.06833023
v 0.00343750 0.02878418 0.06829116
v 0.00140625 0.02795410 0.05336928
v 0.00343750 0.02878418 0.06829116
v 0.00375000 0.02895020 0.05336928
v 0.00375000 0.02895020 0.05336928
v 0.00343750 0.02878418 0.06829116
v 0.00531250 0.02990723 0.06821303
v 0.00375000 0.02895020 0.05336928
v 0.00531250 0.02990723 0.06821303
v 0.00578125 0.03030762 0.05336928
v 0.00578125 0.03030762 0.05336928
v 0.00531250 0.02990723 0.06821303
v 0.00687500 0.03124512 0.06809584
v 0.00578125 0.03030762 0.05336928
v 0.00687500 0.03124512 0.06809584
v 0.00765625 0.03197754 0.05336928
v 0.00765625 0.03197754 0.05336928
v 0.00687500 0.03124512 0.06809584
v 0.00828125 0.03276855 0.06792006
v 0.00765625 0.03197754 0.05336928
v 0.00828125 0.03276855 0.06792006
v 0.00921875 0.03394043 0.05336928
v 0.00921875 0.03394043 0.05336928
v 0.00828125 0.03276855 0.06792006
v 0.00953125 0.03451660 0.06764662
v 0.00921875 0.03394043 0.05336928
v 0.00953125 0.03451660 0.06764662
v 0.01031250 0.03611816 0.05336928
v 0.01031250 0.03611816 0.05336928
v 0.00953125 0.03451660 0.06764662
v 0.01046875 0.03643066 0.06727553
v 0.01031250 0.03611816 0.05336928
v 0.01046875 0.03643066 0.06727553
v 0.01109375 0.03846191 0.05336928
v 0.01109375 0.03846191 0.05336928
v 0.01046875 0.03643066 0.06727553
v 0.01109375 0.03845215 0.06680678
v 0.01109375 0.03846191 0.05336928
v 0.01109375 0.03845215 0.06680678
v 0.01156250 0.04048340 0.06622084
v 0.01109375 0.03846191 0.05336928
v 0.01156250 0.04048340 0.06622084
v 0.01156250 0.04090332 0.05336928
v 0.01156250 0.04090332 0.05336928
v 0.01156250 0.04048340 0.06622084
v 0.01156250 0.04246582 0.06557631
v 0.01156250 0.04338379 0.05336928
v 0.01156250 0.04338379 0.05336928
v 0.01156250 0.04246582 0.06557631
v 0.01140625 0.04442871 0.06485366
v 0.01156250 0.04338379 0.05336928
v 0.01140625 0.04442871 0.06485366
v 0.01109375 0.04582519 0.05336928
v 0.01109375 0.04582519 0.05336928
v 0.01140625 0.04442871 0.06485366
v 0.01093750 0.04637207 0.06403334
v 0.01109375 0.04582519 0.05336928
v 0.01093750 0.04637207 0.06403334
v 0.01031250 0.04816894 0.05336928
v 0.01031250 0.04824707 0.06315444
v 0.01031250 0.04816894 0.05336928
v 0.01031250 0.04824707 0.06315444
v 0.00937500 0.05000488 0.06223647
v 0.01031250 0.04816894 0.05336928
v 0.00937500 0.05000488 0.06223647
v 0.00921875 0.05034668 0.05336928
v 0.00921875 0.05034668 0.05336928
v 0.00937500 0.05000488 0.06223647
v 0.00828125 0.05159668 0.06131850
v 0.00921875 0.05034668 0.05336928
v 0.00828125 0.05159668 0.06131850
v 0.00765625 0.05229980 0.05336928
v 0.00765625 0.05229980 0.05336928
v 0.00828125 0.05159668 0.06131850
v 0.00703125 0.05299316 0.06045912
v 0.00765625 0.05229980 0.05336928
v 0.00703125 0.05299316 0.06045912
v 0.00578125 0.05397949 0.05336928
v 0.00578125 0.05397949 0.05336928
v 0.00703125 0.05299316 0.06045912
v 0.00546875 0.05423340 0.05963881
v 0.00578125 0.05397949 0.05336928
v 0.00546875 0.05423340 0.05963881
v 0.00375000 0.05533691 0.05336928
v 0.00375000 0.05533691 0.05336928
v 0.00546875 0.05423340 0.05963881
v 0.00375000 0.05531738 0.05887709
v 0.00375000 0.05533691 0.05336928
v 0.00375000 0.05531738 0.05887709
v 0.00187500 0.05617676 0.05823256
v 0.00375000 0.05533691 0.05336928
v 0.00187500 0.05617676 0.05823256
v 0.00140625 0.05632324 0.05336928
v 0.00140625 0.05632324 0.05336928
v 0.00187500 0.05617676 0.05823256
v -0.00015625 0.05677246 0.05778334
v 0.00140625 0.05632324 0.05336928
v -0.00015625 0.05677246 0.05778334
v -0.00093750 0.05693848 0.05336928
v -0.00093750 0.05693848 0.05336928
v -0.00015625 0.05677246 0.05778334
v -0.00218750 0.05709473 0.05752944
v -0.00093750 0.05693848 0.05336928
v -0.00218750 0.05709473 0.05752944
v -0.00343750 0.05714355 0.05336928
v -0.00343750 0.05714355 0.05336928
v -0.00218750 0.05709473 0.05752944
v -0.00421875 0.05711426 0.05750991
v -0.00343750 0.05714355 0.05336928
v -0.00421875 0.05711426 0.05750991
v -0.00593750 0.05693848 0.05336928
v -0.00593750 0.05693848 0.05336928
v -0.00421875 0.05711426 0.05750991
v -0.00640625 0.05684082 0.05772475
v -0.00593750 0.05693848 0.05336928
v -0.00640625 0.05684082 0.05772475
v -0.00828125 0.05632324 0.05336928
v -0.00828125 0.05632324 0.05336928
v -0.00640625 0.05684082 0.05772475
v -0.00843750 0.05629394 0.05815444
v -0.00828125 0.05632324 0.05336928
v -0.00843750 0.05629394 0.05815444
v -0.01031250 0.05547363 0.05875991
v -0.00828125 0.05632324 0.05336928
v -0.01031250 0.05547363 0.05875991
v -0.01046875 0.05533691 0.05336928
v -0.01046875 0.05533691 0.05336928
v -0.01031250 0.05547363 0.05875991
v -0.01203125 0.05441894 0.05950209
v -0.01265625 0.05397949 0.05336928
v -0.01265625 0.05397949 0.05336928
v -0.01203125 0.05441894 0.05950209
v -0.01359375 0.05319824 0.05836928
v -0.01265625 0.05397949 0.05336928
v -0.01359375 0.05319824 0.05836928
v -0.01437500 0.05229980 0.05336928
v -0.01437500 0.05229980 0.05336928
v -0.01359375 0.05319824 0.05836928
v -0.01515625 0.05148926 0.05836928
v -0.01437500 0.05229980 0.05336928
v -0.01515625 0.05148926 0.05836928
v -0.01593750 0.05034668 0.05336928
v -0.01593750 0.05034668 0.05336928
v -0.01515625 0.05148926 0.05836928
v -0.01640625 0.04955566 0.05836928
v -0.01593750 0.05034668 0.05336928
v -0.01640625 0.04955566 0.05836928
v -0.01718750 0.04816894 0.05336928
v -0.01718750 0.04816894 0.05336928
v -0.01640625 0.04955566 0.05836928
v -0.01750000 0.04744629 0.05836928
v -0.01718750 0.04816894 0.05336928
v -0.01750000 0.04744629 0.05836928
v -0.01796875 0.04582519 0.05336928
v -0.01796875 0.04582519 0.05336928
v -0.01750000 0.04744629 0.05836928
v -0.01812500 0.04520019 0.05836928
v -0.01796875 0.04582519 0.05336928
v -0.01812500 0.04520019 0.05836928
v -0.01828125 0.04338379 0.05336928
v -0.01828125 0.04338379 0.05336928
v -0.01812500 0.04520019 0.05836928
v -0.01828125 0.04318848 0.06836928
v -0.01843750 0.04116699 0.06836928
v -0.01203125 0.05441894 0.05950209
v -0.01359375 0.05319824 0.06032241
v -0.01359375 0.05319824 0.05836928
v -0.01812500 0.04520019 0.06836928
v -0.01828125 0.04338379 0.05336928
v -0.01843750 0.04116699 0.06836928
v -0.01828125 0.04090332 0.05336928
v -0.01828125 0.04090332 0.05336928
v -0.01843750 0.04116699 0.06836928
v -0.01812500 0.03915527 0.06836928
v -0.01828125 0.04090332 0.05336928
v -0.01812500 0.03915527 0.06836928
v -0.01796875 0.03846191 0.05336928
v -0.01796875 0.03846191 0.05336928
v -0.01812500 0.03915527 0.06836928
v -0.01750000 0.03720215 0.06836928
v -0.01796875 0.03846191 0.05336928
v -0.01750000 0.03720215 0.06836928
v -0.01750000 0.03720215 0.05836928
v -0.01796875 0.03846191 0.05336928
v -0.01750000 0.03720215 0.05836928
v -0.01718750 0.03611816 0.05336928
v -0.01718750 0.03611816 0.05336928
v -0.01750000 0.03720215 0.05836928
v -0.01671875 0.03525879 0.05836928
v -0.01718750 0.03611816 0.05336928
v -0.01671875 0.03525879 0.05836928
v -0.01593750 0.03394043 0.05336928
v -0.01593750 0.03394043 0.05336928
v -0.01671875 0.03525879 0.05836928
v -0.01562500 0.03345215 0.05836928
v -0.01593750 0.03394043 0.05336928
v -0.01562500 0.03345215 0.05836928
v -0.01437500 0.03197754 0.05336928
v -0.01437500 0.03197754 0.05336928
v -0.01562500 0.03345215 0.05836928
v -0.01421875 0.03182129 0.05836928
v -0.01437500 0.03197754 0.05336928
v -0.01421875 0.03182129 0.05836928
v -0.01265625 0.03030762 0.05336928
v -0.01265625 0.03030762 0.05336928
v -0.01421875 0.03182129 0.05836928
v -0.01265625 0.03039551 0.05836928
v -0.01265625 0.03030762 0.05336928
v -0.01265625 0.03039551 0.05836928
v -0.01093750 0.02920410 0.05836928
v -0.00593750 0.02734863 0.05336928
v -0.00343750 0.02714356 0.05336928
v -0.00343750 0.03313965 0.05336928
v -0.00093750 0.02734863 0.05336928
v -0.00140625 0.03335449 0.05336928
v 0.00140625 0.02795410 0.05336928
v 0.00031250 0.03396973 0.05336928
v 0.00375000 0.02895020 0.05336928
v 0.00203125 0.03497558 0.05336928
v 0.00578125 0.03030762 0.05336928
v 0.00765625 0.03197754 0.05336928
v 0.00343750 0.03631348 0.05336928
v 0.00921875 0.03394043 0.05336928
v 0.00453125 0.03792480 0.05336928
v 0.01031250 0.03611816 0.05336928
v 0.00531250 0.03973144 0.05336928
v 0.01109375 0.03846191 0.05336928
v 0.01156250 0.04090332 0.05336928
v 0.00562500 0.04165527 0.05336928
v 0.01156250 0.04338379 0.05336928
v 0.00546875 0.04359863 0.05336928
v 0.01109375 0.04582519 0.05336928
v 0.00500000 0.04547363 0.05336928
v 0.01031250 0.04816894 0.05336928
v 0.00406250 0.04719238 0.05336928
v 0.00921875 0.05034668 0.05336928
v 0.00765625 0.05229980 0.05336928
v 0.00281250 0.04867676 0.05336928
v 0.00578125 0.05397949 0.05336928
v 0.00125000 0.04984863 0.05336928
v 0.00375000 0.05533691 0.05336928
v -0.00046875 0.05066894 0.05336928
v 0.00140625 0.05632324 0.05336928
v -0.00093750 0.05693848 0.05336928
v -0.00234375 0.05108887 0.05336928
v -0.00343750 0.05714355 0.05336928
v -0.00437500 0.05108887 0.05336928
v -0.00593750 0.05693848 0.05336928
v -0.00625000 0.05066894 0.05336928
v -0.00828125 0.05632324 0.05336928
v -0.01046875 0.05533691 0.05336928
v -0.00796875 0.04984863 0.05336928
v -0.01265625 0.05397949 0.05336928
v -0.00953125 0.04867676 0.05336928
v -0.01437500 0.05229980 0.05336928
v -0.01078125 0.04719238 0.05336928
v -0.01593750 0.05034668 0.05336928
v -0.01718750 0.04816894 0.05336928
v -0.01171875 0.04547363 0.05336928
v -0.01796875 0.04582519 0.05336928
v -0.01234375 0.04359863 0.05336928
v -0.01828125 0.04338379 0.05336928
v -0.01234375 0.04165527 0.05336928
v -0.01828125 0.04090332 0.05336928
v -0.01203125 0.03973144 0.05336928
v -0.01796875 0.03846191 0.05336928
v -0.01718750 0.03611816 0.05336928
v -0.01140625 0.03792480 0.05336928
v -0.01593750 0.03394043 0.05336928
v -0.01031250 0.03631348 0.05336928
v -0.01437500 0.03197754 0.05336928
v -0.00890625 0.03497558 0.05336928
v -0.01265625 0.03030762 0.05336928
v -0.01046875 0.02895020 0.05336928
v -0.00718750 0.03396973 0.05336928
v -0.00828125 0.02795410 0.05336928
v -0.00531250 0.03335449 0.05336928
v -0.01812500 0.04520019 0.06836928
v -0.03437500 0.04520019 0.06836928
v -0.01828125 0.04318848 0.06836928
v -0.01843750 0.04116699 0.06836928
v -0.03437500 0.03720215 0.06836928
v -0.01812500 0.03915527 0.06836928
v -0.01750000 0.03720215 0.06836928
v -0.01781250 -0.04479980 0.06836928
v -0.01828125 -0.04283691 0.06836928
v -0.03437500 -0.04479980 0.06836928
v -0.01859375 -0.04082519 0.06836928
v -0.03437500 -0.03680176 0.06836928
v -0.01843750 -0.03879394 0.06836928
v -0.01812500 -0.03680176 0.06836928
v -0.03437500 0.04520019 -0.06836901
v -0.03437500 0.03720215 -0.06836901
v -0.03921875 0.04520019 -0.06563463
v -0.03921875 0.03720215 -0.06563463
v -0.03921875 0.04520019 -0.06563463
v -0.03921875 0.03720215 -0.06563463
v -0.04390625 0.04520019 -0.06254869
v -0.04390625 0.03720215 -0.06254869
v -0.04390625 0.04520019 -0.06254869
v -0.04390625 0.03720215 -0.06254869
v -0.04843750 0.04520019 -0.05911119
v -0.04843750 0.03720215 -0.05911119
v -0.04843750 0.04520019 -0.05911119
v -0.04843750 0.03720215 -0.05911119
v -0.05265625 0.04520019 -0.05536119
v -0.05265625 0.03720215 -0.05536119
v -0.05265625 0.04520019 -0.05536119
v -0.05265625 0.03720215 -0.05536119
v -0.05656250 0.04520019 -0.05133775
v -0.05656250 0.03720215 -0.05133775
v -0.05656250 0.04520019 -0.05133775
v -0.05656250 0.03720215 -0.05133775
v -0.06015625 0.04520019 -0.04702134
v -0.06015625 0.03720215 -0.04702134
v -0.06015625 0.04520019 -0.04702134
v -0.06015625 0.03720215 -0.04702134
v -0.06343750 0.04520019 -0.04245103
v -0.06343750 0.03720215 -0.04245103
v -0.06343750 0.04520019 -0.04245103
v -0.06343750 0.03720215 -0.04245103
v -0.06640625 0.04520019 -0.03764634
v -0.06640625 0.03720215 -0.03764634
v -0.06640625 0.04520019 -0.03764634
v -0.06640625 0.03720215 -0.03764634
v -0.06890625 0.04520019 -0.03264634
v -0.06890625 0.03720215 -0.03264634
v -0.06890625 0.04520019 -0.03264634
v -0.06890625 0.03720215 -0.03264634
v -0.07109375 0.04520019 -0.02749009
v -0.07109375 0.03720215 -0.02749009
v -0.07109375 0.04520019 -0.02749009
v -0.07109375 0.03720215 -0.02749009
v -0.07296875 0.04520019 -0.02215806
v -0.07296875 0.03720215 -0.02215806
v -0.07296875 0.04520019 -0.02215806
v -0.07296875 0.03720215 -0.02215806
v -0.07437500 0.04520019 -0.01672838
v -0.07437500 0.03720215 -0.01672838
v -0.07437500 0.04520019 -0.01672838
v -0.07437500 0.03720215 -0.01672838
v -0.07531250 0.04520019 -0.01120103
v -0.07531250 0.03720215 -0.01120103
v -0.07531250 0.04520019 -0.01120103
v -0.07531250 0.03720215 -0.01120103
v -0.07593750 0.04520019 -0.00561509
v -0.07593750 0.03720215 -0.00561509
v -0.07593750 0.04520019 -0.00561509
v -0.07593750 0.03720215 -0.00561509
v -0.07625000 0.04520019 0.00000991
v -0.07625000 0.03720215 0.00000991
v -0.07625000 0.04520019 0.00000991
v -0.07625000 0.03720215 0.00000991
v -0.07593750 0.04520019 0.00561538
v -0.07593750 0.03720215 0.00561538
v -0.07593750 0.04520019 0.00561538
v -0.07593750 0.03720215 0.00561538
v -0.07531250 0.04520019 0.01120131
v -0.07531250 0.03720215 0.01120131
v -0.07531250 0.04520019 0.01120131
v -0.07531250 0.03720215 0.01120131
v -0.07437500 0.04520019 0.01672866
v -0.07437500 0.03720215 0.01672866
v -0.07437500 0.04520019 0.01672866
v -0.07437500 0.03720215 0.01672866
v -0.07296875 0.04520019 0.02215834
v -0.07296875 0.03720215 0.02215834
v -0.07296875 0.04520019 0.02215834
v -0.07296875 0.03720215 0.02215834
v -0.07109375 0.04520019 0.02749038
v -0.07109375 0.03720215 0.02749038
v -0.07109375 0.04520019 0.02749038
v -0.07109375 0.03720215 0.02749038
v -0.06890625 0.04520019 0.03266616
v -0.06890625 0.03720215 0.03266616
v -0.06890625 0.04520019 0.03266616
v -0.06890625 0.03720215 0.03266616
v -0.06640625 0.04520019 0.03764662
v -0.06640625 0.03720215 0.03764662
v -0.06640625 0.04520019 0.03764662
v -0.06640625 0.03720215 0.03764662
v -0.06343750 0.04520019 0.04245131
v -0.06343750 0.03720215 0.04245131
v -0.06343750 0.04520019 0.04245131
v -0.06343750 0.03720215 0.04245131
v -0.06015625 0.04520019 0.04702162
v -0.06015625 0.03720215 0.04702162
v -0.06015625 0.04520019 0.04702162
v -0.06015625 0.03720215 0.04702162
v -0.05656250 0.04520019 0.05133803
v -0.05656250 0.03720215 0.05133803
v -0.05656250 0.04520019 0.05133803
v -0.05656250 0.03720215 0.05133803
v -0.05265625 0.04520019 0.05536147
v -0.05265625 0.03720215 0.05536147
v -0.05265625 0.04520019 0.05536147
v -0.05265625 0.03720215 0.05536147
v -0.04843750 0.04520019 0.05911147
v -0.04843750 0.03720215 0.05911147
v -0.04843750 0.04520019 0.05911147
v -0.04843750 0.03720215 0.05911147
v -0.04390625 0.04520019 0.06254897
v -0.04390625 0.03720215 0.06254897
v -0.04390625 0.04520019 0.06254897
v -0.04390625 0.03720215 0.06254897
v -0.03921875 0.04520019 0.06563491
v -0.03921875 0.03720215 0.06563491
v -0.03921875 0.04520019 0.06563491
v -0.03921875 0.03720215 0.06563491
v -0.03437500 0.04520019 0.06836928
v -0.03437500 0.03720215 0.06836928
v -0.01187500 0.04520019 -0.06836901
v -0.01234375 0.04358887 -0.06836901
v -0.03437500 0.04520019 -0.06836901
v -0.01234375 0.04191894 -0.06836901
v -0.03437500 0.03720215 -0.06836901
v -0.01218750 0.04026855 -0.06836901
v -0.01171875 0.03867676 -0.06836901
v -0.01093750 0.03720215 -0.06836901
v -0.01125000 -0.04479980 -0.06836901
v -0.03437500 -0.04479980 -0.06836901
v -0.01203125 -0.04329590 -0.06836901
v -0.01234375 -0.04169433 -0.06836901
v -0.01250000 -0.04003418 -0.06836901
v -0.03437500 -0.03680176 -0.06836901
v -0.01234375 -0.03838379 -0.06836901
v -0.01187500 -0.03680176 -0.06836901
v -0.01328125 -0.02880371 0.05836928
v -0.03187500 -0.02880371 0.05836928
v -0.01500000 -0.03048340 0.05836928
v -0.01640625 -0.03240723 0.05836928
v -0.01734375 -0.03453613 0.05836928
v -0.03187500 -0.03680176 0.05836928
v -0.01812500 -0.03680176 0.05836928
v -0.03187500 -0.03680176 0.05836928
v -0.03187500 -0.02880371 0.05836928
v -0.03640625 -0.03680176 0.05563491
v -0.03640625 -0.02880371 0.05563491
v -0.03640625 -0.03680176 0.05563491
v -0.03640625 -0.02880371 0.05563491
v -0.04062500 -0.03680176 0.05256850
v -0.04062500 -0.02880371 0.05256850
v -0.04062500 -0.03680176 0.05256850
v -0.04062500 -0.02880371 0.05256850
v -0.04468750 -0.03680176 0.04915053
v -0.04468750 -0.02880371 0.04915053
v -0.04468750 -0.03680176 0.04915053
v -0.04468750 -0.02880371 0.04915053
v -0.04843750 -0.03680176 0.04543959
v -0.04843750 -0.02880371 0.04543959
v -0.04843750 -0.03680176 0.04543959
v -0.04843750 -0.02880371 0.04543959
v -0.05171875 -0.03680176 0.04145522
v -0.05171875 -0.02880371 0.04145522
v -0.05171875 -0.03680176 0.04145522
v -0.05171875 -0.02880371 0.04145522
v -0.05484375 -0.03680176 0.03719741
v -0.05484375 -0.02880371 0.03719741
v -0.05484375 -0.03680176 0.03719741
v -0.05484375 -0.02880371 0.03719741
v -0.05765625 -0.03680176 0.03272475
v -0.05765625 -0.02880371 0.03272475
v -0.05765625 -0.03680176 0.03272475
v -0.05765625 -0.02880371 0.03272475
v -0.06000000 -0.03680176 0.02803725
v -0.06000000 -0.02880371 0.02803725
v -0.06000000 -0.03680176 0.02803725
v -0.06000000 -0.02880371 0.02803725
v -0.06203125 -0.03680176 0.02317397
v -0.06203125 -0.02880371 0.02317397
v -0.06203125 -0.03680176 0.02317397
v -0.06203125 -0.02880371 0.02317397
v -0.06375000 -0.03680176 0.01817397
v -0.06375000 -0.02880371 0.01817397
v -0.06375000 -0.03680176 0.01817397
v -0.06375000 -0.02880371 0.01817397
v -0.06484375 -0.03680176 0.01307631
v -0.06484375 -0.02880371 0.01307631
v -0.06484375 -0.03680176 0.01307631
v -0.06484375 -0.02880371 0.01307631
v -0.06578125 -0.03680176 0.00788100
v -0.06578125 -0.02880371 0.00788100
v -0.06578125 -0.03680176 0.00788100
v -0.06578125 -0.02880371 0.00788100
v -0.06609375 -0.03680176 0.00262709
v -0.06609375 -0.02880371 0.00262709
v -0.06609375 -0.03680176 0.00262709
v -0.06609375 -0.02880371 0.00262709
v -0.06609375 -0.03680176 -0.00262681
v -0.06609375 -0.02880371 -0.00262681
v -0.06609375 -0.03680176 -0.00262681
v -0.06609375 -0.02880371 -0.00262681
v -0.06578125 -0.03680176 -0.00788072
v -0.06578125 -0.02880371 -0.00788072
v -0.06578125 -0.03680176 -0.00788072
v -0.06578125 -0.02880371 -0.00788072
v -0.06484375 -0.03680176 -0.01305650
v -0.06484375 -0.02880371 -0.01305650
v -0.06484375 -0.03680176 -0.01305650
v -0.06484375 -0.02880371 -0.01305650
v -0.06375000 -0.03680176 -0.01817369
v -0.06375000 -0.02880371 -0.01817369
v -0.06375000 -0.03680176 -0.01817369
v -0.06375000 -0.02880371 -0.01817369
v -0.06203125 -0.03680176 -0.02317369
v -0.06203125 -0.02880371 -0.02317369
v -0.06203125 -0.03680176 -0.02317369
v -0.06203125 -0.02880371 -0.02317369
v -0.06000000 -0.03680176 -0.02803697
v -0.06000000 -0.02880371 -0.02803697
v -0.06000000 -0.03680176 -0.02803697
v -0.06000000 -0.02880371 -0.02803697
v -0.05765625 -0.03680176 -0.03272447
v -0.05765625 -0.02880371 -0.03272447
v -0.05765625 -0.03680176 -0.03272447
v -0.05765625 -0.02880371 -0.03272447
v -0.05484375 -0.03680176 -0.03719712
v -0.05484375 -0.02880371 -0.03719712
v -0.05484375 -0.03680176 -0.03719712
v -0.05484375 -0.02880371 -0.03719712
v -0.05171875 -0.03680176 -0.04145494
v -0.05171875 -0.02880371 -0.04145494
v -0.05171875 -0.03680176 -0.04145494
v -0.05171875 -0.02880371 -0.04145494
v -0.04843750 -0.03680176 -0.04543931
v -0.04843750 -0.02880371 -0.04543931
v -0.04843750 -0.03680176 -0.04543931
v -0.04843750 -0.02880371 -0.04543931
v -0.04468750 -0.03680176 -0.04915025
v -0.04468750 -0.02880371 -0.04915025
v -0.04468750 -0.03680176 -0.04915025
v -0.04468750 -0.02880371 -0.04915025
v -0.04062500 -0.03680176 -0.05254869
v -0.04062500 -0.02880371 -0.05254869
v -0.04062500 -0.03680176 -0.05254869
v -0.04062500 -0.02880371 -0.05254869
v -0.03640625 -0.03680176 -0.05563462
v -0.03640625 -0.02880371 -0.05563462
v -0.03640625 -0.03680176 -0.05563462
v -0.03640625 -0.02880371 -0.05563462
v -0.03187500 -0.03680176 -0.05836900
v -0.03187500 -0.02880371 -0.05836900
v -0.03187500 -0.03680176 -0.05836900
v -0.03187500 -0.02880371 -0.05836900
v -0.01187500 -0.03680176 -0.05836900
v -0.02140625 -0.01250488 -0.05836900
v -0.02015625 -0.01243652 -0.05836900
v -0.04937500 -0.02880371 -0.05836900
v -0.03187500 -0.00694824 -0.05836900
v -0.03109375 -0.00796387 -0.05836900
v -0.03031250 -0.00885254 -0.05836900
v -0.04937500 0.02920410 -0.05836900
v -0.03390625 -0.00000488 -0.05836900
v -0.03390625 -0.00120606 -0.05836900
v -0.03375000 -0.00244629 -0.05836900
v -0.03187500 0.02920410 -0.05836900
v -0.03187500 0.00694824 -0.05836900
v -0.03250000 0.00587402 -0.05836900
v -0.03296875 0.00479004 -0.05836900
v -0.03187500 0.03720215 -0.05836900
v -0.01093750 0.03720215 -0.05836900
v -0.02140625 0.01249512 -0.05836900
v -0.02265625 0.01243652 -0.05836900
v -0.00984375 0.03579590 -0.05836900
v -0.01890625 0.01224121 -0.05836900
v -0.02015625 0.01242676 -0.05836900
v -0.00843750 0.03465332 -0.05836900
v -0.01656250 0.01154785 -0.05836900
v -0.01781250 0.01194824 -0.05836900
v -0.00671875 0.03380371 -0.05836900
v -0.01453125 0.01038574 -0.05836900
v -0.01546875 0.01103027 -0.05836900
v -0.00500000 0.03329590 -0.05836900
v -0.01250000 0.00884277 -0.05836900
v -0.01343750 0.00964356 -0.05836900
v -0.01171875 0.00795410 -0.05836900
v -0.00328125 0.03313965 -0.05836900
v -0.01093750 0.00694824 -0.05836900
v -0.01031250 0.00587402 -0.05836900
v -0.00140625 0.03335449 -0.05836900
v -0.00984375 0.00479004 -0.05836900
v 0.00031250 0.03391113 -0.05836900
v -0.00937500 0.00365723 -0.05836900
v -0.00906250 0.00243652 -0.05836900
v 0.00187500 0.03480957 -0.05836900
v -0.00890625 0.00119629 -0.05836900
v 0.00312500 0.03600098 -0.05836900
v -0.00890625 -0.00000488 -0.05836900
v 0.00312500 -0.03421387 -0.05836900
v -0.00890625 -0.00120606 -0.05836900
v 0.00187500 -0.03298340 -0.05836900
v -0.00906250 -0.00244629 -0.05836900
v 0.00031250 -0.03205566 -0.05836900
v -0.00937500 -0.00365723 -0.05836900
v -0.00984375 -0.00479004 -0.05836900
v -0.00140625 -0.03145020 -0.05836900
v -0.01031250 -0.00587402 -0.05836900
v -0.00328125 -0.03120606 -0.05836900
v -0.01093750 -0.00694824 -0.05836900
v -0.01171875 -0.00795410 -0.05836900
v -0.00500000 -0.03133301 -0.05836900
v -0.01250000 -0.00885254 -0.05836900
v -0.00687500 -0.03182129 -0.05836900
v -0.01343750 -0.00965332 -0.05836900
v -0.01453125 -0.01038574 -0.05836900
v -0.00843750 -0.03265137 -0.05836900
v -0.01546875 -0.01104004 -0.05836900
v -0.01656250 -0.01155762 -0.05836900
v -0.00984375 -0.03379394 -0.05836900
v -0.01781250 -0.01194824 -0.05836900
v -0.01093750 -0.03519043 -0.05836900
v -0.01890625 -0.01225098 -0.05836900
v -0.03343750 -0.00365723 -0.05836900
v -0.03296875 -0.00479004 -0.05836900
v -0.03250000 -0.00587402 -0.05836900
v -0.02937500 -0.00965332 -0.05836900
v -0.02843750 -0.01039551 -0.05836900
v -0.02734375 -0.01104004 -0.05836900
v -0.02625000 -0.01155762 -0.05836900
v -0.02500000 -0.01194824 -0.05836900
v -0.02390625 -0.01225098 -0.05836900
v -0.02265625 -0.01243652 -0.05836900
v -0.02390625 0.01224121 -0.05836900
v -0.02500000 0.01194824 -0.05836900
v -0.02625000 0.01154785 -0.05836900
v -0.02734375 0.01103027 -0.05836900
v -0.02843750 0.01038574 -0.05836900
v -0.02937500 0.00964356 -0.05836900
v -0.03031250 0.00884277 -0.05836900
v -0.03109375 0.00795410 -0.05836900
v -0.03343750 0.00365723 -0.05836900
v -0.03375000 0.00243652 -0.05836900
v -0.03390625 0.00119629 -0.05836900
v -0.01093750 0.03720215 -0.05836900
v -0.03187500 0.03720215 -0.05836900
v -0.01093750 0.03720215 -0.06836901
v -0.03437500 0.03720215 -0.06836901
v -0.03640625 0.03720215 -0.05563462
v -0.03921875 0.03720215 -0.06563463
v -0.04062500 0.03720215 -0.05254869
v -0.04390625 0.03720215 -0.06254869
v -0.04468750 0.03720215 -0.04915025
v -0.04843750 0.03720215 -0.05911119
v -0.04843750 0.03720215 -0.04543931
v -0.05265625 0.03720215 -0.05536119
v -0.05171875 0.03720215 -0.04145494
v -0.05656250 0.03720215 -0.05133775
v -0.05484375 0.03720215 -0.03719712
v -0.06015625 0.03720215 -0.04702134
v -0.05765625 0.03720215 -0.03272447
v -0.06343750 0.03720215 -0.04245103
v -0.06000000 0.03720215 -0.02803697
v -0.06640625 0.03720215 -0.03764634
v -0.06203125 0.03720215 -0.02317369
v -0.06890625 0.03720215 -0.03264634
v -0.06375000 0.03720215 -0.01817369
v -0.07109375 0.03720215 -0.02749009
v -0.06484375 0.03720215 -0.01305650
v -0.07296875 0.03720215 -0.02215806
v -0.07437500 0.03720215 -0.01672838
v -0.06578125 0.03720215 -0.00788072
v -0.07531250 0.03720215 -0.01120103
v -0.06609375 0.03720215 -0.00262681
v -0.07593750 0.03720215 -0.00561509
v -0.07625000 0.03720215 0.00000991
v -0.06609375 0.03720215 0.00262709
v -0.07593750 0.03720215 0.00561538
v -0.07531250 0.03720215 0.01120131
v -0.06578125 0.03720215 0.00788100
v -0.07437500 0.03720215 0.01672866
v -0.06484375 0.03720215 0.01307631
v -0.07296875 0.03720215 0.02215834
v -0.07109375 0.03720215 0.02749038
v -0.06375000 0.03720215 0.01817397
v -0.06890625 0.03720215 0.03266616
v -0.06203125 0.03720215 0.02317397
v -0.06640625 0.03720215 0.03764662
v -0.06000000 0.03720215 0.02803725
v -0.06343750 0.03720215 0.04245131
v -0.05765625 0.03720215 0.03272475
v -0.06015625 0.03720215 0.04702162
v -0.05484375 0.03720215 0.03719741
v -0.05656250 0.03720215 0.05133803
v -0.05171875 0.03720215 0.04145522
v -0.05265625 0.03720215 0.05536147
v -0.04843750 0.03720215 0.04543959
v -0.04843750 0.03720215 0.05911147
v -0.04468750 0.03720215 0.04915053
v -0.04390625 0.03720215 0.06254897
v -0.04062500 0.03720215 0.05256850
v -0.03921875 0.03720215 0.06563491
v -0.03640625 0.03720215 0.05563491
v -0.03437500 0.03720215 0.06836928
v -0.03187500 0.03720215 0.05836928
v -0.01750000 0.03720215 0.06836928
v -0.01750000 0.03720215 0.05836928
v -0.01750000 0.03720215 0.05836928
v -0.03187500 0.03720215 0.05836928
v -0.01671875 0.03525879 0.05836928
v -0.01562500 0.03345215 0.05836928
v -0.03187500 0.02920410 0.05836928
v -0.01421875 0.03182129 0.05836928
v -0.01265625 0.03039551 0.05836928
v -0.01093750 0.02920410 0.05836928
v -0.03187500 0.02920410 0.05836928
v -0.03187500 0.03720215 0.05836928
v -0.03640625 0.02920410 0.05563491
v -0.03640625 0.03720215 0.05563491
v -0.03640625 0.02920410 0.05563491
v -0.03640625 0.03720215 0.05563491
v -0.04062500 0.02920410 0.05256850
v -0.04062500 0.03720215 0.05256850
v -0.04062500 0.02920410 0.05256850
v -0.04062500 0.03720215 0.05256850
v -0.04468750 0.02920410 0.04915053
v -0.04468750 0.03720215 0.04915053
v -0.04468750 0.02920410 0.04915053
v -0.04468750 0.03720215 0.04915053
v -0.04843750 0.02920410 0.04543959
v -0.04843750 0.03720215 0.04543959
v -0.04843750 0.02920410 0.04543959
v -0.04843750 0.03720215 0.04543959
v -0.05171875 0.02920410 0.04145522
v -0.05171875 0.03720215 0.04145522
v -0.05171875 0.02920410 0.04145522
v -0.05171875 0.03720215 0.04145522
v -0.05484375 0.02920410 0.03719741
v -0.05484375 0.03720215 0.03719741
v -0.05484375 0.02920410 0.03719741
v -0.05484375 0.03720215 0.03719741
v -0.05765625 0.02920410 0.03272475
v -0.05765625 0.03720215 0.03272475
v -0.05765625 0.02920410 0.03272475
v -0.05765625 0.03720215 0.03272475
v -0.06000000 0.02920410 0.02803725
v -0.06000000 0.03720215 0.02803725
v -0.06000000 0.02920410 0.02803725
v -0.06000000 0.03720215 0.02803725
v -0.06203125 0.02920410 0.02317397
v -0.06203125 0.03720215 0.02317397
v -0.06203125 0.02920410 0.02317397
v -0.06203125 0.03720215 0.02317397
v -0.06375000 0.02920410 0.01817397
v -0.06375000 0.03720215 0.01817397
v -0.06375000 0.02920410 0.01817397
v -0.06375000 0.03720215 0.01817397
v -0.06484375 0.02920410 0.01307631
v -0.06484375 0.03720215 0.01307631
v -0.06484375 0.02920410 0.01307631
v -0.06484375 0.03720215 0.01307631
v -0.06578125 0.02920410 0.00788100
v -0.06578125 0.03720215 0.00788100
v -0.06578125 0.02920410 0.00788100
v -0.06578125 0.03720215 0.00788100
v -0.06609375 0.02920410 0.00262709
v -0.06609375 0.03720215 0.00262709
v -0.06609375 0.02920410 0.00262709
v -0.06609375 0.03720215 0.00262709
v -0.06609375 0.02920410 -0.00262681
v -0.06609375 0.03720215 -0.00262681
v -0.06609375 0.02920410 -0.00262681
v -0.06609375 0.03720215 -0.00262681
v -0.06578125 0.02920410 -0.00788072
v -0.06578125 0.03720215 -0.00788072
v -0.06578125 0.02920410 -0.00788072
v -0.06578125 0.03720215 -0.00788072
v -0.06484375 0.02920410 -0.01305650
v -0.06484375 0.03720215 -0.01305650
v -0.06484375 0.02920410 -0.01305650
v -0.06484375 0.03720215 -0.01305650
v -0.06375000 0.02920410 -0.01817369
v -0.06375000 0.03720215 -0.01817369
v -0.06375000 0.02920410 -0.01817369
v -0.06375000 0.03720215 -0.01817369
v -0.06203125 0.02920410 -0.02317369
v -0.06203125 0.03720215 -0.02317369
v -0.06203125 0.02920410 -0.02317369
v -0.06203125 0.03720215 -0.02317369
v -0.06000000 0.02920410 -0.02803697
v -0.06000000 0.03720215 -0.02803697
v -0.06000000 0.02920410 -0.02803697
v -0.06000000 0.03720215 -0.02803697
v -0.05765625 0.02920410 -0.03272447
v -0.05765625 0.03720215 -0.03272447
v -0.05765625 0.02920410 -0.03272447
v -0.05765625 0.03720215 -0.03272447
v -0.05484375 0.02920410 -0.03719712
v -0.05484375 0.03720215 -0.03719712
v -0.05484375 0.02920410 -0.03719712
v -0.05484375 0.03720215 -0.03719712
v -0.05171875 0.02920410 -0.04145494
v -0.05171875 0.03720215 -0.04145494
v -0.05171875 0.02920410 -0.04145494
v -0.05171875 0.03720215 -0.04145494
v -0.04843750 0.02920410 -0.04543931
v -0.04843750 0.03720215 -0.04543931
v -0.04843750 0.02920410 -0.04543931
v -0.04843750 0.03720215 -0.04543931
v -0.04468750 0.02920410 -0.04915025
v -0.04468750 0.03720215 -0.04915025
v -0.04468750 0.02920410 -0.04915025
v -0.04468750 0.03720215 -0.04915025
v -0.04062500 0.02920410 -0.05254869
v -0.04062500 0.03720215 -0.05254869
v -0.04062500 0.02920410 -0.05254869
v -0.04062500 0.03720215 -0.05254869
v -0.03640625 0.02920410 -0.05563462
v -0.03640625 0.03720215 -0.05563462
v -0.03640625 0.02920410 -0.05563462
v -0.03640625 0.03720215 -0.05563462
v -0.03187500 0.02920410 -0.05836900
v -0.03187500 0.03720215 -0.05836900
v -0.01125000 -0.04479980 -0.05836900
v -0.01015625 -0.04630371 -0.05836900
v -0.03187500 -0.04479980 -0.05836900
v -0.00875000 -0.04754394 -0.05836900
v -0.03187500 -0.05279785 -0.05836900
v -0.00718750 -0.04846191 -0.05836900
v -0.00531250 -0.04902832 -0.05836900
v 0.00312500 -0.05279785 -0.05836900
v -0.00343750 -0.04920410 -0.05836900
v -0.00156250 -0.04898926 -0.05836900
v 0.00015625 -0.04840332 -0.05836900
v 0.00187500 -0.04745605 -0.05836900
v 0.00312500 -0.04619629 -0.05836900
v -0.03187500 -0.05279785 0.05836928
v -0.03187500 -0.04479980 0.05836928
v -0.03640625 -0.05279785 0.05563491
v -0.03640625 -0.04479980 0.05563491
v -0.03640625 -0.05279785 0.05563491
v -0.03640625 -0.04479980 0.05563491
v -0.04062500 -0.05279785 0.05256850
v -0.04062500 -0.04479980 0.05256850
v -0.04062500 -0.05279785 0.05256850
v -0.04062500 -0.04479980 0.05256850
v -0.04468750 -0.05279785 0.04915053
v -0.04468750 -0.04479980 0.04915053
v -0.04468750 -0.05279785 0.04915053
v -0.04468750 -0.04479980 0.04915053
v -0.04843750 -0.05279785 0.04543959
v -0.04843750 -0.04479980 0.04543959
v -0.04843750 -0.05279785 0.04543959
v -0.04843750 -0.04479980 0.04543959
v -0.05171875 -0.05279785 0.04145522
v -0.05171875 -0.04479980 0.04145522
v -0.05171875 -0.05279785 0.04145522
v -0.05171875 -0.04479980 0.04145522
v -0.05484375 -0.05279785 0.03719741
v -0.05484375 -0.04479980 0.03719741
v -0.05484375 -0.05279785 0.03719741
v -0.05484375 -0.04479980 0.03719741
v -0.05765625 -0.05279785 0.03272475
v -0.05765625 -0.04479980 0.03272475
v -0.05765625 -0.05279785 0.03272475
v -0.05765625 -0.04479980 0.03272475
v -0.06000000 -0.05279785 0.02803725
v -0.06000000 -0.04479980 0.02803725
v -0.06000000 -0.05279785 0.02803725
v -0.06000000 -0.04479980 0.02803725
v -0.06203125 -0.05279785 0.02317397
v -0.06203125 -0.04479980 0.02317397
v -0.06203125 -0.05279785 0.02317397
v -0.06203125 -0.04479980 0.02317397
v -0.06375000 -0.05279785 0.01817397
v -0.06375000 -0.04479980 0.01817397
v -0.06375000 -0.05279785 0.01817397
v -0.06375000 -0.04479980 0.01817397
v -0.06484375 -0.05279785 0.01307631
v -0.06484375 -0.04479980 0.01307631
v -0.06484375 -0.05279785 0.01307631
v -0.06484375 -0.04479980 0.01307631
v -0.06578125 -0.05279785 0.00788100
v -0.06578125 -0.04479980 0.00788100
v -0.06578125 -0.05279785 0.00788100
v -0.06578125 -0.04479980 0.00788100
v -0.06609375 -0.05279785 0.00262709
v -0.06609375 -0.04479980 0.00262709
v -0.06609375 -0.05279785 0.00262709
v -0.06609375 -0.04479980 0.00262709
v -0.06609375 -0.05279785 -0.00262681
v -0.06609375 -0.04479980 -0.00262681
v -0.06609375 -0.05279785 -0.00262681
v -0.06609375 -0.04479980 -0.00262681
v -0.06578125 -0.05279785 -0.00788072
v -0.06578125 -0.04479980 -0.00788072
v -0.06578125 -0.05279785 -0.00788072
v -0.06578125 -0.04479980 -0.00788072
v -0.06484375 -0.05279785 -0.01305650
v -0.06484375 -0.04479980 -0.01305650
v -0.06484375 -0.05279785 -0.01305650
v -0.06484375 -0.04479980 -0.01305650
v -0.06375000 -0.05279785 -0.01817369
v -0.06375000 -0.04479980 -0.01817369
v -0.06375000 -0.05279785 -0.01817369
v -0.06375000 -0.04479980 -0.01817369
v -0.06203125 -0.05279785 -0.02317369
v -0.06203125 -0.04479980 -0.02317369
v -0.06203125 -0.05279785 -0.02317369
v -0.06203125 -0.04479980 -0.02317369
v -0.06000000 -0.05279785 -0.02803697
v -0.06000000 -0.04479980 -0.02803697
v -0.06000000 -0.05279785 -0.02803697
v -0.06000000 -0.04479980 -0.02803697
v -0.05765625 -0.05279785 -0.03272447
v -0.05765625 -0.04479980 -0.03272447
v -0.05765625 -0.05279785 -0.03272447
v -0.05765625 -0.04479980 -0.03272447
v -0.05484375 -0.05279785 -0.03719712
v -0.05484375 -0.04479980 -0.03719712
v -0.05484375 -0.05279785 -0.03719712
v -0.05484375 -0.04479980 -0.03719712
v -0.05171875 -0.05279785 -0.04145494
v -0.05171875 -0.04479980 -0.04145494
v -0.05171875 -0.05279785 -0.04145494
v -0.05171875 -0.04479980 -0.04145494
v -0.04843750 -0.05279785 -0.04543931
v -0.04843750 -0.04479980 -0.04543931
v -0.04843750 -0.05279785 -0.04543931
v -0.04843750 -0.04479980 -0.04543931
v -0.04468750 -0.05279785 -0.04915025
v -0.04468750 -0.04479980 -0.04915025
v -0.04468750 -0.05279785 -0.04915025
v -0.04468750 -0.04479980 -0.04915025
v -0.04062500 -0.05279785 -0.05254869
v -0.04062500 -0.04479980 -0.05254869
v -0.04062500 -0.05279785 -0.05254869
v -0.04062500 -0.04479980 -0.05254869
v -0.03640625 -0.05279785 -0.05563462
v -0.03640625 -0.04479980 -0.05563462
v -0.03640625 -0.05279785 -0.05563462
v -0.03640625 -0.04479980 -0.05563462
v -0.03187500 -0.05279785 -0.05836900
v -0.03187500 -0.04479980 -0.05836900
v -0.01781250 -0.04479980 0.05836928
v -0.03187500 -0.04479980 0.05836928
v -0.01703125 -0.04670410 0.05836928
v -0.01609375 -0.04849121 0.05836928
v -0.03187500 -0.05279785 0.05836928
v -0.01484375 -0.05012207 0.05836928
v -0.01328125 -0.05156738 0.05836928
v -0.01171875 -0.05279785 0.05836928
v 0.00312500 0.05319824 -0.06032212
v 0.00312500 0.05159668 -0.06131822
v 0.00312500 0.05319824 -0.05836900
v 0.00312500 0.04828613 -0.05836900
v 0.00312500 0.04995605 -0.06225572
v 0.00312500 0.04828613 -0.06313462
v -0.03187500 0.04520019 0.05836928
v -0.03187500 0.05319824 0.05836928
v -0.03640625 0.04520019 0.05563491
v -0.03640625 0.05319824 0.05563491
v -0.03640625 0.04520019 0.05563491
v -0.03640625 0.05319824 0.05563491
v -0.04062500 0.04520019 0.05256850
v -0.04062500 0.05319824 0.05256850
v -0.04062500 0.04520019 0.05256850
v -0.04062500 0.05319824 0.05256850
v -0.04468750 0.04520019 0.04915053
v -0.04468750 0.05319824 0.04915053
v -0.04468750 0.04520019 0.04915053
v -0.04468750 0.05319824 0.04915053
v -0.04843750 0.04520019 0.04543959
v -0.04843750 0.05319824 0.04543959
v -0.04843750 0.04520019 0.04543959
v -0.04843750 0.05319824 0.04543959
v -0.05171875 0.04520019 0.04145522
v -0.05171875 0.05319824 0.04145522
v -0.05171875 0.04520019 0.04145522
v -0.05171875 0.05319824 0.04145522
v -0.05484375 0.04520019 0.03719741
v -0.05484375 0.05319824 0.03719741
v -0.05484375 0.04520019 0.03719741
v -0.05484375 0.05319824 0.03719741
v -0.05765625 0.04520019 0.03272475
v -0.05765625 0.05319824 0.03272475
v -0.05765625 0.04520019 0.03272475
v -0.05765625 0.05319824 0.03272475
v -0.06000000 0.04520019 0.02803725
v -0.06000000 0.05319824 0.02803725
v -0.06000000 0.04520019 0.02803725
v -0.06000000 0.05319824 0.02803725
v -0.06203125 0.04520019 0.02317397
v -0.06203125 0.05319824 0.02317397
v -0.06203125 0.04520019 0.02317397
v -0.06203125 0.05319824 0.02317397
v -0.06375000 0.04520019 0.01817397
v -0.06375000 0.05319824 0.01817397
v -0.06375000 0.04520019 0.01817397
v -0.06375000 0.05319824 0.01817397
v -0.06484375 0.04520019 0.01307631
v -0.06484375 0.05319824 0.01307631
v -0.06484375 0.04520019 0.01307631
v -0.06484375 0.05319824 0.01307631
v -0.06578125 0.04520019 0.00788100
v -0.06578125 0.05319824 0.00788100
v -0.06578125 0.04520019 0.00788100
v -0.06578125 0.05319824 0.00788100
v -0.06609375 0.04520019 0.00262709
v -0.06609375 0.05319824 0.00262709
v -0.06609375 0.04520019 0.00262709
v -0.06609375 0.05319824 0.00262709
v -0.06609375 0.04520019 -0.00262681
v -0.06609375 0.05319824 -0.00262681
v -0.06609375 0.04520019 -0.00262681
v -0.06609375 0.05319824 -0.00262681
v -0.06578125 0.04520019 -0.00788072
v -0.06578125 0.05319824 -0.00788072
v -0.06578125 0.04520019 -0.00788072
v -0.06578125 0.05319824 -0.00788072
v -0.06484375 0.04520019 -0.01305650
v -0.06484375 0.05319824 -0.01305650
v -0.06484375 0.04520019 -0.01305650
v -0.06484375 0.05319824 -0.01305650
v -0.06375000 0.04520019 -0.01817369
v -0.06375000 0.05319824 -0.01817369
v -0.06375000 0.04520019 -0.01817369
v -0.06375000 0.05319824 -0.01817369
v -0.06203125 0.04520019 -0.02317369
v -0.06203125 0.05319824 -0.02317369
v -0.06203125 0.04520019 -0.02317369
v -0.06203125 0.05319824 -0.02317369
v -0.06000000 0.04520019 -0.02803697
v -0.06000000 0.05319824 -0.02803697
v -0.06000000 0.04520019 -0.02803697
v -0.06000000 0.05319824 -0.02803697
v -0.05765625 0.04520019 -0.03272447
v -0.05765625 0.05319824 -0.03272447
v -0.05765625 0.04520019 -0.03272447
v -0.05765625 0.05319824 -0.03272447
v -0.05484375 0.04520019 -0.03719712
v -0.05484375 0.05319824 -0.03719712
v -0.05484375 0.04520019 -0.03719712
v -0.05484375 0.05319824 -0.03719712
v -0.05171875 0.04520019 -0.04145494
v -0.05171875 0.05319824 -0.04145494
v -0.05171875 0.04520019 -0.04145494
v -0.05171875 0.05319824 -0.04145494
v -0.04843750 0.04520019 -0.04543931
v -0.04843750 0.05319824 -0.04543931
v -0.04843750 0.04520019 -0.04543931
v -0.04843750 0.05319824 -0.04543931
v -0.04468750 0.04520019 -0.04915025
v -0.04468750 0.05319824 -0.04915025
v -0.04468750 0.04520019 -0.04915025
v -0.04468750 0.05319824 -0.04915025
v -0.04062500 0.04520019 -0.05254869
v -0.04062500 0.05319824 -0.05254869
v -0.04062500 0.04520019 -0.05254869
v -0.04062500 0.05319824 -0.05254869
v -0.03640625 0.04520019 -0.05563462
v -0.03640625 0.05319824 -0.05563462
v -0.03640625 0.04520019 -0.05563462
v -0.03640625 0.05319824 -0.05563462
v -0.03187500 0.04520019 -0.05836900
v -0.03187500 0.05319824 -0.05836900
v -0.01359375 0.05319824 0.05836928
v -0.03187500 0.05319824 0.05836928
v -0.01515625 0.05148926 0.05836928
v -0.01640625 0.04955566 0.05836928
v -0.01750000 0.04744629 0.05836928
v -0.03187500 0.04520019 0.05836928
v -0.01812500 0.04520019 0.05836928
v 0.00312500 -0.02875488 -0.06829088
v 0.00312500 -0.03148926 -0.06807605
v 0.00312500 -0.02600098 -0.06836901
v 0.00312500 -0.03421387 -0.06770494
v 0.00312500 -0.03421387 -0.05836900
v 0.00312500 0.02600098 -0.06836901
v 0.00312500 0.03600098 -0.05836900
v 0.00312500 0.03600098 -0.06737291
v 0.00312500 0.03269043 -0.06791980
v 0.00312500 0.02935059 -0.06827135
v -0.04937500 0.02920410 -0.05836900
v -0.04937500 -0.02880371 -0.05836900
v -0.05343750 0.02920410 -0.05459947
v -0.05343750 -0.02880371 -0.05459947
v -0.05343750 0.02920410 -0.05459947
v -0.05343750 -0.02880371 -0.05459947
v -0.05718750 0.02920410 -0.05053697
v -0.05718750 -0.02880371 -0.05053697
v -0.05718750 0.02920410 -0.05053697
v -0.05718750 -0.02880371 -0.05053697
v -0.06078125 0.02920410 -0.04622056
v -0.06078125 -0.02880371 -0.04620103
v -0.06078125 0.02920410 -0.04622056
v -0.06078125 -0.02880371 -0.04620103
v -0.06390625 0.02920410 -0.04165025
v -0.06390625 -0.02880371 -0.04163072
v -0.06390625 0.02920410 -0.04165025
v -0.06390625 -0.02880371 -0.04163072
v -0.06671875 0.02920410 -0.03686509
v -0.06671875 -0.02880371 -0.03682603
v -0.06671875 0.02920410 -0.03686509
v -0.06671875 -0.02880371 -0.03682603
v -0.06921875 0.02920410 -0.03188463
v -0.06921875 -0.02880371 -0.03184556
v -0.06921875 0.02920410 -0.03188463
v -0.06921875 -0.02880371 -0.03184556
v -0.07140625 0.02920410 -0.02674791
v -0.07140625 -0.02880371 -0.02668931
v -0.07140625 0.02920410 -0.02674791
v -0.07140625 -0.02880371 -0.02668931
v -0.07312500 0.02920410 -0.02145494
v -0.07312500 -0.02880371 -0.02139634
v -0.07312500 0.02920410 -0.02145494
v -0.07312500 -0.02880371 -0.02139634
v -0.07453125 0.02920410 -0.01606431
v -0.07453125 -0.02880371 -0.01598619
v -0.07453125 0.02920410 -0.01606431
v -0.07453125 -0.02880371 -0.01598619
v -0.07546875 0.02920410 -0.01057603
v -0.07546875 -0.02880371 -0.01047838
v -0.07546875 0.02920410 -0.01057603
v -0.07546875 -0.02880371 -0.01047838
v -0.07609375 0.02920410 -0.00502916
v -0.07609375 -0.02880371 -0.00493150
v -0.07609375 0.02920410 -0.00502916
v -0.07609375 -0.02880371 -0.00493150
v -0.07625000 0.02920410 0.00053725
v -0.07625000 -0.02880371 0.00063491
v -0.07625000 0.02920410 0.00053725
v -0.07625000 -0.02880371 0.00063491
v -0.07593750 0.02920410 0.00610366
v -0.07593750 -0.02880371 0.00620131
v -0.07593750 0.02920410 0.00610366
v -0.07593750 -0.02880371 0.00620131
v -0.07531250 0.02920410 0.01163100
v -0.07531250 -0.02880371 0.01174819
v -0.07531250 0.02920410 0.01163100
v -0.07531250 -0.02880371 0.01174819
v -0.07421875 0.02920410 0.01709975
v -0.07421875 -0.02880371 0.01723647
v -0.07421875 0.02920410 0.01709975
v -0.07421875 -0.02880371 0.01723647
v -0.07281250 0.02920410 0.02249038
v -0.07281250 -0.02880371 0.02260756
v -0.07281250 0.02920410 0.02249038
v -0.07281250 -0.02880371 0.02260756
v -0.07093750 0.02920410 0.02774428
v -0.07093750 -0.02880371 0.02788100
v -0.07093750 0.02920410 0.02774428
v -0.07093750 -0.02880371 0.02788100
v -0.06875000 0.02920410 0.03286147
v -0.06875000 -0.02880371 0.03299819
v -0.06875000 0.02920410 0.03286147
v -0.06875000 -0.02880371 0.03299819
v -0.06625000 0.02920410 0.03780287
v -0.06625000 0.02920410 0.03780287
v -0.06875000 -0.02880371 0.03299819
v -0.06609375 -0.02880371 0.03793959
v -0.06625000 0.02920410 0.03780287
v -0.06609375 -0.02880371 0.03793959
v -0.06328125 0.02920410 0.04254897
v -0.06328125 0.02920410 0.04254897
v -0.06609375 -0.02880371 0.03793959
v -0.06328125 -0.02880371 0.04268569
v -0.06328125 0.02920410 0.04254897
v -0.06328125 -0.02880371 0.04268569
v -0.06015625 0.02920410 0.04708022
v -0.06015625 0.02920410 0.04708022
v -0.06328125 -0.02880371 0.04268569
v -0.06000000 -0.02880371 0.04721694
v -0.06015625 0.02920410 0.04708022
v -0.06000000 -0.02880371 0.04721694
v -0.05656250 0.02920410 0.05135756
v -0.05640625 -0.02880371 0.05149428
v -0.05656250 0.02920410 0.05135756
v -0.05640625 -0.02880371 0.05149428
v -0.05265625 0.02920410 0.05536147
v -0.05250000 -0.02880371 0.05549819
v -0.05265625 0.02920410 0.05536147
v -0.05250000 -0.02880371 0.05549819
v -0.04843750 0.02920410 0.05907241
v -0.04828125 -0.02880371 0.05918959
v -0.04843750 0.02920410 0.05907241
v -0.04828125 -0.02880371 0.05918959
v -0.04406250 0.02920410 0.06247084
v -0.04390625 -0.02880371 0.06258803
v -0.04406250 0.02920410 0.06247084
v -0.04390625 -0.02880371 0.06258803
v -0.03937500 0.02920410 0.06553725
v -0.03921875 -0.02880371 0.06565444
v -0.03937500 0.02920410 0.06553725
v -0.03921875 -0.02880371 0.06565444
v -0.03453125 0.02920410 0.06827162
v -0.03437500 -0.02880371 0.06836928
v -0.03453125 0.02920410 0.06827162
v -0.03437500 -0.02880371 0.06836928
v -0.03437500 0.02600098 0.06836928
v 0.00312500 -0.04619629 -0.06411119
v 0.00312500 -0.04845215 -0.06305650
v 0.00312500 -0.04619629 -0.05836900
v 0.00312500 -0.05065918 -0.06186509
v 0.00312500 -0.05279785 -0.06059556
v 0.00312500 -0.05279785 -0.05836900
v -0.01171875 -0.05279785 0.06059584
v -0.01031250 -0.05358887 0.06008803
v -0.01171875 -0.05279785 0.05836928
v -0.01062500 -0.05339355 0.05336928
v -0.01171875 -0.05279785 0.05836928
v -0.01062500 -0.05339355 0.05336928
v -0.01281250 -0.05203613 0.05336928
v -0.01031250 -0.05358887 0.06008803
v -0.00890625 -0.05423340 0.05963881
v -0.01062500 -0.05339355 0.05336928
v -0.01062500 -0.05339355 0.05336928
v -0.00890625 -0.05423340 0.05963881
v -0.00843750 -0.05438965 0.05336928
v -0.00843750 -0.05438965 0.05336928
v -0.00890625 -0.05423340 0.05963881
v -0.00734375 -0.05472168 0.05930678
v -0.00843750 -0.05438965 0.05336928
v -0.00734375 -0.05472168 0.05930678
v -0.00593750 -0.05499512 0.05336928
v -0.00593750 -0.05499512 0.05336928
v -0.00734375 -0.05472168 0.05930678
v -0.00578125 -0.05504394 0.05907241
v -0.00593750 -0.05499512 0.05336928
v -0.00578125 -0.05504394 0.05907241
v -0.00406250 -0.05519043 0.05897475
v -0.00359375 -0.05520019 0.05336928
v -0.00359375 -0.05520019 0.05336928
v -0.00406250 -0.05519043 0.05897475
v -0.00250000 -0.05517090 0.05899428
v -0.00359375 -0.05520019 0.05336928
v -0.00250000 -0.05517090 0.05899428
v -0.00109375 -0.05499512 0.05336928
v -0.00109375 -0.05499512 0.05336928
v -0.00250000 -0.05517090 0.05899428
v -0.00093750 -0.05497558 0.05913100
v -0.00109375 -0.05499512 0.05336928
v -0.00093750 -0.05497558 0.05913100
v 0.00062500 -0.05461426 0.05938491
v -0.00109375 -0.05499512 0.05336928
v 0.00062500 -0.05461426 0.05938491
v 0.00140625 -0.05438965 0.05336928
v 0.00140625 -0.05438965 0.05336928
v 0.00062500 -0.05461426 0.05938491
v 0.00218750 -0.05407715 0.05975600
v 0.00140625 -0.05438965 0.05336928
v 0.00218750 -0.05407715 0.05975600
v 0.00359375 -0.05339355 0.05336928
v 0.00359375 -0.05339355 0.05336928
v 0.00218750 -0.05407715 0.05975600
v 0.00359375 -0.05339355 0.06020522
v 0.00359375 -0.05339355 0.05336928
v 0.00359375 -0.05339355 0.06020522
v 0.00500000 -0.05257324 0.06073256
v 0.00359375 -0.05339355 0.05336928
v 0.00500000 -0.05257324 0.06073256
v 0.00562500 -0.05203613 0.05336928
v 0.00562500 -0.05203613 0.05336928
v 0.00500000 -0.05257324 0.06073256
v 0.00609375 -0.05164551 0.06129897
v 0.00562500 -0.05203613 0.05336928
v 0.00609375 -0.05164551 0.06129897
v 0.00750000 -0.05036621 0.05336928
v 0.00750000 -0.05036621 0.05336928
v 0.00609375 -0.05164551 0.06129897
v 0.00718750 -0.05063965 0.06188491
v 0.00750000 -0.05036621 0.05336928
v 0.00718750 -0.05063965 0.06188491
v 0.00828125 -0.04951660 0.06249037
v 0.00750000 -0.05036621 0.05336928
v 0.00828125 -0.04951660 0.06249037
v 0.00906250 -0.04840332 0.05336928
v 0.00906250 -0.04840332 0.05336928
v 0.00828125 -0.04951660 0.06249037
v 0.00906250 -0.04827637 0.06313491
v 0.00906250 -0.04840332 0.05336928
v 0.00906250 -0.04827637 0.06313491
v 0.00984375 -0.04693848 0.06377944
v 0.00906250 -0.04840332 0.05336928
v 0.00984375 -0.04693848 0.06377944
v 0.01015625 -0.04622558 0.05336928
v 0.01015625 -0.04622558 0.05336928
v 0.00984375 -0.04693848 0.06377944
v 0.01046875 -0.04552246 0.06440444
v 0.01015625 -0.04622558 0.05336928
v 0.01046875 -0.04552246 0.06440444
v 0.01093750 -0.04388183 0.05336928
v 0.01093750 -0.04388183 0.05336928
v 0.01046875 -0.04552246 0.06440444
v 0.01093750 -0.04403808 0.06500991
v 0.01093750 -0.04388183 0.05336928
v 0.01093750 -0.04403808 0.06500991
v 0.01125000 -0.04252441 0.06555678
v 0.01093750 -0.04388183 0.05336928
v 0.01125000 -0.04252441 0.06555678
v 0.01140625 -0.04144043 0.05336928
v 0.01140625 -0.04144043 0.05336928
v 0.01125000 -0.04252441 0.06555678
v 0.01140625 -0.04099121 0.06608412
v 0.01140625 -0.04144043 0.05336928
v 0.01140625 -0.04099121 0.06608412
v 0.01140625 -0.03947754 0.06653334
v 0.01140625 -0.03896973 0.05336928
v 0.01140625 -0.03896973 0.05336928
v 0.01140625 -0.03947754 0.06653334
v 0.01125000 -0.03791504 0.06694350
v 0.01140625 -0.03896973 0.05336928
v 0.01125000 -0.03791504 0.06694350
v 0.01093750 -0.03651855 0.05336928
v 0.01093750 -0.03651855 0.05336928
v 0.01125000 -0.03791504 0.06694350
v 0.01093750 -0.03634277 0.06729506
v 0.01093750 -0.03651855 0.05336928
v 0.01093750 -0.03634277 0.06729506
v 0.01046875 -0.03478027 0.06760756
v 0.01093750 -0.03651855 0.05336928
v 0.01046875 -0.03478027 0.06760756
v 0.01015625 -0.03417480 0.05336928
v 0.01015625 -0.03417480 0.05336928
v 0.01046875 -0.03478027 0.06760756
v 0.00984375 -0.03328613 0.06784195
v 0.01015625 -0.03417480 0.05336928
v 0.00984375 -0.03328613 0.06784195
v 0.00906250 -0.03199707 0.05336928
v 0.00906250 -0.03199707 0.05336928
v 0.00984375 -0.03328613 0.06784195
v 0.00890625 -0.03187012 0.06803725
v 0.00906250 -0.03199707 0.05336928
v 0.00890625 -0.03187012 0.06803725
v 0.00796875 -0.03057129 0.06817398
v 0.00906250 -0.03199707 0.05336928
v 0.00796875 -0.03057129 0.06817398
v 0.00750000 -0.03004395 0.05336928
v 0.00750000 -0.03004395 0.05336928
v 0.00796875 -0.03057129 0.06817398
v 0.00687500 -0.02939941 0.06825209
v 0.00750000 -0.03004395 0.05336928
v 0.00687500 -0.02939941 0.06825209
v 0.00562500 -0.02836426 0.05336928
v 0.00562500 -0.02836426 0.05336928
v 0.00687500 -0.02939941 0.06825209
v 0.00562500 -0.02835449 0.06831070
v 0.00562500 -0.02836426 0.05336928
v 0.00562500 -0.02835449 0.06831070
v 0.00437500 -0.02741699 0.06834975
v 0.00562500 -0.02836426 0.05336928
v 0.00437500 -0.02741699 0.06834975
v 0.00359375 -0.02700684 0.05336928
v 0.00359375 -0.02700684 0.05336928
v 0.00437500 -0.02741699 0.06834975
v 0.00281250 -0.02662598 0.06836928
v 0.00359375 -0.02700684 0.05336928
v 0.00281250 -0.02662598 0.06836928
v 0.00140625 -0.02602051 0.05336928
v 0.00140625 -0.02602051 0.05336928
v 0.00281250 -0.02662598 0.06836928
v 0.00125000 -0.02600098 0.06836928
v 0.00140625 -0.02602051 0.05336928
v 0.00125000 -0.02600098 0.06836928
v -0.00078125 -0.02544434 0.06836928
v 0.00140625 -0.02602051 0.05336928
v -0.00078125 -0.02544434 0.06836928
v -0.00109375 -0.02540527 0.05336928
v -0.00109375 -0.02540527 0.05336928
v -0.00078125 -0.02544434 0.06836928
v -0.00312500 -0.02520996 0.06836928
v -0.00109375 -0.02540527 0.05336928
v -0.00312500 -0.02520996 0.06836928
v -0.00359375 -0.02520020 0.05336928
v -0.00359375 -0.02520020 0.05336928
v -0.00312500 -0.02520996 0.06836928
v -0.00531250 -0.02530762 0.06836928
v -0.00359375 -0.02520020 0.05336928
v -0.00531250 -0.02530762 0.06836928
v -0.00593750 -0.02540527 0.05336928
v -0.00593750 -0.02540527 0.05336928
v -0.00531250 -0.02530762 0.06836928
v -0.00750000 -0.02571777 0.06836928
v -0.00593750 -0.02540527 0.05336928
v -0.00750000 -0.02571777 0.06836928
v -0.00843750 -0.02602051 0.05336928
v -0.00843750 -0.02602051 0.05336928
v -0.00750000 -0.02571777 0.06836928
v -0.00953125 -0.02645996 0.06836928
v -0.00843750 -0.02602051 0.05336928
v -0.00953125 -0.02645996 0.06836928
v -0.01062500 -0.02700684 0.05336928
v -0.01062500 -0.02700684 0.05336928
v -0.00953125 -0.02645996 0.06836928
v -0.01156250 -0.02748535 0.06836928
v -0.01062500 -0.02700684 0.05336928
v -0.01156250 -0.02748535 0.06836928
v -0.01281250 -0.02836426 0.05336928
v -0.01281250 -0.02836426 0.05336928
v -0.01156250 -0.02748535 0.06836928
v -0.01328125 -0.02880371 0.06836928
v -0.01281250 -0.02836426 0.05336928
v -0.01328125 -0.02880371 0.06836928
v -0.01328125 -0.02880371 0.05836928
v -0.01281250 -0.02836426 0.05336928
v -0.01328125 -0.02880371 0.05836928
v -0.01453125 -0.03004395 0.05336928
v -0.01500000 -0.03048340 0.05836928
v -0.01453125 -0.03004395 0.05336928
v -0.01500000 -0.03048340 0.05836928
v -0.01609375 -0.03199707 0.05336928
v -0.01609375 -0.03199707 0.05336928
v -0.01500000 -0.03048340 0.05836928
v -0.01640625 -0.03240723 0.05836928
v -0.01609375 -0.03199707 0.05336928
v -0.01640625 -0.03240723 0.05836928
v -0.01734375 -0.03417480 0.05336928
v -0.01734375 -0.03417480 0.05336928
v -0.01640625 -0.03240723 0.05836928
v -0.01734375 -0.03453613 0.05836928
v -0.01734375 -0.03417480 0.05336928
v -0.01734375 -0.03453613 0.05836928
v -0.01812500 -0.03651855 0.05336928
v -0.01812500 -0.03651855 0.05336928
v -0.01734375 -0.03453613 0.05836928
v -0.01812500 -0.03680176 0.05836928
v -0.01812500 -0.03651855 0.05336928
v -0.01812500 -0.03680176 0.05836928
v -0.01843750 -0.03896973 0.05336928
v -0.01843750 -0.03896973 0.05336928
v -0.01812500 -0.03680176 0.05836928
v -0.01843750 -0.03879394 0.06836928
v -0.01843750 -0.03896973 0.05336928
v -0.01843750 -0.03879394 0.06836928
v -0.01859375 -0.04082519 0.06836928
v -0.01812500 -0.03680176 0.06836928
v -0.01843750 -0.03896973 0.05336928
v -0.01859375 -0.04082519 0.06836928
v -0.01843750 -0.04144043 0.05336928
v -0.01843750 -0.04144043 0.05336928
v -0.01859375 -0.04082519 0.06836928
v -0.01828125 -0.04283691 0.06836928
v -0.01843750 -0.04144043 0.05336928
v -0.01828125 -0.04283691 0.06836928
v -0.01812500 -0.04388183 0.05336928
v -0.01812500 -0.04388183 0.05336928
v -0.01828125 -0.04283691 0.06836928
v -0.01781250 -0.04479980 0.06836928
v -0.01812500 -0.04388183 0.05336928
v -0.01781250 -0.04479980 0.06836928
v -0.01781250 -0.04479980 0.05836928
v -0.01734375 -0.04622558 0.05336928
v -0.01734375 -0.04622558 0.05336928
v -0.01781250 -0.04479980 0.05836928
v -0.01703125 -0.04670410 0.05836928
v -0.01734375 -0.04622558 0.05336928
v -0.01703125 -0.04670410 0.05836928
v -0.01609375 -0.04840332 0.05336928
v -0.01609375 -0.04840332 0.05336928
v -0.01703125 -0.04670410 0.05836928
v -0.01609375 -0.04849121 0.05836928
v -0.01609375 -0.04840332 0.05336928
v -0.01609375 -0.04849121 0.05836928
v -0.01484375 -0.05012207 0.05836928
v -0.01609375 -0.04840332 0.05336928
v -0.01484375 -0.05012207 0.05836928
v -0.01453125 -0.05036621 0.05336928
v -0.01453125 -0.05036621 0.05336928
v -0.01484375 -0.05012207 0.05836928
v -0.01328125 -0.05156738 0.05836928
v -0.01453125 -0.05036621 0.05336928
v -0.01328125 -0.05156738 0.05836928
v -0.01281250 -0.05203613 0.05336928
v -0.01281250 -0.05203613 0.05336928
v -0.01328125 -0.05156738 0.05836928
v -0.01171875 -0.05279785 0.05836928
v -0.04656250 -0.05279785 -0.06059556
v -0.04562500 -0.05648926 -0.05799790
v -0.05093750 -0.05279785 -0.05700181
v -0.05093750 -0.05279785 -0.05700181
v -0.04562500 -0.05648926 -0.05799790
v -0.04890625 -0.05653808 -0.05518540
v -0.05093750 -0.05279785 -0.05700181
v -0.04890625 -0.05653808 -0.05518540
v -0.05265625 -0.05653808 -0.05159165
v -0.05265625 -0.05653808 -0.05159165
v -0.04890625 -0.05653808 -0.05518540
v -0.04703125 -0.06002441 -0.05299790
v -0.05062500 -0.06002441 -0.04954087
v -0.05062500 -0.06002441 -0.04954087
v -0.04703125 -0.06002441 -0.05299790
v -0.04484375 -0.06322754 -0.05057603
v -0.05062500 -0.06002441 -0.04954087
v -0.04484375 -0.06322754 -0.05057603
v -0.04828125 -0.06322754 -0.04727525
v -0.04828125 -0.06322754 -0.04727525
v -0.04484375 -0.06322754 -0.05057603
v -0.04250000 -0.06611817 -0.04793931
v -0.04828125 -0.06322754 -0.04727525
v -0.04250000 -0.06611817 -0.04793931
v -0.04562500 -0.06611817 -0.04481431
v -0.04562500 -0.06611817 -0.04481431
v -0.04250000 -0.06611817 -0.04793931
v -0.04078125 -0.06854982 -0.04463853
v -0.04562500 -0.06611817 -0.04481431
v -0.04078125 -0.06854982 -0.04463853
v -0.04296875 -0.06867676 -0.04217759
v -0.04296875 -0.06867676 -0.04217759
v -0.04078125 -0.06854982 -0.04463853
v -0.03937500 -0.07055176 -0.04106431
v -0.04296875 -0.06867676 -0.04217759
v -0.03937500 -0.07055176 -0.04106431
v -0.04015625 -0.07087403 -0.03940415
v -0.04015625 -0.07087403 -0.03940415
v -0.03937500 -0.07055176 -0.04106431
v -0.03812500 -0.07186035 -0.03831040
v -0.04015625 -0.07087403 -0.03940415
v -0.03812500 -0.07186035 -0.03831040
v -0.04281250 -0.07087403 -0.03645494
v -0.04281250 -0.07087403 -0.03645494
v -0.03812500 -0.07186035 -0.03831040
v -0.03703125 -0.07298340 -0.03547837
v -0.04281250 -0.07087403 -0.03645494
v -0.03703125 -0.07298340 -0.03547837
v -0.03953125 -0.07270021 -0.03375962
v -0.03953125 -0.07270021 -0.03375962
v -0.03703125 -0.07298340 -0.03547837
v -0.03531250 -0.07419435 -0.03168931
v -0.03953125 -0.07270021 -0.03375962
v -0.03531250 -0.07419435 -0.03168931
v -0.03625000 -0.07413575 -0.03096666
v -0.03625000 -0.07413575 -0.03096666
v -0.03531250 -0.07419435 -0.03168931
v -0.03359375 -0.07509278 -0.02786119
v -0.03625000 -0.07413575 -0.03096666
v -0.03359375 -0.07509278 -0.02786119
v -0.03828125 -0.07413575 -0.02832994
v -0.03828125 -0.07413575 -0.02832994
v -0.03359375 -0.07509278 -0.02786119
v -0.03468750 -0.07517090 -0.02571275
v -0.03640625 -0.07517090 -0.02319322
v -0.03640625 -0.07517090 -0.02319322
v -0.03468750 -0.07517090 -0.02571275
v -0.03125000 -0.07578614 -0.02305650
v -0.03640625 -0.07517090 -0.02319322
v -0.03125000 -0.07578614 -0.02305650
v -0.03250000 -0.07579590 -0.02079088
v -0.03250000 -0.07579590 -0.02079088
v -0.03125000 -0.07578614 -0.02305650
v -0.02875000 -0.07600098 -0.01836900
v -0.03250000 -0.07579590 -0.02079088
v -0.02875000 -0.07600098 -0.01836900
v -0.03390625 -0.07579590 -0.01840806
v -0.03046875 -0.07600098 -0.01530259
v -0.03515625 -0.07579590 -0.01594713
v -0.03187500 -0.07600098 -0.01206041
v -0.03625000 -0.07579590 -0.01340806
v -0.03625000 -0.07579590 -0.01340806
v -0.03187500 -0.07600098 -0.01206041
v -0.03703125 -0.07579590 -0.01081041
v -0.03625000 -0.07579590 -0.01340806
v -0.03703125 -0.07579590 -0.01081041
v -0.04140625 -0.07517090 -0.01206041
v -0.04140625 -0.07517090 -0.01206041
v -0.03703125 -0.07579590 -0.01081041
v -0.04218750 -0.07517090 -0.00909166
v -0.04140625 -0.07517090 -0.01206041
v -0.04218750 -0.07517090 -0.00909166
v -0.04640625 -0.07413575 -0.01002916
v -0.04640625 -0.07413575 -0.01002916
v -0.04218750 -0.07517090 -0.00909166
v -0.04703125 -0.07413575 -0.00670884
v -0.04640625 -0.07413575 -0.01002916
v -0.04703125 -0.07413575 -0.00670884
v -0.05140625 -0.07270021 -0.00731431
v -0.05140625 -0.07270021 -0.00731431
v -0.04703125 -0.07413575 -0.00670884
v -0.05171875 -0.07270021 -0.00366197
v -0.05140625 -0.07270021 -0.00731431
v -0.05171875 -0.07270021 -0.00366197
v -0.05593750 -0.07087403 -0.00395494
v -0.05593750 -0.07087403 -0.00395494
v -0.05171875 -0.07270021 -0.00366197
v -0.05609375 -0.07087403 0.00000991
v -0.05593750 -0.07087403 -0.00395494
v -0.05609375 -0.07087403 0.00000991
v -0.06000000 -0.06867676 0.00000991
v -0.06000000 -0.06867676 0.00000991
v -0.05609375 -0.07087403 0.00000991
v -0.05984375 -0.06867676 0.00422866
v -0.06000000 -0.06867676 0.00000991
v -0.05984375 -0.06867676 0.00422866
v -0.06375000 -0.06611817 0.00450209
v -0.06375000 -0.06611817 0.00450209
v -0.05984375 -0.06867676 0.00422866
v -0.06328125 -0.06611817 0.00897475
v -0.06375000 -0.06611817 0.00450209
v -0.06328125 -0.06611817 0.00897475
v -0.06671875 -0.06322754 0.00948256
v -0.06671875 -0.06322754 0.00948256
v -0.06328125 -0.06611817 0.00897475
v -0.06593750 -0.06322754 0.01415053
v -0.06671875 -0.06322754 0.00948256
v -0.06593750 -0.06322754 0.01415053
v -0.06906250 -0.06002441 0.01483412
v -0.06906250 -0.06002441 0.01483412
v -0.06593750 -0.06322754 0.01415053
v -0.06781250 -0.06002441 0.01965834
v -0.06906250 -0.06002441 0.01483412
v -0.06781250 -0.06002441 0.01965834
v -0.07062500 -0.05653808 0.02047866
v -0.07062500 -0.05653808 0.02047866
v -0.06781250 -0.06002441 0.01965834
v -0.06906250 -0.05653808 0.02540053
v -0.07062500 -0.05653808 0.02047866
v -0.06906250 -0.05653808 0.02540053
v -0.07218750 -0.05279785 0.02467788
v -0.07218750 -0.05279785 0.02467788
v -0.06906250 -0.05653808 0.02540053
v -0.07015625 -0.05279785 0.02991225
v -0.06718750 -0.05653808 0.03022475
v -0.07015625 -0.05279785 0.02991225
v -0.06718750 -0.05653808 0.03022475
v -0.06781250 -0.05279785 0.03497084
v -0.06781250 -0.05279785 0.03497084
v -0.06718750 -0.05653808 0.03022475
v -0.06484375 -0.05653808 0.03487319
v -0.06781250 -0.05279785 0.03497084
v -0.06484375 -0.05653808 0.03487319
v -0.06500000 -0.05279785 0.03983412
v -0.06500000 -0.05279785 0.03983412
v -0.06484375 -0.05653808 0.03487319
v -0.06234375 -0.05653808 0.03936537
v -0.06500000 -0.05279785 0.03983412
v -0.06234375 -0.05653808 0.03936537
v -0.06203125 -0.05279785 0.04450209
v -0.06203125 -0.05279785 0.04450209
v -0.06234375 -0.05653808 0.03936537
v -0.05937500 -0.05653808 0.04366225
v -0.06203125 -0.05279785 0.04450209
v -0.05937500 -0.05653808 0.04366225
v -0.05859375 -0.05279785 0.04893569
v -0.05859375 -0.05279785 0.04893569
v -0.05937500 -0.05653808 0.04366225
v -0.05609375 -0.05653808 0.04774428
v -0.05859375 -0.05279785 0.04893569
v -0.05609375 -0.05653808 0.04774428
v -0.05484375 -0.05279785 0.05311537
v -0.05265625 -0.05653808 0.05159194
v -0.05484375 -0.05279785 0.05311537
v -0.05265625 -0.05653808 0.05159194
v -0.05093750 -0.05279785 0.05700209
v -0.05093750 -0.05279785 0.05700209
v -0.05265625 -0.05653808 0.05159194
v -0.04890625 -0.05653808 0.05518569
v -0.05093750 -0.05279785 0.05700209
v -0.04890625 -0.05653808 0.05518569
v -0.04562500 -0.05648926 0.05799819
v -0.04562500 -0.05648926 0.05799819
v -0.04890625 -0.05653808 0.05518569
v -0.04468750 -0.05990723 0.05512709
v -0.04468750 -0.05990723 0.05512709
v -0.04890625 -0.05653808 0.05518569
v -0.04703125 -0.06002441 0.05299819
v -0.04468750 -0.05990723 0.05512709
v -0.04703125 -0.06002441 0.05299819
v -0.04406250 -0.06162598 0.05346694
v -0.04406250 -0.06162598 0.05346694
v -0.04703125 -0.06002441 0.05299819
v -0.04484375 -0.06322754 0.05057631
v -0.04406250 -0.06162598 0.05346694
v -0.04484375 -0.06322754 0.05057631
v -0.04343750 -0.06325683 0.05172866
v -0.04343750 -0.06325683 0.05172866
v -0.04484375 -0.06322754 0.05057631
v -0.04281250 -0.06479982 0.04991225
v -0.04281250 -0.06479982 0.04991225
v -0.04484375 -0.06322754 0.05057631
v -0.04562500 -0.06611817 0.04481459
v -0.04250000 -0.06611817 0.04793959
v -0.04250000 -0.06611817 0.04793959
v -0.04562500 -0.06611817 0.04481459
v -0.04078125 -0.06854982 0.04463881
v -0.04250000 -0.06611817 0.04793959
v -0.04078125 -0.06854982 0.04463881
v -0.04203125 -0.06624512 0.04803725
v -0.04562500 -0.05648926 -0.05799790
v -0.04468750 -0.05990723 -0.05512681
v -0.04890625 -0.05653808 -0.05518540
v -0.04890625 -0.05653808 -0.05518540
v -0.04468750 -0.05990723 -0.05512681
v -0.04703125 -0.06002441 -0.05299790
v -0.04468750 -0.05990723 -0.05512681
v -0.04406250 -0.06162598 -0.05346665
v -0.04703125 -0.06002441 -0.05299790
v -0.04703125 -0.06002441 -0.05299790
v -0.04406250 -0.06162598 -0.05346665
v -0.04484375 -0.06322754 -0.05057603
v -0.04406250 -0.06162598 -0.05346665
v -0.04343750 -0.06325683 -0.05172837
v -0.04484375 -0.06322754 -0.05057603
v -0.04484375 -0.06322754 -0.05057603
v -0.04343750 -0.06325683 -0.05172837
v -0.04281250 -0.06479982 -0.04991197
v -0.04484375 -0.06322754 -0.05057603
v -0.04281250 -0.06479982 -0.04991197
v -0.04250000 -0.06611817 -0.04793931
v -0.04250000 -0.06611817 -0.04793931
v -0.04281250 -0.06479982 -0.04991197
v -0.04203125 -0.06624512 -0.04803697
v -0.04250000 -0.06611817 -0.04793931
v -0.04203125 -0.06624512 -0.04803697
v -0.04078125 -0.06854982 -0.04463853
v -0.03359375 -0.07509278 -0.02786119
v -0.03234375 -0.07550293 -0.02543931
v -0.03468750 -0.07517090 -0.02571275
v -0.03468750 -0.07517090 -0.02571275
v -0.03234375 -0.07550293 -0.02543931
v -0.03125000 -0.07578614 -0.02305650
v -0.03281250 -0.07600098 -0.00870103
v -0.03765625 -0.07579590 -0.00815416
v -0.03765625 -0.07579590 -0.00815416
v -0.04218750 -0.07517090 -0.00909166
v -0.03765625 -0.07579590 -0.00815416
v -0.04265625 -0.07517090 -0.00608384
v -0.04265625 -0.07517090 -0.00608384
v -0.04703125 -0.07413575 -0.00670884
v -0.04265625 -0.07517090 -0.00608384
v -0.04734375 -0.07413575 -0.00336900
v -0.04734375 -0.07413575 -0.00336900
v -0.05171875 -0.07270021 -0.00366197
v -0.04734375 -0.07413575 -0.00336900
v -0.05187500 -0.07270021 0.00000991
v -0.05187500 -0.07270021 0.00000991
v -0.05609375 -0.07087403 0.00000991
v -0.05187500 -0.07270021 0.00000991
v -0.05593750 -0.07087403 0.00395522
v -0.05593750 -0.07087403 0.00395522
v -0.05984375 -0.06867676 0.00422866
v -0.05593750 -0.07087403 0.00395522
v -0.05953125 -0.06867676 0.00844741
v -0.05984375 -0.06867676 0.00422866
v -0.05953125 -0.06867676 0.00844741
v -0.06328125 -0.06611817 0.00897475
v -0.06328125 -0.06611817 0.00897475
v -0.05953125 -0.06867676 0.00844741
v -0.06234375 -0.06611817 0.01342787
v -0.06328125 -0.06611817 0.00897475
v -0.06234375 -0.06611817 0.01342787
v -0.06593750 -0.06322754 0.01415053
v -0.06593750 -0.06322754 0.01415053
v -0.06234375 -0.06611817 0.01342787
v -0.06468750 -0.06322754 0.01875991
v -0.06593750 -0.06322754 0.01415053
v -0.06468750 -0.06322754 0.01875991
v -0.06781250 -0.06002441 0.01965834
v -0.06781250 -0.06002441 0.01965834
v -0.06468750 -0.06322754 0.01875991
v -0.06625000 -0.06002441 0.02440444
v -0.06781250 -0.06002441 0.01965834
v -0.06625000 -0.06002441 0.02440444
v -0.06906250 -0.05653808 0.02540053
v -0.06906250 -0.05653808 0.02540053
v -0.06625000 -0.06002441 0.02440444
v -0.06718750 -0.05653808 0.03022475
v -0.03359375 -0.07600098 -0.00526353
v -0.03812500 -0.07579590 -0.00545884
v -0.03812500 -0.07579590 -0.00545884
v -0.04265625 -0.07517090 -0.00608384
v -0.03812500 -0.07579590 -0.00545884
v -0.04296875 -0.07517090 -0.00305650
v -0.04296875 -0.07517090 -0.00305650
v -0.04734375 -0.07413575 -0.00336900
v -0.04296875 -0.07517090 -0.00305650
v -0.04750000 -0.07413575 0.00000991
v -0.04750000 -0.07413575 0.00000991
v -0.05187500 -0.07270021 0.00000991
v -0.04750000 -0.07413575 0.00000991
v -0.05171875 -0.07270021 0.00366225
v -0.05171875 -0.07270021 0.00366225
v -0.05593750 -0.07087403 0.00395522
v -0.05171875 -0.07270021 0.00366225
v -0.05546875 -0.07087403 0.00790053
v -0.05593750 -0.07087403 0.00395522
v -0.05546875 -0.07087403 0.00790053
v -0.05953125 -0.06867676 0.00844741
v -0.05953125 -0.06867676 0.00844741
v -0.05546875 -0.07087403 0.00790053
v -0.05875000 -0.06867676 0.01262709
v -0.05953125 -0.06867676 0.00844741
v -0.05875000 -0.06867676 0.01262709
v -0.06234375 -0.06611817 0.01342787
v -0.06234375 -0.06611817 0.01342787
v -0.05875000 -0.06867676 0.01262709
v -0.06140625 -0.06611817 0.01778334
v -0.06234375 -0.06611817 0.01342787
v -0.06140625 -0.06611817 0.01778334
v -0.06468750 -0.06322754 0.01875991
v -0.06468750 -0.06322754 0.01875991
v -0.06140625 -0.06611817 0.01778334
v -0.06328125 -0.06322754 0.02329116
v -0.06468750 -0.06322754 0.01875991
v -0.06328125 -0.06322754 0.02329116
v -0.06625000 -0.06002441 0.02440444
v -0.06625000 -0.06002441 0.02440444
v -0.06328125 -0.06322754 0.02329116
v -0.06437500 -0.06002441 0.02901381
v -0.06625000 -0.06002441 0.02440444
v -0.06437500 -0.06002441 0.02901381
v -0.06718750 -0.05653808 0.03022475
v -0.06718750 -0.05653808 0.03022475
v -0.06437500 -0.06002441 0.02901381
v -0.06484375 -0.05653808 0.03487319
v -0.03843750 -0.07579590 -0.00274400
v -0.03843750 -0.07579590 -0.00274400
v -0.03359375 -0.07600098 -0.00526353
v -0.03390625 -0.07600098 -0.00176744
v -0.03859375 -0.07579590 0.00000991
v -0.03390625 -0.07600098 0.00176772
v -0.03843750 -0.07579590 0.00274428
v -0.03359375 -0.07600098 0.00526381
v -0.03843750 -0.07579590 0.00274428
v -0.03359375 -0.07600098 0.00526381
v -0.03812500 -0.07579590 0.00545913
v -0.03765625 -0.07579590 0.00815444
v -0.03812500 -0.07579590 0.00545913
v -0.03765625 -0.07579590 0.00815444
v -0.04218750 -0.07517090 0.00909194
v -0.04218750 -0.07517090 0.00909194
v -0.03765625 -0.07579590 0.00815444
v -0.04140625 -0.07517090 0.01206069
v -0.04218750 -0.07517090 0.00909194
v -0.04140625 -0.07517090 0.01206069
v -0.04562500 -0.07413575 0.01329116
v -0.04468750 -0.07413575 0.01649428
v -0.04562500 -0.07413575 0.01329116
v -0.04468750 -0.07413575 0.01649428
v -0.04875000 -0.07270021 0.01797866
v -0.04875000 -0.07270021 0.01797866
v -0.04468750 -0.07413575 0.01649428
v -0.04734375 -0.07270021 0.02137709
v -0.04875000 -0.07270021 0.01797866
v -0.04734375 -0.07270021 0.02137709
v -0.05109375 -0.07087403 0.02307631
v -0.05109375 -0.07087403 0.02307631
v -0.04734375 -0.07270021 0.02137709
v -0.04937500 -0.07087403 0.02663100
v -0.05109375 -0.07087403 0.02307631
v -0.04937500 -0.07087403 0.02663100
v -0.05296875 -0.06867676 0.02850600
v -0.05296875 -0.06867676 0.02850600
v -0.04937500 -0.07087403 0.02663100
v -0.05078125 -0.06867676 0.03219741
v -0.05296875 -0.06867676 0.02850600
v -0.05078125 -0.06867676 0.03219741
v -0.05406250 -0.06611817 0.03420912
v -0.05406250 -0.06611817 0.03420912
v -0.05078125 -0.06867676 0.03219741
v -0.05156250 -0.06611817 0.03792006
v -0.05406250 -0.06611817 0.03420912
v -0.05156250 -0.06611817 0.03792006
v -0.05437500 -0.06322754 0.04000991
v -0.05437500 -0.06322754 0.04000991
v -0.05156250 -0.06611817 0.03792006
v -0.05140625 -0.06322754 0.04374037
v -0.05437500 -0.06322754 0.04000991
v -0.05140625 -0.06322754 0.04374037
v -0.05390625 -0.06002441 0.04584975
v -0.05390625 -0.06002441 0.04584975
v -0.05140625 -0.06322754 0.04374037
v -0.05062500 -0.06002441 0.04954116
v -0.05390625 -0.06002441 0.04584975
v -0.05062500 -0.06002441 0.04954116
v -0.05265625 -0.05653808 0.05159194
v -0.05265625 -0.05653808 0.05159194
v -0.05062500 -0.06002441 0.04954116
v -0.04890625 -0.05653808 0.05518569
v -0.03281250 -0.07600098 0.00872084
v -0.03703125 -0.07579590 0.01081069
v -0.03703125 -0.07579590 0.01081069
v -0.04140625 -0.07517090 0.01206069
v -0.03703125 -0.07579590 0.01081069
v -0.04046875 -0.07517090 0.01497084
v -0.04140625 -0.07517090 0.01206069
v -0.04046875 -0.07517090 0.01497084
v -0.04468750 -0.07413575 0.01649428
v -0.04468750 -0.07413575 0.01649428
v -0.04046875 -0.07517090 0.01497084
v -0.04328125 -0.07413575 0.01959975
v -0.04468750 -0.07413575 0.01649428
v -0.04328125 -0.07413575 0.01959975
v -0.04734375 -0.07270021 0.02137709
v -0.04734375 -0.07270021 0.02137709
v -0.04328125 -0.07413575 0.01959975
v -0.04562500 -0.07270021 0.02465834
v -0.04734375 -0.07270021 0.02137709
v -0.04562500 -0.07270021 0.02465834
v -0.04937500 -0.07087403 0.02663100
v -0.04937500 -0.07087403 0.02663100
v -0.04562500 -0.07270021 0.02465834
v -0.04734375 -0.07087403 0.03008803
v -0.04734375 -0.07087403 0.03008803
v -0.05078125 -0.06867676 0.03219741
v -0.04734375 -0.07087403 0.03008803
v -0.04843750 -0.06867676 0.03569350
v -0.04843750 -0.06867676 0.03569350
v -0.05156250 -0.06611817 0.03792006
v -0.04843750 -0.06867676 0.03569350
v -0.04875000 -0.06611817 0.04147475
v -0.04875000 -0.06611817 0.04147475
v -0.05140625 -0.06322754 0.04374037
v -0.04875000 -0.06611817 0.04147475
v -0.04828125 -0.06322754 0.04727553
v -0.05140625 -0.06322754 0.04374037
v -0.04828125 -0.06322754 0.04727553
v -0.05062500 -0.06002441 0.04954116
v -0.05062500 -0.06002441 0.04954116
v -0.04828125 -0.06322754 0.04727553
v -0.04703125 -0.06002441 0.05299819
v -0.04703125 -0.06002441 0.05299819
v -0.03187500 -0.07600098 0.01206069
v -0.03625000 -0.07579590 0.01340834
v -0.03625000 -0.07579590 0.01340834
v -0.04046875 -0.07517090 0.01497084
v -0.03625000 -0.07579590 0.01340834
v -0.03921875 -0.07517090 0.01778334
v -0.03921875 -0.07517090 0.01778334
v -0.04328125 -0.07413575 0.01959975
v -0.03921875 -0.07517090 0.01778334
v -0.04187500 -0.07413575 0.02262709
v -0.04328125 -0.07413575 0.01959975
v -0.04187500 -0.07413575 0.02262709
v -0.04562500 -0.07270021 0.02465834
v -0.04562500 -0.07270021 0.02465834
v -0.04187500 -0.07413575 0.02262709
v -0.04390625 -0.07270021 0.02786147
v -0.04562500 -0.07270021 0.02465834
v -0.04390625 -0.07270021 0.02786147
v -0.04734375 -0.07087403 0.03008803
v -0.04734375 -0.07087403 0.03008803
v -0.04390625 -0.07270021 0.02786147
v -0.04515625 -0.07087403 0.03334975
v -0.04515625 -0.07087403 0.03334975
v -0.04843750 -0.06867676 0.03569350
v -0.04515625 -0.07087403 0.03334975
v -0.04578125 -0.06867676 0.03903334
v -0.04843750 -0.06867676 0.03569350
v -0.04578125 -0.06867676 0.03903334
v -0.04875000 -0.06611817 0.04147475
v -0.04875000 -0.06611817 0.04147475
v -0.04578125 -0.06867676 0.03903334
v -0.04562500 -0.06611817 0.04481459
v -0.04875000 -0.06611817 0.04147475
v -0.04562500 -0.06611817 0.04481459
v -0.04828125 -0.06322754 0.04727553
v -0.04828125 -0.06322754 0.04727553
v -0.04562500 -0.06611817 0.04481459
v -0.04484375 -0.06322754 0.05057631
v -0.04484375 -0.06322754 0.05057631
v -0.03625000 -0.07579590 0.01340834
v -0.03187500 -0.07600098 0.01206069
v -0.03515625 -0.07579590 0.01594741
v -0.03046875 -0.07600098 0.01530287
v -0.03390625 -0.07579590 0.01840834
v -0.02875000 -0.07600098 0.01836928
v -0.03250000 -0.07579590 0.02079116
v -0.03250000 -0.07579590 0.02079116
v -0.02875000 -0.07600098 0.01836928
v -0.03125000 -0.07578614 0.02305678
v -0.03250000 -0.07579590 0.02079116
v -0.03125000 -0.07578614 0.02305678
v -0.03640625 -0.07517090 0.02319350
v -0.03640625 -0.07517090 0.02319350
v -0.03125000 -0.07578614 0.02305678
v -0.03468750 -0.07517090 0.02571303
v -0.03640625 -0.07517090 0.02319350
v -0.03468750 -0.07517090 0.02571303
v -0.03828125 -0.07413575 0.02833022
v -0.03359375 -0.07509278 0.02786147
v -0.03828125 -0.07413575 0.02833022
v -0.03359375 -0.07509278 0.02786147
v -0.03625000 -0.07413575 0.03096694
v -0.03625000 -0.07413575 0.03096694
v -0.03359375 -0.07509278 0.02786147
v -0.03531250 -0.07419435 0.03168959
v -0.03625000 -0.07413575 0.03096694
v -0.03531250 -0.07419435 0.03168959
v -0.03703125 -0.07298340 0.03549819
v -0.03125000 -0.07578614 0.02305678
v -0.03234375 -0.07550293 0.02545913
v -0.03468750 -0.07517090 0.02571303
v -0.03468750 -0.07517090 0.02571303
v -0.03234375 -0.07550293 0.02545913
v -0.03359375 -0.07509278 0.02786147
v -0.03625000 -0.07413575 0.03096694
v -0.03703125 -0.07298340 0.03549819
v -0.03953125 -0.07270021 0.03375991
v -0.03953125 -0.07270021 0.03375991
v -0.03703125 -0.07298340 0.03549819
v -0.03812500 -0.07186035 0.03831069
v -0.03953125 -0.07270021 0.03375991
v -0.03812500 -0.07186035 0.03831069
v -0.04281250 -0.07087403 0.03645522
v -0.04281250 -0.07087403 0.03645522
v -0.03812500 -0.07186035 0.03831069
v -0.04015625 -0.07087403 0.03940444
v -0.04281250 -0.07087403 0.03645522
v -0.04015625 -0.07087403 0.03940444
v -0.04296875 -0.06867676 0.04217787
v -0.04296875 -0.06867676 0.04217787
v -0.04015625 -0.07087403 0.03940444
v -0.03937500 -0.07055176 0.04106459
v -0.04296875 -0.06867676 0.04217787
v -0.03937500 -0.07055176 0.04106459
v -0.04078125 -0.06854982 0.04463881
v -0.03812500 -0.07186035 0.03831069
v -0.03937500 -0.07055176 0.04106459
v -0.04015625 -0.07087403 0.03940444
v -0.04203125 -0.06624512 0.04803725
v -0.04281250 -0.06479982 0.04991225
v -0.04250000 -0.06611817 0.04793959
v -0.04562500 -0.05648926 0.05799819
v -0.04656250 -0.05279785 0.06059584
v -0.05093750 -0.05279785 0.05700209
v -0.07218750 -0.05279785 0.02467788
v -0.07375000 -0.05279785 0.01934584
v -0.07062500 -0.05653808 0.02047866
v -0.07062500 -0.05653808 0.02047866
v -0.07375000 -0.05279785 0.01934584
v -0.07187500 -0.05653808 0.01543959
v -0.07062500 -0.05653808 0.02047866
v -0.07187500 -0.05653808 0.01543959
v -0.06906250 -0.06002441 0.01483412
v -0.06906250 -0.06002441 0.01483412
v -0.07187500 -0.05653808 0.01543959
v -0.07000000 -0.06002441 0.00993178
v -0.06906250 -0.06002441 0.01483412
v -0.07000000 -0.06002441 0.00993178
v -0.06671875 -0.06322754 0.00948256
v -0.06671875 -0.06322754 0.00948256
v -0.07000000 -0.06002441 0.00993178
v -0.06718750 -0.06322754 0.00475600
v -0.06671875 -0.06322754 0.00948256
v -0.06718750 -0.06322754 0.00475600
v -0.06375000 -0.06611817 0.00450209
v -0.06375000 -0.06611817 0.00450209
v -0.06718750 -0.06322754 0.00475600
v -0.06390625 -0.06611817 0.00000991
v -0.06390625 -0.06611817 0.00000991
v -0.06000000 -0.06867676 0.00000991
v -0.06390625 -0.06611817 0.00000991
v -0.05984375 -0.06867676 -0.00422838
v -0.05984375 -0.06867676 -0.00422838
v -0.05593750 -0.07087403 -0.00395494
v -0.05984375 -0.06867676 -0.00422838
v -0.05546875 -0.07087403 -0.00790025
v -0.05593750 -0.07087403 -0.00395494
v -0.05546875 -0.07087403 -0.00790025
v -0.05140625 -0.07270021 -0.00731431
v -0.05140625 -0.07270021 -0.00731431
v -0.05546875 -0.07087403 -0.00790025
v -0.05078125 -0.07270021 -0.01092759
v -0.05140625 -0.07270021 -0.00731431
v -0.05078125 -0.07270021 -0.01092759
v -0.04640625 -0.07413575 -0.01002916
v -0.04640625 -0.07413575 -0.01002916
v -0.05078125 -0.07270021 -0.01092759
v -0.04562500 -0.07413575 -0.01329088
v -0.04640625 -0.07413575 -0.01002916
v -0.04562500 -0.07413575 -0.01329088
v -0.04140625 -0.07517090 -0.01206041
v -0.04140625 -0.07517090 -0.01206041
v -0.04562500 -0.07413575 -0.01329088
v -0.04046875 -0.07517090 -0.01495103
v -0.04046875 -0.07517090 -0.01495103
v -0.03625000 -0.07579590 -0.01340806
v -0.04046875 -0.07517090 -0.01495103
v -0.03515625 -0.07579590 -0.01594713
v -0.07375000 -0.05279785 0.01934584
v -0.07500000 -0.05279785 0.01387709
v -0.07187500 -0.05653808 0.01543959
v -0.07187500 -0.05653808 0.01543959
v -0.07500000 -0.05279785 0.01387709
v -0.07281250 -0.05653808 0.01034194
v -0.07187500 -0.05653808 0.01543959
v -0.07281250 -0.05653808 0.01034194
v -0.07000000 -0.06002441 0.00993178
v -0.07000000 -0.06002441 0.00993178
v -0.07281250 -0.05653808 0.01034194
v -0.07046875 -0.06002441 0.00497084
v -0.07046875 -0.06002441 0.00497084
v -0.06718750 -0.06322754 0.00475600
v -0.07046875 -0.06002441 0.00497084
v -0.06734375 -0.06322754 0.00000991
v -0.06734375 -0.06322754 0.00000991
v -0.06390625 -0.06611817 0.00000991
v -0.06734375 -0.06322754 0.00000991
v -0.06375000 -0.06611817 -0.00450181
v -0.06375000 -0.06611817 -0.00450181
v -0.05984375 -0.06867676 -0.00422838
v -0.06375000 -0.06611817 -0.00450181
v -0.05953125 -0.06867676 -0.00844713
v -0.05984375 -0.06867676 -0.00422838
v -0.05953125 -0.06867676 -0.00844713
v -0.05546875 -0.07087403 -0.00790025
v -0.05546875 -0.07087403 -0.00790025
v -0.05953125 -0.06867676 -0.00844713
v -0.05484375 -0.07087403 -0.01178697
v -0.05546875 -0.07087403 -0.00790025
v -0.05484375 -0.07087403 -0.01178697
v -0.05078125 -0.07270021 -0.01092759
v -0.05078125 -0.07270021 -0.01092759
v -0.05484375 -0.07087403 -0.01178697
v -0.04984375 -0.07270021 -0.01448228
v -0.05078125 -0.07270021 -0.01092759
v -0.04984375 -0.07270021 -0.01448228
v -0.04562500 -0.07413575 -0.01329088
v -0.04562500 -0.07413575 -0.01329088
v -0.04984375 -0.07270021 -0.01448228
v -0.04468750 -0.07413575 -0.01647447
v -0.04562500 -0.07413575 -0.01329088
v -0.04468750 -0.07413575 -0.01647447
v -0.04046875 -0.07517090 -0.01495103
v -0.04046875 -0.07517090 -0.01495103
v -0.04468750 -0.07413575 -0.01647447
v -0.03921875 -0.07517090 -0.01778306
v -0.04046875 -0.07517090 -0.01495103
v -0.03921875 -0.07517090 -0.01778306
v -0.03515625 -0.07579590 -0.01594713
v -0.03515625 -0.07579590 -0.01594713
v -0.03921875 -0.07517090 -0.01778306
v -0.03390625 -0.07579590 -0.01840806
v -0.07500000 -0.05279785 0.01387709
v -0.07578125 -0.05279785 0.00836928
v -0.07281250 -0.05653808 0.01034194
v -0.07281250 -0.05653808 0.01034194
v -0.07578125 -0.05279785 0.00836928
v -0.07343750 -0.05653808 0.00518569
v -0.07281250 -0.05653808 0.01034194
v -0.07343750 -0.05653808 0.00518569
v -0.07046875 -0.06002441 0.00497084
v -0.07046875 -0.06002441 0.00497084
v -0.07343750 -0.05653808 0.00518569
v -0.07062500 -0.06002441 0.00000991
v -0.07062500 -0.06002441 0.00000991
v -0.06734375 -0.06322754 0.00000991
v -0.07062500 -0.06002441 0.00000991
v -0.06718750 -0.06322754 -0.00475572
v -0.06718750 -0.06322754 -0.00475572
v -0.06375000 -0.06611817 -0.00450181
v -0.06718750 -0.06322754 -0.00475572
v -0.06328125 -0.06611817 -0.00897447
v -0.06375000 -0.06611817 -0.00450181
v -0.06328125 -0.06611817 -0.00897447
v -0.05953125 -0.06867676 -0.00844713
v -0.05953125 -0.06867676 -0.00844713
v -0.06328125 -0.06611817 -0.00897447
v -0.05875000 -0.06867676 -0.01262681
v -0.05953125 -0.06867676 -0.00844713
v -0.05875000 -0.06867676 -0.01262681
v -0.05484375 -0.07087403 -0.01178697
v -0.05484375 -0.07087403 -0.01178697
v -0.05875000 -0.06867676 -0.01262681
v -0.05390625 -0.07087403 -0.01563463
v -0.05484375 -0.07087403 -0.01178697
v -0.05390625 -0.07087403 -0.01563463
v -0.04984375 -0.07270021 -0.01448228
v -0.04984375 -0.07270021 -0.01448228
v -0.05390625 -0.07087403 -0.01563463
v -0.04875000 -0.07270021 -0.01797838
v -0.04875000 -0.07270021 -0.01797838
v -0.04468750 -0.07413575 -0.01647447
v -0.04875000 -0.07270021 -0.01797838
v -0.04328125 -0.07413575 -0.01959947
v -0.04328125 -0.07413575 -0.01959947
v -0.03796875 -0.07517090 -0.02053697
v -0.03796875 -0.07517090 -0.02053697
v -0.03390625 -0.07579590 -0.01840806
v -0.03796875 -0.07517090 -0.02053697
v -0.07578125 -0.05279785 0.00836928
v -0.07609375 -0.05279785 0.00278334
v -0.07343750 -0.05653808 0.00518569
v -0.07343750 -0.05653808 0.00518569
v -0.07609375 -0.05279785 0.00278334
v -0.07359375 -0.05653808 0.00000991
v -0.07359375 -0.05653808 0.00000991
v -0.07062500 -0.06002441 0.00000991
v -0.07359375 -0.05653808 0.00000991
v -0.07046875 -0.06002441 -0.00497056
v -0.07046875 -0.06002441 -0.00497056
v -0.06718750 -0.06322754 -0.00475572
v -0.07046875 -0.06002441 -0.00497056
v -0.06671875 -0.06322754 -0.00948228
v -0.06718750 -0.06322754 -0.00475572
v -0.06671875 -0.06322754 -0.00948228
v -0.06328125 -0.06611817 -0.00897447
v -0.06328125 -0.06611817 -0.00897447
v -0.06671875 -0.06322754 -0.00948228
v -0.06234375 -0.06611817 -0.01340806
v -0.06328125 -0.06611817 -0.00897447
v -0.06234375 -0.06611817 -0.01340806
v -0.05875000 -0.06867676 -0.01262681
v -0.05875000 -0.06867676 -0.01262681
v -0.06234375 -0.06611817 -0.01340806
v -0.05765625 -0.06867676 -0.01674791
v -0.05875000 -0.06867676 -0.01262681
v -0.05765625 -0.06867676 -0.01674791
v -0.05390625 -0.07087403 -0.01563463
v -0.05390625 -0.07087403 -0.01563463
v -0.05765625 -0.06867676 -0.01674791
v -0.05265625 -0.07087403 -0.01940416
v -0.05390625 -0.07087403 -0.01563463
v -0.05265625 -0.07087403 -0.01940416
v -0.04875000 -0.07270021 -0.01797838
v -0.04875000 -0.07270021 -0.01797838
v -0.05265625 -0.07087403 -0.01940416
v -0.04734375 -0.07270021 -0.02137681
v -0.04875000 -0.07270021 -0.01797838
v -0.04734375 -0.07270021 -0.02137681
v -0.04328125 -0.07413575 -0.01959947
v -0.04328125 -0.07413575 -0.01959947
v -0.04734375 -0.07270021 -0.02137681
v -0.04187500 -0.07413575 -0.02262681
v -0.04328125 -0.07413575 -0.01959947
v -0.04187500 -0.07413575 -0.02262681
v -0.03796875 -0.07517090 -0.02053697
v -0.03796875 -0.07517090 -0.02053697
v -0.04187500 -0.07413575 -0.02262681
v -0.04015625 -0.07413575 -0.02555650
v -0.03640625 -0.07517090 -0.02319322
v -0.04015625 -0.07413575 -0.02555650
v -0.07609375 -0.05279785 0.00278334
v -0.07609375 -0.05279785 -0.00278306
v -0.07359375 -0.05653808 0.00000991
v -0.07359375 -0.05653808 0.00000991
v -0.07609375 -0.05279785 -0.00278306
v -0.07343750 -0.05653808 -0.00518541
v -0.07343750 -0.05653808 -0.00518541
v -0.07046875 -0.06002441 -0.00497056
v -0.07343750 -0.05653808 -0.00518541
v -0.07000000 -0.06002441 -0.00993150
v -0.07000000 -0.06002441 -0.00993150
v -0.06671875 -0.06322754 -0.00948228
v -0.07000000 -0.06002441 -0.00993150
v -0.06593750 -0.06322754 -0.01415025
v -0.06671875 -0.06322754 -0.00948228
v -0.06593750 -0.06322754 -0.01415025
v -0.06234375 -0.06611817 -0.01340806
v -0.06234375 -0.06611817 -0.01340806
v -0.06593750 -0.06322754 -0.01415025
v -0.06140625 -0.06611817 -0.01778306
v -0.06234375 -0.06611817 -0.01340806
v -0.06140625 -0.06611817 -0.01778306
v -0.05765625 -0.06867676 -0.01674791
v -0.05765625 -0.06867676 -0.01674791
v -0.06140625 -0.06611817 -0.01778306
v -0.05640625 -0.06867676 -0.02077134
v -0.05765625 -0.06867676 -0.01674791
v -0.05640625 -0.06867676 -0.02077134
v -0.05265625 -0.07087403 -0.01940416
v -0.05265625 -0.07087403 -0.01940416
v -0.05640625 -0.06867676 -0.02077134
v -0.05109375 -0.07087403 -0.02307603
v -0.05265625 -0.07087403 -0.01940416
v -0.05109375 -0.07087403 -0.02307603
v -0.04734375 -0.07270021 -0.02137681
v -0.04734375 -0.07270021 -0.02137681
v -0.05109375 -0.07087403 -0.02307603
v -0.04562500 -0.07270021 -0.02465806
v -0.04734375 -0.07270021 -0.02137681
v -0.04562500 -0.07270021 -0.02465806
v -0.04187500 -0.07413575 -0.02262681
v -0.04390625 -0.07270021 -0.02786119
v -0.04187500 -0.07413575 -0.02262681
v -0.04390625 -0.07270021 -0.02786119
v -0.04015625 -0.07413575 -0.02555650
v -0.04015625 -0.07413575 -0.02555650
v -0.04390625 -0.07270021 -0.02786119
v -0.04187500 -0.07270021 -0.03086900
v -0.03828125 -0.07413575 -0.02832994
v -0.03828125 -0.07413575 -0.02832994
v -0.04187500 -0.07270021 -0.03086900
v -0.03625000 -0.07413575 -0.03096666
v -0.07609375 -0.05279785 -0.00278306
v -0.07578125 -0.05279785 -0.00836900
v -0.07343750 -0.05653808 -0.00518541
v -0.07343750 -0.05653808 -0.00518541
v -0.07578125 -0.05279785 -0.00836900
v -0.07281250 -0.05653808 -0.01034166
v -0.07343750 -0.05653808 -0.00518541
v -0.07281250 -0.05653808 -0.01034166
v -0.07000000 -0.06002441 -0.00993150
v -0.07000000 -0.06002441 -0.00993150
v -0.07281250 -0.05653808 -0.01034166
v -0.06906250 -0.06002441 -0.01483384
v -0.07000000 -0.06002441 -0.00993150
v -0.06906250 -0.06002441 -0.01483384
v -0.06593750 -0.06322754 -0.01415025
v -0.06593750 -0.06322754 -0.01415025
v -0.06906250 -0.06002441 -0.01483384
v -0.06468750 -0.06322754 -0.01875963
v -0.06593750 -0.06322754 -0.01415025
v -0.06468750 -0.06322754 -0.01875963
v -0.06140625 -0.06611817 -0.01778306
v -0.06140625 -0.06611817 -0.01778306
v -0.06468750 -0.06322754 -0.01875963
v -0.06000000 -0.06611817 -0.02207994
v -0.06140625 -0.06611817 -0.01778306
v -0.06000000 -0.06611817 -0.02207994
v -0.05640625 -0.06867676 -0.02077134
v -0.05640625 -0.06867676 -0.02077134
v -0.06000000 -0.06611817 -0.02207994
v -0.05484375 -0.06867676 -0.02469713
v -0.05640625 -0.06867676 -0.02077134
v -0.05484375 -0.06867676 -0.02469713
v -0.05109375 -0.07087403 -0.02307603
v -0.05109375 -0.07087403 -0.02307603
v -0.05484375 -0.06867676 -0.02469713
v -0.04937500 -0.07087403 -0.02663072
v -0.05109375 -0.07087403 -0.02307603
v -0.04937500 -0.07087403 -0.02663072
v -0.04562500 -0.07270021 -0.02465806
v -0.04562500 -0.07270021 -0.02465806
v -0.04937500 -0.07087403 -0.02663072
v -0.04734375 -0.07087403 -0.03006822
v -0.04734375 -0.07087403 -0.03006822
v -0.04390625 -0.07270021 -0.02786119
v -0.04390625 -0.07270021 -0.02786119
v -0.04734375 -0.07087403 -0.03006822
v -0.04515625 -0.07087403 -0.03334947
v -0.04187500 -0.07270021 -0.03086900
v -0.04187500 -0.07270021 -0.03086900
v -0.04515625 -0.07087403 -0.03334947
v -0.03953125 -0.07270021 -0.03375962
v -0.04187500 -0.07270021 -0.03086900
v -0.03953125 -0.07270021 -0.03375962
v -0.03625000 -0.07413575 -0.03096666
v -0.07578125 -0.05279785 -0.00836900
v -0.07500000 -0.05279785 -0.01387681
v -0.07281250 -0.05653808 -0.01034166
v -0.07281250 -0.05653808 -0.01034166
v -0.07500000 -0.05279785 -0.01387681
v -0.07187500 -0.05653808 -0.01543931
v -0.07281250 -0.05653808 -0.01034166
v -0.07187500 -0.05653808 -0.01543931
v -0.06906250 -0.06002441 -0.01483384
v -0.06906250 -0.06002441 -0.01483384
v -0.07187500 -0.05653808 -0.01543931
v -0.06781250 -0.06002441 -0.01965806
v -0.06906250 -0.06002441 -0.01483384
v -0.06781250 -0.06002441 -0.01965806
v -0.06468750 -0.06322754 -0.01875963
v -0.06468750 -0.06322754 -0.01875963
v -0.06781250 -0.06002441 -0.01965806
v -0.06328125 -0.06322754 -0.02329088
v -0.06468750 -0.06322754 -0.01875963
v -0.06328125 -0.06322754 -0.02329088
v -0.06000000 -0.06611817 -0.02207994
v -0.06000000 -0.06611817 -0.02207994
v -0.06328125 -0.06322754 -0.02329088
v -0.05828125 -0.06611817 -0.02624009
v -0.05828125 -0.06611817 -0.02624009
v -0.05484375 -0.06867676 -0.02469713
v -0.05828125 -0.06611817 -0.02624009
v -0.05296875 -0.06867676 -0.02850572
v -0.05296875 -0.06867676 -0.02850572
v -0.04937500 -0.07087403 -0.02663072
v -0.05296875 -0.06867676 -0.02850572
v -0.05078125 -0.06867676 -0.03219712
v -0.04734375 -0.07087403 -0.03006822
v -0.04734375 -0.07087403 -0.03006822
v -0.05078125 -0.06867676 -0.03219712
v -0.04843750 -0.06867676 -0.03569322
v -0.04515625 -0.07087403 -0.03334947
v -0.04515625 -0.07087403 -0.03334947
v -0.04843750 -0.06867676 -0.03569322
v -0.04281250 -0.07087403 -0.03645494
v -0.04515625 -0.07087403 -0.03334947
v -0.04281250 -0.07087403 -0.03645494
v -0.03953125 -0.07270021 -0.03375962
v -0.07500000 -0.05279785 -0.01387681
v -0.07375000 -0.05279785 -0.01934556
v -0.07187500 -0.05653808 -0.01543931
v -0.07187500 -0.05653808 -0.01543931
v -0.07375000 -0.05279785 -0.01934556
v -0.07062500 -0.05653808 -0.02047838
v -0.07187500 -0.05653808 -0.01543931
v -0.07062500 -0.05653808 -0.02047838
v -0.06781250 -0.06002441 -0.01965806
v -0.06781250 -0.06002441 -0.01965806
v -0.07062500 -0.05653808 -0.02047838
v -0.06625000 -0.06002441 -0.02440416
v -0.06781250 -0.06002441 -0.01965806
v -0.06625000 -0.06002441 -0.02440416
v -0.06328125 -0.06322754 -0.02329088
v -0.06328125 -0.06322754 -0.02329088
v -0.06625000 -0.06002441 -0.02440416
v -0.06140625 -0.06322754 -0.02768541
v -0.06328125 -0.06322754 -0.02329088
v -0.06140625 -0.06322754 -0.02768541
v -0.05828125 -0.06611817 -0.02624009
v -0.05828125 -0.06611817 -0.02624009
v -0.06140625 -0.06322754 -0.02768541
v -0.05625000 -0.06611817 -0.03030259
v -0.05828125 -0.06611817 -0.02624009
v -0.05625000 -0.06611817 -0.03030259
v -0.05296875 -0.06867676 -0.02850572
v -0.05296875 -0.06867676 -0.02850572
v -0.05625000 -0.06611817 -0.03030259
v -0.05406250 -0.06611817 -0.03420884
v -0.05296875 -0.06867676 -0.02850572
v -0.05406250 -0.06611817 -0.03420884
v -0.05078125 -0.06867676 -0.03219712
v -0.05078125 -0.06867676 -0.03219712
v -0.05406250 -0.06611817 -0.03420884
v -0.05156250 -0.06611817 -0.03791978
v -0.04843750 -0.06867676 -0.03569322
v -0.04843750 -0.06867676 -0.03569322
v -0.05156250 -0.06611817 -0.03791978
v -0.04578125 -0.06867676 -0.03903306
v -0.04843750 -0.06867676 -0.03569322
v -0.04578125 -0.06867676 -0.03903306
v -0.04281250 -0.07087403 -0.03645494
v -0.04281250 -0.07087403 -0.03645494
v -0.04578125 -0.06867676 -0.03903306
v -0.04015625 -0.07087403 -0.03940415
v -0.07375000 -0.05279785 -0.01934556
v -0.07218750 -0.05279785 -0.02467759
v -0.07062500 -0.05653808 -0.02047838
v -0.07062500 -0.05653808 -0.02047838
v -0.07218750 -0.05279785 -0.02467759
v -0.06906250 -0.05653808 -0.02540025
v -0.07062500 -0.05653808 -0.02047838
v -0.06906250 -0.05653808 -0.02540025
v -0.06625000 -0.06002441 -0.02440416
v -0.06625000 -0.06002441 -0.02440416
v -0.06906250 -0.05653808 -0.02540025
v -0.06437500 -0.06002441 -0.02901353
v -0.06625000 -0.06002441 -0.02440416
v -0.06437500 -0.06002441 -0.02901353
v -0.06140625 -0.06322754 -0.02768541
v -0.06140625 -0.06322754 -0.02768541
v -0.06437500 -0.06002441 -0.02901353
v -0.05937500 -0.06322754 -0.03196275
v -0.06140625 -0.06322754 -0.02768541
v -0.05937500 -0.06322754 -0.03196275
v -0.05625000 -0.06611817 -0.03030259
v -0.05625000 -0.06611817 -0.03030259
v -0.05937500 -0.06322754 -0.03196275
v -0.05703125 -0.06322754 -0.03608384
v -0.05625000 -0.06611817 -0.03030259
v -0.05703125 -0.06322754 -0.03608384
v -0.05406250 -0.06611817 -0.03420884
v -0.05406250 -0.06611817 -0.03420884
v -0.05703125 -0.06322754 -0.03608384
v -0.05437500 -0.06322754 -0.04000962
v -0.05156250 -0.06611817 -0.03791978
v -0.05156250 -0.06611817 -0.03791978
v -0.05437500 -0.06322754 -0.04000962
v -0.04875000 -0.06611817 -0.04147447
v -0.05156250 -0.06611817 -0.03791978
v -0.04875000 -0.06611817 -0.04147447
v -0.04578125 -0.06867676 -0.03903306
v -0.04578125 -0.06867676 -0.03903306
v -0.04875000 -0.06611817 -0.04147447
v -0.04296875 -0.06867676 -0.04217759
v -0.04578125 -0.06867676 -0.03903306
v -0.04296875 -0.06867676 -0.04217759
v -0.04015625 -0.07087403 -0.03940415
v -0.07218750 -0.05279785 -0.02467759
v -0.07015625 -0.05279785 -0.02991197
v -0.06906250 -0.05653808 -0.02540025
v -0.06718750 -0.05653808 -0.03022447
v -0.06906250 -0.05653808 -0.02540025
v -0.06718750 -0.05653808 -0.03022447
v -0.06437500 -0.06002441 -0.02901353
v -0.06437500 -0.06002441 -0.02901353
v -0.06718750 -0.05653808 -0.03022447
v -0.06218750 -0.06002441 -0.03348619
v -0.06437500 -0.06002441 -0.02901353
v -0.06218750 -0.06002441 -0.03348619
v -0.05937500 -0.06322754 -0.03196275
v -0.05937500 -0.06322754 -0.03196275
v -0.06218750 -0.06002441 -0.03348619
v -0.05968750 -0.06002441 -0.03780259
v -0.05937500 -0.06322754 -0.03196275
v -0.05968750 -0.06002441 -0.03780259
v -0.05703125 -0.06322754 -0.03608384
v -0.05703125 -0.06322754 -0.03608384
v -0.05968750 -0.06002441 -0.03780259
v -0.05703125 -0.06002441 -0.04192369
v -0.05703125 -0.06322754 -0.03608384
v -0.05703125 -0.06002441 -0.04192369
v -0.05437500 -0.06322754 -0.04000962
v -0.05437500 -0.06322754 -0.04000962
v -0.05703125 -0.06002441 -0.04192369
v -0.05140625 -0.06322754 -0.04374009
v -0.05437500 -0.06322754 -0.04000962
v -0.05140625 -0.06322754 -0.04374009
v -0.04875000 -0.06611817 -0.04147447
v -0.04875000 -0.06611817 -0.04147447
v -0.05140625 -0.06322754 -0.04374009
v -0.04562500 -0.06611817 -0.04481431
v -0.04875000 -0.06611817 -0.04147447
v -0.04562500 -0.06611817 -0.04481431
v -0.04296875 -0.06867676 -0.04217759
v -0.07015625 -0.05279785 -0.02991197
v -0.06781250 -0.05279785 -0.03497056
v -0.06718750 -0.05653808 -0.03022447
v -0.06718750 -0.05653808 -0.03022447
v -0.06781250 -0.05279785 -0.03497056
v -0.06484375 -0.05653808 -0.03487290
v -0.06718750 -0.05653808 -0.03022447
v -0.06484375 -0.05653808 -0.03487290
v -0.06218750 -0.06002441 -0.03348619
v -0.06218750 -0.06002441 -0.03348619
v -0.06484375 -0.05653808 -0.03487290
v -0.06234375 -0.05653808 -0.03936509
v -0.06218750 -0.06002441 -0.03348619
v -0.06234375 -0.05653808 -0.03936509
v -0.05968750 -0.06002441 -0.03780259
v -0.05968750 -0.06002441 -0.03780259
v -0.06234375 -0.05653808 -0.03936509
v -0.05937500 -0.05653808 -0.04366197
v -0.05968750 -0.06002441 -0.03780259
v -0.05937500 -0.05653808 -0.04366197
v -0.05703125 -0.06002441 -0.04192369
v -0.05703125 -0.06002441 -0.04192369
v -0.05937500 -0.05653808 -0.04366197
v -0.05390625 -0.06002441 -0.04584947
v -0.05390625 -0.06002441 -0.04584947
v -0.05140625 -0.06322754 -0.04374009
v -0.05390625 -0.06002441 -0.04584947
v -0.04828125 -0.06322754 -0.04727525
v -0.05140625 -0.06322754 -0.04374009
v -0.04828125 -0.06322754 -0.04727525
v -0.04562500 -0.06611817 -0.04481431
v -0.06781250 -0.05279785 -0.03497056
v -0.06500000 -0.05279785 -0.03983384
v -0.06484375 -0.05653808 -0.03487290
v -0.06484375 -0.05653808 -0.03487290
v -0.06500000 -0.05279785 -0.03983384
v -0.06234375 -0.05653808 -0.03936509
v -0.06500000 -0.05279785 -0.03983384
v -0.06203125 -0.05279785 -0.04450181
v -0.06234375 -0.05653808 -0.03936509
v -0.06234375 -0.05653808 -0.03936509
v -0.06203125 -0.05279785 -0.04450181
v -0.05937500 -0.05653808 -0.04366197
v -0.06203125 -0.05279785 -0.04450181
v -0.05859375 -0.05279785 -0.04893540
v -0.05937500 -0.05653808 -0.04366197
v -0.05937500 -0.05653808 -0.04366197
v -0.05859375 -0.05279785 -0.04893540
v -0.05609375 -0.05653808 -0.04774400
v -0.05609375 -0.05653808 -0.04774400
v -0.05390625 -0.06002441 -0.04584947
v -0.05609375 -0.05653808 -0.04774400
v -0.05062500 -0.06002441 -0.04954087
v -0.05390625 -0.06002441 -0.04584947
v -0.05062500 -0.06002441 -0.04954087
v -0.04828125 -0.06322754 -0.04727525
v -0.05859375 -0.05279785 -0.04893540
v -0.05484375 -0.05279785 -0.05311509
v -0.05609375 -0.05653808 -0.04774400
v -0.05265625 -0.05653808 -0.05159165
v -0.05609375 -0.05653808 -0.04774400
v -0.05265625 -0.05653808 -0.05159165
v -0.05062500 -0.06002441 -0.04954087
v -0.05484375 -0.05279785 -0.05311509
v -0.05093750 -0.05279785 -0.05700181
v -0.05265625 -0.05653808 -0.05159165
v -0.03859375 -0.07579590 0.00000991
v -0.04312500 -0.07517090 0.00000991
v -0.03843750 -0.07579590 -0.00274400
v -0.04296875 -0.07517090 -0.00305650
v -0.03843750 -0.07579590 -0.00274400
v -0.04296875 -0.07517090 -0.00305650
v -0.03812500 -0.07579590 -0.00545884
v -0.04312500 -0.07517090 0.00000991
v -0.04750000 -0.07413575 0.00000991
v -0.04312500 -0.07517090 0.00000991
v -0.04734375 -0.07413575 0.00336928
v -0.04734375 -0.07413575 0.00336928
v -0.05171875 -0.07270021 0.00366225
v -0.04734375 -0.07413575 0.00336928
v -0.05140625 -0.07270021 0.00731459
v -0.05171875 -0.07270021 0.00366225
v -0.05140625 -0.07270021 0.00731459
v -0.05546875 -0.07087403 0.00790053
v -0.05546875 -0.07087403 0.00790053
v -0.05140625 -0.07270021 0.00731459
v -0.05484375 -0.07087403 0.01178725
v -0.05546875 -0.07087403 0.00790053
v -0.05484375 -0.07087403 0.01178725
v -0.05875000 -0.06867676 0.01262709
v -0.05875000 -0.06867676 0.01262709
v -0.05484375 -0.07087403 0.01178725
v -0.05765625 -0.06867676 0.01674819
v -0.05875000 -0.06867676 0.01262709
v -0.05765625 -0.06867676 0.01674819
v -0.06140625 -0.06611817 0.01778334
v -0.06140625 -0.06611817 0.01778334
v -0.05765625 -0.06867676 0.01674819
v -0.06000000 -0.06611817 0.02208022
v -0.06140625 -0.06611817 0.01778334
v -0.06000000 -0.06611817 0.02208022
v -0.06328125 -0.06322754 0.02329116
v -0.06328125 -0.06322754 0.02329116
v -0.06000000 -0.06611817 0.02208022
v -0.06140625 -0.06322754 0.02768569
v -0.06328125 -0.06322754 0.02329116
v -0.06140625 -0.06322754 0.02768569
v -0.06437500 -0.06002441 0.02901381
v -0.06437500 -0.06002441 0.02901381
v -0.06140625 -0.06322754 0.02768569
v -0.06218750 -0.06002441 0.03348647
v -0.06437500 -0.06002441 0.02901381
v -0.06218750 -0.06002441 0.03348647
v -0.06484375 -0.05653808 0.03487319
v -0.06484375 -0.05653808 0.03487319
v -0.06218750 -0.06002441 0.03348647
v -0.06234375 -0.05653808 0.03936537
v -0.04312500 -0.07517090 0.00000991
v -0.03859375 -0.07579590 0.00000991
v -0.04296875 -0.07517090 0.00305678
v -0.03843750 -0.07579590 0.00274428
v -0.04265625 -0.07517090 0.00608413
v -0.04265625 -0.07517090 0.00608413
v -0.03843750 -0.07579590 0.00274428
v -0.04296875 -0.07517090 0.00305678
v -0.04734375 -0.07413575 0.00336928
v -0.04296875 -0.07517090 0.00305678
v -0.04703125 -0.07413575 0.00670913
v -0.04703125 -0.07413575 0.00670913
v -0.05140625 -0.07270021 0.00731459
v -0.04703125 -0.07413575 0.00670913
v -0.05078125 -0.07270021 0.01092787
v -0.05140625 -0.07270021 0.00731459
v -0.05078125 -0.07270021 0.01092787
v -0.05484375 -0.07087403 0.01178725
v -0.05484375 -0.07087403 0.01178725
v -0.05078125 -0.07270021 0.01092787
v -0.05390625 -0.07087403 0.01563491
v -0.05484375 -0.07087403 0.01178725
v -0.05390625 -0.07087403 0.01563491
v -0.05765625 -0.06867676 0.01674819
v -0.05765625 -0.06867676 0.01674819
v -0.05390625 -0.07087403 0.01563491
v -0.05640625 -0.06867676 0.02077163
v -0.05765625 -0.06867676 0.01674819
v -0.05640625 -0.06867676 0.02077163
v -0.06000000 -0.06611817 0.02208022
v -0.06000000 -0.06611817 0.02208022
v -0.05640625 -0.06867676 0.02077163
v -0.05828125 -0.06611817 0.02624038
v -0.05828125 -0.06611817 0.02624038
v -0.06140625 -0.06322754 0.02768569
v -0.05828125 -0.06611817 0.02624038
v -0.05937500 -0.06322754 0.03196303
v -0.06140625 -0.06322754 0.02768569
v -0.05937500 -0.06322754 0.03196303
v -0.06218750 -0.06002441 0.03348647
v -0.06218750 -0.06002441 0.03348647
v -0.05937500 -0.06322754 0.03196303
v -0.05968750 -0.06002441 0.03780287
v -0.06218750 -0.06002441 0.03348647
v -0.05968750 -0.06002441 0.03780287
v -0.06234375 -0.05653808 0.03936537
v -0.06234375 -0.05653808 0.03936537
v -0.05968750 -0.06002441 0.03780287
v -0.05937500 -0.05653808 0.04366225
v -0.04265625 -0.07517090 0.00608413
v -0.04703125 -0.07413575 0.00670913
v -0.04265625 -0.07517090 0.00608413
v -0.04640625 -0.07413575 0.01002944
v -0.04640625 -0.07413575 0.01002944
v -0.04265625 -0.07517090 0.00608413
v -0.04218750 -0.07517090 0.00909194
v -0.04640625 -0.07413575 0.01002944
v -0.04218750 -0.07517090 0.00909194
v -0.04562500 -0.07413575 0.01329116
v -0.04703125 -0.07413575 0.00670913
v -0.04640625 -0.07413575 0.01002944
v -0.05078125 -0.07270021 0.01092787
v -0.05078125 -0.07270021 0.01092787
v -0.04640625 -0.07413575 0.01002944
v -0.04984375 -0.07270021 0.01448256
v -0.05078125 -0.07270021 0.01092787
v -0.04984375 -0.07270021 0.01448256
v -0.05390625 -0.07087403 0.01563491
v -0.05390625 -0.07087403 0.01563491
v -0.04984375 -0.07270021 0.01448256
v -0.05265625 -0.07087403 0.01940444
v -0.05390625 -0.07087403 0.01563491
v -0.05265625 -0.07087403 0.01940444
v -0.05640625 -0.06867676 0.02077163
v -0.05640625 -0.06867676 0.02077163
v -0.05265625 -0.07087403 0.01940444
v -0.05484375 -0.06867676 0.02469741
v -0.05640625 -0.06867676 0.02077163
v -0.05484375 -0.06867676 0.02469741
v -0.05828125 -0.06611817 0.02624038
v -0.05828125 -0.06611817 0.02624038
v -0.05484375 -0.06867676 0.02469741
v -0.05625000 -0.06611817 0.03030288
v -0.05828125 -0.06611817 0.02624038
v -0.05625000 -0.06611817 0.03030288
v -0.05937500 -0.06322754 0.03196303
v -0.05937500 -0.06322754 0.03196303
v -0.05625000 -0.06611817 0.03030288
v -0.05703125 -0.06322754 0.03608412
v -0.05937500 -0.06322754 0.03196303
v -0.05703125 -0.06322754 0.03608412
v -0.05968750 -0.06002441 0.03780287
v -0.05968750 -0.06002441 0.03780287
v -0.05703125 -0.06322754 0.03608412
v -0.05703125 -0.06002441 0.04192397
v -0.05968750 -0.06002441 0.03780287
v -0.05703125 -0.06002441 0.04192397
v -0.05937500 -0.05653808 0.04366225
v -0.05937500 -0.05653808 0.04366225
v -0.05703125 -0.06002441 0.04192397
v -0.05609375 -0.05653808 0.04774428
v -0.04984375 -0.07270021 0.01448256
v -0.04640625 -0.07413575 0.01002944
v -0.04562500 -0.07413575 0.01329116
v -0.05265625 -0.07087403 0.01940444
v -0.04984375 -0.07270021 0.01448256
v -0.04875000 -0.07270021 0.01797866
v -0.04984375 -0.07270021 0.01448256
v -0.03625000 -0.07579590 0.01340834
v -0.03515625 -0.07579590 0.01594741
v -0.03921875 -0.07517090 0.01778334
v -0.03515625 -0.07579590 0.01594741
v -0.03796875 -0.07517090 0.02053725
v -0.03796875 -0.07517090 0.02053725
v -0.04187500 -0.07413575 0.02262709
v -0.04187500 -0.07413575 0.02262709
v -0.03796875 -0.07517090 0.02053725
v -0.04015625 -0.07413575 0.02555678
v -0.04187500 -0.07413575 0.02262709
v -0.04015625 -0.07413575 0.02555678
v -0.04390625 -0.07270021 0.02786147
v -0.04390625 -0.07270021 0.02786147
v -0.04015625 -0.07413575 0.02555678
v -0.04187500 -0.07270021 0.03086928
v -0.04187500 -0.07270021 0.03086928
v -0.04515625 -0.07087403 0.03334975
v -0.04187500 -0.07270021 0.03086928
v -0.04281250 -0.07087403 0.03645522
v -0.04515625 -0.07087403 0.03334975
v -0.04281250 -0.07087403 0.03645522
v -0.04578125 -0.06867676 0.03903334
v -0.04578125 -0.06867676 0.03903334
v -0.04578125 -0.06867676 0.03903334
v -0.04296875 -0.06867676 0.04217787
v -0.04562500 -0.06611817 0.04481459
v -0.04562500 -0.06611817 0.04481459
v -0.04296875 -0.06867676 0.04217787
v -0.04078125 -0.06854982 0.04463881
v -0.05265625 -0.07087403 0.01940444
v -0.04875000 -0.07270021 0.01797866
v -0.05109375 -0.07087403 0.02307631
v -0.05265625 -0.07087403 0.01940444
v -0.05109375 -0.07087403 0.02307631
v -0.05484375 -0.06867676 0.02469741
v -0.05484375 -0.06867676 0.02469741
v -0.05484375 -0.06867676 0.02469741
v -0.05296875 -0.06867676 0.02850600
v -0.05625000 -0.06611817 0.03030288
v -0.05625000 -0.06611817 0.03030288
v -0.05296875 -0.06867676 0.02850600
v -0.05406250 -0.06611817 0.03420912
v -0.05625000 -0.06611817 0.03030288
v -0.05406250 -0.06611817 0.03420912
v -0.05703125 -0.06322754 0.03608412
v -0.05703125 -0.06322754 0.03608412
v -0.05703125 -0.06322754 0.03608412
v -0.05437500 -0.06322754 0.04000991
v -0.05703125 -0.06002441 0.04192397
v -0.05703125 -0.06002441 0.04192397
v -0.05390625 -0.06002441 0.04584975
v -0.05609375 -0.05653808 0.04774428
v -0.05390625 -0.06002441 0.04584975
v -0.05265625 -0.05653808 0.05159194
v -0.03515625 -0.07579590 0.01594741
v -0.03390625 -0.07579590 0.01840834
v -0.03796875 -0.07517090 0.02053725
v -0.03796875 -0.07517090 0.02053725
v -0.03390625 -0.07579590 0.01840834
v -0.03640625 -0.07517090 0.02319350
v -0.04015625 -0.07413575 0.02555678
v -0.03828125 -0.07413575 0.02833022
v -0.04187500 -0.07270021 0.03086928
v -0.03828125 -0.07413575 0.02833022
v -0.03953125 -0.07270021 0.03375991
v -0.04187500 -0.07270021 0.03086928
v -0.03953125 -0.07270021 0.03375991
v -0.04281250 -0.07087403 0.03645522
v -0.03625000 -0.07413575 0.03096694
v -0.03953125 -0.07270021 0.03375991
v -0.03828125 -0.07413575 0.02833022
v -0.04687500 0.05319824 0.06032241
v -0.04609375 0.05666504 0.05786147
v -0.05109375 0.05319824 0.05674819
v -0.05109375 0.05319824 0.05674819
v -0.04609375 0.05666504 0.05786147
v -0.04921875 0.05687988 0.05493178
v -0.05109375 0.05319824 0.05674819
v -0.04921875 0.05687988 0.05493178
v -0.05296875 0.05687988 0.05133803
v -0.05296875 0.05687988 0.05133803
v -0.04921875 0.05687988 0.05493178
v -0.04718750 0.06030762 0.05274428
v -0.05296875 0.05687988 0.05133803
v -0.04718750 0.06030762 0.05274428
v -0.05078125 0.06030762 0.04930678
v -0.05078125 0.06030762 0.04930678
v -0.04718750 0.06030762 0.05274428
v -0.04500000 0.06345215 0.05034194
v -0.04843750 0.06345215 0.04704116
v -0.04843750 0.06345215 0.04704116
v -0.04500000 0.06345215 0.05034194
v -0.04265625 0.06629396 0.04772475
v -0.04843750 0.06345215 0.04704116
v -0.04265625 0.06629396 0.04772475
v -0.04593750 0.06629396 0.04461928
v -0.04593750 0.06629396 0.04461928
v -0.04265625 0.06629396 0.04772475
v -0.04109375 0.06854004 0.04465834
v -0.04593750 0.06629396 0.04461928
v -0.04109375 0.06854004 0.04465834
v -0.04312500 0.06880371 0.04200209
v -0.04312500 0.06880371 0.04200209
v -0.04109375 0.06854004 0.04465834
v -0.03968750 0.07054200 0.04108412
v -0.04312500 0.06880371 0.04200209
v -0.03968750 0.07054200 0.04108412
v -0.04031250 0.07096193 0.03924819
v -0.04031250 0.07096193 0.03924819
v -0.03968750 0.07054200 0.04108412
v -0.03859375 0.07185060 0.03833022
v -0.04031250 0.07096193 0.03924819
v -0.03859375 0.07185060 0.03833022
v -0.04296875 0.07096193 0.03631850
v -0.04296875 0.07096193 0.03631850
v -0.03859375 0.07185060 0.03833022
v -0.03734375 0.07297364 0.03549819
v -0.04296875 0.07096193 0.03631850
v -0.03734375 0.07297364 0.03549819
v -0.03968750 0.07275879 0.03366225
v -0.03968750 0.07275879 0.03366225
v -0.03734375 0.07297364 0.03549819
v -0.03562500 0.07420411 0.03165053
v -0.03640625 0.07416504 0.03090834
v -0.03640625 0.07416504 0.03090834
v -0.03562500 0.07420411 0.03165053
v -0.03390625 0.07511232 0.02776381
v -0.03640625 0.07416504 0.03090834
v -0.03390625 0.07511232 0.02776381
v -0.03859375 0.07416504 0.02825209
v -0.03859375 0.07416504 0.02825209
v -0.03390625 0.07511232 0.02776381
v -0.03500000 0.07518068 0.02567397
v -0.03859375 0.07416504 0.02825209
v -0.03500000 0.07518068 0.02567397
v -0.04046875 0.07416504 0.02545913
v -0.04046875 0.07416504 0.02545913
v -0.03500000 0.07518068 0.02567397
v -0.03671875 0.07518068 0.02313491
v -0.04046875 0.07416504 0.02545913
v -0.03671875 0.07518068 0.02313491
v -0.04203125 0.07416504 0.02256850
v -0.03812500 0.07518068 0.02049819
v -0.04203125 0.07416504 0.02256850
v -0.03812500 0.07518068 0.02049819
v -0.04359375 0.07416504 0.01954116
v -0.03953125 0.07518068 0.01776381
v -0.04359375 0.07416504 0.01954116
v -0.03953125 0.07518068 0.01776381
v -0.04484375 0.07416504 0.01643569
v -0.04484375 0.07416504 0.01643569
v -0.03953125 0.07518068 0.01776381
v -0.04062500 0.07518068 0.01493178
v -0.04484375 0.07416504 0.01643569
v -0.04062500 0.07518068 0.01493178
v -0.04578125 0.07416504 0.01325209
v -0.04578125 0.07416504 0.01325209
v -0.04062500 0.07518068 0.01493178
v -0.04156250 0.07518068 0.01204116
v -0.04578125 0.07416504 0.01325209
v -0.04156250 0.07518068 0.01204116
v -0.04656250 0.07416504 0.00999038
v -0.04656250 0.07416504 0.00999038
v -0.04156250 0.07518068 0.01204116
v -0.04234375 0.07518068 0.00907241
v -0.04656250 0.07416504 0.00999038
v -0.04234375 0.07518068 0.00907241
v -0.04718750 0.07416504 0.00668959
v -0.04718750 0.07416504 0.00668959
v -0.04234375 0.07518068 0.00907241
v -0.04281250 0.07518068 0.00608413
v -0.04718750 0.07416504 0.00668959
v -0.04281250 0.07518068 0.00608413
v -0.04750000 0.07416504 0.00334975
v -0.04312500 0.07518068 0.00303725
v -0.04750000 0.07416504 0.00334975
v -0.04312500 0.07518068 0.00303725
v -0.04765625 0.07416504 0.00000991
v -0.04328125 0.07518068 0.00000991
v -0.04765625 0.07416504 0.00000991
v -0.04328125 0.07518068 0.00000991
v -0.04750000 0.07416504 -0.00334947
v -0.04312500 0.07518068 -0.00303697
v -0.04750000 0.07416504 -0.00334947
v -0.04312500 0.07518068 -0.00303697
v -0.04718750 0.07416504 -0.00668931
v -0.04281250 0.07518068 -0.00608384
v -0.04718750 0.07416504 -0.00668931
v -0.04281250 0.07518068 -0.00608384
v -0.04656250 0.07416504 -0.00999010
v -0.04656250 0.07416504 -0.00999010
v -0.04281250 0.07518068 -0.00608384
v -0.04234375 0.07518068 -0.00907213
v -0.04656250 0.07416504 -0.00999010
v -0.04234375 0.07518068 -0.00907213
v -0.04578125 0.07416504 -0.01325181
v -0.04578125 0.07416504 -0.01325181
v -0.04234375 0.07518068 -0.00907213
v -0.04156250 0.07518068 -0.01204088
v -0.04484375 0.07416504 -0.01643541
v -0.04484375 0.07416504 -0.01643541
v -0.04156250 0.07518068 -0.01204088
v -0.04062500 0.07518068 -0.01493150
v -0.04484375 0.07416504 -0.01643541
v -0.04062500 0.07518068 -0.01493150
v -0.04359375 0.07416504 -0.01954088
v -0.04359375 0.07416504 -0.01954088
v -0.04062500 0.07518068 -0.01493150
v -0.03953125 0.07518068 -0.01776353
v -0.04359375 0.07416504 -0.01954088
v -0.03953125 0.07518068 -0.01776353
v -0.04203125 0.07416504 -0.02256822
v -0.03812500 0.07518068 -0.02049791
v -0.04203125 0.07416504 -0.02256822
v -0.03812500 0.07518068 -0.02049791
v -0.03671875 0.07518068 -0.02311509
v -0.03671875 0.07518068 -0.02311509
v -0.03812500 0.07518068 -0.02049791
v -0.03281250 0.07579590 -0.02075181
v -0.03671875 0.07518068 -0.02311509
v -0.03281250 0.07579590 -0.02075181
v -0.03140625 0.07578614 -0.02299791
v -0.03140625 0.07578614 -0.02299791
v -0.03281250 0.07579590 -0.02075181
v -0.02906250 0.07600098 -0.01836900
v -0.02906250 0.07600098 -0.01836900
v -0.03281250 0.07579590 -0.02075181
v -0.03421875 0.07579590 -0.01840806
v -0.03093750 0.07600098 -0.01497056
v -0.03546875 0.07579590 -0.01594713
v -0.03234375 0.07600098 -0.01139634
v -0.03640625 0.07579590 -0.01340806
v -0.03234375 0.07600098 -0.01139634
v -0.03640625 0.07579590 -0.01340806
v -0.03718750 0.07579590 -0.01081041
v -0.03718750 0.07579590 -0.01081041
v -0.03640625 0.07579590 -0.01340806
v -0.04062500 0.07518068 -0.01493150
v -0.04156250 0.07518068 -0.01204088
v -0.04609375 0.05666504 0.05786147
v -0.04515625 0.05988769 0.05514662
v -0.04921875 0.05687988 0.05493178
v -0.04921875 0.05687988 0.05493178
v -0.04515625 0.05988769 0.05514662
v -0.04515625 0.05988769 0.05514662
v -0.04453125 0.06160644 0.05346694
v -0.04718750 0.06030762 0.05274428
v -0.04718750 0.06030762 0.05274428
v -0.04453125 0.06160644 0.05346694
v -0.04500000 0.06345215 0.05034194
v -0.04390625 0.06323730 0.05172866
v -0.04500000 0.06345215 0.05034194
v -0.04390625 0.06323730 0.05172866
v -0.04312500 0.06478028 0.04993178
v -0.04500000 0.06345215 0.05034194
v -0.04312500 0.06478028 0.04993178
v -0.04265625 0.06629396 0.04772475
v -0.04265625 0.06629396 0.04772475
v -0.04312500 0.06478028 0.04993178
v -0.04250000 0.06622560 0.04805678
v -0.04265625 0.06629396 0.04772475
v -0.04250000 0.06622560 0.04805678
v -0.04109375 0.06854004 0.04465834
v -0.03390625 0.07511232 0.02776381
v -0.03265625 0.07550293 0.02538100
v -0.03500000 0.07518068 0.02567397
v -0.03500000 0.07518068 0.02567397
v -0.03265625 0.07550293 0.02538100
v -0.03140625 0.07578614 0.02299819
v -0.03500000 0.07518068 0.02567397
v -0.03140625 0.07578614 0.02299819
v -0.03671875 0.07518068 0.02313491
v -0.03671875 0.07518068 0.02313491
v -0.03140625 0.07578614 0.02299819
v -0.03281250 0.07579590 0.02075209
v -0.03671875 0.07518068 0.02313491
v -0.03281250 0.07579590 0.02075209
v -0.03812500 0.07518068 0.02049819
v -0.03812500 0.07518068 0.02049819
v -0.03281250 0.07579590 0.02075209
v -0.03421875 0.07579590 0.01840834
v -0.03421875 0.07579590 0.01840834
v -0.03953125 0.07518068 0.01776381
v -0.03546875 0.07579590 0.01594741
v -0.03953125 0.07518068 0.01776381
v -0.03546875 0.07579590 0.01594741
v -0.04062500 0.07518068 0.01493178
v -0.03640625 0.07579590 0.01340834
v -0.04062500 0.07518068 0.01493178
v -0.03640625 0.07579590 0.01340834
v -0.04156250 0.07518068 0.01204116
v -0.03718750 0.07579590 0.01081069
v -0.04156250 0.07518068 0.01204116
v -0.03718750 0.07579590 0.01081069
v -0.04234375 0.07518068 0.00907241
v -0.04234375 0.07518068 0.00907241
v -0.03796875 0.07579590 0.00815444
v -0.04234375 0.07518068 0.00907241
v -0.03796875 0.07579590 0.00815444
v -0.04281250 0.07518068 0.00608413
v -0.04281250 0.07518068 0.00608413
v -0.03796875 0.07579590 0.00815444
v -0.03843750 0.07579590 0.00545913
v -0.04281250 0.07518068 0.00608413
v -0.03843750 0.07579590 0.00545913
v -0.04312500 0.07518068 0.00303725
v -0.04312500 0.07518068 0.00303725
v -0.03843750 0.07579590 0.00545913
v -0.03859375 0.07579590 0.00274428
v -0.04328125 0.07518068 0.00000991
v -0.03875000 0.07579590 0.00000991
v -0.04328125 0.07518068 0.00000991
v -0.03875000 0.07579590 0.00000991
v -0.04312500 0.07518068 -0.00303697
v -0.03859375 0.07579590 -0.00272447
v -0.04281250 0.07518068 -0.00608384
v -0.04281250 0.07518068 -0.00608384
v -0.03859375 0.07579590 -0.00272447
v -0.03843750 0.07579590 -0.00545884
v -0.04281250 0.07518068 -0.00608384
v -0.03843750 0.07579590 -0.00545884
v -0.04234375 0.07518068 -0.00907213
v -0.04234375 0.07518068 -0.00907213
v -0.03843750 0.07579590 -0.00545884
v -0.03796875 0.07579590 -0.00815416
v -0.04234375 0.07518068 -0.00907213
v -0.03796875 0.07579590 -0.00815416
v -0.04156250 0.07518068 -0.01204088
v -0.03796875 0.07579590 -0.00815416
v -0.03140625 0.07578614 0.02299819
v -0.02906250 0.07600098 0.01836928
v -0.03281250 0.07579590 0.02075209
v -0.03281250 0.07579590 0.02075209
v -0.02906250 0.07600098 0.01836928
v -0.03421875 0.07579590 0.01840834
v -0.03093750 0.07600098 0.01497084
v -0.03546875 0.07579590 0.01594741
v -0.03234375 0.07600098 0.01139662
v -0.03640625 0.07579590 0.01340834
v -0.03640625 0.07579590 0.01340834
v -0.03234375 0.07600098 0.01139662
v -0.03718750 0.07579590 0.01081069
v -0.03343750 0.07600098 0.00768569
v -0.03796875 0.07579590 0.00815444
v -0.03843750 0.07579590 0.00545913
v -0.03406250 0.07600098 0.00385756
v -0.03843750 0.07579590 0.00545913
v -0.03406250 0.07600098 0.00385756
v -0.03859375 0.07579590 0.00274428
v -0.03421875 0.07600098 0.00000991
v -0.03875000 0.07579590 0.00000991
v -0.03859375 0.07579590 -0.00272447
v -0.03406250 0.07600098 -0.00385728
v -0.03843750 0.07579590 -0.00545884
v -0.03843750 0.07579590 -0.00545884
v -0.03406250 0.07600098 -0.00385728
v -0.03343750 0.07600098 -0.00768541
v -0.03796875 0.07579590 -0.00815416
v -0.03500000 0.07518068 -0.02567369
v -0.03500000 0.07518068 -0.02567369
v -0.03140625 0.07578614 -0.02299791
v -0.03265625 0.07550293 -0.02538072
v -0.03500000 0.07518068 -0.02567369
v -0.03265625 0.07550293 -0.02538072
v -0.03390625 0.07511232 -0.02776353
v -0.03562500 0.07420411 -0.03165025
v -0.03640625 0.07416504 -0.03090806
v -0.03390625 0.07511232 -0.02776353
v -0.03390625 0.07511232 -0.02776353
v -0.03640625 0.07416504 -0.03090806
v -0.03859375 0.07416504 -0.02825181
v -0.03390625 0.07511232 -0.02776353
v -0.03859375 0.07416504 -0.02825181
v -0.03500000 0.07518068 -0.02567369
v -0.03500000 0.07518068 -0.02567369
v -0.03859375 0.07416504 -0.02825181
v -0.04046875 0.07416504 -0.02545884
v -0.03671875 0.07518068 -0.02311509
v -0.04046875 0.07416504 -0.02545884
v -0.03562500 0.07420411 -0.03165025
v -0.03734375 0.07297364 -0.03549790
v -0.03640625 0.07416504 -0.03090806
v -0.03968750 0.07275879 -0.03366197
v -0.03859375 0.07416504 -0.02825181
v -0.04203125 0.07275879 -0.03077134
v -0.03859375 0.07416504 -0.02825181
v -0.04203125 0.07275879 -0.03077134
v -0.04406250 0.07275879 -0.02772447
v -0.04406250 0.07275879 -0.02772447
v -0.04203125 0.07275879 -0.03077134
v -0.04750000 0.07096193 -0.02991197
v -0.04406250 0.07275879 -0.02772447
v -0.04750000 0.07096193 -0.02991197
v -0.04953125 0.07096193 -0.02651353
v -0.04953125 0.07096193 -0.02651353
v -0.04750000 0.07096193 -0.02991197
v -0.05296875 0.06880371 -0.02836900
v -0.04953125 0.07096193 -0.02651353
v -0.05296875 0.06880371 -0.02836900
v -0.05125000 0.07096193 -0.02295884
v -0.05125000 0.07096193 -0.02295884
v -0.05296875 0.06880371 -0.02836900
v -0.05484375 0.06880371 -0.02457994
v -0.05125000 0.07096193 -0.02295884
v -0.05484375 0.06880371 -0.02457994
v -0.05265625 0.07096193 -0.01930650
v -0.05265625 0.07096193 -0.01930650
v -0.05484375 0.06880371 -0.02457994
v -0.05640625 0.06880371 -0.02067369
v -0.05265625 0.07096193 -0.01930650
v -0.05640625 0.06880371 -0.02067369
v -0.05390625 0.07096193 -0.01555650
v -0.05390625 0.07096193 -0.01555650
v -0.05640625 0.06880371 -0.02067369
v -0.05781250 0.06880371 -0.01665025
v -0.05390625 0.07096193 -0.01555650
v -0.05781250 0.06880371 -0.01665025
v -0.05484375 0.07096193 -0.01172838
v -0.05875000 0.06880371 -0.01256822
v -0.05484375 0.07096193 -0.01172838
v -0.05875000 0.06880371 -0.01256822
v -0.05562500 0.07096193 -0.00786119
v -0.05953125 0.06880371 -0.00840806
v -0.05562500 0.07096193 -0.00786119
v -0.05953125 0.06880371 -0.00840806
v -0.05593750 0.07096193 -0.00393541
v -0.05593750 0.07096193 -0.00393541
v -0.05953125 0.06880371 -0.00840806
v -0.06000000 0.06880371 -0.00420884
v -0.05593750 0.07096193 -0.00393541
v -0.06000000 0.06880371 -0.00420884
v -0.05609375 0.07096193 0.00000991
v -0.06015625 0.06880371 0.00000991
v -0.05609375 0.07096193 0.00000991
v -0.06015625 0.06880371 0.00000991
v -0.05593750 0.07096193 0.00393569
v -0.06000000 0.06880371 0.00420913
v -0.05593750 0.07096193 0.00393569
v -0.06000000 0.06880371 0.00420913
v -0.05562500 0.07096193 0.00786147
v -0.05562500 0.07096193 0.00786147
v -0.06000000 0.06880371 0.00420913
v -0.05953125 0.06880371 0.00840834
v -0.05562500 0.07096193 0.00786147
v -0.05953125 0.06880371 0.00840834
v -0.05484375 0.07096193 0.01174819
v -0.05875000 0.06880371 0.01256850
v -0.05484375 0.07096193 0.01174819
v -0.05875000 0.06880371 0.01256850
v -0.05390625 0.07096193 0.01555678
v -0.05781250 0.06880371 0.01665053
v -0.05390625 0.07096193 0.01555678
v -0.05781250 0.06880371 0.01665053
v -0.05265625 0.07096193 0.01930678
v -0.05265625 0.07096193 0.01930678
v -0.05781250 0.06880371 0.01665053
v -0.05640625 0.06880371 0.02067397
v -0.05265625 0.07096193 0.01930678
v -0.05640625 0.06880371 0.02067397
v -0.05125000 0.07096193 0.02297866
v -0.05125000 0.07096193 0.02297866
v -0.05640625 0.06880371 0.02067397
v -0.05484375 0.06880371 0.02458022
v -0.05125000 0.07096193 0.02297866
v -0.05484375 0.06880371 0.02458022
v -0.04953125 0.07096193 0.02651381
v -0.05296875 0.06880371 0.02836928
v -0.04953125 0.07096193 0.02651381
v -0.05296875 0.06880371 0.02836928
v -0.04750000 0.07096193 0.02991225
v -0.04750000 0.07096193 0.02991225
v -0.05296875 0.06880371 0.02836928
v -0.05093750 0.06880371 0.03202162
v -0.04750000 0.07096193 0.02991225
v -0.05093750 0.06880371 0.03202162
v -0.04531250 0.07096193 0.03321303
v -0.04859375 0.06880371 0.03553725
v -0.04531250 0.07096193 0.03321303
v -0.04859375 0.06880371 0.03553725
v -0.04296875 0.07096193 0.03631850
v -0.04296875 0.07096193 0.03631850
v -0.04859375 0.06880371 0.03553725
v -0.04593750 0.06880371 0.03885756
v -0.04296875 0.07096193 0.03631850
v -0.04593750 0.06880371 0.03885756
v -0.03734375 0.07297364 -0.03549790
v -0.03859375 0.07185060 -0.03831040
v -0.03968750 0.07275879 -0.03366197
v -0.03968750 0.07275879 -0.03366197
v -0.03859375 0.07185060 -0.03831040
v -0.04296875 0.07096193 -0.03631822
v -0.04203125 0.07275879 -0.03077134
v -0.04203125 0.07275879 -0.03077134
v -0.04296875 0.07096193 -0.03631822
v -0.04531250 0.07096193 -0.03321275
v -0.04203125 0.07275879 -0.03077134
v -0.04531250 0.07096193 -0.03321275
v -0.04750000 0.07096193 -0.02991197
v -0.04750000 0.07096193 -0.02991197
v -0.04531250 0.07096193 -0.03321275
v -0.05093750 0.06880371 -0.03202134
v -0.04750000 0.07096193 -0.02991197
v -0.05093750 0.06880371 -0.03202134
v -0.05296875 0.06880371 -0.02836900
v -0.05296875 0.06880371 -0.02836900
v -0.05093750 0.06880371 -0.03202134
v -0.05640625 0.06629396 -0.03012681
v -0.05296875 0.06880371 -0.02836900
v -0.05640625 0.06629396 -0.03012681
v -0.05484375 0.06880371 -0.02457994
v -0.05484375 0.06880371 -0.02457994
v -0.05640625 0.06629396 -0.03012681
v -0.05828125 0.06629396 -0.02610338
v -0.05484375 0.06880371 -0.02457994
v -0.05828125 0.06629396 -0.02610338
v -0.05640625 0.06880371 -0.02067369
v -0.05640625 0.06880371 -0.02067369
v -0.05828125 0.06629396 -0.02610338
v -0.06000000 0.06629396 -0.02194322
v -0.05640625 0.06880371 -0.02067369
v -0.06000000 0.06629396 -0.02194322
v -0.05781250 0.06880371 -0.01665025
v -0.05781250 0.06880371 -0.01665025
v -0.06000000 0.06629396 -0.02194322
v -0.06140625 0.06629396 -0.01768541
v -0.05781250 0.06880371 -0.01665025
v -0.06140625 0.06629396 -0.01768541
v -0.05875000 0.06880371 -0.01256822
v -0.05875000 0.06880371 -0.01256822
v -0.06140625 0.06629396 -0.01768541
v -0.06250000 0.06629396 -0.01334947
v -0.05875000 0.06880371 -0.01256822
v -0.06250000 0.06629396 -0.01334947
v -0.05953125 0.06880371 -0.00840806
v -0.05953125 0.06880371 -0.00840806
v -0.06250000 0.06629396 -0.01334947
v -0.06328125 0.06629396 -0.00893541
v -0.05953125 0.06880371 -0.00840806
v -0.06328125 0.06629396 -0.00893541
v -0.06000000 0.06880371 -0.00420884
v -0.06375000 0.06629396 -0.00448228
v -0.06000000 0.06880371 -0.00420884
v -0.06375000 0.06629396 -0.00448228
v -0.06015625 0.06880371 0.00000991
v -0.06390625 0.06629396 0.00000991
v -0.06015625 0.06880371 0.00000991
v -0.06390625 0.06629396 0.00000991
v -0.06000000 0.06880371 0.00420913
v -0.06375000 0.06629396 0.00448256
v -0.06000000 0.06880371 0.00420913
v -0.06375000 0.06629396 0.00448256
v -0.05953125 0.06880371 0.00840834
v -0.06328125 0.06629396 0.00893569
v -0.05953125 0.06880371 0.00840834
v -0.06328125 0.06629396 0.00893569
v -0.05875000 0.06880371 0.01256850
v -0.05875000 0.06880371 0.01256850
v -0.06328125 0.06629396 0.00893569
v -0.06250000 0.06629396 0.01334975
v -0.05875000 0.06880371 0.01256850
v -0.06250000 0.06629396 0.01334975
v -0.05781250 0.06880371 0.01665053
v -0.05781250 0.06880371 0.01665053
v -0.06250000 0.06629396 0.01334975
v -0.06140625 0.06629396 0.01768569
v -0.05781250 0.06880371 0.01665053
v -0.06140625 0.06629396 0.01768569
v -0.05640625 0.06880371 0.02067397
v -0.05640625 0.06880371 0.02067397
v -0.06140625 0.06629396 0.01768569
v -0.06000000 0.06629396 0.02194350
v -0.05640625 0.06880371 0.02067397
v -0.06000000 0.06629396 0.02194350
v -0.05484375 0.06880371 0.02458022
v -0.05484375 0.06880371 0.02458022
v -0.06000000 0.06629396 0.02194350
v -0.05828125 0.06629396 0.02610366
v -0.05484375 0.06880371 0.02458022
v -0.05828125 0.06629396 0.02610366
v -0.05296875 0.06880371 0.02836928
v -0.05296875 0.06880371 0.02836928
v -0.05828125 0.06629396 0.02610366
v -0.05640625 0.06629396 0.03012709
v -0.05296875 0.06880371 0.02836928
v -0.05640625 0.06629396 0.03012709
v -0.05093750 0.06880371 0.03202162
v -0.05421875 0.06629396 0.03401381
v -0.05093750 0.06880371 0.03202162
v -0.05421875 0.06629396 0.03401381
v -0.04859375 0.06880371 0.03553725
v -0.04859375 0.06880371 0.03553725
v -0.05421875 0.06629396 0.03401381
v -0.05171875 0.06629396 0.03774428
v -0.04859375 0.06880371 0.03553725
v -0.05171875 0.06629396 0.03774428
v -0.04593750 0.06880371 0.03885756
v -0.04890625 0.06629396 0.04127944
v -0.04593750 0.06880371 0.03885756
v -0.04890625 0.06629396 0.04127944
v -0.04312500 0.06880371 0.04200209
v -0.04312500 0.06880371 0.04200209
v -0.04890625 0.06629396 0.04127944
v -0.04593750 0.06629396 0.04461928
v -0.04296875 0.07096193 -0.03631822
v -0.03859375 0.07185060 -0.03831040
v -0.04031250 0.07096193 -0.03924790
v -0.04031250 0.07096193 -0.03924790
v -0.03859375 0.07185060 -0.03831040
v -0.03968750 0.07054200 -0.04108384
v -0.04031250 0.07096193 -0.03924790
v -0.03968750 0.07054200 -0.04108384
v -0.04312500 0.06880371 -0.04200181
v -0.04312500 0.06880371 -0.04200181
v -0.03968750 0.07054200 -0.04108384
v -0.04109375 0.06854004 -0.04463853
v -0.04312500 0.06880371 -0.04200181
v -0.04109375 0.06854004 -0.04463853
v -0.04593750 0.06629396 -0.04461900
v -0.04593750 0.06629396 -0.04461900
v -0.04109375 0.06854004 -0.04463853
v -0.04265625 0.06629396 -0.04772447
v -0.04593750 0.06629396 -0.04461900
v -0.04265625 0.06629396 -0.04772447
v -0.04500000 0.06345215 -0.05034165
v -0.04500000 0.06345215 -0.05034165
v -0.04265625 0.06629396 -0.04772447
v -0.04312500 0.06478028 -0.04993150
v -0.04500000 0.06345215 -0.05034165
v -0.04312500 0.06478028 -0.04993150
v -0.04390625 0.06323730 -0.05172837
v -0.04109375 0.06854004 -0.04463853
v -0.04250000 0.06622560 -0.04805650
v -0.04265625 0.06629396 -0.04772447
v -0.04265625 0.06629396 -0.04772447
v -0.04250000 0.06622560 -0.04805650
v -0.04312500 0.06478028 -0.04993150
v -0.04390625 0.06323730 -0.05172837
v -0.04453125 0.06160644 -0.05346665
v -0.04500000 0.06345215 -0.05034165
v -0.04718750 0.06030762 -0.05274400
v -0.04500000 0.06345215 -0.05034165
v -0.04718750 0.06030762 -0.05274400
v -0.04843750 0.06345215 -0.04704087
v -0.05078125 0.06030762 -0.04928697
v -0.04843750 0.06345215 -0.04704087
v -0.05078125 0.06030762 -0.04928697
v -0.05156250 0.06345215 -0.04352525
v -0.05406250 0.06030762 -0.04561509
v -0.05156250 0.06345215 -0.04352525
v -0.05406250 0.06030762 -0.04561509
v -0.05453125 0.06345215 -0.03979478
v -0.05718750 0.06030762 -0.04168931
v -0.05453125 0.06345215 -0.03979478
v -0.05718750 0.06030762 -0.04168931
v -0.05984375 0.06030762 -0.03758775
v -0.05984375 0.06030762 -0.03758775
v -0.05718750 0.06030762 -0.04168931
v -0.06234375 0.05687988 -0.03915025
v -0.05984375 0.06030762 -0.03758775
v -0.06234375 0.05687988 -0.03915025
v -0.06500000 0.05687988 -0.03467759
v -0.06500000 0.05687988 -0.03467759
v -0.06234375 0.05687988 -0.03915025
v -0.06515625 0.05319824 -0.03961900
v -0.06500000 0.05687988 -0.03467759
v -0.06515625 0.05319824 -0.03961900
v -0.06781250 0.05319824 -0.03477525
v -0.04453125 0.06160644 -0.05346665
v -0.04515625 0.05988769 -0.05514634
v -0.04718750 0.06030762 -0.05274400
v -0.04718750 0.06030762 -0.05274400
v -0.04515625 0.05988769 -0.05514634
v -0.04921875 0.05687988 -0.05493150
v -0.04718750 0.06030762 -0.05274400
v -0.04921875 0.05687988 -0.05493150
v -0.05078125 0.06030762 -0.04928697
v -0.05296875 0.05687988 -0.05133775
v -0.05078125 0.06030762 -0.04928697
v -0.05296875 0.05687988 -0.05133775
v -0.05406250 0.06030762 -0.04561509
v -0.05640625 0.05687988 -0.04749009
v -0.05406250 0.06030762 -0.04561509
v -0.05640625 0.05687988 -0.04749009
v -0.05718750 0.06030762 -0.04168931
v -0.05718750 0.06030762 -0.04168931
v -0.05640625 0.05687988 -0.04749009
v -0.05953125 0.05687988 -0.04342759
v -0.05718750 0.06030762 -0.04168931
v -0.05953125 0.05687988 -0.04342759
v -0.06234375 0.05687988 -0.03915025
v -0.06234375 0.05687988 -0.03915025
v -0.05953125 0.05687988 -0.04342759
v -0.06218750 0.05319824 -0.04426744
v -0.06234375 0.05687988 -0.03915025
v -0.06218750 0.05319824 -0.04426744
v -0.06515625 0.05319824 -0.03961900
v -0.04515625 0.05988769 -0.05514634
v -0.04609375 0.05666504 -0.05786119
v -0.04921875 0.05687988 -0.05493150
v -0.04921875 0.05687988 -0.05493150
v -0.04609375 0.05666504 -0.05786119
v -0.05109375 0.05319824 -0.05672837
v -0.04921875 0.05687988 -0.05493150
v -0.05109375 0.05319824 -0.05672837
v -0.05296875 0.05687988 -0.05133775
v -0.05296875 0.05687988 -0.05133775
v -0.05109375 0.05319824 -0.05672837
v -0.05515625 0.05319824 -0.05284165
v -0.05296875 0.05687988 -0.05133775
v -0.05515625 0.05319824 -0.05284165
v -0.05640625 0.05687988 -0.04749009
v -0.05640625 0.05687988 -0.04749009
v -0.05515625 0.05319824 -0.05284165
v -0.05875000 0.05319824 -0.04868150
v -0.05640625 0.05687988 -0.04749009
v -0.05875000 0.05319824 -0.04868150
v -0.05953125 0.05687988 -0.04342759
v -0.05953125 0.05687988 -0.04342759
v -0.05875000 0.05319824 -0.04868150
v -0.06218750 0.05319824 -0.04426744
v -0.04609375 0.05666504 -0.05786119
v -0.04687500 0.05319824 -0.06032212
v -0.05109375 0.05319824 -0.05672837
v -0.06500000 0.05687988 -0.03467759
v -0.06781250 0.05319824 -0.03477525
v -0.06718750 0.05687988 -0.03004869
v -0.07015625 0.05319824 -0.02973619
v -0.06718750 0.05687988 -0.03004869
v -0.07015625 0.05319824 -0.02973619
v -0.06906250 0.05687988 -0.02526353
v -0.07218750 0.05319824 -0.02454088
v -0.06906250 0.05687988 -0.02526353
v -0.07218750 0.05319824 -0.02454088
v -0.07078125 0.05687988 -0.02036119
v -0.07078125 0.05687988 -0.02036119
v -0.07218750 0.05319824 -0.02454088
v -0.07375000 0.05319824 -0.01922838
v -0.07078125 0.05687988 -0.02036119
v -0.07375000 0.05319824 -0.01922838
v -0.07203125 0.05687988 -0.01536119
v -0.07203125 0.05687988 -0.01536119
v -0.07375000 0.05319824 -0.01922838
v -0.07500000 0.05319824 -0.01379869
v -0.07203125 0.05687988 -0.01536119
v -0.07500000 0.05319824 -0.01379869
v -0.07281250 0.05687988 -0.01028306
v -0.07281250 0.05687988 -0.01028306
v -0.07500000 0.05319824 -0.01379869
v -0.07578125 0.05319824 -0.00831041
v -0.07281250 0.05687988 -0.01028306
v -0.07578125 0.05319824 -0.00831041
v -0.07343750 0.05687988 -0.00514634
v -0.07343750 0.05687988 -0.00514634
v -0.07578125 0.05319824 -0.00831041
v -0.07609375 0.05319824 -0.00278306
v -0.07343750 0.05687988 -0.00514634
v -0.07609375 0.05319824 -0.00278306
v -0.07359375 0.05687988 0.00000991
v -0.07359375 0.05687988 0.00000991
v -0.07609375 0.05319824 -0.00278306
v -0.07609375 0.05319824 0.00278334
v -0.07359375 0.05687988 0.00000991
v -0.07609375 0.05319824 0.00278334
v -0.07343750 0.05687988 0.00514663
v -0.07343750 0.05687988 0.00514663
v -0.07609375 0.05319824 0.00278334
v -0.07578125 0.05319824 0.00831069
v -0.07343750 0.05687988 0.00514663
v -0.07578125 0.05319824 0.00831069
v -0.07281250 0.05687988 0.01028334
v -0.07281250 0.05687988 0.01028334
v -0.07578125 0.05319824 0.00831069
v -0.07500000 0.05319824 0.01379897
v -0.07281250 0.05687988 0.01028334
v -0.07500000 0.05319824 0.01379897
v -0.07203125 0.05687988 0.01536147
v -0.07203125 0.05687988 0.01536147
v -0.07500000 0.05319824 0.01379897
v -0.07375000 0.05319824 0.01922866
v -0.07203125 0.05687988 0.01536147
v -0.07375000 0.05319824 0.01922866
v -0.07078125 0.05687988 0.02036147
v -0.07078125 0.05687988 0.02036147
v -0.07375000 0.05319824 0.01922866
v -0.07218750 0.05319824 0.02454116
v -0.07078125 0.05687988 0.02036147
v -0.07218750 0.05319824 0.02454116
v -0.06906250 0.05687988 0.02526381
v -0.06906250 0.05687988 0.02526381
v -0.07218750 0.05319824 0.02454116
v -0.07015625 0.05319824 0.02973647
v -0.06718750 0.05687988 0.03004897
v -0.06718750 0.05687988 0.03004897
v -0.07015625 0.05319824 0.02973647
v -0.06781250 0.05319824 0.03477553
v -0.06500000 0.05687988 0.03467787
v -0.06500000 0.05687988 0.03467787
v -0.06781250 0.05319824 0.03477553
v -0.06515625 0.05319824 0.03961928
v -0.06500000 0.05687988 0.03467787
v -0.06515625 0.05319824 0.03961928
v -0.06234375 0.05687988 0.03915053
v -0.06234375 0.05687988 0.03915053
v -0.06515625 0.05319824 0.03961928
v -0.06218750 0.05319824 0.04426772
v -0.06234375 0.05687988 0.03915053
v -0.06218750 0.05319824 0.04426772
v -0.05953125 0.05687988 0.04342787
v -0.05953125 0.05687988 0.04342787
v -0.06218750 0.05319824 0.04426772
v -0.05875000 0.05319824 0.04868178
v -0.05953125 0.05687988 0.04342787
v -0.05875000 0.05319824 0.04868178
v -0.05640625 0.05687988 0.04749037
v -0.05640625 0.05687988 0.04749037
v -0.05875000 0.05319824 0.04868178
v -0.05515625 0.05319824 0.05286147
v -0.05640625 0.05687988 0.04749037
v -0.05515625 0.05319824 0.05286147
v -0.05296875 0.05687988 0.05133803
v -0.05515625 0.05319824 0.05286147
v -0.04843750 0.06345215 0.04704116
v -0.04593750 0.06629396 0.04461928
v -0.05156250 0.06345215 0.04352553
v -0.04890625 0.06629396 0.04127944
v -0.05156250 0.06345215 0.04352553
v -0.04890625 0.06629396 0.04127944
v -0.05453125 0.06345215 0.03979506
v -0.05171875 0.06629396 0.03774428
v -0.05453125 0.06345215 0.03979506
v -0.05171875 0.06629396 0.03774428
v -0.05718750 0.06345215 0.03586928
v -0.05718750 0.06345215 0.03586928
v -0.05171875 0.06629396 0.03774428
v -0.05421875 0.06629396 0.03401381
v -0.05718750 0.06345215 0.03586928
v -0.05421875 0.06629396 0.03401381
v -0.05953125 0.06345215 0.03178725
v -0.05640625 0.06629396 0.03012709
v -0.05953125 0.06345215 0.03178725
v -0.05640625 0.06629396 0.03012709
v -0.06156250 0.06345215 0.02752944
v -0.06156250 0.06345215 0.02752944
v -0.05640625 0.06629396 0.03012709
v -0.05828125 0.06629396 0.02610366
v -0.06156250 0.06345215 0.02752944
v -0.05828125 0.06629396 0.02610366
v -0.06328125 0.06345215 0.02315444
v -0.06328125 0.06345215 0.02315444
v -0.05828125 0.06629396 0.02610366
v -0.06000000 0.06629396 0.02194350
v -0.06328125 0.06345215 0.02315444
v -0.06000000 0.06629396 0.02194350
v -0.06468750 0.06345215 0.01866225
v -0.06468750 0.06345215 0.01866225
v -0.06000000 0.06629396 0.02194350
v -0.06140625 0.06629396 0.01768569
v -0.06468750 0.06345215 0.01866225
v -0.06140625 0.06629396 0.01768569
v -0.06593750 0.06345215 0.01407241
v -0.06593750 0.06345215 0.01407241
v -0.06140625 0.06629396 0.01768569
v -0.06250000 0.06629396 0.01334975
v -0.06593750 0.06345215 0.01407241
v -0.06250000 0.06629396 0.01334975
v -0.06671875 0.06345215 0.00942397
v -0.06671875 0.06345215 0.00942397
v -0.06250000 0.06629396 0.01334975
v -0.06328125 0.06629396 0.00893569
v -0.06671875 0.06345215 0.00942397
v -0.06328125 0.06629396 0.00893569
v -0.06718750 0.06345215 0.00471694
v -0.06718750 0.06345215 0.00471694
v -0.06328125 0.06629396 0.00893569
v -0.06375000 0.06629396 0.00448256
v -0.06718750 0.06345215 0.00471694
v -0.06375000 0.06629396 0.00448256
v -0.06734375 0.06345215 0.00000991
v -0.06390625 0.06629396 0.00000991
v -0.06734375 0.06345215 0.00000991
v -0.06390625 0.06629396 0.00000991
v -0.06718750 0.06345215 -0.00471666
v -0.06375000 0.06629396 -0.00448228
v -0.06718750 0.06345215 -0.00471666
v -0.06375000 0.06629396 -0.00448228
v -0.06671875 0.06345215 -0.00942369
v -0.06671875 0.06345215 -0.00942369
v -0.06375000 0.06629396 -0.00448228
v -0.06328125 0.06629396 -0.00893541
v -0.06671875 0.06345215 -0.00942369
v -0.06328125 0.06629396 -0.00893541
v -0.06593750 0.06345215 -0.01407213
v -0.06593750 0.06345215 -0.01407213
v -0.06328125 0.06629396 -0.00893541
v -0.06250000 0.06629396 -0.01334947
v -0.06593750 0.06345215 -0.01407213
v -0.06250000 0.06629396 -0.01334947
v -0.06468750 0.06345215 -0.01866197
v -0.06468750 0.06345215 -0.01866197
v -0.06250000 0.06629396 -0.01334947
v -0.06140625 0.06629396 -0.01768541
v -0.06468750 0.06345215 -0.01866197
v -0.06140625 0.06629396 -0.01768541
v -0.06328125 0.06345215 -0.02315416
v -0.06328125 0.06345215 -0.02315416
v -0.06140625 0.06629396 -0.01768541
v -0.06000000 0.06629396 -0.02194322
v -0.06328125 0.06345215 -0.02315416
v -0.06000000 0.06629396 -0.02194322
v -0.06156250 0.06345215 -0.02752916
v -0.06156250 0.06345215 -0.02752916
v -0.06000000 0.06629396 -0.02194322
v -0.05828125 0.06629396 -0.02610338
v -0.06156250 0.06345215 -0.02752916
v -0.05828125 0.06629396 -0.02610338
v -0.05953125 0.06345215 -0.03178697
v -0.05953125 0.06345215 -0.03178697
v -0.05828125 0.06629396 -0.02610338
v -0.05640625 0.06629396 -0.03012681
v -0.05953125 0.06345215 -0.03178697
v -0.05640625 0.06629396 -0.03012681
v -0.05421875 0.06629396 -0.03399400
v -0.05421875 0.06629396 -0.03399400
v -0.05421875 0.06629396 -0.03399400
v -0.05093750 0.06880371 -0.03202134
v -0.04859375 0.06880371 -0.03553697
v -0.04859375 0.06880371 -0.03553697
v -0.04859375 0.06880371 -0.03553697
v -0.04531250 0.07096193 -0.03321275
v -0.04593750 0.06880371 -0.03885728
v -0.04593750 0.06880371 -0.03885728
v -0.04531250 0.07096193 -0.03321275
v -0.04296875 0.07096193 -0.03631822
v -0.04593750 0.06880371 -0.03885728
v -0.04296875 0.07096193 -0.03631822
v -0.05640625 0.05687988 0.04749037
v -0.05296875 0.05687988 0.05133803
v -0.05078125 0.06030762 0.04930678
v -0.05078125 0.06030762 0.04930678
v -0.04843750 0.06345215 0.04704116
v -0.05406250 0.06030762 0.04561537
v -0.05156250 0.06345215 0.04352553
v -0.05406250 0.06030762 0.04561537
v -0.05156250 0.06345215 0.04352553
v -0.05718750 0.06030762 0.04170912
v -0.05453125 0.06345215 0.03979506
v -0.05718750 0.06030762 0.04170912
v -0.05453125 0.06345215 0.03979506
v -0.05984375 0.06030762 0.03758803
v -0.05984375 0.06030762 0.03758803
v -0.05453125 0.06345215 0.03979506
v -0.05718750 0.06345215 0.03586928
v -0.05984375 0.06030762 0.03758803
v -0.05718750 0.06345215 0.03586928
v -0.06234375 0.06030762 0.03329116
v -0.05953125 0.06345215 0.03178725
v -0.06234375 0.06030762 0.03329116
v -0.05953125 0.06345215 0.03178725
v -0.06453125 0.06030762 0.02883803
v -0.06453125 0.06030762 0.02883803
v -0.05953125 0.06345215 0.03178725
v -0.06156250 0.06345215 0.02752944
v -0.06453125 0.06030762 0.02883803
v -0.06156250 0.06345215 0.02752944
v -0.06640625 0.06030762 0.02424819
v -0.06640625 0.06030762 0.02424819
v -0.06156250 0.06345215 0.02752944
v -0.06328125 0.06345215 0.02315444
v -0.06640625 0.06030762 0.02424819
v -0.06328125 0.06345215 0.02315444
v -0.06781250 0.06030762 0.01954116
v -0.06781250 0.06030762 0.01954116
v -0.06328125 0.06345215 0.02315444
v -0.06468750 0.06345215 0.01866225
v -0.06781250 0.06030762 0.01954116
v -0.06468750 0.06345215 0.01866225
v -0.06906250 0.06030762 0.01473647
v -0.06906250 0.06030762 0.01473647
v -0.06468750 0.06345215 0.01866225
v -0.06593750 0.06345215 0.01407241
v -0.06906250 0.06030762 0.01473647
v -0.06593750 0.06345215 0.01407241
v -0.07000000 0.06030762 0.00987319
v -0.07000000 0.06030762 0.00987319
v -0.06593750 0.06345215 0.01407241
v -0.06671875 0.06345215 0.00942397
v -0.07000000 0.06030762 0.00987319
v -0.06671875 0.06345215 0.00942397
v -0.07046875 0.06030762 0.00495131
v -0.06718750 0.06345215 0.00471694
v -0.07046875 0.06030762 0.00495131
v -0.06718750 0.06345215 0.00471694
v -0.07062500 0.06030762 0.00000991
v -0.06734375 0.06345215 0.00000991
v -0.07062500 0.06030762 0.00000991
v -0.06734375 0.06345215 0.00000991
v -0.07046875 0.06030762 -0.00495103
v -0.06718750 0.06345215 -0.00471666
v -0.07046875 0.06030762 -0.00495103
v -0.06718750 0.06345215 -0.00471666
v -0.07000000 0.06030762 -0.00987291
v -0.06671875 0.06345215 -0.00942369
v -0.07000000 0.06030762 -0.00987291
v -0.06671875 0.06345215 -0.00942369
v -0.06906250 0.06030762 -0.01473619
v -0.06906250 0.06030762 -0.01473619
v -0.06671875 0.06345215 -0.00942369
v -0.06593750 0.06345215 -0.01407213
v -0.06906250 0.06030762 -0.01473619
v -0.06593750 0.06345215 -0.01407213
v -0.06781250 0.06030762 -0.01954088
v -0.06781250 0.06030762 -0.01954088
v -0.06593750 0.06345215 -0.01407213
v -0.06468750 0.06345215 -0.01866197
v -0.06781250 0.06030762 -0.01954088
v -0.06468750 0.06345215 -0.01866197
v -0.06640625 0.06030762 -0.02424791
v -0.06640625 0.06030762 -0.02424791
v -0.06468750 0.06345215 -0.01866197
v -0.06328125 0.06345215 -0.02315416
v -0.06640625 0.06030762 -0.02424791
v -0.06328125 0.06345215 -0.02315416
v -0.06453125 0.06030762 -0.02883775
v -0.06453125 0.06030762 -0.02883775
v -0.06328125 0.06345215 -0.02315416
v -0.06156250 0.06345215 -0.02752916
v -0.06453125 0.06030762 -0.02883775
v -0.06156250 0.06345215 -0.02752916
v -0.06234375 0.06030762 -0.03329087
v -0.06234375 0.06030762 -0.03329087
v -0.06156250 0.06345215 -0.02752916
v -0.05953125 0.06345215 -0.03178697
v -0.06234375 0.06030762 -0.03329087
v -0.05953125 0.06345215 -0.03178697
v -0.05718750 0.06345215 -0.03586900
v -0.05718750 0.06345215 -0.03586900
v -0.05718750 0.06345215 -0.03586900
v -0.05421875 0.06629396 -0.03399400
v -0.05171875 0.06629396 -0.03774400
v -0.05171875 0.06629396 -0.03774400
v -0.05171875 0.06629396 -0.03774400
v -0.04859375 0.06880371 -0.03553697
v -0.04890625 0.06629396 -0.04127915
v -0.04593750 0.06880371 -0.03885728
v -0.04890625 0.06629396 -0.04127915
v -0.04593750 0.06880371 -0.03885728
v -0.04593750 0.06629396 -0.04461900
v -0.04312500 0.06880371 -0.04200181
v -0.04531250 0.07096193 0.03321303
v -0.04296875 0.07096193 0.03631850
v -0.03968750 0.07275879 0.03366225
v -0.04203125 0.07275879 0.03077163
v -0.03859375 0.07416504 0.02825209
v -0.04203125 0.07275879 0.03077163
v -0.03859375 0.07416504 0.02825209
v -0.04406250 0.07275879 0.02772475
v -0.04406250 0.07275879 0.02772475
v -0.03859375 0.07416504 0.02825209
v -0.04046875 0.07416504 0.02545913
v -0.04406250 0.07275879 0.02772475
v -0.04046875 0.07416504 0.02545913
v -0.04578125 0.07275879 0.02458022
v -0.04203125 0.07416504 0.02256850
v -0.04578125 0.07275879 0.02458022
v -0.04203125 0.07416504 0.02256850
v -0.04750000 0.07275879 0.02127944
v -0.04359375 0.07416504 0.01954116
v -0.04750000 0.07275879 0.02127944
v -0.04359375 0.07416504 0.01954116
v -0.04875000 0.07275879 0.01790053
v -0.04875000 0.07275879 0.01790053
v -0.04359375 0.07416504 0.01954116
v -0.04484375 0.07416504 0.01643569
v -0.04875000 0.07275879 0.01790053
v -0.04484375 0.07416504 0.01643569
v -0.05000000 0.07275879 0.01442397
v -0.05000000 0.07275879 0.01442397
v -0.04484375 0.07416504 0.01643569
v -0.04578125 0.07416504 0.01325209
v -0.05000000 0.07275879 0.01442397
v -0.04578125 0.07416504 0.01325209
v -0.05078125 0.07275879 0.01088881
v -0.04656250 0.07416504 0.00999038
v -0.05078125 0.07275879 0.01088881
v -0.04656250 0.07416504 0.00999038
v -0.05140625 0.07275879 0.00727553
v -0.05140625 0.07275879 0.00727553
v -0.04656250 0.07416504 0.00999038
v -0.04718750 0.07416504 0.00668959
v -0.05140625 0.07275879 0.00727553
v -0.04718750 0.07416504 0.00668959
v -0.05187500 0.07275879 0.00364272
v -0.05187500 0.07275879 0.00364272
v -0.04718750 0.07416504 0.00668959
v -0.04750000 0.07416504 0.00334975
v -0.05187500 0.07275879 0.00364272
v -0.04750000 0.07416504 0.00334975
v -0.05203125 0.07275879 0.00000991
v -0.04765625 0.07416504 0.00000991
v -0.05203125 0.07275879 0.00000991
v -0.04765625 0.07416504 0.00000991
v -0.05187500 0.07275879 -0.00364244
v -0.04750000 0.07416504 -0.00334947
v -0.05187500 0.07275879 -0.00364244
v -0.04750000 0.07416504 -0.00334947
v -0.05140625 0.07275879 -0.00727525
v -0.05140625 0.07275879 -0.00727525
v -0.04750000 0.07416504 -0.00334947
v -0.04718750 0.07416504 -0.00668931
v -0.05140625 0.07275879 -0.00727525
v -0.04718750 0.07416504 -0.00668931
v -0.05078125 0.07275879 -0.01086900
v -0.05078125 0.07275879 -0.01086900
v -0.04718750 0.07416504 -0.00668931
v -0.04656250 0.07416504 -0.00999010
v -0.05078125 0.07275879 -0.01086900
v -0.04656250 0.07416504 -0.00999010
v -0.05000000 0.07275879 -0.01442369
v -0.04578125 0.07416504 -0.01325181
v -0.05000000 0.07275879 -0.01442369
v -0.04578125 0.07416504 -0.01325181
v -0.04875000 0.07275879 -0.01790025
v -0.04875000 0.07275879 -0.01790025
v -0.04578125 0.07416504 -0.01325181
v -0.04484375 0.07416504 -0.01643541
v -0.04875000 0.07275879 -0.01790025
v -0.04484375 0.07416504 -0.01643541
v -0.04750000 0.07275879 -0.02127916
v -0.04750000 0.07275879 -0.02127916
v -0.04484375 0.07416504 -0.01643541
v -0.04359375 0.07416504 -0.01954088
v -0.04750000 0.07275879 -0.02127916
v -0.04359375 0.07416504 -0.01954088
v -0.04578125 0.07275879 -0.02457994
v -0.04203125 0.07416504 -0.02256822
v -0.04578125 0.07275879 -0.02457994
v -0.04203125 0.07416504 -0.02256822
v -0.04046875 0.07416504 -0.02545884
v -0.05953125 0.05687988 0.04342787
v -0.05640625 0.05687988 0.04749037
v -0.05406250 0.06030762 0.04561537
v -0.05406250 0.06030762 0.04561537
v -0.05953125 0.05687988 0.04342787
v -0.05406250 0.06030762 0.04561537
v -0.05718750 0.06030762 0.04170912
v -0.04750000 0.07096193 0.02991225
v -0.04531250 0.07096193 0.03321303
v -0.04203125 0.07275879 0.03077163
v -0.04203125 0.07275879 0.03077163
v -0.04531250 0.07096193 0.03321303
v -0.03968750 0.07275879 0.03366225
v -0.04750000 0.07096193 0.02991225
v -0.04203125 0.07275879 0.03077163
v -0.04406250 0.07275879 0.02772475
v -0.06234375 0.05687988 0.03915053
v -0.05953125 0.05687988 0.04342787
v -0.05718750 0.06030762 0.04170912
v -0.06234375 0.05687988 0.03915053
v -0.05718750 0.06030762 0.04170912
v -0.05984375 0.06030762 0.03758803
v -0.04953125 0.07096193 0.02651381
v -0.04750000 0.07096193 0.02991225
v -0.04406250 0.07275879 0.02772475
v -0.04953125 0.07096193 0.02651381
v -0.04406250 0.07275879 0.02772475
v -0.04578125 0.07275879 0.02458022
v -0.06500000 0.05687988 0.03467787
v -0.06234375 0.05687988 0.03915053
v -0.05984375 0.06030762 0.03758803
v -0.06500000 0.05687988 0.03467787
v -0.05984375 0.06030762 0.03758803
v -0.06234375 0.06030762 0.03329116
v -0.05125000 0.07096193 0.02297866
v -0.04953125 0.07096193 0.02651381
v -0.04578125 0.07275879 0.02458022
v -0.05125000 0.07096193 0.02297866
v -0.04578125 0.07275879 0.02458022
v -0.04750000 0.07275879 0.02127944
v -0.06718750 0.05687988 0.03004897
v -0.06500000 0.05687988 0.03467787
v -0.06234375 0.06030762 0.03329116
v -0.06718750 0.05687988 0.03004897
v -0.06234375 0.06030762 0.03329116
v -0.06453125 0.06030762 0.02883803
v -0.05265625 0.07096193 0.01930678
v -0.05125000 0.07096193 0.02297866
v -0.04750000 0.07275879 0.02127944
v -0.04875000 0.07275879 0.01790053
v -0.06906250 0.05687988 0.02526381
v -0.06718750 0.05687988 0.03004897
v -0.06453125 0.06030762 0.02883803
v -0.06906250 0.05687988 0.02526381
v -0.06453125 0.06030762 0.02883803
v -0.06640625 0.06030762 0.02424819
v -0.05265625 0.07096193 0.01930678
v -0.04875000 0.07275879 0.01790053
v -0.05390625 0.07096193 0.01555678
v -0.05390625 0.07096193 0.01555678
v -0.04875000 0.07275879 0.01790053
v -0.05000000 0.07275879 0.01442397
v -0.05390625 0.07096193 0.01555678
v -0.05000000 0.07275879 0.01442397
v -0.05484375 0.07096193 0.01174819
v -0.05484375 0.07096193 0.01174819
v -0.05000000 0.07275879 0.01442397
v -0.05078125 0.07275879 0.01088881
v -0.05484375 0.07096193 0.01174819
v -0.05078125 0.07275879 0.01088881
v -0.05562500 0.07096193 0.00786147
v -0.05562500 0.07096193 0.00786147
v -0.05078125 0.07275879 0.01088881
v -0.05140625 0.07275879 0.00727553
v -0.05562500 0.07096193 0.00786147
v -0.05140625 0.07275879 0.00727553
v -0.05593750 0.07096193 0.00393569
v -0.05593750 0.07096193 0.00393569
v -0.05140625 0.07275879 0.00727553
v -0.05187500 0.07275879 0.00364272
v -0.05593750 0.07096193 0.00393569
v -0.05187500 0.07275879 0.00364272
v -0.05609375 0.07096193 0.00000991
v -0.05203125 0.07275879 0.00000991
v -0.05609375 0.07096193 0.00000991
v -0.05203125 0.07275879 0.00000991
v -0.05593750 0.07096193 -0.00393541
v -0.05187500 0.07275879 -0.00364244
v -0.05593750 0.07096193 -0.00393541
v -0.05187500 0.07275879 -0.00364244
v -0.05562500 0.07096193 -0.00786119
v -0.05562500 0.07096193 -0.00786119
v -0.05187500 0.07275879 -0.00364244
v -0.05140625 0.07275879 -0.00727525
v -0.05562500 0.07096193 -0.00786119
v -0.05140625 0.07275879 -0.00727525
v -0.05484375 0.07096193 -0.01172838
v -0.05484375 0.07096193 -0.01172838
v -0.05140625 0.07275879 -0.00727525
v -0.05078125 0.07275879 -0.01086900
v -0.05484375 0.07096193 -0.01172838
v -0.05078125 0.07275879 -0.01086900
v -0.05390625 0.07096193 -0.01555650
v -0.05390625 0.07096193 -0.01555650
v -0.05078125 0.07275879 -0.01086900
v -0.05000000 0.07275879 -0.01442369
v -0.05390625 0.07096193 -0.01555650
v -0.05000000 0.07275879 -0.01442369
v -0.05265625 0.07096193 -0.01930650
v -0.05265625 0.07096193 -0.01930650
v -0.05000000 0.07275879 -0.01442369
v -0.04875000 0.07275879 -0.01790025
v -0.05265625 0.07096193 -0.01930650
v -0.04875000 0.07275879 -0.01790025
v -0.05125000 0.07096193 -0.02295884
v -0.05125000 0.07096193 -0.02295884
v -0.04875000 0.07275879 -0.01790025
v -0.04750000 0.07275879 -0.02127916
v -0.05125000 0.07096193 -0.02295884
v -0.04750000 0.07275879 -0.02127916
v -0.04953125 0.07096193 -0.02651353
v -0.04953125 0.07096193 -0.02651353
v -0.04750000 0.07275879 -0.02127916
v -0.04578125 0.07275879 -0.02457994
v -0.04953125 0.07096193 -0.02651353
v -0.04578125 0.07275879 -0.02457994
v -0.04406250 0.07275879 -0.02772447
v -0.04406250 0.07275879 -0.02772447
v -0.04406250 0.07275879 -0.02772447
v -0.04046875 0.07416504 -0.02545884
v -0.03859375 0.07416504 -0.02825181
v -0.06906250 0.05687988 0.02526381
v -0.06640625 0.06030762 0.02424819
v -0.07078125 0.05687988 0.02036147
v -0.07078125 0.05687988 0.02036147
v -0.06640625 0.06030762 0.02424819
v -0.06781250 0.06030762 0.01954116
v -0.07078125 0.05687988 0.02036147
v -0.06781250 0.06030762 0.01954116
v -0.07203125 0.05687988 0.01536147
v -0.07203125 0.05687988 0.01536147
v -0.06781250 0.06030762 0.01954116
v -0.06906250 0.06030762 0.01473647
v -0.07203125 0.05687988 0.01536147
v -0.06906250 0.06030762 0.01473647
v -0.07281250 0.05687988 0.01028334
v -0.07281250 0.05687988 0.01028334
v -0.06906250 0.06030762 0.01473647
v -0.07000000 0.06030762 0.00987319
v -0.07281250 0.05687988 0.01028334
v -0.07000000 0.06030762 0.00987319
v -0.07343750 0.05687988 0.00514663
v -0.07343750 0.05687988 0.00514663
v -0.07000000 0.06030762 0.00987319
v -0.07046875 0.06030762 0.00495131
v -0.07343750 0.05687988 0.00514663
v -0.07046875 0.06030762 0.00495131
v -0.07359375 0.05687988 0.00000991
v -0.07359375 0.05687988 0.00000991
v -0.07046875 0.06030762 0.00495131
v -0.07062500 0.06030762 0.00000991
v -0.07359375 0.05687988 0.00000991
v -0.07062500 0.06030762 0.00000991
v -0.07343750 0.05687988 -0.00514634
v -0.07343750 0.05687988 -0.00514634
v -0.07062500 0.06030762 0.00000991
v -0.07046875 0.06030762 -0.00495103
v -0.07343750 0.05687988 -0.00514634
v -0.07046875 0.06030762 -0.00495103
v -0.07281250 0.05687988 -0.01028306
v -0.07281250 0.05687988 -0.01028306
v -0.07046875 0.06030762 -0.00495103
v -0.07000000 0.06030762 -0.00987291
v -0.07281250 0.05687988 -0.01028306
v -0.07000000 0.06030762 -0.00987291
v -0.07203125 0.05687988 -0.01536119
v -0.07203125 0.05687988 -0.01536119
v -0.07000000 0.06030762 -0.00987291
v -0.06906250 0.06030762 -0.01473619
v -0.07203125 0.05687988 -0.01536119
v -0.06906250 0.06030762 -0.01473619
v -0.07078125 0.05687988 -0.02036119
v -0.07078125 0.05687988 -0.02036119
v -0.06906250 0.06030762 -0.01473619
v -0.06781250 0.06030762 -0.01954088
v -0.07078125 0.05687988 -0.02036119
v -0.06781250 0.06030762 -0.01954088
v -0.06906250 0.05687988 -0.02526353
v -0.06906250 0.05687988 -0.02526353
v -0.06781250 0.06030762 -0.01954088
v -0.06640625 0.06030762 -0.02424791
v -0.06906250 0.05687988 -0.02526353
v -0.06640625 0.06030762 -0.02424791
v -0.06718750 0.05687988 -0.03004869
v -0.06718750 0.05687988 -0.03004869
v -0.06640625 0.06030762 -0.02424791
v -0.06453125 0.06030762 -0.02883775
v -0.06718750 0.05687988 -0.03004869
v -0.06453125 0.06030762 -0.02883775
v -0.06500000 0.05687988 -0.03467759
v -0.06500000 0.05687988 -0.03467759
v -0.06453125 0.06030762 -0.02883775
v -0.06234375 0.06030762 -0.03329087
v -0.06500000 0.05687988 -0.03467759
v -0.06234375 0.06030762 -0.03329087
v -0.05984375 0.06030762 -0.03758775
v -0.05984375 0.06030762 -0.03758775
v -0.05984375 0.06030762 -0.03758775
v -0.05718750 0.06345215 -0.03586900
v -0.05453125 0.06345215 -0.03979478
v -0.05453125 0.06345215 -0.03979478
v -0.05718750 0.06345215 -0.03586900
v -0.05171875 0.06629396 -0.03774400
v -0.05453125 0.06345215 -0.03979478
v -0.05171875 0.06629396 -0.03774400
v -0.05156250 0.06345215 -0.04352525
v -0.04890625 0.06629396 -0.04127915
v -0.05156250 0.06345215 -0.04352525
v -0.04890625 0.06629396 -0.04127915
v -0.04843750 0.06345215 -0.04704087
v -0.04593750 0.06629396 -0.04461900
v -0.04843750 0.06345215 -0.04704087
v -0.04593750 0.06629396 -0.04461900
v -0.04500000 0.06345215 -0.05034165
v -0.03953125 0.07518068 -0.01776353
v -0.04062500 0.07518068 -0.01493150
v -0.03640625 0.07579590 -0.01340806
v -0.03421875 0.07579590 -0.01840806
v -0.03546875 0.07579590 -0.01594713
v -0.03953125 0.07518068 -0.01776353
v -0.03546875 0.07579590 -0.01594713
v -0.03812500 0.07518068 -0.02049791
v -0.03421875 0.07579590 -0.01840806
v -0.03281250 0.07579590 -0.02075181
v -0.03390625 -0.00120606 -0.05836900
v -0.03390625 -0.00000488 -0.05836900
v -0.03312500 -0.00000488 -0.05122056
v -0.03390625 0.00119629 -0.05836900
v -0.03312500 -0.00000488 -0.05122056
v -0.03390625 0.00119629 -0.05836900
v -0.03296875 0.00229004 -0.05124009
v -0.03296875 0.00229004 -0.05124009
v -0.03390625 0.00119629 -0.05836900
v -0.03375000 0.00243652 -0.05836900
v -0.03296875 0.00229004 -0.05124009
v -0.03375000 0.00243652 -0.05836900
v -0.03343750 0.00365723 -0.05836900
v -0.03296875 0.00229004 -0.05124009
v -0.03343750 0.00365723 -0.05836900
v -0.03234375 0.00451660 -0.05133775
v -0.03234375 0.00451660 -0.05133775
v -0.03343750 0.00365723 -0.05836900
v -0.03296875 0.00479004 -0.05836900
v -0.03234375 0.00451660 -0.05133775
v -0.03296875 0.00479004 -0.05836900
v -0.03250000 0.00587402 -0.05836900
v -0.03234375 0.00451660 -0.05133775
v -0.03250000 0.00587402 -0.05836900
v -0.03125000 0.00657715 -0.05147447
v -0.03125000 0.00657715 -0.05147447
v -0.03250000 0.00587402 -0.05836900
v -0.03187500 0.00694824 -0.05836900
v -0.03125000 0.00657715 -0.05147447
v -0.03187500 0.00694824 -0.05836900
v -0.03109375 0.00795410 -0.05836900
v -0.03125000 0.00657715 -0.05147447
v -0.03109375 0.00795410 -0.05836900
v -0.03000000 0.00842285 -0.05166978
v -0.03000000 0.00842285 -0.05166978
v -0.03109375 0.00795410 -0.05836900
v -0.03031250 0.00884277 -0.05836900
v -0.03000000 0.00842285 -0.05166978
v -0.03031250 0.00884277 -0.05836900
v -0.02828125 0.00997559 -0.05192369
v -0.02828125 0.00997559 -0.05192369
v -0.03031250 0.00884277 -0.05836900
v -0.02937500 0.00964356 -0.05836900
v -0.02828125 0.00997559 -0.05192369
v -0.02937500 0.00964356 -0.05836900
v -0.02843750 0.01038574 -0.05836900
v -0.02828125 0.00997559 -0.05192369
v -0.02843750 0.01038574 -0.05836900
v -0.02625000 0.01118652 -0.05219712
v -0.02625000 0.01118652 -0.05219712
v -0.02843750 0.01038574 -0.05836900
v -0.02734375 0.01103027 -0.05836900
v -0.02625000 0.01118652 -0.05219712
v -0.02734375 0.01103027 -0.05836900
v -0.02625000 0.01154785 -0.05836900
v -0.02625000 0.01118652 -0.05219712
v -0.02625000 0.01154785 -0.05836900
v -0.02421875 0.01201660 -0.05249009
v -0.02421875 0.01201660 -0.05249009
v -0.02625000 0.01154785 -0.05836900
v -0.02500000 0.01194824 -0.05836900
v -0.02421875 0.01201660 -0.05249009
v -0.02500000 0.01194824 -0.05836900
v -0.02390625 0.01224121 -0.05836900
v -0.02421875 0.01201660 -0.05249009
v -0.02390625 0.01224121 -0.05836900
v -0.02187500 0.01244629 -0.05282212
v -0.02187500 0.01244629 -0.05282212
v -0.02390625 0.01224121 -0.05836900
v -0.02265625 0.01243652 -0.05836900
v -0.02187500 0.01244629 -0.05282212
v -0.02265625 0.01243652 -0.05836900
v -0.02140625 0.01249512 -0.05836900
v -0.02187500 0.01244629 -0.05282212
v -0.02140625 0.01249512 -0.05836900
v -0.01968750 0.01244629 -0.05315415
v -0.01968750 0.01244629 -0.05315415
v -0.02140625 0.01249512 -0.05836900
v -0.02015625 0.01242676 -0.05836900
v -0.01968750 0.01244629 -0.05315415
v -0.02015625 0.01242676 -0.05836900
v -0.01890625 0.01224121 -0.05836900
v -0.01968750 0.01244629 -0.05315415
v -0.01890625 0.01224121 -0.05836900
v -0.01734375 0.01201660 -0.05346665
v -0.01734375 0.01201660 -0.05346665
v -0.01890625 0.01224121 -0.05836900
v -0.01781250 0.01194824 -0.05836900
v -0.01734375 0.01201660 -0.05346665
v -0.01781250 0.01194824 -0.05836900
v -0.01656250 0.01154785 -0.05836900
v -0.01734375 0.01201660 -0.05346665
v -0.01656250 0.01154785 -0.05836900
v -0.01531250 0.01118652 -0.05377915
v -0.01531250 0.01118652 -0.05377915
v -0.01656250 0.01154785 -0.05836900
v -0.01546875 0.01103027 -0.05836900
v -0.01531250 0.01118652 -0.05377915
v -0.01546875 0.01103027 -0.05836900
v -0.01453125 0.01038574 -0.05836900
v -0.01531250 0.01118652 -0.05377915
v -0.01453125 0.01038574 -0.05836900
v -0.01328125 0.00997559 -0.05405259
v -0.01328125 0.00997559 -0.05405259
v -0.01453125 0.01038574 -0.05836900
v -0.01343750 0.00964356 -0.05836900
v -0.01328125 0.00997559 -0.05405259
v -0.01343750 0.00964356 -0.05836900
v -0.01250000 0.00884277 -0.05836900
v -0.01328125 0.00997559 -0.05405259
v -0.01250000 0.00884277 -0.05836900
v -0.01156250 0.00842285 -0.05428697
v -0.01156250 0.00842285 -0.05428697
v -0.01250000 0.00884277 -0.05836900
v -0.01171875 0.00795410 -0.05836900
v -0.01156250 0.00842285 -0.05428697
v -0.01171875 0.00795410 -0.05836900
v -0.01031250 0.00657715 -0.05448228
v -0.01031250 0.00657715 -0.05448228
v -0.01171875 0.00795410 -0.05836900
v -0.01093750 0.00694824 -0.05836900
v -0.01031250 0.00657715 -0.05448228
v -0.01093750 0.00694824 -0.05836900
v -0.01031250 0.00587402 -0.05836900
v -0.01031250 0.00657715 -0.05448228
v -0.01031250 0.00587402 -0.05836900
v -0.00921875 0.00451660 -0.05463853
v -0.00921875 0.00451660 -0.05463853
v -0.01031250 0.00587402 -0.05836900
v -0.00984375 0.00479004 -0.05836900
v -0.00921875 0.00451660 -0.05463853
v -0.00984375 0.00479004 -0.05836900
v -0.00937500 0.00365723 -0.05836900
v -0.00921875 0.00451660 -0.05463853
v -0.00937500 0.00365723 -0.05836900
v -0.00859375 0.00229004 -0.05471665
v -0.00859375 0.00229004 -0.05471665
v -0.00937500 0.00365723 -0.05836900
v -0.00906250 0.00243652 -0.05836900
v -0.00859375 0.00229004 -0.05471665
v -0.00906250 0.00243652 -0.05836900
v -0.00890625 0.00119629 -0.05836900
v -0.00859375 0.00229004 -0.05471665
v -0.00890625 0.00119629 -0.05836900
v -0.00843750 -0.00000488 -0.05475572
v -0.00843750 -0.00000488 -0.05475572
v -0.00890625 0.00119629 -0.05836900
v -0.00890625 -0.00000488 -0.05836900
v -0.00890625 -0.00120606 -0.05836900
v -0.00843750 -0.00000488 -0.05475572
v -0.00890625 -0.00120606 -0.05836900
v -0.00859375 -0.00229981 -0.05471665
v -0.00859375 -0.00229981 -0.05471665
v -0.00890625 -0.00120606 -0.05836900
v -0.00906250 -0.00244629 -0.05836900
v -0.00859375 -0.00229981 -0.05471665
v -0.00906250 -0.00244629 -0.05836900
v -0.00937500 -0.00365723 -0.05836900
v -0.00859375 -0.00229981 -0.05471665
v -0.00937500 -0.00365723 -0.05836900
v -0.00921875 -0.00451660 -0.05463853
v -0.00921875 -0.00451660 -0.05463853
v -0.00937500 -0.00365723 -0.05836900
v -0.00984375 -0.00479004 -0.05836900
v -0.00921875 -0.00451660 -0.05463853
v -0.00984375 -0.00479004 -0.05836900
v -0.01031250 -0.00587402 -0.05836900
v -0.00921875 -0.00451660 -0.05463853
v -0.01031250 -0.00587402 -0.05836900
v -0.01031250 -0.00658691 -0.05448228
v -0.01031250 -0.00658691 -0.05448228
v -0.01031250 -0.00587402 -0.05836900
v -0.01093750 -0.00694824 -0.05836900
v -0.01031250 -0.00658691 -0.05448228
v -0.01093750 -0.00694824 -0.05836900
v -0.01171875 -0.00795410 -0.05836900
v -0.01031250 -0.00658691 -0.05448228
v -0.01171875 -0.00795410 -0.05836900
v -0.01156250 -0.00842285 -0.05428697
v -0.01156250 -0.00842285 -0.05428697
v -0.01171875 -0.00795410 -0.05836900
v -0.01250000 -0.00885254 -0.05836900
v -0.01156250 -0.00842285 -0.05428697
v -0.01250000 -0.00885254 -0.05836900
v -0.01328125 -0.00997559 -0.05405259
v -0.01328125 -0.00997559 -0.05405259
v -0.01250000 -0.00885254 -0.05836900
v -0.01343750 -0.00965332 -0.05836900
v -0.01328125 -0.00997559 -0.05405259
v -0.01343750 -0.00965332 -0.05836900
v -0.01453125 -0.01038574 -0.05836900
v -0.01328125 -0.00997559 -0.05405259
v -0.01453125 -0.01038574 -0.05836900
v -0.01531250 -0.01119629 -0.05377915
v -0.01531250 -0.01119629 -0.05377915
v -0.01453125 -0.01038574 -0.05836900
v -0.01546875 -0.01104004 -0.05836900
v -0.01531250 -0.01119629 -0.05377915
v -0.01546875 -0.01104004 -0.05836900
v -0.01656250 -0.01155762 -0.05836900
v -0.01531250 -0.01119629 -0.05377915
v -0.01656250 -0.01155762 -0.05836900
v -0.01734375 -0.01202637 -0.05346665
v -0.01734375 -0.01202637 -0.05346665
v -0.01656250 -0.01155762 -0.05836900
v -0.01781250 -0.01194824 -0.05836900
v -0.01734375 -0.01202637 -0.05346665
v -0.01781250 -0.01194824 -0.05836900
v -0.01890625 -0.01225098 -0.05836900
v -0.01734375 -0.01202637 -0.05346665
v -0.01890625 -0.01225098 -0.05836900
v -0.01968750 -0.01244629 -0.05315415
v -0.01968750 -0.01244629 -0.05315415
v -0.01890625 -0.01225098 -0.05836900
v -0.02015625 -0.01243652 -0.05836900
v -0.01968750 -0.01244629 -0.05315415
v -0.02015625 -0.01243652 -0.05836900
v -0.02140625 -0.01250488 -0.05836900
v -0.01968750 -0.01244629 -0.05315415
v -0.02140625 -0.01250488 -0.05836900
v -0.02187500 -0.01244629 -0.05282212
v -0.02187500 -0.01244629 -0.05282212
v -0.02140625 -0.01250488 -0.05836900
v -0.02265625 -0.01243652 -0.05836900
v -0.02187500 -0.01244629 -0.05282212
v -0.02265625 -0.01243652 -0.05836900
v -0.02390625 -0.01225098 -0.05836900
v -0.02187500 -0.01244629 -0.05282212
v -0.02390625 -0.01225098 -0.05836900
v -0.02421875 -0.01202637 -0.05249009
v -0.02421875 -0.01202637 -0.05249009
v -0.02390625 -0.01225098 -0.05836900
v -0.02500000 -0.01194824 -0.05836900
v -0.02421875 -0.01202637 -0.05249009
v -0.02500000 -0.01194824 -0.05836900
v -0.02625000 -0.01155762 -0.05836900
v -0.02421875 -0.01202637 -0.05249009
v -0.02625000 -0.01155762 -0.05836900
v -0.02625000 -0.01119629 -0.05219712
v -0.02625000 -0.01119629 -0.05219712
v -0.02625000 -0.01155762 -0.05836900
v -0.02734375 -0.01104004 -0.05836900
v -0.02625000 -0.01119629 -0.05219712
v -0.02734375 -0.01104004 -0.05836900
v -0.02843750 -0.01039551 -0.05836900
v -0.02828125 -0.00997559 -0.05192369
v -0.02828125 -0.00997559 -0.05192369
v -0.02843750 -0.01039551 -0.05836900
v -0.02937500 -0.00965332 -0.05836900
v -0.02828125 -0.00997559 -0.05192369
v -0.02937500 -0.00965332 -0.05836900
v -0.03031250 -0.00885254 -0.05836900
v -0.02828125 -0.00997559 -0.05192369
v -0.03031250 -0.00885254 -0.05836900
v -0.03000000 -0.00842285 -0.05166978
v -0.03000000 -0.00842285 -0.05166978
v -0.03031250 -0.00885254 -0.05836900
v -0.03109375 -0.00796387 -0.05836900
v -0.03000000 -0.00842285 -0.05166978
v -0.03109375 -0.00796387 -0.05836900
v -0.03125000 -0.00658691 -0.05147447
v -0.03125000 -0.00658691 -0.05147447
v -0.03109375 -0.00796387 -0.05836900
v -0.03187500 -0.00694824 -0.05836900
v -0.03125000 -0.00658691 -0.05147447
v -0.03187500 -0.00694824 -0.05836900
v -0.03250000 -0.00587402 -0.05836900
v -0.03125000 -0.00658691 -0.05147447
v -0.03250000 -0.00587402 -0.05836900
v -0.03234375 -0.00451660 -0.05133775
v -0.03234375 -0.00451660 -0.05133775
v -0.03250000 -0.00587402 -0.05836900
v -0.03296875 -0.00479004 -0.05836900
v -0.03234375 -0.00451660 -0.05133775
v -0.03296875 -0.00479004 -0.05836900
v -0.03343750 -0.00365723 -0.05836900
v -0.03234375 -0.00451660 -0.05133775
v -0.03343750 -0.00365723 -0.05836900
v -0.03296875 -0.00229981 -0.05124009
v -0.03296875 -0.00229981 -0.05124009
v -0.03343750 -0.00365723 -0.05836900
v -0.03375000 -0.00244629 -0.05836900
v -0.03296875 -0.00229981 -0.05124009
v -0.03375000 -0.00244629 -0.05836900
v -0.03390625 -0.00120606 -0.05836900
v -0.03296875 -0.00229981 -0.05124009
v -0.03390625 -0.00120606 -0.05836900
v -0.03312500 -0.00000488 -0.05122056
v 0.07921875 -0.01056152 0.03352553
v 0.07437500 -0.01119629 0.03413100
v 0.07921875 -0.01142090 0.03510756
v 0.07921875 -0.01142090 0.03510756
v 0.07437500 -0.01119629 0.03413100
v 0.07406250 -0.01202637 0.03627944
v 0.07921875 -0.01142090 0.03510756
v 0.07406250 -0.01202637 0.03627944
v 0.07921875 -0.01195801 0.03655287
v 0.07921875 -0.01195801 0.03655287
v 0.07406250 -0.01202637 0.03627944
v 0.07921875 -0.01226074 0.03776381
v 0.07921875 -0.01226074 0.03776381
v 0.07406250 -0.01202637 0.03627944
v 0.07375000 -0.01244629 0.03852553
v 0.07921875 -0.01226074 0.03776381
v 0.07375000 -0.01244629 0.03852553
v 0.07921875 -0.01248535 0.03961928
v 0.07921875 -0.01248535 0.03961928
v 0.07375000 -0.01244629 0.03852553
v 0.07343750 -0.01244629 0.04081069
v 0.07921875 -0.01248535 0.04081069
v 0.07921875 -0.01248535 0.04081069
v 0.07343750 -0.01244629 0.04081069
v 0.07921875 -0.01236816 0.04204116
v 0.07921875 -0.01236816 0.04204116
v 0.07343750 -0.01244629 0.04081069
v 0.07328125 -0.01202637 0.04305678
v 0.07921875 -0.01236816 0.04204116
v 0.07328125 -0.01202637 0.04305678
v 0.07921875 -0.01195801 0.04387709
v 0.07921875 -0.01195801 0.04387709
v 0.07328125 -0.01202637 0.04305678
v 0.07921875 -0.01154785 0.04500991
v 0.07921875 -0.01154785 0.04500991
v 0.07328125 -0.01202637 0.04305678
v 0.07296875 -0.01119629 0.04518569
v 0.07921875 -0.01154785 0.04500991
v 0.07296875 -0.01119629 0.04518569
v 0.07921875 -0.01072754 0.04665053
v 0.07921875 -0.01072754 0.04665053
v 0.07296875 -0.01119629 0.04518569
v 0.07265625 -0.00997559 0.04713881
v 0.07921875 -0.01072754 0.04665053
v 0.07265625 -0.00997559 0.04713881
v 0.07921875 -0.01003418 0.04768569
v 0.07921875 -0.01003418 0.04768569
v 0.07265625 -0.00997559 0.04713881
v 0.07921875 -0.00883301 0.04907241
v 0.07921875 -0.00883301 0.04907241
v 0.07265625 -0.00997559 0.04713881
v 0.07250000 -0.00842285 0.04883803
v 0.07921875 -0.00883301 0.04907241
v 0.07250000 -0.00842285 0.04883803
v 0.07921875 -0.00794434 0.04989272
v 0.07921875 -0.00794434 0.04989272
v 0.07250000 -0.00842285 0.04883803
v 0.07234375 -0.00658691 0.05020522
v 0.07921875 -0.00794434 0.04989272
v 0.07234375 -0.00658691 0.05020522
v 0.07921875 -0.00641113 0.05096694
v 0.07921875 -0.00641113 0.05096694
v 0.07234375 -0.00658691 0.05020522
v 0.07921875 -0.00532715 0.05155287
v 0.07921875 -0.00532715 0.05155287
v 0.07234375 -0.00658691 0.05020522
v 0.07218750 -0.00451660 0.05124037
v 0.07921875 -0.00532715 0.05155287
v 0.07218750 -0.00451660 0.05124037
v 0.07921875 -0.00365723 0.05219741
v 0.07921875 -0.00365723 0.05219741
v 0.07218750 -0.00451660 0.05124037
v 0.07218750 -0.00229981 0.05186537
v 0.07921875 -0.00365723 0.05219741
v 0.07218750 -0.00229981 0.05186537
v 0.07921875 -0.00243652 0.05250991
v 0.07921875 -0.00243652 0.05250991
v 0.07218750 -0.00229981 0.05186537
v 0.07921875 -0.00059082 0.05272475
v 0.07921875 -0.00059082 0.05272475
v 0.07218750 -0.00229981 0.05186537
v 0.07218750 -0.00000488 0.05208022
v 0.07921875 -0.00059082 0.05272475
v 0.07218750 -0.00000488 0.05208022
v 0.07921875 0.00119629 0.05268569
v 0.07921875 0.00119629 0.05268569
v 0.07218750 -0.00000488 0.05208022
v 0.07218750 0.00229004 0.05186537
v 0.07921875 0.00119629 0.05268569
v 0.07218750 0.00229004 0.05186537
v 0.07921875 0.00305176 0.05235366
v 0.07921875 0.00305176 0.05235366
v 0.07218750 0.00229004 0.05186537
v 0.07218750 0.00451660 0.05124037
v 0.07921875 0.00305176 0.05235366
v 0.07218750 0.00451660 0.05124037
v 0.07921875 0.00478027 0.05178725
v 0.07921875 0.00478027 0.05178725
v 0.07218750 0.00451660 0.05124037
v 0.07921875 0.00586426 0.05127944
v 0.07921875 0.00586426 0.05127944
v 0.07218750 0.00451660 0.05124037
v 0.07234375 0.00657715 0.05020522
v 0.07921875 0.00586426 0.05127944
v 0.07234375 0.00657715 0.05020522
v 0.07921875 0.00745606 0.05026381
v 0.07921875 0.00745606 0.05026381
v 0.07234375 0.00657715 0.05020522
v 0.07250000 0.00842285 0.04883803
v 0.07921875 0.00745606 0.05026381
v 0.07250000 0.00842285 0.04883803
v 0.07921875 0.00840332 0.04948256
v 0.07921875 0.00840332 0.04948256
v 0.07250000 0.00842285 0.04883803
v 0.07921875 0.00964356 0.04819350
v 0.07921875 0.00964356 0.04819350
v 0.07250000 0.00842285 0.04883803
v 0.07265625 0.00997559 0.04713881
v 0.07921875 0.00964356 0.04819350
v 0.07265625 0.00997559 0.04713881
v 0.07921875 0.01038574 0.04717787
v 0.07921875 0.01038574 0.04717787
v 0.07265625 0.00997559 0.04713881
v 0.07296875 0.01118652 0.04518569
v 0.07921875 0.01038574 0.04717787
v 0.07296875 0.01118652 0.04518569
v 0.07921875 0.01130371 0.04555678
v 0.07921875 0.01130371 0.04555678
v 0.07296875 0.01118652 0.04518569
v 0.07921875 0.01175293 0.04446303
v 0.07921875 0.01175293 0.04446303
v 0.07296875 0.01118652 0.04518569
v 0.07328125 0.01201660 0.04305678
v 0.07921875 0.01175293 0.04446303
v 0.07328125 0.01201660 0.04305678
v 0.07921875 0.01226074 0.04266616
v 0.07921875 0.01226074 0.04266616
v 0.07328125 0.01201660 0.04305678
v 0.07343750 0.01244629 0.04081069
v 0.07921875 0.01226074 0.04266616
v 0.07343750 0.01244629 0.04081069
v 0.07921875 0.01243652 0.04141616
v 0.07921875 0.01243652 0.04141616
v 0.07343750 0.01244629 0.04081069
v 0.07921875 0.01248535 0.03961928
v 0.07921875 0.01248535 0.03961928
v 0.07343750 0.01244629 0.04081069
v 0.07375000 0.01244629 0.03852553
v 0.07921875 0.01248535 0.03961928
v 0.07375000 0.01244629 0.03852553
v 0.07921875 0.01236816 0.03838881
v 0.07921875 0.01236816 0.03838881
v 0.07375000 0.01244629 0.03852553
v 0.07406250 0.01201660 0.03627944
v 0.07921875 0.01236816 0.03838881
v 0.07406250 0.01201660 0.03627944
v 0.07921875 0.01194824 0.03655287
v 0.07921875 0.01194824 0.03655287
v 0.07406250 0.01201660 0.03627944
v 0.07921875 0.01141113 0.03510756
v 0.07921875 0.01141113 0.03510756
v 0.07406250 0.01201660 0.03627944
v 0.07437500 0.01118652 0.03413100
v 0.07921875 0.01141113 0.03510756
v 0.07437500 0.01118652 0.03413100
v 0.07921875 0.01055176 0.03352553
v 0.07921875 0.01055176 0.03352553
v 0.07437500 0.01118652 0.03413100
v 0.07453125 0.00997559 0.03219741
v 0.07921875 0.01055176 0.03352553
v 0.07453125 0.00997559 0.03219741
v 0.07921875 0.00946777 0.03204116
v 0.07921875 0.00946777 0.03204116
v 0.07453125 0.00997559 0.03219741
v 0.07484375 0.00842285 0.03049819
v 0.07921875 0.00946777 0.03204116
v 0.07484375 0.00842285 0.03049819
v 0.07921875 0.00824707 0.03081069
v 0.07921875 0.00824707 0.03081069
v 0.07484375 0.00842285 0.03049819
v 0.07500000 0.00657715 0.02911147
v 0.07921875 0.00824707 0.03081069
v 0.07500000 0.00657715 0.02911147
v 0.07921875 0.00679199 0.02971694
v 0.07921875 0.00679199 0.02971694
v 0.07500000 0.00657715 0.02911147
v 0.07921875 0.00520996 0.02881850
v 0.07921875 0.00520996 0.02881850
v 0.07500000 0.00657715 0.02911147
v 0.07500000 0.00451660 0.02809584
v 0.07921875 0.00520996 0.02881850
v 0.07500000 0.00451660 0.02809584
v 0.07921875 0.00356934 0.02821303
v 0.07921875 0.00356934 0.02821303
v 0.07500000 0.00451660 0.02809584
v 0.07515625 0.00229004 0.02747084
v 0.07921875 0.00356934 0.02821303
v 0.07515625 0.00229004 0.02747084
v 0.07921875 0.00177246 0.02782241
v 0.07921875 0.00177246 0.02782241
v 0.07515625 0.00229004 0.02747084
v 0.07515625 -0.00000488 0.02725600
v 0.07921875 0.00177246 0.02782241
v 0.07515625 -0.00000488 0.02725600
v 0.07921875 -0.00000488 0.02768569
v 0.07921875 -0.00000488 0.02768569
v 0.07515625 -0.00000488 0.02725600
v 0.07921875 -0.00177246 0.02782241
v 0.07921875 -0.00177246 0.02782241
v 0.07515625 -0.00000488 0.02725600
v 0.07515625 -0.00229981 0.02747084
v 0.07921875 -0.00177246 0.02782241
v 0.07515625 -0.00229981 0.02747084
v 0.07921875 -0.00356934 0.02821303
v 0.07921875 -0.00356934 0.02821303
v 0.07515625 -0.00229981 0.02747084
v 0.07500000 -0.00451660 0.02809584
v 0.07921875 -0.00356934 0.02821303
v 0.07500000 -0.00451660 0.02809584
v 0.07921875 -0.00520996 0.02881850
v 0.07921875 -0.00520996 0.02881850
v 0.07500000 -0.00451660 0.02809584
v 0.07500000 -0.00658691 0.02911147
v 0.07921875 -0.00520996 0.02881850
v 0.07500000 -0.00658691 0.02911147
v 0.07921875 -0.00679199 0.02971694
v 0.07921875 -0.00679199 0.02971694
v 0.07500000 -0.00658691 0.02911147
v 0.07484375 -0.00842285 0.03049819
v 0.07921875 -0.00679199 0.02971694
v 0.07484375 -0.00842285 0.03049819
v 0.07921875 -0.00825684 0.03081069
v 0.07921875 -0.00825684 0.03081069
v 0.07484375 -0.00842285 0.03049819
v 0.07921875 -0.00947754 0.03204116
v 0.07921875 -0.00947754 0.03204116
v 0.07484375 -0.00842285 0.03049819
v 0.07453125 -0.00997559 0.03219741
v 0.07921875 -0.00947754 0.03204116
v 0.07453125 -0.00997559 0.03219741
v 0.07921875 -0.01056152 0.03352553
v 0.07921875 -0.01056152 0.03352553
v 0.07453125 -0.00997559 0.03219741
v 0.07437500 -0.01119629 0.03413100
v 0.07515625 -0.00000488 0.02725600
v 0.06953125 -0.00000488 0.02639663
v 0.06953125 -0.00229981 0.02659194
v 0.06953125 -0.00229981 0.02659194
v 0.06953125 -0.00000488 0.02639663
v 0.06390625 -0.00229981 0.02540053
v 0.06953125 -0.00229981 0.02659194
v 0.06390625 -0.00229981 0.02540053
v 0.06375000 -0.00451660 0.02600600
v 0.06375000 -0.00451660 0.02600600
v 0.06390625 -0.00229981 0.02540053
v 0.05812500 -0.00451660 0.02446303
v 0.06375000 -0.00451660 0.02600600
v 0.05812500 -0.00451660 0.02446303
v 0.05781250 -0.00658691 0.02543959
v 0.05781250 -0.00658691 0.02543959
v 0.05812500 -0.00451660 0.02446303
v 0.05234375 -0.00658691 0.02354506
v 0.05781250 -0.00658691 0.02543959
v 0.05234375 -0.00658691 0.02354506
v 0.05187500 -0.00842285 0.02485366
v 0.05187500 -0.00842285 0.02485366
v 0.05234375 -0.00658691 0.02354506
v 0.04640625 -0.00842285 0.02260756
v 0.05187500 -0.00842285 0.02485366
v 0.04640625 -0.00842285 0.02260756
v 0.04562500 -0.00997559 0.02415053
v 0.04562500 -0.00997559 0.02415053
v 0.04640625 -0.00842285 0.02260756
v 0.04031250 -0.00997559 0.02155288
v 0.04562500 -0.00997559 0.02415053
v 0.04031250 -0.00997559 0.02155288
v 0.03937500 -0.01119629 0.02329116
v 0.03937500 -0.01119629 0.02329116
v 0.04031250 -0.00997559 0.02155288
v 0.03406250 -0.01119629 0.02030288
v 0.03937500 -0.01119629 0.02329116
v 0.03406250 -0.01119629 0.02030288
v 0.03296875 -0.01202637 0.02213881
v 0.03296875 -0.01202637 0.02213881
v 0.03406250 -0.01119629 0.02030288
v 0.02765625 -0.01202637 0.01877944
v 0.03296875 -0.01202637 0.02213881
v 0.02765625 -0.01202637 0.01877944
v 0.02640625 -0.01244629 0.02065444
v 0.02640625 -0.01244629 0.02065444
v 0.02765625 -0.01202637 0.01877944
v 0.02125000 -0.01244629 0.01690444
v 0.02640625 -0.01244629 0.02065444
v 0.02125000 -0.01244629 0.01690444
v 0.01984375 -0.01244629 0.01872084
v 0.01468750 -0.01244629 0.01458022
v 0.01984375 -0.01244629 0.01872084
v 0.01468750 -0.01244629 0.01458022
v 0.01328125 -0.01202637 0.01629897
v 0.00828125 -0.01202637 0.01176772
v 0.01328125 -0.01202637 0.01629897
v 0.00828125 -0.01202637 0.01176772
v 0.00687500 -0.01119629 0.01331069
v 0.00687500 -0.01119629 0.01331069
v 0.00828125 -0.01202637 0.01176772
v 0.00218750 -0.01119629 0.00840834
v 0.00687500 -0.01119629 0.01331069
v 0.00218750 -0.01119629 0.00840834
v 0.00062500 -0.00997559 0.00971694
v 0.00062500 -0.00997559 0.00971694
v 0.00218750 -0.01119629 0.00840834
v -0.00375000 -0.00997559 0.00446303
v 0.00062500 -0.00997559 0.00971694
v -0.00375000 -0.00997559 0.00446303
v -0.00515625 -0.00842285 0.00553725
v -0.00515625 -0.00842285 0.00553725
v -0.00375000 -0.00997559 0.00446303
v -0.00937500 -0.00842285 -0.00006822
v -0.00515625 -0.00842285 0.00553725
v -0.00937500 -0.00842285 -0.00006822
v -0.01046875 -0.00658691 0.00073256
v -0.01046875 -0.00658691 0.00073256
v -0.00937500 -0.00842285 -0.00006822
v -0.01437500 -0.00658691 -0.00516588
v -0.01046875 -0.00658691 0.00073256
v -0.01437500 -0.00658691 -0.00516588
v -0.01531250 -0.00451660 -0.00461900
v -0.01531250 -0.00451660 -0.00461900
v -0.01437500 -0.00658691 -0.00516588
v -0.01890625 -0.00451660 -0.01079088
v -0.01531250 -0.00451660 -0.00461900
v -0.01890625 -0.00451660 -0.01079088
v -0.01937500 -0.00229981 -0.01049791
v -0.01937500 -0.00229981 -0.01049791
v -0.01890625 -0.00451660 -0.01079088
v -0.02265625 -0.00229981 -0.01692369
v -0.01937500 -0.00229981 -0.01049791
v -0.02265625 -0.00229981 -0.01692369
v -0.02281250 -0.00000488 -0.01682603
v -0.02281250 -0.00000488 -0.01682603
v -0.02265625 -0.00229981 -0.01692369
v -0.02578125 -0.00000488 -0.02342759
v -0.02281250 -0.00000488 -0.01682603
v -0.02578125 -0.00000488 -0.02342759
v -0.02562500 0.00229004 -0.02350572
v -0.02562500 0.00229004 -0.02350572
v -0.02578125 -0.00000488 -0.02342759
v -0.02796875 0.00229004 -0.03026353
v -0.02562500 0.00229004 -0.02350572
v -0.02796875 0.00229004 -0.03026353
v -0.02734375 0.00451660 -0.03045884
v -0.02734375 0.00451660 -0.03045884
v -0.02796875 0.00229004 -0.03026353
v -0.02953125 0.00451660 -0.03731431
v -0.02734375 0.00451660 -0.03045884
v -0.02953125 0.00451660 -0.03731431
v -0.02843750 0.00657715 -0.03758775
v -0.02843750 0.00657715 -0.03758775
v -0.02953125 0.00451660 -0.03731431
v -0.03015625 0.00657715 -0.04450181
v -0.02843750 0.00657715 -0.03758775
v -0.03015625 0.00657715 -0.04450181
v -0.02875000 0.00842285 -0.04477525
v -0.02875000 0.00842285 -0.04477525
v -0.03015625 0.00657715 -0.04450181
v -0.03000000 0.00842285 -0.05166978
v -0.02875000 0.00842285 -0.04477525
v -0.03000000 0.00842285 -0.05166978
v -0.02828125 0.00997559 -0.05192369
v 0.06953125 -0.00000488 0.02639663
v 0.06390625 -0.00000488 0.02518569
v 0.06390625 -0.00229981 0.02540053
v 0.06390625 -0.00229981 0.02540053
v 0.06390625 -0.00000488 0.02518569
v 0.05843750 -0.00229981 0.02385756
v 0.06390625 -0.00229981 0.02540053
v 0.05843750 -0.00229981 0.02385756
v 0.05812500 -0.00451660 0.02446303
v 0.05812500 -0.00451660 0.02446303
v 0.05843750 -0.00229981 0.02385756
v 0.05265625 -0.00451660 0.02258803
v 0.05265625 -0.00451660 0.02258803
v 0.05234375 -0.00658691 0.02354506
v 0.05265625 -0.00451660 0.02258803
v 0.04703125 -0.00658691 0.02133803
v 0.05234375 -0.00658691 0.02354506
v 0.04703125 -0.00658691 0.02133803
v 0.04640625 -0.00842285 0.02260756
v 0.04640625 -0.00842285 0.02260756
v 0.04703125 -0.00658691 0.02133803
v 0.04109375 -0.00842285 0.02002944
v 0.04109375 -0.00842285 0.02002944
v 0.04031250 -0.00997559 0.02155288
v 0.04109375 -0.00842285 0.02002944
v 0.03500000 -0.00997559 0.01862319
v 0.04031250 -0.00997559 0.02155288
v 0.03500000 -0.00997559 0.01862319
v 0.03406250 -0.01119629 0.02030288
v 0.03406250 -0.01119629 0.02030288
v 0.03500000 -0.00997559 0.01862319
v 0.02890625 -0.01119629 0.01700209
v 0.03406250 -0.01119629 0.02030288
v 0.02890625 -0.01119629 0.01700209
v 0.02765625 -0.01202637 0.01877944
v 0.02765625 -0.01202637 0.01877944
v 0.02890625 -0.01119629 0.01700209
v 0.02250000 -0.01202637 0.01510756
v 0.02250000 -0.01202637 0.01510756
v 0.02125000 -0.01244629 0.01690444
v 0.02250000 -0.01202637 0.01510756
v 0.01625000 -0.01244629 0.01284194
v 0.01625000 -0.01244629 0.01284194
v 0.01000000 -0.01244629 0.01014662
v 0.01468750 -0.01244629 0.01458022
v 0.01000000 -0.01244629 0.01014662
v 0.00828125 -0.01202637 0.01176772
v 0.00828125 -0.01202637 0.01176772
v 0.01000000 -0.01244629 0.01014662
v 0.00375000 -0.01202637 0.00696303
v 0.00828125 -0.01202637 0.01176772
v 0.00375000 -0.01202637 0.00696303
v 0.00218750 -0.01119629 0.00840834
v 0.00218750 -0.01119629 0.00840834
v 0.00375000 -0.01202637 0.00696303
v -0.00234375 -0.01119629 0.00323256
v 0.00218750 -0.01119629 0.00840834
v -0.00234375 -0.01119629 0.00323256
v -0.00375000 -0.00997559 0.00446303
v -0.00375000 -0.00997559 0.00446303
v -0.00234375 -0.01119629 0.00323256
v -0.00796875 -0.00997559 -0.00104478
v -0.00375000 -0.00997559 0.00446303
v -0.00796875 -0.00997559 -0.00104478
v -0.00937500 -0.00842285 -0.00006822
v -0.00937500 -0.00842285 -0.00006822
v -0.00796875 -0.00997559 -0.00104478
v -0.01328125 -0.00842285 -0.00590806
v -0.00937500 -0.00842285 -0.00006822
v -0.01328125 -0.00842285 -0.00590806
v -0.01437500 -0.00658691 -0.00516588
v -0.01437500 -0.00658691 -0.00516588
v -0.01328125 -0.00842285 -0.00590806
v -0.01796875 -0.00658691 -0.01129869
v -0.01796875 -0.00658691 -0.01129869
v -0.01890625 -0.00451660 -0.01079088
v -0.01796875 -0.00658691 -0.01129869
v -0.02218750 -0.00451660 -0.01717759
v -0.01890625 -0.00451660 -0.01079088
v -0.02218750 -0.00451660 -0.01717759
v -0.02265625 -0.00229981 -0.01692369
v -0.02265625 -0.00229981 -0.01692369
v -0.02218750 -0.00451660 -0.01717759
v -0.02562500 -0.00229981 -0.02350572
v -0.02562500 -0.00229981 -0.02350572
v -0.02578125 -0.00000488 -0.02342759
v -0.02562500 -0.00229981 -0.02350572
v -0.02828125 -0.00000488 -0.03020494
v -0.02578125 -0.00000488 -0.02342759
v -0.02828125 -0.00000488 -0.03020494
v -0.02796875 0.00229004 -0.03026353
v -0.02796875 0.00229004 -0.03026353
v -0.02828125 -0.00000488 -0.03020494
v -0.03000000 0.00229004 -0.03715806
v -0.02796875 0.00229004 -0.03026353
v -0.03000000 0.00229004 -0.03715806
v -0.02953125 0.00451660 -0.03731431
v -0.02953125 0.00451660 -0.03731431
v -0.03000000 0.00229004 -0.03715806
v -0.03109375 0.00451660 -0.04428697
v -0.02953125 0.00451660 -0.03731431
v -0.03109375 0.00451660 -0.04428697
v -0.03015625 0.00657715 -0.04450181
v -0.03015625 0.00657715 -0.04450181
v -0.03109375 0.00451660 -0.04428697
v -0.03125000 0.00657715 -0.05147447
v -0.03015625 0.00657715 -0.04450181
v -0.03125000 0.00657715 -0.05147447
v -0.03000000 0.00842285 -0.05166978
v 0.07515625 -0.00000488 0.02725600
v 0.07515625 0.00229004 0.02747084
v 0.06953125 -0.00000488 0.02639663
v 0.06953125 -0.00000488 0.02639663
v 0.07515625 0.00229004 0.02747084
v 0.06953125 0.00229004 0.02659194
v 0.06953125 -0.00000488 0.02639663
v 0.06953125 0.00229004 0.02659194
v 0.06390625 -0.00000488 0.02518569
v 0.06390625 -0.00000488 0.02518569
v 0.06953125 0.00229004 0.02659194
v 0.06390625 0.00229004 0.02540053
v 0.06390625 -0.00000488 0.02518569
v 0.06390625 0.00229004 0.02540053
v 0.05843750 -0.00000488 0.02366225
v 0.05843750 -0.00000488 0.02366225
v 0.06390625 0.00229004 0.02540053
v 0.05843750 0.00229004 0.02385756
v 0.05843750 -0.00000488 0.02366225
v 0.05843750 0.00229004 0.02385756
v 0.05296875 -0.00000488 0.02180678
v 0.05296875 0.00229004 0.02200209
v 0.05296875 -0.00000488 0.02180678
v 0.05296875 0.00229004 0.02200209
v 0.04765625 -0.00000488 0.01961928
v 0.04765625 0.00229004 0.01981459
v 0.04765625 -0.00000488 0.01961928
v 0.04765625 0.00229004 0.01981459
v 0.04250000 -0.00000488 0.01713881
v 0.04250000 0.00229004 0.01733413
v 0.04250000 -0.00000488 0.01713881
v 0.04250000 0.00229004 0.01733413
v 0.03750000 -0.00000488 0.01434584
v 0.03750000 0.00229004 0.01454116
v 0.03750000 -0.00000488 0.01434584
v 0.03750000 0.00229004 0.01454116
v 0.03281250 -0.00000488 0.01127944
v 0.03281250 -0.00000488 0.01127944
v 0.03750000 0.00229004 0.01454116
v 0.03265625 0.00229004 0.01145522
v 0.03281250 -0.00000488 0.01127944
v 0.03265625 0.00229004 0.01145522
v 0.02812500 -0.00000488 0.00792006
v 0.02812500 -0.00000488 0.00792006
v 0.03265625 0.00229004 0.01145522
v 0.02796875 0.00229004 0.00807631
v 0.02812500 -0.00000488 0.00792006
v 0.02796875 0.00229004 0.00807631
v 0.02375000 -0.00000488 0.00428725
v 0.02359375 0.00229004 0.00444350
v 0.02375000 -0.00000488 0.00428725
v 0.02359375 0.00229004 0.00444350
v 0.01953125 -0.00000488 0.00040053
v 0.01937500 0.00229004 0.00055678
v 0.01953125 -0.00000488 0.00040053
v 0.01937500 0.00229004 0.00055678
v 0.01546875 -0.00000488 -0.00372056
v 0.01546875 -0.00000488 -0.00372056
v 0.01937500 0.00229004 0.00055678
v 0.01531250 0.00229004 -0.00358384
v 0.01546875 -0.00000488 -0.00372056
v 0.01531250 0.00229004 -0.00358384
v 0.01187500 -0.00000488 -0.00807603
v 0.01171875 0.00229004 -0.00793931
v 0.01187500 -0.00000488 -0.00807603
v 0.01171875 0.00229004 -0.00793931
v 0.00843750 -0.00000488 -0.01264634
v 0.00828125 0.00229004 -0.01250963
v 0.00843750 -0.00000488 -0.01264634
v 0.00828125 0.00229004 -0.01250963
v 0.00515625 -0.00000488 -0.01739244
v 0.00515625 -0.00000488 -0.01739244
v 0.00828125 0.00229004 -0.01250963
v 0.00500000 0.00229004 -0.01729478
v 0.00515625 -0.00000488 -0.01739244
v 0.00500000 0.00229004 -0.01729478
v 0.00234375 -0.00000488 -0.02233384
v 0.00218750 0.00229004 -0.02223619
v 0.00234375 -0.00000488 -0.02233384
v 0.00218750 0.00229004 -0.02223619
v -0.00031250 -0.00000488 -0.02745103
v -0.00046875 0.00229004 -0.02735338
v -0.00031250 -0.00000488 -0.02745103
v -0.00046875 0.00229004 -0.02735338
v -0.00250000 -0.00000488 -0.03268540
v -0.00265625 0.00229004 -0.03260728
v -0.00250000 -0.00000488 -0.03268540
v -0.00265625 0.00229004 -0.03260728
v -0.00453125 -0.00000488 -0.03805650
v -0.00453125 -0.00000488 -0.03805650
v -0.00265625 0.00229004 -0.03260728
v -0.00468750 0.00229004 -0.03799790
v -0.00453125 -0.00000488 -0.03805650
v -0.00468750 0.00229004 -0.03799790
v -0.00609375 -0.00000488 -0.04354478
v -0.00625000 0.00229004 -0.04348619
v -0.00609375 -0.00000488 -0.04354478
v -0.00625000 0.00229004 -0.04348619
v -0.00750000 -0.00000488 -0.04911119
v -0.00765625 0.00229004 -0.04907212
v -0.00750000 -0.00000488 -0.04911119
v -0.00765625 0.00229004 -0.04907212
v -0.00843750 -0.00000488 -0.05475572
v -0.00859375 0.00229004 -0.05471665
v 0.06390625 -0.00000488 0.02518569
v 0.05843750 -0.00000488 0.02366225
v 0.05843750 -0.00229981 0.02385756
v 0.05843750 -0.00229981 0.02385756
v 0.05843750 -0.00000488 0.02366225
v 0.05296875 -0.00229981 0.02200209
v 0.05843750 -0.00229981 0.02385756
v 0.05296875 -0.00229981 0.02200209
v 0.05265625 -0.00451660 0.02258803
v 0.05265625 -0.00451660 0.02258803
v 0.05296875 -0.00229981 0.02200209
v 0.04734375 -0.00451660 0.02040053
v 0.05265625 -0.00451660 0.02258803
v 0.04734375 -0.00451660 0.02040053
v 0.04703125 -0.00658691 0.02133803
v 0.04703125 -0.00658691 0.02133803
v 0.04734375 -0.00451660 0.02040053
v 0.04171875 -0.00658691 0.01879897
v 0.04703125 -0.00658691 0.02133803
v 0.04171875 -0.00658691 0.01879897
v 0.04109375 -0.00842285 0.02002944
v 0.04109375 -0.00842285 0.02002944
v 0.04171875 -0.00658691 0.01879897
v 0.03593750 -0.00842285 0.01715834
v 0.04109375 -0.00842285 0.02002944
v 0.03593750 -0.00842285 0.01715834
v 0.03500000 -0.00997559 0.01862319
v 0.03500000 -0.00997559 0.01862319
v 0.03593750 -0.00842285 0.01715834
v 0.03000000 -0.00997559 0.01538100
v 0.03500000 -0.00997559 0.01862319
v 0.03000000 -0.00997559 0.01538100
v 0.02890625 -0.01119629 0.01700209
v 0.02890625 -0.01119629 0.01700209
v 0.03000000 -0.00997559 0.01538100
v 0.02390625 -0.01119629 0.01340834
v 0.02890625 -0.01119629 0.01700209
v 0.02390625 -0.01119629 0.01340834
v 0.02250000 -0.01202637 0.01510756
v 0.02250000 -0.01202637 0.01510756
v 0.02390625 -0.01119629 0.01340834
v 0.01781250 -0.01202637 0.01114272
v 0.02250000 -0.01202637 0.01510756
v 0.01781250 -0.01202637 0.01114272
v 0.01625000 -0.01244629 0.01284194
v 0.01625000 -0.01244629 0.01284194
v 0.01781250 -0.01202637 0.01114272
v 0.01156250 -0.01244629 0.00850600
v 0.01156250 -0.01244629 0.00850600
v 0.00546875 -0.01244629 0.00543959
v 0.00546875 -0.01244629 0.00543959
v 0.00375000 -0.01202637 0.00696303
v 0.00546875 -0.01244629 0.00543959
v -0.00062500 -0.01202637 0.00188491
v 0.00375000 -0.01202637 0.00696303
v -0.00062500 -0.01202637 0.00188491
v -0.00234375 -0.01119629 0.00323256
v -0.00234375 -0.01119629 0.00323256
v -0.00062500 -0.01202637 0.00188491
v -0.00640625 -0.01119629 -0.00217759
v -0.00234375 -0.01119629 0.00323256
v -0.00640625 -0.01119629 -0.00217759
v -0.00796875 -0.00997559 -0.00104478
v -0.00796875 -0.00997559 -0.00104478
v -0.00640625 -0.01119629 -0.00217759
v -0.01171875 -0.00997559 -0.00680650
v -0.00796875 -0.00997559 -0.00104478
v -0.01171875 -0.00997559 -0.00680650
v -0.01328125 -0.00842285 -0.00590806
v -0.01328125 -0.00842285 -0.00590806
v -0.01171875 -0.00997559 -0.00680650
v -0.01671875 -0.00842285 -0.01196275
v -0.01328125 -0.00842285 -0.00590806
v -0.01671875 -0.00842285 -0.01196275
v -0.01796875 -0.00658691 -0.01129869
v -0.01796875 -0.00658691 -0.01129869
v -0.01671875 -0.00842285 -0.01196275
v -0.02125000 -0.00658691 -0.01762681
v -0.01796875 -0.00658691 -0.01129869
v -0.02125000 -0.00658691 -0.01762681
v -0.02218750 -0.00451660 -0.01717759
v -0.02218750 -0.00451660 -0.01717759
v -0.02125000 -0.00658691 -0.01762681
v -0.02500000 -0.00451660 -0.02374009
v -0.02218750 -0.00451660 -0.01717759
v -0.02500000 -0.00451660 -0.02374009
v -0.02562500 -0.00229981 -0.02350572
v -0.02562500 -0.00229981 -0.02350572
v -0.02500000 -0.00451660 -0.02374009
v -0.02796875 -0.00229981 -0.03026353
v -0.02562500 -0.00229981 -0.02350572
v -0.02796875 -0.00229981 -0.03026353
v -0.02828125 -0.00000488 -0.03020494
v -0.02828125 -0.00000488 -0.03020494
v -0.02796875 -0.00229981 -0.03026353
v -0.03031250 -0.00000488 -0.03709947
v -0.03031250 -0.00000488 -0.03709947
v -0.03000000 0.00229004 -0.03715806
v -0.03031250 -0.00000488 -0.03709947
v -0.03171875 0.00229004 -0.04416978
v -0.03000000 0.00229004 -0.03715806
v -0.03171875 0.00229004 -0.04416978
v -0.03109375 0.00451660 -0.04428697
v -0.03109375 0.00451660 -0.04428697
v -0.03171875 0.00229004 -0.04416978
v -0.03234375 0.00451660 -0.05133775
v -0.03109375 0.00451660 -0.04428697
v -0.03234375 0.00451660 -0.05133775
v -0.03125000 0.00657715 -0.05147447
v 0.05296875 -0.00000488 0.02180678
v 0.05296875 -0.00229981 0.02200209
v 0.05296875 -0.00000488 0.02180678
v 0.04765625 -0.00229981 0.01981459
v 0.04765625 -0.00229981 0.01981459
v 0.04734375 -0.00451660 0.02040053
v 0.04765625 -0.00229981 0.01981459
v 0.04218750 -0.00451660 0.01788100
v 0.04734375 -0.00451660 0.02040053
v 0.04218750 -0.00451660 0.01788100
v 0.04171875 -0.00658691 0.01879897
v 0.04171875 -0.00658691 0.01879897
v 0.04218750 -0.00451660 0.01788100
v 0.03656250 -0.00658691 0.01596694
v 0.04171875 -0.00658691 0.01879897
v 0.03656250 -0.00658691 0.01596694
v 0.03593750 -0.00842285 0.01715834
v 0.03593750 -0.00842285 0.01715834
v 0.03656250 -0.00658691 0.01596694
v 0.03093750 -0.00842285 0.01397475
v 0.03593750 -0.00842285 0.01715834
v 0.03093750 -0.00842285 0.01397475
v 0.03000000 -0.00997559 0.01538100
v 0.03000000 -0.00997559 0.01538100
v 0.03093750 -0.00842285 0.01397475
v 0.02515625 -0.00997559 0.01184584
v 0.03000000 -0.00997559 0.01538100
v 0.02515625 -0.00997559 0.01184584
v 0.02390625 -0.01119629 0.01340834
v 0.02390625 -0.01119629 0.01340834
v 0.02515625 -0.00997559 0.01184584
v 0.01921875 -0.01119629 0.00952163
v 0.02390625 -0.01119629 0.01340834
v 0.01921875 -0.01119629 0.00952163
v 0.01781250 -0.01202637 0.01114272
v 0.01781250 -0.01202637 0.01114272
v 0.01921875 -0.01119629 0.00952163
v 0.01312500 -0.01202637 0.00688491
v 0.01312500 -0.01202637 0.00688491
v 0.01156250 -0.01244629 0.00850600
v 0.01156250 -0.01244629 0.00850600
v 0.01312500 -0.01202637 0.00688491
v 0.00718750 -0.01244629 0.00389663
v 0.00718750 -0.01244629 0.00389663
v 0.00125000 -0.01244629 0.00047866
v 0.00546875 -0.01244629 0.00543959
v 0.00125000 -0.01244629 0.00047866
v -0.00062500 -0.01202637 0.00188491
v -0.00062500 -0.01202637 0.00188491
v 0.00125000 -0.01244629 0.00047866
v -0.00453125 -0.01202637 -0.00342759
v -0.00062500 -0.01202637 0.00188491
v -0.00453125 -0.01202637 -0.00342759
v -0.00640625 -0.01119629 -0.00217759
v -0.00640625 -0.01119629 -0.00217759
v -0.00453125 -0.01202637 -0.00342759
v -0.01015625 -0.01119629 -0.00784166
v -0.00640625 -0.01119629 -0.00217759
v -0.01015625 -0.01119629 -0.00784166
v -0.01171875 -0.00997559 -0.00680650
v -0.01171875 -0.00997559 -0.00680650
v -0.01015625 -0.01119629 -0.00784166
v -0.01531250 -0.00997559 -0.01276353
v -0.01171875 -0.00997559 -0.00680650
v -0.01531250 -0.00997559 -0.01276353
v -0.01671875 -0.00842285 -0.01196275
v -0.01671875 -0.00842285 -0.01196275
v -0.01531250 -0.00997559 -0.01276353
v -0.02000000 -0.00842285 -0.01821275
v -0.01671875 -0.00842285 -0.01196275
v -0.02000000 -0.00842285 -0.01821275
v -0.02125000 -0.00658691 -0.01762681
v -0.02125000 -0.00658691 -0.01762681
v -0.02000000 -0.00842285 -0.01821275
v -0.02406250 -0.00658691 -0.02413072
v -0.02125000 -0.00658691 -0.01762681
v -0.02406250 -0.00658691 -0.02413072
v -0.02500000 -0.00451660 -0.02374009
v -0.02500000 -0.00451660 -0.02374009
v -0.02406250 -0.00658691 -0.02413072
v -0.02734375 -0.00451660 -0.03045884
v -0.02500000 -0.00451660 -0.02374009
v -0.02734375 -0.00451660 -0.03045884
v -0.02796875 -0.00229981 -0.03026353
v -0.02796875 -0.00229981 -0.03026353
v -0.02734375 -0.00451660 -0.03045884
v -0.03000000 -0.00229981 -0.03715806
v -0.03000000 -0.00229981 -0.03715806
v -0.03031250 -0.00000488 -0.03709947
v -0.03000000 -0.00229981 -0.03715806
v -0.03187500 -0.00000488 -0.04411119
v -0.03031250 -0.00000488 -0.03709947
v -0.03187500 -0.00000488 -0.04411119
v -0.03171875 0.00229004 -0.04416978
v -0.03171875 0.00229004 -0.04416978
v -0.03187500 -0.00000488 -0.04411119
v -0.03296875 0.00229004 -0.05124009
v -0.03296875 0.00229004 -0.05124009
v 0.04765625 -0.00000488 0.01961928
v 0.04765625 -0.00229981 0.01981459
v 0.04765625 -0.00000488 0.01961928
v 0.04250000 -0.00229981 0.01733413
v 0.04765625 -0.00229981 0.01981459
v 0.04250000 -0.00229981 0.01733413
v 0.04218750 -0.00451660 0.01788100
v 0.04218750 -0.00451660 0.01788100
v 0.04250000 -0.00229981 0.01733413
v 0.03718750 -0.00451660 0.01506850
v 0.04218750 -0.00451660 0.01788100
v 0.03718750 -0.00451660 0.01506850
v 0.03656250 -0.00658691 0.01596694
v 0.03656250 -0.00658691 0.01596694
v 0.03718750 -0.00451660 0.01506850
v 0.03171875 -0.00658691 0.01282241
v 0.03656250 -0.00658691 0.01596694
v 0.03171875 -0.00658691 0.01282241
v 0.03093750 -0.00842285 0.01397475
v 0.03093750 -0.00842285 0.01397475
v 0.03171875 -0.00658691 0.01282241
v 0.02609375 -0.00842285 0.01049819
v 0.03093750 -0.00842285 0.01397475
v 0.02609375 -0.00842285 0.01049819
v 0.02515625 -0.00997559 0.01184584
v 0.02515625 -0.00997559 0.01184584
v 0.02609375 -0.00842285 0.01049819
v 0.02046875 -0.00997559 0.00803725
v 0.02515625 -0.00997559 0.01184584
v 0.02046875 -0.00997559 0.00803725
v 0.01921875 -0.01119629 0.00952163
v 0.01921875 -0.01119629 0.00952163
v 0.02046875 -0.00997559 0.00803725
v 0.01468750 -0.01119629 0.00536147
v 0.01921875 -0.01119629 0.00952163
v 0.01468750 -0.01119629 0.00536147
v 0.01312500 -0.01202637 0.00688491
v 0.01312500 -0.01202637 0.00688491
v 0.01468750 -0.01119629 0.00536147
v 0.00875000 -0.01202637 0.00237319
v 0.01312500 -0.01202637 0.00688491
v 0.00875000 -0.01202637 0.00237319
v 0.00718750 -0.01244629 0.00389663
v 0.00718750 -0.01244629 0.00389663
v 0.00875000 -0.01202637 0.00237319
v 0.00296875 -0.01244629 -0.00096666
v 0.00296875 -0.01244629 -0.00096666
v -0.00281250 -0.01244629 -0.00473619
v 0.00125000 -0.01244629 0.00047866
v -0.00281250 -0.01244629 -0.00473619
v -0.00453125 -0.01202637 -0.00342759
v -0.00453125 -0.01202637 -0.00342759
v -0.00281250 -0.01244629 -0.00473619
v -0.00828125 -0.01202637 -0.00897447
v -0.00453125 -0.01202637 -0.00342759
v -0.00828125 -0.01202637 -0.00897447
v -0.01015625 -0.01119629 -0.00784166
v -0.01015625 -0.01119629 -0.00784166
v -0.00828125 -0.01202637 -0.00897447
v -0.01359375 -0.01119629 -0.01370103
v -0.01015625 -0.01119629 -0.00784166
v -0.01359375 -0.01119629 -0.01370103
v -0.01531250 -0.00997559 -0.01276353
v -0.01531250 -0.00997559 -0.01276353
v -0.01359375 -0.01119629 -0.01370103
v -0.01843750 -0.00997559 -0.01893541
v -0.01531250 -0.00997559 -0.01276353
v -0.01843750 -0.00997559 -0.01893541
v -0.02000000 -0.00842285 -0.01821275
v -0.02000000 -0.00842285 -0.01821275
v -0.01843750 -0.00997559 -0.01893541
v -0.02265625 -0.00842285 -0.02463853
v -0.02000000 -0.00842285 -0.01821275
v -0.02265625 -0.00842285 -0.02463853
v -0.02406250 -0.00658691 -0.02413072
v -0.02406250 -0.00658691 -0.02413072
v -0.02265625 -0.00842285 -0.02463853
v -0.02640625 -0.00658691 -0.03079088
v -0.02406250 -0.00658691 -0.02413072
v -0.02640625 -0.00658691 -0.03079088
v -0.02734375 -0.00451660 -0.03045884
v -0.02734375 -0.00451660 -0.03045884
v -0.02640625 -0.00658691 -0.03079088
v -0.02953125 -0.00451660 -0.03731431
v -0.02734375 -0.00451660 -0.03045884
v -0.02953125 -0.00451660 -0.03731431
v -0.03000000 -0.00229981 -0.03715806
v -0.03000000 -0.00229981 -0.03715806
v -0.02953125 -0.00451660 -0.03731431
v -0.03171875 -0.00229981 -0.04416978
v -0.03000000 -0.00229981 -0.03715806
v -0.03171875 -0.00229981 -0.04416978
v -0.03187500 -0.00000488 -0.04411119
v -0.03187500 -0.00000488 -0.04411119
v -0.03171875 -0.00229981 -0.04416978
v -0.03312500 -0.00000488 -0.05122056
v -0.03312500 -0.00000488 -0.05122056
v 0.04250000 -0.00000488 0.01713881
v 0.04250000 -0.00229981 0.01733413
v 0.04250000 -0.00000488 0.01713881
v 0.03750000 -0.00229981 0.01454116
v 0.03750000 -0.00229981 0.01454116
v 0.03718750 -0.00451660 0.01506850
v 0.03750000 -0.00229981 0.01454116
v 0.03234375 -0.00451660 0.01198256
v 0.03718750 -0.00451660 0.01506850
v 0.03234375 -0.00451660 0.01198256
v 0.03171875 -0.00658691 0.01282241
v 0.03171875 -0.00658691 0.01282241
v 0.03234375 -0.00451660 0.01198256
v 0.02703125 -0.00658691 0.00940444
v 0.03171875 -0.00658691 0.01282241
v 0.02703125 -0.00658691 0.00940444
v 0.02609375 -0.00842285 0.01049819
v 0.02609375 -0.00842285 0.01049819
v 0.02703125 -0.00658691 0.00940444
v 0.02156250 -0.00842285 0.00674819
v 0.02609375 -0.00842285 0.01049819
v 0.02156250 -0.00842285 0.00674819
v 0.02046875 -0.00997559 0.00803725
v 0.02046875 -0.00997559 0.00803725
v 0.02156250 -0.00842285 0.00674819
v 0.01609375 -0.00997559 0.00395522
v 0.02046875 -0.00997559 0.00803725
v 0.01609375 -0.00997559 0.00395522
v 0.01468750 -0.01119629 0.00536147
v 0.01468750 -0.01119629 0.00536147
v 0.01609375 -0.00997559 0.00395522
v 0.01046875 -0.01119629 0.00092788
v 0.01468750 -0.01119629 0.00536147
v 0.01046875 -0.01119629 0.00092788
v 0.00875000 -0.01202637 0.00237319
v 0.00875000 -0.01202637 0.00237319
v 0.01046875 -0.01119629 0.00092788
v 0.00468750 -0.01202637 -0.00239244
v 0.00468750 -0.01202637 -0.00239244
v 0.00296875 -0.01244629 -0.00096666
v 0.00468750 -0.01202637 -0.00239244
v -0.00093750 -0.01244629 -0.00606431
v -0.00093750 -0.01244629 -0.00606431
v -0.00640625 -0.01244629 -0.01018541
v -0.00281250 -0.01244629 -0.00473619
v -0.00640625 -0.01244629 -0.01018541
v -0.00828125 -0.01202637 -0.00897447
v -0.00828125 -0.01202637 -0.00897447
v -0.00640625 -0.01244629 -0.01018541
v -0.01171875 -0.01202637 -0.01473619
v -0.00828125 -0.01202637 -0.00897447
v -0.01171875 -0.01202637 -0.01473619
v -0.01359375 -0.01119629 -0.01370103
v -0.01359375 -0.01119629 -0.01370103
v -0.01171875 -0.01202637 -0.01473619
v -0.01656250 -0.01119629 -0.01977525
v -0.01359375 -0.01119629 -0.01370103
v -0.01656250 -0.01119629 -0.01977525
v -0.01843750 -0.00997559 -0.01893541
v -0.01843750 -0.00997559 -0.01893541
v -0.01656250 -0.01119629 -0.01977525
v -0.02109375 -0.00997559 -0.02528306
v -0.02109375 -0.00997559 -0.02528306
v -0.02265625 -0.00842285 -0.02463853
v -0.02109375 -0.00997559 -0.02528306
v -0.02515625 -0.00842285 -0.03122056
v -0.02265625 -0.00842285 -0.02463853
v -0.02515625 -0.00842285 -0.03122056
v -0.02640625 -0.00658691 -0.03079088
v -0.02640625 -0.00658691 -0.03079088
v -0.02515625 -0.00842285 -0.03122056
v -0.02843750 -0.00658691 -0.03758775
v -0.02640625 -0.00658691 -0.03079088
v -0.02843750 -0.00658691 -0.03758775
v -0.02953125 -0.00451660 -0.03731431
v -0.02953125 -0.00451660 -0.03731431
v -0.02843750 -0.00658691 -0.03758775
v -0.03109375 -0.00451660 -0.04428697
v -0.02953125 -0.00451660 -0.03731431
v -0.03109375 -0.00451660 -0.04428697
v -0.03171875 -0.00229981 -0.04416978
v -0.03171875 -0.00229981 -0.04416978
v -0.03109375 -0.00451660 -0.04428697
v -0.03296875 -0.00229981 -0.05124009
v -0.03296875 -0.00229981 -0.05124009
v 0.03750000 -0.00000488 0.01434584
v 0.03750000 -0.00229981 0.01454116
v 0.03750000 -0.00000488 0.01434584
v 0.03265625 -0.00229981 0.01145522
v 0.03265625 -0.00229981 0.01145522
v 0.03234375 -0.00451660 0.01198256
v 0.03265625 -0.00229981 0.01145522
v 0.02765625 -0.00451660 0.00858412
v 0.02765625 -0.00451660 0.00858412
v 0.02703125 -0.00658691 0.00940444
v 0.02765625 -0.00451660 0.00858412
v 0.02250000 -0.00658691 0.00569350
v 0.02703125 -0.00658691 0.00940444
v 0.02250000 -0.00658691 0.00569350
v 0.02156250 -0.00842285 0.00674819
v 0.02156250 -0.00842285 0.00674819
v 0.02250000 -0.00658691 0.00569350
v 0.01718750 -0.00842285 0.00274428
v 0.02156250 -0.00842285 0.00674819
v 0.01718750 -0.00842285 0.00274428
v 0.01609375 -0.00997559 0.00395522
v 0.01609375 -0.00997559 0.00395522
v 0.01718750 -0.00842285 0.00274428
v 0.01187500 -0.00997559 -0.00038072
v 0.01609375 -0.00997559 0.00395522
v 0.01187500 -0.00997559 -0.00038072
v 0.01046875 -0.01119629 0.00092788
v 0.01046875 -0.01119629 0.00092788
v 0.01187500 -0.00997559 -0.00038072
v 0.00640625 -0.01119629 -0.00374009
v 0.01046875 -0.01119629 0.00092788
v 0.00640625 -0.01119629 -0.00374009
v 0.00468750 -0.01202637 -0.00239244
v 0.00468750 -0.01202637 -0.00239244
v 0.00640625 -0.01119629 -0.00374009
v 0.00093750 -0.01202637 -0.00739244
v 0.00468750 -0.01202637 -0.00239244
v 0.00093750 -0.01202637 -0.00739244
v -0.00093750 -0.01244629 -0.00606431
v -0.00093750 -0.01244629 -0.00606431
v 0.00093750 -0.01202637 -0.00739244
v -0.00437500 -0.01244629 -0.01139634
v -0.00437500 -0.01244629 -0.01139634
v -0.00968750 -0.01244629 -0.01581041
v -0.00968750 -0.01244629 -0.01581041
v -0.01171875 -0.01202637 -0.01473619
v -0.00968750 -0.01244629 -0.01581041
v -0.01468750 -0.01202637 -0.02067369
v -0.01171875 -0.01202637 -0.01473619
v -0.01468750 -0.01202637 -0.02067369
v -0.01656250 -0.01119629 -0.01977525
v -0.01656250 -0.01119629 -0.01977525
v -0.01468750 -0.01202637 -0.02067369
v -0.01937500 -0.01119629 -0.02600572
v -0.01656250 -0.01119629 -0.01977525
v -0.01937500 -0.01119629 -0.02600572
v -0.02109375 -0.00997559 -0.02528306
v -0.02109375 -0.00997559 -0.02528306
v -0.01937500 -0.01119629 -0.02600572
v -0.02343750 -0.00997559 -0.03176744
v -0.02109375 -0.00997559 -0.02528306
v -0.02343750 -0.00997559 -0.03176744
v -0.02515625 -0.00842285 -0.03122056
v -0.02515625 -0.00842285 -0.03122056
v -0.02343750 -0.00997559 -0.03176744
v -0.02718750 -0.00842285 -0.03793931
v -0.02515625 -0.00842285 -0.03122056
v -0.02718750 -0.00842285 -0.03793931
v -0.02843750 -0.00658691 -0.03758775
v -0.02843750 -0.00658691 -0.03758775
v -0.02718750 -0.00842285 -0.03793931
v -0.03015625 -0.00658691 -0.04450181
v -0.02843750 -0.00658691 -0.03758775
v -0.03015625 -0.00658691 -0.04450181
v -0.03109375 -0.00451660 -0.04428697
v -0.03109375 -0.00451660 -0.04428697
v -0.03015625 -0.00658691 -0.04450181
v -0.03234375 -0.00451660 -0.05133775
v -0.03109375 -0.00451660 -0.04428697
v -0.03234375 -0.00451660 -0.05133775
v -0.03296875 -0.00229981 -0.05124009
v 0.03750000 -0.00000488 0.01434584
v 0.03281250 -0.00000488 0.01127944
v 0.03265625 -0.00229981 0.01145522
v 0.03265625 -0.00229981 0.01145522
v 0.03281250 -0.00000488 0.01127944
v 0.02796875 -0.00229981 0.00807631
v 0.03265625 -0.00229981 0.01145522
v 0.02796875 -0.00229981 0.00807631
v 0.02765625 -0.00451660 0.00858412
v 0.02765625 -0.00451660 0.00858412
v 0.02796875 -0.00229981 0.00807631
v 0.02312500 -0.00451660 0.00493178
v 0.02765625 -0.00451660 0.00858412
v 0.02312500 -0.00451660 0.00493178
v 0.02250000 -0.00658691 0.00569350
v 0.02250000 -0.00658691 0.00569350
v 0.02312500 -0.00451660 0.00493178
v 0.01812500 -0.00658691 0.00174819
v 0.02250000 -0.00658691 0.00569350
v 0.01812500 -0.00658691 0.00174819
v 0.01718750 -0.00842285 0.00274428
v 0.01718750 -0.00842285 0.00274428
v 0.01812500 -0.00658691 0.00174819
v 0.01312500 -0.00842285 -0.00153306
v 0.01718750 -0.00842285 0.00274428
v 0.01312500 -0.00842285 -0.00153306
v 0.01187500 -0.00997559 -0.00038072
v 0.01187500 -0.00997559 -0.00038072
v 0.01312500 -0.00842285 -0.00153306
v 0.00796875 -0.00997559 -0.00497056
v 0.01187500 -0.00997559 -0.00038072
v 0.00796875 -0.00997559 -0.00497056
v 0.00640625 -0.01119629 -0.00374009
v 0.00640625 -0.01119629 -0.00374009
v 0.00796875 -0.00997559 -0.00497056
v 0.00265625 -0.01119629 -0.00862291
v 0.00640625 -0.01119629 -0.00374009
v 0.00265625 -0.01119629 -0.00862291
v 0.00093750 -0.01202637 -0.00739244
v 0.00093750 -0.01202637 -0.00739244
v 0.00265625 -0.01119629 -0.00862291
v -0.00250000 -0.01202637 -0.01258775
v -0.00250000 -0.01202637 -0.01258775
v -0.00437500 -0.01244629 -0.01139634
v -0.00250000 -0.01202637 -0.01258775
v -0.00765625 -0.01244629 -0.01692369
v -0.00765625 -0.01244629 -0.01692369
v -0.01265625 -0.01244629 -0.02165025
v -0.01265625 -0.01244629 -0.02165025
v -0.01468750 -0.01202637 -0.02067369
v -0.01265625 -0.01244629 -0.02165025
v -0.01734375 -0.01202637 -0.02680650
v -0.01468750 -0.01202637 -0.02067369
v -0.01734375 -0.01202637 -0.02680650
v -0.01937500 -0.01119629 -0.02600572
v -0.01937500 -0.01119629 -0.02600572
v -0.01734375 -0.01202637 -0.02680650
v -0.02156250 -0.01119629 -0.03237290
v -0.01937500 -0.01119629 -0.02600572
v -0.02156250 -0.01119629 -0.03237290
v -0.02343750 -0.00997559 -0.03176744
v -0.02343750 -0.00997559 -0.03176744
v -0.02156250 -0.01119629 -0.03237290
v -0.02546875 -0.00997559 -0.03838853
v -0.02343750 -0.00997559 -0.03176744
v -0.02546875 -0.00997559 -0.03838853
v -0.02718750 -0.00842285 -0.03793931
v -0.02718750 -0.00842285 -0.03793931
v -0.02546875 -0.00997559 -0.03838853
v -0.02875000 -0.00842285 -0.04477525
v -0.02718750 -0.00842285 -0.03793931
v -0.02875000 -0.00842285 -0.04477525
v -0.03015625 -0.00658691 -0.04450181
v -0.03015625 -0.00658691 -0.04450181
v -0.02875000 -0.00842285 -0.04477525
v -0.03125000 -0.00658691 -0.05147447
v -0.03015625 -0.00658691 -0.04450181
v -0.03125000 -0.00658691 -0.05147447
v -0.03234375 -0.00451660 -0.05133775
v 0.03281250 -0.00000488 0.01127944
v 0.02812500 -0.00000488 0.00792006
v 0.02796875 -0.00229981 0.00807631
v 0.02796875 -0.00229981 0.00807631
v 0.02812500 -0.00000488 0.00792006
v 0.02359375 -0.00229981 0.00444350
v 0.02796875 -0.00229981 0.00807631
v 0.02359375 -0.00229981 0.00444350
v 0.02312500 -0.00451660 0.00493178
v 0.02312500 -0.00451660 0.00493178
v 0.02359375 -0.00229981 0.00444350
v 0.01890625 -0.00451660 0.00100600
v 0.02312500 -0.00451660 0.00493178
v 0.01890625 -0.00451660 0.00100600
v 0.01812500 -0.00658691 0.00174819
v 0.01812500 -0.00658691 0.00174819
v 0.01890625 -0.00451660 0.00100600
v 0.01421875 -0.00658691 -0.00247056
v 0.01812500 -0.00658691 0.00174819
v 0.01421875 -0.00658691 -0.00247056
v 0.01312500 -0.00842285 -0.00153306
v 0.01312500 -0.00842285 -0.00153306
v 0.01421875 -0.00658691 -0.00247056
v 0.00921875 -0.00842285 -0.00602525
v 0.01312500 -0.00842285 -0.00153306
v 0.00921875 -0.00842285 -0.00602525
v 0.00796875 -0.00997559 -0.00497056
v 0.00796875 -0.00997559 -0.00497056
v 0.00921875 -0.00842285 -0.00602525
v 0.00437500 -0.00997559 -0.00975572
v 0.00796875 -0.00997559 -0.00497056
v 0.00437500 -0.00997559 -0.00975572
v 0.00265625 -0.01119629 -0.00862291
v 0.00265625 -0.01119629 -0.00862291
v 0.00437500 -0.00997559 -0.00975572
v -0.00062500 -0.01119629 -0.01374009
v 0.00265625 -0.01119629 -0.00862291
v -0.00062500 -0.01119629 -0.01374009
v -0.00250000 -0.01202637 -0.01258775
v -0.00250000 -0.01202637 -0.01258775
v -0.00062500 -0.01119629 -0.01374009
v -0.00562500 -0.01202637 -0.01799791
v -0.00562500 -0.01202637 -0.01799791
v -0.00765625 -0.01244629 -0.01692369
v -0.00562500 -0.01202637 -0.01799791
v -0.01046875 -0.01244629 -0.02262681
v -0.01046875 -0.01244629 -0.02262681
v -0.01515625 -0.01244629 -0.02762681
v -0.01265625 -0.01244629 -0.02165025
v -0.01515625 -0.01244629 -0.02762681
v -0.01734375 -0.01202637 -0.02680650
v -0.01734375 -0.01202637 -0.02680650
v -0.01515625 -0.01244629 -0.02762681
v -0.01953125 -0.01202637 -0.03305650
v -0.01953125 -0.01202637 -0.03305650
v -0.02156250 -0.01119629 -0.03237290
v -0.01953125 -0.01202637 -0.03305650
v -0.02359375 -0.01119629 -0.03889634
v -0.02156250 -0.01119629 -0.03237290
v -0.02359375 -0.01119629 -0.03889634
v -0.02546875 -0.00997559 -0.03838853
v -0.02546875 -0.00997559 -0.03838853
v -0.02359375 -0.01119629 -0.03889634
v -0.02703125 -0.00997559 -0.04510728
v -0.02546875 -0.00997559 -0.03838853
v -0.02703125 -0.00997559 -0.04510728
v -0.02875000 -0.00842285 -0.04477525
v -0.02875000 -0.00842285 -0.04477525
v -0.02703125 -0.00997559 -0.04510728
v -0.03000000 -0.00842285 -0.05166978
v -0.02875000 -0.00842285 -0.04477525
v -0.03000000 -0.00842285 -0.05166978
v -0.03125000 -0.00658691 -0.05147447
v 0.02375000 -0.00000488 0.00428725
v 0.02359375 -0.00229981 0.00444350
v 0.02375000 -0.00000488 0.00428725
v 0.01937500 -0.00229981 0.00055678
v 0.02359375 -0.00229981 0.00444350
v 0.01937500 -0.00229981 0.00055678
v 0.01890625 -0.00451660 0.00100600
v 0.01890625 -0.00451660 0.00100600
v 0.01937500 -0.00229981 0.00055678
v 0.01484375 -0.00451660 -0.00315416
v 0.01890625 -0.00451660 0.00100600
v 0.01484375 -0.00451660 -0.00315416
v 0.01421875 -0.00658691 -0.00247056
v 0.01421875 -0.00658691 -0.00247056
v 0.01484375 -0.00451660 -0.00315416
v 0.01031250 -0.00658691 -0.00690416
v 0.01421875 -0.00658691 -0.00247056
v 0.01031250 -0.00658691 -0.00690416
v 0.00921875 -0.00842285 -0.00602525
v 0.00921875 -0.00842285 -0.00602525
v 0.01031250 -0.00658691 -0.00690416
v 0.00578125 -0.00842285 -0.01075181
v 0.00921875 -0.00842285 -0.00602525
v 0.00578125 -0.00842285 -0.01075181
v 0.00437500 -0.00997559 -0.00975572
v 0.00437500 -0.00997559 -0.00975572
v 0.00578125 -0.00842285 -0.01075181
v 0.00093750 -0.00997559 -0.01477525
v 0.00437500 -0.00997559 -0.00975572
v 0.00093750 -0.00997559 -0.01477525
v -0.00062500 -0.01119629 -0.01374009
v -0.00062500 -0.01119629 -0.01374009
v 0.00093750 -0.00997559 -0.01477525
v -0.00375000 -0.01119629 -0.01903306
v -0.00062500 -0.01119629 -0.01374009
v -0.00375000 -0.01119629 -0.01903306
v -0.00562500 -0.01202637 -0.01799791
v -0.00562500 -0.01202637 -0.01799791
v -0.00375000 -0.01119629 -0.01903306
v -0.00843750 -0.01202637 -0.02358384
v -0.00843750 -0.01202637 -0.02358384
v -0.01046875 -0.01244629 -0.02262681
v -0.00843750 -0.01202637 -0.02358384
v -0.01312500 -0.01244629 -0.02848619
v -0.01312500 -0.01244629 -0.02848619
v -0.01750000 -0.01244629 -0.03377915
v -0.01515625 -0.01244629 -0.02762681
v -0.01750000 -0.01244629 -0.03377915
v -0.01953125 -0.01202637 -0.03305650
v -0.01953125 -0.01202637 -0.03305650
v -0.01750000 -0.01244629 -0.03377915
v -0.02156250 -0.01202637 -0.03944322
v -0.01953125 -0.01202637 -0.03305650
v -0.02156250 -0.01202637 -0.03944322
v -0.02359375 -0.01119629 -0.03889634
v -0.02359375 -0.01119629 -0.03889634
v -0.02156250 -0.01202637 -0.03944322
v -0.02515625 -0.01119629 -0.04549790
v -0.02359375 -0.01119629 -0.03889634
v -0.02515625 -0.01119629 -0.04549790
v -0.02703125 -0.00997559 -0.04510728
v -0.02703125 -0.00997559 -0.04510728
v -0.02515625 -0.01119629 -0.04549790
v -0.02828125 -0.00997559 -0.05192369
v -0.02703125 -0.00997559 -0.04510728
v -0.02828125 -0.00997559 -0.05192369
v -0.03000000 -0.00842285 -0.05166978
v 0.01953125 -0.00000488 0.00040053
v 0.01937500 -0.00229981 0.00055678
v 0.01953125 -0.00000488 0.00040053
v 0.01531250 -0.00229981 -0.00358384
v 0.01531250 -0.00229981 -0.00358384
v 0.01484375 -0.00451660 -0.00315416
v 0.01531250 -0.00229981 -0.00358384
v 0.01109375 -0.00451660 -0.00754869
v 0.01484375 -0.00451660 -0.00315416
v 0.01109375 -0.00451660 -0.00754869
v 0.01031250 -0.00658691 -0.00690416
v 0.01031250 -0.00658691 -0.00690416
v 0.01109375 -0.00451660 -0.00754869
v 0.00687500 -0.00658691 -0.01155259
v 0.01031250 -0.00658691 -0.00690416
v 0.00687500 -0.00658691 -0.01155259
v 0.00578125 -0.00842285 -0.01075181
v 0.00578125 -0.00842285 -0.01075181
v 0.00687500 -0.00658691 -0.01155259
v 0.00250000 -0.00842285 -0.01567369
v 0.00578125 -0.00842285 -0.01075181
v 0.00250000 -0.00842285 -0.01567369
v 0.00093750 -0.00997559 -0.01477525
v 0.00093750 -0.00997559 -0.01477525
v 0.00250000 -0.00842285 -0.01567369
v -0.00203125 -0.00997559 -0.01997056
v 0.00093750 -0.00997559 -0.01477525
v -0.00203125 -0.00997559 -0.01997056
v -0.00375000 -0.01119629 -0.01903306
v -0.00375000 -0.01119629 -0.01903306
v -0.00203125 -0.00997559 -0.01997056
v -0.00656250 -0.01119629 -0.02450181
v -0.00375000 -0.01119629 -0.01903306
v -0.00656250 -0.01119629 -0.02450181
v -0.00843750 -0.01202637 -0.02358384
v -0.00843750 -0.01202637 -0.02358384
v -0.00656250 -0.01119629 -0.02450181
v -0.01093750 -0.01202637 -0.02932603
v -0.00843750 -0.01202637 -0.02358384
v -0.01093750 -0.01202637 -0.02932603
v -0.01312500 -0.01244629 -0.02848619
v -0.01312500 -0.01244629 -0.02848619
v -0.01093750 -0.01202637 -0.02932603
v -0.01531250 -0.01244629 -0.03450181
v -0.01531250 -0.01244629 -0.03450181
v -0.01937500 -0.01244629 -0.04002915
v -0.01750000 -0.01244629 -0.03377915
v -0.01937500 -0.01244629 -0.04002915
v -0.02156250 -0.01202637 -0.03944322
v -0.02156250 -0.01202637 -0.03944322
v -0.01937500 -0.01244629 -0.04002915
v -0.02296875 -0.01202637 -0.04592759
v -0.02156250 -0.01202637 -0.03944322
v -0.02296875 -0.01202637 -0.04592759
v -0.02515625 -0.01119629 -0.04549790
v -0.02515625 -0.01119629 -0.04549790
v -0.02296875 -0.01202637 -0.04592759
v -0.02625000 -0.01119629 -0.05219712
v -0.02515625 -0.01119629 -0.04549790
v -0.02625000 -0.01119629 -0.05219712
v -0.02828125 -0.00997559 -0.05192369
v 0.01953125 -0.00000488 0.00040053
v 0.01546875 -0.00000488 -0.00372056
v 0.01531250 -0.00229981 -0.00358384
v 0.01531250 -0.00229981 -0.00358384
v 0.01546875 -0.00000488 -0.00372056
v 0.01171875 -0.00229981 -0.00793931
v 0.01531250 -0.00229981 -0.00358384
v 0.01171875 -0.00229981 -0.00793931
v 0.01109375 -0.00451660 -0.00754869
v 0.01109375 -0.00451660 -0.00754869
v 0.01171875 -0.00229981 -0.00793931
v 0.00765625 -0.00451660 -0.01215806
v 0.01109375 -0.00451660 -0.00754869
v 0.00765625 -0.00451660 -0.01215806
v 0.00687500 -0.00658691 -0.01155259
v 0.00687500 -0.00658691 -0.01155259
v 0.00765625 -0.00451660 -0.01215806
v 0.00359375 -0.00658691 -0.01641588
v 0.00687500 -0.00658691 -0.01155259
v 0.00359375 -0.00658691 -0.01641588
v 0.00250000 -0.00842285 -0.01567369
v 0.00250000 -0.00842285 -0.01567369
v 0.00359375 -0.00658691 -0.01641588
v -0.00046875 -0.00842285 -0.02079088
v 0.00250000 -0.00842285 -0.01567369
v -0.00046875 -0.00842285 -0.02079088
v -0.00203125 -0.00997559 -0.01997056
v -0.00203125 -0.00997559 -0.01997056
v -0.00046875 -0.00842285 -0.02079088
v -0.00468750 -0.00997559 -0.02534166
v -0.00203125 -0.00997559 -0.01997056
v -0.00468750 -0.00997559 -0.02534166
v -0.00656250 -0.01119629 -0.02450181
v -0.00656250 -0.01119629 -0.02450181
v -0.00468750 -0.00997559 -0.02534166
v -0.00890625 -0.01119629 -0.03012681
v -0.00656250 -0.01119629 -0.02450181
v -0.00890625 -0.01119629 -0.03012681
v -0.01093750 -0.01202637 -0.02932603
v -0.01093750 -0.01202637 -0.02932603
v -0.00890625 -0.01119629 -0.03012681
v -0.01312500 -0.01202637 -0.03520494
v -0.01312500 -0.01202637 -0.03520494
v -0.01531250 -0.01244629 -0.03450181
v -0.01312500 -0.01202637 -0.03520494
v -0.01703125 -0.01244629 -0.04061509
v -0.01703125 -0.01244629 -0.04061509
v -0.02078125 -0.01244629 -0.04637681
v -0.02078125 -0.01244629 -0.04637681
v -0.02296875 -0.01202637 -0.04592759
v -0.02078125 -0.01244629 -0.04637681
v -0.02421875 -0.01202637 -0.05249009
v -0.02296875 -0.01202637 -0.04592759
v -0.02421875 -0.01202637 -0.05249009
v -0.02625000 -0.01119629 -0.05219712
v 0.01187500 -0.00000488 -0.00807603
v 0.01171875 -0.00229981 -0.00793931
v 0.01187500 -0.00000488 -0.00807603
v 0.00828125 -0.00229981 -0.01250963
v 0.00828125 -0.00229981 -0.01250963
v 0.00765625 -0.00451660 -0.01215806
v 0.00828125 -0.00229981 -0.01250963
v 0.00453125 -0.00451660 -0.01694322
v 0.00765625 -0.00451660 -0.01215806
v 0.00453125 -0.00451660 -0.01694322
v 0.00359375 -0.00658691 -0.01641588
v 0.00359375 -0.00658691 -0.01641588
v 0.00453125 -0.00451660 -0.01694322
v 0.00062500 -0.00658691 -0.02145494
v 0.00359375 -0.00658691 -0.01641588
v 0.00062500 -0.00658691 -0.02145494
v -0.00046875 -0.00842285 -0.02079088
v -0.00046875 -0.00842285 -0.02079088
v 0.00062500 -0.00658691 -0.02145494
v -0.00312500 -0.00842285 -0.02606431
v -0.00046875 -0.00842285 -0.02079088
v -0.00312500 -0.00842285 -0.02606431
v -0.00468750 -0.00997559 -0.02534166
v -0.00468750 -0.00997559 -0.02534166
v -0.00312500 -0.00842285 -0.02606431
v -0.00718750 -0.00997559 -0.03084947
v -0.00468750 -0.00997559 -0.02534166
v -0.00718750 -0.00997559 -0.03084947
v -0.00890625 -0.01119629 -0.03012681
v -0.00890625 -0.01119629 -0.03012681
v -0.00718750 -0.00997559 -0.03084947
v -0.01109375 -0.01119629 -0.03588853
v -0.00890625 -0.01119629 -0.03012681
v -0.01109375 -0.01119629 -0.03588853
v -0.01312500 -0.01202637 -0.03520494
v -0.01312500 -0.01202637 -0.03520494
v -0.01109375 -0.01119629 -0.03588853
v -0.01484375 -0.01202637 -0.04120103
v -0.01312500 -0.01202637 -0.03520494
v -0.01484375 -0.01202637 -0.04120103
v -0.01703125 -0.01244629 -0.04061509
v -0.01703125 -0.01244629 -0.04061509
v -0.01484375 -0.01202637 -0.04120103
v -0.01859375 -0.01244629 -0.04684556
v -0.01859375 -0.01244629 -0.04684556
v -0.02187500 -0.01244629 -0.05282212
v -0.02078125 -0.01244629 -0.04637681
v 0.00843750 -0.00000488 -0.01264634
v 0.00828125 -0.00229981 -0.01250963
v 0.00843750 -0.00000488 -0.01264634
v 0.00500000 -0.00229981 -0.01729478
v 0.00828125 -0.00229981 -0.01250963
v 0.00500000 -0.00229981 -0.01729478
v 0.00453125 -0.00451660 -0.01694322
v 0.00453125 -0.00451660 -0.01694322
v 0.00500000 -0.00229981 -0.01729478
v 0.00156250 -0.00451660 -0.02194322
v 0.00453125 -0.00451660 -0.01694322
v 0.00156250 -0.00451660 -0.02194322
v 0.00062500 -0.00658691 -0.02145494
v 0.00062500 -0.00658691 -0.02145494
v 0.00156250 -0.00451660 -0.02194322
v -0.00187500 -0.00658691 -0.02665025
v 0.00062500 -0.00658691 -0.02145494
v -0.00187500 -0.00658691 -0.02665025
v -0.00312500 -0.00842285 -0.02606431
v -0.00312500 -0.00842285 -0.02606431
v -0.00187500 -0.00658691 -0.02665025
v -0.00562500 -0.00842285 -0.03149400
v -0.00562500 -0.00842285 -0.03149400
v -0.00718750 -0.00997559 -0.03084947
v -0.00562500 -0.00842285 -0.03149400
v -0.00921875 -0.00997559 -0.03651353
v -0.00718750 -0.00997559 -0.03084947
v -0.00921875 -0.00997559 -0.03651353
v -0.01109375 -0.01119629 -0.03588853
v -0.01109375 -0.01119629 -0.03588853
v -0.00921875 -0.00997559 -0.03651353
v -0.01281250 -0.01119629 -0.04176744
v -0.01281250 -0.01119629 -0.04176744
v -0.01484375 -0.01202637 -0.04120103
v -0.01281250 -0.01119629 -0.04176744
v -0.01625000 -0.01202637 -0.04729478
v -0.01484375 -0.01202637 -0.04120103
v -0.01625000 -0.01202637 -0.04729478
v -0.01859375 -0.01244629 -0.04684556
v -0.01859375 -0.01244629 -0.04684556
v -0.01625000 -0.01202637 -0.04729478
v -0.01968750 -0.01244629 -0.05315415
v -0.01968750 -0.01244629 -0.05315415
v 0.00843750 -0.00000488 -0.01264634
v 0.00515625 -0.00000488 -0.01739244
v 0.00500000 -0.00229981 -0.01729478
v 0.00500000 -0.00229981 -0.01729478
v 0.00515625 -0.00000488 -0.01739244
v 0.00218750 -0.00229981 -0.02223619
v 0.00500000 -0.00229981 -0.01729478
v 0.00218750 -0.00229981 -0.02223619
v 0.00156250 -0.00451660 -0.02194322
v 0.00156250 -0.00451660 -0.02194322
v 0.00218750 -0.00229981 -0.02223619
v -0.00093750 -0.00451660 -0.02707994
v -0.00093750 -0.00451660 -0.02707994
v -0.00187500 -0.00658691 -0.02665025
v -0.00093750 -0.00451660 -0.02707994
v -0.00421875 -0.00658691 -0.03200181
v -0.00187500 -0.00658691 -0.02665025
v -0.00421875 -0.00658691 -0.03200181
v -0.00562500 -0.00842285 -0.03149400
v -0.00562500 -0.00842285 -0.03149400
v -0.00421875 -0.00658691 -0.03200181
v -0.00765625 -0.00842285 -0.03704087
v -0.00562500 -0.00842285 -0.03149400
v -0.00765625 -0.00842285 -0.03704087
v -0.00921875 -0.00997559 -0.03651353
v -0.00921875 -0.00997559 -0.03651353
v -0.00765625 -0.00842285 -0.03704087
v -0.01093750 -0.00997559 -0.04227525
v -0.00921875 -0.00997559 -0.03651353
v -0.01093750 -0.00997559 -0.04227525
v -0.01281250 -0.01119629 -0.04176744
v -0.01281250 -0.01119629 -0.04176744
v -0.01093750 -0.00997559 -0.04227525
v -0.01421875 -0.01119629 -0.04772447
v -0.01281250 -0.01119629 -0.04176744
v -0.01421875 -0.01119629 -0.04772447
v -0.01625000 -0.01202637 -0.04729478
v -0.01625000 -0.01202637 -0.04729478
v -0.01421875 -0.01119629 -0.04772447
v -0.01734375 -0.01202637 -0.05346665
v -0.01734375 -0.01202637 -0.05346665
v 0.00234375 -0.00000488 -0.02233384
v 0.00218750 -0.00229981 -0.02223619
v 0.00234375 -0.00000488 -0.02233384
v -0.00046875 -0.00229981 -0.02735338
v 0.00218750 -0.00229981 -0.02223619
v -0.00046875 -0.00229981 -0.02735338
v -0.00093750 -0.00451660 -0.02707994
v -0.00093750 -0.00451660 -0.02707994
v -0.00046875 -0.00229981 -0.02735338
v -0.00328125 -0.00451660 -0.03237290
v -0.00093750 -0.00451660 -0.02707994
v -0.00328125 -0.00451660 -0.03237290
v -0.00421875 -0.00658691 -0.03200181
v -0.00421875 -0.00658691 -0.03200181
v -0.00328125 -0.00451660 -0.03237290
v -0.00625000 -0.00658691 -0.03747056
v -0.00421875 -0.00658691 -0.03200181
v -0.00625000 -0.00658691 -0.03747056
v -0.00765625 -0.00842285 -0.03704087
v -0.00765625 -0.00842285 -0.03704087
v -0.00625000 -0.00658691 -0.03747056
v -0.00921875 -0.00842285 -0.04270494
v -0.00765625 -0.00842285 -0.03704087
v -0.00921875 -0.00842285 -0.04270494
v -0.01093750 -0.00997559 -0.04227525
v -0.01093750 -0.00997559 -0.04227525
v -0.00921875 -0.00842285 -0.04270494
v -0.01234375 -0.00997559 -0.04811509
v -0.01093750 -0.00997559 -0.04227525
v -0.01234375 -0.00997559 -0.04811509
v -0.01421875 -0.01119629 -0.04772447
v -0.01421875 -0.01119629 -0.04772447
v -0.01234375 -0.00997559 -0.04811509
v -0.01531250 -0.01119629 -0.05377915
v -0.01421875 -0.01119629 -0.04772447
v -0.01531250 -0.01119629 -0.05377915
v -0.01734375 -0.01202637 -0.05346665
v -0.00031250 -0.00000488 -0.02745103
v -0.00046875 -0.00229981 -0.02735338
v -0.00031250 -0.00000488 -0.02745103
v -0.00265625 -0.00229981 -0.03260728
v -0.00046875 -0.00229981 -0.02735338
v -0.00265625 -0.00229981 -0.03260728
v -0.00328125 -0.00451660 -0.03237290
v -0.00328125 -0.00451660 -0.03237290
v -0.00265625 -0.00229981 -0.03260728
v -0.00531250 -0.00451660 -0.03780259
v -0.00328125 -0.00451660 -0.03237290
v -0.00531250 -0.00451660 -0.03780259
v -0.00625000 -0.00658691 -0.03747056
v -0.00625000 -0.00658691 -0.03747056
v -0.00531250 -0.00451660 -0.03780259
v -0.00796875 -0.00658691 -0.04305650
v -0.00625000 -0.00658691 -0.03747056
v -0.00796875 -0.00658691 -0.04305650
v -0.00921875 -0.00842285 -0.04270494
v -0.00921875 -0.00842285 -0.04270494
v -0.00796875 -0.00658691 -0.04305650
v -0.01062500 -0.00842285 -0.04846665
v -0.00921875 -0.00842285 -0.04270494
v -0.01062500 -0.00842285 -0.04846665
v -0.01234375 -0.00997559 -0.04811509
v -0.01234375 -0.00997559 -0.04811509
v -0.01062500 -0.00842285 -0.04846665
v -0.01328125 -0.00997559 -0.05405259
v -0.01234375 -0.00997559 -0.04811509
v -0.01328125 -0.00997559 -0.05405259
v -0.01531250 -0.01119629 -0.05377915
v -0.00250000 -0.00000488 -0.03268540
v -0.00265625 -0.00229981 -0.03260728
v -0.00250000 -0.00000488 -0.03268540
v -0.00468750 -0.00229981 -0.03799790
v -0.00265625 -0.00229981 -0.03260728
v -0.00468750 -0.00229981 -0.03799790
v -0.00531250 -0.00451660 -0.03780259
v -0.00531250 -0.00451660 -0.03780259
v -0.00468750 -0.00229981 -0.03799790
v -0.00687500 -0.00451660 -0.04332994
v -0.00531250 -0.00451660 -0.03780259
v -0.00687500 -0.00451660 -0.04332994
v -0.00796875 -0.00658691 -0.04305650
v -0.00796875 -0.00658691 -0.04305650
v -0.00687500 -0.00451660 -0.04332994
v -0.00921875 -0.00658691 -0.04874009
v -0.00796875 -0.00658691 -0.04305650
v -0.00921875 -0.00658691 -0.04874009
v -0.01062500 -0.00842285 -0.04846665
v -0.01062500 -0.00842285 -0.04846665
v -0.00921875 -0.00658691 -0.04874009
v -0.01156250 -0.00842285 -0.05428697
v -0.01062500 -0.00842285 -0.04846665
v -0.01156250 -0.00842285 -0.05428697
v -0.01328125 -0.00997559 -0.05405259
v -0.00250000 -0.00000488 -0.03268540
v -0.00453125 -0.00000488 -0.03805650
v -0.00468750 -0.00229981 -0.03799790
v -0.00468750 -0.00229981 -0.03799790
v -0.00453125 -0.00000488 -0.03805650
v -0.00625000 -0.00229981 -0.04348619
v -0.00625000 -0.00229981 -0.04348619
v -0.00687500 -0.00451660 -0.04332994
v -0.00625000 -0.00229981 -0.04348619
v -0.00828125 -0.00451660 -0.04895494
v -0.00687500 -0.00451660 -0.04332994
v -0.00828125 -0.00451660 -0.04895494
v -0.00921875 -0.00658691 -0.04874009
v -0.00921875 -0.00658691 -0.04874009
v -0.00828125 -0.00451660 -0.04895494
v -0.01031250 -0.00658691 -0.05448228
v -0.00921875 -0.00658691 -0.04874009
v -0.01031250 -0.00658691 -0.05448228
v -0.01156250 -0.00842285 -0.05428697
v -0.00609375 -0.00000488 -0.04354478
v -0.00625000 -0.00229981 -0.04348619
v -0.00609375 -0.00000488 -0.04354478
v -0.00765625 -0.00229981 -0.04907212
v -0.00765625 -0.00229981 -0.04907212
v -0.00828125 -0.00451660 -0.04895494
v -0.00765625 -0.00229981 -0.04907212
v -0.00921875 -0.00451660 -0.05463853
v -0.00828125 -0.00451660 -0.04895494
v -0.00921875 -0.00451660 -0.05463853
v -0.01031250 -0.00658691 -0.05448228
v -0.00750000 -0.00000488 -0.04911119
v -0.00765625 -0.00229981 -0.04907212
v -0.00750000 -0.00000488 -0.04911119
v -0.00859375 -0.00229981 -0.05471665
v -0.00765625 -0.00229981 -0.04907212
v -0.00859375 -0.00229981 -0.05471665
v -0.00921875 -0.00451660 -0.05463853
v -0.00843750 -0.00000488 -0.05475572
v 0.07515625 -0.00229981 0.02747084
v 0.07515625 -0.00000488 0.02725600
v 0.06953125 -0.00229981 0.02659194
v -0.00921875 0.00451660 -0.05463853
v -0.00859375 0.00229004 -0.05471665
v -0.00828125 0.00451660 -0.04895494
v -0.00765625 0.00229004 -0.04907212
v -0.00828125 0.00451660 -0.04895494
v -0.00765625 0.00229004 -0.04907212
v -0.00687500 0.00451660 -0.04332994
v -0.00687500 0.00451660 -0.04332994
v -0.00765625 0.00229004 -0.04907212
v -0.00625000 0.00229004 -0.04348619
v -0.00687500 0.00451660 -0.04332994
v -0.00625000 0.00229004 -0.04348619
v -0.00531250 0.00451660 -0.03780259
v -0.00468750 0.00229004 -0.03799790
v -0.00531250 0.00451660 -0.03780259
v -0.00468750 0.00229004 -0.03799790
v -0.00328125 0.00451660 -0.03237290
v -0.00328125 0.00451660 -0.03237290
v -0.00468750 0.00229004 -0.03799790
v -0.00265625 0.00229004 -0.03260728
v -0.00328125 0.00451660 -0.03237290
v -0.00265625 0.00229004 -0.03260728
v -0.00093750 0.00451660 -0.02707994
v -0.00093750 0.00451660 -0.02707994
v -0.00265625 0.00229004 -0.03260728
v -0.00046875 0.00229004 -0.02735338
v -0.00093750 0.00451660 -0.02707994
v -0.00046875 0.00229004 -0.02735338
v 0.00156250 0.00451660 -0.02194322
v 0.00156250 0.00451660 -0.02194322
v -0.00046875 0.00229004 -0.02735338
v 0.00218750 0.00229004 -0.02223619
v 0.00156250 0.00451660 -0.02194322
v 0.00218750 0.00229004 -0.02223619
v 0.00453125 0.00451660 -0.01694322
v 0.00453125 0.00451660 -0.01694322
v 0.00218750 0.00229004 -0.02223619
v 0.00500000 0.00229004 -0.01729478
v 0.00453125 0.00451660 -0.01694322
v 0.00500000 0.00229004 -0.01729478
v 0.00765625 0.00451660 -0.01215806
v 0.00765625 0.00451660 -0.01215806
v 0.00500000 0.00229004 -0.01729478
v 0.00828125 0.00229004 -0.01250963
v 0.00765625 0.00451660 -0.01215806
v 0.00828125 0.00229004 -0.01250963
v 0.01109375 0.00451660 -0.00754869
v 0.01109375 0.00451660 -0.00754869
v 0.00828125 0.00229004 -0.01250963
v 0.01171875 0.00229004 -0.00793931
v 0.01109375 0.00451660 -0.00754869
v 0.01171875 0.00229004 -0.00793931
v 0.01484375 0.00451660 -0.00315416
v 0.01484375 0.00451660 -0.00315416
v 0.01171875 0.00229004 -0.00793931
v 0.01531250 0.00229004 -0.00358384
v 0.01484375 0.00451660 -0.00315416
v 0.01531250 0.00229004 -0.00358384
v 0.01890625 0.00451660 0.00100600
v 0.01890625 0.00451660 0.00100600
v 0.01531250 0.00229004 -0.00358384
v 0.01937500 0.00229004 0.00055678
v 0.01890625 0.00451660 0.00100600
v 0.01937500 0.00229004 0.00055678
v 0.02312500 0.00451660 0.00493178
v 0.02312500 0.00451660 0.00493178
v 0.01937500 0.00229004 0.00055678
v 0.02359375 0.00229004 0.00444350
v 0.02312500 0.00451660 0.00493178
v 0.02359375 0.00229004 0.00444350
v 0.02765625 0.00451660 0.00858412
v 0.02765625 0.00451660 0.00858412
v 0.02359375 0.00229004 0.00444350
v 0.02796875 0.00229004 0.00807631
v 0.02765625 0.00451660 0.00858412
v 0.02796875 0.00229004 0.00807631
v 0.03234375 0.00451660 0.01198256
v 0.03234375 0.00451660 0.01198256
v 0.02796875 0.00229004 0.00807631
v 0.03265625 0.00229004 0.01145522
v 0.03234375 0.00451660 0.01198256
v 0.03265625 0.00229004 0.01145522
v 0.03718750 0.00451660 0.01506850
v 0.03750000 0.00229004 0.01454116
v 0.03718750 0.00451660 0.01506850
v 0.03750000 0.00229004 0.01454116
v 0.04218750 0.00451660 0.01788100
v 0.04250000 0.00229004 0.01733413
v 0.04218750 0.00451660 0.01788100
v 0.04250000 0.00229004 0.01733413
v 0.04734375 0.00451660 0.02040053
v 0.04734375 0.00451660 0.02040053
v 0.04250000 0.00229004 0.01733413
v 0.04765625 0.00229004 0.01981459
v 0.04734375 0.00451660 0.02040053
v 0.04765625 0.00229004 0.01981459
v 0.05265625 0.00451660 0.02258803
v 0.05296875 0.00229004 0.02200209
v 0.05265625 0.00451660 0.02258803
v 0.05296875 0.00229004 0.02200209
v 0.05812500 0.00451660 0.02446303
v 0.05812500 0.00451660 0.02446303
v 0.05296875 0.00229004 0.02200209
v 0.05843750 0.00229004 0.02385756
v 0.05812500 0.00451660 0.02446303
v 0.05843750 0.00229004 0.02385756
v 0.06375000 0.00451660 0.02600600
v 0.06375000 0.00451660 0.02600600
v 0.05843750 0.00229004 0.02385756
v 0.06390625 0.00229004 0.02540053
v 0.06375000 0.00451660 0.02600600
v 0.06390625 0.00229004 0.02540053
v 0.06937500 0.00451660 0.02721694
v 0.06937500 0.00451660 0.02721694
v 0.06390625 0.00229004 0.02540053
v 0.06953125 0.00229004 0.02659194
v 0.06937500 0.00451660 0.02721694
v 0.06953125 0.00229004 0.02659194
v 0.07500000 0.00451660 0.02809584
v 0.07515625 0.00229004 0.02747084
v -0.01031250 0.00657715 -0.05448228
v -0.00921875 0.00451660 -0.05463853
v -0.00921875 0.00657715 -0.04874009
v -0.00921875 0.00657715 -0.04874009
v -0.00921875 0.00451660 -0.05463853
v -0.00828125 0.00451660 -0.04895494
v -0.00921875 0.00657715 -0.04874009
v -0.00828125 0.00451660 -0.04895494
v -0.00796875 0.00657715 -0.04305650
v -0.00796875 0.00657715 -0.04305650
v -0.00828125 0.00451660 -0.04895494
v -0.00687500 0.00451660 -0.04332994
v -0.00796875 0.00657715 -0.04305650
v -0.00687500 0.00451660 -0.04332994
v -0.00625000 0.00657715 -0.03747056
v -0.00625000 0.00657715 -0.03747056
v -0.00687500 0.00451660 -0.04332994
v -0.00531250 0.00451660 -0.03780259
v -0.00625000 0.00657715 -0.03747056
v -0.00531250 0.00451660 -0.03780259
v -0.00421875 0.00657715 -0.03200181
v -0.00421875 0.00657715 -0.03200181
v -0.00531250 0.00451660 -0.03780259
v -0.00328125 0.00451660 -0.03237290
v -0.00421875 0.00657715 -0.03200181
v -0.00328125 0.00451660 -0.03237290
v -0.00187500 0.00657715 -0.02665025
v -0.00187500 0.00657715 -0.02665025
v -0.00328125 0.00451660 -0.03237290
v -0.00093750 0.00451660 -0.02707994
v -0.00187500 0.00657715 -0.02665025
v -0.00093750 0.00451660 -0.02707994
v 0.00062500 0.00657715 -0.02145494
v 0.00062500 0.00657715 -0.02145494
v -0.00093750 0.00451660 -0.02707994
v 0.00156250 0.00451660 -0.02194322
v 0.00062500 0.00657715 -0.02145494
v 0.00156250 0.00451660 -0.02194322
v 0.00359375 0.00657715 -0.01641588
v 0.00359375 0.00657715 -0.01641588
v 0.00156250 0.00451660 -0.02194322
v 0.00453125 0.00451660 -0.01694322
v 0.00359375 0.00657715 -0.01641588
v 0.00453125 0.00451660 -0.01694322
v 0.00687500 0.00657715 -0.01155259
v 0.00687500 0.00657715 -0.01155259
v 0.00453125 0.00451660 -0.01694322
v 0.00765625 0.00451660 -0.01215806
v 0.00687500 0.00657715 -0.01155259
v 0.00765625 0.00451660 -0.01215806
v 0.01031250 0.00657715 -0.00690416
v 0.01031250 0.00657715 -0.00690416
v 0.00765625 0.00451660 -0.01215806
v 0.01109375 0.00451660 -0.00754869
v 0.01031250 0.00657715 -0.00690416
v 0.01109375 0.00451660 -0.00754869
v 0.01421875 0.00657715 -0.00247056
v 0.01421875 0.00657715 -0.00247056
v 0.01109375 0.00451660 -0.00754869
v 0.01484375 0.00451660 -0.00315416
v 0.01421875 0.00657715 -0.00247056
v 0.01484375 0.00451660 -0.00315416
v 0.01812500 0.00657715 0.00174819
v 0.01812500 0.00657715 0.00174819
v 0.01484375 0.00451660 -0.00315416
v 0.01890625 0.00451660 0.00100600
v 0.01812500 0.00657715 0.00174819
v 0.01890625 0.00451660 0.00100600
v 0.02250000 0.00657715 0.00569350
v 0.02250000 0.00657715 0.00569350
v 0.01890625 0.00451660 0.00100600
v 0.02312500 0.00451660 0.00493178
v 0.02250000 0.00657715 0.00569350
v 0.02312500 0.00451660 0.00493178
v 0.02703125 0.00657715 0.00940444
v 0.02703125 0.00657715 0.00940444
v 0.02312500 0.00451660 0.00493178
v 0.02765625 0.00451660 0.00858412
v 0.02703125 0.00657715 0.00940444
v 0.02765625 0.00451660 0.00858412
v 0.03171875 0.00657715 0.01282241
v 0.03171875 0.00657715 0.01282241
v 0.02765625 0.00451660 0.00858412
v 0.03234375 0.00451660 0.01198256
v 0.03171875 0.00657715 0.01282241
v 0.03234375 0.00451660 0.01198256
v 0.03656250 0.00657715 0.01596694
v 0.03656250 0.00657715 0.01596694
v 0.03234375 0.00451660 0.01198256
v 0.03718750 0.00451660 0.01506850
v 0.03656250 0.00657715 0.01596694
v 0.03718750 0.00451660 0.01506850
v 0.04171875 0.00657715 0.01879897
v 0.04171875 0.00657715 0.01879897
v 0.03718750 0.00451660 0.01506850
v 0.04218750 0.00451660 0.01788100
v 0.04171875 0.00657715 0.01879897
v 0.04218750 0.00451660 0.01788100
v 0.04703125 0.00657715 0.02133803
v 0.04703125 0.00657715 0.02133803
v 0.04218750 0.00451660 0.01788100
v 0.04734375 0.00451660 0.02040053
v 0.04703125 0.00657715 0.02133803
v 0.04734375 0.00451660 0.02040053
v 0.05234375 0.00657715 0.02354506
v 0.05234375 0.00657715 0.02354506
v 0.04734375 0.00451660 0.02040053
v 0.05265625 0.00451660 0.02258803
v 0.05234375 0.00657715 0.02354506
v 0.05265625 0.00451660 0.02258803
v 0.05781250 0.00657715 0.02543959
v 0.05781250 0.00657715 0.02543959
v 0.05265625 0.00451660 0.02258803
v 0.05812500 0.00451660 0.02446303
v 0.05781250 0.00657715 0.02543959
v 0.05812500 0.00451660 0.02446303
v 0.06343750 0.00657715 0.02700209
v 0.06375000 0.00451660 0.02600600
v 0.06343750 0.00657715 0.02700209
v 0.06375000 0.00451660 0.02600600
v 0.06921875 0.00657715 0.02823256
v 0.06921875 0.00657715 0.02823256
v 0.06375000 0.00451660 0.02600600
v 0.06937500 0.00451660 0.02721694
v 0.06921875 0.00657715 0.02823256
v 0.06937500 0.00451660 0.02721694
v 0.07500000 0.00657715 0.02911147
v 0.07500000 0.00657715 0.02911147
v 0.06937500 0.00451660 0.02721694
v 0.07500000 0.00451660 0.02809584
v -0.01156250 0.00842285 -0.05428697
v -0.01031250 0.00657715 -0.05448228
v -0.01062500 0.00842285 -0.04846665
v -0.01062500 0.00842285 -0.04846665
v -0.01031250 0.00657715 -0.05448228
v -0.00921875 0.00657715 -0.04874009
v -0.01062500 0.00842285 -0.04846665
v -0.00921875 0.00657715 -0.04874009
v -0.00921875 0.00842285 -0.04270494
v -0.00921875 0.00842285 -0.04270494
v -0.00921875 0.00657715 -0.04874009
v -0.00796875 0.00657715 -0.04305650
v -0.00921875 0.00842285 -0.04270494
v -0.00796875 0.00657715 -0.04305650
v -0.00765625 0.00842285 -0.03704087
v -0.00765625 0.00842285 -0.03704087
v -0.00796875 0.00657715 -0.04305650
v -0.00625000 0.00657715 -0.03747056
v -0.00765625 0.00842285 -0.03704087
v -0.00625000 0.00657715 -0.03747056
v -0.00562500 0.00842285 -0.03149400
v -0.00562500 0.00842285 -0.03149400
v -0.00625000 0.00657715 -0.03747056
v -0.00421875 0.00657715 -0.03200181
v -0.00562500 0.00842285 -0.03149400
v -0.00421875 0.00657715 -0.03200181
v -0.00312500 0.00842285 -0.02606431
v -0.00312500 0.00842285 -0.02606431
v -0.00421875 0.00657715 -0.03200181
v -0.00187500 0.00657715 -0.02665025
v -0.00312500 0.00842285 -0.02606431
v -0.00187500 0.00657715 -0.02665025
v -0.00046875 0.00842285 -0.02079088
v -0.00046875 0.00842285 -0.02079088
v -0.00187500 0.00657715 -0.02665025
v 0.00062500 0.00657715 -0.02145494
v -0.00046875 0.00842285 -0.02079088
v 0.00062500 0.00657715 -0.02145494
v 0.00250000 0.00842285 -0.01567369
v 0.00250000 0.00842285 -0.01567369
v 0.00062500 0.00657715 -0.02145494
v 0.00359375 0.00657715 -0.01641588
v 0.00250000 0.00842285 -0.01567369
v 0.00359375 0.00657715 -0.01641588
v 0.00578125 0.00842285 -0.01075181
v 0.00578125 0.00842285 -0.01075181
v 0.00359375 0.00657715 -0.01641588
v 0.00687500 0.00657715 -0.01155259
v 0.00578125 0.00842285 -0.01075181
v 0.00687500 0.00657715 -0.01155259
v 0.00921875 0.00842285 -0.00602525
v 0.00921875 0.00842285 -0.00602525
v 0.00687500 0.00657715 -0.01155259
v 0.01031250 0.00657715 -0.00690416
v 0.00921875 0.00842285 -0.00602525
v 0.01031250 0.00657715 -0.00690416
v 0.01312500 0.00842285 -0.00153306
v 0.01312500 0.00842285 -0.00153306
v 0.01031250 0.00657715 -0.00690416
v 0.01421875 0.00657715 -0.00247056
v 0.01312500 0.00842285 -0.00153306
v 0.01421875 0.00657715 -0.00247056
v 0.01718750 0.00842285 0.00274428
v 0.01718750 0.00842285 0.00274428
v 0.01421875 0.00657715 -0.00247056
v 0.01812500 0.00657715 0.00174819
v 0.01718750 0.00842285 0.00274428
v 0.01812500 0.00657715 0.00174819
v 0.02156250 0.00842285 0.00674819
v 0.02156250 0.00842285 0.00674819
v 0.01812500 0.00657715 0.00174819
v 0.02250000 0.00657715 0.00569350
v 0.02156250 0.00842285 0.00674819
v 0.02250000 0.00657715 0.00569350
v 0.02609375 0.00842285 0.01049819
v 0.02609375 0.00842285 0.01049819
v 0.02250000 0.00657715 0.00569350
v 0.02703125 0.00657715 0.00940444
v 0.02609375 0.00842285 0.01049819
v 0.02703125 0.00657715 0.00940444
v 0.03093750 0.00842285 0.01397475
v 0.03093750 0.00842285 0.01397475
v 0.02703125 0.00657715 0.00940444
v 0.03171875 0.00657715 0.01282241
v 0.03093750 0.00842285 0.01397475
v 0.03171875 0.00657715 0.01282241
v 0.03593750 0.00842285 0.01715834
v 0.03593750 0.00842285 0.01715834
v 0.03171875 0.00657715 0.01282241
v 0.03656250 0.00657715 0.01596694
v 0.03593750 0.00842285 0.01715834
v 0.03656250 0.00657715 0.01596694
v 0.04109375 0.00842285 0.02002944
v 0.04109375 0.00842285 0.02002944
v 0.03656250 0.00657715 0.01596694
v 0.04171875 0.00657715 0.01879897
v 0.04109375 0.00842285 0.02002944
v 0.04171875 0.00657715 0.01879897
v 0.04640625 0.00842285 0.02260756
v 0.04640625 0.00842285 0.02260756
v 0.04171875 0.00657715 0.01879897
v 0.04703125 0.00657715 0.02133803
v 0.04640625 0.00842285 0.02260756
v 0.04703125 0.00657715 0.02133803
v 0.05187500 0.00842285 0.02485366
v 0.05187500 0.00842285 0.02485366
v 0.04703125 0.00657715 0.02133803
v 0.05234375 0.00657715 0.02354506
v 0.05187500 0.00842285 0.02485366
v 0.05234375 0.00657715 0.02354506
v 0.05750000 0.00842285 0.02676772
v 0.05750000 0.00842285 0.02676772
v 0.05234375 0.00657715 0.02354506
v 0.05781250 0.00657715 0.02543959
v 0.05750000 0.00842285 0.02676772
v 0.05781250 0.00657715 0.02543959
v 0.06312500 0.00842285 0.02834975
v 0.06312500 0.00842285 0.02834975
v 0.05781250 0.00657715 0.02543959
v 0.06343750 0.00657715 0.02700209
v 0.06312500 0.00842285 0.02834975
v 0.06343750 0.00657715 0.02700209
v 0.06890625 0.00842285 0.02959975
v 0.06921875 0.00657715 0.02823256
v 0.06890625 0.00842285 0.02959975
v 0.06921875 0.00657715 0.02823256
v 0.07484375 0.00842285 0.03049819
v 0.07500000 0.00657715 0.02911147
v -0.01328125 0.00997559 -0.05405259
v -0.01156250 0.00842285 -0.05428697
v -0.01234375 0.00997559 -0.04811509
v -0.01234375 0.00997559 -0.04811509
v -0.01156250 0.00842285 -0.05428697
v -0.01062500 0.00842285 -0.04846665
v -0.01234375 0.00997559 -0.04811509
v -0.01062500 0.00842285 -0.04846665
v -0.01093750 0.00997559 -0.04227525
v -0.00921875 0.00842285 -0.04270494
v -0.01093750 0.00997559 -0.04227525
v -0.00921875 0.00842285 -0.04270494
v -0.00921875 0.00997559 -0.03651353
v -0.00921875 0.00997559 -0.03651353
v -0.00921875 0.00842285 -0.04270494
v -0.00765625 0.00842285 -0.03704087
v -0.00921875 0.00997559 -0.03651353
v -0.00765625 0.00842285 -0.03704087
v -0.00718750 0.00997559 -0.03084947
v -0.00718750 0.00997559 -0.03084947
v -0.00765625 0.00842285 -0.03704087
v -0.00562500 0.00842285 -0.03149400
v -0.00718750 0.00997559 -0.03084947
v -0.00562500 0.00842285 -0.03149400
v -0.00468750 0.00997559 -0.02534166
v -0.00468750 0.00997559 -0.02534166
v -0.00562500 0.00842285 -0.03149400
v -0.00312500 0.00842285 -0.02606431
v -0.00468750 0.00997559 -0.02534166
v -0.00312500 0.00842285 -0.02606431
v -0.00203125 0.00997559 -0.01997056
v -0.00203125 0.00997559 -0.01997056
v -0.00312500 0.00842285 -0.02606431
v -0.00046875 0.00842285 -0.02079088
v -0.00203125 0.00997559 -0.01997056
v -0.00046875 0.00842285 -0.02079088
v 0.00093750 0.00997559 -0.01477525
v 0.00093750 0.00997559 -0.01477525
v -0.00046875 0.00842285 -0.02079088
v 0.00250000 0.00842285 -0.01567369
v 0.00093750 0.00997559 -0.01477525
v 0.00250000 0.00842285 -0.01567369
v 0.00437500 0.00997559 -0.00975572
v 0.00437500 0.00997559 -0.00975572
v 0.00250000 0.00842285 -0.01567369
v 0.00578125 0.00842285 -0.01075181
v 0.00437500 0.00997559 -0.00975572
v 0.00578125 0.00842285 -0.01075181
v 0.00796875 0.00997559 -0.00497056
v 0.00796875 0.00997559 -0.00497056
v 0.00578125 0.00842285 -0.01075181
v 0.00921875 0.00842285 -0.00602525
v 0.00796875 0.00997559 -0.00497056
v 0.00921875 0.00842285 -0.00602525
v 0.01187500 0.00997559 -0.00038072
v 0.01187500 0.00997559 -0.00038072
v 0.00921875 0.00842285 -0.00602525
v 0.01312500 0.00842285 -0.00153306
v 0.01187500 0.00997559 -0.00038072
v 0.01312500 0.00842285 -0.00153306
v 0.01609375 0.00997559 0.00395522
v 0.01609375 0.00997559 0.00395522
v 0.01312500 0.00842285 -0.00153306
v 0.01718750 0.00842285 0.00274428
v 0.01609375 0.00997559 0.00395522
v 0.01718750 0.00842285 0.00274428
v 0.02046875 0.00997559 0.00803725
v 0.02046875 0.00997559 0.00803725
v 0.01718750 0.00842285 0.00274428
v 0.02156250 0.00842285 0.00674819
v 0.02046875 0.00997559 0.00803725
v 0.02156250 0.00842285 0.00674819
v 0.02515625 0.00997559 0.01184584
v 0.02515625 0.00997559 0.01184584
v 0.02156250 0.00842285 0.00674819
v 0.02609375 0.00842285 0.01049819
v 0.02515625 0.00997559 0.01184584
v 0.02609375 0.00842285 0.01049819
v 0.03000000 0.00997559 0.01538100
v 0.03000000 0.00997559 0.01538100
v 0.02609375 0.00842285 0.01049819
v 0.03093750 0.00842285 0.01397475
v 0.03000000 0.00997559 0.01538100
v 0.03093750 0.00842285 0.01397475
v 0.03500000 0.00997559 0.01862319
v 0.03500000 0.00997559 0.01862319
v 0.03093750 0.00842285 0.01397475
v 0.03593750 0.00842285 0.01715834
v 0.03500000 0.00997559 0.01862319
v 0.03593750 0.00842285 0.01715834
v 0.04031250 0.00997559 0.02155288
v 0.04031250 0.00997559 0.02155288
v 0.03593750 0.00842285 0.01715834
v 0.04109375 0.00842285 0.02002944
v 0.04031250 0.00997559 0.02155288
v 0.04109375 0.00842285 0.02002944
v 0.04562500 0.00997559 0.02415053
v 0.04562500 0.00997559 0.02415053
v 0.04109375 0.00842285 0.02002944
v 0.04640625 0.00842285 0.02260756
v 0.04562500 0.00997559 0.02415053
v 0.04640625 0.00842285 0.02260756
v 0.05125000 0.00997559 0.02645522
v 0.05187500 0.00842285 0.02485366
v 0.05125000 0.00997559 0.02645522
v 0.05187500 0.00842285 0.02485366
v 0.05687500 0.00997559 0.02840834
v 0.05687500 0.00997559 0.02840834
v 0.05187500 0.00842285 0.02485366
v 0.05750000 0.00842285 0.02676772
v 0.05687500 0.00997559 0.02840834
v 0.05750000 0.00842285 0.02676772
v 0.06281250 0.00997559 0.03000991
v 0.06281250 0.00997559 0.03000991
v 0.05750000 0.00842285 0.02676772
v 0.06312500 0.00842285 0.02834975
v 0.06281250 0.00997559 0.03000991
v 0.06312500 0.00842285 0.02834975
v 0.06859375 0.00997559 0.03127944
v 0.06859375 0.00997559 0.03127944
v 0.06312500 0.00842285 0.02834975
v 0.06890625 0.00842285 0.02959975
v 0.06859375 0.00997559 0.03127944
v 0.06890625 0.00842285 0.02959975
v 0.07453125 0.00997559 0.03219741
v 0.07484375 0.00842285 0.03049819
v -0.01531250 0.01118652 -0.05377915
v -0.01328125 0.00997559 -0.05405259
v -0.01421875 0.01118652 -0.04772447
v -0.01421875 0.01118652 -0.04772447
v -0.01328125 0.00997559 -0.05405259
v -0.01234375 0.00997559 -0.04811509
v -0.01421875 0.01118652 -0.04772447
v -0.01234375 0.00997559 -0.04811509
v -0.01281250 0.01118652 -0.04176744
v -0.01281250 0.01118652 -0.04176744
v -0.01234375 0.00997559 -0.04811509
v -0.01093750 0.00997559 -0.04227525
v -0.01281250 0.01118652 -0.04176744
v -0.01093750 0.00997559 -0.04227525
v -0.01109375 0.01118652 -0.03588853
v -0.01109375 0.01118652 -0.03588853
v -0.01093750 0.00997559 -0.04227525
v -0.00921875 0.00997559 -0.03651353
v -0.01109375 0.01118652 -0.03588853
v -0.00921875 0.00997559 -0.03651353
v -0.00890625 0.01118652 -0.03012681
v -0.00890625 0.01118652 -0.03012681
v -0.00921875 0.00997559 -0.03651353
v -0.00718750 0.00997559 -0.03084947
v -0.00890625 0.01118652 -0.03012681
v -0.00718750 0.00997559 -0.03084947
v -0.00656250 0.01118652 -0.02450181
v -0.00656250 0.01118652 -0.02450181
v -0.00718750 0.00997559 -0.03084947
v -0.00468750 0.00997559 -0.02534166
v -0.00656250 0.01118652 -0.02450181
v -0.00468750 0.00997559 -0.02534166
v -0.00375000 0.01118652 -0.01903306
v -0.00375000 0.01118652 -0.01903306
v -0.00468750 0.00997559 -0.02534166
v -0.00203125 0.00997559 -0.01997056
v -0.00375000 0.01118652 -0.01903306
v -0.00203125 0.00997559 -0.01997056
v -0.00062500 0.01118652 -0.01374009
v -0.00062500 0.01118652 -0.01374009
v -0.00203125 0.00997559 -0.01997056
v 0.00093750 0.00997559 -0.01477525
v -0.00062500 0.01118652 -0.01374009
v 0.00093750 0.00997559 -0.01477525
v 0.00265625 0.01118652 -0.00862291
v 0.00265625 0.01118652 -0.00862291
v 0.00093750 0.00997559 -0.01477525
v 0.00437500 0.00997559 -0.00975572
v 0.00265625 0.01118652 -0.00862291
v 0.00437500 0.00997559 -0.00975572
v 0.00640625 0.01118652 -0.00374009
v 0.00640625 0.01118652 -0.00374009
v 0.00437500 0.00997559 -0.00975572
v 0.00796875 0.00997559 -0.00497056
v 0.00640625 0.01118652 -0.00374009
v 0.00796875 0.00997559 -0.00497056
v 0.01046875 0.01118652 0.00092788
v 0.01046875 0.01118652 0.00092788
v 0.00796875 0.00997559 -0.00497056
v 0.01187500 0.00997559 -0.00038072
v 0.01046875 0.01118652 0.00092788
v 0.01187500 0.00997559 -0.00038072
v 0.01468750 0.01118652 0.00536147
v 0.01468750 0.01118652 0.00536147
v 0.01187500 0.00997559 -0.00038072
v 0.01609375 0.00997559 0.00395522
v 0.01468750 0.01118652 0.00536147
v 0.01609375 0.00997559 0.00395522
v 0.01921875 0.01118652 0.00952163
v 0.01921875 0.01118652 0.00952163
v 0.01609375 0.00997559 0.00395522
v 0.02046875 0.00997559 0.00803725
v 0.01921875 0.01118652 0.00952163
v 0.02046875 0.00997559 0.00803725
v 0.02390625 0.01118652 0.01340834
v 0.02390625 0.01118652 0.01340834
v 0.02046875 0.00997559 0.00803725
v 0.02515625 0.00997559 0.01184584
v 0.02390625 0.01118652 0.01340834
v 0.02515625 0.00997559 0.01184584
v 0.02890625 0.01118652 0.01700209
v 0.02890625 0.01118652 0.01700209
v 0.02515625 0.00997559 0.01184584
v 0.03000000 0.00997559 0.01538100
v 0.02890625 0.01118652 0.01700209
v 0.03000000 0.00997559 0.01538100
v 0.03406250 0.01118652 0.02030288
v 0.03406250 0.01118652 0.02030288
v 0.03000000 0.00997559 0.01538100
v 0.03500000 0.00997559 0.01862319
v 0.03406250 0.01118652 0.02030288
v 0.03500000 0.00997559 0.01862319
v 0.03937500 0.01118652 0.02329116
v 0.03937500 0.01118652 0.02329116
v 0.03500000 0.00997559 0.01862319
v 0.04031250 0.00997559 0.02155288
v 0.03937500 0.01118652 0.02329116
v 0.04031250 0.00997559 0.02155288
v 0.04484375 0.01118652 0.02594741
v 0.04562500 0.00997559 0.02415053
v 0.04484375 0.01118652 0.02594741
v 0.04562500 0.00997559 0.02415053
v 0.05062500 0.01118652 0.02829116
v 0.05125000 0.00997559 0.02645522
v 0.05062500 0.01118652 0.02829116
v 0.05125000 0.00997559 0.02645522
v 0.05640625 0.01118652 0.03026381
v 0.05640625 0.01118652 0.03026381
v 0.05125000 0.00997559 0.02645522
v 0.05687500 0.00997559 0.02840834
v 0.05640625 0.01118652 0.03026381
v 0.05687500 0.00997559 0.02840834
v 0.06234375 0.01118652 0.03192397
v 0.06234375 0.01118652 0.03192397
v 0.05687500 0.00997559 0.02840834
v 0.06281250 0.00997559 0.03000991
v 0.06234375 0.01118652 0.03192397
v 0.06281250 0.00997559 0.03000991
v 0.06828125 0.01118652 0.03321303
v 0.06859375 0.00997559 0.03127944
v 0.06828125 0.01118652 0.03321303
v 0.06859375 0.00997559 0.03127944
v 0.07437500 0.01118652 0.03413100
v 0.07453125 0.00997559 0.03219741
v -0.01734375 0.01201660 -0.05346665
v -0.01531250 0.01118652 -0.05377915
v -0.01625000 0.01201660 -0.04729478
v -0.01421875 0.01118652 -0.04772447
v -0.01625000 0.01201660 -0.04729478
v -0.01421875 0.01118652 -0.04772447
v -0.01484375 0.01201660 -0.04120103
v -0.01281250 0.01118652 -0.04176744
v -0.01484375 0.01201660 -0.04120103
v -0.01281250 0.01118652 -0.04176744
v -0.01312500 0.01201660 -0.03520494
v -0.01109375 0.01118652 -0.03588853
v -0.01312500 0.01201660 -0.03520494
v -0.01109375 0.01118652 -0.03588853
v -0.01093750 0.01201660 -0.02932603
v -0.01093750 0.01201660 -0.02932603
v -0.01109375 0.01118652 -0.03588853
v -0.00890625 0.01118652 -0.03012681
v -0.01093750 0.01201660 -0.02932603
v -0.00890625 0.01118652 -0.03012681
v -0.00843750 0.01201660 -0.02358384
v -0.00843750 0.01201660 -0.02358384
v -0.00890625 0.01118652 -0.03012681
v -0.00656250 0.01118652 -0.02450181
v -0.00843750 0.01201660 -0.02358384
v -0.00656250 0.01118652 -0.02450181
v -0.00562500 0.01201660 -0.01799791
v -0.00562500 0.01201660 -0.01799791
v -0.00656250 0.01118652 -0.02450181
v -0.00375000 0.01118652 -0.01903306
v -0.00562500 0.01201660 -0.01799791
v -0.00375000 0.01118652 -0.01903306
v -0.00250000 0.01201660 -0.01258775
v -0.00250000 0.01201660 -0.01258775
v -0.00375000 0.01118652 -0.01903306
v -0.00062500 0.01118652 -0.01374009
v -0.00250000 0.01201660 -0.01258775
v -0.00062500 0.01118652 -0.01374009
v 0.00093750 0.01201660 -0.00739244
v 0.00093750 0.01201660 -0.00739244
v -0.00062500 0.01118652 -0.01374009
v 0.00265625 0.01118652 -0.00862291
v 0.00093750 0.01201660 -0.00739244
v 0.00265625 0.01118652 -0.00862291
v 0.00468750 0.01201660 -0.00239244
v 0.00468750 0.01201660 -0.00239244
v 0.00265625 0.01118652 -0.00862291
v 0.00640625 0.01118652 -0.00374009
v 0.00468750 0.01201660 -0.00239244
v 0.00640625 0.01118652 -0.00374009
v 0.00875000 0.01201660 0.00237319
v 0.00875000 0.01201660 0.00237319
v 0.00640625 0.01118652 -0.00374009
v 0.01046875 0.01118652 0.00092788
v 0.00875000 0.01201660 0.00237319
v 0.01046875 0.01118652 0.00092788
v 0.01312500 0.01201660 0.00688491
v 0.01312500 0.01201660 0.00688491
v 0.01046875 0.01118652 0.00092788
v 0.01468750 0.01118652 0.00536147
v 0.01312500 0.01201660 0.00688491
v 0.01468750 0.01118652 0.00536147
v 0.01781250 0.01201660 0.01114272
v 0.01781250 0.01201660 0.01114272
v 0.01468750 0.01118652 0.00536147
v 0.01921875 0.01118652 0.00952163
v 0.01781250 0.01201660 0.01114272
v 0.01921875 0.01118652 0.00952163
v 0.02250000 0.01201660 0.01510756
v 0.02250000 0.01201660 0.01510756
v 0.01921875 0.01118652 0.00952163
v 0.02390625 0.01118652 0.01340834
v 0.02250000 0.01201660 0.01510756
v 0.02390625 0.01118652 0.01340834
v 0.02765625 0.01201660 0.01877944
v 0.02765625 0.01201660 0.01877944
v 0.02390625 0.01118652 0.01340834
v 0.02890625 0.01118652 0.01700209
v 0.02765625 0.01201660 0.01877944
v 0.02890625 0.01118652 0.01700209
v 0.03296875 0.01201660 0.02213881
v 0.03296875 0.01201660 0.02213881
v 0.02890625 0.01118652 0.01700209
v 0.03406250 0.01118652 0.02030288
v 0.03296875 0.01201660 0.02213881
v 0.03406250 0.01118652 0.02030288
v 0.03843750 0.01201660 0.02520522
v 0.03937500 0.01118652 0.02329116
v 0.03843750 0.01201660 0.02520522
v 0.03937500 0.01118652 0.02329116
v 0.04406250 0.01201660 0.02792006
v 0.04484375 0.01118652 0.02594741
v 0.04406250 0.01201660 0.02792006
v 0.04484375 0.01118652 0.02594741
v 0.04984375 0.01201660 0.03030288
v 0.04984375 0.01201660 0.03030288
v 0.04484375 0.01118652 0.02594741
v 0.05062500 0.01118652 0.02829116
v 0.04984375 0.01201660 0.03030288
v 0.05062500 0.01118652 0.02829116
v 0.05578125 0.01201660 0.03233412
v 0.05640625 0.01118652 0.03026381
v 0.05578125 0.01201660 0.03233412
v 0.05640625 0.01118652 0.03026381
v 0.06171875 0.01201660 0.03399428
v 0.06234375 0.01118652 0.03192397
v 0.06171875 0.01201660 0.03399428
v 0.06234375 0.01118652 0.03192397
v 0.06781250 0.01201660 0.03532241
v 0.06828125 0.01118652 0.03321303
v 0.06781250 0.01201660 0.03532241
v 0.06828125 0.01118652 0.03321303
v 0.07406250 0.01201660 0.03627944
v 0.07406250 0.01201660 0.03627944
v 0.06828125 0.01118652 0.03321303
v 0.07437500 0.01118652 0.03413100
v -0.01968750 0.01244629 -0.05315415
v -0.01734375 0.01201660 -0.05346665
v -0.01859375 0.01244629 -0.04684556
v -0.01859375 0.01244629 -0.04684556
v -0.01734375 0.01201660 -0.05346665
v -0.01625000 0.01201660 -0.04729478
v -0.01859375 0.01244629 -0.04684556
v -0.01625000 0.01201660 -0.04729478
v -0.01703125 0.01244629 -0.04061509
v -0.01703125 0.01244629 -0.04061509
v -0.01625000 0.01201660 -0.04729478
v -0.01484375 0.01201660 -0.04120103
v -0.01703125 0.01244629 -0.04061509
v -0.01484375 0.01201660 -0.04120103
v -0.01531250 0.01244629 -0.03450181
v -0.01312500 0.01201660 -0.03520494
v -0.01531250 0.01244629 -0.03450181
v -0.01312500 0.01201660 -0.03520494
v -0.01312500 0.01244629 -0.02848619
v -0.01093750 0.01201660 -0.02932603
v -0.01312500 0.01244629 -0.02848619
v -0.01093750 0.01201660 -0.02932603
v -0.01046875 0.01244629 -0.02262681
v -0.01046875 0.01244629 -0.02262681
v -0.01093750 0.01201660 -0.02932603
v -0.00843750 0.01201660 -0.02358384
v -0.00765625 0.01244629 -0.01692369
v -0.00765625 0.01244629 -0.01692369
v -0.00843750 0.01201660 -0.02358384
v -0.00562500 0.01201660 -0.01799791
v -0.00765625 0.01244629 -0.01692369
v -0.00562500 0.01201660 -0.01799791
v -0.00437500 0.01244629 -0.01139634
v -0.00437500 0.01244629 -0.01139634
v -0.00562500 0.01201660 -0.01799791
v -0.00250000 0.01201660 -0.01258775
v -0.00093750 0.01244629 -0.00606431
v -0.00093750 0.01244629 -0.00606431
v -0.00250000 0.01201660 -0.01258775
v 0.00093750 0.01201660 -0.00739244
v -0.00093750 0.01244629 -0.00606431
v 0.00093750 0.01201660 -0.00739244
v 0.00296875 0.01244629 -0.00096666
v 0.00468750 0.01201660 -0.00239244
v 0.00296875 0.01244629 -0.00096666
v 0.00468750 0.01201660 -0.00239244
v 0.00718750 0.01244629 0.00389663
v 0.00718750 0.01244629 0.00389663
v 0.00468750 0.01201660 -0.00239244
v 0.00875000 0.01201660 0.00237319
v 0.00718750 0.01244629 0.00389663
v 0.00875000 0.01201660 0.00237319
v 0.01156250 0.01244629 0.00850600
v 0.01156250 0.01244629 0.00850600
v 0.00875000 0.01201660 0.00237319
v 0.01312500 0.01201660 0.00688491
v 0.01156250 0.01244629 0.00850600
v 0.01312500 0.01201660 0.00688491
v 0.01625000 0.01244629 0.01284194
v 0.01625000 0.01244629 0.01284194
v 0.01312500 0.01201660 0.00688491
v 0.01781250 0.01201660 0.01114272
v 0.02125000 0.01244629 0.01690444
v 0.02125000 0.01244629 0.01690444
v 0.01781250 0.01201660 0.01114272
v 0.02250000 0.01201660 0.01510756
v 0.02125000 0.01244629 0.01690444
v 0.02250000 0.01201660 0.01510756
v 0.02640625 0.01244629 0.02065444
v 0.02640625 0.01244629 0.02065444
v 0.02250000 0.01201660 0.01510756
v 0.02765625 0.01201660 0.01877944
v 0.02640625 0.01244629 0.02065444
v 0.02765625 0.01201660 0.01877944
v 0.03171875 0.01244629 0.02409194
v 0.03171875 0.01244629 0.02409194
v 0.02765625 0.01201660 0.01877944
v 0.03296875 0.01201660 0.02213881
v 0.03171875 0.01244629 0.02409194
v 0.03296875 0.01201660 0.02213881
v 0.03734375 0.01244629 0.02721694
v 0.03843750 0.01201660 0.02520522
v 0.03734375 0.01244629 0.02721694
v 0.03843750 0.01201660 0.02520522
v 0.04312500 0.01244629 0.02999038
v 0.04406250 0.01201660 0.02792006
v 0.04312500 0.01244629 0.02999038
v 0.04406250 0.01201660 0.02792006
v 0.04906250 0.01244629 0.03241225
v 0.04984375 0.01201660 0.03030288
v 0.04906250 0.01244629 0.03241225
v 0.04984375 0.01201660 0.03030288
v 0.05500000 0.01244629 0.03448256
v 0.05500000 0.01244629 0.03448256
v 0.04984375 0.01201660 0.03030288
v 0.05578125 0.01201660 0.03233412
v 0.05500000 0.01244629 0.03448256
v 0.05578125 0.01201660 0.03233412
v 0.06125000 0.01244629 0.03620131
v 0.06171875 0.01201660 0.03399428
v 0.06125000 0.01244629 0.03620131
v 0.06171875 0.01201660 0.03399428
v 0.06750000 0.01244629 0.03754897
v 0.06781250 0.01201660 0.03532241
v 0.06750000 0.01244629 0.03754897
v 0.06781250 0.01201660 0.03532241
v 0.07375000 0.01244629 0.03852553
v 0.07375000 0.01244629 0.03852553
v 0.06781250 0.01201660 0.03532241
v 0.07406250 0.01201660 0.03627944
v -0.02187500 0.01244629 -0.05282212
v -0.01968750 0.01244629 -0.05315415
v -0.02078125 0.01244629 -0.04637681
v -0.01859375 0.01244629 -0.04684556
v -0.01937500 0.01244629 -0.04002915
v -0.01703125 0.01244629 -0.04061509
v -0.01750000 0.01244629 -0.03377915
v -0.01531250 0.01244629 -0.03450181
v -0.01515625 0.01244629 -0.02762681
v -0.01312500 0.01244629 -0.02848619
v -0.01265625 0.01244629 -0.02165025
v -0.01046875 0.01244629 -0.02262681
v -0.00968750 0.01244629 -0.01581041
v -0.00765625 0.01244629 -0.01692369
v -0.00640625 0.01244629 -0.01018541
v -0.00437500 0.01244629 -0.01139634
v -0.00281250 0.01244629 -0.00473619
v -0.00093750 0.01244629 -0.00606431
v 0.00125000 0.01244629 0.00047866
v 0.00296875 0.01244629 -0.00096666
v 0.00546875 0.01244629 0.00543959
v 0.00718750 0.01244629 0.00389663
v 0.01000000 0.01244629 0.01014662
v 0.01156250 0.01244629 0.00850600
v 0.01468750 0.01244629 0.01458022
v 0.01625000 0.01244629 0.01284194
v 0.01984375 0.01244629 0.01872084
v 0.02125000 0.01244629 0.01690444
v 0.02500000 0.01244629 0.02256850
v 0.02640625 0.01244629 0.02065444
v 0.03062500 0.01244629 0.02608413
v 0.03171875 0.01244629 0.02409194
v 0.03625000 0.01244629 0.02924819
v 0.03734375 0.01244629 0.02721694
v 0.04218750 0.01244629 0.03209975
v 0.04312500 0.01244629 0.02999038
v 0.04812500 0.01244629 0.03458022
v 0.04906250 0.01244629 0.03241225
v 0.05437500 0.01244629 0.03668959
v 0.05500000 0.01244629 0.03448256
v 0.06062500 0.01244629 0.03844741
v 0.06125000 0.01244629 0.03620131
v 0.06703125 0.01244629 0.03981459
v 0.06750000 0.01244629 0.03754897
v 0.07343750 0.01244629 0.04081069
v 0.07375000 0.01244629 0.03852553
v -0.02296875 0.01201660 -0.04592759
v -0.02296875 0.01201660 -0.04592759
v -0.02187500 0.01244629 -0.05282212
v -0.02078125 0.01244629 -0.04637681
v -0.02296875 0.01201660 -0.04592759
v -0.02078125 0.01244629 -0.04637681
v -0.02156250 0.01201660 -0.03944322
v -0.01937500 0.01244629 -0.04002915
v -0.02156250 0.01201660 -0.03944322
v -0.01937500 0.01244629 -0.04002915
v -0.01953125 0.01201660 -0.03305650
v -0.01953125 0.01201660 -0.03305650
v -0.01937500 0.01244629 -0.04002915
v -0.01750000 0.01244629 -0.03377915
v -0.01750000 0.01244629 -0.03377915
v -0.01734375 0.01201660 -0.02680650
v -0.01734375 0.01201660 -0.02680650
v -0.01750000 0.01244629 -0.03377915
v -0.01515625 0.01244629 -0.02762681
v -0.01734375 0.01201660 -0.02680650
v -0.01515625 0.01244629 -0.02762681
v -0.01468750 0.01201660 -0.02067369
v -0.01265625 0.01244629 -0.02165025
v -0.01468750 0.01201660 -0.02067369
v -0.01265625 0.01244629 -0.02165025
v -0.01171875 0.01201660 -0.01473619
v -0.01171875 0.01201660 -0.01473619
v -0.01265625 0.01244629 -0.02165025
v -0.00968750 0.01244629 -0.01581041
v -0.01171875 0.01201660 -0.01473619
v -0.00968750 0.01244629 -0.01581041
v -0.00828125 0.01201660 -0.00897447
v -0.00828125 0.01201660 -0.00897447
v -0.00968750 0.01244629 -0.01581041
v -0.00640625 0.01244629 -0.01018541
v -0.00828125 0.01201660 -0.00897447
v -0.00640625 0.01244629 -0.01018541
v -0.00453125 0.01201660 -0.00342759
v -0.00281250 0.01244629 -0.00473619
v -0.00453125 0.01201660 -0.00342759
v -0.00281250 0.01244629 -0.00473619
v -0.00062500 0.01201660 0.00188491
v -0.00062500 0.01201660 0.00188491
v -0.00281250 0.01244629 -0.00473619
v 0.00125000 0.01244629 0.00047866
v -0.00062500 0.01201660 0.00188491
v 0.00125000 0.01244629 0.00047866
v 0.00375000 0.01201660 0.00696303
v 0.00546875 0.01244629 0.00543959
v 0.00375000 0.01201660 0.00696303
v 0.00546875 0.01244629 0.00543959
v 0.00828125 0.01201660 0.01176772
v 0.00828125 0.01201660 0.01176772
v 0.00546875 0.01244629 0.00543959
v 0.01000000 0.01244629 0.01014662
v 0.00828125 0.01201660 0.01176772
v 0.01000000 0.01244629 0.01014662
v 0.01328125 0.01201660 0.01629897
v 0.01328125 0.01201660 0.01629897
v 0.01000000 0.01244629 0.01014662
v 0.01468750 0.01244629 0.01458022
v 0.01328125 0.01201660 0.01629897
v 0.01468750 0.01244629 0.01458022
v 0.01843750 0.01201660 0.02051772
v 0.01843750 0.01201660 0.02051772
v 0.01468750 0.01244629 0.01458022
v 0.01984375 0.01244629 0.01872084
v 0.01843750 0.01201660 0.02051772
v 0.01984375 0.01244629 0.01872084
v 0.02375000 0.01201660 0.02444350
v 0.02500000 0.01244629 0.02256850
v 0.02375000 0.01201660 0.02444350
v 0.02500000 0.01244629 0.02256850
v 0.02937500 0.01201660 0.02801772
v 0.03062500 0.01244629 0.02608413
v 0.02937500 0.01201660 0.02801772
v 0.03062500 0.01244629 0.02608413
v 0.03515625 0.01201660 0.03125991
v 0.03625000 0.01244629 0.02924819
v 0.03515625 0.01201660 0.03125991
v 0.03625000 0.01244629 0.02924819
v 0.04125000 0.01201660 0.03417006
v 0.04218750 0.01244629 0.03209975
v 0.04125000 0.01201660 0.03417006
v 0.04218750 0.01244629 0.03209975
v 0.04734375 0.01201660 0.03668959
v 0.04812500 0.01244629 0.03458022
v 0.04734375 0.01201660 0.03668959
v 0.04812500 0.01244629 0.03458022
v 0.05375000 0.01201660 0.03885756
v 0.05437500 0.01244629 0.03668959
v 0.05375000 0.01201660 0.03885756
v 0.05437500 0.01244629 0.03668959
v 0.06015625 0.01201660 0.04065444
v 0.06062500 0.01244629 0.03844741
v 0.06015625 0.01201660 0.04065444
v 0.06062500 0.01244629 0.03844741
v 0.06656250 0.01201660 0.04204116
v 0.06703125 0.01244629 0.03981459
v 0.06656250 0.01201660 0.04204116
v 0.06703125 0.01244629 0.03981459
v 0.07328125 0.01201660 0.04305678
v 0.06703125 0.01244629 0.03981459
v -0.02625000 0.01118652 -0.05219712
v -0.02421875 0.01201660 -0.05249009
v -0.02515625 0.01118652 -0.04549790
v -0.02515625 0.01118652 -0.04549790
v -0.02421875 0.01201660 -0.05249009
v -0.02296875 0.01201660 -0.04592759
v -0.02515625 0.01118652 -0.04549790
v -0.02296875 0.01201660 -0.04592759
v -0.02359375 0.01118652 -0.03889634
v -0.02359375 0.01118652 -0.03889634
v -0.02296875 0.01201660 -0.04592759
v -0.02156250 0.01201660 -0.03944322
v -0.02359375 0.01118652 -0.03889634
v -0.02156250 0.01201660 -0.03944322
v -0.02156250 0.01118652 -0.03237290
v -0.02156250 0.01118652 -0.03237290
v -0.02156250 0.01201660 -0.03944322
v -0.01953125 0.01201660 -0.03305650
v -0.02156250 0.01118652 -0.03237290
v -0.01953125 0.01201660 -0.03305650
v -0.01937500 0.01118652 -0.02600572
v -0.01734375 0.01201660 -0.02680650
v -0.01937500 0.01118652 -0.02600572
v -0.01734375 0.01201660 -0.02680650
v -0.01656250 0.01118652 -0.01977525
v -0.01656250 0.01118652 -0.01977525
v -0.01734375 0.01201660 -0.02680650
v -0.01468750 0.01201660 -0.02067369
v -0.01656250 0.01118652 -0.01977525
v -0.01468750 0.01201660 -0.02067369
v -0.01359375 0.01118652 -0.01370103
v -0.01359375 0.01118652 -0.01370103
v -0.01468750 0.01201660 -0.02067369
v -0.01171875 0.01201660 -0.01473619
v -0.01359375 0.01118652 -0.01370103
v -0.01171875 0.01201660 -0.01473619
v -0.01015625 0.01118652 -0.00784166
v -0.01015625 0.01118652 -0.00784166
v -0.01171875 0.01201660 -0.01473619
v -0.00828125 0.01201660 -0.00897447
v -0.01015625 0.01118652 -0.00784166
v -0.00828125 0.01201660 -0.00897447
v -0.00640625 0.01118652 -0.00217759
v -0.00640625 0.01118652 -0.00217759
v -0.00828125 0.01201660 -0.00897447
v -0.00453125 0.01201660 -0.00342759
v -0.00640625 0.01118652 -0.00217759
v -0.00453125 0.01201660 -0.00342759
v -0.00234375 0.01118652 0.00323256
v -0.00234375 0.01118652 0.00323256
v -0.00453125 0.01201660 -0.00342759
v -0.00062500 0.01201660 0.00188491
v -0.00234375 0.01118652 0.00323256
v -0.00062500 0.01201660 0.00188491
v 0.00218750 0.01118652 0.00840834
v 0.00218750 0.01118652 0.00840834
v -0.00062500 0.01201660 0.00188491
v 0.00375000 0.01201660 0.00696303
v 0.00218750 0.01118652 0.00840834
v 0.00375000 0.01201660 0.00696303
v 0.00687500 0.01118652 0.01331069
v 0.00687500 0.01118652 0.01331069
v 0.00375000 0.01201660 0.00696303
v 0.00828125 0.01201660 0.01176772
v 0.00687500 0.01118652 0.01331069
v 0.00828125 0.01201660 0.01176772
v 0.01187500 0.01118652 0.01792006
v 0.01187500 0.01118652 0.01792006
v 0.00828125 0.01201660 0.01176772
v 0.01328125 0.01201660 0.01629897
v 0.01187500 0.01118652 0.01792006
v 0.01328125 0.01201660 0.01629897
v 0.01703125 0.01118652 0.02221694
v 0.01703125 0.01118652 0.02221694
v 0.01328125 0.01201660 0.01629897
v 0.01843750 0.01201660 0.02051772
v 0.01703125 0.01118652 0.02221694
v 0.01843750 0.01201660 0.02051772
v 0.02265625 0.01118652 0.02622084
v 0.02265625 0.01118652 0.02622084
v 0.01843750 0.01201660 0.02051772
v 0.02375000 0.01201660 0.02444350
v 0.02265625 0.01118652 0.02622084
v 0.02375000 0.01201660 0.02444350
v 0.02828125 0.01118652 0.02987319
v 0.02828125 0.01118652 0.02987319
v 0.02375000 0.01201660 0.02444350
v 0.02937500 0.01201660 0.02801772
v 0.02828125 0.01118652 0.02987319
v 0.02937500 0.01201660 0.02801772
v 0.03421875 0.01118652 0.03317397
v 0.03421875 0.01118652 0.03317397
v 0.02937500 0.01201660 0.02801772
v 0.03515625 0.01201660 0.03125991
v 0.03421875 0.01118652 0.03317397
v 0.03515625 0.01201660 0.03125991
v 0.04031250 0.01118652 0.03612319
v 0.04031250 0.01118652 0.03612319
v 0.03515625 0.01201660 0.03125991
v 0.04125000 0.01201660 0.03417006
v 0.04031250 0.01118652 0.03612319
v 0.04125000 0.01201660 0.03417006
v 0.04671875 0.01118652 0.03870131
v 0.04671875 0.01118652 0.03870131
v 0.04125000 0.01201660 0.03417006
v 0.04734375 0.01201660 0.03668959
v 0.04671875 0.01118652 0.03870131
v 0.04734375 0.01201660 0.03668959
v 0.05312500 0.01118652 0.04090834
v 0.05312500 0.01118652 0.04090834
v 0.04734375 0.01201660 0.03668959
v 0.05375000 0.01201660 0.03885756
v 0.05312500 0.01118652 0.04090834
v 0.05375000 0.01201660 0.03885756
v 0.05968750 0.01118652 0.04274428
v 0.06015625 0.01201660 0.04065444
v 0.05968750 0.01118652 0.04274428
v 0.06015625 0.01201660 0.04065444
v 0.06625000 0.01118652 0.04417006
v 0.06656250 0.01201660 0.04204116
v 0.06625000 0.01118652 0.04417006
v 0.06656250 0.01201660 0.04204116
v 0.07296875 0.01118652 0.04518569
v 0.07328125 0.01201660 0.04305678
v -0.02828125 0.00997559 -0.05192369
v -0.02625000 0.01118652 -0.05219712
v -0.02703125 0.00997559 -0.04510728
v -0.02703125 0.00997559 -0.04510728
v -0.02625000 0.01118652 -0.05219712
v -0.02515625 0.01118652 -0.04549790
v -0.02703125 0.00997559 -0.04510728
v -0.02515625 0.01118652 -0.04549790
v -0.02546875 0.00997559 -0.03838853
v -0.02546875 0.00997559 -0.03838853
v -0.02515625 0.01118652 -0.04549790
v -0.02359375 0.01118652 -0.03889634
v -0.02546875 0.00997559 -0.03838853
v -0.02359375 0.01118652 -0.03889634
v -0.02343750 0.00997559 -0.03176744
v -0.02343750 0.00997559 -0.03176744
v -0.02359375 0.01118652 -0.03889634
v -0.02156250 0.01118652 -0.03237290
v -0.02343750 0.00997559 -0.03176744
v -0.02156250 0.01118652 -0.03237290
v -0.02109375 0.00997559 -0.02528306
v -0.02109375 0.00997559 -0.02528306
v -0.02156250 0.01118652 -0.03237290
v -0.01937500 0.01118652 -0.02600572
v -0.02109375 0.00997559 -0.02528306
v -0.01937500 0.01118652 -0.02600572
v -0.01843750 0.00997559 -0.01893541
v -0.01843750 0.00997559 -0.01893541
v -0.01937500 0.01118652 -0.02600572
v -0.01656250 0.01118652 -0.01977525
v -0.01843750 0.00997559 -0.01893541
v -0.01656250 0.01118652 -0.01977525
v -0.01531250 0.00997559 -0.01276353
v -0.01531250 0.00997559 -0.01276353
v -0.01656250 0.01118652 -0.01977525
v -0.01359375 0.01118652 -0.01370103
v -0.01531250 0.00997559 -0.01276353
v -0.01359375 0.01118652 -0.01370103
v -0.01171875 0.00997559 -0.00680650
v -0.01171875 0.00997559 -0.00680650
v -0.01359375 0.01118652 -0.01370103
v -0.01015625 0.01118652 -0.00784166
v -0.01171875 0.00997559 -0.00680650
v -0.01015625 0.01118652 -0.00784166
v -0.00796875 0.00997559 -0.00104478
v -0.00796875 0.00997559 -0.00104478
v -0.01015625 0.01118652 -0.00784166
v -0.00640625 0.01118652 -0.00217759
v -0.00796875 0.00997559 -0.00104478
v -0.00640625 0.01118652 -0.00217759
v -0.00375000 0.00997559 0.00446303
v -0.00375000 0.00997559 0.00446303
v -0.00640625 0.01118652 -0.00217759
v -0.00234375 0.01118652 0.00323256
v -0.00375000 0.00997559 0.00446303
v -0.00234375 0.01118652 0.00323256
v 0.00062500 0.00997559 0.00971694
v 0.00062500 0.00997559 0.00971694
v -0.00234375 0.01118652 0.00323256
v 0.00218750 0.01118652 0.00840834
v 0.00062500 0.00997559 0.00971694
v 0.00218750 0.01118652 0.00840834
v 0.00546875 0.00997559 0.01469741
v 0.00546875 0.00997559 0.01469741
v 0.00218750 0.01118652 0.00840834
v 0.00687500 0.01118652 0.01331069
v 0.00546875 0.00997559 0.01469741
v 0.00687500 0.01118652 0.01331069
v 0.01046875 0.00997559 0.01940444
v 0.01046875 0.00997559 0.01940444
v 0.00687500 0.01118652 0.01331069
v 0.01187500 0.01118652 0.01792006
v 0.01046875 0.00997559 0.01940444
v 0.01187500 0.01118652 0.01792006
v 0.01593750 0.00997559 0.02377944
v 0.01593750 0.00997559 0.02377944
v 0.01187500 0.01118652 0.01792006
v 0.01703125 0.01118652 0.02221694
v 0.01593750 0.00997559 0.02377944
v 0.01703125 0.01118652 0.02221694
v 0.02140625 0.00997559 0.02784194
v 0.02140625 0.00997559 0.02784194
v 0.01703125 0.01118652 0.02221694
v 0.02265625 0.01118652 0.02622084
v 0.02140625 0.00997559 0.02784194
v 0.02265625 0.01118652 0.02622084
v 0.02734375 0.00997559 0.03155288
v 0.02734375 0.00997559 0.03155288
v 0.02265625 0.01118652 0.02622084
v 0.02828125 0.01118652 0.02987319
v 0.02734375 0.00997559 0.03155288
v 0.02828125 0.01118652 0.02987319
v 0.03328125 0.00997559 0.03491225
v 0.03328125 0.00997559 0.03491225
v 0.02828125 0.01118652 0.02987319
v 0.03421875 0.01118652 0.03317397
v 0.03328125 0.00997559 0.03491225
v 0.03421875 0.01118652 0.03317397
v 0.03953125 0.00997559 0.03792006
v 0.04031250 0.01118652 0.03612319
v 0.03953125 0.00997559 0.03792006
v 0.04031250 0.01118652 0.03612319
v 0.04593750 0.00997559 0.04053725
v 0.04593750 0.00997559 0.04053725
v 0.04031250 0.01118652 0.03612319
v 0.04671875 0.01118652 0.03870131
v 0.04593750 0.00997559 0.04053725
v 0.04671875 0.01118652 0.03870131
v 0.05250000 0.00997559 0.04278334
v 0.05312500 0.01118652 0.04090834
v 0.05250000 0.00997559 0.04278334
v 0.05312500 0.01118652 0.04090834
v 0.05921875 0.00997559 0.04463881
v 0.05921875 0.00997559 0.04463881
v 0.05312500 0.01118652 0.04090834
v 0.05968750 0.01118652 0.04274428
v 0.05921875 0.00997559 0.04463881
v 0.05968750 0.01118652 0.04274428
v 0.06593750 0.00997559 0.04608412
v 0.06625000 0.01118652 0.04417006
v 0.06593750 0.00997559 0.04608412
v 0.06625000 0.01118652 0.04417006
v 0.07265625 0.00997559 0.04713881
v 0.07296875 0.01118652 0.04518569
v 0.07500000 -0.00451660 0.02809584
v 0.07515625 -0.00229981 0.02747084
v 0.06937500 -0.00451660 0.02721694
v 0.06953125 -0.00229981 0.02659194
v 0.06937500 -0.00451660 0.02721694
v 0.06953125 -0.00229981 0.02659194
v 0.06375000 -0.00451660 0.02600600
v 0.07500000 -0.00658691 0.02911147
v 0.07500000 -0.00451660 0.02809584
v 0.06921875 -0.00658691 0.02823256
v 0.06921875 -0.00658691 0.02823256
v 0.07500000 -0.00451660 0.02809584
v 0.06937500 -0.00451660 0.02721694
v 0.06921875 -0.00658691 0.02823256
v 0.06937500 -0.00451660 0.02721694
v 0.06343750 -0.00658691 0.02700209
v 0.06343750 -0.00658691 0.02700209
v 0.06937500 -0.00451660 0.02721694
v 0.06375000 -0.00451660 0.02600600
v 0.06343750 -0.00658691 0.02700209
v 0.06375000 -0.00451660 0.02600600
v 0.05781250 -0.00658691 0.02543959
v 0.07484375 -0.00842285 0.03049819
v 0.07500000 -0.00658691 0.02911147
v 0.06890625 -0.00842285 0.02959975
v 0.06890625 -0.00842285 0.02959975
v 0.07500000 -0.00658691 0.02911147
v 0.06921875 -0.00658691 0.02823256
v 0.06890625 -0.00842285 0.02959975
v 0.06921875 -0.00658691 0.02823256
v 0.06312500 -0.00842285 0.02834975
v 0.06312500 -0.00842285 0.02834975
v 0.06921875 -0.00658691 0.02823256
v 0.06343750 -0.00658691 0.02700209
v 0.06312500 -0.00842285 0.02834975
v 0.06343750 -0.00658691 0.02700209
v 0.05750000 -0.00842285 0.02676772
v 0.05750000 -0.00842285 0.02676772
v 0.06343750 -0.00658691 0.02700209
v 0.05781250 -0.00658691 0.02543959
v 0.05750000 -0.00842285 0.02676772
v 0.05781250 -0.00658691 0.02543959
v 0.05187500 -0.00842285 0.02485366
v 0.07453125 -0.00997559 0.03219741
v 0.07484375 -0.00842285 0.03049819
v 0.06859375 -0.00997559 0.03127944
v 0.06859375 -0.00997559 0.03127944
v 0.07484375 -0.00842285 0.03049819
v 0.06890625 -0.00842285 0.02959975
v 0.06859375 -0.00997559 0.03127944
v 0.06890625 -0.00842285 0.02959975
v 0.06281250 -0.00997559 0.03000991
v 0.06312500 -0.00842285 0.02834975
v 0.06281250 -0.00997559 0.03000991
v 0.06312500 -0.00842285 0.02834975
v 0.05687500 -0.00997559 0.02840834
v 0.05687500 -0.00997559 0.02840834
v 0.06312500 -0.00842285 0.02834975
v 0.05750000 -0.00842285 0.02676772
v 0.05687500 -0.00997559 0.02840834
v 0.05750000 -0.00842285 0.02676772
v 0.05125000 -0.00997559 0.02645522
v 0.05125000 -0.00997559 0.02645522
v 0.05750000 -0.00842285 0.02676772
v 0.05187500 -0.00842285 0.02485366
v 0.05125000 -0.00997559 0.02645522
v 0.07437500 -0.01119629 0.03413100
v 0.07453125 -0.00997559 0.03219741
v 0.06828125 -0.01119629 0.03321303
v 0.06828125 -0.01119629 0.03321303
v 0.07453125 -0.00997559 0.03219741
v 0.06859375 -0.00997559 0.03127944
v 0.06828125 -0.01119629 0.03321303
v 0.06859375 -0.00997559 0.03127944
v 0.06234375 -0.01119629 0.03192397
v 0.06234375 -0.01119629 0.03192397
v 0.06859375 -0.00997559 0.03127944
v 0.06281250 -0.00997559 0.03000991
v 0.06234375 -0.01119629 0.03192397
v 0.06281250 -0.00997559 0.03000991
v 0.05640625 -0.01119629 0.03026381
v 0.05640625 -0.01119629 0.03026381
v 0.06281250 -0.00997559 0.03000991
v 0.05687500 -0.00997559 0.02840834
v 0.05640625 -0.01119629 0.03026381
v 0.05687500 -0.00997559 0.02840834
v 0.05062500 -0.01119629 0.02829116
v 0.05062500 -0.01119629 0.02829116
v 0.05687500 -0.00997559 0.02840834
v 0.05125000 -0.00997559 0.02645522
v 0.05062500 -0.01119629 0.02829116
v 0.05125000 -0.00997559 0.02645522
v 0.04484375 -0.01119629 0.02594741
v 0.04562500 -0.00997559 0.02415053
v 0.04484375 -0.01119629 0.02594741
v 0.04562500 -0.00997559 0.02415053
v 0.03937500 -0.01119629 0.02329116
v 0.07406250 -0.01202637 0.03627944
v 0.07437500 -0.01119629 0.03413100
v 0.06781250 -0.01202637 0.03532241
v 0.06781250 -0.01202637 0.03532241
v 0.07437500 -0.01119629 0.03413100
v 0.06828125 -0.01119629 0.03321303
v 0.06781250 -0.01202637 0.03532241
v 0.06828125 -0.01119629 0.03321303
v 0.06171875 -0.01202637 0.03399428
v 0.06234375 -0.01119629 0.03192397
v 0.06171875 -0.01202637 0.03399428
v 0.06234375 -0.01119629 0.03192397
v 0.05578125 -0.01202637 0.03233412
v 0.05640625 -0.01119629 0.03026381
v 0.05578125 -0.01202637 0.03233412
v 0.05640625 -0.01119629 0.03026381
v 0.04984375 -0.01202637 0.03030288
v 0.05062500 -0.01119629 0.02829116
v 0.04984375 -0.01202637 0.03030288
v 0.05062500 -0.01119629 0.02829116
v 0.04406250 -0.01202637 0.02792006
v 0.04406250 -0.01202637 0.02792006
v 0.05062500 -0.01119629 0.02829116
v 0.04484375 -0.01119629 0.02594741
v 0.04406250 -0.01202637 0.02792006
v 0.04484375 -0.01119629 0.02594741
v 0.03843750 -0.01202637 0.02520522
v 0.03937500 -0.01119629 0.02329116
v 0.03843750 -0.01202637 0.02520522
v 0.07375000 -0.01244629 0.03852553
v 0.07406250 -0.01202637 0.03627944
v 0.06750000 -0.01244629 0.03754897
v 0.06781250 -0.01202637 0.03532241
v 0.06750000 -0.01244629 0.03754897
v 0.06781250 -0.01202637 0.03532241
v 0.06125000 -0.01244629 0.03620131
v 0.06171875 -0.01202637 0.03399428
v 0.06125000 -0.01244629 0.03620131
v 0.06171875 -0.01202637 0.03399428
v 0.05500000 -0.01244629 0.03448256
v 0.05500000 -0.01244629 0.03448256
v 0.06171875 -0.01202637 0.03399428
v 0.05578125 -0.01202637 0.03233412
v 0.05500000 -0.01244629 0.03448256
v 0.05578125 -0.01202637 0.03233412
v 0.04906250 -0.01244629 0.03241225
v 0.04984375 -0.01202637 0.03030288
v 0.04906250 -0.01244629 0.03241225
v 0.04984375 -0.01202637 0.03030288
v 0.04312500 -0.01244629 0.02999038
v 0.04406250 -0.01202637 0.02792006
v 0.04312500 -0.01244629 0.02999038
v 0.04406250 -0.01202637 0.02792006
v 0.03734375 -0.01244629 0.02721694
v 0.03843750 -0.01202637 0.02520522
v 0.03734375 -0.01244629 0.02721694
v 0.03843750 -0.01202637 0.02520522
v 0.03171875 -0.01244629 0.02409194
v 0.03296875 -0.01202637 0.02213881
v 0.03171875 -0.01244629 0.02409194
v 0.07343750 -0.01244629 0.04081069
v 0.07375000 -0.01244629 0.03852553
v 0.06703125 -0.01244629 0.03981459
v 0.06750000 -0.01244629 0.03754897
v 0.06062500 -0.01244629 0.03844741
v 0.06125000 -0.01244629 0.03620131
v 0.05437500 -0.01244629 0.03668959
v 0.05500000 -0.01244629 0.03448256
v 0.04812500 -0.01244629 0.03458022
v 0.04906250 -0.01244629 0.03241225
v 0.04218750 -0.01244629 0.03209975
v 0.04312500 -0.01244629 0.02999038
v 0.03625000 -0.01244629 0.02924819
v 0.03734375 -0.01244629 0.02721694
v 0.03062500 -0.01244629 0.02608413
v 0.03171875 -0.01244629 0.02409194
v 0.02500000 -0.01244629 0.02256850
v 0.06656250 -0.01202637 0.04204116
v 0.06703125 -0.01244629 0.03981459
v 0.06656250 -0.01202637 0.04204116
v 0.06703125 -0.01244629 0.03981459
v 0.06015625 -0.01202637 0.04065444
v 0.06062500 -0.01244629 0.03844741
v 0.06015625 -0.01202637 0.04065444
v 0.06062500 -0.01244629 0.03844741
v 0.05375000 -0.01202637 0.03885756
v 0.05437500 -0.01244629 0.03668959
v 0.05375000 -0.01202637 0.03885756
v 0.05437500 -0.01244629 0.03668959
v 0.04734375 -0.01202637 0.03668959
v 0.04812500 -0.01244629 0.03458022
v 0.04734375 -0.01202637 0.03668959
v 0.04812500 -0.01244629 0.03458022
v 0.04125000 -0.01202637 0.03417006
v 0.04218750 -0.01244629 0.03209975
v 0.04125000 -0.01202637 0.03417006
v 0.04218750 -0.01244629 0.03209975
v 0.03515625 -0.01202637 0.03125991
v 0.03625000 -0.01244629 0.02924819
v 0.03515625 -0.01202637 0.03125991
v 0.03625000 -0.01244629 0.02924819
v 0.02937500 -0.01202637 0.02801772
v 0.03062500 -0.01244629 0.02608413
v 0.02937500 -0.01202637 0.02801772
v 0.03062500 -0.01244629 0.02608413
v 0.02375000 -0.01202637 0.02444350
v 0.02375000 -0.01202637 0.02444350
v 0.03062500 -0.01244629 0.02608413
v 0.02500000 -0.01244629 0.02256850
v 0.02375000 -0.01202637 0.02444350
v 0.02500000 -0.01244629 0.02256850
v 0.01843750 -0.01202637 0.02051772
v 0.01984375 -0.01244629 0.01872084
v 0.01843750 -0.01202637 0.02051772
v 0.01984375 -0.01244629 0.01872084
v 0.01328125 -0.01202637 0.01629897
v 0.07296875 -0.01119629 0.04518569
v 0.07328125 -0.01202637 0.04305678
v 0.06625000 -0.01119629 0.04417006
v 0.06656250 -0.01202637 0.04204116
v 0.06625000 -0.01119629 0.04417006
v 0.06656250 -0.01202637 0.04204116
v 0.05968750 -0.01119629 0.04274428
v 0.06015625 -0.01202637 0.04065444
v 0.05968750 -0.01119629 0.04274428
v 0.06015625 -0.01202637 0.04065444
v 0.05312500 -0.01119629 0.04090834
v 0.05375000 -0.01202637 0.03885756
v 0.05312500 -0.01119629 0.04090834
v 0.05375000 -0.01202637 0.03885756
v 0.04671875 -0.01119629 0.03870131
v 0.04671875 -0.01119629 0.03870131
v 0.05375000 -0.01202637 0.03885756
v 0.04734375 -0.01202637 0.03668959
v 0.04671875 -0.01119629 0.03870131
v 0.04734375 -0.01202637 0.03668959
v 0.04031250 -0.01119629 0.03612319
v 0.04031250 -0.01119629 0.03612319
v 0.04734375 -0.01202637 0.03668959
v 0.04125000 -0.01202637 0.03417006
v 0.04031250 -0.01119629 0.03612319
v 0.04125000 -0.01202637 0.03417006
v 0.03421875 -0.01119629 0.03317397
v 0.03421875 -0.01119629 0.03317397
v 0.04125000 -0.01202637 0.03417006
v 0.03515625 -0.01202637 0.03125991
v 0.03421875 -0.01119629 0.03317397
v 0.03515625 -0.01202637 0.03125991
v 0.02828125 -0.01119629 0.02987319
v 0.02828125 -0.01119629 0.02987319
v 0.03515625 -0.01202637 0.03125991
v 0.02937500 -0.01202637 0.02801772
v 0.02828125 -0.01119629 0.02987319
v 0.02937500 -0.01202637 0.02801772
v 0.02265625 -0.01119629 0.02622084
v 0.02265625 -0.01119629 0.02622084
v 0.02937500 -0.01202637 0.02801772
v 0.02375000 -0.01202637 0.02444350
v 0.02265625 -0.01119629 0.02622084
v 0.02375000 -0.01202637 0.02444350
v 0.01703125 -0.01119629 0.02221694
v 0.01703125 -0.01119629 0.02221694
v 0.02375000 -0.01202637 0.02444350
v 0.01843750 -0.01202637 0.02051772
v 0.01703125 -0.01119629 0.02221694
v 0.01843750 -0.01202637 0.02051772
v 0.01187500 -0.01119629 0.01792006
v 0.01187500 -0.01119629 0.01792006
v 0.01843750 -0.01202637 0.02051772
v 0.01328125 -0.01202637 0.01629897
v 0.01187500 -0.01119629 0.01792006
v 0.01328125 -0.01202637 0.01629897
v 0.00687500 -0.01119629 0.01331069
v 0.07265625 -0.00997559 0.04713881
v 0.07296875 -0.01119629 0.04518569
v 0.06593750 -0.00997559 0.04608412
v 0.06593750 -0.00997559 0.04608412
v 0.07296875 -0.01119629 0.04518569
v 0.06625000 -0.01119629 0.04417006
v 0.06593750 -0.00997559 0.04608412
v 0.06625000 -0.01119629 0.04417006
v 0.05921875 -0.00997559 0.04463881
v 0.05968750 -0.01119629 0.04274428
v 0.05921875 -0.00997559 0.04463881
v 0.05968750 -0.01119629 0.04274428
v 0.05250000 -0.00997559 0.04278334
v 0.05312500 -0.01119629 0.04090834
v 0.05250000 -0.00997559 0.04278334
v 0.05312500 -0.01119629 0.04090834
v 0.04593750 -0.00997559 0.04053725
v 0.04593750 -0.00997559 0.04053725
v 0.05312500 -0.01119629 0.04090834
v 0.04671875 -0.01119629 0.03870131
v 0.04593750 -0.00997559 0.04053725
v 0.04671875 -0.01119629 0.03870131
v 0.03953125 -0.00997559 0.03792006
v 0.03953125 -0.00997559 0.03792006
v 0.04671875 -0.01119629 0.03870131
v 0.04031250 -0.01119629 0.03612319
v 0.03953125 -0.00997559 0.03792006
v 0.04031250 -0.01119629 0.03612319
v 0.03328125 -0.00997559 0.03491225
v 0.03328125 -0.00997559 0.03491225
v 0.04031250 -0.01119629 0.03612319
v 0.03421875 -0.01119629 0.03317397
v 0.03328125 -0.00997559 0.03491225
v 0.03421875 -0.01119629 0.03317397
v 0.02734375 -0.00997559 0.03155288
v 0.02734375 -0.00997559 0.03155288
v 0.03421875 -0.01119629 0.03317397
v 0.02828125 -0.01119629 0.02987319
v 0.02734375 -0.00997559 0.03155288
v 0.02828125 -0.01119629 0.02987319
v 0.02140625 -0.00997559 0.02784194
v 0.02140625 -0.00997559 0.02784194
v 0.02828125 -0.01119629 0.02987319
v 0.02265625 -0.01119629 0.02622084
v 0.02140625 -0.00997559 0.02784194
v 0.02265625 -0.01119629 0.02622084
v 0.01593750 -0.00997559 0.02377944
v 0.01593750 -0.00997559 0.02377944
v 0.02265625 -0.01119629 0.02622084
v 0.01703125 -0.01119629 0.02221694
v 0.01593750 -0.00997559 0.02377944
v 0.01703125 -0.01119629 0.02221694
v 0.01046875 -0.00997559 0.01940444
v 0.01046875 -0.00997559 0.01940444
v 0.01703125 -0.01119629 0.02221694
v 0.01187500 -0.01119629 0.01792006
v 0.01046875 -0.00997559 0.01940444
v 0.01187500 -0.01119629 0.01792006
v 0.00546875 -0.00997559 0.01469741
v 0.00546875 -0.00997559 0.01469741
v 0.01187500 -0.01119629 0.01792006
v 0.00687500 -0.01119629 0.01331069
v 0.00546875 -0.00997559 0.01469741
v 0.00687500 -0.01119629 0.01331069
v 0.00062500 -0.00997559 0.00971694
v 0.07250000 -0.00842285 0.04883803
v 0.07265625 -0.00997559 0.04713881
v 0.06562500 -0.00842285 0.04776381
v 0.06562500 -0.00842285 0.04776381
v 0.07265625 -0.00997559 0.04713881
v 0.06593750 -0.00997559 0.04608412
v 0.06562500 -0.00842285 0.04776381
v 0.06593750 -0.00997559 0.04608412
v 0.05875000 -0.00842285 0.04629897
v 0.05875000 -0.00842285 0.04629897
v 0.06593750 -0.00997559 0.04608412
v 0.05921875 -0.00997559 0.04463881
v 0.05875000 -0.00842285 0.04629897
v 0.05921875 -0.00997559 0.04463881
v 0.05203125 -0.00842285 0.04442397
v 0.05203125 -0.00842285 0.04442397
v 0.05921875 -0.00997559 0.04463881
v 0.05250000 -0.00997559 0.04278334
v 0.05203125 -0.00842285 0.04442397
v 0.05250000 -0.00997559 0.04278334
v 0.04531250 -0.00842285 0.04213881
v 0.04531250 -0.00842285 0.04213881
v 0.05250000 -0.00997559 0.04278334
v 0.04593750 -0.00997559 0.04053725
v 0.04531250 -0.00842285 0.04213881
v 0.04593750 -0.00997559 0.04053725
v 0.03890625 -0.00842285 0.03948256
v 0.03890625 -0.00842285 0.03948256
v 0.04593750 -0.00997559 0.04053725
v 0.03953125 -0.00997559 0.03792006
v 0.03890625 -0.00842285 0.03948256
v 0.03953125 -0.00997559 0.03792006
v 0.03250000 -0.00842285 0.03643569
v 0.03250000 -0.00842285 0.03643569
v 0.03953125 -0.00997559 0.03792006
v 0.03328125 -0.00997559 0.03491225
v 0.03250000 -0.00842285 0.03643569
v 0.03328125 -0.00997559 0.03491225
v 0.02640625 -0.00842285 0.03301772
v 0.02640625 -0.00842285 0.03301772
v 0.03328125 -0.00997559 0.03491225
v 0.02734375 -0.00997559 0.03155288
v 0.02640625 -0.00842285 0.03301772
v 0.02734375 -0.00997559 0.03155288
v 0.02046875 -0.00842285 0.02924819
v 0.02046875 -0.00842285 0.02924819
v 0.02734375 -0.00997559 0.03155288
v 0.02140625 -0.00997559 0.02784194
v 0.02046875 -0.00842285 0.02924819
v 0.02140625 -0.00997559 0.02784194
v 0.01484375 -0.00842285 0.02512709
v 0.01484375 -0.00842285 0.02512709
v 0.02140625 -0.00997559 0.02784194
v 0.01593750 -0.00997559 0.02377944
v 0.01484375 -0.00842285 0.02512709
v 0.01593750 -0.00997559 0.02377944
v 0.00937500 -0.00842285 0.02067397
v 0.00937500 -0.00842285 0.02067397
v 0.01593750 -0.00997559 0.02377944
v 0.01046875 -0.00997559 0.01940444
v 0.00937500 -0.00842285 0.02067397
v 0.01046875 -0.00997559 0.01940444
v 0.00421875 -0.00842285 0.01592787
v 0.00421875 -0.00842285 0.01592787
v 0.01046875 -0.00997559 0.01940444
v 0.00546875 -0.00997559 0.01469741
v 0.00421875 -0.00842285 0.01592787
v 0.00546875 -0.00997559 0.01469741
v -0.00062500 -0.00842285 0.01086928
v -0.00062500 -0.00842285 0.01086928
v 0.00546875 -0.00997559 0.01469741
v 0.00062500 -0.00997559 0.00971694
v -0.00062500 -0.00842285 0.01086928
v 0.00062500 -0.00997559 0.00971694
v -0.00515625 -0.00842285 0.00553725
v 0.07234375 -0.00658691 0.05020522
v 0.07250000 -0.00842285 0.04883803
v 0.06531250 -0.00658691 0.04913100
v 0.06531250 -0.00658691 0.04913100
v 0.07250000 -0.00842285 0.04883803
v 0.06562500 -0.00842285 0.04776381
v 0.06531250 -0.00658691 0.04913100
v 0.06562500 -0.00842285 0.04776381
v 0.05843750 -0.00658691 0.04764662
v 0.05843750 -0.00658691 0.04764662
v 0.06562500 -0.00842285 0.04776381
v 0.05875000 -0.00842285 0.04629897
v 0.05843750 -0.00658691 0.04764662
v 0.05875000 -0.00842285 0.04629897
v 0.05156250 -0.00658691 0.04575209
v 0.05156250 -0.00658691 0.04575209
v 0.05875000 -0.00842285 0.04629897
v 0.05203125 -0.00842285 0.04442397
v 0.05156250 -0.00658691 0.04575209
v 0.05203125 -0.00842285 0.04442397
v 0.04484375 -0.00658691 0.04344741
v 0.04484375 -0.00658691 0.04344741
v 0.05203125 -0.00842285 0.04442397
v 0.04531250 -0.00842285 0.04213881
v 0.04484375 -0.00658691 0.04344741
v 0.04531250 -0.00842285 0.04213881
v 0.03828125 -0.00658691 0.04075209
v 0.03828125 -0.00658691 0.04075209
v 0.04531250 -0.00842285 0.04213881
v 0.03890625 -0.00842285 0.03948256
v 0.03828125 -0.00658691 0.04075209
v 0.03890625 -0.00842285 0.03948256
v 0.03187500 -0.00658691 0.03766616
v 0.03187500 -0.00658691 0.03766616
v 0.03890625 -0.00842285 0.03948256
v 0.03250000 -0.00842285 0.03643569
v 0.03187500 -0.00658691 0.03766616
v 0.03250000 -0.00842285 0.03643569
v 0.02578125 -0.00658691 0.03420912
v 0.02578125 -0.00658691 0.03420912
v 0.03250000 -0.00842285 0.03643569
v 0.02640625 -0.00842285 0.03301772
v 0.02578125 -0.00658691 0.03420912
v 0.02640625 -0.00842285 0.03301772
v 0.01968750 -0.00658691 0.03040053
v 0.01968750 -0.00658691 0.03040053
v 0.02640625 -0.00842285 0.03301772
v 0.02046875 -0.00842285 0.02924819
v 0.01968750 -0.00658691 0.03040053
v 0.02046875 -0.00842285 0.02924819
v 0.01406250 -0.00658691 0.02622084
v 0.01406250 -0.00658691 0.02622084
v 0.02046875 -0.00842285 0.02924819
v 0.01484375 -0.00842285 0.02512709
v 0.01406250 -0.00658691 0.02622084
v 0.01484375 -0.00842285 0.02512709
v 0.00843750 -0.00658691 0.02172866
v 0.00843750 -0.00658691 0.02172866
v 0.01484375 -0.00842285 0.02512709
v 0.00937500 -0.00842285 0.02067397
v 0.00843750 -0.00658691 0.02172866
v 0.00937500 -0.00842285 0.02067397
v 0.00328125 -0.00658691 0.01692397
v 0.00328125 -0.00658691 0.01692397
v 0.00937500 -0.00842285 0.02067397
v 0.00421875 -0.00842285 0.01592787
v 0.00328125 -0.00658691 0.01692397
v 0.00421875 -0.00842285 0.01592787
v -0.00156250 -0.00658691 0.01180678
v -0.00156250 -0.00658691 0.01180678
v 0.00421875 -0.00842285 0.01592787
v -0.00062500 -0.00842285 0.01086928
v -0.00156250 -0.00658691 0.01180678
v -0.00062500 -0.00842285 0.01086928
v -0.00625000 -0.00658691 0.00639663
v -0.00625000 -0.00658691 0.00639663
v -0.00062500 -0.00842285 0.01086928
v -0.00515625 -0.00842285 0.00553725
v -0.00625000 -0.00658691 0.00639663
v -0.00515625 -0.00842285 0.00553725
v -0.01046875 -0.00658691 0.00073256
v 0.07218750 -0.00451660 0.05124037
v 0.07234375 -0.00658691 0.05020522
v 0.06515625 -0.00451660 0.05014662
v 0.06515625 -0.00451660 0.05014662
v 0.07234375 -0.00658691 0.05020522
v 0.06531250 -0.00658691 0.04913100
v 0.06515625 -0.00451660 0.05014662
v 0.06531250 -0.00658691 0.04913100
v 0.05812500 -0.00451660 0.04864272
v 0.05812500 -0.00451660 0.04864272
v 0.06531250 -0.00658691 0.04913100
v 0.05843750 -0.00658691 0.04764662
v 0.05812500 -0.00451660 0.04864272
v 0.05843750 -0.00658691 0.04764662
v 0.05125000 -0.00451660 0.04672866
v 0.05125000 -0.00451660 0.04672866
v 0.05843750 -0.00658691 0.04764662
v 0.05156250 -0.00658691 0.04575209
v 0.05125000 -0.00451660 0.04672866
v 0.05156250 -0.00658691 0.04575209
v 0.04453125 -0.00451660 0.04440444
v 0.04484375 -0.00658691 0.04344741
v 0.04453125 -0.00451660 0.04440444
v 0.04484375 -0.00658691 0.04344741
v 0.03781250 -0.00451660 0.04168959
v 0.03781250 -0.00451660 0.04168959
v 0.04484375 -0.00658691 0.04344741
v 0.03828125 -0.00658691 0.04075209
v 0.03781250 -0.00451660 0.04168959
v 0.03828125 -0.00658691 0.04075209
v 0.03140625 -0.00451660 0.03858412
v 0.03140625 -0.00451660 0.03858412
v 0.03828125 -0.00658691 0.04075209
v 0.03187500 -0.00658691 0.03766616
v 0.03140625 -0.00451660 0.03858412
v 0.03187500 -0.00658691 0.03766616
v 0.02515625 -0.00451660 0.03508803
v 0.02515625 -0.00451660 0.03508803
v 0.03187500 -0.00658691 0.03766616
v 0.02578125 -0.00658691 0.03420912
v 0.02515625 -0.00451660 0.03508803
v 0.02578125 -0.00658691 0.03420912
v 0.01921875 -0.00451660 0.03124038
v 0.01921875 -0.00451660 0.03124038
v 0.02578125 -0.00658691 0.03420912
v 0.01968750 -0.00658691 0.03040053
v 0.01921875 -0.00451660 0.03124038
v 0.01968750 -0.00658691 0.03040053
v 0.01343750 -0.00451660 0.02704116
v 0.01343750 -0.00451660 0.02704116
v 0.01968750 -0.00658691 0.03040053
v 0.01406250 -0.00658691 0.02622084
v 0.01343750 -0.00451660 0.02704116
v 0.01406250 -0.00658691 0.02622084
v 0.00781250 -0.00451660 0.02250991
v 0.00781250 -0.00451660 0.02250991
v 0.01406250 -0.00658691 0.02622084
v 0.00843750 -0.00658691 0.02172866
v 0.00781250 -0.00451660 0.02250991
v 0.00843750 -0.00658691 0.02172866
v 0.00265625 -0.00451660 0.01764663
v 0.00265625 -0.00451660 0.01764663
v 0.00843750 -0.00658691 0.02172866
v 0.00328125 -0.00658691 0.01692397
v 0.00265625 -0.00451660 0.01764663
v 0.00328125 -0.00658691 0.01692397
v -0.00234375 -0.00451660 0.01249037
v -0.00234375 -0.00451660 0.01249037
v 0.00328125 -0.00658691 0.01692397
v -0.00156250 -0.00658691 0.01180678
v -0.00234375 -0.00451660 0.01249037
v -0.00156250 -0.00658691 0.01180678
v -0.00703125 -0.00451660 0.00704116
v -0.00703125 -0.00451660 0.00704116
v -0.00156250 -0.00658691 0.01180678
v -0.00625000 -0.00658691 0.00639663
v -0.00703125 -0.00451660 0.00704116
v -0.00625000 -0.00658691 0.00639663
v -0.01125000 -0.00451660 0.00133803
v -0.01125000 -0.00451660 0.00133803
v -0.00625000 -0.00658691 0.00639663
v -0.01046875 -0.00658691 0.00073256
v -0.01125000 -0.00451660 0.00133803
v -0.01046875 -0.00658691 0.00073256
v -0.01531250 -0.00451660 -0.00461900
v 0.07218750 -0.00229981 0.05186537
v 0.07218750 -0.00451660 0.05124037
v 0.06500000 -0.00229981 0.05077162
v 0.06500000 -0.00229981 0.05077162
v 0.07218750 -0.00451660 0.05124037
v 0.06515625 -0.00451660 0.05014662
v 0.06500000 -0.00229981 0.05077162
v 0.06515625 -0.00451660 0.05014662
v 0.05796875 -0.00229981 0.04924819
v 0.05796875 -0.00229981 0.04924819
v 0.06515625 -0.00451660 0.05014662
v 0.05812500 -0.00451660 0.04864272
v 0.05796875 -0.00229981 0.04924819
v 0.05812500 -0.00451660 0.04864272
v 0.05109375 -0.00229981 0.04733412
v 0.05125000 -0.00451660 0.04672866
v 0.05109375 -0.00229981 0.04733412
v 0.05125000 -0.00451660 0.04672866
v 0.04421875 -0.00229981 0.04499037
v 0.04421875 -0.00229981 0.04499037
v 0.05125000 -0.00451660 0.04672866
v 0.04453125 -0.00451660 0.04440444
v 0.04421875 -0.00229981 0.04499037
v 0.04453125 -0.00451660 0.04440444
v 0.03765625 -0.00229981 0.04225600
v 0.03765625 -0.00229981 0.04225600
v 0.04453125 -0.00451660 0.04440444
v 0.03781250 -0.00451660 0.04168959
v 0.03765625 -0.00229981 0.04225600
v 0.03781250 -0.00451660 0.04168959
v 0.03109375 -0.00229981 0.03913100
v 0.03109375 -0.00229981 0.03913100
v 0.03781250 -0.00451660 0.04168959
v 0.03140625 -0.00451660 0.03858412
v 0.03109375 -0.00229981 0.03913100
v 0.03140625 -0.00451660 0.03858412
v 0.02484375 -0.00229981 0.03563491
v 0.02515625 -0.00451660 0.03508803
v 0.02484375 -0.00229981 0.03563491
v 0.02515625 -0.00451660 0.03508803
v 0.01875000 -0.00229981 0.03176772
v 0.01875000 -0.00229981 0.03176772
v 0.02515625 -0.00451660 0.03508803
v 0.01921875 -0.00451660 0.03124038
v 0.01875000 -0.00229981 0.03176772
v 0.01921875 -0.00451660 0.03124038
v 0.01296875 -0.00229981 0.02754897
v 0.01343750 -0.00451660 0.02704116
v 0.01296875 -0.00229981 0.02754897
v 0.01343750 -0.00451660 0.02704116
v 0.00734375 -0.00229981 0.02297866
v 0.00734375 -0.00229981 0.02297866
v 0.01343750 -0.00451660 0.02704116
v 0.00781250 -0.00451660 0.02250991
v 0.00734375 -0.00229981 0.02297866
v 0.00781250 -0.00451660 0.02250991
v 0.00218750 -0.00229981 0.01809584
v 0.00218750 -0.00229981 0.01809584
v 0.00781250 -0.00451660 0.02250991
v 0.00265625 -0.00451660 0.01764663
v 0.00218750 -0.00229981 0.01809584
v 0.00265625 -0.00451660 0.01764663
v -0.00281250 -0.00229981 0.01292006
v -0.00234375 -0.00451660 0.01249037
v -0.00281250 -0.00229981 0.01292006
v -0.00234375 -0.00451660 0.01249037
v -0.00750000 -0.00229981 0.00743178
v -0.00750000 -0.00229981 0.00743178
v -0.00234375 -0.00451660 0.01249037
v -0.00703125 -0.00451660 0.00704116
v -0.00750000 -0.00229981 0.00743178
v -0.00703125 -0.00451660 0.00704116
v -0.01187500 -0.00229981 0.00170913
v -0.01187500 -0.00229981 0.00170913
v -0.00703125 -0.00451660 0.00704116
v -0.01125000 -0.00451660 0.00133803
v -0.01187500 -0.00229981 0.00170913
v -0.01125000 -0.00451660 0.00133803
v -0.01578125 -0.00229981 -0.00428697
v -0.01578125 -0.00229981 -0.00428697
v -0.01125000 -0.00451660 0.00133803
v -0.01531250 -0.00451660 -0.00461900
v -0.01578125 -0.00229981 -0.00428697
v -0.01531250 -0.00451660 -0.00461900
v -0.01937500 -0.00229981 -0.01049791
v 0.07218750 -0.00000488 0.05208022
v 0.07218750 -0.00229981 0.05186537
v 0.06500000 -0.00000488 0.05098647
v 0.06500000 -0.00229981 0.05077162
v 0.06500000 -0.00000488 0.05098647
v 0.06500000 -0.00229981 0.05077162
v 0.05796875 -0.00000488 0.04946303
v 0.05796875 -0.00229981 0.04924819
v 0.05796875 -0.00000488 0.04946303
v 0.05796875 -0.00229981 0.04924819
v 0.05093750 -0.00000488 0.04752944
v 0.05093750 -0.00000488 0.04752944
v 0.05796875 -0.00229981 0.04924819
v 0.05109375 -0.00229981 0.04733412
v 0.05093750 -0.00000488 0.04752944
v 0.05109375 -0.00229981 0.04733412
v 0.04421875 -0.00000488 0.04518569
v 0.04421875 -0.00000488 0.04518569
v 0.05109375 -0.00229981 0.04733412
v 0.04421875 -0.00229981 0.04499037
v 0.04421875 -0.00000488 0.04518569
v 0.04421875 -0.00229981 0.04499037
v 0.03750000 -0.00000488 0.04245131
v 0.03750000 -0.00000488 0.04245131
v 0.04421875 -0.00229981 0.04499037
v 0.03765625 -0.00229981 0.04225600
v 0.03750000 -0.00000488 0.04245131
v 0.03765625 -0.00229981 0.04225600
v 0.03109375 -0.00000488 0.03932631
v 0.03109375 -0.00000488 0.03932631
v 0.03765625 -0.00229981 0.04225600
v 0.03109375 -0.00229981 0.03913100
v 0.03109375 -0.00000488 0.03932631
v 0.03109375 -0.00229981 0.03913100
v 0.02468750 -0.00000488 0.03581069
v 0.02468750 -0.00000488 0.03581069
v 0.03109375 -0.00229981 0.03913100
v 0.02484375 -0.00229981 0.03563491
v 0.02468750 -0.00000488 0.03581069
v 0.02484375 -0.00229981 0.03563491
v 0.01875000 -0.00000488 0.03194350
v 0.01875000 -0.00000488 0.03194350
v 0.02484375 -0.00229981 0.03563491
v 0.01875000 -0.00229981 0.03176772
v 0.01875000 -0.00000488 0.03194350
v 0.01875000 -0.00229981 0.03176772
v 0.01281250 -0.00000488 0.02770522
v 0.01281250 -0.00000488 0.02770522
v 0.01875000 -0.00229981 0.03176772
v 0.01296875 -0.00229981 0.02754897
v 0.01281250 -0.00000488 0.02770522
v 0.01296875 -0.00229981 0.02754897
v 0.00734375 -0.00000488 0.02313491
v 0.00734375 -0.00000488 0.02313491
v 0.01296875 -0.00229981 0.02754897
v 0.00734375 -0.00229981 0.02297866
v 0.00734375 -0.00000488 0.02313491
v 0.00734375 -0.00229981 0.02297866
v 0.00203125 -0.00000488 0.01825209
v 0.00203125 -0.00000488 0.01825209
v 0.00734375 -0.00229981 0.02297866
v 0.00218750 -0.00229981 0.01809584
v 0.00203125 -0.00000488 0.01825209
v 0.00218750 -0.00229981 0.01809584
v -0.00296875 -0.00000488 0.01305678
v -0.00296875 -0.00000488 0.01305678
v 0.00218750 -0.00229981 0.01809584
v -0.00281250 -0.00229981 0.01292006
v -0.00296875 -0.00000488 0.01305678
v -0.00281250 -0.00229981 0.01292006
v -0.00765625 -0.00000488 0.00756850
v -0.00750000 -0.00229981 0.00743178
v -0.00765625 -0.00000488 0.00756850
v -0.00750000 -0.00229981 0.00743178
v -0.01203125 -0.00000488 0.00182631
v -0.01203125 -0.00000488 0.00182631
v -0.00750000 -0.00229981 0.00743178
v -0.01187500 -0.00229981 0.00170913
v -0.01203125 -0.00000488 0.00182631
v -0.01187500 -0.00229981 0.00170913
v -0.01593750 -0.00000488 -0.00416978
v -0.01578125 -0.00229981 -0.00428697
v -0.01593750 -0.00000488 -0.00416978
v -0.01578125 -0.00229981 -0.00428697
v -0.01968750 -0.00000488 -0.01040025
v -0.01968750 -0.00000488 -0.01040025
v -0.01578125 -0.00229981 -0.00428697
v -0.01937500 -0.00229981 -0.01049791
v -0.01968750 -0.00000488 -0.01040025
v -0.01937500 -0.00229981 -0.01049791
v -0.02281250 -0.00000488 -0.01682603
v 0.07218750 0.00229004 0.05186537
v 0.07218750 -0.00000488 0.05208022
v 0.06500000 0.00229004 0.05077162
v 0.06500000 -0.00000488 0.05098647
v 0.06500000 0.00229004 0.05077162
v 0.06500000 -0.00000488 0.05098647
v 0.05796875 0.00229004 0.04924819
v 0.05796875 -0.00000488 0.04946303
v 0.05796875 0.00229004 0.04924819
v 0.05796875 -0.00000488 0.04946303
v 0.05109375 0.00229004 0.04733412
v 0.05109375 0.00229004 0.04733412
v 0.05796875 -0.00000488 0.04946303
v 0.05093750 -0.00000488 0.04752944
v 0.05109375 0.00229004 0.04733412
v 0.05093750 -0.00000488 0.04752944
v 0.04421875 0.00229004 0.04499037
v 0.04421875 0.00229004 0.04499037
v 0.05093750 -0.00000488 0.04752944
v 0.04421875 -0.00000488 0.04518569
v 0.04421875 0.00229004 0.04499037
v 0.04421875 -0.00000488 0.04518569
v 0.03765625 0.00229004 0.04225600
v 0.03765625 0.00229004 0.04225600
v 0.04421875 -0.00000488 0.04518569
v 0.03750000 -0.00000488 0.04245131
v 0.03765625 0.00229004 0.04225600
v 0.03750000 -0.00000488 0.04245131
v 0.03109375 0.00229004 0.03913100
v 0.03109375 0.00229004 0.03913100
v 0.03750000 -0.00000488 0.04245131
v 0.03109375 -0.00000488 0.03932631
v 0.03109375 0.00229004 0.03913100
v 0.03109375 -0.00000488 0.03932631
v 0.02484375 0.00229004 0.03563491
v 0.02484375 0.00229004 0.03563491
v 0.03109375 -0.00000488 0.03932631
v 0.02468750 -0.00000488 0.03581069
v 0.02484375 0.00229004 0.03563491
v 0.02468750 -0.00000488 0.03581069
v 0.01875000 0.00229004 0.03176772
v 0.01875000 0.00229004 0.03176772
v 0.02468750 -0.00000488 0.03581069
v 0.01875000 -0.00000488 0.03194350
v 0.01875000 0.00229004 0.03176772
v 0.01875000 -0.00000488 0.03194350
v 0.01296875 0.00229004 0.02754897
v 0.01296875 0.00229004 0.02754897
v 0.01875000 -0.00000488 0.03194350
v 0.01281250 -0.00000488 0.02770522
v 0.01296875 0.00229004 0.02754897
v 0.01281250 -0.00000488 0.02770522
v 0.00734375 0.00229004 0.02297866
v 0.00734375 0.00229004 0.02297866
v 0.01281250 -0.00000488 0.02770522
v 0.00734375 -0.00000488 0.02313491
v 0.00734375 0.00229004 0.02297866
v 0.00734375 -0.00000488 0.02313491
v 0.00218750 0.00229004 0.01809584
v 0.00218750 0.00229004 0.01809584
v 0.00734375 -0.00000488 0.02313491
v 0.00203125 -0.00000488 0.01825209
v 0.00218750 0.00229004 0.01809584
v 0.00203125 -0.00000488 0.01825209
v -0.00281250 0.00229004 0.01292006
v -0.00281250 0.00229004 0.01292006
v 0.00203125 -0.00000488 0.01825209
v -0.00296875 -0.00000488 0.01305678
v -0.00281250 0.00229004 0.01292006
v -0.00296875 -0.00000488 0.01305678
v -0.00750000 0.00229004 0.00743178
v -0.00765625 -0.00000488 0.00756850
v -0.00750000 0.00229004 0.00743178
v -0.00765625 -0.00000488 0.00756850
v -0.01187500 0.00229004 0.00170913
v -0.01187500 0.00229004 0.00170913
v -0.00765625 -0.00000488 0.00756850
v -0.01203125 -0.00000488 0.00182631
v -0.01187500 0.00229004 0.00170913
v -0.01203125 -0.00000488 0.00182631
v -0.01578125 0.00229004 -0.00428697
v -0.01593750 -0.00000488 -0.00416978
v -0.01578125 0.00229004 -0.00428697
v -0.01593750 -0.00000488 -0.00416978
v -0.01937500 0.00229004 -0.01049791
v -0.01937500 0.00229004 -0.01049791
v -0.01593750 -0.00000488 -0.00416978
v -0.01968750 -0.00000488 -0.01040025
v -0.01937500 0.00229004 -0.01049791
v -0.01968750 -0.00000488 -0.01040025
v -0.02265625 0.00229004 -0.01692369
v -0.02265625 0.00229004 -0.01692369
v -0.01968750 -0.00000488 -0.01040025
v -0.02281250 -0.00000488 -0.01682603
v -0.02265625 0.00229004 -0.01692369
v 0.07218750 0.00451660 0.05124037
v 0.07218750 0.00229004 0.05186537
v 0.06515625 0.00451660 0.05014662
v 0.06515625 0.00451660 0.05014662
v 0.07218750 0.00229004 0.05186537
v 0.06500000 0.00229004 0.05077162
v 0.06515625 0.00451660 0.05014662
v 0.06500000 0.00229004 0.05077162
v 0.05812500 0.00451660 0.04864272
v 0.05812500 0.00451660 0.04864272
v 0.06500000 0.00229004 0.05077162
v 0.05796875 0.00229004 0.04924819
v 0.05812500 0.00451660 0.04864272
v 0.05796875 0.00229004 0.04924819
v 0.05125000 0.00451660 0.04672866
v 0.05109375 0.00229004 0.04733412
v 0.05125000 0.00451660 0.04672866
v 0.05109375 0.00229004 0.04733412
v 0.04453125 0.00451660 0.04440444
v 0.04453125 0.00451660 0.04440444
v 0.05109375 0.00229004 0.04733412
v 0.04421875 0.00229004 0.04499037
v 0.04453125 0.00451660 0.04440444
v 0.04421875 0.00229004 0.04499037
v 0.03781250 0.00451660 0.04168959
v 0.03781250 0.00451660 0.04168959
v 0.04421875 0.00229004 0.04499037
v 0.03765625 0.00229004 0.04225600
v 0.03781250 0.00451660 0.04168959
v 0.03765625 0.00229004 0.04225600
v 0.03140625 0.00451660 0.03858412
v 0.03140625 0.00451660 0.03858412
v 0.03765625 0.00229004 0.04225600
v 0.03109375 0.00229004 0.03913100
v 0.03140625 0.00451660 0.03858412
v 0.03109375 0.00229004 0.03913100
v 0.02515625 0.00451660 0.03508803
v 0.02484375 0.00229004 0.03563491
v 0.02515625 0.00451660 0.03508803
v 0.02484375 0.00229004 0.03563491
v 0.01921875 0.00451660 0.03124038
v 0.01921875 0.00451660 0.03124038
v 0.02484375 0.00229004 0.03563491
v 0.01875000 0.00229004 0.03176772
v 0.01921875 0.00451660 0.03124038
v 0.01875000 0.00229004 0.03176772
v 0.01343750 0.00451660 0.02704116
v 0.01343750 0.00451660 0.02704116
v 0.01875000 0.00229004 0.03176772
v 0.01296875 0.00229004 0.02754897
v 0.01343750 0.00451660 0.02704116
v 0.01296875 0.00229004 0.02754897
v 0.00781250 0.00451660 0.02250991
v 0.00781250 0.00451660 0.02250991
v 0.01296875 0.00229004 0.02754897
v 0.00734375 0.00229004 0.02297866
v 0.00781250 0.00451660 0.02250991
v 0.00734375 0.00229004 0.02297866
v 0.00265625 0.00451660 0.01764663
v 0.00265625 0.00451660 0.01764663
v 0.00734375 0.00229004 0.02297866
v 0.00218750 0.00229004 0.01809584
v 0.00265625 0.00451660 0.01764663
v 0.00218750 0.00229004 0.01809584
v -0.00234375 0.00451660 0.01249037
v -0.00234375 0.00451660 0.01249037
v 0.00218750 0.00229004 0.01809584
v -0.00281250 0.00229004 0.01292006
v -0.00234375 0.00451660 0.01249037
v -0.00281250 0.00229004 0.01292006
v -0.00703125 0.00451660 0.00704116
v -0.00703125 0.00451660 0.00704116
v -0.00281250 0.00229004 0.01292006
v -0.00750000 0.00229004 0.00743178
v -0.00703125 0.00451660 0.00704116
v -0.00750000 0.00229004 0.00743178
v -0.01125000 0.00451660 0.00133803
v -0.01125000 0.00451660 0.00133803
v -0.00750000 0.00229004 0.00743178
v -0.01187500 0.00229004 0.00170913
v -0.01125000 0.00451660 0.00133803
v -0.01187500 0.00229004 0.00170913
v -0.01531250 0.00451660 -0.00461900
v -0.01531250 0.00451660 -0.00461900
v -0.01187500 0.00229004 0.00170913
v -0.01578125 0.00229004 -0.00428697
v -0.01531250 0.00451660 -0.00461900
v -0.01578125 0.00229004 -0.00428697
v -0.01890625 0.00451660 -0.01079088
v -0.01890625 0.00451660 -0.01079088
v -0.01578125 0.00229004 -0.00428697
v -0.01937500 0.00229004 -0.01049791
v -0.01890625 0.00451660 -0.01079088
v -0.01937500 0.00229004 -0.01049791
v -0.02218750 0.00451660 -0.01717759
v -0.02218750 0.00451660 -0.01717759
v -0.01937500 0.00229004 -0.01049791
v -0.02265625 0.00229004 -0.01692369
v -0.02218750 0.00451660 -0.01717759
v -0.02265625 0.00229004 -0.01692369
v -0.02500000 0.00451660 -0.02374009
v -0.02500000 0.00451660 -0.02374009
v -0.02265625 0.00229004 -0.01692369
v -0.02562500 0.00229004 -0.02350572
v -0.02500000 0.00451660 -0.02374009
v -0.02562500 0.00229004 -0.02350572
v -0.02734375 0.00451660 -0.03045884
v 0.07234375 0.00657715 0.05020522
v 0.07218750 0.00451660 0.05124037
v 0.06531250 0.00657715 0.04913100
v 0.06531250 0.00657715 0.04913100
v 0.07218750 0.00451660 0.05124037
v 0.06515625 0.00451660 0.05014662
v 0.06531250 0.00657715 0.04913100
v 0.06515625 0.00451660 0.05014662
v 0.05843750 0.00657715 0.04764662
v 0.05843750 0.00657715 0.04764662
v 0.06515625 0.00451660 0.05014662
v 0.05812500 0.00451660 0.04864272
v 0.05843750 0.00657715 0.04764662
v 0.05812500 0.00451660 0.04864272
v 0.05156250 0.00657715 0.04575209
v 0.05125000 0.00451660 0.04672866
v 0.05156250 0.00657715 0.04575209
v 0.05125000 0.00451660 0.04672866
v 0.04484375 0.00657715 0.04344741
v 0.04484375 0.00657715 0.04344741
v 0.05125000 0.00451660 0.04672866
v 0.04453125 0.00451660 0.04440444
v 0.04484375 0.00657715 0.04344741
v 0.04453125 0.00451660 0.04440444
v 0.03828125 0.00657715 0.04075209
v 0.03828125 0.00657715 0.04075209
v 0.04453125 0.00451660 0.04440444
v 0.03781250 0.00451660 0.04168959
v 0.03828125 0.00657715 0.04075209
v 0.03781250 0.00451660 0.04168959
v 0.03187500 0.00657715 0.03766616
v 0.03140625 0.00451660 0.03858412
v 0.03187500 0.00657715 0.03766616
v 0.03140625 0.00451660 0.03858412
v 0.02578125 0.00657715 0.03420912
v 0.02578125 0.00657715 0.03420912
v 0.03140625 0.00451660 0.03858412
v 0.02515625 0.00451660 0.03508803
v 0.02578125 0.00657715 0.03420912
v 0.02515625 0.00451660 0.03508803
v 0.01968750 0.00657715 0.03040053
v 0.01968750 0.00657715 0.03040053
v 0.02515625 0.00451660 0.03508803
v 0.01921875 0.00451660 0.03124038
v 0.01968750 0.00657715 0.03040053
v 0.01921875 0.00451660 0.03124038
v 0.01406250 0.00657715 0.02622084
v 0.01406250 0.00657715 0.02622084
v 0.01921875 0.00451660 0.03124038
v 0.01343750 0.00451660 0.02704116
v 0.01406250 0.00657715 0.02622084
v 0.01343750 0.00451660 0.02704116
v 0.00843750 0.00657715 0.02172866
v 0.00843750 0.00657715 0.02172866
v 0.01343750 0.00451660 0.02704116
v 0.00781250 0.00451660 0.02250991
v 0.00843750 0.00657715 0.02172866
v 0.00781250 0.00451660 0.02250991
v 0.00328125 0.00657715 0.01692397
v 0.00328125 0.00657715 0.01692397
v 0.00781250 0.00451660 0.02250991
v 0.00265625 0.00451660 0.01764663
v 0.00328125 0.00657715 0.01692397
v 0.00265625 0.00451660 0.01764663
v -0.00156250 0.00657715 0.01180678
v -0.00156250 0.00657715 0.01180678
v 0.00265625 0.00451660 0.01764663
v -0.00234375 0.00451660 0.01249037
v -0.00156250 0.00657715 0.01180678
v -0.00234375 0.00451660 0.01249037
v -0.00625000 0.00657715 0.00639663
v -0.00625000 0.00657715 0.00639663
v -0.00234375 0.00451660 0.01249037
v -0.00703125 0.00451660 0.00704116
v -0.00625000 0.00657715 0.00639663
v -0.00703125 0.00451660 0.00704116
v -0.01046875 0.00657715 0.00073256
v -0.01046875 0.00657715 0.00073256
v -0.00703125 0.00451660 0.00704116
v -0.01125000 0.00451660 0.00133803
v -0.01046875 0.00657715 0.00073256
v -0.01125000 0.00451660 0.00133803
v -0.01437500 0.00657715 -0.00516588
v -0.01437500 0.00657715 -0.00516588
v -0.01125000 0.00451660 0.00133803
v -0.01531250 0.00451660 -0.00461900
v -0.01437500 0.00657715 -0.00516588
v -0.01531250 0.00451660 -0.00461900
v -0.01796875 0.00657715 -0.01129869
v -0.01796875 0.00657715 -0.01129869
v -0.01531250 0.00451660 -0.00461900
v -0.01890625 0.00451660 -0.01079088
v -0.01796875 0.00657715 -0.01129869
v -0.01890625 0.00451660 -0.01079088
v -0.02125000 0.00657715 -0.01762681
v -0.02125000 0.00657715 -0.01762681
v -0.01890625 0.00451660 -0.01079088
v -0.02218750 0.00451660 -0.01717759
v -0.02125000 0.00657715 -0.01762681
v -0.02218750 0.00451660 -0.01717759
v -0.02406250 0.00657715 -0.02413072
v -0.02406250 0.00657715 -0.02413072
v -0.02218750 0.00451660 -0.01717759
v -0.02500000 0.00451660 -0.02374009
v -0.02406250 0.00657715 -0.02413072
v -0.02500000 0.00451660 -0.02374009
v -0.02640625 0.00657715 -0.03079088
v -0.02640625 0.00657715 -0.03079088
v -0.02500000 0.00451660 -0.02374009
v -0.02734375 0.00451660 -0.03045884
v -0.02640625 0.00657715 -0.03079088
v -0.02734375 0.00451660 -0.03045884
v -0.02843750 0.00657715 -0.03758775
v 0.06593750 0.00997559 0.04608412
v 0.07265625 0.00997559 0.04713881
v 0.07250000 0.00842285 0.04883803
v 0.07250000 0.00842285 0.04883803
v 0.07234375 0.00657715 0.05020522
v 0.06562500 0.00842285 0.04776381
v 0.06531250 0.00657715 0.04913100
v 0.06562500 0.00842285 0.04776381
v 0.06531250 0.00657715 0.04913100
v 0.05875000 0.00842285 0.04629897
v 0.05843750 0.00657715 0.04764662
v 0.05875000 0.00842285 0.04629897
v 0.05843750 0.00657715 0.04764662
v 0.05203125 0.00842285 0.04442397
v 0.05203125 0.00842285 0.04442397
v 0.05843750 0.00657715 0.04764662
v 0.05156250 0.00657715 0.04575209
v 0.05203125 0.00842285 0.04442397
v 0.05156250 0.00657715 0.04575209
v 0.04531250 0.00842285 0.04213881
v 0.04531250 0.00842285 0.04213881
v 0.05156250 0.00657715 0.04575209
v 0.04484375 0.00657715 0.04344741
v 0.04531250 0.00842285 0.04213881
v 0.04484375 0.00657715 0.04344741
v 0.03890625 0.00842285 0.03948256
v 0.03890625 0.00842285 0.03948256
v 0.04484375 0.00657715 0.04344741
v 0.03828125 0.00657715 0.04075209
v 0.03890625 0.00842285 0.03948256
v 0.03828125 0.00657715 0.04075209
v 0.03250000 0.00842285 0.03643569
v 0.03250000 0.00842285 0.03643569
v 0.03828125 0.00657715 0.04075209
v 0.03187500 0.00657715 0.03766616
v 0.03250000 0.00842285 0.03643569
v 0.03187500 0.00657715 0.03766616
v 0.02640625 0.00842285 0.03301772
v 0.02640625 0.00842285 0.03301772
v 0.03187500 0.00657715 0.03766616
v 0.02578125 0.00657715 0.03420912
v 0.02640625 0.00842285 0.03301772
v 0.02578125 0.00657715 0.03420912
v 0.02046875 0.00842285 0.02924819
v 0.02046875 0.00842285 0.02924819
v 0.02578125 0.00657715 0.03420912
v 0.01968750 0.00657715 0.03040053
v 0.02046875 0.00842285 0.02924819
v 0.01968750 0.00657715 0.03040053
v 0.01484375 0.00842285 0.02512709
v 0.01484375 0.00842285 0.02512709
v 0.01968750 0.00657715 0.03040053
v 0.01406250 0.00657715 0.02622084
v 0.01484375 0.00842285 0.02512709
v 0.01406250 0.00657715 0.02622084
v 0.00937500 0.00842285 0.02067397
v 0.00937500 0.00842285 0.02067397
v 0.01406250 0.00657715 0.02622084
v 0.00843750 0.00657715 0.02172866
v 0.00937500 0.00842285 0.02067397
v 0.00843750 0.00657715 0.02172866
v 0.00421875 0.00842285 0.01592787
v 0.00421875 0.00842285 0.01592787
v 0.00843750 0.00657715 0.02172866
v 0.00328125 0.00657715 0.01692397
v 0.00421875 0.00842285 0.01592787
v 0.00328125 0.00657715 0.01692397
v -0.00062500 0.00842285 0.01086928
v -0.00062500 0.00842285 0.01086928
v 0.00328125 0.00657715 0.01692397
v -0.00156250 0.00657715 0.01180678
v -0.00062500 0.00842285 0.01086928
v -0.00156250 0.00657715 0.01180678
v -0.00515625 0.00842285 0.00553725
v -0.00515625 0.00842285 0.00553725
v -0.00156250 0.00657715 0.01180678
v -0.00625000 0.00657715 0.00639663
v -0.00515625 0.00842285 0.00553725
v -0.00625000 0.00657715 0.00639663
v -0.00937500 0.00842285 -0.00006822
v -0.00937500 0.00842285 -0.00006822
v -0.00625000 0.00657715 0.00639663
v -0.01046875 0.00657715 0.00073256
v -0.00937500 0.00842285 -0.00006822
v -0.01046875 0.00657715 0.00073256
v -0.01328125 0.00842285 -0.00590806
v -0.01328125 0.00842285 -0.00590806
v -0.01046875 0.00657715 0.00073256
v -0.01437500 0.00657715 -0.00516588
v -0.01328125 0.00842285 -0.00590806
v -0.01437500 0.00657715 -0.00516588
v -0.01671875 0.00842285 -0.01196275
v -0.01671875 0.00842285 -0.01196275
v -0.01437500 0.00657715 -0.00516588
v -0.01796875 0.00657715 -0.01129869
v -0.01671875 0.00842285 -0.01196275
v -0.01796875 0.00657715 -0.01129869
v -0.02000000 0.00842285 -0.01821275
v -0.02000000 0.00842285 -0.01821275
v -0.01796875 0.00657715 -0.01129869
v -0.02125000 0.00657715 -0.01762681
v -0.02000000 0.00842285 -0.01821275
v -0.02125000 0.00657715 -0.01762681
v -0.02265625 0.00842285 -0.02463853
v -0.02265625 0.00842285 -0.02463853
v -0.02125000 0.00657715 -0.01762681
v -0.02406250 0.00657715 -0.02413072
v -0.02265625 0.00842285 -0.02463853
v -0.02406250 0.00657715 -0.02413072
v -0.02515625 0.00842285 -0.03122056
v -0.02515625 0.00842285 -0.03122056
v -0.02406250 0.00657715 -0.02413072
v -0.02640625 0.00657715 -0.03079088
v -0.02515625 0.00842285 -0.03122056
v -0.02640625 0.00657715 -0.03079088
v -0.02718750 0.00842285 -0.03793931
v -0.02718750 0.00842285 -0.03793931
v -0.02640625 0.00657715 -0.03079088
v -0.02843750 0.00657715 -0.03758775
v -0.02718750 0.00842285 -0.03793931
v -0.02843750 0.00657715 -0.03758775
v -0.02875000 0.00842285 -0.04477525
v 0.05921875 0.00997559 0.04463881
v 0.06593750 0.00997559 0.04608412
v 0.06562500 0.00842285 0.04776381
v 0.06562500 0.00842285 0.04776381
v 0.06593750 0.00997559 0.04608412
v 0.07250000 0.00842285 0.04883803
v 0.05875000 0.00842285 0.04629897
v 0.05250000 0.00997559 0.04278334
v 0.05921875 0.00997559 0.04463881
v 0.05875000 0.00842285 0.04629897
v 0.05250000 0.00997559 0.04278334
v 0.05875000 0.00842285 0.04629897
v 0.05203125 0.00842285 0.04442397
v 0.04593750 0.00997559 0.04053725
v 0.05250000 0.00997559 0.04278334
v 0.05203125 0.00842285 0.04442397
v 0.04593750 0.00997559 0.04053725
v 0.05203125 0.00842285 0.04442397
v 0.04531250 0.00842285 0.04213881
v 0.03953125 0.00997559 0.03792006
v 0.04593750 0.00997559 0.04053725
v 0.04531250 0.00842285 0.04213881
v 0.03953125 0.00997559 0.03792006
v 0.04531250 0.00842285 0.04213881
v 0.03890625 0.00842285 0.03948256
v 0.03328125 0.00997559 0.03491225
v 0.03953125 0.00997559 0.03792006
v 0.03890625 0.00842285 0.03948256
v 0.03328125 0.00997559 0.03491225
v 0.03890625 0.00842285 0.03948256
v 0.03250000 0.00842285 0.03643569
v 0.02734375 0.00997559 0.03155288
v 0.03328125 0.00997559 0.03491225
v 0.03250000 0.00842285 0.03643569
v 0.02734375 0.00997559 0.03155288
v 0.03250000 0.00842285 0.03643569
v 0.02640625 0.00842285 0.03301772
v 0.02140625 0.00997559 0.02784194
v 0.02734375 0.00997559 0.03155288
v 0.02640625 0.00842285 0.03301772
v 0.02140625 0.00997559 0.02784194
v 0.02640625 0.00842285 0.03301772
v 0.02046875 0.00842285 0.02924819
v 0.01593750 0.00997559 0.02377944
v 0.02140625 0.00997559 0.02784194
v 0.02046875 0.00842285 0.02924819
v 0.01593750 0.00997559 0.02377944
v 0.02046875 0.00842285 0.02924819
v 0.01484375 0.00842285 0.02512709
v 0.01046875 0.00997559 0.01940444
v 0.01593750 0.00997559 0.02377944
v 0.01484375 0.00842285 0.02512709
v 0.01046875 0.00997559 0.01940444
v 0.01484375 0.00842285 0.02512709
v 0.00937500 0.00842285 0.02067397
v 0.00546875 0.00997559 0.01469741
v 0.01046875 0.00997559 0.01940444
v 0.00937500 0.00842285 0.02067397
v 0.00546875 0.00997559 0.01469741
v 0.00937500 0.00842285 0.02067397
v 0.00421875 0.00842285 0.01592787
v 0.00062500 0.00997559 0.00971694
v 0.00546875 0.00997559 0.01469741
v 0.00421875 0.00842285 0.01592787
v 0.00062500 0.00997559 0.00971694
v 0.00421875 0.00842285 0.01592787
v -0.00062500 0.00842285 0.01086928
v -0.00375000 0.00997559 0.00446303
v 0.00062500 0.00997559 0.00971694
v -0.00062500 0.00842285 0.01086928
v -0.00375000 0.00997559 0.00446303
v -0.00062500 0.00842285 0.01086928
v -0.00515625 0.00842285 0.00553725
v -0.00796875 0.00997559 -0.00104478
v -0.00375000 0.00997559 0.00446303
v -0.00515625 0.00842285 0.00553725
v -0.00796875 0.00997559 -0.00104478
v -0.00515625 0.00842285 0.00553725
v -0.00937500 0.00842285 -0.00006822
v -0.01171875 0.00997559 -0.00680650
v -0.00796875 0.00997559 -0.00104478
v -0.00937500 0.00842285 -0.00006822
v -0.01171875 0.00997559 -0.00680650
v -0.00937500 0.00842285 -0.00006822
v -0.01328125 0.00842285 -0.00590806
v -0.01531250 0.00997559 -0.01276353
v -0.01171875 0.00997559 -0.00680650
v -0.01328125 0.00842285 -0.00590806
v -0.01531250 0.00997559 -0.01276353
v -0.01328125 0.00842285 -0.00590806
v -0.01671875 0.00842285 -0.01196275
v -0.01843750 0.00997559 -0.01893541
v -0.01531250 0.00997559 -0.01276353
v -0.01671875 0.00842285 -0.01196275
v -0.01843750 0.00997559 -0.01893541
v -0.01671875 0.00842285 -0.01196275
v -0.02000000 0.00842285 -0.01821275
v -0.02109375 0.00997559 -0.02528306
v -0.01843750 0.00997559 -0.01893541
v -0.02000000 0.00842285 -0.01821275
v -0.02109375 0.00997559 -0.02528306
v -0.02000000 0.00842285 -0.01821275
v -0.02265625 0.00842285 -0.02463853
v -0.02343750 0.00997559 -0.03176744
v -0.02109375 0.00997559 -0.02528306
v -0.02265625 0.00842285 -0.02463853
v -0.02343750 0.00997559 -0.03176744
v -0.02265625 0.00842285 -0.02463853
v -0.02515625 0.00842285 -0.03122056
v -0.02546875 0.00997559 -0.03838853
v -0.02343750 0.00997559 -0.03176744
v -0.02515625 0.00842285 -0.03122056
v -0.02546875 0.00997559 -0.03838853
v -0.02515625 0.00842285 -0.03122056
v -0.02718750 0.00842285 -0.03793931
v -0.02703125 0.00997559 -0.04510728
v -0.02546875 0.00997559 -0.03838853
v -0.02718750 0.00842285 -0.03793931
v -0.02703125 0.00997559 -0.04510728
v -0.02718750 0.00842285 -0.03793931
v -0.02875000 0.00842285 -0.04477525
v -0.02828125 0.00997559 -0.05192369
v -0.02703125 0.00997559 -0.04510728
v -0.02875000 0.00842285 -0.04477525
v -0.02203125 0.00277832 0.02836928
v -0.02218750 0.00084473 0.02836928
v -0.00812500 0.00829590 0.02836928
v -0.02203125 -0.00108887 0.02836928
v -0.02140625 -0.00293457 0.02836928
v -0.02031250 -0.00459473 0.02836928
v -0.01906250 -0.00601074 0.02836928
v -0.01734375 -0.00710449 0.02836928
v -0.01562500 -0.00782715 0.02836928
v -0.01359375 -0.00813965 0.02836928
v -0.01171875 -0.00803223 0.02836928
v -0.00984375 -0.00751465 0.02836928
v -0.00812500 -0.00660645 0.02836928
v -0.00671875 0.00703613 0.02836928
v -0.00671875 -0.00534668 0.02836928
v -0.00546875 0.00548340 0.02836928
v -0.00546875 -0.00379395 0.02836928
v -0.00468750 0.00371582 0.02836928
v -0.00468750 -0.00202637 0.02836928
v -0.00421875 0.00182129 0.02836928
v -0.00421875 -0.00012207 0.02836928
v -0.00984375 0.00920410 0.02836928
v -0.01734375 0.00879395 0.02836928
v -0.01906250 0.00770996 0.02836928
v -0.02031250 0.00629395 0.02836928
v -0.01562500 0.00951660 0.02836928
v -0.01171875 0.00973145 0.02836928
v -0.01359375 0.00982910 0.02836928
v -0.02140625 0.00462402 0.02836928
v -0.02203125 -0.00108887 0.06836928
v -0.02203125 -0.00108887 0.02836928
v -0.02218750 0.00084473 0.06836928
v -0.02218750 0.00084473 0.02836928
v -0.02218750 0.00084473 0.06836928
v -0.02218750 0.00084473 0.02836928
v -0.02203125 0.00277832 0.06836928
v -0.02203125 0.00277832 0.02836928
v -0.02203125 0.00277832 0.06836928
v -0.02203125 0.00277832 0.02836928
v -0.02140625 0.00462402 0.06836928
v -0.02140625 0.00462402 0.02836928
v -0.02140625 0.00462402 0.06836928
v -0.02140625 0.00462402 0.02836928
v -0.02031250 0.00629395 0.06836928
v -0.02031250 0.00629395 0.02836928
v -0.02031250 0.00629395 0.06836928
v -0.02031250 0.00629395 0.02836928
v -0.01906250 0.00770996 0.06836928
v -0.01906250 0.00770996 0.02836928
v -0.01906250 0.00770996 0.06836928
v -0.01906250 0.00770996 0.02836928
v -0.01734375 0.00879395 0.06836928
v -0.01734375 0.00879395 0.02836928
v -0.01734375 0.00879395 0.06836928
v -0.01734375 0.00879395 0.02836928
v -0.01562500 0.00951660 0.06836928
v -0.01562500 0.00951660 0.02836928
v -0.01562500 0.00951660 0.06836928
v -0.01562500 0.00951660 0.02836928
v -0.01359375 0.00982910 0.06836928
v -0.01359375 0.00982910 0.02836928
v -0.01359375 0.00982910 0.06836928
v -0.01359375 0.00982910 0.02836928
v -0.01171875 0.00973145 0.06836928
v -0.01171875 0.00973145 0.02836928
v -0.01171875 0.00973145 0.06836928
v -0.01171875 0.00973145 0.02836928
v -0.00984375 0.00920410 0.06836928
v -0.00984375 0.00920410 0.02836928
v -0.00984375 0.00920410 0.06836928
v -0.00984375 0.00920410 0.02836928
v -0.00812500 0.00829590 0.06836928
v -0.00812500 0.00829590 0.02836928
v -0.00812500 0.00829590 0.06836928
v -0.00812500 0.00829590 0.02836928
v -0.00671875 0.00703613 0.06836928
v -0.00671875 0.00703613 0.02836928
v -0.00671875 0.00703613 0.06836928
v -0.00671875 0.00703613 0.02836928
v -0.00546875 0.00548340 0.06836928
v -0.00546875 0.00548340 0.02836928
v -0.00546875 0.00548340 0.06836928
v -0.00546875 0.00548340 0.02836928
v -0.00468750 0.00371582 0.06836928
v -0.00468750 0.00371582 0.02836928
v -0.00468750 0.00371582 0.06836928
v -0.00468750 0.00371582 0.02836928
v -0.00421875 0.00182129 0.06836928
v -0.00421875 0.00182129 0.02836928
v -0.00421875 0.00182129 0.06836928
v -0.00421875 0.00182129 0.02836928
v -0.00421875 -0.00012207 0.06836928
v -0.00421875 -0.00012207 0.02836928
v -0.00421875 -0.00012207 0.06836928
v -0.00421875 -0.00012207 0.02836928
v -0.00468750 -0.00202637 0.06836928
v -0.00468750 -0.00202637 0.02836928
v -0.00468750 -0.00202637 0.06836928
v -0.00468750 -0.00202637 0.02836928
v -0.00546875 -0.00379395 0.06836928
v -0.00546875 -0.00379395 0.02836928
v -0.00546875 -0.00379395 0.06836928
v -0.00546875 -0.00379395 0.02836928
v -0.00671875 -0.00534668 0.06836928
v -0.00671875 -0.00534668 0.02836928
v -0.00671875 -0.00534668 0.06836928
v -0.00671875 -0.00534668 0.02836928
v -0.00812500 -0.00660645 0.06836928
v -0.00812500 -0.00660645 0.02836928
v -0.00812500 -0.00660645 0.06836928
v -0.00812500 -0.00660645 0.02836928
v -0.00984375 -0.00751465 0.06836928
v -0.00984375 -0.00751465 0.02836928
v -0.00984375 -0.00751465 0.06836928
v -0.00984375 -0.00751465 0.02836928
v -0.01171875 -0.00803223 0.06836928
v -0.01171875 -0.00803223 0.02836928
v -0.01171875 -0.00803223 0.06836928
v -0.01171875 -0.00803223 0.02836928
v -0.01359375 -0.00813965 0.06836928
v -0.01359375 -0.00813965 0.02836928
v -0.01359375 -0.00813965 0.06836928
v -0.01359375 -0.00813965 0.02836928
v -0.01562500 -0.00782715 0.06836928
v -0.01562500 -0.00782715 0.02836928
v -0.01562500 -0.00782715 0.06836928
v -0.01562500 -0.00782715 0.02836928
v -0.01734375 -0.00710449 0.06836928
v -0.01734375 -0.00710449 0.02836928
v -0.01734375 -0.00710449 0.06836928
v -0.01734375 -0.00710449 0.02836928
v -0.01906250 -0.00601074 0.06836928
v -0.01906250 -0.00601074 0.02836928
v -0.01906250 -0.00601074 0.06836928
v -0.01906250 -0.00601074 0.02836928
v -0.02031250 -0.00459473 0.06836928
v -0.02031250 -0.00459473 0.02836928
v -0.02031250 -0.00459473 0.06836928
v -0.02031250 -0.00459473 0.02836928
v -0.02140625 -0.00293457 0.06836928
v -0.02140625 -0.00293457 0.02836928
v -0.02140625 -0.00293457 0.06836928
v -0.02140625 -0.00293457 0.02836928
v -0.02203125 -0.00108887 0.06836928
v -0.02203125 -0.00108887 0.02836928
v -0.03187500 -0.02880371 -0.05836900
v -0.03640625 -0.02880371 -0.05563462
v -0.04937500 -0.02880371 -0.05836900
v -0.04062500 -0.02880371 -0.05254869
v -0.04468750 -0.02880371 -0.04915025
v -0.04843750 -0.02880371 -0.04543931
v -0.05343750 -0.02880371 -0.05459947
v -0.05171875 -0.02880371 -0.04145494
v -0.05718750 -0.02880371 -0.05053697
v -0.05484375 -0.02880371 -0.03719712
v -0.06078125 -0.02880371 -0.04620103
v -0.05765625 -0.02880371 -0.03272447
v -0.06390625 -0.02880371 -0.04163072
v -0.06000000 -0.02880371 -0.02803697
v -0.06671875 -0.02880371 -0.03682603
v -0.06203125 -0.02880371 -0.02317369
v -0.06921875 -0.02880371 -0.03184556
v -0.06375000 -0.02880371 -0.01817369
v -0.07140625 -0.02880371 -0.02668931
v -0.06484375 -0.02880371 -0.01305650
v -0.07312500 -0.02880371 -0.02139634
v -0.07453125 -0.02880371 -0.01598619
v -0.06578125 -0.02880371 -0.00788072
v -0.07546875 -0.02880371 -0.01047838
v -0.06609375 -0.02880371 -0.00262681
v -0.07609375 -0.02880371 -0.00493150
v -0.07625000 -0.02880371 0.00063491
v -0.06609375 -0.02880371 0.00262709
v -0.07593750 -0.02880371 0.00620131
v -0.07531250 -0.02880371 0.01174819
v -0.06578125 -0.02880371 0.00788100
v -0.07421875 -0.02880371 0.01723647
v -0.06484375 -0.02880371 0.01307631
v -0.07281250 -0.02880371 0.02260756
v -0.06375000 -0.02880371 0.01817397
v -0.07093750 -0.02880371 0.02788100
v -0.06875000 -0.02880371 0.03299819
v -0.06203125 -0.02880371 0.02317397
v -0.06609375 -0.02880371 0.03793959
v -0.06000000 -0.02880371 0.02803725
v -0.06328125 -0.02880371 0.04268569
v -0.05765625 -0.02880371 0.03272475
v -0.06000000 -0.02880371 0.04721694
v -0.05484375 -0.02880371 0.03719741
v -0.05640625 -0.02880371 0.05149428
v -0.05171875 -0.02880371 0.04145522
v -0.05250000 -0.02880371 0.05549819
v -0.04843750 -0.02880371 0.04543959
v -0.04828125 -0.02880371 0.05918959
v -0.04468750 -0.02880371 0.04915053
v -0.04390625 -0.02880371 0.06258803
v -0.04062500 -0.02880371 0.05256850
v -0.03921875 -0.02880371 0.06565444
v -0.03640625 -0.02880371 0.05563491
v -0.03437500 -0.02880371 0.06836928
v -0.03187500 -0.02880371 0.05836928
v -0.01328125 -0.02880371 0.06836928
v -0.01328125 -0.02880371 0.05836928
v 0.00312500 0.05319824 -0.05836900
v -0.00515625 0.05096191 -0.05836900
v -0.03187500 0.05319824 -0.05836900
v -0.00687500 0.05040527 -0.05836900
v -0.00859375 0.04951660 -0.05836900
v 0.00312500 0.04828613 -0.05836900
v 0.00187500 0.04948730 -0.05836900
v 0.00015625 0.05039551 -0.05836900
v -0.00156250 0.05095215 -0.05836900
v -0.00343750 0.05113769 -0.05836900
v -0.01000000 0.04831543 -0.05836900
v -0.03187500 0.04520019 -0.05836900
v -0.01109375 0.04685058 -0.05836900
v -0.01187500 0.04520019 -0.05836900
v 0.00312500 0.05319824 -0.05836900
v -0.03187500 0.05319824 -0.05836900
v 0.00312500 0.05319824 -0.06032212
v -0.04687500 0.05319824 -0.06032212
v -0.03640625 0.05319824 -0.05563462
v -0.04062500 0.05319824 -0.05254869
v -0.04468750 0.05319824 -0.04915025
v -0.05109375 0.05319824 -0.05672837
v -0.04843750 0.05319824 -0.04543931
v -0.05515625 0.05319824 -0.05284165
v -0.05171875 0.05319824 -0.04145494
v -0.05875000 0.05319824 -0.04868150
v -0.05484375 0.05319824 -0.03719712
v -0.06218750 0.05319824 -0.04426744
v -0.05765625 0.05319824 -0.03272447
v -0.06515625 0.05319824 -0.03961900
v -0.06000000 0.05319824 -0.02803697
v -0.06781250 0.05319824 -0.03477525
v -0.06203125 0.05319824 -0.02317369
v -0.07015625 0.05319824 -0.02973619
v -0.06375000 0.05319824 -0.01817369
v -0.07218750 0.05319824 -0.02454088
v -0.07375000 0.05319824 -0.01922838
v -0.06484375 0.05319824 -0.01305650
v -0.07500000 0.05319824 -0.01379869
v -0.06578125 0.05319824 -0.00788072
v -0.07578125 0.05319824 -0.00831041
v -0.06609375 0.05319824 -0.00262681
v -0.07609375 0.05319824 -0.00278306
v -0.07609375 0.05319824 0.00278334
v -0.06609375 0.05319824 0.00262709
v -0.07578125 0.05319824 0.00831069
v -0.06578125 0.05319824 0.00788100
v -0.07500000 0.05319824 0.01379897
v -0.06484375 0.05319824 0.01307631
v -0.07375000 0.05319824 0.01922866
v -0.06375000 0.05319824 0.01817397
v -0.07218750 0.05319824 0.02454116
v -0.07015625 0.05319824 0.02973647
v -0.06203125 0.05319824 0.02317397
v -0.06781250 0.05319824 0.03477553
v -0.06000000 0.05319824 0.02803725
v -0.06515625 0.05319824 0.03961928
v -0.05765625 0.05319824 0.03272475
v -0.06218750 0.05319824 0.04426772
v -0.05484375 0.05319824 0.03719741
v -0.05875000 0.05319824 0.04868178
v -0.05171875 0.05319824 0.04145522
v -0.05515625 0.05319824 0.05286147
v -0.04843750 0.05319824 0.04543959
v -0.05109375 0.05319824 0.05674819
v -0.04468750 0.05319824 0.04915053
v -0.04687500 0.05319824 0.06032241
v -0.04062500 0.05319824 0.05256850
v -0.03640625 0.05319824 0.05563491
v -0.03187500 0.05319824 0.05836928
v -0.01359375 0.05319824 0.06032241
v -0.01359375 0.05319824 0.05836928
v -0.03187500 0.02920410 -0.05836900
v -0.04937500 0.02920410 -0.05836900
v -0.03640625 0.02920410 -0.05563462
v -0.04062500 0.02920410 -0.05254869
v -0.04468750 0.02920410 -0.04915025
v -0.04843750 0.02920410 -0.04543931
v -0.05343750 0.02920410 -0.05459947
v -0.05171875 0.02920410 -0.04145494
v -0.05718750 0.02920410 -0.05053697
v -0.05484375 0.02920410 -0.03719712
v -0.06078125 0.02920410 -0.04622056
v -0.05765625 0.02920410 -0.03272447
v -0.06390625 0.02920410 -0.04165025
v -0.06000000 0.02920410 -0.02803697
v -0.06671875 0.02920410 -0.03686509
v -0.06203125 0.02920410 -0.02317369
v -0.06921875 0.02920410 -0.03188463
v -0.06375000 0.02920410 -0.01817369
v -0.07140625 0.02920410 -0.02674791
v -0.07312500 0.02920410 -0.02145494
v -0.06484375 0.02920410 -0.01305650
v -0.07453125 0.02920410 -0.01606431
v -0.06578125 0.02920410 -0.00788072
v -0.07546875 0.02920410 -0.01057603
v -0.06609375 0.02920410 -0.00262681
v -0.07609375 0.02920410 -0.00502916
v -0.07625000 0.02920410 0.00053725
v -0.06609375 0.02920410 0.00262709
v -0.07593750 0.02920410 0.00610366
v -0.06578125 0.02920410 0.00788100
v -0.07531250 0.02920410 0.01163100
v -0.07421875 0.02920410 0.01709975
v -0.06484375 0.02920410 0.01307631
v -0.07281250 0.02920410 0.02249038
v -0.06375000 0.02920410 0.01817397
v -0.07093750 0.02920410 0.02774428
v -0.06875000 0.02920410 0.03286147
v -0.06203125 0.02920410 0.02317397
v -0.06625000 0.02920410 0.03780287
v -0.06000000 0.02920410 0.02803725
v -0.06328125 0.02920410 0.04254897
v -0.05765625 0.02920410 0.03272475
v -0.06015625 0.02920410 0.04708022
v -0.05484375 0.02920410 0.03719741
v -0.05656250 0.02920410 0.05135756
v -0.05171875 0.02920410 0.04145522
v -0.05265625 0.02920410 0.05536147
v -0.04843750 0.02920410 0.04543959
v -0.04843750 0.02920410 0.05907241
v -0.04468750 0.02920410 0.04915053
v -0.04406250 0.02920410 0.06247084
v -0.04062500 0.02920410 0.05256850
v -0.03937500 0.02920410 0.06553725
v -0.03640625 0.02920410 0.05563491
v -0.03453125 0.02920410 0.06827162
v -0.03187500 0.02920410 0.05836928
v -0.01093750 0.02920410 0.06827162
v -0.01093750 0.02920410 0.05836928
v -0.03921875 0.04520019 -0.06563463
v -0.03640625 0.04520019 -0.05563462
v -0.03437500 0.04520019 -0.06836901
v -0.03187500 0.04520019 -0.05836900
v -0.01187500 0.04520019 -0.06836901
v -0.01187500 0.04520019 -0.05836900
v -0.04062500 0.04520019 -0.05254869
v -0.04390625 0.04520019 -0.06254869
v -0.04468750 0.04520019 -0.04915025
v -0.04843750 0.04520019 -0.05911119
v -0.04843750 0.04520019 -0.04543931
v -0.05265625 0.04520019 -0.05536119
v -0.05171875 0.04520019 -0.04145494
v -0.05656250 0.04520019 -0.05133775
v -0.05484375 0.04520019 -0.03719712
v -0.06015625 0.04520019 -0.04702134
v -0.05765625 0.04520019 -0.03272447
v -0.06343750 0.04520019 -0.04245103
v -0.06000000 0.04520019 -0.02803697
v -0.06640625 0.04520019 -0.03764634
v -0.06203125 0.04520019 -0.02317369
v -0.06890625 0.04520019 -0.03264634
v -0.06375000 0.04520019 -0.01817369
v -0.07109375 0.04520019 -0.02749009
v -0.06484375 0.04520019 -0.01305650
v -0.07296875 0.04520019 -0.02215806
v -0.07437500 0.04520019 -0.01672838
v -0.06578125 0.04520019 -0.00788072
v -0.07531250 0.04520019 -0.01120103
v -0.06609375 0.04520019 -0.00262681
v -0.07593750 0.04520019 -0.00561509
v -0.07625000 0.04520019 0.00000991
v -0.06609375 0.04520019 0.00262709
v -0.07593750 0.04520019 0.00561538
v -0.07531250 0.04520019 0.01120131
v -0.06578125 0.04520019 0.00788100
v -0.07437500 0.04520019 0.01672866
v -0.06484375 0.04520019 0.01307631
v -0.07296875 0.04520019 0.02215834
v -0.07109375 0.04520019 0.02749038
v -0.06375000 0.04520019 0.01817397
v -0.06890625 0.04520019 0.03266616
v -0.06203125 0.04520019 0.02317397
v -0.06640625 0.04520019 0.03764662
v -0.06000000 0.04520019 0.02803725
v -0.06343750 0.04520019 0.04245131
v -0.05765625 0.04520019 0.03272475
v -0.06015625 0.04520019 0.04702162
v -0.05484375 0.04520019 0.03719741
v -0.05656250 0.04520019 0.05133803
v -0.05171875 0.04520019 0.04145522
v -0.05265625 0.04520019 0.05536147
v -0.04843750 0.04520019 0.04543959
v -0.04843750 0.04520019 0.05911147
v -0.04468750 0.04520019 0.04915053
v -0.04390625 0.04520019 0.06254897
v -0.04062500 0.04520019 0.05256850
v -0.03921875 0.04520019 0.06563491
v -0.03640625 0.04520019 0.05563491
v -0.03437500 0.04520019 0.06836928
v -0.03187500 0.04520019 0.05836928
v -0.01812500 0.04520019 0.06836928
v -0.01812500 0.04520019 0.05836928
v -0.00140625 0.03335449 0.05336928
v -0.00140625 0.03335449 0.01278334
v -0.00343750 0.03313965 0.05336928
v -0.00343750 0.03313965 0.01278334
v -0.00343750 0.03313965 0.05336928
v -0.00343750 0.03313965 0.01278334
v -0.00531250 0.03335449 0.05336928
v -0.00531250 0.03335449 0.01278334
v -0.00531250 0.03335449 0.05336928
v -0.00531250 0.03335449 0.01278334
v -0.00718750 0.03396973 0.05336928
v -0.00718750 0.03396973 0.01278334
v -0.00718750 0.03396973 0.05336928
v -0.00718750 0.03396973 0.01278334
v -0.00890625 0.03497558 0.05336928
v -0.00890625 0.03497558 0.01278334
v -0.00890625 0.03497558 0.05336928
v -0.00890625 0.03497558 0.01278334
v -0.01031250 0.03631348 0.05336928
v -0.01031250 0.03631348 0.01278334
v -0.01031250 0.03631348 0.05336928
v -0.01031250 0.03631348 0.01278334
v -0.01140625 0.03792480 0.05336928
v -0.01140625 0.03792480 0.01278334
v -0.01140625 0.03792480 0.05336928
v -0.01140625 0.03792480 0.01278334
v -0.01203125 0.03973144 0.05336928
v -0.01203125 0.03973144 0.01278334
v -0.01203125 0.03973144 0.05336928
v -0.01203125 0.03973144 0.01278334
v -0.01234375 0.04165527 0.05336928
v -0.01234375 0.04165527 0.01278334
v -0.01234375 0.04165527 0.05336928
v -0.01234375 0.04165527 0.01278334
v -0.01234375 0.04358887 0.01278334
v -0.01234375 0.04358887 -0.02778306
v -0.01234375 0.04358887 0.01278334
v -0.01234375 0.04358887 -0.02778306
v -0.01171875 0.04547363 -0.02778306
v -0.01187500 0.04520019 -0.05836900
v -0.01171875 0.04547363 -0.02778306
v -0.01187500 0.04520019 -0.05836900
v -0.01109375 0.04685058 -0.05836900
v -0.00140625 0.03335449 0.01278334
v -0.00140625 0.03335449 0.05336928
v 0.00031250 0.03396973 0.01278334
v 0.00031250 0.03396973 0.05336928
v 0.00031250 0.03396973 0.01278334
v 0.00031250 0.03396973 0.05336928
v 0.00203125 0.03497558 0.01278334
v 0.00203125 0.03497558 0.05336928
v 0.00203125 0.03497558 0.01278334
v 0.00203125 0.03497558 0.05336928
v 0.00343750 0.03631348 0.01278334
v 0.00343750 0.03631348 0.05336928
v 0.00343750 0.03631348 0.01278334
v 0.00343750 0.03631348 0.05336928
v 0.00453125 0.03792480 0.01278334
v 0.00453125 0.03792480 0.05336928
v 0.00453125 0.03792480 0.01278334
v 0.00453125 0.03792480 0.05336928
v 0.00531250 0.03973144 0.01278334
v 0.00531250 0.03973144 0.05336928
v 0.00531250 0.03973144 0.01278334
v 0.00531250 0.03973144 0.05336928
v 0.00562500 0.04165527 0.01278334
v 0.00562500 0.04165527 0.05336928
v 0.00562500 0.04165527 0.01278334
v 0.00562500 0.04165527 0.05336928
v 0.00546875 0.04359863 0.01278334
v 0.00546875 0.04359863 0.05336928
v 0.00546875 0.04359863 0.01278334
v 0.00546875 0.04359863 0.05336928
v 0.00500000 0.04547363 0.01278334
v 0.00500000 0.04547363 0.05336928
v 0.00500000 0.04547363 0.01278334
v 0.00500000 0.04547363 0.05336928
v 0.00406250 0.04719238 0.01278334
v 0.00406250 0.04719238 0.05336928
v 0.00406250 0.04719238 0.01278334
v 0.00406250 0.04719238 0.05336928
v 0.00281250 0.04867676 0.01278334
v 0.00281250 0.04867676 0.05336928
v 0.00281250 0.04867676 0.01278334
v 0.00281250 0.04867676 0.05336928
v 0.00125000 0.04984863 0.01278334
v 0.00125000 0.04984863 0.05336928
v 0.00125000 0.04984863 0.01278334
v 0.00125000 0.04984863 0.05336928
v -0.00046875 0.05066894 0.01278334
v -0.00046875 0.05066894 0.05336928
v -0.00046875 0.05066894 0.01278334
v -0.00046875 0.05066894 0.05336928
v -0.00234375 0.05108887 0.01278334
v -0.00234375 0.05108887 0.05336928
v -0.00234375 0.05108887 0.01278334
v -0.00234375 0.05108887 0.05336928
v -0.00437500 0.05108887 0.01278334
v -0.00437500 0.05108887 0.05336928
v -0.00437500 0.05108887 0.01278334
v -0.00437500 0.05108887 0.05336928
v -0.00625000 0.05066894 0.01278334
v -0.00625000 0.05066894 0.05336928
v -0.00625000 0.05066894 0.01278334
v -0.00625000 0.05066894 0.05336928
v -0.00796875 0.04984863 0.01278334
v -0.00796875 0.04984863 0.05336928
v -0.00796875 0.04984863 0.01278334
v -0.00796875 0.04984863 0.05336928
v -0.00953125 0.04867676 0.01278334
v -0.00953125 0.04867676 0.05336928
v -0.00953125 0.04867676 0.01278334
v -0.00953125 0.04867676 0.05336928
v -0.01078125 0.04719238 0.01278334
v -0.01078125 0.04719238 0.05336928
v -0.01078125 0.04719238 0.01278334
v -0.01078125 0.04719238 0.05336928
v -0.01171875 0.04547363 0.01278334
v -0.01171875 0.04547363 0.05336928
v -0.01171875 0.04547363 0.01278334
v -0.01171875 0.04547363 0.05336928
v -0.01234375 0.04359863 0.05336928
v -0.01171875 0.04547363 0.01278334
v -0.01234375 0.04359863 0.05336928
v -0.01234375 0.04359863 0.05336928
v 0.00187500 0.03480957 -0.05836900
v 0.00203125 0.03497558 -0.02778306
v 0.00312500 0.03600098 -0.05836900
v 0.00343750 0.03631348 -0.02778306
v 0.00312500 0.03600098 -0.05836900
v 0.00343750 0.03631348 -0.02778306
v 0.00312500 0.03600098 -0.06737291
v 0.00312500 0.03600098 -0.06737291
v 0.00343750 0.03631348 -0.02778306
v 0.00406250 0.03715332 -0.06711901
v 0.00406250 0.03715332 -0.06711901
v 0.00343750 0.03631348 -0.02778306
v 0.00453125 0.03792480 -0.02778306
v 0.00406250 0.03715332 -0.06711901
v 0.00453125 0.03792480 -0.02778306
v 0.00500000 0.03871582 -0.06672838
v 0.00500000 0.03871582 -0.06672838
v 0.00453125 0.03792480 -0.02778306
v 0.00531250 0.03973144 -0.02778306
v 0.00500000 0.03871582 -0.06672838
v 0.00531250 0.03973144 -0.02778306
v 0.00546875 0.04047363 -0.06624010
v 0.00546875 0.04047363 -0.06624010
v 0.00531250 0.03973144 -0.02778306
v 0.00562500 0.04165527 -0.02778306
v 0.00546875 0.04047363 -0.06624010
v 0.00562500 0.04165527 -0.02778306
v 0.00562500 0.04220215 -0.06567369
v 0.00562500 0.04220215 -0.06567369
v 0.00562500 0.04165527 -0.02778306
v 0.00546875 0.04359863 -0.02778306
v 0.00562500 0.04220215 -0.06567369
v 0.00546875 0.04359863 -0.02778306
v 0.00546875 0.04392090 -0.06504869
v 0.00546875 0.04392090 -0.06504869
v 0.00546875 0.04359863 -0.02778306
v 0.00500000 0.04547363 -0.02778306
v 0.00546875 0.04392090 -0.06504869
v 0.00500000 0.04547363 -0.02778306
v 0.00484375 0.04565918 -0.06434558
v 0.00484375 0.04565918 -0.06434558
v 0.00500000 0.04547363 -0.02778306
v 0.00406250 0.04719238 -0.02778306
v 0.00484375 0.04565918 -0.06434558
v 0.00406250 0.04719238 -0.02778306
v 0.00406250 0.04726074 -0.06362290
v 0.00406250 0.04726074 -0.06362290
v 0.00406250 0.04719238 -0.02778306
v 0.00312500 0.04828613 -0.05836900
v 0.00312500 0.04828613 -0.06313462
v 0.00203125 0.03497558 -0.02778306
v 0.00187500 0.03480957 -0.05836900
v 0.00031250 0.03396973 -0.02778306
v 0.00031250 0.03396973 -0.02778306
v 0.00187500 0.03480957 -0.05836900
v 0.00031250 0.03391113 -0.05836900
v 0.00031250 0.03396973 -0.02778306
v 0.00031250 0.03391113 -0.05836900
v -0.00140625 0.03335449 -0.02778306
v -0.00140625 0.03335449 -0.02778306
v 0.00031250 0.03391113 -0.05836900
v -0.00140625 0.03335449 -0.05836900
v -0.00140625 0.03335449 -0.02778306
v -0.00140625 0.03335449 -0.05836900
v -0.00328125 0.03313965 -0.05836900
v -0.00343750 0.03313965 -0.02778306
v -0.00343750 0.03313965 -0.02778306
v -0.00328125 0.03313965 -0.05836900
v -0.00500000 0.03329590 -0.05836900
v -0.00343750 0.03313965 -0.02778306
v -0.00500000 0.03329590 -0.05836900
v -0.00531250 0.03335449 -0.02778306
v -0.00531250 0.03335449 -0.02778306
v -0.00500000 0.03329590 -0.05836900
v -0.00671875 0.03380371 -0.05836900
v -0.00531250 0.03335449 -0.02778306
v -0.00671875 0.03380371 -0.05836900
v -0.00718750 0.03396973 -0.02778306
v -0.00718750 0.03396973 -0.02778306
v -0.00671875 0.03380371 -0.05836900
v -0.00843750 0.03465332 -0.05836900
v -0.00718750 0.03396973 -0.02778306
v -0.00843750 0.03465332 -0.05836900
v -0.00890625 0.03497558 -0.02778306
v -0.00890625 0.03497558 -0.02778306
v -0.00843750 0.03465332 -0.05836900
v -0.00984375 0.03579590 -0.05836900
v -0.00890625 0.03497558 -0.02778306
v -0.00984375 0.03579590 -0.05836900
v -0.01031250 0.03631348 -0.02778306
v -0.01031250 0.03631348 -0.02778306
v -0.00984375 0.03579590 -0.05836900
v -0.01093750 0.03720215 -0.05836900
v -0.01031250 0.03631348 -0.02778306
v -0.01093750 0.03720215 -0.05836900
v -0.01140625 0.03792480 -0.02778306
v -0.01140625 0.03792480 -0.02778306
v -0.01093750 0.03720215 -0.05836900
v -0.01093750 0.03720215 -0.06836901
v -0.01140625 0.03792480 -0.02778306
v -0.01093750 0.03720215 -0.06836901
v -0.01171875 0.03867676 -0.06836901
v -0.01140625 0.03792480 -0.02778306
v -0.01171875 0.03867676 -0.06836901
v -0.01203125 0.03973144 -0.02778306
v -0.01203125 0.03973144 -0.02778306
v -0.01171875 0.03867676 -0.06836901
v -0.01218750 0.04026855 -0.06836901
v -0.01203125 0.03973144 -0.02778306
v -0.01218750 0.04026855 -0.06836901
v -0.01234375 0.04165527 -0.02778306
v -0.01234375 0.04165527 -0.02778306
v -0.01218750 0.04026855 -0.06836901
v -0.01234375 0.04191894 -0.06836901
v -0.01234375 0.04165527 -0.02778306
v -0.01234375 0.04191894 -0.06836901
v -0.01234375 0.04358887 -0.06836901
v -0.01234375 0.04358887 -0.02778306
v -0.01234375 0.04358887 -0.06836901
v -0.01187500 0.04520019 -0.06836901
v -0.01187500 0.04520019 -0.05836900
v -0.01171875 0.04547363 -0.02778306
v -0.01109375 0.04685058 -0.05836900
v -0.01078125 0.04719238 -0.02778306
v -0.01078125 0.04719238 -0.02778306
v -0.01109375 0.04685058 -0.05836900
v -0.01000000 0.04831543 -0.05836900
v -0.01078125 0.04719238 -0.02778306
v -0.01000000 0.04831543 -0.05836900
v -0.00953125 0.04867676 -0.02778306
v -0.00953125 0.04867676 -0.02778306
v -0.01000000 0.04831543 -0.05836900
v -0.00859375 0.04951660 -0.05836900
v -0.00953125 0.04867676 -0.02778306
v -0.00859375 0.04951660 -0.05836900
v -0.00796875 0.04984863 -0.02778306
v -0.00796875 0.04984863 -0.02778306
v -0.00859375 0.04951660 -0.05836900
v -0.00687500 0.05040527 -0.05836900
v -0.00796875 0.04984863 -0.02778306
v -0.00687500 0.05040527 -0.05836900
v -0.00625000 0.05066894 -0.02778306
v -0.00625000 0.05066894 -0.02778306
v -0.00687500 0.05040527 -0.05836900
v -0.00515625 0.05096191 -0.05836900
v -0.00625000 0.05066894 -0.02778306
v -0.00515625 0.05096191 -0.05836900
v -0.00437500 0.05108887 -0.02778306
v -0.00437500 0.05108887 -0.02778306
v -0.00515625 0.05096191 -0.05836900
v -0.00343750 0.05113769 -0.05836900
v -0.00437500 0.05108887 -0.02778306
v -0.00343750 0.05113769 -0.05836900
v -0.00234375 0.05108887 -0.02778306
v -0.00234375 0.05108887 -0.02778306
v -0.00343750 0.05113769 -0.05836900
v -0.00156250 0.05095215 -0.05836900
v -0.00234375 0.05108887 -0.02778306
v -0.00156250 0.05095215 -0.05836900
v -0.00046875 0.05066894 -0.02778306
v -0.00046875 0.05066894 -0.02778306
v -0.00156250 0.05095215 -0.05836900
v 0.00015625 0.05039551 -0.05836900
v -0.00046875 0.05066894 -0.02778306
v 0.00015625 0.05039551 -0.05836900
v 0.00125000 0.04984863 -0.02778306
v 0.00125000 0.04984863 -0.02778306
v 0.00015625 0.05039551 -0.05836900
v 0.00187500 0.04948730 -0.05836900
v 0.00125000 0.04984863 -0.02778306
v 0.00187500 0.04948730 -0.05836900
v 0.00281250 0.04867676 -0.02778306
v 0.00281250 0.04867676 -0.02778306
v 0.00187500 0.04948730 -0.05836900
v 0.00312500 0.04828613 -0.05836900
v 0.00281250 0.04867676 -0.02778306
v 0.00312500 0.04828613 -0.05836900
v 0.00406250 0.04719238 -0.02778306
v -0.05093750 -0.05279785 -0.05700181
v -0.04468750 -0.05279785 -0.04915025
v -0.04656250 -0.05279785 -0.06059556
v -0.04062500 -0.05279785 -0.05254869
v -0.03640625 -0.05279785 -0.05563462
v -0.04843750 -0.05279785 -0.04543931
v -0.05484375 -0.05279785 -0.05311509
v -0.05171875 -0.05279785 -0.04145494
v -0.05859375 -0.05279785 -0.04893540
v -0.05484375 -0.05279785 -0.03719712
v -0.06203125 -0.05279785 -0.04450181
v -0.05765625 -0.05279785 -0.03272447
v -0.06500000 -0.05279785 -0.03983384
v -0.06000000 -0.05279785 -0.02803697
v -0.06781250 -0.05279785 -0.03497056
v -0.06203125 -0.05279785 -0.02317369
v -0.07015625 -0.05279785 -0.02991197
v -0.06375000 -0.05279785 -0.01817369
v -0.07218750 -0.05279785 -0.02467759
v -0.07375000 -0.05279785 -0.01934556
v -0.06484375 -0.05279785 -0.01305650
v -0.07500000 -0.05279785 -0.01387681
v -0.06578125 -0.05279785 -0.00788072
v -0.07578125 -0.05279785 -0.00836900
v -0.06609375 -0.05279785 -0.00262681
v -0.07609375 -0.05279785 -0.00278306
v -0.07609375 -0.05279785 0.00278334
v -0.06609375 -0.05279785 0.00262709
v -0.07578125 -0.05279785 0.00836928
v -0.06578125 -0.05279785 0.00788100
v -0.07500000 -0.05279785 0.01387709
v -0.06484375 -0.05279785 0.01307631
v -0.07375000 -0.05279785 0.01934584
v -0.06375000 -0.05279785 0.01817397
v -0.07218750 -0.05279785 0.02467788
v -0.07015625 -0.05279785 0.02991225
v -0.06203125 -0.05279785 0.02317397
v -0.06781250 -0.05279785 0.03497084
v -0.06000000 -0.05279785 0.02803725
v -0.06500000 -0.05279785 0.03983412
v -0.05765625 -0.05279785 0.03272475
v -0.06203125 -0.05279785 0.04450209
v -0.05484375 -0.05279785 0.03719741
v -0.05859375 -0.05279785 0.04893569
v -0.05171875 -0.05279785 0.04145522
v -0.05484375 -0.05279785 0.05311537
v -0.04843750 -0.05279785 0.04543959
v -0.05093750 -0.05279785 0.05700209
v -0.04468750 -0.05279785 0.04915053
v -0.04656250 -0.05279785 0.06059584
v -0.04062500 -0.05279785 0.05256850
v -0.03640625 -0.05279785 0.05563491
v -0.03187500 -0.05279785 0.05836928
v -0.01171875 -0.05279785 0.06059584
v -0.01171875 -0.05279785 0.05836928
v -0.03187500 -0.05279785 -0.05836900
v 0.00312500 -0.05279785 -0.06059556
v 0.00312500 -0.05279785 -0.05836900
v -0.01125000 -0.04479980 -0.05836900
v -0.03187500 -0.04479980 -0.05836900
v -0.01125000 -0.04479980 -0.06836901
v -0.03437500 -0.04479980 -0.06836901
v -0.03640625 -0.04479980 -0.05563462
v -0.03921875 -0.04479980 -0.06563463
v -0.04062500 -0.04479980 -0.05254869
v -0.04390625 -0.04479980 -0.06254869
v -0.04468750 -0.04479980 -0.04915025
v -0.04843750 -0.04479980 -0.05911119
v -0.04843750 -0.04479980 -0.04543931
v -0.05265625 -0.04479980 -0.05536119
v -0.05171875 -0.04479980 -0.04145494
v -0.05656250 -0.04479980 -0.05133775
v -0.05484375 -0.04479980 -0.03719712
v -0.06015625 -0.04479980 -0.04702134
v -0.05765625 -0.04479980 -0.03272447
v -0.06343750 -0.04479980 -0.04245103
v -0.06000000 -0.04479980 -0.02803697
v -0.06640625 -0.04479980 -0.03764634
v -0.06203125 -0.04479980 -0.02317369
v -0.06890625 -0.04479980 -0.03264634
v -0.06375000 -0.04479980 -0.01817369
v -0.07109375 -0.04479980 -0.02749009
v -0.06484375 -0.04479980 -0.01305650
v -0.07296875 -0.04479980 -0.02215806
v -0.07437500 -0.04479980 -0.01672838
v -0.06578125 -0.04479980 -0.00788072
v -0.07531250 -0.04479980 -0.01120103
v -0.06609375 -0.04479980 -0.00262681
v -0.07593750 -0.04479980 -0.00561509
v -0.07625000 -0.04479980 0.00000991
v -0.06609375 -0.04479980 0.00262709
v -0.07593750 -0.04479980 0.00561538
v -0.07531250 -0.04479980 0.01120131
v -0.06578125 -0.04479980 0.00788100
v -0.07437500 -0.04479980 0.01672866
v -0.06484375 -0.04479980 0.01307631
v -0.07296875 -0.04479980 0.02215834
v -0.07109375 -0.04479980 0.02749038
v -0.06375000 -0.04479980 0.01817397
v -0.06890625 -0.04479980 0.03266616
v -0.06203125 -0.04479980 0.02317397
v -0.06640625 -0.04479980 0.03764662
v -0.06000000 -0.04479980 0.02803725
v -0.06343750 -0.04479980 0.04245131
v -0.05765625 -0.04479980 0.03272475
v -0.06015625 -0.04479980 0.04702162
v -0.05484375 -0.04479980 0.03719741
v -0.05656250 -0.04479980 0.05133803
v -0.05171875 -0.04479980 0.04145522
v -0.05265625 -0.04479980 0.05536147
v -0.04843750 -0.04479980 0.04543959
v -0.04843750 -0.04479980 0.05911147
v -0.04468750 -0.04479980 0.04915053
v -0.04390625 -0.04479980 0.06254897
v -0.04062500 -0.04479980 0.05256850
v -0.03921875 -0.04479980 0.06563491
v -0.03640625 -0.04479980 0.05563491
v -0.03437500 -0.04479980 0.06836928
v -0.03187500 -0.04479980 0.05836928
v -0.01781250 -0.04479980 0.06836928
v -0.01781250 -0.04479980 0.05836928
v -0.03437500 -0.03680176 -0.06836901
v -0.03437500 -0.04479980 -0.06836901
v -0.03921875 -0.03680176 -0.06563463
v -0.03921875 -0.04479980 -0.06563463
v -0.03921875 -0.03680176 -0.06563463
v -0.03921875 -0.04479980 -0.06563463
v -0.04390625 -0.03680176 -0.06254869
v -0.04390625 -0.04479980 -0.06254869
v -0.04390625 -0.03680176 -0.06254869
v -0.04390625 -0.04479980 -0.06254869
v -0.04843750 -0.03680176 -0.05911119
v -0.04843750 -0.04479980 -0.05911119
v -0.04843750 -0.03680176 -0.05911119
v -0.04843750 -0.04479980 -0.05911119
v -0.05265625 -0.03680176 -0.05536119
v -0.05265625 -0.04479980 -0.05536119
v -0.05265625 -0.03680176 -0.05536119
v -0.05265625 -0.04479980 -0.05536119
v -0.05656250 -0.03680176 -0.05133775
v -0.05656250 -0.04479980 -0.05133775
v -0.05656250 -0.03680176 -0.05133775
v -0.05656250 -0.04479980 -0.05133775
v -0.06015625 -0.03680176 -0.04702134
v -0.06015625 -0.04479980 -0.04702134
v -0.06015625 -0.03680176 -0.04702134
v -0.06015625 -0.04479980 -0.04702134
v -0.06343750 -0.03680176 -0.04245103
v -0.06343750 -0.04479980 -0.04245103
v -0.06343750 -0.03680176 -0.04245103
v -0.06343750 -0.04479980 -0.04245103
v -0.06640625 -0.03680176 -0.03764634
v -0.06640625 -0.04479980 -0.03764634
v -0.06640625 -0.03680176 -0.03764634
v -0.06640625 -0.04479980 -0.03764634
v -0.06890625 -0.03680176 -0.03264634
v -0.06890625 -0.04479980 -0.03264634
v -0.06890625 -0.03680176 -0.03264634
v -0.06890625 -0.04479980 -0.03264634
v -0.07109375 -0.03680176 -0.02749009
v -0.07109375 -0.04479980 -0.02749009
v -0.07109375 -0.03680176 -0.02749009
v -0.07109375 -0.04479980 -0.02749009
v -0.07296875 -0.03680176 -0.02215806
v -0.07296875 -0.04479980 -0.02215806
v -0.07296875 -0.03680176 -0.02215806
v -0.07296875 -0.04479980 -0.02215806
v -0.07437500 -0.03680176 -0.01672838
v -0.07437500 -0.04479980 -0.01672838
v -0.07437500 -0.03680176 -0.01672838
v -0.07437500 -0.04479980 -0.01672838
v -0.07531250 -0.03680176 -0.01120103
v -0.07531250 -0.04479980 -0.01120103
v -0.07531250 -0.03680176 -0.01120103
v -0.07531250 -0.04479980 -0.01120103
v -0.07593750 -0.03680176 -0.00561509
v -0.07593750 -0.04479980 -0.00561509
v -0.07593750 -0.03680176 -0.00561509
v -0.07593750 -0.04479980 -0.00561509
v -0.07625000 -0.03680176 0.00000991
v -0.07625000 -0.04479980 0.00000991
v -0.07625000 -0.03680176 0.00000991
v -0.07625000 -0.04479980 0.00000991
v -0.07593750 -0.03680176 0.00561538
v -0.07593750 -0.04479980 0.00561538
v -0.07593750 -0.03680176 0.00561538
v -0.07593750 -0.04479980 0.00561538
v -0.07531250 -0.03680176 0.01120131
v -0.07531250 -0.04479980 0.01120131
v -0.07531250 -0.03680176 0.01120131
v -0.07531250 -0.04479980 0.01120131
v -0.07437500 -0.03680176 0.01672866
v -0.07437500 -0.04479980 0.01672866
v -0.07437500 -0.03680176 0.01672866
v -0.07437500 -0.04479980 0.01672866
v -0.07296875 -0.03680176 0.02215834
v -0.07296875 -0.04479980 0.02215834
v -0.07296875 -0.03680176 0.02215834
v -0.07296875 -0.04479980 0.02215834
v -0.07109375 -0.03680176 0.02749038
v -0.07109375 -0.04479980 0.02749038
v -0.07109375 -0.03680176 0.02749038
v -0.07109375 -0.04479980 0.02749038
v -0.06890625 -0.03680176 0.03266616
v -0.06890625 -0.04479980 0.03266616
v -0.06890625 -0.03680176 0.03266616
v -0.06890625 -0.04479980 0.03266616
v -0.06640625 -0.03680176 0.03764662
v -0.06640625 -0.04479980 0.03764662
v -0.06640625 -0.03680176 0.03764662
v -0.06640625 -0.04479980 0.03764662
v -0.06343750 -0.03680176 0.04245131
v -0.06343750 -0.04479980 0.04245131
v -0.06343750 -0.03680176 0.04245131
v -0.06343750 -0.04479980 0.04245131
v -0.06015625 -0.03680176 0.04702162
v -0.06015625 -0.04479980 0.04702162
v -0.06015625 -0.03680176 0.04702162
v -0.06015625 -0.04479980 0.04702162
v -0.05656250 -0.03680176 0.05133803
v -0.05656250 -0.04479980 0.05133803
v -0.05656250 -0.03680176 0.05133803
v -0.05656250 -0.04479980 0.05133803
v -0.05265625 -0.03680176 0.05536147
v -0.05265625 -0.04479980 0.05536147
v -0.05265625 -0.03680176 0.05536147
v -0.05265625 -0.04479980 0.05536147
v -0.04843750 -0.03680176 0.05911147
v -0.04843750 -0.04479980 0.05911147
v -0.04843750 -0.03680176 0.05911147
v -0.04843750 -0.04479980 0.05911147
v -0.04390625 -0.03680176 0.06254897
v -0.04390625 -0.04479980 0.06254897
v -0.04390625 -0.03680176 0.06254897
v -0.04390625 -0.04479980 0.06254897
v -0.03921875 -0.03680176 0.06563491
v -0.03921875 -0.04479980 0.06563491
v -0.03921875 -0.03680176 0.06563491
v -0.03921875 -0.04479980 0.06563491
v -0.03437500 -0.03680176 0.06836928
v -0.03437500 -0.04479980 0.06836928
v -0.00546875 -0.04898926 0.05336928
v -0.00359375 -0.04920410 0.05336928
v -0.00359375 -0.04920410 0.01278334
v -0.00359375 -0.04920410 0.01278334
v -0.00359375 -0.04920410 0.05336928
v -0.00156250 -0.04898926 0.05336928
v -0.00156250 -0.04898926 0.01278334
v -0.00156250 -0.04898926 0.01278334
v -0.00156250 -0.04898926 0.05336928
v 0.00031250 -0.04837402 0.05336928
v 0.00031250 -0.04837402 0.01278334
v 0.00031250 -0.04837402 0.01278334
v 0.00031250 -0.04837402 0.05336928
v 0.00187500 -0.04736816 0.01278334
v 0.00187500 -0.04736816 -0.02778306
v 0.00187500 -0.04736816 -0.02778306
v 0.00187500 -0.04736816 0.01278334
v 0.00328125 -0.04603027 -0.02778306
v 0.00312500 -0.04619629 -0.05836900
v 0.00312500 -0.04619629 -0.05836900
v 0.00328125 -0.04603027 -0.02778306
v 0.00312500 -0.04619629 -0.06411119
v 0.00312500 -0.04619629 -0.06411119
v 0.00328125 -0.04603027 -0.02778306
v 0.00390625 -0.04530762 -0.06450183
v 0.00390625 -0.04530762 -0.06450183
v 0.00328125 -0.04603027 -0.02778306
v 0.00437500 -0.04441894 -0.02778306
v 0.00390625 -0.04530762 -0.06450183
v 0.00437500 -0.04441894 -0.02778306
v 0.00468750 -0.04371582 -0.06512683
v 0.00468750 -0.04371582 -0.06512683
v 0.00437500 -0.04441894 -0.02778306
v 0.00515625 -0.04261230 -0.02778306
v 0.00468750 -0.04371582 -0.06512683
v 0.00515625 -0.04261230 -0.02778306
v 0.00531250 -0.04197754 -0.06575183
v 0.00531250 -0.04197754 -0.06575183
v 0.00515625 -0.04261230 -0.02778306
v 0.00546875 -0.04068848 -0.02778306
v 0.00531250 -0.04197754 -0.06575183
v 0.00546875 -0.04068848 -0.02778306
v 0.00546875 -0.04020019 -0.06631823
v 0.00546875 -0.04020019 -0.06631823
v 0.00546875 -0.04068848 -0.02778306
v 0.00531250 -0.03874512 -0.02778306
v 0.00546875 -0.04020019 -0.06631823
v 0.00531250 -0.03874512 -0.02778306
v 0.00531250 -0.03849121 -0.06678698
v 0.00531250 -0.03849121 -0.06678698
v 0.00531250 -0.03874512 -0.02778306
v 0.00484375 -0.03687012 -0.02778306
v 0.00531250 -0.03849121 -0.06678698
v 0.00484375 -0.03687012 -0.02778306
v 0.00484375 -0.03677246 -0.06719713
v 0.00484375 -0.03677246 -0.06719713
v 0.00484375 -0.03687012 -0.02778306
v 0.00390625 -0.03515137 -0.02778306
v 0.00484375 -0.03677246 -0.06719713
v 0.00390625 -0.03515137 -0.02778306
v 0.00390625 -0.03518066 -0.06752916
v 0.00390625 -0.03518066 -0.06752916
v 0.00390625 -0.03515137 -0.02778306
v 0.00312500 -0.03421387 -0.06770494
v 0.00312500 -0.03421387 -0.06770494
v 0.00390625 -0.03515137 -0.02778306
v 0.00312500 -0.03421387 -0.05836900
v 0.00312500 -0.03421387 -0.05836900
v 0.00390625 -0.03515137 -0.02778306
v 0.00265625 -0.03366699 -0.02778306
v 0.00312500 -0.03421387 -0.05836900
v 0.00265625 -0.03366699 -0.02778306
v 0.00187500 -0.03298340 -0.05836900
v 0.00187500 -0.03298340 -0.05836900
v 0.00265625 -0.03366699 -0.02778306
v 0.00109375 -0.03249512 -0.02778306
v 0.00187500 -0.03298340 -0.05836900
v 0.00109375 -0.03249512 -0.02778306
v 0.00031250 -0.03205566 -0.05836900
v 0.00031250 -0.03205566 -0.05836900
v 0.00109375 -0.03249512 -0.02778306
v -0.00062500 -0.03167481 -0.02778306
v 0.00031250 -0.03205566 -0.05836900
v -0.00062500 -0.03167481 -0.02778306
v -0.00140625 -0.03145020 -0.05836900
v -0.00140625 -0.03145020 -0.05836900
v -0.00062500 -0.03167481 -0.02778306
v -0.00250000 -0.03125488 -0.02778306
v -0.00140625 -0.03145020 -0.05836900
v -0.00250000 -0.03125488 -0.02778306
v -0.00328125 -0.03120606 -0.05836900
v -0.00328125 -0.03120606 -0.05836900
v -0.00250000 -0.03125488 -0.02778306
v -0.00453125 -0.03125488 -0.02778306
v -0.00328125 -0.03120606 -0.05836900
v -0.00453125 -0.03125488 -0.02778306
v -0.00500000 -0.03133301 -0.05836900
v -0.00500000 -0.03133301 -0.05836900
v -0.00453125 -0.03125488 -0.02778306
v -0.00640625 -0.03167481 -0.02778306
v -0.00500000 -0.03133301 -0.05836900
v -0.00640625 -0.03167481 -0.02778306
v -0.00687500 -0.03182129 -0.05836900
v -0.00687500 -0.03182129 -0.05836900
v -0.00640625 -0.03167481 -0.02778306
v -0.00812500 -0.03249512 -0.02778306
v -0.00687500 -0.03182129 -0.05836900
v -0.00812500 -0.03249512 -0.02778306
v -0.00843750 -0.03265137 -0.05836900
v -0.00843750 -0.03265137 -0.05836900
v -0.00812500 -0.03249512 -0.02778306
v -0.00968750 -0.03366699 -0.02778306
v -0.00843750 -0.03265137 -0.05836900
v -0.00968750 -0.03366699 -0.02778306
v -0.00984375 -0.03379394 -0.05836900
v -0.00984375 -0.03379394 -0.05836900
v -0.00968750 -0.03366699 -0.02778306
v -0.01093750 -0.03515137 -0.02778306
v -0.00984375 -0.03379394 -0.05836900
v -0.01093750 -0.03515137 -0.02778306
v -0.01093750 -0.03519043 -0.05836900
v -0.01093750 -0.03519043 -0.05836900
v -0.01093750 -0.03515137 -0.02778306
v -0.01187500 -0.03680176 -0.05836900
v -0.01187500 -0.03680176 -0.05836900
v -0.01093750 -0.03515137 -0.02778306
v -0.01187500 -0.03687012 -0.02778306
v -0.01187500 -0.03680176 -0.05836900
v -0.01187500 -0.03687012 -0.02778306
v -0.01187500 -0.03680176 -0.06836901
v -0.01187500 -0.03680176 -0.06836901
v -0.01187500 -0.03687012 -0.02778306
v -0.01234375 -0.03838379 -0.06836901
v -0.01234375 -0.03838379 -0.06836901
v -0.01187500 -0.03687012 -0.02778306
v -0.01234375 -0.03874512 -0.02778306
v -0.01234375 -0.03838379 -0.06836901
v -0.01234375 -0.03874512 -0.02778306
v -0.01250000 -0.04003418 -0.06836901
v -0.01250000 -0.04003418 -0.06836901
v -0.01234375 -0.03874512 -0.02778306
v -0.01250000 -0.04068848 -0.02778306
v -0.01250000 -0.04003418 -0.06836901
v -0.01250000 -0.04068848 -0.02778306
v -0.01234375 -0.04169433 -0.06836901
v -0.01234375 -0.04169433 -0.06836901
v -0.01250000 -0.04068848 -0.02778306
v -0.01218750 -0.04261230 -0.02778306
v -0.01234375 -0.04169433 -0.06836901
v -0.01218750 -0.04261230 -0.02778306
v -0.01203125 -0.04329590 -0.06836901
v -0.01203125 -0.04329590 -0.06836901
v -0.01218750 -0.04261230 -0.02778306
v -0.01156250 -0.04441894 -0.02778306
v -0.01203125 -0.04329590 -0.06836901
v -0.01156250 -0.04441894 -0.02778306
v -0.01125000 -0.04479980 -0.06836901
v -0.01125000 -0.04479980 -0.06836901
v -0.01156250 -0.04441894 -0.02778306
v -0.01125000 -0.04479980 -0.05836900
v -0.01125000 -0.04479980 -0.05836900
v -0.01156250 -0.04441894 -0.02778306
v -0.01046875 -0.04603027 -0.02778306
v -0.01125000 -0.04479980 -0.05836900
v -0.01046875 -0.04603027 -0.02778306
v -0.01015625 -0.04630371 -0.05836900
v -0.01015625 -0.04630371 -0.05836900
v -0.01046875 -0.04603027 -0.02778306
v -0.00890625 -0.04736816 -0.02778306
v -0.01015625 -0.04630371 -0.05836900
v -0.00890625 -0.04736816 -0.02778306
v -0.00875000 -0.04754394 -0.05836900
v -0.00875000 -0.04754394 -0.05836900
v -0.00890625 -0.04736816 -0.02778306
v -0.00734375 -0.04837402 -0.02778306
v -0.00875000 -0.04754394 -0.05836900
v -0.00734375 -0.04837402 -0.02778306
v -0.00718750 -0.04846191 -0.05836900
v -0.00718750 -0.04846191 -0.05836900
v -0.00734375 -0.04837402 -0.02778306
v -0.00546875 -0.04898926 -0.02778306
v -0.00718750 -0.04846191 -0.05836900
v -0.00546875 -0.04898926 -0.02778306
v -0.00531250 -0.04902832 -0.05836900
v -0.00531250 -0.04902832 -0.05836900
v -0.00546875 -0.04898926 -0.02778306
v -0.00359375 -0.04920410 -0.02778306
v -0.00531250 -0.04902832 -0.05836900
v -0.00359375 -0.04920410 -0.02778306
v -0.00343750 -0.04920410 -0.05836900
v -0.00343750 -0.04920410 -0.05836900
v -0.00359375 -0.04920410 -0.02778306
v -0.00156250 -0.04898926 -0.02778306
v -0.00156250 -0.04898926 -0.05836900
v -0.00156250 -0.04898926 -0.05836900
v -0.00156250 -0.04898926 -0.02778306
v 0.00015625 -0.04840332 -0.05836900
v 0.00015625 -0.04840332 -0.05836900
v -0.00156250 -0.04898926 -0.02778306
v 0.00031250 -0.04837402 -0.02778306
v 0.00015625 -0.04840332 -0.05836900
v 0.00031250 -0.04837402 -0.02778306
v 0.00187500 -0.04745605 -0.05836900
v 0.00187500 -0.04745605 -0.05836900
v 0.00031250 -0.04837402 -0.02778306
v 0.00187500 -0.04745605 -0.05836900
v 0.00187500 -0.04736816 -0.02778306
v 0.00312500 -0.04619629 -0.05836900
v 0.00187500 -0.04736816 0.05336928
v 0.00187500 -0.04736816 0.05336928
v 0.00328125 -0.04603027 0.01278334
v 0.00328125 -0.04603027 0.01278334
v 0.00328125 -0.04603027 0.05336928
v 0.00328125 -0.04603027 0.05336928
v 0.00437500 -0.04441894 0.01278334
v 0.00437500 -0.04441894 0.01278334
v 0.00437500 -0.04441894 0.05336928
v 0.00437500 -0.04441894 0.05336928
v 0.00515625 -0.04261230 0.01278334
v 0.00515625 -0.04261230 0.01278334
v 0.00515625 -0.04261230 0.05336928
v 0.00515625 -0.04261230 0.05336928
v 0.00546875 -0.04068848 0.01278334
v 0.00546875 -0.04068848 0.01278334
v 0.00546875 -0.04068848 0.05336928
v 0.00546875 -0.04068848 0.05336928
v 0.00531250 -0.03874512 0.01278334
v 0.00531250 -0.03874512 0.01278334
v 0.00531250 -0.03874512 0.05336928
v 0.00531250 -0.03874512 0.05336928
v 0.00484375 -0.03687012 0.01278334
v 0.00484375 -0.03687012 0.01278334
v 0.00484375 -0.03687012 0.05336928
v 0.00484375 -0.03687012 0.05336928
v 0.00390625 -0.03515137 0.01278334
v 0.00390625 -0.03515137 0.01278334
v 0.00390625 -0.03515137 0.05336928
v 0.00390625 -0.03515137 0.05336928
v 0.00265625 -0.03366699 0.01278334
v 0.00265625 -0.03366699 0.01278334
v 0.00265625 -0.03366699 0.05336928
v 0.00265625 -0.03366699 0.05336928
v 0.00109375 -0.03249512 0.01278334
v 0.00109375 -0.03249512 0.01278334
v 0.00109375 -0.03249512 0.05336928
v 0.00109375 -0.03249512 0.05336928
v -0.00062500 -0.03167481 0.01278334
v -0.00062500 -0.03167481 0.01278334
v -0.00062500 -0.03167481 0.05336928
v -0.00062500 -0.03167481 0.05336928
v -0.00250000 -0.03125488 0.01278334
v -0.00250000 -0.03125488 0.01278334
v -0.00250000 -0.03125488 0.05336928
v -0.00250000 -0.03125488 0.05336928
v -0.00453125 -0.03125488 0.01278334
v -0.00453125 -0.03125488 0.01278334
v -0.00453125 -0.03125488 0.05336928
v -0.00453125 -0.03125488 0.05336928
v -0.00640625 -0.03167481 0.01278334
v -0.00640625 -0.03167481 0.01278334
v -0.00640625 -0.03167481 0.05336928
v -0.00640625 -0.03167481 0.05336928
v -0.00812500 -0.03249512 0.01278334
v -0.00812500 -0.03249512 0.01278334
v -0.00812500 -0.03249512 0.05336928
v -0.00812500 -0.03249512 0.05336928
v -0.00968750 -0.03366699 0.01278334
v -0.00968750 -0.03366699 0.01278334
v -0.00968750 -0.03366699 0.05336928
v -0.00968750 -0.03366699 0.05336928
v -0.01093750 -0.03515137 0.01278334
v -0.01093750 -0.03515137 0.01278334
v -0.01093750 -0.03515137 0.05336928
v -0.01093750 -0.03515137 0.05336928
v -0.01187500 -0.03687012 0.01278334
v -0.01187500 -0.03687012 0.01278334
v -0.01187500 -0.03687012 0.05336928
v -0.01187500 -0.03687012 0.05336928
v -0.01234375 -0.03874512 0.01278334
v -0.01234375 -0.03874512 0.01278334
v -0.01234375 -0.03874512 0.05336928
v -0.01234375 -0.03874512 0.05336928
v -0.01250000 -0.04068848 0.01278334
v -0.01250000 -0.04068848 0.01278334
v -0.01250000 -0.04068848 0.05336928
v -0.01250000 -0.04068848 0.05336928
v -0.01218750 -0.04261230 0.01278334
v -0.01218750 -0.04261230 0.01278334
v -0.01218750 -0.04261230 0.05336928
v -0.01218750 -0.04261230 0.05336928
v -0.01156250 -0.04441894 0.01278334
v -0.01156250 -0.04441894 0.01278334
v -0.01156250 -0.04441894 0.05336928
v -0.01156250 -0.04441894 0.05336928
v -0.01046875 -0.04603027 0.01278334
v -0.01046875 -0.04603027 0.01278334
v -0.01046875 -0.04603027 0.05336928
v -0.01046875 -0.04603027 0.05336928
v -0.00890625 -0.04736816 0.01278334
v -0.00890625 -0.04736816 0.01278334
v -0.00890625 -0.04736816 0.05336928
v -0.00890625 -0.04736816 0.05336928
v -0.00734375 -0.04837402 0.01278334
v -0.00734375 -0.04837402 0.01278334
v -0.00734375 -0.04837402 0.05336928
v -0.00734375 -0.04837402 0.05336928
v -0.00546875 -0.04898926 0.01278334
v -0.00546875 -0.04898926 0.01278334
v -0.00546875 -0.04898926 0.05336928
v -0.03921875 -0.03680176 -0.06563463
v -0.03640625 -0.03680176 -0.05563462
v -0.03437500 -0.03680176 -0.06836901
v -0.03187500 -0.03680176 -0.05836900
v -0.01187500 -0.03680176 -0.06836901
v -0.01187500 -0.03680176 -0.05836900
v -0.04062500 -0.03680176 -0.05254869
v -0.04390625 -0.03680176 -0.06254869
v -0.04468750 -0.03680176 -0.04915025
v -0.04843750 -0.03680176 -0.05911119
v -0.04843750 -0.03680176 -0.04543931
v -0.05265625 -0.03680176 -0.05536119
v -0.05171875 -0.03680176 -0.04145494
v -0.05656250 -0.03680176 -0.05133775
v -0.05484375 -0.03680176 -0.03719712
v -0.06015625 -0.03680176 -0.04702134
v -0.05765625 -0.03680176 -0.03272447
v -0.06343750 -0.03680176 -0.04245103
v -0.06000000 -0.03680176 -0.02803697
v -0.06640625 -0.03680176 -0.03764634
v -0.06203125 -0.03680176 -0.02317369
v -0.06890625 -0.03680176 -0.03264634
v -0.06375000 -0.03680176 -0.01817369
v -0.07109375 -0.03680176 -0.02749009
v -0.06484375 -0.03680176 -0.01305650
v -0.07296875 -0.03680176 -0.02215806
v -0.07437500 -0.03680176 -0.01672838
v -0.06578125 -0.03680176 -0.00788072
v -0.07531250 -0.03680176 -0.01120103
v -0.06609375 -0.03680176 -0.00262681
v -0.07593750 -0.03680176 -0.00561509
v -0.07625000 -0.03680176 0.00000991
v -0.06609375 -0.03680176 0.00262709
v -0.07593750 -0.03680176 0.00561538
v -0.07531250 -0.03680176 0.01120131
v -0.06578125 -0.03680176 0.00788100
v -0.07437500 -0.03680176 0.01672866
v -0.06484375 -0.03680176 0.01307631
v -0.07296875 -0.03680176 0.02215834
v -0.07109375 -0.03680176 0.02749038
v -0.06375000 -0.03680176 0.01817397
v -0.06890625 -0.03680176 0.03266616
v -0.06203125 -0.03680176 0.02317397
v -0.06640625 -0.03680176 0.03764662
v -0.06000000 -0.03680176 0.02803725
v -0.06343750 -0.03680176 0.04245131
v -0.05765625 -0.03680176 0.03272475
v -0.06015625 -0.03680176 0.04702162
v -0.05484375 -0.03680176 0.03719741
v -0.05656250 -0.03680176 0.05133803
v -0.05171875 -0.03680176 0.04145522
v -0.05265625 -0.03680176 0.05536147
v -0.04843750 -0.03680176 0.04543959
v -0.04843750 -0.03680176 0.05911147
v -0.04468750 -0.03680176 0.04915053
v -0.04390625 -0.03680176 0.06254897
v -0.04062500 -0.03680176 0.05256850
v -0.03921875 -0.03680176 0.06563491
v -0.03640625 -0.03680176 0.05563491
v -0.03437500 -0.03680176 0.06836928
v -0.03187500 -0.03680176 0.05836928
v -0.01812500 -0.03680176 0.06836928
v -0.01812500 -0.03680176 0.05836928
v 0.07921875 -0.01142090 0.03510756
v 0.07921875 -0.01195801 0.03655287
v 0.07921875 -0.01063965 0.03674819
v 0.07921875 -0.01226074 0.03776381
v 0.07921875 -0.00951660 0.03842787
v 0.07921875 -0.01248535 0.03961928
v 0.07921875 -0.00867676 0.03940444
v 0.07921875 -0.01248535 0.04081069
v 0.07921875 -0.00730957 0.04065444
v 0.07921875 -0.01236816 0.04204116
v 0.07921875 -0.01195801 0.04387709
v 0.07921875 -0.00572754 0.04170912
v 0.07921875 -0.01154785 0.04500991
v 0.07921875 -0.00410645 0.04247084
v 0.07921875 -0.01072754 0.04665053
v 0.07921875 -0.01003418 0.04768569
v 0.07921875 -0.00236816 0.04297866
v 0.07921875 -0.00883301 0.04907241
v 0.07921875 -0.00794434 0.04989272
v 0.07921875 -0.00641113 0.05096694
v 0.07921875 -0.00057129 0.04321303
v 0.07921875 -0.00532715 0.05155287
v 0.07921875 -0.00365723 0.05219741
v 0.07921875 -0.00243652 0.05250991
v 0.07921875 -0.00059082 0.05272475
v 0.07921875 0.00057129 0.04321303
v 0.07921875 0.00119629 0.05268569
v 0.07921875 0.00305176 0.05235366
v 0.07921875 0.00478027 0.05178725
v 0.07921875 0.00586426 0.05127944
v 0.07921875 0.00176270 0.04307631
v 0.07921875 0.00745606 0.05026381
v 0.07921875 0.00840332 0.04948256
v 0.07921875 0.00354004 0.04266616
v 0.07921875 0.00964356 0.04819350
v 0.07921875 0.01038574 0.04717787
v 0.07921875 0.00517090 0.04200209
v 0.07921875 0.01130371 0.04555678
v 0.07921875 0.01175293 0.04446303
v 0.07921875 0.00679199 0.04102553
v 0.07921875 0.01226074 0.04266616
v 0.07921875 0.01243652 0.04141616
v 0.07921875 0.00824707 0.03983412
v 0.07921875 0.01248535 0.03961928
v 0.07921875 0.00951660 0.03842787
v 0.07921875 0.01236816 0.03838881
v 0.07921875 0.01062988 0.03674819
v 0.07921875 0.01194824 0.03655287
v 0.07921875 0.01141113 0.03510756
v 0.12406251 0.03061035 -0.06815416
v 0.12406251 0.02600098 -0.06836901
v 0.03859375 0.03061035 -0.06815416
v 0.00312500 0.02600098 -0.06836901
v 0.03859375 0.03061035 -0.06815416
v 0.00312500 0.02600098 -0.06836901
v 0.00312500 0.02935059 -0.06827135
v 0.00312500 0.02935059 -0.06827135
v 0.00312500 0.03269043 -0.06791980
v 0.03859375 0.03061035 -0.06815416
v 0.03859375 0.03061035 -0.06815416
v 0.00312500 0.03269043 -0.06791980
v 0.03859375 0.03518066 -0.06752916
v 0.12406251 0.03518066 -0.06752916
v 0.12406251 0.03518066 -0.06752916
v 0.03859375 0.03518066 -0.06752916
v 0.12406251 0.03968262 -0.06647448
v 0.03859375 0.03968262 -0.06647448
v 0.12406251 0.03968262 -0.06647448
v 0.03859375 0.03968262 -0.06647448
v 0.12406251 0.04405762 -0.06499010
v 0.03859375 0.04405762 -0.06499010
v 0.12406251 0.04405762 -0.06499010
v 0.03859375 0.04405762 -0.06499010
v 0.12406251 0.04828613 -0.06313462
v 0.03859375 0.04828613 -0.06313462
v 0.12406251 0.04828613 -0.06313462
v 0.03859375 0.04828613 -0.06313462
v 0.12406251 0.05231933 -0.06088853
v 0.03859375 0.05231933 -0.06088853
v 0.12406251 0.05231933 -0.06088853
v 0.03859375 0.05231933 -0.06088853
v 0.12406251 0.05612793 -0.05827134
v 0.03859375 0.05612793 -0.05827134
v 0.12406251 0.05612793 -0.05827134
v 0.03859375 0.05612793 -0.05827134
v 0.12406251 0.05968262 -0.05532212
v 0.03859375 0.05968262 -0.05532212
v 0.12406251 0.05968262 -0.05532212
v 0.03859375 0.05968262 -0.05532212
v 0.12406251 0.06294433 -0.05206040
v 0.03859375 0.06294433 -0.05206040
v 0.12406251 0.06294433 -0.05206040
v 0.03859375 0.06294433 -0.05206040
v 0.12406251 0.06589357 -0.04850572
v 0.03859375 0.06589357 -0.04850572
v 0.12406251 0.06589357 -0.04850572
v 0.03859375 0.06589357 -0.04850572
v 0.12406251 0.06851075 -0.04469712
v 0.03859375 0.06851075 -0.04469712
v 0.12406251 0.06851075 -0.04469712
v 0.03859375 0.06851075 -0.04469712
v 0.12406251 0.07075685 -0.04065415
v 0.03859375 0.07075685 -0.04065415
v 0.12406251 0.07075685 -0.04065415
v 0.03859375 0.07075685 -0.04065415
v 0.12406251 0.07262207 -0.03643540
v 0.03859375 0.07262207 -0.03643540
v 0.12406251 0.07262207 -0.03643540
v 0.03859375 0.07262207 -0.03643540
v 0.12406251 0.07408693 -0.03206040
v 0.03859375 0.07408693 -0.03206040
v 0.12406251 0.07408693 -0.03206040
v 0.03859375 0.07408693 -0.03206040
v 0.12406251 0.07514161 -0.02756822
v 0.03859375 0.07514161 -0.02756822
v 0.12406251 0.07514161 -0.02756822
v 0.03859375 0.07514161 -0.02756822
v 0.03859375 0.07578614 -0.02299791
v -0.03265625 0.07550293 -0.02538072
v 0.03859375 0.07578614 -0.02299791
v -0.03265625 0.07550293 -0.02538072
v -0.03140625 0.07578614 -0.02299791
v 0.00312500 0.03269043 -0.06791980
v 0.00312500 0.03600098 -0.06737291
v 0.03859375 0.03518066 -0.06752916
v 0.03859375 0.03518066 -0.06752916
v 0.00312500 0.03600098 -0.06737291
v 0.00406250 0.03715332 -0.06711901
v 0.00406250 0.03715332 -0.06711901
v 0.03859375 0.03968262 -0.06647448
v 0.00406250 0.03715332 -0.06711901
v 0.00500000 0.03871582 -0.06672838
v 0.03859375 0.03968262 -0.06647448
v 0.00500000 0.03871582 -0.06672838
v 0.00546875 0.04047363 -0.06624010
v 0.00546875 0.04047363 -0.06624010
v 0.00562500 0.04220215 -0.06567369
v 0.03859375 0.03968262 -0.06647448
v 0.00562500 0.04220215 -0.06567369
v 0.00562500 0.04220215 -0.06567369
v 0.00546875 0.04392090 -0.06504869
v 0.03859375 0.04405762 -0.06499010
v 0.03859375 0.04405762 -0.06499010
v 0.00546875 0.04392090 -0.06504869
v 0.00484375 0.04565918 -0.06434558
v 0.00484375 0.04565918 -0.06434558
v 0.03859375 0.04828613 -0.06313462
v 0.00484375 0.04565918 -0.06434558
v 0.00406250 0.04726074 -0.06362290
v 0.03859375 0.04828613 -0.06313462
v 0.00406250 0.04726074 -0.06362290
v 0.00312500 0.04828613 -0.06313462
v 0.00312500 0.04828613 -0.06313462
v 0.00312500 0.04995605 -0.06225572
v 0.03859375 0.04828613 -0.06313462
v 0.00312500 0.04995605 -0.06225572
v 0.00312500 0.04995605 -0.06225572
v 0.00312500 0.05159668 -0.06131822
v 0.03859375 0.05231933 -0.06088853
v 0.03859375 0.05231933 -0.06088853
v 0.00312500 0.05159668 -0.06131822
v 0.00312500 0.05319824 -0.06032212
v 0.00312500 0.05319824 -0.06032212
v -0.04687500 0.05319824 -0.06032212
v 0.03859375 0.05612793 -0.05827134
v -0.04687500 0.05319824 -0.06032212
v -0.04609375 0.05666504 -0.05786119
v -0.04609375 0.05666504 -0.05786119
v 0.03859375 0.05968262 -0.05532212
v -0.04609375 0.05666504 -0.05786119
v -0.04515625 0.05988769 -0.05514634
v 0.03859375 0.05968262 -0.05532212
v -0.04515625 0.05988769 -0.05514634
v -0.04453125 0.06160644 -0.05346665
v -0.04453125 0.06160644 -0.05346665
v 0.03859375 0.06294433 -0.05206040
v -0.04453125 0.06160644 -0.05346665
v -0.04390625 0.06323730 -0.05172837
v 0.03859375 0.06294433 -0.05206040
v -0.04390625 0.06323730 -0.05172837
v -0.04312500 0.06478028 -0.04993150
v -0.04312500 0.06478028 -0.04993150
v 0.03859375 0.06589357 -0.04850572
v -0.04312500 0.06478028 -0.04993150
v -0.04250000 0.06622560 -0.04805650
v -0.04250000 0.06622560 -0.04805650
v 0.03859375 0.06851075 -0.04469712
v -0.04250000 0.06622560 -0.04805650
v -0.04109375 0.06854004 -0.04463853
v -0.04109375 0.06854004 -0.04463853
v -0.03968750 0.07054200 -0.04108384
v 0.03859375 0.07075685 -0.04065415
v -0.03968750 0.07054200 -0.04108384
v -0.03859375 0.07185060 -0.03831040
v -0.03859375 0.07185060 -0.03831040
v 0.03859375 0.07262207 -0.03643540
v -0.03859375 0.07185060 -0.03831040
v -0.03734375 0.07297364 -0.03549790
v -0.03734375 0.07297364 -0.03549790
v 0.03859375 0.07408693 -0.03206040
v -0.03734375 0.07297364 -0.03549790
v -0.03562500 0.07420411 -0.03165025
v -0.03562500 0.07420411 -0.03165025
v -0.03390625 0.07511232 -0.02776353
v 0.03859375 0.07514161 -0.02756822
v -0.03390625 0.07511232 -0.02776353
v -0.03265625 0.07550293 -0.02538072
v -0.03140625 0.07578614 -0.02299791
v -0.02906250 0.07600098 -0.01836900
v 0.03859375 0.07578614 -0.02299791
v 0.12406251 0.07600098 -0.01836900
v 0.12406251 0.07578614 -0.02297838
v 0.12406251 0.07578614 -0.02297838
v 0.12406251 0.03061035 -0.06815416
v 0.00312500 -0.02600098 -0.06836901
v 0.14390621 -0.01098145 -0.06836901
v 0.12406251 -0.02600098 -0.06836901
v 0.14234371 -0.01383301 -0.06836901
v 0.14046871 -0.01646973 -0.06836901
v 0.00312500 0.02600098 -0.06836901
v 0.14625001 -0.00161621 -0.06836901
v 0.14578121 -0.00482910 -0.06836901
v 0.14500001 -0.00796387 -0.06836901
v 0.12406251 0.02600098 -0.06836901
v 0.14390621 0.01097168 -0.06836901
v 0.14500001 0.00795410 -0.06836901
v 0.14578121 0.00481934 -0.06836901
v 0.12718751 0.02529785 -0.06836901
v 0.13031251 0.02421387 -0.06836901
v 0.13312501 0.02275879 -0.06836901
v 0.13578121 0.02097168 -0.06836901
v 0.13828121 0.01886231 -0.06836901
v 0.14046871 0.01646973 -0.06836901
v 0.14234371 0.01382324 -0.06836901
v 0.14625001 0.00161621 -0.06836901
v 0.13828121 -0.01886231 -0.06836901
v 0.13578121 -0.02097168 -0.06836901
v 0.13312501 -0.02276856 -0.06836901
v 0.13031251 -0.02421387 -0.06836901
v 0.12718751 -0.02529785 -0.06836901
v 0.12406251 -0.07578614 -0.02297838
v 0.12406251 -0.07600098 -0.01836900
v 0.03875000 -0.07578614 -0.02297838
v -0.02875000 -0.07600098 -0.01836900
v -0.03125000 -0.07578614 -0.02305650
v -0.03125000 -0.07578614 -0.02305650
v -0.03234375 -0.07550293 -0.02543931
v 0.03875000 -0.07578614 -0.02297838
v 0.03875000 -0.07578614 -0.02297838
v -0.03234375 -0.07550293 -0.02543931
v 0.03875000 -0.07515137 -0.02756822
v 0.12406251 -0.07515137 -0.02756822
v 0.12406251 -0.07515137 -0.02756822
v 0.03875000 -0.07515137 -0.02756822
v 0.12406251 -0.07409668 -0.03206040
v 0.03875000 -0.07409668 -0.03206040
v 0.12406251 -0.07409668 -0.03206040
v 0.03875000 -0.07409668 -0.03206040
v 0.12406251 -0.07262207 -0.03643540
v 0.03875000 -0.07262207 -0.03643540
v 0.12406251 -0.07262207 -0.03643540
v 0.03875000 -0.07262207 -0.03643540
v 0.12406251 -0.07075685 -0.04065415
v 0.03875000 -0.07075685 -0.04065415
v 0.12406251 -0.07075685 -0.04065415
v 0.03875000 -0.07075685 -0.04065415
v 0.12406251 -0.06851075 -0.04469712
v 0.03875000 -0.06851075 -0.04469712
v 0.12406251 -0.06851075 -0.04469712
v 0.03875000 -0.06851075 -0.04469712
v 0.12406251 -0.06590332 -0.04850572
v 0.03875000 -0.06590332 -0.04850572
v 0.12406251 -0.06590332 -0.04850572
v 0.03875000 -0.06590332 -0.04850572
v 0.12406251 -0.06295410 -0.05206040
v 0.03875000 -0.06295410 -0.05206040
v 0.12406251 -0.06295410 -0.05206040
v 0.03875000 -0.06295410 -0.05206040
v 0.12406251 -0.05968262 -0.05532212
v 0.03875000 -0.05968262 -0.05532212
v 0.12406251 -0.05968262 -0.05532212
v 0.03875000 -0.05968262 -0.05532212
v 0.12406251 -0.05613769 -0.05827134
v 0.03875000 -0.05613769 -0.05827134
v 0.12406251 -0.05613769 -0.05827134
v 0.03875000 -0.05613769 -0.05827134
v 0.12406251 -0.05232910 -0.06088853
v 0.03875000 -0.05232910 -0.06088853
v 0.12406251 -0.05232910 -0.06088853
v 0.03875000 -0.05232910 -0.06088853
v 0.12406251 -0.04828613 -0.06313462
v 0.03875000 -0.04828613 -0.06313462
v 0.12406251 -0.04828613 -0.06313462
v 0.03875000 -0.04828613 -0.06313462
v 0.12406251 -0.04406738 -0.06499010
v 0.03875000 -0.04406738 -0.06499010
v 0.12406251 -0.04406738 -0.06499010
v 0.03875000 -0.04406738 -0.06499010
v 0.12406251 -0.03968262 -0.06647448
v 0.03875000 -0.03968262 -0.06647448
v 0.12406251 -0.03968262 -0.06647448
v 0.03875000 -0.03968262 -0.06647448
v 0.12406251 -0.03519043 -0.06752916
v 0.03875000 -0.03518066 -0.06752916
v 0.12406251 -0.03519043 -0.06752916
v 0.03875000 -0.03518066 -0.06752916
v 0.12406251 -0.03062012 -0.06815416
v 0.03875000 -0.03062012 -0.06815416
v 0.12406251 -0.03062012 -0.06815416
v 0.03875000 -0.03062012 -0.06815416
v 0.12406251 -0.02600098 -0.06836901
v 0.12406251 -0.02600098 -0.06836901
v 0.03875000 -0.03062012 -0.06815416
v 0.00312500 -0.02875488 -0.06829088
v 0.12406251 -0.02600098 -0.06836901
v 0.00312500 -0.02875488 -0.06829088
v 0.00312500 -0.02600098 -0.06836901
v -0.03234375 -0.07550293 -0.02543931
v -0.03359375 -0.07509278 -0.02786119
v 0.03875000 -0.07515137 -0.02756822
v -0.03359375 -0.07509278 -0.02786119
v -0.03531250 -0.07419435 -0.03168931
v 0.03875000 -0.07409668 -0.03206040
v -0.03531250 -0.07419435 -0.03168931
v -0.03703125 -0.07298340 -0.03547837
v -0.03703125 -0.07298340 -0.03547837
v 0.03875000 -0.07262207 -0.03643540
v -0.03703125 -0.07298340 -0.03547837
v -0.03812500 -0.07186035 -0.03831040
v -0.03812500 -0.07186035 -0.03831040
v 0.03875000 -0.07075685 -0.04065415
v -0.03812500 -0.07186035 -0.03831040
v -0.03937500 -0.07055176 -0.04106431
v -0.03937500 -0.07055176 -0.04106431
v -0.04078125 -0.06854982 -0.04463853
v -0.04078125 -0.06854982 -0.04463853
v -0.04203125 -0.06624512 -0.04803697
v 0.03875000 -0.06590332 -0.04850572
v -0.04203125 -0.06624512 -0.04803697
v -0.04281250 -0.06479982 -0.04991197
v -0.04281250 -0.06479982 -0.04991197
v 0.03875000 -0.06295410 -0.05206040
v -0.04281250 -0.06479982 -0.04991197
v -0.04343750 -0.06325683 -0.05172837
v 0.03875000 -0.06295410 -0.05206040
v -0.04343750 -0.06325683 -0.05172837
v -0.04406250 -0.06162598 -0.05346665
v -0.04406250 -0.06162598 -0.05346665
v 0.03875000 -0.05968262 -0.05532212
v -0.04406250 -0.06162598 -0.05346665
v -0.04468750 -0.05990723 -0.05512681
v -0.04468750 -0.05990723 -0.05512681
v -0.04562500 -0.05648926 -0.05799790
v 0.03875000 -0.05613769 -0.05827134
v -0.04562500 -0.05648926 -0.05799790
v -0.04656250 -0.05279785 -0.06059556
v -0.04656250 -0.05279785 -0.06059556
v 0.00312500 -0.05279785 -0.06059556
v 0.03875000 -0.05232910 -0.06088853
v 0.00312500 -0.05279785 -0.06059556
v 0.00312500 -0.05065918 -0.06186509
v 0.00312500 -0.05065918 -0.06186509
v 0.03875000 -0.04828613 -0.06313462
v 0.00312500 -0.05065918 -0.06186509
v 0.00312500 -0.04845215 -0.06305650
v 0.03875000 -0.04828613 -0.06313462
v 0.00312500 -0.04845215 -0.06305650
v 0.00312500 -0.04619629 -0.06411119
v 0.00312500 -0.04619629 -0.06411119
v 0.03875000 -0.04406738 -0.06499010
v 0.00312500 -0.04619629 -0.06411119
v 0.00390625 -0.04530762 -0.06450183
v 0.03875000 -0.04406738 -0.06499010
v 0.00390625 -0.04530762 -0.06450183
v 0.00468750 -0.04371582 -0.06512683
v 0.00468750 -0.04371582 -0.06512683
v 0.00531250 -0.04197754 -0.06575183
v 0.03875000 -0.04406738 -0.06499010
v 0.00531250 -0.04197754 -0.06575183
v 0.00531250 -0.04197754 -0.06575183
v 0.00546875 -0.04020019 -0.06631823
v 0.03875000 -0.03968262 -0.06647448
v 0.03875000 -0.03968262 -0.06647448
v 0.00546875 -0.04020019 -0.06631823
v 0.00531250 -0.03849121 -0.06678698
v 0.00531250 -0.03849121 -0.06678698
v 0.00484375 -0.03677246 -0.06719713
v 0.03875000 -0.03518066 -0.06752916
v 0.00484375 -0.03677246 -0.06719713
v 0.00390625 -0.03518066 -0.06752916
v 0.03875000 -0.03518066 -0.06752916
v 0.00390625 -0.03518066 -0.06752916
v 0.00312500 -0.03421387 -0.06770494
v 0.00312500 -0.03421387 -0.06770494
v 0.03875000 -0.03062012 -0.06815416
v 0.00312500 -0.03421387 -0.06770494
v 0.00312500 -0.03148926 -0.06807605
v 0.03875000 -0.03062012 -0.06815416
v 0.00312500 -0.03148926 -0.06807605
v 0.00312500 -0.02875488 -0.06829088
v 0.12406251 -0.07578614 -0.02297838
v -0.02875000 -0.07600098 0.01836928
v -0.03046875 -0.07600098 0.01530287
v 0.12406251 -0.07600098 0.01836928
v -0.03187500 -0.07600098 0.01206069
v -0.03281250 -0.07600098 0.00872084
v -0.03359375 -0.07600098 0.00526381
v -0.03390625 -0.07600098 0.00176772
v -0.03390625 -0.07600098 -0.00176744
v 0.12406251 -0.07600098 -0.01836900
v -0.03359375 -0.07600098 -0.00526353
v -0.03281250 -0.07600098 -0.00870103
v -0.03187500 -0.07600098 -0.01206041
v -0.03046875 -0.07600098 -0.01530259
v -0.02875000 -0.07600098 -0.01836900
v 0.07921875 0.01192871 0.03356459
v 0.08296875 0.01201660 0.03491225
v 0.07921875 0.01141113 0.03510756
v 0.07921875 0.01141113 0.03510756
v 0.08296875 0.01201660 0.03491225
v 0.08203125 0.01118652 0.03688491
v 0.07921875 0.01141113 0.03510756
v 0.08203125 0.01118652 0.03688491
v 0.07921875 0.01062988 0.03674819
v 0.07921875 0.01062988 0.03674819
v 0.08203125 0.01118652 0.03688491
v 0.08140625 0.00997559 0.03870131
v 0.07921875 0.01062988 0.03674819
v 0.08140625 0.00997559 0.03870131
v 0.07921875 0.00951660 0.03842787
v 0.07921875 0.00951660 0.03842787
v 0.08140625 0.00997559 0.03870131
v 0.08062500 0.00842285 0.04026381
v 0.07921875 0.00951660 0.03842787
v 0.08062500 0.00842285 0.04026381
v 0.07921875 0.00824707 0.03983412
v 0.07921875 0.00824707 0.03983412
v 0.08062500 0.00842285 0.04026381
v 0.07921875 0.00679199 0.04102553
v 0.07921875 0.00679199 0.04102553
v 0.08062500 0.00842285 0.04026381
v 0.08015625 0.00657715 0.04153334
v 0.07921875 0.00679199 0.04102553
v 0.08015625 0.00657715 0.04153334
v 0.07921875 0.00517090 0.04200209
v 0.07921875 0.00517090 0.04200209
v 0.08015625 0.00657715 0.04153334
v 0.07968750 0.00451660 0.04249037
v 0.07921875 0.00517090 0.04200209
v 0.07968750 0.00451660 0.04249037
v 0.07921875 0.00354004 0.04266616
v 0.07921875 0.00354004 0.04266616
v 0.07968750 0.00451660 0.04249037
v 0.07953125 0.00229004 0.04305678
v 0.07921875 0.00354004 0.04266616
v 0.07953125 0.00229004 0.04305678
v 0.07921875 0.00176270 0.04307631
v 0.07921875 0.00176270 0.04307631
v 0.07953125 0.00229004 0.04305678
v 0.07921875 0.00057129 0.04321303
v 0.07921875 0.00057129 0.04321303
v 0.07953125 0.00229004 0.04305678
v 0.07937500 -0.00000488 0.04327162
v 0.07921875 0.00057129 0.04321303
v 0.07937500 -0.00000488 0.04327162
v 0.07921875 -0.00057129 0.04321303
v 0.07921875 -0.00057129 0.04321303
v 0.07937500 -0.00000488 0.04327162
v 0.07953125 -0.00229981 0.04305678
v 0.07921875 -0.00057129 0.04321303
v 0.07953125 -0.00229981 0.04305678
v 0.07921875 -0.00236816 0.04297866
v 0.07921875 -0.00236816 0.04297866
v 0.07953125 -0.00229981 0.04305678
v 0.07921875 -0.00410645 0.04247084
v 0.07921875 -0.00410645 0.04247084
v 0.07953125 -0.00229981 0.04305678
v 0.07968750 -0.00451660 0.04249037
v 0.07921875 -0.00410645 0.04247084
v 0.07968750 -0.00451660 0.04249037
v 0.07921875 -0.00572754 0.04170912
v 0.07921875 -0.00572754 0.04170912
v 0.07968750 -0.00451660 0.04249037
v 0.08015625 -0.00658691 0.04153334
v 0.07921875 -0.00572754 0.04170912
v 0.08015625 -0.00658691 0.04153334
v 0.07921875 -0.00730957 0.04065444
v 0.07921875 -0.00730957 0.04065444
v 0.08015625 -0.00658691 0.04153334
v 0.08062500 -0.00842285 0.04026381
v 0.07921875 -0.00730957 0.04065444
v 0.08062500 -0.00842285 0.04026381
v 0.07921875 -0.00867676 0.03940444
v 0.07921875 -0.00867676 0.03940444
v 0.08062500 -0.00842285 0.04026381
v 0.07921875 -0.00951660 0.03842787
v 0.07921875 -0.00951660 0.03842787
v 0.08062500 -0.00842285 0.04026381
v 0.08140625 -0.00997559 0.03870131
v 0.07921875 -0.00951660 0.03842787
v 0.08140625 -0.00997559 0.03870131
v 0.07921875 -0.01063965 0.03674819
v 0.07921875 -0.01063965 0.03674819
v 0.08140625 -0.00997559 0.03870131
v 0.08203125 -0.01119629 0.03688491
v 0.07921875 -0.01063965 0.03674819
v 0.08203125 -0.01119629 0.03688491
v 0.07921875 -0.01142090 0.03510756
v 0.07921875 -0.01142090 0.03510756
v 0.08203125 -0.01119629 0.03688491
v 0.08296875 -0.01202637 0.03491225
v 0.07921875 -0.01142090 0.03510756
v 0.08296875 -0.01202637 0.03491225
v 0.07921875 -0.01193848 0.03356459
v 0.07921875 -0.01193848 0.03356459
v 0.08296875 -0.01202637 0.03491225
v 0.07921875 -0.01229980 0.03190444
v 0.07921875 -0.01229980 0.03190444
v 0.08296875 -0.01202637 0.03491225
v 0.08390625 -0.01244629 0.03282241
v 0.07921875 -0.01229980 0.03190444
v 0.08390625 -0.01244629 0.03282241
v 0.07921875 -0.01248535 0.03022475
v 0.07921875 -0.01248535 0.03022475
v 0.08390625 -0.01244629 0.03282241
v 0.08468750 -0.01244629 0.03069350
v 0.07921875 -0.01248535 0.03022475
v 0.08468750 -0.01244629 0.03069350
v 0.07921875 -0.01247559 0.02862319
v 0.07921875 -0.01247559 0.02862319
v 0.08468750 -0.01244629 0.03069350
v 0.07921875 -0.01228027 0.02694350
v 0.07921875 -0.01228027 0.02694350
v 0.08468750 -0.01244629 0.03069350
v 0.08562500 -0.01202637 0.02862319
v 0.07921875 -0.01228027 0.02694350
v 0.08562500 -0.01202637 0.02862319
v 0.08015625 -0.01202637 0.02608413
v 0.08015625 -0.01202637 0.02608413
v 0.08562500 -0.01202637 0.02862319
v 0.08640625 -0.01119629 0.02663100
v 0.08109375 -0.01119629 0.02415053
v 0.08109375 -0.01119629 0.02415053
v 0.08640625 -0.01119629 0.02663100
v 0.08718750 -0.00997559 0.02483413
v 0.08109375 -0.01119629 0.02415053
v 0.08718750 -0.00997559 0.02483413
v 0.08203125 -0.00997559 0.02239272
v 0.08203125 -0.00997559 0.02239272
v 0.08718750 -0.00997559 0.02483413
v 0.08796875 -0.00842285 0.02327163
v 0.08203125 -0.00997559 0.02239272
v 0.08796875 -0.00842285 0.02327163
v 0.08265625 -0.00842285 0.02086928
v 0.08265625 -0.00842285 0.02086928
v 0.08796875 -0.00842285 0.02327163
v 0.08843750 -0.00658691 0.02198256
v 0.08265625 -0.00842285 0.02086928
v 0.08843750 -0.00658691 0.02198256
v 0.08328125 -0.00658691 0.01961928
v 0.08328125 -0.00658691 0.01961928
v 0.08843750 -0.00658691 0.02198256
v 0.08890625 -0.00451660 0.02104506
v 0.08328125 -0.00658691 0.01961928
v 0.08890625 -0.00451660 0.02104506
v 0.08375000 -0.00451660 0.01870131
v 0.08375000 -0.00451660 0.01870131
v 0.08890625 -0.00451660 0.02104506
v 0.08906250 -0.00229981 0.02045913
v 0.08375000 -0.00451660 0.01870131
v 0.08906250 -0.00229981 0.02045913
v 0.08406250 -0.00229981 0.01813491
v 0.08406250 -0.00229981 0.01813491
v 0.08906250 -0.00229981 0.02045913
v 0.08921875 -0.00000488 0.02026381
v 0.08406250 -0.00229981 0.01813491
v 0.08921875 -0.00000488 0.02026381
v 0.08421875 -0.00000488 0.01795913
v 0.08421875 -0.00000488 0.01795913
v 0.08921875 -0.00000488 0.02026381
v 0.08906250 0.00229004 0.02045913
v 0.08421875 -0.00000488 0.01795913
v 0.08906250 0.00229004 0.02045913
v 0.08406250 0.00229004 0.01813491
v 0.08406250 0.00229004 0.01813491
v 0.08906250 0.00229004 0.02045913
v 0.08890625 0.00451660 0.02104506
v 0.08406250 0.00229004 0.01813491
v 0.08890625 0.00451660 0.02104506
v 0.08375000 0.00451660 0.01870131
v 0.08375000 0.00451660 0.01870131
v 0.08890625 0.00451660 0.02104506
v 0.08843750 0.00657715 0.02198256
v 0.08328125 0.00657715 0.01961928
v 0.08328125 0.00657715 0.01961928
v 0.08843750 0.00657715 0.02198256
v 0.08796875 0.00842285 0.02327163
v 0.08265625 0.00842285 0.02086928
v 0.08265625 0.00842285 0.02086928
v 0.08796875 0.00842285 0.02327163
v 0.08718750 0.00997559 0.02483413
v 0.08265625 0.00842285 0.02086928
v 0.08718750 0.00997559 0.02483413
v 0.08203125 0.00997559 0.02239272
v 0.08203125 0.00997559 0.02239272
v 0.08718750 0.00997559 0.02483413
v 0.08640625 0.01118652 0.02663100
v 0.08203125 0.00997559 0.02239272
v 0.08640625 0.01118652 0.02663100
v 0.08109375 0.01118652 0.02415053
v 0.08109375 0.01118652 0.02415053
v 0.08640625 0.01118652 0.02663100
v 0.08562500 0.01201660 0.02862319
v 0.08015625 0.01201660 0.02608413
v 0.08015625 0.01201660 0.02608413
v 0.08562500 0.01201660 0.02862319
v 0.07921875 0.01227051 0.02694350
v 0.08015625 0.01201660 0.02608413
v 0.07921875 0.01227051 0.02694350
v 0.07921875 0.01190918 0.02526381
v 0.07921875 0.01192871 0.03356459
v 0.07921875 0.01229004 0.03190444
v 0.08296875 0.01201660 0.03491225
v 0.08296875 0.01201660 0.03491225
v 0.07921875 0.01229004 0.03190444
v 0.08390625 0.01244629 0.03282241
v 0.08890625 0.01201660 0.03727553
v 0.08968750 0.01244629 0.03512709
v 0.08890625 0.01201660 0.03727553
v 0.08968750 0.01244629 0.03512709
v 0.09500000 0.01201660 0.03926772
v 0.09500000 0.01201660 0.03926772
v 0.08968750 0.01244629 0.03512709
v 0.09578125 0.01244629 0.03709975
v 0.09500000 0.01201660 0.03926772
v 0.09578125 0.01244629 0.03709975
v 0.10125000 0.01201660 0.04092787
v 0.10187500 0.01244629 0.03872084
v 0.10125000 0.01201660 0.04092787
v 0.10187500 0.01244629 0.03872084
v 0.10765631 0.01201660 0.04221694
v 0.10796881 0.01244629 0.03999037
v 0.10765631 0.01201660 0.04221694
v 0.10796881 0.01244629 0.03999037
v 0.11390631 0.01201660 0.04315444
v 0.11390631 0.01201660 0.04315444
v 0.10796881 0.01244629 0.03999037
v 0.11421881 0.01244629 0.04090834
v 0.11390631 0.01201660 0.04315444
v 0.11421881 0.01244629 0.04090834
v 0.12046881 0.01201660 0.04372084
v 0.12046881 0.01244629 0.04145522
v 0.12046881 0.01201660 0.04372084
v 0.12046881 0.01244629 0.04145522
v 0.12687501 0.01201660 0.04391616
v 0.12687501 0.01201660 0.04391616
v 0.12046881 0.01244629 0.04145522
v 0.12687501 0.01244629 0.04163100
v 0.12687501 0.01201660 0.04391616
v 0.12687501 0.01244629 0.04163100
v 0.13328121 0.01201660 0.04372084
v 0.13328121 0.01201660 0.04372084
v 0.12687501 0.01244629 0.04163100
v 0.13312501 0.01244629 0.04147475
v 0.13328121 0.01201660 0.04372084
v 0.13312501 0.01244629 0.04147475
v 0.13968751 0.01201660 0.04319350
v 0.13968751 0.01201660 0.04319350
v 0.13312501 0.01244629 0.04147475
v 0.13937501 0.01244629 0.04092787
v 0.13968751 0.01201660 0.04319350
v 0.13937501 0.01244629 0.04092787
v 0.14609371 0.01201660 0.04227553
v 0.14562501 0.01244629 0.04002944
v 0.14609371 0.01201660 0.04227553
v 0.14562501 0.01244629 0.04002944
v 0.15234371 0.01201660 0.04098647
v 0.15187501 0.01244629 0.03877944
v 0.15234371 0.01201660 0.04098647
v 0.15187501 0.01244629 0.03877944
v 0.15859371 0.01201660 0.03934584
v 0.15796871 0.01244629 0.03717787
v 0.15859371 0.01201660 0.03934584
v 0.15796871 0.01244629 0.03717787
v 0.16468751 0.01201660 0.03735366
v 0.16406251 0.01244629 0.03522475
v 0.16468751 0.01201660 0.03735366
v 0.16406251 0.01244629 0.03522475
v 0.17078121 0.01201660 0.03502944
v 0.17078121 0.01201660 0.03502944
v 0.16406251 0.01244629 0.03522475
v 0.16984371 0.01244629 0.03293959
v 0.17078121 0.01201660 0.03502944
v 0.16984371 0.01244629 0.03293959
v 0.17656251 0.01201660 0.03233412
v 0.17562501 0.01244629 0.03030288
v 0.17656251 0.01201660 0.03233412
v 0.17562501 0.01244629 0.03030288
v 0.18234371 0.01201660 0.02932631
v 0.18125001 0.01244629 0.02735366
v 0.18234371 0.01201660 0.02932631
v 0.18125001 0.01244629 0.02735366
v 0.18781251 0.01201660 0.02598647
v 0.18656251 0.01244629 0.02409194
v 0.18781251 0.01201660 0.02598647
v 0.18656251 0.01244629 0.02409194
v 0.19187501 0.01244629 0.02049819
v 0.19187501 0.01244629 0.02049819
v 0.18656251 0.01244629 0.02409194
v 0.19046871 0.01244629 0.01862319
v 0.19531251 0.01245605 0.01774428
v 0.19531251 0.01245605 0.01774428
v 0.19046871 0.01244629 0.01862319
v 0.19531251 0.01243652 0.01477553
v 0.19531251 0.01243652 0.01477553
v 0.19046871 0.01244629 0.01862319
v 0.18906251 0.01201660 0.01680678
v 0.19531251 0.01243652 0.01477553
v 0.18906251 0.01201660 0.01680678
v 0.19390621 0.01201660 0.01311537
v 0.19390621 0.01201660 0.01311537
v 0.18906251 0.01201660 0.01680678
v 0.19250001 0.01118652 0.01145522
v 0.19390621 0.01201660 0.01311537
v 0.19250001 0.01118652 0.01145522
v 0.19531251 0.01199707 0.01184584
v 0.19531251 0.01199707 0.01184584
v 0.19250001 0.01118652 0.01145522
v 0.19546871 0.01119629 0.00901381
v 0.19546871 0.01119629 0.00901381
v 0.19250001 0.01118652 0.01145522
v 0.19125001 0.00997559 0.00995131
v 0.19546871 0.01119629 0.00901381
v 0.19125001 0.00997559 0.00995131
v 0.19562501 0.01007324 0.00637709
v 0.19562501 0.01007324 0.00637709
v 0.19125001 0.00997559 0.00995131
v 0.19453121 0.00842285 0.00487319
v 0.19562501 0.01007324 0.00637709
v 0.19453121 0.00842285 0.00487319
v 0.19578121 0.00864746 0.00399428
v 0.19578121 0.00864746 0.00399428
v 0.19453121 0.00842285 0.00487319
v 0.19593751 0.00695801 0.00192397
v 0.19593751 0.00695801 0.00192397
v 0.19453121 0.00842285 0.00487319
v 0.19359371 0.00657715 0.00383803
v 0.19593751 0.00695801 0.00192397
v 0.19359371 0.00657715 0.00383803
v 0.19609371 0.00598145 0.00102553
v 0.19609371 0.00598145 0.00102553
v 0.19359371 0.00657715 0.00383803
v 0.19281251 0.00451660 0.00309584
v 0.19609371 0.00598145 0.00102553
v 0.19281251 0.00451660 0.00309584
v 0.19609371 0.00492676 0.00022475
v 0.19609371 0.00492676 0.00022475
v 0.19281251 0.00451660 0.00309584
v 0.19609371 0.00378418 -0.00045884
v 0.19609371 0.00378418 -0.00045884
v 0.19281251 0.00451660 0.00309584
v 0.19250001 0.00229004 0.00262709
v 0.19609371 0.00378418 -0.00045884
v 0.19250001 0.00229004 0.00262709
v 0.19625001 0.00258301 -0.00096666
v 0.19625001 0.00258301 -0.00096666
v 0.19250001 0.00229004 0.00262709
v 0.19625001 0.00130371 -0.00127916
v 0.19625001 0.00130371 -0.00127916
v 0.19250001 0.00229004 0.00262709
v 0.19234371 -0.00000488 0.00247084
v 0.19625001 0.00130371 -0.00127916
v 0.19234371 -0.00000488 0.00247084
v 0.19625001 -0.00000488 -0.00139634
v 0.19625001 -0.00000488 -0.00139634
v 0.19234371 -0.00000488 0.00247084
v 0.19250001 -0.00229981 0.00262709
v 0.19625001 -0.00000488 -0.00139634
v 0.19250001 -0.00229981 0.00262709
v 0.19625001 -0.00130371 -0.00127916
v 0.19625001 -0.00130371 -0.00127916
v 0.19250001 -0.00229981 0.00262709
v 0.19625001 -0.00258301 -0.00096666
v 0.19625001 -0.00258301 -0.00096666
v 0.19250001 -0.00229981 0.00262709
v 0.19609371 -0.00379395 -0.00045884
v 0.19609371 -0.00379395 -0.00045884
v 0.19250001 -0.00229981 0.00262709
v 0.19281251 -0.00451660 0.00309584
v 0.19609371 -0.00379395 -0.00045884
v 0.19281251 -0.00451660 0.00309584
v 0.19609371 -0.00493652 0.00022475
v 0.19609371 -0.00493652 0.00022475
v 0.19281251 -0.00451660 0.00309584
v 0.19609371 -0.00599121 0.00102553
v 0.19609371 -0.00599121 0.00102553
v 0.19281251 -0.00451660 0.00309584
v 0.19359371 -0.00658691 0.00383803
v 0.19609371 -0.00599121 0.00102553
v 0.19359371 -0.00658691 0.00383803
v 0.19593751 -0.00696777 0.00194350
v 0.19593751 -0.00696777 0.00194350
v 0.19359371 -0.00658691 0.00383803
v 0.19453121 -0.00842285 0.00487319
v 0.19593751 -0.00696777 0.00194350
v 0.19453121 -0.00842285 0.00487319
v 0.19578121 -0.00865723 0.00399428
v 0.19578121 -0.00865723 0.00399428
v 0.19453121 -0.00842285 0.00487319
v 0.19125001 -0.00997559 0.00993178
v 0.19578121 -0.00865723 0.00399428
v 0.19125001 -0.00997559 0.00993178
v 0.19562501 -0.01006348 0.00635756
v 0.19562501 -0.01006348 0.00635756
v 0.19125001 -0.00997559 0.00993178
v 0.19250001 -0.01119629 0.01143569
v 0.19562501 -0.01006348 0.00635756
v 0.19250001 -0.01119629 0.01143569
v 0.19546871 -0.01119629 0.00897475
v 0.19546871 -0.01119629 0.00897475
v 0.19250001 -0.01119629 0.01143569
v 0.19531251 -0.01199707 0.01178725
v 0.19531251 -0.01199707 0.01178725
v 0.19250001 -0.01119629 0.01143569
v 0.19390621 -0.01202637 0.01309584
v 0.19531251 -0.01199707 0.01178725
v 0.19390621 -0.01202637 0.01309584
v 0.19531251 -0.01242676 0.01469741
v 0.18906251 -0.01202637 0.01680678
v 0.19531251 -0.01242676 0.01469741
v 0.18906251 -0.01202637 0.01680678
v 0.19046871 -0.01244629 0.01862319
v 0.19046871 -0.01244629 0.01862319
v 0.18906251 -0.01202637 0.01680678
v 0.18531251 -0.01244629 0.02213881
v 0.19046871 -0.01244629 0.01862319
v 0.18531251 -0.01244629 0.02213881
v 0.18656251 -0.01244629 0.02409194
v 0.18125001 -0.01244629 0.02735366
v 0.18656251 -0.01244629 0.02409194
v 0.18125001 -0.01244629 0.02735366
v 0.18234371 -0.01202637 0.02932631
v 0.18234371 -0.01202637 0.02932631
v 0.18125001 -0.01244629 0.02735366
v 0.17656251 -0.01202637 0.03233412
v 0.18234371 -0.01202637 0.02932631
v 0.17656251 -0.01202637 0.03233412
v 0.17750001 -0.01119629 0.03426772
v 0.17750001 -0.01119629 0.03426772
v 0.17656251 -0.01202637 0.03233412
v 0.17156251 -0.01119629 0.03700209
v 0.17750001 -0.01119629 0.03426772
v 0.17156251 -0.01119629 0.03700209
v 0.17234371 -0.00997559 0.03881850
v 0.17234371 -0.00997559 0.03881850
v 0.17156251 -0.01119629 0.03700209
v 0.16609371 -0.00997559 0.04124037
v 0.17234371 -0.00997559 0.03881850
v 0.16609371 -0.00997559 0.04124037
v 0.16671871 -0.00842285 0.04284194
v 0.16671871 -0.00842285 0.04284194
v 0.16609371 -0.00997559 0.04124037
v 0.16031251 -0.00842285 0.04493178
v 0.16671871 -0.00842285 0.04284194
v 0.16031251 -0.00842285 0.04493178
v 0.16062501 -0.00658691 0.04627944
v 0.16062501 -0.00658691 0.04627944
v 0.16031251 -0.00842285 0.04493178
v 0.15406251 -0.00658691 0.04801772
v 0.16062501 -0.00658691 0.04627944
v 0.15406251 -0.00658691 0.04801772
v 0.15421871 -0.00451660 0.04901381
v 0.15421871 -0.00451660 0.04901381
v 0.15406251 -0.00658691 0.04801772
v 0.14750001 -0.00451660 0.05038100
v 0.15421871 -0.00451660 0.04901381
v 0.14750001 -0.00451660 0.05038100
v 0.14765621 -0.00229981 0.05100600
v 0.14765621 -0.00229981 0.05100600
v 0.14750001 -0.00451660 0.05038100
v 0.14078121 -0.00229981 0.05200209
v 0.14765621 -0.00229981 0.05100600
v 0.14078121 -0.00229981 0.05200209
v 0.14078121 -0.00000488 0.05219741
v 0.14078121 -0.00000488 0.05219741
v 0.14078121 -0.00229981 0.05200209
v 0.13375001 -0.00000488 0.05280287
v 0.14078121 -0.00000488 0.05219741
v 0.13375001 -0.00000488 0.05280287
v 0.13375001 0.00229004 0.05258803
v 0.13375001 0.00229004 0.05258803
v 0.13375001 -0.00000488 0.05280287
v 0.12687501 0.00229004 0.05276381
v 0.13375001 0.00229004 0.05258803
v 0.12687501 0.00229004 0.05276381
v 0.12687501 0.00451660 0.05213881
v 0.12687501 0.00451660 0.05213881
v 0.12687501 0.00229004 0.05276381
v 0.11984381 0.00451660 0.05194350
v 0.12687501 0.00451660 0.05213881
v 0.11984381 0.00451660 0.05194350
v 0.12000001 0.00657715 0.05090834
v 0.12000001 0.00657715 0.05090834
v 0.11984381 0.00451660 0.05194350
v 0.11312501 0.00657715 0.05030287
v 0.12000001 0.00657715 0.05090834
v 0.11312501 0.00657715 0.05030287
v 0.11328131 0.00842285 0.04893569
v 0.11328131 0.00842285 0.04893569
v 0.11312501 0.00657715 0.05030287
v 0.10656251 0.00842285 0.04795912
v 0.11328131 0.00842285 0.04893569
v 0.10656251 0.00842285 0.04795912
v 0.10687501 0.00997559 0.04627944
v 0.10687501 0.00997559 0.04627944
v 0.10656251 0.00842285 0.04795912
v 0.10031250 0.00997559 0.04493178
v 0.10687501 0.00997559 0.04627944
v 0.10031250 0.00997559 0.04493178
v 0.10078131 0.01118652 0.04301772
v 0.10078131 0.01118652 0.04301772
v 0.10031250 0.00997559 0.04493178
v 0.09453125 0.01118652 0.04133803
v 0.10078131 0.01118652 0.04301772
v 0.09453125 0.01118652 0.04133803
v 0.09500000 0.01201660 0.03926772
v 0.09500000 0.01201660 0.03926772
v 0.09453125 0.01118652 0.04133803
v 0.08890625 0.01201660 0.03727553
v 0.07921875 0.01229004 0.03190444
v 0.07921875 0.01247559 0.03022475
v 0.08390625 0.01244629 0.03282241
v 0.08390625 0.01244629 0.03282241
v 0.07921875 0.01247559 0.03022475
v 0.08468750 0.01244629 0.03069350
v 0.08390625 0.01244629 0.03282241
v 0.08468750 0.01244629 0.03069350
v 0.08968750 0.01244629 0.03512709
v 0.09046875 0.01244629 0.03295912
v 0.09578125 0.01244629 0.03709975
v 0.09640625 0.01244629 0.03489272
v 0.10187500 0.01244629 0.03872084
v 0.10234381 0.01244629 0.03647475
v 0.10796881 0.01244629 0.03999037
v 0.10843751 0.01244629 0.03772475
v 0.11421881 0.01244629 0.04090834
v 0.11453131 0.01244629 0.03860366
v 0.12046881 0.01244629 0.04145522
v 0.12062501 0.01244629 0.03915053
v 0.12687501 0.01244629 0.04163100
v 0.12687501 0.01244629 0.03932631
v 0.13312501 0.01244629 0.04147475
v 0.13296871 0.01244629 0.03917006
v 0.13937501 0.01244629 0.04092787
v 0.13921871 0.01244629 0.03864272
v 0.14562501 0.01244629 0.04002944
v 0.14531251 0.01244629 0.03776381
v 0.15187501 0.01244629 0.03877944
v 0.15140621 0.01244629 0.03653334
v 0.15796871 0.01244629 0.03717787
v 0.15734371 0.01244629 0.03497084
v 0.16406251 0.01244629 0.03522475
v 0.16328121 0.01244629 0.03305678
v 0.16984371 0.01244629 0.03293959
v 0.16890621 0.01244629 0.03081069
v 0.17562501 0.01244629 0.03030288
v 0.17453121 0.01244629 0.02823256
v 0.18125001 0.01244629 0.02735366
v 0.18000001 0.01244629 0.02534194
v 0.18531251 0.01244629 0.02213881
v 0.19046871 0.01244629 0.01862319
v 0.18531251 0.01244629 0.02213881
v 0.18906251 0.01201660 0.01680678
v 0.07921875 0.01247559 0.03022475
v 0.07921875 0.01246582 0.02862319
v 0.08468750 0.01244629 0.03069350
v 0.08468750 0.01244629 0.03069350
v 0.07921875 0.01246582 0.02862319
v 0.07921875 0.01227051 0.02694350
v 0.08468750 0.01244629 0.03069350
v 0.07921875 0.01227051 0.02694350
v 0.08562500 0.01201660 0.02862319
v 0.08015625 0.01201660 0.02608413
v 0.07921875 0.01190918 0.02526381
v 0.08109375 0.01118652 0.02415053
v 0.08109375 0.01118652 0.02415053
v 0.07921875 0.01190918 0.02526381
v 0.07921875 0.01139160 0.02372084
v 0.08109375 0.01118652 0.02415053
v 0.07921875 0.01139160 0.02372084
v 0.07921875 0.01067871 0.02223647
v 0.08109375 0.01118652 0.02415053
v 0.07921875 0.01067871 0.02223647
v 0.08203125 0.00997559 0.02239272
v 0.08203125 0.00997559 0.02239272
v 0.07921875 0.01067871 0.02223647
v 0.07921875 0.00979004 0.02077163
v 0.08203125 0.00997559 0.02239272
v 0.07921875 0.00979004 0.02077163
v 0.08265625 0.00842285 0.02086928
v 0.08265625 0.00842285 0.02086928
v 0.07921875 0.00979004 0.02077163
v 0.07921875 0.00877442 0.01946303
v 0.08265625 0.00842285 0.02086928
v 0.07921875 0.00877442 0.01946303
v 0.07921875 0.00761231 0.01833022
v 0.08265625 0.00842285 0.02086928
v 0.07921875 0.00761231 0.01833022
v 0.08328125 0.00657715 0.01961928
v 0.08328125 0.00657715 0.01961928
v 0.07921875 0.00761231 0.01833022
v 0.07921875 0.00625488 0.01729506
v 0.08328125 0.00657715 0.01961928
v 0.07921875 0.00625488 0.01729506
v 0.08375000 0.00451660 0.01870131
v 0.08375000 0.00451660 0.01870131
v 0.07921875 0.00625488 0.01729506
v 0.07921875 0.00480957 0.01645522
v 0.08375000 0.00451660 0.01870131
v 0.07921875 0.00480957 0.01645522
v 0.07921875 0.00329590 0.01586928
v 0.08375000 0.00451660 0.01870131
v 0.07921875 0.00329590 0.01586928
v 0.08406250 0.00229004 0.01813491
v 0.08406250 0.00229004 0.01813491
v 0.07921875 0.00329590 0.01586928
v 0.07921875 0.00163574 0.01549819
v 0.08406250 0.00229004 0.01813491
v 0.07921875 0.00163574 0.01549819
v 0.08421875 -0.00000488 0.01795913
v 0.08421875 -0.00000488 0.01795913
v 0.07921875 0.00163574 0.01549819
v 0.07921875 -0.00000488 0.01536147
v 0.08421875 -0.00000488 0.01795913
v 0.07921875 -0.00000488 0.01536147
v 0.07921875 -0.00164551 0.01549819
v 0.08421875 -0.00000488 0.01795913
v 0.07921875 -0.00164551 0.01549819
v 0.08406250 -0.00229981 0.01813491
v 0.08406250 -0.00229981 0.01813491
v 0.07921875 -0.00164551 0.01549819
v 0.07921875 -0.00330566 0.01586928
v 0.08406250 -0.00229981 0.01813491
v 0.07921875 -0.00330566 0.01586928
v 0.08375000 -0.00451660 0.01870131
v 0.08375000 -0.00451660 0.01870131
v 0.07921875 -0.00330566 0.01586928
v 0.07921875 -0.00481934 0.01645522
v 0.08375000 -0.00451660 0.01870131
v 0.07921875 -0.00481934 0.01645522
v 0.07921875 -0.00625488 0.01729506
v 0.08375000 -0.00451660 0.01870131
v 0.07921875 -0.00625488 0.01729506
v 0.08328125 -0.00658691 0.01961928
v 0.08328125 -0.00658691 0.01961928
v 0.07921875 -0.00625488 0.01729506
v 0.07921875 -0.00761231 0.01833022
v 0.08328125 -0.00658691 0.01961928
v 0.07921875 -0.00761231 0.01833022
v 0.08265625 -0.00842285 0.02086928
v 0.08265625 -0.00842285 0.02086928
v 0.07921875 -0.00761231 0.01833022
v 0.07921875 -0.00877442 0.01946303
v 0.08265625 -0.00842285 0.02086928
v 0.07921875 -0.00877442 0.01946303
v 0.07921875 -0.00979004 0.02077163
v 0.08265625 -0.00842285 0.02086928
v 0.07921875 -0.00979004 0.02077163
v 0.08203125 -0.00997559 0.02239272
v 0.08203125 -0.00997559 0.02239272
v 0.07921875 -0.00979004 0.02077163
v 0.07921875 -0.01068848 0.02223647
v 0.08203125 -0.00997559 0.02239272
v 0.07921875 -0.01068848 0.02223647
v 0.08109375 -0.01119629 0.02415053
v 0.08109375 -0.01119629 0.02415053
v 0.07921875 -0.01068848 0.02223647
v 0.07921875 -0.01140137 0.02372084
v 0.08109375 -0.01119629 0.02415053
v 0.07921875 -0.01140137 0.02372084
v 0.07921875 -0.01190918 0.02526381
v 0.08109375 -0.01119629 0.02415053
v 0.07921875 -0.01190918 0.02526381
v 0.08015625 -0.01202637 0.02608413
v 0.08015625 -0.01202637 0.02608413
v 0.07921875 -0.01190918 0.02526381
v 0.07921875 -0.01228027 0.02694350
v 0.19531251 0.01199707 0.01184584
v 0.19531251 0.01245605 0.01774428
v 0.19531251 0.01230957 0.01920913
v 0.19187501 0.01244629 0.02049819
v 0.19187501 0.01244629 0.02049819
v 0.19531251 0.01230957 0.01920913
v 0.19312501 0.01201660 0.02231459
v 0.19187501 0.01244629 0.02049819
v 0.19312501 0.01201660 0.02231459
v 0.18781251 0.01201660 0.02598647
v 0.18781251 0.01201660 0.02598647
v 0.19312501 0.01201660 0.02231459
v 0.18906251 0.01118652 0.02780288
v 0.18781251 0.01201660 0.02598647
v 0.18906251 0.01118652 0.02780288
v 0.18234371 0.01201660 0.02932631
v 0.18234371 0.01201660 0.02932631
v 0.18906251 0.01118652 0.02780288
v 0.18343751 0.01118652 0.03120131
v 0.18234371 0.01201660 0.02932631
v 0.18343751 0.01118652 0.03120131
v 0.17656251 0.01201660 0.03233412
v 0.17750001 0.01118652 0.03426772
v 0.17656251 0.01201660 0.03233412
v 0.17750001 0.01118652 0.03426772
v 0.17078121 0.01201660 0.03502944
v 0.17156251 0.01118652 0.03700209
v 0.17078121 0.01201660 0.03502944
v 0.17156251 0.01118652 0.03700209
v 0.16468751 0.01201660 0.03735366
v 0.16468751 0.01201660 0.03735366
v 0.17156251 0.01118652 0.03700209
v 0.16546871 0.01118652 0.03938491
v 0.16468751 0.01201660 0.03735366
v 0.16546871 0.01118652 0.03938491
v 0.15859371 0.01201660 0.03934584
v 0.15921871 0.01118652 0.04141616
v 0.15859371 0.01201660 0.03934584
v 0.15921871 0.01118652 0.04141616
v 0.15234371 0.01201660 0.04098647
v 0.15281251 0.01118652 0.04309584
v 0.15234371 0.01201660 0.04098647
v 0.15281251 0.01118652 0.04309584
v 0.14609371 0.01201660 0.04227553
v 0.14609371 0.01201660 0.04227553
v 0.15281251 0.01118652 0.04309584
v 0.14640621 0.01118652 0.04438491
v 0.14609371 0.01201660 0.04227553
v 0.14640621 0.01118652 0.04438491
v 0.13968751 0.01201660 0.04319350
v 0.14000001 0.01118652 0.04532241
v 0.13968751 0.01201660 0.04319350
v 0.14000001 0.01118652 0.04532241
v 0.13328121 0.01201660 0.04372084
v 0.13343751 0.01118652 0.04586928
v 0.13328121 0.01201660 0.04372084
v 0.13343751 0.01118652 0.04586928
v 0.12687501 0.01201660 0.04391616
v 0.12687501 0.01118652 0.04606459
v 0.12687501 0.01201660 0.04391616
v 0.12687501 0.01118652 0.04606459
v 0.12046881 0.01201660 0.04372084
v 0.12031251 0.01118652 0.04586928
v 0.12046881 0.01201660 0.04372084
v 0.12031251 0.01118652 0.04586928
v 0.11390631 0.01201660 0.04315444
v 0.11375001 0.01118652 0.04528334
v 0.11390631 0.01201660 0.04315444
v 0.11375001 0.01118652 0.04528334
v 0.10765631 0.01201660 0.04221694
v 0.10765631 0.01201660 0.04221694
v 0.11375001 0.01118652 0.04528334
v 0.10718751 0.01118652 0.04434584
v 0.10765631 0.01201660 0.04221694
v 0.10718751 0.01118652 0.04434584
v 0.10125000 0.01201660 0.04092787
v 0.10078131 0.01118652 0.04301772
v 0.10125000 0.01201660 0.04092787
v 0.19531251 0.01230957 0.01920913
v 0.19531251 0.01203613 0.02065444
v 0.19312501 0.01201660 0.02231459
v 0.19312501 0.01201660 0.02231459
v 0.19531251 0.01203613 0.02065444
v 0.19531251 0.01165527 0.02206069
v 0.19312501 0.01201660 0.02231459
v 0.19531251 0.01165527 0.02206069
v 0.19453121 0.01118652 0.02405288
v 0.19453121 0.01118652 0.02405288
v 0.19531251 0.01165527 0.02206069
v 0.19546871 0.01113770 0.02342788
v 0.19453121 0.01118652 0.02405288
v 0.19546871 0.01113770 0.02342788
v 0.19546871 0.01050293 0.02475600
v 0.19562501 0.00974121 0.02598647
v 0.19000001 0.00997559 0.02944350
v 0.19546871 0.01050293 0.02475600
v 0.19546871 0.01050293 0.02475600
v 0.19000001 0.00997559 0.02944350
v 0.18906251 0.01118652 0.02780288
v 0.19546871 0.01050293 0.02475600
v 0.18906251 0.01118652 0.02780288
v 0.19453121 0.01118652 0.02405288
v 0.19453121 0.01118652 0.02405288
v 0.19562501 0.00974121 0.02598647
v 0.19578121 0.00885254 0.02713881
v 0.19000001 0.00997559 0.02944350
v 0.19000001 0.00997559 0.02944350
v 0.19578121 0.00885254 0.02713881
v 0.19093751 0.00842285 0.03088881
v 0.19000001 0.00997559 0.02944350
v 0.19093751 0.00842285 0.03088881
v 0.18437501 0.00997559 0.03290053
v 0.18437501 0.00997559 0.03290053
v 0.19093751 0.00842285 0.03088881
v 0.18515621 0.00842285 0.03438491
v 0.18437501 0.00997559 0.03290053
v 0.18515621 0.00842285 0.03438491
v 0.17843751 0.00997559 0.03602553
v 0.17843751 0.00997559 0.03602553
v 0.18515621 0.00842285 0.03438491
v 0.17921871 0.00842285 0.03754897
v 0.17843751 0.00997559 0.03602553
v 0.17921871 0.00842285 0.03754897
v 0.17234371 0.00997559 0.03881850
v 0.17234371 0.00997559 0.03881850
v 0.17921871 0.00842285 0.03754897
v 0.17296871 0.00842285 0.04038100
v 0.17234371 0.00997559 0.03881850
v 0.17296871 0.00842285 0.04038100
v 0.16609371 0.00997559 0.04124037
v 0.16609371 0.00997559 0.04124037
v 0.17296871 0.00842285 0.04038100
v 0.16671871 0.00842285 0.04284194
v 0.16609371 0.00997559 0.04124037
v 0.16671871 0.00842285 0.04284194
v 0.15984371 0.00997559 0.04329116
v 0.16031251 0.00842285 0.04493178
v 0.15984371 0.00997559 0.04329116
v 0.16031251 0.00842285 0.04493178
v 0.15328121 0.00997559 0.04499037
v 0.15375001 0.00842285 0.04665053
v 0.15328121 0.00997559 0.04499037
v 0.15375001 0.00842285 0.04665053
v 0.14671871 0.00997559 0.04631850
v 0.14703121 0.00842285 0.04799819
v 0.14671871 0.00997559 0.04631850
v 0.14703121 0.00842285 0.04799819
v 0.14015621 0.00997559 0.04727553
v 0.14031251 0.00842285 0.04895522
v 0.14015621 0.00997559 0.04727553
v 0.14031251 0.00842285 0.04895522
v 0.13343751 0.00997559 0.04784194
v 0.13359371 0.00842285 0.04954116
v 0.13343751 0.00997559 0.04784194
v 0.13359371 0.00842285 0.04954116
v 0.12687501 0.00997559 0.04801772
v 0.12687501 0.00842285 0.04971694
v 0.12687501 0.00997559 0.04801772
v 0.12687501 0.00842285 0.04971694
v 0.12015631 0.00997559 0.04782241
v 0.12000001 0.00842285 0.04952162
v 0.12015631 0.00997559 0.04782241
v 0.12000001 0.00842285 0.04952162
v 0.11343751 0.00997559 0.04723647
v 0.11328131 0.00842285 0.04893569
v 0.11343751 0.00997559 0.04723647
v 0.19578121 0.00885254 0.02713881
v 0.19578121 0.00783691 0.02817397
v 0.19093751 0.00842285 0.03088881
v 0.19093751 0.00842285 0.03088881
v 0.19578121 0.00783691 0.02817397
v 0.19171871 0.00657715 0.03204116
v 0.19093751 0.00842285 0.03088881
v 0.19171871 0.00657715 0.03204116
v 0.18515621 0.00842285 0.03438491
v 0.18515621 0.00842285 0.03438491
v 0.19171871 0.00657715 0.03204116
v 0.18593751 0.00657715 0.03559584
v 0.18515621 0.00842285 0.03438491
v 0.18593751 0.00657715 0.03559584
v 0.17921871 0.00842285 0.03754897
v 0.17921871 0.00842285 0.03754897
v 0.18593751 0.00657715 0.03559584
v 0.17984371 0.00657715 0.03879897
v 0.17921871 0.00842285 0.03754897
v 0.17984371 0.00657715 0.03879897
v 0.17296871 0.00842285 0.04038100
v 0.17296871 0.00842285 0.04038100
v 0.17984371 0.00657715 0.03879897
v 0.17359371 0.00657715 0.04165053
v 0.17296871 0.00842285 0.04038100
v 0.17359371 0.00657715 0.04165053
v 0.16671871 0.00842285 0.04284194
v 0.16671871 0.00842285 0.04284194
v 0.17359371 0.00657715 0.04165053
v 0.16718751 0.00657715 0.04415053
v 0.16671871 0.00842285 0.04284194
v 0.16718751 0.00657715 0.04415053
v 0.16031251 0.00842285 0.04493178
v 0.16062501 0.00657715 0.04627944
v 0.16031251 0.00842285 0.04493178
v 0.16062501 0.00657715 0.04627944
v 0.15375001 0.00842285 0.04665053
v 0.15406251 0.00657715 0.04801772
v 0.15375001 0.00842285 0.04665053
v 0.15406251 0.00657715 0.04801772
v 0.14703121 0.00842285 0.04799819
v 0.14734371 0.00657715 0.04936537
v 0.14703121 0.00842285 0.04799819
v 0.14734371 0.00657715 0.04936537
v 0.14031251 0.00842285 0.04895522
v 0.14046871 0.00657715 0.05034194
v 0.14031251 0.00842285 0.04895522
v 0.14046871 0.00657715 0.05034194
v 0.13359371 0.00842285 0.04954116
v 0.13375001 0.00657715 0.05092787
v 0.13359371 0.00842285 0.04954116
v 0.13375001 0.00657715 0.05092787
v 0.12687501 0.00842285 0.04971694
v 0.12687501 0.00842285 0.04971694
v 0.13375001 0.00657715 0.05092787
v 0.12687501 0.00657715 0.05112319
v 0.12687501 0.00842285 0.04971694
v 0.12687501 0.00657715 0.05112319
v 0.12000001 0.00842285 0.04952162
v 0.12000001 0.00842285 0.04952162
v 0.12687501 0.00657715 0.05112319
v 0.12000001 0.00657715 0.05090834
v 0.12000001 0.00842285 0.04952162
v 0.19578121 0.00783691 0.02817397
v 0.19593751 0.00670410 0.02909194
v 0.19171871 0.00657715 0.03204116
v 0.19171871 0.00657715 0.03204116
v 0.19593751 0.00670410 0.02909194
v 0.19609371 0.00548340 0.02985366
v 0.19171871 0.00657715 0.03204116
v 0.19609371 0.00548340 0.02985366
v 0.19234371 0.00451660 0.03292006
v 0.19234371 0.00451660 0.03292006
v 0.19609371 0.00548340 0.02985366
v 0.19609371 0.00416504 0.03047866
v 0.19234371 0.00451660 0.03292006
v 0.19609371 0.00416504 0.03047866
v 0.19625001 0.00278809 0.03092788
v 0.19234371 0.00451660 0.03292006
v 0.19625001 0.00278809 0.03092788
v 0.19265621 0.00229004 0.03344741
v 0.19265621 0.00229004 0.03344741
v 0.19625001 0.00278809 0.03092788
v 0.19625001 0.00136231 0.03118178
v 0.19265621 0.00229004 0.03344741
v 0.19625001 0.00136231 0.03118178
v 0.19281251 -0.00000488 0.03362319
v 0.19281251 -0.00000488 0.03362319
v 0.19625001 0.00136231 0.03118178
v 0.19625001 -0.00008301 0.03127944
v 0.19281251 -0.00000488 0.03362319
v 0.19625001 -0.00008301 0.03127944
v 0.19625001 -0.00153809 0.03116225
v 0.19281251 -0.00000488 0.03362319
v 0.19625001 -0.00153809 0.03116225
v 0.19265621 -0.00229981 0.03344741
v 0.19265621 -0.00229981 0.03344741
v 0.19625001 -0.00153809 0.03116225
v 0.19625001 -0.00295410 0.03088881
v 0.19265621 -0.00229981 0.03344741
v 0.19625001 -0.00295410 0.03088881
v 0.19234371 -0.00451660 0.03292006
v 0.19234371 -0.00451660 0.03292006
v 0.19625001 -0.00295410 0.03088881
v 0.19609371 -0.00433106 0.03042006
v 0.19234371 -0.00451660 0.03292006
v 0.19609371 -0.00433106 0.03042006
v 0.19609371 -0.00562988 0.02977553
v 0.19234371 -0.00451660 0.03292006
v 0.19609371 -0.00562988 0.02977553
v 0.19171871 -0.00658691 0.03204116
v 0.19171871 -0.00658691 0.03204116
v 0.19609371 -0.00562988 0.02977553
v 0.19593751 -0.00685059 0.02899428
v 0.19171871 -0.00658691 0.03204116
v 0.19593751 -0.00685059 0.02899428
v 0.19578121 -0.00796387 0.02805678
v 0.19171871 -0.00658691 0.03204116
v 0.19578121 -0.00796387 0.02805678
v 0.19093751 -0.00842285 0.03088881
v 0.19093751 -0.00842285 0.03088881
v 0.19578121 -0.00796387 0.02805678
v 0.19578121 -0.00895996 0.02702163
v 0.19093751 -0.00842285 0.03088881
v 0.19578121 -0.00895996 0.02702163
v 0.19000001 -0.00997559 0.02944350
v 0.19000001 -0.00997559 0.02944350
v 0.19578121 -0.00895996 0.02702163
v 0.19562501 -0.00982910 0.02586928
v 0.19000001 -0.00997559 0.02944350
v 0.19562501 -0.00982910 0.02586928
v 0.19546871 -0.01058105 0.02461928
v 0.19546871 -0.01119629 0.02331069
v 0.19437501 -0.01119629 0.02405288
v 0.19546871 -0.01058105 0.02461928
v 0.19546871 -0.01058105 0.02461928
v 0.19437501 -0.01119629 0.02405288
v 0.18906251 -0.01119629 0.02780288
v 0.19546871 -0.01058105 0.02461928
v 0.18906251 -0.01119629 0.02780288
v 0.19000001 -0.00997559 0.02944350
v 0.19000001 -0.00997559 0.02944350
v 0.18906251 -0.01119629 0.02780288
v 0.18437501 -0.00997559 0.03290053
v 0.19000001 -0.00997559 0.02944350
v 0.18437501 -0.00997559 0.03290053
v 0.18515621 -0.00842285 0.03438491
v 0.18515621 -0.00842285 0.03438491
v 0.18437501 -0.00997559 0.03290053
v 0.17921871 -0.00842285 0.03754897
v 0.18515621 -0.00842285 0.03438491
v 0.17921871 -0.00842285 0.03754897
v 0.17984371 -0.00658691 0.03879897
v 0.17984371 -0.00658691 0.03879897
v 0.17921871 -0.00842285 0.03754897
v 0.17359371 -0.00658691 0.04165053
v 0.17984371 -0.00658691 0.03879897
v 0.17359371 -0.00658691 0.04165053
v 0.17390621 -0.00451660 0.04260756
v 0.17390621 -0.00451660 0.04260756
v 0.17359371 -0.00658691 0.04165053
v 0.16750001 -0.00451660 0.04512709
v 0.17390621 -0.00451660 0.04260756
v 0.16750001 -0.00451660 0.04512709
v 0.16781251 -0.00229981 0.04571303
v 0.16781251 -0.00229981 0.04571303
v 0.16750001 -0.00451660 0.04512709
v 0.16109371 -0.00229981 0.04786147
v 0.16781251 -0.00229981 0.04571303
v 0.16109371 -0.00229981 0.04786147
v 0.16125001 -0.00000488 0.04807631
v 0.16125001 -0.00000488 0.04807631
v 0.16109371 -0.00229981 0.04786147
v 0.15453121 -0.00000488 0.04983412
v 0.16125001 -0.00000488 0.04807631
v 0.15453121 -0.00000488 0.04983412
v 0.15437501 0.00229004 0.04963881
v 0.15437501 0.00229004 0.04963881
v 0.15453121 -0.00000488 0.04983412
v 0.14765621 0.00229004 0.05100600
v 0.15437501 0.00229004 0.04963881
v 0.14765621 0.00229004 0.05100600
v 0.14750001 0.00451660 0.05038100
v 0.14750001 0.00451660 0.05038100
v 0.14765621 0.00229004 0.05100600
v 0.14062501 0.00451660 0.05135756
v 0.14750001 0.00451660 0.05038100
v 0.14062501 0.00451660 0.05135756
v 0.14046871 0.00657715 0.05034194
v 0.14046871 0.00657715 0.05034194
v 0.14062501 0.00451660 0.05135756
v 0.13375001 0.00657715 0.05092787
v 0.19546871 -0.01119629 0.02331069
v 0.19531251 -0.01169434 0.02194350
v 0.19437501 -0.01119629 0.02405288
v 0.19437501 -0.01119629 0.02405288
v 0.19531251 -0.01169434 0.02194350
v 0.19312501 -0.01202637 0.02231459
v 0.19437501 -0.01119629 0.02405288
v 0.19312501 -0.01202637 0.02231459
v 0.18906251 -0.01119629 0.02780288
v 0.18906251 -0.01119629 0.02780288
v 0.19312501 -0.01202637 0.02231459
v 0.18781251 -0.01202637 0.02598647
v 0.18906251 -0.01119629 0.02780288
v 0.18781251 -0.01202637 0.02598647
v 0.18343751 -0.01119629 0.03120131
v 0.18343751 -0.01119629 0.03120131
v 0.18781251 -0.01202637 0.02598647
v 0.18234371 -0.01202637 0.02932631
v 0.18343751 -0.01119629 0.03120131
v 0.18234371 -0.01202637 0.02932631
v 0.17750001 -0.01119629 0.03426772
v 0.19531251 -0.01169434 0.02194350
v 0.19531251 -0.01206543 0.02053725
v 0.19312501 -0.01202637 0.02231459
v 0.19312501 -0.01202637 0.02231459
v 0.19531251 -0.01206543 0.02053725
v 0.19531251 -0.01232910 0.01909194
v 0.19312501 -0.01202637 0.02231459
v 0.19531251 -0.01232910 0.01909194
v 0.19187501 -0.01244629 0.02049819
v 0.19187501 -0.01244629 0.02049819
v 0.19531251 -0.01232910 0.01909194
v 0.19531251 -0.01246582 0.01762709
v 0.19187501 -0.01244629 0.02049819
v 0.19531251 -0.01246582 0.01762709
v 0.19046871 -0.01244629 0.01862319
v 0.19531251 -0.01246582 0.01762709
v 0.19531251 -0.01242676 0.01469741
v 0.08921875 -0.00000488 0.02026381
v 0.09437500 -0.00000488 0.02229506
v 0.09421875 0.00229004 0.02249038
v 0.09421875 0.00229004 0.02249038
v 0.09437500 -0.00000488 0.02229506
v 0.09953125 0.00229004 0.02420913
v 0.09421875 0.00229004 0.02249038
v 0.09953125 0.00229004 0.02420913
v 0.09937500 0.00451660 0.02481459
v 0.09937500 0.00451660 0.02481459
v 0.09953125 0.00229004 0.02420913
v 0.10468750 0.00451660 0.02625991
v 0.09937500 0.00451660 0.02481459
v 0.10468750 0.00451660 0.02625991
v 0.10453131 0.00657715 0.02725600
v 0.10453131 0.00657715 0.02725600
v 0.10468750 0.00451660 0.02625991
v 0.11000001 0.00657715 0.02838881
v 0.10453131 0.00657715 0.02725600
v 0.11000001 0.00657715 0.02838881
v 0.10984381 0.00842285 0.02975600
v 0.10984381 0.00842285 0.02975600
v 0.11000001 0.00657715 0.02838881
v 0.11546881 0.00842285 0.03057631
v 0.10984381 0.00842285 0.02975600
v 0.11546881 0.00842285 0.03057631
v 0.11531251 0.00997559 0.03227553
v 0.11531251 0.00997559 0.03227553
v 0.11546881 0.00842285 0.03057631
v 0.12109381 0.00997559 0.03278334
v 0.11531251 0.00997559 0.03227553
v 0.12109381 0.00997559 0.03278334
v 0.12093751 0.01118652 0.03473647
v 0.12093751 0.01118652 0.03473647
v 0.12109381 0.00997559 0.03278334
v 0.12687501 0.01118652 0.03491225
v 0.12093751 0.01118652 0.03473647
v 0.12687501 0.01118652 0.03491225
v 0.12687501 0.01201660 0.03706069
v 0.12687501 0.01201660 0.03706069
v 0.12687501 0.01118652 0.03491225
v 0.13296871 0.01201660 0.03690444
v 0.12687501 0.01201660 0.03706069
v 0.13296871 0.01201660 0.03690444
v 0.13296871 0.01244629 0.03917006
v 0.13296871 0.01244629 0.03917006
v 0.13296871 0.01201660 0.03690444
v 0.13921871 0.01244629 0.03864272
v 0.09437500 -0.00000488 0.02229506
v 0.09953125 -0.00000488 0.02401381
v 0.09953125 0.00229004 0.02420913
v 0.09953125 0.00229004 0.02420913
v 0.09953125 -0.00000488 0.02401381
v 0.10484381 0.00229004 0.02563491
v 0.09953125 0.00229004 0.02420913
v 0.10484381 0.00229004 0.02563491
v 0.10468750 0.00451660 0.02625991
v 0.10468750 0.00451660 0.02625991
v 0.10484381 0.00229004 0.02563491
v 0.11015631 0.00451660 0.02737319
v 0.10468750 0.00451660 0.02625991
v 0.11015631 0.00451660 0.02737319
v 0.11000001 0.00657715 0.02838881
v 0.11000001 0.00657715 0.02838881
v 0.11015631 0.00451660 0.02737319
v 0.11562501 0.00657715 0.02918959
v 0.11000001 0.00657715 0.02838881
v 0.11562501 0.00657715 0.02918959
v 0.11546881 0.00842285 0.03057631
v 0.11546881 0.00842285 0.03057631
v 0.11562501 0.00657715 0.02918959
v 0.12109381 0.00842285 0.03108413
v 0.12109381 0.00842285 0.03108413
v 0.12109381 0.00997559 0.03278334
v 0.12109381 0.00842285 0.03108413
v 0.12687501 0.00997559 0.03295912
v 0.12687501 0.00997559 0.03295912
v 0.12687501 0.01118652 0.03491225
v 0.12687501 0.00997559 0.03295912
v 0.13281251 0.01118652 0.03475600
v 0.13281251 0.01118652 0.03475600
v 0.13296871 0.01201660 0.03690444
v 0.13281251 0.01118652 0.03475600
v 0.13890621 0.01201660 0.03637709
v 0.13296871 0.01201660 0.03690444
v 0.13890621 0.01201660 0.03637709
v 0.13921871 0.01244629 0.03864272
v 0.13921871 0.01244629 0.03864272
v 0.13890621 0.01201660 0.03637709
v 0.14531251 0.01244629 0.03776381
v 0.08921875 -0.00000488 0.02026381
v 0.08906250 -0.00229981 0.02045913
v 0.09437500 -0.00000488 0.02229506
v 0.09421875 -0.00229981 0.02249038
v 0.09437500 -0.00000488 0.02229506
v 0.09421875 -0.00229981 0.02249038
v 0.09953125 -0.00000488 0.02401381
v 0.09953125 -0.00000488 0.02401381
v 0.09421875 -0.00229981 0.02249038
v 0.09953125 -0.00229981 0.02420913
v 0.09953125 -0.00000488 0.02401381
v 0.09953125 -0.00229981 0.02420913
v 0.10500000 -0.00000488 0.02542006
v 0.10500000 -0.00000488 0.02542006
v 0.09953125 -0.00229981 0.02420913
v 0.10484381 -0.00229981 0.02563491
v 0.10500000 -0.00000488 0.02542006
v 0.10484381 -0.00229981 0.02563491
v 0.11031251 -0.00000488 0.02653334
v 0.11031251 -0.00000488 0.02653334
v 0.10484381 -0.00229981 0.02563491
v 0.11031251 -0.00229981 0.02674819
v 0.11031251 -0.00000488 0.02653334
v 0.11031251 -0.00229981 0.02674819
v 0.11578131 -0.00000488 0.02733413
v 0.11578131 -0.00229981 0.02754897
v 0.11578131 -0.00000488 0.02733413
v 0.11578131 -0.00229981 0.02754897
v 0.12140631 -0.00000488 0.02782241
v 0.12140631 -0.00000488 0.02782241
v 0.11578131 -0.00229981 0.02754897
v 0.12125001 -0.00229981 0.02803725
v 0.12140631 -0.00000488 0.02782241
v 0.12125001 -0.00229981 0.02803725
v 0.12687501 -0.00000488 0.02797866
v 0.12687501 -0.00000488 0.02797866
v 0.12125001 -0.00229981 0.02803725
v 0.12687501 -0.00229981 0.02819350
v 0.12687501 -0.00000488 0.02797866
v 0.12687501 -0.00229981 0.02819350
v 0.13234371 -0.00000488 0.02784194
v 0.13234371 -0.00000488 0.02784194
v 0.12687501 -0.00229981 0.02819350
v 0.13234371 -0.00229981 0.02803725
v 0.13234371 -0.00000488 0.02784194
v 0.13234371 -0.00229981 0.02803725
v 0.13796871 -0.00000488 0.02737319
v 0.13796871 -0.00229981 0.02756850
v 0.13796871 -0.00000488 0.02737319
v 0.13796871 -0.00229981 0.02756850
v 0.14343751 -0.00000488 0.02657241
v 0.14343751 -0.00000488 0.02657241
v 0.13796871 -0.00229981 0.02756850
v 0.14343751 -0.00229981 0.02678725
v 0.14343751 -0.00000488 0.02657241
v 0.14343751 -0.00229981 0.02678725
v 0.14875001 -0.00000488 0.02547866
v 0.14875001 -0.00000488 0.02547866
v 0.14343751 -0.00229981 0.02678725
v 0.14890621 -0.00229981 0.02569350
v 0.14875001 -0.00000488 0.02547866
v 0.14890621 -0.00229981 0.02569350
v 0.15421871 -0.00000488 0.02407241
v 0.15421871 -0.00000488 0.02407241
v 0.14890621 -0.00229981 0.02569350
v 0.15421871 -0.00229981 0.02428725
v 0.15421871 -0.00000488 0.02407241
v 0.15421871 -0.00229981 0.02428725
v 0.15937501 -0.00000488 0.02237319
v 0.15937501 -0.00000488 0.02237319
v 0.15421871 -0.00229981 0.02428725
v 0.15953121 -0.00229981 0.02256850
v 0.15937501 -0.00000488 0.02237319
v 0.15953121 -0.00229981 0.02256850
v 0.16453121 -0.00000488 0.02036147
v 0.16468751 -0.00229981 0.02055678
v 0.16453121 -0.00000488 0.02036147
v 0.16468751 -0.00229981 0.02055678
v 0.16953121 -0.00000488 0.01805678
v 0.16968751 -0.00229981 0.01825209
v 0.16953121 -0.00000488 0.01805678
v 0.16968751 -0.00229981 0.01825209
v 0.17453121 -0.00000488 0.01547866
v 0.17453121 -0.00000488 0.01547866
v 0.16968751 -0.00229981 0.01825209
v 0.17453121 -0.00229981 0.01565444
v 0.17453121 -0.00000488 0.01547866
v 0.17453121 -0.00229981 0.01565444
v 0.17921871 -0.00000488 0.01260756
v 0.17921871 -0.00000488 0.01260756
v 0.17453121 -0.00229981 0.01565444
v 0.17937501 -0.00229981 0.01278334
v 0.17921871 -0.00000488 0.01260756
v 0.17937501 -0.00229981 0.01278334
v 0.18375001 -0.00000488 0.00948256
v 0.18390621 -0.00229981 0.00965834
v 0.18375001 -0.00000488 0.00948256
v 0.18390621 -0.00229981 0.00965834
v 0.18812501 -0.00000488 0.00610366
v 0.18828121 -0.00229981 0.00625991
v 0.18812501 -0.00000488 0.00610366
v 0.18828121 -0.00229981 0.00625991
v 0.19234371 -0.00000488 0.00247084
v 0.19250001 -0.00229981 0.00262709
v 0.09953125 -0.00000488 0.02401381
v 0.10500000 -0.00000488 0.02542006
v 0.10484381 0.00229004 0.02563491
v 0.10484381 0.00229004 0.02563491
v 0.10500000 -0.00000488 0.02542006
v 0.11031251 0.00229004 0.02674819
v 0.11031251 0.00229004 0.02674819
v 0.11015631 0.00451660 0.02737319
v 0.11031251 0.00229004 0.02674819
v 0.11578131 0.00451660 0.02817397
v 0.11578131 0.00451660 0.02817397
v 0.11562501 0.00657715 0.02918959
v 0.11578131 0.00451660 0.02817397
v 0.12125001 0.00657715 0.02969741
v 0.12125001 0.00657715 0.02969741
v 0.12109381 0.00842285 0.03108413
v 0.12125001 0.00657715 0.02969741
v 0.12687501 0.00842285 0.03124038
v 0.12687501 0.00842285 0.03124038
v 0.12687501 0.00997559 0.03295912
v 0.12687501 0.00842285 0.03124038
v 0.13265621 0.00997559 0.03280287
v 0.13265621 0.00997559 0.03280287
v 0.13281251 0.01118652 0.03475600
v 0.13265621 0.00997559 0.03280287
v 0.13875001 0.01118652 0.03424819
v 0.13875001 0.01118652 0.03424819
v 0.13890621 0.01201660 0.03637709
v 0.13875001 0.01118652 0.03424819
v 0.14484371 0.01201660 0.03553725
v 0.14484371 0.01201660 0.03553725
v 0.14531251 0.01244629 0.03776381
v 0.14484371 0.01201660 0.03553725
v 0.15140621 0.01244629 0.03653334
v 0.10500000 -0.00000488 0.02542006
v 0.11031251 -0.00000488 0.02653334
v 0.11031251 0.00229004 0.02674819
v 0.11031251 0.00229004 0.02674819
v 0.11031251 -0.00000488 0.02653334
v 0.11578131 0.00229004 0.02754897
v 0.11031251 0.00229004 0.02674819
v 0.11578131 0.00229004 0.02754897
v 0.11578131 0.00451660 0.02817397
v 0.11578131 0.00451660 0.02817397
v 0.11578131 0.00229004 0.02754897
v 0.12125001 0.00451660 0.02866225
v 0.12125001 0.00451660 0.02866225
v 0.12125001 0.00657715 0.02969741
v 0.12125001 0.00451660 0.02866225
v 0.12687501 0.00657715 0.02985366
v 0.12687501 0.00657715 0.02985366
v 0.12687501 0.00842285 0.03124038
v 0.12687501 0.00657715 0.02985366
v 0.13250001 0.00842285 0.03108413
v 0.13250001 0.00842285 0.03108413
v 0.13265621 0.00997559 0.03280287
v 0.13250001 0.00842285 0.03108413
v 0.13843751 0.00997559 0.03229506
v 0.13265621 0.00997559 0.03280287
v 0.13843751 0.00997559 0.03229506
v 0.13875001 0.01118652 0.03424819
v 0.13875001 0.01118652 0.03424819
v 0.13843751 0.00997559 0.03229506
v 0.14453121 0.01118652 0.03340834
v 0.14453121 0.01118652 0.03340834
v 0.14484371 0.01201660 0.03553725
v 0.14453121 0.01118652 0.03340834
v 0.15078121 0.01201660 0.03432631
v 0.15078121 0.01201660 0.03432631
v 0.15140621 0.01244629 0.03653334
v 0.15078121 0.01201660 0.03432631
v 0.15734371 0.01244629 0.03497084
v 0.11578131 -0.00000488 0.02733413
v 0.11578131 0.00229004 0.02754897
v 0.11578131 -0.00000488 0.02733413
v 0.12125001 0.00229004 0.02803725
v 0.12125001 0.00229004 0.02803725
v 0.12125001 0.00451660 0.02866225
v 0.12125001 0.00229004 0.02803725
v 0.12687501 0.00451660 0.02883803
v 0.12125001 0.00451660 0.02866225
v 0.12687501 0.00451660 0.02883803
v 0.12687501 0.00657715 0.02985366
v 0.12687501 0.00657715 0.02985366
v 0.12687501 0.00451660 0.02883803
v 0.13250001 0.00657715 0.02969741
v 0.13250001 0.00657715 0.02969741
v 0.13250001 0.00842285 0.03108413
v 0.13250001 0.00657715 0.02969741
v 0.13828121 0.00842285 0.03061538
v 0.13250001 0.00842285 0.03108413
v 0.13828121 0.00842285 0.03061538
v 0.13843751 0.00997559 0.03229506
v 0.13843751 0.00997559 0.03229506
v 0.13828121 0.00842285 0.03061538
v 0.14421871 0.00997559 0.03147475
v 0.13843751 0.00997559 0.03229506
v 0.14421871 0.00997559 0.03147475
v 0.14453121 0.01118652 0.03340834
v 0.14453121 0.01118652 0.03340834
v 0.14421871 0.00997559 0.03147475
v 0.15031251 0.01118652 0.03223647
v 0.15031251 0.01118652 0.03223647
v 0.15078121 0.01201660 0.03432631
v 0.15031251 0.01118652 0.03223647
v 0.15671871 0.01201660 0.03278334
v 0.15671871 0.01201660 0.03278334
v 0.15734371 0.01244629 0.03497084
v 0.15671871 0.01201660 0.03278334
v 0.16328121 0.01244629 0.03305678
v 0.11578131 -0.00000488 0.02733413
v 0.12140631 -0.00000488 0.02782241
v 0.12125001 0.00229004 0.02803725
v 0.12125001 0.00229004 0.02803725
v 0.12140631 -0.00000488 0.02782241
v 0.12687501 0.00229004 0.02819350
v 0.12125001 0.00229004 0.02803725
v 0.12687501 0.00229004 0.02819350
v 0.12687501 0.00451660 0.02883803
v 0.12687501 0.00451660 0.02883803
v 0.12687501 0.00229004 0.02819350
v 0.13250001 0.00451660 0.02868178
v 0.13250001 0.00451660 0.02868178
v 0.13250001 0.00657715 0.02969741
v 0.13250001 0.00451660 0.02868178
v 0.13812501 0.00657715 0.02922866
v 0.13250001 0.00657715 0.02969741
v 0.13812501 0.00657715 0.02922866
v 0.13828121 0.00842285 0.03061538
v 0.13828121 0.00842285 0.03061538
v 0.13812501 0.00657715 0.02922866
v 0.14390621 0.00842285 0.02979506
v 0.14390621 0.00842285 0.02979506
v 0.14421871 0.00997559 0.03147475
v 0.14390621 0.00842285 0.02979506
v 0.14984371 0.00997559 0.03032241
v 0.14421871 0.00997559 0.03147475
v 0.14984371 0.00997559 0.03032241
v 0.15031251 0.01118652 0.03223647
v 0.15031251 0.01118652 0.03223647
v 0.14984371 0.00997559 0.03032241
v 0.15609371 0.01118652 0.03073256
v 0.15609371 0.01118652 0.03073256
v 0.15671871 0.01201660 0.03278334
v 0.15609371 0.01118652 0.03073256
v 0.16250001 0.01201660 0.03092788
v 0.16250001 0.01201660 0.03092788
v 0.16328121 0.01244629 0.03305678
v 0.16250001 0.01201660 0.03092788
v 0.16890621 0.01244629 0.03081069
v 0.12140631 -0.00000488 0.02782241
v 0.12687501 -0.00000488 0.02797866
v 0.12687501 0.00229004 0.02819350
v 0.12687501 0.00229004 0.02819350
v 0.12687501 -0.00000488 0.02797866
v 0.13234371 0.00229004 0.02803725
v 0.13234371 0.00229004 0.02803725
v 0.13250001 0.00451660 0.02868178
v 0.13234371 0.00229004 0.02803725
v 0.13796871 0.00451660 0.02821303
v 0.13250001 0.00451660 0.02868178
v 0.13796871 0.00451660 0.02821303
v 0.13812501 0.00657715 0.02922866
v 0.13812501 0.00657715 0.02922866
v 0.13796871 0.00451660 0.02821303
v 0.14375001 0.00657715 0.02842788
v 0.13812501 0.00657715 0.02922866
v 0.14375001 0.00657715 0.02842788
v 0.14390621 0.00842285 0.02979506
v 0.14390621 0.00842285 0.02979506
v 0.14375001 0.00657715 0.02842788
v 0.14953121 0.00842285 0.02866225
v 0.14953121 0.00842285 0.02866225
v 0.14984371 0.00997559 0.03032241
v 0.14953121 0.00842285 0.02866225
v 0.15546871 0.00997559 0.02883803
v 0.14984371 0.00997559 0.03032241
v 0.15546871 0.00997559 0.02883803
v 0.15609371 0.01118652 0.03073256
v 0.15609371 0.01118652 0.03073256
v 0.15546871 0.00997559 0.02883803
v 0.16171871 0.01118652 0.02889663
v 0.16171871 0.01118652 0.02889663
v 0.16250001 0.01201660 0.03092788
v 0.16171871 0.01118652 0.02889663
v 0.16812501 0.01201660 0.02872084
v 0.16250001 0.01201660 0.03092788
v 0.16812501 0.01201660 0.02872084
v 0.16890621 0.01244629 0.03081069
v 0.16890621 0.01244629 0.03081069
v 0.16812501 0.01201660 0.02872084
v 0.17453121 0.01244629 0.02823256
v 0.12687501 -0.00000488 0.02797866
v 0.13234371 -0.00000488 0.02784194
v 0.13234371 0.00229004 0.02803725
v 0.13234371 0.00229004 0.02803725
v 0.13234371 -0.00000488 0.02784194
v 0.13796871 0.00229004 0.02756850
v 0.13796871 0.00229004 0.02756850
v 0.13796871 0.00451660 0.02821303
v 0.13796871 0.00229004 0.02756850
v 0.14359371 0.00451660 0.02741225
v 0.14359371 0.00451660 0.02741225
v 0.14375001 0.00657715 0.02842788
v 0.14359371 0.00451660 0.02741225
v 0.14921871 0.00657715 0.02731459
v 0.14375001 0.00657715 0.02842788
v 0.14921871 0.00657715 0.02731459
v 0.14953121 0.00842285 0.02866225
v 0.14953121 0.00842285 0.02866225
v 0.14921871 0.00657715 0.02731459
v 0.15500001 0.00842285 0.02721694
v 0.14953121 0.00842285 0.02866225
v 0.15500001 0.00842285 0.02721694
v 0.15546871 0.00997559 0.02883803
v 0.15546871 0.00997559 0.02883803
v 0.15500001 0.00842285 0.02721694
v 0.16109371 0.00997559 0.02704116
v 0.15546871 0.00997559 0.02883803
v 0.16109371 0.00997559 0.02704116
v 0.16171871 0.01118652 0.02889663
v 0.16171871 0.01118652 0.02889663
v 0.16109371 0.00997559 0.02704116
v 0.16718751 0.01118652 0.02674819
v 0.16718751 0.01118652 0.02674819
v 0.16812501 0.01201660 0.02872084
v 0.16718751 0.01118652 0.02674819
v 0.17359371 0.01201660 0.02620131
v 0.17359371 0.01201660 0.02620131
v 0.17453121 0.01244629 0.02823256
v 0.17359371 0.01201660 0.02620131
v 0.18000001 0.01244629 0.02534194
v 0.13796871 -0.00000488 0.02737319
v 0.13796871 0.00229004 0.02756850
v 0.13796871 -0.00000488 0.02737319
v 0.14343751 0.00229004 0.02678725
v 0.14343751 0.00229004 0.02678725
v 0.14359371 0.00451660 0.02741225
v 0.14343751 0.00229004 0.02678725
v 0.14906251 0.00451660 0.02629897
v 0.14906251 0.00451660 0.02629897
v 0.14921871 0.00657715 0.02731459
v 0.14906251 0.00451660 0.02629897
v 0.15468751 0.00657715 0.02586928
v 0.15468751 0.00657715 0.02586928
v 0.15500001 0.00842285 0.02721694
v 0.15468751 0.00657715 0.02586928
v 0.16046871 0.00842285 0.02543959
v 0.15500001 0.00842285 0.02721694
v 0.16046871 0.00842285 0.02543959
v 0.16109371 0.00997559 0.02704116
v 0.16109371 0.00997559 0.02704116
v 0.16046871 0.00842285 0.02543959
v 0.16656251 0.00997559 0.02493178
v 0.16109371 0.00997559 0.02704116
v 0.16656251 0.00997559 0.02493178
v 0.16718751 0.01118652 0.02674819
v 0.16718751 0.01118652 0.02674819
v 0.16656251 0.00997559 0.02493178
v 0.17265621 0.01118652 0.02426772
v 0.16718751 0.01118652 0.02674819
v 0.17265621 0.01118652 0.02426772
v 0.17359371 0.01201660 0.02620131
v 0.17359371 0.01201660 0.02620131
v 0.17265621 0.01118652 0.02426772
v 0.17890621 0.01201660 0.02336928
v 0.17890621 0.01201660 0.02336928
v 0.18000001 0.01244629 0.02534194
v 0.17890621 0.01201660 0.02336928
v 0.18531251 0.01244629 0.02213881
v 0.13796871 -0.00000488 0.02737319
v 0.14343751 -0.00000488 0.02657241
v 0.14343751 0.00229004 0.02678725
v 0.14343751 0.00229004 0.02678725
v 0.14343751 -0.00000488 0.02657241
v 0.14890621 0.00229004 0.02569350
v 0.14343751 0.00229004 0.02678725
v 0.14890621 0.00229004 0.02569350
v 0.14906251 0.00451660 0.02629897
v 0.14906251 0.00451660 0.02629897
v 0.14890621 0.00229004 0.02569350
v 0.15437501 0.00451660 0.02489272
v 0.14906251 0.00451660 0.02629897
v 0.15437501 0.00451660 0.02489272
v 0.15468751 0.00657715 0.02586928
v 0.15468751 0.00657715 0.02586928
v 0.15437501 0.00451660 0.02489272
v 0.16000001 0.00657715 0.02413100
v 0.16000001 0.00657715 0.02413100
v 0.16046871 0.00842285 0.02543959
v 0.16000001 0.00657715 0.02413100
v 0.16578121 0.00842285 0.02336928
v 0.16046871 0.00842285 0.02543959
v 0.16578121 0.00842285 0.02336928
v 0.16656251 0.00997559 0.02493178
v 0.16656251 0.00997559 0.02493178
v 0.16578121 0.00842285 0.02336928
v 0.17171871 0.00997559 0.02250991
v 0.16656251 0.00997559 0.02493178
v 0.17171871 0.00997559 0.02250991
v 0.17265621 0.01118652 0.02426772
v 0.17265621 0.01118652 0.02426772
v 0.17171871 0.00997559 0.02250991
v 0.17781251 0.01118652 0.02149428
v 0.17265621 0.01118652 0.02426772
v 0.17781251 0.01118652 0.02149428
v 0.17890621 0.01201660 0.02336928
v 0.17890621 0.01201660 0.02336928
v 0.17781251 0.01118652 0.02149428
v 0.18406251 0.01201660 0.02024428
v 0.18406251 0.01201660 0.02024428
v 0.18531251 0.01244629 0.02213881
v 0.18406251 0.01201660 0.02024428
v 0.18906251 0.01201660 0.01680678
v 0.14343751 -0.00000488 0.02657241
v 0.14875001 -0.00000488 0.02547866
v 0.14890621 0.00229004 0.02569350
v 0.14890621 0.00229004 0.02569350
v 0.14875001 -0.00000488 0.02547866
v 0.15421871 0.00229004 0.02428725
v 0.15421871 0.00229004 0.02428725
v 0.15437501 0.00451660 0.02489272
v 0.15421871 0.00229004 0.02428725
v 0.15968751 0.00451660 0.02317397
v 0.15437501 0.00451660 0.02489272
v 0.15968751 0.00451660 0.02317397
v 0.16000001 0.00657715 0.02413100
v 0.16000001 0.00657715 0.02413100
v 0.15968751 0.00451660 0.02317397
v 0.16531251 0.00657715 0.02208022
v 0.16000001 0.00657715 0.02413100
v 0.16531251 0.00657715 0.02208022
v 0.16578121 0.00842285 0.02336928
v 0.16578121 0.00842285 0.02336928
v 0.16531251 0.00657715 0.02208022
v 0.17109371 0.00842285 0.02098647
v 0.16578121 0.00842285 0.02336928
v 0.17109371 0.00842285 0.02098647
v 0.17171871 0.00997559 0.02250991
v 0.17171871 0.00997559 0.02250991
v 0.17109371 0.00842285 0.02098647
v 0.17687501 0.00997559 0.01979506
v 0.17171871 0.00997559 0.02250991
v 0.17687501 0.00997559 0.01979506
v 0.17781251 0.01118652 0.02149428
v 0.17781251 0.01118652 0.02149428
v 0.17687501 0.00997559 0.01979506
v 0.18296871 0.01118652 0.01842788
v 0.18296871 0.01118652 0.01842788
v 0.18406251 0.01201660 0.02024428
v 0.18296871 0.01118652 0.01842788
v 0.18781251 0.01118652 0.01506850
v 0.18406251 0.01201660 0.02024428
v 0.18781251 0.01118652 0.01506850
v 0.18906251 0.01201660 0.01680678
v 0.18906251 0.01201660 0.01680678
v 0.18781251 0.01118652 0.01506850
v 0.19250001 0.01118652 0.01145522
v 0.14875001 -0.00000488 0.02547866
v 0.15421871 -0.00000488 0.02407241
v 0.15421871 0.00229004 0.02428725
v 0.15421871 0.00229004 0.02428725
v 0.15421871 -0.00000488 0.02407241
v 0.15953121 0.00229004 0.02256850
v 0.15953121 0.00229004 0.02256850
v 0.15968751 0.00451660 0.02317397
v 0.15953121 0.00229004 0.02256850
v 0.16484371 0.00451660 0.02114272
v 0.15968751 0.00451660 0.02317397
v 0.16484371 0.00451660 0.02114272
v 0.16531251 0.00657715 0.02208022
v 0.16531251 0.00657715 0.02208022
v 0.16484371 0.00451660 0.02114272
v 0.17046871 0.00657715 0.01973647
v 0.17046871 0.00657715 0.01973647
v 0.17109371 0.00842285 0.02098647
v 0.17046871 0.00657715 0.01973647
v 0.17609371 0.00842285 0.01831069
v 0.17109371 0.00842285 0.02098647
v 0.17609371 0.00842285 0.01831069
v 0.17687501 0.00997559 0.01979506
v 0.17687501 0.00997559 0.01979506
v 0.17609371 0.00842285 0.01831069
v 0.18187501 0.00997559 0.01678725
v 0.17687501 0.00997559 0.01979506
v 0.18187501 0.00997559 0.01678725
v 0.18296871 0.01118652 0.01842788
v 0.18296871 0.01118652 0.01842788
v 0.18187501 0.00997559 0.01678725
v 0.18781251 0.01118652 0.01506850
v 0.15421871 -0.00000488 0.02407241
v 0.15937501 -0.00000488 0.02237319
v 0.15953121 0.00229004 0.02256850
v 0.15953121 0.00229004 0.02256850
v 0.15937501 -0.00000488 0.02237319
v 0.16468751 0.00229004 0.02055678
v 0.15953121 0.00229004 0.02256850
v 0.16468751 0.00229004 0.02055678
v 0.16484371 0.00451660 0.02114272
v 0.16484371 0.00451660 0.02114272
v 0.16468751 0.00229004 0.02055678
v 0.17000001 0.00451660 0.01881850
v 0.16484371 0.00451660 0.02114272
v 0.17000001 0.00451660 0.01881850
v 0.17046871 0.00657715 0.01973647
v 0.17046871 0.00657715 0.01973647
v 0.17000001 0.00451660 0.01881850
v 0.17546871 0.00657715 0.01709975
v 0.17046871 0.00657715 0.01973647
v 0.17546871 0.00657715 0.01709975
v 0.17609371 0.00842285 0.01831069
v 0.17609371 0.00842285 0.01831069
v 0.17546871 0.00657715 0.01709975
v 0.18093751 0.00842285 0.01536147
v 0.17609371 0.00842285 0.01831069
v 0.18093751 0.00842285 0.01536147
v 0.18187501 0.00997559 0.01678725
v 0.18187501 0.00997559 0.01678725
v 0.18093751 0.00842285 0.01536147
v 0.18671871 0.00997559 0.01348647
v 0.18187501 0.00997559 0.01678725
v 0.18671871 0.00997559 0.01348647
v 0.18781251 0.01118652 0.01506850
v 0.18781251 0.01118652 0.01506850
v 0.18671871 0.00997559 0.01348647
v 0.19125001 0.00997559 0.00995131
v 0.18781251 0.01118652 0.01506850
v 0.19125001 0.00997559 0.00995131
v 0.19250001 0.01118652 0.01145522
v 0.16453121 -0.00000488 0.02036147
v 0.16468751 0.00229004 0.02055678
v 0.16453121 -0.00000488 0.02036147
v 0.16968751 0.00229004 0.01825209
v 0.16468751 0.00229004 0.02055678
v 0.16968751 0.00229004 0.01825209
v 0.17000001 0.00451660 0.01881850
v 0.17000001 0.00451660 0.01881850
v 0.16968751 0.00229004 0.01825209
v 0.17484371 0.00451660 0.01620131
v 0.17000001 0.00451660 0.01881850
v 0.17484371 0.00451660 0.01620131
v 0.17546871 0.00657715 0.01709975
v 0.17546871 0.00657715 0.01709975
v 0.17484371 0.00451660 0.01620131
v 0.18015621 0.00657715 0.01418959
v 0.17546871 0.00657715 0.01709975
v 0.18015621 0.00657715 0.01418959
v 0.18093751 0.00842285 0.01536147
v 0.18093751 0.00842285 0.01536147
v 0.18015621 0.00657715 0.01418959
v 0.18562501 0.00842285 0.01209975
v 0.18093751 0.00842285 0.01536147
v 0.18562501 0.00842285 0.01209975
v 0.18671871 0.00997559 0.01348647
v 0.18671871 0.00997559 0.01348647
v 0.18562501 0.00842285 0.01209975
v 0.19015621 0.00842285 0.00862319
v 0.18671871 0.00997559 0.01348647
v 0.19015621 0.00842285 0.00862319
v 0.19125001 0.00997559 0.00995131
v 0.19125001 0.00997559 0.00995131
v 0.19015621 0.00842285 0.00862319
v 0.19453121 0.00842285 0.00487319
v 0.16953121 -0.00000488 0.01805678
v 0.16968751 0.00229004 0.01825209
v 0.16953121 -0.00000488 0.01805678
v 0.17453121 0.00229004 0.01565444
v 0.16968751 0.00229004 0.01825209
v 0.17453121 0.00229004 0.01565444
v 0.17484371 0.00451660 0.01620131
v 0.17484371 0.00451660 0.01620131
v 0.17453121 0.00229004 0.01565444
v 0.17968751 0.00451660 0.01333022
v 0.17484371 0.00451660 0.01620131
v 0.17968751 0.00451660 0.01333022
v 0.18015621 0.00657715 0.01418959
v 0.18015621 0.00657715 0.01418959
v 0.17968751 0.00451660 0.01333022
v 0.18484371 0.00657715 0.01098647
v 0.18015621 0.00657715 0.01418959
v 0.18484371 0.00657715 0.01098647
v 0.18562501 0.00842285 0.01209975
v 0.18562501 0.00842285 0.01209975
v 0.18484371 0.00657715 0.01098647
v 0.18937501 0.00657715 0.00754897
v 0.18562501 0.00842285 0.01209975
v 0.18937501 0.00657715 0.00754897
v 0.19015621 0.00842285 0.00862319
v 0.19015621 0.00842285 0.00862319
v 0.18937501 0.00657715 0.00754897
v 0.19453121 0.00842285 0.00487319
v 0.16953121 -0.00000488 0.01805678
v 0.17453121 -0.00000488 0.01547866
v 0.17453121 0.00229004 0.01565444
v 0.17453121 0.00229004 0.01565444
v 0.17453121 -0.00000488 0.01547866
v 0.17937501 0.00229004 0.01278334
v 0.17937501 0.00229004 0.01278334
v 0.17968751 0.00451660 0.01333022
v 0.17937501 0.00229004 0.01278334
v 0.18421871 0.00451660 0.01016616
v 0.17968751 0.00451660 0.01333022
v 0.18421871 0.00451660 0.01016616
v 0.18484371 0.00657715 0.01098647
v 0.18484371 0.00657715 0.01098647
v 0.18421871 0.00451660 0.01016616
v 0.18859371 0.00451660 0.00674819
v 0.18484371 0.00657715 0.01098647
v 0.18859371 0.00451660 0.00674819
v 0.18937501 0.00657715 0.00754897
v 0.18937501 0.00657715 0.00754897
v 0.18859371 0.00451660 0.00674819
v 0.19359371 0.00657715 0.00383803
v 0.18937501 0.00657715 0.00754897
v 0.19359371 0.00657715 0.00383803
v 0.19453121 0.00842285 0.00487319
v 0.17453121 -0.00000488 0.01547866
v 0.17921871 -0.00000488 0.01260756
v 0.17937501 0.00229004 0.01278334
v 0.17937501 0.00229004 0.01278334
v 0.17921871 -0.00000488 0.01260756
v 0.18390621 0.00229004 0.00965834
v 0.17937501 0.00229004 0.01278334
v 0.18390621 0.00229004 0.00965834
v 0.18421871 0.00451660 0.01016616
v 0.18421871 0.00451660 0.01016616
v 0.18390621 0.00229004 0.00965834
v 0.18828121 0.00229004 0.00625991
v 0.18421871 0.00451660 0.01016616
v 0.18828121 0.00229004 0.00625991
v 0.18859371 0.00451660 0.00674819
v 0.18859371 0.00451660 0.00674819
v 0.18828121 0.00229004 0.00625991
v 0.19281251 0.00451660 0.00309584
v 0.18859371 0.00451660 0.00674819
v 0.19281251 0.00451660 0.00309584
v 0.19359371 0.00657715 0.00383803
v 0.18375001 -0.00000488 0.00948256
v 0.18390621 0.00229004 0.00965834
v 0.18375001 -0.00000488 0.00948256
v 0.18812501 -0.00000488 0.00610366
v 0.18828121 0.00229004 0.00625991
v 0.18828121 0.00229004 0.00625991
v 0.18812501 -0.00000488 0.00610366
v 0.19250001 0.00229004 0.00262709
v 0.18828121 0.00229004 0.00625991
v 0.19250001 0.00229004 0.00262709
v 0.19281251 0.00451660 0.00309584
v 0.19234371 -0.00000488 0.00247084
v 0.08906250 0.00229004 0.02045913
v 0.08890625 0.00451660 0.02104506
v 0.08906250 0.00229004 0.02045913
v 0.09406250 0.00451660 0.02307631
v 0.09421875 0.00229004 0.02249038
v 0.09406250 0.00451660 0.02307631
v 0.09421875 0.00229004 0.02249038
v 0.09937500 0.00451660 0.02481459
v 0.08843750 0.00657715 0.02198256
v 0.08890625 0.00451660 0.02104506
v 0.09375000 0.00657715 0.02405288
v 0.09375000 0.00657715 0.02405288
v 0.08890625 0.00451660 0.02104506
v 0.09406250 0.00451660 0.02307631
v 0.09375000 0.00657715 0.02405288
v 0.09406250 0.00451660 0.02307631
v 0.09906250 0.00657715 0.02581069
v 0.09937500 0.00451660 0.02481459
v 0.09906250 0.00657715 0.02581069
v 0.09937500 0.00451660 0.02481459
v 0.10453131 0.00657715 0.02725600
v 0.08796875 0.00842285 0.02327163
v 0.08843750 0.00657715 0.02198256
v 0.09328125 0.00842285 0.02536147
v 0.09328125 0.00842285 0.02536147
v 0.08843750 0.00657715 0.02198256
v 0.09375000 0.00657715 0.02405288
v 0.09328125 0.00842285 0.02536147
v 0.09375000 0.00657715 0.02405288
v 0.09859375 0.00842285 0.02713881
v 0.09859375 0.00842285 0.02713881
v 0.09375000 0.00657715 0.02405288
v 0.09906250 0.00657715 0.02581069
v 0.09859375 0.00842285 0.02713881
v 0.09906250 0.00657715 0.02581069
v 0.10421881 0.00842285 0.02860366
v 0.10421881 0.00842285 0.02860366
v 0.09906250 0.00657715 0.02581069
v 0.10453131 0.00657715 0.02725600
v 0.10421881 0.00842285 0.02860366
v 0.10453131 0.00657715 0.02725600
v 0.10984381 0.00842285 0.02975600
v 0.08718750 0.00997559 0.02483413
v 0.08796875 0.00842285 0.02327163
v 0.09265625 0.00997559 0.02696303
v 0.09265625 0.00997559 0.02696303
v 0.08796875 0.00842285 0.02327163
v 0.09328125 0.00842285 0.02536147
v 0.09265625 0.00997559 0.02696303
v 0.09328125 0.00842285 0.02536147
v 0.09812500 0.00997559 0.02877944
v 0.09859375 0.00842285 0.02713881
v 0.09812500 0.00997559 0.02877944
v 0.09859375 0.00842285 0.02713881
v 0.10375000 0.00997559 0.03026381
v 0.10421881 0.00842285 0.02860366
v 0.10375000 0.00997559 0.03026381
v 0.10421881 0.00842285 0.02860366
v 0.10953131 0.00997559 0.03143569
v 0.10984381 0.00842285 0.02975600
v 0.10953131 0.00997559 0.03143569
v 0.08640625 0.01118652 0.02663100
v 0.08718750 0.00997559 0.02483413
v 0.09203125 0.01118652 0.02879897
v 0.09265625 0.00997559 0.02696303
v 0.09203125 0.01118652 0.02879897
v 0.09265625 0.00997559 0.02696303
v 0.09765625 0.01118652 0.03065444
v 0.09812500 0.00997559 0.02877944
v 0.09765625 0.01118652 0.03065444
v 0.09812500 0.00997559 0.02877944
v 0.10328131 0.01118652 0.03217787
v 0.10328131 0.01118652 0.03217787
v 0.09812500 0.00997559 0.02877944
v 0.10375000 0.00997559 0.03026381
v 0.10328131 0.01118652 0.03217787
v 0.10375000 0.00997559 0.03026381
v 0.10921881 0.01118652 0.03336928
v 0.10921881 0.01118652 0.03336928
v 0.10375000 0.00997559 0.03026381
v 0.10953131 0.00997559 0.03143569
v 0.10921881 0.01118652 0.03336928
v 0.10953131 0.00997559 0.03143569
v 0.11500001 0.01118652 0.03422866
v 0.11531251 0.00997559 0.03227553
v 0.11500001 0.01118652 0.03422866
v 0.11531251 0.00997559 0.03227553
v 0.12093751 0.01118652 0.03473647
v 0.09046875 0.01244629 0.03295912
v 0.08468750 0.01244629 0.03069350
v 0.08562500 0.01201660 0.02862319
v 0.08562500 0.01201660 0.02862319
v 0.08640625 0.01118652 0.02663100
v 0.09125000 0.01201660 0.03083022
v 0.09125000 0.01201660 0.03083022
v 0.08640625 0.01118652 0.02663100
v 0.09203125 0.01118652 0.02879897
v 0.09125000 0.01201660 0.03083022
v 0.09203125 0.01118652 0.02879897
v 0.09703125 0.01201660 0.03272475
v 0.09765625 0.01118652 0.03065444
v 0.09703125 0.01201660 0.03272475
v 0.09765625 0.01118652 0.03065444
v 0.10281250 0.01201660 0.03426772
v 0.10328131 0.01118652 0.03217787
v 0.10281250 0.01201660 0.03426772
v 0.10328131 0.01118652 0.03217787
v 0.10875001 0.01201660 0.03547866
v 0.10921881 0.01118652 0.03336928
v 0.10875001 0.01201660 0.03547866
v 0.10921881 0.01118652 0.03336928
v 0.11484381 0.01201660 0.03635756
v 0.11500001 0.01118652 0.03422866
v 0.11484381 0.01201660 0.03635756
v 0.11500001 0.01118652 0.03422866
v 0.12078131 0.01201660 0.03688491
v 0.12093751 0.01118652 0.03473647
v 0.12078131 0.01201660 0.03688491
v 0.08828125 0.01118652 0.03928725
v 0.08828125 0.01118652 0.03928725
v 0.08296875 0.01201660 0.03491225
v 0.08890625 0.01201660 0.03727553
v 0.08828125 0.01118652 0.03928725
v 0.08140625 0.00997559 0.03870131
v 0.08203125 0.01118652 0.03688491
v 0.08750000 0.00997559 0.04114272
v 0.08750000 0.00997559 0.04114272
v 0.08203125 0.01118652 0.03688491
v 0.08828125 0.01118652 0.03928725
v 0.08750000 0.00997559 0.04114272
v 0.08828125 0.01118652 0.03928725
v 0.09390625 0.00997559 0.04321303
v 0.09390625 0.00997559 0.04321303
v 0.08828125 0.01118652 0.03928725
v 0.09453125 0.01118652 0.04133803
v 0.09390625 0.00997559 0.04321303
v 0.08062500 0.00842285 0.04026381
v 0.08140625 0.00997559 0.03870131
v 0.08703125 0.00842285 0.04274428
v 0.08703125 0.00842285 0.04274428
v 0.08140625 0.00997559 0.03870131
v 0.08750000 0.00997559 0.04114272
v 0.08703125 0.00842285 0.04274428
v 0.08750000 0.00997559 0.04114272
v 0.09343750 0.00842285 0.04485366
v 0.09343750 0.00842285 0.04485366
v 0.08750000 0.00997559 0.04114272
v 0.09390625 0.00997559 0.04321303
v 0.09343750 0.00842285 0.04485366
v 0.09390625 0.00997559 0.04321303
v 0.10000000 0.00842285 0.04659194
v 0.10000000 0.00842285 0.04659194
v 0.09390625 0.00997559 0.04321303
v 0.10031250 0.00997559 0.04493178
v 0.10000000 0.00842285 0.04659194
v 0.08015625 0.00657715 0.04153334
v 0.08062500 0.00842285 0.04026381
v 0.08656250 0.00657715 0.04405287
v 0.08656250 0.00657715 0.04405287
v 0.08062500 0.00842285 0.04026381
v 0.08703125 0.00842285 0.04274428
v 0.08656250 0.00657715 0.04405287
v 0.08703125 0.00842285 0.04274428
v 0.09296875 0.00657715 0.04618178
v 0.09296875 0.00657715 0.04618178
v 0.08703125 0.00842285 0.04274428
v 0.09343750 0.00842285 0.04485366
v 0.09296875 0.00657715 0.04618178
v 0.09343750 0.00842285 0.04485366
v 0.09968750 0.00657715 0.04793959
v 0.09968750 0.00657715 0.04793959
v 0.09343750 0.00842285 0.04485366
v 0.10000000 0.00842285 0.04659194
v 0.09968750 0.00657715 0.04793959
v 0.10000000 0.00842285 0.04659194
v 0.10640631 0.00657715 0.04932631
v 0.10640631 0.00657715 0.04932631
v 0.10000000 0.00842285 0.04659194
v 0.10656251 0.00842285 0.04795912
v 0.10640631 0.00657715 0.04932631
v 0.07968750 0.00451660 0.04249037
v 0.08015625 0.00657715 0.04153334
v 0.08609375 0.00451660 0.04500991
v 0.08656250 0.00657715 0.04405287
v 0.08609375 0.00451660 0.04500991
v 0.08656250 0.00657715 0.04405287
v 0.09265625 0.00451660 0.04717787
v 0.09265625 0.00451660 0.04717787
v 0.08656250 0.00657715 0.04405287
v 0.09296875 0.00657715 0.04618178
v 0.09265625 0.00451660 0.04717787
v 0.09296875 0.00657715 0.04618178
v 0.09937500 0.00451660 0.04893569
v 0.09968750 0.00657715 0.04793959
v 0.09937500 0.00451660 0.04893569
v 0.09968750 0.00657715 0.04793959
v 0.10625001 0.00451660 0.05034194
v 0.10625001 0.00451660 0.05034194
v 0.09968750 0.00657715 0.04793959
v 0.10640631 0.00657715 0.04932631
v 0.10625001 0.00451660 0.05034194
v 0.10640631 0.00657715 0.04932631
v 0.11296881 0.00451660 0.05133803
v 0.11296881 0.00451660 0.05133803
v 0.10640631 0.00657715 0.04932631
v 0.11312501 0.00657715 0.05030287
v 0.11296881 0.00451660 0.05133803
v 0.07953125 0.00229004 0.04305678
v 0.07968750 0.00451660 0.04249037
v 0.08593750 0.00229004 0.04561537
v 0.08593750 0.00229004 0.04561537
v 0.07968750 0.00451660 0.04249037
v 0.08609375 0.00451660 0.04500991
v 0.08593750 0.00229004 0.04561537
v 0.08609375 0.00451660 0.04500991
v 0.09250000 0.00229004 0.04778334
v 0.09265625 0.00451660 0.04717787
v 0.09250000 0.00229004 0.04778334
v 0.09265625 0.00451660 0.04717787
v 0.09921875 0.00229004 0.04956069
v 0.09921875 0.00229004 0.04956069
v 0.09265625 0.00451660 0.04717787
v 0.09937500 0.00451660 0.04893569
v 0.09921875 0.00229004 0.04956069
v 0.09937500 0.00451660 0.04893569
v 0.10609381 0.00229004 0.05094741
v 0.10609381 0.00229004 0.05094741
v 0.09937500 0.00451660 0.04893569
v 0.10625001 0.00451660 0.05034194
v 0.10609381 0.00229004 0.05094741
v 0.10625001 0.00451660 0.05034194
v 0.11296881 0.00229004 0.05196303
v 0.11296881 0.00451660 0.05133803
v 0.11296881 0.00229004 0.05196303
v 0.11296881 0.00451660 0.05133803
v 0.11984381 0.00229004 0.05256850
v 0.11984381 0.00451660 0.05194350
v 0.11984381 0.00229004 0.05256850
v 0.07937500 -0.00000488 0.04327162
v 0.07953125 0.00229004 0.04305678
v 0.08593750 -0.00000488 0.04581069
v 0.08593750 -0.00000488 0.04581069
v 0.07953125 0.00229004 0.04305678
v 0.08593750 0.00229004 0.04561537
v 0.08593750 -0.00000488 0.04581069
v 0.08593750 0.00229004 0.04561537
v 0.09250000 -0.00000488 0.04797866
v 0.09250000 0.00229004 0.04778334
v 0.09250000 -0.00000488 0.04797866
v 0.09250000 0.00229004 0.04778334
v 0.09921875 -0.00000488 0.04977553
v 0.09921875 -0.00000488 0.04977553
v 0.09250000 0.00229004 0.04778334
v 0.09921875 0.00229004 0.04956069
v 0.09921875 -0.00000488 0.04977553
v 0.09921875 0.00229004 0.04956069
v 0.10609381 -0.00000488 0.05116225
v 0.10609381 0.00229004 0.05094741
v 0.10609381 -0.00000488 0.05116225
v 0.10609381 0.00229004 0.05094741
v 0.11296881 -0.00000488 0.05217787
v 0.11296881 0.00229004 0.05196303
v 0.11296881 -0.00000488 0.05217787
v 0.11296881 0.00229004 0.05196303
v 0.11984381 -0.00000488 0.05278334
v 0.11984381 0.00229004 0.05256850
v 0.11984381 -0.00000488 0.05278334
v 0.11984381 0.00229004 0.05256850
v 0.12687501 -0.00000488 0.05297866
v 0.12687501 0.00229004 0.05276381
v 0.12687501 -0.00000488 0.05297866
v 0.07953125 -0.00229981 0.04305678
v 0.07937500 -0.00000488 0.04327162
v 0.08593750 -0.00229981 0.04561537
v 0.08593750 -0.00229981 0.04561537
v 0.07937500 -0.00000488 0.04327162
v 0.08593750 -0.00000488 0.04581069
v 0.08593750 -0.00229981 0.04561537
v 0.08593750 -0.00000488 0.04581069
v 0.09250000 -0.00229981 0.04778334
v 0.09250000 -0.00000488 0.04797866
v 0.09250000 -0.00229981 0.04778334
v 0.09250000 -0.00000488 0.04797866
v 0.09921875 -0.00229981 0.04956069
v 0.09921875 -0.00229981 0.04956069
v 0.09250000 -0.00000488 0.04797866
v 0.09921875 -0.00000488 0.04977553
v 0.09921875 -0.00229981 0.04956069
v 0.09921875 -0.00000488 0.04977553
v 0.10609381 -0.00229981 0.05094741
v 0.10609381 -0.00000488 0.05116225
v 0.10609381 -0.00229981 0.05094741
v 0.10609381 -0.00000488 0.05116225
v 0.11296881 -0.00229981 0.05196303
v 0.11296881 -0.00000488 0.05217787
v 0.11296881 -0.00229981 0.05196303
v 0.11296881 -0.00000488 0.05217787
v 0.11984381 -0.00229981 0.05256850
v 0.11984381 -0.00000488 0.05278334
v 0.11984381 -0.00229981 0.05256850
v 0.11984381 -0.00000488 0.05278334
v 0.12687501 -0.00229981 0.05276381
v 0.12687501 -0.00000488 0.05297866
v 0.12687501 -0.00229981 0.05276381
v 0.12687501 -0.00000488 0.05297866
v 0.13375001 -0.00229981 0.05258803
v 0.13375001 -0.00000488 0.05280287
v 0.13375001 -0.00229981 0.05258803
v 0.13375001 -0.00000488 0.05280287
v 0.14078121 -0.00229981 0.05200209
v 0.07968750 -0.00451660 0.04249037
v 0.07953125 -0.00229981 0.04305678
v 0.08609375 -0.00451660 0.04500991
v 0.08609375 -0.00451660 0.04500991
v 0.07953125 -0.00229981 0.04305678
v 0.08593750 -0.00229981 0.04561537
v 0.08609375 -0.00451660 0.04500991
v 0.08593750 -0.00229981 0.04561537
v 0.09265625 -0.00451660 0.04717787
v 0.09250000 -0.00229981 0.04778334
v 0.09265625 -0.00451660 0.04717787
v 0.09250000 -0.00229981 0.04778334
v 0.09937500 -0.00451660 0.04893569
v 0.09937500 -0.00451660 0.04893569
v 0.09250000 -0.00229981 0.04778334
v 0.09921875 -0.00229981 0.04956069
v 0.09937500 -0.00451660 0.04893569
v 0.09921875 -0.00229981 0.04956069
v 0.10625001 -0.00451660 0.05034194
v 0.10625001 -0.00451660 0.05034194
v 0.09921875 -0.00229981 0.04956069
v 0.10609381 -0.00229981 0.05094741
v 0.10625001 -0.00451660 0.05034194
v 0.10609381 -0.00229981 0.05094741
v 0.11296881 -0.00451660 0.05133803
v 0.11296881 -0.00229981 0.05196303
v 0.11296881 -0.00451660 0.05133803
v 0.11296881 -0.00229981 0.05196303
v 0.11984381 -0.00451660 0.05194350
v 0.11984381 -0.00229981 0.05256850
v 0.11984381 -0.00451660 0.05194350
v 0.11984381 -0.00229981 0.05256850
v 0.12687501 -0.00451660 0.05213881
v 0.12687501 -0.00229981 0.05276381
v 0.12687501 -0.00451660 0.05213881
v 0.12687501 -0.00229981 0.05276381
v 0.13375001 -0.00451660 0.05194350
v 0.13375001 -0.00451660 0.05194350
v 0.12687501 -0.00229981 0.05276381
v 0.13375001 -0.00229981 0.05258803
v 0.13375001 -0.00451660 0.05194350
v 0.13375001 -0.00229981 0.05258803
v 0.14062501 -0.00451660 0.05135756
v 0.14078121 -0.00229981 0.05200209
v 0.14062501 -0.00451660 0.05135756
v 0.14078121 -0.00229981 0.05200209
v 0.14750001 -0.00451660 0.05038100
v 0.08015625 -0.00658691 0.04153334
v 0.07968750 -0.00451660 0.04249037
v 0.08656250 -0.00658691 0.04405287
v 0.08609375 -0.00451660 0.04500991
v 0.08656250 -0.00658691 0.04405287
v 0.08609375 -0.00451660 0.04500991
v 0.09296875 -0.00658691 0.04618178
v 0.09265625 -0.00451660 0.04717787
v 0.09296875 -0.00658691 0.04618178
v 0.09265625 -0.00451660 0.04717787
v 0.09968750 -0.00658691 0.04793959
v 0.09937500 -0.00451660 0.04893569
v 0.09968750 -0.00658691 0.04793959
v 0.09937500 -0.00451660 0.04893569
v 0.10640631 -0.00658691 0.04932631
v 0.10640631 -0.00658691 0.04932631
v 0.09937500 -0.00451660 0.04893569
v 0.10625001 -0.00451660 0.05034194
v 0.10640631 -0.00658691 0.04932631
v 0.10625001 -0.00451660 0.05034194
v 0.11312501 -0.00658691 0.05030287
v 0.11312501 -0.00658691 0.05030287
v 0.10625001 -0.00451660 0.05034194
v 0.11296881 -0.00451660 0.05133803
v 0.11312501 -0.00658691 0.05030287
v 0.11296881 -0.00451660 0.05133803
v 0.12000001 -0.00658691 0.05090834
v 0.11984381 -0.00451660 0.05194350
v 0.12000001 -0.00658691 0.05090834
v 0.11984381 -0.00451660 0.05194350
v 0.12687501 -0.00658691 0.05112319
v 0.12687501 -0.00658691 0.05112319
v 0.11984381 -0.00451660 0.05194350
v 0.12687501 -0.00451660 0.05213881
v 0.12687501 -0.00658691 0.05112319
v 0.12687501 -0.00451660 0.05213881
v 0.13375001 -0.00658691 0.05092787
v 0.13375001 -0.00451660 0.05194350
v 0.13375001 -0.00658691 0.05092787
v 0.13375001 -0.00451660 0.05194350
v 0.14046871 -0.00658691 0.05034194
v 0.14046871 -0.00658691 0.05034194
v 0.13375001 -0.00451660 0.05194350
v 0.14062501 -0.00451660 0.05135756
v 0.14046871 -0.00658691 0.05034194
v 0.14062501 -0.00451660 0.05135756
v 0.14734371 -0.00658691 0.04936537
v 0.14750001 -0.00451660 0.05038100
v 0.14734371 -0.00658691 0.04936537
v 0.08062500 -0.00842285 0.04026381
v 0.08015625 -0.00658691 0.04153334
v 0.08703125 -0.00842285 0.04274428
v 0.08703125 -0.00842285 0.04274428
v 0.08015625 -0.00658691 0.04153334
v 0.08656250 -0.00658691 0.04405287
v 0.08703125 -0.00842285 0.04274428
v 0.08656250 -0.00658691 0.04405287
v 0.09343750 -0.00842285 0.04485366
v 0.09343750 -0.00842285 0.04485366
v 0.08656250 -0.00658691 0.04405287
v 0.09296875 -0.00658691 0.04618178
v 0.09343750 -0.00842285 0.04485366
v 0.09296875 -0.00658691 0.04618178
v 0.10000000 -0.00842285 0.04659194
v 0.10000000 -0.00842285 0.04659194
v 0.09296875 -0.00658691 0.04618178
v 0.09968750 -0.00658691 0.04793959
v 0.10000000 -0.00842285 0.04659194
v 0.09968750 -0.00658691 0.04793959
v 0.10656251 -0.00842285 0.04795912
v 0.10640631 -0.00658691 0.04932631
v 0.10656251 -0.00842285 0.04795912
v 0.10640631 -0.00658691 0.04932631
v 0.11328131 -0.00842285 0.04893569
v 0.11312501 -0.00658691 0.05030287
v 0.11328131 -0.00842285 0.04893569
v 0.11312501 -0.00658691 0.05030287
v 0.12000001 -0.00842285 0.04952162
v 0.12000001 -0.00658691 0.05090834
v 0.12000001 -0.00842285 0.04952162
v 0.12000001 -0.00658691 0.05090834
v 0.12687501 -0.00842285 0.04971694
v 0.12687501 -0.00842285 0.04971694
v 0.12000001 -0.00658691 0.05090834
v 0.12687501 -0.00658691 0.05112319
v 0.12687501 -0.00842285 0.04971694
v 0.12687501 -0.00658691 0.05112319
v 0.13359371 -0.00842285 0.04954116
v 0.13359371 -0.00842285 0.04954116
v 0.12687501 -0.00658691 0.05112319
v 0.13375001 -0.00658691 0.05092787
v 0.13359371 -0.00842285 0.04954116
v 0.13375001 -0.00658691 0.05092787
v 0.14031251 -0.00842285 0.04895522
v 0.14046871 -0.00658691 0.05034194
v 0.14031251 -0.00842285 0.04895522
v 0.14046871 -0.00658691 0.05034194
v 0.14703121 -0.00842285 0.04799819
v 0.14703121 -0.00842285 0.04799819
v 0.14046871 -0.00658691 0.05034194
v 0.14734371 -0.00658691 0.04936537
v 0.14703121 -0.00842285 0.04799819
v 0.14734371 -0.00658691 0.04936537
v 0.15375001 -0.00842285 0.04665053
v 0.15406251 -0.00658691 0.04801772
v 0.15375001 -0.00842285 0.04665053
v 0.15406251 -0.00658691 0.04801772
v 0.16031251 -0.00842285 0.04493178
v 0.08140625 -0.00997559 0.03870131
v 0.08062500 -0.00842285 0.04026381
v 0.08750000 -0.00997559 0.04114272
v 0.08750000 -0.00997559 0.04114272
v 0.08062500 -0.00842285 0.04026381
v 0.08703125 -0.00842285 0.04274428
v 0.08750000 -0.00997559 0.04114272
v 0.08703125 -0.00842285 0.04274428
v 0.09390625 -0.00997559 0.04321303
v 0.09390625 -0.00997559 0.04321303
v 0.08703125 -0.00842285 0.04274428
v 0.09343750 -0.00842285 0.04485366
v 0.09390625 -0.00997559 0.04321303
v 0.09343750 -0.00842285 0.04485366
v 0.10031250 -0.00997559 0.04493178
v 0.10031250 -0.00997559 0.04493178
v 0.09343750 -0.00842285 0.04485366
v 0.10000000 -0.00842285 0.04659194
v 0.10031250 -0.00997559 0.04493178
v 0.10000000 -0.00842285 0.04659194
v 0.10687501 -0.00997559 0.04627944
v 0.10656251 -0.00842285 0.04795912
v 0.10687501 -0.00997559 0.04627944
v 0.10656251 -0.00842285 0.04795912
v 0.11343751 -0.00997559 0.04723647
v 0.11328131 -0.00842285 0.04893569
v 0.11343751 -0.00997559 0.04723647
v 0.11328131 -0.00842285 0.04893569
v 0.12015631 -0.00997559 0.04782241
v 0.12000001 -0.00842285 0.04952162
v 0.12015631 -0.00997559 0.04782241
v 0.12000001 -0.00842285 0.04952162
v 0.12687501 -0.00997559 0.04801772
v 0.12687501 -0.00842285 0.04971694
v 0.12687501 -0.00997559 0.04801772
v 0.12687501 -0.00842285 0.04971694
v 0.13343751 -0.00997559 0.04784194
v 0.13359371 -0.00842285 0.04954116
v 0.13343751 -0.00997559 0.04784194
v 0.13359371 -0.00842285 0.04954116
v 0.14015621 -0.00997559 0.04727553
v 0.14031251 -0.00842285 0.04895522
v 0.14015621 -0.00997559 0.04727553
v 0.14031251 -0.00842285 0.04895522
v 0.14671871 -0.00997559 0.04631850
v 0.14671871 -0.00997559 0.04631850
v 0.14031251 -0.00842285 0.04895522
v 0.14703121 -0.00842285 0.04799819
v 0.14671871 -0.00997559 0.04631850
v 0.14703121 -0.00842285 0.04799819
v 0.15328121 -0.00997559 0.04499037
v 0.15375001 -0.00842285 0.04665053
v 0.15328121 -0.00997559 0.04499037
v 0.15375001 -0.00842285 0.04665053
v 0.15984371 -0.00997559 0.04329116
v 0.16031251 -0.00842285 0.04493178
v 0.15984371 -0.00997559 0.04329116
v 0.08828125 -0.01119629 0.03928725
v 0.08828125 -0.01119629 0.03928725
v 0.08140625 -0.00997559 0.03870131
v 0.08750000 -0.00997559 0.04114272
v 0.08828125 -0.01119629 0.03928725
v 0.08750000 -0.00997559 0.04114272
v 0.09453125 -0.01119629 0.04133803
v 0.09453125 -0.01119629 0.04133803
v 0.08750000 -0.00997559 0.04114272
v 0.09390625 -0.00997559 0.04321303
v 0.09453125 -0.01119629 0.04133803
v 0.09390625 -0.00997559 0.04321303
v 0.10078131 -0.01119629 0.04301772
v 0.10031250 -0.00997559 0.04493178
v 0.10078131 -0.01119629 0.04301772
v 0.10031250 -0.00997559 0.04493178
v 0.10718751 -0.01119629 0.04434584
v 0.10687501 -0.00997559 0.04627944
v 0.10718751 -0.01119629 0.04434584
v 0.10687501 -0.00997559 0.04627944
v 0.11375001 -0.01119629 0.04528334
v 0.11375001 -0.01119629 0.04528334
v 0.10687501 -0.00997559 0.04627944
v 0.11343751 -0.00997559 0.04723647
v 0.11375001 -0.01119629 0.04528334
v 0.11343751 -0.00997559 0.04723647
v 0.12031251 -0.01119629 0.04586928
v 0.12031251 -0.01119629 0.04586928
v 0.11343751 -0.00997559 0.04723647
v 0.12015631 -0.00997559 0.04782241
v 0.12031251 -0.01119629 0.04586928
v 0.12015631 -0.00997559 0.04782241
v 0.12687501 -0.01119629 0.04606459
v 0.12687501 -0.00997559 0.04801772
v 0.12687501 -0.01119629 0.04606459
v 0.12687501 -0.00997559 0.04801772
v 0.13343751 -0.01119629 0.04586928
v 0.13343751 -0.01119629 0.04586928
v 0.12687501 -0.00997559 0.04801772
v 0.13343751 -0.00997559 0.04784194
v 0.13343751 -0.01119629 0.04586928
v 0.13343751 -0.00997559 0.04784194
v 0.14000001 -0.01119629 0.04532241
v 0.14015621 -0.00997559 0.04727553
v 0.14000001 -0.01119629 0.04532241
v 0.14015621 -0.00997559 0.04727553
v 0.14640621 -0.01119629 0.04438491
v 0.14671871 -0.00997559 0.04631850
v 0.14640621 -0.01119629 0.04438491
v 0.14671871 -0.00997559 0.04631850
v 0.15281251 -0.01119629 0.04309584
v 0.15281251 -0.01119629 0.04309584
v 0.14671871 -0.00997559 0.04631850
v 0.15328121 -0.00997559 0.04499037
v 0.15281251 -0.01119629 0.04309584
v 0.15328121 -0.00997559 0.04499037
v 0.15921871 -0.01119629 0.04141616
v 0.15984371 -0.00997559 0.04329116
v 0.15921871 -0.01119629 0.04141616
v 0.15984371 -0.00997559 0.04329116
v 0.16546871 -0.01119629 0.03938491
v 0.16609371 -0.00997559 0.04124037
v 0.16546871 -0.01119629 0.03938491
v 0.08890625 -0.01202637 0.03727553
v 0.08890625 -0.01202637 0.03727553
v 0.08203125 -0.01119629 0.03688491
v 0.08828125 -0.01119629 0.03928725
v 0.08890625 -0.01202637 0.03727553
v 0.08828125 -0.01119629 0.03928725
v 0.09500000 -0.01202637 0.03926772
v 0.09453125 -0.01119629 0.04133803
v 0.09500000 -0.01202637 0.03926772
v 0.09453125 -0.01119629 0.04133803
v 0.10125000 -0.01202637 0.04092787
v 0.10078131 -0.01119629 0.04301772
v 0.10125000 -0.01202637 0.04092787
v 0.10078131 -0.01119629 0.04301772
v 0.10765631 -0.01202637 0.04221694
v 0.10718751 -0.01119629 0.04434584
v 0.10765631 -0.01202637 0.04221694
v 0.10718751 -0.01119629 0.04434584
v 0.11390631 -0.01202637 0.04315444
v 0.11390631 -0.01202637 0.04315444
v 0.10718751 -0.01119629 0.04434584
v 0.11375001 -0.01119629 0.04528334
v 0.11390631 -0.01202637 0.04315444
v 0.11375001 -0.01119629 0.04528334
v 0.12046881 -0.01202637 0.04372084
v 0.12031251 -0.01119629 0.04586928
v 0.12046881 -0.01202637 0.04372084
v 0.12031251 -0.01119629 0.04586928
v 0.12687501 -0.01202637 0.04391616
v 0.12687501 -0.01119629 0.04606459
v 0.12687501 -0.01202637 0.04391616
v 0.12687501 -0.01119629 0.04606459
v 0.13328121 -0.01202637 0.04372084
v 0.13343751 -0.01119629 0.04586928
v 0.13328121 -0.01202637 0.04372084
v 0.13343751 -0.01119629 0.04586928
v 0.13968751 -0.01202637 0.04319350
v 0.14000001 -0.01119629 0.04532241
v 0.13968751 -0.01202637 0.04319350
v 0.14000001 -0.01119629 0.04532241
v 0.14609371 -0.01202637 0.04227553
v 0.14640621 -0.01119629 0.04438491
v 0.14609371 -0.01202637 0.04227553
v 0.14640621 -0.01119629 0.04438491
v 0.15234371 -0.01202637 0.04098647
v 0.15234371 -0.01202637 0.04098647
v 0.14640621 -0.01119629 0.04438491
v 0.15281251 -0.01119629 0.04309584
v 0.15234371 -0.01202637 0.04098647
v 0.15281251 -0.01119629 0.04309584
v 0.15859371 -0.01202637 0.03934584
v 0.15921871 -0.01119629 0.04141616
v 0.15859371 -0.01202637 0.03934584
v 0.15921871 -0.01119629 0.04141616
v 0.16468751 -0.01202637 0.03735366
v 0.16546871 -0.01119629 0.03938491
v 0.16468751 -0.01202637 0.03735366
v 0.16546871 -0.01119629 0.03938491
v 0.17078121 -0.01202637 0.03502944
v 0.17078121 -0.01202637 0.03502944
v 0.16546871 -0.01119629 0.03938491
v 0.17156251 -0.01119629 0.03700209
v 0.17078121 -0.01202637 0.03502944
v 0.08390625 -0.01244629 0.03282241
v 0.08296875 -0.01202637 0.03491225
v 0.08968750 -0.01244629 0.03512709
v 0.08890625 -0.01202637 0.03727553
v 0.08968750 -0.01244629 0.03512709
v 0.08890625 -0.01202637 0.03727553
v 0.09578125 -0.01244629 0.03709975
v 0.09500000 -0.01202637 0.03926772
v 0.09578125 -0.01244629 0.03709975
v 0.09500000 -0.01202637 0.03926772
v 0.10187500 -0.01244629 0.03872084
v 0.10125000 -0.01202637 0.04092787
v 0.10187500 -0.01244629 0.03872084
v 0.10125000 -0.01202637 0.04092787
v 0.10796881 -0.01244629 0.03999037
v 0.10765631 -0.01202637 0.04221694
v 0.10796881 -0.01244629 0.03999037
v 0.10765631 -0.01202637 0.04221694
v 0.11421881 -0.01244629 0.04090834
v 0.11390631 -0.01202637 0.04315444
v 0.11421881 -0.01244629 0.04090834
v 0.11390631 -0.01202637 0.04315444
v 0.12046881 -0.01244629 0.04145522
v 0.12046881 -0.01202637 0.04372084
v 0.12046881 -0.01244629 0.04145522
v 0.12046881 -0.01202637 0.04372084
v 0.12687501 -0.01244629 0.04163100
v 0.12687501 -0.01202637 0.04391616
v 0.12687501 -0.01244629 0.04163100
v 0.12687501 -0.01202637 0.04391616
v 0.13312501 -0.01244629 0.04147475
v 0.13312501 -0.01244629 0.04147475
v 0.12687501 -0.01202637 0.04391616
v 0.13328121 -0.01202637 0.04372084
v 0.13312501 -0.01244629 0.04147475
v 0.13328121 -0.01202637 0.04372084
v 0.13937501 -0.01244629 0.04092787
v 0.13937501 -0.01244629 0.04092787
v 0.13968751 -0.01202637 0.04319350
v 0.13937501 -0.01244629 0.04092787
v 0.13968751 -0.01202637 0.04319350
v 0.14562501 -0.01244629 0.04002944
v 0.14609371 -0.01202637 0.04227553
v 0.14562501 -0.01244629 0.04002944
v 0.14609371 -0.01202637 0.04227553
v 0.15187501 -0.01244629 0.03877944
v 0.15234371 -0.01202637 0.04098647
v 0.15187501 -0.01244629 0.03877944
v 0.15234371 -0.01202637 0.04098647
v 0.15796871 -0.01244629 0.03717787
v 0.15859371 -0.01202637 0.03934584
v 0.15796871 -0.01244629 0.03717787
v 0.15859371 -0.01202637 0.03934584
v 0.16406251 -0.01244629 0.03522475
v 0.16406251 -0.01244629 0.03522475
v 0.15859371 -0.01202637 0.03934584
v 0.16468751 -0.01202637 0.03735366
v 0.16406251 -0.01244629 0.03522475
v 0.16468751 -0.01202637 0.03735366
v 0.16984371 -0.01244629 0.03293959
v 0.16984371 -0.01244629 0.03293959
v 0.16468751 -0.01202637 0.03735366
v 0.17078121 -0.01202637 0.03502944
v 0.16984371 -0.01244629 0.03293959
v 0.17078121 -0.01202637 0.03502944
v 0.17562501 -0.01244629 0.03030288
v 0.17562501 -0.01244629 0.03030288
v 0.17078121 -0.01202637 0.03502944
v 0.17656251 -0.01202637 0.03233412
v 0.17562501 -0.01244629 0.03030288
v 0.17656251 -0.01202637 0.03233412
v 0.18125001 -0.01244629 0.02735366
v 0.08468750 -0.01244629 0.03069350
v 0.08390625 -0.01244629 0.03282241
v 0.09046875 -0.01244629 0.03295912
v 0.08968750 -0.01244629 0.03512709
v 0.09640625 -0.01244629 0.03489272
v 0.09578125 -0.01244629 0.03709975
v 0.10234381 -0.01244629 0.03647475
v 0.10187500 -0.01244629 0.03872084
v 0.10843751 -0.01244629 0.03772475
v 0.10796881 -0.01244629 0.03999037
v 0.11453131 -0.01244629 0.03860366
v 0.11421881 -0.01244629 0.04090834
v 0.12062501 -0.01244629 0.03915053
v 0.12046881 -0.01244629 0.04145522
v 0.12687501 -0.01244629 0.03932631
v 0.12687501 -0.01244629 0.04163100
v 0.13296871 -0.01244629 0.03917006
v 0.13312501 -0.01244629 0.04147475
v 0.13921871 -0.01244629 0.03864272
v 0.13937501 -0.01244629 0.04092787
v 0.14531251 -0.01244629 0.03776381
v 0.14562501 -0.01244629 0.04002944
v 0.15140621 -0.01244629 0.03653334
v 0.15187501 -0.01244629 0.03877944
v 0.15734371 -0.01244629 0.03497084
v 0.15796871 -0.01244629 0.03717787
v 0.16328121 -0.01244629 0.03305678
v 0.16406251 -0.01244629 0.03522475
v 0.16890621 -0.01244629 0.03081069
v 0.16984371 -0.01244629 0.03293959
v 0.17453121 -0.01244629 0.02823256
v 0.17562501 -0.01244629 0.03030288
v 0.18000001 -0.01244629 0.02534194
v 0.08562500 -0.01202637 0.02862319
v 0.08468750 -0.01244629 0.03069350
v 0.09125000 -0.01202637 0.03083022
v 0.09046875 -0.01244629 0.03295912
v 0.09125000 -0.01202637 0.03083022
v 0.09046875 -0.01244629 0.03295912
v 0.09703125 -0.01202637 0.03272475
v 0.09640625 -0.01244629 0.03489272
v 0.09703125 -0.01202637 0.03272475
v 0.09640625 -0.01244629 0.03489272
v 0.10281250 -0.01202637 0.03426772
v 0.10234381 -0.01244629 0.03647475
v 0.10281250 -0.01202637 0.03426772
v 0.10234381 -0.01244629 0.03647475
v 0.10875001 -0.01202637 0.03547866
v 0.10843751 -0.01244629 0.03772475
v 0.10875001 -0.01202637 0.03547866
v 0.10843751 -0.01244629 0.03772475
v 0.11484381 -0.01202637 0.03635756
v 0.11453131 -0.01244629 0.03860366
v 0.11484381 -0.01202637 0.03635756
v 0.11453131 -0.01244629 0.03860366
v 0.12078131 -0.01202637 0.03688491
v 0.12062501 -0.01244629 0.03915053
v 0.12078131 -0.01202637 0.03688491
v 0.12062501 -0.01244629 0.03915053
v 0.12687501 -0.01202637 0.03706069
v 0.12687501 -0.01244629 0.03932631
v 0.12687501 -0.01202637 0.03706069
v 0.12687501 -0.01244629 0.03932631
v 0.13296871 -0.01202637 0.03690444
v 0.13296871 -0.01244629 0.03917006
v 0.13296871 -0.01202637 0.03690444
v 0.13296871 -0.01244629 0.03917006
v 0.13890621 -0.01202637 0.03637709
v 0.13921871 -0.01244629 0.03864272
v 0.13890621 -0.01202637 0.03637709
v 0.13921871 -0.01244629 0.03864272
v 0.14484371 -0.01202637 0.03553725
v 0.14531251 -0.01244629 0.03776381
v 0.14484371 -0.01202637 0.03553725
v 0.14531251 -0.01244629 0.03776381
v 0.15078121 -0.01202637 0.03432631
v 0.15140621 -0.01244629 0.03653334
v 0.15078121 -0.01202637 0.03432631
v 0.15140621 -0.01244629 0.03653334
v 0.15671871 -0.01202637 0.03278334
v 0.15671871 -0.01202637 0.03278334
v 0.15140621 -0.01244629 0.03653334
v 0.15734371 -0.01244629 0.03497084
v 0.15671871 -0.01202637 0.03278334
v 0.15734371 -0.01244629 0.03497084
v 0.16250001 -0.01202637 0.03092788
v 0.16328121 -0.01244629 0.03305678
v 0.16250001 -0.01202637 0.03092788
v 0.16328121 -0.01244629 0.03305678
v 0.16812501 -0.01202637 0.02872084
v 0.16890621 -0.01244629 0.03081069
v 0.16812501 -0.01202637 0.02872084
v 0.16890621 -0.01244629 0.03081069
v 0.17359371 -0.01202637 0.02620131
v 0.17453121 -0.01244629 0.02823256
v 0.17359371 -0.01202637 0.02620131
v 0.17453121 -0.01244629 0.02823256
v 0.17890621 -0.01202637 0.02336928
v 0.18000001 -0.01244629 0.02534194
v 0.18406251 -0.01202637 0.02024428
v 0.18531251 -0.01244629 0.02213881
v 0.18406251 -0.01202637 0.02024428
v 0.08640625 -0.01119629 0.02663100
v 0.08562500 -0.01202637 0.02862319
v 0.09203125 -0.01119629 0.02879897
v 0.09203125 -0.01119629 0.02879897
v 0.08562500 -0.01202637 0.02862319
v 0.09125000 -0.01202637 0.03083022
v 0.09203125 -0.01119629 0.02879897
v 0.09125000 -0.01202637 0.03083022
v 0.09765625 -0.01119629 0.03065444
v 0.09703125 -0.01202637 0.03272475
v 0.09765625 -0.01119629 0.03065444
v 0.09703125 -0.01202637 0.03272475
v 0.10328131 -0.01119629 0.03217787
v 0.10281250 -0.01202637 0.03426772
v 0.10328131 -0.01119629 0.03217787
v 0.10281250 -0.01202637 0.03426772
v 0.10921881 -0.01119629 0.03336928
v 0.10875001 -0.01202637 0.03547866
v 0.10921881 -0.01119629 0.03336928
v 0.10875001 -0.01202637 0.03547866
v 0.11500001 -0.01119629 0.03422866
v 0.11484381 -0.01202637 0.03635756
v 0.11500001 -0.01119629 0.03422866
v 0.11484381 -0.01202637 0.03635756
v 0.12093751 -0.01119629 0.03473647
v 0.12078131 -0.01202637 0.03688491
v 0.12093751 -0.01119629 0.03473647
v 0.12078131 -0.01202637 0.03688491
v 0.12687501 -0.01119629 0.03491225
v 0.12687501 -0.01202637 0.03706069
v 0.12687501 -0.01119629 0.03491225
v 0.12687501 -0.01202637 0.03706069
v 0.13281251 -0.01119629 0.03475600
v 0.13296871 -0.01202637 0.03690444
v 0.13281251 -0.01119629 0.03475600
v 0.13296871 -0.01202637 0.03690444
v 0.13875001 -0.01119629 0.03424819
v 0.13890621 -0.01202637 0.03637709
v 0.13875001 -0.01119629 0.03424819
v 0.13890621 -0.01202637 0.03637709
v 0.14453121 -0.01119629 0.03340834
v 0.14484371 -0.01202637 0.03553725
v 0.14453121 -0.01119629 0.03340834
v 0.14484371 -0.01202637 0.03553725
v 0.15031251 -0.01119629 0.03223647
v 0.15078121 -0.01202637 0.03432631
v 0.15031251 -0.01119629 0.03223647
v 0.15078121 -0.01202637 0.03432631
v 0.15609371 -0.01119629 0.03073256
v 0.15671871 -0.01202637 0.03278334
v 0.15609371 -0.01119629 0.03073256
v 0.15671871 -0.01202637 0.03278334
v 0.16171871 -0.01119629 0.02889663
v 0.16250001 -0.01202637 0.03092788
v 0.16171871 -0.01119629 0.02889663
v 0.16250001 -0.01202637 0.03092788
v 0.16718751 -0.01119629 0.02674819
v 0.16812501 -0.01202637 0.02872084
v 0.16718751 -0.01119629 0.02674819
v 0.16812501 -0.01202637 0.02872084
v 0.17265621 -0.01119629 0.02426772
v 0.17265621 -0.01119629 0.02426772
v 0.16812501 -0.01202637 0.02872084
v 0.17359371 -0.01202637 0.02620131
v 0.17265621 -0.01119629 0.02426772
v 0.17359371 -0.01202637 0.02620131
v 0.17781251 -0.01119629 0.02149428
v 0.17890621 -0.01202637 0.02336928
v 0.17781251 -0.01119629 0.02149428
v 0.17890621 -0.01202637 0.02336928
v 0.18296871 -0.01119629 0.01842788
v 0.18296871 -0.01119629 0.01842788
v 0.17890621 -0.01202637 0.02336928
v 0.18406251 -0.01202637 0.02024428
v 0.18296871 -0.01119629 0.01842788
v 0.18406251 -0.01202637 0.02024428
v 0.18781251 -0.01119629 0.01506850
v 0.18781251 -0.01119629 0.01506850
v 0.18406251 -0.01202637 0.02024428
v 0.18906251 -0.01202637 0.01680678
v 0.18781251 -0.01119629 0.01506850
v 0.18906251 -0.01202637 0.01680678
v 0.19250001 -0.01119629 0.01143569
v 0.19250001 -0.01119629 0.01143569
v 0.18906251 -0.01202637 0.01680678
v 0.19390621 -0.01202637 0.01309584
v 0.08718750 -0.00997559 0.02483413
v 0.08640625 -0.01119629 0.02663100
v 0.09265625 -0.00997559 0.02696303
v 0.09265625 -0.00997559 0.02696303
v 0.08640625 -0.01119629 0.02663100
v 0.09203125 -0.01119629 0.02879897
v 0.09265625 -0.00997559 0.02696303
v 0.09203125 -0.01119629 0.02879897
v 0.09812500 -0.00997559 0.02877944
v 0.09812500 -0.00997559 0.02877944
v 0.09203125 -0.01119629 0.02879897
v 0.09765625 -0.01119629 0.03065444
v 0.09812500 -0.00997559 0.02877944
v 0.09765625 -0.01119629 0.03065444
v 0.10375000 -0.00997559 0.03026381
v 0.10375000 -0.00997559 0.03026381
v 0.09765625 -0.01119629 0.03065444
v 0.10328131 -0.01119629 0.03217787
v 0.10375000 -0.00997559 0.03026381
v 0.10328131 -0.01119629 0.03217787
v 0.10953131 -0.00997559 0.03143569
v 0.10921881 -0.01119629 0.03336928
v 0.10953131 -0.00997559 0.03143569
v 0.10921881 -0.01119629 0.03336928
v 0.11531251 -0.00997559 0.03227553
v 0.11500001 -0.01119629 0.03422866
v 0.11531251 -0.00997559 0.03227553
v 0.11500001 -0.01119629 0.03422866
v 0.12109381 -0.00997559 0.03278334
v 0.12109381 -0.00997559 0.03278334
v 0.11500001 -0.01119629 0.03422866
v 0.12093751 -0.01119629 0.03473647
v 0.12109381 -0.00997559 0.03278334
v 0.12093751 -0.01119629 0.03473647
v 0.12687501 -0.00997559 0.03295912
v 0.12687501 -0.01119629 0.03491225
v 0.12687501 -0.00997559 0.03295912
v 0.12687501 -0.01119629 0.03491225
v 0.13265621 -0.00997559 0.03280287
v 0.13281251 -0.01119629 0.03475600
v 0.13265621 -0.00997559 0.03280287
v 0.13281251 -0.01119629 0.03475600
v 0.13843751 -0.00997559 0.03229506
v 0.13843751 -0.00997559 0.03229506
v 0.13281251 -0.01119629 0.03475600
v 0.13875001 -0.01119629 0.03424819
v 0.13843751 -0.00997559 0.03229506
v 0.13875001 -0.01119629 0.03424819
v 0.14421871 -0.00997559 0.03147475
v 0.14421871 -0.00997559 0.03147475
v 0.13875001 -0.01119629 0.03424819
v 0.14453121 -0.01119629 0.03340834
v 0.14421871 -0.00997559 0.03147475
v 0.14453121 -0.01119629 0.03340834
v 0.14984371 -0.00997559 0.03032241
v 0.14984371 -0.00997559 0.03032241
v 0.14453121 -0.01119629 0.03340834
v 0.15031251 -0.01119629 0.03223647
v 0.14984371 -0.00997559 0.03032241
v 0.15031251 -0.01119629 0.03223647
v 0.15546871 -0.00997559 0.02883803
v 0.15609371 -0.01119629 0.03073256
v 0.15546871 -0.00997559 0.02883803
v 0.15609371 -0.01119629 0.03073256
v 0.16109371 -0.00997559 0.02704116
v 0.16171871 -0.01119629 0.02889663
v 0.16109371 -0.00997559 0.02704116
v 0.16171871 -0.01119629 0.02889663
v 0.16656251 -0.00997559 0.02493178
v 0.16656251 -0.00997559 0.02493178
v 0.16171871 -0.01119629 0.02889663
v 0.16718751 -0.01119629 0.02674819
v 0.16656251 -0.00997559 0.02493178
v 0.16718751 -0.01119629 0.02674819
v 0.17171871 -0.00997559 0.02250991
v 0.17171871 -0.00997559 0.02250991
v 0.16718751 -0.01119629 0.02674819
v 0.17265621 -0.01119629 0.02426772
v 0.17171871 -0.00997559 0.02250991
v 0.17265621 -0.01119629 0.02426772
v 0.17687501 -0.00997559 0.01979506
v 0.17687501 -0.00997559 0.01979506
v 0.17265621 -0.01119629 0.02426772
v 0.17781251 -0.01119629 0.02149428
v 0.17687501 -0.00997559 0.01979506
v 0.17781251 -0.01119629 0.02149428
v 0.18187501 -0.00997559 0.01678725
v 0.18187501 -0.00997559 0.01678725
v 0.17781251 -0.01119629 0.02149428
v 0.18296871 -0.01119629 0.01842788
v 0.18187501 -0.00997559 0.01678725
v 0.18296871 -0.01119629 0.01842788
v 0.18671871 -0.00997559 0.01348647
v 0.18671871 -0.00997559 0.01348647
v 0.18296871 -0.01119629 0.01842788
v 0.18781251 -0.01119629 0.01506850
v 0.18671871 -0.00997559 0.01348647
v 0.18781251 -0.01119629 0.01506850
v 0.19125001 -0.00997559 0.00993178
v 0.19125001 -0.00997559 0.00993178
v 0.18781251 -0.01119629 0.01506850
v 0.19250001 -0.01119629 0.01143569
v 0.08796875 -0.00842285 0.02327163
v 0.08718750 -0.00997559 0.02483413
v 0.09328125 -0.00842285 0.02536147
v 0.09328125 -0.00842285 0.02536147
v 0.08718750 -0.00997559 0.02483413
v 0.09265625 -0.00997559 0.02696303
v 0.09328125 -0.00842285 0.02536147
v 0.09265625 -0.00997559 0.02696303
v 0.09859375 -0.00842285 0.02713881
v 0.09812500 -0.00997559 0.02877944
v 0.09859375 -0.00842285 0.02713881
v 0.09812500 -0.00997559 0.02877944
v 0.10421881 -0.00842285 0.02860366
v 0.10375000 -0.00997559 0.03026381
v 0.10421881 -0.00842285 0.02860366
v 0.10375000 -0.00997559 0.03026381
v 0.10984381 -0.00842285 0.02975600
v 0.10953131 -0.00997559 0.03143569
v 0.10984381 -0.00842285 0.02975600
v 0.10953131 -0.00997559 0.03143569
v 0.11546881 -0.00842285 0.03057631
v 0.11531251 -0.00997559 0.03227553
v 0.11546881 -0.00842285 0.03057631
v 0.11531251 -0.00997559 0.03227553
v 0.12109381 -0.00842285 0.03108413
v 0.12109381 -0.00997559 0.03278334
v 0.12109381 -0.00842285 0.03108413
v 0.12109381 -0.00997559 0.03278334
v 0.12687501 -0.00842285 0.03124038
v 0.12687501 -0.00997559 0.03295912
v 0.12687501 -0.00842285 0.03124038
v 0.12687501 -0.00997559 0.03295912
v 0.13250001 -0.00842285 0.03108413
v 0.13265621 -0.00997559 0.03280287
v 0.13250001 -0.00842285 0.03108413
v 0.13265621 -0.00997559 0.03280287
v 0.13828121 -0.00842285 0.03061538
v 0.13828121 -0.00842285 0.03061538
v 0.13265621 -0.00997559 0.03280287
v 0.13843751 -0.00997559 0.03229506
v 0.13828121 -0.00842285 0.03061538
v 0.13843751 -0.00997559 0.03229506
v 0.14390621 -0.00842285 0.02979506
v 0.14390621 -0.00842285 0.02979506
v 0.13843751 -0.00997559 0.03229506
v 0.14421871 -0.00997559 0.03147475
v 0.14390621 -0.00842285 0.02979506
v 0.14421871 -0.00997559 0.03147475
v 0.14953121 -0.00842285 0.02866225
v 0.14953121 -0.00842285 0.02866225
v 0.14421871 -0.00997559 0.03147475
v 0.14984371 -0.00997559 0.03032241
v 0.14953121 -0.00842285 0.02866225
v 0.14984371 -0.00997559 0.03032241
v 0.15500001 -0.00842285 0.02721694
v 0.15500001 -0.00842285 0.02721694
v 0.14984371 -0.00997559 0.03032241
v 0.15546871 -0.00997559 0.02883803
v 0.15500001 -0.00842285 0.02721694
v 0.15546871 -0.00997559 0.02883803
v 0.16046871 -0.00842285 0.02543959
v 0.16046871 -0.00842285 0.02543959
v 0.15546871 -0.00997559 0.02883803
v 0.16109371 -0.00997559 0.02704116
v 0.16046871 -0.00842285 0.02543959
v 0.16109371 -0.00997559 0.02704116
v 0.16578121 -0.00842285 0.02336928
v 0.16578121 -0.00842285 0.02336928
v 0.16109371 -0.00997559 0.02704116
v 0.16656251 -0.00997559 0.02493178
v 0.16578121 -0.00842285 0.02336928
v 0.16656251 -0.00997559 0.02493178
v 0.17109371 -0.00842285 0.02098647
v 0.17109371 -0.00842285 0.02098647
v 0.16656251 -0.00997559 0.02493178
v 0.17171871 -0.00997559 0.02250991
v 0.17109371 -0.00842285 0.02098647
v 0.17171871 -0.00997559 0.02250991
v 0.17609371 -0.00842285 0.01831069
v 0.17609371 -0.00842285 0.01831069
v 0.17171871 -0.00997559 0.02250991
v 0.17687501 -0.00997559 0.01979506
v 0.17609371 -0.00842285 0.01831069
v 0.17687501 -0.00997559 0.01979506
v 0.18093751 -0.00842285 0.01536147
v 0.18093751 -0.00842285 0.01536147
v 0.17687501 -0.00997559 0.01979506
v 0.18187501 -0.00997559 0.01678725
v 0.18093751 -0.00842285 0.01536147
v 0.18187501 -0.00997559 0.01678725
v 0.18562501 -0.00842285 0.01211928
v 0.18562501 -0.00842285 0.01211928
v 0.18187501 -0.00997559 0.01678725
v 0.18671871 -0.00997559 0.01348647
v 0.18562501 -0.00842285 0.01211928
v 0.18671871 -0.00997559 0.01348647
v 0.19015621 -0.00842285 0.00860366
v 0.19015621 -0.00842285 0.00860366
v 0.18671871 -0.00997559 0.01348647
v 0.19125001 -0.00997559 0.00993178
v 0.19015621 -0.00842285 0.00860366
v 0.19125001 -0.00997559 0.00993178
v 0.19453121 -0.00842285 0.00487319
v 0.08843750 -0.00658691 0.02198256
v 0.08796875 -0.00842285 0.02327163
v 0.09375000 -0.00658691 0.02405288
v 0.09375000 -0.00658691 0.02405288
v 0.08796875 -0.00842285 0.02327163
v 0.09328125 -0.00842285 0.02536147
v 0.09375000 -0.00658691 0.02405288
v 0.09328125 -0.00842285 0.02536147
v 0.09906250 -0.00658691 0.02581069
v 0.09906250 -0.00658691 0.02581069
v 0.09328125 -0.00842285 0.02536147
v 0.09859375 -0.00842285 0.02713881
v 0.09906250 -0.00658691 0.02581069
v 0.09859375 -0.00842285 0.02713881
v 0.10453131 -0.00658691 0.02725600
v 0.10453131 -0.00658691 0.02725600
v 0.09859375 -0.00842285 0.02713881
v 0.10421881 -0.00842285 0.02860366
v 0.10453131 -0.00658691 0.02725600
v 0.10421881 -0.00842285 0.02860366
v 0.11000001 -0.00658691 0.02838881
v 0.10984381 -0.00842285 0.02975600
v 0.11000001 -0.00658691 0.02838881
v 0.10984381 -0.00842285 0.02975600
v 0.11562501 -0.00658691 0.02918959
v 0.11546881 -0.00842285 0.03057631
v 0.11562501 -0.00658691 0.02918959
v 0.11546881 -0.00842285 0.03057631
v 0.12125001 -0.00658691 0.02969741
v 0.12109381 -0.00842285 0.03108413
v 0.12125001 -0.00658691 0.02969741
v 0.12109381 -0.00842285 0.03108413
v 0.12687501 -0.00658691 0.02985366
v 0.12687501 -0.00842285 0.03124038
v 0.12687501 -0.00658691 0.02985366
v 0.12687501 -0.00842285 0.03124038
v 0.13250001 -0.00658691 0.02969741
v 0.13250001 -0.00842285 0.03108413
v 0.13250001 -0.00658691 0.02969741
v 0.13250001 -0.00842285 0.03108413
v 0.13812501 -0.00658691 0.02922866
v 0.13812501 -0.00658691 0.02922866
v 0.13250001 -0.00842285 0.03108413
v 0.13828121 -0.00842285 0.03061538
v 0.13812501 -0.00658691 0.02922866
v 0.13828121 -0.00842285 0.03061538
v 0.14375001 -0.00658691 0.02842788
v 0.14375001 -0.00658691 0.02842788
v 0.13828121 -0.00842285 0.03061538
v 0.14390621 -0.00842285 0.02979506
v 0.14375001 -0.00658691 0.02842788
v 0.14390621 -0.00842285 0.02979506
v 0.14921871 -0.00658691 0.02731459
v 0.14921871 -0.00658691 0.02731459
v 0.14390621 -0.00842285 0.02979506
v 0.14953121 -0.00842285 0.02866225
v 0.14921871 -0.00658691 0.02731459
v 0.14953121 -0.00842285 0.02866225
v 0.15468751 -0.00658691 0.02586928
v 0.15500001 -0.00842285 0.02721694
v 0.15468751 -0.00658691 0.02586928
v 0.15500001 -0.00842285 0.02721694
v 0.16000001 -0.00658691 0.02413100
v 0.16046871 -0.00842285 0.02543959
v 0.16000001 -0.00658691 0.02413100
v 0.16046871 -0.00842285 0.02543959
v 0.16531251 -0.00658691 0.02208022
v 0.16531251 -0.00658691 0.02208022
v 0.16046871 -0.00842285 0.02543959
v 0.16578121 -0.00842285 0.02336928
v 0.16531251 -0.00658691 0.02208022
v 0.16578121 -0.00842285 0.02336928
v 0.17046871 -0.00658691 0.01973647
v 0.17046871 -0.00658691 0.01973647
v 0.16578121 -0.00842285 0.02336928
v 0.17109371 -0.00842285 0.02098647
v 0.17046871 -0.00658691 0.01973647
v 0.17109371 -0.00842285 0.02098647
v 0.17546871 -0.00658691 0.01709975
v 0.17546871 -0.00658691 0.01709975
v 0.17109371 -0.00842285 0.02098647
v 0.17609371 -0.00842285 0.01831069
v 0.17546871 -0.00658691 0.01709975
v 0.17609371 -0.00842285 0.01831069
v 0.18015621 -0.00658691 0.01418959
v 0.18015621 -0.00658691 0.01418959
v 0.17609371 -0.00842285 0.01831069
v 0.18093751 -0.00842285 0.01536147
v 0.18015621 -0.00658691 0.01418959
v 0.18093751 -0.00842285 0.01536147
v 0.18484371 -0.00658691 0.01098647
v 0.18484371 -0.00658691 0.01098647
v 0.18093751 -0.00842285 0.01536147
v 0.18562501 -0.00842285 0.01211928
v 0.18484371 -0.00658691 0.01098647
v 0.18562501 -0.00842285 0.01211928
v 0.18937501 -0.00658691 0.00752944
v 0.18937501 -0.00658691 0.00752944
v 0.18562501 -0.00842285 0.01211928
v 0.19015621 -0.00842285 0.00860366
v 0.18937501 -0.00658691 0.00752944
v 0.19015621 -0.00842285 0.00860366
v 0.19359371 -0.00658691 0.00383803
v 0.19359371 -0.00658691 0.00383803
v 0.19015621 -0.00842285 0.00860366
v 0.19453121 -0.00842285 0.00487319
v 0.09421875 -0.00229981 0.02249038
v 0.08906250 -0.00229981 0.02045913
v 0.08890625 -0.00451660 0.02104506
v 0.08890625 -0.00451660 0.02104506
v 0.08843750 -0.00658691 0.02198256
v 0.09406250 -0.00451660 0.02307631
v 0.09406250 -0.00451660 0.02307631
v 0.08843750 -0.00658691 0.02198256
v 0.09375000 -0.00658691 0.02405288
v 0.09406250 -0.00451660 0.02307631
v 0.09375000 -0.00658691 0.02405288
v 0.09937500 -0.00451660 0.02481459
v 0.09937500 -0.00451660 0.02481459
v 0.09375000 -0.00658691 0.02405288
v 0.09906250 -0.00658691 0.02581069
v 0.09937500 -0.00451660 0.02481459
v 0.09906250 -0.00658691 0.02581069
v 0.10468750 -0.00451660 0.02625991
v 0.10468750 -0.00451660 0.02625991
v 0.09906250 -0.00658691 0.02581069
v 0.10453131 -0.00658691 0.02725600
v 0.10468750 -0.00451660 0.02625991
v 0.10453131 -0.00658691 0.02725600
v 0.11015631 -0.00451660 0.02737319
v 0.11000001 -0.00658691 0.02838881
v 0.11015631 -0.00451660 0.02737319
v 0.11000001 -0.00658691 0.02838881
v 0.11578131 -0.00451660 0.02817397
v 0.11562501 -0.00658691 0.02918959
v 0.11578131 -0.00451660 0.02817397
v 0.11562501 -0.00658691 0.02918959
v 0.12125001 -0.00451660 0.02866225
v 0.12125001 -0.00451660 0.02866225
v 0.11562501 -0.00658691 0.02918959
v 0.12125001 -0.00658691 0.02969741
v 0.12125001 -0.00451660 0.02866225
v 0.12125001 -0.00658691 0.02969741
v 0.12687501 -0.00451660 0.02883803
v 0.12687501 -0.00451660 0.02883803
v 0.12125001 -0.00658691 0.02969741
v 0.12687501 -0.00658691 0.02985366
v 0.12687501 -0.00451660 0.02883803
v 0.12687501 -0.00658691 0.02985366
v 0.13250001 -0.00451660 0.02868178
v 0.13250001 -0.00658691 0.02969741
v 0.13250001 -0.00451660 0.02868178
v 0.13250001 -0.00658691 0.02969741
v 0.13796871 -0.00451660 0.02821303
v 0.13796871 -0.00451660 0.02821303
v 0.13250001 -0.00658691 0.02969741
v 0.13812501 -0.00658691 0.02922866
v 0.13796871 -0.00451660 0.02821303
v 0.13812501 -0.00658691 0.02922866
v 0.14359371 -0.00451660 0.02741225
v 0.14375001 -0.00658691 0.02842788
v 0.14359371 -0.00451660 0.02741225
v 0.14375001 -0.00658691 0.02842788
v 0.14906251 -0.00451660 0.02629897
v 0.14921871 -0.00658691 0.02731459
v 0.14906251 -0.00451660 0.02629897
v 0.14921871 -0.00658691 0.02731459
v 0.15437501 -0.00451660 0.02489272
v 0.15468751 -0.00658691 0.02586928
v 0.15437501 -0.00451660 0.02489272
v 0.15468751 -0.00658691 0.02586928
v 0.15968751 -0.00451660 0.02317397
v 0.16000001 -0.00658691 0.02413100
v 0.15968751 -0.00451660 0.02317397
v 0.16000001 -0.00658691 0.02413100
v 0.16484371 -0.00451660 0.02114272
v 0.16484371 -0.00451660 0.02114272
v 0.16000001 -0.00658691 0.02413100
v 0.16531251 -0.00658691 0.02208022
v 0.16484371 -0.00451660 0.02114272
v 0.16531251 -0.00658691 0.02208022
v 0.17000001 -0.00451660 0.01881850
v 0.17000001 -0.00451660 0.01881850
v 0.16531251 -0.00658691 0.02208022
v 0.17046871 -0.00658691 0.01973647
v 0.17000001 -0.00451660 0.01881850
v 0.17046871 -0.00658691 0.01973647
v 0.17484371 -0.00451660 0.01620131
v 0.17484371 -0.00451660 0.01620131
v 0.17046871 -0.00658691 0.01973647
v 0.17546871 -0.00658691 0.01709975
v 0.17484371 -0.00451660 0.01620131
v 0.17546871 -0.00658691 0.01709975
v 0.17968751 -0.00451660 0.01333022
v 0.17968751 -0.00451660 0.01333022
v 0.17546871 -0.00658691 0.01709975
v 0.18015621 -0.00658691 0.01418959
v 0.17968751 -0.00451660 0.01333022
v 0.18015621 -0.00658691 0.01418959
v 0.18421871 -0.00451660 0.01016616
v 0.18421871 -0.00451660 0.01016616
v 0.18015621 -0.00658691 0.01418959
v 0.18484371 -0.00658691 0.01098647
v 0.18421871 -0.00451660 0.01016616
v 0.18484371 -0.00658691 0.01098647
v 0.18875001 -0.00451660 0.00674819
v 0.18875001 -0.00451660 0.00674819
v 0.18484371 -0.00658691 0.01098647
v 0.18937501 -0.00658691 0.00752944
v 0.18875001 -0.00451660 0.00674819
v 0.18937501 -0.00658691 0.00752944
v 0.19281251 -0.00451660 0.00309584
v 0.19281251 -0.00451660 0.00309584
v 0.18937501 -0.00658691 0.00752944
v 0.19359371 -0.00658691 0.00383803
v 0.17937501 -0.00229981 0.01278334
v 0.17968751 -0.00451660 0.01333022
v 0.18390621 -0.00229981 0.00965834
v 0.18390621 -0.00229981 0.00965834
v 0.17968751 -0.00451660 0.01333022
v 0.18421871 -0.00451660 0.01016616
v 0.18390621 -0.00229981 0.00965834
v 0.18421871 -0.00451660 0.01016616
v 0.18828121 -0.00229981 0.00625991
v 0.18828121 -0.00229981 0.00625991
v 0.18421871 -0.00451660 0.01016616
v 0.18875001 -0.00451660 0.00674819
v 0.18828121 -0.00229981 0.00625991
v 0.18875001 -0.00451660 0.00674819
v 0.19250001 -0.00229981 0.00262709
v 0.19250001 -0.00229981 0.00262709
v 0.18875001 -0.00451660 0.00674819
v 0.19281251 -0.00451660 0.00309584
v 0.17968751 -0.00451660 0.01333022
v 0.17937501 -0.00229981 0.01278334
v 0.17484371 -0.00451660 0.01620131
v 0.17453121 -0.00229981 0.01565444
v 0.17484371 -0.00451660 0.01620131
v 0.17453121 -0.00229981 0.01565444
v 0.17000001 -0.00451660 0.01881850
v 0.17000001 -0.00451660 0.01881850
v 0.17453121 -0.00229981 0.01565444
v 0.16968751 -0.00229981 0.01825209
v 0.17000001 -0.00451660 0.01881850
v 0.16968751 -0.00229981 0.01825209
v 0.16484371 -0.00451660 0.02114272
v 0.16484371 -0.00451660 0.02114272
v 0.16968751 -0.00229981 0.01825209
v 0.16468751 -0.00229981 0.02055678
v 0.16484371 -0.00451660 0.02114272
v 0.16468751 -0.00229981 0.02055678
v 0.15968751 -0.00451660 0.02317397
v 0.15968751 -0.00451660 0.02317397
v 0.16468751 -0.00229981 0.02055678
v 0.15953121 -0.00229981 0.02256850
v 0.15968751 -0.00451660 0.02317397
v 0.15953121 -0.00229981 0.02256850
v 0.15437501 -0.00451660 0.02489272
v 0.15421871 -0.00229981 0.02428725
v 0.15437501 -0.00451660 0.02489272
v 0.15421871 -0.00229981 0.02428725
v 0.14906251 -0.00451660 0.02629897
v 0.14890621 -0.00229981 0.02569350
v 0.14906251 -0.00451660 0.02629897
v 0.14890621 -0.00229981 0.02569350
v 0.14359371 -0.00451660 0.02741225
v 0.14359371 -0.00451660 0.02741225
v 0.14890621 -0.00229981 0.02569350
v 0.14343751 -0.00229981 0.02678725
v 0.14359371 -0.00451660 0.02741225
v 0.14343751 -0.00229981 0.02678725
v 0.13796871 -0.00451660 0.02821303
v 0.13796871 -0.00229981 0.02756850
v 0.13796871 -0.00451660 0.02821303
v 0.13796871 -0.00229981 0.02756850
v 0.13250001 -0.00451660 0.02868178
v 0.13234371 -0.00229981 0.02803725
v 0.13250001 -0.00451660 0.02868178
v 0.13234371 -0.00229981 0.02803725
v 0.12687501 -0.00451660 0.02883803
v 0.12687501 -0.00229981 0.02819350
v 0.12687501 -0.00451660 0.02883803
v 0.12687501 -0.00229981 0.02819350
v 0.12125001 -0.00451660 0.02866225
v 0.12125001 -0.00451660 0.02866225
v 0.12687501 -0.00229981 0.02819350
v 0.12125001 -0.00229981 0.02803725
v 0.12125001 -0.00451660 0.02866225
v 0.12125001 -0.00229981 0.02803725
v 0.11578131 -0.00451660 0.02817397
v 0.11578131 -0.00229981 0.02754897
v 0.11578131 -0.00451660 0.02817397
v 0.11578131 -0.00229981 0.02754897
v 0.11015631 -0.00451660 0.02737319
v 0.11015631 -0.00451660 0.02737319
v 0.11578131 -0.00229981 0.02754897
v 0.11031251 -0.00229981 0.02674819
v 0.11015631 -0.00451660 0.02737319
v 0.11031251 -0.00229981 0.02674819
v 0.10468750 -0.00451660 0.02625991
v 0.10484381 -0.00229981 0.02563491
v 0.10468750 -0.00451660 0.02625991
v 0.10484381 -0.00229981 0.02563491
v 0.09937500 -0.00451660 0.02481459
v 0.09937500 -0.00451660 0.02481459
v 0.10484381 -0.00229981 0.02563491
v 0.09953125 -0.00229981 0.02420913
v 0.09937500 -0.00451660 0.02481459
v 0.09953125 -0.00229981 0.02420913
v 0.09406250 -0.00451660 0.02307631
v 0.09406250 -0.00451660 0.02307631
v 0.09953125 -0.00229981 0.02420913
v 0.09421875 -0.00229981 0.02249038
v 0.09406250 -0.00451660 0.02307631
v 0.19312501 -0.01202637 0.02231459
v 0.19187501 -0.01244629 0.02049819
v 0.18781251 -0.01202637 0.02598647
v 0.18781251 -0.01202637 0.02598647
v 0.19187501 -0.01244629 0.02049819
v 0.18656251 -0.01244629 0.02409194
v 0.18781251 -0.01202637 0.02598647
v 0.18656251 -0.01244629 0.02409194
v 0.18234371 -0.01202637 0.02932631
v 0.18437501 -0.00997559 0.03290053
v 0.18906251 -0.01119629 0.02780288
v 0.18343751 -0.01119629 0.03120131
v 0.19000001 -0.00997559 0.02944350
v 0.18515621 -0.00842285 0.03438491
v 0.19093751 -0.00842285 0.03088881
v 0.19093751 -0.00842285 0.03088881
v 0.18515621 -0.00842285 0.03438491
v 0.18593751 -0.00658691 0.03559584
v 0.19093751 -0.00842285 0.03088881
v 0.18593751 -0.00658691 0.03559584
v 0.19171871 -0.00658691 0.03204116
v 0.19171871 -0.00658691 0.03204116
v 0.18593751 -0.00658691 0.03559584
v 0.18640621 -0.00451660 0.03649428
v 0.19171871 -0.00658691 0.03204116
v 0.18640621 -0.00451660 0.03649428
v 0.19234371 -0.00451660 0.03292006
v 0.19234371 -0.00451660 0.03292006
v 0.18640621 -0.00451660 0.03649428
v 0.18671871 -0.00229981 0.03704116
v 0.19265621 -0.00229981 0.03344741
v 0.19265621 -0.00229981 0.03344741
v 0.18671871 -0.00229981 0.03704116
v 0.18671871 -0.00000488 0.03723647
v 0.19265621 -0.00229981 0.03344741
v 0.18671871 -0.00000488 0.03723647
v 0.19281251 -0.00000488 0.03362319
v 0.19281251 -0.00000488 0.03362319
v 0.18671871 -0.00000488 0.03723647
v 0.18671871 0.00229004 0.03704116
v 0.19281251 -0.00000488 0.03362319
v 0.18671871 0.00229004 0.03704116
v 0.19265621 0.00229004 0.03344741
v 0.19265621 0.00229004 0.03344741
v 0.18671871 0.00229004 0.03704116
v 0.18640621 0.00451660 0.03649428
v 0.19265621 0.00229004 0.03344741
v 0.18640621 0.00451660 0.03649428
v 0.19234371 0.00451660 0.03292006
v 0.19234371 0.00451660 0.03292006
v 0.18640621 0.00451660 0.03649428
v 0.18593751 0.00657715 0.03559584
v 0.19234371 0.00451660 0.03292006
v 0.18593751 0.00657715 0.03559584
v 0.19171871 0.00657715 0.03204116
v 0.18343751 0.01118652 0.03120131
v 0.18906251 0.01118652 0.02780288
v 0.19000001 0.00997559 0.02944350
v 0.18343751 0.01118652 0.03120131
v 0.19000001 0.00997559 0.02944350
v 0.18437501 0.00997559 0.03290053
v 0.09640625 0.01244629 0.03489272
v 0.09046875 0.01244629 0.03295912
v 0.09125000 0.01201660 0.03083022
v 0.09125000 0.01201660 0.03083022
v 0.09703125 0.01201660 0.03272475
v 0.10234381 0.01244629 0.03647475
v 0.09640625 0.01244629 0.03489272
v 0.09703125 0.01201660 0.03272475
v 0.10281250 0.01201660 0.03426772
v 0.10843751 0.01244629 0.03772475
v 0.10234381 0.01244629 0.03647475
v 0.10281250 0.01201660 0.03426772
v 0.10875001 0.01201660 0.03547866
v 0.10687501 0.00997559 0.04627944
v 0.10078131 0.01118652 0.04301772
v 0.10718751 0.01118652 0.04434584
v 0.11453131 0.01244629 0.03860366
v 0.10843751 0.01244629 0.03772475
v 0.10875001 0.01201660 0.03547866
v 0.11484381 0.01201660 0.03635756
v 0.11343751 0.00997559 0.04723647
v 0.10687501 0.00997559 0.04627944
v 0.10718751 0.01118652 0.04434584
v 0.11343751 0.00997559 0.04723647
v 0.10718751 0.01118652 0.04434584
v 0.11375001 0.01118652 0.04528334
v 0.12062501 0.01244629 0.03915053
v 0.11453131 0.01244629 0.03860366
v 0.11484381 0.01201660 0.03635756
v 0.12078131 0.01201660 0.03688491
v 0.12015631 0.00997559 0.04782241
v 0.11343751 0.00997559 0.04723647
v 0.11375001 0.01118652 0.04528334
v 0.12031251 0.01118652 0.04586928
v 0.12687501 0.01244629 0.03932631
v 0.12062501 0.01244629 0.03915053
v 0.12078131 0.01201660 0.03688491
v 0.12687501 0.01201660 0.03706069
v 0.12687501 0.00997559 0.04801772
v 0.12015631 0.00997559 0.04782241
v 0.12031251 0.01118652 0.04586928
v 0.12687501 0.01118652 0.04606459
v 0.12687501 0.00451660 0.05213881
v 0.12000001 0.00657715 0.05090834
v 0.12687501 0.00657715 0.05112319
v 0.12687501 0.01244629 0.03932631
v 0.13343751 0.00997559 0.04784194
v 0.12687501 0.00997559 0.04801772
v 0.12687501 0.01118652 0.04606459
v 0.13343751 0.00997559 0.04784194
v 0.12687501 0.01118652 0.04606459
v 0.13343751 0.01118652 0.04586928
v 0.12687501 0.00451660 0.05213881
v 0.12687501 0.00657715 0.05112319
v 0.13375001 0.00451660 0.05194350
v 0.13375001 0.00657715 0.05092787
v 0.13375001 0.00451660 0.05194350
v 0.13375001 0.00657715 0.05092787
v 0.14062501 0.00451660 0.05135756
v 0.14015621 0.00997559 0.04727553
v 0.13343751 0.00997559 0.04784194
v 0.13343751 0.01118652 0.04586928
v 0.14000001 0.01118652 0.04532241
v 0.12687501 0.00451660 0.05213881
v 0.13375001 0.00451660 0.05194350
v 0.13375001 0.00229004 0.05258803
v 0.13375001 0.00229004 0.05258803
v 0.13375001 0.00451660 0.05194350
v 0.14078121 0.00229004 0.05200209
v 0.13375001 0.00229004 0.05258803
v 0.14078121 0.00229004 0.05200209
v 0.14078121 -0.00000488 0.05219741
v 0.14078121 -0.00000488 0.05219741
v 0.14078121 0.00229004 0.05200209
v 0.14765621 -0.00000488 0.05122084
v 0.14078121 -0.00000488 0.05219741
v 0.14765621 -0.00000488 0.05122084
v 0.14765621 -0.00229981 0.05100600
v 0.14765621 -0.00229981 0.05100600
v 0.14765621 -0.00000488 0.05122084
v 0.15437501 -0.00229981 0.04963881
v 0.15437501 -0.00229981 0.04963881
v 0.15421871 -0.00451660 0.04901381
v 0.15437501 -0.00229981 0.04963881
v 0.16093751 -0.00451660 0.04725600
v 0.16093751 -0.00451660 0.04725600
v 0.16062501 -0.00658691 0.04627944
v 0.16093751 -0.00451660 0.04725600
v 0.16718751 -0.00658691 0.04415053
v 0.16718751 -0.00658691 0.04415053
v 0.16671871 -0.00842285 0.04284194
v 0.16718751 -0.00658691 0.04415053
v 0.17296871 -0.00842285 0.04038100
v 0.16671871 -0.00842285 0.04284194
v 0.17296871 -0.00842285 0.04038100
v 0.17234371 -0.00997559 0.03881850
v 0.17234371 -0.00997559 0.03881850
v 0.17296871 -0.00842285 0.04038100
v 0.17843751 -0.00997559 0.03602553
v 0.17843751 -0.00997559 0.03602553
v 0.17750001 -0.01119629 0.03426772
v 0.17843751 -0.00997559 0.03602553
v 0.18343751 -0.01119629 0.03120131
v 0.14062501 0.00451660 0.05135756
v 0.14671871 0.00997559 0.04631850
v 0.14015621 0.00997559 0.04727553
v 0.14000001 0.01118652 0.04532241
v 0.14640621 0.01118652 0.04438491
v 0.14734371 0.00657715 0.04936537
v 0.14765621 -0.00000488 0.05122084
v 0.14078121 0.00229004 0.05200209
v 0.14765621 0.00229004 0.05100600
v 0.14078121 0.00229004 0.05200209
v 0.15328121 0.00997559 0.04499037
v 0.14671871 0.00997559 0.04631850
v 0.14640621 0.01118652 0.04438491
v 0.15281251 0.01118652 0.04309584
v 0.14750001 0.00451660 0.05038100
v 0.14734371 0.00657715 0.04936537
v 0.15421871 0.00451660 0.04901381
v 0.15421871 0.00451660 0.04901381
v 0.14734371 0.00657715 0.04936537
v 0.15406251 0.00657715 0.04801772
v 0.15421871 0.00451660 0.04901381
v 0.15406251 0.00657715 0.04801772
v 0.16093751 0.00451660 0.04725600
v 0.16093751 0.00451660 0.04725600
v 0.15406251 0.00657715 0.04801772
v 0.16062501 0.00657715 0.04627944
v 0.16093751 0.00451660 0.04725600
v 0.16062501 0.00657715 0.04627944
v 0.16750001 0.00451660 0.04512709
v 0.16718751 0.00657715 0.04415053
v 0.16750001 0.00451660 0.04512709
v 0.16718751 0.00657715 0.04415053
v 0.17390621 0.00451660 0.04260756
v 0.17390621 0.00451660 0.04260756
v 0.16718751 0.00657715 0.04415053
v 0.17359371 0.00657715 0.04165053
v 0.17390621 0.00451660 0.04260756
v 0.17359371 0.00657715 0.04165053
v 0.18031251 0.00451660 0.03973647
v 0.18031251 0.00451660 0.03973647
v 0.17359371 0.00657715 0.04165053
v 0.17984371 0.00657715 0.03879897
v 0.18031251 0.00451660 0.03973647
v 0.17984371 0.00657715 0.03879897
v 0.18640621 0.00451660 0.03649428
v 0.18640621 0.00451660 0.03649428
v 0.17984371 0.00657715 0.03879897
v 0.18593751 0.00657715 0.03559584
v 0.15437501 -0.00229981 0.04963881
v 0.14765621 -0.00000488 0.05122084
v 0.15453121 -0.00000488 0.04983412
v 0.15453121 -0.00000488 0.04983412
v 0.14765621 -0.00000488 0.05122084
v 0.14765621 0.00229004 0.05100600
v 0.15984371 0.00997559 0.04329116
v 0.15328121 0.00997559 0.04499037
v 0.15281251 0.01118652 0.04309584
v 0.15921871 0.01118652 0.04141616
v 0.15421871 0.00451660 0.04901381
v 0.15437501 0.00229004 0.04963881
v 0.15421871 0.00451660 0.04901381
v 0.16109371 0.00229004 0.04786147
v 0.15437501 0.00229004 0.04963881
v 0.16109371 0.00229004 0.04786147
v 0.16125001 -0.00000488 0.04807631
v 0.16125001 -0.00000488 0.04807631
v 0.16109371 0.00229004 0.04786147
v 0.16781251 -0.00000488 0.04590834
v 0.16125001 -0.00000488 0.04807631
v 0.16781251 -0.00000488 0.04590834
v 0.16781251 -0.00229981 0.04571303
v 0.16781251 -0.00229981 0.04571303
v 0.16781251 -0.00000488 0.04590834
v 0.17421871 -0.00229981 0.04319350
v 0.17421871 -0.00229981 0.04319350
v 0.17390621 -0.00451660 0.04260756
v 0.17421871 -0.00229981 0.04319350
v 0.18031251 -0.00451660 0.03973647
v 0.17390621 -0.00451660 0.04260756
v 0.18031251 -0.00451660 0.03973647
v 0.17984371 -0.00658691 0.03879897
v 0.17984371 -0.00658691 0.03879897
v 0.18031251 -0.00451660 0.03973647
v 0.18593751 -0.00658691 0.03559584
v 0.17984371 -0.00658691 0.03879897
v 0.18593751 -0.00658691 0.03559584
v 0.18515621 -0.00842285 0.03438491
v 0.16109371 0.00229004 0.04786147
v 0.15421871 0.00451660 0.04901381
v 0.16093751 0.00451660 0.04725600
v 0.16093751 -0.00451660 0.04725600
v 0.15437501 -0.00229981 0.04963881
v 0.16109371 -0.00229981 0.04786147
v 0.16109371 -0.00229981 0.04786147
v 0.15437501 -0.00229981 0.04963881
v 0.15453121 -0.00000488 0.04983412
v 0.16609371 0.00997559 0.04124037
v 0.15984371 0.00997559 0.04329116
v 0.15921871 0.01118652 0.04141616
v 0.16546871 0.01118652 0.03938491
v 0.16109371 0.00229004 0.04786147
v 0.16093751 0.00451660 0.04725600
v 0.16781251 0.00229004 0.04571303
v 0.16781251 0.00229004 0.04571303
v 0.16093751 0.00451660 0.04725600
v 0.16750001 0.00451660 0.04512709
v 0.16781251 0.00229004 0.04571303
v 0.16750001 0.00451660 0.04512709
v 0.17421871 0.00229004 0.04319350
v 0.17390621 0.00451660 0.04260756
v 0.17421871 0.00229004 0.04319350
v 0.17390621 0.00451660 0.04260756
v 0.18046871 0.00229004 0.04030287
v 0.18046871 0.00229004 0.04030287
v 0.17390621 0.00451660 0.04260756
v 0.18031251 0.00451660 0.03973647
v 0.18046871 0.00229004 0.04030287
v 0.18031251 0.00451660 0.03973647
v 0.18671871 0.00229004 0.03704116
v 0.18671871 0.00229004 0.03704116
v 0.18031251 0.00451660 0.03973647
v 0.18640621 0.00451660 0.03649428
v 0.16750001 -0.00451660 0.04512709
v 0.16750001 -0.00451660 0.04512709
v 0.16093751 -0.00451660 0.04725600
v 0.16109371 -0.00229981 0.04786147
v 0.17234371 0.00997559 0.03881850
v 0.16609371 0.00997559 0.04124037
v 0.16546871 0.01118652 0.03938491
v 0.17156251 0.01118652 0.03700209
v 0.16109371 0.00229004 0.04786147
v 0.16781251 0.00229004 0.04571303
v 0.16781251 -0.00000488 0.04590834
v 0.16781251 -0.00000488 0.04590834
v 0.16781251 0.00229004 0.04571303
v 0.17437501 -0.00000488 0.04338881
v 0.16781251 -0.00000488 0.04590834
v 0.17437501 -0.00000488 0.04338881
v 0.17421871 -0.00229981 0.04319350
v 0.17421871 -0.00229981 0.04319350
v 0.17437501 -0.00000488 0.04338881
v 0.18046871 -0.00229981 0.04030287
v 0.17421871 -0.00229981 0.04319350
v 0.18046871 -0.00229981 0.04030287
v 0.18031251 -0.00451660 0.03973647
v 0.18031251 -0.00451660 0.03973647
v 0.18046871 -0.00229981 0.04030287
v 0.18640621 -0.00451660 0.03649428
v 0.18031251 -0.00451660 0.03973647
v 0.18640621 -0.00451660 0.03649428
v 0.18593751 -0.00658691 0.03559584
v 0.17437501 -0.00000488 0.04338881
v 0.16781251 0.00229004 0.04571303
v 0.17421871 0.00229004 0.04319350
v 0.17296871 -0.00842285 0.04038100
v 0.16718751 -0.00658691 0.04415053
v 0.17359371 -0.00658691 0.04165053
v 0.16718751 -0.00658691 0.04415053
v 0.17843751 0.00997559 0.03602553
v 0.17234371 0.00997559 0.03881850
v 0.17156251 0.01118652 0.03700209
v 0.17750001 0.01118652 0.03426772
v 0.17437501 -0.00000488 0.04338881
v 0.17421871 0.00229004 0.04319350
v 0.18062501 -0.00000488 0.04047866
v 0.18062501 -0.00000488 0.04047866
v 0.17421871 0.00229004 0.04319350
v 0.18046871 0.00229004 0.04030287
v 0.18062501 -0.00000488 0.04047866
v 0.18046871 0.00229004 0.04030287
v 0.18671871 -0.00000488 0.03723647
v 0.18671871 -0.00000488 0.03723647
v 0.18046871 0.00229004 0.04030287
v 0.18671871 0.00229004 0.03704116
v 0.17843751 -0.00997559 0.03602553
v 0.17296871 -0.00842285 0.04038100
v 0.17921871 -0.00842285 0.03754897
v 0.17296871 -0.00842285 0.04038100
v 0.18437501 0.00997559 0.03290053
v 0.17843751 0.00997559 0.03602553
v 0.17750001 0.01118652 0.03426772
v 0.18437501 0.00997559 0.03290053
v 0.17750001 0.01118652 0.03426772
v 0.18343751 0.01118652 0.03120131
v 0.17437501 -0.00000488 0.04338881
v 0.18062501 -0.00000488 0.04047866
v 0.18046871 -0.00229981 0.04030287
v 0.18046871 -0.00229981 0.04030287
v 0.18062501 -0.00000488 0.04047866
v 0.18671871 -0.00229981 0.03704116
v 0.18046871 -0.00229981 0.04030287
v 0.18671871 -0.00229981 0.03704116
v 0.18640621 -0.00451660 0.03649428
v 0.18671871 -0.00229981 0.03704116
v 0.18062501 -0.00000488 0.04047866
v 0.18671871 -0.00000488 0.03723647
v 0.18343751 -0.01119629 0.03120131
v 0.17843751 -0.00997559 0.03602553
v 0.18437501 -0.00997559 0.03290053
v 0.18437501 -0.00997559 0.03290053
v 0.17843751 -0.00997559 0.03602553
v 0.17921871 -0.00842285 0.03754897
v -0.02906250 0.07600098 -0.01836900
v -0.03093750 0.07600098 -0.01497056
v 0.12406251 0.07600098 -0.01836900
v -0.03234375 0.07600098 -0.01139634
v -0.03343750 0.07600098 -0.00768541
v -0.03406250 0.07600098 -0.00385728
v -0.03421875 0.07600098 0.00000991
v 0.12406251 0.07600098 0.01836928
v -0.03406250 0.07600098 0.00385756
v -0.03343750 0.07600098 0.00768569
v -0.03234375 0.07600098 0.01139662
v -0.03093750 0.07600098 0.01497084
v -0.02906250 0.07600098 0.01836928
v 0.12406251 0.07600098 0.01836928
v -0.02906250 0.07600098 0.01836928
v 0.12796881 0.07584473 0.02231459
v 0.12796881 0.07584473 0.02231459
v -0.02906250 0.07600098 0.01836928
v 0.03265625 0.07578614 0.02299819
v 0.12796881 0.07584473 0.02231459
v 0.03265625 0.07578614 0.02299819
v 0.11218751 0.07578614 0.02299819
v 0.11218751 0.07578614 0.02299819
v 0.03265625 0.07578614 0.02299819
v 0.11218751 0.07514161 0.02756850
v 0.13187501 0.07537598 0.02622084
v 0.13187501 0.07537598 0.02622084
v 0.11218751 0.07514161 0.02756850
v 0.13343751 0.07513185 0.02764663
v 0.13343751 0.07513185 0.02764663
v 0.11218751 0.07514161 0.02756850
v 0.13562501 0.07469239 0.02971694
v 0.13562501 0.07469239 0.02971694
v 0.11218751 0.07514161 0.02756850
v 0.11218751 0.07408693 0.03206069
v 0.13562501 0.07469239 0.02971694
v 0.11218751 0.07408693 0.03206069
v 0.13796871 0.07415528 0.03182631
v 0.13796871 0.07415528 0.03182631
v 0.11218751 0.07408693 0.03206069
v 0.14046871 0.07349121 0.03399428
v 0.14046871 0.07349121 0.03399428
v 0.11218751 0.07408693 0.03206069
v 0.11218751 0.07262207 0.03643569
v 0.14046871 0.07349121 0.03399428
v 0.11218751 0.07262207 0.03643569
v 0.14312501 0.07270996 0.03620131
v 0.14312501 0.07270996 0.03620131
v 0.11218751 0.07262207 0.03643569
v 0.14578121 0.07179200 0.03844741
v 0.14578121 0.07179200 0.03844741
v 0.11218751 0.07262207 0.03643569
v 0.11218751 0.07073732 0.04069350
v 0.14578121 0.07179200 0.03844741
v 0.11218751 0.07073732 0.04069350
v 0.14859371 0.07073732 0.04069350
v 0.14859371 0.07073732 0.04069350
v 0.11218751 0.07073732 0.04069350
v 0.15140621 0.06953614 0.04295912
v 0.15140621 0.06953614 0.04295912
v 0.11218751 0.07073732 0.04069350
v 0.11218751 0.06851075 0.04469741
v 0.15140621 0.06953614 0.04295912
v 0.11218751 0.06851075 0.04469741
v 0.15421871 0.06818848 0.04520522
v 0.15421871 0.06818848 0.04520522
v 0.11218751 0.06851075 0.04469741
v 0.15703121 0.06668457 0.04743178
v 0.15703121 0.06668457 0.04743178
v 0.11218751 0.06851075 0.04469741
v 0.11218751 0.06589357 0.04850600
v 0.15703121 0.06668457 0.04743178
v 0.11218751 0.06589357 0.04850600
v 0.15984371 0.06504396 0.04959975
v 0.15984371 0.06504396 0.04959975
v 0.11218751 0.06589357 0.04850600
v 0.11218751 0.06294433 0.05206069
v 0.15984371 0.06504396 0.04959975
v 0.11218751 0.06294433 0.05206069
v 0.16265621 0.06326660 0.05170912
v 0.16265621 0.06326660 0.05170912
v 0.11218751 0.06294433 0.05206069
v 0.16531251 0.06135254 0.05374037
v 0.16531251 0.06135254 0.05374037
v 0.11218751 0.06294433 0.05206069
v 0.11218751 0.05968262 0.05532241
v 0.16531251 0.06135254 0.05374037
v 0.11218751 0.05968262 0.05532241
v 0.16734371 0.05983887 0.05518569
v 0.16734371 0.05983887 0.05518569
v 0.11218751 0.05968262 0.05532241
v 0.16937501 0.05820801 0.05661147
v 0.16937501 0.05820801 0.05661147
v 0.11218751 0.05968262 0.05532241
v 0.11218751 0.05612793 0.05827162
v 0.16937501 0.05820801 0.05661147
v 0.11218751 0.05612793 0.05827162
v 0.17125001 0.05646973 0.05801772
v 0.17125001 0.05646973 0.05801772
v 0.11218751 0.05612793 0.05827162
v 0.17328121 0.05463379 0.05936537
v 0.17328121 0.05463379 0.05936537
v 0.11218751 0.05612793 0.05827162
v 0.11218751 0.05231933 0.06088881
v 0.17328121 0.05463379 0.05936537
v 0.11218751 0.05231933 0.06088881
v 0.17515621 0.05269043 0.06065444
v 0.17515621 0.05269043 0.06065444
v 0.11218751 0.05231933 0.06088881
v 0.17703121 0.05063965 0.06188491
v 0.17703121 0.05063965 0.06188491
v 0.11218751 0.05231933 0.06088881
v 0.11218751 0.04826660 0.06313491
v 0.17703121 0.05063965 0.06188491
v 0.11218751 0.04826660 0.06313491
v 0.17890621 0.04850098 0.06301772
v 0.17890621 0.04850098 0.06301772
v 0.11218751 0.04826660 0.06313491
v 0.18062501 0.04626465 0.06409194
v 0.18062501 0.04626465 0.06409194
v 0.11218751 0.04826660 0.06313491
v 0.11218751 0.04405762 0.06499037
v 0.18062501 0.04626465 0.06409194
v 0.11218751 0.04405762 0.06499037
v 0.18234371 0.04395019 0.06504898
v 0.18234371 0.04395019 0.06504898
v 0.11218751 0.04405762 0.06499037
v 0.18390621 0.04154785 0.06588881
v 0.18390621 0.04154785 0.06588881
v 0.11218751 0.04405762 0.06499037
v 0.11218751 0.03968262 0.06647475
v 0.18390621 0.04154785 0.06588881
v 0.11218751 0.03968262 0.06647475
v 0.18546871 0.03908691 0.06663100
v 0.18546871 0.03908691 0.06663100
v 0.11218751 0.03968262 0.06647475
v 0.18687501 0.03654785 0.06725600
v 0.18687501 0.03654785 0.06725600
v 0.11218751 0.03968262 0.06647475
v 0.11218751 0.03518066 0.06752945
v 0.18687501 0.03654785 0.06725600
v 0.11218751 0.03518066 0.06752945
v 0.18828121 0.03396973 0.06774428
v 0.18828121 0.03396973 0.06774428
v 0.11218751 0.03518066 0.06752945
v 0.11218751 0.03061035 0.06815445
v 0.18828121 0.03396973 0.06774428
v 0.11218751 0.03061035 0.06815445
v 0.18953121 0.03134277 0.06809584
v 0.18953121 0.03134277 0.06809584
v 0.11218751 0.03061035 0.06815445
v 0.19062501 0.02867676 0.06831070
v 0.19062501 0.02867676 0.06831070
v 0.11218751 0.03061035 0.06815445
v 0.19171871 0.02600098 0.06836928
v 0.19171871 0.02600098 0.06836928
v 0.11218751 0.03061035 0.06815445
v -0.00062500 0.02739746 0.06834975
v 0.19171871 0.02600098 0.06836928
v -0.00062500 0.02739746 0.06834975
v -0.00281250 0.02715332 0.06836928
v -0.03140625 0.07578614 0.02299819
v 0.03265625 0.07578614 0.02299819
v -0.03140625 0.07578614 0.02299819
v -0.03265625 0.07550293 0.02538100
v -0.03265625 0.07550293 0.02538100
v 0.03265625 0.07514161 0.02756850
v 0.03265625 0.07514161 0.02756850
v -0.03265625 0.07550293 0.02538100
v -0.03390625 0.07511232 0.02776381
v 0.03265625 0.07514161 0.02756850
v -0.03390625 0.07511232 0.02776381
v -0.03562500 0.07420411 0.03165053
v 0.03265625 0.07408693 0.03206069
v 0.03265625 0.07408693 0.03206069
v -0.03562500 0.07420411 0.03165053
v -0.03734375 0.07297364 0.03549819
v 0.03265625 0.07408693 0.03206069
v -0.03734375 0.07297364 0.03549819
v 0.03265625 0.07262207 0.03643569
v 0.03265625 0.07262207 0.03643569
v -0.03734375 0.07297364 0.03549819
v -0.03859375 0.07185060 0.03833022
v 0.03265625 0.07262207 0.03643569
v -0.03859375 0.07185060 0.03833022
v 0.03265625 0.07074707 0.04067397
v 0.03265625 0.07074707 0.04067397
v -0.03859375 0.07185060 0.03833022
v -0.03968750 0.07054200 0.04108412
v 0.03265625 0.07074707 0.04067397
v -0.03968750 0.07054200 0.04108412
v 0.03265625 0.06851075 0.04469741
v -0.04109375 0.06854004 0.04465834
v 0.03265625 0.06851075 0.04469741
v -0.04109375 0.06854004 0.04465834
v -0.04250000 0.06622560 0.04805678
v 0.03265625 0.06851075 0.04469741
v -0.04250000 0.06622560 0.04805678
v 0.03265625 0.06589357 0.04850600
v 0.03265625 0.06589357 0.04850600
v -0.04250000 0.06622560 0.04805678
v -0.04312500 0.06478028 0.04993178
v 0.03265625 0.06589357 0.04850600
v -0.04312500 0.06478028 0.04993178
v 0.03265625 0.06294433 0.05206069
v 0.03265625 0.06294433 0.05206069
v -0.04312500 0.06478028 0.04993178
v -0.04390625 0.06323730 0.05172866
v 0.03265625 0.06294433 0.05206069
v -0.04390625 0.06323730 0.05172866
v -0.04453125 0.06160644 0.05346694
v 0.03265625 0.06294433 0.05206069
v -0.04453125 0.06160644 0.05346694
v 0.03265625 0.05968262 0.05532241
v 0.03265625 0.05968262 0.05532241
v -0.04453125 0.06160644 0.05346694
v -0.04515625 0.05988769 0.05514662
v 0.03265625 0.05968262 0.05532241
v -0.04515625 0.05988769 0.05514662
v -0.00421875 0.05711426 0.05750991
v -0.00421875 0.05711426 0.05750991
v -0.04515625 0.05988769 0.05514662
v -0.04609375 0.05666504 0.05786147
v -0.00421875 0.05711426 0.05750991
v -0.04609375 0.05666504 0.05786147
v -0.00640625 0.05684082 0.05772475
v -0.00843750 0.05629394 0.05815444
v -0.00843750 0.05629394 0.05815444
v -0.04609375 0.05666504 0.05786147
v -0.01031250 0.05547363 0.05875991
v -0.01031250 0.05547363 0.05875991
v -0.04609375 0.05666504 0.05786147
v -0.04687500 0.05319824 0.06032241
v -0.01203125 0.05441894 0.05950209
v -0.01203125 0.05441894 0.05950209
v -0.04687500 0.05319824 0.06032241
v -0.01359375 0.05319824 0.06032241
v -0.00421875 0.05711426 0.05750991
v -0.00218750 0.05709473 0.05752944
v 0.03265625 0.05968262 0.05532241
v 0.03265625 0.05968262 0.05532241
v -0.00218750 0.05709473 0.05752944
v 0.03265625 0.05612793 0.05827162
v 0.03265625 0.05612793 0.05827162
v -0.00218750 0.05709473 0.05752944
v -0.00015625 0.05677246 0.05778334
v 0.03265625 0.05612793 0.05827162
v 0.03265625 0.05612793 0.05827162
v -0.00015625 0.05677246 0.05778334
v 0.00187500 0.05617676 0.05823256
v 0.00375000 0.05531738 0.05887709
v 0.00375000 0.05531738 0.05887709
v 0.00546875 0.05423340 0.05963881
v 0.03265625 0.05612793 0.05827162
v 0.00546875 0.05423340 0.05963881
v 0.03265625 0.05231933 0.06088881
v 0.03265625 0.05231933 0.06088881
v 0.00546875 0.05423340 0.05963881
v 0.00703125 0.05299316 0.06045912
v 0.03265625 0.05231933 0.06088881
v 0.03265625 0.05231933 0.06088881
v 0.00703125 0.05299316 0.06045912
v 0.00828125 0.05159668 0.06131850
v 0.03265625 0.05231933 0.06088881
v 0.00828125 0.05159668 0.06131850
v 0.00937500 0.05000488 0.06223647
v 0.03265625 0.05231933 0.06088881
v 0.00937500 0.05000488 0.06223647
v 0.03265625 0.04825683 0.06315444
v 0.03265625 0.04825683 0.06315444
v 0.00937500 0.05000488 0.06223647
v 0.01031250 0.04824707 0.06315444
v 0.03265625 0.04825683 0.06315444
v 0.01031250 0.04824707 0.06315444
v 0.01093750 0.04637207 0.06403334
v 0.01140625 0.04442871 0.06485366
v 0.03265625 0.04405762 0.06499037
v 0.01093750 0.04637207 0.06403334
v 0.01093750 0.04637207 0.06403334
v 0.03265625 0.04405762 0.06499037
v 0.01093750 0.04637207 0.06403334
v 0.11218751 0.04405762 0.06499037
v 0.03265625 0.04825683 0.06315444
v 0.03265625 0.04825683 0.06315444
v 0.11218751 0.04826660 0.06313491
v 0.01140625 0.04442871 0.06485366
v 0.01156250 0.04246582 0.06557631
v 0.03265625 0.04405762 0.06499037
v 0.03265625 0.04405762 0.06499037
v 0.01156250 0.04246582 0.06557631
v 0.03265625 0.03968262 0.06647475
v 0.03265625 0.03968262 0.06647475
v 0.01156250 0.04246582 0.06557631
v 0.01156250 0.04048340 0.06622084
v 0.03265625 0.03968262 0.06647475
v 0.03265625 0.03968262 0.06647475
v 0.01156250 0.04048340 0.06622084
v 0.01109375 0.03845215 0.06680678
v 0.01109375 0.03845215 0.06680678
v 0.01046875 0.03643066 0.06727553
v 0.03265625 0.03518066 0.06752945
v 0.03265625 0.03518066 0.06752945
v 0.01046875 0.03643066 0.06727553
v 0.00953125 0.03451660 0.06764662
v 0.03265625 0.03518066 0.06752945
v 0.00953125 0.03451660 0.06764662
v 0.00828125 0.03276855 0.06792006
v 0.03265625 0.03518066 0.06752945
v 0.00828125 0.03276855 0.06792006
v 0.03265625 0.03061035 0.06815445
v 0.03265625 0.03061035 0.06815445
v 0.00828125 0.03276855 0.06792006
v 0.00687500 0.03124512 0.06809584
v 0.03265625 0.03061035 0.06815445
v 0.00687500 0.03124512 0.06809584
v 0.00531250 0.02990723 0.06821303
v 0.00531250 0.02990723 0.06821303
v 0.00343750 0.02878418 0.06829116
v 0.03265625 0.03061035 0.06815445
v 0.03265625 0.03061035 0.06815445
v 0.00343750 0.02878418 0.06829116
v 0.00140625 0.02794434 0.06833023
v 0.00140625 0.02794434 0.06833023
v 0.11218751 0.03061035 0.06815445
v 0.11218751 0.03061035 0.06815445
v 0.00140625 0.02794434 0.06833023
v -0.00062500 0.02739746 0.06834975
v 0.19171871 0.02600098 0.06836928
v -0.00281250 0.02715332 0.06836928
v -0.03437500 0.02600098 0.06836928
v -0.00484375 0.02721191 0.06836928
v -0.03437500 0.02600098 0.06836928
v -0.00484375 0.02721191 0.06836928
v -0.00703125 0.02757324 0.06834975
v -0.03437500 0.02600098 0.06836928
v -0.00703125 0.02757324 0.06834975
v -0.03453125 0.02920410 0.06827162
v -0.00906250 0.02823731 0.06833023
v -0.03453125 0.02920410 0.06827162
v -0.00906250 0.02823731 0.06833023
v -0.01093750 0.02920410 0.06827162
v 0.13187501 0.07537598 0.02622084
v 0.12796881 0.07584473 0.02231459
v 0.11218751 0.07578614 0.02299819
v 0.00125000 -0.02600098 0.06836928
v 0.00281250 -0.02662598 0.06836928
v 0.19171871 -0.02600098 0.06836928
v 0.19171871 -0.02600098 0.06836928
v 0.00281250 -0.02662598 0.06836928
v 0.00437500 -0.02741699 0.06834975
v 0.19171871 -0.02600098 0.06836928
v 0.00437500 -0.02741699 0.06834975
v 0.19062501 -0.02890137 0.06829116
v 0.19062501 -0.02890137 0.06829116
v 0.00437500 -0.02741699 0.06834975
v 0.00562500 -0.02835449 0.06831070
v 0.19062501 -0.02890137 0.06829116
v 0.00562500 -0.02835449 0.06831070
v 0.00687500 -0.02939941 0.06825209
v 0.00796875 -0.03057129 0.06817398
v 0.03281250 -0.03062012 0.06815445
v 0.00687500 -0.02939941 0.06825209
v 0.00687500 -0.02939941 0.06825209
v 0.03281250 -0.03062012 0.06815445
v 0.11234381 -0.03062012 0.06815445
v 0.19062501 -0.02890137 0.06829116
v 0.19062501 -0.02890137 0.06829116
v 0.11234381 -0.03062012 0.06815445
v 0.18937501 -0.03177246 0.06803725
v 0.18937501 -0.03177246 0.06803725
v 0.11234381 -0.03062012 0.06815445
v 0.11234381 -0.03519043 0.06752945
v 0.18796871 -0.03459473 0.06762709
v 0.18796871 -0.03459473 0.06762709
v 0.11234381 -0.03519043 0.06752945
v 0.18656251 -0.03735840 0.06706070
v 0.18656251 -0.03735840 0.06706070
v 0.11234381 -0.03519043 0.06752945
v 0.11234381 -0.03968262 0.06647475
v 0.18656251 -0.03735840 0.06706070
v 0.11234381 -0.03968262 0.06647475
v 0.18484371 -0.04006348 0.06635756
v 0.18484371 -0.04006348 0.06635756
v 0.11234381 -0.03968262 0.06647475
v 0.18328121 -0.04268066 0.06551773
v 0.18328121 -0.04268066 0.06551773
v 0.11234381 -0.03968262 0.06647475
v 0.11234381 -0.04405762 0.06500991
v 0.18328121 -0.04268066 0.06551773
v 0.11234381 -0.04405762 0.06500991
v 0.18140621 -0.04521973 0.06454116
v 0.18140621 -0.04521973 0.06454116
v 0.11234381 -0.04405762 0.06500991
v 0.11234381 -0.04828613 0.06313491
v 0.17953121 -0.04767090 0.06344741
v 0.17953121 -0.04767090 0.06344741
v 0.11234381 -0.04828613 0.06313491
v 0.17765621 -0.05001465 0.06223647
v 0.17765621 -0.05001465 0.06223647
v 0.11234381 -0.04828613 0.06313491
v 0.11234381 -0.05232910 0.06088881
v 0.17765621 -0.05001465 0.06223647
v 0.11234381 -0.05232910 0.06088881
v 0.17562501 -0.05225098 0.06092787
v 0.17562501 -0.05225098 0.06092787
v 0.11234381 -0.05232910 0.06088881
v 0.17343751 -0.05437988 0.05954116
v 0.17343751 -0.05437988 0.05954116
v 0.11234381 -0.05232910 0.06088881
v 0.11234381 -0.05613769 0.05827162
v 0.17343751 -0.05437988 0.05954116
v 0.11234381 -0.05613769 0.05827162
v 0.17140621 -0.05639160 0.05807631
v 0.17140621 -0.05639160 0.05807631
v 0.11234381 -0.05613769 0.05827162
v 0.16921871 -0.05829590 0.05655287
v 0.16921871 -0.05829590 0.05655287
v 0.11234381 -0.05613769 0.05827162
v 0.11234381 -0.05968262 0.05532241
v 0.16921871 -0.05829590 0.05655287
v 0.11234381 -0.05968262 0.05532241
v 0.16703121 -0.06006348 0.05497084
v 0.16703121 -0.06006348 0.05497084
v 0.11234381 -0.05968262 0.05532241
v 0.16484371 -0.06172363 0.05336928
v 0.16484371 -0.06172363 0.05336928
v 0.11234381 -0.05968262 0.05532241
v 0.11234381 -0.06295410 0.05206069
v 0.16484371 -0.06172363 0.05336928
v 0.11234381 -0.06295410 0.05206069
v 0.16265621 -0.06325683 0.05172866
v 0.16265621 -0.06325683 0.05172866
v 0.11234381 -0.06295410 0.05206069
v 0.16015621 -0.06489746 0.04979506
v 0.16015621 -0.06489746 0.04979506
v 0.11234381 -0.06295410 0.05206069
v 0.11234381 -0.06590332 0.04850600
v 0.16015621 -0.06489746 0.04979506
v 0.11234381 -0.06590332 0.04850600
v 0.15750001 -0.06644043 0.04778334
v 0.15750001 -0.06644043 0.04778334
v 0.11234381 -0.06590332 0.04850600
v 0.15484371 -0.06785646 0.04573256
v 0.15484371 -0.06785646 0.04573256
v 0.11234381 -0.06590332 0.04850600
v 0.11234381 -0.06851075 0.04469741
v 0.15484371 -0.06785646 0.04573256
v 0.11234381 -0.06851075 0.04469741
v 0.15218751 -0.06915528 0.04364272
v 0.15218751 -0.06915528 0.04364272
v 0.11234381 -0.06851075 0.04469741
v 0.14953121 -0.07032715 0.04151381
v 0.14953121 -0.07032715 0.04151381
v 0.11234381 -0.06851075 0.04469741
v 0.11234381 -0.07075685 0.04065444
v 0.14953121 -0.07032715 0.04151381
v 0.11234381 -0.07075685 0.04065444
v 0.14703121 -0.07137207 0.03938491
v 0.14703121 -0.07137207 0.03938491
v 0.11234381 -0.07075685 0.04065444
v 0.11234381 -0.07262207 0.03643569
v 0.14437501 -0.07229982 0.03727553
v 0.14437501 -0.07229982 0.03727553
v 0.11234381 -0.07262207 0.03643569
v 0.14187501 -0.07310060 0.03516616
v 0.14187501 -0.07310060 0.03516616
v 0.11234381 -0.07262207 0.03643569
v 0.13953121 -0.07378418 0.03309584
v 0.11234381 -0.07409668 0.03206069
v 0.13953121 -0.07378418 0.03309584
v 0.11234381 -0.07409668 0.03206069
v 0.13718751 -0.07436036 0.03106459
v 0.13718751 -0.07436036 0.03106459
v 0.11234381 -0.07409668 0.03206069
v 0.13500001 -0.07483887 0.02909194
v 0.13500001 -0.07483887 0.02909194
v 0.11234381 -0.07409668 0.03206069
v 0.11234381 -0.07515137 0.02756850
v 0.13500001 -0.07483887 0.02909194
v 0.11234381 -0.07515137 0.02756850
v 0.13187501 -0.07538575 0.02622084
v 0.13187501 -0.07538575 0.02622084
v 0.11234381 -0.07515137 0.02756850
v 0.11234381 -0.07578614 0.02299819
v 0.13187501 -0.07538575 0.02622084
v 0.11234381 -0.07578614 0.02299819
v 0.12796881 -0.07584473 0.02231459
v 0.12796881 -0.07584473 0.02231459
v 0.11234381 -0.07578614 0.02299819
v 0.12406251 -0.07600098 0.01836928
v 0.12406251 -0.07600098 0.01836928
v 0.11234381 -0.07578614 0.02299819
v 0.03281250 -0.07578614 0.02299819
v -0.02875000 -0.07600098 0.01836928
v -0.03125000 -0.07578614 0.02305678
v -0.03125000 -0.07578614 0.02305678
v 0.03281250 -0.07578614 0.02299819
v -0.03234375 -0.07550293 0.02545913
v -0.03234375 -0.07550293 0.02545913
v 0.03281250 -0.07578614 0.02299819
v 0.03281250 -0.07515137 0.02756850
v -0.03234375 -0.07550293 0.02545913
v 0.03281250 -0.07515137 0.02756850
v -0.03359375 -0.07509278 0.02786147
v -0.03359375 -0.07509278 0.02786147
v 0.03281250 -0.07515137 0.02756850
v 0.03281250 -0.07409668 0.03206069
v -0.03531250 -0.07419435 0.03168959
v -0.03531250 -0.07419435 0.03168959
v 0.03281250 -0.07409668 0.03206069
v -0.03703125 -0.07298340 0.03549819
v -0.03703125 -0.07298340 0.03549819
v 0.03281250 -0.07409668 0.03206069
v 0.03281250 -0.07262207 0.03643569
v -0.03703125 -0.07298340 0.03549819
v 0.03281250 -0.07262207 0.03643569
v -0.03812500 -0.07186035 0.03831069
v -0.03812500 -0.07186035 0.03831069
v 0.03281250 -0.07262207 0.03643569
v 0.03281250 -0.07075685 0.04065444
v -0.03812500 -0.07186035 0.03831069
v 0.03281250 -0.07075685 0.04065444
v -0.03937500 -0.07055176 0.04106459
v -0.03937500 -0.07055176 0.04106459
v 0.03281250 -0.07075685 0.04065444
v 0.03281250 -0.06851075 0.04469741
v -0.04078125 -0.06854982 0.04463881
v -0.04078125 -0.06854982 0.04463881
v 0.03281250 -0.06851075 0.04469741
v -0.04203125 -0.06624512 0.04803725
v 0.03281250 -0.06590332 0.04850600
v -0.04203125 -0.06624512 0.04803725
v 0.03281250 -0.06590332 0.04850600
v -0.04281250 -0.06479982 0.04991225
v -0.04281250 -0.06479982 0.04991225
v 0.03281250 -0.06590332 0.04850600
v 0.03281250 -0.06295410 0.05206069
v -0.04281250 -0.06479982 0.04991225
v 0.03281250 -0.06295410 0.05206069
v -0.04343750 -0.06325683 0.05172866
v -0.04343750 -0.06325683 0.05172866
v 0.03281250 -0.06295410 0.05206069
v -0.04406250 -0.06162598 0.05346694
v -0.04406250 -0.06162598 0.05346694
v 0.03281250 -0.06295410 0.05206069
v 0.03281250 -0.05968262 0.05532241
v -0.04406250 -0.06162598 0.05346694
v 0.03281250 -0.05968262 0.05532241
v -0.04468750 -0.05990723 0.05512709
v -0.04468750 -0.05990723 0.05512709
v 0.03281250 -0.05968262 0.05532241
v -0.04562500 -0.05648926 0.05799819
v 0.03281250 -0.05613769 0.05827162
v -0.04562500 -0.05648926 0.05799819
v 0.03281250 -0.05613769 0.05827162
v -0.00406250 -0.05519043 0.05897475
v -0.00406250 -0.05519043 0.05897475
v -0.00250000 -0.05517090 0.05899428
v -0.00250000 -0.05517090 0.05899428
v 0.03281250 -0.05613769 0.05827162
v -0.00093750 -0.05497558 0.05913100
v 0.00062500 -0.05461426 0.05938491
v 0.00062500 -0.05461426 0.05938491
v 0.03281250 -0.05613769 0.05827162
v 0.00218750 -0.05407715 0.05975600
v 0.03281250 -0.05232910 0.06088881
v 0.00218750 -0.05407715 0.05975600
v 0.03281250 -0.05232910 0.06088881
v 0.00359375 -0.05339355 0.06020522
v 0.00359375 -0.05339355 0.06020522
v 0.03281250 -0.05232910 0.06088881
v 0.00500000 -0.05257324 0.06073256
v 0.00500000 -0.05257324 0.06073256
v 0.03281250 -0.05232910 0.06088881
v 0.00609375 -0.05164551 0.06129897
v 0.00609375 -0.05164551 0.06129897
v 0.03281250 -0.05232910 0.06088881
v 0.00718750 -0.05063965 0.06188491
v 0.00718750 -0.05063965 0.06188491
v 0.03281250 -0.05232910 0.06088881
v 0.03281250 -0.04828613 0.06313491
v 0.00718750 -0.05063965 0.06188491
v 0.03281250 -0.04828613 0.06313491
v 0.00828125 -0.04951660 0.06249037
v 0.00828125 -0.04951660 0.06249037
v 0.03281250 -0.04828613 0.06313491
v 0.00906250 -0.04827637 0.06313491
v 0.00906250 -0.04827637 0.06313491
v 0.03281250 -0.04828613 0.06313491
v 0.00984375 -0.04693848 0.06377944
v 0.00984375 -0.04693848 0.06377944
v 0.03281250 -0.04828613 0.06313491
v 0.01046875 -0.04552246 0.06440444
v 0.03281250 -0.04404785 0.06500991
v 0.01046875 -0.04552246 0.06440444
v 0.03281250 -0.04404785 0.06500991
v 0.01093750 -0.04403808 0.06500991
v 0.01093750 -0.04403808 0.06500991
v 0.03281250 -0.04404785 0.06500991
v 0.01125000 -0.04252441 0.06555678
v 0.01125000 -0.04252441 0.06555678
v 0.03281250 -0.04404785 0.06500991
v 0.03281250 -0.03968262 0.06647475
v 0.01125000 -0.04252441 0.06555678
v 0.03281250 -0.03968262 0.06647475
v 0.01140625 -0.04099121 0.06608412
v 0.01140625 -0.04099121 0.06608412
v 0.03281250 -0.03968262 0.06647475
v 0.01140625 -0.03947754 0.06653334
v 0.01140625 -0.03947754 0.06653334
v 0.03281250 -0.03968262 0.06647475
v 0.01125000 -0.03791504 0.06694350
v 0.01125000 -0.03791504 0.06694350
v 0.03281250 -0.03968262 0.06647475
v 0.03281250 -0.03519043 0.06752945
v 0.01125000 -0.03791504 0.06694350
v 0.03281250 -0.03519043 0.06752945
v 0.01093750 -0.03634277 0.06729506
v 0.01093750 -0.03634277 0.06729506
v 0.03281250 -0.03519043 0.06752945
v 0.01046875 -0.03478027 0.06760756
v 0.01046875 -0.03478027 0.06760756
v 0.03281250 -0.03519043 0.06752945
v 0.00984375 -0.03328613 0.06784195
v 0.00984375 -0.03328613 0.06784195
v 0.03281250 -0.03519043 0.06752945
v 0.03281250 -0.03062012 0.06815445
v 0.00890625 -0.03187012 0.06803725
v 0.00890625 -0.03187012 0.06803725
v 0.03281250 -0.03062012 0.06815445
v 0.00796875 -0.03057129 0.06817398
v -0.00406250 -0.05519043 0.05897475
v -0.00578125 -0.05504394 0.05907241
v -0.04562500 -0.05648926 0.05799819
v -0.04562500 -0.05648926 0.05799819
v -0.00578125 -0.05504394 0.05907241
v -0.00734375 -0.05472168 0.05930678
v -0.04562500 -0.05648926 0.05799819
v -0.00734375 -0.05472168 0.05930678
v -0.04656250 -0.05279785 0.06059584
v -0.04656250 -0.05279785 0.06059584
v -0.00734375 -0.05472168 0.05930678
v -0.00890625 -0.05423340 0.05963881
v -0.04656250 -0.05279785 0.06059584
v -0.00890625 -0.05423340 0.05963881
v -0.01031250 -0.05358887 0.06008803
v -0.01031250 -0.05358887 0.06008803
v -0.01171875 -0.05279785 0.06059584
v -0.04656250 -0.05279785 0.06059584
v 0.11234381 -0.04405762 0.06500991
v 0.03281250 -0.04828613 0.06313491
v 0.12406251 0.07600098 -0.01836900
v 0.12671881 0.07593262 -0.01836900
v 0.12406251 0.07578614 -0.02297838
v 0.12406251 0.07578614 -0.02297838
v 0.12671881 0.07593262 -0.01836900
v 0.12796881 0.07562989 -0.02299791
v 0.12406251 0.07578614 -0.02297838
v 0.12796881 0.07562989 -0.02299791
v 0.12406251 0.07514161 -0.02756822
v 0.12796881 0.07499512 -0.02756822
v 0.12406251 0.07514161 -0.02756822
v 0.12796881 0.07499512 -0.02756822
v 0.12406251 0.07408693 -0.03206040
v 0.12781251 0.07394043 -0.03206040
v 0.12406251 0.07408693 -0.03206040
v 0.12781251 0.07394043 -0.03206040
v 0.12406251 0.07262207 -0.03643540
v 0.12781251 0.07247560 -0.03643540
v 0.12406251 0.07262207 -0.03643540
v 0.12781251 0.07247560 -0.03643540
v 0.12406251 0.07075685 -0.04065415
v 0.12765631 0.07061035 -0.04067369
v 0.12406251 0.07075685 -0.04065415
v 0.12765631 0.07061035 -0.04067369
v 0.12406251 0.06851075 -0.04469712
v 0.12406251 0.06851075 -0.04469712
v 0.12765631 0.07061035 -0.04067369
v 0.12734381 0.06837403 -0.04469712
v 0.12406251 0.06851075 -0.04469712
v 0.12734381 0.06837403 -0.04469712
v 0.12406251 0.06589357 -0.04850572
v 0.12718751 0.06576660 -0.04850572
v 0.12406251 0.06589357 -0.04850572
v 0.12718751 0.06576660 -0.04850572
v 0.12406251 0.06294433 -0.05206040
v 0.12703131 0.06282715 -0.05206040
v 0.12406251 0.06294433 -0.05206040
v 0.12703131 0.06282715 -0.05206040
v 0.12406251 0.05968262 -0.05532212
v 0.12671881 0.05957519 -0.05532212
v 0.12406251 0.05968262 -0.05532212
v 0.12671881 0.05957519 -0.05532212
v 0.12406251 0.05612793 -0.05827134
v 0.12640631 0.05603027 -0.05827134
v 0.12406251 0.05612793 -0.05827134
v 0.12640631 0.05603027 -0.05827134
v 0.12406251 0.05231933 -0.06088853
v 0.12609381 0.05223144 -0.06088853
v 0.12406251 0.05231933 -0.06088853
v 0.12609381 0.05223144 -0.06088853
v 0.12406251 0.04828613 -0.06313462
v 0.12578131 0.04820801 -0.06313462
v 0.12406251 0.04828613 -0.06313462
v 0.12578131 0.04820801 -0.06313462
v 0.12406251 0.04405762 -0.06499010
v 0.12546881 0.04399902 -0.06499010
v 0.12406251 0.04405762 -0.06499010
v 0.12546881 0.04399902 -0.06499010
v 0.12406251 0.03968262 -0.06647448
v 0.12515631 0.03963379 -0.06647448
v 0.12406251 0.03968262 -0.06647448
v 0.12515631 0.03963379 -0.06647448
v 0.12406251 0.03518066 -0.06752916
v 0.12484381 0.03515137 -0.06752916
v 0.12406251 0.03518066 -0.06752916
v 0.12484381 0.03515137 -0.06752916
v 0.12406251 0.03061035 -0.06815416
v 0.12484381 0.03515137 -0.06752916
v 0.12437501 0.03060059 -0.06815416
v 0.12437501 0.03060059 -0.06815416
v 0.12484381 0.03055176 -0.06815416
v 0.12484381 0.03055176 -0.06815416
v 0.12437501 0.03060059 -0.06815416
v 0.12484381 0.03515137 -0.06752916
v 0.12484381 0.03055176 -0.06815416
v 0.12484381 0.03515137 -0.06752916
v 0.12546881 0.03507324 -0.06752916
v 0.12546881 0.03507324 -0.06752916
v 0.12484381 0.03515137 -0.06752916
v 0.12515631 0.03963379 -0.06647448
v 0.12625001 0.03950683 -0.06647448
v 0.12625001 0.03950683 -0.06647448
v 0.12515631 0.03963379 -0.06647448
v 0.12546881 0.04399902 -0.06499010
v 0.12687501 0.04383301 -0.06499010
v 0.12687501 0.04383301 -0.06499010
v 0.12546881 0.04399902 -0.06499010
v 0.12578131 0.04820801 -0.06313462
v 0.12750001 0.04801269 -0.06313462
v 0.12750001 0.04801269 -0.06313462
v 0.12578131 0.04820801 -0.06313462
v 0.12609381 0.05223144 -0.06088853
v 0.12750001 0.04801269 -0.06313462
v 0.12609381 0.05223144 -0.06088853
v 0.12812501 0.05199707 -0.06088853
v 0.12812501 0.05199707 -0.06088853
v 0.12609381 0.05223144 -0.06088853
v 0.12640631 0.05603027 -0.05827134
v 0.12812501 0.05199707 -0.06088853
v 0.12640631 0.05603027 -0.05827134
v 0.12875001 0.05575683 -0.05827134
v 0.12875001 0.05575683 -0.05827134
v 0.12640631 0.05603027 -0.05827134
v 0.12671881 0.05957519 -0.05532212
v 0.12937501 0.05926269 -0.05532212
v 0.12937501 0.05926269 -0.05532212
v 0.12671881 0.05957519 -0.05532212
v 0.12703131 0.06282715 -0.05206040
v 0.12937501 0.05926269 -0.05532212
v 0.12703131 0.06282715 -0.05206040
v 0.12984371 0.06248535 -0.05206040
v 0.12984371 0.06248535 -0.05206040
v 0.12703131 0.06282715 -0.05206040
v 0.12718751 0.06576660 -0.04850572
v 0.12984371 0.06248535 -0.05206040
v 0.12718751 0.06576660 -0.04850572
v 0.13031251 0.06540528 -0.04850572
v 0.13031251 0.06540528 -0.04850572
v 0.12718751 0.06576660 -0.04850572
v 0.12734381 0.06837403 -0.04469712
v 0.13078121 0.06798340 -0.04469712
v 0.13078121 0.06798340 -0.04469712
v 0.12734381 0.06837403 -0.04469712
v 0.12765631 0.07061035 -0.04067369
v 0.13078121 0.06798340 -0.04469712
v 0.12765631 0.07061035 -0.04067369
v 0.13109371 0.07020021 -0.04065415
v 0.13109371 0.07020021 -0.04065415
v 0.12765631 0.07061035 -0.04067369
v 0.12781251 0.07247560 -0.03643540
v 0.13109371 0.07020021 -0.04065415
v 0.12781251 0.07247560 -0.03643540
v 0.13140621 0.07204590 -0.03643540
v 0.13140621 0.07204590 -0.03643540
v 0.12781251 0.07247560 -0.03643540
v 0.12781251 0.07394043 -0.03206040
v 0.13156251 0.07349121 -0.03206040
v 0.13156251 0.07349121 -0.03206040
v 0.12781251 0.07394043 -0.03206040
v 0.12796881 0.07499512 -0.02756822
v 0.13171871 0.07453614 -0.02756822
v 0.13171871 0.07453614 -0.02756822
v 0.12796881 0.07499512 -0.02756822
v 0.12796881 0.07562989 -0.02299791
v 0.13187501 0.07517090 -0.02297838
v 0.13187501 0.07517090 -0.02297838
v 0.12796881 0.07562989 -0.02299791
v 0.12937501 0.07571778 -0.01836900
v 0.13187501 0.07517090 -0.02297838
v 0.12937501 0.07571778 -0.01836900
v 0.13187501 0.07537598 -0.01836900
v 0.12671881 0.07593262 -0.01836900
v 0.12937501 0.07571778 -0.01836900
v 0.12796881 0.07562989 -0.02299791
v 0.13187501 -0.07538575 -0.01836900
v 0.12937501 -0.07572754 -0.01836900
v 0.13187501 -0.07517090 -0.02297838
v 0.13187501 -0.07517090 -0.02297838
v 0.12937501 -0.07572754 -0.01836900
v 0.12796881 -0.07562989 -0.02299791
v 0.13187501 -0.07517090 -0.02297838
v 0.12796881 -0.07562989 -0.02299791
v 0.13171871 -0.07454590 -0.02756822
v 0.12796881 -0.07499512 -0.02756822
v 0.13171871 -0.07454590 -0.02756822
v 0.12796881 -0.07499512 -0.02756822
v 0.13156251 -0.07350098 -0.03206040
v 0.13156251 -0.07350098 -0.03206040
v 0.12796881 -0.07499512 -0.02756822
v 0.12781251 -0.07394043 -0.03206040
v 0.13156251 -0.07350098 -0.03206040
v 0.12781251 -0.07394043 -0.03206040
v 0.13140621 -0.07204590 -0.03643540
v 0.12781251 -0.07247560 -0.03643540
v 0.13140621 -0.07204590 -0.03643540
v 0.12781251 -0.07247560 -0.03643540
v 0.13109371 -0.07020996 -0.04065415
v 0.12765631 -0.07062012 -0.04067369
v 0.13109371 -0.07020996 -0.04065415
v 0.12765631 -0.07062012 -0.04067369
v 0.13078121 -0.06798340 -0.04469712
v 0.13078121 -0.06798340 -0.04469712
v 0.12765631 -0.07062012 -0.04067369
v 0.12734381 -0.06837403 -0.04469712
v 0.13078121 -0.06798340 -0.04469712
v 0.12734381 -0.06837403 -0.04469712
v 0.13031251 -0.06540528 -0.04850572
v 0.13031251 -0.06540528 -0.04850572
v 0.12734381 -0.06837403 -0.04469712
v 0.12718751 -0.06577637 -0.04850572
v 0.13031251 -0.06540528 -0.04850572
v 0.12718751 -0.06577637 -0.04850572
v 0.12984371 -0.06249512 -0.05206040
v 0.12984371 -0.06249512 -0.05206040
v 0.12718751 -0.06577637 -0.04850572
v 0.12703131 -0.06283691 -0.05206040
v 0.12984371 -0.06249512 -0.05206040
v 0.12703131 -0.06283691 -0.05206040
v 0.12937501 -0.05927246 -0.05532212
v 0.12937501 -0.05927246 -0.05532212
v 0.12703131 -0.06283691 -0.05206040
v 0.12671881 -0.05957519 -0.05532212
v 0.12937501 -0.05927246 -0.05532212
v 0.12671881 -0.05957519 -0.05532212
v 0.12875001 -0.05575683 -0.05827134
v 0.12875001 -0.05575683 -0.05827134
v 0.12671881 -0.05957519 -0.05532212
v 0.12640631 -0.05604004 -0.05827134
v 0.12875001 -0.05575683 -0.05827134
v 0.12640631 -0.05604004 -0.05827134
v 0.12812501 -0.05199707 -0.06088853
v 0.12609381 -0.05224121 -0.06088853
v 0.12812501 -0.05199707 -0.06088853
v 0.12609381 -0.05224121 -0.06088853
v 0.12750001 -0.04801269 -0.06313462
v 0.12578131 -0.04821777 -0.06313462
v 0.12750001 -0.04801269 -0.06313462
v 0.12578131 -0.04821777 -0.06313462
v 0.12687501 -0.04384277 -0.06499010
v 0.12546881 -0.04400879 -0.06499010
v 0.12687501 -0.04384277 -0.06499010
v 0.12546881 -0.04400879 -0.06499010
v 0.12625001 -0.03951660 -0.06647448
v 0.12515631 -0.03964355 -0.06647448
v 0.12625001 -0.03951660 -0.06647448
v 0.12515631 -0.03964355 -0.06647448
v 0.12546881 -0.03507324 -0.06752916
v 0.12484381 -0.03516113 -0.06752916
v 0.12546881 -0.03507324 -0.06752916
v 0.12484381 -0.03516113 -0.06752916
v 0.12484381 -0.03056152 -0.06815416
v 0.12484381 -0.03056152 -0.06815416
v 0.12484381 -0.03516113 -0.06752916
v 0.12437501 -0.03060059 -0.06815416
v 0.12484381 -0.03056152 -0.06815416
v 0.12437501 -0.03060059 -0.06815416
v 0.12406251 -0.03062012 -0.06815416
v 0.12406251 -0.03062012 -0.06815416
v 0.12484381 -0.03516113 -0.06752916
v 0.12406251 -0.03519043 -0.06752916
v 0.12406251 -0.03519043 -0.06752916
v 0.12484381 -0.03516113 -0.06752916
v 0.12515631 -0.03964355 -0.06647448
v 0.12406251 -0.03968262 -0.06647448
v 0.12406251 -0.03968262 -0.06647448
v 0.12515631 -0.03964355 -0.06647448
v 0.12546881 -0.04400879 -0.06499010
v 0.12406251 -0.04406738 -0.06499010
v 0.12406251 -0.04406738 -0.06499010
v 0.12546881 -0.04400879 -0.06499010
v 0.12578131 -0.04821777 -0.06313462
v 0.12406251 -0.04828613 -0.06313462
v 0.12406251 -0.04828613 -0.06313462
v 0.12578131 -0.04821777 -0.06313462
v 0.12609381 -0.05224121 -0.06088853
v 0.12406251 -0.05232910 -0.06088853
v 0.12406251 -0.05232910 -0.06088853
v 0.12609381 -0.05224121 -0.06088853
v 0.12640631 -0.05604004 -0.05827134
v 0.12406251 -0.05613769 -0.05827134
v 0.12406251 -0.05613769 -0.05827134
v 0.12640631 -0.05604004 -0.05827134
v 0.12671881 -0.05957519 -0.05532212
v 0.12406251 -0.05968262 -0.05532212
v 0.12406251 -0.05968262 -0.05532212
v 0.12671881 -0.05957519 -0.05532212
v 0.12703131 -0.06283691 -0.05206040
v 0.12406251 -0.06295410 -0.05206040
v 0.12406251 -0.06295410 -0.05206040
v 0.12703131 -0.06283691 -0.05206040
v 0.12718751 -0.06577637 -0.04850572
v 0.12406251 -0.06590332 -0.04850572
v 0.12406251 -0.06590332 -0.04850572
v 0.12718751 -0.06577637 -0.04850572
v 0.12734381 -0.06837403 -0.04469712
v 0.12406251 -0.06590332 -0.04850572
v 0.12734381 -0.06837403 -0.04469712
v 0.12406251 -0.06851075 -0.04469712
v 0.12406251 -0.06851075 -0.04469712
v 0.12734381 -0.06837403 -0.04469712
v 0.12765631 -0.07062012 -0.04067369
v 0.12406251 -0.06851075 -0.04469712
v 0.12765631 -0.07062012 -0.04067369
v 0.12406251 -0.07075685 -0.04065415
v 0.12406251 -0.07075685 -0.04065415
v 0.12765631 -0.07062012 -0.04067369
v 0.12781251 -0.07247560 -0.03643540
v 0.12406251 -0.07075685 -0.04065415
v 0.12781251 -0.07247560 -0.03643540
v 0.12406251 -0.07262207 -0.03643540
v 0.12406251 -0.07262207 -0.03643540
v 0.12781251 -0.07247560 -0.03643540
v 0.12781251 -0.07394043 -0.03206040
v 0.12406251 -0.07409668 -0.03206040
v 0.12406251 -0.07409668 -0.03206040
v 0.12781251 -0.07394043 -0.03206040
v 0.12796881 -0.07499512 -0.02756822
v 0.12406251 -0.07515137 -0.02756822
v 0.12406251 -0.07515137 -0.02756822
v 0.12796881 -0.07499512 -0.02756822
v 0.12796881 -0.07562989 -0.02299791
v 0.12406251 -0.07578614 -0.02297838
v 0.12406251 -0.07578614 -0.02297838
v 0.12796881 -0.07562989 -0.02299791
v 0.12671881 -0.07593262 -0.01836900
v 0.12406251 -0.07578614 -0.02297838
v 0.12671881 -0.07593262 -0.01836900
v 0.12406251 -0.07600098 -0.01836900
v 0.12937501 -0.07572754 -0.01836900
v 0.12671881 -0.07593262 -0.01836900
v 0.12796881 -0.07562989 -0.02299791
v 0.12718751 0.02529785 -0.06836901
v 0.12406251 0.02600098 -0.06836901
v 0.12703131 0.03011231 -0.06815416
v 0.12703131 0.03011231 -0.06815416
v 0.12406251 0.02600098 -0.06836901
v 0.12484381 0.03055176 -0.06815416
v 0.12703131 0.03011231 -0.06815416
v 0.12484381 0.03055176 -0.06815416
v 0.12812501 0.03455566 -0.06752916
v 0.12546881 0.03507324 -0.06752916
v 0.12812501 0.03455566 -0.06752916
v 0.12546881 0.03507324 -0.06752916
v 0.12625001 0.03950683 -0.06647448
v 0.12812501 0.03455566 -0.06752916
v 0.12625001 0.03950683 -0.06647448
v 0.12906251 0.03893066 -0.06647448
v 0.12906251 0.03893066 -0.06647448
v 0.12625001 0.03950683 -0.06647448
v 0.12687501 0.04383301 -0.06499010
v 0.12906251 0.03893066 -0.06647448
v 0.12687501 0.04383301 -0.06499010
v 0.13015621 0.04319824 -0.06499010
v 0.13015621 0.04319824 -0.06499010
v 0.12687501 0.04383301 -0.06499010
v 0.12750001 0.04801269 -0.06313462
v 0.13015621 0.04319824 -0.06499010
v 0.12750001 0.04801269 -0.06313462
v 0.13109371 0.04730957 -0.06313462
v 0.13109371 0.04730957 -0.06313462
v 0.12750001 0.04801269 -0.06313462
v 0.12812501 0.05199707 -0.06088853
v 0.13203121 0.05123535 -0.06088853
v 0.13203121 0.05123535 -0.06088853
v 0.12812501 0.05199707 -0.06088853
v 0.12875001 0.05575683 -0.05827134
v 0.13203121 0.05123535 -0.06088853
v 0.12875001 0.05575683 -0.05827134
v 0.13296871 0.05494629 -0.05827134
v 0.13296871 0.05494629 -0.05827134
v 0.12875001 0.05575683 -0.05827134
v 0.12937501 0.05926269 -0.05532212
v 0.13375001 0.05840332 -0.05532212
v 0.13375001 0.05840332 -0.05532212
v 0.12937501 0.05926269 -0.05532212
v 0.12984371 0.06248535 -0.05206040
v 0.13375001 0.05840332 -0.05532212
v 0.12984371 0.06248535 -0.05206040
v 0.13453121 0.06157715 -0.05206040
v 0.13453121 0.06157715 -0.05206040
v 0.12984371 0.06248535 -0.05206040
v 0.13031251 0.06540528 -0.04850572
v 0.13453121 0.06157715 -0.05206040
v 0.13031251 0.06540528 -0.04850572
v 0.13515621 0.06444825 -0.04850572
v 0.13515621 0.06444825 -0.04850572
v 0.13031251 0.06540528 -0.04850572
v 0.13078121 0.06798340 -0.04469712
v 0.13578121 0.06698732 -0.04469712
v 0.13578121 0.06698732 -0.04469712
v 0.13078121 0.06798340 -0.04469712
v 0.13109371 0.07020021 -0.04065415
v 0.13625001 0.06917482 -0.04065415
v 0.13625001 0.06917482 -0.04065415
v 0.13109371 0.07020021 -0.04065415
v 0.13140621 0.07204590 -0.03643540
v 0.13671871 0.07099121 -0.03643540
v 0.13671871 0.07099121 -0.03643540
v 0.13140621 0.07204590 -0.03643540
v 0.13156251 0.07349121 -0.03206040
v 0.13671871 0.07099121 -0.03643540
v 0.13156251 0.07349121 -0.03206040
v 0.13703121 0.07241700 -0.03206040
v 0.13703121 0.07241700 -0.03206040
v 0.13156251 0.07349121 -0.03206040
v 0.13171871 0.07453614 -0.02756822
v 0.13703121 0.07241700 -0.03206040
v 0.13171871 0.07453614 -0.02756822
v 0.13734371 0.07345215 -0.02756822
v 0.13734371 0.07345215 -0.02756822
v 0.13171871 0.07453614 -0.02756822
v 0.13187501 0.07517090 -0.02297838
v 0.13750001 0.07406739 -0.02297838
v 0.13750001 0.07406739 -0.02297838
v 0.13187501 0.07517090 -0.02297838
v 0.13187501 0.07537598 -0.01836900
v 0.13750001 0.07406739 -0.02297838
v 0.13187501 0.07537598 -0.01836900
v 0.13750001 0.07428223 -0.01836900
v 0.13750001 0.07406739 -0.02297838
v 0.13750001 0.07428223 -0.01836900
v 0.14296871 0.07256348 -0.02297838
v 0.14296871 0.07256348 -0.02297838
v 0.13750001 0.07428223 -0.01836900
v 0.14296871 0.07276857 -0.01836900
v 0.14296871 0.07256348 -0.02297838
v 0.14296871 0.07276857 -0.01836900
v 0.14828121 0.07065918 -0.02297838
v 0.14828121 0.07085450 -0.01836900
v 0.14828121 0.07065918 -0.02297838
v 0.14828121 0.07085450 -0.01836900
v 0.15343751 0.06836426 -0.02297838
v 0.15343751 0.06854982 -0.01836900
v 0.15343751 0.06836426 -0.02297838
v 0.15343751 0.06854982 -0.01836900
v 0.15843751 0.06568848 -0.02297838
v 0.15843751 0.06587403 -0.01836900
v 0.15843751 0.06568848 -0.02297838
v 0.15843751 0.06587403 -0.01836900
v 0.16312501 0.06265137 -0.02297838
v 0.16312501 0.06265137 -0.02297838
v 0.15843751 0.06587403 -0.01836900
v 0.16328121 0.06282715 -0.01836900
v 0.16312501 0.06265137 -0.02297838
v 0.16328121 0.06282715 -0.01836900
v 0.16765621 0.05926269 -0.02297838
v 0.16781251 0.05942871 -0.01836900
v 0.16765621 0.05926269 -0.02297838
v 0.16781251 0.05942871 -0.01836900
v 0.17203121 0.05555176 -0.02297838
v 0.17218751 0.05570801 -0.01836900
v 0.17203121 0.05555176 -0.02297838
v 0.17218751 0.05570801 -0.01836900
v 0.17593751 0.05152832 -0.02297838
v 0.17593751 0.05152832 -0.02297838
v 0.17218751 0.05570801 -0.01836900
v 0.17609371 0.05167480 -0.01836900
v 0.17593751 0.05152832 -0.02297838
v 0.17609371 0.05167480 -0.01836900
v 0.17968751 0.04723144 -0.02297838
v 0.17968751 0.04723144 -0.02297838
v 0.17609371 0.05167480 -0.01836900
v 0.17984371 0.04735840 -0.01836900
v 0.17968751 0.04723144 -0.02297838
v 0.17984371 0.04735840 -0.01836900
v 0.18296871 0.04266113 -0.02297838
v 0.18312501 0.04277832 -0.01836900
v 0.18296871 0.04266113 -0.02297838
v 0.18312501 0.04277832 -0.01836900
v 0.18593751 0.03785644 -0.02297838
v 0.18593751 0.03785644 -0.02297838
v 0.18312501 0.04277832 -0.01836900
v 0.18609371 0.03796387 -0.01836900
v 0.18593751 0.03785644 -0.02297838
v 0.18609371 0.03796387 -0.01836900
v 0.18859371 0.03284668 -0.02297838
v 0.18875001 0.03294433 -0.01836900
v 0.18859371 0.03284668 -0.02297838
v 0.18875001 0.03294433 -0.01836900
v 0.19078121 0.02765137 -0.02297838
v 0.19078121 0.02765137 -0.02297838
v 0.18875001 0.03294433 -0.01836900
v 0.19109371 0.02772949 -0.01836900
v 0.19078121 0.02765137 -0.02297838
v 0.19109371 0.02772949 -0.01836900
v 0.19265621 0.02230957 -0.02297838
v 0.19296871 0.02236816 -0.01836900
v 0.19265621 0.02230957 -0.02297838
v 0.19296871 0.02236816 -0.01836900
v 0.19421871 0.01684082 -0.02297838
v 0.19421871 0.01684082 -0.02297838
v 0.19296871 0.02236816 -0.01836900
v 0.19437501 0.01688965 -0.01836900
v 0.19421871 0.01684082 -0.02297838
v 0.19437501 0.01688965 -0.01836900
v 0.19515621 0.01127441 -0.02297838
v 0.19515621 0.01127441 -0.02297838
v 0.19437501 0.01688965 -0.01836900
v 0.19546871 0.01131348 -0.01836900
v 0.19515621 0.01127441 -0.02297838
v 0.19546871 0.01131348 -0.01836900
v 0.19578121 0.00564941 -0.02297838
v 0.19609371 0.00566895 -0.01836900
v 0.19578121 0.00564941 -0.02297838
v 0.19609371 0.00566895 -0.01836900
v 0.19609371 -0.00000488 -0.02297838
v 0.19609371 -0.00000488 -0.02297838
v 0.19609371 0.00566895 -0.01836900
v 0.19625001 -0.00000488 -0.01836900
v 0.19609371 -0.00000488 -0.02297838
v 0.19625001 -0.00000488 -0.01836900
v 0.19578121 -0.00565918 -0.02297838
v 0.19578121 -0.00565918 -0.02297838
v 0.19625001 -0.00000488 -0.01836900
v 0.19609371 -0.00567871 -0.01836900
v 0.19578121 -0.00565918 -0.02297838
v 0.19609371 -0.00567871 -0.01836900
v 0.19515621 -0.01128418 -0.02297838
v 0.19546871 -0.01131348 -0.01836900
v 0.19515621 -0.01128418 -0.02297838
v 0.19546871 -0.01131348 -0.01836900
v 0.19421871 -0.01684082 -0.02297838
v 0.19421871 -0.01684082 -0.02297838
v 0.19546871 -0.01131348 -0.01836900
v 0.19437501 -0.01688965 -0.01836900
v 0.19421871 -0.01684082 -0.02297838
v 0.19437501 -0.01688965 -0.01836900
v 0.19265621 -0.02231934 -0.02297838
v 0.19265621 -0.02231934 -0.02297838
v 0.19437501 -0.01688965 -0.01836900
v 0.19296871 -0.02237793 -0.01836900
v 0.19265621 -0.02231934 -0.02297838
v 0.19296871 -0.02237793 -0.01836900
v 0.19109371 -0.02773926 -0.01836900
v 0.19078121 -0.02766113 -0.02297838
v 0.19078121 -0.02766113 -0.02297838
v 0.19109371 -0.02773926 -0.01836900
v 0.18875001 -0.03294433 -0.01836900
v 0.19078121 -0.02766113 -0.02297838
v 0.18875001 -0.03294433 -0.01836900
v 0.18859371 -0.03285644 -0.02297838
v 0.18859371 -0.03285644 -0.02297838
v 0.18875001 -0.03294433 -0.01836900
v 0.18609371 -0.03797363 -0.01836900
v 0.18593751 -0.03786621 -0.02297838
v 0.18593751 -0.03786621 -0.02297838
v 0.18609371 -0.03797363 -0.01836900
v 0.18312501 -0.04278808 -0.01836900
v 0.18593751 -0.03786621 -0.02297838
v 0.18312501 -0.04278808 -0.01836900
v 0.18296871 -0.04267090 -0.02297838
v 0.18296871 -0.04267090 -0.02297838
v 0.18312501 -0.04278808 -0.01836900
v 0.17984371 -0.04736816 -0.01836900
v 0.17968751 -0.04723144 -0.02297838
v 0.17968751 -0.04723144 -0.02297838
v 0.17984371 -0.04736816 -0.01836900
v 0.17609371 -0.05168457 -0.01836900
v 0.17968751 -0.04723144 -0.02297838
v 0.17609371 -0.05168457 -0.01836900
v 0.17593751 -0.05153808 -0.02297838
v 0.17593751 -0.05153808 -0.02297838
v 0.17609371 -0.05168457 -0.01836900
v 0.17218751 -0.05570801 -0.01836900
v 0.17203121 -0.05555176 -0.02297838
v 0.17203121 -0.05555176 -0.02297838
v 0.17218751 -0.05570801 -0.01836900
v 0.16781251 -0.05943848 -0.01836900
v 0.16765621 -0.05927246 -0.02297838
v 0.16765621 -0.05927246 -0.02297838
v 0.16781251 -0.05943848 -0.01836900
v 0.16328121 -0.06282715 -0.01836900
v 0.16312501 -0.06265137 -0.02297838
v 0.16312501 -0.06265137 -0.02297838
v 0.16328121 -0.06282715 -0.01836900
v 0.15843751 -0.06587403 -0.01836900
v 0.16312501 -0.06265137 -0.02297838
v 0.15843751 -0.06587403 -0.01836900
v 0.15843751 -0.06568848 -0.02297838
v 0.15843751 -0.06568848 -0.02297838
v 0.15843751 -0.06587403 -0.01836900
v 0.15343751 -0.06855957 -0.01836900
v 0.15343751 -0.06836426 -0.02297838
v 0.15343751 -0.06836426 -0.02297838
v 0.15343751 -0.06855957 -0.01836900
v 0.14828121 -0.07086426 -0.01836900
v 0.14828121 -0.07066896 -0.02297838
v 0.14828121 -0.07066896 -0.02297838
v 0.14828121 -0.07086426 -0.01836900
v 0.14296871 -0.07277832 -0.01836900
v 0.14296871 -0.07257325 -0.02297838
v 0.14296871 -0.07257325 -0.02297838
v 0.14296871 -0.07277832 -0.01836900
v 0.13750001 -0.07428223 -0.01836900
v 0.13750001 -0.07407715 -0.02297838
v 0.13750001 -0.07407715 -0.02297838
v 0.13750001 -0.07428223 -0.01836900
v 0.13187501 -0.07538575 -0.01836900
v 0.13750001 -0.07407715 -0.02297838
v 0.13187501 -0.07538575 -0.01836900
v 0.13187501 -0.07517090 -0.02297838
v 0.13750001 -0.07407715 -0.02297838
v 0.13187501 -0.07517090 -0.02297838
v 0.13734371 -0.07345215 -0.02756822
v 0.13171871 -0.07454590 -0.02756822
v 0.13734371 -0.07345215 -0.02756822
v 0.13171871 -0.07454590 -0.02756822
v 0.13703121 -0.07242676 -0.03206040
v 0.13156251 -0.07350098 -0.03206040
v 0.13703121 -0.07242676 -0.03206040
v 0.13156251 -0.07350098 -0.03206040
v 0.13671871 -0.07100098 -0.03643540
v 0.13140621 -0.07204590 -0.03643540
v 0.13671871 -0.07100098 -0.03643540
v 0.13140621 -0.07204590 -0.03643540
v 0.13625001 -0.06918457 -0.04065415
v 0.13625001 -0.06918457 -0.04065415
v 0.13140621 -0.07204590 -0.03643540
v 0.13109371 -0.07020996 -0.04065415
v 0.13625001 -0.06918457 -0.04065415
v 0.13109371 -0.07020996 -0.04065415
v 0.13578121 -0.06699707 -0.04469712
v 0.13578121 -0.06699707 -0.04469712
v 0.13109371 -0.07020996 -0.04065415
v 0.13078121 -0.06798340 -0.04469712
v 0.13578121 -0.06699707 -0.04469712
v 0.13078121 -0.06798340 -0.04469712
v 0.13515621 -0.06445801 -0.04850572
v 0.13031251 -0.06540528 -0.04850572
v 0.13515621 -0.06445801 -0.04850572
v 0.13031251 -0.06540528 -0.04850572
v 0.13453121 -0.06158691 -0.05206040
v 0.12984371 -0.06249512 -0.05206040
v 0.13453121 -0.06158691 -0.05206040
v 0.12984371 -0.06249512 -0.05206040
v 0.13375001 -0.05840332 -0.05532212
v 0.13375001 -0.05840332 -0.05532212
v 0.12984371 -0.06249512 -0.05206040
v 0.12937501 -0.05927246 -0.05532212
v 0.13375001 -0.05840332 -0.05532212
v 0.12937501 -0.05927246 -0.05532212
v 0.13296871 -0.05494629 -0.05827134
v 0.12875001 -0.05575683 -0.05827134
v 0.13296871 -0.05494629 -0.05827134
v 0.12875001 -0.05575683 -0.05827134
v 0.13203121 -0.05123535 -0.06088853
v 0.13203121 -0.05123535 -0.06088853
v 0.12875001 -0.05575683 -0.05827134
v 0.12812501 -0.05199707 -0.06088853
v 0.13203121 -0.05123535 -0.06088853
v 0.12812501 -0.05199707 -0.06088853
v 0.13109371 -0.04730957 -0.06313462
v 0.12750001 -0.04801269 -0.06313462
v 0.13109371 -0.04730957 -0.06313462
v 0.12750001 -0.04801269 -0.06313462
v 0.12687501 -0.04384277 -0.06499010
v 0.13015621 -0.04319824 -0.06499010
v 0.13015621 -0.04319824 -0.06499010
v 0.12687501 -0.04384277 -0.06499010
v 0.12625001 -0.03951660 -0.06647448
v 0.13015621 -0.04319824 -0.06499010
v 0.12625001 -0.03951660 -0.06647448
v 0.12906251 -0.03894043 -0.06647448
v 0.12906251 -0.03894043 -0.06647448
v 0.12625001 -0.03951660 -0.06647448
v 0.12546881 -0.03507324 -0.06752916
v 0.12906251 -0.03894043 -0.06647448
v 0.12546881 -0.03507324 -0.06752916
v 0.12812501 -0.03456543 -0.06752916
v 0.12812501 -0.03456543 -0.06752916
v 0.12546881 -0.03507324 -0.06752916
v 0.12484381 -0.03056152 -0.06815416
v 0.12703131 -0.03011231 -0.06815416
v 0.12703131 -0.03011231 -0.06815416
v 0.12484381 -0.03056152 -0.06815416
v 0.12406251 -0.02600098 -0.06836901
v 0.12703131 -0.03011231 -0.06815416
v 0.12406251 -0.02600098 -0.06836901
v 0.12718751 -0.02529785 -0.06836901
v 0.12921871 -0.02949707 -0.06815416
v 0.12921871 -0.02949707 -0.06815416
v 0.12718751 -0.02529785 -0.06836901
v 0.13031251 -0.02421387 -0.06836901
v 0.13140621 -0.02872559 -0.06815416
v 0.13359371 -0.02778809 -0.06815416
v 0.13140621 -0.02872559 -0.06815416
v 0.13359371 -0.02778809 -0.06815416
v 0.13562501 -0.03189941 -0.06752916
v 0.13562501 -0.03189941 -0.06752916
v 0.13359371 -0.02778809 -0.06815416
v 0.13781251 -0.03064941 -0.06752916
v 0.13562501 -0.03189941 -0.06752916
v 0.13781251 -0.03064941 -0.06752916
v 0.14015621 -0.03453613 -0.06647448
v 0.14015621 -0.03453613 -0.06647448
v 0.13781251 -0.03064941 -0.06752916
v 0.14265621 -0.03293457 -0.06647448
v 0.14015621 -0.03453613 -0.06647448
v 0.14265621 -0.03293457 -0.06647448
v 0.14515621 -0.03653808 -0.06499010
v 0.14515621 -0.03653808 -0.06499010
v 0.14265621 -0.03293457 -0.06647448
v 0.14781251 -0.03456543 -0.06499010
v 0.14515621 -0.03653808 -0.06499010
v 0.14781251 -0.03456543 -0.06499010
v 0.15046871 -0.03785644 -0.06313462
v 0.15046871 -0.03785644 -0.06313462
v 0.14781251 -0.03456543 -0.06499010
v 0.15312501 -0.03548340 -0.06313462
v 0.15046871 -0.03785644 -0.06313462
v 0.15312501 -0.03548340 -0.06313462
v 0.15593751 -0.03843262 -0.06088853
v 0.15593751 -0.03843262 -0.06088853
v 0.15312501 -0.03548340 -0.06313462
v 0.15875001 -0.03564941 -0.06088853
v 0.15593751 -0.03843262 -0.06088853
v 0.15875001 -0.03564941 -0.06088853
v 0.16140621 -0.03822754 -0.05827134
v 0.16140621 -0.03822754 -0.05827134
v 0.15875001 -0.03564941 -0.06088853
v 0.16421871 -0.03503418 -0.05827134
v 0.16140621 -0.03822754 -0.05827134
v 0.16421871 -0.03503418 -0.05827134
v 0.16703121 -0.03724121 -0.05532212
v 0.16703121 -0.03724121 -0.05532212
v 0.16421871 -0.03503418 -0.05827134
v 0.16968751 -0.03363769 -0.05532212
v 0.16703121 -0.03724121 -0.05532212
v 0.16968751 -0.03363769 -0.05532212
v 0.17234371 -0.03547363 -0.05206040
v 0.17234371 -0.03547363 -0.05206040
v 0.16968751 -0.03363769 -0.05532212
v 0.17484371 -0.03147949 -0.05206040
v 0.17234371 -0.03547363 -0.05206040
v 0.17484371 -0.03147949 -0.05206040
v 0.17734371 -0.03294433 -0.04850572
v 0.17734371 -0.03294433 -0.04850572
v 0.17484371 -0.03147949 -0.05206040
v 0.17968751 -0.02858887 -0.04850572
v 0.17734371 -0.03294433 -0.04850572
v 0.17968751 -0.02858887 -0.04850572
v 0.18203121 -0.02971191 -0.04469712
v 0.18203121 -0.02971191 -0.04469712
v 0.17968751 -0.02858887 -0.04850572
v 0.18406251 -0.02501465 -0.04469712
v 0.18203121 -0.02971191 -0.04469712
v 0.18406251 -0.02501465 -0.04469712
v 0.18609371 -0.02583496 -0.04065415
v 0.18609371 -0.02583496 -0.04065415
v 0.18406251 -0.02501465 -0.04469712
v 0.18796871 -0.02084473 -0.04065415
v 0.18609371 -0.02583496 -0.04065415
v 0.18796871 -0.02084473 -0.04065415
v 0.18968751 -0.02139160 -0.03643540
v 0.18968751 -0.02139160 -0.03643540
v 0.18796871 -0.02084473 -0.04065415
v 0.19109371 -0.01614746 -0.03643540
v 0.18968751 -0.02139160 -0.03643540
v 0.19109371 -0.01614746 -0.03643540
v 0.19250001 -0.01646973 -0.03206040
v 0.19250001 -0.01646973 -0.03206040
v 0.19109371 -0.01614746 -0.03643540
v 0.19359371 -0.01103027 -0.03206040
v 0.19250001 -0.01646973 -0.03206040
v 0.19359371 -0.01103027 -0.03206040
v 0.19453121 -0.01118652 -0.02756822
v 0.19453121 -0.01118652 -0.02756822
v 0.19359371 -0.01103027 -0.03206040
v 0.19515621 -0.00561035 -0.02756822
v 0.19453121 -0.01118652 -0.02756822
v 0.19515621 -0.00561035 -0.02756822
v 0.19578121 -0.00565918 -0.02297838
v 0.19578121 -0.00565918 -0.02297838
v 0.19515621 -0.00561035 -0.02756822
v 0.19609371 -0.00000488 -0.02297838
v 0.13312501 -0.02276856 -0.06836901
v 0.13562501 -0.02670410 -0.06815416
v 0.13359371 -0.02778809 -0.06815416
v 0.13562501 -0.02670410 -0.06815416
v 0.13781251 -0.03064941 -0.06752916
v 0.13562501 -0.02670410 -0.06815416
v 0.14015621 -0.02923340 -0.06752916
v 0.13781251 -0.03064941 -0.06752916
v 0.14015621 -0.02923340 -0.06752916
v 0.14265621 -0.03293457 -0.06647448
v 0.14265621 -0.03293457 -0.06647448
v 0.14015621 -0.02923340 -0.06752916
v 0.14500001 -0.03115723 -0.06647448
v 0.14265621 -0.03293457 -0.06647448
v 0.14500001 -0.03115723 -0.06647448
v 0.14781251 -0.03456543 -0.06499010
v 0.14781251 -0.03456543 -0.06499010
v 0.14500001 -0.03115723 -0.06647448
v 0.15031251 -0.03239746 -0.06499010
v 0.14781251 -0.03456543 -0.06499010
v 0.15031251 -0.03239746 -0.06499010
v 0.15312501 -0.03548340 -0.06313462
v 0.15312501 -0.03548340 -0.06313462
v 0.15031251 -0.03239746 -0.06499010
v 0.15578121 -0.03291504 -0.06313462
v 0.15312501 -0.03548340 -0.06313462
v 0.15578121 -0.03291504 -0.06313462
v 0.15875001 -0.03564941 -0.06088853
v 0.15875001 -0.03564941 -0.06088853
v 0.15578121 -0.03291504 -0.06313462
v 0.16125001 -0.03267090 -0.06088853
v 0.15875001 -0.03564941 -0.06088853
v 0.16125001 -0.03267090 -0.06088853
v 0.16421871 -0.03503418 -0.05827134
v 0.16421871 -0.03503418 -0.05827134
v 0.16125001 -0.03267090 -0.06088853
v 0.16671871 -0.03164551 -0.05827134
v 0.16671871 -0.03164551 -0.05827134
v 0.16968751 -0.03363769 -0.05532212
v 0.16671871 -0.03164551 -0.05827134
v 0.17203121 -0.02985840 -0.05532212
v 0.16968751 -0.03363769 -0.05532212
v 0.17203121 -0.02985840 -0.05532212
v 0.17484371 -0.03147949 -0.05206040
v 0.17484371 -0.03147949 -0.05206040
v 0.17203121 -0.02985840 -0.05532212
v 0.17703121 -0.02730957 -0.05206040
v 0.17484371 -0.03147949 -0.05206040
v 0.17703121 -0.02730957 -0.05206040
v 0.17968751 -0.02858887 -0.04850572
v 0.17968751 -0.02858887 -0.04850572
v 0.17703121 -0.02730957 -0.05206040
v 0.18156251 -0.02406738 -0.04850572
v 0.17968751 -0.02858887 -0.04850572
v 0.18156251 -0.02406738 -0.04850572
v 0.18406251 -0.02501465 -0.04469712
v 0.18406251 -0.02501465 -0.04469712
v 0.18156251 -0.02406738 -0.04850572
v 0.18578121 -0.02018066 -0.04469712
v 0.18406251 -0.02501465 -0.04469712
v 0.18578121 -0.02018066 -0.04469712
v 0.18796871 -0.02084473 -0.04065415
v 0.18796871 -0.02084473 -0.04065415
v 0.18578121 -0.02018066 -0.04469712
v 0.18921871 -0.01573730 -0.04065415
v 0.18796871 -0.02084473 -0.04065415
v 0.18921871 -0.01573730 -0.04065415
v 0.19109371 -0.01614746 -0.03643540
v 0.19109371 -0.01614746 -0.03643540
v 0.18921871 -0.01573730 -0.04065415
v 0.19203121 -0.01081543 -0.03643540
v 0.19109371 -0.01614746 -0.03643540
v 0.19203121 -0.01081543 -0.03643540
v 0.19359371 -0.01103027 -0.03206040
v 0.19359371 -0.01103027 -0.03206040
v 0.19203121 -0.01081543 -0.03643540
v 0.19421871 -0.00553223 -0.03206040
v 0.19359371 -0.01103027 -0.03206040
v 0.19421871 -0.00553223 -0.03206040
v 0.19515621 -0.00561035 -0.02756822
v 0.19515621 -0.00561035 -0.02756822
v 0.19421871 -0.00553223 -0.03206040
v 0.19546871 -0.00000488 -0.02756822
v 0.19515621 -0.00561035 -0.02756822
v 0.19546871 -0.00000488 -0.02756822
v 0.19609371 -0.00000488 -0.02297838
v 0.19609371 -0.00000488 -0.02297838
v 0.19546871 -0.00000488 -0.02756822
v 0.19578121 0.00564941 -0.02297838
v 0.13562501 -0.02670410 -0.06815416
v 0.13312501 -0.02276856 -0.06836901
v 0.13750001 -0.02547363 -0.06815416
v 0.13578121 -0.02097168 -0.06836901
v 0.13937501 -0.02409668 -0.06815416
v 0.13937501 -0.02409668 -0.06815416
v 0.13578121 -0.02097168 -0.06836901
v 0.13828121 -0.01886231 -0.06836901
v 0.14109371 -0.02258301 -0.06815416
v 0.14265621 -0.02095215 -0.06815416
v 0.14109371 -0.02258301 -0.06815416
v 0.14265621 -0.02095215 -0.06815416
v 0.14609371 -0.02404785 -0.06752916
v 0.14781251 -0.02203613 -0.06752916
v 0.14609371 -0.02404785 -0.06752916
v 0.14781251 -0.02203613 -0.06752916
v 0.15125001 -0.02482910 -0.06647448
v 0.15125001 -0.02482910 -0.06647448
v 0.14781251 -0.02203613 -0.06752916
v 0.15312501 -0.02242676 -0.06647448
v 0.15125001 -0.02482910 -0.06647448
v 0.15312501 -0.02242676 -0.06647448
v 0.15671871 -0.02488770 -0.06499010
v 0.15671871 -0.02488770 -0.06499010
v 0.15312501 -0.02242676 -0.06647448
v 0.15843751 -0.02208496 -0.06499010
v 0.15671871 -0.02488770 -0.06499010
v 0.15843751 -0.02208496 -0.06499010
v 0.16203121 -0.02418457 -0.06313462
v 0.16203121 -0.02418457 -0.06313462
v 0.15843751 -0.02208496 -0.06499010
v 0.16375001 -0.02098145 -0.06313462
v 0.16203121 -0.02418457 -0.06313462
v 0.16375001 -0.02098145 -0.06313462
v 0.16750001 -0.02272949 -0.06088853
v 0.16750001 -0.02272949 -0.06088853
v 0.16375001 -0.02098145 -0.06313462
v 0.16906251 -0.01913574 -0.06088853
v 0.16750001 -0.02272949 -0.06088853
v 0.16906251 -0.01913574 -0.06088853
v 0.17250001 -0.02052246 -0.05827134
v 0.17250001 -0.02052246 -0.05827134
v 0.16906251 -0.01913574 -0.06088853
v 0.17390621 -0.01655762 -0.05827134
v 0.17250001 -0.02052246 -0.05827134
v 0.17390621 -0.01655762 -0.05827134
v 0.17734371 -0.01759277 -0.05532212
v 0.17734371 -0.01759277 -0.05532212
v 0.17390621 -0.01655762 -0.05827134
v 0.17843751 -0.01328613 -0.05532212
v 0.17734371 -0.01759277 -0.05532212
v 0.17843751 -0.01328613 -0.05532212
v 0.18171871 -0.01400879 -0.05206040
v 0.18171871 -0.01400879 -0.05206040
v 0.17843751 -0.01328613 -0.05532212
v 0.18250001 -0.00937988 -0.05206040
v 0.18171871 -0.01400879 -0.05206040
v 0.18250001 -0.00937988 -0.05206040
v 0.18546871 -0.00981934 -0.04850572
v 0.18546871 -0.00981934 -0.04850572
v 0.18250001 -0.00937988 -0.05206040
v 0.18593751 -0.00492676 -0.04850572
v 0.18546871 -0.00981934 -0.04850572
v 0.18593751 -0.00492676 -0.04850572
v 0.18859371 -0.00512207 -0.04469712
v 0.18859371 -0.00512207 -0.04469712
v 0.18593751 -0.00492676 -0.04850572
v 0.18875001 -0.00000488 -0.04469712
v 0.18859371 -0.00512207 -0.04469712
v 0.18875001 -0.00000488 -0.04469712
v 0.19109371 -0.00000488 -0.04065415
v 0.19109371 -0.00000488 -0.04065415
v 0.18875001 -0.00000488 -0.04469712
v 0.19078121 0.00527832 -0.04065415
v 0.19109371 -0.00000488 -0.04065415
v 0.19078121 0.00527832 -0.04065415
v 0.19265621 0.00541504 -0.03643540
v 0.19265621 0.00541504 -0.03643540
v 0.19078121 0.00527832 -0.04065415
v 0.19203121 0.01080566 -0.03643540
v 0.19265621 0.00541504 -0.03643540
v 0.19203121 0.01080566 -0.03643540
v 0.19359371 0.01103027 -0.03206040
v 0.19359371 0.01103027 -0.03206040
v 0.19203121 0.01080566 -0.03643540
v 0.19250001 0.01646973 -0.03206040
v 0.19359371 0.01103027 -0.03206040
v 0.19250001 0.01646973 -0.03206040
v 0.19359371 0.01669434 -0.02756822
v 0.19359371 0.01669434 -0.02756822
v 0.19250001 0.01646973 -0.03206040
v 0.19203121 0.02212402 -0.02756822
v 0.19359371 0.01669434 -0.02756822
v 0.19203121 0.02212402 -0.02756822
v 0.19265621 0.02230957 -0.02297838
v 0.19265621 0.02230957 -0.02297838
v 0.19203121 0.02212402 -0.02756822
v 0.19078121 0.02765137 -0.02297838
v 0.14046871 -0.01646973 -0.06836901
v 0.14421871 -0.01920410 -0.06815416
v 0.14421871 -0.01920410 -0.06815416
v 0.14781251 -0.02203613 -0.06752916
v 0.14421871 -0.01920410 -0.06815416
v 0.14937501 -0.01990723 -0.06752916
v 0.14781251 -0.02203613 -0.06752916
v 0.14937501 -0.01990723 -0.06752916
v 0.15312501 -0.02242676 -0.06647448
v 0.15312501 -0.02242676 -0.06647448
v 0.14937501 -0.01990723 -0.06752916
v 0.15468751 -0.01990723 -0.06647448
v 0.15468751 -0.01990723 -0.06647448
v 0.15843751 -0.02208496 -0.06499010
v 0.15468751 -0.01990723 -0.06647448
v 0.16000001 -0.01916504 -0.06499010
v 0.16000001 -0.01916504 -0.06499010
v 0.16375001 -0.02098145 -0.06313462
v 0.16000001 -0.01916504 -0.06499010
v 0.16515621 -0.01767090 -0.06313462
v 0.16515621 -0.01767090 -0.06313462
v 0.16906251 -0.01913574 -0.06088853
v 0.16515621 -0.01767090 -0.06313462
v 0.17031251 -0.01543457 -0.06088853
v 0.16906251 -0.01913574 -0.06088853
v 0.17031251 -0.01543457 -0.06088853
v 0.17390621 -0.01655762 -0.05827134
v 0.17390621 -0.01655762 -0.05827134
v 0.17031251 -0.01543457 -0.06088853
v 0.17500001 -0.01249512 -0.05827134
v 0.17390621 -0.01655762 -0.05827134
v 0.17500001 -0.01249512 -0.05827134
v 0.17843751 -0.01328613 -0.05532212
v 0.17843751 -0.01328613 -0.05532212
v 0.17500001 -0.01249512 -0.05827134
v 0.17921871 -0.00890137 -0.05532212
v 0.17843751 -0.01328613 -0.05532212
v 0.17921871 -0.00890137 -0.05532212
v 0.18250001 -0.00937988 -0.05206040
v 0.18250001 -0.00937988 -0.05206040
v 0.17921871 -0.00890137 -0.05532212
v 0.18296871 -0.00470215 -0.05206040
v 0.18250001 -0.00937988 -0.05206040
v 0.18296871 -0.00470215 -0.05206040
v 0.18593751 -0.00492676 -0.04850572
v 0.18593751 -0.00492676 -0.04850572
v 0.18296871 -0.00470215 -0.05206040
v 0.18609371 -0.00000488 -0.04850572
v 0.18609371 -0.00000488 -0.04850572
v 0.18875001 -0.00000488 -0.04469712
v 0.18609371 -0.00000488 -0.04850572
v 0.18859371 0.00511231 -0.04469712
v 0.18875001 -0.00000488 -0.04469712
v 0.18859371 0.00511231 -0.04469712
v 0.19078121 0.00527832 -0.04065415
v 0.19078121 0.00527832 -0.04065415
v 0.18859371 0.00511231 -0.04469712
v 0.19031251 0.01053223 -0.04065415
v 0.19078121 0.00527832 -0.04065415
v 0.19031251 0.01053223 -0.04065415
v 0.19203121 0.01080566 -0.03643540
v 0.19203121 0.01080566 -0.03643540
v 0.19031251 0.01053223 -0.04065415
v 0.19109371 0.01613770 -0.03643540
v 0.19203121 0.01080566 -0.03643540
v 0.19109371 0.01613770 -0.03643540
v 0.19250001 0.01646973 -0.03206040
v 0.19250001 0.01646973 -0.03206040
v 0.19109371 0.01613770 -0.03643540
v 0.19109371 0.02181152 -0.03206040
v 0.19250001 0.01646973 -0.03206040
v 0.19109371 0.02181152 -0.03206040
v 0.19203121 0.02212402 -0.02756822
v 0.19203121 0.02212402 -0.02756822
v 0.19109371 0.02181152 -0.03206040
v 0.19031251 0.02742676 -0.02756822
v 0.19203121 0.02212402 -0.02756822
v 0.19031251 0.02742676 -0.02756822
v 0.19078121 0.02765137 -0.02297838
v 0.19078121 0.02765137 -0.02297838
v 0.19031251 0.02742676 -0.02756822
v 0.18859371 0.03284668 -0.02297838
v 0.14421871 -0.01920410 -0.06815416
v 0.14046871 -0.01646973 -0.06836901
v 0.14562501 -0.01734863 -0.06815416
v 0.14234371 -0.01383301 -0.06836901
v 0.14562501 -0.01734863 -0.06815416
v 0.14234371 -0.01383301 -0.06836901
v 0.14671871 -0.01539551 -0.06815416
v 0.14390621 -0.01098145 -0.06836901
v 0.14781251 -0.01335449 -0.06815416
v 0.14875001 -0.01124512 -0.06815416
v 0.14781251 -0.01335449 -0.06815416
v 0.14875001 -0.01124512 -0.06815416
v 0.15296871 -0.01290527 -0.06752916
v 0.15296871 -0.01290527 -0.06752916
v 0.14875001 -0.01124512 -0.06815416
v 0.15390621 -0.01041504 -0.06752916
v 0.15296871 -0.01290527 -0.06752916
v 0.15390621 -0.01041504 -0.06752916
v 0.15812501 -0.01173340 -0.06647448
v 0.15812501 -0.01173340 -0.06647448
v 0.15390621 -0.01041504 -0.06752916
v 0.15890621 -0.00885254 -0.06647448
v 0.15812501 -0.01173340 -0.06647448
v 0.15890621 -0.00885254 -0.06647448
v 0.16328121 -0.00982910 -0.06499010
v 0.16328121 -0.00982910 -0.06499010
v 0.15890621 -0.00885254 -0.06647448
v 0.16390621 -0.00657715 -0.06499010
v 0.16328121 -0.00982910 -0.06499010
v 0.16390621 -0.00657715 -0.06499010
v 0.16796871 -0.00721191 -0.06313462
v 0.16796871 -0.00721191 -0.06313462
v 0.16390621 -0.00657715 -0.06499010
v 0.16843751 -0.00361816 -0.06313462
v 0.16796871 -0.00721191 -0.06313462
v 0.16843751 -0.00361816 -0.06313462
v 0.17250001 -0.00391113 -0.06088853
v 0.17250001 -0.00391113 -0.06088853
v 0.16843751 -0.00361816 -0.06313462
v 0.17265621 -0.00000488 -0.06088853
v 0.17250001 -0.00391113 -0.06088853
v 0.17265621 -0.00000488 -0.06088853
v 0.17640621 -0.00000488 -0.05827134
v 0.17640621 -0.00000488 -0.05827134
v 0.17265621 -0.00000488 -0.06088853
v 0.17625001 0.00419434 -0.05827134
v 0.17640621 -0.00000488 -0.05827134
v 0.17625001 0.00419434 -0.05827134
v 0.17984371 0.00445801 -0.05532212
v 0.17984371 0.00445801 -0.05532212
v 0.17625001 0.00419434 -0.05827134
v 0.17921871 0.00889160 -0.05532212
v 0.17984371 0.00445801 -0.05532212
v 0.17921871 0.00889160 -0.05532212
v 0.18250001 0.00937988 -0.05206040
v 0.18250001 0.00937988 -0.05206040
v 0.17921871 0.00889160 -0.05532212
v 0.18171871 0.01399902 -0.05206040
v 0.18250001 0.00937988 -0.05206040
v 0.18171871 0.01399902 -0.05206040
v 0.18453121 0.01465332 -0.04850572
v 0.18453121 0.01465332 -0.04850572
v 0.18171871 0.01399902 -0.05206040
v 0.18328121 0.01940918 -0.04850572
v 0.18453121 0.01465332 -0.04850572
v 0.18328121 0.01940918 -0.04850572
v 0.18578121 0.02018066 -0.04469712
v 0.18578121 0.02018066 -0.04469712
v 0.18328121 0.01940918 -0.04850572
v 0.18406251 0.02501465 -0.04469712
v 0.18578121 0.02018066 -0.04469712
v 0.18406251 0.02501465 -0.04469712
v 0.18609371 0.02582520 -0.04065415
v 0.18609371 0.02582520 -0.04065415
v 0.18406251 0.02501465 -0.04469712
v 0.18406251 0.03067871 -0.04065415
v 0.18609371 0.02582520 -0.04065415
v 0.18406251 0.03067871 -0.04065415
v 0.18578121 0.03147949 -0.03643540
v 0.18578121 0.03147949 -0.03643540
v 0.18406251 0.03067871 -0.04065415
v 0.18328121 0.03628418 -0.03643540
v 0.18578121 0.03147949 -0.03643540
v 0.18328121 0.03628418 -0.03643540
v 0.18453121 0.03701660 -0.03206040
v 0.18453121 0.03701660 -0.03206040
v 0.18328121 0.03628418 -0.03643540
v 0.18156251 0.04171387 -0.03206040
v 0.18453121 0.03701660 -0.03206040
v 0.18156251 0.04171387 -0.03206040
v 0.18250001 0.04229980 -0.02756822
v 0.18250001 0.04229980 -0.02756822
v 0.18156251 0.04171387 -0.03206040
v 0.17906251 0.04683105 -0.02756822
v 0.18250001 0.04229980 -0.02756822
v 0.17906251 0.04683105 -0.02756822
v 0.17968751 0.04723144 -0.02297838
v 0.17968751 0.04723144 -0.02297838
v 0.17906251 0.04683105 -0.02756822
v 0.17593751 0.05152832 -0.02297838
v 0.14500001 -0.00796387 -0.06836901
v 0.14953121 -0.00907715 -0.06815416
v 0.14953121 -0.00907715 -0.06815416
v 0.15390621 -0.01041504 -0.06752916
v 0.14953121 -0.00907715 -0.06815416
v 0.15453121 -0.00786621 -0.06752916
v 0.15390621 -0.01041504 -0.06752916
v 0.15453121 -0.00786621 -0.06752916
v 0.15890621 -0.00885254 -0.06647448
v 0.15953121 -0.00593262 -0.06647448
v 0.15890621 -0.00885254 -0.06647448
v 0.15953121 -0.00593262 -0.06647448
v 0.16390621 -0.00657715 -0.06499010
v 0.16390621 -0.00657715 -0.06499010
v 0.15953121 -0.00593262 -0.06647448
v 0.16421871 -0.00330566 -0.06499010
v 0.16390621 -0.00657715 -0.06499010
v 0.16421871 -0.00330566 -0.06499010
v 0.16843751 -0.00361816 -0.06313462
v 0.16843751 -0.00361816 -0.06313462
v 0.16421871 -0.00330566 -0.06499010
v 0.16859371 -0.00000488 -0.06313462
v 0.16843751 -0.00361816 -0.06313462
v 0.16859371 -0.00000488 -0.06313462
v 0.17265621 -0.00000488 -0.06088853
v 0.17265621 -0.00000488 -0.06088853
v 0.16859371 -0.00000488 -0.06313462
v 0.17250001 0.00391113 -0.06088853
v 0.17250001 0.00391113 -0.06088853
v 0.17625001 0.00419434 -0.05827134
v 0.17250001 0.00391113 -0.06088853
v 0.17578121 0.00836426 -0.05827134
v 0.17625001 0.00419434 -0.05827134
v 0.17578121 0.00836426 -0.05827134
v 0.17921871 0.00889160 -0.05532212
v 0.17921871 0.00889160 -0.05532212
v 0.17578121 0.00836426 -0.05827134
v 0.17843751 0.01327637 -0.05532212
v 0.17921871 0.00889160 -0.05532212
v 0.17843751 0.01327637 -0.05532212
v 0.18171871 0.01399902 -0.05206040
v 0.18171871 0.01399902 -0.05206040
v 0.17843751 0.01327637 -0.05532212
v 0.18046871 0.01854981 -0.05206040
v 0.18171871 0.01399902 -0.05206040
v 0.18046871 0.01854981 -0.05206040
v 0.18328121 0.01940918 -0.04850572
v 0.18328121 0.01940918 -0.04850572
v 0.18046871 0.01854981 -0.05206040
v 0.18156251 0.02406738 -0.04850572
v 0.18328121 0.01940918 -0.04850572
v 0.18156251 0.02406738 -0.04850572
v 0.18406251 0.02501465 -0.04469712
v 0.18406251 0.02501465 -0.04469712
v 0.18156251 0.02406738 -0.04850572
v 0.18203121 0.02971191 -0.04469712
v 0.18406251 0.02501465 -0.04469712
v 0.18203121 0.02971191 -0.04469712
v 0.18406251 0.03067871 -0.04065415
v 0.18406251 0.03067871 -0.04065415
v 0.18203121 0.02971191 -0.04469712
v 0.18156251 0.03535644 -0.04065415
v 0.18406251 0.03067871 -0.04065415
v 0.18156251 0.03535644 -0.04065415
v 0.18328121 0.03628418 -0.03643540
v 0.18328121 0.03628418 -0.03643540
v 0.18156251 0.03535644 -0.04065415
v 0.18031251 0.04088379 -0.03643540
v 0.18328121 0.03628418 -0.03643540
v 0.18031251 0.04088379 -0.03643540
v 0.18156251 0.04171387 -0.03206040
v 0.18156251 0.04171387 -0.03206040
v 0.18031251 0.04088379 -0.03643540
v 0.17828121 0.04617676 -0.03206040
v 0.18156251 0.04171387 -0.03206040
v 0.17828121 0.04617676 -0.03206040
v 0.17906251 0.04683105 -0.02756822
v 0.17906251 0.04683105 -0.02756822
v 0.17828121 0.04617676 -0.03206040
v 0.17546871 0.05109863 -0.02756822
v 0.17906251 0.04683105 -0.02756822
v 0.17546871 0.05109863 -0.02756822
v 0.17593751 0.05152832 -0.02297838
v 0.17593751 0.05152832 -0.02297838
v 0.17546871 0.05109863 -0.02756822
v 0.17203121 0.05555176 -0.02297838
v 0.14953121 -0.00907715 -0.06815416
v 0.14500001 -0.00796387 -0.06836901
v 0.15015621 -0.00685059 -0.06815416
v 0.14578121 -0.00482910 -0.06836901
v 0.15015621 -0.00685059 -0.06815416
v 0.14578121 -0.00482910 -0.06836901
v 0.15046871 -0.00458496 -0.06815416
v 0.14625001 -0.00161621 -0.06836901
v 0.15078121 -0.00229981 -0.06815416
v 0.15078121 -0.00229981 -0.06815416
v 0.14625001 -0.00161621 -0.06836901
v 0.15093751 -0.00000488 -0.06815416
v 0.15078121 -0.00229981 -0.06815416
v 0.15093751 -0.00000488 -0.06815416
v 0.15546871 -0.00000488 -0.06752916
v 0.15546871 -0.00000488 -0.06752916
v 0.15093751 -0.00000488 -0.06815416
v 0.15531251 0.00263184 -0.06752916
v 0.15546871 -0.00000488 -0.06752916
v 0.15531251 0.00263184 -0.06752916
v 0.15984371 0.00297363 -0.06647448
v 0.15984371 0.00297363 -0.06647448
v 0.15531251 0.00263184 -0.06752916
v 0.15953121 0.00592285 -0.06647448
v 0.15984371 0.00297363 -0.06647448
v 0.15953121 0.00592285 -0.06647448
v 0.16390621 0.00657715 -0.06499010
v 0.16390621 0.00657715 -0.06499010
v 0.15953121 0.00592285 -0.06647448
v 0.16328121 0.00981934 -0.06499010
v 0.16390621 0.00657715 -0.06499010
v 0.16328121 0.00981934 -0.06499010
v 0.16734371 0.01075684 -0.06313462
v 0.16734371 0.01075684 -0.06313462
v 0.16328121 0.00981934 -0.06499010
v 0.16640621 0.01424316 -0.06313462
v 0.16734371 0.01075684 -0.06313462
v 0.16640621 0.01424316 -0.06313462
v 0.17031251 0.01543457 -0.06088853
v 0.17031251 0.01543457 -0.06088853
v 0.16640621 0.01424316 -0.06313462
v 0.16906251 0.01912598 -0.06088853
v 0.17031251 0.01543457 -0.06088853
v 0.16906251 0.01912598 -0.06088853
v 0.17250001 0.02051270 -0.05827134
v 0.17250001 0.02051270 -0.05827134
v 0.16906251 0.01912598 -0.06088853
v 0.17093751 0.02436035 -0.05827134
v 0.17250001 0.02051270 -0.05827134
v 0.17093751 0.02436035 -0.05827134
v 0.17406251 0.02589356 -0.05532212
v 0.17406251 0.02589356 -0.05532212
v 0.17093751 0.02436035 -0.05827134
v 0.17203121 0.02984863 -0.05532212
v 0.17406251 0.02589356 -0.05532212
v 0.17203121 0.02984863 -0.05532212
v 0.17484371 0.03146973 -0.05206040
v 0.17484371 0.03146973 -0.05206040
v 0.17203121 0.02984863 -0.05532212
v 0.17234371 0.03546387 -0.05206040
v 0.17484371 0.03146973 -0.05206040
v 0.17234371 0.03546387 -0.05206040
v 0.17484371 0.03712402 -0.04850572
v 0.17484371 0.03712402 -0.04850572
v 0.17234371 0.03546387 -0.05206040
v 0.17187501 0.04108887 -0.04850572
v 0.17484371 0.03712402 -0.04850572
v 0.17187501 0.04108887 -0.04850572
v 0.17390621 0.04270996 -0.04469712
v 0.17390621 0.04270996 -0.04469712
v 0.17187501 0.04108887 -0.04850572
v 0.17062501 0.04660644 -0.04469712
v 0.17390621 0.04270996 -0.04469712
v 0.17062501 0.04660644 -0.04469712
v 0.17218751 0.04812988 -0.04065415
v 0.17218751 0.04812988 -0.04065415
v 0.17062501 0.04660644 -0.04469712
v 0.16859371 0.05187988 -0.04065415
v 0.17218751 0.04812988 -0.04065415
v 0.16859371 0.05187988 -0.04065415
v 0.16984371 0.05324707 -0.03643540
v 0.16984371 0.05324707 -0.03643540
v 0.16859371 0.05187988 -0.04065415
v 0.16578121 0.05680176 -0.03643540
v 0.16984371 0.05324707 -0.03643540
v 0.16578121 0.05680176 -0.03643540
v 0.16656251 0.05794433 -0.03206040
v 0.16656251 0.05794433 -0.03206040
v 0.16578121 0.05680176 -0.03643540
v 0.16218751 0.06125488 -0.03206040
v 0.16656251 0.05794433 -0.03206040
v 0.16218751 0.06125488 -0.03206040
v 0.16281251 0.06212402 -0.02756822
v 0.16281251 0.06212402 -0.02756822
v 0.16218751 0.06125488 -0.03206040
v 0.15812501 0.06513185 -0.02756822
v 0.16281251 0.06212402 -0.02756822
v 0.15812501 0.06513185 -0.02756822
v 0.15843751 0.06568848 -0.02297838
v 0.15843751 0.06568848 -0.02297838
v 0.15812501 0.06513185 -0.02756822
v 0.15343751 0.06836426 -0.02297838
v 0.14625001 0.00161621 -0.06836901
v 0.15078121 0.00229981 -0.06815416
v 0.15078121 0.00229981 -0.06815416
v 0.15531251 0.00263184 -0.06752916
v 0.15078121 0.00229981 -0.06815416
v 0.15500001 0.00525879 -0.06752916
v 0.15531251 0.00263184 -0.06752916
v 0.15500001 0.00525879 -0.06752916
v 0.15953121 0.00592285 -0.06647448
v 0.15953121 0.00592285 -0.06647448
v 0.15500001 0.00525879 -0.06752916
v 0.15890621 0.00885254 -0.06647448
v 0.15953121 0.00592285 -0.06647448
v 0.15890621 0.00885254 -0.06647448
v 0.16328121 0.00981934 -0.06499010
v 0.16328121 0.00981934 -0.06499010
v 0.15890621 0.00885254 -0.06647448
v 0.16234371 0.01301270 -0.06499010
v 0.16328121 0.00981934 -0.06499010
v 0.16234371 0.01301270 -0.06499010
v 0.16640621 0.01424316 -0.06313462
v 0.16640621 0.01424316 -0.06313462
v 0.16234371 0.01301270 -0.06499010
v 0.16515621 0.01766113 -0.06313462
v 0.16640621 0.01424316 -0.06313462
v 0.16515621 0.01766113 -0.06313462
v 0.16906251 0.01912598 -0.06088853
v 0.16906251 0.01912598 -0.06088853
v 0.16515621 0.01766113 -0.06313462
v 0.16750001 0.02271973 -0.06088853
v 0.16906251 0.01912598 -0.06088853
v 0.16750001 0.02271973 -0.06088853
v 0.17093751 0.02436035 -0.05827134
v 0.17093751 0.02436035 -0.05827134
v 0.16750001 0.02271973 -0.06088853
v 0.16890621 0.02808106 -0.05827134
v 0.17093751 0.02436035 -0.05827134
v 0.16890621 0.02808106 -0.05827134
v 0.17203121 0.02984863 -0.05532212
v 0.17203121 0.02984863 -0.05532212
v 0.16890621 0.02808106 -0.05827134
v 0.16968751 0.03363769 -0.05532212
v 0.17203121 0.02984863 -0.05532212
v 0.16968751 0.03363769 -0.05532212
v 0.17234371 0.03546387 -0.05206040
v 0.17234371 0.03546387 -0.05206040
v 0.16968751 0.03363769 -0.05532212
v 0.16953121 0.03926269 -0.05206040
v 0.17234371 0.03546387 -0.05206040
v 0.16953121 0.03926269 -0.05206040
v 0.17187501 0.04108887 -0.04850572
v 0.17187501 0.04108887 -0.04850572
v 0.16953121 0.03926269 -0.05206040
v 0.16875001 0.04483887 -0.04850572
v 0.17187501 0.04108887 -0.04850572
v 0.16875001 0.04483887 -0.04850572
v 0.17062501 0.04660644 -0.04469712
v 0.17062501 0.04660644 -0.04469712
v 0.16875001 0.04483887 -0.04850572
v 0.16703121 0.05023926 -0.04469712
v 0.17062501 0.04660644 -0.04469712
v 0.16703121 0.05023926 -0.04469712
v 0.16859371 0.05187988 -0.04065415
v 0.16859371 0.05187988 -0.04065415
v 0.16703121 0.05023926 -0.04469712
v 0.16453121 0.05534668 -0.04065415
v 0.16859371 0.05187988 -0.04065415
v 0.16453121 0.05534668 -0.04065415
v 0.16578121 0.05680176 -0.03643540
v 0.16578121 0.05680176 -0.03643540
v 0.16453121 0.05534668 -0.04065415
v 0.16140621 0.06004394 -0.03643540
v 0.16578121 0.05680176 -0.03643540
v 0.16140621 0.06004394 -0.03643540
v 0.16218751 0.06125488 -0.03206040
v 0.16218751 0.06125488 -0.03206040
v 0.16140621 0.06004394 -0.03643540
v 0.15750001 0.06422364 -0.03206040
v 0.16218751 0.06125488 -0.03206040
v 0.15750001 0.06422364 -0.03206040
v 0.15812501 0.06513185 -0.02756822
v 0.15812501 0.06513185 -0.02756822
v 0.15750001 0.06422364 -0.03206040
v 0.15312501 0.06778810 -0.02756822
v 0.15812501 0.06513185 -0.02756822
v 0.15312501 0.06778810 -0.02756822
v 0.15343751 0.06836426 -0.02297838
v 0.15343751 0.06836426 -0.02297838
v 0.15312501 0.06778810 -0.02756822
v 0.14828121 0.07065918 -0.02297838
v 0.15078121 0.00229981 -0.06815416
v 0.14625001 0.00161621 -0.06836901
v 0.15046871 0.00458496 -0.06815416
v 0.14578121 0.00481934 -0.06836901
v 0.15015621 0.00684082 -0.06815416
v 0.15015621 0.00684082 -0.06815416
v 0.14578121 0.00481934 -0.06836901
v 0.14500001 0.00795410 -0.06836901
v 0.14953121 0.00906738 -0.06815416
v 0.14953121 0.00906738 -0.06815416
v 0.14500001 0.00795410 -0.06836901
v 0.14875001 0.01123535 -0.06815416
v 0.14953121 0.00906738 -0.06815416
v 0.14875001 0.01123535 -0.06815416
v 0.15296871 0.01290527 -0.06752916
v 0.15203121 0.01532715 -0.06752916
v 0.15296871 0.01290527 -0.06752916
v 0.15203121 0.01532715 -0.06752916
v 0.15609371 0.01726074 -0.06647448
v 0.15609371 0.01726074 -0.06647448
v 0.15203121 0.01532715 -0.06752916
v 0.15468751 0.01989746 -0.06647448
v 0.15609371 0.01726074 -0.06647448
v 0.15468751 0.01989746 -0.06647448
v 0.15843751 0.02207520 -0.06499010
v 0.15843751 0.02207520 -0.06499010
v 0.15468751 0.01989746 -0.06647448
v 0.15671871 0.02487793 -0.06499010
v 0.15843751 0.02207520 -0.06499010
v 0.15671871 0.02487793 -0.06499010
v 0.16015621 0.02725098 -0.06313462
v 0.16015621 0.02725098 -0.06313462
v 0.15671871 0.02487793 -0.06499010
v 0.15812501 0.03016113 -0.06313462
v 0.16015621 0.02725098 -0.06313462
v 0.15812501 0.03016113 -0.06313462
v 0.16125001 0.03267090 -0.06088853
v 0.16125001 0.03267090 -0.06088853
v 0.15812501 0.03016113 -0.06313462
v 0.15875001 0.03563965 -0.06088853
v 0.16125001 0.03267090 -0.06088853
v 0.15875001 0.03563965 -0.06088853
v 0.16140621 0.03822754 -0.05827134
v 0.16140621 0.03822754 -0.05827134
v 0.15875001 0.03563965 -0.06088853
v 0.15859371 0.04120605 -0.05827134
v 0.16140621 0.03822754 -0.05827134
v 0.15859371 0.04120605 -0.05827134
v 0.16093751 0.04379394 -0.05532212
v 0.16093751 0.04379394 -0.05532212
v 0.15859371 0.04120605 -0.05827134
v 0.15765621 0.04672363 -0.05532212
v 0.16093751 0.04379394 -0.05532212
v 0.15765621 0.04672363 -0.05532212
v 0.15968751 0.04927246 -0.05206040
v 0.15968751 0.04927246 -0.05206040
v 0.15765621 0.04672363 -0.05532212
v 0.15593751 0.05208496 -0.05206040
v 0.15968751 0.04927246 -0.05206040
v 0.15593751 0.05208496 -0.05206040
v 0.15750001 0.05450683 -0.04850572
v 0.15750001 0.05450683 -0.04850572
v 0.15593751 0.05208496 -0.05206040
v 0.15343751 0.05715332 -0.04850572
v 0.15750001 0.05450683 -0.04850572
v 0.15343751 0.05715332 -0.04850572
v 0.15468751 0.05940918 -0.04469712
v 0.15468751 0.05940918 -0.04469712
v 0.15343751 0.05715332 -0.04850572
v 0.15015621 0.06183105 -0.04469712
v 0.15468751 0.05940918 -0.04469712
v 0.15015621 0.06183105 -0.04469712
v 0.15125001 0.06384277 -0.04065415
v 0.15125001 0.06384277 -0.04065415
v 0.15015621 0.06183105 -0.04469712
v 0.14640621 0.06599121 -0.04065415
v 0.15125001 0.06384277 -0.04065415
v 0.14640621 0.06599121 -0.04065415
v 0.14703121 0.06771973 -0.03643540
v 0.14703121 0.06771973 -0.03643540
v 0.14640621 0.06599121 -0.04065415
v 0.14187501 0.06954590 -0.03643540
v 0.14703121 0.06771973 -0.03643540
v 0.14187501 0.06954590 -0.03643540
v 0.14234371 0.07095215 -0.03206040
v 0.14234371 0.07095215 -0.03206040
v 0.14187501 0.06954590 -0.03643540
v 0.13703121 0.07241700 -0.03206040
v 0.14234371 0.07095215 -0.03206040
v 0.13703121 0.07241700 -0.03206040
v 0.13734371 0.07345215 -0.02756822
v 0.14390621 0.01097168 -0.06836901
v 0.14781251 0.01335449 -0.06815416
v 0.14875001 0.01123535 -0.06815416
v 0.14781251 0.01335449 -0.06815416
v 0.15203121 0.01532715 -0.06752916
v 0.15203121 0.01532715 -0.06752916
v 0.14781251 0.01335449 -0.06815416
v 0.15078121 0.01766113 -0.06752916
v 0.15078121 0.01766113 -0.06752916
v 0.15468751 0.01989746 -0.06647448
v 0.15078121 0.01766113 -0.06752916
v 0.15312501 0.02242676 -0.06647448
v 0.15468751 0.01989746 -0.06647448
v 0.15312501 0.02242676 -0.06647448
v 0.15671871 0.02487793 -0.06499010
v 0.15671871 0.02487793 -0.06499010
v 0.15312501 0.02242676 -0.06647448
v 0.15468751 0.02754395 -0.06499010
v 0.15671871 0.02487793 -0.06499010
v 0.15468751 0.02754395 -0.06499010
v 0.15812501 0.03016113 -0.06313462
v 0.15812501 0.03016113 -0.06313462
v 0.15468751 0.02754395 -0.06499010
v 0.15578121 0.03291504 -0.06313462
v 0.15812501 0.03016113 -0.06313462
v 0.15578121 0.03291504 -0.06313462
v 0.15875001 0.03563965 -0.06088853
v 0.15875001 0.03563965 -0.06088853
v 0.15578121 0.03291504 -0.06313462
v 0.15593751 0.03842285 -0.06088853
v 0.15875001 0.03563965 -0.06088853
v 0.15593751 0.03842285 -0.06088853
v 0.15859371 0.04120605 -0.05827134
v 0.15859371 0.04120605 -0.05827134
v 0.15593751 0.03842285 -0.06088853
v 0.15531251 0.04395996 -0.05827134
v 0.15859371 0.04120605 -0.05827134
v 0.15531251 0.04395996 -0.05827134
v 0.15765621 0.04672363 -0.05532212
v 0.15765621 0.04672363 -0.05532212
v 0.15531251 0.04395996 -0.05827134
v 0.15406251 0.04939941 -0.05532212
v 0.15406251 0.04939941 -0.05532212
v 0.15593751 0.05208496 -0.05206040
v 0.15406251 0.04939941 -0.05532212
v 0.15187501 0.05460449 -0.05206040
v 0.15593751 0.05208496 -0.05206040
v 0.15187501 0.05460449 -0.05206040
v 0.15343751 0.05715332 -0.04850572
v 0.15343751 0.05715332 -0.04850572
v 0.15187501 0.05460449 -0.05206040
v 0.14906251 0.05948730 -0.04850572
v 0.14906251 0.05948730 -0.04850572
v 0.15015621 0.06183105 -0.04469712
v 0.14906251 0.05948730 -0.04850572
v 0.14546871 0.06390137 -0.04469712
v 0.14546871 0.06390137 -0.04469712
v 0.14640621 0.06599121 -0.04065415
v 0.14546871 0.06390137 -0.04469712
v 0.14140621 0.06776857 -0.04065415
v 0.14140621 0.06776857 -0.04065415
v 0.14187501 0.06954590 -0.03643540
v 0.14140621 0.06776857 -0.04065415
v 0.13671871 0.07099121 -0.03643540
v 0.14187501 0.06954590 -0.03643540
v 0.13671871 0.07099121 -0.03643540
v 0.13703121 0.07241700 -0.03206040
v 0.14671871 0.01538574 -0.06815416
v 0.14234371 0.01382324 -0.06836901
v 0.14562501 0.01733887 -0.06815416
v 0.14562501 0.01733887 -0.06815416
v 0.14234371 0.01382324 -0.06836901
v 0.14046871 0.01646973 -0.06836901
v 0.14421871 0.01919434 -0.06815416
v 0.14421871 0.01919434 -0.06815416
v 0.14046871 0.01646973 -0.06836901
v 0.14265621 0.02094238 -0.06815416
v 0.14421871 0.01919434 -0.06815416
v 0.14265621 0.02094238 -0.06815416
v 0.14609371 0.02403809 -0.06752916
v 0.14421871 0.02592285 -0.06752916
v 0.14609371 0.02403809 -0.06752916
v 0.14421871 0.02592285 -0.06752916
v 0.14734371 0.02920410 -0.06647448
v 0.14734371 0.02920410 -0.06647448
v 0.14421871 0.02592285 -0.06752916
v 0.14500001 0.03114746 -0.06647448
v 0.14734371 0.02920410 -0.06647448
v 0.14500001 0.03114746 -0.06647448
v 0.14781251 0.03456543 -0.06499010
v 0.14781251 0.03456543 -0.06499010
v 0.14500001 0.03114746 -0.06647448
v 0.14515621 0.03653808 -0.06499010
v 0.14781251 0.03456543 -0.06499010
v 0.14515621 0.03653808 -0.06499010
v 0.14750001 0.04001465 -0.06313462
v 0.14750001 0.04001465 -0.06313462
v 0.14515621 0.03653808 -0.06499010
v 0.14453121 0.04195801 -0.06313462
v 0.14750001 0.04001465 -0.06313462
v 0.14453121 0.04195801 -0.06313462
v 0.14656251 0.04543457 -0.06088853
v 0.14656251 0.04543457 -0.06088853
v 0.14453121 0.04195801 -0.06313462
v 0.14312501 0.04729004 -0.06088853
v 0.14656251 0.04543457 -0.06088853
v 0.14312501 0.04729004 -0.06088853
v 0.14468751 0.05070801 -0.05827134
v 0.14468751 0.05070801 -0.05827134
v 0.14312501 0.04729004 -0.06088853
v 0.14093751 0.05241699 -0.05827134
v 0.14468751 0.05070801 -0.05827134
v 0.14093751 0.05241699 -0.05827134
v 0.14218751 0.05570801 -0.05532212
v 0.14218751 0.05570801 -0.05532212
v 0.14093751 0.05241699 -0.05827134
v 0.13796871 0.05721191 -0.05532212
v 0.14218751 0.05570801 -0.05532212
v 0.13796871 0.05721191 -0.05532212
v 0.13906251 0.06032715 -0.05206040
v 0.13906251 0.06032715 -0.05206040
v 0.13796871 0.05721191 -0.05532212
v 0.13453121 0.06157715 -0.05206040
v 0.13906251 0.06032715 -0.05206040
v 0.13453121 0.06157715 -0.05206040
v 0.13515621 0.06444825 -0.04850572
v 0.13828121 0.01886231 -0.06836901
v 0.14109371 0.02258301 -0.06815416
v 0.14109371 0.02258301 -0.06815416
v 0.14421871 0.02592285 -0.06752916
v 0.14109371 0.02258301 -0.06815416
v 0.14218751 0.02765137 -0.06752916
v 0.14218751 0.02765137 -0.06752916
v 0.14500001 0.03114746 -0.06647448
v 0.14218751 0.02765137 -0.06752916
v 0.14265621 0.03293457 -0.06647448
v 0.14265621 0.03293457 -0.06647448
v 0.14515621 0.03653808 -0.06499010
v 0.14265621 0.03293457 -0.06647448
v 0.14234371 0.03830566 -0.06499010
v 0.14515621 0.03653808 -0.06499010
v 0.14234371 0.03830566 -0.06499010
v 0.14453121 0.04195801 -0.06313462
v 0.14453121 0.04195801 -0.06313462
v 0.14234371 0.03830566 -0.06499010
v 0.14125001 0.04365723 -0.06313462
v 0.14453121 0.04195801 -0.06313462
v 0.14125001 0.04365723 -0.06313462
v 0.14312501 0.04729004 -0.06088853
v 0.14312501 0.04729004 -0.06088853
v 0.14125001 0.04365723 -0.06313462
v 0.13953121 0.04887207 -0.06088853
v 0.14312501 0.04729004 -0.06088853
v 0.13953121 0.04887207 -0.06088853
v 0.14093751 0.05241699 -0.05827134
v 0.14093751 0.05241699 -0.05827134
v 0.13953121 0.04887207 -0.06088853
v 0.13703121 0.05382324 -0.05827134
v 0.14093751 0.05241699 -0.05827134
v 0.13703121 0.05382324 -0.05827134
v 0.13796871 0.05721191 -0.05532212
v 0.13796871 0.05721191 -0.05532212
v 0.13703121 0.05382324 -0.05827134
v 0.13375001 0.05840332 -0.05532212
v 0.13375001 0.05840332 -0.05532212
v 0.13937501 0.02408691 -0.06815416
v 0.13578121 0.02097168 -0.06836901
v 0.13937501 0.02408691 -0.06815416
v 0.13578121 0.02097168 -0.06836901
v 0.13750001 0.02546387 -0.06815416
v 0.13312501 0.02275879 -0.06836901
v 0.13562501 0.02670410 -0.06815416
v 0.13562501 0.02670410 -0.06815416
v 0.13312501 0.02275879 -0.06836901
v 0.13359371 0.02778809 -0.06815416
v 0.13562501 0.02670410 -0.06815416
v 0.13359371 0.02778809 -0.06815416
v 0.13562501 0.03189941 -0.06752916
v 0.13562501 0.03189941 -0.06752916
v 0.13359371 0.02778809 -0.06815416
v 0.13312501 0.03296387 -0.06752916
v 0.13562501 0.03189941 -0.06752916
v 0.13312501 0.03296387 -0.06752916
v 0.13484371 0.03714355 -0.06647448
v 0.13484371 0.03714355 -0.06647448
v 0.13312501 0.03296387 -0.06752916
v 0.13203121 0.03813965 -0.06647448
v 0.13484371 0.03714355 -0.06647448
v 0.13203121 0.03813965 -0.06647448
v 0.13328121 0.04231933 -0.06499010
v 0.13328121 0.04231933 -0.06499010
v 0.13203121 0.03813965 -0.06647448
v 0.13015621 0.04319824 -0.06499010
v 0.13328121 0.04231933 -0.06499010
v 0.13015621 0.04319824 -0.06499010
v 0.13109371 0.04730957 -0.06313462
v 0.13031251 0.02421387 -0.06836901
v 0.13140621 0.02872559 -0.06815416
v 0.13140621 0.02872559 -0.06815416
v 0.13312501 0.03296387 -0.06752916
v 0.13140621 0.02872559 -0.06815416
v 0.13062501 0.03385254 -0.06752916
v 0.13062501 0.03385254 -0.06752916
v 0.13203121 0.03813965 -0.06647448
v 0.13062501 0.03385254 -0.06752916
v 0.12906251 0.03893066 -0.06647448
v 0.13203121 0.03813965 -0.06647448
v 0.12906251 0.03893066 -0.06647448
v 0.13015621 0.04319824 -0.06499010
v 0.12921871 0.02949707 -0.06815416
v 0.12718751 0.02529785 -0.06836901
v 0.12921871 0.02949707 -0.06815416
v 0.13734371 0.07345215 -0.02756822
v 0.13750001 0.07406739 -0.02297838
v 0.14265621 0.07195801 -0.02756822
v 0.14265621 0.07195801 -0.02756822
v 0.13750001 0.07406739 -0.02297838
v 0.14296871 0.07256348 -0.02297838
v 0.14265621 0.07195801 -0.02756822
v 0.14296871 0.07256348 -0.02297838
v 0.14796871 0.07006348 -0.02756822
v 0.14796871 0.07006348 -0.02756822
v 0.14296871 0.07256348 -0.02297838
v 0.14828121 0.07065918 -0.02297838
v 0.14796871 0.07006348 -0.02756822
v 0.14828121 0.07065918 -0.02297838
v 0.15312501 0.06778810 -0.02756822
v 0.13671871 0.07099121 -0.03643540
v 0.14140621 0.06776857 -0.04065415
v 0.13625001 0.06917482 -0.04065415
v 0.13625001 0.06917482 -0.04065415
v 0.14140621 0.06776857 -0.04065415
v 0.14062501 0.06562989 -0.04469712
v 0.13625001 0.06917482 -0.04065415
v 0.14062501 0.06562989 -0.04469712
v 0.13578121 0.06698732 -0.04469712
v 0.13578121 0.06698732 -0.04469712
v 0.14062501 0.06562989 -0.04469712
v 0.13984371 0.06313965 -0.04850572
v 0.13515621 0.06444825 -0.04850572
v 0.13515621 0.06444825 -0.04850572
v 0.13984371 0.06313965 -0.04850572
v 0.13906251 0.06032715 -0.05206040
v 0.13296871 0.05494629 -0.05827134
v 0.13296871 0.05494629 -0.05827134
v 0.13703121 0.05382324 -0.05827134
v 0.13578121 0.05019043 -0.06088853
v 0.13203121 0.05123535 -0.06088853
v 0.13203121 0.05123535 -0.06088853
v 0.13578121 0.05019043 -0.06088853
v 0.13453121 0.04634277 -0.06313462
v 0.13109371 0.04730957 -0.06313462
v 0.13453121 0.04634277 -0.06313462
v 0.12921871 0.02949707 -0.06815416
v 0.12703131 0.03011231 -0.06815416
v 0.12812501 0.03455566 -0.06752916
v 0.13062501 0.03385254 -0.06752916
v 0.12812501 0.03455566 -0.06752916
v 0.14265621 0.07195801 -0.02756822
v 0.14234371 0.07095215 -0.03206040
v 0.14265621 0.07195801 -0.02756822
v 0.14765621 0.06908692 -0.03206040
v 0.14234371 0.07095215 -0.03206040
v 0.14765621 0.06908692 -0.03206040
v 0.14703121 0.06771973 -0.03643540
v 0.14703121 0.06771973 -0.03643540
v 0.14765621 0.06908692 -0.03206040
v 0.15203121 0.06552246 -0.03643540
v 0.15203121 0.06552246 -0.03643540
v 0.15125001 0.06384277 -0.04065415
v 0.15203121 0.06552246 -0.03643540
v 0.15578121 0.06134277 -0.04065415
v 0.15125001 0.06384277 -0.04065415
v 0.15578121 0.06134277 -0.04065415
v 0.15468751 0.05940918 -0.04469712
v 0.15468751 0.05940918 -0.04469712
v 0.15578121 0.06134277 -0.04065415
v 0.15906251 0.05665527 -0.04469712
v 0.15468751 0.05940918 -0.04469712
v 0.15906251 0.05665527 -0.04469712
v 0.15750001 0.05450683 -0.04850572
v 0.15750001 0.05450683 -0.04850572
v 0.15906251 0.05665527 -0.04469712
v 0.16156251 0.05156738 -0.04850572
v 0.15750001 0.05450683 -0.04850572
v 0.16156251 0.05156738 -0.04850572
v 0.15968751 0.04927246 -0.05206040
v 0.15968751 0.04927246 -0.05206040
v 0.16156251 0.05156738 -0.04850572
v 0.16312501 0.04618652 -0.05206040
v 0.15968751 0.04927246 -0.05206040
v 0.16312501 0.04618652 -0.05206040
v 0.16093751 0.04379394 -0.05532212
v 0.16093751 0.04379394 -0.05532212
v 0.16312501 0.04618652 -0.05206040
v 0.16406251 0.04062988 -0.05532212
v 0.16093751 0.04379394 -0.05532212
v 0.16406251 0.04062988 -0.05532212
v 0.16140621 0.03822754 -0.05827134
v 0.16140621 0.03822754 -0.05827134
v 0.16406251 0.04062988 -0.05532212
v 0.16421871 0.03503418 -0.05827134
v 0.16140621 0.03822754 -0.05827134
v 0.16421871 0.03503418 -0.05827134
v 0.16125001 0.03267090 -0.06088853
v 0.16125001 0.03267090 -0.06088853
v 0.16421871 0.03503418 -0.05827134
v 0.16359371 0.02950684 -0.06088853
v 0.16125001 0.03267090 -0.06088853
v 0.16359371 0.02950684 -0.06088853
v 0.16015621 0.02725098 -0.06313462
v 0.16015621 0.02725098 -0.06313462
v 0.16359371 0.02950684 -0.06088853
v 0.16203121 0.02417481 -0.06313462
v 0.16203121 0.02417481 -0.06313462
v 0.15843751 0.02207520 -0.06499010
v 0.16203121 0.02417481 -0.06313462
v 0.16000001 0.01915527 -0.06499010
v 0.16000001 0.01915527 -0.06499010
v 0.15609371 0.01726074 -0.06647448
v 0.16000001 0.01915527 -0.06499010
v 0.15718751 0.01453613 -0.06647448
v 0.15718751 0.01453613 -0.06647448
v 0.15390621 0.01040527 -0.06752916
v 0.15390621 0.01040527 -0.06752916
v 0.14953121 0.00906738 -0.06815416
v 0.15390621 0.01040527 -0.06752916
v 0.15015621 0.00684082 -0.06815416
v 0.14765621 0.06908692 -0.03206040
v 0.14265621 0.07195801 -0.02756822
v 0.14796871 0.07006348 -0.02756822
v 0.14062501 0.06562989 -0.04469712
v 0.14062501 0.06562989 -0.04469712
v 0.14546871 0.06390137 -0.04469712
v 0.14453121 0.06147949 -0.04850572
v 0.14062501 0.06562989 -0.04469712
v 0.14453121 0.06147949 -0.04850572
v 0.13984371 0.06313965 -0.04850572
v 0.13984371 0.06313965 -0.04850572
v 0.14453121 0.06147949 -0.04850572
v 0.14343751 0.05874512 -0.05206040
v 0.13984371 0.06313965 -0.04850572
v 0.14343751 0.05874512 -0.05206040
v 0.13906251 0.06032715 -0.05206040
v 0.14343751 0.05874512 -0.05206040
v 0.13703121 0.05382324 -0.05827134
v 0.13953121 0.04887207 -0.06088853
v 0.13578121 0.05019043 -0.06088853
v 0.13578121 0.05019043 -0.06088853
v 0.13953121 0.04887207 -0.06088853
v 0.13796871 0.04513183 -0.06313462
v 0.13453121 0.04634277 -0.06313462
v 0.13453121 0.04634277 -0.06313462
v 0.13796871 0.04513183 -0.06313462
v 0.13640621 0.04120605 -0.06499010
v 0.13453121 0.04634277 -0.06313462
v 0.13640621 0.04120605 -0.06499010
v 0.13328121 0.04231933 -0.06499010
v 0.13640621 0.04120605 -0.06499010
v 0.12921871 0.02949707 -0.06815416
v 0.14765621 0.06908692 -0.03206040
v 0.14796871 0.07006348 -0.02756822
v 0.15265621 0.06684082 -0.03206040
v 0.15265621 0.06684082 -0.03206040
v 0.14796871 0.07006348 -0.02756822
v 0.15312501 0.06778810 -0.02756822
v 0.15265621 0.06684082 -0.03206040
v 0.15312501 0.06778810 -0.02756822
v 0.15750001 0.06422364 -0.03206040
v 0.14453121 0.06147949 -0.04850572
v 0.14453121 0.06147949 -0.04850572
v 0.14906251 0.05948730 -0.04850572
v 0.14781251 0.05683105 -0.05206040
v 0.14343751 0.05874512 -0.05206040
v 0.14343751 0.05874512 -0.05206040
v 0.14781251 0.05683105 -0.05206040
v 0.14625001 0.05390137 -0.05532212
v 0.14343751 0.05874512 -0.05206040
v 0.14625001 0.05390137 -0.05532212
v 0.14218751 0.05570801 -0.05532212
v 0.14218751 0.05570801 -0.05532212
v 0.14625001 0.05390137 -0.05532212
v 0.14468751 0.05070801 -0.05827134
v 0.13953121 0.04887207 -0.06088853
v 0.14125001 0.04365723 -0.06313462
v 0.13796871 0.04513183 -0.06313462
v 0.13796871 0.04513183 -0.06313462
v 0.14125001 0.04365723 -0.06313462
v 0.13937501 0.03986816 -0.06499010
v 0.13796871 0.04513183 -0.06313462
v 0.13937501 0.03986816 -0.06499010
v 0.13640621 0.04120605 -0.06499010
v 0.13640621 0.04120605 -0.06499010
v 0.13937501 0.03986816 -0.06499010
v 0.13750001 0.03593262 -0.06647448
v 0.13484371 0.03714355 -0.06647448
v 0.13484371 0.03714355 -0.06647448
v 0.13750001 0.03593262 -0.06647448
v 0.13562501 0.03189941 -0.06752916
v 0.14765621 0.06908692 -0.03206040
v 0.15265621 0.06684082 -0.03206040
v 0.15203121 0.06552246 -0.03643540
v 0.15203121 0.06552246 -0.03643540
v 0.15265621 0.06684082 -0.03206040
v 0.15671871 0.06295410 -0.03643540
v 0.15671871 0.06295410 -0.03643540
v 0.15578121 0.06134277 -0.04065415
v 0.15671871 0.06295410 -0.03643540
v 0.16031251 0.05851074 -0.04065415
v 0.15578121 0.06134277 -0.04065415
v 0.16031251 0.05851074 -0.04065415
v 0.15906251 0.05665527 -0.04469712
v 0.15906251 0.05665527 -0.04469712
v 0.16031251 0.05851074 -0.04065415
v 0.16312501 0.05359863 -0.04469712
v 0.15906251 0.05665527 -0.04469712
v 0.16312501 0.05359863 -0.04469712
v 0.16156251 0.05156738 -0.04850572
v 0.16156251 0.05156738 -0.04850572
v 0.16312501 0.05359863 -0.04469712
v 0.16515621 0.04833496 -0.04850572
v 0.16515621 0.04833496 -0.04850572
v 0.16312501 0.04618652 -0.05206040
v 0.16515621 0.04833496 -0.04850572
v 0.16656251 0.04283691 -0.05206040
v 0.16312501 0.04618652 -0.05206040
v 0.16656251 0.04283691 -0.05206040
v 0.16406251 0.04062988 -0.05532212
v 0.16406251 0.04062988 -0.05532212
v 0.16656251 0.04283691 -0.05206040
v 0.16703121 0.03723144 -0.05532212
v 0.16703121 0.03723144 -0.05532212
v 0.16421871 0.03503418 -0.05827134
v 0.16703121 0.03723144 -0.05532212
v 0.16671871 0.03164551 -0.05827134
v 0.16671871 0.03164551 -0.05827134
v 0.16359371 0.02950684 -0.06088853
v 0.16671871 0.03164551 -0.05827134
v 0.16562501 0.02618652 -0.06088853
v 0.16562501 0.02618652 -0.06088853
v 0.16203121 0.02417481 -0.06313462
v 0.16562501 0.02618652 -0.06088853
v 0.16375001 0.02098145 -0.06313462
v 0.16375001 0.02098145 -0.06313462
v 0.16000001 0.01915527 -0.06499010
v 0.16375001 0.02098145 -0.06313462
v 0.16125001 0.01612793 -0.06499010
v 0.16125001 0.01612793 -0.06499010
v 0.15718751 0.01453613 -0.06647448
v 0.16125001 0.01612793 -0.06499010
v 0.15812501 0.01172363 -0.06647448
v 0.15718751 0.01453613 -0.06647448
v 0.15812501 0.01172363 -0.06647448
v 0.15390621 0.01040527 -0.06752916
v 0.15390621 0.01040527 -0.06752916
v 0.15812501 0.01172363 -0.06647448
v 0.15453121 0.00785645 -0.06752916
v 0.15390621 0.01040527 -0.06752916
v 0.15453121 0.00785645 -0.06752916
v 0.15015621 0.00684082 -0.06815416
v 0.15015621 0.00684082 -0.06815416
v 0.15453121 0.00785645 -0.06752916
v 0.15046871 0.00458496 -0.06815416
v 0.15671871 0.06295410 -0.03643540
v 0.15265621 0.06684082 -0.03206040
v 0.15750001 0.06422364 -0.03206040
v 0.14906251 0.05948730 -0.04850572
v 0.15187501 0.05460449 -0.05206040
v 0.14781251 0.05683105 -0.05206040
v 0.14781251 0.05683105 -0.05206040
v 0.15187501 0.05460449 -0.05206040
v 0.15031251 0.05179199 -0.05532212
v 0.14781251 0.05683105 -0.05206040
v 0.15031251 0.05179199 -0.05532212
v 0.14625001 0.05390137 -0.05532212
v 0.14625001 0.05390137 -0.05532212
v 0.15031251 0.05179199 -0.05532212
v 0.14843751 0.04872558 -0.05827134
v 0.14625001 0.05390137 -0.05532212
v 0.14843751 0.04872558 -0.05827134
v 0.14468751 0.05070801 -0.05827134
v 0.14843751 0.04872558 -0.05827134
v 0.14125001 0.04365723 -0.06313462
v 0.14234371 0.03830566 -0.06499010
v 0.13937501 0.03986816 -0.06499010
v 0.13937501 0.03986816 -0.06499010
v 0.14234371 0.03830566 -0.06499010
v 0.14015621 0.03452637 -0.06647448
v 0.13750001 0.03593262 -0.06647448
v 0.13750001 0.03593262 -0.06647448
v 0.14015621 0.03452637 -0.06647448
v 0.13781251 0.03064941 -0.06752916
v 0.13562501 0.03189941 -0.06752916
v 0.13562501 0.03189941 -0.06752916
v 0.13781251 0.03064941 -0.06752916
v 0.13562501 0.02670410 -0.06815416
v 0.16281251 0.06212402 -0.02756822
v 0.15843751 0.06568848 -0.02297838
v 0.16312501 0.06265137 -0.02297838
v 0.16031251 0.05851074 -0.04065415
v 0.15671871 0.06295410 -0.03643540
v 0.16140621 0.06004394 -0.03643540
v 0.16140621 0.06004394 -0.03643540
v 0.15671871 0.06295410 -0.03643540
v 0.15750001 0.06422364 -0.03206040
v 0.15187501 0.05460449 -0.05206040
v 0.15406251 0.04939941 -0.05532212
v 0.15031251 0.05179199 -0.05532212
v 0.15031251 0.05179199 -0.05532212
v 0.15406251 0.04939941 -0.05532212
v 0.15203121 0.04646973 -0.05827134
v 0.14843751 0.04872558 -0.05827134
v 0.14843751 0.04872558 -0.05827134
v 0.15203121 0.04646973 -0.05827134
v 0.14984371 0.04333496 -0.06088853
v 0.14843751 0.04872558 -0.05827134
v 0.14984371 0.04333496 -0.06088853
v 0.14656251 0.04543457 -0.06088853
v 0.14656251 0.04543457 -0.06088853
v 0.14984371 0.04333496 -0.06088853
v 0.14750001 0.04001465 -0.06313462
v 0.14015621 0.03452637 -0.06647448
v 0.14015621 0.03452637 -0.06647448
v 0.14265621 0.03293457 -0.06647448
v 0.14015621 0.02923340 -0.06752916
v 0.13781251 0.03064941 -0.06752916
v 0.14015621 0.02923340 -0.06752916
v 0.13750001 0.02546387 -0.06815416
v 0.13781251 0.03064941 -0.06752916
v 0.13750001 0.02546387 -0.06815416
v 0.13562501 0.02670410 -0.06815416
v 0.16281251 0.06212402 -0.02756822
v 0.16312501 0.06265137 -0.02297838
v 0.16734371 0.05876465 -0.02756822
v 0.16734371 0.05876465 -0.02756822
v 0.16312501 0.06265137 -0.02297838
v 0.16765621 0.05926269 -0.02297838
v 0.16734371 0.05876465 -0.02756822
v 0.16765621 0.05926269 -0.02297838
v 0.17156251 0.05508301 -0.02756822
v 0.17156251 0.05508301 -0.02756822
v 0.16765621 0.05926269 -0.02297838
v 0.17203121 0.05555176 -0.02297838
v 0.17156251 0.05508301 -0.02756822
v 0.16312501 0.05359863 -0.04469712
v 0.16031251 0.05851074 -0.04065415
v 0.16453121 0.05534668 -0.04065415
v 0.16453121 0.05534668 -0.04065415
v 0.16031251 0.05851074 -0.04065415
v 0.16140621 0.06004394 -0.03643540
v 0.15406251 0.04939941 -0.05532212
v 0.15531251 0.04395996 -0.05827134
v 0.15203121 0.04646973 -0.05827134
v 0.15203121 0.04646973 -0.05827134
v 0.15531251 0.04395996 -0.05827134
v 0.15296871 0.04099121 -0.06088853
v 0.15203121 0.04646973 -0.05827134
v 0.15296871 0.04099121 -0.06088853
v 0.14984371 0.04333496 -0.06088853
v 0.14984371 0.04333496 -0.06088853
v 0.15296871 0.04099121 -0.06088853
v 0.15046871 0.03784668 -0.06313462
v 0.14984371 0.04333496 -0.06088853
v 0.15046871 0.03784668 -0.06313462
v 0.14750001 0.04001465 -0.06313462
v 0.14750001 0.04001465 -0.06313462
v 0.15046871 0.03784668 -0.06313462
v 0.14781251 0.03456543 -0.06499010
v 0.13937501 0.02408691 -0.06815416
v 0.14015621 0.02923340 -0.06752916
v 0.14218751 0.02765137 -0.06752916
v 0.14015621 0.02923340 -0.06752916
v 0.16281251 0.06212402 -0.02756822
v 0.16734371 0.05876465 -0.02756822
v 0.16656251 0.05794433 -0.03206040
v 0.16656251 0.05794433 -0.03206040
v 0.16734371 0.05876465 -0.02756822
v 0.17078121 0.05431152 -0.03206040
v 0.16656251 0.05794433 -0.03206040
v 0.17078121 0.05431152 -0.03206040
v 0.16984371 0.05324707 -0.03643540
v 0.16984371 0.05324707 -0.03643540
v 0.17078121 0.05431152 -0.03206040
v 0.17359371 0.04938965 -0.03643540
v 0.16984371 0.05324707 -0.03643540
v 0.17359371 0.04938965 -0.03643540
v 0.17218751 0.04812988 -0.04065415
v 0.17218751 0.04812988 -0.04065415
v 0.17359371 0.04938965 -0.03643540
v 0.17562501 0.04410644 -0.04065415
v 0.17218751 0.04812988 -0.04065415
v 0.17562501 0.04410644 -0.04065415
v 0.17390621 0.04270996 -0.04469712
v 0.17390621 0.04270996 -0.04469712
v 0.17562501 0.04410644 -0.04065415
v 0.17687501 0.03857910 -0.04469712
v 0.17390621 0.04270996 -0.04469712
v 0.17687501 0.03857910 -0.04469712
v 0.17484371 0.03712402 -0.04850572
v 0.17484371 0.03712402 -0.04850572
v 0.17687501 0.03857910 -0.04469712
v 0.17734371 0.03294433 -0.04850572
v 0.17484371 0.03712402 -0.04850572
v 0.17734371 0.03294433 -0.04850572
v 0.17484371 0.03146973 -0.05206040
v 0.17484371 0.03146973 -0.05206040
v 0.17734371 0.03294433 -0.04850572
v 0.17703121 0.02730957 -0.05206040
v 0.17484371 0.03146973 -0.05206040
v 0.17703121 0.02730957 -0.05206040
v 0.17406251 0.02589356 -0.05532212
v 0.17406251 0.02589356 -0.05532212
v 0.17703121 0.02730957 -0.05206040
v 0.17578121 0.02180176 -0.05532212
v 0.17406251 0.02589356 -0.05532212
v 0.17578121 0.02180176 -0.05532212
v 0.17250001 0.02051270 -0.05827134
v 0.17250001 0.02051270 -0.05827134
v 0.17578121 0.02180176 -0.05532212
v 0.17390621 0.01654785 -0.05827134
v 0.17250001 0.02051270 -0.05827134
v 0.17390621 0.01654785 -0.05827134
v 0.17031251 0.01543457 -0.06088853
v 0.17031251 0.01543457 -0.06088853
v 0.17390621 0.01654785 -0.05827134
v 0.17125001 0.01164551 -0.06088853
v 0.17031251 0.01543457 -0.06088853
v 0.17125001 0.01164551 -0.06088853
v 0.16734371 0.01075684 -0.06313462
v 0.16734371 0.01075684 -0.06313462
v 0.17125001 0.01164551 -0.06088853
v 0.16796871 0.00720215 -0.06313462
v 0.16734371 0.01075684 -0.06313462
v 0.16796871 0.00720215 -0.06313462
v 0.16390621 0.00657715 -0.06499010
v 0.16390621 0.00657715 -0.06499010
v 0.16796871 0.00720215 -0.06313462
v 0.16421871 0.00329590 -0.06499010
v 0.16421871 0.00329590 -0.06499010
v 0.15984371 0.00297363 -0.06647448
v 0.16421871 0.00329590 -0.06499010
v 0.16000001 -0.00000488 -0.06647448
v 0.16000001 -0.00000488 -0.06647448
v 0.15546871 -0.00000488 -0.06752916
v 0.16000001 -0.00000488 -0.06647448
v 0.15531251 -0.00264160 -0.06752916
v 0.15531251 -0.00264160 -0.06752916
v 0.15078121 -0.00229981 -0.06815416
v 0.15531251 -0.00264160 -0.06752916
v 0.15046871 -0.00458496 -0.06815416
v 0.17078121 0.05431152 -0.03206040
v 0.16734371 0.05876465 -0.02756822
v 0.17156251 0.05508301 -0.02756822
v 0.16515621 0.04833496 -0.04850572
v 0.16312501 0.05359863 -0.04469712
v 0.16703121 0.05023926 -0.04469712
v 0.16312501 0.05359863 -0.04469712
v 0.15531251 0.04395996 -0.05827134
v 0.15593751 0.03842285 -0.06088853
v 0.15296871 0.04099121 -0.06088853
v 0.15296871 0.04099121 -0.06088853
v 0.15593751 0.03842285 -0.06088853
v 0.15312501 0.03548340 -0.06313462
v 0.15296871 0.04099121 -0.06088853
v 0.15312501 0.03548340 -0.06313462
v 0.15046871 0.03784668 -0.06313462
v 0.15046871 0.03784668 -0.06313462
v 0.15312501 0.03548340 -0.06313462
v 0.15031251 0.03239746 -0.06499010
v 0.15046871 0.03784668 -0.06313462
v 0.15031251 0.03239746 -0.06499010
v 0.14781251 0.03456543 -0.06499010
v 0.14781251 0.03456543 -0.06499010
v 0.15031251 0.03239746 -0.06499010
v 0.14734371 0.02920410 -0.06647448
v 0.13937501 0.02408691 -0.06815416
v 0.17078121 0.05431152 -0.03206040
v 0.17156251 0.05508301 -0.02756822
v 0.17468751 0.05038574 -0.03206040
v 0.17468751 0.05038574 -0.03206040
v 0.17156251 0.05508301 -0.02756822
v 0.17546871 0.05109863 -0.02756822
v 0.17468751 0.05038574 -0.03206040
v 0.17546871 0.05109863 -0.02756822
v 0.17828121 0.04617676 -0.03206040
v 0.16875001 0.04483887 -0.04850572
v 0.16875001 0.04483887 -0.04850572
v 0.16515621 0.04833496 -0.04850572
v 0.16703121 0.05023926 -0.04469712
v 0.15593751 0.03842285 -0.06088853
v 0.15578121 0.03291504 -0.06313462
v 0.15312501 0.03548340 -0.06313462
v 0.15312501 0.03548340 -0.06313462
v 0.15578121 0.03291504 -0.06313462
v 0.15265621 0.03005371 -0.06499010
v 0.15312501 0.03548340 -0.06313462
v 0.15265621 0.03005371 -0.06499010
v 0.15031251 0.03239746 -0.06499010
v 0.15031251 0.03239746 -0.06499010
v 0.15265621 0.03005371 -0.06499010
v 0.14937501 0.02708496 -0.06647448
v 0.15031251 0.03239746 -0.06499010
v 0.14937501 0.02708496 -0.06647448
v 0.14734371 0.02920410 -0.06647448
v 0.14734371 0.02920410 -0.06647448
v 0.14937501 0.02708496 -0.06647448
v 0.14609371 0.02403809 -0.06752916
v 0.17078121 0.05431152 -0.03206040
v 0.17468751 0.05038574 -0.03206040
v 0.17359371 0.04938965 -0.03643540
v 0.17359371 0.04938965 -0.03643540
v 0.17468751 0.05038574 -0.03206040
v 0.17718751 0.04526855 -0.03643540
v 0.17359371 0.04938965 -0.03643540
v 0.17718751 0.04526855 -0.03643540
v 0.17562501 0.04410644 -0.04065415
v 0.17562501 0.04410644 -0.04065415
v 0.17718751 0.04526855 -0.03643540
v 0.17875001 0.03983887 -0.04065415
v 0.17562501 0.04410644 -0.04065415
v 0.17875001 0.03983887 -0.04065415
v 0.17687501 0.03857910 -0.04469712
v 0.17687501 0.03857910 -0.04469712
v 0.17875001 0.03983887 -0.04065415
v 0.17968751 0.03424316 -0.04469712
v 0.17687501 0.03857910 -0.04469712
v 0.17968751 0.03424316 -0.04469712
v 0.17734371 0.03294433 -0.04850572
v 0.17734371 0.03294433 -0.04850572
v 0.17968751 0.03424316 -0.04469712
v 0.17968751 0.02857910 -0.04850572
v 0.17734371 0.03294433 -0.04850572
v 0.17968751 0.02857910 -0.04850572
v 0.17703121 0.02730957 -0.05206040
v 0.17703121 0.02730957 -0.05206040
v 0.17968751 0.02857910 -0.04850572
v 0.17890621 0.02299316 -0.05206040
v 0.17703121 0.02730957 -0.05206040
v 0.17890621 0.02299316 -0.05206040
v 0.17578121 0.02180176 -0.05532212
v 0.17578121 0.02180176 -0.05532212
v 0.17890621 0.02299316 -0.05206040
v 0.17734371 0.01759277 -0.05532212
v 0.17578121 0.02180176 -0.05532212
v 0.17734371 0.01759277 -0.05532212
v 0.17390621 0.01654785 -0.05827134
v 0.17390621 0.01654785 -0.05827134
v 0.17734371 0.01759277 -0.05532212
v 0.17500001 0.01249512 -0.05827134
v 0.17390621 0.01654785 -0.05827134
v 0.17500001 0.01249512 -0.05827134
v 0.17125001 0.01164551 -0.06088853
v 0.17125001 0.01164551 -0.06088853
v 0.17500001 0.01249512 -0.05827134
v 0.17203121 0.00779785 -0.06088853
v 0.17125001 0.01164551 -0.06088853
v 0.17203121 0.00779785 -0.06088853
v 0.16796871 0.00720215 -0.06313462
v 0.16796871 0.00720215 -0.06313462
v 0.17203121 0.00779785 -0.06088853
v 0.16843751 0.00360840 -0.06313462
v 0.16796871 0.00720215 -0.06313462
v 0.16843751 0.00360840 -0.06313462
v 0.16421871 0.00329590 -0.06499010
v 0.16421871 0.00329590 -0.06499010
v 0.16843751 0.00360840 -0.06313462
v 0.16437501 -0.00000488 -0.06499010
v 0.16437501 -0.00000488 -0.06499010
v 0.16000001 -0.00000488 -0.06647448
v 0.16437501 -0.00000488 -0.06499010
v 0.15984371 -0.00297363 -0.06647448
v 0.15984371 -0.00297363 -0.06647448
v 0.15531251 -0.00264160 -0.06752916
v 0.15984371 -0.00297363 -0.06647448
v 0.15500001 -0.00526856 -0.06752916
v 0.15531251 -0.00264160 -0.06752916
v 0.15500001 -0.00526856 -0.06752916
v 0.15046871 -0.00458496 -0.06815416
v 0.15015621 -0.00685059 -0.06815416
v 0.17718751 0.04526855 -0.03643540
v 0.17468751 0.05038574 -0.03206040
v 0.17828121 0.04617676 -0.03206040
v 0.16703121 0.03723144 -0.05532212
v 0.16656251 0.04283691 -0.05206040
v 0.16953121 0.03926269 -0.05206040
v 0.16656251 0.04283691 -0.05206040
v 0.15578121 0.03291504 -0.06313462
v 0.15468751 0.02754395 -0.06499010
v 0.15265621 0.03005371 -0.06499010
v 0.15265621 0.03005371 -0.06499010
v 0.15468751 0.02754395 -0.06499010
v 0.15125001 0.02481934 -0.06647448
v 0.14937501 0.02708496 -0.06647448
v 0.14937501 0.02708496 -0.06647448
v 0.15125001 0.02481934 -0.06647448
v 0.14781251 0.02203613 -0.06752916
v 0.14937501 0.02708496 -0.06647448
v 0.14781251 0.02203613 -0.06752916
v 0.14609371 0.02403809 -0.06752916
v 0.14781251 0.02203613 -0.06752916
v 0.18250001 0.04229980 -0.02756822
v 0.17968751 0.04723144 -0.02297838
v 0.18296871 0.04266113 -0.02297838
v 0.17875001 0.03983887 -0.04065415
v 0.17718751 0.04526855 -0.03643540
v 0.18031251 0.04088379 -0.03643540
v 0.18031251 0.04088379 -0.03643540
v 0.17718751 0.04526855 -0.03643540
v 0.17828121 0.04617676 -0.03206040
v 0.16968751 0.03363769 -0.05532212
v 0.16703121 0.03723144 -0.05532212
v 0.15312501 0.02242676 -0.06647448
v 0.15125001 0.02481934 -0.06647448
v 0.15312501 0.02242676 -0.06647448
v 0.14937501 0.01990723 -0.06752916
v 0.15125001 0.02481934 -0.06647448
v 0.14937501 0.01990723 -0.06752916
v 0.14781251 0.02203613 -0.06752916
v 0.14781251 0.02203613 -0.06752916
v 0.14937501 0.01990723 -0.06752916
v 0.14562501 0.01733887 -0.06815416
v 0.14421871 0.01919434 -0.06815416
v 0.18250001 0.04229980 -0.02756822
v 0.18296871 0.04266113 -0.02297838
v 0.18546871 0.03754394 -0.02756822
v 0.18546871 0.03754394 -0.02756822
v 0.18296871 0.04266113 -0.02297838
v 0.18593751 0.03785644 -0.02297838
v 0.18546871 0.03754394 -0.02756822
v 0.18593751 0.03785644 -0.02297838
v 0.18796871 0.03257324 -0.02756822
v 0.18796871 0.03257324 -0.02756822
v 0.18593751 0.03785644 -0.02297838
v 0.18859371 0.03284668 -0.02297838
v 0.18796871 0.03257324 -0.02756822
v 0.18859371 0.03284668 -0.02297838
v 0.19031251 0.02742676 -0.02756822
v 0.17968751 0.03424316 -0.04469712
v 0.17875001 0.03983887 -0.04065415
v 0.18156251 0.03535644 -0.04065415
v 0.18156251 0.03535644 -0.04065415
v 0.17875001 0.03983887 -0.04065415
v 0.18031251 0.04088379 -0.03643540
v 0.16562501 0.02618652 -0.06088853
v 0.16671871 0.03164551 -0.05827134
v 0.16890621 0.02808106 -0.05827134
v 0.16671871 0.03164551 -0.05827134
v 0.14671871 0.01538574 -0.06815416
v 0.14562501 0.01733887 -0.06815416
v 0.14937501 0.01990723 -0.06752916
v 0.14671871 0.01538574 -0.06815416
v 0.14937501 0.01990723 -0.06752916
v 0.15078121 0.01766113 -0.06752916
v 0.14937501 0.01990723 -0.06752916
v 0.18250001 0.04229980 -0.02756822
v 0.18546871 0.03754394 -0.02756822
v 0.18453121 0.03701660 -0.03206040
v 0.18453121 0.03701660 -0.03206040
v 0.18546871 0.03754394 -0.02756822
v 0.18703121 0.03211426 -0.03206040
v 0.18453121 0.03701660 -0.03206040
v 0.18703121 0.03211426 -0.03206040
v 0.18578121 0.03147949 -0.03643540
v 0.18578121 0.03147949 -0.03643540
v 0.18703121 0.03211426 -0.03206040
v 0.18796871 0.02650879 -0.03643540
v 0.18578121 0.03147949 -0.03643540
v 0.18796871 0.02650879 -0.03643540
v 0.18609371 0.02582520 -0.04065415
v 0.18609371 0.02582520 -0.04065415
v 0.18796871 0.02650879 -0.03643540
v 0.18796871 0.02083496 -0.04065415
v 0.18609371 0.02582520 -0.04065415
v 0.18796871 0.02083496 -0.04065415
v 0.18578121 0.02018066 -0.04469712
v 0.18578121 0.02018066 -0.04469712
v 0.18796871 0.02083496 -0.04065415
v 0.18703121 0.01522949 -0.04469712
v 0.18578121 0.02018066 -0.04469712
v 0.18703121 0.01522949 -0.04469712
v 0.18453121 0.01465332 -0.04850572
v 0.18453121 0.01465332 -0.04850572
v 0.18703121 0.01522949 -0.04469712
v 0.18546871 0.00980957 -0.04850572
v 0.18453121 0.01465332 -0.04850572
v 0.18546871 0.00980957 -0.04850572
v 0.18250001 0.00937988 -0.05206040
v 0.18250001 0.00937988 -0.05206040
v 0.18546871 0.00980957 -0.04850572
v 0.18296871 0.00470215 -0.05206040
v 0.18250001 0.00937988 -0.05206040
v 0.18296871 0.00470215 -0.05206040
v 0.17984371 0.00445801 -0.05532212
v 0.17984371 0.00445801 -0.05532212
v 0.18296871 0.00470215 -0.05206040
v 0.18000001 -0.00000488 -0.05532212
v 0.18000001 -0.00000488 -0.05532212
v 0.17640621 -0.00000488 -0.05827134
v 0.18000001 -0.00000488 -0.05532212
v 0.17625001 -0.00419434 -0.05827134
v 0.17625001 -0.00419434 -0.05827134
v 0.17250001 -0.00391113 -0.06088853
v 0.17625001 -0.00419434 -0.05827134
v 0.17203121 -0.00780762 -0.06088853
v 0.17203121 -0.00780762 -0.06088853
v 0.16796871 -0.00721191 -0.06313462
v 0.17203121 -0.00780762 -0.06088853
v 0.16734371 -0.01075684 -0.06313462
v 0.16796871 -0.00721191 -0.06313462
v 0.16734371 -0.01075684 -0.06313462
v 0.16328121 -0.00982910 -0.06499010
v 0.16328121 -0.00982910 -0.06499010
v 0.16734371 -0.01075684 -0.06313462
v 0.16234371 -0.01301270 -0.06499010
v 0.16328121 -0.00982910 -0.06499010
v 0.16234371 -0.01301270 -0.06499010
v 0.15812501 -0.01173340 -0.06647448
v 0.15812501 -0.01173340 -0.06647448
v 0.16234371 -0.01301270 -0.06499010
v 0.15718751 -0.01454590 -0.06647448
v 0.15812501 -0.01173340 -0.06647448
v 0.15718751 -0.01454590 -0.06647448
v 0.15296871 -0.01290527 -0.06752916
v 0.15296871 -0.01290527 -0.06752916
v 0.15718751 -0.01454590 -0.06647448
v 0.15203121 -0.01532715 -0.06752916
v 0.15296871 -0.01290527 -0.06752916
v 0.15203121 -0.01532715 -0.06752916
v 0.14781251 -0.01335449 -0.06815416
v 0.15203121 -0.01532715 -0.06752916
v 0.14671871 -0.01539551 -0.06815416
v 0.18796871 0.03257324 -0.02756822
v 0.17968751 0.02857910 -0.04850572
v 0.17968751 0.03424316 -0.04469712
v 0.18203121 0.02971191 -0.04469712
v 0.18203121 0.02971191 -0.04469712
v 0.17968751 0.03424316 -0.04469712
v 0.18156251 0.03535644 -0.04065415
v 0.16750001 0.02271973 -0.06088853
v 0.16562501 0.02618652 -0.06088853
v 0.14671871 0.01538574 -0.06815416
v 0.18703121 0.03211426 -0.03206040
v 0.18796871 0.03257324 -0.02756822
v 0.18921871 0.02703613 -0.03206040
v 0.18921871 0.02703613 -0.03206040
v 0.18796871 0.03257324 -0.02756822
v 0.19031251 0.02742676 -0.02756822
v 0.18921871 0.02703613 -0.03206040
v 0.19031251 0.02742676 -0.02756822
v 0.19109371 0.02181152 -0.03206040
v 0.17890621 0.02299316 -0.05206040
v 0.17968751 0.02857910 -0.04850572
v 0.18156251 0.02406738 -0.04850572
v 0.18156251 0.02406738 -0.04850572
v 0.17968751 0.02857910 -0.04850572
v 0.18203121 0.02971191 -0.04469712
v 0.16125001 0.01612793 -0.06499010
v 0.16375001 0.02098145 -0.06313462
v 0.16515621 0.01766113 -0.06313462
v 0.16375001 0.02098145 -0.06313462
v 0.18703121 0.03211426 -0.03206040
v 0.18921871 0.02703613 -0.03206040
v 0.18796871 0.02650879 -0.03643540
v 0.18796871 0.02650879 -0.03643540
v 0.18921871 0.02703613 -0.03206040
v 0.18968751 0.02138184 -0.03643540
v 0.18796871 0.02650879 -0.03643540
v 0.18968751 0.02138184 -0.03643540
v 0.18796871 0.02083496 -0.04065415
v 0.18796871 0.02083496 -0.04065415
v 0.18968751 0.02138184 -0.03643540
v 0.18921871 0.01572754 -0.04065415
v 0.18796871 0.02083496 -0.04065415
v 0.18921871 0.01572754 -0.04065415
v 0.18703121 0.01522949 -0.04469712
v 0.18703121 0.01522949 -0.04469712
v 0.18921871 0.01572754 -0.04065415
v 0.18796871 0.01020020 -0.04469712
v 0.18703121 0.01522949 -0.04469712
v 0.18796871 0.01020020 -0.04469712
v 0.18546871 0.00980957 -0.04850572
v 0.18546871 0.00980957 -0.04850572
v 0.18796871 0.01020020 -0.04469712
v 0.18593751 0.00491699 -0.04850572
v 0.18546871 0.00980957 -0.04850572
v 0.18593751 0.00491699 -0.04850572
v 0.18296871 0.00470215 -0.05206040
v 0.18296871 0.00470215 -0.05206040
v 0.18593751 0.00491699 -0.04850572
v 0.18328121 -0.00000488 -0.05206040
v 0.18296871 0.00470215 -0.05206040
v 0.18328121 -0.00000488 -0.05206040
v 0.18000001 -0.00000488 -0.05532212
v 0.18000001 -0.00000488 -0.05532212
v 0.18328121 -0.00000488 -0.05206040
v 0.17984371 -0.00445801 -0.05532212
v 0.17984371 -0.00445801 -0.05532212
v 0.17625001 -0.00419434 -0.05827134
v 0.17984371 -0.00445801 -0.05532212
v 0.17578121 -0.00837402 -0.05827134
v 0.17625001 -0.00419434 -0.05827134
v 0.17578121 -0.00837402 -0.05827134
v 0.17203121 -0.00780762 -0.06088853
v 0.17203121 -0.00780762 -0.06088853
v 0.17578121 -0.00837402 -0.05827134
v 0.17125001 -0.01165527 -0.06088853
v 0.17203121 -0.00780762 -0.06088853
v 0.17125001 -0.01165527 -0.06088853
v 0.16734371 -0.01075684 -0.06313462
v 0.16734371 -0.01075684 -0.06313462
v 0.17125001 -0.01165527 -0.06088853
v 0.16640621 -0.01425293 -0.06313462
v 0.16734371 -0.01075684 -0.06313462
v 0.16640621 -0.01425293 -0.06313462
v 0.16234371 -0.01301270 -0.06499010
v 0.16234371 -0.01301270 -0.06499010
v 0.16640621 -0.01425293 -0.06313462
v 0.16125001 -0.01612793 -0.06499010
v 0.16234371 -0.01301270 -0.06499010
v 0.16125001 -0.01612793 -0.06499010
v 0.15718751 -0.01454590 -0.06647448
v 0.15718751 -0.01454590 -0.06647448
v 0.16125001 -0.01612793 -0.06499010
v 0.15609371 -0.01727051 -0.06647448
v 0.15718751 -0.01454590 -0.06647448
v 0.15609371 -0.01727051 -0.06647448
v 0.15203121 -0.01532715 -0.06752916
v 0.15203121 -0.01532715 -0.06752916
v 0.15609371 -0.01727051 -0.06647448
v 0.15078121 -0.01767090 -0.06752916
v 0.15078121 -0.01767090 -0.06752916
v 0.14671871 -0.01539551 -0.06815416
v 0.15078121 -0.01767090 -0.06752916
v 0.14562501 -0.01734863 -0.06815416
v 0.18968751 0.02138184 -0.03643540
v 0.18921871 0.02703613 -0.03206040
v 0.19109371 0.02181152 -0.03206040
v 0.17734371 0.01759277 -0.05532212
v 0.17890621 0.02299316 -0.05206040
v 0.18046871 0.01854981 -0.05206040
v 0.18046871 0.01854981 -0.05206040
v 0.17890621 0.02299316 -0.05206040
v 0.18156251 0.02406738 -0.04850572
v 0.15812501 0.01172363 -0.06647448
v 0.16125001 0.01612793 -0.06499010
v 0.16234371 0.01301270 -0.06499010
v 0.16234371 0.01301270 -0.06499010
v 0.16125001 0.01612793 -0.06499010
v 0.16515621 0.01766113 -0.06313462
v 0.19421871 0.01684082 -0.02297838
v 0.18921871 0.01572754 -0.04065415
v 0.18968751 0.02138184 -0.03643540
v 0.19109371 0.01613770 -0.03643540
v 0.19109371 0.01613770 -0.03643540
v 0.18968751 0.02138184 -0.03643540
v 0.19109371 0.02181152 -0.03206040
v 0.17500001 0.01249512 -0.05827134
v 0.17734371 0.01759277 -0.05532212
v 0.17843751 0.01327637 -0.05532212
v 0.17843751 0.01327637 -0.05532212
v 0.17734371 0.01759277 -0.05532212
v 0.18046871 0.01854981 -0.05206040
v 0.15453121 0.00785645 -0.06752916
v 0.15812501 0.01172363 -0.06647448
v 0.15890621 0.00885254 -0.06647448
v 0.15890621 0.00885254 -0.06647448
v 0.15812501 0.01172363 -0.06647448
v 0.16234371 0.01301270 -0.06499010
v 0.19359371 0.01669434 -0.02756822
v 0.19421871 0.01684082 -0.02297838
v 0.19453121 0.01118652 -0.02756822
v 0.19453121 0.01118652 -0.02756822
v 0.19421871 0.01684082 -0.02297838
v 0.19515621 0.01127441 -0.02297838
v 0.19453121 0.01118652 -0.02756822
v 0.19515621 0.01127441 -0.02297838
v 0.19515621 0.00561035 -0.02756822
v 0.19578121 0.00564941 -0.02297838
v 0.19515621 0.00561035 -0.02756822
v 0.19578121 0.00564941 -0.02297838
v 0.19546871 -0.00000488 -0.02756822
v 0.18796871 0.01020020 -0.04469712
v 0.18921871 0.01572754 -0.04065415
v 0.19031251 0.01053223 -0.04065415
v 0.19031251 0.01053223 -0.04065415
v 0.18921871 0.01572754 -0.04065415
v 0.19109371 0.01613770 -0.03643540
v 0.17203121 0.00779785 -0.06088853
v 0.17500001 0.01249512 -0.05827134
v 0.17578121 0.00836426 -0.05827134
v 0.17578121 0.00836426 -0.05827134
v 0.17500001 0.01249512 -0.05827134
v 0.17843751 0.01327637 -0.05532212
v 0.15046871 0.00458496 -0.06815416
v 0.15453121 0.00785645 -0.06752916
v 0.15500001 0.00525879 -0.06752916
v 0.15500001 0.00525879 -0.06752916
v 0.15453121 0.00785645 -0.06752916
v 0.15890621 0.00885254 -0.06647448
v 0.19359371 0.01669434 -0.02756822
v 0.19453121 0.01118652 -0.02756822
v 0.19359371 0.01103027 -0.03206040
v 0.19359371 0.01103027 -0.03206040
v 0.19453121 0.01118652 -0.02756822
v 0.19421871 0.00552246 -0.03206040
v 0.19359371 0.01103027 -0.03206040
v 0.19421871 0.00552246 -0.03206040
v 0.19265621 0.00541504 -0.03643540
v 0.19265621 0.00541504 -0.03643540
v 0.19421871 0.00552246 -0.03206040
v 0.19281251 -0.00000488 -0.03643540
v 0.19265621 0.00541504 -0.03643540
v 0.19281251 -0.00000488 -0.03643540
v 0.19109371 -0.00000488 -0.04065415
v 0.19109371 -0.00000488 -0.04065415
v 0.19281251 -0.00000488 -0.03643540
v 0.19078121 -0.00528809 -0.04065415
v 0.19109371 -0.00000488 -0.04065415
v 0.19078121 -0.00528809 -0.04065415
v 0.18859371 -0.00512207 -0.04469712
v 0.18859371 -0.00512207 -0.04469712
v 0.19078121 -0.00528809 -0.04065415
v 0.18796871 -0.01020020 -0.04469712
v 0.18859371 -0.00512207 -0.04469712
v 0.18796871 -0.01020020 -0.04469712
v 0.18546871 -0.00981934 -0.04850572
v 0.18546871 -0.00981934 -0.04850572
v 0.18796871 -0.01020020 -0.04469712
v 0.18453121 -0.01465332 -0.04850572
v 0.18546871 -0.00981934 -0.04850572
v 0.18453121 -0.01465332 -0.04850572
v 0.18171871 -0.01400879 -0.05206040
v 0.18171871 -0.01400879 -0.05206040
v 0.18453121 -0.01465332 -0.04850572
v 0.18046871 -0.01854981 -0.05206040
v 0.18171871 -0.01400879 -0.05206040
v 0.18046871 -0.01854981 -0.05206040
v 0.17734371 -0.01759277 -0.05532212
v 0.17734371 -0.01759277 -0.05532212
v 0.18046871 -0.01854981 -0.05206040
v 0.17578121 -0.02181152 -0.05532212
v 0.17734371 -0.01759277 -0.05532212
v 0.17578121 -0.02181152 -0.05532212
v 0.17250001 -0.02052246 -0.05827134
v 0.17250001 -0.02052246 -0.05827134
v 0.17578121 -0.02181152 -0.05532212
v 0.17093751 -0.02437012 -0.05827134
v 0.17250001 -0.02052246 -0.05827134
v 0.17093751 -0.02437012 -0.05827134
v 0.16750001 -0.02272949 -0.06088853
v 0.16750001 -0.02272949 -0.06088853
v 0.17093751 -0.02437012 -0.05827134
v 0.16562501 -0.02619629 -0.06088853
v 0.16562501 -0.02619629 -0.06088853
v 0.16203121 -0.02418457 -0.06313462
v 0.16562501 -0.02619629 -0.06088853
v 0.16015621 -0.02725098 -0.06313462
v 0.16015621 -0.02725098 -0.06313462
v 0.15671871 -0.02488770 -0.06499010
v 0.16015621 -0.02725098 -0.06313462
v 0.15468751 -0.02754395 -0.06499010
v 0.15671871 -0.02488770 -0.06499010
v 0.15468751 -0.02754395 -0.06499010
v 0.15125001 -0.02482910 -0.06647448
v 0.15468751 -0.02754395 -0.06499010
v 0.14937501 -0.02709473 -0.06647448
v 0.14937501 -0.02709473 -0.06647448
v 0.14609371 -0.02404785 -0.06752916
v 0.14937501 -0.02709473 -0.06647448
v 0.14421871 -0.02592285 -0.06752916
v 0.14609371 -0.02404785 -0.06752916
v 0.14421871 -0.02592285 -0.06752916
v 0.14109371 -0.02258301 -0.06815416
v 0.14109371 -0.02258301 -0.06815416
v 0.14421871 -0.02592285 -0.06752916
v 0.13937501 -0.02409668 -0.06815416
v 0.19515621 0.00561035 -0.02756822
v 0.18593751 0.00491699 -0.04850572
v 0.18796871 0.01020020 -0.04469712
v 0.18859371 0.00511231 -0.04469712
v 0.18859371 0.00511231 -0.04469712
v 0.18796871 0.01020020 -0.04469712
v 0.19031251 0.01053223 -0.04065415
v 0.17250001 0.00391113 -0.06088853
v 0.17250001 0.00391113 -0.06088853
v 0.17203121 0.00779785 -0.06088853
v 0.17578121 0.00836426 -0.05827134
v 0.15078121 0.00229981 -0.06815416
v 0.19421871 0.00552246 -0.03206040
v 0.19515621 0.00561035 -0.02756822
v 0.19437501 -0.00000488 -0.03206040
v 0.19437501 -0.00000488 -0.03206040
v 0.19515621 0.00561035 -0.02756822
v 0.19546871 -0.00000488 -0.02756822
v 0.19437501 -0.00000488 -0.03206040
v 0.19546871 -0.00000488 -0.02756822
v 0.19421871 -0.00553223 -0.03206040
v 0.18328121 -0.00000488 -0.05206040
v 0.18593751 0.00491699 -0.04850572
v 0.18609371 -0.00000488 -0.04850572
v 0.18593751 0.00491699 -0.04850572
v 0.16859371 -0.00000488 -0.06313462
v 0.16859371 -0.00000488 -0.06313462
v 0.16843751 0.00360840 -0.06313462
v 0.17250001 0.00391113 -0.06088853
v 0.19437501 -0.00000488 -0.03206040
v 0.19281251 -0.00000488 -0.03643540
v 0.19437501 -0.00000488 -0.03206040
v 0.19265621 -0.00542481 -0.03643540
v 0.19281251 -0.00000488 -0.03643540
v 0.19265621 -0.00542481 -0.03643540
v 0.19078121 -0.00528809 -0.04065415
v 0.19078121 -0.00528809 -0.04065415
v 0.19265621 -0.00542481 -0.03643540
v 0.19031251 -0.01054199 -0.04065415
v 0.19078121 -0.00528809 -0.04065415
v 0.19031251 -0.01054199 -0.04065415
v 0.18796871 -0.01020020 -0.04469712
v 0.18796871 -0.01020020 -0.04469712
v 0.19031251 -0.01054199 -0.04065415
v 0.18703121 -0.01523926 -0.04469712
v 0.18796871 -0.01020020 -0.04469712
v 0.18703121 -0.01523926 -0.04469712
v 0.18453121 -0.01465332 -0.04850572
v 0.18453121 -0.01465332 -0.04850572
v 0.18703121 -0.01523926 -0.04469712
v 0.18328121 -0.01941895 -0.04850572
v 0.18453121 -0.01465332 -0.04850572
v 0.18328121 -0.01941895 -0.04850572
v 0.18046871 -0.01854981 -0.05206040
v 0.18046871 -0.01854981 -0.05206040
v 0.18328121 -0.01941895 -0.04850572
v 0.17890621 -0.02299316 -0.05206040
v 0.18046871 -0.01854981 -0.05206040
v 0.17890621 -0.02299316 -0.05206040
v 0.17578121 -0.02181152 -0.05532212
v 0.17578121 -0.02181152 -0.05532212
v 0.17890621 -0.02299316 -0.05206040
v 0.17406251 -0.02590332 -0.05532212
v 0.17578121 -0.02181152 -0.05532212
v 0.17406251 -0.02590332 -0.05532212
v 0.17093751 -0.02437012 -0.05827134
v 0.17093751 -0.02437012 -0.05827134
v 0.17406251 -0.02590332 -0.05532212
v 0.16890621 -0.02809082 -0.05827134
v 0.16890621 -0.02809082 -0.05827134
v 0.16562501 -0.02619629 -0.06088853
v 0.16890621 -0.02809082 -0.05827134
v 0.16359371 -0.02951660 -0.06088853
v 0.16359371 -0.02951660 -0.06088853
v 0.16015621 -0.02725098 -0.06313462
v 0.16359371 -0.02951660 -0.06088853
v 0.15812501 -0.03017090 -0.06313462
v 0.16015621 -0.02725098 -0.06313462
v 0.15812501 -0.03017090 -0.06313462
v 0.15468751 -0.02754395 -0.06499010
v 0.15468751 -0.02754395 -0.06499010
v 0.15812501 -0.03017090 -0.06313462
v 0.15265621 -0.03005371 -0.06499010
v 0.15265621 -0.03005371 -0.06499010
v 0.14937501 -0.02709473 -0.06647448
v 0.15265621 -0.03005371 -0.06499010
v 0.14734371 -0.02920410 -0.06647448
v 0.14734371 -0.02920410 -0.06647448
v 0.14421871 -0.02592285 -0.06752916
v 0.14734371 -0.02920410 -0.06647448
v 0.14218751 -0.02765137 -0.06752916
v 0.14218751 -0.02765137 -0.06752916
v 0.13937501 -0.02409668 -0.06815416
v 0.14218751 -0.02765137 -0.06752916
v 0.13750001 -0.02547363 -0.06815416
v 0.19421871 -0.00553223 -0.03206040
v 0.17984371 -0.00445801 -0.05532212
v 0.18328121 -0.00000488 -0.05206040
v 0.18296871 -0.00470215 -0.05206040
v 0.18296871 -0.00470215 -0.05206040
v 0.18328121 -0.00000488 -0.05206040
v 0.18609371 -0.00000488 -0.04850572
v 0.16421871 -0.00330566 -0.06499010
v 0.16437501 -0.00000488 -0.06499010
v 0.19515621 -0.01128418 -0.02297838
v 0.19031251 -0.01054199 -0.04065415
v 0.19265621 -0.00542481 -0.03643540
v 0.19203121 -0.01081543 -0.03643540
v 0.19203121 -0.01081543 -0.03643540
v 0.19265621 -0.00542481 -0.03643540
v 0.19421871 -0.00553223 -0.03206040
v 0.17578121 -0.00837402 -0.05827134
v 0.17984371 -0.00445801 -0.05532212
v 0.17921871 -0.00890137 -0.05532212
v 0.17921871 -0.00890137 -0.05532212
v 0.17984371 -0.00445801 -0.05532212
v 0.18296871 -0.00470215 -0.05206040
v 0.15500001 -0.00526856 -0.06752916
v 0.15984371 -0.00297363 -0.06647448
v 0.15953121 -0.00593262 -0.06647448
v 0.15984371 -0.00297363 -0.06647448
v 0.19453121 -0.01118652 -0.02756822
v 0.19515621 -0.01128418 -0.02297838
v 0.19359371 -0.01670410 -0.02756822
v 0.19359371 -0.01670410 -0.02756822
v 0.19515621 -0.01128418 -0.02297838
v 0.19421871 -0.01684082 -0.02297838
v 0.19359371 -0.01670410 -0.02756822
v 0.19421871 -0.01684082 -0.02297838
v 0.19203121 -0.02212402 -0.02756822
v 0.19265621 -0.02231934 -0.02297838
v 0.19203121 -0.02212402 -0.02756822
v 0.19265621 -0.02231934 -0.02297838
v 0.19031251 -0.02742676 -0.02756822
v 0.19031251 -0.02742676 -0.02756822
v 0.19265621 -0.02231934 -0.02297838
v 0.19078121 -0.02766113 -0.02297838
v 0.19031251 -0.02742676 -0.02756822
v 0.19078121 -0.02766113 -0.02297838
v 0.18796871 -0.03257324 -0.02756822
v 0.18796871 -0.03257324 -0.02756822
v 0.19078121 -0.02766113 -0.02297838
v 0.18859371 -0.03285644 -0.02297838
v 0.18796871 -0.03257324 -0.02756822
v 0.18859371 -0.03285644 -0.02297838
v 0.18546871 -0.03754394 -0.02756822
v 0.18546871 -0.03754394 -0.02756822
v 0.18859371 -0.03285644 -0.02297838
v 0.18593751 -0.03786621 -0.02297838
v 0.18546871 -0.03754394 -0.02756822
v 0.18593751 -0.03786621 -0.02297838
v 0.18250001 -0.04230957 -0.02756822
v 0.18250001 -0.04230957 -0.02756822
v 0.18593751 -0.03786621 -0.02297838
v 0.18296871 -0.04267090 -0.02297838
v 0.18250001 -0.04230957 -0.02756822
v 0.18296871 -0.04267090 -0.02297838
v 0.17906251 -0.04684082 -0.02756822
v 0.17906251 -0.04684082 -0.02756822
v 0.18296871 -0.04267090 -0.02297838
v 0.17968751 -0.04723144 -0.02297838
v 0.17906251 -0.04684082 -0.02756822
v 0.17968751 -0.04723144 -0.02297838
v 0.17546871 -0.05110840 -0.02756822
v 0.17546871 -0.05110840 -0.02756822
v 0.17968751 -0.04723144 -0.02297838
v 0.17593751 -0.05153808 -0.02297838
v 0.17546871 -0.05110840 -0.02756822
v 0.17593751 -0.05153808 -0.02297838
v 0.17156251 -0.05509277 -0.02756822
v 0.17203121 -0.05555176 -0.02297838
v 0.17156251 -0.05509277 -0.02756822
v 0.17203121 -0.05555176 -0.02297838
v 0.16734371 -0.05877441 -0.02756822
v 0.16734371 -0.05877441 -0.02756822
v 0.17203121 -0.05555176 -0.02297838
v 0.16765621 -0.05927246 -0.02297838
v 0.16734371 -0.05877441 -0.02756822
v 0.16765621 -0.05927246 -0.02297838
v 0.16281251 -0.06212402 -0.02756822
v 0.16281251 -0.06212402 -0.02756822
v 0.16765621 -0.05927246 -0.02297838
v 0.16312501 -0.06265137 -0.02297838
v 0.16281251 -0.06212402 -0.02756822
v 0.16312501 -0.06265137 -0.02297838
v 0.15812501 -0.06514160 -0.02756822
v 0.15812501 -0.06514160 -0.02756822
v 0.16312501 -0.06265137 -0.02297838
v 0.15843751 -0.06568848 -0.02297838
v 0.15812501 -0.06514160 -0.02756822
v 0.15843751 -0.06568848 -0.02297838
v 0.15312501 -0.06779785 -0.02756822
v 0.15312501 -0.06779785 -0.02756822
v 0.15843751 -0.06568848 -0.02297838
v 0.15343751 -0.06836426 -0.02297838
v 0.15312501 -0.06779785 -0.02756822
v 0.15343751 -0.06836426 -0.02297838
v 0.14796871 -0.07007325 -0.02756822
v 0.14796871 -0.07007325 -0.02756822
v 0.15343751 -0.06836426 -0.02297838
v 0.14828121 -0.07066896 -0.02297838
v 0.14796871 -0.07007325 -0.02756822
v 0.14828121 -0.07066896 -0.02297838
v 0.14265621 -0.07196778 -0.02756822
v 0.14265621 -0.07196778 -0.02756822
v 0.14828121 -0.07066896 -0.02297838
v 0.14296871 -0.07257325 -0.02297838
v 0.14265621 -0.07196778 -0.02756822
v 0.14296871 -0.07257325 -0.02297838
v 0.13734371 -0.07345215 -0.02756822
v 0.13734371 -0.07345215 -0.02756822
v 0.14296871 -0.07257325 -0.02297838
v 0.13750001 -0.07407715 -0.02297838
v 0.18703121 -0.01523926 -0.04469712
v 0.19031251 -0.01054199 -0.04065415
v 0.18921871 -0.01573730 -0.04065415
v 0.18921871 -0.01573730 -0.04065415
v 0.19031251 -0.01054199 -0.04065415
v 0.19203121 -0.01081543 -0.03643540
v 0.17125001 -0.01165527 -0.06088853
v 0.17578121 -0.00837402 -0.05827134
v 0.17500001 -0.01249512 -0.05827134
v 0.17500001 -0.01249512 -0.05827134
v 0.17578121 -0.00837402 -0.05827134
v 0.17921871 -0.00890137 -0.05532212
v 0.15015621 -0.00685059 -0.06815416
v 0.15500001 -0.00526856 -0.06752916
v 0.15453121 -0.00786621 -0.06752916
v 0.15453121 -0.00786621 -0.06752916
v 0.15500001 -0.00526856 -0.06752916
v 0.15953121 -0.00593262 -0.06647448
v 0.19453121 -0.01118652 -0.02756822
v 0.19359371 -0.01670410 -0.02756822
v 0.19250001 -0.01646973 -0.03206040
v 0.19250001 -0.01646973 -0.03206040
v 0.19359371 -0.01670410 -0.02756822
v 0.19109371 -0.02182129 -0.03206040
v 0.19250001 -0.01646973 -0.03206040
v 0.19109371 -0.02182129 -0.03206040
v 0.18968751 -0.02139160 -0.03643540
v 0.18968751 -0.02139160 -0.03643540
v 0.19109371 -0.02182129 -0.03206040
v 0.18796871 -0.02650879 -0.03643540
v 0.18968751 -0.02139160 -0.03643540
v 0.18796871 -0.02650879 -0.03643540
v 0.18609371 -0.02583496 -0.04065415
v 0.18609371 -0.02583496 -0.04065415
v 0.18796871 -0.02650879 -0.03643540
v 0.18406251 -0.03067871 -0.04065415
v 0.18609371 -0.02583496 -0.04065415
v 0.18406251 -0.03067871 -0.04065415
v 0.18203121 -0.02971191 -0.04469712
v 0.18203121 -0.02971191 -0.04469712
v 0.18406251 -0.03067871 -0.04065415
v 0.17968751 -0.03424316 -0.04469712
v 0.18203121 -0.02971191 -0.04469712
v 0.17968751 -0.03424316 -0.04469712
v 0.17734371 -0.03294433 -0.04850572
v 0.17734371 -0.03294433 -0.04850572
v 0.17968751 -0.03424316 -0.04469712
v 0.17484371 -0.03712402 -0.04850572
v 0.17734371 -0.03294433 -0.04850572
v 0.17484371 -0.03712402 -0.04850572
v 0.17234371 -0.03547363 -0.05206040
v 0.17234371 -0.03547363 -0.05206040
v 0.17484371 -0.03712402 -0.04850572
v 0.16953121 -0.03926269 -0.05206040
v 0.16953121 -0.03926269 -0.05206040
v 0.16703121 -0.03724121 -0.05532212
v 0.16953121 -0.03926269 -0.05206040
v 0.16406251 -0.04062988 -0.05532212
v 0.16406251 -0.04062988 -0.05532212
v 0.16140621 -0.03822754 -0.05827134
v 0.16406251 -0.04062988 -0.05532212
v 0.15859371 -0.04120605 -0.05827134
v 0.16140621 -0.03822754 -0.05827134
v 0.15859371 -0.04120605 -0.05827134
v 0.15593751 -0.03843262 -0.06088853
v 0.15593751 -0.03843262 -0.06088853
v 0.15859371 -0.04120605 -0.05827134
v 0.15296871 -0.04100098 -0.06088853
v 0.15593751 -0.03843262 -0.06088853
v 0.15296871 -0.04100098 -0.06088853
v 0.15046871 -0.03785644 -0.06313462
v 0.15046871 -0.03785644 -0.06313462
v 0.15296871 -0.04100098 -0.06088853
v 0.14750001 -0.04001465 -0.06313462
v 0.15046871 -0.03785644 -0.06313462
v 0.14750001 -0.04001465 -0.06313462
v 0.14515621 -0.03653808 -0.06499010
v 0.14515621 -0.03653808 -0.06499010
v 0.14750001 -0.04001465 -0.06313462
v 0.14234371 -0.03831543 -0.06499010
v 0.14234371 -0.03831543 -0.06499010
v 0.14015621 -0.03453613 -0.06647448
v 0.14234371 -0.03831543 -0.06499010
v 0.13750001 -0.03594238 -0.06647448
v 0.13750001 -0.03594238 -0.06647448
v 0.13562501 -0.03189941 -0.06752916
v 0.13750001 -0.03594238 -0.06647448
v 0.13312501 -0.03297363 -0.06752916
v 0.13312501 -0.03297363 -0.06752916
v 0.13140621 -0.02872559 -0.06815416
v 0.13312501 -0.03297363 -0.06752916
v 0.12921871 -0.02949707 -0.06815416
v 0.19109371 -0.02182129 -0.03206040
v 0.19359371 -0.01670410 -0.02756822
v 0.19203121 -0.02212402 -0.02756822
v 0.18328121 -0.01941895 -0.04850572
v 0.18703121 -0.01523926 -0.04469712
v 0.18578121 -0.02018066 -0.04469712
v 0.18703121 -0.01523926 -0.04469712
v 0.16640621 -0.01425293 -0.06313462
v 0.17125001 -0.01165527 -0.06088853
v 0.17031251 -0.01543457 -0.06088853
v 0.17031251 -0.01543457 -0.06088853
v 0.17125001 -0.01165527 -0.06088853
v 0.17500001 -0.01249512 -0.05827134
v 0.14953121 -0.00907715 -0.06815416
v 0.15015621 -0.00685059 -0.06815416
v 0.15453121 -0.00786621 -0.06752916
v 0.19109371 -0.02182129 -0.03206040
v 0.19203121 -0.02212402 -0.02756822
v 0.18921871 -0.02704590 -0.03206040
v 0.18921871 -0.02704590 -0.03206040
v 0.19203121 -0.02212402 -0.02756822
v 0.19031251 -0.02742676 -0.02756822
v 0.18921871 -0.02704590 -0.03206040
v 0.19031251 -0.02742676 -0.02756822
v 0.18703121 -0.03212402 -0.03206040
v 0.18703121 -0.03212402 -0.03206040
v 0.19031251 -0.02742676 -0.02756822
v 0.18796871 -0.03257324 -0.02756822
v 0.18703121 -0.03212402 -0.03206040
v 0.18796871 -0.03257324 -0.02756822
v 0.18453121 -0.03701660 -0.03206040
v 0.18546871 -0.03754394 -0.02756822
v 0.18453121 -0.03701660 -0.03206040
v 0.18546871 -0.03754394 -0.02756822
v 0.18156251 -0.04171387 -0.03206040
v 0.18156251 -0.04171387 -0.03206040
v 0.18546871 -0.03754394 -0.02756822
v 0.18250001 -0.04230957 -0.02756822
v 0.18156251 -0.04171387 -0.03206040
v 0.18250001 -0.04230957 -0.02756822
v 0.17828121 -0.04617676 -0.03206040
v 0.17828121 -0.04617676 -0.03206040
v 0.18250001 -0.04230957 -0.02756822
v 0.17906251 -0.04684082 -0.02756822
v 0.17828121 -0.04617676 -0.03206040
v 0.17906251 -0.04684082 -0.02756822
v 0.17468751 -0.05038574 -0.03206040
v 0.17468751 -0.05038574 -0.03206040
v 0.17906251 -0.04684082 -0.02756822
v 0.17546871 -0.05110840 -0.02756822
v 0.17468751 -0.05038574 -0.03206040
v 0.17546871 -0.05110840 -0.02756822
v 0.17078121 -0.05432129 -0.03206040
v 0.17078121 -0.05432129 -0.03206040
v 0.17546871 -0.05110840 -0.02756822
v 0.17156251 -0.05509277 -0.02756822
v 0.17078121 -0.05432129 -0.03206040
v 0.17156251 -0.05509277 -0.02756822
v 0.16656251 -0.05794433 -0.03206040
v 0.16656251 -0.05794433 -0.03206040
v 0.17156251 -0.05509277 -0.02756822
v 0.16734371 -0.05877441 -0.02756822
v 0.16656251 -0.05794433 -0.03206040
v 0.16734371 -0.05877441 -0.02756822
v 0.16218751 -0.06125488 -0.03206040
v 0.16218751 -0.06125488 -0.03206040
v 0.16734371 -0.05877441 -0.02756822
v 0.16281251 -0.06212402 -0.02756822
v 0.16218751 -0.06125488 -0.03206040
v 0.16281251 -0.06212402 -0.02756822
v 0.15750001 -0.06423340 -0.03206040
v 0.15750001 -0.06423340 -0.03206040
v 0.16281251 -0.06212402 -0.02756822
v 0.15812501 -0.06514160 -0.02756822
v 0.15750001 -0.06423340 -0.03206040
v 0.15812501 -0.06514160 -0.02756822
v 0.15265621 -0.06684082 -0.03206040
v 0.15265621 -0.06684082 -0.03206040
v 0.15812501 -0.06514160 -0.02756822
v 0.15312501 -0.06779785 -0.02756822
v 0.15265621 -0.06684082 -0.03206040
v 0.15312501 -0.06779785 -0.02756822
v 0.14765621 -0.06908692 -0.03206040
v 0.14765621 -0.06908692 -0.03206040
v 0.15312501 -0.06779785 -0.02756822
v 0.14796871 -0.07007325 -0.02756822
v 0.14765621 -0.06908692 -0.03206040
v 0.14796871 -0.07007325 -0.02756822
v 0.14234371 -0.07095215 -0.03206040
v 0.14234371 -0.07095215 -0.03206040
v 0.14796871 -0.07007325 -0.02756822
v 0.14265621 -0.07196778 -0.02756822
v 0.14234371 -0.07095215 -0.03206040
v 0.14265621 -0.07196778 -0.02756822
v 0.13703121 -0.07242676 -0.03206040
v 0.13734371 -0.07345215 -0.02756822
v 0.17890621 -0.02299316 -0.05206040
v 0.18328121 -0.01941895 -0.04850572
v 0.18156251 -0.02406738 -0.04850572
v 0.18156251 -0.02406738 -0.04850572
v 0.18328121 -0.01941895 -0.04850572
v 0.18578121 -0.02018066 -0.04469712
v 0.16125001 -0.01612793 -0.06499010
v 0.16640621 -0.01425293 -0.06313462
v 0.16515621 -0.01767090 -0.06313462
v 0.16515621 -0.01767090 -0.06313462
v 0.16640621 -0.01425293 -0.06313462
v 0.17031251 -0.01543457 -0.06088853
v 0.19109371 -0.02182129 -0.03206040
v 0.18921871 -0.02704590 -0.03206040
v 0.18796871 -0.02650879 -0.03643540
v 0.18796871 -0.02650879 -0.03643540
v 0.18921871 -0.02704590 -0.03206040
v 0.18578121 -0.03148926 -0.03643540
v 0.18796871 -0.02650879 -0.03643540
v 0.18578121 -0.03148926 -0.03643540
v 0.18406251 -0.03067871 -0.04065415
v 0.18406251 -0.03067871 -0.04065415
v 0.18578121 -0.03148926 -0.03643540
v 0.18156251 -0.03536621 -0.04065415
v 0.18406251 -0.03067871 -0.04065415
v 0.18156251 -0.03536621 -0.04065415
v 0.17968751 -0.03424316 -0.04469712
v 0.17968751 -0.03424316 -0.04469712
v 0.18156251 -0.03536621 -0.04065415
v 0.17687501 -0.03858887 -0.04469712
v 0.17968751 -0.03424316 -0.04469712
v 0.17687501 -0.03858887 -0.04469712
v 0.17484371 -0.03712402 -0.04850572
v 0.17484371 -0.03712402 -0.04850572
v 0.17687501 -0.03858887 -0.04469712
v 0.17187501 -0.04109863 -0.04850572
v 0.17187501 -0.04109863 -0.04850572
v 0.16953121 -0.03926269 -0.05206040
v 0.17187501 -0.04109863 -0.04850572
v 0.16656251 -0.04284668 -0.05206040
v 0.16953121 -0.03926269 -0.05206040
v 0.16656251 -0.04284668 -0.05206040
v 0.16406251 -0.04062988 -0.05532212
v 0.16406251 -0.04062988 -0.05532212
v 0.16656251 -0.04284668 -0.05206040
v 0.16093751 -0.04380371 -0.05532212
v 0.16406251 -0.04062988 -0.05532212
v 0.16093751 -0.04380371 -0.05532212
v 0.15859371 -0.04120605 -0.05827134
v 0.15859371 -0.04120605 -0.05827134
v 0.16093751 -0.04380371 -0.05532212
v 0.15531251 -0.04395996 -0.05827134
v 0.15859371 -0.04120605 -0.05827134
v 0.15531251 -0.04395996 -0.05827134
v 0.15296871 -0.04100098 -0.06088853
v 0.15296871 -0.04100098 -0.06088853
v 0.15531251 -0.04395996 -0.05827134
v 0.14984371 -0.04333496 -0.06088853
v 0.15296871 -0.04100098 -0.06088853
v 0.14984371 -0.04333496 -0.06088853
v 0.14750001 -0.04001465 -0.06313462
v 0.14750001 -0.04001465 -0.06313462
v 0.14984371 -0.04333496 -0.06088853
v 0.14453121 -0.04195801 -0.06313462
v 0.14750001 -0.04001465 -0.06313462
v 0.14453121 -0.04195801 -0.06313462
v 0.14234371 -0.03831543 -0.06499010
v 0.14234371 -0.03831543 -0.06499010
v 0.14453121 -0.04195801 -0.06313462
v 0.13937501 -0.03986816 -0.06499010
v 0.14234371 -0.03831543 -0.06499010
v 0.13937501 -0.03986816 -0.06499010
v 0.13750001 -0.03594238 -0.06647448
v 0.13750001 -0.03594238 -0.06647448
v 0.13937501 -0.03986816 -0.06499010
v 0.13484371 -0.03714355 -0.06647448
v 0.13484371 -0.03714355 -0.06647448
v 0.13312501 -0.03297363 -0.06752916
v 0.13484371 -0.03714355 -0.06647448
v 0.13062501 -0.03386230 -0.06752916
v 0.13312501 -0.03297363 -0.06752916
v 0.13062501 -0.03386230 -0.06752916
v 0.12921871 -0.02949707 -0.06815416
v 0.13062501 -0.03386230 -0.06752916
v 0.12703131 -0.03011231 -0.06815416
v 0.18703121 -0.03212402 -0.03206040
v 0.17406251 -0.02590332 -0.05532212
v 0.17890621 -0.02299316 -0.05206040
v 0.17703121 -0.02730957 -0.05206040
v 0.17703121 -0.02730957 -0.05206040
v 0.17890621 -0.02299316 -0.05206040
v 0.18156251 -0.02406738 -0.04850572
v 0.16000001 -0.01916504 -0.06499010
v 0.16000001 -0.01916504 -0.06499010
v 0.16125001 -0.01612793 -0.06499010
v 0.16515621 -0.01767090 -0.06313462
v 0.18578121 -0.03148926 -0.03643540
v 0.18703121 -0.03212402 -0.03206040
v 0.18328121 -0.03629394 -0.03643540
v 0.18328121 -0.03629394 -0.03643540
v 0.18703121 -0.03212402 -0.03206040
v 0.18453121 -0.03701660 -0.03206040
v 0.18328121 -0.03629394 -0.03643540
v 0.18453121 -0.03701660 -0.03206040
v 0.18031251 -0.04089355 -0.03643540
v 0.18031251 -0.04089355 -0.03643540
v 0.18453121 -0.03701660 -0.03206040
v 0.18156251 -0.04171387 -0.03206040
v 0.18031251 -0.04089355 -0.03643540
v 0.18156251 -0.04171387 -0.03206040
v 0.17718751 -0.04526855 -0.03643540
v 0.17718751 -0.04526855 -0.03643540
v 0.18156251 -0.04171387 -0.03206040
v 0.17828121 -0.04617676 -0.03206040
v 0.17718751 -0.04526855 -0.03643540
v 0.17828121 -0.04617676 -0.03206040
v 0.17359371 -0.04939941 -0.03643540
v 0.17359371 -0.04939941 -0.03643540
v 0.17828121 -0.04617676 -0.03206040
v 0.17468751 -0.05038574 -0.03206040
v 0.17359371 -0.04939941 -0.03643540
v 0.17468751 -0.05038574 -0.03206040
v 0.16984371 -0.05324707 -0.03643540
v 0.16984371 -0.05324707 -0.03643540
v 0.17468751 -0.05038574 -0.03206040
v 0.17078121 -0.05432129 -0.03206040
v 0.16984371 -0.05324707 -0.03643540
v 0.17078121 -0.05432129 -0.03206040
v 0.16578121 -0.05680176 -0.03643540
v 0.16578121 -0.05680176 -0.03643540
v 0.17078121 -0.05432129 -0.03206040
v 0.16656251 -0.05794433 -0.03206040
v 0.16578121 -0.05680176 -0.03643540
v 0.16656251 -0.05794433 -0.03206040
v 0.16140621 -0.06005371 -0.03643540
v 0.16140621 -0.06005371 -0.03643540
v 0.16656251 -0.05794433 -0.03206040
v 0.16218751 -0.06125488 -0.03206040
v 0.16140621 -0.06005371 -0.03643540
v 0.16218751 -0.06125488 -0.03206040
v 0.15671871 -0.06296387 -0.03643540
v 0.15671871 -0.06296387 -0.03643540
v 0.16218751 -0.06125488 -0.03206040
v 0.15750001 -0.06423340 -0.03206040
v 0.15671871 -0.06296387 -0.03643540
v 0.15750001 -0.06423340 -0.03206040
v 0.15265621 -0.06684082 -0.03206040
v 0.16890621 -0.02809082 -0.05827134
v 0.17406251 -0.02590332 -0.05532212
v 0.17203121 -0.02985840 -0.05532212
v 0.17203121 -0.02985840 -0.05532212
v 0.17406251 -0.02590332 -0.05532212
v 0.17703121 -0.02730957 -0.05206040
v 0.15468751 -0.01990723 -0.06647448
v 0.15609371 -0.01727051 -0.06647448
v 0.18578121 -0.03148926 -0.03643540
v 0.18328121 -0.03629394 -0.03643540
v 0.18156251 -0.03536621 -0.04065415
v 0.18156251 -0.03536621 -0.04065415
v 0.18328121 -0.03629394 -0.03643540
v 0.17875001 -0.03984863 -0.04065415
v 0.18156251 -0.03536621 -0.04065415
v 0.17875001 -0.03984863 -0.04065415
v 0.17687501 -0.03858887 -0.04469712
v 0.17687501 -0.03858887 -0.04469712
v 0.17875001 -0.03984863 -0.04065415
v 0.17390621 -0.04271973 -0.04469712
v 0.17687501 -0.03858887 -0.04469712
v 0.17390621 -0.04271973 -0.04469712
v 0.17187501 -0.04109863 -0.04850572
v 0.17187501 -0.04109863 -0.04850572
v 0.17390621 -0.04271973 -0.04469712
v 0.16875001 -0.04483887 -0.04850572
v 0.16875001 -0.04483887 -0.04850572
v 0.16656251 -0.04284668 -0.05206040
v 0.16875001 -0.04483887 -0.04850572
v 0.16312501 -0.04618652 -0.05206040
v 0.16656251 -0.04284668 -0.05206040
v 0.16312501 -0.04618652 -0.05206040
v 0.16093751 -0.04380371 -0.05532212
v 0.16093751 -0.04380371 -0.05532212
v 0.16312501 -0.04618652 -0.05206040
v 0.15765621 -0.04673340 -0.05532212
v 0.16093751 -0.04380371 -0.05532212
v 0.15765621 -0.04673340 -0.05532212
v 0.15531251 -0.04395996 -0.05827134
v 0.15531251 -0.04395996 -0.05827134
v 0.15765621 -0.04673340 -0.05532212
v 0.15203121 -0.04647949 -0.05827134
v 0.15531251 -0.04395996 -0.05827134
v 0.15203121 -0.04647949 -0.05827134
v 0.14984371 -0.04333496 -0.06088853
v 0.14984371 -0.04333496 -0.06088853
v 0.15203121 -0.04647949 -0.05827134
v 0.14656251 -0.04544433 -0.06088853
v 0.14984371 -0.04333496 -0.06088853
v 0.14656251 -0.04544433 -0.06088853
v 0.14453121 -0.04195801 -0.06313462
v 0.14453121 -0.04195801 -0.06313462
v 0.14656251 -0.04544433 -0.06088853
v 0.14125001 -0.04366699 -0.06313462
v 0.14125001 -0.04366699 -0.06313462
v 0.13937501 -0.03986816 -0.06499010
v 0.14125001 -0.04366699 -0.06313462
v 0.13640621 -0.04121582 -0.06499010
v 0.13640621 -0.04121582 -0.06499010
v 0.13484371 -0.03714355 -0.06647448
v 0.13640621 -0.04121582 -0.06499010
v 0.13203121 -0.03814941 -0.06647448
v 0.13203121 -0.03814941 -0.06647448
v 0.13062501 -0.03386230 -0.06752916
v 0.13203121 -0.03814941 -0.06647448
v 0.12812501 -0.03456543 -0.06752916
v 0.12812501 -0.03456543 -0.06752916
v 0.17875001 -0.03984863 -0.04065415
v 0.18328121 -0.03629394 -0.03643540
v 0.18031251 -0.04089355 -0.03643540
v 0.16359371 -0.02951660 -0.06088853
v 0.16890621 -0.02809082 -0.05827134
v 0.16671871 -0.03164551 -0.05827134
v 0.16671871 -0.03164551 -0.05827134
v 0.16890621 -0.02809082 -0.05827134
v 0.17203121 -0.02985840 -0.05532212
v 0.14937501 -0.01990723 -0.06752916
v 0.15078121 -0.01767090 -0.06752916
v 0.17875001 -0.03984863 -0.04065415
v 0.18031251 -0.04089355 -0.03643540
v 0.17562501 -0.04411621 -0.04065415
v 0.17562501 -0.04411621 -0.04065415
v 0.18031251 -0.04089355 -0.03643540
v 0.17718751 -0.04526855 -0.03643540
v 0.17562501 -0.04411621 -0.04065415
v 0.17718751 -0.04526855 -0.03643540
v 0.17218751 -0.04812988 -0.04065415
v 0.17218751 -0.04812988 -0.04065415
v 0.17718751 -0.04526855 -0.03643540
v 0.17359371 -0.04939941 -0.03643540
v 0.17218751 -0.04812988 -0.04065415
v 0.17359371 -0.04939941 -0.03643540
v 0.16859371 -0.05188965 -0.04065415
v 0.16859371 -0.05188965 -0.04065415
v 0.17359371 -0.04939941 -0.03643540
v 0.16984371 -0.05324707 -0.03643540
v 0.16859371 -0.05188965 -0.04065415
v 0.16984371 -0.05324707 -0.03643540
v 0.16453121 -0.05535644 -0.04065415
v 0.16453121 -0.05535644 -0.04065415
v 0.16984371 -0.05324707 -0.03643540
v 0.16578121 -0.05680176 -0.03643540
v 0.16453121 -0.05535644 -0.04065415
v 0.16578121 -0.05680176 -0.03643540
v 0.16031251 -0.05851074 -0.04065415
v 0.16031251 -0.05851074 -0.04065415
v 0.16578121 -0.05680176 -0.03643540
v 0.16140621 -0.06005371 -0.03643540
v 0.16031251 -0.05851074 -0.04065415
v 0.16140621 -0.06005371 -0.03643540
v 0.15578121 -0.06135254 -0.04065415
v 0.15578121 -0.06135254 -0.04065415
v 0.16140621 -0.06005371 -0.03643540
v 0.15671871 -0.06296387 -0.03643540
v 0.15578121 -0.06135254 -0.04065415
v 0.15671871 -0.06296387 -0.03643540
v 0.15125001 -0.06385254 -0.04065415
v 0.15203121 -0.06552246 -0.03643540
v 0.15125001 -0.06385254 -0.04065415
v 0.15203121 -0.06552246 -0.03643540
v 0.14640621 -0.06600098 -0.04065415
v 0.14703121 -0.06772950 -0.03643540
v 0.14640621 -0.06600098 -0.04065415
v 0.14703121 -0.06772950 -0.03643540
v 0.14140621 -0.06777832 -0.04065415
v 0.14187501 -0.06955567 -0.03643540
v 0.14140621 -0.06777832 -0.04065415
v 0.14187501 -0.06955567 -0.03643540
v 0.13625001 -0.06918457 -0.04065415
v 0.13625001 -0.06918457 -0.04065415
v 0.14187501 -0.06955567 -0.03643540
v 0.13671871 -0.07100098 -0.03643540
v 0.15812501 -0.03017090 -0.06313462
v 0.16359371 -0.02951660 -0.06088853
v 0.16125001 -0.03267090 -0.06088853
v 0.16359371 -0.02951660 -0.06088853
v 0.14562501 -0.01734863 -0.06815416
v 0.17875001 -0.03984863 -0.04065415
v 0.17562501 -0.04411621 -0.04065415
v 0.17390621 -0.04271973 -0.04469712
v 0.17390621 -0.04271973 -0.04469712
v 0.17562501 -0.04411621 -0.04065415
v 0.17062501 -0.04660644 -0.04469712
v 0.17062501 -0.04660644 -0.04469712
v 0.16875001 -0.04483887 -0.04850572
v 0.17062501 -0.04660644 -0.04469712
v 0.16515621 -0.04834473 -0.04850572
v 0.16515621 -0.04834473 -0.04850572
v 0.16312501 -0.04618652 -0.05206040
v 0.16515621 -0.04834473 -0.04850572
v 0.15968751 -0.04927246 -0.05206040
v 0.16312501 -0.04618652 -0.05206040
v 0.15968751 -0.04927246 -0.05206040
v 0.15765621 -0.04673340 -0.05532212
v 0.15765621 -0.04673340 -0.05532212
v 0.15968751 -0.04927246 -0.05206040
v 0.15406251 -0.04939941 -0.05532212
v 0.15765621 -0.04673340 -0.05532212
v 0.15406251 -0.04939941 -0.05532212
v 0.15203121 -0.04647949 -0.05827134
v 0.15203121 -0.04647949 -0.05827134
v 0.15406251 -0.04939941 -0.05532212
v 0.14843751 -0.04872558 -0.05827134
v 0.15203121 -0.04647949 -0.05827134
v 0.14843751 -0.04872558 -0.05827134
v 0.14656251 -0.04544433 -0.06088853
v 0.14656251 -0.04544433 -0.06088853
v 0.14843751 -0.04872558 -0.05827134
v 0.14312501 -0.04729004 -0.06088853
v 0.14656251 -0.04544433 -0.06088853
v 0.14312501 -0.04729004 -0.06088853
v 0.14125001 -0.04366699 -0.06313462
v 0.14125001 -0.04366699 -0.06313462
v 0.14312501 -0.04729004 -0.06088853
v 0.13796871 -0.04513183 -0.06313462
v 0.14125001 -0.04366699 -0.06313462
v 0.13796871 -0.04513183 -0.06313462
v 0.13640621 -0.04121582 -0.06499010
v 0.13640621 -0.04121582 -0.06499010
v 0.13796871 -0.04513183 -0.06313462
v 0.13328121 -0.04231933 -0.06499010
v 0.13328121 -0.04231933 -0.06499010
v 0.13203121 -0.03814941 -0.06647448
v 0.13328121 -0.04231933 -0.06499010
v 0.12906251 -0.03894043 -0.06647448
v 0.12906251 -0.03894043 -0.06647448
v 0.17062501 -0.04660644 -0.04469712
v 0.17562501 -0.04411621 -0.04065415
v 0.17218751 -0.04812988 -0.04065415
v 0.15265621 -0.03005371 -0.06499010
v 0.15812501 -0.03017090 -0.06313462
v 0.15578121 -0.03291504 -0.06313462
v 0.15578121 -0.03291504 -0.06313462
v 0.15812501 -0.03017090 -0.06313462
v 0.16125001 -0.03267090 -0.06088853
v 0.17062501 -0.04660644 -0.04469712
v 0.17218751 -0.04812988 -0.04065415
v 0.16703121 -0.05024902 -0.04469712
v 0.16703121 -0.05024902 -0.04469712
v 0.17218751 -0.04812988 -0.04065415
v 0.16859371 -0.05188965 -0.04065415
v 0.16703121 -0.05024902 -0.04469712
v 0.16859371 -0.05188965 -0.04065415
v 0.16312501 -0.05360840 -0.04469712
v 0.16312501 -0.05360840 -0.04469712
v 0.16859371 -0.05188965 -0.04065415
v 0.16453121 -0.05535644 -0.04065415
v 0.16312501 -0.05360840 -0.04469712
v 0.16453121 -0.05535644 -0.04065415
v 0.15906251 -0.05666504 -0.04469712
v 0.15906251 -0.05666504 -0.04469712
v 0.16453121 -0.05535644 -0.04065415
v 0.16031251 -0.05851074 -0.04065415
v 0.15906251 -0.05666504 -0.04469712
v 0.16031251 -0.05851074 -0.04065415
v 0.15468751 -0.05940918 -0.04469712
v 0.15578121 -0.06135254 -0.04065415
v 0.15468751 -0.05940918 -0.04469712
v 0.15578121 -0.06135254 -0.04065415
v 0.15015621 -0.06183105 -0.04469712
v 0.15015621 -0.06183105 -0.04469712
v 0.15578121 -0.06135254 -0.04065415
v 0.15125001 -0.06385254 -0.04065415
v 0.15015621 -0.06183105 -0.04469712
v 0.15125001 -0.06385254 -0.04065415
v 0.14546871 -0.06391113 -0.04469712
v 0.14640621 -0.06600098 -0.04065415
v 0.14546871 -0.06391113 -0.04469712
v 0.14640621 -0.06600098 -0.04065415
v 0.14062501 -0.06562989 -0.04469712
v 0.14140621 -0.06777832 -0.04065415
v 0.14062501 -0.06562989 -0.04469712
v 0.14140621 -0.06777832 -0.04065415
v 0.13578121 -0.06699707 -0.04469712
v 0.13578121 -0.06699707 -0.04469712
v 0.14140621 -0.06777832 -0.04065415
v 0.13625001 -0.06918457 -0.04065415
v 0.14734371 -0.02920410 -0.06647448
v 0.15265621 -0.03005371 -0.06499010
v 0.15031251 -0.03239746 -0.06499010
v 0.15031251 -0.03239746 -0.06499010
v 0.15265621 -0.03005371 -0.06499010
v 0.15578121 -0.03291504 -0.06313462
v 0.17062501 -0.04660644 -0.04469712
v 0.16703121 -0.05024902 -0.04469712
v 0.16515621 -0.04834473 -0.04850572
v 0.16515621 -0.04834473 -0.04850572
v 0.16703121 -0.05024902 -0.04469712
v 0.16156251 -0.05156738 -0.04850572
v 0.16156251 -0.05156738 -0.04850572
v 0.15968751 -0.04927246 -0.05206040
v 0.16156251 -0.05156738 -0.04850572
v 0.15593751 -0.05208496 -0.05206040
v 0.15968751 -0.04927246 -0.05206040
v 0.15593751 -0.05208496 -0.05206040
v 0.15406251 -0.04939941 -0.05532212
v 0.15406251 -0.04939941 -0.05532212
v 0.15593751 -0.05208496 -0.05206040
v 0.15031251 -0.05179199 -0.05532212
v 0.15406251 -0.04939941 -0.05532212
v 0.15031251 -0.05179199 -0.05532212
v 0.14843751 -0.04872558 -0.05827134
v 0.14843751 -0.04872558 -0.05827134
v 0.15031251 -0.05179199 -0.05532212
v 0.14468751 -0.05071777 -0.05827134
v 0.14468751 -0.05071777 -0.05827134
v 0.14312501 -0.04729004 -0.06088853
v 0.14468751 -0.05071777 -0.05827134
v 0.13953121 -0.04888183 -0.06088853
v 0.13953121 -0.04888183 -0.06088853
v 0.13796871 -0.04513183 -0.06313462
v 0.13953121 -0.04888183 -0.06088853
v 0.13453121 -0.04635254 -0.06313462
v 0.13453121 -0.04635254 -0.06313462
v 0.13328121 -0.04231933 -0.06499010
v 0.13453121 -0.04635254 -0.06313462
v 0.13015621 -0.04319824 -0.06499010
v 0.13328121 -0.04231933 -0.06499010
v 0.13015621 -0.04319824 -0.06499010
v 0.12906251 -0.03894043 -0.06647448
v 0.16156251 -0.05156738 -0.04850572
v 0.16703121 -0.05024902 -0.04469712
v 0.16312501 -0.05360840 -0.04469712
v 0.14218751 -0.02765137 -0.06752916
v 0.14734371 -0.02920410 -0.06647448
v 0.14500001 -0.03115723 -0.06647448
v 0.14500001 -0.03115723 -0.06647448
v 0.14734371 -0.02920410 -0.06647448
v 0.15031251 -0.03239746 -0.06499010
v 0.16156251 -0.05156738 -0.04850572
v 0.16312501 -0.05360840 -0.04469712
v 0.15750001 -0.05451660 -0.04850572
v 0.15750001 -0.05451660 -0.04850572
v 0.16312501 -0.05360840 -0.04469712
v 0.15906251 -0.05666504 -0.04469712
v 0.15750001 -0.05451660 -0.04850572
v 0.15906251 -0.05666504 -0.04469712
v 0.15343751 -0.05716308 -0.04850572
v 0.15343751 -0.05716308 -0.04850572
v 0.15906251 -0.05666504 -0.04469712
v 0.15468751 -0.05940918 -0.04469712
v 0.15343751 -0.05716308 -0.04850572
v 0.15468751 -0.05940918 -0.04469712
v 0.14906251 -0.05948730 -0.04850572
v 0.15015621 -0.06183105 -0.04469712
v 0.14906251 -0.05948730 -0.04850572
v 0.15015621 -0.06183105 -0.04469712
v 0.14453121 -0.06148926 -0.04850572
v 0.14453121 -0.06148926 -0.04850572
v 0.15015621 -0.06183105 -0.04469712
v 0.14546871 -0.06391113 -0.04469712
v 0.14453121 -0.06148926 -0.04850572
v 0.14546871 -0.06391113 -0.04469712
v 0.13984371 -0.06314941 -0.04850572
v 0.14062501 -0.06562989 -0.04469712
v 0.13984371 -0.06314941 -0.04850572
v 0.14062501 -0.06562989 -0.04469712
v 0.13515621 -0.06445801 -0.04850572
v 0.13515621 -0.06445801 -0.04850572
v 0.14062501 -0.06562989 -0.04469712
v 0.13578121 -0.06699707 -0.04469712
v 0.14015621 -0.02923340 -0.06752916
v 0.14218751 -0.02765137 -0.06752916
v 0.16156251 -0.05156738 -0.04850572
v 0.15750001 -0.05451660 -0.04850572
v 0.15593751 -0.05208496 -0.05206040
v 0.15593751 -0.05208496 -0.05206040
v 0.15750001 -0.05451660 -0.04850572
v 0.15187501 -0.05461426 -0.05206040
v 0.15593751 -0.05208496 -0.05206040
v 0.15187501 -0.05461426 -0.05206040
v 0.15031251 -0.05179199 -0.05532212
v 0.15031251 -0.05179199 -0.05532212
v 0.15187501 -0.05461426 -0.05206040
v 0.14625001 -0.05390137 -0.05532212
v 0.15031251 -0.05179199 -0.05532212
v 0.14625001 -0.05390137 -0.05532212
v 0.14468751 -0.05071777 -0.05827134
v 0.14468751 -0.05071777 -0.05827134
v 0.14625001 -0.05390137 -0.05532212
v 0.14093751 -0.05241699 -0.05827134
v 0.14093751 -0.05241699 -0.05827134
v 0.13953121 -0.04888183 -0.06088853
v 0.14093751 -0.05241699 -0.05827134
v 0.13578121 -0.05020019 -0.06088853
v 0.13578121 -0.05020019 -0.06088853
v 0.13453121 -0.04635254 -0.06313462
v 0.13578121 -0.05020019 -0.06088853
v 0.13109371 -0.04730957 -0.06313462
v 0.13109371 -0.04730957 -0.06313462
v 0.15187501 -0.05461426 -0.05206040
v 0.15750001 -0.05451660 -0.04850572
v 0.15343751 -0.05716308 -0.04850572
v 0.13562501 -0.02670410 -0.06815416
v 0.13750001 -0.02547363 -0.06815416
v 0.14015621 -0.02923340 -0.06752916
v 0.15203121 -0.06552246 -0.03643540
v 0.15187501 -0.05461426 -0.05206040
v 0.15343751 -0.05716308 -0.04850572
v 0.14781251 -0.05684082 -0.05206040
v 0.14781251 -0.05684082 -0.05206040
v 0.15343751 -0.05716308 -0.04850572
v 0.14906251 -0.05948730 -0.04850572
v 0.14781251 -0.05684082 -0.05206040
v 0.14906251 -0.05948730 -0.04850572
v 0.14343751 -0.05874512 -0.05206040
v 0.14343751 -0.05874512 -0.05206040
v 0.14906251 -0.05948730 -0.04850572
v 0.14453121 -0.06148926 -0.04850572
v 0.14343751 -0.05874512 -0.05206040
v 0.14453121 -0.06148926 -0.04850572
v 0.13906251 -0.06033691 -0.05206040
v 0.13906251 -0.06033691 -0.05206040
v 0.14453121 -0.06148926 -0.04850572
v 0.13984371 -0.06314941 -0.04850572
v 0.13906251 -0.06033691 -0.05206040
v 0.13984371 -0.06314941 -0.04850572
v 0.13453121 -0.06158691 -0.05206040
v 0.13453121 -0.06158691 -0.05206040
v 0.13984371 -0.06314941 -0.04850572
v 0.13515621 -0.06445801 -0.04850572
v 0.14703121 -0.06772950 -0.03643540
v 0.15203121 -0.06552246 -0.03643540
v 0.15265621 -0.06684082 -0.03206040
v 0.14703121 -0.06772950 -0.03643540
v 0.15265621 -0.06684082 -0.03206040
v 0.14765621 -0.06908692 -0.03206040
v 0.15187501 -0.05461426 -0.05206040
v 0.14781251 -0.05684082 -0.05206040
v 0.14625001 -0.05390137 -0.05532212
v 0.14625001 -0.05390137 -0.05532212
v 0.14781251 -0.05684082 -0.05206040
v 0.14218751 -0.05571777 -0.05532212
v 0.14625001 -0.05390137 -0.05532212
v 0.14218751 -0.05571777 -0.05532212
v 0.14093751 -0.05241699 -0.05827134
v 0.14093751 -0.05241699 -0.05827134
v 0.14218751 -0.05571777 -0.05532212
v 0.13703121 -0.05383301 -0.05827134
v 0.14093751 -0.05241699 -0.05827134
v 0.13703121 -0.05383301 -0.05827134
v 0.13578121 -0.05020019 -0.06088853
v 0.13578121 -0.05020019 -0.06088853
v 0.13703121 -0.05383301 -0.05827134
v 0.13203121 -0.05123535 -0.06088853
v 0.13203121 -0.05123535 -0.06088853
v 0.14218751 -0.05571777 -0.05532212
v 0.14781251 -0.05684082 -0.05206040
v 0.14343751 -0.05874512 -0.05206040
v 0.14187501 -0.06955567 -0.03643540
v 0.14703121 -0.06772950 -0.03643540
v 0.14765621 -0.06908692 -0.03206040
v 0.14187501 -0.06955567 -0.03643540
v 0.14765621 -0.06908692 -0.03206040
v 0.14234371 -0.07095215 -0.03206040
v 0.14218751 -0.05571777 -0.05532212
v 0.14343751 -0.05874512 -0.05206040
v 0.13796871 -0.05722168 -0.05532212
v 0.13796871 -0.05722168 -0.05532212
v 0.14343751 -0.05874512 -0.05206040
v 0.13906251 -0.06033691 -0.05206040
v 0.13796871 -0.05722168 -0.05532212
v 0.13906251 -0.06033691 -0.05206040
v 0.13375001 -0.05840332 -0.05532212
v 0.13453121 -0.06158691 -0.05206040
v 0.13671871 -0.07100098 -0.03643540
v 0.14187501 -0.06955567 -0.03643540
v 0.14234371 -0.07095215 -0.03206040
v 0.13671871 -0.07100098 -0.03643540
v 0.14234371 -0.07095215 -0.03206040
v 0.13703121 -0.07242676 -0.03206040
v 0.14218751 -0.05571777 -0.05532212
v 0.13796871 -0.05722168 -0.05532212
v 0.13703121 -0.05383301 -0.05827134
v 0.13703121 -0.05383301 -0.05827134
v 0.13796871 -0.05722168 -0.05532212
v 0.13296871 -0.05494629 -0.05827134
v 0.13296871 -0.05494629 -0.05827134
v 0.13375001 -0.05840332 -0.05532212
v 0.13187501 -0.07538575 -0.01836900
v 0.13187501 -0.07538575 0.02622084
v 0.12937501 -0.07572754 -0.01836900
v 0.12937501 -0.07572754 -0.01836900
v 0.13187501 -0.07538575 0.02622084
v 0.12796881 -0.07584473 0.02231459
v 0.12937501 -0.07572754 -0.01836900
v 0.12796881 -0.07584473 0.02231459
v 0.12671881 -0.07593262 -0.01836900
v 0.12671881 -0.07593262 -0.01836900
v 0.12796881 -0.07584473 0.02231459
v 0.12406251 -0.07600098 0.01836928
v 0.12671881 -0.07593262 -0.01836900
v 0.12406251 -0.07600098 0.01836928
v 0.12406251 -0.07600098 -0.01836900
v 0.12406251 0.07600098 -0.01836900
v 0.12406251 0.07600098 0.01836928
v 0.12671881 0.07593262 -0.01836900
v 0.12671881 0.07593262 -0.01836900
v 0.12406251 0.07600098 0.01836928
v 0.12796881 0.07584473 0.02231459
v 0.12671881 0.07593262 -0.01836900
v 0.12796881 0.07584473 0.02231459
v 0.12937501 0.07571778 -0.01836900
v 0.12937501 0.07571778 -0.01836900
v 0.12796881 0.07584473 0.02231459
v 0.13187501 0.07537598 0.02622084
v 0.12937501 0.07571778 -0.01836900
v 0.13187501 0.07537598 0.02622084
v 0.13187501 0.07537598 -0.01836900
v 0.13187501 0.07537598 0.02622084
v 0.13343751 0.07513185 0.02764663
v 0.13187501 0.07537598 -0.01836900
v 0.13187501 0.07537598 -0.01836900
v 0.13343751 0.07513185 0.02764663
v 0.13562501 0.07469239 0.02971694
v 0.13187501 0.07537598 -0.01836900
v 0.13562501 0.07469239 0.02971694
v 0.13750001 0.07428223 -0.01836900
v 0.13750001 0.07428223 -0.01836900
v 0.13562501 0.07469239 0.02971694
v 0.13796871 0.07415528 0.03182631
v 0.13750001 0.07428223 -0.01836900
v 0.13796871 0.07415528 0.03182631
v 0.14046871 0.07349121 0.03399428
v 0.13750001 0.07428223 -0.01836900
v 0.14046871 0.07349121 0.03399428
v 0.14296871 0.07276857 -0.01836900
v 0.14296871 0.07276857 -0.01836900
v 0.14046871 0.07349121 0.03399428
v 0.14312501 0.07270996 0.03620131
v 0.14296871 0.07276857 -0.01836900
v 0.14312501 0.07270996 0.03620131
v 0.14578121 0.07179200 0.03844741
v 0.14296871 0.07276857 -0.01836900
v 0.14578121 0.07179200 0.03844741
v 0.14828121 0.07085450 -0.01836900
v 0.14828121 0.07085450 -0.01836900
v 0.14578121 0.07179200 0.03844741
v 0.14859371 0.07073732 0.04069350
v 0.14828121 0.07085450 -0.01836900
v 0.14859371 0.07073732 0.04069350
v 0.15140621 0.06953614 0.04295912
v 0.14828121 0.07085450 -0.01836900
v 0.15140621 0.06953614 0.04295912
v 0.15343751 0.06854982 -0.01836900
v 0.15343751 0.06854982 -0.01836900
v 0.15140621 0.06953614 0.04295912
v 0.15421871 0.06818848 0.04520522
v 0.15343751 0.06854982 -0.01836900
v 0.15421871 0.06818848 0.04520522
v 0.15703121 0.06668457 0.04743178
v 0.15843751 0.06587403 -0.01836900
v 0.15843751 0.06587403 -0.01836900
v 0.15703121 0.06668457 0.04743178
v 0.15984371 0.06504396 0.04959975
v 0.15843751 0.06587403 -0.01836900
v 0.15984371 0.06504396 0.04959975
v 0.16328121 0.06282715 -0.01836900
v 0.16265621 0.06326660 0.05170912
v 0.16328121 0.06282715 -0.01836900
v 0.16265621 0.06326660 0.05170912
v 0.16531251 0.06135254 0.05374037
v 0.16328121 0.06282715 -0.01836900
v 0.16531251 0.06135254 0.05374037
v 0.16781251 0.05942871 -0.01836900
v 0.16734371 0.05983887 0.05518569
v 0.16781251 0.05942871 -0.01836900
v 0.16734371 0.05983887 0.05518569
v 0.16937501 0.05820801 0.05661147
v 0.16781251 0.05942871 -0.01836900
v 0.16937501 0.05820801 0.05661147
v 0.17218751 0.05570801 -0.01836900
v 0.17218751 0.05570801 -0.01836900
v 0.16937501 0.05820801 0.05661147
v 0.17125001 0.05646973 0.05801772
v 0.17218751 0.05570801 -0.01836900
v 0.17125001 0.05646973 0.05801772
v 0.17328121 0.05463379 0.05936537
v 0.17218751 0.05570801 -0.01836900
v 0.17328121 0.05463379 0.05936537
v 0.17609371 0.05167480 -0.01836900
v 0.17609371 0.05167480 -0.01836900
v 0.17328121 0.05463379 0.05936537
v 0.17515621 0.05269043 0.06065444
v 0.17609371 0.05167480 -0.01836900
v 0.17515621 0.05269043 0.06065444
v 0.17703121 0.05063965 0.06188491
v 0.17609371 0.05167480 -0.01836900
v 0.17703121 0.05063965 0.06188491
v 0.17984371 0.04735840 -0.01836900
v 0.17890621 0.04850098 0.06301772
v 0.17984371 0.04735840 -0.01836900
v 0.17890621 0.04850098 0.06301772
v 0.18062501 0.04626465 0.06409194
v 0.17984371 0.04735840 -0.01836900
v 0.18062501 0.04626465 0.06409194
v 0.18312501 0.04277832 -0.01836900
v 0.18312501 0.04277832 -0.01836900
v 0.18062501 0.04626465 0.06409194
v 0.18234371 0.04395019 0.06504898
v 0.18312501 0.04277832 -0.01836900
v 0.18234371 0.04395019 0.06504898
v 0.18390621 0.04154785 0.06588881
v 0.18312501 0.04277832 -0.01836900
v 0.18390621 0.04154785 0.06588881
v 0.18609371 0.03796387 -0.01836900
v 0.18609371 0.03796387 -0.01836900
v 0.18390621 0.04154785 0.06588881
v 0.18546871 0.03908691 0.06663100
v 0.18609371 0.03796387 -0.01836900
v 0.18546871 0.03908691 0.06663100
v 0.18687501 0.03654785 0.06725600
v 0.18609371 0.03796387 -0.01836900
v 0.18687501 0.03654785 0.06725600
v 0.18875001 0.03294433 -0.01836900
v 0.18875001 0.03294433 -0.01836900
v 0.18687501 0.03654785 0.06725600
v 0.18828121 0.03396973 0.06774428
v 0.18875001 0.03294433 -0.01836900
v 0.18828121 0.03396973 0.06774428
v 0.18953121 0.03134277 0.06809584
v 0.18875001 0.03294433 -0.01836900
v 0.18953121 0.03134277 0.06809584
v 0.19109371 0.02772949 -0.01836900
v 0.19109371 0.02772949 -0.01836900
v 0.18953121 0.03134277 0.06809584
v 0.19062501 0.02867676 0.06831070
v 0.19171871 0.02600098 0.06836928
v 0.19109371 0.02772949 -0.01836900
v 0.19171871 0.02600098 0.06836928
v 0.19296871 0.02236816 -0.01836900
v 0.19296871 0.02236816 -0.01836900
v 0.19171871 0.02600098 0.06836928
v 0.19328121 0.02095215 0.06836928
v 0.19296871 0.02236816 -0.01836900
v 0.19328121 0.02095215 0.06836928
v 0.19437501 0.01688965 -0.01836900
v 0.19437501 0.01688965 -0.01836900
v 0.19328121 0.02095215 0.06836928
v 0.19453121 0.01580566 0.06836928
v 0.19437501 0.01688965 -0.01836900
v 0.19453121 0.01580566 0.06836928
v 0.19531251 0.01243652 0.01477553
v 0.19531251 0.01243652 0.01477553
v 0.19453121 0.01580566 0.06836928
v 0.19531251 0.01245605 0.01774428
v 0.19531251 0.01245605 0.01774428
v 0.19453121 0.01580566 0.06836928
v 0.19546871 0.01057129 0.06836928
v 0.19531251 0.01245605 0.01774428
v 0.19546871 0.01057129 0.06836928
v 0.19531251 0.01230957 0.01920913
v 0.19531251 0.01230957 0.01920913
v 0.19546871 0.01057129 0.06836928
v 0.19531251 0.01203613 0.02065444
v 0.19531251 0.01203613 0.02065444
v 0.19546871 0.01057129 0.06836928
v 0.19531251 0.01165527 0.02206069
v 0.19531251 0.01165527 0.02206069
v 0.19546871 0.01057129 0.06836928
v 0.19546871 0.01113770 0.02342788
v 0.19546871 0.01113770 0.02342788
v 0.19546871 0.01057129 0.06836928
v 0.19546871 0.01050293 0.02475600
v 0.19546871 0.01050293 0.02475600
v 0.19546871 0.01057129 0.06836928
v 0.19562501 0.00974121 0.02598647
v 0.19562501 0.00974121 0.02598647
v 0.19546871 0.01057129 0.06836928
v 0.19578121 0.00885254 0.02713881
v 0.19578121 0.00885254 0.02713881
v 0.19546871 0.01057129 0.06836928
v 0.19578121 0.00783691 0.02817397
v 0.19578121 0.00783691 0.02817397
v 0.19546871 0.01057129 0.06836928
v 0.19609371 0.00529785 0.06836928
v 0.19578121 0.00783691 0.02817397
v 0.19609371 0.00529785 0.06836928
v 0.19593751 0.00670410 0.02909194
v 0.19593751 0.00670410 0.02909194
v 0.19609371 0.00529785 0.06836928
v 0.19609371 0.00548340 0.02985366
v 0.19609371 0.00548340 0.02985366
v 0.19609371 0.00529785 0.06836928
v 0.19609371 0.00416504 0.03047866
v 0.19609371 0.00416504 0.03047866
v 0.19609371 0.00529785 0.06836928
v 0.19625001 0.00278809 0.03092788
v 0.19625001 0.00278809 0.03092788
v 0.19609371 0.00529785 0.06836928
v 0.19625001 -0.00000488 0.06836928
v 0.19625001 0.00278809 0.03092788
v 0.19625001 -0.00000488 0.06836928
v 0.19625001 0.00136231 0.03118178
v 0.19625001 -0.00008301 0.03127944
v 0.19625001 -0.00153809 0.03116225
v 0.19625001 -0.00295410 0.03088881
v 0.19625001 -0.00295410 0.03088881
v 0.19625001 -0.00000488 0.06836928
v 0.19609371 -0.00530762 0.06836928
v 0.19625001 -0.00295410 0.03088881
v 0.19609371 -0.00530762 0.06836928
v 0.19609371 -0.00433106 0.03042006
v 0.19609371 -0.00433106 0.03042006
v 0.19609371 -0.00530762 0.06836928
v 0.19609371 -0.00562988 0.02977553
v 0.19609371 -0.00562988 0.02977553
v 0.19609371 -0.00530762 0.06836928
v 0.19593751 -0.00685059 0.02899428
v 0.19593751 -0.00685059 0.02899428
v 0.19609371 -0.00530762 0.06836928
v 0.19578121 -0.00796387 0.02805678
v 0.19578121 -0.00796387 0.02805678
v 0.19609371 -0.00530762 0.06836928
v 0.19546871 -0.01058105 0.06836928
v 0.19578121 -0.00796387 0.02805678
v 0.19546871 -0.01058105 0.06836928
v 0.19578121 -0.00895996 0.02702163
v 0.19578121 -0.00895996 0.02702163
v 0.19546871 -0.01058105 0.06836928
v 0.19562501 -0.00982910 0.02586928
v 0.19562501 -0.00982910 0.02586928
v 0.19546871 -0.01058105 0.06836928
v 0.19546871 -0.01058105 0.02461928
v 0.19546871 -0.01058105 0.02461928
v 0.19546871 -0.01058105 0.06836928
v 0.19546871 -0.01119629 0.02331069
v 0.19546871 -0.01119629 0.02331069
v 0.19546871 -0.01058105 0.06836928
v 0.19531251 -0.01169434 0.02194350
v 0.19531251 -0.01169434 0.02194350
v 0.19546871 -0.01058105 0.06836928
v 0.19531251 -0.01206543 0.02053725
v 0.19531251 -0.01206543 0.02053725
v 0.19546871 -0.01058105 0.06836928
v 0.19531251 -0.01232910 0.01909194
v 0.19531251 -0.01232910 0.01909194
v 0.19453121 -0.01580566 0.06836928
v 0.19531251 -0.01232910 0.01909194
v 0.19453121 -0.01580566 0.06836928
v 0.19531251 -0.01246582 0.01762709
v 0.19531251 -0.01246582 0.01762709
v 0.19453121 -0.01580566 0.06836928
v 0.19437501 -0.01688965 -0.01836900
v 0.19531251 -0.01246582 0.01762709
v 0.19437501 -0.01688965 -0.01836900
v 0.19531251 -0.01242676 0.01469741
v 0.19546871 -0.01131348 -0.01836900
v 0.19531251 -0.01242676 0.01469741
v 0.19546871 -0.01131348 -0.01836900
v 0.19531251 -0.01199707 0.01178725
v 0.19531251 -0.01199707 0.01178725
v 0.19546871 -0.01119629 0.00897475
v 0.19546871 -0.01119629 0.00897475
v 0.19546871 -0.01131348 -0.01836900
v 0.19562501 -0.01006348 0.00635756
v 0.19562501 -0.01006348 0.00635756
v 0.19546871 -0.01131348 -0.01836900
v 0.19578121 -0.00865723 0.00399428
v 0.19609371 -0.00567871 -0.01836900
v 0.19578121 -0.00865723 0.00399428
v 0.19609371 -0.00567871 -0.01836900
v 0.19593751 -0.00696777 0.00194350
v 0.19593751 -0.00696777 0.00194350
v 0.19609371 -0.00567871 -0.01836900
v 0.19609371 -0.00599121 0.00102553
v 0.19609371 -0.00599121 0.00102553
v 0.19609371 -0.00567871 -0.01836900
v 0.19609371 -0.00493652 0.00022475
v 0.19609371 -0.00379395 -0.00045884
v 0.19609371 -0.00379395 -0.00045884
v 0.19609371 -0.00567871 -0.01836900
v 0.19625001 -0.00258301 -0.00096666
v 0.19625001 -0.00258301 -0.00096666
v 0.19609371 -0.00567871 -0.01836900
v 0.19625001 -0.00000488 -0.01836900
v 0.19625001 -0.00258301 -0.00096666
v 0.19625001 -0.00000488 -0.01836900
v 0.19625001 -0.00130371 -0.00127916
v 0.19625001 -0.00000488 -0.00139634
v 0.19625001 0.00130371 -0.00127916
v 0.19625001 0.00258301 -0.00096666
v 0.19625001 0.00258301 -0.00096666
v 0.19625001 -0.00000488 -0.01836900
v 0.19609371 0.00566895 -0.01836900
v 0.19625001 0.00258301 -0.00096666
v 0.19609371 0.00566895 -0.01836900
v 0.19609371 0.00378418 -0.00045884
v 0.19609371 0.00378418 -0.00045884
v 0.19609371 0.00566895 -0.01836900
v 0.19609371 0.00492676 0.00022475
v 0.19609371 0.00598145 0.00102553
v 0.19609371 0.00598145 0.00102553
v 0.19609371 0.00566895 -0.01836900
v 0.19593751 0.00695801 0.00192397
v 0.19593751 0.00695801 0.00192397
v 0.19609371 0.00566895 -0.01836900
v 0.19578121 0.00864746 0.00399428
v 0.19578121 0.00864746 0.00399428
v 0.19609371 0.00566895 -0.01836900
v 0.19546871 0.01131348 -0.01836900
v 0.19562501 0.01007324 0.00637709
v 0.19562501 0.01007324 0.00637709
v 0.19546871 0.01131348 -0.01836900
v 0.19546871 0.01119629 0.00901381
v 0.19546871 0.01119629 0.00901381
v 0.19546871 0.01131348 -0.01836900
v 0.19531251 0.01199707 0.01184584
v 0.19531251 0.01199707 0.01184584
v 0.19546871 0.01131348 -0.01836900
v 0.19531251 0.01243652 0.01477553
v 0.19531251 0.01243652 0.01477553
v 0.19437501 0.01688965 -0.01836900
v 0.19453121 -0.01580566 0.06836928
v 0.19328121 -0.02095215 0.06836928
v 0.19437501 -0.01688965 -0.01836900
v 0.19437501 -0.01688965 -0.01836900
v 0.19328121 -0.02095215 0.06836928
v 0.19296871 -0.02237793 -0.01836900
v 0.19296871 -0.02237793 -0.01836900
v 0.19328121 -0.02095215 0.06836928
v 0.19171871 -0.02600098 0.06836928
v 0.19296871 -0.02237793 -0.01836900
v 0.19171871 -0.02600098 0.06836928
v 0.19109371 -0.02773926 -0.01836900
v 0.19109371 -0.02773926 -0.01836900
v 0.19171871 -0.02600098 0.06836928
v 0.19062501 -0.02890137 0.06829116
v 0.19109371 -0.02773926 -0.01836900
v 0.19062501 -0.02890137 0.06829116
v 0.18937501 -0.03177246 0.06803725
v 0.19109371 -0.02773926 -0.01836900
v 0.18937501 -0.03177246 0.06803725
v 0.18875001 -0.03294433 -0.01836900
v 0.18875001 -0.03294433 -0.01836900
v 0.18937501 -0.03177246 0.06803725
v 0.18796871 -0.03459473 0.06762709
v 0.18875001 -0.03294433 -0.01836900
v 0.18796871 -0.03459473 0.06762709
v 0.18609371 -0.03797363 -0.01836900
v 0.18609371 -0.03797363 -0.01836900
v 0.18796871 -0.03459473 0.06762709
v 0.18656251 -0.03735840 0.06706070
v 0.18609371 -0.03797363 -0.01836900
v 0.18656251 -0.03735840 0.06706070
v 0.18484371 -0.04006348 0.06635756
v 0.18609371 -0.03797363 -0.01836900
v 0.18484371 -0.04006348 0.06635756
v 0.18312501 -0.04278808 -0.01836900
v 0.18312501 -0.04278808 -0.01836900
v 0.18484371 -0.04006348 0.06635756
v 0.18328121 -0.04268066 0.06551773
v 0.18312501 -0.04278808 -0.01836900
v 0.18328121 -0.04268066 0.06551773
v 0.18140621 -0.04521973 0.06454116
v 0.18312501 -0.04278808 -0.01836900
v 0.18140621 -0.04521973 0.06454116
v 0.17984371 -0.04736816 -0.01836900
v 0.17984371 -0.04736816 -0.01836900
v 0.18140621 -0.04521973 0.06454116
v 0.17953121 -0.04767090 0.06344741
v 0.17984371 -0.04736816 -0.01836900
v 0.17953121 -0.04767090 0.06344741
v 0.17765621 -0.05001465 0.06223647
v 0.17984371 -0.04736816 -0.01836900
v 0.17765621 -0.05001465 0.06223647
v 0.17609371 -0.05168457 -0.01836900
v 0.17609371 -0.05168457 -0.01836900
v 0.17765621 -0.05001465 0.06223647
v 0.17562501 -0.05225098 0.06092787
v 0.17609371 -0.05168457 -0.01836900
v 0.17562501 -0.05225098 0.06092787
v 0.17343751 -0.05437988 0.05954116
v 0.17609371 -0.05168457 -0.01836900
v 0.17343751 -0.05437988 0.05954116
v 0.17218751 -0.05570801 -0.01836900
v 0.17218751 -0.05570801 -0.01836900
v 0.17343751 -0.05437988 0.05954116
v 0.17140621 -0.05639160 0.05807631
v 0.17218751 -0.05570801 -0.01836900
v 0.17140621 -0.05639160 0.05807631
v 0.16921871 -0.05829590 0.05655287
v 0.17218751 -0.05570801 -0.01836900
v 0.16921871 -0.05829590 0.05655287
v 0.16781251 -0.05943848 -0.01836900
v 0.16781251 -0.05943848 -0.01836900
v 0.16921871 -0.05829590 0.05655287
v 0.16703121 -0.06006348 0.05497084
v 0.16781251 -0.05943848 -0.01836900
v 0.16703121 -0.06006348 0.05497084
v 0.16484371 -0.06172363 0.05336928
v 0.16328121 -0.06282715 -0.01836900
v 0.16328121 -0.06282715 -0.01836900
v 0.16484371 -0.06172363 0.05336928
v 0.16265621 -0.06325683 0.05172866
v 0.16328121 -0.06282715 -0.01836900
v 0.16265621 -0.06325683 0.05172866
v 0.16015621 -0.06489746 0.04979506
v 0.16328121 -0.06282715 -0.01836900
v 0.16015621 -0.06489746 0.04979506
v 0.15843751 -0.06587403 -0.01836900
v 0.15843751 -0.06587403 -0.01836900
v 0.16015621 -0.06489746 0.04979506
v 0.15750001 -0.06644043 0.04778334
v 0.15843751 -0.06587403 -0.01836900
v 0.15750001 -0.06644043 0.04778334
v 0.15484371 -0.06785646 0.04573256
v 0.15343751 -0.06855957 -0.01836900
v 0.15343751 -0.06855957 -0.01836900
v 0.15484371 -0.06785646 0.04573256
v 0.15218751 -0.06915528 0.04364272
v 0.15343751 -0.06855957 -0.01836900
v 0.15218751 -0.06915528 0.04364272
v 0.14953121 -0.07032715 0.04151381
v 0.15343751 -0.06855957 -0.01836900
v 0.14953121 -0.07032715 0.04151381
v 0.14828121 -0.07086426 -0.01836900
v 0.14828121 -0.07086426 -0.01836900
v 0.14953121 -0.07032715 0.04151381
v 0.14703121 -0.07137207 0.03938491
v 0.14828121 -0.07086426 -0.01836900
v 0.14703121 -0.07137207 0.03938491
v 0.14437501 -0.07229982 0.03727553
v 0.14828121 -0.07086426 -0.01836900
v 0.14437501 -0.07229982 0.03727553
v 0.14296871 -0.07277832 -0.01836900
v 0.14296871 -0.07277832 -0.01836900
v 0.14437501 -0.07229982 0.03727553
v 0.14187501 -0.07310060 0.03516616
v 0.14296871 -0.07277832 -0.01836900
v 0.14187501 -0.07310060 0.03516616
v 0.13953121 -0.07378418 0.03309584
v 0.14296871 -0.07277832 -0.01836900
v 0.13953121 -0.07378418 0.03309584
v 0.13750001 -0.07428223 -0.01836900
v 0.13750001 -0.07428223 -0.01836900
v 0.13953121 -0.07378418 0.03309584
v 0.13718751 -0.07436036 0.03106459
v 0.13750001 -0.07428223 -0.01836900
v 0.13718751 -0.07436036 0.03106459
v 0.13500001 -0.07483887 0.02909194
v 0.13187501 -0.07538575 0.02622084
v 0.13187501 -0.07538575 -0.01836900
v 0.13500001 -0.07483887 0.02909194
v 0.13500001 -0.07483887 0.02909194
v 0.13187501 -0.07538575 -0.01836900
v 0.13750001 -0.07428223 -0.01836900
v 0.19328121 0.02095215 0.06836928
v -0.00984375 0.00920410 0.06836928
v -0.01171875 0.00973145 0.06836928
v -0.01359375 0.00982910 0.06836928
v -0.01562500 0.00951660 0.06836928
v -0.01734375 0.00879395 0.06836928
v -0.01906250 0.00770996 0.06836928
v -0.02031250 0.00629395 0.06836928
v -0.02140625 0.00462402 0.06836928
v -0.02203125 0.00277832 0.06836928
v -0.02218750 0.00084473 0.06836928
v -0.03437500 -0.02880371 0.06836928
v -0.02203125 -0.00108887 0.06836928
v -0.02140625 -0.00293457 0.06836928
v -0.02031250 -0.00459473 0.06836928
v -0.01906250 -0.00601074 0.06836928
v -0.01734375 -0.00710449 0.06836928
v -0.01562500 -0.00782715 0.06836928
v -0.01359375 -0.00813965 0.06836928
v -0.00750000 -0.02571777 0.06836928
v -0.00531250 -0.02530762 0.06836928
v -0.01328125 -0.02880371 0.06836928
v -0.01156250 -0.02748535 0.06836928
v -0.00953125 -0.02645996 0.06836928
v -0.00312500 -0.02520996 0.06836928
v -0.01171875 -0.00803223 0.06836928
v -0.00078125 -0.02544434 0.06836928
v -0.00984375 -0.00751465 0.06836928
v -0.00812500 -0.00660645 0.06836928
v 0.19453121 -0.01580566 0.06836928
v -0.00671875 -0.00534668 0.06836928
v 0.19546871 -0.01058105 0.06836928
v -0.00546875 -0.00379395 0.06836928
v 0.19609371 -0.00530762 0.06836928
v -0.00468750 -0.00202637 0.06836928
v 0.19625001 -0.00000488 0.06836928
v -0.00421875 -0.00012207 0.06836928
v -0.00421875 0.00182129 0.06836928
v 0.19609371 0.00529785 0.06836928
v -0.00468750 0.00371582 0.06836928
v -0.00546875 0.00548340 0.06836928
v 0.19546871 0.01057129 0.06836928
v -0.00671875 0.00703613 0.06836928
v 0.19453121 0.01580566 0.06836928
v -0.00812500 0.00829590 0.06836928
v 0.19328121 -0.02095215 0.06836928
f 1 2 3
f 3 2 4
f 3 4 5
f 5 4 6
f 5 6 7
f 7 6 8
f 7 8 9
f 9 8 10
f 9 10 11
f 9 11 12
f 12 11 13
f 12 13 14
f 14 13 15
f 14 15 16
f 14 16 17
f 17 16 18
f 17 18 19
f 19 20 17
f 17 20 21
f 21 20 22
f 21 22 23
f 23 24 21
f 21 24 25
f 21 25 26
f 26 27 21
f 21 27 28
f 21 28 29
f 21 29 30
f 30 29 31
f 30 31 32
f 32 33 30
f 30 33 34
f 34 33 35
f 34 35 36
f 34 36 37
f 37 36 38
f 37 38 39
f 39 38 40
f 39 40 41
f 39 41 42
f 42 41 43
f 42 43 44
f 44 43 45
f 44 45 46
f 46 45 47
f 46 47 48
f 49 50 51
f 51 50 52
f 51 52 53
f 53 52 54
f 53 54 55
f 55 54 56
f 55 56 57
f 57 56 58
f 57 58 59
f 57 59 60
f 60 59 61
f 60 61 62
f 62 61 63
f 62 63 64
f 64 63 65
f 64 65 66
f 64 66 67
f 67 66 68
f 67 68 69
f 69 68 70
f 69 70 71
f 71 70 72
f 71 72 73
f 73 72 74
f 73 74 75
f 73 75 76
f 76 75 77
f 76 77 78
f 78 77 79
f 78 79 80
f 80 79 81
f 80 81 82
f 80 82 83
f 83 82 84
f 83 84 85
f 85 84 86
f 85 86 87
f 87 86 88
f 87 88 89
f 87 89 90
f 90 89 91
f 90 91 92
f 92 91 93
f 92 93 94
f 94 93 95
f 94 95 96
f 94 96 97
f 97 96 98
f 97 98 99
f 99 98 100
f 99 100 101
f 101 100 102
f 101 102 103
f 103 102 104
f 103 104 105
f 103 105 106
f 106 105 107
f 106 107 108
f 108 107 109
f 108 109 110
f 110 109 111
f 110 111 112
f 110 112 113
f 113 112 114
f 113 114 115
f 115 114 49
f 115 49 51
f 116 117 118
f 118 117 119
f 120 121 122
f 123 124 125
f 126 127 128
f 129 130 131
f 132 133 134
f 135 136 137
f 138 139 140
f 141 142 143
f 144 145 146
f 147 148 149
f 150 151 152
f 153 154 155
f 156 157 158
f 159 160 161
f 162 163 164
f 165 166 167
f 168 169 170
f 171 172 173
f 174 175 176
f 177 178 179
f 180 181 182
f 183 184 185
f 186 187 188
f 189 190 191
f 192 193 194
f 195 196 197
f 198 199 200
f 198 200 201
f 202 203 204
f 205 206 207
f 208 209 210
f 211 212 213
f 213 212 214
f 215 216 217
f 218 219 220
f 221 222 223
f 224 225 226
f 227 228 229
f 230 231 232
f 233 234 235
f 236 237 238
f 239 240 241
f 242 243 244
f 245 246 247
f 248 249 250
f 251 252 253
f 254 255 256
f 257 258 259
f 260 261 262
f 263 264 265
f 266 267 268
f 269 270 271
f 272 273 274
f 275 276 277
f 278 279 280
f 281 282 283
f 281 283 284
f 285 286 287
f 288 289 290
f 291 292 293
f 294 295 296
f 297 298 299
f 300 301 302
f 303 304 305
f 306 307 308
f 309 310 311
f 312 313 314
f 315 316 317
f 315 317 318
f 319 320 321
f 316 322 317
f 323 324 325
f 326 327 328
f 329 330 331
f 332 333 334
f 335 336 337
f 338 339 340
f 341 342 343
f 344 345 346
f 347 348 349
f 350 351 352
f 353 354 355
f 356 357 358
f 359 360 361
f 362 363 364
f 365 366 367
f 367 366 368
f 367 368 369
f 369 368 370
f 369 370 371
f 371 370 372
f 371 372 373
f 373 372 374
f 373 374 375
f 373 375 376
f 376 375 377
f 376 377 378
f 378 377 379
f 378 379 380
f 380 379 381
f 380 381 382
f 380 382 383
f 383 382 384
f 383 384 385
f 385 384 386
f 385 386 387
f 387 386 388
f 387 388 389
f 389 388 390
f 389 390 391
f 389 391 392
f 392 391 393
f 392 393 394
f 394 393 395
f 394 395 396
f 396 395 397
f 396 397 398
f 396 398 399
f 399 398 400
f 399 400 401
f 401 400 402
f 401 402 403
f 403 402 404
f 403 404 405
f 403 405 406
f 406 405 407
f 406 407 408
f 408 407 409
f 408 409 410
f 410 409 411
f 410 411 412
f 410 412 413
f 413 412 414
f 413 414 415
f 415 414 416
f 415 416 417
f 417 416 418
f 417 418 419
f 419 418 420
f 419 420 421
f 419 421 422
f 422 421 423
f 422 423 424
f 424 423 425
f 424 425 426
f 426 425 427
f 426 427 428
f 426 428 429
f 429 428 430
f 429 430 431
f 431 430 365
f 431 365 367
f 432 433 434
f 434 433 435
f 435 433 436
f 435 436 437
f 437 436 438
f 439 440 441
f 441 440 442
f 441 442 443
f 443 442 444
f 443 444 445
f 446 447 448
f 448 447 449
f 450 451 452
f 452 451 453
f 454 455 456
f 456 455 457
f 458 459 460
f 460 459 461
f 462 463 464
f 464 463 465
f 466 467 468
f 468 467 469
f 470 471 472
f 472 471 473
f 474 475 476
f 476 475 477
f 478 479 480
f 480 479 481
f 482 483 484
f 484 483 485
f 486 487 488
f 488 487 489
f 490 491 492
f 492 491 493
f 494 495 496
f 496 495 497
f 498 499 500
f 500 499 501
f 502 503 504
f 504 503 505
f 506 507 508
f 508 507 509
f 510 511 512
f 512 511 513
f 514 515 516
f 516 515 517
f 518 519 520
f 520 519 521
f 522 523 524
f 524 523 525
f 526 527 528
f 528 527 529
f 530 531 532
f 532 531 533
f 534 535 536
f 536 535 537
f 538 539 540
f 540 539 541
f 542 543 544
f 544 543 545
f 546 547 548
f 548 547 549
f 550 551 552
f 552 551 553
f 554 555 556
f 556 555 557
f 558 559 560
f 560 559 561
f 562 563 564
f 564 563 565
f 566 567 568
f 568 567 569
f 568 569 570
f 570 569 571
f 570 571 572
f 572 573 570
f 574 575 576
f 576 575 577
f 577 575 578
f 578 575 579
f 578 579 580
f 580 579 581
f 582 583 584
f 584 583 585
f 585 583 586
f 586 583 587
f 586 587 588
f 589 590 591
f 591 590 592
f 593 594 595
f 595 594 596
f 597 598 599
f 599 598 600
f 601 602 603
f 603 602 604
f 605 606 607
f 607 606 608
f 609 610 611
f 611 610 612
f 613 614 615
f 615 614 616
f 617 618 619
f 619 618 620
f 621 622 623
f 623 622 624
f 625 626 627
f 627 626 628
f 629 630 631
f 631 630 632
f 633 634 635
f 635 634 636
f 637 638 639
f 639 638 640
f 641 642 643
f 643 642 644
f 645 646 647
f 647 646 648
f 649 650 651
f 651 650 652
f 653 654 655
f 655 654 656
f 657 658 659
f 659 658 660
f 661 662 663
f 663 662 664
f 665 666 667
f 667 666 668
f 669 670 671
f 671 670 672
f 673 674 675
f 675 674 676
f 677 678 679
f 679 678 680
f 681 682 683
f 683 682 684
f 685 686 687
f 687 686 688
f 689 690 691
f 691 690 692
f 693 694 695
f 695 694 696
f 697 698 699
f 699 698 700
f 699 700 701
f 702 703 698
f 698 703 704
f 698 704 705
f 706 707 702
f 702 707 708
f 702 708 709
f 710 711 706
f 706 711 712
f 706 712 713
f 714 715 710
f 710 715 716
f 710 716 717
f 718 719 715
f 715 719 720
f 715 720 716
f 721 722 718
f 718 722 723
f 718 723 719
f 724 725 721
f 721 725 726
f 721 726 722
f 727 728 724
f 724 728 729
f 724 729 725
f 728 727 730
f 730 727 731
f 730 731 732
f 732 731 733
f 733 731 734
f 733 734 735
f 735 734 736
f 735 736 737
f 737 736 738
f 738 736 739
f 738 739 740
f 740 739 741
f 740 741 742
f 742 741 743
f 742 743 744
f 744 743 745
f 744 745 746
f 746 745 747
f 746 747 748
f 748 747 749
f 749 747 750
f 749 750 751
f 751 750 752
f 751 752 753
f 753 752 754
f 754 752 755
f 754 755 756
f 756 755 757
f 756 757 758
f 758 757 759
f 759 757 760
f 759 760 761
f 761 760 762
f 762 760 763
f 762 763 764
f 764 763 765
f 764 765 766
f 766 765 701
f 701 765 699
f 709 767 702
f 702 767 768
f 702 768 769
f 769 703 702
f 705 770 698
f 698 770 771
f 698 771 772
f 772 773 698
f 698 773 774
f 698 774 775
f 775 776 698
f 698 776 700
f 717 777 710
f 710 777 778
f 710 778 779
f 779 780 710
f 710 780 781
f 710 781 782
f 782 783 710
f 710 783 784
f 710 784 711
f 713 785 706
f 706 785 786
f 706 786 787
f 787 707 706
f 788 789 790
f 790 789 791
f 791 789 792
f 791 792 793
f 793 792 794
f 793 794 795
f 795 794 796
f 795 796 797
f 797 796 798
f 797 798 799
f 799 798 800
f 799 800 801
f 801 800 802
f 801 802 803
f 803 802 804
f 803 804 805
f 805 804 806
f 805 806 807
f 807 806 808
f 807 808 809
f 809 808 810
f 809 810 811
f 811 810 812
f 811 812 813
f 813 812 814
f 814 812 815
f 814 815 816
f 816 815 817
f 816 817 818
f 818 817 819
f 819 817 820
f 819 820 821
f 821 820 822
f 822 820 823
f 822 823 824
f 824 823 825
f 824 825 826
f 826 825 827
f 827 825 828
f 827 828 829
f 829 828 830
f 829 830 831
f 831 830 832
f 831 832 833
f 833 832 834
f 833 834 835
f 835 834 836
f 835 836 837
f 837 836 838
f 837 838 839
f 839 838 840
f 839 840 841
f 841 840 842
f 841 842 843
f 843 842 844
f 843 844 845
f 845 844 846
f 845 846 847
f 847 846 848
f 847 848 849
f 849 848 850
f 851 852 853
f 853 852 854
f 854 852 855
f 854 855 856
f 856 855 857
f 857 855 858
f 859 860 861
f 861 860 862
f 863 864 865
f 865 864 866
f 867 868 869
f 869 868 870
f 871 872 873
f 873 872 874
f 875 876 877
f 877 876 878
f 879 880 881
f 881 880 882
f 883 884 885
f 885 884 886
f 887 888 889
f 889 888 890
f 891 892 893
f 893 892 894
f 895 896 897
f 897 896 898
f 899 900 901
f 901 900 902
f 903 904 905
f 905 904 906
f 907 908 909
f 909 908 910
f 911 912 913
f 913 912 914
f 915 916 917
f 917 916 918
f 919 920 921
f 921 920 922
f 923 924 925
f 925 924 926
f 927 928 929
f 929 928 930
f 931 932 933
f 933 932 934
f 935 936 937
f 937 936 938
f 939 940 941
f 941 940 942
f 943 944 945
f 945 944 946
f 947 948 949
f 949 948 950
f 951 952 953
f 953 952 954
f 955 956 957
f 957 956 958
f 959 960 961
f 961 960 962
f 963 964 965
f 965 964 966
f 967 968 969
f 969 968 970
f 969 970 971
f 971 970 972
f 971 972 973
f 971 973 974
f 974 973 975
f 974 975 976
f 976 977 974
f 974 977 978
f 974 978 979
f 980 981 982
f 982 981 983
f 984 985 986
f 986 985 987
f 988 989 990
f 990 989 991
f 992 993 994
f 994 993 995
f 996 997 998
f 998 997 999
f 1000 1001 1002
f 1002 1001 1003
f 1004 1005 1006
f 1006 1005 1007
f 1008 1009 1010
f 1010 1009 1011
f 1012 1013 1014
f 1014 1013 1015
f 1016 1017 1018
f 1018 1017 1019
f 1020 1021 1022
f 1022 1021 1023
f 1024 1025 1026
f 1026 1025 1027
f 1028 1029 1030
f 1030 1029 1031
f 1032 1033 1034
f 1034 1033 1035
f 1036 1037 1038
f 1038 1037 1039
f 1040 1041 1042
f 1042 1041 1043
f 1044 1045 1046
f 1046 1045 1047
f 1048 1049 1050
f 1050 1049 1051
f 1052 1053 1054
f 1054 1053 1055
f 1056 1057 1058
f 1058 1057 1059
f 1060 1061 1062
f 1062 1061 1063
f 1064 1065 1066
f 1066 1065 1067
f 1068 1069 1070
f 1070 1069 1071
f 1072 1073 1074
f 1074 1073 1075
f 1076 1077 1078
f 1078 1077 1079
f 1080 1081 1082
f 1082 1081 1083
f 1084 1085 1086
f 1086 1085 1087
f 1088 1089 1090
f 1090 1089 1091
f 1091 1089 1092
f 1091 1092 1093
f 1093 1092 1094
f 1094 1092 1095
f 1096 1097 1098
f 1098 1097 1099
f 1099 1097 1100
f 1099 1100 1101
f 1102 1103 1104
f 1104 1103 1105
f 1106 1107 1108
f 1108 1107 1109
f 1110 1111 1112
f 1112 1111 1113
f 1114 1115 1116
f 1116 1115 1117
f 1118 1119 1120
f 1120 1119 1121
f 1122 1123 1124
f 1124 1123 1125
f 1126 1127 1128
f 1128 1127 1129
f 1130 1131 1132
f 1132 1131 1133
f 1134 1135 1136
f 1136 1135 1137
f 1138 1139 1140
f 1140 1139 1141
f 1142 1143 1144
f 1144 1143 1145
f 1146 1147 1148
f 1148 1147 1149
f 1150 1151 1152
f 1152 1151 1153
f 1154 1155 1156
f 1156 1155 1157
f 1158 1159 1160
f 1160 1159 1161
f 1162 1163 1164
f 1164 1163 1165
f 1166 1167 1168
f 1168 1167 1169
f 1170 1171 1172
f 1172 1171 1173
f 1174 1175 1176
f 1176 1175 1177
f 1178 1179 1180
f 1180 1179 1181
f 1182 1183 1184
f 1184 1183 1185
f 1186 1187 1188
f 1188 1187 1189
f 1190 1191 1192
f 1192 1191 1193
f 1194 1195 1196
f 1196 1195 1197
f 1198 1199 1200
f 1200 1199 1201
f 1202 1203 1204
f 1204 1203 1205
f 1206 1207 1208
f 1208 1207 1209
f 1210 1211 1212
f 1212 1211 1213
f 1213 1211 1214
f 1214 1211 1215
f 1214 1215 1216
f 1217 1218 1219
f 1219 1218 1220
f 1219 1220 1221
f 1219 1221 1222
f 1222 1221 1223
f 1222 1223 1224
f 1224 1225 1222
f 1222 1225 1226
f 1227 1228 1229
f 1229 1228 1230
f 1231 1232 1233
f 1233 1232 1234
f 1235 1236 1237
f 1237 1236 1238
f 1239 1240 1241
f 1241 1240 1242
f 1243 1244 1245
f 1245 1244 1246
f 1247 1248 1249
f 1249 1248 1250
f 1251 1252 1253
f 1253 1252 1254
f 1255 1256 1257
f 1257 1256 1258
f 1259 1260 1261
f 1261 1260 1262
f 1263 1264 1265
f 1265 1264 1266
f 1267 1268 1269
f 1269 1268 1270
f 1271 1272 1273
f 1273 1272 1274
f 1275 1276 1277
f 1277 1276 1278
f 1279 1280 1281
f 1281 1280 1282
f 1283 1284 1285
f 1285 1284 1286
f 1287 1288 1289
f 1289 1288 1290
f 1291 1292 1293
f 1293 1292 1294
f 1295 1296 1297
f 1297 1296 1298
f 1299 1300 1301
f 1302 1303 1304
f 1305 1306 1307
f 1308 1309 1310
f 1311 1312 1313
f 1314 1315 1316
f 1317 1318 1319
f 1319 1318 1320
f 1321 1322 1323
f 1323 1322 1324
f 1325 1326 1327
f 1327 1326 1328
f 1329 1330 1331
f 1331 1330 1332
f 1333 1334 1335
f 1335 1334 1336
f 1337 1338 1339
f 1339 1338 1340
f 1341 1342 1343
f 1344 1345 1346
f 1346 1345 1347
f 1346 1347 1348
f 1348 1349 1346
f 1350 1351 1352
f 1352 1351 1353
f 1354 1355 1356
f 1357 1358 1359
f 1360 1361 1362
f 1363 1364 1365
f 1366 1367 1368
f 1369 1370 1371
f 1372 1373 1374
f 1372 1374 1375
f 1376 1377 1378
f 1379 1380 1381
f 1382 1383 1384
f 1385 1386 1387
f 1388 1389 1390
f 1391 1392 1393
f 1394 1395 1396
f 1397 1398 1399
f 1400 1401 1402
f 1403 1404 1405
f 1406 1407 1408
f 1409 1410 1411
f 1412 1413 1414
f 1415 1416 1417
f 1418 1419 1420
f 1421 1422 1423
f 1424 1425 1426
f 1427 1428 1429
f 1430 1431 1432
f 1433 1434 1435
f 1436 1437 1438
f 1439 1440 1441
f 1442 1443 1444
f 1445 1446 1447
f 1448 1449 1450
f 1448 1450 1451
f 1452 1453 1454
f 1455 1456 1457
f 1458 1459 1460
f 1461 1462 1463
f 1464 1465 1466
f 1467 1468 1469
f 1470 1471 1472
f 1473 1474 1475
f 1476 1477 1478
f 1479 1480 1481
f 1482 1483 1484
f 1485 1486 1487
f 1488 1489 1490
f 1491 1492 1493
f 1494 1495 1496
f 1497 1498 1499
f 1500 1501 1502
f 1503 1504 1505
f 1506 1507 1508
f 1509 1510 1511
f 1512 1513 1514
f 1515 1516 1517
f 1518 1519 1520
f 1521 1522 1523
f 1524 1525 1526
f 1527 1528 1529
f 1530 1531 1532
f 1533 1534 1535
f 1536 1537 1538
f 1539 1540 1541
f 1542 1543 1544
f 1545 1546 1547
f 1548 1549 1550
f 1550 1549 1551
f 1552 1553 1554
f 1555 1556 1557
f 1558 1559 1560
f 1561 1562 1563
f 1564 1565 1566
f 1567 1568 1569
f 1570 1571 1572
f 1573 1574 1575
f 1576 1577 1578
f 1574 1579 1575
f 1580 1581 1582
f 1583 1584 1585
f 1586 1587 1588
f 1589 1590 1591
f 1592 1593 1594
f 1592 1594 1595
f 1596 1597 1598
f 1599 1600 1601
f 1602 1603 1604
f 1605 1606 1607
f 1608 1609 1610
f 1611 1612 1613
f 1614 1615 1616
f 1617 1618 1619
f 1620 1621 1622
f 1623 1624 1625
f 1626 1627 1628
f 1629 1630 1631
f 1629 1631 1632
f 1633 1634 1635
f 1636 1637 1638
f 1639 1640 1641
f 1642 1643 1644
f 1645 1646 1647
f 1648 1649 1650
f 1651 1652 1653
f 1654 1655 1656
f 1657 1658 1659
f 1660 1661 1662
f 1663 1664 1665
f 1666 1667 1668
f 1669 1670 1671
f 1672 1673 1674
f 1675 1676 1677
f 1678 1679 1680
f 1681 1682 1683
f 1681 1683 1684
f 1685 1686 1687
f 1688 1689 1690
f 1691 1692 1693
f 1694 1695 1696
f 1696 1695 1697
f 1696 1697 1698
f 1698 1697 1699
f 1698 1699 1700
f 1701 1702 1703
f 1704 1705 1706
f 1707 1708 1709
f 1710 1711 1712
f 1713 1714 1715
f 1716 1717 1718
f 1719 1720 1721
f 1722 1723 1724
f 1725 1726 1727
f 1728 1729 1730
f 1731 1732 1733
f 1734 1735 1736
f 1737 1738 1739
f 1740 1741 1742
f 1743 1744 1745
f 1746 1747 1748
f 1749 1750 1751
f 1752 1753 1754
f 1755 1756 1757
f 1758 1759 1760
f 1761 1762 1763
f 1763 1762 1764
f 1765 1766 1767
f 1768 1769 1770
f 1771 1772 1773
f 1774 1775 1776
f 1777 1778 1779
f 1780 1781 1782
f 1783 1784 1785
f 1786 1787 1788
f 1789 1790 1791
f 1791 1790 1792
f 1793 1794 1795
f 1796 1797 1798
f 1799 1800 1801
f 1802 1803 1804
f 1805 1806 1807
f 1808 1809 1810
f 1811 1812 1813
f 1814 1815 1816
f 1817 1818 1819
f 1820 1821 1822
f 1820 1822 1823
f 1824 1825 1826
f 1827 1828 1829
f 1830 1831 1832
f 1833 1834 1835
f 1836 1837 1838
f 1839 1840 1841
f 1842 1843 1844
f 1845 1846 1847
f 1848 1849 1850
f 1851 1852 1853
f 1854 1855 1856
f 1857 1858 1859
f 1860 1861 1862
f 1702 1863 1703
f 1703 1863 1864
f 1708 1865 1709
f 1866 1867 1868
f 1714 1869 1715
f 1870 1871 1872
f 1720 1873 1721
f 1874 1875 1876
f 1726 1877 1727
f 1878 1879 1880
f 1732 1881 1733
f 1882 1883 1884
f 1885 1886 1887
f 1888 1889 1890
f 1891 1892 1893
f 1894 1895 1896
f 1897 1898 1899
f 1900 1901 1902
f 1903 1904 1905
f 1906 1907 1908
f 1863 1909 1864
f 1864 1909 1910
f 1867 1911 1868
f 1912 1913 1914
f 1871 1915 1872
f 1916 1917 1918
f 1875 1919 1876
f 1920 1921 1922
f 1879 1923 1880
f 1924 1925 1926
f 1927 1928 1929
f 1930 1931 1932
f 1933 1934 1935
f 1936 1937 1938
f 1939 1940 1941
f 1942 1943 1944
f 1945 1946 1947
f 1948 1949 1950
f 1951 1952 1953
f 1954 1955 1956
f 1910 1909 1957
f 1958 1959 1960
f 1958 1960 1961
f 1961 1960 1962
f 1961 1962 1963
f 1963 1962 1964
f 1965 1966 1967
f 1967 1966 1968
f 1969 1970 1971
f 1972 1973 1974
f 1975 1976 1977
f 1977 1976 1978
f 1979 1980 1981
f 1982 1983 1984
f 1985 1986 1987
f 1988 1989 1990
f 1991 1992 1993
f 1994 1995 1996
f 1997 1998 1999
f 2000 2001 2002
f 2003 2004 2005
f 2006 2007 2008
f 2009 2010 2011
f 2012 2013 2014
f 2015 2016 2017
f 2018 2019 2020
f 1966 2021 1968
f 1968 2021 2022
f 1973 2023 1974
f 2024 2025 2026
f 2027 2028 2029
f 2030 2031 2032
f 2033 2034 2035
f 2036 2037 2038
f 2039 2040 2041
f 2042 2043 2044
f 1995 2045 1996
f 2046 2047 2048
f 2001 2049 2002
f 2050 2051 2052
f 2007 2053 2008
f 2054 2055 2056
f 2057 2058 2059
f 2060 2061 2062
f 2019 2063 2020
f 2021 2064 2022
f 2022 2064 2065
f 2025 2066 2026
f 2067 2068 2069
f 2031 2070 2032
f 2071 2072 2073
f 2074 2075 2076
f 2077 2078 2079
f 2080 2081 2082
f 2083 2084 2085
f 2047 2086 2048
f 2087 2088 2089
f 2090 2091 2092
f 2093 2094 2095
f 2096 2097 2098
f 2099 2100 2101
f 2061 2102 2062
f 2103 2104 2105
f 2105 2104 2106
f 2105 2106 2107
f 2107 2106 2108
f 2107 2108 2109
f 2110 2111 2112
f 2113 2114 2115
f 2116 2117 2118
f 2119 2120 2121
f 2121 2120 2122
f 2123 2124 2125
f 2126 2127 2128
f 2129 2130 2131
f 2132 2133 2134
f 2135 2136 2137
f 2138 2139 2140
f 2141 2142 2143
f 2144 2145 2146
f 2147 2148 2149
f 2150 2151 2152
f 2153 2154 2155
f 2156 2157 2158
f 2159 2160 2161
f 2162 2163 2164
f 2165 2166 2167
f 2168 2169 2170
f 2171 2172 2173
f 2174 2175 2176
f 2177 2178 2179
f 2180 2181 2182
f 2183 2184 2185
f 2186 2187 2188
f 2189 2190 2191
f 1736 2192 1734
f 2193 2194 2195
f 1730 2196 1728
f 2197 2198 2199
f 2200 2201 2202
f 2203 2204 2205
f 2206 2207 2208
f 2209 2210 2211
f 2212 2213 2214
f 2215 2216 2217
f 1706 2218 1704
f 2219 2220 2221
f 2222 2223 2224
f 2225 2226 2227
f 2228 2229 2230
f 2231 2232 2233
f 2184 2234 2185
f 2235 2236 2237
f 2190 2238 2191
f 2239 2240 2241
f 2194 2242 2195
f 2243 2244 2245
f 2246 2247 2248
f 2249 2250 2251
f 2252 2253 2254
f 2255 2256 2257
f 2258 2259 2260
f 2261 2262 2263
f 2264 2265 2266
f 2267 2268 2269
f 2270 2271 2272
f 2273 2274 2275
f 2276 2277 2278
f 2279 2280 2281
f 2282 2283 2284
f 2285 2286 2287
f 2236 2288 2237
f 2289 2290 2291
f 2240 2292 2241
f 2293 2294 2295
f 2296 2297 2298
f 2299 2300 2301
f 2302 2303 2304
f 2305 2306 2307
f 2308 2309 2310
f 2311 2312 2313
f 2262 2314 2263
f 2315 2316 2317
f 2268 2318 2269
f 2269 2318 2319
f 2274 2320 2275
f 2321 2322 1688
f 2321 1688 1690
f 2323 2324 2325
f 2326 2327 2328
f 2286 2329 2287
f 2330 2331 2332
f 2290 2333 2291
f 2334 2335 2336
f 2337 2338 2339
f 2340 2341 2342
f 2343 2344 2345
f 2346 2347 2348
f 2349 2350 2351
f 2352 2353 2354
f 2355 2356 2357
f 2358 2359 2360
f 2361 2362 2363
f 2364 2365 2366
f 2367 2368 2369
f 2370 2371 2372
f 2370 2372 2373
f 1684 2374 1681
f 2375 2376 2377
f 2378 2379 2380
f 2331 2381 2332
f 2382 2383 2384
f 2335 2385 2336
f 2386 2387 2388
f 2389 2390 2391
f 2392 2393 2394
f 2395 2396 2397
f 2398 2399 2400
f 2401 2402 2403
f 2404 2405 2406
f 2407 2408 2409
f 2410 2411 2412
f 2413 2414 2415
f 2415 2414 2416
f 2417 2418 2419
f 2420 2421 2422
f 2420 2422 2423
f 2424 2425 2426
f 2427 2428 2429
f 2430 2431 2432
f 2433 2434 2435
f 2436 2437 2438
f 2439 2440 2441
f 2442 2443 2444
f 2445 2446 2447
f 2448 2449 2450
f 2451 2452 2453
f 2454 2455 2456
f 2457 2458 2459
f 2460 2461 2462
f 2463 2464 2465
f 2466 2467 2468
f 2412 2469 2470
f 2471 2472 2473
f 2471 2473 2474
f 2475 2476 2477
f 2478 2479 2480
f 2481 2482 2483
f 2484 2485 2486
f 2487 2488 2489
f 2490 2491 2492
f 2493 2494 2495
f 2496 2497 2498
f 2499 2500 2501
f 2502 2503 2504
f 2455 2505 2456
f 2506 2507 2508
f 2461 2509 2462
f 2510 2511 2512
f 2510 2512 2513
f 2514 2515 2516
f 2514 2516 2517
f 2518 2519 2520
f 2521 2522 2523
f 2524 2525 2526
f 2527 2528 2529
f 2530 2531 2532
f 2533 2534 2535
f 2536 2537 2538
f 2539 2540 2541
f 2542 2543 2544
f 2545 2546 2547
f 2548 2549 2550
f 2551 2552 2553
f 2554 2555 2556
f 2557 2558 2559
f 2557 2559 2560
f 2561 2562 2563
f 2564 2565 2566
f 2567 2568 2569
f 2570 2571 2572
f 2573 2574 2575
f 2576 2577 2578
f 2579 2580 2581
f 2582 2583 2584
f 2585 2586 2587
f 2588 2589 2590
f 2591 2592 2593
f 2594 2595 2596
f 2597 2598 2599
f 2597 2599 2600
f 2601 2602 2603
f 2604 2605 2606
f 2607 2608 2609
f 2610 2611 2612
f 2613 2614 2615
f 2615 2614 2616
f 2617 2618 2619
f 2620 2621 2622
f 2623 2624 2625
f 2626 2627 2628
f 2629 2630 2631
f 2632 2633 2634
f 2635 2636 2637
f 2638 2639 2640
f 2641 2642 2643
f 2644 2645 2646
f 2647 2648 2649
f 2650 2651 2652
f 2653 2654 2655
f 2656 2657 2658
f 2659 2660 2661
f 2662 2663 2664
f 2665 2666 2667
f 2668 2669 2670
f 2671 2672 2673
f 2639 2674 2640
f 2675 2676 2677
f 2678 2679 2680
f 2681 2682 2683
f 2684 2685 2686
f 2687 2688 2689
f 2690 2691 2692
f 2693 2694 2695
f 2696 2697 2698
f 2672 2699 2673
f 2700 2701 2702
f 2703 2704 2705
f 2706 2707 2708
f 2708 2707 2709
f 2710 2711 2712
f 2713 2714 2715
f 2716 2717 2718
f 2718 2717 2719
f 2720 2721 2722
f 1917 2723 1918
f 2724 2725 2726
f 1921 2727 1922
f 2728 2729 2730
f 2731 2732 2733
f 2734 2735 2736
f 2737 2738 2739
f 2740 2741 2742
f 2743 2744 2745
f 2746 2747 2748
f 2749 2750 2751
f 2752 2753 2754
f 2755 2756 2757
f 2758 2759 2760
f 2761 2762 2763
f 2764 2765 2766
f 2767 2768 2769
f 2769 2768 2770
f 2769 2770 2771
f 2772 2773 1969
f 2772 1969 1971
f 2725 2774 2726
f 2775 2776 2777
f 2729 2778 2730
f 2779 2780 2781
f 2782 2783 2784
f 2785 2786 2787
f 2788 2789 2790
f 2791 2792 2793
f 2794 2795 2796
f 2797 2798 2799
f 2753 2800 2754
f 2801 2802 2803
f 2804 2805 2806
f 2807 2808 2809
f 2810 2811 2812
f 2813 2814 2815
f 2777 2776 2816
f 2817 2818 2819
f 2820 2821 2822
f 2823 2824 2825
f 2826 2827 2828
f 2829 2830 2831
f 2832 2833 2834
f 2835 2836 2837
f 2838 2839 2840
f 2841 2842 2843
f 2844 2845 2846
f 2847 2848 2849
f 2850 2851 2852
f 2853 2854 2855
f 2856 2857 2858
f 2859 2860 2861
f 2862 2863 2864
f 2865 2866 2867
f 2868 2869 2870
f 2871 2872 2873
f 1981 2874 1979
f 2875 2876 2877
f 2069 2878 2879
f 2070 2880 2881
f 2882 2883 2884
f 2885 2886 2887
f 2888 2889 2890
f 2084 2891 2085
f 2892 2893 2894
f 2895 2896 2897
f 2898 2150 2152
f 2899 2900 2901
f 2902 2903 2904
f 2905 2906 2907
f 2908 2909 2910
f 2911 1991 1993
f 2912 2913 2914
f 2915 2916 2917
f 2918 2919 2920
f 2921 2003 2005
f 2922 2923 2924
f 2925 2009 2011
f 2866 2926 2867
f 2927 2928 2929
f 2930 2931 2932
f 2933 2934 2115
f 2883 2935 2884
f 2936 2119 2121
f 2889 2937 2890
f 2938 2939 2940
f 2941 2942 2943
f 2113 2115 2934
f 2944 2945 2946
f 2947 2948 2949
f 2950 2951 2952
f 2953 2954 2955
f 2956 2957 2958
f 2959 2960 2961
f 2962 2963 2964
f 2962 2964 2965
f 2966 2967 2968
f 2969 2970 2971
f 2972 2973 2974
f 2975 2976 2977
f 2978 2979 2980
f 2981 2982 2983
f 2984 2985 2986
f 2987 2988 2989
f 2990 2991 2992
f 2993 2994 2995
f 2996 2997 2998
f 2996 2998 2999
f 3000 3001 3002
f 3003 3004 3005
f 3006 3007 3008
f 3009 3010 3011
f 3012 3013 3014
f 3015 3016 3017
f 3017 3016 3018
f 3019 3020 3021
f 3021 3020 3022
f 3023 3024 3025
f 3026 3027 3028
f 3029 3030 3031
f 3032 3033 3034
f 3035 3036 3037
f 3038 3039 3040
f 3041 3042 3043
f 3044 3045 3046
f 3047 3048 3049
f 3049 3048 3050
f 3051 3052 3053
f 3053 3052 3054
f 3055 3056 3057
f 3057 3056 3058
f 3059 3060 3061
f 3061 3060 3062
f 3063 3064 3065
f 3066 3067 3068
f 3069 3070 3071
f 3072 3073 3074
f 3072 3074 3075
f 3076 3077 3078
f 3079 3080 3081
f 3082 3083 3084
f 3085 3086 3087
f 3087 3086 3088
f 3089 3090 3091
f 3092 3093 3094
f 3095 3096 3097
f 3098 3099 3100
f 3101 3102 3103
f 3101 3103 3104
f 3104 3103 3105
f 3104 3105 3106
f 3106 3105 3107
f 3108 3109 3110
f 3111 3112 3113
f 3111 3113 3114
f 3115 3116 3117
f 3118 3119 2960
f 3120 3121 3122
f 3123 3124 3125
f 3124 3126 3125
f 3127 3128 3129
f 3130 3131 3132
f 3133 3134 3135
f 3136 3137 3138
f 3139 3140 3141
f 3142 3143 3144
f 3145 3146 3147
f 3148 3149 3150
f 3151 3152 3153
f 3154 3155 3156
f 3153 3157 3158
f 3158 3157 3159
f 3160 3161 3162
f 3162 3161 3163
f 3164 3165 3166
f 3166 3165 3167
f 3168 3169 3170
f 3171 3167 3172
f 3173 3174 3175
f 3176 3177 3178
f 3179 3180 3181
f 3182 3183 3184
f 3182 3184 3185
f 3185 3184 3186
f 3187 3188 3189
f 3189 3188 3190
f 3189 3190 3191
f 3192 3193 3194
f 3195 3196 3197
f 3198 3199 3200
f 3201 3202 3203
f 3114 3204 3111
f 3205 3206 3207
f 3208 3209 3210
f 3209 3211 3210
f 3210 3211 3212
f 3211 3213 3212
f 3212 3213 3214
f 3215 3216 3217
f 3217 3216 3218
f 3217 3218 3219
f 3219 3218 3220
f 3218 3221 3220
f 3222 3223 3224
f 3223 3225 3224
f 3224 3225 3226
f 3226 3225 3227
f 3227 3225 3228
f 3227 3228 3229
f 3230 3231 3232
f 3230 3232 3233
f 3233 3232 3110
f 3232 3108 3110
f 3095 3097 3234
f 3235 3236 3237
f 3238 3239 3240
f 3241 3242 3243
f 3244 3245 3246
f 3247 3248 3249
f 3250 3251 3252
f 3250 3252 3253
f 3091 3254 3089
f 3255 3256 3257
f 3257 3256 3258
f 3257 3258 3259
f 3259 3258 3260
f 3261 3262 3263
f 3264 3265 3266
f 3267 3268 3269
f 3270 3271 3272
f 3273 3274 3275
f 3276 3277 3278
f 3279 3280 3281
f 3282 3283 3284
f 3285 3286 3287
f 3288 3289 3290
f 3291 3292 3293
f 3293 3292 3294
f 3295 3296 3297
f 3297 3296 3298
f 3299 3300 3301
f 3302 3303 3304
f 3305 3306 3307
f 3307 3306 3308
f 3309 3310 3311
f 3311 3310 3312
f 3313 3314 3315
f 3316 3317 3318
f 3319 3320 3321
f 3321 3320 3322
f 3323 3324 3325
f 3325 3324 3326
f 3327 3328 3329
f 3330 3331 3332
f 3333 3334 3335
f 3336 3337 3338
f 3339 3340 3341
f 3341 3340 3342
f 3343 3344 3345
f 3346 3347 3348
f 3349 3350 3351
f 3351 3350 3352
f 3353 3354 3355
f 3356 3357 3358
f 3359 3360 2983
f 2983 3360 2981
f 3361 3362 3363
f 3364 3365 3366
f 3364 3366 3367
f 3368 3369 3370
f 3371 3372 3373
f 3374 3375 3376
f 3377 3378 3379
f 3380 3381 3382
f 3383 3384 3385
f 3386 3387 3388
f 3389 3390 3391
f 3392 3393 3394
f 3395 3396 3397
f 3398 3399 3400
f 3401 3402 3403
f 3404 3405 3406
f 3407 3408 3409
f 3410 3411 3412
f 3413 3414 3415
f 3415 3414 3416
f 3417 3418 3419
f 3419 3418 3420
f 3421 3422 3423
f 3423 3422 3424
f 3425 3426 3427
f 3427 3426 3428
f 3429 3430 3431
f 3432 3433 3434
f 3435 3436 3437
f 3438 3439 3440
f 3441 3442 3443
f 3444 3445 3446
f 3447 3448 3449
f 3450 3451 3452
f 3453 3454 3455
f 3456 3457 3458
f 3459 3460 3461
f 3461 3460 3462
f 3463 3464 3465
f 3466 3467 3468
f 3469 3470 3471
f 3471 3470 3472
f 3473 3474 3475
f 3476 3477 3478
f 3479 3480 3481
f 3482 3483 3484
f 3485 3486 3487
f 3488 3489 3490
f 3491 3492 3493
f 3494 3495 3496
f 3497 3498 3499
f 3500 3501 3502
f 3503 3504 3505
f 3506 3507 3508
f 3509 3510 3511
f 3512 3513 3514
f 3514 3513 3515
f 3516 3517 3518
f 3518 3517 3519
f 3520 3521 3522
f 3522 3521 3523
f 3524 3525 3526
f 3526 3525 3527
f 3528 3529 3530
f 3531 3532 3533
f 3534 3535 3536
f 3537 3538 3539
f 3540 3541 3542
f 3543 3544 3545
f 3546 3547 3548
f 3549 3550 3551
f 3551 3550 3552
f 3553 3554 3555
f 3555 3554 3556
f 3557 3558 3559
f 3560 3561 3562
f 3563 3564 3565
f 3566 3567 3568
f 3569 3570 3571
f 3572 3573 3574
f 3575 3576 3577
f 3578 3579 3580
f 3581 3582 3583
f 3584 3585 3586
f 3587 3588 3589
f 3590 3591 3592
f 3593 3594 3595
f 3596 3597 3598
f 3599 3600 3601
f 3601 3600 3602
f 3603 3604 3605
f 3605 3604 3606
f 3607 3608 3609
f 3610 3611 3612
f 3613 3614 3615
f 3616 3617 3618
f 3619 3620 3621
f 3622 3623 3624
f 3625 3626 3627
f 3628 3629 3630
f 3631 3632 3633
f 3634 3635 3636
f 3637 3638 3639
f 3640 3641 3642
f 3643 3644 3645
f 3646 3647 3648
f 3649 3650 3651
f 3652 3653 3654
f 3655 3656 3657
f 3658 3659 3660
f 3661 3662 3663
f 3664 3665 3666
f 3664 3666 3667
f 3668 3669 3670
f 3668 3670 3671
f 3672 3673 3674
f 3675 3676 3677
f 3678 3679 3680
f 3681 3682 3683
f 3684 3685 3686
f 3687 3688 3689
f 3690 3691 3692
f 3693 3694 3695
f 2955 3696 2953
f 3697 3698 3699
f 3699 3698 3700
f 3701 3702 3703
f 3703 3702 3704
f 3705 3706 3707
f 3708 3709 3710
f 3711 3712 3713
f 3713 3712 3714
f 3715 3716 3717
f 3718 3719 3720
f 3721 3722 3723
f 3724 3725 3726
f 3727 3728 3729
f 3730 3731 3732
f 3733 3734 3735
f 3736 3737 3738
f 3739 3740 3741
f 3742 3743 3744
f 3745 3746 3747
f 3748 3749 3750
f 3751 3752 3753
f 3753 3752 3754
f 3755 3756 3757
f 3757 3756 3758
f 3759 3760 3761
f 3762 3763 3764
f 3765 3766 3767
f 3768 3769 3770
f 3771 3772 3773
f 3774 3775 3776
f 3777 3778 3779
f 3780 3781 3782
f 3783 3784 3785
f 3786 3787 3788
f 3789 3790 3791
f 3792 3793 3794
f 3795 3796 3797
f 3798 3382 3381
f 3799 3800 3801
f 3802 3376 3375
f 3803 3804 3805
f 3806 3807 3808
f 3809 3810 3487
f 3487 3810 3485
f 3811 3812 3813
f 3814 3815 3816
f 3816 3815 3817
f 3818 3819 3820
f 3820 3819 3821
f 3822 3823 3824
f 3825 3826 3827
f 3828 3829 3830
f 3830 3829 3831
f 3832 3833 3834
f 3835 3836 3837
f 3838 3839 3840
f 3841 3842 3843
f 3844 3845 3846
f 3847 3848 3849
f 3850 3851 3852
f 3853 3854 3855
f 3856 3857 3858
f 3859 3860 3861
f 3862 3863 3864
f 3864 3863 3865
f 3866 3867 3868
f 3868 3867 3869
f 3870 3871 3872
f 3872 3871 3873
f 3874 3875 3876
f 3876 3875 3877
f 3878 3879 3880
f 3881 3882 3883
f 3884 3885 3886
f 3887 3888 3889
f 3890 3891 3892
f 3893 3894 3895
f 3896 3897 3898
f 3899 3900 3901
f 3902 3903 3904
f 3905 3906 3907
f 3908 3909 3910
f 3911 3795 3797
f 3912 3913 3914
f 3915 3799 3801
f 3916 3917 3918
f 3918 3917 3919
f 3920 3921 3922
f 3922 3921 3923
f 3924 3925 3926
f 2996 2999 3927
f 3927 2999 3928
f 3929 3930 3931
f 3932 3933 3934
f 3935 3936 3937
f 3937 3936 3938
f 3939 3940 3941
f 3941 3940 3942
f 3943 3944 3945
f 3946 3947 3948
f 3949 3950 3951
f 3952 3953 3954
f 3955 3956 3957
f 3957 3956 3958
f 3959 3960 3961
f 3962 3963 3964
f 3965 3966 3967
f 3968 3969 3970
f 3971 3972 3973
f 3973 3972 3974
f 3975 3976 3977
f 3977 3976 3978
f 3979 3980 3981
f 3982 3983 3984
f 3985 3986 3987
f 3988 3989 3990
f 3991 3992 3993
f 3993 3992 3994
f 3995 3996 3997
f 3998 3999 4000
f 4001 4002 4003
f 4004 4005 4006
f 4007 4008 4009
f 4009 4008 4010
f 4011 4012 4013
f 4014 4015 4016
f 4017 3811 3813
f 4018 4019 4020
f 4021 4022 4023
f 4024 4025 4026
f 4027 4028 4029
f 4030 4031 4032
f 4033 4034 4035
f 4036 4037 4038
f 4039 4040 4041
f 4042 4043 4044
f 4045 4046 4047
f 4048 4049 4050
f 4051 4052 4053
f 4054 4055 4056
f 4057 4058 4059
f 4060 4061 4062
f 4060 4062 4063
f 4064 4065 4066
f 4067 4068 4069
f 4070 4071 4072
f 4073 4074 4075
f 4076 4077 4078
f 4079 4080 4081
f 4082 4083 4084
f 4085 4086 4087
f 4088 4089 4090
f 4091 4092 4093
f 4094 4095 4096
f 4096 4095 4097
f 4098 4099 4100
f 4100 4099 4101
f 4102 4103 4104
f 4105 4106 4107
f 4108 4109 4110
f 4111 4112 4113
f 4114 4115 4116
f 4117 4118 4119
f 4120 4121 4122
f 4123 4124 4125
f 4126 4127 4128
f 4129 4130 4131
f 4132 4133 4134
f 4135 4136 4137
f 4138 4139 4140
f 4141 4011 4013
f 4142 4143 4144
f 4145 4146 4147
f 4148 4149 4150
f 4151 4152 4153
f 4154 4155 4156
f 4157 4158 4159
f 4160 4161 4162
f 4163 4164 4165
f 4166 4167 4168
f 4169 4170 4171
f 4172 4173 4174
f 4175 4176 4177
f 4178 4179 4180
f 4181 4182 4183
f 4184 4185 4186
f 4187 4188 4189
f 4190 4191 4192
f 4193 4194 4195
f 4196 4197 4198
f 4199 4200 4201
f 4202 4203 4204
f 4205 4206 4207
f 4208 4209 4210
f 4211 4212 4213
f 4214 4215 4216
f 4217 4218 4219
f 4220 3908 3910
f 4221 4222 4223
f 4224 4225 4226
f 4227 4228 4229
f 4229 4228 4230
f 4231 4232 4233
f 4233 4232 4234
f 4235 4236 4237
f 4238 4239 4240
f 4241 3093 4242
f 4242 3093 4243
f 4244 4238 4240
f 4245 4246 4247
f 4248 4249 4250
f 4250 4249 4251
f 4252 4253 4254
f 4255 4256 4257
f 4258 4259 4260
f 4261 4262 4263
f 4264 4265 4266
f 4267 4268 4269
f 4270 4271 4272
f 4273 4274 4275
f 4276 4277 4278
f 4279 4280 4281
f 4282 4283 4284
f 4285 4286 4287
f 4288 4289 4290
f 4291 4292 4293
f 4294 4295 4296
f 4297 4298 4299
f 4300 4301 4302
f 4303 4304 4305
f 4306 4307 4308
f 4309 4310 4311
f 4312 4313 4314
f 4315 4316 4317
f 4318 4319 4320
f 4321 4322 4323
f 4324 4325 4326
f 4327 4328 4329
f 4330 4331 4332
f 4333 4334 4335
f 4336 4337 4338
f 4339 4340 4341
f 4342 4343 4344
f 4345 4346 4347
f 4348 4349 4350
f 4351 4352 4353
f 4354 4355 4356
f 4357 4358 4359
f 4360 4361 4362
f 4363 4364 4365
f 4366 4367 4368
f 4369 4370 4371
f 4372 4373 4374
f 4375 4376 4377
f 4378 4379 4380
f 4381 4382 4383
f 4384 4385 4386
f 4387 4388 4389
f 4390 4391 4392
f 4393 4394 4395
f 4393 4395 4396
f 4397 4398 4399
f 4400 4401 4402
f 4403 4404 4405
f 4406 4407 4408
f 4409 4410 4411
f 4412 4413 4414
f 4415 4416 4417
f 4418 4419 4420
f 4421 4422 4423
f 4424 4425 4426
f 4427 4428 4429
f 4430 4431 4432
f 4433 4434 4435
f 4436 4437 4438
f 4439 4440 4441
f 4442 4443 4444
f 4445 4446 4447
f 4448 4449 4450
f 4451 4452 4453
f 4454 4455 4456
f 4457 4458 4459
f 4460 4461 4462
f 4463 4464 4465
f 4466 4467 4468
f 4469 4470 4471
f 4472 4473 4474
f 4475 4476 4477
f 4478 4479 4480
f 4481 4482 4483
f 4484 4485 4486
f 4487 4488 4489
f 4490 4491 4492
f 4490 4492 4493
f 4494 4495 4496
f 4497 4498 4499
f 4500 4501 4502
f 4503 4504 4505
f 4506 4507 4508
f 4509 4510 4511
f 4512 4513 4514
f 4515 4516 4517
f 4518 4519 4520
f 4521 4522 4523
f 4524 4525 4526
f 4527 4528 4529
f 4530 4531 4532
f 4533 4534 4535
f 4536 4537 4538
f 4539 4540 4541
f 4542 4543 4544
f 4545 4546 4547
f 4548 4549 4550
f 4551 4552 4553
f 4554 4555 4556
f 4554 4556 4557
f 4558 4559 4560
f 4561 4562 4563
f 4564 4565 4566
f 4567 4568 4569
f 4570 4571 4572
f 4573 4574 4575
f 4576 4577 4578
f 4579 4580 4581
f 4582 4583 4584
f 4585 4586 4587
f 4588 4589 4590
f 4591 4592 4593
f 4594 4595 4596
f 4597 4598 4599
f 4600 4601 4602
f 4603 4604 4605
f 4606 4607 4608
f 4609 4610 4611
f 4612 4613 4614
f 4615 4616 4617
f 4618 4619 4620
f 4621 4622 4623
f 4624 4625 4626
f 4627 4628 4629
f 4630 4631 4632
f 4633 4634 4635
f 4636 4637 4638
f 4639 4640 4641
f 4642 4643 4644
f 4645 4646 4647
f 4648 4649 4650
f 4651 4652 4653
f 4654 4655 4656
f 4657 4658 4659
f 4660 4661 4662
f 4663 4664 4665
f 4666 4667 4668
f 4669 4670 4671
f 4672 4673 4674
f 4675 4676 4677
f 4678 4679 4680
f 4681 4682 4683
f 4684 4685 4686
f 4687 4688 4689
f 4690 4691 4692
f 4693 4694 4695
f 4696 4697 4698
f 4699 4700 4701
f 4702 4703 4704
f 4705 4706 4707
f 4708 4709 4710
f 4711 4712 4713
f 4714 4715 4716
f 4717 4718 4719
f 4720 4721 4722
f 4723 4724 4725
f 4726 4727 4728
f 4729 4730 4731
f 4732 4733 4734
f 4735 4736 4737
f 4738 4739 4740
f 4741 4742 4743
f 4744 4745 4746
f 4747 4748 4749
f 4750 4751 4752
f 4753 4754 4755
f 4756 4757 4758
f 4759 4760 4761
f 4762 4763 4764
f 4765 4766 4767
f 4768 4769 4770
f 4771 4772 4773
f 4774 4775 4776
f 4777 4778 4779
f 4780 4781 4782
f 4783 4784 4785
f 4786 4787 4788
f 4789 4790 4791
f 4792 4793 4794
f 4795 4796 4797
f 4798 4799 4800
f 4801 4802 4803
f 4804 4805 4806
f 4807 4808 4809
f 4810 4811 4812
f 4813 4814 4815
f 4816 4817 4818
f 4819 4820 4821
f 4822 4823 4824
f 4825 4826 4827
f 4828 4829 4830
f 4830 4829 4831
f 4832 4833 4834
f 4834 4833 4835
f 4836 4837 4838
f 4839 4840 4841
f 4842 4843 4844
f 4845 4846 4847
f 4848 4849 4850
f 4851 4852 4853
f 4854 4855 4856
f 4857 4858 4859
f 4860 4861 4862
f 4863 4864 4865
f 4866 4867 4868
f 4869 4870 4871
f 4872 4873 4874
f 4875 4876 4877
f 4878 4879 4880
f 4881 4882 4883
f 4884 4885 4886
f 4887 4888 4889
f 4890 4891 4892
f 4893 4894 4895
f 4896 4897 4898
f 4899 4900 4901
f 4902 4903 4904
f 4905 4906 4907
f 4908 4909 4910
f 4911 4912 4913
f 4914 4915 4916
f 4796 4917 4797
f 4918 4919 4920
f 4921 4922 4923
f 4924 4925 4926
f 4808 4927 4809
f 4928 4929 4930
f 4931 4932 4933
f 4934 4935 4936
f 4937 4938 4939
f 4940 4941 4942
f 4826 4943 4827
f 4944 4945 4946
f 4829 4947 4831
f 4831 4947 4948
f 4949 4950 4951
f 4952 4953 4954
f 4955 4956 4957
f 4958 4959 4960
f 4961 4962 4963
f 4964 4965 4966
f 4967 4968 4969
f 4970 4971 4972
f 4973 4974 4975
f 4976 4977 4978
f 4864 4979 4865
f 4980 4981 4982
f 4983 4984 4985
f 4986 4987 4988
f 4876 4989 4877
f 4990 4991 4992
f 4993 4994 4995
f 4996 4997 4998
f 4999 5000 5001
f 5002 5003 5004
f 5005 5006 5007
f 5008 5009 5010
f 5011 5012 5013
f 5014 5015 5016
f 5017 5018 5019
f 5020 5021 5022
f 5023 5024 5025
f 5026 5027 5028
f 5029 5030 5031
f 5032 5033 5034
f 5034 5033 5035
f 5036 5037 5038
f 5038 5037 5039
f 5040 5041 5042
f 5042 5041 5043
f 5044 5045 5046
f 5046 5045 5047
f 5048 5049 5050
f 5051 5052 5053
f 5054 5055 5056
f 5057 5058 5059
f 5060 5061 5062
f 5062 5061 5063
f 5064 5065 5066
f 5066 5065 5067
f 5068 5069 5070
f 5071 5072 5073
f 5074 5075 5076
f 5076 5075 5077
f 5078 5079 5080
f 5080 5079 5081
f 5082 5083 5084
f 5085 5086 5087
f 5088 5089 5090
f 5090 5089 5091
f 5092 5093 5094
f 5094 5093 5095
f 5096 5097 5098
f 5098 5097 5099
f 5100 5101 5102
f 5103 5104 5105
f 5106 5107 5108
f 5108 5107 5109
f 5110 5111 5112
f 5112 5111 5113
f 5114 5115 5116
f 5116 5115 5117
f 5118 5119 5120
f 5121 5122 5123
f 5124 5125 5126
f 5127 5128 5129
f 5130 5131 5132
f 5133 5134 5135
f 5136 5137 5138
f 5139 5140 5141
f 5142 5143 5144
f 5145 5146 5147
f 5148 5149 5150
f 5151 5152 5153
f 5154 5155 5156
f 5157 5158 5159
f 5160 5161 5162
f 5163 5164 5165
f 4947 5166 4948
f 4948 5166 5167
f 4953 5168 4954
f 5169 5170 5171
f 5172 5173 5174
f 5175 5176 5177
f 5178 5179 5180
f 5181 5182 5183
f 5184 5185 5186
f 5187 5188 5189
f 5190 5191 5192
f 5193 5194 5195
f 5196 5197 5198
f 5199 5200 5201
f 5202 5203 5204
f 5205 5206 5207
f 5208 5209 5210
f 5211 5212 5213
f 4997 5214 4998
f 5215 5216 5217
f 5218 5219 5220
f 5221 5222 5223
f 5224 5225 5226
f 5122 5227 5123
f 5228 5229 5230
f 5128 5231 5129
f 5232 5233 5234
f 5235 5236 5237
f 5238 5239 5240
f 5241 5242 5243
f 5244 5245 5246
f 5247 5248 5249
f 5250 5251 5252
f 5253 5254 5255
f 5256 5257 5258
f 5259 5260 5261
f 5262 5263 5264
f 5161 5265 5266
f 5267 5268 5269
f 5166 5270 5167
f 5167 5270 5271
f 5272 5273 5274
f 5275 5276 5277
f 5278 5279 5280
f 5281 5282 5283
f 5284 5285 5286
f 5287 5288 5289
f 5290 5291 5292
f 5293 5294 5295
f 5296 5297 5298
f 5299 5300 5301
f 5302 5303 5304
f 5305 5306 5307
f 5308 5309 5310
f 5311 5312 5313
f 5212 5314 5213
f 5315 5316 5317
f 5318 5319 5320
f 5321 5322 5323
f 5222 5324 5223
f 5229 5325 5230
f 5326 5327 5328
f 5329 5330 5331
f 5332 5333 5334
f 5335 5336 5337
f 5338 5339 5340
f 5341 5342 5343
f 5344 5345 5346
f 5347 5348 5349
f 5350 5351 5352
f 5353 5354 5355
f 5356 5357 5358
f 5359 5360 5361
f 5362 5363 5364
f 5365 5366 5367
f 5368 5369 5370
f 5270 5371 5271
f 5271 5371 5372
f 5373 5374 5375
f 5376 5377 5378
f 5379 5380 5381
f 5382 5383 5384
f 5385 5386 5387
f 5388 5389 5390
f 5391 5392 5393
f 5394 5395 5396
f 5397 5398 5399
f 5400 5401 5402
f 5403 5404 5405
f 5406 5407 5408
f 5409 5410 5411
f 5412 5413 5414
f 5415 5416 5417
f 5418 5419 5420
f 5322 5421 5323
f 5327 5422 5328
f 5423 5424 5425
f 5333 5426 5334
f 5427 5428 5429
f 5430 5431 5432
f 5433 5434 5435
f 5436 5437 5438
f 5439 5440 5441
f 5442 5443 5444
f 5445 5446 5447
f 5448 5449 5450
f 5451 5452 5453
f 5454 5455 5456
f 5457 5458 5459
f 5369 5460 5370
f 5461 5462 5463
f 5371 5464 5372
f 5372 5464 5465
f 5466 5467 5468
f 5469 5470 5471
f 5472 5473 5474
f 5475 5476 5477
f 5478 5479 5480
f 5481 5482 5483
f 5395 5484 5396
f 5485 5486 5487
f 5488 5489 5490
f 5491 5492 5493
f 5494 5495 5496
f 5497 5498 5499
f 5500 5501 5502
f 5503 5504 5505
f 5419 5506 5420
f 5424 5507 5425
f 5508 5509 5510
f 5428 5511 5429
f 5512 5513 5514
f 5434 5515 5435
f 5516 5517 5518
f 5519 5520 5521
f 5522 5523 5524
f 5525 5526 5527
f 5528 5529 5530
f 5531 5532 5533
f 5534 5535 5536
f 5537 5538 5539
f 5540 5541 5542
f 5543 5544 5545
f 5546 5547 5548
f 5464 5549 5465
f 5465 5549 5550
f 5470 5551 5471
f 5552 5553 5554
f 5555 5556 5557
f 5558 5559 5560
f 5561 5562 5563
f 5564 5565 5566
f 5567 5568 5569
f 5570 5571 5572
f 5573 5574 5575
f 5576 5577 5578
f 5579 5580 5581
f 5582 5583 5584
f 5585 5586 5587
f 5588 5589 5590
f 5591 5592 5593
f 5594 5595 5596
f 5597 5598 5599
f 5600 5601 5602
f 5603 5604 5605
f 5606 5607 5608
f 5609 5610 5611
f 5612 5613 5614
f 5615 5616 5617
f 5618 5619 5620
f 5621 5622 5623
f 5624 5625 5626
f 5627 5628 5629
f 5547 5630 5548
f 5631 5632 5633
f 5549 5634 5550
f 5550 5634 5635
f 5553 5636 5554
f 5637 5638 5639
f 5640 5641 5642
f 5643 5644 5645
f 5646 5647 5648
f 5649 5650 5651
f 5652 5653 5654
f 5655 5656 5657
f 5658 5659 5660
f 5661 5662 5663
f 5664 5665 5666
f 5667 5668 5669
f 5670 5671 5672
f 5673 5674 5675
f 5676 5677 5678
f 5679 5680 5681
f 5682 5683 5684
f 5685 5686 5687
f 5688 5689 5690
f 5691 5692 5693
f 5694 5695 5696
f 5697 5698 5699
f 5700 5701 5702
f 5703 5704 5705
f 5706 5707 5708
f 5632 5709 5633
f 5710 5711 5712
f 5634 5713 5635
f 5635 5713 5714
f 5715 5716 5717
f 5718 5719 5720
f 5644 5721 5645
f 5722 5723 5724
f 5725 5726 5727
f 5728 5729 5730
f 5731 5732 5733
f 5734 5735 5736
f 5737 5738 5739
f 5671 5740 5672
f 5741 5742 5743
f 5744 5745 5746
f 5747 5748 5749
f 5750 5751 5752
f 5753 5754 5755
f 5756 5757 5758
f 5759 5760 5761
f 5762 5763 5764
f 5765 5766 5767
f 5768 5769 5770
f 5771 5772 5773
f 5774 5775 5776
f 5777 5778 5779
f 5711 5780 5712
f 5781 5782 5783
f 5713 5784 5714
f 5714 5784 5785
f 5786 5787 5788
f 5789 5790 5791
f 5792 5793 5794
f 5795 5796 5797
f 5798 5799 5800
f 5801 5802 5803
f 5804 5805 5806
f 5742 5807 5743
f 5808 5809 5810
f 5748 5811 5749
f 5812 5813 5814
f 5815 5816 5817
f 5818 5819 5820
f 5821 5822 5823
f 5824 5825 5826
f 5827 5828 5829
f 5830 5831 5832
f 5833 5834 5835
f 5836 5837 5838
f 5839 5840 5841
f 5842 5843 5844
f 5845 5846 5847
f 5848 5849 5850
f 5784 5851 5785
f 5785 5851 5852
f 5853 5854 5855
f 5856 5857 5858
f 5859 5860 5861
f 5862 5863 5864
f 5865 5866 5867
f 5868 5869 5870
f 5871 5872 5873
f 5874 5875 5876
f 5877 5878 5879
f 5880 5881 5882
f 5883 5884 5885
f 5886 5887 5888
f 5889 5890 5891
f 5892 5893 5894
f 5895 5896 5897
f 5898 5899 5900
f 5901 5902 5903
f 5904 5905 5906
f 5907 5908 5909
f 5849 5910 5850
f 5911 5912 5913
f 5851 5914 5852
f 5852 5914 5915
f 5857 5916 5858
f 5917 5918 5919
f 5920 5921 5922
f 5872 5923 5873
f 5924 5925 5926
f 5878 5927 5879
f 5928 5929 5930
f 5931 5932 5933
f 5934 5935 5936
f 5937 5938 5939
f 5940 5941 5942
f 5943 5944 5945
f 5946 5947 5948
f 5949 5950 5951
f 5952 5953 5954
f 5955 5956 5957
f 5958 5959 5960
f 5961 5962 5963
f 5964 5965 5966
f 5914 5967 5915
f 5915 5967 5968
f 5969 4475 4477
f 5925 5970 5926
f 5971 5972 5973
f 5974 5975 5976
f 5977 5978 5979
f 5980 5981 5982
f 5983 5984 5985
f 5986 5987 5988
f 5989 5990 5991
f 5947 5992 5948
f 5993 5994 5995
f 5996 5997 5998
f 5999 6000 6001
f 5959 6002 5960
f 6003 6004 6005
f 6006 6007 6008
f 6009 6010 6011
f 5967 6012 5968
f 6013 6014 6015
f 6016 6017 6018
f 6019 6020 6021
f 6022 6023 6024
f 5984 6025 5985
f 6026 6027 6028
f 6029 6030 6031
f 6032 6033 6034
f 6035 6036 6037
f 6038 6039 6040
f 6041 6042 6043
f 6044 6045 6046
f 6047 6048 6049
f 6050 6051 6052
f 6010 6053 6011
f 6017 6054 6018
f 6055 6056 6057
f 6058 6059 6060
f 6061 6062 6063
f 6064 6065 6066
f 6067 6068 6069
f 6070 6071 6072
f 6073 6074 6075
f 6076 6077 6078
f 6079 6080 6081
f 6082 6083 6084
f 6085 6086 6087
f 6088 6089 6090
f 6056 6091 6057
f 6092 6093 6094
f 6095 6096 6097
f 6098 6099 6100
f 6101 6102 6103
f 6104 6105 6106
f 6107 6108 6109
f 6110 6111 6112
f 6113 6114 6115
f 6116 6117 6118
f 6119 6120 6121
f 6093 6122 6094
f 6123 6124 6125
f 6126 6127 6128
f 6129 6130 6131
f 6132 6133 6134
f 6135 6136 6137
f 6138 6139 6140
f 6141 6142 6143
f 6144 6145 6146
f 6147 6148 6149
f 6150 6151 6152
f 6130 6153 6131
f 6154 6155 6156
f 6157 6158 6159
f 6160 6161 6162
f 6163 6164 6165
f 6151 6166 6152
f 6167 6168 6169
f 6155 6170 6156
f 6171 6172 6173
f 6174 6175 6176
f 6168 6177 6169
f 6178 6179 6180
f 6181 6182 6183
f 6179 6184 6180
f 6185 6186 6187
f 6188 6189 6190
f 6190 6189 6191
f 6192 6193 6194
f 6195 6196 6197
f 6198 6199 6200
f 6200 6199 6201
f 6202 6203 6204
f 6205 6206 6207
f 6208 6209 6210
f 6211 6212 6213
f 6214 6215 6216
f 6217 6218 6219
f 6220 6221 6222
f 6223 6224 6225
f 6226 6227 6228
f 6229 6230 6231
f 6232 6233 6234
f 6235 6236 6237
f 6238 6239 6240
f 6241 6242 6243
f 6244 6245 6246
f 6247 6248 6249
f 6250 6251 6252
f 6253 6254 6255
f 6256 6257 6258
f 6259 6260 6261
f 6262 6263 6264
f 6265 6266 6267
f 6268 6269 6270
f 6270 6269 6271
f 6272 6273 6274
f 6274 6273 6275
f 6276 6277 6278
f 6279 6280 6281
f 6282 6283 6284
f 6284 6283 6285
f 6286 6287 6288
f 6289 6290 6291
f 6292 6293 6294
f 6295 6296 6297
f 6298 6299 6300
f 6301 6302 6303
f 6304 6305 6306
f 6306 6305 6307
f 6308 6309 6310
f 6311 6312 6313
f 6314 6315 6316
f 6317 6318 6319
f 6320 6321 6322
f 6323 6324 6325
f 6326 6327 6328
f 6329 6330 6331
f 6332 6333 6334
f 6335 6336 6337
f 6338 6339 6340
f 6341 6342 6343
f 6344 6345 6346
f 6347 6348 6349
f 6350 6351 6352
f 6353 6354 6355
f 6356 6357 6358
f 6359 6360 6361
f 6362 6363 6364
f 6365 6366 6367
f 6368 6369 6370
f 6371 6372 6373
f 6374 6375 6376
f 6377 6378 6379
f 6380 6381 6382
f 6383 6384 6385
f 6386 6387 6388
f 6389 6390 6391
f 6392 6393 6394
f 6395 6396 6397
f 6398 6399 6400
f 6401 6402 6403
f 6404 6405 6406
f 6407 6408 6409
f 6410 6411 6412
f 6413 6414 6415
f 6416 6417 6418
f 6419 6420 6421
f 6422 6423 6424
f 6424 6423 6425
f 6426 6427 6428
f 6429 6430 6431
f 6432 6433 6434
f 6435 6436 6437
f 6438 6439 6440
f 6441 6442 6443
f 6444 6445 6446
f 6447 6448 6449
f 6450 6451 6452
f 6453 6454 6455
f 6456 6457 6458
f 6459 6460 6461
f 6462 6463 6464
f 6465 6466 6467
f 6468 6469 6470
f 6471 6472 6473
f 6474 6475 6476
f 6477 6478 6479
f 6480 6481 6482
f 6483 6484 6485
f 6486 6487 6488
f 6489 6490 6491
f 6492 6493 6494
f 6495 6496 6497
f 6498 6499 6500
f 6501 6502 6503
f 6504 6505 6506
f 6507 6508 6509
f 6510 6511 6512
f 6513 6514 6515
f 6516 6517 6518
f 6519 6520 6521
f 6522 6523 6524
f 6525 6526 6527
f 6528 6529 6530
f 6531 6532 6533
f 6534 6535 6536
f 6537 6538 6539
f 6540 6541 6542
f 6543 6544 6545
f 6546 6547 6548
f 6549 6550 6551
f 6552 6553 6554
f 6555 6556 6557
f 6558 6559 6560
f 6560 6559 6561
f 6562 6563 6564
f 6564 6563 6565
f 6566 6567 6568
f 6569 6570 6571
f 6572 6573 6574
f 6574 6573 6575
f 6576 6577 6578
f 6579 6580 6581
f 6582 6583 6584
f 6585 6586 6587
f 6588 6589 6590
f 6591 6592 6593
f 6594 6595 6596
f 6597 6598 6599
f 6600 6601 6602
f 6603 6604 6605
f 6606 6607 6608
f 6609 6610 6611
f 6612 6613 6614
f 6615 6616 6617
f 6618 6619 6620
f 6621 6622 6623
f 6624 6625 6626
f 6627 6628 6629
f 6630 6631 6632
f 6633 6634 6635
f 6636 6637 6638
f 6639 6640 6641
f 6642 6643 6644
f 6645 6646 6647
f 6648 6649 6650
f 6651 6652 6653
f 6654 6655 6656
f 6657 6658 6659
f 6660 6661 6662
f 6663 6664 6665
f 6666 6667 6668
f 6668 6667 6669
f 6670 6671 6672
f 6673 6674 6675
f 6676 6677 6678
f 6679 6680 6681
f 6682 6683 6684
f 6685 6686 6687
f 6688 6689 6690
f 6690 6689 6691
f 6692 6693 6694
f 6695 6696 6697
f 6698 6699 6700
f 6701 6702 6703
f 6704 6705 6706
f 6707 6708 6709
f 6710 6711 6712
f 6713 6714 6715
f 6716 6717 6718
f 6719 6720 6721
f 6722 6723 6724
f 6725 6726 6727
f 6728 6729 6730
f 6731 6732 6733
f 6734 6735 6736
f 6737 6738 6739
f 6740 6741 6742
f 6743 6744 6745
f 6746 6747 6748
f 6749 6750 6751
f 6752 6753 6754
f 6755 6756 6757
f 6758 6759 6760
f 6761 6762 6763
f 6764 6765 6766
f 6767 6768 6769
f 6770 6771 6772
f 6773 6774 6775
f 6776 6777 6778
f 6779 6780 6781
f 6782 6783 6784
f 6785 6786 6787
f 6788 6789 6790
f 6790 6789 6791
f 6792 6793 6794
f 6794 6793 6795
f 6796 6797 6798
f 6799 6800 6801
f 6802 6803 6804
f 6805 6806 6807
f 6808 6809 6810
f 6810 6809 6811
f 6812 6813 6814
f 6814 6813 6815
f 6816 6817 6818
f 6818 6817 6819
f 6820 6821 6822
f 6822 6821 6823
f 6824 6825 6826
f 6826 6825 6827
f 6828 6829 6830
f 6831 6832 6833
f 6834 6835 6836
f 6837 6838 6839
f 6840 6841 6842
f 6843 6844 6845
f 6846 6847 6848
f 6849 6850 6851
f 6852 6853 6854
f 6855 6856 6857
f 6858 6859 6860
f 6861 6862 6863
f 6864 6865 6866
f 6867 6868 6869
f 6870 6871 6872
f 6873 6874 6875
f 6876 6877 6878
f 6879 6880 6881
f 6882 6883 6884
f 6885 6886 6887
f 6888 6889 6890
f 6891 6892 6893
f 6894 6895 6896
f 6897 6898 6899
f 6900 6901 6902
f 6902 6901 6903
f 6904 6905 6906
f 6906 6905 6907
f 6908 6909 6910
f 6911 6912 6913
f 6914 6915 6916
f 6916 6915 6917
f 6918 6919 6920
f 6920 6919 6921
f 6922 6923 6924
f 6924 6923 6925
f 6926 6927 6928
f 6929 6930 6931
f 6932 6933 6934
f 6935 6936 6937
f 6938 6939 6940
f 6941 6942 6943
f 6944 6945 6946
f 6946 6945 6947
f 6948 6949 6950
f 6950 6949 6951
f 6952 6953 6954
f 6955 6956 6957
f 6955 6957 6958
f 6959 6960 6961
f 6962 6963 6964
f 6965 6966 6967
f 6965 6967 6968
f 6969 6970 6971
f 6972 6973 6974
f 6974 6973 6975
f 6976 6977 6978
f 6979 6980 6981
f 6982 6983 6984
f 6985 6986 6987
f 6988 6989 6990
f 6991 6992 6993
f 6991 6993 6994
f 6995 6996 6997
f 6998 6999 7000
f 7001 7002 7003
f 7004 7005 7006
f 7007 7008 7009
f 7010 7011 7012
f 7012 7011 7013
f 7014 7015 7016
f 7016 7015 7017
f 7018 7019 7020
f 7020 7019 7021
f 7022 7023 7024
f 7025 7026 7027
f 7028 7029 7030
f 7030 7029 7031
f 7032 7033 7034
f 7034 7033 7035
f 7036 7037 7038
f 7039 7040 7041
f 7042 7043 7044
f 7044 7043 7045
f 7044 7045 7046
f 7046 7045 7047
f 7046 7047 7048
f 7048 7047 7049
f 7048 7049 7050
f 7050 7049 7051
f 7050 7051 7052
f 7052 7051 7053
f 7052 7053 7054
f 7054 7053 7055
f 7054 7055 7056
f 7056 7055 7057
f 7056 7057 7058
f 7058 7057 7059
f 7058 7059 7060
f 7060 7059 7061
f 7060 7061 7062
f 7062 7061 7063
f 7062 7063 7064
f 7064 7063 7065
f 7064 7065 7066
f 7066 7065 7067
f 7066 7067 7068
f 7068 7067 7069
f 7068 7069 7070
f 7070 7069 7071
f 7070 7071 7072
f 7072 7071 7073
f 7072 7073 7074
f 7074 7073 7075
f 7074 7075 7076
f 7076 7075 7077
f 7076 7077 7078
f 7078 7077 7079
f 7078 7079 7080
f 7080 7079 7081
f 7080 7081 7082
f 7082 7081 7083
f 7082 7083 7084
f 7084 7083 7085
f 7084 7085 7086
f 7086 7085 7087
f 4312 4314 7088
f 7089 7090 7091
f 7092 7093 7094
f 7094 7093 7095
f 7096 7097 7098
f 7099 7100 7101
f 7098 7102 7103
f 7104 7105 7106
f 7107 7108 7109
f 7109 7108 7110
f 7111 7112 7113
f 7114 7115 7116
f 7117 7118 7119
f 7120 7121 7122
f 7123 7124 7125
f 7125 7124 7126
f 7127 7128 7129
f 7130 7131 7132
f 7133 7134 7135
f 7135 7134 7136
f 7137 7138 7139
f 7140 7141 7142
f 7143 7144 7145
f 7146 7147 7148
f 7149 7150 7151
f 7152 7153 7154
f 7155 7156 7157
f 7157 7156 7158
f 7159 7160 7161
f 7161 7160 7162
f 7163 7164 7165
f 7165 7164 7166
f 7167 7168 7169
f 7169 7168 7170
f 7171 7172 7173
f 7173 7172 7174
f 7175 7176 7177
f 7177 7176 7178
f 7179 7180 7181
f 7181 7180 7182
f 7183 7184 7185
f 7185 7184 7186
f 7187 7188 7189
f 4673 7190 4674
f 7191 7192 7193
f 7194 7195 7196
f 7197 7198 7199
f 7200 7201 7202
f 7203 7204 7205
f 7206 7207 7208
f 7209 7210 7211
f 7211 7210 7212
f 7213 7214 7215
f 7216 7217 7218
f 7219 7220 7221
f 7222 7223 7224
f 7225 7226 7227
f 7228 7229 7230
f 7231 7232 7233
f 7234 7235 7236
f 7237 7238 7239
f 7240 7241 7242
f 7243 7244 7245
f 7246 7247 7248
f 7249 7250 7251
f 7252 7253 7254
f 7255 7256 7257
f 7258 7259 7260
f 7261 7262 7263
f 7264 7265 7266
f 7267 7268 7269
f 7270 7271 7272
f 7273 7274 7275
f 7276 7277 7278
f 7279 7280 7281
f 7282 7283 7284
f 7285 7286 7287
f 7288 7289 7290
f 7291 7292 7293
f 7294 7295 7296
f 7297 7298 7299
f 7300 7301 7302
f 7303 7304 7305
f 7305 7304 7306
f 7307 7308 7309
f 7309 7308 7310
f 7311 7312 7313
f 7313 7312 7314
f 7315 7316 7317
f 7318 7319 7320
f 7321 7322 7323
f 7324 7325 7326
f 7327 7328 7329
f 7330 7331 7332
f 7333 7334 7335
f 7336 7337 7338
f 7339 7340 7341
f 7342 7343 7344
f 7345 7346 7347
f 7348 7349 7350
f 7351 7352 7353
f 7354 7355 7356
f 7357 7358 7359
f 7360 7361 7362
f 7363 7364 7365
f 7366 7367 7368
f 7369 7370 7371
f 7372 7373 7374
f 7375 7376 7377
f 7378 7379 7380
f 7381 7382 7383
f 7384 7385 7386
f 7387 7388 7389
f 7390 7391 7392
f 7393 7394 7395
f 7396 7397 7398
f 7399 7400 7401
f 7402 7403 7404
f 7405 7406 7407
f 7408 7409 7410
f 7411 7412 7413
f 7413 7412 7414
f 7415 7416 7417
f 7418 7419 7420
f 7421 7422 7423
f 7423 7422 7424
f 7425 7426 7427
f 7428 7429 7430
f 7431 7432 7433
f 7433 7432 7434
f 7435 7436 7437
f 7437 7436 7438
f 7439 7440 7441
f 7441 7440 7442
f 7443 7444 7445
f 7446 7447 7448
f 7449 7450 7451
f 7452 7453 7454
f 7455 7456 7457
f 7458 7459 7460
f 7461 7462 7463
f 7464 7465 7466
f 7467 7468 7469
f 7470 7471 7472
f 7473 7474 7475
f 7476 7477 7478
f 7479 7480 7481
f 7482 7483 7484
f 7485 7486 7487
f 7488 7489 7490
f 7490 7489 7491
f 7492 7493 7494
f 7495 7496 7497
f 7498 7499 7500
f 7501 7502 7503
f 7504 4804 4806
f 7505 7506 7507
f 7508 7509 7510
f 7511 7512 7513
f 7514 7515 7516
f 7517 7518 7519
f 7520 7521 7522
f 7523 7524 7525
f 7526 7527 7528
f 7529 7530 7531
f 7531 7530 7532
f 7533 7534 7535
f 7536 7537 7538
f 7539 7540 7541
f 7542 7543 7544
f 7544 7543 7545
f 7546 7547 7548
f 7548 7547 7549
f 7550 7551 7552
f 7552 7551 7553
f 7554 7555 7556
f 7557 7558 7559
f 7560 7561 7562
f 7562 7561 7563
f 7564 4816 4818
f 7565 7566 7567
f 7567 7566 7568
f 7569 7570 7571
f 7571 7570 7572
f 7573 7574 7575
f 7576 7577 7578
f 7579 7580 7581
f 7581 7580 7582
f 7583 7584 7585
f 7585 7584 7586
f 7587 7588 7589
f 7589 7588 7590
f 7591 7592 7593
f 7593 7592 7594
f 7595 4822 4824
f 7596 7597 7598
f 7598 7597 7599
f 7598 7599 7600
f 7600 7599 7601
f 7600 7601 7602
f 7602 7601 7603
f 7602 7603 7604
f 7604 7603 7605
f 7604 7605 7606
f 7606 7605 7607
f 7606 7607 7608
f 7608 7607 7609
f 7608 7609 7610
f 7610 7609 7611
f 7610 7611 7612
f 7612 7611 4828
f 7612 4828 4830
f 4563 4562 7613
f 7613 4562 7614
f 7615 7616 7617
f 7617 7616 7618
f 7619 7620 7621
f 7621 7620 7622
f 7623 7624 7625
f 7625 7624 7626
f 7627 7628 7629
f 7629 7628 7630
f 7631 7632 7633
f 7633 7632 7634
f 7635 7636 7637
f 7637 7636 7638
f 7639 7640 7641
f 7642 7643 7644
f 7645 7646 7647
f 7647 7646 7648
f 7649 7650 7651
f 7652 7653 7654
f 7654 7653 7655
f 7656 7657 7658
f 7658 7657 7659
f 7660 7661 7662
f 7662 7661 7663
f 7664 7665 7666
f 7667 7668 7669
f 7670 7671 7672
f 7673 7674 7675
f 7676 7677 7678
f 7679 7680 7681
f 7682 7683 7684
f 7685 7686 7687
f 7688 7689 7690
f 7691 7692 7693
f 7694 7695 7696
f 7697 7698 7699
f 7700 7701 7702
f 7703 7704 7705
f 7706 7707 7708
f 7709 7710 7711
f 7712 7713 7714
f 7715 7716 7717
f 7717 7716 7718
f 7719 7720 7721
f 7721 7720 7722
f 7723 7724 7725
f 7726 7727 7728
f 7729 7730 7731
f 7732 7733 7734
f 7735 7736 7737
f 7738 7739 7740
f 7741 7742 7743
f 7744 7745 7746
f 7747 7748 7749
f 7750 7751 7752
f 7753 7754 7755
f 7756 7757 7758
f 7759 7760 7761
f 7762 7763 7764
f 7765 7766 7767
f 7768 7769 7770
f 7771 7772 7773
f 7774 7775 7776
f 7777 7778 7779
f 7780 7781 7782
f 7783 7784 7785
f 7786 7787 7788
f 7789 7790 7791
f 7792 7793 7794
f 7795 7796 7797
f 7798 7799 7800
f 7801 7802 7803
f 7804 7805 7806
f 7807 7808 7809
f 7810 7811 7812
f 7813 7814 7815
f 7816 7817 7818
f 7819 7820 7821
f 7822 7823 7824
f 7825 7826 7827
f 7828 7829 7830
f 7831 7832 7833
f 7834 7835 7836
f 7837 7838 7839
f 7840 7841 7842
f 7843 7844 7845
f 7846 7847 7848
f 7849 7850 7851
f 7852 7853 7854
f 7855 7856 7857
f 7858 7859 7860
f 7861 7862 7863
f 7864 7865 7866
f 7867 7868 7869
f 7870 7871 7872
f 7873 7874 7875
f 7876 7877 7878
f 7879 7880 7881
f 7882 7883 7884
f 7885 7886 7887
f 7888 7889 7890
f 7891 7892 7893
f 7894 7895 7896
f 7897 7898 7899
f 7900 7901 7902
f 7903 7904 7905
f 7906 7907 7908
f 7909 7910 7911
f 7912 7913 7914
f 7915 7916 7917
f 7918 7919 7920
f 7921 7922 7923
f 7924 7925 7926
f 7927 7928 7929
f 7930 7931 7932
f 7933 7934 7935
f 7936 7937 7938
f 7939 7940 7941
f 7942 7943 7944
f 7945 7946 7947
f 7948 7949 7950
f 7950 7949 7951
f 7952 7953 7954
f 7955 7956 7957
f 7958 7959 7960
f 7961 7962 7963
f 7964 7965 7966
f 7967 7968 7969
f 7970 7971 7972
f 7973 7974 7975
f 7976 7977 7978
f 7979 7980 7981
f 7982 7983 7984
f 7985 7986 7987
f 7988 7989 7990
f 7991 7992 7993
f 7994 7995 7996
f 7997 7998 7999
f 8000 8001 8002
f 8003 8004 8005
f 8006 8007 8008
f 8009 8010 8011
f 8012 8013 8014
f 8015 8016 8017
f 8018 8019 8020
f 8021 8022 8023
f 8024 8025 8026
f 8027 8028 8029
f 8029 8028 8030
f 8031 8032 8033
f 8034 8035 8036
f 8037 8038 8039
f 8040 8041 8042
f 8043 8044 8045
f 8046 8047 8048
f 8049 8050 8051
f 8051 8050 8052
f 8053 8054 8055
f 8056 8057 8058
f 8059 8060 8061
f 8061 8060 8062
f 8063 8064 8065
f 8066 8067 8068
f 8069 8070 8071
f 8072 8073 8074
f 8075 8076 8077
f 8077 8076 8078
f 8079 8080 8081
f 8082 8083 8084
f 8085 8086 8087
f 8088 8089 8090
f 8091 8092 8093
f 8094 8095 8096
f 8097 8098 8099
f 8100 8101 8102
f 8102 8101 8103
f 8104 8105 8106
f 8106 8105 8107
f 8108 8109 8110
f 8111 8112 8113
f 8114 8115 8116
f 8117 8118 8119
f 8120 8121 8122
f 8123 8124 8125
f 8126 8127 8128
f 8129 8130 8131
f 8132 8133 8134
f 8135 8136 8137
f 8138 8139 8140
f 8141 8142 8143
f 8144 8145 8146
f 8147 8148 8149
f 8150 8151 8152
f 8153 8154 8155
f 8156 8157 8158
f 8159 8160 8161
f 8162 8163 8164
f 8165 8166 8167
f 8168 8169 8170
f 8170 8169 8171
f 8172 8173 8174
f 8175 8176 8177
f 8178 8179 8180
f 8180 8179 8181
f 8182 8183 8184
f 8185 8186 8187
f 8188 8189 8190
f 8191 8192 8193
f 8193 8192 8194
f 8195 8196 8197
f 8197 8196 8198
f 8199 8200 8201
f 8202 8203 8204
f 8205 8206 8207
f 8208 8209 8210
f 8211 8212 8213
f 8214 8215 8216
f 8217 8218 8219
f 8220 8221 8222
f 8223 8224 8225
f 8226 8227 8228
f 8229 8230 8231
f 8232 8233 8234
f 8235 8236 8237
f 8238 8239 8240
f 8241 8242 8243
f 8244 8245 8246
f 8247 8248 8249
f 8250 8251 8252
f 8253 8254 8255
f 8256 8257 8258
f 8259 8260 8261
f 8261 8260 8262
f 8263 8264 8265
f 8266 8267 8268
f 8269 8270 8271
f 8271 8270 8272
f 8273 8274 8275
f 8276 8277 8278
f 8279 8280 8281
f 8282 8283 8284
f 8285 4878 4880
f 8286 8287 8288
f 8289 8290 8291
f 8292 8293 8294
f 8295 8296 8297
f 8298 8299 8300
f 8300 8299 8301
f 8302 8303 8304
f 8305 8306 8307
f 8308 8309 8310
f 8311 8312 8313
f 8314 8315 8316
f 8317 8318 8319
f 8320 8321 8322
f 8322 8321 8323
f 8324 8325 8326
f 8327 8328 8329
f 8330 8331 8332
f 8333 8334 8335
f 8336 8337 8338
f 8339 8340 8341
f 8342 8343 8344
f 8345 8346 8347
f 8348 8349 8350
f 8351 8352 8353
f 8354 8355 8356
f 8357 8358 8359
f 8360 8361 8362
f 8363 8364 8365
f 8366 8367 8368
f 8369 8370 8371
f 8372 8373 8374
f 8375 8376 8377
f 8378 8379 8380
f 8381 8382 8383
f 8384 8385 8386
f 8387 8388 8389
f 8390 8391 8392
f 8393 8394 8395
f 8396 8397 8398
f 8399 8400 8401
f 8402 8403 8404
f 8405 8406 8407
f 8407 8406 8408
f 8409 8410 8411
f 8412 8413 8414
f 8415 8416 8417
f 8418 8419 8420
f 8421 8422 8423
f 8423 8422 8424
f 8425 8426 8427
f 8428 8429 8430
f 8431 8432 8433
f 8434 8435 8436
f 8437 8438 8439
f 8440 8441 8442
f 8443 8444 8445
f 8446 8447 8448
f 8449 8450 8451
f 8452 8453 8454
f 8455 8456 8457
f 8458 8459 8460
f 8461 8462 8463
f 8464 8465 8466
f 8467 8468 8469
f 8470 8471 8472
f 8473 8474 8475
f 8476 8477 8478
f 8479 8480 8481
f 8482 8483 8484
f 8485 8486 8487
f 8488 8489 8490
f 8491 8492 8493
f 8494 8495 8496
f 8497 8498 8499
f 8500 8501 8502
f 8503 8504 8505
f 8506 8507 8508
f 8509 8510 8511
f 8511 8510 8512
f 8513 8514 8515
f 8515 8514 8516
f 8517 8518 8519
f 8520 8521 8522
f 8523 8524 8525
f 8526 8527 8528
f 8529 8530 8531
f 8532 8533 8534
f 8535 8536 8537
f 8538 8539 8540
f 8541 8542 8543
f 8544 8545 8546
f 8547 8548 8549
f 8550 8551 8552
f 8553 8554 8555
f 8556 8557 8558
f 8559 8560 8561
f 8562 8563 8564
f 8565 8566 8567
f 8568 8569 8570
f 8571 8572 8573
f 8574 8575 8576
f 8577 8578 8579
f 8580 8581 8582
f 8583 8584 8585
f 8586 8587 8588
f 8589 8590 8591
f 8592 8593 8594
f 8595 8596 8597
f 8598 8599 8600
f 8601 8602 8603
f 8604 8605 8606
f 8607 8608 8609
f 8610 8611 8612
f 8613 8614 8615
f 8616 8617 8618
f 8619 8620 8621
f 8622 8623 8624
f 8625 8626 8627
f 8628 8629 8630
f 8631 8632 8633
f 8628 8630 8634
f 8635 8636 8637
f 8638 8639 8640
f 8641 8642 8643
f 8644 8645 8646
f 8647 8648 8649
f 8650 8651 8652
f 8653 8654 8655
f 8656 8657 8658
f 8659 8660 8661
f 8662 8663 8664
f 8665 8666 8667
f 8668 8669 8670
f 8671 8672 8673
f 8674 8675 8676
f 8677 8678 8679
f 8680 8681 8682
f 8683 8684 8685
f 8686 8687 8688
f 8689 8690 8691
f 8692 8693 8694
f 8695 8696 8697
f 8698 8699 8700
f 8701 8702 8703
f 8704 8705 8706
f 8707 8708 8709
f 8710 8711 8712
f 8713 8714 8715
f 8716 8717 8718
f 8719 8720 8721
f 8722 8723 8724
f 8725 8726 8727
f 8728 8729 8730
f 8731 8732 8733
f 8734 8735 8736
f 8737 8738 8739
f 8740 8741 8742
f 8743 8744 8745
f 8746 8747 8748
f 8749 8750 8751
f 8752 8753 8754
f 8754 8753 8755
f 8754 8755 8756
f 8756 8757 8754
f 8754 8757 8758
f 8754 8758 8759
f 8759 8760 8754
f 8754 8760 8761
f 8754 8761 8762
f 8762 8763 8754
f 8754 8763 8764
f 8754 8764 8765
f 8765 8764 8766
f 8765 8766 8767
f 8767 8766 8768
f 8767 8768 8769
f 8769 8768 8770
f 8769 8770 8771
f 8771 8770 8772
f 8773 8774 8754
f 8754 8774 8775
f 8754 8775 8776
f 8774 8773 8777
f 8777 8773 8778
f 8777 8778 8779
f 8776 8780 8754
f 8754 8780 8752
f 8781 8782 8783
f 8783 8782 8784
f 8785 8786 8787
f 8787 8786 8788
f 8789 8790 8791
f 8791 8790 8792
f 8793 8794 8795
f 8795 8794 8796
f 8797 8798 8799
f 8799 8798 8800
f 8801 8802 8803
f 8803 8802 8804
f 8805 8806 8807
f 8807 8806 8808
f 8809 8810 8811
f 8811 8810 8812
f 8813 8814 8815
f 8815 8814 8816
f 8817 8818 8819
f 8819 8818 8820
f 8821 8822 8823
f 8823 8822 8824
f 8825 8826 8827
f 8827 8826 8828
f 8829 8830 8831
f 8831 8830 8832
f 8833 8834 8835
f 8835 8834 8836
f 8837 8838 8839
f 8839 8838 8840
f 8841 8842 8843
f 8843 8842 8844
f 8845 8846 8847
f 8847 8846 8848
f 8849 8850 8851
f 8851 8850 8852
f 8853 8854 8855
f 8855 8854 8856
f 8857 8858 8859
f 8859 8858 8860
f 8861 8862 8863
f 8863 8862 8864
f 8865 8866 8867
f 8867 8866 8868
f 8869 8870 8871
f 8871 8870 8872
f 8873 8874 8875
f 8875 8874 8876
f 8877 8878 8879
f 8879 8878 8880
f 8881 8882 8883
f 8883 8882 8884
f 8885 8886 8887
f 8887 8886 8888
f 8889 8890 8891
f 8891 8890 8892
f 8893 8894 8895
f 8895 8894 8896
f 8897 8898 8899
f 8899 8898 8900
f 8899 8900 8901
f 8901 8902 8899
f 8899 8902 8903
f 8903 8902 8904
f 8903 8904 8905
f 8905 8904 8906
f 8905 8906 8907
f 8907 8906 8908
f 8907 8908 8909
f 8909 8908 8910
f 8909 8910 8911
f 8911 8910 8912
f 8911 8912 8913
f 8913 8912 8914
f 8913 8914 8915
f 8915 8914 8916
f 8915 8916 8917
f 8917 8916 8918
f 8918 8916 8919
f 8918 8919 8920
f 8920 8919 8921
f 8920 8921 8922
f 8922 8921 8923
f 8923 8921 8924
f 8923 8924 8925
f 8925 8924 8926
f 8926 8924 8927
f 8926 8927 8928
f 8928 8927 8929
f 8928 8929 8930
f 8930 8929 8931
f 8930 8931 8932
f 8932 8931 8933
f 8933 8931 8934
f 8933 8934 8935
f 8935 8934 8936
f 8935 8936 8937
f 8937 8936 8938
f 8937 8938 8939
f 8939 8938 8940
f 8939 8940 8941
f 8941 8940 8942
f 8941 8942 8943
f 8943 8942 8944
f 8943 8944 8945
f 8945 8944 8946
f 8945 8946 8947
f 8947 8946 8948
f 8947 8948 8949
f 8949 8948 8950
f 8949 8950 8951
f 8951 8950 8952
f 8951 8952 8953
f 8953 8952 8954
f 8955 8956 8957
f 8957 8956 8958
f 8957 8958 8959
f 8960 8961 8955
f 8955 8961 8962
f 8955 8962 8963
f 8963 8964 8955
f 8955 8964 8956
f 8959 8965 8957
f 8957 8965 8966
f 8966 8965 8967
f 8966 8967 8968
f 8969 8970 8971
f 8971 8970 8972
f 8972 8970 8973
f 8972 8973 8974
f 8974 8975 8972
f 8972 8975 8976
f 8976 8975 8977
f 8976 8977 8978
f 8978 8977 8979
f 8978 8979 8980
f 8980 8979 8981
f 8980 8981 8982
f 8982 8981 8983
f 8982 8983 8984
f 8984 8983 8985
f 8984 8985 8986
f 8986 8985 8987
f 8986 8987 8988
f 8988 8987 8989
f 8988 8989 8990
f 8990 8989 8991
f 8991 8989 8992
f 8991 8992 8993
f 8993 8992 8994
f 8993 8994 8995
f 8995 8994 8996
f 8995 8996 8997
f 8997 8996 8998
f 8998 8996 8999
f 8998 8999 9000
f 9000 8999 9001
f 9000 9001 9002
f 9002 9001 9003
f 9002 9003 9004
f 9004 9003 9005
f 9004 9005 9006
f 9006 9005 9007
f 9007 9005 9008
f 9007 9008 9009
f 9009 9008 9010
f 9009 9010 9011
f 9011 9010 9012
f 9011 9012 9013
f 9013 9012 9014
f 9013 9014 9015
f 9015 9014 9016
f 9015 9016 9017
f 9017 9016 9018
f 9017 9018 9019
f 9019 9018 9020
f 9019 9020 9021
f 9021 9020 9022
f 9021 9022 9023
f 9023 9024 9021
f 9021 9024 9025
f 9025 9024 9026
f 9027 9028 9029
f 9029 9028 9030
f 9030 9028 9031
f 9031 9028 9032
f 9032 9028 9033
f 9032 9033 9034
f 9034 9033 9035
f 9034 9035 9036
f 9036 9035 9037
f 9036 9037 9038
f 9038 9037 9039
f 9038 9039 9040
f 9040 9039 9041
f 9040 9041 9042
f 9042 9041 9043
f 9042 9043 9044
f 9044 9043 9045
f 9044 9045 9046
f 9044 9046 9047
f 9047 9046 9048
f 9047 9048 9049
f 9049 9048 9050
f 9049 9050 9051
f 9051 9050 9052
f 9051 9052 9053
f 9051 9053 9054
f 9054 9053 9055
f 9054 9055 9056
f 9056 9055 9057
f 9056 9057 9058
f 9056 9058 9059
f 9059 9058 9060
f 9059 9060 9061
f 9061 9060 9062
f 9061 9062 9063
f 9061 9063 9064
f 9064 9063 9065
f 9064 9065 9066
f 9066 9065 9067
f 9066 9067 9068
f 9068 9067 9069
f 9068 9069 9070
f 9070 9069 9071
f 9070 9071 9072
f 9072 9071 9073
f 9072 9073 9074
f 9074 9073 9075
f 9074 9075 9076
f 9076 9075 9077
f 9076 9077 9078
f 9078 9077 9079
f 9078 9079 9080
f 9080 9079 9081
f 9080 9081 9082
f 9082 9081 9083
f 9082 9083 9084
f 9085 9086 9087
f 9087 9086 9088
f 9087 9088 9089
f 9089 9088 9090
f 9086 9085 9091
f 9091 9085 9092
f 9091 9092 9093
f 9093 9092 9094
f 9093 9094 9095
f 9095 9094 9096
f 9095 9096 9097
f 9097 9096 9098
f 9097 9098 9099
f 9099 9098 9100
f 9099 9100 9101
f 9101 9100 9102
f 9101 9102 9103
f 9103 9102 9104
f 9103 9104 9105
f 9105 9104 9106
f 9105 9106 9107
f 9107 9106 9108
f 9107 9108 9109
f 9109 9108 9110
f 9109 9110 9111
f 9109 9111 9112
f 9112 9111 9113
f 9112 9113 9114
f 9114 9113 9115
f 9114 9115 9116
f 9114 9116 9117
f 9117 9116 9118
f 9117 9118 9119
f 9117 9119 9120
f 9120 9119 9121
f 9120 9121 9122
f 9122 9121 9123
f 9122 9123 9124
f 9122 9124 9125
f 9125 9124 9126
f 9125 9126 9127
f 9127 9126 9128
f 9127 9128 9129
f 9129 9128 9130
f 9129 9130 9131
f 9131 9130 9132
f 9131 9132 9133
f 9133 9132 9134
f 9133 9134 9135
f 9135 9134 9136
f 9135 9136 9137
f 9137 9136 9138
f 9137 9138 9139
f 9139 9138 9140
f 9139 9140 9141
f 9141 9140 9142
f 9141 9142 9143
f 9143 9142 9144
f 9143 9144 9145
f 9145 9144 9146
f 9145 9146 9147
f 9148 9149 9150
f 9150 9149 9151
f 9152 9153 9154
f 9154 9153 9155
f 9156 9157 9158
f 9158 9157 9159
f 9160 9161 9162
f 9162 9161 9163
f 9164 9165 9166
f 9166 9165 9167
f 9168 9169 9170
f 9170 9169 9171
f 9172 9173 9174
f 9174 9173 9175
f 9176 9177 9178
f 9178 9177 9179
f 9180 9181 9182
f 9182 9181 9183
f 9184 9185 9186
f 9186 9185 9187
f 9188 9189 9190
f 9191 9192 9193
f 9193 9192 9194
f 9195 9196 9197
f 9197 9196 9198
f 9199 9200 9201
f 9201 9200 9202
f 9203 9204 9205
f 9205 9204 9206
f 9207 9208 9209
f 9209 9208 9210
f 9211 9212 9213
f 9213 9212 9214
f 9215 9216 9217
f 9217 9216 9218
f 9219 9220 9221
f 9221 9220 9222
f 9223 9224 9225
f 9225 9224 9226
f 9227 9228 9229
f 9229 9228 9230
f 9231 9232 9233
f 9233 9232 9234
f 9235 9236 9237
f 9237 9236 9238
f 9239 9240 9241
f 9241 9240 9242
f 9243 9244 9245
f 9245 9244 9246
f 9247 9248 9249
f 9249 9248 9250
f 9251 9252 9253
f 9253 9252 9254
f 9255 9256 9257
f 9257 9256 9258
f 9259 9260 9261
f 9261 9260 9262
f 9263 9264 9265
f 9265 9264 9266
f 9267 9268 9269
f 9270 9271 9184
f 9182 9272 9180
f 9273 9274 9275
f 9275 9274 9276
f 9277 9278 9279
f 9280 9281 9282
f 9283 9284 9285
f 9286 9287 9288
f 9289 9290 9291
f 9292 9293 9294
f 9295 9296 9297
f 9298 9299 9300
f 9301 9302 9303
f 9304 9305 9306
f 9307 9308 9309
f 9310 9311 9312
f 9313 9314 9315
f 9316 9317 9318
f 9319 9320 9321
f 9319 9321 9322
f 9323 9324 9325
f 9326 9327 9328
f 9329 9330 9331
f 9332 9333 9334
f 9335 9336 9337
f 9335 9337 9338
f 9339 9340 9341
f 9342 9343 9344
f 9345 9346 9347
f 9348 9349 9350
f 9351 9352 9353
f 9354 9355 9356
f 9357 9358 9359
f 9360 9361 9362
f 9363 9364 9365
f 9366 9367 9368
f 9369 9370 9371
f 9372 9373 9374
f 9375 9376 9377
f 9378 9379 9380
f 9381 9382 9383
f 9384 9385 9386
f 9387 9388 9183
f 9183 9388 9389
f 9390 9391 9392
f 9392 9393 9390
f 9394 9395 9396
f 9397 9398 9399
f 9400 9401 9402
f 9403 9404 9405
f 9406 9407 9408
f 9409 9410 9411
f 9412 9413 9414
f 9415 9416 9417
f 9418 9419 9420
f 9421 9422 9423
f 9424 9425 9426
f 9427 9428 9429
f 9430 9431 9432
f 9433 9434 9435
f 9436 9437 9438
f 9439 9440 9441
f 9442 9443 9444
f 9445 9446 9447
f 9448 9449 9450
f 9153 9342 9155
f 9155 9342 9344
f 9157 9348 9159
f 9159 9348 9350
f 9161 9354 9163
f 9163 9354 9356
f 9165 9360 9167
f 9167 9360 9362
f 9169 9366 9171
f 9171 9366 9368
f 9173 9375 9175
f 9175 9375 9377
f 9177 9381 9179
f 9179 9381 9383
f 9181 9387 9183
f 9338 9151 9335
f 9335 9151 9149
f 9331 9191 9329
f 9329 9191 9193
f 9325 9195 9323
f 9323 9195 9197
f 9274 9199 9276
f 9276 9199 9201
f 9284 9203 9285
f 9285 9203 9205
f 9290 9207 9291
f 9291 9207 9209
f 9296 9211 9297
f 9297 9211 9213
f 9302 9215 9303
f 9303 9215 9217
f 9308 9219 9309
f 9309 9219 9221
f 9314 9223 9315
f 9315 9223 9225
f 9450 9227 9448
f 9448 9227 9229
f 9444 9231 9442
f 9442 9231 9233
f 9438 9235 9436
f 9436 9235 9237
f 9432 9239 9430
f 9430 9239 9241
f 9426 9243 9424
f 9424 9243 9245
f 9420 9247 9418
f 9418 9247 9249
f 9414 9251 9412
f 9412 9251 9253
f 9408 9255 9406
f 9406 9255 9257
f 9402 9259 9400
f 9400 9259 9261
f 9396 9263 9394
f 9394 9263 9265
f 9186 9270 9184
f 9451 9452 9453
f 9453 9452 9454
f 9453 9454 9455
f 9452 9451 9456
f 9456 9451 9457
f 9456 9457 9458
f 9458 9457 9459
f 9458 9459 9460
f 9460 9459 9461
f 9460 9461 9462
f 9462 9461 9463
f 9462 9463 9464
f 9464 9463 9465
f 9464 9465 9466
f 9466 9465 9467
f 9466 9467 9468
f 9468 9467 9469
f 9468 9469 9470
f 9468 9470 9471
f 9471 9470 9472
f 9471 9472 9473
f 9473 9472 9474
f 9473 9474 9475
f 9475 9474 9476
f 9475 9476 9477
f 9475 9477 9478
f 9478 9477 9479
f 9478 9479 9480
f 9480 9479 9481
f 9480 9481 9482
f 9482 9481 9483
f 9482 9483 9484
f 9484 9483 9485
f 9484 9485 9486
f 9484 9486 9487
f 9487 9486 9488
f 9487 9488 9489
f 9489 9488 9490
f 9489 9490 9491
f 9491 9490 9492
f 9491 9492 9493
f 9493 9492 9494
f 9493 9494 9495
f 9495 9494 9496
f 9495 9496 9497
f 9497 9496 9498
f 9497 9498 9499
f 9499 9498 9500
f 9499 9500 9501
f 9501 9500 9502
f 9502 9500 9503
f 9503 9500 9504
f 9503 9504 9505
f 9455 9506 9453
f 9453 9506 9507
f 9507 9506 9508
f 9509 9510 9511
f 9511 9510 9512
f 9512 9510 9513
f 9512 9513 9514
f 9514 9513 9515
f 9514 9515 9516
f 9516 9515 9517
f 9516 9517 9518
f 9518 9517 9519
f 9518 9519 9520
f 9520 9519 9521
f 9520 9521 9522
f 9522 9521 9523
f 9522 9523 9524
f 9524 9523 9525
f 9524 9525 9526
f 9526 9525 9527
f 9526 9527 9528
f 9528 9527 9529
f 9528 9529 9530
f 9530 9529 9531
f 9530 9531 9532
f 9532 9531 9533
f 9532 9533 9534
f 9534 9533 9535
f 9535 9533 9536
f 9535 9536 9537
f 9537 9536 9538
f 9537 9538 9539
f 9539 9538 9540
f 9540 9538 9541
f 9540 9541 9542
f 9542 9541 9543
f 9543 9541 9544
f 9543 9544 9545
f 9545 9544 9546
f 9545 9546 9547
f 9547 9546 9548
f 9548 9546 9549
f 9548 9549 9550
f 9550 9549 9551
f 9550 9551 9552
f 9552 9551 9553
f 9552 9553 9554
f 9554 9553 9555
f 9554 9555 9556
f 9556 9555 9557
f 9556 9557 9558
f 9558 9557 9559
f 9558 9559 9560
f 9560 9559 9561
f 9560 9561 9562
f 9562 9561 9563
f 9562 9563 9564
f 9564 9563 9565
f 9564 9565 9566
f 9566 9565 9567
f 9566 9567 9568
f 9568 9567 9569
f 9568 9569 9570
f 9570 9569 9571
f 9572 9573 9574
f 9574 9573 9575
f 9576 9577 9578
f 9578 9577 9579
f 9580 9581 9582
f 9582 9581 9583
f 9584 9585 9586
f 9586 9585 9587
f 9588 9589 9590
f 9590 9589 9591
f 9592 9593 9594
f 9594 9593 9595
f 9596 9597 9598
f 9598 9597 9599
f 9600 9601 9602
f 9602 9601 9603
f 9604 9605 9606
f 9606 9605 9607
f 9608 9609 9610
f 9610 9609 9611
f 9612 9613 9614
f 9614 9613 9615
f 9616 9617 9618
f 9618 9617 9619
f 9620 9621 9622
f 9622 9621 9623
f 9624 9625 9626
f 9626 9625 9627
f 9628 9629 9630
f 9630 9629 9631
f 9632 9633 9634
f 9634 9633 9635
f 9636 9637 9638
f 9638 9637 9639
f 9640 9641 9642
f 9642 9641 9643
f 9644 9645 9646
f 9646 9645 9647
f 9648 9649 9650
f 9650 9649 9651
f 9652 9653 9654
f 9654 9653 9655
f 9656 9657 9658
f 9658 9657 9659
f 9660 9661 9662
f 9662 9661 9663
f 9664 9665 9666
f 9666 9665 9667
f 9668 9669 9670
f 9670 9669 9671
f 9672 9673 9674
f 9674 9673 9675
f 9676 9677 9678
f 9678 9677 9679
f 9680 9681 9682
f 9682 9681 9683
f 9684 9685 9686
f 9686 9685 9687
f 9688 9689 9690
f 9690 9689 9691
f 9692 9693 9694
f 9695 9696 9697
f 9695 9697 9698
f 9699 9700 9701
f 9699 9701 9702
f 9703 9704 9705
f 9703 9705 9706
f 9707 9708 9709
f 9707 9709 9710
f 9711 9712 9713
f 9714 9715 9716
f 9717 9718 9719
f 9720 9721 9722
f 9723 9724 9725
f 9726 9727 9728
f 9729 9730 9731
f 9732 9733 9734
f 9735 9736 9737
f 9738 9739 9740
f 9741 9742 9743
f 9744 9745 9746
f 9747 9748 9749
f 9750 9751 9752
f 9753 9754 9755
f 9756 9757 9758
f 9759 9760 9761
f 9762 9763 9764
f 9765 9766 9767
f 9768 9769 9770
f 9771 9772 9773
f 9774 9775 9776
f 9777 9778 9779
f 9780 9781 9782
f 9783 9784 9785
f 9786 9787 9788
f 9789 9790 9791
f 9792 9793 9794
f 9795 9796 9797
f 9798 9799 9800
f 9801 9802 9803
f 9804 9805 9806
f 9807 9808 9809
f 9810 9811 9812
f 9813 9814 9815
f 9816 9817 9818
f 9819 9820 9821
f 9822 9823 9824
f 9825 9826 9827
f 9828 9829 9830
f 9831 9832 9833
f 9834 9835 9836
f 9837 9838 9839
f 9840 9841 9842
f 9843 9844 9845
f 9846 9847 9848
f 9849 9850 9851
f 9852 9853 9854
f 9855 9856 9857
f 9858 9859 9860
f 9861 9862 9863
f 9864 9865 9866
f 9867 9868 9869
f 9870 9871 9872
f 9873 9874 9875
f 9876 9877 9878
f 9879 9880 9881
f 9882 9883 9884
f 9882 9884 9885
f 9886 9887 9888
f 9889 9890 9891
f 9892 9893 9894
f 9895 9896 9706
f 9897 9898 9899
f 9704 9900 9705
f 9708 9901 9902
f 9708 9902 9709
f 9718 9903 9719
f 9901 9904 9902
f 9903 9905 9906
f 9903 9906 9719
f 9724 9907 9725
f 9905 9908 9906
f 9907 9909 9910
f 9907 9910 9725
f 9730 9911 9731
f 9909 9912 9910
f 9911 9913 9914
f 9911 9914 9731
f 9736 9915 9737
f 9913 9916 9914
f 9915 9917 9918
f 9915 9918 9737
f 9742 9919 9743
f 9917 9920 9918
f 9919 9921 9922
f 9919 9922 9743
f 9748 9923 9749
f 9921 9924 9922
f 9923 9925 9926
f 9923 9926 9749
f 9760 9927 9761
f 9925 9928 9926
f 9927 9929 9930
f 9927 9930 9761
f 9766 9931 9767
f 9929 9932 9930
f 9931 9933 9934
f 9931 9934 9767
f 9772 9935 9773
f 9933 9936 9934
f 9935 9937 9938
f 9935 9938 9773
f 9778 9939 9779
f 9937 9940 9938
f 9939 9941 9942
f 9939 9942 9779
f 9784 9943 9785
f 9941 9944 9942
f 9943 9945 9946
f 9943 9946 9785
f 9790 9947 9791
f 9945 9948 9946
f 9947 9949 9950
f 9947 9950 9791
f 9796 9951 9797
f 9949 9952 9950
f 9951 9953 9954
f 9951 9954 9797
f 9802 9955 9803
f 9953 9956 9954
f 9955 9957 9958
f 9955 9958 9803
f 9808 9959 9809
f 9957 9960 9958
f 9959 9961 9962
f 9959 9962 9809
f 9817 9963 9818
f 9961 9964 9962
f 9963 9965 9966
f 9963 9966 9818
f 9826 9967 9827
f 9965 9968 9966
f 9967 9969 9970
f 9967 9970 9827
f 9832 9971 9833
f 9969 9972 9970
f 9971 9973 9974
f 9971 9974 9833
f 9838 9975 9839
f 9973 9976 9974
f 9975 9977 9978
f 9975 9978 9839
f 9844 9979 9845
f 9977 9980 9978
f 9979 9981 9982
f 9979 9982 9845
f 9853 9983 9854
f 9981 9984 9982
f 9983 9985 9986
f 9983 9986 9854
f 9859 9987 9860
f 9985 9988 9986
f 9987 9989 9990
f 9987 9990 9860
f 9865 9991 9866
f 9989 9992 9990
f 9991 9993 9994
f 9991 9994 9866
f 9871 9995 9872
f 9993 9996 9994
f 9995 9997 9998
f 9995 9998 9872
f 9877 9999 9878
f 9997 10000 9998
f 9999 9692 9694
f 9999 9694 9878
f 9883 9695 9698
f 9883 9698 9884
f 9890 9699 9702
f 9890 9702 9891
f 9896 9703 9706
f 10001 10002 10003
f 10003 10002 10004
f 10003 10004 10005
f 10005 10004 10006
f 10002 10001 10007
f 10007 10001 10008
f 10007 10008 10009
f 10009 10008 10010
f 10009 10010 10011
f 10011 10010 10012
f 10011 10012 10013
f 10013 10012 10014
f 10013 10014 10015
f 10015 10014 10016
f 10015 10016 10017
f 10017 10016 10018
f 10017 10018 10019
f 10019 10018 10020
f 10019 10020 10021
f 10021 10020 10022
f 10021 10022 10023
f 10023 10022 10024
f 10023 10024 10025
f 10025 10024 10026
f 10025 10026 10027
f 10025 10027 10028
f 10028 10027 10029
f 10028 10029 10030
f 10030 10029 10031
f 10030 10031 10032
f 10030 10032 10033
f 10033 10032 10034
f 10033 10034 10035
f 10033 10035 10036
f 10036 10035 10037
f 10036 10037 10038
f 10038 10037 10039
f 10038 10039 10040
f 10038 10040 10041
f 10041 10040 10042
f 10041 10042 10043
f 10043 10042 10044
f 10043 10044 10045
f 10045 10044 10046
f 10045 10046 10047
f 10047 10046 10048
f 10047 10048 10049
f 10049 10048 10050
f 10049 10050 10051
f 10051 10050 10052
f 10051 10052 10053
f 10053 10052 10054
f 10053 10054 10055
f 10055 10054 10056
f 10055 10056 10057
f 10057 10056 10058
f 10057 10058 10059
f 10059 10058 10060
f 10059 10060 10061
f 10061 10060 10062
f 10061 10062 10063
f 10064 10065 10066
f 10066 10065 10067
f 10066 10067 10068
f 10068 10067 10069
f 10068 10069 10070
f 10070 10069 10071
f 10070 10071 10072
f 10072 10071 10073
f 10072 10073 10074
f 10072 10074 10075
f 10075 10074 10076
f 10075 10076 10077
f 10077 10076 10078
f 10077 10078 10079
f 10077 10079 10080
f 10080 10079 10081
f 10080 10081 10082
f 10082 10083 10080
f 10080 10083 10084
f 10084 10083 10085
f 10084 10085 10086
f 10086 10087 10084
f 10084 10087 10088
f 10084 10088 10089
f 10089 10088 10090
f 10089 10090 10091
f 10091 10092 10089
f 10089 10092 10093
f 10089 10093 10094
f 10094 10093 10095
f 10094 10095 10096
f 10094 10096 10097
f 10097 10096 10098
f 10097 10098 10099
f 10097 10099 10100
f 10100 10099 10101
f 10100 10101 10102
f 10100 10102 10103
f 10103 10102 10104
f 10103 10104 10105
f 10103 10105 10106
f 10106 10105 10107
f 10106 10107 10108
f 10108 10107 10109
f 10108 10109 10110
f 10110 10109 10111
f 10110 10111 10112
f 10113 10114 10115
f 10115 10114 10116
f 10117 10118 10119
f 10120 10121 10122
f 10123 10124 10125
f 10123 10125 10126
f 10127 10128 10129
f 10129 10128 10130
f 10131 10132 10133
f 10133 10132 10134
f 10135 10136 10137
f 10137 10136 10138
f 10139 10140 10141
f 10141 10140 10142
f 10143 10144 10145
f 10145 10144 10146
f 10147 10148 10149
f 10149 10148 10150
f 10151 10152 10153
f 10153 10152 10154
f 10155 10156 10157
f 10157 10156 10158
f 10159 10160 10161
f 10161 10160 10162
f 10163 10164 10165
f 10165 10164 10166
f 10167 10168 10169
f 10169 10168 10170
f 10171 10172 10173
f 10173 10172 10174
f 10175 10176 10177
f 10177 10176 10178
f 10179 10180 10181
f 10181 10180 10182
f 10183 10184 10185
f 10186 10187 10188
f 10189 10190 10191
f 10128 10192 10130
f 10193 10194 10195
f 10196 10197 10198
f 10199 10200 10201
f 10132 10202 10134
f 10203 10204 10205
f 10206 10207 10208
f 10136 10209 10138
f 10210 10211 10212
f 10213 10214 10215
f 10216 10217 10218
f 10140 10219 10142
f 10220 10221 10222
f 10223 10224 10225
f 10144 10226 10146
f 10146 10226 10227
f 10228 10229 10230
f 10148 10231 10150
f 10232 10233 10234
f 10235 10236 10237
f 10152 10238 10154
f 10239 10240 10241
f 10242 10243 10244
f 10156 10245 10158
f 10246 10247 10248
f 10160 10249 10162
f 10250 10251 10252
f 10164 10253 10254
f 10164 10254 10166
f 10255 10256 10257
f 10168 10258 10170
f 10259 10260 10261
f 10172 10262 10174
f 10263 10264 10265
f 10176 10266 10178
f 10178 10266 10267
f 10268 10269 10270
f 10271 10272 10273
f 10273 10272 10274
f 10273 10274 10275
f 10276 10179 10181
f 10126 10277 10123
f 10278 10279 10280
f 10280 10279 10281
f 10280 10281 10282
f 10283 10284 10278
f 10278 10284 10285
f 10278 10285 10286
f 10287 10288 10283
f 10283 10288 10289
f 10283 10289 10290
f 10291 10292 10287
f 10287 10292 10293
f 10287 10293 10294
f 10294 10295 10287
f 10287 10295 10296
f 10287 10296 10297
f 10297 10288 10287
f 10290 10298 10283
f 10283 10298 10284
f 10286 10279 10278
f 10282 10299 10280
f 10280 10299 10300
f 10280 10300 10301
f 10301 10302 10280
f 10280 10302 10303
f 10304 10305 10306
f 10306 10305 10307
f 10306 10307 10308
f 10309 10310 10311
f 10312 10313 10314
f 10312 10314 10315
f 10316 10317 10318
f 10318 10317 10319
f 10320 10321 10322
f 10322 10321 10323
f 10324 10325 10326
f 10326 10325 10327
f 10328 10329 10330
f 10330 10329 10331
f 10332 10333 10334
f 10334 10333 10335
f 10336 10337 10338
f 10338 10337 10339
f 10340 10341 10342
f 10342 10341 10343
f 10344 10345 10346
f 10346 10345 10347
f 10348 10349 10350
f 10350 10349 10351
f 10352 10353 10354
f 10354 10353 10355
f 10356 10357 10358
f 10358 10357 10359
f 10360 10361 10362
f 10362 10361 10363
f 10364 10365 10366
f 10366 10365 10367
f 10368 10369 10370
f 10370 10369 10371
f 10372 10373 10374
f 10375 10376 10377
f 10378 10379 10380
f 10381 10382 10383
f 10317 10384 10319
f 10384 10385 10319
f 10386 10387 10388
f 10321 10389 10323
f 10390 10391 10392
f 10325 10393 10327
f 10394 10395 10396
f 10329 10397 10331
f 10331 10397 10398
f 10333 10399 10400
f 10333 10400 10335
f 10401 10402 10403
f 10337 10404 10339
f 10405 10406 10407
f 10408 10409 10410
f 10341 10411 10343
f 10412 10413 10414
f 10345 10415 10416
f 10345 10416 10347
f 10417 10418 10419
f 10349 10420 10421
f 10349 10421 10351
f 10422 10423 10424
f 10353 10425 10355
f 10426 10427 10428
f 10429 10430 10431
f 10357 10432 10359
f 10433 10434 10435
f 10436 10437 10438
f 10439 10440 10441
f 10361 10442 10363
f 10443 10444 10445
f 10446 10447 10448
f 10365 10449 10450
f 10365 10450 10367
f 10451 10452 10453
f 10454 10455 10456
f 10369 10457 10371
f 10458 10459 10460
f 10461 10462 10463
f 10315 10464 10312
f 10465 10466 10467
f 10467 10466 10468
f 10467 10468 10469
f 10469 10470 10467
f 10467 10470 10471
f 10467 10471 10472
f 10467 10472 10473
f 10473 10472 10474
f 10473 10474 10475
f 10475 10476 10473
f 10473 10476 10477
f 10473 10477 10478
f 10479 10480 10481
f 10482 10483 10484
f 10485 10486 10487
f 10488 10489 10490
f 10491 10492 10493
f 10494 10495 10496
f 10497 10498 10499
f 10500 10501 10502
f 10503 10504 10505
f 10506 10507 10508
f 10509 10510 10511
f 10512 10513 10514
f 10515 10516 10517
f 10518 10519 10520
f 10521 10522 10523
f 10524 10525 10526
f 10527 10528 10529
f 10530 10531 10532
f 10533 10534 10535
f 10536 10537 10538
f 10539 10540 10541
f 10542 10543 10544
f 10545 10546 10547
f 10548 10549 10550
f 10551 10552 10553
f 10554 10555 10556
f 10557 10558 10559
f 10560 10561 10562
f 10563 10564 10565
f 10566 10567 10568
f 10569 10570 10571
f 10572 10573 10574
f 10575 10576 10577
f 10578 10579 10580
f 10581 10582 10583
f 10584 10585 10586
f 10587 10588 10589
f 10590 10591 10592
f 10593 10594 10595
f 10596 10597 10598
f 10599 10600 10601
f 10602 10603 10604
f 10602 10604 10605
f 10606 10607 10608
f 10609 10610 10611
f 10612 10613 10614
f 10615 10616 10617
f 10618 10619 10620
f 10621 10622 10623
f 10624 10625 10626
f 10627 10628 10629
f 10630 10631 10632
f 10633 10634 10635
f 10636 10637 10638
f 10639 10640 10641
f 10642 10643 10644
f 10645 10646 10647
f 10648 10649 10650
f 10651 10652 10653
f 10654 10655 10656
f 10654 10656 10657
f 10658 10659 10660
f 10658 10660 10661
f 10662 10663 10664
f 10665 10666 10667
f 10668 10669 10670
f 10671 10672 10673
f 10674 10675 10676
f 10674 10676 10677
f 10678 10679 10680
f 10681 10682 10683
f 10684 10685 10686
f 10687 10688 10689
f 10687 10689 10690
f 10690 10689 10691
f 10692 10693 10694
f 10695 10696 10697
f 10698 10699 10700
f 10700 10699 10701
f 10702 10703 10704
f 10704 10703 10705
f 10706 10707 10708
f 10709 10710 10711
f 10712 10713 10714
f 10714 10713 10715
f 10716 10717 10718
f 10719 10720 10721
f 10722 10723 10724
f 10725 10726 10727
f 10728 10729 10730
f 10731 10732 10733
f 10734 10735 10736
f 10736 10735 10737
f 10738 10739 10740
f 10740 10739 10741
f 10742 10743 10744
f 10744 10743 10745
f 10746 10747 10748
f 10748 10747 10749
f 10750 10751 10752
f 10753 10754 10755
f 10756 10757 10758
f 10758 10757 10759
f 10760 10761 10762
f 10762 10761 10763
f 10764 10765 10766
f 10766 10765 10767
f 10768 10769 10770
f 10771 10772 10773
f 10771 10773 10774
f 10775 10776 10777
f 10778 10779 10780
f 10781 10782 10783
f 10784 10785 10786
f 10787 10788 10789
f 10790 10791 10792
f 10793 10794 10795
f 10796 10797 10798
f 10799 10800 10801
f 10802 10803 10804
f 10805 10806 10807
f 10808 10809 10810
f 10811 10812 10813
f 10814 10815 10816
f 10817 10818 10819
f 10820 10821 10822
f 10823 10824 10825
f 10826 10827 10828
f 10829 10830 10831
f 10832 10833 10834
f 10835 10836 10837
f 10838 10839 10840
f 10841 10842 10843
f 10844 10845 10846
f 10847 10848 10849
f 10850 10851 10852
f 10853 10854 10855
f 10856 10857 10858
f 10859 10860 10861
f 10862 10863 10864
f 10865 10866 10867
f 10868 10869 10870
f 10871 10872 10873
f 10874 10875 10876
f 10877 10878 10879
f 10880 10881 10882
f 10883 10884 10885
f 10886 10887 10888
f 10889 10890 10891
f 10891 10890 10892
f 10893 10894 10895
f 10896 10897 10898
f 10899 10900 10901
f 10901 10900 10902
f 10903 10904 10905
f 10906 10907 10908
f 10909 10910 10911
f 10912 10913 10914
f 10915 10916 10917
f 10918 10919 10920
f 10921 10922 10923
f 10924 10925 10926
f 10927 10928 10929
f 10930 10931 10932
f 10933 10934 10935
f 10936 10937 10938
f 10939 10940 10941
f 10942 10943 10944
f 10945 10946 10947
f 10948 10949 10950
f 10951 10952 10953
f 10954 10955 10956
f 10957 10958 10959
f 10960 10961 10962
f 10963 10964 10965
f 10966 10967 10968
f 10969 10970 10971
f 10972 10973 10974
f 10975 10976 10977
f 10978 10979 10980
f 10981 10982 10983
f 10984 10985 10986
f 10987 10988 10989
f 10990 10991 10992
f 10993 10994 10995
f 10996 10997 10998
f 10999 11000 11001
f 11001 11000 11002
f 11001 11002 11003
f 11003 11002 11004
f 11003 11004 11005
f 11005 11004 11006
f 11005 11006 11007
f 11007 11006 11008
f 11007 11008 11009
f 11009 11008 11010
f 11009 11010 11011
f 11011 11010 11012
f 11011 11012 11013
f 11013 11012 11014
f 11013 11014 11015
f 11015 11014 11016
f 11015 11016 11017
f 11017 11016 11018
f 11017 11018 11019
f 11019 11018 11020
f 11019 11020 11021
f 11021 11020 11022
f 11021 11022 11023
f 11023 11022 11024
f 11023 11024 11025
f 11025 11024 11026
f 11025 11026 11027
f 11027 11026 11028
f 11027 11028 11029
f 11029 11028 11030
f 11029 11030 11031
f 11031 11030 11032
f 11031 11032 10772
f 10772 11032 11033
f 10772 11033 10773
f 11034 11035 11036
f 11037 11038 11039
f 11040 11041 11042
f 11043 11044 11045
f 11046 11047 11048
f 11049 11050 11051
f 11052 11053 11054
f 11055 11056 11057
f 11058 11059 11060
f 11061 11062 11063
f 11064 11065 11066
f 11067 11068 11069
f 11070 11071 11072
f 11073 11074 11075
f 11076 11077 11078
f 11079 11080 11081
f 11082 11083 11084
f 11085 11086 11087
f 11088 11089 11090
f 11091 11092 11093
f 11094 11095 11096
f 11097 11098 11099
f 11100 11101 11102
f 11103 11104 11105
f 11106 11107 11108
f 11109 11110 11111
f 11112 11113 11114
f 11115 11116 11117
f 11118 11119 11120
f 11121 11122 11123
f 11124 11125 11126
f 11127 11128 11129
f 11130 11131 11132
f 11133 11134 11135
f 11136 11137 11138
f 11139 11140 11141
f 11142 11143 11144
f 11145 11146 11147
f 11148 11149 11150
f 11151 10781 10783
f 11152 11153 11154
f 11155 11156 11157
f 11158 11159 11160
f 11161 11162 11163
f 11164 11165 11166
f 11167 11168 11169
f 11170 11171 11172
f 11172 11171 11173
f 11174 11175 11176
f 11176 11175 11177
f 11178 11179 11180
f 11181 11182 11183
f 11184 11185 11186
f 11186 11185 11187
f 11188 11189 11190
f 11190 11189 11191
f 11192 11193 11194
f 11195 11196 11197
f 11198 11199 11200
f 11200 11199 11201
f 11202 11203 11204
f 11204 11203 11205
f 11206 11207 11208
f 11208 11207 11209
f 11210 11211 11212
f 11212 11211 11213
f 11214 11215 11216
f 11216 11215 11217
f 11218 11219 11220
f 11221 11222 11223
f 11224 11225 11226
f 11226 11225 11227
f 11228 10987 10989
f 11229 11230 11231
f 11232 11233 11234
f 11235 11236 11237
f 11238 11239 11240
f 11241 11242 11243
f 11244 11245 11246
f 11247 11248 11249
f 11250 11251 11252
f 11253 11163 11162
f 11254 11255 11256
f 11257 11258 11259
f 11260 11261 11262
f 11263 11264 11265
f 11266 11267 11268
f 11269 11270 11271
f 11272 11273 11274
f 11275 11276 11277
f 11278 11279 11280
f 11281 11282 11283
f 11284 11285 11286
f 11286 11285 11287
f 11288 11289 11290
f 11290 11289 11291
f 11292 11293 11294
f 11294 11293 11295
f 11296 11297 11298
f 11298 11297 11299
f 11300 11301 11302
f 11302 11301 11303
f 11304 11305 11306
f 11306 11305 11307
f 11308 11309 11310
f 11310 11309 11311
f 11312 11313 11314
f 11314 11313 11315
f 11316 10975 10977
f 11317 11318 11319
f 11320 11321 11322
f 11323 11324 11325
f 11326 11327 11328
f 11329 11330 11331
f 11332 11333 11334
f 11335 11336 11337
f 11338 11339 11340
f 11341 11342 11343
f 11344 11345 11346
f 11347 11348 11349
f 11349 11348 11350
f 11351 11352 11353
f 11353 11352 11354
f 11355 11356 11357
f 11357 11356 11358
f 11359 11360 11361
f 11361 11360 11362
f 11363 11364 11365
f 11365 11364 11366
f 11367 11368 11369
f 11370 11371 11372
f 11373 11374 11375
f 11376 11377 11378
f 11379 10969 10971
f 11380 11381 11382
f 11383 11384 11385
f 11386 11387 11388
f 11389 11390 11391
f 11392 11393 11394
f 11395 11396 11397
f 11398 11399 11400
f 11401 11402 11403
f 11404 11405 11406
f 11407 11408 11409
f 11410 11411 11412
f 11413 11414 11415
f 11416 11417 11418
f 11419 11420 11421
f 11422 11423 11424
f 11425 11426 11427
f 11428 11429 11430
f 11431 11432 11433
f 11434 11435 11436
f 11437 11438 11439
f 11440 11441 11442
f 11443 11444 11445
f 11446 11447 11448
f 11449 11450 11451
f 11452 11453 11454
f 11455 11456 11457
f 11458 11459 11460
f 11461 11462 11463
f 11464 11465 11466
f 11467 11468 11469
f 11470 11471 11472
f 11473 11474 11475
f 11476 11477 11478
f 11479 11480 11481
f 11482 11483 11484
f 11485 11486 11487
f 11488 11489 11490
f 11491 11492 11493
f 11494 11495 11496
f 11497 11498 11499
f 11500 11501 11502
f 11503 11504 11505
f 11506 11507 11508
f 11509 11510 11511
f 11512 11513 11514
f 11515 11516 11517
f 11518 11519 11520
f 11521 11522 11523
f 11524 11525 11526
f 11527 11528 11529
f 11530 11531 11532
f 11533 11534 11535
f 11536 11537 11538
f 11539 11540 11541
f 11542 11543 10899
f 11544 11545 11546
f 11547 11548 11549
f 11550 11551 11552
f 11553 11554 11555
f 11556 11557 11558
f 11559 11560 11561
f 11562 11563 11564
f 11565 11566 11567
f 11568 11569 11570
f 11571 11572 11573
f 11574 11575 11576
f 11577 11578 11579
f 11580 11581 11582
f 11583 11584 11585
f 11586 11587 11588
f 11589 11590 11591
f 11592 11593 11594
f 11595 11596 11597
f 11598 11599 11600
f 11601 11602 11603
f 11604 11605 11606
f 11607 11608 11609
f 11610 11611 11612
f 11613 11614 11615
f 11616 11617 11618
f 11575 11619 11576
f 11620 11621 11622
f 11581 11623 11582
f 11624 11625 11626
f 11587 11627 11588
f 11628 11629 11630
f 11631 11632 11633
f 11634 11635 11636
f 11637 11638 11639
f 11639 11638 11640
f 11641 11642 11643
f 11644 11645 11646
f 11647 11648 11649
f 11650 11651 11652
f 11653 11654 11655
f 11656 11657 11658
f 11659 11660 11661
f 11661 11660 11662
f 11663 11664 11665
f 11666 11667 11668
f 11669 11670 11671
f 11672 11673 11674
f 11675 11676 11677
f 11678 11679 11680
f 11681 11682 11683
f 11683 11682 11684
f 11685 11686 11687
f 11688 11689 11690
f 11691 11692 11693
f 11694 11695 11696
f 11697 11698 11699
f 11700 11701 11702
f 11703 11704 11705
f 11706 11707 11708
f 11709 11710 11711
f 11711 11710 11712
f 11713 11714 11715
f 11715 11714 11716
f 11717 11718 11719
f 11720 11721 11722
f 11723 11724 11725
f 11726 11727 11728
f 11729 11730 11731
f 11731 11730 11732
f 11733 11734 11735
f 11735 11734 11736
f 11737 11738 11739
f 11739 11738 11740
f 11741 11742 11743
f 11744 11745 11746
f 11605 11747 11606
f 11748 11749 11750
f 11611 11751 11612
f 11752 11753 11754
f 11617 11755 11618
f 11756 11757 11758
f 11621 11759 11622
f 11760 11761 11762
f 11625 11763 11626
f 11764 11765 11766
f 11629 11767 11630
f 11768 11769 11770
f 11635 11771 11636
f 11772 11773 11774
f 11775 11776 11777
f 11778 11779 11780
f 11781 11782 11783
f 11784 11785 11786
f 11753 11787 11754
f 11788 11789 11790
f 11757 11791 11758
f 11792 11793 11794
f 11761 11795 11762
f 11796 11797 11798
f 11799 11800 11801
f 11802 11803 11804
f 11769 11805 11770
f 11806 11807 11808
f 11773 11809 11774
f 11810 11811 11812
f 11779 11813 11780
f 11814 11815 11816
f 11785 11817 11786
f 11818 11819 11820
f 11821 11822 11823
f 11824 11825 11826
f 11793 11827 11794
f 11828 11829 11830
f 11831 11832 11833
f 11834 11835 11836
f 11837 11838 11839
f 11840 11841 11842
f 11807 11843 11808
f 11844 11845 11846
f 11811 11847 11812
f 11848 11849 11850
f 11851 11852 11853
f 11854 11855 11856
f 11857 11858 11859
f 11860 11861 11862
f 11825 11863 11826
f 11864 11865 11866
f 11867 11868 11869
f 11870 11871 11872
f 11835 11873 11836
f 11874 11875 11876
f 11877 11878 11879
f 11880 11881 11882
f 11845 11883 11846
f 11884 11885 11886
f 11849 11887 11850
f 11888 11889 11890
f 11891 11892 11893
f 11894 11895 11896
f 11861 11897 11862
f 11898 11899 11900
f 11901 11902 11903
f 11904 11905 11906
f 11907 11908 11909
f 11910 11911 11912
f 11875 11913 11876
f 11914 11915 11916
f 11917 11918 11919
f 11920 11921 11922
f 11885 11923 11886
f 11924 11925 11926
f 11927 11928 11929
f 11930 11931 11932
f 11933 11934 11935
f 11936 11937 11938
f 11899 11939 11900
f 11940 11941 11942
f 11905 11943 11906
f 11944 11945 11946
f 11947 11948 11949
f 11950 11951 11952
f 11953 11954 11955
f 11956 11957 11958
f 11959 11960 11961
f 11962 11963 11964
f 11925 11965 11926
f 11966 11967 11968
f 11931 11969 11932
f 11970 11971 11972
f 11937 11973 11938
f 11974 11975 11976
f 11941 11977 11942
f 11978 11979 11980
f 11945 11981 11946
f 11982 11983 11984
f 11951 11985 11952
f 11986 11987 11988
f 11989 11990 11991
f 11992 11993 11994
f 11995 11996 11997
f 11998 11999 12000
f 12001 12002 12003
f 12004 12005 12006
f 11971 12007 11972
f 12008 12009 12010
f 12011 12012 12013
f 12014 12015 12016
f 12017 12018 12019
f 12020 12021 12022
f 12023 12024 12025
f 12026 12027 12028
f 11987 12029 11988
f 12030 12031 12032
f 12033 12034 12035
f 12036 12037 12038
f 12039 12040 12041
f 12042 12043 12044
f 12045 12046 12047
f 12048 12049 12050
f 12009 12051 12010
f 12052 12053 12054
f 12055 12056 12057
f 12058 12059 12060
f 12021 12061 12022
f 12062 12063 12064
f 12065 12066 12067
f 12068 12069 12070
f 12071 12072 12073
f 12074 12075 12076
f 12077 12078 12079
f 12080 12081 12082
f 12083 12084 12085
f 12086 12087 12088
f 12049 12089 12050
f 12090 12091 12092
f 12093 12094 12095
f 12096 12097 12098
f 12099 12100 12101
f 12102 12103 12104
f 12063 12105 12064
f 12106 12107 12108
f 12109 12110 12111
f 12112 12113 12114
f 12075 12115 12076
f 12116 12117 12118
f 12119 12120 12121
f 12122 12123 12124
f 12125 12126 12127
f 12128 12129 12130
f 12131 12132 12133
f 12134 12135 12136
f 12137 12138 12139
f 12140 12141 12142
f 12143 12144 12145
f 12146 12147 12148
f 12149 12150 12151
f 12152 12153 12154
f 12155 12156 12157
f 12158 12159 12160
f 12161 12162 12163
f 12164 12165 12166
f 12167 12168 12169
f 12135 12170 12136
f 12171 12172 12173
f 12174 12175 12176
f 12177 12178 12179
f 12180 12181 12182
f 12183 12184 12185
f 12186 12187 12188
f 12189 12190 12191
f 12192 12193 12194
f 12195 12196 12197
f 12198 12199 12200
f 12201 12202 12203
f 12172 12204 12173
f 12205 12206 12207
f 12208 12209 12210
f 12211 12212 12213
f 12214 12215 12216
f 12217 12218 12219
f 12220 12221 12222
f 12223 12224 12225
f 12226 12227 12228
f 12229 12230 12231
f 12232 12233 12234
f 12235 12236 12237
f 12212 12238 12213
f 12239 12240 12241
f 12242 12243 12244
f 12245 12246 12247
f 12248 12249 12250
f 12251 12252 12253
f 12254 12255 12256
f 12257 12258 12259
f 12260 12261 12262
f 12263 12264 12265
f 12266 12267 12268
f 12269 12270 12271
f 12272 12273 12274
f 12275 12276 12277
f 12261 12278 12262
f 12279 12280 12281
f 12279 12281 12282
f 12283 12284 12285
f 12286 12287 12288
f 12284 12289 12285
f 12290 11547 11549
f 12291 12292 12293
f 12293 12292 12294
f 12295 12296 12297
f 12298 12299 12300
f 12301 12302 12303
f 12304 12305 12306
f 12306 12305 12307
f 12308 12309 12310
f 12311 12312 12313
f 12314 12315 12316
f 12317 12318 12319
f 12320 12321 12322
f 12323 12324 12325
f 12326 12327 12328
f 12329 12330 12331
f 12332 12333 12334
f 12335 12336 12337
f 12338 12339 12340
f 12340 12339 12341
f 12342 12343 12344
f 12344 12343 12345
f 12346 12347 12348
f 12348 12347 12349
f 12350 11571 11573
f 12351 12352 12353
f 12353 12352 12354
f 12355 12356 12357
f 12357 12356 12358
f 12359 12360 12361
f 12362 12363 12364
f 12365 12366 12367
f 12368 12369 12370
f 12371 12372 12373
f 12373 12372 12374
f 12375 12376 12377
f 12378 12379 12380
f 12381 12382 12383
f 12384 12385 12386
f 12387 12388 12389
f 12389 12388 12390
f 12391 12392 12393
f 12393 12392 12394
f 12395 12396 12397
f 12397 12396 12398
f 12399 12400 12401
f 12401 12400 12402
f 12403 12404 12405
f 12405 12404 12406
f 12407 11583 11585
f 10484 10483 12408
f 12409 12410 12411
f 12412 10992 10991
f 12413 12414 12415
f 12416 12417 12418
f 12419 12420 12421
f 12422 12423 12424
f 12425 10986 10985
f 12426 12427 12428
f 12429 12430 12431
f 12432 12433 12434
f 12435 12436 12437
f 12438 12439 12440
f 12441 12442 12443
f 12444 10980 10979
f 12445 12446 12447
f 12448 12449 12450
f 12451 12452 12453
f 12454 12455 12456
f 12457 12458 12459
f 12460 12461 12462
f 12463 12464 12465
f 12466 12467 12468
f 12469 10974 10973
f 12470 12471 12472
f 12472 12471 12473
f 12474 12475 12476
f 12477 12478 12479
f 12480 12481 12482
f 12482 12481 12483
f 12484 12485 12486
f 12487 12488 12489
f 12490 12491 12492
f 12493 12494 12495
f 12496 10968 10967
f 12497 12498 12499
f 12500 12501 12502
f 12503 12504 12505
f 12505 12504 12506
f 12507 12508 12509
f 12510 12511 12512
f 12513 12514 12515
f 12516 12517 12518
f 12519 12520 12521
f 12521 12520 12522
f 12523 12524 12525
f 12525 12524 12526
f 12527 10962 10961
f 12528 12529 12530
f 12531 12532 12533
f 12534 12535 12536
f 12536 12535 12537
f 12538 12539 12540
f 12541 12542 12543
f 12544 12545 12546
f 12546 12545 12547
f 12548 12549 12550
f 12550 12549 12551
f 12552 12553 12554
f 12554 12553 12555
f 12556 12557 12558
f 12558 12557 12559
f 12560 10956 10955
f 12561 12562 12563
f 12564 12565 12566
f 12567 12568 12569
f 12569 12568 12570
f 12571 12572 12573
f 12574 12575 12576
f 12577 12578 12579
f 12579 12578 12580
f 12581 12582 12583
f 12583 12582 12584
f 12585 12586 12587
f 12587 12586 12588
f 12589 12590 12591
f 12591 12590 12592
f 12593 12594 12595
f 12595 12594 12596
f 12597 12598 12599
f 12600 12601 12602
f 12603 12604 12605
f 12606 12607 12608
f 12608 12607 12609
f 12610 12611 12612
f 12613 12614 12615
f 12616 12617 12618
f 12619 12620 12621
f 12622 12623 12624
f 12624 12623 12625
f 12626 12627 12628
f 12628 12627 12629
f 12630 12631 12632
f 12632 12631 12633
f 12634 12635 12636
f 12637 12638 12639
f 12640 12641 12642
f 12642 12641 12643
f 12644 12645 12646
f 12647 12648 12649
f 12649 12648 12650
f 12651 12652 12653
f 12653 12652 12654
f 12655 12656 12657
f 12657 12656 12658
f 12659 12660 12661
f 12662 12663 12664
f 12665 12666 12667
f 12668 12669 12670
f 12671 12672 12673
f 12673 12672 12674
f 12675 12676 12677
f 12678 12679 12680
f 12681 12682 12683
f 12683 12682 12684
f 12685 12686 12687
f 12688 12689 12690
f 12691 12692 12693
f 12693 12692 12694
f 12695 10938 10937
f 12696 12697 12698
f 12699 12700 12701
f 12702 12703 12704
f 12705 12706 12707
f 12708 12709 12710
f 12711 12712 12713
f 12714 12715 12716
f 12716 12715 12717
f 12718 12719 12720
f 12720 12719 12721
f 12722 12723 12724
f 12724 12723 12725
f 12726 12727 12728
f 12729 12730 12731
f 12732 12733 12734
f 12735 12736 12737
f 12738 12739 12740
f 12740 12739 12741
f 12742 12743 12744
f 12745 12746 12747
f 12748 12749 12750
f 12750 12749 12751
f 12752 12753 12754
f 12755 12756 12757
f 12758 12759 12760
f 12761 12762 12763
f 12764 12765 12766
f 12767 12768 12769
f 12770 12771 12772
f 12773 12774 12775
f 12775 12774 12776
f 12777 12778 12779
f 12779 12778 12780
f 12781 12782 12783
f 12783 12782 12784
f 12785 12786 12787
f 12787 12786 12788
f 12789 12790 12791
f 12791 12790 12792
f 12793 12794 12795
f 12795 12794 12796
f 12797 12798 12799
f 12800 12801 12802
f 12803 12804 12805
f 12805 12804 12806
f 12807 12808 12809
f 12809 12808 12810
f 12811 10926 10925
f 10568 10567 12812
f 12813 12814 12815
f 12816 12817 12818
f 12819 12820 12821
f 12822 12823 12824
f 12824 12823 12825
f 12826 12827 12828
f 12828 12827 12829
f 12830 12831 12832
f 12833 12834 12835
f 12836 12837 12838
f 12839 12840 12841
f 12842 12843 12844
f 12844 12843 12845
f 12846 12847 12848
f 12849 12850 12851
f 12852 12853 12854
f 12854 12853 12855
f 12856 12857 12858
f 12858 12857 12859
f 12860 12861 12862
f 12863 12864 12865
f 12866 12867 12868
f 12868 12867 12869
f 12870 12871 12872
f 12872 12871 12873
f 12874 10920 10919
f 10574 10573 12875
f 12876 12877 12878
f 12879 12880 12881
f 12881 12880 12882
f 12883 12884 12885
f 12885 12884 12886
f 12887 12888 12889
f 12889 12888 12890
f 12891 12892 12893
f 12894 12895 12896
f 12897 12898 12899
f 12899 12898 12900
f 12901 12902 12903
f 12903 12902 12904
f 12905 12906 12907
f 12907 12906 12908
f 12909 12910 12911
f 12911 12910 12912
f 12913 12914 12915
f 12915 12914 12916
f 12917 12918 12919
f 12920 12921 12922
f 12923 12924 12925
f 12925 12924 12926
f 12927 12928 12929
f 12929 12928 12930
f 12931 12932 12933
f 12934 12935 12936
f 12937 10914 10913
f 12938 12939 12940
f 12940 12939 12941
f 12942 12943 12944
f 12944 12943 12945
f 12946 12947 12948
f 12948 12947 12949
f 12950 12951 12952
f 12952 12951 12953
f 12954 12955 12956
f 12956 12955 12957
f 12958 12959 12960
f 12960 12959 12961
f 12962 12963 12964
f 12964 12963 12965
f 12966 12967 12968
f 12969 12970 12971
f 12972 12973 12974
f 12975 12971 12976
f 12977 12978 12979
f 12979 12978 12980
f 12981 12982 12983
f 12983 12982 12984
f 12985 12986 12987
f 12987 12986 12988
f 12989 12990 12991
f 12992 12993 12994
f 12995 12996 12997
f 12998 12999 13000
f 13001 13002 13003
f 13004 13005 13006
f 13007 13008 13009
f 13010 13011 13012
f 13012 13011 13013
f 13012 13013 13014
f 13014 13013 13015
f 13014 13015 13016
f 13016 13015 13017
f 13016 13017 13018
f 13018 13017 13019
f 13018 13019 13020
f 13020 13019 13021
f 13020 13021 13022
f 13022 13021 13023
f 13022 13023 13024
f 13024 13023 13025
f 13024 13025 13026
f 13026 13025 13027
f 13026 13027 13028
f 13028 13027 13029
f 13028 13029 13030
f 13030 13029 13031
f 13030 13031 13032
f 13032 13031 13033
f 13032 13033 13034
f 13034 13033 13035
f 13034 13035 13036
f 13036 13035 13037
f 13036 13037 13038
f 13038 13037 13039
f 13038 13039 13040
f 13040 13039 13041
f 13040 13041 13042
f 13042 13041 10902
f 13042 10902 10900
f 13043 13044 13045
f 13045 13044 13046
f 13047 13048 13049
f 13049 13048 13050
f 13051 13052 13053
f 13053 13052 13054
f 13055 13056 13057
f 13057 13056 13058
f 13059 13060 13061
f 13061 13060 13062
f 13063 13064 13065
f 13065 13064 13066
f 13067 13068 13069
f 13069 13068 13070
f 13071 13072 13073
f 13073 13072 13074
f 13075 13076 13077
f 13077 13076 13078
f 13079 13080 13081
f 13081 13080 13082
f 13083 13084 13085
f 13085 13084 13086
f 13087 13088 13089
f 13090 13091 13092
f 13093 13094 13095
f 13095 13094 13096
f 13097 13098 13099
f 13099 13098 13100
f 13101 13102 13103
f 13103 13102 13104
f 13105 13106 13107
f 13107 13106 13108
f 13107 13108 13109
f 13109 13108 13110
f 13111 10898 10897
f 13112 13113 13114
f 13115 13116 13117
f 13118 13119 13120
f 13120 13119 13121
f 13122 13123 13124
f 13124 13123 13125
f 13126 13127 13128
f 13128 13127 13129
f 13130 13131 13132
f 13132 13131 13133
f 13134 13135 13136
f 13136 13135 13137
f 13138 13139 13140
f 13140 13139 13141
f 13142 13143 13144
f 13144 13143 13145
f 13146 13147 13148
f 13148 13147 13149
f 13150 13151 13152
f 13152 13151 13153
f 13154 13155 13156
f 13156 13155 13157
f 13158 13159 13160
f 13160 13159 13161
f 13162 13163 13164
f 13164 13163 13165
f 13166 13167 13168
f 13168 13167 13169
f 13170 13171 13172
f 13173 13174 13175
f 13176 13177 13178
f 13178 13177 13179
f 13180 13181 13182
f 13183 13184 13185
f 13186 13187 13188
f 13189 13190 13191
f 13192 13193 13194
f 13195 13196 13197
f 13198 13199 13200
f 13201 13202 13203
f 13204 13205 13206
f 13207 13208 13209
f 13210 13211 13212
f 13213 13214 13215
f 13216 13217 13218
f 13218 13217 13219
f 13220 13221 13222
f 13222 13221 13223
f 13224 13225 13226
f 13227 13228 13229
f 13230 13231 13232
f 13232 13231 13233
f 13234 13235 13236
f 13236 13235 13237
f 13238 13239 13240
f 13241 13242 13243
f 13244 13245 13246
f 13247 13248 13249
f 13250 13251 13252
f 13253 13254 13255
f 13256 13257 13258
f 13258 13257 13259
f 13260 13261 13262
f 13262 13261 13263
f 13264 13265 13266
f 13267 13268 13269
f 13270 13271 13272
f 13273 13274 13275
f 13276 13277 13278
f 13279 13280 13281
f 13282 13283 13284
f 13285 13286 13287
f 13288 13289 13290
f 13291 13292 13293
f 13294 13295 13296
f 13297 13298 13299
f 13300 13301 13302
f 13303 13304 13305
f 13306 13307 13308
f 13308 13307 13309
f 13310 13311 13312
f 13312 13311 13313
f 13314 13315 13316
f 13316 13315 13317
f 13318 13319 13320
f 13320 13319 13321
f 13322 13323 13324
f 13324 13323 13325
f 13326 13327 13328
f 13328 13327 13329
f 13330 13331 13332
f 13332 13331 13333
f 13334 13335 13336
f 13337 13338 13339
f 13340 13341 13342
f 13343 13344 13345
f 13346 13347 13348
f 13349 13350 13351
f 13352 13353 13354
f 13355 13356 13357
f 13358 13359 13360
f 13361 13362 13363
f 13364 13365 13366
f 13367 13368 13369
f 13370 13371 13372
f 13373 13374 13375
f 13376 13377 13378
f 13379 13380 13381
f 13382 13383 13384
f 13385 13386 13387
f 13388 13389 13390
f 13391 13392 13393
f 13394 13395 13396
f 13397 13398 13399
f 13400 13401 13402
f 13403 13404 13405
f 13406 13407 13408
f 13409 13410 13411
f 13412 13413 13414
f 13415 13416 13417
f 13418 13419 13420
f 13421 13422 13423
f 13423 13422 13424
f 13425 13426 13427
f 13427 13426 13428
f 13429 13430 13431
f 13431 13430 13432
f 13433 13434 13435
f 13435 13434 13436
f 13437 13438 13439
f 13439 13438 13440
f 13441 13442 13443
f 13444 13445 13446
f 13447 13448 13449
f 13450 13451 13452
f 13453 13454 13455
f 13456 13457 13458
f 13459 13460 13461
f 13461 13460 13462
f 13463 13464 13465
f 13465 13464 13466
f 13467 13468 13469
f 13470 13471 13472
f 13473 13474 13475
f 13476 13477 13478
f 13479 13480 13481
f 13482 13483 13484
f 13485 13486 13487
f 13488 13489 13490
f 13491 13492 13493
f 13494 13495 13496
f 13497 13498 13499
f 13500 13501 13502
f 13503 13504 13505
f 13506 13507 13508
f 13509 13510 13511
f 13512 13513 13514
f 13515 13516 13517
f 13518 13519 13520
f 13521 13522 13523
f 13524 13525 13526
f 13527 13528 13529
f 13530 13531 13532
f 13532 13531 13533
f 13534 13535 13536
f 13536 13535 13537
f 13538 13539 13540
f 13541 13542 13543
f 13544 13545 13546
f 13547 13548 13549
f 13550 13551 13552
f 13552 13551 13553
f 13554 13555 13556
f 13557 13558 13559
f 13560 13561 13562
f 13562 13561 13563
f 13564 13565 13566
f 13566 13565 13567
f 13568 13569 13570
f 13570 13569 13571
f 13572 13573 13574
f 13574 13573 13575
f 13576 13577 13578
f 13579 13580 13581
f 13582 13583 13584
f 13585 13586 13587
f 13588 13589 13590
f 13591 13592 13593
f 13594 13595 13596
f 13597 13598 13599
f 13600 13601 13602
f 13603 13604 13605
f 13606 13607 13608
f 13609 13610 13611
f 13612 13613 13614
f 13615 13616 13617
f 13618 13619 13620
f 13621 13622 13623
f 13624 13625 13626
f 13627 13628 13629
f 13630 13631 13632
f 13633 13634 13635
f 13636 13637 13638
f 13638 13637 13639
f 13640 13641 13642
f 13643 13644 13645
f 13646 13647 13648
f 13649 13650 13651
f 13652 13653 13654
f 13655 13656 13657
f 13658 13659 13660
f 13660 13659 13661
f 13662 13663 13664
f 13664 13663 13665
f 13666 13667 13668
f 13669 13670 13671
f 13672 13673 13674
f 13674 13673 13675
f 13676 13677 13678
f 13678 13677 13679
f 13680 13681 13682
f 13682 13681 13683
f 13684 13685 13686
f 13687 13688 13689
f 13690 13691 13692
f 13692 13691 13693
f 13694 13695 13696
f 13697 13698 13699
f 13700 13701 13702
f 13702 13701 13703
f 13704 13705 13706
f 13707 13708 13709
f 13710 13711 13712
f 13713 13714 13715
f 13716 13509 13511
f 11542 10899 10901
f 13717 13718 13719
f 13720 13721 13722
f 13723 13724 13725
f 13726 13727 13728
f 13729 13730 13731
f 13732 13733 13734
f 13735 13736 13737
f 13738 13739 13740
f 13741 13742 13743
f 13744 13745 13746
f 13744 13746 13747
f 13748 13749 13750
f 13751 13752 13753
f 13754 13755 13756
f 13757 13758 13759
f 13760 13761 13762
f 13763 13764 13765
f 13766 13767 13768
f 13769 13770 13771
f 13772 13773 13774
f 13775 13776 13777
f 13778 13779 13780
f 13781 12378 12380
f 13778 13780 13782
f 13783 13784 13785
f 13783 13785 13786
f 13787 13788 13789
f 13787 13789 13790
f 13791 13792 13793
f 13794 13795 13796
f 13794 13796 13797
f 13798 13799 13800
f 13801 13802 13803
f 13804 13805 13806
f 13804 13806 13807
f 13808 13809 13810
f 13808 13810 13811
f 13812 13813 13814
f 13812 13814 13815
f 13816 13817 13818
f 13816 13818 13819
f 13820 13821 13822
f 11591 13823 11589
f 13824 13825 13826
f 13827 13828 13829
f 13830 13831 13832
f 13832 13831 13833
f 13834 13835 13836
f 13837 13838 13839
f 13837 13839 13840
f 13841 13842 13843
f 13844 13845 13846
f 13847 13848 13849
f 13850 13851 13852
f 13853 13854 13855
f 13856 13857 13858
f 10941 13859 10939
f 13860 13861 13862
f 10935 13863 10933
f 13864 13865 13866
f 10929 13867 10927
f 13868 13869 13870
f 13871 13872 13873
f 13874 13875 13876
f 10917 13877 10915
f 13878 13879 13880
f 13846 13845 13881
f 13882 13883 13884
f 13882 13884 13885
f 11503 11505 13886
f 13887 13888 13889
f 11501 13890 11502
f 13891 13892 13893
f 13891 13893 13894
f 13895 13896 13897
f 13898 13899 13900
f 13901 13902 13903
f 13904 13905 13906
f 13907 13908 13909
f 13909 13908 13910
f 13911 13912 13913
f 13914 13915 13916
f 13917 13918 13919
f 13920 13921 13922
f 13923 13924 13925
f 13926 13927 13928
f 13929 13930 13931
f 13932 13933 13934
f 13935 13936 13937
f 13935 13937 13938
f 11499 13939 11497
f 13940 13941 13942
f 13943 13944 13945
f 13946 13947 13948
f 13949 13950 13951
f 13952 13953 13954
f 11481 13955 11479
f 13956 13957 13958
f 13959 13960 13961
f 13962 13963 13964
f 13965 13966 13967
f 13968 13969 13970
f 13971 13972 13973
f 13974 13975 13976
f 13977 13978 13979
f 13977 13979 13980
f 13981 13982 13983
f 13984 13985 13986
f 13987 13988 13989
f 13989 13988 13990
f 13991 13992 13993
f 13994 13995 13996
f 13997 13998 13999
f 14000 14001 14002
f 13866 13865 14003
f 14004 14005 14006
f 14007 14008 14009
f 14007 14009 14010
f 14011 14012 14013
f 14014 14015 14016
f 14017 14018 14019
f 14020 14021 14022
f 14023 14024 14025
f 14026 14027 14028
f 14029 14030 14031
f 14032 14033 14034
f 14035 14036 14037
f 11477 14038 11478
f 14039 14040 14041
f 14039 14041 14042
f 14043 14044 14045
f 14046 14047 14048
f 14049 14050 14051
f 14052 14053 14054
f 14055 14056 14057
f 11471 14058 11472
f 14059 14060 14061
f 14062 14063 14064
f 14065 14066 14067
f 14068 14069 14070
f 14071 14072 14073
f 14074 14075 14076
f 14077 14078 14079
f 14080 14081 14082
f 14083 14084 14085
f 14085 14084 14086
f 14085 14086 14087
f 14087 14088 14085
f 14085 14088 14089
f 14085 14089 14090
f 14090 14089 14091
f 14090 14091 14092
f 14092 14093 14090
f 14090 14093 14094
f 14090 14094 14095
f 14096 14097 14098
f 14099 14100 14101
f 14102 14103 14104
f 14105 14106 14107
f 14105 14107 14108
f 14109 14110 14111
f 14112 14113 14114
f 14115 14116 14117
f 14118 14119 14120
f 14121 14122 14123
f 14124 14125 14126
f 14127 14128 14129
f 14130 14131 14132
f 14133 14134 14135
f 14136 14137 14138
f 14139 14140 14141
f 14142 14143 14144
f 14145 14146 14147
f 14148 14149 14150
f 14151 14152 14153
f 14154 14155 14156
f 14157 14158 14159
f 14160 14161 14162
f 14163 14164 14165
f 14166 14167 14168
f 14169 14170 14171
f 14172 14173 14174
f 14175 14176 14177
f 14178 14179 14180
f 14181 14182 14183
f 14184 14185 14186
f 14187 14188 14189
f 14190 14191 14192
f 14193 14194 14195
f 14196 14197 14198
f 14199 14200 14201
f 14202 14203 14204
f 14205 14206 14207
f 14208 14209 14210
f 14211 14212 14213
f 14214 14215 14216
f 14217 14218 14219
f 14220 14221 14222
f 14223 14224 14225
f 14226 14227 14228
f 14229 14230 14231
f 14232 14233 14234
f 14235 14236 14237
f 14238 14239 14240
f 14241 14242 14243
f 14100 14244 14101
f 14245 14246 14247
f 14106 14248 14249
f 14250 14251 14252
f 14253 14254 14255
f 14253 14255 14256
f 14257 14258 14259
f 14260 14261 14262
f 14263 14264 14265
f 14266 14267 14268
f 14269 14270 14271
f 14272 14273 14274
f 14274 14273 14275
f 14276 14277 14278
f 14279 14280 14281
f 14282 14283 14284
f 14285 14286 14287
f 14288 14289 14290
f 14291 14292 14293
f 14294 14295 14296
f 14297 14298 14299
f 14300 14301 14302
f 14303 14304 14305
f 14306 14307 14308
f 14308 14307 14309
f 14310 14311 14312
f 14313 14314 14315
f 14313 14315 14316
f 14317 14318 14319
f 14320 14321 14322
f 14323 14324 14325
f 14323 14325 14177
f 14185 14326 14186
f 14327 14328 14329
f 14330 14331 14332
f 14330 14332 14333
f 14334 14335 14336
f 14326 14337 14338
f 14326 14338 14186
f 14194 14339 14195
f 14340 14341 14342
f 14343 14344 14345
f 14346 14347 14348
f 14349 14350 14351
f 14352 14353 14354
f 14355 14356 14357
f 14358 14359 14360
f 14361 14362 14206
f 14363 14364 14365
f 14366 14204 14203
f 14351 14367 14349
f 14368 14369 14370
f 14371 14372 14373
f 14371 14373 14213
f 14221 14374 14222
f 14375 14376 14377
f 14378 14379 14380
f 14374 14381 14382
f 14374 14382 14383
f 14384 14385 14386
f 14387 14388 14389
f 14390 14391 14392
f 14393 14394 14395
f 14396 14397 14398
f 14399 14400 14401
f 14402 14403 14404
f 14401 14405 14406
f 14407 14408 14409
f 14410 14411 14412
f 14412 14411 14413
f 14414 14415 14416
f 14417 14418 14419
f 14419 14418 14420
f 14421 14422 14423
f 14424 14425 14426
f 14117 14116 14253
f 14249 14107 14106
f 14126 14125 14260
f 14256 14117 14253
f 14260 14262 14126
f 14134 14266 14268
f 14134 14268 14135
f 14143 14272 14274
f 14143 14274 14144
f 14152 14279 14153
f 14159 14158 14285
f 14281 14153 14279
f 14168 14167 14294
f 14287 14159 14285
f 14177 14176 14323
f 14296 14168 14294
f 14213 14212 14371
f 14228 14227 14390
f 14383 14222 14374
f 14392 14228 14390
f 14427 14428 14429
f 14430 14431 14432
f 14433 14434 14435
f 14436 14437 14438
f 14439 14440 14441
f 14442 14443 14444
f 14445 14446 14447
f 14445 14447 14448
f 14449 14450 14451
f 14452 14453 14454
f 14452 14454 14455
f 14456 14457 14458
f 14459 14460 14461
f 14462 14463 14464
f 14465 14466 14467
f 14468 14469 14470
f 14471 14472 14473
f 14474 14475 14476
f 14474 14476 14477
f 14478 14479 14480
f 14481 14482 14483
f 14484 14485 14486
f 14487 14488 14489
f 14490 14491 14492
f 14493 14494 14495
f 14496 14497 14498
f 14499 14500 14501
f 14502 14503 14504
f 14505 14506 14507
f 14508 14509 14510
f 14511 14512 14513
f 14514 14515 14516
f 14517 14518 14519
f 14520 14521 14522
f 14523 14524 14525
f 14526 14527 14528
f 14529 14530 14531
f 14532 14533 14534
f 14535 14536 14537
f 14538 14539 14540
f 14541 14542 14543
f 14541 14543 14544
f 14545 14546 14547
f 14548 14549 14550
f 14550 14549 14551
f 14552 14553 14554
f 14555 14556 14557
f 14558 14559 14560
f 14561 14562 14563
f 14564 14565 14566
f 14567 14568 14569
f 14570 14571 14572
f 14573 14574 14575
f 14573 14575 14576
f 14576 14575 14577
f 14578 14579 14580
f 14581 14582 14583
f 14584 14585 14586
f 14587 14588 14589
f 14587 14589 14590
f 14591 14592 14593
f 14594 14595 14596
f 14597 14598 14599
f 14600 14601 14602
f 14603 14604 14605
f 14606 14607 14608
f 14606 14608 14609
f 14610 14611 14612
f 14612 14611 14613
f 14614 14615 14616
f 14617 14618 14619
f 14620 14621 14622
f 14623 14624 14625
f 14626 14627 14628
f 14629 14630 14631
f 14632 14633 14634
f 14634 14633 14635
f 14636 14637 14638
f 14639 14635 14640
f 14641 14642 14643
f 14643 14642 14644
f 14645 14646 14647
f 14647 14646 14648
f 14649 14650 14651
f 14652 14653 14654
f 14655 14656 14657
f 14658 14659 14660
f 14661 14662 14663
f 14664 14665 14666
f 14667 14668 14669
f 14670 14671 14672
f 14673 14674 14675
f 14675 14674 14676
f 14677 14678 14679
f 14680 14681 14682
f 14683 14684 14685
f 14686 14687 14688
f 14689 14690 14691
f 14692 14693 14694
f 14695 14696 14697
f 14698 14699 14700
f 14701 14702 14703
f 14704 14705 14706
f 14707 14708 14709
f 14707 14709 14710
f 14711 14712 14713
f 14714 14715 14716
f 14717 14718 14719
f 14720 14721 14722
f 14723 14724 14725
f 14726 14727 14728
f 14729 14730 14731
f 14454 14453 14709
f 14461 14460 14697
f 14708 14454 14709
f 14697 14696 14461
f 14469 14685 14684
f 14469 14684 14470
f 14732 14676 14674
f 14475 14733 14476
f 14482 14663 14662
f 14482 14662 14483
f 14491 14648 14492
f 14501 14500 14635
f 14646 14492 14648
f 14510 14509 14628
f 14633 14501 14635
f 14519 14518 14619
f 14627 14510 14628
f 14528 14527 14613
f 14618 14519 14619
f 14537 14536 14608
f 14611 14528 14613
f 14543 14542 14602
f 14607 14537 14608
f 14551 14549 14596
f 14601 14543 14602
f 14560 14559 14589
f 14595 14551 14596
f 14566 14565 14583
f 14588 14560 14589
f 14582 14566 14583
f 14734 14735 14736
f 14737 14738 14739
f 14740 14741 14742
f 14742 14741 14743
f 14744 14745 14746
f 14746 14745 14747
f 14748 14749 14750
f 14750 14749 14751
f 14752 14753 14754
f 14754 14753 14755
f 14756 14757 14758
f 14759 14760 14761
f 14762 14763 14764
f 14764 14763 14765
f 14766 14767 14768
f 14768 14767 14769
f 14770 14771 14772
f 14772 14771 14773
f 14774 14775 14776
f 14776 14775 14777
f 14778 14779 14780
f 14780 14779 14781
f 14782 14783 14784
f 14784 14783 14785
f 14786 14787 14788
f 14788 14787 14789
f 14790 14791 14792
f 14792 14791 14793
f 14794 14795 14796
f 14796 14795 14797
f 14798 14799 14800
f 10277 14801 14802
f 10113 14803 10114
f 10114 14803 14804
f 14805 14806 14807
f 14808 14809 14810
f 14811 14812 14813
f 14811 14813 14814
f 14815 14816 14817
f 14815 14817 14818
f 14819 14820 14821
f 14819 14821 14822
f 14823 14824 14825
f 14826 14827 14828
f 14829 14830 14831
f 14832 14833 14834
f 14835 14836 14837
f 14835 14837 14838
f 14839 14840 14841
f 14842 14843 14844
f 14845 14846 14847
f 14848 14849 14850
f 14851 14852 14853
f 14851 14853 14854
f 14855 14856 14857
f 14858 14859 14860
f 14861 14862 14863
f 14864 14865 14866
f 14867 14868 14869
f 14867 14869 14870
f 14871 14872 14873
f 14871 14873 14874
f 14875 14876 14877
f 14875 14877 14878
f 14879 14880 14881
f 14882 14883 14884
f 14885 14886 14887
f 14888 14889 14890
f 14891 14892 14893
f 14894 14895 14896
f 14896 14895 14897
f 14898 14899 14900
f 14901 14902 14903
f 14904 14905 14906
f 14906 14905 14907
f 14908 14909 14910
f 14910 14909 14911
f 14912 14913 14914
f 14915 14916 14917
f 14918 14919 14920
f 14921 14922 14923
f 14924 14925 14926
f 14927 14928 14929
f 14930 14931 14932
f 14933 14934 14935
f 14936 14937 14938
f 14939 14940 14941
f 14942 14943 14944
f 14944 14943 14945
f 14946 14947 14948
f 14948 14947 14949
f 14950 14951 14952
f 14952 14951 14953
f 14954 14955 14956
f 14956 14955 14957
f 14958 14959 14960
f 14960 14959 14961
f 14962 14963 14964
f 14965 14966 14967
f 14968 14969 10374
f 10374 14969 10372
f 14970 14967 14966
f 14971 14972 14973
f 14974 14975 14976
f 14974 14976 14977
f 14978 14979 14980
f 14978 14980 14981
f 14982 14983 14984
f 14982 14984 14985
f 14986 14987 14988
f 14986 14988 14989
f 14990 14991 14992
f 14990 14992 14993
f 14994 14995 14996
f 14994 14996 14997
f 14998 14999 15000
f 14998 15000 15001
f 15002 15003 15004
f 15002 15004 15005
f 15006 15007 15008
f 15009 15010 15011
f 15012 15013 15014
f 15015 15016 15017
f 15018 15019 15020
f 15021 15022 15023
f 15024 15025 15026
f 15024 15026 15027
f 15028 15029 15030
f 15028 15030 15031
f 15032 15033 15034
f 15032 15034 15035
f 15036 15037 15038
f 15039 15040 15041
f 15042 15043 15044
f 15045 15046 15047
f 15048 15049 15050
f 15051 15052 15053
f 15053 15052 15054
f 15055 15056 15057
f 15058 15059 15060
f 15061 15062 15063
f 15064 15065 15066
f 15067 15068 15069
f 15070 15071 15072
f 15073 15074 15075
f 15073 15075 15076
f 15077 15078 15079
f 15080 15081 15082
f 15083 15084 15085
f 15083 15085 15086
f 15087 15088 15089
f 15090 15091 15092
f 15093 15094 15095
f 15096 15097 15098
f 15099 15100 15101
f 15099 15101 15102
f 15103 15104 15105
f 15103 15105 15106
f 15107 15108 15109
f 15107 15109 15110
f 15111 15112 15113
f 15114 15115 15116
f 15117 15118 15119
f 15120 15121 15122
f 15123 15124 15125
f 15123 15125 15126
f 15127 15128 15129
f 15130 15131 15132
f 15133 15134 15135
f 15136 15137 15138
f 15139 15140 15141
f 15141 15140 15142
f 15143 15144 15145
f 15145 15144 15146
f 15147 15148 15149
f 15149 15148 15150
f 15151 15152 15153
f 15154 15155 15156
f 15157 15158 15159
f 15159 15158 15160
f 15161 15162 15163
f 15163 15162 15164
f 15165 15166 15167
f 15168 15169 15170
f 15171 15172 15173
f 15174 15175 15176
f 15177 15178 15179
f 15179 15178 15180
f 15181 15182 15183
f 15184 15185 15186
f 15187 15188 15189
f 15189 15188 15190
f 15191 15192 15193
f 15194 15195 15196
f 15197 15198 15199
f 15199 15198 15200
f 15201 15202 15203
f 15204 15205 15206
f 15207 15208 15209
f 15210 15211 15212
f 15213 15214 15215
f 15215 15214 15216
f 15217 15218 15219
f 15220 15221 15222
f 15223 15224 15225
f 15226 15227 15228
f 15229 15230 15231
f 15231 15230 15232
f 15233 15234 15235
f 15236 15237 15238
f 15239 15240 15241
f 15242 15243 15244
f 15245 15246 15247
f 15245 15247 15248
f 15249 15250 15251
f 15252 15253 15254
f 15255 15256 15257
f 15255 15257 15258
f 15259 15260 15261
f 15262 15263 15264
f 15265 15266 15267
f 15265 15267 15268
f 15269 15270 15271
f 15272 15273 15274
f 15275 15276 15277
f 15275 15277 15278
f 15279 15280 15281
f 15279 15281 15282
f 15283 15284 15285
f 15283 15285 15286
f 15287 15288 15289
f 15290 15291 15292
f 15293 15294 15295
f 15293 15295 15296
f 15297 15298 15299
f 15297 15299 15300
f 15301 15302 15303
f 15301 15303 15304
f 15305 15306 15307
f 15305 15307 15308
f 15309 15310 15311
f 15312 15313 15314
f 15315 15316 15317
f 15317 15316 15318
f 15319 15320 15321
f 15321 15320 15322
f 15323 15324 15325
f 15325 15324 15326
f 15327 15328 15329
f 15330 15331 15332
f 15333 15334 15335
f 15336 15337 15338
f 15339 15340 15341
f 15341 15340 15342
f 15343 15344 15345
f 15345 15344 15346
f 15347 15348 15349
f 15350 15351 15352
f 15353 15354 15355
f 15355 15354 15356
f 15357 15358 15359
f 15360 15361 15362
f 15363 15364 15365
f 15365 15364 15366
f 15367 15368 15369
f 15367 15369 15370
f 15371 15372 15373
f 15374 15375 15376
f 15377 15378 15379
f 15380 15381 15382
f 15383 15384 15385
f 15383 15385 15386
f 15387 15388 15389
f 15390 15391 15392
f 15390 15392 15393
f 15394 15395 15396
f 15394 15396 15397
f 15397 15396 15398
f 15399 15400 15401
f 15402 15403 15404
f 15405 15406 15407
f 15408 15409 15410
f 15411 15412 15413
f 15414 15415 15416
f 15417 15418 15419
f 15420 15421 15422
f 15423 15424 15425
f 15426 15427 15428
f 15429 15430 15431
f 15432 15433 15434
f 15435 15436 15437
f 15438 15439 15440
f 15441 15442 15443
f 15444 15445 15446
f 15447 15448 15449
f 15450 15451 15452
f 15453 15454 15455
f 15456 15457 15458
f 15459 15460 15461
f 15462 15463 15464
f 15465 15466 15467
f 15468 15469 15470
f 15471 15472 15473
f 15474 15475 15476
f 15477 15478 15479
f 15480 15481 15482
f 15483 15484 15485
f 15486 15487 15488
f 15396 15489 15398
f 15398 15489 15490
f 15491 15492 15493
f 15404 15494 15495
f 15496 15497 15498
f 15499 15500 15501
f 15502 15503 15504
f 15505 15506 15507
f 15508 15509 15510
f 15511 15512 15513
f 15514 15515 15516
f 15517 15518 15519
f 15520 15521 15522
f 15523 15524 15525
f 15439 15526 15440
f 15527 15528 15529
f 15530 15531 15532
f 15533 15534 15535
f 15536 15537 15538
f 15539 15540 15541
f 15542 15543 15544
f 15545 15546 15547
f 15548 15549 15550
f 15551 15552 15553
f 15554 15555 15556
f 15557 15558 15559
f 15560 15561 15562
f 15563 15564 15565
f 15566 15567 15568
f 15569 15570 15571
f 15572 15573 15574
f 15575 15576 15577
f 15578 15579 15580
f 15580 15579 15581
f 15580 15581 15582
f 15583 15584 15585
f 15583 15585 15586
f 15586 15585 15587
f 15588 15589 15590
f 15590 15589 15591
f 15592 15593 15594
f 15595 15596 15597
f 15598 15599 15600
f 15601 15602 15603
f 15604 15605 15606
f 15607 15608 15609
f 15610 15611 15612
f 15613 15614 15615
f 15616 15617 15618
f 15619 15620 15621
f 15622 15623 15624
f 15625 15626 15627
f 15628 15629 15630
f 15631 15632 15633
f 15634 15635 15636
f 15637 15638 15639
f 15640 15641 15642
f 15643 15644 15645
f 15646 15647 15648
f 15649 15650 15651
f 15652 15653 15654
f 15655 15656 15657
f 15658 15659 15660
f 15661 15662 15663
f 15664 15665 15666
f 15667 15668 15669
f 15670 15671 15672
f 15673 15674 15675
f 15585 15676 15587
f 15587 15676 15677
f 15589 15678 15591
f 15679 15680 15681
f 15682 15683 15684
f 15685 15686 15687
f 15602 15688 15603
f 15689 15690 15691
f 15608 15692 15609
f 15693 15694 15695
f 15614 15696 15615
f 15697 15698 15699
f 15700 15701 15702
f 15703 15704 15705
f 15706 15707 15708
f 15709 15710 15711
f 15712 15713 15714
f 15715 15716 15717
f 15718 15719 15720
f 15721 15722 15723
f 15644 15724 15645
f 15725 15726 15727
f 15728 15729 15730
f 15731 15732 15733
f 15734 15735 15736
f 15737 15738 15739
f 15740 15741 15742
f 15743 15744 15745
f 15746 15747 15748
f 15749 15750 15751
f 15752 15753 15754
f 15755 15756 15757
f 15758 15759 15760
f 15760 15759 15761
f 15762 15763 15764
f 15764 15763 15765
f 15764 15765 15766
f 15766 15765 15767
f 15768 15769 15770
f 15771 15772 15773
f 15774 15775 15776
f 15777 15778 15779
f 15780 15781 15782
f 15783 15784 15785
f 15786 15787 15788
f 15789 15790 15791
f 15792 15793 15794
f 15795 15796 15797
f 15798 15799 15800
f 15801 15802 15803
f 15804 15805 15806
f 15807 15808 15809
f 15810 15811 15812
f 15813 15814 15815
f 15816 15817 15818
f 15819 15820 15821
f 15822 15823 15824
f 15825 15826 15827
f 15828 15829 15830
f 15831 15832 15833
f 15834 15835 15836
f 15837 15838 15839
f 15840 15841 15842
f 15843 15844 15845
f 15846 15847 15848
f 15849 15850 15851
f 15852 15853 15854
f 15855 15856 15857
f 15765 15858 15767
f 15767 15858 15859
f 15772 15860 15773
f 15861 15862 15863
f 15864 15865 15866
f 15866 15865 15867
f 15868 15869 15870
f 15871 15872 15873
f 15874 15875 15876
f 15877 15878 15879
f 15880 15881 15882
f 15883 15884 15885
f 15802 15886 15803
f 15887 15888 15889
f 15890 15891 15892
f 15893 15894 15895
f 15896 15897 15898
f 15899 15900 15901
f 15902 15903 15904
f 15905 15906 15907
f 15908 15909 15910
f 15911 15912 15913
f 15914 15915 15916
f 15917 15918 15919
f 15920 15921 15922
f 15923 15924 15925
f 15926 15927 15928
f 15929 15930 15931
f 15932 15933 15934
f 15935 15936 15937
f 15938 15939 15940
f 15941 15942 15943
f 15944 15945 15946
f 15946 15945 15947
f 15948 15949 15950
f 15950 15949 15951
f 15950 15951 15952
f 15953 15954 15955
f 15956 15957 15958
f 15959 15960 15961
f 15962 15963 15964
f 15965 15966 15967
f 15968 15969 15970
f 15971 15972 15973
f 15974 15975 15976
f 15977 15978 15979
f 15980 15981 15982
f 15983 15984 15985
f 15986 15987 15988
f 15989 15990 15991
f 15992 15993 15994
f 15995 15996 15997
f 15998 15999 16000
f 16001 16002 16003
f 16004 16005 16006
f 16007 16008 16009
f 16010 16011 16012
f 16013 16014 16015
f 16016 16017 16018
f 16019 16020 16021
f 16022 16023 16024
f 16025 16026 16027
f 16028 16029 16030
f 16031 16032 16033
f 16034 16035 16036
f 16037 16038 16039
f 16040 16041 16042
f 16043 16044 16045
f 15954 16046 15955
f 15955 16046 16047
f 15960 16048 15961
f 16049 16050 16051
f 16052 16053 16054
f 16055 16056 16057
f 16058 16059 16060
f 16061 16062 16063
f 16064 16065 16066
f 16067 16068 16069
f 16070 16071 16072
f 16073 16074 16075
f 16076 16077 16078
f 16079 16080 16081
f 16082 16083 16084
f 16085 16086 16087
f 16088 16089 16090
f 16091 16092 16093
f 16094 16095 16096
f 16097 16098 16099
f 16100 16101 16102
f 16103 16104 16105
f 16106 16107 16108
f 16109 16110 16111
f 16112 16113 16114
f 16115 16116 16117
f 16118 16119 16120
f 16121 16122 16123
f 16124 16125 16126
f 16127 16128 16129
f 16130 16131 16132
f 16133 16134 16135
f 16136 16137 16138
f 16138 16137 16139
f 16138 16139 16140
f 16141 16142 16143
f 16141 16143 16144
f 16145 16146 16147
f 16148 16149 16150
f 16150 16149 16151
f 16152 16153 16154
f 16155 16156 16157
f 16158 16159 16160
f 16161 16162 16163
f 16164 16165 16166
f 16167 16168 16169
f 16170 16171 16172
f 16173 16174 16175
f 16176 16177 16178
f 16179 16180 16181
f 16182 16183 16184
f 16185 16186 16187
f 16188 16189 16190
f 16191 16192 16193
f 16194 16195 16196
f 16197 16198 16199
f 16200 16201 16202
f 16203 16204 16205
f 16206 16207 16208
f 16209 16210 16211
f 16212 16213 16214
f 16215 16216 16217
f 16218 16219 16220
f 16221 16222 16223
f 16224 16225 16226
f 16146 16227 16147
f 16147 16227 16228
f 16229 16230 16231
f 16232 16233 16234
f 16156 16235 16157
f 16236 16237 16238
f 16239 16240 16241
f 16242 16243 16244
f 16245 16246 16247
f 16248 16249 16250
f 16251 16252 16253
f 16254 16255 16256
f 16257 16258 16259
f 16260 16261 16262
f 16263 16264 16265
f 16266 16267 16268
f 16192 16269 16193
f 16270 16271 16272
f 16273 16274 16275
f 16276 16277 16278
f 16204 16279 16205
f 16280 16281 16282
f 16210 16283 16211
f 16284 16285 16286
f 16216 16287 16217
f 16288 16289 16290
f 16291 16292 16293
f 16228 16227 16294
f 16294 16227 16295
f 16294 16295 16296
f 16297 16298 16299
f 16297 16299 16300
f 16301 16302 16303
f 16304 16305 16306
f 16306 16305 16307
f 16308 16309 16310
f 16311 16312 16313
f 16314 16315 16316
f 16317 16318 16319
f 16320 16321 16322
f 16323 16324 16325
f 16326 16327 16328
f 16329 16330 16331
f 16332 16333 16334
f 16335 16336 16337
f 16338 16339 16340
f 16341 16342 16343
f 16344 16345 16346
f 16347 16348 16349
f 16350 16351 16352
f 16302 16353 16303
f 16303 16353 16354
f 16305 16355 16307
f 16356 16357 16358
f 16312 16359 16313
f 16360 16361 16362
f 16318 16363 16319
f 16364 16365 16366
f 16367 16368 16369
f 16370 16371 16372
f 16373 16374 16375
f 16376 16377 16378
f 16379 16380 16381
f 16382 16383 16384
f 16385 16386 16387
f 16388 16389 16390
f 16348 16391 16349
f 16354 16353 16392
f 16392 16353 16393
f 16394 16395 16396
f 16396 16395 16397
f 16396 16397 16398
f 16399 16400 16401
f 16402 16403 16404
f 16405 16406 16407
f 16408 16409 16410
f 16411 16412 16413
f 16414 16415 16416
f 16417 16418 16419
f 16420 16421 16422
f 16400 16423 16401
f 16401 16423 16424
f 16406 16425 16407
f 16426 16427 16428
f 16412 16429 16413
f 16430 16431 16432
f 16433 16434 16435
f 16424 16423 16436
f 16436 16423 16437
f 16438 15045 15047
f 16439 16440 16441
f 16442 16443 16444
f 16445 16446 16447
f 16448 16449 16450
f 16451 16452 16453
f 16454 16455 16456
f 16457 16458 16459
f 16460 16461 16462
f 16463 16464 16465
f 16463 16465 16466
f 16467 16468 16469
f 16390 16389 16470
f 16471 16472 16473
f 16471 16473 16474
f 16475 16476 16477
f 16475 16477 16478
f 16422 16479 16420
f 16480 16481 16482
f 16480 16482 16483
f 16431 16484 16432
f 16226 16485 16224
f 16486 16487 16488
f 16489 16490 16491
f 16492 16493 16494
f 16214 16495 16212
f 16496 16497 16498
f 16499 16500 16501
f 16502 16503 16504
f 16505 16506 16507
f 16508 16509 16510
f 16511 16512 16513
f 16514 16515 16516
f 16517 16518 16519
f 16520 16521 16522
f 16523 16524 16525
f 16526 16527 16528
f 16529 16530 16531
f 16532 16533 16534
f 16535 16536 16537
f 16538 16539 16540
f 16166 16541 16164
f 16542 16543 16544
f 16160 16545 16158
f 16546 16547 16548
f 16154 16549 16152
f 16152 16549 16550
f 16150 16551 16148
f 16552 16553 16554
f 16555 16556 16557
f 16286 16285 16558
f 16559 16560 16561
f 16562 16563 16564
f 16565 16566 16567
f 16568 16569 16570
f 16346 16571 16344
f 16572 16573 16574
f 16575 16576 16577
f 16575 16577 16578
f 16579 16580 16581
f 16582 16583 16584
f 16416 16585 16414
f 16427 16586 16428
f 16587 16588 16589
f 16590 16591 16592
f 16593 16594 16595
f 16282 16281 16596
f 16597 16598 16599
f 16597 16599 16600
f 16601 16602 16603
f 16604 16605 16606
f 16607 16608 16609
f 16610 16611 16612
f 16613 16614 16615
f 16616 16617 16618
f 16619 16620 16621
f 16619 16621 16622
f 16623 16624 16625
f 16626 16627 16628
f 16629 16630 16631
f 16497 16632 16498
f 16633 16634 16635
f 16636 16637 16638
f 16639 16640 16641
f 16642 16643 16644
f 16645 16646 16647
f 16515 16648 16516
f 16649 16650 16651
f 16652 16653 16654
f 16655 16656 16657
f 16527 16658 16528
f 16659 16660 16661
f 16533 16662 16534
f 16663 16664 16665
f 16539 16666 16540
f 16667 16668 16669
f 16543 16670 16544
f 16671 16672 16673
f 16547 16674 16548
f 16675 16676 16677
f 16678 16679 16680
f 16681 16682 16683
f 16684 16685 16686
f 16687 16688 16689
f 16690 16691 16692
f 16693 16694 16695
f 16696 16697 16698
f 16699 16700 16701
f 16702 16703 16704
f 16705 16706 16707
f 16334 16708 16332
f 16709 16710 16711
f 16712 16713 16714
f 16712 16714 16715
f 16716 16717 16718
f 16716 16718 16719
f 16720 16721 16722
f 16723 16724 16725
f 16726 16727 16728
f 16729 16730 16731
f 16732 16733 16734
f 16735 16736 16737
f 16735 16737 16738
f 16739 16740 16741
f 16742 16743 16744
f 16745 16746 16747
f 16366 16365 16748
f 16749 16750 16751
f 16749 16751 16752
f 16721 16753 16754
f 16755 16756 16757
f 16758 16759 16760
f 16761 16762 16763
f 16764 16765 16766
f 16767 16768 16769
f 16770 15943 15942
f 16771 16772 16773
f 16774 16775 16776
f 16777 16778 16779
f 16780 16781 16782
f 16783 16784 16785
f 16786 16787 16788
f 16789 16790 16791
f 16792 16793 16794
f 16795 16756 16796
f 16795 16796 16797
f 16361 16798 16362
f 16799 16800 16801
f 16802 16803 16804
f 16805 16806 16807
f 16808 16809 16810
f 16811 16812 16813
f 16814 16815 16816
f 16817 16818 16819
f 16820 16821 16822
f 16823 16824 16825
f 16826 16827 16828
f 16829 16830 16831
f 16832 16833 16834
f 16835 16836 16837
f 16838 16839 16840
f 16841 16842 16843
f 16844 16845 16846
f 16847 16848 16849
f 16850 16851 16852
f 16853 16854 16855
f 16856 16857 16858
f 16859 16860 16861
f 16862 16863 16864
f 15970 16865 15968
f 16866 16867 16868
f 15964 16869 15962
f 16870 16871 16872
f 15958 16873 15956
f 16874 16875 16876
f 16877 16878 16879
f 16880 16881 16882
f 16110 16883 16111
f 16884 16885 16886
f 16887 16888 16889
f 16890 16891 16892
f 16893 16894 16895
f 16896 16897 16898
f 16899 16900 16901
f 16357 16902 16358
f 16903 16904 16905
f 16906 16907 16908
f 16909 16910 16911
f 16651 16650 16912
f 16913 16914 16915
f 16916 16917 16918
f 16919 16920 16921
f 16922 16923 16924
f 16925 16926 16927
f 16928 16929 16930
f 16931 16932 16933
f 16934 16935 16936
f 16937 16938 16939
f 16940 16941 16942
f 16943 16944 16945
f 16946 16947 16948
f 16949 16950 16951
f 16952 16953 16954
f 16955 16956 16957
f 16958 16959 16960
f 16961 16962 16963
f 16964 16965 16966
f 16967 16968 16969
f 16970 16971 16972
f 16973 16974 16975
f 16976 16977 16978
f 16979 16980 16981
f 16982 16983 16984
f 16985 16986 16987
f 16988 16989 16990
f 16991 16992 16993
f 16867 16994 16868
f 16995 16996 16997
f 16871 16998 16872
f 16999 17000 17001
f 17002 17003 17004
f 17004 17003 17005
f 17006 17007 17008
f 17009 17010 17011
f 16098 17012 16099
f 17013 17014 17015
f 17016 17017 17018
f 17016 17018 17019
f 17020 17021 17022
f 17023 17024 17025
f 16306 17026 16304
f 17027 17028 17029
f 17030 17031 17032
f 17033 17034 17035
f 16661 16660 17036
f 16092 17037 16093
f 17017 17038 17018
f 17039 17040 17041
f 17042 17043 17044
f 17045 17046 17047
f 17045 17047 17048
f 17049 17050 17051
f 17052 17053 17054
f 17055 17056 17057
f 17058 17059 17060
f 17061 17062 17063
f 17064 17065 17066
f 17067 17068 17069
f 17070 17071 17072
f 16086 17073 16087
f 17074 17075 17076
f 17077 17078 17079
f 16237 17080 16238
f 17081 17082 17083
f 17084 17085 17086
f 17087 17088 17089
f 17090 17091 17092
f 17093 17094 17095
f 17096 17097 17098
f 17099 17100 17101
f 17102 17103 17104
f 17105 17106 17107
f 17108 17109 17110
f 17111 17112 17113
f 17114 17115 17116
f 17117 17118 17119
f 17120 17121 17122
f 15806 17123 15804
f 17124 17125 17126
f 15800 17127 15798
f 17128 17129 17130
f 15794 17131 15792
f 17132 17133 17134
f 17135 17136 17137
f 17138 17139 17140
f 17141 17142 17143
f 17144 17145 17146
f 17147 17148 17149
f 17150 17151 17152
f 17153 17154 17155
f 15768 17156 17157
f 17086 17085 17158
f 17159 17160 17161
f 17162 17163 17164
f 16669 16668 17165
f 16080 17166 16081
f 16233 17167 16234
f 17168 17169 17170
f 17171 17172 17173
f 17174 17175 17176
f 17177 17178 17179
f 17180 17181 17182
f 17183 17184 17185
f 16074 17186 16075
f 17187 17188 17189
f 17190 17191 17192
f 17193 17194 17195
f 17196 17197 17198
f 17199 17200 17201
f 17202 17203 17204
f 17205 17206 17207
f 17208 17209 17210
f 17211 17212 17213
f 17214 17215 17216
f 17217 17218 17219
f 17220 17221 17222
f 17125 17223 17126
f 17224 17225 17226
f 17227 17228 17229
f 17230 17231 17232
f 17233 17234 17235
f 17236 17237 17238
f 17239 17240 17241
f 17242 17243 17244
f 17245 17246 17247
f 17248 17249 17250
f 17251 17252 17253
f 17254 17255 17256
f 17156 17257 17157
f 17258 17259 17260
f 17261 17262 17263
f 17264 17265 17266
f 17267 17268 17269
f 17270 17271 17272
f 17273 17274 17275
f 15670 15672 17276
f 17277 17278 17279
f 17280 17281 17282
f 17283 17284 17285
f 17286 17287 17288
f 17289 17290 17291
f 17292 17293 17294
f 17295 17296 17297
f 17298 17299 17300
f 17301 17302 17303
f 17303 17302 17304
f 17305 17306 17307
f 17308 17309 17310
f 17311 17312 17313
f 17314 17315 17316
f 17317 17318 17319
f 17320 17321 17322
f 17323 17324 17325
f 17326 17327 17328
f 17329 17330 17331
f 17332 17333 17334
f 17335 17336 17337
f 17338 17339 17340
f 17341 17342 17343
f 17344 17345 17346
f 17347 17348 17349
f 17350 17351 17352
f 17353 17354 17355
f 17356 17357 17358
f 17359 17360 17361
f 17362 17363 17364
f 17365 17366 17367
f 17368 17369 17370
f 17371 17372 17373
f 17374 17375 17376
f 17377 17378 17379
f 15612 17380 15610
f 17381 17382 17383
f 15606 17384 15604
f 17385 17386 17387
f 17388 17389 17390
f 15598 17391 17392
f 15594 17393 15592
f 17394 17395 17396
f 17397 17398 17399
f 17400 17401 17402
f 17331 17330 17403
f 17404 17405 17406
f 17407 17408 17409
f 16987 16986 17410
f 17411 17412 17413
f 17414 17320 17322
f 17415 17416 17417
f 17418 17419 17420
f 17421 17422 17423
f 17424 17425 17426
f 15726 17427 15727
f 16993 16992 17428
f 17429 17430 17431
f 17336 17432 17337
f 17433 17434 17435
f 17436 17437 17438
f 17439 17440 17441
f 17442 17443 17444
f 17445 17446 17447
f 17448 17449 17450
f 17451 17452 17453
f 17454 17455 17456
f 17457 17458 17459
f 17460 17461 17462
f 17463 17464 17465
f 17466 17467 17468
f 17469 17470 17471
f 17378 17472 17379
f 17473 17474 17475
f 17382 17476 17383
f 17477 17478 17479
f 17480 17481 17482
f 17483 17484 17485
f 17391 17486 17392
f 17487 17488 17489
f 17395 17490 17396
f 17491 17492 17493
f 17401 17494 17402
f 17495 17496 17497
f 17435 17434 17498
f 17499 17500 17501
f 17502 17503 17504
f 16997 16996 17505
f 15878 17506 15879
f 15483 15485 17507
f 17508 17509 17510
f 17511 17512 17513
f 17514 17515 17516
f 17517 17518 17519
f 17520 17521 17522
f 15872 17523 15873
f 17524 17525 17526
f 17527 17528 17529
f 17530 17531 17532
f 17532 17531 17533
f 17534 17535 17536
f 17537 17538 17539
f 17540 17541 17542
f 17543 17544 17545
f 17546 17547 17548
f 17549 17550 17551
f 17552 17553 17554
f 17555 17556 17557
f 17558 17559 17560
f 17561 17562 17563
f 17564 17565 17566
f 17567 17568 17569
f 17570 17571 17572
f 17572 17571 17573
f 17574 17575 17576
f 17577 17578 17579
f 17580 17581 17582
f 17583 17584 17585
f 17586 17587 17588
f 17589 17590 17591
f 17592 17593 17594
f 17595 17596 17597
f 17598 17599 17600
f 17601 17602 17603
f 17604 17605 17606
f 17607 17608 17609
f 17610 17611 17612
f 17613 17614 17615
f 17616 17617 17618
f 17619 17620 17621
f 17622 17623 17624
f 17625 17626 17627
f 17628 17629 17630
f 17631 17632 17633
f 17634 17635 17636
f 17637 17638 17639
f 17640 17641 17642
f 17643 17644 17645
f 17646 17647 17648
f 17649 17650 17651
f 17652 17653 17654
f 17655 17656 17657
f 17658 17659 17660
f 17661 17662 17663
f 17664 17665 17666
f 17667 17668 17669
f 15443 17670 15441
f 17671 17672 17673
f 15437 17674 15435
f 17675 17676 17677
f 17678 17679 17680
f 17681 17682 17683
f 17684 17685 17686
f 17687 17688 17689
f 17690 17691 17692
f 17693 17694 17695
f 15413 17696 15411
f 17697 17698 17699
f 15407 17700 15405
f 17701 17702 17703
f 15401 17704 15399
f 17705 17706 17707
f 17708 17709 17710
f 17711 17712 17713
f 15552 17714 15553
f 17715 17716 17717
f 17718 17719 17720
f 17721 17722 17723
f 17724 17725 17726
f 17727 17728 17729
f 17730 17731 17732
f 17733 17734 17735
f 17736 17737 17738
f 17738 17737 17739
f 17740 17741 17742
f 17743 17744 17745
f 17746 17747 17748
f 17749 17750 17751
f 17752 17753 17754
f 17755 17756 17757
f 17758 17759 17760
f 17761 17762 17763
f 17764 17765 17766
f 17767 17768 17769
f 17770 17771 17772
f 17773 17774 17775
f 17776 17777 17778
f 17779 17780 17781
f 17782 17783 17784
f 17785 17786 17787
f 17788 17789 17790
f 17791 17792 17793
f 17794 17795 17796
f 17797 17798 17799
f 17800 17801 17802
f 17802 17801 17803
f 17804 17805 17806
f 17807 17808 17809
f 17810 17811 17812
f 17813 17814 17815
f 17816 17817 17818
f 17819 17820 17821
f 17822 17823 17824
f 17825 17826 17827
f 17828 17829 17830
f 17831 17832 17833
f 17834 17835 17836
f 17837 17838 17839
f 17668 17840 17669
f 17841 17842 17843
f 17844 17845 17846
f 17847 17848 17849
f 17850 17851 17852
f 17853 17854 17855
f 17856 17857 17858
f 17859 17860 17861
f 17862 17863 17864
f 17865 17866 17867
f 17868 17869 17870
f 17871 17872 17873
f 17874 17875 17876
f 17877 17878 17879
f 17702 17880 17703
f 17881 17882 17883
f 17884 17885 17886
f 17707 17887 17888
f 17821 17820 17889
f 17890 17891 17892
f 17893 17894 17895
f 17250 17249 17896
f 17897 17898 17899
f 17900 17901 17902
f 17903 17904 17905
f 17906 17907 17908
f 17909 17910 17911
f 17912 17913 17914
f 17915 17916 17917
f 17918 17919 17920
f 17921 17922 17923
f 17924 17925 17926
f 17927 17928 17929
f 17930 17931 17932
f 17933 17934 17935
f 17936 17937 17938
f 17939 17940 17941
f 17942 17943 17944
f 17945 17946 17947
f 17948 17949 17950
f 17951 17952 17953
f 17954 17955 17956
f 17256 17255 17957
f 15690 17958 15691
f 17959 17960 17961
f 17962 17963 17964
f 17965 17966 17967
f 17968 17969 17970
f 17971 17972 17973
f 17974 17975 17976
f 17842 17977 17843
f 17978 17979 17980
f 17981 17982 17983
f 17984 17985 17986
f 17987 17988 17989
f 17990 17991 17992
f 17993 17994 17995
f 17996 17997 17998
f 17999 18000 18001
f 18002 18003 18004
f 17872 18005 17873
f 18006 18007 18008
f 17878 18009 17879
f 18010 18011 18012
f 17882 18013 17883
f 18014 18015 18016
f 17887 18017 17888
f 18018 18019 18020
f 18021 18022 18023
f 18024 18025 18026
f 17260 17259 18027
f 15686 18028 15687
f 18029 18030 18031
f 18032 18033 18034
f 18035 18036 18037
f 18038 18039 18040
f 18041 18042 18043
f 18044 18045 18046
f 18047 18048 18049
f 18050 18051 18052
f 18053 18054 18055
f 18056 18057 18058
f 18059 18060 18061
f 18062 18063 18064
f 18065 18066 18067
f 18067 18066 18068
f 18069 18070 18071
f 18071 18070 18072
f 18073 18074 18075
f 18075 18074 18076
f 18077 18078 18079
f 18080 18081 18082
f 18083 18084 18085
f 15524 18086 15525
f 15680 18087 15681
f 18088 18089 18090
f 18091 18092 18093
f 17975 18094 17976
f 18095 18096 18097
f 17979 18098 17980
f 18099 18100 18101
f 18102 18103 18104
f 18105 18106 18107
f 18108 18109 18110
f 18111 18112 18113
f 18114 18115 18116
f 18117 18118 18119
f 18120 18121 18122
f 18123 18124 18125
f 18126 18127 18128
f 18129 18130 18131
f 18011 18132 18012
f 18133 18134 18135
f 18015 18136 18016
f 18137 18138 18139
f 18140 18141 18142
f 18143 18144 18145
f 18146 18147 18148
f 18149 18150 18151
f 18152 18153 18154
f 18155 18156 18157
f 18158 18159 18160
f 18161 18162 18163
f 18164 18165 18166
f 18166 18165 18167
f 18168 18169 18170
f 18171 18172 18173
f 18174 18175 18176
f 18176 18175 18177
f 18178 18179 18180
f 18180 18179 18181
f 18182 18183 18184
f 18185 18186 18187
f 18188 18189 18190
f 18191 18192 18193
f 18194 18195 18196
f 18197 18198 18199
f 18100 18200 18101
f 18201 18202 18203
f 18204 18205 18206
f 18207 18208 18209
f 18210 18211 18212
f 18213 18214 18215
f 18118 18216 18119
f 18217 18218 18219
f 18124 18220 18125
f 18221 18222 18223
f 18130 18224 18131
f 18225 18226 18227
f 18228 18229 18230
f 18231 18232 18233
f 18234 18235 18236
f 18237 18238 18239
f 18240 18241 18242
f 18243 18244 18245
f 18246 18247 18248
f 18249 18250 18251
f 18252 18253 18254
f 18254 18253 18255
f 18256 18257 18258
f 18259 18260 18261
f 18262 18263 18264
f 18264 18263 18265
f 18266 18267 18268
f 18269 18270 18271
f 17497 17496 18272
f 15500 18273 15501
f 18274 18275 18276
f 18277 18278 18279
f 18280 18281 18282
f 18283 18284 18285
f 18286 18287 18288
f 18289 18290 18291
f 18218 18292 18219
f 18293 18294 18295
f 18222 18296 18223
f 18297 18298 18299
f 18226 18300 18227
f 18301 18302 18303
f 18304 18305 18306
f 18307 17948 17950
f 18308 18309 18310
f 18311 18312 18313
f 18314 18315 18316
f 18317 18318 18319
f 18320 18321 18322
f 18323 18324 18325
f 18326 18327 18328
f 18329 18330 18331
f 18332 18333 18334
f 18335 18336 18337
f 18338 18339 18340
f 18341 18342 18343
f 18344 18345 18346
f 18347 18348 18349
f 18350 18351 18352
f 18353 18354 18355
f 18298 18356 18299
f 18357 18358 18359
f 18360 18361 18362
f 18363 18364 18365
f 18366 18367 18368
f 18369 18370 18371
f 18372 18373 18374
f 18374 18373 18375
f 18376 18377 18378
f 18379 18380 18381
f 18382 18383 18384
f 18385 18386 18387
f 18354 18388 18355
f 18387 18386 18389
f 18390 18391 18392
f 18393 18394 18395
f 18396 18397 18398
f 18399 18400 18401
f 18402 18403 18404
f 18405 18406 18407
f 18408 18409 18410
f 18411 18412 18413
f 18414 18415 18416
f 18417 18418 18419
f 18420 18421 18422
f 18423 18424 18425
f 18426 18427 18428
f 18429 18430 18431
f 18432 18433 18434
f 18435 18436 18437
f 18438 18439 18440
f 18441 18442 18443
f 18444 18445 18446
f 18447 18448 18449
f 18450 18451 18452
f 18453 18454 18455
f 18456 18457 18458
f 18459 18460 18461
f 18459 18461 18462
f 18463 18464 18465
f 18466 18467 18468
f 18468 18467 18469
f 18470 18471 18472
f 18473 18474 18475
f 18475 18474 18476
f 18477 18478 18479
f 18480 18481 18482
f 18483 18484 18485
f 18486 18487 18488
f 18489 18490 18491
f 18492 18493 18494
f 18495 18496 18497
f 18498 18499 18500
f 18500 18499 18501
f 18502 18503 18504
f 18505 18506 18507
f 18508 18509 18510
f 18511 18512 18513
f 18514 18515 18516
f 18517 18518 18519
f 18520 18521 18522
f 18523 18524 18525
f 18526 18527 18528
f 18529 18530 18531
f 18532 18533 18534
f 18535 18536 18537
f 18535 18537 18538
f 18539 18540 18541
f 18542 18543 18544
f 18545 18546 18547
f 18548 18549 18550
f 18551 18552 18553
f 18554 18555 18556
f 18557 18558 18559
f 18560 18561 18562
f 18563 18564 18565
f 18566 18567 18568
f 18569 18570 18571
f 18572 18573 18574
f 18575 18576 18577
f 18578 18579 18580
f 18581 18582 18583
f 18584 18585 18586
f 18587 18588 18589
f 18590 18591 18592
f 18593 18594 18595
f 18596 18597 18598
f 18599 18600 18601
f 18602 18603 18604
f 18604 18603 18605
f 18605 18603 18606
f 18606 18603 18607
f 18608 18609 18610
f 18611 18612 18613
f 18614 18615 18616
f 18617 18618 18619
f 18620 18621 18622
f 18623 18624 18625
f 18626 18627 18628
f 18629 18630 18631
f 18632 18633 18634
f 18635 18636 18637
f 18638 18639 18640
f 18641 18642 18643
f 18644 18645 18646
f 18647 18630 18648
f 18649 18650 18651
f 18652 18653 18654
f 18655 18656 18657
f 18657 18656 18658
f 18659 18660 18661
f 18662 18658 18663
f 18664 18665 18666
f 18667 18668 18669
f 18669 18668 18670
f 18671 18672 18673
f 18674 18675 18676
f 18677 18678 18679
f 18679 18678 18680
f 18681 18682 18683
f 18684 18685 18686
f 18687 18688 18689
f 18689 18688 18690
f 18690 18688 18691
f 18691 18688 18692
f 18693 18694 18695
f 18696 18697 18698
f 18699 18700 18701
f 18701 18700 18702
f 18703 18704 18705
f 18706 18707 18708
f 18709 18710 18711
f 18709 18711 18712
f 18713 18714 18715
f 18716 18717 18718
f 18719 18720 18721
f 18722 18717 18723
f 18724 18725 18726
f 18727 18728 18729
f 18730 18731 18732
f 18733 18734 18735
f 18736 18737 18738
f 18739 18740 18741
f 18742 18743 18744
f 18745 18746 18747
f 18748 18749 18750
f 18751 18752 18753
f 18754 18755 18756
f 18757 18758 18759
f 18760 18761 18762
f 18763 18764 18765
f 18766 18767 18768
f 18769 18770 18771
f 18772 18773 18774
f 18775 18776 18777
f 18778 18779 18780
f 18781 18782 18783
f 18784 18785 18786
f 18787 18788 18789
f 18790 18791 18792
f 18793 18794 18795
f 18796 18797 18798
f 18799 18800 18801
f 18799 18801 18802
f 18803 18804 18805
f 18806 18807 18808
f 18809 18810 18811
f 18812 18813 18814
f 18815 18816 18817
f 18815 18817 18818
f 18819 18820 18821
f 18822 18823 18824
f 18825 18826 18827
f 18828 18829 18830
f 18831 18832 18833
f 18834 18835 18836
f 18837 18838 18839
f 18840 18841 18842
f 18843 18844 18845
f 18846 18847 18848
f 18849 18850 18851
f 18852 18853 18854
f 18855 18856 18857
f 18858 14410 18859
f 18859 14410 14412
f 18859 14412 18860
f 18860 14412 18861
f 18861 14412 18862
f 18862 14412 18863
f 18863 14412 18864
f 18864 14412 18865
f 18865 14412 18866
f 18866 14412 18867
f 18867 14412 18868
f 18868 14412 18869
f 18868 18869 18870
f 18870 18869 18871
f 18871 18869 18872
f 18872 18869 18873
f 18873 18869 18874
f 18874 18869 18875
f 18875 18869 18876
f 18876 18869 18877
f 18876 18877 18878
f 18879 18880 18869
f 18869 18880 18881
f 18869 18881 18877
f 18878 18882 18876
f 18876 18882 18883
f 18883 18882 18884
f 18883 18884 18885
f 18885 18884 14427
f 18885 14427 18886
f 18886 14427 18887
f 18886 18887 18888
f 18888 18887 18889
f 18888 18889 18890
f 18890 18889 18891
f 18890 18891 18892
f 18892 18891 18893
f 18892 18893 18894
f 18894 18893 18895
f 18895 18893 18896
f 18895 18896 18897
f 18897 18896 18898
f 18898 18896 18899
f 18898 18899 18900
f 18900 18899 18901
f 18900 18901 18902
f 18902 18901 18858
f 18902 18858 18859
f 14429 18903 14427
f 14427 18903 18887

