# https://github.com/mikedh/trimesh

o mcp_1-mesh
v -0.04078125 0.06019541 0.00983413
v -0.02859375 -0.00047841 0.00983413
v -0.04078125 -0.05688466 0.00983413
v -0.02828125 -0.00281240 0.00983413
v -0.02734375 -0.00498037 0.00983413
v 0.00031250 0.06019541 0.00983413
v -0.01953125 0.00851573 0.00983413
v -0.02187500 0.00821299 0.00983413
v -0.02406250 0.00731456 0.00983413
v 0.00031250 -0.05688466 0.00983413
v -0.01062500 -0.00047841 0.00983413
v -0.01093750 0.00184581 0.00983413
v -0.01171875 0.00402354 0.00983413
v -0.01953125 -0.00948232 0.00983413
v -0.01718750 -0.00916982 0.00983413
v -0.01515625 -0.00827138 0.00983413
v -0.01328125 0.00587901 0.00983413
v -0.01515625 0.00731456 0.00983413
v -0.01718750 0.00821299 0.00983413
v -0.02593750 0.00587901 0.00983413
v -0.02734375 0.00402354 0.00983413
v -0.02828125 0.00184581 0.00983413
v -0.02593750 -0.00684560 0.00983413
v -0.02406250 -0.00827138 0.00983413
v -0.02187500 -0.00916982 0.00983413
v -0.01328125 -0.00684560 0.00983413
v -0.01171875 -0.00498037 0.00983413
v -0.01093750 -0.00281240 0.00983413
v -0.04078125 -0.05899404 -0.06899401
v -0.04078125 -0.05899404 0.06899428
v -0.04078125 -0.05688466 0.00983413
v -0.04078125 0.06045909 0.06899428
v -0.04078125 0.06019541 0.00983413
v -0.04078125 0.06045909 -0.06899401
v -0.04078125 0.06019541 -0.01149400
v -0.04078125 -0.05688466 -0.01149400
v -0.04078125 -0.05688466 -0.01149400
v -0.02859375 -0.00047841 -0.01149400
v -0.04078125 0.06019541 -0.01149400
v -0.02828125 0.00184581 -0.01149400
v -0.02734375 0.00402354 -0.01149400
v 0.00031250 -0.05688466 -0.01149400
v -0.01953125 -0.00948232 -0.01149400
v -0.02187500 -0.00916982 -0.01149400
v -0.02406250 -0.00827138 -0.01149400
v 0.00031250 0.06019541 -0.01149400
v -0.01062500 -0.00047841 -0.01149400
v -0.01093750 -0.00281240 -0.01149400
v -0.01171875 -0.00498037 -0.01149400
v -0.01953125 0.00851573 -0.01149400
v -0.01718750 0.00821299 -0.01149400
v -0.01515625 0.00731456 -0.01149400
v -0.01328125 -0.00684560 -0.01149400
v -0.01515625 -0.00827138 -0.01149400
v -0.01718750 -0.00916982 -0.01149400
v -0.02593750 -0.00684560 -0.01149400
v -0.02734375 -0.00498037 -0.01149400
v -0.02828125 -0.00281240 -0.01149400
v -0.02593750 0.00587901 -0.01149400
v -0.02406250 0.00731456 -0.01149400
v -0.02187500 0.00821299 -0.01149400
v -0.01328125 0.00587901 -0.01149400
v -0.01171875 0.00402354 -0.01149400
v -0.01093750 0.00184581 -0.01149400
v 0.00031250 0.06019541 0.00983413
v 0.00031250 0.06019541 -0.01149400
v 0.00031250 -0.05688466 0.00983413
v 0.00031250 -0.05688466 -0.01149400
v -0.00218750 0.07667979 0.06899428
v -0.00218750 0.07667979 -0.06899401
v -0.30968751 0.07667979 0.06899428
v -0.30968751 0.07667979 -0.06899401
v -0.00218750 0.07667979 -0.06899401
v -0.00218750 0.07667979 0.06899428
v 0.00109375 0.07948252 -0.06899401
v 0.00109375 0.07948252 -0.06899401
v -0.00218750 0.07667979 0.06899428
v 0.00171875 0.07991221 -0.00000962
v 0.00109375 0.07948252 -0.06899401
v 0.00171875 0.07991221 -0.00000962
v 0.00468750 0.08192393 -0.06899401
v 0.00468750 0.08192393 -0.06899401
v 0.00171875 0.07991221 -0.00000962
v 0.00593750 0.08264660 -0.00000962
v 0.00468750 0.08192393 -0.06899401
v 0.00593750 0.08264660 -0.00000962
v 0.00859375 0.08395518 -0.06899401
v 0.00859375 0.08395518 -0.06899401
v 0.00593750 0.08264660 -0.00000962
v 0.01046875 0.08480479 -0.00000962
v 0.00859375 0.08395518 -0.06899401
v 0.01046875 0.08480479 -0.00000962
v 0.01250000 0.08555674 -0.06899401
v 0.01250000 0.08555674 -0.06899401
v 0.01046875 0.08480479 -0.00000962
v 0.01531250 0.08638682 -0.00000962
v 0.01250000 0.08555674 -0.06899401
v 0.01531250 0.08638682 -0.00000962
v 0.01671875 0.08671885 -0.06899401
v 0.01671875 0.08671885 -0.06899401
v 0.01531250 0.08638682 -0.00000962
v 0.02031250 0.08733410 -0.00000962
v 0.01671875 0.08671885 -0.06899401
v 0.02031250 0.08733410 -0.00000962
v 0.02109375 0.08742199 -0.06899401
v 0.02109375 0.08742199 -0.06899401
v 0.02031250 0.08733410 -0.00000962
v 0.02531250 0.08765635 -0.06899401
v 0.02531250 0.08765635 -0.06899401
v 0.02031250 0.08733410 -0.00000962
v 0.02109375 0.08742199 0.06899428
v 0.02109375 0.08742199 0.06899428
v 0.02531250 0.08765635 0.06899428
v 0.00109375 0.07948252 0.06899428
v 0.00171875 0.07991221 -0.00000962
v 0.00109375 0.07948252 0.06899428
v 0.00468750 0.08192393 0.06899428
v 0.00468750 0.08192393 0.06899428
v 0.00468750 0.08192393 0.06899428
v 0.00859375 0.08395518 0.06899428
v 0.00859375 0.08395518 0.06899428
v 0.00859375 0.08395518 0.06899428
v 0.01250000 0.08555674 0.06899428
v 0.01250000 0.08555674 0.06899428
v 0.01250000 0.08555674 0.06899428
v 0.01671875 0.08671885 0.06899428
v 0.01671875 0.08671885 0.06899428
v 0.01671875 0.08671885 0.06899428
v 0.02109375 0.08742199 0.06899428
v 0.09828125 0.08765635 0.06899428
v 0.02531250 0.08765635 0.06899428
v 0.03828125 0.07667979 0.06899428
v 0.02109375 0.08742199 0.06899428
v 0.01671875 0.08671885 0.06899428
v 0.01250000 0.08555674 0.06899428
v 0.00859375 0.08395518 0.06899428
v 0.00468750 0.08192393 0.06899428
v 0.00109375 0.07948252 0.06899428
v -0.00218750 0.07667979 0.06899428
v 0.01468750 0.06365245 0.06899428
v 0.01140625 0.06367198 0.06899428
v 0.00796875 0.06309580 0.06899428
v 0.00484375 0.06195323 0.06899428
v 0.00203125 0.06027354 0.06899428
v -0.04078125 0.06045909 0.06899428
v -0.00062500 0.05811534 0.06899428
v -0.00265625 0.05553721 0.06899428
v -0.00437500 0.05262705 0.06899428
v -0.00546875 0.04946299 0.06899428
v -0.00609375 0.04616221 0.06899428
v -0.00593750 0.04281260 0.06899428
v -0.00531250 0.03952159 0.06899428
v -0.00421875 0.03639659 0.06899428
v -0.02406250 0.00731456 0.06899428
v -0.02187500 0.00821299 0.06899428
v -0.30968751 0.07667979 0.06899428
v -0.28468751 0.06045909 0.06899428
v -0.30968751 0.03636729 0.06899428
v -0.28468751 0.03636729 0.06899428
v -0.04078125 -0.05899404 0.06899428
v -0.02859375 -0.00047841 0.06899428
v -0.02828125 0.00184581 0.06899428
v -0.02734375 0.00402354 0.06899428
v -0.28468751 -0.05899404 0.06899428
v -0.30968751 -0.07668937 0.06899428
v -0.00328125 -0.07668937 0.06899428
v 0.00375000 -0.05939443 0.06899428
v 0.00671875 -0.06099599 0.06899428
v 0.00984375 -0.06205068 0.06899428
v 0.01312500 -0.06253896 0.06899428
v 0.01656250 -0.06244130 0.06899428
v 0.03828125 -0.07668937 0.06899428
v 0.01984375 -0.06174794 0.06899428
v 0.02296875 -0.06048818 0.06899428
v 0.03828125 -0.05645497 0.06899428
v 0.02578125 -0.05871083 0.06899428
v 0.02828125 -0.05645497 0.06899428
v -0.28468751 -0.03539052 0.06899428
v -0.30968751 -0.03539052 0.06899428
v 0.00062500 -0.07964834 0.06899428
v 0.00468750 -0.08212881 0.06899428
v 0.00906250 -0.08410147 0.06899428
v 0.01359375 -0.08552726 0.06899428
v 0.01843750 -0.08639640 0.06899428
v 0.02328125 -0.08668937 0.06899428
v 0.09828125 -0.08668937 0.06899428
v 0.09828125 -0.07668937 0.06899428
v 0.00109375 -0.05729482 0.06899428
v -0.00109375 -0.05477529 0.06899428
v -0.00281250 -0.05191396 0.06899428
v -0.00406250 -0.04877919 0.06899428
v -0.00468750 -0.04548818 0.06899428
v -0.00468750 -0.04213857 0.06899428
v -0.00406250 -0.03883779 0.06899428
v -0.00296875 -0.03567372 0.06899428
v -0.02406250 -0.00827138 0.06899428
v -0.02187500 -0.00916982 0.06899428
v -0.00140625 -0.03276357 0.06899428
v 0.00078125 -0.03018545 0.06899428
v -0.01953125 -0.00948232 0.06899428
v 0.00343750 -0.02802724 0.06899428
v 0.00625000 -0.02634756 0.06899428
v -0.01718750 -0.00916982 0.06899428
v 0.00937500 -0.02520498 0.06899428
v -0.01515625 -0.00827138 0.06899428
v 0.01265625 -0.02463857 0.06899428
v 0.02234375 -0.00748037 0.06899428
v 0.02453125 -0.00837881 0.06899428
v 0.01609375 -0.02465810 0.06899428
v 0.02687500 -0.00868154 0.06899428
v 0.01937500 -0.02526357 0.06899428
v 0.02921875 -0.00837881 0.06899428
v 0.03828125 -0.02814443 0.06899428
v 0.03140625 -0.00748037 0.06899428
v 0.03328125 -0.00604482 0.06899428
v 0.03468750 -0.00417959 0.06899428
v 0.03562500 -0.00201162 0.06899428
v 0.03593750 0.00031260 0.06899428
v 0.03828125 0.03185557 0.06899428
v 0.03562500 0.00264659 0.06899428
v 0.03468750 0.00481456 0.06899428
v 0.03328125 0.00667979 0.06899428
v 0.03140625 0.00810557 0.06899428
v 0.02921875 0.00901377 0.06899428
v 0.02156250 0.02782237 0.06899428
v 0.01843750 0.02656260 0.06899428
v 0.02250000 -0.02643545 0.06899428
v 0.02531250 -0.02814443 0.06899428
v 0.02687500 0.03185557 0.06899428
v 0.02437500 0.02959971 0.06899428
v 0.02687500 0.00931651 0.06899428
v 0.01515625 0.02586924 0.06899428
v 0.02453125 0.00901377 0.06899428
v 0.01187500 0.02577159 0.06899428
v 0.02234375 0.00810557 0.06899428
v -0.01515625 0.00731456 0.06899428
v 0.02062500 0.00667979 0.06899428
v -0.01328125 0.00587901 0.06899428
v 0.01906250 0.00481456 0.06899428
v -0.01171875 0.00402354 0.06899428
v 0.01828125 0.00264659 0.06899428
v -0.01093750 0.00184581 0.06899428
v 0.01796875 0.00031260 0.06899428
v -0.01062500 -0.00047841 0.06899428
v 0.01828125 -0.00201162 0.06899428
v -0.01093750 -0.00281240 0.06899428
v 0.01906250 -0.00417959 0.06899428
v -0.01171875 -0.00498037 0.06899428
v 0.02062500 -0.00604482 0.06899428
v -0.01328125 -0.00684560 0.06899428
v 0.00859375 0.02625010 0.06899428
v -0.01718750 0.00821299 0.06899428
v 0.00531250 0.02731455 0.06899428
v -0.01953125 0.00851573 0.06899428
v 0.00234375 0.02891612 0.06899428
v -0.00015625 0.03100596 0.06899428
v -0.00250000 0.03352549 0.06899428
v 0.01796875 0.06304698 0.06899428
v 0.02109375 0.06187510 0.06899428
v 0.03828125 0.06016612 0.06899428
v 0.02406250 0.06016612 0.06899428
v 0.09828125 0.07667979 0.06899428
v -0.02593750 -0.00684560 0.06899428
v -0.02734375 -0.00498037 0.06899428
v -0.02828125 -0.00281240 0.06899428
v -0.02593750 0.00587901 0.06899428
v 0.00109375 0.07948252 -0.06899401
v 0.03828125 0.07667979 -0.06899401
v -0.00218750 0.07667979 -0.06899401
v 0.02296875 0.06016612 -0.06899401
v 0.01062500 0.05342784 -0.06899401
v 0.01296875 0.05374034 -0.06899401
v 0.01531250 0.05342784 -0.06899401
v 0.01734375 0.05252940 -0.06899401
v 0.02296875 0.05000987 -0.06899401
v 0.01921875 0.05110362 -0.06899401
v 0.02078125 0.04923838 -0.06899401
v 0.02156250 0.04707041 -0.06899401
v 0.03828125 0.05000987 -0.06899401
v 0.02187500 0.04473643 -0.06899401
v 0.03828125 0.04201182 -0.06899401
v 0.02296875 0.04201182 -0.06899401
v 0.00468750 0.08192393 -0.06899401
v 0.00859375 0.08395518 -0.06899401
v 0.01250000 0.08555674 -0.06899401
v 0.01671875 0.08671885 -0.06899401
v 0.02109375 0.08742199 -0.06899401
v 0.02531250 0.08765635 -0.06899401
v 0.09828125 0.08765635 -0.06899401
v 0.09828125 0.07667979 -0.06899401
v 0.03828125 0.06016612 -0.06899401
v 0.02296875 0.03185557 -0.06899401
v 0.02078125 0.04023448 -0.06899401
v 0.02156250 0.04240245 -0.06899401
v 0.03828125 0.03185557 -0.06899401
v -0.01328125 0.00587901 -0.06899401
v -0.01515625 0.00731456 -0.06899401
v -0.01718750 0.00821299 -0.06899401
v 0.03828125 -0.02814443 -0.06899401
v -0.01062500 -0.00047841 -0.06899401
v -0.01093750 0.00184581 -0.06899401
v -0.01171875 0.00402354 -0.06899401
v 0.02296875 -0.02814443 -0.06899401
v -0.01171875 -0.00498037 -0.06899401
v -0.01093750 -0.00281240 -0.06899401
v 0.02296875 -0.03830068 -0.06899401
v 0.01968750 -0.03633779 -0.06899401
v 0.01812500 -0.03546865 -0.06899401
v 0.01656250 -0.03488271 -0.06899401
v 0.03828125 -0.03830068 -0.06899401
v 0.02265625 -0.04028310 -0.06899401
v 0.02187500 -0.03878896 -0.06899401
v 0.02093750 -0.03746083 -0.06899401
v 0.02312500 -0.04190419 -0.06899401
v 0.03828125 -0.04629872 -0.06899401
v 0.02328125 -0.04357411 -0.06899401
v 0.02312500 -0.04495107 -0.06899401
v 0.02296875 -0.04629872 -0.06899401
v 0.02281250 -0.04628896 -0.06899401
v 0.02218750 -0.04783193 -0.06899401
v 0.02296875 -0.05645497 -0.06899401
v 0.02125000 -0.04922841 -0.06899401
v 0.02015625 -0.05042958 -0.06899401
v 0.01875000 -0.05139638 -0.06899401
v 0.01718750 -0.05208974 -0.06899401
v 0.01562500 -0.05248036 -0.06899401
v 0.01390625 -0.05256826 -0.06899401
v 0.01218750 -0.05233388 -0.06899401
v -0.00328125 -0.07668937 -0.06899401
v 0.01062500 -0.05179677 -0.06899401
v -0.04078125 -0.05899404 -0.06899401
v 0.00921875 -0.05098622 -0.06899401
v 0.00796875 -0.04990224 -0.06899401
v 0.00687500 -0.04860341 -0.06899401
v 0.00609375 -0.04713857 -0.06899401
v 0.00546875 -0.04553701 -0.06899401
v 0.00531250 -0.04387685 -0.06899401
v 0.00546875 -0.04219716 -0.06899401
v 0.00578125 -0.04056630 -0.06899401
v 0.00656250 -0.03904286 -0.06899401
v -0.02187500 -0.00916982 -0.06899401
v 0.00750000 -0.03768544 -0.06899401
v 0.00875000 -0.03652333 -0.06899401
v -0.01953125 -0.00948232 -0.06899401
v 0.01015625 -0.03560536 -0.06899401
v 0.01171875 -0.03496083 -0.06899401
v 0.01328125 -0.03462880 -0.06899401
v 0.01500000 -0.03459951 -0.06899401
v 0.03828125 -0.05645497 -0.06899401
v 0.03828125 -0.07668937 -0.06899401
v 0.09828125 -0.07668937 -0.06899401
v 0.09828125 -0.08668937 -0.06899401
v 0.02328125 -0.08668937 -0.06899401
v 0.01843750 -0.08639640 -0.06899401
v 0.01359375 -0.08552726 -0.06899401
v 0.00906250 -0.08410147 -0.06899401
v 0.00468750 -0.08212881 -0.06899401
v 0.00062500 -0.07964834 -0.06899401
v -0.30968751 -0.07668937 -0.06899401
v -0.28468751 -0.05899404 -0.06899401
v -0.30968751 -0.03539052 -0.06899401
v -0.28468751 -0.03539052 -0.06899401
v -0.04078125 0.06045909 -0.06899401
v -0.02859375 -0.00047841 -0.06899401
v -0.02828125 -0.00281240 -0.06899401
v -0.02734375 -0.00498037 -0.06899401
v -0.28468751 0.06045909 -0.06899401
v -0.30968751 0.07667979 -0.06899401
v -0.28468751 0.03636729 -0.06899401
v -0.30968751 0.03636729 -0.06899401
v 0.01062500 0.03604502 -0.06899401
v -0.01953125 0.00851573 -0.06899401
v 0.00843750 0.03694346 -0.06899401
v 0.00656250 0.03836924 -0.06899401
v -0.02187500 0.00821299 -0.06899401
v 0.00515625 0.04023448 -0.06899401
v 0.00421875 0.04240245 -0.06899401
v 0.00390625 0.04473643 -0.06899401
v 0.00421875 0.04707041 -0.06899401
v 0.00515625 0.04923838 -0.06899401
v 0.00656250 0.05110362 -0.06899401
v 0.00843750 0.05252940 -0.06899401
v -0.02406250 0.00731456 -0.06899401
v -0.02593750 0.00587901 -0.06899401
v -0.02734375 0.00402354 -0.06899401
v -0.02828125 0.00184581 -0.06899401
v -0.02593750 -0.00684560 -0.06899401
v -0.02406250 -0.00827138 -0.06899401
v -0.01718750 -0.00916982 -0.06899401
v -0.01515625 -0.00827138 -0.06899401
v -0.01328125 -0.00684560 -0.06899401
v 0.01296875 0.03573252 -0.06899401
v 0.01531250 0.03604502 -0.06899401
v 0.01734375 0.03694346 -0.06899401
v 0.01921875 0.03836924 -0.06899401
v 0.02328125 -0.08668937 -0.06899401
v 0.02328125 -0.08668937 0.06899428
v 0.01843750 -0.08639640 -0.00000962
v 0.01843750 -0.08639640 0.06899428
v 0.01843750 -0.08639640 -0.00000962
v 0.01843750 -0.08639640 0.06899428
v 0.01359375 -0.08552726 -0.00000962
v 0.01359375 -0.08552726 0.06899428
v 0.01359375 -0.08552726 -0.00000962
v 0.01359375 -0.08552726 0.06899428
v 0.00906250 -0.08410147 -0.00000962
v 0.00906250 -0.08410147 0.06899428
v 0.00906250 -0.08410147 -0.00000962
v 0.00906250 -0.08410147 0.06899428
v 0.00468750 -0.08212881 -0.00000962
v 0.00468750 -0.08212881 0.06899428
v 0.00468750 -0.08212881 -0.00000962
v 0.00468750 -0.08212881 0.06899428
v 0.00062500 -0.07964834 -0.00000962
v 0.00062500 -0.07964834 0.06899428
v 0.00062500 -0.07964834 -0.00000962
v 0.00062500 -0.07964834 0.06899428
v -0.00328125 -0.07668937 0.06899428
v -0.00328125 -0.07668937 -0.06899401
v 0.00062500 -0.07964834 -0.06899401
v 0.00062500 -0.07964834 -0.06899401
v 0.00468750 -0.08212881 -0.06899401
v 0.00468750 -0.08212881 -0.06899401
v 0.00906250 -0.08410147 -0.06899401
v 0.00906250 -0.08410147 -0.06899401
v 0.01359375 -0.08552726 -0.06899401
v 0.01359375 -0.08552726 -0.06899401
v 0.01843750 -0.08639640 -0.06899401
v 0.01843750 -0.08639640 -0.06899401
v 0.02531250 0.08765635 -0.06899401
v 0.02531250 0.08765635 0.06899428
v 0.09828125 0.08765635 -0.06899401
v 0.09828125 0.08765635 0.06899428
v 0.10421881 0.08765635 -0.06559558
v 0.10421881 0.08765635 0.06559584
v 0.10968751 0.08765635 -0.06170884
v 0.10968751 0.08765635 0.06170912
v 0.11500001 0.08765635 -0.05733384
v 0.11500001 0.08765635 0.05733412
v 0.11968751 0.08765635 -0.05252915
v 0.11968751 0.08765635 0.05252944
v 0.12406251 0.08765635 -0.04733384
v 0.12406251 0.08765635 0.04733412
v 0.12796881 0.08765635 -0.04176744
v 0.12796881 0.08765635 0.04176772
v 0.13140621 0.08765635 -0.03590806
v 0.13140621 0.08765635 0.03588881
v 0.13421871 0.08765635 -0.02975572
v 0.13421871 0.08765635 0.02975600
v 0.13656251 0.08765635 -0.02336900
v 0.13656251 0.08765635 0.02336928
v 0.13828121 0.08765635 -0.01682603
v 0.13828121 0.08765635 0.01682631
v 0.13953121 0.08765635 -0.01014634
v 0.13953121 0.08765635 0.01014662
v 0.14000001 0.08765635 -0.00338853
v 0.14000001 0.08765635 0.00338881
v 0.03828125 0.07667979 0.06899428
v 0.04421875 0.07667979 0.06559584
v 0.09828125 0.07667979 0.06899428
v 0.04968750 0.07667979 0.06170912
v 0.05500000 0.07667979 0.05733412
v 0.05968750 0.07667979 0.05252944
v 0.06406250 0.07667979 0.04733412
v 0.06796875 0.07667979 0.04176772
v 0.07140625 0.07667979 0.03588881
v 0.07421875 0.07667979 0.02975600
v 0.10421881 0.07667979 0.06559584
v 0.07656250 0.07667979 0.02336928
v 0.10968751 0.07667979 0.06170912
v 0.11500001 0.07667979 0.05733412
v 0.07828125 0.07667979 0.01682631
v 0.11968751 0.07667979 0.05252944
v 0.12406251 0.07667979 0.04733412
v 0.07953125 0.07667979 0.01014662
v 0.12796881 0.07667979 0.04176772
v 0.13140621 0.07667979 0.03588881
v 0.13421871 0.07667979 0.02975600
v 0.08000000 0.07667979 0.00338881
v 0.13656251 0.07667979 0.02336928
v 0.13828121 0.07667979 0.01682631
v 0.13953121 0.07667979 0.01014662
v 0.14000001 0.07667979 0.00338881
v 0.08000000 0.07667979 -0.00338853
v 0.14000001 0.07667979 -0.00338853
v 0.13953121 0.07667979 -0.01014634
v 0.13828121 0.07667979 -0.01682603
v 0.13656251 0.07667979 -0.02336900
v 0.13421871 0.07667979 -0.02975572
v 0.07953125 0.07667979 -0.01014634
v 0.13140621 0.07667979 -0.03590806
v 0.12796881 0.07667979 -0.04176744
v 0.12406251 0.07667979 -0.04733384
v 0.07828125 0.07667979 -0.01682603
v 0.11968751 0.07667979 -0.05252915
v 0.11500001 0.07667979 -0.05733384
v 0.07656250 0.07667979 -0.02336900
v 0.10968751 0.07667979 -0.06170884
v 0.10421881 0.07667979 -0.06559558
v 0.07421875 0.07667979 -0.02975572
v 0.09828125 0.07667979 -0.06899401
v 0.07140625 0.07667979 -0.03590806
v 0.06796875 0.07667979 -0.04176744
v 0.06406250 0.07667979 -0.04733384
v 0.05968750 0.07667979 -0.05252915
v 0.05500000 0.07667979 -0.05733384
v 0.04968750 0.07667979 -0.06170884
v 0.04421875 0.07667979 -0.06559558
v 0.03828125 0.07667979 -0.06899401
v 0.09828125 0.08765635 0.06899428
v 0.09828125 0.07667979 0.06899428
v 0.10421881 0.08765635 0.06559584
v 0.10421881 0.07667979 0.06559584
v 0.10421881 0.08765635 0.06559584
v 0.10421881 0.07667979 0.06559584
v 0.10968751 0.07667979 0.06170912
v 0.10968751 0.08765635 0.06170912
v 0.10968751 0.08765635 0.06170912
v 0.10968751 0.07667979 0.06170912
v 0.11500001 0.07667979 0.05733412
v 0.11500001 0.08765635 0.05733412
v 0.11500001 0.08765635 0.05733412
v 0.11500001 0.07667979 0.05733412
v 0.11968751 0.07667979 0.05252944
v 0.11968751 0.08765635 0.05252944
v 0.11968751 0.08765635 0.05252944
v 0.11968751 0.07667979 0.05252944
v 0.12406251 0.07667979 0.04733412
v 0.12406251 0.08765635 0.04733412
v 0.12406251 0.08765635 0.04733412
v 0.12406251 0.07667979 0.04733412
v 0.12796881 0.07667979 0.04176772
v 0.12796881 0.08765635 0.04176772
v 0.12796881 0.08765635 0.04176772
v 0.12796881 0.07667979 0.04176772
v 0.13140621 0.07667979 0.03588881
v 0.13140621 0.08765635 0.03588881
v 0.13140621 0.08765635 0.03588881
v 0.13140621 0.07667979 0.03588881
v 0.13421871 0.07667979 0.02975600
v 0.13421871 0.08765635 0.02975600
v 0.13421871 0.08765635 0.02975600
v 0.13421871 0.07667979 0.02975600
v 0.13656251 0.07667979 0.02336928
v 0.13656251 0.08765635 0.02336928
v 0.13656251 0.08765635 0.02336928
v 0.13656251 0.07667979 0.02336928
v 0.13828121 0.07667979 0.01682631
v 0.13828121 0.08765635 0.01682631
v 0.13828121 0.08765635 0.01682631
v 0.13828121 0.07667979 0.01682631
v 0.13953121 0.07667979 0.01014662
v 0.13953121 0.08765635 0.01014662
v 0.13953121 0.08765635 0.01014662
v 0.13953121 0.07667979 0.01014662
v 0.14000001 0.07667979 0.00338881
v 0.14000001 0.08765635 0.00338881
v 0.14000001 0.08765635 0.00338881
v 0.14000001 0.07667979 0.00338881
v 0.14000001 0.07667979 -0.00338853
v 0.14000001 0.08765635 -0.00338853
v 0.14000001 0.08765635 -0.00338853
v 0.14000001 0.07667979 -0.00338853
v 0.13953121 0.07667979 -0.01014634
v 0.13953121 0.08765635 -0.01014634
v 0.13953121 0.08765635 -0.01014634
v 0.13953121 0.07667979 -0.01014634
v 0.13828121 0.07667979 -0.01682603
v 0.13828121 0.08765635 -0.01682603
v 0.13828121 0.08765635 -0.01682603
v 0.13828121 0.07667979 -0.01682603
v 0.13656251 0.07667979 -0.02336900
v 0.13656251 0.08765635 -0.02336900
v 0.13656251 0.08765635 -0.02336900
v 0.13656251 0.07667979 -0.02336900
v 0.13421871 0.07667979 -0.02975572
v 0.13421871 0.08765635 -0.02975572
v 0.13421871 0.08765635 -0.02975572
v 0.13421871 0.07667979 -0.02975572
v 0.13140621 0.07667979 -0.03590806
v 0.13140621 0.08765635 -0.03590806
v 0.13140621 0.08765635 -0.03590806
v 0.13140621 0.07667979 -0.03590806
v 0.12796881 0.07667979 -0.04176744
v 0.12796881 0.08765635 -0.04176744
v 0.12796881 0.08765635 -0.04176744
v 0.12796881 0.07667979 -0.04176744
v 0.12406251 0.07667979 -0.04733384
v 0.12406251 0.08765635 -0.04733384
v 0.12406251 0.08765635 -0.04733384
v 0.12406251 0.07667979 -0.04733384
v 0.11968751 0.07667979 -0.05252915
v 0.11968751 0.08765635 -0.05252915
v 0.11968751 0.08765635 -0.05252915
v 0.11968751 0.07667979 -0.05252915
v 0.11500001 0.07667979 -0.05733384
v 0.11500001 0.08765635 -0.05733384
v 0.11500001 0.08765635 -0.05733384
v 0.11500001 0.07667979 -0.05733384
v 0.10968751 0.07667979 -0.06170884
v 0.10968751 0.08765635 -0.06170884
v 0.10968751 0.08765635 -0.06170884
v 0.10968751 0.07667979 -0.06170884
v 0.10421881 0.07667979 -0.06559558
v 0.10421881 0.08765635 -0.06559558
v 0.10421881 0.08765635 -0.06559558
v 0.10421881 0.07667979 -0.06559558
v 0.09828125 0.08765635 -0.06899401
v 0.09828125 0.07667979 -0.06899401
v 0.02328125 -0.08668937 -0.06899401
v 0.09828125 -0.08668937 -0.06899401
v 0.02328125 -0.08668937 0.06899428
v 0.10421881 -0.08668937 -0.06559558
v 0.10968751 -0.08668937 -0.06170884
v 0.11500001 -0.08668937 -0.05733384
v 0.11968751 -0.08668937 -0.05252915
v 0.12406251 -0.08668937 -0.04733384
v 0.12796881 -0.08668937 -0.04176744
v 0.13140621 -0.08668937 -0.03590806
v 0.13421871 -0.08668937 -0.02975572
v 0.13656251 -0.08668937 -0.02336900
v 0.13828121 -0.08668937 -0.01682603
v 0.13953121 -0.08668937 -0.01014634
v 0.14000001 -0.08668937 -0.00338853
v 0.14000001 -0.08668937 0.00338881
v 0.13953121 -0.08668937 0.01014662
v 0.13828121 -0.08668937 0.01682631
v 0.13656251 -0.08668937 0.02336928
v 0.13421871 -0.08668937 0.02975600
v 0.13140621 -0.08668937 0.03588881
v 0.12796881 -0.08668937 0.04176772
v 0.12406251 -0.08668937 0.04733412
v 0.11968751 -0.08668937 0.05252944
v 0.11500001 -0.08668937 0.05733412
v 0.10968751 -0.08668937 0.06170912
v 0.10421881 -0.08668937 0.06559584
v 0.09828125 -0.08668937 0.06899428
v 0.03828125 -0.07668937 -0.06899401
v 0.04421875 -0.07668937 -0.06559558
v 0.09828125 -0.07668937 -0.06899401
v 0.04968750 -0.07668937 -0.06170884
v 0.05500000 -0.07668937 -0.05733384
v 0.05968750 -0.07668937 -0.05252915
v 0.06406250 -0.07668937 -0.04733384
v 0.06796875 -0.07668937 -0.04176744
v 0.07140625 -0.07668937 -0.03590806
v 0.07421875 -0.07668937 -0.02975572
v 0.10421881 -0.07668937 -0.06559558
v 0.07656250 -0.07668937 -0.02336900
v 0.10968751 -0.07668937 -0.06170884
v 0.11500001 -0.07668937 -0.05733384
v 0.07828125 -0.07668937 -0.01682603
v 0.11968751 -0.07668937 -0.05252915
v 0.12406251 -0.07668937 -0.04733384
v 0.07953125 -0.07668937 -0.01014634
v 0.12796881 -0.07668937 -0.04176744
v 0.13140621 -0.07668937 -0.03590806
v 0.13421871 -0.07668937 -0.02975572
v 0.08000000 -0.07668937 -0.00338853
v 0.13656251 -0.07668937 -0.02336900
v 0.13828121 -0.07668937 -0.01682603
v 0.13953121 -0.07668937 -0.01014634
v 0.14000001 -0.07668937 -0.00338853
v 0.08000000 -0.07668937 0.00338881
v 0.14000001 -0.07668937 0.00338881
v 0.13953121 -0.07668937 0.01014662
v 0.13828121 -0.07668937 0.01682631
v 0.13656251 -0.07668937 0.02336928
v 0.13421871 -0.07668937 0.02975600
v 0.07953125 -0.07668937 0.01014662
v 0.13140621 -0.07668937 0.03588881
v 0.12796881 -0.07668937 0.04176772
v 0.12406251 -0.07668937 0.04733412
v 0.07828125 -0.07668937 0.01682631
v 0.11968751 -0.07668937 0.05252944
v 0.11500001 -0.07668937 0.05733412
v 0.07656250 -0.07668937 0.02336928
v 0.10968751 -0.07668937 0.06170912
v 0.10421881 -0.07668937 0.06559584
v 0.07421875 -0.07668937 0.02975600
v 0.09828125 -0.07668937 0.06899428
v 0.07140625 -0.07668937 0.03588881
v 0.06796875 -0.07668937 0.04176772
v 0.06406250 -0.07668937 0.04733412
v 0.05968750 -0.07668937 0.05252944
v 0.05500000 -0.07668937 0.05733412
v 0.04968750 -0.07668937 0.06170912
v 0.04421875 -0.07668937 0.06559584
v 0.03828125 -0.07668937 0.06899428
v 0.09828125 -0.08668937 -0.06899401
v 0.09828125 -0.07668937 -0.06899401
v 0.10421881 -0.08668937 -0.06559558
v 0.10421881 -0.07668937 -0.06559558
v 0.10421881 -0.08668937 -0.06559558
v 0.10421881 -0.07668937 -0.06559558
v 0.10968751 -0.07668937 -0.06170884
v 0.10968751 -0.08668937 -0.06170884
v 0.10968751 -0.08668937 -0.06170884
v 0.10968751 -0.07668937 -0.06170884
v 0.11500001 -0.07668937 -0.05733384
v 0.11500001 -0.08668937 -0.05733384
v 0.11500001 -0.08668937 -0.05733384
v 0.11500001 -0.07668937 -0.05733384
v 0.11968751 -0.07668937 -0.05252915
v 0.11968751 -0.08668937 -0.05252915
v 0.11968751 -0.08668937 -0.05252915
v 0.11968751 -0.07668937 -0.05252915
v 0.12406251 -0.07668937 -0.04733384
v 0.12406251 -0.08668937 -0.04733384
v 0.12406251 -0.08668937 -0.04733384
v 0.12406251 -0.07668937 -0.04733384
v 0.12796881 -0.07668937 -0.04176744
v 0.12796881 -0.08668937 -0.04176744
v 0.12796881 -0.08668937 -0.04176744
v 0.12796881 -0.07668937 -0.04176744
v 0.13140621 -0.07668937 -0.03590806
v 0.13140621 -0.08668937 -0.03590806
v 0.13140621 -0.08668937 -0.03590806
v 0.13140621 -0.07668937 -0.03590806
v 0.13421871 -0.07668937 -0.02975572
v 0.13421871 -0.08668937 -0.02975572
v 0.13421871 -0.08668937 -0.02975572
v 0.13421871 -0.07668937 -0.02975572
v 0.13656251 -0.07668937 -0.02336900
v 0.13656251 -0.08668937 -0.02336900
v 0.13656251 -0.08668937 -0.02336900
v 0.13656251 -0.07668937 -0.02336900
v 0.13828121 -0.07668937 -0.01682603
v 0.13828121 -0.08668937 -0.01682603
v 0.13828121 -0.08668937 -0.01682603
v 0.13828121 -0.07668937 -0.01682603
v 0.13953121 -0.07668937 -0.01014634
v 0.13953121 -0.08668937 -0.01014634
v 0.13953121 -0.08668937 -0.01014634
v 0.13953121 -0.07668937 -0.01014634
v 0.14000001 -0.07668937 -0.00338853
v 0.14000001 -0.08668937 -0.00338853
v 0.14000001 -0.08668937 -0.00338853
v 0.14000001 -0.07668937 -0.00338853
v 0.14000001 -0.07668937 0.00338881
v 0.14000001 -0.08668937 0.00338881
v 0.14000001 -0.08668937 0.00338881
v 0.14000001 -0.07668937 0.00338881
v 0.13953121 -0.07668937 0.01014662
v 0.13953121 -0.08668937 0.01014662
v 0.13953121 -0.08668937 0.01014662
v 0.13953121 -0.07668937 0.01014662
v 0.13828121 -0.07668937 0.01682631
v 0.13828121 -0.08668937 0.01682631
v 0.13828121 -0.08668937 0.01682631
v 0.13828121 -0.07668937 0.01682631
v 0.13656251 -0.07668937 0.02336928
v 0.13656251 -0.08668937 0.02336928
v 0.13656251 -0.08668937 0.02336928
v 0.13656251 -0.07668937 0.02336928
v 0.13421871 -0.07668937 0.02975600
v 0.13421871 -0.08668937 0.02975600
v 0.13421871 -0.08668937 0.02975600
v 0.13421871 -0.07668937 0.02975600
v 0.13140621 -0.07668937 0.03588881
v 0.13140621 -0.08668937 0.03588881
v 0.13140621 -0.08668937 0.03588881
v 0.13140621 -0.07668937 0.03588881
v 0.12796881 -0.07668937 0.04176772
v 0.12796881 -0.08668937 0.04176772
v 0.12796881 -0.08668937 0.04176772
v 0.12796881 -0.07668937 0.04176772
v 0.12406251 -0.07668937 0.04733412
v 0.12406251 -0.08668937 0.04733412
v 0.12406251 -0.08668937 0.04733412
v 0.12406251 -0.07668937 0.04733412
v 0.11968751 -0.07668937 0.05252944
v 0.11968751 -0.08668937 0.05252944
v 0.11968751 -0.08668937 0.05252944
v 0.11968751 -0.07668937 0.05252944
v 0.11500001 -0.07668937 0.05733412
v 0.11500001 -0.08668937 0.05733412
v 0.11500001 -0.08668937 0.05733412
v 0.11500001 -0.07668937 0.05733412
v 0.10968751 -0.07668937 0.06170912
v 0.10968751 -0.08668937 0.06170912
v 0.10968751 -0.08668937 0.06170912
v 0.10968751 -0.07668937 0.06170912
v 0.10421881 -0.07668937 0.06559584
v 0.10421881 -0.08668937 0.06559584
v 0.10421881 -0.08668937 0.06559584
v 0.10421881 -0.07668937 0.06559584
v 0.09828125 -0.08668937 0.06899428
v 0.09828125 -0.07668937 0.06899428
v -0.30968751 0.03636729 0.06899428
v -0.30968751 0.07667979 0.06899428
v -0.30968751 0.06019541 0.00881850
v -0.30968751 0.07667979 -0.06899401
v -0.30968751 0.06019541 -0.01049791
v -0.30968751 0.03636729 -0.06899401
v -0.30968751 0.03636729 -0.01049791
v -0.30968751 0.03636729 0.00881850
v 0.02296875 -0.04629872 -0.05899400
v 0.02296875 -0.04629872 -0.06899401
v 0.03578125 -0.04629872 -0.05899400
v 0.03828125 -0.04629872 -0.06899401
v 0.04125000 -0.04629872 -0.05551744
v 0.04421875 -0.04629872 -0.06559558
v 0.04640625 -0.04629872 -0.05153306
v 0.04968750 -0.04629872 -0.06170884
v 0.05109375 -0.04629872 -0.04707994
v 0.05500000 -0.04629872 -0.05733384
v 0.05546875 -0.04629872 -0.04217759
v 0.05968750 -0.04629872 -0.05252915
v 0.05921875 -0.04629872 -0.03690415
v 0.06406250 -0.04629872 -0.04733384
v 0.06250000 -0.04629872 -0.03127916
v 0.06796875 -0.04629872 -0.04176744
v 0.06515625 -0.04629872 -0.02538072
v 0.07140625 -0.04629872 -0.03590806
v 0.06734375 -0.04629872 -0.01924791
v 0.07421875 -0.04629872 -0.02975572
v 0.06890625 -0.04629872 -0.01291978
v 0.07656250 -0.04629872 -0.02336900
v 0.07828125 -0.04629872 -0.01682603
v 0.06984375 -0.04629872 -0.00649400
v 0.07953125 -0.04629872 -0.01014634
v 0.07015625 -0.04629872 -0.00000962
v 0.08000000 -0.04629872 -0.00338853
v 0.08000000 -0.04629872 0.00338881
v 0.07953125 -0.04629872 0.01014662
v 0.06984375 -0.04629872 0.00649428
v 0.07828125 -0.04629872 0.01682631
v 0.06890625 -0.04629872 0.01292006
v 0.07656250 -0.04629872 0.02336928
v 0.07421875 -0.04629872 0.02975600
v 0.06734375 -0.04629872 0.01924819
v 0.07140625 -0.04629872 0.03588881
v 0.06515625 -0.04629872 0.02538100
v 0.06796875 -0.04629872 0.04176772
v 0.06250000 -0.04629872 0.03127944
v 0.06406250 -0.04629872 0.04733412
v 0.05921875 -0.04629872 0.03690444
v 0.05968750 -0.04629872 0.05252944
v 0.05546875 -0.04629872 0.04217787
v 0.05500000 -0.04629872 0.05733412
v 0.05109375 -0.04629872 0.04708022
v 0.04968750 -0.04629872 0.06170912
v 0.04640625 -0.04629872 0.05153334
v 0.04421875 -0.04629872 0.06559584
v 0.04125000 -0.04629872 0.05551772
v 0.03828125 -0.04629872 0.06899428
v 0.03578125 -0.04629872 0.05899428
v 0.03312500 -0.04629872 0.06899428
v 0.03312500 -0.04629872 0.05899428
v 0.02828125 -0.05645497 0.05899428
v 0.02828125 -0.05645497 0.06899428
v 0.03578125 -0.05645497 0.05899428
v 0.03828125 -0.05645497 0.06899428
v 0.04125000 -0.05645497 0.05551772
v 0.04421875 -0.05645497 0.06559584
v 0.04640625 -0.05645497 0.05153334
v 0.04968750 -0.05645497 0.06170912
v 0.05109375 -0.05645497 0.04708022
v 0.05500000 -0.05645497 0.05733412
v 0.05546875 -0.05645497 0.04217787
v 0.05968750 -0.05645497 0.05252944
v 0.05921875 -0.05645497 0.03690444
v 0.06406250 -0.05645497 0.04733412
v 0.06250000 -0.05645497 0.03127944
v 0.06796875 -0.05645497 0.04176772
v 0.06515625 -0.05645497 0.02538100
v 0.07140625 -0.05645497 0.03588881
v 0.06734375 -0.05645497 0.01924819
v 0.07421875 -0.05645497 0.02975600
v 0.06890625 -0.05645497 0.01292006
v 0.07656250 -0.05645497 0.02336928
v 0.07828125 -0.05645497 0.01682631
v 0.06984375 -0.05645497 0.00649428
v 0.07953125 -0.05645497 0.01014662
v 0.07015625 -0.05645497 -0.00000962
v 0.08000000 -0.05645497 0.00338881
v 0.08000000 -0.05645497 -0.00338853
v 0.07953125 -0.05645497 -0.01014634
v 0.06984375 -0.05645497 -0.00649400
v 0.07828125 -0.05645497 -0.01682603
v 0.06890625 -0.05645497 -0.01291978
v 0.07656250 -0.05645497 -0.02336900
v 0.07421875 -0.05645497 -0.02975572
v 0.06734375 -0.05645497 -0.01924791
v 0.07140625 -0.05645497 -0.03590806
v 0.06515625 -0.05645497 -0.02538072
v 0.06796875 -0.05645497 -0.04176744
v 0.06250000 -0.05645497 -0.03127916
v 0.06406250 -0.05645497 -0.04733384
v 0.05921875 -0.05645497 -0.03690415
v 0.05968750 -0.05645497 -0.05252915
v 0.05546875 -0.05645497 -0.04217759
v 0.05500000 -0.05645497 -0.05733384
v 0.05109375 -0.05645497 -0.04707994
v 0.04968750 -0.05645497 -0.06170884
v 0.04640625 -0.05645497 -0.05153306
v 0.04421875 -0.05645497 -0.06559558
v 0.04125000 -0.05645497 -0.05551744
v 0.03828125 -0.05645497 -0.06899401
v 0.03578125 -0.05645497 -0.05899400
v 0.02296875 -0.05645497 -0.06899401
v 0.02296875 -0.05645497 -0.05899400
v 0.02296875 -0.04629872 -0.05899400
v 0.03578125 -0.04629872 -0.05899400
v 0.02296875 -0.05645497 -0.05899400
v 0.03578125 -0.05645497 -0.05899400
v 0.03578125 -0.04629872 0.05899428
v 0.03578125 -0.05645497 0.05899428
v 0.04125000 -0.04629872 0.05551772
v 0.04125000 -0.05645497 0.05551772
v 0.04125000 -0.04629872 0.05551772
v 0.04125000 -0.05645497 0.05551772
v 0.04640625 -0.04629872 0.05153334
v 0.04640625 -0.05645497 0.05153334
v 0.04640625 -0.04629872 0.05153334
v 0.04640625 -0.05645497 0.05153334
v 0.05109375 -0.04629872 0.04708022
v 0.05109375 -0.05645497 0.04708022
v 0.05109375 -0.04629872 0.04708022
v 0.05109375 -0.05645497 0.04708022
v 0.05546875 -0.04629872 0.04217787
v 0.05546875 -0.05645497 0.04217787
v 0.05546875 -0.04629872 0.04217787
v 0.05546875 -0.05645497 0.04217787
v 0.05921875 -0.04629872 0.03690444
v 0.05921875 -0.05645497 0.03690444
v 0.05921875 -0.04629872 0.03690444
v 0.05921875 -0.05645497 0.03690444
v 0.06250000 -0.04629872 0.03127944
v 0.06250000 -0.05645497 0.03127944
v 0.06250000 -0.04629872 0.03127944
v 0.06250000 -0.05645497 0.03127944
v 0.06515625 -0.04629872 0.02538100
v 0.06515625 -0.05645497 0.02538100
v 0.06515625 -0.04629872 0.02538100
v 0.06515625 -0.05645497 0.02538100
v 0.06734375 -0.04629872 0.01924819
v 0.06734375 -0.05645497 0.01924819
v 0.06734375 -0.04629872 0.01924819
v 0.06734375 -0.05645497 0.01924819
v 0.06890625 -0.04629872 0.01292006
v 0.06890625 -0.05645497 0.01292006
v 0.06890625 -0.04629872 0.01292006
v 0.06890625 -0.05645497 0.01292006
v 0.06984375 -0.04629872 0.00649428
v 0.06984375 -0.05645497 0.00649428
v 0.06984375 -0.04629872 0.00649428
v 0.06984375 -0.05645497 0.00649428
v 0.07015625 -0.04629872 -0.00000962
v 0.07015625 -0.05645497 -0.00000962
v 0.07015625 -0.04629872 -0.00000962
v 0.07015625 -0.05645497 -0.00000962
v 0.06984375 -0.04629872 -0.00649400
v 0.06984375 -0.05645497 -0.00649400
v 0.06984375 -0.04629872 -0.00649400
v 0.06984375 -0.05645497 -0.00649400
v 0.06890625 -0.04629872 -0.01291978
v 0.06890625 -0.05645497 -0.01291978
v 0.06890625 -0.04629872 -0.01291978
v 0.06890625 -0.05645497 -0.01291978
v 0.06734375 -0.04629872 -0.01924791
v 0.06734375 -0.05645497 -0.01924791
v 0.06734375 -0.04629872 -0.01924791
v 0.06734375 -0.05645497 -0.01924791
v 0.06515625 -0.04629872 -0.02538072
v 0.06515625 -0.05645497 -0.02538072
v 0.06515625 -0.04629872 -0.02538072
v 0.06515625 -0.05645497 -0.02538072
v 0.06250000 -0.04629872 -0.03127916
v 0.06250000 -0.05645497 -0.03127916
v 0.06250000 -0.04629872 -0.03127916
v 0.06250000 -0.05645497 -0.03127916
v 0.05921875 -0.04629872 -0.03690415
v 0.05921875 -0.05645497 -0.03690415
v 0.05921875 -0.04629872 -0.03690415
v 0.05921875 -0.05645497 -0.03690415
v 0.05546875 -0.04629872 -0.04217759
v 0.05546875 -0.05645497 -0.04217759
v 0.05546875 -0.04629872 -0.04217759
v 0.05546875 -0.05645497 -0.04217759
v 0.05109375 -0.04629872 -0.04707994
v 0.05109375 -0.05645497 -0.04707994
v 0.05109375 -0.04629872 -0.04707994
v 0.05109375 -0.05645497 -0.04707994
v 0.04640625 -0.04629872 -0.05153306
v 0.04640625 -0.05645497 -0.05153306
v 0.04640625 -0.04629872 -0.05153306
v 0.04640625 -0.05645497 -0.05153306
v 0.04125000 -0.04629872 -0.05551744
v 0.04125000 -0.05645497 -0.05551744
v 0.04125000 -0.04629872 -0.05551744
v 0.04125000 -0.05645497 -0.05551744
v 0.03578125 -0.04629872 -0.05899400
v 0.03578125 -0.05645497 -0.05899400
v 0.02828125 -0.05645497 0.05899428
v 0.03578125 -0.05645497 0.05899428
v 0.03000000 -0.05421865 0.05899428
v 0.03140625 -0.05174794 0.05899428
v 0.03250000 -0.04908193 0.05899428
v 0.03578125 -0.04629872 0.05899428
v 0.03312500 -0.04629872 0.05899428
v 0.03312500 -0.04629872 0.06899428
v 0.03328125 -0.04361318 0.06899428
v 0.03312500 -0.04629872 0.05899428
v 0.03328125 -0.04357411 0.05399428
v 0.03312500 -0.04629872 0.05899428
v 0.03328125 -0.04357411 0.05399428
v 0.03296875 -0.04696279 0.05399428
v 0.03328125 -0.04361318 0.06899428
v 0.03312500 -0.04092763 0.06899428
v 0.03328125 -0.04357411 0.05399428
v 0.03328125 -0.04357411 0.05399428
v 0.03312500 -0.04092763 0.06899428
v 0.03296875 -0.04017568 0.05399428
v 0.03296875 -0.04017568 0.05399428
v 0.03312500 -0.04092763 0.06899428
v 0.03250000 -0.03830068 0.06899428
v 0.03296875 -0.04017568 0.05399428
v 0.03250000 -0.03830068 0.06899428
v 0.03250000 -0.03830068 0.05899428
v 0.03296875 -0.04017568 0.05399428
v 0.03250000 -0.03830068 0.05899428
v 0.03203125 -0.03689443 0.05399428
v 0.03203125 -0.03689443 0.05399428
v 0.03250000 -0.03830068 0.05899428
v 0.03140625 -0.03534169 0.05899428
v 0.03203125 -0.03689443 0.05399428
v 0.03140625 -0.03534169 0.05899428
v 0.03062500 -0.03382802 0.05399428
v 0.03062500 -0.03382802 0.05399428
v 0.03140625 -0.03534169 0.05899428
v 0.02984375 -0.03261708 0.05899428
v 0.03062500 -0.03382802 0.05399428
v 0.02984375 -0.03261708 0.05899428
v 0.02859375 -0.03107412 0.05399428
v 0.02859375 -0.03107412 0.05399428
v 0.02984375 -0.03261708 0.05899428
v 0.02781250 -0.03019521 0.05899428
v 0.02859375 -0.03107412 0.05399428
v 0.02781250 -0.03019521 0.05899428
v 0.02609375 -0.02872060 0.05399428
v 0.02609375 -0.02872060 0.05399428
v 0.02781250 -0.03019521 0.05899428
v 0.02531250 -0.02814443 0.05899428
v 0.02609375 -0.02872060 0.05399428
v 0.02531250 -0.02814443 0.05899428
v 0.02328125 -0.02683584 0.05399428
v 0.02328125 -0.02683584 0.05399428
v 0.02531250 -0.02814443 0.05899428
v 0.02531250 -0.02814443 0.06899428
v 0.02328125 -0.02683584 0.05399428
v 0.02531250 -0.02814443 0.06899428
v 0.02250000 -0.02643545 0.06899428
v 0.02328125 -0.02683584 0.05399428
v 0.02250000 -0.02643545 0.06899428
v 0.02015625 -0.02549795 0.05399428
v 0.02015625 -0.02549795 0.05399428
v 0.02250000 -0.02643545 0.06899428
v 0.01937500 -0.02526357 0.06899428
v 0.02015625 -0.02549795 0.05399428
v 0.01937500 -0.02526357 0.06899428
v 0.01687500 -0.02474599 0.05399428
v 0.01687500 -0.02474599 0.05399428
v 0.01937500 -0.02526357 0.06899428
v 0.01609375 -0.02465810 0.06899428
v 0.01687500 -0.02474599 0.05399428
v 0.01609375 -0.02465810 0.06899428
v 0.01343750 -0.02458974 0.05399428
v 0.01343750 -0.02458974 0.05399428
v 0.01609375 -0.02465810 0.06899428
v 0.01265625 -0.02463857 0.06899428
v 0.01343750 -0.02458974 0.05399428
v 0.01265625 -0.02463857 0.06899428
v 0.01000000 -0.02504873 0.05399428
v 0.01000000 -0.02504873 0.05399428
v 0.01265625 -0.02463857 0.06899428
v 0.00937500 -0.02520498 0.06899428
v 0.01000000 -0.02504873 0.05399428
v 0.00937500 -0.02520498 0.06899428
v 0.00687500 -0.02610342 0.05399428
v 0.00687500 -0.02610342 0.05399428
v 0.00937500 -0.02520498 0.06899428
v 0.00625000 -0.02634756 0.06899428
v 0.00687500 -0.02610342 0.05399428
v 0.00625000 -0.02634756 0.06899428
v 0.00375000 -0.02771474 0.05399428
v 0.00375000 -0.02771474 0.05399428
v 0.00625000 -0.02634756 0.06899428
v 0.00343750 -0.02802724 0.06899428
v 0.00375000 -0.02771474 0.05399428
v 0.00343750 -0.02802724 0.06899428
v 0.00109375 -0.02984365 0.05399428
v 0.00078125 -0.03018545 0.06899428
v 0.00109375 -0.02984365 0.05399428
v 0.00078125 -0.03018545 0.06899428
v -0.00109375 -0.03240224 0.05399428
v -0.00140625 -0.03276357 0.06899428
v -0.00109375 -0.03240224 0.05399428
v -0.00140625 -0.03276357 0.06899428
v -0.00281250 -0.03533193 0.05399428
v -0.00281250 -0.03533193 0.05399428
v -0.00140625 -0.03276357 0.06899428
v -0.00296875 -0.03567372 0.06899428
v -0.00281250 -0.03533193 0.05399428
v -0.00296875 -0.03567372 0.06899428
v -0.00406250 -0.03851552 0.05399428
v -0.00406250 -0.03851552 0.05399428
v -0.00296875 -0.03567372 0.06899428
v -0.00406250 -0.03883779 0.06899428
v -0.00406250 -0.03851552 0.05399428
v -0.00406250 -0.03883779 0.06899428
v -0.00468750 -0.04186513 0.05399428
v -0.00468750 -0.04186513 0.05399428
v -0.00406250 -0.03883779 0.06899428
v -0.00468750 -0.04213857 0.06899428
v -0.00468750 -0.04186513 0.05399428
v -0.00468750 -0.04213857 0.06899428
v -0.00468750 -0.04527333 0.05399428
v -0.00468750 -0.04548818 0.06899428
v -0.00468750 -0.04527333 0.05399428
v -0.00468750 -0.04548818 0.06899428
v -0.00406250 -0.04862294 0.05399428
v -0.00406250 -0.04862294 0.05399428
v -0.00468750 -0.04548818 0.06899428
v -0.00406250 -0.04877919 0.06899428
v -0.00406250 -0.04862294 0.05399428
v -0.00406250 -0.04877919 0.06899428
v -0.00281250 -0.05181630 0.05399428
v -0.00281250 -0.05181630 0.05399428
v -0.00406250 -0.04877919 0.06899428
v -0.00281250 -0.05191396 0.06899428
v -0.00281250 -0.05181630 0.05399428
v -0.00281250 -0.05191396 0.06899428
v -0.00109375 -0.05473622 0.05399428
v -0.00109375 -0.05477529 0.06899428
v -0.00109375 -0.05473622 0.05399428
v -0.00109375 -0.05477529 0.06899428
v 0.00109375 -0.05730458 0.05399428
v 0.00109375 -0.05730458 0.05399428
v -0.00109375 -0.05477529 0.06899428
v 0.00109375 -0.05729482 0.06899428
v 0.00109375 -0.05730458 0.05399428
v 0.00109375 -0.05729482 0.06899428
v 0.00375000 -0.05939443 0.06899428
v 0.00109375 -0.05730458 0.05399428
v 0.00375000 -0.05939443 0.06899428
v 0.00375000 -0.05943349 0.05399428
v 0.00375000 -0.05943349 0.05399428
v 0.00375000 -0.05939443 0.06899428
v 0.00671875 -0.06099599 0.06899428
v 0.00375000 -0.05943349 0.05399428
v 0.00671875 -0.06099599 0.06899428
v 0.00687500 -0.06104482 0.05399428
v 0.00687500 -0.06104482 0.05399428
v 0.00671875 -0.06099599 0.06899428
v 0.00984375 -0.06205068 0.06899428
v 0.01000000 -0.06209951 0.05399428
v 0.01000000 -0.06209951 0.05399428
v 0.00984375 -0.06205068 0.06899428
v 0.01312500 -0.06253896 0.06899428
v 0.01000000 -0.06209951 0.05399428
v 0.01312500 -0.06253896 0.06899428
v 0.01343750 -0.06254872 0.05399428
v 0.01343750 -0.06254872 0.05399428
v 0.01312500 -0.06253896 0.06899428
v 0.01656250 -0.06244130 0.06899428
v 0.01343750 -0.06254872 0.05399428
v 0.01656250 -0.06244130 0.06899428
v 0.01687500 -0.06240224 0.05399428
v 0.01687500 -0.06240224 0.05399428
v 0.01656250 -0.06244130 0.06899428
v 0.01984375 -0.06174794 0.06899428
v 0.01687500 -0.06240224 0.05399428
v 0.01984375 -0.06174794 0.06899428
v 0.02015625 -0.06164052 0.05399428
v 0.02015625 -0.06164052 0.05399428
v 0.01984375 -0.06174794 0.06899428
v 0.02296875 -0.06048818 0.06899428
v 0.02015625 -0.06164052 0.05399428
v 0.02296875 -0.06048818 0.06899428
v 0.02328125 -0.06030263 0.05399428
v 0.02328125 -0.06030263 0.05399428
v 0.02296875 -0.06048818 0.06899428
v 0.02578125 -0.05871083 0.06899428
v 0.02328125 -0.06030263 0.05399428
v 0.02578125 -0.05871083 0.06899428
v 0.02609375 -0.05842763 0.05399428
v 0.02609375 -0.05842763 0.05399428
v 0.02578125 -0.05871083 0.06899428
v 0.02828125 -0.05645497 0.06899428
v 0.02828125 -0.05645497 0.05899428
v 0.02609375 -0.05842763 0.05399428
v 0.02828125 -0.05645497 0.05899428
v 0.02859375 -0.05607411 0.05399428
v 0.02859375 -0.05607411 0.05399428
v 0.02828125 -0.05645497 0.05899428
v 0.03000000 -0.05421865 0.05899428
v 0.02859375 -0.05607411 0.05399428
v 0.03000000 -0.05421865 0.05899428
v 0.03062500 -0.05332021 0.05399428
v 0.03062500 -0.05332021 0.05399428
v 0.03000000 -0.05421865 0.05899428
v 0.03140625 -0.05174794 0.05899428
v 0.03062500 -0.05332021 0.05399428
v 0.03140625 -0.05174794 0.05899428
v 0.03203125 -0.05024404 0.05399428
v 0.03203125 -0.05024404 0.05399428
v 0.03140625 -0.05174794 0.05899428
v 0.03250000 -0.04908193 0.05899428
v 0.03203125 -0.05024404 0.05399428
v 0.03250000 -0.04908193 0.05899428
v 0.03296875 -0.04696279 0.05399428
v 0.03296875 -0.04696279 0.05399428
v 0.03250000 -0.04908193 0.05899428
v 0.03312500 -0.04629872 0.05899428
v 0.03250000 -0.03830068 0.06899428
v 0.03312500 -0.04092763 0.06899428
v 0.03828125 -0.03830068 0.06899428
v 0.03328125 -0.04361318 0.06899428
v 0.03828125 -0.04629872 0.06899428
v 0.03312500 -0.04629872 0.06899428
v 0.03828125 -0.04629872 -0.06899401
v 0.03828125 -0.03830068 -0.06899401
v 0.04421875 -0.04629872 -0.06559558
v 0.04421875 -0.03830068 -0.06559558
v 0.04421875 -0.04629872 -0.06559558
v 0.04421875 -0.03830068 -0.06559558
v 0.04968750 -0.03830068 -0.06170884
v 0.04968750 -0.04629872 -0.06170884
v 0.04968750 -0.04629872 -0.06170884
v 0.04968750 -0.03830068 -0.06170884
v 0.05500000 -0.03830068 -0.05733384
v 0.05500000 -0.04629872 -0.05733384
v 0.05500000 -0.04629872 -0.05733384
v 0.05500000 -0.03830068 -0.05733384
v 0.05968750 -0.03830068 -0.05252915
v 0.05968750 -0.04629872 -0.05252915
v 0.05968750 -0.04629872 -0.05252915
v 0.05968750 -0.03830068 -0.05252915
v 0.06406250 -0.03830068 -0.04733384
v 0.06406250 -0.04629872 -0.04733384
v 0.06406250 -0.04629872 -0.04733384
v 0.06406250 -0.03830068 -0.04733384
v 0.06796875 -0.03830068 -0.04176744
v 0.06796875 -0.04629872 -0.04176744
v 0.06796875 -0.04629872 -0.04176744
v 0.06796875 -0.03830068 -0.04176744
v 0.07140625 -0.03830068 -0.03590806
v 0.07140625 -0.04629872 -0.03590806
v 0.07140625 -0.04629872 -0.03590806
v 0.07140625 -0.03830068 -0.03590806
v 0.07421875 -0.03830068 -0.02975572
v 0.07421875 -0.04629872 -0.02975572
v 0.07421875 -0.04629872 -0.02975572
v 0.07421875 -0.03830068 -0.02975572
v 0.07656250 -0.03830068 -0.02336900
v 0.07656250 -0.04629872 -0.02336900
v 0.07656250 -0.04629872 -0.02336900
v 0.07656250 -0.03830068 -0.02336900
v 0.07828125 -0.03830068 -0.01682603
v 0.07828125 -0.04629872 -0.01682603
v 0.07828125 -0.04629872 -0.01682603
v 0.07828125 -0.03830068 -0.01682603
v 0.07953125 -0.03830068 -0.01014634
v 0.07953125 -0.04629872 -0.01014634
v 0.07953125 -0.04629872 -0.01014634
v 0.07953125 -0.03830068 -0.01014634
v 0.08000000 -0.03830068 -0.00338853
v 0.08000000 -0.04629872 -0.00338853
v 0.08000000 -0.04629872 -0.00338853
v 0.08000000 -0.03830068 -0.00338853
v 0.08000000 -0.03830068 0.00338881
v 0.08000000 -0.04629872 0.00338881
v 0.08000000 -0.04629872 0.00338881
v 0.08000000 -0.03830068 0.00338881
v 0.07953125 -0.03830068 0.01014662
v 0.07953125 -0.04629872 0.01014662
v 0.07953125 -0.04629872 0.01014662
v 0.07953125 -0.03830068 0.01014662
v 0.07828125 -0.03830068 0.01682631
v 0.07828125 -0.04629872 0.01682631
v 0.07828125 -0.04629872 0.01682631
v 0.07828125 -0.03830068 0.01682631
v 0.07656250 -0.03830068 0.02336928
v 0.07656250 -0.04629872 0.02336928
v 0.07656250 -0.04629872 0.02336928
v 0.07656250 -0.03830068 0.02336928
v 0.07421875 -0.03830068 0.02975600
v 0.07421875 -0.04629872 0.02975600
v 0.07421875 -0.04629872 0.02975600
v 0.07421875 -0.03830068 0.02975600
v 0.07140625 -0.03830068 0.03588881
v 0.07140625 -0.04629872 0.03588881
v 0.07140625 -0.04629872 0.03588881
v 0.07140625 -0.03830068 0.03588881
v 0.06796875 -0.03830068 0.04176772
v 0.06796875 -0.04629872 0.04176772
v 0.06796875 -0.04629872 0.04176772
v 0.06796875 -0.03830068 0.04176772
v 0.06406250 -0.03830068 0.04733412
v 0.06406250 -0.04629872 0.04733412
v 0.06406250 -0.04629872 0.04733412
v 0.06406250 -0.03830068 0.04733412
v 0.05968750 -0.03830068 0.05252944
v 0.05968750 -0.04629872 0.05252944
v 0.05968750 -0.04629872 0.05252944
v 0.05968750 -0.03830068 0.05252944
v 0.05500000 -0.03830068 0.05733412
v 0.05500000 -0.04629872 0.05733412
v 0.05500000 -0.04629872 0.05733412
v 0.05500000 -0.03830068 0.05733412
v 0.04968750 -0.03830068 0.06170912
v 0.04968750 -0.04629872 0.06170912
v 0.04968750 -0.04629872 0.06170912
v 0.04968750 -0.03830068 0.06170912
v 0.04421875 -0.03830068 0.06559584
v 0.04421875 -0.04629872 0.06559584
v 0.04421875 -0.04629872 0.06559584
v 0.04421875 -0.03830068 0.06559584
v 0.03828125 -0.04629872 0.06899428
v 0.03828125 -0.03830068 0.06899428
v -0.01093750 -0.00281240 -0.06899401
v -0.01093750 -0.00281240 -0.04024400
v -0.01062500 -0.00047841 -0.06899401
v -0.01062500 -0.00047841 -0.04024400
v -0.01062500 -0.00047841 -0.06899401
v -0.01062500 -0.00047841 -0.04024400
v -0.01093750 0.00184581 -0.06899401
v -0.01093750 0.00184581 -0.04024400
v -0.01093750 0.00184581 -0.06899401
v -0.01093750 0.00184581 -0.04024400
v -0.01171875 0.00402354 -0.06899401
v -0.01171875 0.00402354 -0.04024400
v -0.01171875 0.00402354 -0.06899401
v -0.01171875 0.00402354 -0.04024400
v -0.01328125 0.00587901 -0.06899401
v -0.01328125 0.00587901 -0.04024400
v -0.01328125 0.00587901 -0.06899401
v -0.01328125 0.00587901 -0.04024400
v -0.01515625 0.00731456 -0.06899401
v -0.01515625 0.00731456 -0.04024400
v -0.01515625 0.00731456 -0.06899401
v -0.01515625 0.00731456 -0.04024400
v -0.01718750 0.00821299 -0.06899401
v -0.01718750 0.00821299 -0.04024400
v -0.01718750 0.00821299 -0.06899401
v -0.01718750 0.00821299 -0.04024400
v -0.01953125 0.00851573 -0.06899401
v -0.01953125 0.00851573 -0.04024400
v -0.01953125 0.00851573 -0.06899401
v -0.01953125 0.00851573 -0.04024400
v -0.02187500 0.00821299 -0.06899401
v -0.02187500 0.00821299 -0.04024400
v -0.02187500 0.00821299 -0.06899401
v -0.02187500 0.00821299 -0.04024400
v -0.02406250 0.00731456 -0.06899401
v -0.02406250 0.00731456 -0.04024400
v -0.02406250 0.00731456 -0.06899401
v -0.02406250 0.00731456 -0.04024400
v -0.02593750 0.00587901 -0.06899401
v -0.02593750 0.00587901 -0.04024400
v -0.02593750 0.00587901 -0.06899401
v -0.02593750 0.00587901 -0.04024400
v -0.02734375 0.00402354 -0.06899401
v -0.02734375 0.00402354 -0.04024400
v -0.02734375 0.00402354 -0.06899401
v -0.02734375 0.00402354 -0.04024400
v -0.02828125 0.00184581 -0.06899401
v -0.02828125 0.00184581 -0.04024400
v -0.02828125 0.00184581 -0.06899401
v -0.02828125 0.00184581 -0.04024400
v -0.02859375 -0.00047841 -0.06899401
v -0.02859375 -0.00047841 -0.04024400
v -0.02859375 -0.00047841 -0.06899401
v -0.02859375 -0.00047841 -0.04024400
v -0.02828125 -0.00281240 -0.06899401
v -0.02828125 -0.00281240 -0.04024400
v -0.02828125 -0.00281240 -0.06899401
v -0.02828125 -0.00281240 -0.04024400
v -0.02734375 -0.00498037 -0.06899401
v -0.02734375 -0.00498037 -0.04024400
v -0.02734375 -0.00498037 -0.06899401
v -0.02734375 -0.00498037 -0.04024400
v -0.02593750 -0.00684560 -0.06899401
v -0.02593750 -0.00684560 -0.04024400
v -0.02593750 -0.00684560 -0.06899401
v -0.02593750 -0.00684560 -0.04024400
v -0.02406250 -0.00827138 -0.06899401
v -0.02406250 -0.00827138 -0.04024400
v -0.02406250 -0.00827138 -0.06899401
v -0.02406250 -0.00827138 -0.04024400
v -0.02187500 -0.00916982 -0.06899401
v -0.02187500 -0.00916982 -0.04024400
v -0.02187500 -0.00916982 -0.06899401
v -0.02187500 -0.00916982 -0.04024400
v -0.01953125 -0.00948232 -0.06899401
v -0.01953125 -0.00948232 -0.04024400
v -0.01953125 -0.00948232 -0.06899401
v -0.01953125 -0.00948232 -0.04024400
v -0.01718750 -0.00916982 -0.06899401
v -0.01718750 -0.00916982 -0.04024400
v -0.01718750 -0.00916982 -0.06899401
v -0.01718750 -0.00916982 -0.04024400
v -0.01515625 -0.00827138 -0.06899401
v -0.01515625 -0.00827138 -0.04024400
v -0.01515625 -0.00827138 -0.06899401
v -0.01515625 -0.00827138 -0.04024400
v -0.01328125 -0.00684560 -0.06899401
v -0.01328125 -0.00684560 -0.04024400
v -0.01328125 -0.00684560 -0.06899401
v -0.01328125 -0.00684560 -0.04024400
v -0.01171875 -0.00498037 -0.06899401
v -0.01171875 -0.00498037 -0.04024400
v -0.01171875 -0.00498037 -0.06899401
v -0.01171875 -0.00498037 -0.04024400
v -0.01093750 -0.00281240 -0.06899401
v -0.01093750 -0.00281240 -0.04024400
v -0.01093750 0.00184581 -0.01149400
v -0.01062500 -0.00047841 -0.01149400
v -0.01062500 -0.00047841 -0.01149400
v -0.01093750 -0.00281240 -0.01149400
v -0.01093750 -0.00281240 -0.01149400
v -0.01171875 -0.00498037 -0.01149400
v -0.01171875 -0.00498037 -0.01149400
v -0.01328125 -0.00684560 -0.01149400
v -0.01328125 -0.00684560 -0.01149400
v -0.01515625 -0.00827138 -0.01149400
v -0.01515625 -0.00827138 -0.01149400
v -0.01718750 -0.00916982 -0.01149400
v -0.01718750 -0.00916982 -0.01149400
v -0.01953125 -0.00948232 -0.01149400
v -0.01953125 -0.00948232 -0.01149400
v -0.02187500 -0.00916982 -0.01149400
v -0.02187500 -0.00916982 -0.01149400
v -0.02406250 -0.00827138 -0.01149400
v -0.02406250 -0.00827138 -0.01149400
v -0.02593750 -0.00684560 -0.01149400
v -0.02593750 -0.00684560 -0.01149400
v -0.02734375 -0.00498037 -0.01149400
v -0.02734375 -0.00498037 -0.01149400
v -0.02828125 -0.00281240 -0.01149400
v -0.02828125 -0.00281240 -0.01149400
v -0.02859375 -0.00047841 -0.01149400
v -0.02859375 -0.00047841 -0.01149400
v -0.02828125 0.00184581 -0.01149400
v -0.02828125 0.00184581 -0.01149400
v -0.02734375 0.00402354 -0.01149400
v -0.02734375 0.00402354 -0.01149400
v -0.02593750 0.00587901 -0.01149400
v -0.02593750 0.00587901 -0.01149400
v -0.02406250 0.00731456 -0.01149400
v -0.02406250 0.00731456 -0.01149400
v -0.02187500 0.00821299 -0.01149400
v -0.02187500 0.00821299 -0.01149400
v -0.01953125 0.00851573 -0.01149400
v -0.01953125 0.00851573 -0.01149400
v -0.01718750 0.00821299 -0.01149400
v -0.01718750 0.00821299 -0.01149400
v -0.01515625 0.00731456 -0.01149400
v -0.01515625 0.00731456 -0.01149400
v -0.01328125 0.00587901 -0.01149400
v -0.01328125 0.00587901 -0.01149400
v -0.01171875 0.00402354 -0.01149400
v -0.01171875 0.00402354 -0.01149400
v -0.01093750 0.00184581 -0.01149400
v 0.02156250 0.04707041 0.05399428
v 0.02156250 0.04707041 0.01299819
v 0.02187500 0.04473643 0.05399428
v 0.02187500 0.04473643 0.01299819
v 0.02187500 0.04473643 0.05399428
v 0.02187500 0.04473643 0.01299819
v 0.02156250 0.04240245 0.05399428
v 0.02156250 0.04240245 0.01299819
v 0.02156250 0.04240245 0.05399428
v 0.02156250 0.04240245 0.01299819
v 0.02078125 0.04023448 0.05399428
v 0.02078125 0.04023448 0.01299819
v 0.02078125 0.04023448 0.05399428
v 0.02078125 0.04023448 0.01299819
v 0.01921875 0.03836924 0.05399428
v 0.01921875 0.03836924 0.01299819
v 0.01921875 0.03836924 0.05399428
v 0.01921875 0.03836924 0.01299819
v 0.01734375 0.03694346 0.05399428
v 0.01734375 0.03694346 0.01299819
v 0.01734375 0.03694346 0.05399428
v 0.01734375 0.03694346 0.01299819
v 0.01531250 0.03604502 0.05399428
v 0.01531250 0.03604502 0.01299819
v 0.01531250 0.03604502 0.05399428
v 0.01531250 0.03604502 0.01299819
v 0.01296875 0.03573252 0.05399428
v 0.01296875 0.03573252 0.01299819
v 0.01296875 0.03573252 0.05399428
v 0.01296875 0.03573252 0.01299819
v 0.01062500 0.03604502 0.05399428
v 0.01062500 0.03604502 0.01299819
v 0.01062500 0.03604502 0.05399428
v 0.01062500 0.03604502 0.01299819
v 0.00843750 0.03694346 0.05399428
v 0.00843750 0.03694346 0.01299819
v 0.00843750 0.03694346 0.05399428
v 0.00843750 0.03694346 0.01299819
v 0.00656250 0.03836924 0.05399428
v 0.00656250 0.03836924 0.01299819
v 0.00656250 0.03836924 0.05399428
v 0.00656250 0.03836924 0.01299819
v 0.00515625 0.04023448 0.05399428
v 0.00515625 0.04023448 0.01299819
v 0.00515625 0.04023448 0.05399428
v 0.00515625 0.04023448 0.01299819
v 0.00421875 0.04240245 0.05399428
v 0.00421875 0.04240245 0.01299819
v 0.00421875 0.04240245 0.05399428
v 0.00421875 0.04240245 0.01299819
v 0.00390625 0.04473643 0.05399428
v 0.00390625 0.04473643 0.01299819
v 0.00390625 0.04473643 0.05399428
v 0.00390625 0.04473643 0.01299819
v 0.00421875 0.04707041 0.05399428
v 0.00421875 0.04707041 0.01299819
v 0.00421875 0.04707041 0.05399428
v 0.00421875 0.04707041 0.01299819
v 0.00515625 0.04923838 0.05399428
v 0.00515625 0.04923838 0.01299819
v 0.00515625 0.04923838 0.05399428
v 0.00515625 0.04923838 0.01299819
v 0.00656250 0.05110362 0.05399428
v 0.00656250 0.05110362 0.01299819
v 0.00656250 0.05110362 0.05399428
v 0.00656250 0.05110362 0.01299819
v 0.00843750 0.05252940 0.05399428
v 0.00843750 0.05252940 0.01299819
v 0.00843750 0.05252940 0.05399428
v 0.00843750 0.05252940 0.01299819
v 0.01062500 0.05342784 0.05399428
v 0.01062500 0.05342784 0.01299819
v 0.01062500 0.05342784 0.05399428
v 0.01062500 0.05342784 0.01299819
v 0.01296875 0.05374034 0.05399428
v 0.01296875 0.05374034 0.01299819
v 0.01296875 0.05374034 0.05399428
v 0.01296875 0.05374034 0.01299819
v 0.01531250 0.05342784 0.05399428
v 0.01531250 0.05342784 0.01299819
v 0.01531250 0.05342784 0.05399428
v 0.01531250 0.05342784 0.01299819
v 0.01734375 0.05252940 0.05399428
v 0.01734375 0.05252940 0.01299819
v 0.01734375 0.05252940 0.05399428
v 0.01734375 0.05252940 0.01299819
v 0.01921875 0.05110362 0.05399428
v 0.01921875 0.05110362 0.01299819
v 0.01921875 0.05110362 0.05399428
v 0.01921875 0.05110362 0.01299819
v 0.02078125 0.04923838 0.05399428
v 0.02078125 0.04923838 0.01299819
v 0.02078125 0.04923838 0.05399428
v 0.02078125 0.04923838 0.01299819
v 0.02156250 0.04707041 0.05399428
v 0.02156250 0.04707041 0.01299819
v 0.02156250 0.04240245 -0.06899401
v 0.02156250 0.04240245 -0.02799791
v 0.02187500 0.04473643 -0.06899401
v 0.02187500 0.04473643 -0.02799791
v 0.02187500 0.04473643 -0.06899401
v 0.02187500 0.04473643 -0.02799791
v 0.02156250 0.04707041 -0.06899401
v 0.02156250 0.04707041 -0.02799791
v 0.02156250 0.04707041 -0.06899401
v 0.02156250 0.04707041 -0.02799791
v 0.02078125 0.04923838 -0.06899401
v 0.02078125 0.04923838 -0.02799791
v 0.02078125 0.04923838 -0.06899401
v 0.02078125 0.04923838 -0.02799791
v 0.01921875 0.05110362 -0.06899401
v 0.01921875 0.05110362 -0.02799791
v 0.01921875 0.05110362 -0.06899401
v 0.01921875 0.05110362 -0.02799791
v 0.01734375 0.05252940 -0.06899401
v 0.01734375 0.05252940 -0.02799791
v 0.01734375 0.05252940 -0.06899401
v 0.01734375 0.05252940 -0.02799791
v 0.01531250 0.05342784 -0.06899401
v 0.01531250 0.05342784 -0.02799791
v 0.01531250 0.05342784 -0.06899401
v 0.01531250 0.05342784 -0.02799791
v 0.01296875 0.05374034 -0.06899401
v 0.01296875 0.05374034 -0.02799791
v 0.01296875 0.05374034 -0.06899401
v 0.01296875 0.05374034 -0.02799791
v 0.01062500 0.05342784 -0.06899401
v 0.01062500 0.05342784 -0.02799791
v 0.01062500 0.05342784 -0.06899401
v 0.01062500 0.05342784 -0.02799791
v 0.00843750 0.05252940 -0.06899401
v 0.00843750 0.05252940 -0.02799791
v 0.00843750 0.05252940 -0.06899401
v 0.00843750 0.05252940 -0.02799791
v 0.00656250 0.05110362 -0.06899401
v 0.00656250 0.05110362 -0.02799791
v 0.00656250 0.05110362 -0.06899401
v 0.00656250 0.05110362 -0.02799791
v 0.00515625 0.04923838 -0.06899401
v 0.00515625 0.04923838 -0.02799791
v 0.00515625 0.04923838 -0.06899401
v 0.00515625 0.04923838 -0.02799791
v 0.00421875 0.04707041 -0.06899401
v 0.00421875 0.04707041 -0.02799791
v 0.00421875 0.04707041 -0.06899401
v 0.00421875 0.04707041 -0.02799791
v 0.00390625 0.04473643 -0.06899401
v 0.00390625 0.04473643 -0.02799791
v 0.00390625 0.04473643 -0.06899401
v 0.00390625 0.04473643 -0.02799791
v 0.00421875 0.04240245 -0.06899401
v 0.00421875 0.04240245 -0.02799791
v 0.00421875 0.04240245 -0.06899401
v 0.00421875 0.04240245 -0.02799791
v 0.00515625 0.04023448 -0.06899401
v 0.00515625 0.04023448 -0.02799791
v 0.00515625 0.04023448 -0.06899401
v 0.00515625 0.04023448 -0.02799791
v 0.00656250 0.03836924 -0.06899401
v 0.00656250 0.03836924 -0.02799791
v 0.00656250 0.03836924 -0.06899401
v 0.00656250 0.03836924 -0.02799791
v 0.00843750 0.03694346 -0.06899401
v 0.00843750 0.03694346 -0.02799791
v 0.00843750 0.03694346 -0.06899401
v 0.00843750 0.03694346 -0.02799791
v 0.01062500 0.03604502 -0.06899401
v 0.01062500 0.03604502 -0.02799791
v 0.01062500 0.03604502 -0.06899401
v 0.01062500 0.03604502 -0.02799791
v 0.01296875 0.03573252 -0.06899401
v 0.01296875 0.03573252 -0.02799791
v 0.01296875 0.03573252 -0.06899401
v 0.01296875 0.03573252 -0.02799791
v 0.01531250 0.03604502 -0.06899401
v 0.01531250 0.03604502 -0.02799791
v 0.01531250 0.03604502 -0.06899401
v 0.01531250 0.03604502 -0.02799791
v 0.01734375 0.03694346 -0.06899401
v 0.01734375 0.03694346 -0.02799791
v 0.01734375 0.03694346 -0.06899401
v 0.01734375 0.03694346 -0.02799791
v 0.01921875 0.03836924 -0.06899401
v 0.01921875 0.03836924 -0.02799791
v 0.01921875 0.03836924 -0.06899401
v 0.01921875 0.03836924 -0.02799791
v 0.02078125 0.04023448 -0.06899401
v 0.02078125 0.04023448 -0.02799791
v 0.02078125 0.04023448 -0.06899401
v 0.02078125 0.04023448 -0.02799791
v 0.02156250 0.04240245 -0.06899401
v 0.02156250 0.04240245 -0.02799791
v 0.02296875 -0.03830068 -0.05899400
v 0.03578125 -0.03830068 -0.05899400
v 0.02296875 -0.03830068 -0.06899401
v 0.03828125 -0.03830068 -0.06899401
v 0.04125000 -0.03830068 -0.05551744
v 0.04421875 -0.03830068 -0.06559558
v 0.04640625 -0.03830068 -0.05153306
v 0.04968750 -0.03830068 -0.06170884
v 0.05109375 -0.03830068 -0.04707994
v 0.05500000 -0.03830068 -0.05733384
v 0.05546875 -0.03830068 -0.04217759
v 0.05968750 -0.03830068 -0.05252915
v 0.05921875 -0.03830068 -0.03690415
v 0.06406250 -0.03830068 -0.04733384
v 0.06250000 -0.03830068 -0.03127916
v 0.06796875 -0.03830068 -0.04176744
v 0.06515625 -0.03830068 -0.02538072
v 0.07140625 -0.03830068 -0.03590806
v 0.06734375 -0.03830068 -0.01924791
v 0.07421875 -0.03830068 -0.02975572
v 0.06890625 -0.03830068 -0.01291978
v 0.07656250 -0.03830068 -0.02336900
v 0.07828125 -0.03830068 -0.01682603
v 0.06984375 -0.03830068 -0.00649400
v 0.07953125 -0.03830068 -0.01014634
v 0.07015625 -0.03830068 -0.00000962
v 0.08000000 -0.03830068 -0.00338853
v 0.08000000 -0.03830068 0.00338881
v 0.07953125 -0.03830068 0.01014662
v 0.06984375 -0.03830068 0.00649428
v 0.07828125 -0.03830068 0.01682631
v 0.06890625 -0.03830068 0.01292006
v 0.07656250 -0.03830068 0.02336928
v 0.07421875 -0.03830068 0.02975600
v 0.06734375 -0.03830068 0.01924819
v 0.07140625 -0.03830068 0.03588881
v 0.06515625 -0.03830068 0.02538100
v 0.06796875 -0.03830068 0.04176772
v 0.06250000 -0.03830068 0.03127944
v 0.06406250 -0.03830068 0.04733412
v 0.05921875 -0.03830068 0.03690444
v 0.05968750 -0.03830068 0.05252944
v 0.05546875 -0.03830068 0.04217787
v 0.05500000 -0.03830068 0.05733412
v 0.05109375 -0.03830068 0.04708022
v 0.04968750 -0.03830068 0.06170912
v 0.04640625 -0.03830068 0.05153334
v 0.04421875 -0.03830068 0.06559584
v 0.04125000 -0.03830068 0.05551772
v 0.03828125 -0.03830068 0.06899428
v 0.03578125 -0.03830068 0.05899428
v 0.03250000 -0.03830068 0.06899428
v 0.03250000 -0.03830068 0.05899428
v 0.02296875 -0.03830068 -0.05899400
v 0.02296875 -0.03830068 -0.06899401
v 0.02296875 -0.02814443 -0.05899400
v 0.02296875 -0.02814443 -0.06899401
v 0.02296875 -0.02814443 -0.05899400
v 0.02296875 -0.02814443 -0.06899401
v 0.03578125 -0.02814443 -0.05899400
v 0.03828125 -0.02814443 -0.06899401
v 0.04125000 -0.02814443 -0.05551744
v 0.04421875 -0.02814443 -0.06559558
v 0.04640625 -0.02814443 -0.05153306
v 0.04968750 -0.02814443 -0.06170884
v 0.05109375 -0.02814443 -0.04707994
v 0.05500000 -0.02814443 -0.05733384
v 0.05546875 -0.02814443 -0.04217759
v 0.05968750 -0.02814443 -0.05252915
v 0.05921875 -0.02814443 -0.03690415
v 0.06406250 -0.02814443 -0.04733384
v 0.06250000 -0.02814443 -0.03127916
v 0.06796875 -0.02814443 -0.04176744
v 0.06515625 -0.02814443 -0.02538072
v 0.07140625 -0.02814443 -0.03590806
v 0.06734375 -0.02814443 -0.01924791
v 0.07421875 -0.02814443 -0.02975572
v 0.06890625 -0.02814443 -0.01291978
v 0.07656250 -0.02814443 -0.02336900
v 0.07828125 -0.02814443 -0.01682603
v 0.06984375 -0.02814443 -0.00649400
v 0.07953125 -0.02814443 -0.01014634
v 0.07015625 -0.02814443 -0.00000962
v 0.08000000 -0.02814443 -0.00338853
v 0.08000000 -0.02814443 0.00338881
v 0.07953125 -0.02814443 0.01014662
v 0.06984375 -0.02814443 0.00649428
v 0.07828125 -0.02814443 0.01682631
v 0.06890625 -0.02814443 0.01292006
v 0.07656250 -0.02814443 0.02336928
v 0.07421875 -0.02814443 0.02975600
v 0.06734375 -0.02814443 0.01924819
v 0.07140625 -0.02814443 0.03588881
v 0.06515625 -0.02814443 0.02538100
v 0.06796875 -0.02814443 0.04176772
v 0.06250000 -0.02814443 0.03127944
v 0.06406250 -0.02814443 0.04733412
v 0.05921875 -0.02814443 0.03690444
v 0.05968750 -0.02814443 0.05252944
v 0.05546875 -0.02814443 0.04217787
v 0.05500000 -0.02814443 0.05733412
v 0.05109375 -0.02814443 0.04708022
v 0.04968750 -0.02814443 0.06170912
v 0.04640625 -0.02814443 0.05153334
v 0.04421875 -0.02814443 0.06559584
v 0.04125000 -0.02814443 0.05551772
v 0.03828125 -0.02814443 0.06899428
v 0.03578125 -0.02814443 0.05899428
v 0.02531250 -0.02814443 0.06899428
v 0.02531250 -0.02814443 0.05899428
v 0.03828125 0.03185557 0.06899428
v 0.03828125 -0.02814443 0.06899428
v 0.04421875 0.03185557 0.06559584
v 0.04421875 -0.02814443 0.06559584
v 0.04421875 0.03185557 0.06559584
v 0.04421875 -0.02814443 0.06559584
v 0.04968750 -0.02814443 0.06170912
v 0.04968750 0.03185557 0.06170912
v 0.04968750 0.03185557 0.06170912
v 0.04968750 -0.02814443 0.06170912
v 0.05500000 -0.02814443 0.05733412
v 0.05500000 0.03185557 0.05733412
v 0.05500000 0.03185557 0.05733412
v 0.05500000 -0.02814443 0.05733412
v 0.05968750 -0.02814443 0.05252944
v 0.05968750 0.03185557 0.05252944
v 0.05968750 0.03185557 0.05252944
v 0.05968750 -0.02814443 0.05252944
v 0.06406250 -0.02814443 0.04733412
v 0.06406250 0.03185557 0.04733412
v 0.06406250 0.03185557 0.04733412
v 0.06406250 -0.02814443 0.04733412
v 0.06796875 -0.02814443 0.04176772
v 0.06796875 0.03185557 0.04176772
v 0.06796875 0.03185557 0.04176772
v 0.06796875 -0.02814443 0.04176772
v 0.07140625 -0.02814443 0.03588881
v 0.07140625 0.03185557 0.03588881
v 0.07140625 0.03185557 0.03588881
v 0.07140625 -0.02814443 0.03588881
v 0.07421875 -0.02814443 0.02975600
v 0.07421875 0.03185557 0.02975600
v 0.07421875 0.03185557 0.02975600
v 0.07421875 -0.02814443 0.02975600
v 0.07656250 -0.02814443 0.02336928
v 0.07656250 0.03185557 0.02336928
v 0.07656250 0.03185557 0.02336928
v 0.07656250 -0.02814443 0.02336928
v 0.07828125 -0.02814443 0.01682631
v 0.07828125 0.03185557 0.01682631
v 0.07828125 0.03185557 0.01682631
v 0.07828125 -0.02814443 0.01682631
v 0.07953125 -0.02814443 0.01014662
v 0.07953125 0.03185557 0.01014662
v 0.07953125 0.03185557 0.01014662
v 0.07953125 -0.02814443 0.01014662
v 0.08000000 -0.02814443 0.00338881
v 0.08000000 0.03185557 0.00338881
v 0.08000000 0.03185557 0.00338881
v 0.08000000 -0.02814443 0.00338881
v 0.08000000 -0.02814443 -0.00338853
v 0.08000000 0.03185557 -0.00338853
v 0.08000000 0.03185557 -0.00338853
v 0.08000000 -0.02814443 -0.00338853
v 0.07953125 -0.02814443 -0.01014634
v 0.07953125 0.03185557 -0.01014634
v 0.07953125 0.03185557 -0.01014634
v 0.07953125 -0.02814443 -0.01014634
v 0.07828125 -0.02814443 -0.01682603
v 0.07828125 0.03185557 -0.01682603
v 0.07828125 0.03185557 -0.01682603
v 0.07828125 -0.02814443 -0.01682603
v 0.07656250 -0.02814443 -0.02336900
v 0.07656250 0.03185557 -0.02336900
v 0.07656250 0.03185557 -0.02336900
v 0.07656250 -0.02814443 -0.02336900
v 0.07421875 -0.02814443 -0.02975572
v 0.07421875 0.03185557 -0.02975572
v 0.07421875 0.03185557 -0.02975572
v 0.07421875 -0.02814443 -0.02975572
v 0.07140625 -0.02814443 -0.03590806
v 0.07140625 0.03185557 -0.03590806
v 0.07140625 0.03185557 -0.03590806
v 0.07140625 -0.02814443 -0.03590806
v 0.06796875 -0.02814443 -0.04176744
v 0.06796875 0.03185557 -0.04176744
v 0.06796875 0.03185557 -0.04176744
v 0.06796875 -0.02814443 -0.04176744
v 0.06406250 -0.02814443 -0.04733384
v 0.06406250 0.03185557 -0.04733384
v 0.06406250 0.03185557 -0.04733384
v 0.06406250 -0.02814443 -0.04733384
v 0.05968750 -0.02814443 -0.05252915
v 0.05968750 0.03185557 -0.05252915
v 0.05968750 0.03185557 -0.05252915
v 0.05968750 -0.02814443 -0.05252915
v 0.05500000 -0.02814443 -0.05733384
v 0.05500000 0.03185557 -0.05733384
v 0.05500000 0.03185557 -0.05733384
v 0.05500000 -0.02814443 -0.05733384
v 0.04968750 -0.02814443 -0.06170884
v 0.04968750 0.03185557 -0.06170884
v 0.04968750 0.03185557 -0.06170884
v 0.04968750 -0.02814443 -0.06170884
v 0.04421875 -0.02814443 -0.06559558
v 0.04421875 0.03185557 -0.06559558
v 0.04421875 0.03185557 -0.06559558
v 0.04421875 -0.02814443 -0.06559558
v 0.03828125 0.03185557 -0.06899401
v 0.03828125 -0.02814443 -0.06899401
v 0.02687500 0.03185557 0.05899428
v 0.02687500 0.03185557 0.06899428
v 0.03578125 0.03185557 0.05899428
v 0.03828125 0.03185557 0.06899428
v 0.04125000 0.03185557 0.05551772
v 0.04421875 0.03185557 0.06559584
v 0.04640625 0.03185557 0.05153334
v 0.04968750 0.03185557 0.06170912
v 0.05109375 0.03185557 0.04708022
v 0.05500000 0.03185557 0.05733412
v 0.05546875 0.03185557 0.04217787
v 0.05968750 0.03185557 0.05252944
v 0.05921875 0.03185557 0.03690444
v 0.06406250 0.03185557 0.04733412
v 0.06250000 0.03185557 0.03127944
v 0.06796875 0.03185557 0.04176772
v 0.06515625 0.03185557 0.02538100
v 0.07140625 0.03185557 0.03588881
v 0.06734375 0.03185557 0.01924819
v 0.07421875 0.03185557 0.02975600
v 0.06890625 0.03185557 0.01292006
v 0.07656250 0.03185557 0.02336928
v 0.07828125 0.03185557 0.01682631
v 0.06984375 0.03185557 0.00649428
v 0.07953125 0.03185557 0.01014662
v 0.07015625 0.03185557 -0.00000962
v 0.08000000 0.03185557 0.00338881
v 0.08000000 0.03185557 -0.00338853
v 0.07953125 0.03185557 -0.01014634
v 0.06984375 0.03185557 -0.00649400
v 0.07828125 0.03185557 -0.01682603
v 0.06890625 0.03185557 -0.01291978
v 0.07656250 0.03185557 -0.02336900
v 0.07421875 0.03185557 -0.02975572
v 0.06734375 0.03185557 -0.01924791
v 0.07140625 0.03185557 -0.03590806
v 0.06515625 0.03185557 -0.02538072
v 0.06796875 0.03185557 -0.04176744
v 0.06250000 0.03185557 -0.03127916
v 0.06406250 0.03185557 -0.04733384
v 0.05921875 0.03185557 -0.03690415
v 0.05968750 0.03185557 -0.05252915
v 0.05546875 0.03185557 -0.04217759
v 0.05500000 0.03185557 -0.05733384
v 0.05109375 0.03185557 -0.04707994
v 0.04968750 0.03185557 -0.06170884
v 0.04640625 0.03185557 -0.05153306
v 0.04421875 0.03185557 -0.06559558
v 0.04125000 0.03185557 -0.05551744
v 0.03828125 0.03185557 -0.06899401
v 0.03578125 0.03185557 -0.05899400
v 0.02296875 0.03185557 -0.06899401
v 0.02296875 0.03185557 -0.05899400
v 0.02296875 0.03185557 -0.05899400
v 0.02296875 0.03185557 -0.06899401
v 0.02296875 0.04201182 -0.05899400
v 0.02296875 0.04201182 -0.06899401
v 0.03171875 0.04201182 0.05899428
v 0.03578125 0.04201182 0.05899428
v 0.03171875 0.04201182 0.06899428
v 0.03828125 0.04201182 0.06899428
v 0.04125000 0.04201182 0.05551772
v 0.04421875 0.04201182 0.06559584
v 0.04640625 0.04201182 0.05153334
v 0.04968750 0.04201182 0.06170912
v 0.05109375 0.04201182 0.04708022
v 0.05500000 0.04201182 0.05733412
v 0.05546875 0.04201182 0.04217787
v 0.05968750 0.04201182 0.05252944
v 0.05921875 0.04201182 0.03690444
v 0.06406250 0.04201182 0.04733412
v 0.06250000 0.04201182 0.03127944
v 0.06796875 0.04201182 0.04176772
v 0.06515625 0.04201182 0.02538100
v 0.07140625 0.04201182 0.03588881
v 0.06734375 0.04201182 0.01924819
v 0.07421875 0.04201182 0.02975600
v 0.06890625 0.04201182 0.01292006
v 0.07656250 0.04201182 0.02336928
v 0.07828125 0.04201182 0.01682631
v 0.06984375 0.04201182 0.00649428
v 0.07953125 0.04201182 0.01014662
v 0.07015625 0.04201182 -0.00000962
v 0.08000000 0.04201182 0.00338881
v 0.08000000 0.04201182 -0.00338853
v 0.07953125 0.04201182 -0.01014634
v 0.06984375 0.04201182 -0.00649400
v 0.07828125 0.04201182 -0.01682603
v 0.06890625 0.04201182 -0.01291978
v 0.07656250 0.04201182 -0.02336900
v 0.07421875 0.04201182 -0.02975572
v 0.06734375 0.04201182 -0.01924791
v 0.07140625 0.04201182 -0.03590806
v 0.06515625 0.04201182 -0.02538072
v 0.06796875 0.04201182 -0.04176744
v 0.06250000 0.04201182 -0.03127916
v 0.06406250 0.04201182 -0.04733384
v 0.05921875 0.04201182 -0.03690415
v 0.05968750 0.04201182 -0.05252915
v 0.05546875 0.04201182 -0.04217759
v 0.05500000 0.04201182 -0.05733384
v 0.05109375 0.04201182 -0.04707994
v 0.04968750 0.04201182 -0.06170884
v 0.04640625 0.04201182 -0.05153306
v 0.04421875 0.04201182 -0.06559558
v 0.04125000 0.04201182 -0.05551744
v 0.03828125 0.04201182 -0.06899401
v 0.03578125 0.04201182 -0.05899400
v 0.02296875 0.04201182 -0.06899401
v 0.02296875 0.04201182 -0.05899400
v 0.03828125 0.05000987 0.06899428
v 0.03828125 0.04201182 0.06899428
v 0.04421875 0.05000987 0.06559584
v 0.04421875 0.04201182 0.06559584
v 0.04421875 0.05000987 0.06559584
v 0.04421875 0.04201182 0.06559584
v 0.04968750 0.04201182 0.06170912
v 0.04968750 0.05000987 0.06170912
v 0.04968750 0.05000987 0.06170912
v 0.04968750 0.04201182 0.06170912
v 0.05500000 0.04201182 0.05733412
v 0.05500000 0.05000987 0.05733412
v 0.05500000 0.05000987 0.05733412
v 0.05500000 0.04201182 0.05733412
v 0.05968750 0.04201182 0.05252944
v 0.05968750 0.05000987 0.05252944
v 0.05968750 0.05000987 0.05252944
v 0.05968750 0.04201182 0.05252944
v 0.06406250 0.04201182 0.04733412
v 0.06406250 0.05000987 0.04733412
v 0.06406250 0.05000987 0.04733412
v 0.06406250 0.04201182 0.04733412
v 0.06796875 0.04201182 0.04176772
v 0.06796875 0.05000987 0.04176772
v 0.06796875 0.05000987 0.04176772
v 0.06796875 0.04201182 0.04176772
v 0.07140625 0.04201182 0.03588881
v 0.07140625 0.05000987 0.03588881
v 0.07140625 0.05000987 0.03588881
v 0.07140625 0.04201182 0.03588881
v 0.07421875 0.04201182 0.02975600
v 0.07421875 0.05000987 0.02975600
v 0.07421875 0.05000987 0.02975600
v 0.07421875 0.04201182 0.02975600
v 0.07656250 0.04201182 0.02336928
v 0.07656250 0.05000987 0.02336928
v 0.07656250 0.05000987 0.02336928
v 0.07656250 0.04201182 0.02336928
v 0.07828125 0.04201182 0.01682631
v 0.07828125 0.05000987 0.01682631
v 0.07828125 0.05000987 0.01682631
v 0.07828125 0.04201182 0.01682631
v 0.07953125 0.04201182 0.01014662
v 0.07953125 0.05000987 0.01014662
v 0.07953125 0.05000987 0.01014662
v 0.07953125 0.04201182 0.01014662
v 0.08000000 0.04201182 0.00338881
v 0.08000000 0.05000987 0.00338881
v 0.08000000 0.05000987 0.00338881
v 0.08000000 0.04201182 0.00338881
v 0.08000000 0.04201182 -0.00338853
v 0.08000000 0.05000987 -0.00338853
v 0.08000000 0.05000987 -0.00338853
v 0.08000000 0.04201182 -0.00338853
v 0.07953125 0.04201182 -0.01014634
v 0.07953125 0.05000987 -0.01014634
v 0.07953125 0.05000987 -0.01014634
v 0.07953125 0.04201182 -0.01014634
v 0.07828125 0.04201182 -0.01682603
v 0.07828125 0.05000987 -0.01682603
v 0.07828125 0.05000987 -0.01682603
v 0.07828125 0.04201182 -0.01682603
v 0.07656250 0.04201182 -0.02336900
v 0.07656250 0.05000987 -0.02336900
v 0.07656250 0.05000987 -0.02336900
v 0.07656250 0.04201182 -0.02336900
v 0.07421875 0.04201182 -0.02975572
v 0.07421875 0.05000987 -0.02975572
v 0.07421875 0.05000987 -0.02975572
v 0.07421875 0.04201182 -0.02975572
v 0.07140625 0.04201182 -0.03590806
v 0.07140625 0.05000987 -0.03590806
v 0.07140625 0.05000987 -0.03590806
v 0.07140625 0.04201182 -0.03590806
v 0.06796875 0.04201182 -0.04176744
v 0.06796875 0.05000987 -0.04176744
v 0.06796875 0.05000987 -0.04176744
v 0.06796875 0.04201182 -0.04176744
v 0.06406250 0.04201182 -0.04733384
v 0.06406250 0.05000987 -0.04733384
v 0.06406250 0.05000987 -0.04733384
v 0.06406250 0.04201182 -0.04733384
v 0.05968750 0.04201182 -0.05252915
v 0.05968750 0.05000987 -0.05252915
v 0.05968750 0.05000987 -0.05252915
v 0.05968750 0.04201182 -0.05252915
v 0.05500000 0.04201182 -0.05733384
v 0.05500000 0.05000987 -0.05733384
v 0.05500000 0.05000987 -0.05733384
v 0.05500000 0.04201182 -0.05733384
v 0.04968750 0.04201182 -0.06170884
v 0.04968750 0.05000987 -0.06170884
v 0.04968750 0.05000987 -0.06170884
v 0.04968750 0.04201182 -0.06170884
v 0.04421875 0.04201182 -0.06559558
v 0.04421875 0.05000987 -0.06559558
v 0.04421875 0.05000987 -0.06559558
v 0.04421875 0.04201182 -0.06559558
v 0.03828125 0.05000987 -0.06899401
v 0.03828125 0.04201182 -0.06899401
v 0.03109375 0.05000987 0.05899428
v 0.03109375 0.05000987 0.06899428
v 0.03578125 0.05000987 0.05899428
v 0.03828125 0.05000987 0.06899428
v 0.04125000 0.05000987 0.05551772
v 0.04421875 0.05000987 0.06559584
v 0.04640625 0.05000987 0.05153334
v 0.04968750 0.05000987 0.06170912
v 0.05109375 0.05000987 0.04708022
v 0.05500000 0.05000987 0.05733412
v 0.05546875 0.05000987 0.04217787
v 0.05968750 0.05000987 0.05252944
v 0.05921875 0.05000987 0.03690444
v 0.06406250 0.05000987 0.04733412
v 0.06250000 0.05000987 0.03127944
v 0.06796875 0.05000987 0.04176772
v 0.06515625 0.05000987 0.02538100
v 0.07140625 0.05000987 0.03588881
v 0.06734375 0.05000987 0.01924819
v 0.07421875 0.05000987 0.02975600
v 0.06890625 0.05000987 0.01292006
v 0.07656250 0.05000987 0.02336928
v 0.07828125 0.05000987 0.01682631
v 0.06984375 0.05000987 0.00649428
v 0.07953125 0.05000987 0.01014662
v 0.07015625 0.05000987 -0.00000962
v 0.08000000 0.05000987 0.00338881
v 0.08000000 0.05000987 -0.00338853
v 0.07953125 0.05000987 -0.01014634
v 0.06984375 0.05000987 -0.00649400
v 0.07828125 0.05000987 -0.01682603
v 0.06890625 0.05000987 -0.01291978
v 0.07656250 0.05000987 -0.02336900
v 0.07421875 0.05000987 -0.02975572
v 0.06734375 0.05000987 -0.01924791
v 0.07140625 0.05000987 -0.03590806
v 0.06515625 0.05000987 -0.02538072
v 0.06796875 0.05000987 -0.04176744
v 0.06250000 0.05000987 -0.03127916
v 0.06406250 0.05000987 -0.04733384
v 0.05921875 0.05000987 -0.03690415
v 0.05968750 0.05000987 -0.05252915
v 0.05546875 0.05000987 -0.04217759
v 0.05500000 0.05000987 -0.05733384
v 0.05109375 0.05000987 -0.04707994
v 0.04968750 0.05000987 -0.06170884
v 0.04640625 0.05000987 -0.05153306
v 0.04421875 0.05000987 -0.06559558
v 0.04125000 0.05000987 -0.05551744
v 0.03828125 0.05000987 -0.06899401
v 0.03578125 0.05000987 -0.05899400
v 0.02296875 0.05000987 -0.06899401
v 0.02296875 0.05000987 -0.05899400
v 0.02296875 0.05000987 -0.05899400
v 0.02296875 0.05000987 -0.06899401
v 0.02296875 0.06016612 -0.05899400
v 0.02296875 0.06016612 -0.06899401
v 0.02406250 0.06016612 0.05899428
v 0.03578125 0.06016612 0.05899428
v 0.02406250 0.06016612 0.06899428
v 0.03828125 0.06016612 0.06899428
v 0.04125000 0.06016612 0.05551772
v 0.04421875 0.06016612 0.06559584
v 0.04640625 0.06016612 0.05153334
v 0.04968750 0.06016612 0.06170912
v 0.05109375 0.06016612 0.04708022
v 0.05500000 0.06016612 0.05733412
v 0.05546875 0.06016612 0.04217787
v 0.05968750 0.06016612 0.05252944
v 0.05921875 0.06016612 0.03690444
v 0.06406250 0.06016612 0.04733412
v 0.06250000 0.06016612 0.03127944
v 0.06796875 0.06016612 0.04176772
v 0.06515625 0.06016612 0.02538100
v 0.07140625 0.06016612 0.03588881
v 0.06734375 0.06016612 0.01924819
v 0.07421875 0.06016612 0.02975600
v 0.06890625 0.06016612 0.01292006
v 0.07656250 0.06016612 0.02336928
v 0.07828125 0.06016612 0.01682631
v 0.06984375 0.06016612 0.00649428
v 0.07953125 0.06016612 0.01014662
v 0.07015625 0.06016612 -0.00000962
v 0.08000000 0.06016612 0.00338881
v 0.08000000 0.06016612 -0.00338853
v 0.07953125 0.06016612 -0.01014634
v 0.06984375 0.06016612 -0.00649400
v 0.07828125 0.06016612 -0.01682603
v 0.06890625 0.06016612 -0.01291978
v 0.07656250 0.06016612 -0.02336900
v 0.07421875 0.06016612 -0.02975572
v 0.06734375 0.06016612 -0.01924791
v 0.07140625 0.06016612 -0.03590806
v 0.06515625 0.06016612 -0.02538072
v 0.06796875 0.06016612 -0.04176744
v 0.06250000 0.06016612 -0.03127916
v 0.06406250 0.06016612 -0.04733384
v 0.05921875 0.06016612 -0.03690415
v 0.05968750 0.06016612 -0.05252915
v 0.05546875 0.06016612 -0.04217759
v 0.05500000 0.06016612 -0.05733384
v 0.05109375 0.06016612 -0.04707994
v 0.04968750 0.06016612 -0.06170884
v 0.04640625 0.06016612 -0.05153306
v 0.04421875 0.06016612 -0.06559558
v 0.04125000 0.06016612 -0.05551744
v 0.03828125 0.06016612 -0.06899401
v 0.03578125 0.06016612 -0.05899400
v 0.02296875 0.06016612 -0.06899401
v 0.02296875 0.06016612 -0.05899400
v -0.28468751 0.03636729 -0.01049791
v -0.30968751 0.03636729 -0.01049791
v -0.28468751 0.03636729 -0.06899401
v -0.30968751 0.03636729 -0.06899401
v -0.28468751 0.03636729 0.00881850
v -0.28468751 0.06019541 0.00881850
v -0.28468751 0.03636729 0.06899428
v -0.28468751 0.06045909 0.06899428
v -0.28468751 0.06045909 -0.06899401
v -0.28468751 0.06019541 -0.01049791
v -0.28468751 0.03636729 -0.06899401
v -0.28468751 0.03636729 -0.01049791
v -0.04078125 0.06045909 0.06899428
v -0.28468751 0.06045909 0.06899428
v -0.04078125 0.06045909 -0.06899401
v -0.28468751 0.06045909 -0.06899401
v -0.28468751 -0.05899404 0.06899428
v -0.04078125 -0.05899404 0.06899428
v -0.28468751 -0.05899404 -0.06899401
v -0.04078125 -0.05899404 -0.06899401
v -0.28468751 -0.03539052 0.00881850
v -0.28468751 -0.03539052 0.06899428
v -0.28468751 -0.05688466 0.00881850
v -0.28468751 -0.05899404 0.06899428
v -0.28468751 -0.05899404 -0.06899401
v -0.28468751 -0.05688466 -0.01049791
v -0.28468751 -0.03539052 -0.06899401
v -0.28468751 -0.03539052 -0.01049791
v -0.30968751 -0.03539052 -0.01049791
v -0.28468751 -0.03539052 -0.01049791
v -0.30968751 -0.03539052 -0.06899401
v -0.28468751 -0.03539052 -0.06899401
v 0.03296875 -0.04696279 0.05399428
v 0.03328125 -0.04357411 0.05399428
v 0.02328125 -0.04357411 0.05399428
v 0.03296875 -0.04017568 0.05399428
v 0.02296875 -0.04124013 0.05399428
v 0.03203125 -0.03689443 0.05399428
v 0.02203125 -0.03907216 0.05399428
v 0.03062500 -0.03382802 0.05399428
v 0.02859375 -0.03107412 0.05399428
v 0.02062500 -0.03720693 0.05399428
v 0.02609375 -0.02872060 0.05399428
v 0.01875000 -0.03578115 0.05399428
v 0.02328125 -0.02683584 0.05399428
v 0.02015625 -0.02549795 0.05399428
v 0.01656250 -0.03488271 0.05399428
v 0.01687500 -0.02474599 0.05399428
v 0.01421875 -0.03457021 0.05399428
v 0.01343750 -0.02458974 0.05399428
v 0.01203125 -0.03488271 0.05399428
v 0.01000000 -0.02504873 0.05399428
v 0.00687500 -0.02610342 0.05399428
v 0.00984375 -0.03578115 0.05399428
v 0.00375000 -0.02771474 0.05399428
v 0.00796875 -0.03720693 0.05399428
v 0.00109375 -0.02984365 0.05399428
v -0.00109375 -0.03240224 0.05399428
v 0.00656250 -0.03907216 0.05399428
v -0.00281250 -0.03533193 0.05399428
v 0.00562500 -0.04124013 0.05399428
v -0.00406250 -0.03851552 0.05399428
v -0.00468750 -0.04186513 0.05399428
v 0.00531250 -0.04357411 0.05399428
v -0.00468750 -0.04527333 0.05399428
v 0.00562500 -0.04589833 0.05399428
v -0.00406250 -0.04862294 0.05399428
v -0.00281250 -0.05181630 0.05399428
v 0.00656250 -0.04807607 0.05399428
v -0.00109375 -0.05473622 0.05399428
v 0.00796875 -0.04993154 0.05399428
v 0.00109375 -0.05730458 0.05399428
v 0.00375000 -0.05943349 0.05399428
v 0.00984375 -0.05136708 0.05399428
v 0.00687500 -0.06104482 0.05399428
v 0.01203125 -0.05226552 0.05399428
v 0.01000000 -0.06209951 0.05399428
v 0.01343750 -0.06254872 0.05399428
v 0.01421875 -0.05256826 0.05399428
v 0.01687500 -0.06240224 0.05399428
v 0.01656250 -0.05226552 0.05399428
v 0.02015625 -0.06164052 0.05399428
v 0.01875000 -0.05136708 0.05399428
v 0.02328125 -0.06030263 0.05399428
v 0.02609375 -0.05842763 0.05399428
v 0.02062500 -0.04993154 0.05399428
v 0.02859375 -0.05607411 0.05399428
v 0.02203125 -0.04807607 0.05399428
v 0.03062500 -0.05332021 0.05399428
v 0.03203125 -0.05024404 0.05399428
v 0.02296875 -0.04589833 0.05399428
v 0.03250000 -0.03830068 0.05899428
v 0.03578125 -0.03830068 0.05899428
v 0.03140625 -0.03534169 0.05899428
v 0.03578125 -0.02814443 0.05899428
v 0.02984375 -0.03261708 0.05899428
v 0.02781250 -0.03019521 0.05899428
v 0.02531250 -0.02814443 0.05899428
v 0.03156250 0.04134776 0.05399428
v 0.03187500 0.04473643 0.05399428
v 0.02187500 0.04473643 0.05399428
v 0.03156250 0.04812510 0.05399428
v 0.02156250 0.04707041 0.05399428
v 0.03078125 0.05141612 0.05399428
v 0.02078125 0.04923838 0.05399428
v 0.02921875 0.05448252 0.05399428
v 0.02718750 0.05723643 0.05399428
v 0.01921875 0.05110362 0.05399428
v 0.02468750 0.05958995 0.05399428
v 0.01734375 0.05252940 0.05399428
v 0.02187500 0.06146495 0.05399428
v 0.01875000 0.06280284 0.05399428
v 0.01531250 0.05342784 0.05399428
v 0.01546875 0.06356455 0.05399428
v 0.01296875 0.05374034 0.05399428
v 0.01203125 0.06372080 0.05399428
v 0.01062500 0.05342784 0.05399428
v 0.00875000 0.06326182 0.05399428
v 0.00546875 0.06220713 0.05399428
v 0.00843750 0.05252940 0.05399428
v 0.00250000 0.06059580 0.05399428
v 0.00656250 0.05110362 0.05399428
v -0.00015625 0.05846690 0.05399428
v -0.00250000 0.05590830 0.05399428
v 0.00515625 0.04923838 0.05399428
v -0.00421875 0.05297862 0.05399428
v 0.00421875 0.04707041 0.05399428
v -0.00546875 0.04979502 0.05399428
v -0.00593750 0.04643565 0.05399428
v 0.00390625 0.04473643 0.05399428
v -0.00593750 0.04303721 0.05399428
v 0.00421875 0.04240245 0.05399428
v -0.00546875 0.03967784 0.05399428
v -0.00421875 0.03649424 0.05399428
v 0.00515625 0.04023448 0.05399428
v -0.00250000 0.03356455 0.05399428
v 0.00656250 0.03836924 0.05399428
v -0.00015625 0.03100596 0.05399428
v 0.00250000 0.02887705 0.05399428
v 0.00843750 0.03694346 0.05399428
v 0.00546875 0.02726573 0.05399428
v 0.01062500 0.03604502 0.05399428
v 0.00875000 0.02621104 0.05399428
v 0.01203125 0.02575205 0.05399428
v 0.01296875 0.03573252 0.05399428
v 0.01546875 0.02590830 0.05399428
v 0.01531250 0.03604502 0.05399428
v 0.01875000 0.02667002 0.05399428
v 0.01734375 0.03694346 0.05399428
v 0.02187500 0.02800791 0.05399428
v 0.02468750 0.02988291 0.05399428
v 0.01921875 0.03836924 0.05399428
v 0.02718750 0.03223643 0.05399428
v 0.02078125 0.04023448 0.05399428
v 0.02921875 0.03499034 0.05399428
v 0.03078125 0.03805674 0.05399428
v 0.02156250 0.04240245 0.05399428
v 0.02296875 -0.04124013 0.05399428
v 0.02296875 -0.04124013 0.01299819
v 0.02328125 -0.04357411 0.05399428
v 0.02328125 -0.04357411 0.01299819
v 0.02328125 -0.04357411 0.05399428
v 0.02328125 -0.04357411 0.01299819
v 0.02296875 -0.04589833 0.05399428
v 0.02296875 -0.04589833 0.01299819
v 0.02296875 -0.04589833 0.05399428
v 0.02296875 -0.04589833 0.01299819
v 0.02203125 -0.04807607 0.05399428
v 0.02203125 -0.04807607 0.01299819
v 0.02203125 -0.04807607 0.05399428
v 0.02203125 -0.04807607 0.01299819
v 0.02062500 -0.04993154 0.05399428
v 0.02062500 -0.04993154 0.01299819
v 0.02062500 -0.04993154 0.05399428
v 0.02062500 -0.04993154 0.01299819
v 0.01875000 -0.05136708 0.05399428
v 0.01875000 -0.05136708 0.01299819
v 0.01875000 -0.05136708 0.05399428
v 0.01875000 -0.05136708 0.01299819
v 0.01656250 -0.05226552 0.05399428
v 0.01656250 -0.05226552 0.01299819
v 0.01656250 -0.05226552 0.05399428
v 0.01656250 -0.05226552 0.01299819
v 0.01421875 -0.05256826 0.05399428
v 0.01421875 -0.05256826 0.01299819
v 0.01421875 -0.05256826 0.05399428
v 0.01421875 -0.05256826 0.01299819
v 0.01203125 -0.05226552 0.05399428
v 0.01203125 -0.05226552 0.01299819
v 0.01203125 -0.05226552 0.05399428
v 0.01203125 -0.05226552 0.01299819
v 0.00984375 -0.05136708 0.05399428
v 0.00984375 -0.05136708 0.01299819
v 0.00984375 -0.05136708 0.05399428
v 0.00984375 -0.05136708 0.01299819
v 0.00796875 -0.04993154 0.05399428
v 0.00796875 -0.04993154 0.01299819
v 0.00796875 -0.04993154 0.05399428
v 0.00796875 -0.04993154 0.01299819
v 0.00656250 -0.04807607 0.05399428
v 0.00656250 -0.04807607 0.01299819
v 0.00656250 -0.04807607 0.05399428
v 0.00656250 -0.04807607 0.01299819
v 0.00562500 -0.04589833 0.05399428
v 0.00562500 -0.04589833 0.01299819
v 0.00562500 -0.04589833 0.05399428
v 0.00562500 -0.04589833 0.01299819
v 0.00531250 -0.04357411 0.05399428
v 0.00531250 -0.04357411 0.01299819
v 0.00531250 -0.04357411 0.05399428
v 0.00531250 -0.04357411 0.01299819
v 0.00562500 -0.04124013 0.05399428
v 0.00562500 -0.04124013 0.01299819
v 0.00562500 -0.04124013 0.05399428
v 0.00562500 -0.04124013 0.01299819
v 0.00656250 -0.03907216 0.05399428
v 0.00656250 -0.03907216 0.01299819
v 0.00656250 -0.03907216 0.05399428
v 0.00656250 -0.03907216 0.01299819
v 0.00796875 -0.03720693 0.05399428
v 0.00796875 -0.03720693 0.01299819
v 0.00796875 -0.03720693 0.05399428
v 0.00796875 -0.03720693 0.01299819
v 0.00984375 -0.03578115 0.05399428
v 0.00984375 -0.03578115 0.01299819
v 0.00984375 -0.03578115 0.05399428
v 0.00984375 -0.03578115 0.01299819
v 0.01203125 -0.03488271 0.05399428
v 0.01203125 -0.03488271 0.01299819
v 0.01203125 -0.03488271 0.05399428
v 0.01203125 -0.03488271 0.01299819
v 0.01421875 -0.03457021 0.05399428
v 0.01421875 -0.03457021 0.01299819
v 0.01421875 -0.03457021 0.05399428
v 0.01421875 -0.03457021 0.01299819
v 0.01656250 -0.03488271 0.05399428
v 0.01656250 -0.03488271 0.01299819
v 0.01656250 -0.03488271 0.05399428
v 0.01656250 -0.03488271 0.01299819
v 0.01875000 -0.03578115 0.05399428
v 0.01875000 -0.03578115 0.01299819
v 0.01875000 -0.03578115 0.05399428
v 0.01875000 -0.03578115 0.01299819
v 0.02062500 -0.03720693 0.05399428
v 0.02062500 -0.03720693 0.01299819
v 0.02062500 -0.03720693 0.05399428
v 0.02062500 -0.03720693 0.01299819
v 0.02203125 -0.03907216 0.05399428
v 0.02203125 -0.03907216 0.01299819
v 0.02203125 -0.03907216 0.05399428
v 0.02203125 -0.03907216 0.01299819
v 0.02296875 -0.04124013 0.05399428
v 0.02296875 -0.04124013 0.01299819
v 0.02312500 -0.04190419 -0.06899401
v 0.02328125 -0.04357411 -0.06899401
v 0.02328125 -0.04357411 -0.02799791
v 0.02328125 -0.04357411 -0.02799791
v 0.02328125 -0.04357411 -0.06899401
v 0.02312500 -0.04495107 -0.06899401
v 0.02328125 -0.04357411 -0.02799791
v 0.02312500 -0.04495107 -0.06899401
v 0.02296875 -0.04589833 -0.02799791
v 0.02296875 -0.04589833 -0.02799791
v 0.02312500 -0.04495107 -0.06899401
v 0.02281250 -0.04628896 -0.06899401
v 0.02296875 -0.04589833 -0.02799791
v 0.02281250 -0.04628896 -0.06899401
v 0.02203125 -0.04807607 -0.02799791
v 0.02203125 -0.04807607 -0.02799791
v 0.02281250 -0.04628896 -0.06899401
v 0.02218750 -0.04783193 -0.06899401
v 0.02203125 -0.04807607 -0.02799791
v 0.02218750 -0.04783193 -0.06899401
v 0.02125000 -0.04922841 -0.06899401
v 0.02203125 -0.04807607 -0.02799791
v 0.02125000 -0.04922841 -0.06899401
v 0.02062500 -0.04993154 -0.02799791
v 0.02062500 -0.04993154 -0.02799791
v 0.02125000 -0.04922841 -0.06899401
v 0.02015625 -0.05042958 -0.06899401
v 0.02062500 -0.04993154 -0.02799791
v 0.02015625 -0.05042958 -0.06899401
v 0.01875000 -0.05136708 -0.02799791
v 0.01875000 -0.05136708 -0.02799791
v 0.02015625 -0.05042958 -0.06899401
v 0.01875000 -0.05139638 -0.06899401
v 0.01875000 -0.05136708 -0.02799791
v 0.01875000 -0.05139638 -0.06899401
v 0.01718750 -0.05208974 -0.06899401
v 0.01875000 -0.05136708 -0.02799791
v 0.01718750 -0.05208974 -0.06899401
v 0.01656250 -0.05226552 -0.02799791
v 0.01656250 -0.05226552 -0.02799791
v 0.01718750 -0.05208974 -0.06899401
v 0.01562500 -0.05248036 -0.06899401
v 0.01656250 -0.05226552 -0.02799791
v 0.01562500 -0.05248036 -0.06899401
v 0.01421875 -0.05256826 -0.02799791
v 0.01421875 -0.05256826 -0.02799791
v 0.01562500 -0.05248036 -0.06899401
v 0.01390625 -0.05256826 -0.06899401
v 0.01421875 -0.05256826 -0.02799791
v 0.01390625 -0.05256826 -0.06899401
v 0.01203125 -0.05226552 -0.02799791
v 0.01218750 -0.05233388 -0.06899401
v 0.01203125 -0.05226552 -0.02799791
v 0.01218750 -0.05233388 -0.06899401
v 0.01062500 -0.05179677 -0.06899401
v 0.01203125 -0.05226552 -0.02799791
v 0.01062500 -0.05179677 -0.06899401
v 0.00984375 -0.05136708 -0.02799791
v 0.00984375 -0.05136708 -0.02799791
v 0.01062500 -0.05179677 -0.06899401
v 0.00921875 -0.05098622 -0.06899401
v 0.00984375 -0.05136708 -0.02799791
v 0.00921875 -0.05098622 -0.06899401
v 0.00796875 -0.04993154 -0.02799791
v 0.00796875 -0.04993154 -0.02799791
v 0.00921875 -0.05098622 -0.06899401
v 0.00796875 -0.04990224 -0.06899401
v 0.00796875 -0.04993154 -0.02799791
v 0.00796875 -0.04990224 -0.06899401
v 0.00687500 -0.04860341 -0.06899401
v 0.00796875 -0.04993154 -0.02799791
v 0.00687500 -0.04860341 -0.06899401
v 0.00656250 -0.04807607 -0.02799791
v 0.00656250 -0.04807607 -0.02799791
v 0.00687500 -0.04860341 -0.06899401
v 0.00609375 -0.04713857 -0.06899401
v 0.00656250 -0.04807607 -0.02799791
v 0.00609375 -0.04713857 -0.06899401
v 0.00562500 -0.04589833 -0.02799791
v 0.00562500 -0.04589833 -0.02799791
v 0.00609375 -0.04713857 -0.06899401
v 0.00546875 -0.04553701 -0.06899401
v 0.00562500 -0.04589833 -0.02799791
v 0.00546875 -0.04553701 -0.06899401
v 0.00531250 -0.04357411 -0.02799791
v 0.00531250 -0.04357411 -0.02799791
v 0.00546875 -0.04553701 -0.06899401
v 0.00531250 -0.04387685 -0.06899401
v 0.00531250 -0.04357411 -0.02799791
v 0.00531250 -0.04387685 -0.06899401
v 0.00546875 -0.04219716 -0.06899401
v 0.00531250 -0.04357411 -0.02799791
v 0.00546875 -0.04219716 -0.06899401
v 0.00562500 -0.04124013 -0.02799791
v 0.00562500 -0.04124013 -0.02799791
v 0.00546875 -0.04219716 -0.06899401
v 0.00578125 -0.04056630 -0.06899401
v 0.00562500 -0.04124013 -0.02799791
v 0.00578125 -0.04056630 -0.06899401
v 0.00656250 -0.03907216 -0.02799791
v 0.00656250 -0.03907216 -0.02799791
v 0.00578125 -0.04056630 -0.06899401
v 0.00656250 -0.03904286 -0.06899401
v 0.00656250 -0.03907216 -0.02799791
v 0.00656250 -0.03904286 -0.06899401
v 0.00750000 -0.03768544 -0.06899401
v 0.00656250 -0.03907216 -0.02799791
v 0.00750000 -0.03768544 -0.06899401
v 0.00796875 -0.03720693 -0.02799791
v 0.00796875 -0.03720693 -0.02799791
v 0.00750000 -0.03768544 -0.06899401
v 0.00875000 -0.03652333 -0.06899401
v 0.00796875 -0.03720693 -0.02799791
v 0.00875000 -0.03652333 -0.06899401
v 0.00984375 -0.03578115 -0.02799791
v 0.00984375 -0.03578115 -0.02799791
v 0.00875000 -0.03652333 -0.06899401
v 0.01015625 -0.03560536 -0.06899401
v 0.00984375 -0.03578115 -0.02799791
v 0.01015625 -0.03560536 -0.06899401
v 0.01203125 -0.03488271 -0.02799791
v 0.01203125 -0.03488271 -0.02799791
v 0.01015625 -0.03560536 -0.06899401
v 0.01171875 -0.03496083 -0.06899401
v 0.01203125 -0.03488271 -0.02799791
v 0.01171875 -0.03496083 -0.06899401
v 0.01328125 -0.03462880 -0.06899401
v 0.01203125 -0.03488271 -0.02799791
v 0.01328125 -0.03462880 -0.06899401
v 0.01421875 -0.03457021 -0.02799791
v 0.01421875 -0.03457021 -0.02799791
v 0.01328125 -0.03462880 -0.06899401
v 0.01500000 -0.03459951 -0.06899401
v 0.01421875 -0.03457021 -0.02799791
v 0.01500000 -0.03459951 -0.06899401
v 0.01656250 -0.03488271 -0.02799791
v 0.01656250 -0.03488271 -0.02799791
v 0.01500000 -0.03459951 -0.06899401
v 0.01656250 -0.03488271 -0.06899401
v 0.01656250 -0.03488271 -0.02799791
v 0.01656250 -0.03488271 -0.06899401
v 0.01812500 -0.03546865 -0.06899401
v 0.01656250 -0.03488271 -0.02799791
v 0.01812500 -0.03546865 -0.06899401
v 0.01875000 -0.03578115 -0.02799791
v 0.01875000 -0.03578115 -0.02799791
v 0.01812500 -0.03546865 -0.06899401
v 0.01968750 -0.03633779 -0.06899401
v 0.01875000 -0.03578115 -0.02799791
v 0.01968750 -0.03633779 -0.06899401
v 0.02062500 -0.03720693 -0.02799791
v 0.02062500 -0.03720693 -0.02799791
v 0.01968750 -0.03633779 -0.06899401
v 0.02093750 -0.03746083 -0.06899401
v 0.02062500 -0.03720693 -0.02799791
v 0.02093750 -0.03746083 -0.06899401
v 0.02203125 -0.03907216 -0.02799791
v 0.02203125 -0.03907216 -0.02799791
v 0.02093750 -0.03746083 -0.06899401
v 0.02187500 -0.03878896 -0.06899401
v 0.02203125 -0.03907216 -0.02799791
v 0.02187500 -0.03878896 -0.06899401
v 0.02265625 -0.04028310 -0.06899401
v 0.02203125 -0.03907216 -0.02799791
v 0.02265625 -0.04028310 -0.06899401
v 0.02296875 -0.04124013 -0.02799791
v 0.02296875 -0.04124013 -0.02799791
v 0.02265625 -0.04028310 -0.06899401
v 0.02312500 -0.04190419 -0.06899401
v 0.02296875 -0.04124013 -0.02799791
v 0.02312500 -0.04190419 -0.06899401
v 0.02328125 -0.04357411 -0.02799791
v 0.03578125 -0.03830068 -0.05899400
v 0.02296875 -0.03830068 -0.05899400
v 0.03578125 -0.02814443 -0.05899400
v 0.02296875 -0.02814443 -0.05899400
v 0.03578125 -0.02814443 0.05899428
v 0.03578125 -0.03830068 0.05899428
v 0.04125000 -0.02814443 0.05551772
v 0.04125000 -0.03830068 0.05551772
v 0.04125000 -0.02814443 0.05551772
v 0.04125000 -0.03830068 0.05551772
v 0.04640625 -0.02814443 0.05153334
v 0.04640625 -0.03830068 0.05153334
v 0.04640625 -0.02814443 0.05153334
v 0.04640625 -0.03830068 0.05153334
v 0.05109375 -0.02814443 0.04708022
v 0.05109375 -0.03830068 0.04708022
v 0.05109375 -0.02814443 0.04708022
v 0.05109375 -0.03830068 0.04708022
v 0.05546875 -0.02814443 0.04217787
v 0.05546875 -0.03830068 0.04217787
v 0.05546875 -0.02814443 0.04217787
v 0.05546875 -0.03830068 0.04217787
v 0.05921875 -0.02814443 0.03690444
v 0.05921875 -0.03830068 0.03690444
v 0.05921875 -0.02814443 0.03690444
v 0.05921875 -0.03830068 0.03690444
v 0.06250000 -0.02814443 0.03127944
v 0.06250000 -0.03830068 0.03127944
v 0.06250000 -0.02814443 0.03127944
v 0.06250000 -0.03830068 0.03127944
v 0.06515625 -0.02814443 0.02538100
v 0.06515625 -0.03830068 0.02538100
v 0.06515625 -0.02814443 0.02538100
v 0.06515625 -0.03830068 0.02538100
v 0.06734375 -0.02814443 0.01924819
v 0.06734375 -0.03830068 0.01924819
v 0.06734375 -0.02814443 0.01924819
v 0.06734375 -0.03830068 0.01924819
v 0.06890625 -0.02814443 0.01292006
v 0.06890625 -0.03830068 0.01292006
v 0.06890625 -0.02814443 0.01292006
v 0.06890625 -0.03830068 0.01292006
v 0.06984375 -0.02814443 0.00649428
v 0.06984375 -0.03830068 0.00649428
v 0.06984375 -0.02814443 0.00649428
v 0.06984375 -0.03830068 0.00649428
v 0.07015625 -0.02814443 -0.00000962
v 0.07015625 -0.03830068 -0.00000962
v 0.07015625 -0.02814443 -0.00000962
v 0.07015625 -0.03830068 -0.00000962
v 0.06984375 -0.02814443 -0.00649400
v 0.06984375 -0.03830068 -0.00649400
v 0.06984375 -0.02814443 -0.00649400
v 0.06984375 -0.03830068 -0.00649400
v 0.06890625 -0.02814443 -0.01291978
v 0.06890625 -0.03830068 -0.01291978
v 0.06890625 -0.02814443 -0.01291978
v 0.06890625 -0.03830068 -0.01291978
v 0.06734375 -0.02814443 -0.01924791
v 0.06734375 -0.03830068 -0.01924791
v 0.06734375 -0.02814443 -0.01924791
v 0.06734375 -0.03830068 -0.01924791
v 0.06515625 -0.02814443 -0.02538072
v 0.06515625 -0.03830068 -0.02538072
v 0.06515625 -0.02814443 -0.02538072
v 0.06515625 -0.03830068 -0.02538072
v 0.06250000 -0.02814443 -0.03127916
v 0.06250000 -0.03830068 -0.03127916
v 0.06250000 -0.02814443 -0.03127916
v 0.06250000 -0.03830068 -0.03127916
v 0.05921875 -0.02814443 -0.03690415
v 0.05921875 -0.03830068 -0.03690415
v 0.05921875 -0.02814443 -0.03690415
v 0.05921875 -0.03830068 -0.03690415
v 0.05546875 -0.02814443 -0.04217759
v 0.05546875 -0.03830068 -0.04217759
v 0.05546875 -0.02814443 -0.04217759
v 0.05546875 -0.03830068 -0.04217759
v 0.05109375 -0.02814443 -0.04707994
v 0.05109375 -0.03830068 -0.04707994
v 0.05109375 -0.02814443 -0.04707994
v 0.05109375 -0.03830068 -0.04707994
v 0.04640625 -0.02814443 -0.05153306
v 0.04640625 -0.03830068 -0.05153306
v 0.04640625 -0.02814443 -0.05153306
v 0.04640625 -0.03830068 -0.05153306
v 0.04125000 -0.02814443 -0.05551744
v 0.04125000 -0.03830068 -0.05551744
v 0.04125000 -0.02814443 -0.05551744
v 0.04125000 -0.03830068 -0.05551744
v 0.03578125 -0.02814443 -0.05899400
v 0.03578125 -0.03830068 -0.05899400
v 0.02687500 0.03185557 0.05899428
v 0.03578125 0.03185557 0.05899428
v 0.02859375 0.03409190 0.05899428
v 0.03000000 0.03657237 0.05899428
v 0.03109375 0.03922862 0.05899428
v 0.03578125 0.04201182 0.05899428
v 0.03171875 0.04201182 0.05899428
v 0.03578125 0.04201182 0.05899428
v 0.03578125 0.03185557 0.05899428
v 0.04125000 0.04201182 0.05551772
v 0.04125000 0.03185557 0.05551772
v 0.04125000 0.04201182 0.05551772
v 0.04125000 0.03185557 0.05551772
v 0.04640625 0.04201182 0.05153334
v 0.04640625 0.03185557 0.05153334
v 0.04640625 0.04201182 0.05153334
v 0.04640625 0.03185557 0.05153334
v 0.05109375 0.04201182 0.04708022
v 0.05109375 0.03185557 0.04708022
v 0.05109375 0.04201182 0.04708022
v 0.05109375 0.03185557 0.04708022
v 0.05546875 0.04201182 0.04217787
v 0.05546875 0.03185557 0.04217787
v 0.05546875 0.04201182 0.04217787
v 0.05546875 0.03185557 0.04217787
v 0.05921875 0.04201182 0.03690444
v 0.05921875 0.03185557 0.03690444
v 0.05921875 0.04201182 0.03690444
v 0.05921875 0.03185557 0.03690444
v 0.06250000 0.04201182 0.03127944
v 0.06250000 0.03185557 0.03127944
v 0.06250000 0.04201182 0.03127944
v 0.06250000 0.03185557 0.03127944
v 0.06515625 0.04201182 0.02538100
v 0.06515625 0.03185557 0.02538100
v 0.06515625 0.04201182 0.02538100
v 0.06515625 0.03185557 0.02538100
v 0.06734375 0.04201182 0.01924819
v 0.06734375 0.03185557 0.01924819
v 0.06734375 0.04201182 0.01924819
v 0.06734375 0.03185557 0.01924819
v 0.06890625 0.04201182 0.01292006
v 0.06890625 0.03185557 0.01292006
v 0.06890625 0.04201182 0.01292006
v 0.06890625 0.03185557 0.01292006
v 0.06984375 0.04201182 0.00649428
v 0.06984375 0.03185557 0.00649428
v 0.06984375 0.04201182 0.00649428
v 0.06984375 0.03185557 0.00649428
v 0.07015625 0.04201182 -0.00000962
v 0.07015625 0.03185557 -0.00000962
v 0.07015625 0.04201182 -0.00000962
v 0.07015625 0.03185557 -0.00000962
v 0.06984375 0.04201182 -0.00649400
v 0.06984375 0.03185557 -0.00649400
v 0.06984375 0.04201182 -0.00649400
v 0.06984375 0.03185557 -0.00649400
v 0.06890625 0.04201182 -0.01291978
v 0.06890625 0.03185557 -0.01291978
v 0.06890625 0.04201182 -0.01291978
v 0.06890625 0.03185557 -0.01291978
v 0.06734375 0.04201182 -0.01924791
v 0.06734375 0.03185557 -0.01924791
v 0.06734375 0.04201182 -0.01924791
v 0.06734375 0.03185557 -0.01924791
v 0.06515625 0.04201182 -0.02538072
v 0.06515625 0.03185557 -0.02538072
v 0.06515625 0.04201182 -0.02538072
v 0.06515625 0.03185557 -0.02538072
v 0.06250000 0.04201182 -0.03127916
v 0.06250000 0.03185557 -0.03127916
v 0.06250000 0.04201182 -0.03127916
v 0.06250000 0.03185557 -0.03127916
v 0.05921875 0.04201182 -0.03690415
v 0.05921875 0.03185557 -0.03690415
v 0.05921875 0.04201182 -0.03690415
v 0.05921875 0.03185557 -0.03690415
v 0.05546875 0.04201182 -0.04217759
v 0.05546875 0.03185557 -0.04217759
v 0.05546875 0.04201182 -0.04217759
v 0.05546875 0.03185557 -0.04217759
v 0.05109375 0.04201182 -0.04707994
v 0.05109375 0.03185557 -0.04707994
v 0.05109375 0.04201182 -0.04707994
v 0.05109375 0.03185557 -0.04707994
v 0.04640625 0.04201182 -0.05153306
v 0.04640625 0.03185557 -0.05153306
v 0.04640625 0.04201182 -0.05153306
v 0.04640625 0.03185557 -0.05153306
v 0.04125000 0.04201182 -0.05551744
v 0.04125000 0.03185557 -0.05551744
v 0.04125000 0.04201182 -0.05551744
v 0.04125000 0.03185557 -0.05551744
v 0.03578125 0.04201182 -0.05899400
v 0.03578125 0.03185557 -0.05899400
v 0.03578125 0.03185557 -0.05899400
v 0.02296875 0.03185557 -0.05899400
v 0.03578125 0.04201182 -0.05899400
v 0.02296875 0.04201182 -0.05899400
v 0.03171875 0.04201182 0.06899428
v 0.03187500 0.04469737 0.06899428
v 0.03171875 0.04201182 0.05899428
v 0.03187500 0.04473643 0.05399428
v 0.03171875 0.04201182 0.05899428
v 0.03187500 0.04473643 0.05399428
v 0.03156250 0.04134776 0.05399428
v 0.03187500 0.04469737 0.06899428
v 0.03171875 0.04738291 0.06899428
v 0.03187500 0.04473643 0.05399428
v 0.03187500 0.04473643 0.05399428
v 0.03171875 0.04738291 0.06899428
v 0.03156250 0.04812510 0.05399428
v 0.03156250 0.04812510 0.05399428
v 0.03171875 0.04738291 0.06899428
v 0.03109375 0.05000987 0.06899428
v 0.03156250 0.04812510 0.05399428
v 0.03109375 0.05000987 0.06899428
v 0.03109375 0.05000987 0.05899428
v 0.03109375 0.05000987 0.05899428
v 0.03078125 0.05141612 0.05399428
v 0.03078125 0.05141612 0.05399428
v 0.03109375 0.05000987 0.05899428
v 0.03000000 0.05296885 0.05899428
v 0.03078125 0.05141612 0.05399428
v 0.03000000 0.05296885 0.05899428
v 0.02921875 0.05448252 0.05399428
v 0.02921875 0.05448252 0.05399428
v 0.03000000 0.05296885 0.05899428
v 0.02843750 0.05569346 0.05899428
v 0.02921875 0.05448252 0.05399428
v 0.02843750 0.05569346 0.05899428
v 0.02718750 0.05723643 0.05399428
v 0.02718750 0.05723643 0.05399428
v 0.02843750 0.05569346 0.05899428
v 0.02640625 0.05811534 0.05899428
v 0.02718750 0.05723643 0.05399428
v 0.02640625 0.05811534 0.05899428
v 0.02468750 0.05958995 0.05399428
v 0.02468750 0.05958995 0.05399428
v 0.02640625 0.05811534 0.05899428
v 0.02406250 0.06016612 0.05899428
v 0.02468750 0.05958995 0.05399428
v 0.02406250 0.06016612 0.05899428
v 0.02187500 0.06146495 0.05399428
v 0.02187500 0.06146495 0.05399428
v 0.02406250 0.06016612 0.05899428
v 0.02406250 0.06016612 0.06899428
v 0.02187500 0.06146495 0.05399428
v 0.02406250 0.06016612 0.06899428
v 0.02109375 0.06187510 0.06899428
v 0.02187500 0.06146495 0.05399428
v 0.02109375 0.06187510 0.06899428
v 0.01875000 0.06280284 0.05399428
v 0.01875000 0.06280284 0.05399428
v 0.02109375 0.06187510 0.06899428
v 0.01796875 0.06304698 0.06899428
v 0.01875000 0.06280284 0.05399428
v 0.01796875 0.06304698 0.06899428
v 0.01546875 0.06356455 0.05399428
v 0.01546875 0.06356455 0.05399428
v 0.01796875 0.06304698 0.06899428
v 0.01468750 0.06365245 0.06899428
v 0.01546875 0.06356455 0.05399428
v 0.01468750 0.06365245 0.06899428
v 0.01203125 0.06372080 0.05399428
v 0.01203125 0.06372080 0.05399428
v 0.01468750 0.06365245 0.06899428
v 0.01140625 0.06367198 0.06899428
v 0.01203125 0.06372080 0.05399428
v 0.01140625 0.06367198 0.06899428
v 0.00875000 0.06326182 0.05399428
v 0.00875000 0.06326182 0.05399428
v 0.01140625 0.06367198 0.06899428
v 0.00796875 0.06309580 0.06899428
v 0.00875000 0.06326182 0.05399428
v 0.00796875 0.06309580 0.06899428
v 0.00546875 0.06220713 0.05399428
v 0.00546875 0.06220713 0.05399428
v 0.00796875 0.06309580 0.06899428
v 0.00484375 0.06195323 0.06899428
v 0.00546875 0.06220713 0.05399428
v 0.00484375 0.06195323 0.06899428
v 0.00250000 0.06059580 0.05399428
v 0.00250000 0.06059580 0.05399428
v 0.00484375 0.06195323 0.06899428
v 0.00203125 0.06027354 0.06899428
v 0.00250000 0.06059580 0.05399428
v 0.00203125 0.06027354 0.06899428
v -0.00015625 0.05846690 0.05399428
v -0.00062500 0.05811534 0.06899428
v -0.00015625 0.05846690 0.05399428
v -0.00062500 0.05811534 0.06899428
v -0.00250000 0.05590830 0.05399428
v -0.00250000 0.05590830 0.05399428
v -0.00062500 0.05811534 0.06899428
v -0.00265625 0.05553721 0.06899428
v -0.00250000 0.05590830 0.05399428
v -0.00265625 0.05553721 0.06899428
v -0.00421875 0.05297862 0.05399428
v -0.00437500 0.05262705 0.06899428
v -0.00421875 0.05297862 0.05399428
v -0.00437500 0.05262705 0.06899428
v -0.00546875 0.04979502 0.05399428
v -0.00546875 0.04979502 0.05399428
v -0.00437500 0.05262705 0.06899428
v -0.00546875 0.04946299 0.06899428
v -0.00546875 0.04979502 0.05399428
v -0.00546875 0.04946299 0.06899428
v -0.00593750 0.04643565 0.05399428
v -0.00593750 0.04643565 0.05399428
v -0.00546875 0.04946299 0.06899428
v -0.00609375 0.04616221 0.06899428
v -0.00593750 0.04643565 0.05399428
v -0.00609375 0.04616221 0.06899428
v -0.00593750 0.04303721 0.05399428
v -0.00593750 0.04303721 0.05399428
v -0.00609375 0.04616221 0.06899428
v -0.00593750 0.04281260 0.06899428
v -0.00593750 0.04303721 0.05399428
v -0.00593750 0.04281260 0.06899428
v -0.00546875 0.03967784 0.05399428
v -0.00546875 0.03967784 0.05399428
v -0.00593750 0.04281260 0.06899428
v -0.00531250 0.03952159 0.06899428
v -0.00546875 0.03967784 0.05399428
v -0.00531250 0.03952159 0.06899428
v -0.00421875 0.03649424 0.05399428
v -0.00421875 0.03649424 0.05399428
v -0.00531250 0.03952159 0.06899428
v -0.00421875 0.03639659 0.06899428
v -0.00421875 0.03649424 0.05399428
v -0.00421875 0.03639659 0.06899428
v -0.00250000 0.03356455 0.05399428
v -0.00250000 0.03352549 0.06899428
v -0.00250000 0.03356455 0.05399428
v -0.00250000 0.03352549 0.06899428
v -0.00015625 0.03100596 0.05399428
v -0.00015625 0.03100596 0.05399428
v -0.00250000 0.03352549 0.06899428
v -0.00015625 0.03100596 0.06899428
v -0.00015625 0.03100596 0.05399428
v -0.00015625 0.03100596 0.06899428
v 0.00234375 0.02891612 0.06899428
v -0.00015625 0.03100596 0.05399428
v 0.00234375 0.02891612 0.06899428
v 0.00250000 0.02887705 0.05399428
v 0.00250000 0.02887705 0.05399428
v 0.00234375 0.02891612 0.06899428
v 0.00531250 0.02731455 0.06899428
v 0.00250000 0.02887705 0.05399428
v 0.00531250 0.02731455 0.06899428
v 0.00546875 0.02726573 0.05399428
v 0.00546875 0.02726573 0.05399428
v 0.00531250 0.02731455 0.06899428
v 0.00859375 0.02625010 0.06899428
v 0.00875000 0.02621104 0.05399428
v 0.00875000 0.02621104 0.05399428
v 0.00859375 0.02625010 0.06899428
v 0.01187500 0.02577159 0.06899428
v 0.01203125 0.02575205 0.05399428
v 0.01203125 0.02575205 0.05399428
v 0.01187500 0.02577159 0.06899428
v 0.01515625 0.02586924 0.06899428
v 0.01203125 0.02575205 0.05399428
v 0.01515625 0.02586924 0.06899428
v 0.01546875 0.02590830 0.05399428
v 0.01546875 0.02590830 0.05399428
v 0.01515625 0.02586924 0.06899428
v 0.01843750 0.02656260 0.06899428
v 0.01546875 0.02590830 0.05399428
v 0.01843750 0.02656260 0.06899428
v 0.01875000 0.02667002 0.05399428
v 0.01875000 0.02667002 0.05399428
v 0.01843750 0.02656260 0.06899428
v 0.02156250 0.02782237 0.06899428
v 0.01875000 0.02667002 0.05399428
v 0.02156250 0.02782237 0.06899428
v 0.02187500 0.02800791 0.05399428
v 0.02187500 0.02800791 0.05399428
v 0.02156250 0.02782237 0.06899428
v 0.02437500 0.02959971 0.06899428
v 0.02187500 0.02800791 0.05399428
v 0.02437500 0.02959971 0.06899428
v 0.02468750 0.02988291 0.05399428
v 0.02468750 0.02988291 0.05399428
v 0.02437500 0.02959971 0.06899428
v 0.02687500 0.03185557 0.06899428
v 0.02687500 0.03185557 0.05899428
v 0.02468750 0.02988291 0.05399428
v 0.02687500 0.03185557 0.05899428
v 0.02718750 0.03223643 0.05399428
v 0.02718750 0.03223643 0.05399428
v 0.02687500 0.03185557 0.05899428
v 0.02859375 0.03409190 0.05899428
v 0.02718750 0.03223643 0.05399428
v 0.02859375 0.03409190 0.05899428
v 0.02921875 0.03499034 0.05399428
v 0.02921875 0.03499034 0.05399428
v 0.02859375 0.03409190 0.05899428
v 0.03000000 0.03657237 0.05899428
v 0.02921875 0.03499034 0.05399428
v 0.03000000 0.03657237 0.05899428
v 0.03078125 0.03805674 0.05399428
v 0.03078125 0.03805674 0.05399428
v 0.03000000 0.03657237 0.05899428
v 0.03109375 0.03922862 0.05899428
v 0.03078125 0.03805674 0.05399428
v 0.03109375 0.03922862 0.05899428
v 0.03156250 0.04134776 0.05399428
v 0.03156250 0.04134776 0.05399428
v 0.03109375 0.03922862 0.05899428
v 0.03171875 0.04201182 0.05899428
v 0.03171875 0.04201182 0.06899428
v 0.03828125 0.04201182 0.06899428
v 0.03187500 0.04469737 0.06899428
v 0.03828125 0.05000987 0.06899428
v 0.03171875 0.04738291 0.06899428
v 0.03109375 0.05000987 0.06899428
v 0.03109375 0.05000987 0.05899428
v 0.03578125 0.05000987 0.05899428
v 0.03000000 0.05296885 0.05899428
v 0.03578125 0.06016612 0.05899428
v 0.02843750 0.05569346 0.05899428
v 0.02640625 0.05811534 0.05899428
v 0.02406250 0.06016612 0.05899428
v 0.03578125 0.06016612 0.05899428
v 0.03578125 0.05000987 0.05899428
v 0.04125000 0.06016612 0.05551772
v 0.04125000 0.05000987 0.05551772
v 0.04125000 0.06016612 0.05551772
v 0.04125000 0.05000987 0.05551772
v 0.04640625 0.06016612 0.05153334
v 0.04640625 0.05000987 0.05153334
v 0.04640625 0.06016612 0.05153334
v 0.04640625 0.05000987 0.05153334
v 0.05109375 0.06016612 0.04708022
v 0.05109375 0.05000987 0.04708022
v 0.05109375 0.06016612 0.04708022
v 0.05109375 0.05000987 0.04708022
v 0.05546875 0.06016612 0.04217787
v 0.05546875 0.05000987 0.04217787
v 0.05546875 0.06016612 0.04217787
v 0.05546875 0.05000987 0.04217787
v 0.05921875 0.06016612 0.03690444
v 0.05921875 0.05000987 0.03690444
v 0.05921875 0.06016612 0.03690444
v 0.05921875 0.05000987 0.03690444
v 0.06250000 0.06016612 0.03127944
v 0.06250000 0.05000987 0.03127944
v 0.06250000 0.06016612 0.03127944
v 0.06250000 0.05000987 0.03127944
v 0.06515625 0.06016612 0.02538100
v 0.06515625 0.05000987 0.02538100
v 0.06515625 0.06016612 0.02538100
v 0.06515625 0.05000987 0.02538100
v 0.06734375 0.06016612 0.01924819
v 0.06734375 0.05000987 0.01924819
v 0.06734375 0.06016612 0.01924819
v 0.06734375 0.05000987 0.01924819
v 0.06890625 0.06016612 0.01292006
v 0.06890625 0.05000987 0.01292006
v 0.06890625 0.06016612 0.01292006
v 0.06890625 0.05000987 0.01292006
v 0.06984375 0.06016612 0.00649428
v 0.06984375 0.05000987 0.00649428
v 0.06984375 0.06016612 0.00649428
v 0.06984375 0.05000987 0.00649428
v 0.07015625 0.06016612 -0.00000962
v 0.07015625 0.05000987 -0.00000962
v 0.07015625 0.06016612 -0.00000962
v 0.07015625 0.05000987 -0.00000962
v 0.06984375 0.06016612 -0.00649400
v 0.06984375 0.05000987 -0.00649400
v 0.06984375 0.06016612 -0.00649400
v 0.06984375 0.05000987 -0.00649400
v 0.06890625 0.06016612 -0.01291978
v 0.06890625 0.05000987 -0.01291978
v 0.06890625 0.06016612 -0.01291978
v 0.06890625 0.05000987 -0.01291978
v 0.06734375 0.06016612 -0.01924791
v 0.06734375 0.05000987 -0.01924791
v 0.06734375 0.06016612 -0.01924791
v 0.06734375 0.05000987 -0.01924791
v 0.06515625 0.06016612 -0.02538072
v 0.06515625 0.05000987 -0.02538072
v 0.06515625 0.06016612 -0.02538072
v 0.06515625 0.05000987 -0.02538072
v 0.06250000 0.06016612 -0.03127916
v 0.06250000 0.05000987 -0.03127916
v 0.06250000 0.06016612 -0.03127916
v 0.06250000 0.05000987 -0.03127916
v 0.05921875 0.06016612 -0.03690415
v 0.05921875 0.05000987 -0.03690415
v 0.05921875 0.06016612 -0.03690415
v 0.05921875 0.05000987 -0.03690415
v 0.05546875 0.06016612 -0.04217759
v 0.05546875 0.05000987 -0.04217759
v 0.05546875 0.06016612 -0.04217759
v 0.05546875 0.05000987 -0.04217759
v 0.05109375 0.06016612 -0.04707994
v 0.05109375 0.05000987 -0.04707994
v 0.05109375 0.06016612 -0.04707994
v 0.05109375 0.05000987 -0.04707994
v 0.04640625 0.06016612 -0.05153306
v 0.04640625 0.05000987 -0.05153306
v 0.04640625 0.06016612 -0.05153306
v 0.04640625 0.05000987 -0.05153306
v 0.04125000 0.06016612 -0.05551744
v 0.04125000 0.05000987 -0.05551744
v 0.04125000 0.06016612 -0.05551744
v 0.04125000 0.05000987 -0.05551744
v 0.03578125 0.06016612 -0.05899400
v 0.03578125 0.05000987 -0.05899400
v 0.03578125 0.05000987 -0.05899400
v 0.02296875 0.05000987 -0.05899400
v 0.03578125 0.06016612 -0.05899400
v 0.02296875 0.06016612 -0.05899400
v -0.30968751 0.03636729 0.00881850
v -0.30968751 0.06019541 0.00881850
v -0.28468751 0.03636729 0.00881850
v -0.28468751 0.06019541 0.00881850
v -0.28468751 0.06019541 -0.01049791
v -0.28468751 0.06019541 0.00881850
v -0.30968751 0.06019541 -0.01049791
v -0.30968751 0.06019541 0.00881850
v -0.28468751 0.03636729 -0.01049791
v -0.28468751 0.06019541 -0.01049791
v -0.30968751 0.03636729 -0.01049791
v -0.30968751 0.06019541 -0.01049791
v -0.30968751 0.03636729 0.00881850
v -0.28468751 0.03636729 0.00881850
v -0.30968751 0.03636729 0.06899428
v -0.28468751 0.03636729 0.06899428
v -0.04078125 -0.05688466 -0.01149400
v -0.04078125 -0.05688466 0.00983413
v 0.00031250 -0.05688466 -0.01149400
v 0.00031250 -0.05688466 0.00983413
v -0.04078125 0.06019541 0.00983413
v -0.04078125 0.06019541 -0.01149400
v 0.00031250 0.06019541 0.00983413
v 0.00031250 0.06019541 -0.01149400
v -0.28468751 -0.03539052 0.00881850
v -0.28468751 -0.05688466 0.00881850
v -0.30968751 -0.03539052 0.00881850
v -0.30968751 -0.05688466 0.00881850
v -0.28468751 -0.05688466 0.00881850
v -0.28468751 -0.05688466 -0.01049791
v -0.30968751 -0.05688466 0.00881850
v -0.30968751 -0.05688466 -0.01049791
v -0.28468751 -0.05688466 -0.01049791
v -0.28468751 -0.03539052 -0.01049791
v -0.30968751 -0.05688466 -0.01049791
v -0.30968751 -0.03539052 -0.01049791
v -0.28468751 -0.03539052 0.00881850
v -0.30968751 -0.03539052 0.00881850
v -0.28468751 -0.03539052 0.06899428
v -0.30968751 -0.03539052 0.06899428
v 0.01828125 -0.00201162 0.06899428
v 0.01828125 -0.00201162 0.02899428
v 0.01796875 0.00031260 0.06899428
v 0.01796875 0.00031260 0.02899428
v 0.01796875 0.00031260 0.06899428
v 0.01796875 0.00031260 0.02899428
v 0.01828125 0.00264659 0.06899428
v 0.01828125 0.00264659 0.02899428
v 0.01828125 0.00264659 0.06899428
v 0.01828125 0.00264659 0.02899428
v 0.01906250 0.00481456 0.06899428
v 0.01906250 0.00481456 0.02899428
v 0.01906250 0.00481456 0.06899428
v 0.01906250 0.00481456 0.02899428
v 0.02062500 0.00667979 0.06899428
v 0.02062500 0.00667979 0.02899428
v 0.02062500 0.00667979 0.06899428
v 0.02062500 0.00667979 0.02899428
v 0.02234375 0.00810557 0.06899428
v 0.02234375 0.00810557 0.02899428
v 0.02234375 0.00810557 0.06899428
v 0.02234375 0.00810557 0.02899428
v 0.02453125 0.00901377 0.06899428
v 0.02453125 0.00901377 0.02899428
v 0.02453125 0.00901377 0.06899428
v 0.02453125 0.00901377 0.02899428
v 0.02687500 0.00931651 0.06899428
v 0.02687500 0.00931651 0.02899428
v 0.02687500 0.00931651 0.06899428
v 0.02687500 0.00931651 0.02899428
v 0.02921875 0.00901377 0.06899428
v 0.02921875 0.00901377 0.02899428
v 0.02921875 0.00901377 0.06899428
v 0.02921875 0.00901377 0.02899428
v 0.03140625 0.00810557 0.06899428
v 0.03140625 0.00810557 0.02899428
v 0.03140625 0.00810557 0.06899428
v 0.03140625 0.00810557 0.02899428
v 0.03328125 0.00667979 0.06899428
v 0.03328125 0.00667979 0.02899428
v 0.03328125 0.00667979 0.06899428
v 0.03328125 0.00667979 0.02899428
v 0.03468750 0.00481456 0.06899428
v 0.03468750 0.00481456 0.02899428
v 0.03468750 0.00481456 0.06899428
v 0.03468750 0.00481456 0.02899428
v 0.03562500 0.00264659 0.06899428
v 0.03562500 0.00264659 0.02899428
v 0.03562500 0.00264659 0.06899428
v 0.03562500 0.00264659 0.02899428
v 0.03593750 0.00031260 0.06899428
v 0.03593750 0.00031260 0.02899428
v 0.03593750 0.00031260 0.06899428
v 0.03593750 0.00031260 0.02899428
v 0.03562500 -0.00201162 0.06899428
v 0.03562500 -0.00201162 0.02899428
v 0.03562500 -0.00201162 0.06899428
v 0.03562500 -0.00201162 0.02899428
v 0.03468750 -0.00417959 0.06899428
v 0.03468750 -0.00417959 0.02899428
v 0.03468750 -0.00417959 0.06899428
v 0.03468750 -0.00417959 0.02899428
v 0.03328125 -0.00604482 0.06899428
v 0.03328125 -0.00604482 0.02899428
v 0.03328125 -0.00604482 0.06899428
v 0.03328125 -0.00604482 0.02899428
v 0.03140625 -0.00748037 0.06899428
v 0.03140625 -0.00748037 0.02899428
v 0.03140625 -0.00748037 0.06899428
v 0.03140625 -0.00748037 0.02899428
v 0.02921875 -0.00837881 0.06899428
v 0.02921875 -0.00837881 0.02899428
v 0.02921875 -0.00837881 0.06899428
v 0.02921875 -0.00837881 0.02899428
v 0.02687500 -0.00868154 0.06899428
v 0.02687500 -0.00868154 0.02899428
v 0.02687500 -0.00868154 0.06899428
v 0.02687500 -0.00868154 0.02899428
v 0.02453125 -0.00837881 0.06899428
v 0.02453125 -0.00837881 0.02899428
v 0.02453125 -0.00837881 0.06899428
v 0.02453125 -0.00837881 0.02899428
v 0.02234375 -0.00748037 0.06899428
v 0.02234375 -0.00748037 0.02899428
v 0.02234375 -0.00748037 0.06899428
v 0.02234375 -0.00748037 0.02899428
v 0.02062500 -0.00604482 0.06899428
v 0.02062500 -0.00604482 0.02899428
v 0.02062500 -0.00604482 0.06899428
v 0.02062500 -0.00604482 0.02899428
v 0.01906250 -0.00417959 0.06899428
v 0.01906250 -0.00417959 0.02899428
v 0.01906250 -0.00417959 0.06899428
v 0.01906250 -0.00417959 0.02899428
v 0.01828125 -0.00201162 0.06899428
v 0.01828125 -0.00201162 0.02899428
v -0.01093750 -0.00281240 0.00983413
v -0.01093750 -0.00281240 0.03940444
v -0.01062500 -0.00047841 0.00983413
v -0.01062500 -0.00047841 0.03940444
v -0.01062500 -0.00047841 0.00983413
v -0.01062500 -0.00047841 0.03940444
v -0.01093750 0.00184581 0.00983413
v -0.01093750 0.00184581 0.03940444
v -0.01093750 0.00184581 0.00983413
v -0.01093750 0.00184581 0.03940444
v -0.01171875 0.00402354 0.00983413
v -0.01171875 0.00402354 0.03940444
v -0.01171875 0.00402354 0.00983413
v -0.01171875 0.00402354 0.03940444
v -0.01328125 0.00587901 0.00983413
v -0.01328125 0.00587901 0.03940444
v -0.01328125 0.00587901 0.00983413
v -0.01328125 0.00587901 0.03940444
v -0.01515625 0.00731456 0.00983413
v -0.01515625 0.00731456 0.03940444
v -0.01515625 0.00731456 0.00983413
v -0.01515625 0.00731456 0.03940444
v -0.01718750 0.00821299 0.00983413
v -0.01718750 0.00821299 0.03940444
v -0.01718750 0.00821299 0.00983413
v -0.01718750 0.00821299 0.03940444
v -0.01953125 0.00851573 0.00983413
v -0.01953125 0.00851573 0.03940444
v -0.01953125 0.00851573 0.00983413
v -0.01953125 0.00851573 0.03940444
v -0.02187500 0.00821299 0.00983413
v -0.02187500 0.00821299 0.03940444
v -0.02187500 0.00821299 0.00983413
v -0.02187500 0.00821299 0.03940444
v -0.02406250 0.00731456 0.00983413
v -0.02406250 0.00731456 0.03940444
v -0.02406250 0.00731456 0.00983413
v -0.02406250 0.00731456 0.03940444
v -0.02593750 0.00587901 0.00983413
v -0.02593750 0.00587901 0.03940444
v -0.02593750 0.00587901 0.00983413
v -0.02593750 0.00587901 0.03940444
v -0.02734375 0.00402354 0.00983413
v -0.02734375 0.00402354 0.03940444
v -0.02734375 0.00402354 0.00983413
v -0.02734375 0.00402354 0.03940444
v -0.02828125 0.00184581 0.00983413
v -0.02828125 0.00184581 0.03940444
v -0.02828125 0.00184581 0.00983413
v -0.02828125 0.00184581 0.03940444
v -0.02859375 -0.00047841 0.00983413
v -0.02859375 -0.00047841 0.03940444
v -0.02859375 -0.00047841 0.00983413
v -0.02859375 -0.00047841 0.03940444
v -0.02828125 -0.00281240 0.00983413
v -0.02828125 -0.00281240 0.03940444
v -0.02828125 -0.00281240 0.00983413
v -0.02828125 -0.00281240 0.03940444
v -0.02734375 -0.00498037 0.00983413
v -0.02734375 -0.00498037 0.03940444
v -0.02734375 -0.00498037 0.00983413
v -0.02734375 -0.00498037 0.03940444
v -0.02593750 -0.00684560 0.00983413
v -0.02593750 -0.00684560 0.03940444
v -0.02593750 -0.00684560 0.00983413
v -0.02593750 -0.00684560 0.03940444
v -0.02406250 -0.00827138 0.00983413
v -0.02406250 -0.00827138 0.03940444
v -0.02406250 -0.00827138 0.00983413
v -0.02406250 -0.00827138 0.03940444
v -0.02187500 -0.00916982 0.00983413
v -0.02187500 -0.00916982 0.03940444
v -0.02187500 -0.00916982 0.00983413
v -0.02187500 -0.00916982 0.03940444
v -0.01953125 -0.00948232 0.00983413
v -0.01953125 -0.00948232 0.03940444
v -0.01953125 -0.00948232 0.00983413
v -0.01953125 -0.00948232 0.03940444
v -0.01718750 -0.00916982 0.00983413
v -0.01718750 -0.00916982 0.03940444
v -0.01718750 -0.00916982 0.00983413
v -0.01718750 -0.00916982 0.03940444
v -0.01515625 -0.00827138 0.00983413
v -0.01515625 -0.00827138 0.03940444
v -0.01515625 -0.00827138 0.00983413
v -0.01515625 -0.00827138 0.03940444
v -0.01328125 -0.00684560 0.00983413
v -0.01328125 -0.00684560 0.03940444
v -0.01328125 -0.00684560 0.00983413
v -0.01328125 -0.00684560 0.03940444
v -0.01171875 -0.00498037 0.00983413
v -0.01171875 -0.00498037 0.03940444
v -0.01171875 -0.00498037 0.00983413
v -0.01171875 -0.00498037 0.03940444
v -0.01093750 -0.00281240 0.00983413
v -0.01093750 -0.00281240 0.03940444
v -0.01093750 0.00184581 0.06899428
v -0.01062500 -0.00047841 0.06899428
v -0.01062500 -0.00047841 0.06899428
v -0.01093750 -0.00281240 0.06899428
v -0.01093750 -0.00281240 0.06899428
v -0.01171875 -0.00498037 0.06899428
v -0.01171875 -0.00498037 0.06899428
v -0.01328125 -0.00684560 0.06899428
v -0.01328125 -0.00684560 0.06899428
v -0.01515625 -0.00827138 0.06899428
v -0.01515625 -0.00827138 0.06899428
v -0.01718750 -0.00916982 0.06899428
v -0.01718750 -0.00916982 0.06899428
v -0.01953125 -0.00948232 0.06899428
v -0.01953125 -0.00948232 0.06899428
v -0.02187500 -0.00916982 0.06899428
v -0.02187500 -0.00916982 0.06899428
v -0.02406250 -0.00827138 0.06899428
v -0.02406250 -0.00827138 0.06899428
v -0.02593750 -0.00684560 0.06899428
v -0.02593750 -0.00684560 0.06899428
v -0.02734375 -0.00498037 0.06899428
v -0.02734375 -0.00498037 0.06899428
v -0.02828125 -0.00281240 0.06899428
v -0.02828125 -0.00281240 0.06899428
v -0.02859375 -0.00047841 0.06899428
v -0.02859375 -0.00047841 0.06899428
v -0.02828125 0.00184581 0.06899428
v -0.02828125 0.00184581 0.06899428
v -0.02734375 0.00402354 0.06899428
v -0.02734375 0.00402354 0.06899428
v -0.02593750 0.00587901 0.06899428
v -0.02593750 0.00587901 0.06899428
v -0.02406250 0.00731456 0.06899428
v -0.02406250 0.00731456 0.06899428
v -0.02187500 0.00821299 0.06899428
v -0.02187500 0.00821299 0.06899428
v -0.01953125 0.00851573 0.06899428
v -0.01953125 0.00851573 0.06899428
v -0.01718750 0.00821299 0.06899428
v -0.01718750 0.00821299 0.06899428
v -0.01515625 0.00731456 0.06899428
v -0.01515625 0.00731456 0.06899428
v -0.01328125 0.00587901 0.06899428
v -0.01328125 0.00587901 0.06899428
v -0.01171875 0.00402354 0.06899428
v -0.01171875 0.00402354 0.06899428
v -0.01093750 0.00184581 0.06899428
v 0.01828125 -0.00201162 0.02899428
v 0.03562500 -0.00201162 0.02899428
v 0.01796875 0.00031260 0.02899428
v 0.03593750 0.00031260 0.02899428
v 0.01828125 0.00264659 0.02899428
v 0.03562500 0.00264659 0.02899428
v 0.01906250 0.00481456 0.02899428
v 0.03468750 0.00481456 0.02899428
v 0.02062500 0.00667979 0.02899428
v 0.03328125 0.00667979 0.02899428
v 0.02234375 0.00810557 0.02899428
v 0.03140625 0.00810557 0.02899428
v 0.02453125 0.00901377 0.02899428
v 0.02921875 0.00901377 0.02899428
v 0.02687500 0.00931651 0.02899428
v 0.03468750 -0.00417959 0.02899428
v 0.01906250 -0.00417959 0.02899428
v 0.03328125 -0.00604482 0.02899428
v 0.02062500 -0.00604482 0.02899428
v 0.03140625 -0.00748037 0.02899428
v 0.02234375 -0.00748037 0.02899428
v 0.02921875 -0.00837881 0.02899428
v 0.02453125 -0.00837881 0.02899428
v 0.02687500 -0.00868154 0.02899428
v 0.02296875 -0.04629872 -0.06899401
v 0.02296875 -0.04629872 -0.05899400
v 0.02296875 -0.05645497 -0.06899401
v 0.02296875 -0.05645497 -0.05899400
v -0.30968751 -0.07668937 0.06899428
v -0.30968751 -0.05688466 0.00881850
v -0.30968751 -0.07668937 -0.06899401
v -0.30968751 -0.05688466 -0.01049791
v -0.30968751 -0.03539052 -0.06899401
v -0.30968751 -0.03539052 -0.01049791
v -0.30968751 -0.03539052 0.06899428
v -0.30968751 -0.03539052 0.00881850
v 0.03828125 0.06016612 -0.06899401
v 0.03828125 0.07667979 -0.06899401
v 0.04421875 0.06016612 -0.06559558
v 0.04421875 0.07667979 -0.06559558
v 0.04421875 0.06016612 -0.06559558
v 0.04421875 0.07667979 -0.06559558
v 0.04968750 0.07667979 -0.06170884
v 0.04968750 0.06016612 -0.06170884
v 0.04968750 0.06016612 -0.06170884
v 0.04968750 0.07667979 -0.06170884
v 0.05500000 0.07667979 -0.05733384
v 0.05500000 0.06016612 -0.05733384
v 0.05500000 0.06016612 -0.05733384
v 0.05500000 0.07667979 -0.05733384
v 0.05968750 0.07667979 -0.05252915
v 0.05968750 0.06016612 -0.05252915
v 0.05968750 0.06016612 -0.05252915
v 0.05968750 0.07667979 -0.05252915
v 0.06406250 0.07667979 -0.04733384
v 0.06406250 0.06016612 -0.04733384
v 0.06406250 0.06016612 -0.04733384
v 0.06406250 0.07667979 -0.04733384
v 0.06796875 0.07667979 -0.04176744
v 0.06796875 0.06016612 -0.04176744
v 0.06796875 0.06016612 -0.04176744
v 0.06796875 0.07667979 -0.04176744
v 0.07140625 0.07667979 -0.03590806
v 0.07140625 0.06016612 -0.03590806
v 0.07140625 0.06016612 -0.03590806
v 0.07140625 0.07667979 -0.03590806
v 0.07421875 0.07667979 -0.02975572
v 0.07421875 0.06016612 -0.02975572
v 0.07421875 0.06016612 -0.02975572
v 0.07421875 0.07667979 -0.02975572
v 0.07656250 0.07667979 -0.02336900
v 0.07656250 0.06016612 -0.02336900
v 0.07656250 0.06016612 -0.02336900
v 0.07656250 0.07667979 -0.02336900
v 0.07828125 0.07667979 -0.01682603
v 0.07828125 0.06016612 -0.01682603
v 0.07828125 0.06016612 -0.01682603
v 0.07828125 0.07667979 -0.01682603
v 0.07953125 0.07667979 -0.01014634
v 0.07953125 0.06016612 -0.01014634
v 0.07953125 0.06016612 -0.01014634
v 0.07953125 0.07667979 -0.01014634
v 0.08000000 0.07667979 -0.00338853
v 0.08000000 0.06016612 -0.00338853
v 0.08000000 0.06016612 -0.00338853
v 0.08000000 0.07667979 -0.00338853
v 0.08000000 0.07667979 0.00338881
v 0.08000000 0.06016612 0.00338881
v 0.08000000 0.06016612 0.00338881
v 0.08000000 0.07667979 0.00338881
v 0.07953125 0.07667979 0.01014662
v 0.07953125 0.06016612 0.01014662
v 0.07953125 0.06016612 0.01014662
v 0.07953125 0.07667979 0.01014662
v 0.07828125 0.07667979 0.01682631
v 0.07828125 0.06016612 0.01682631
v 0.07828125 0.06016612 0.01682631
v 0.07828125 0.07667979 0.01682631
v 0.07656250 0.07667979 0.02336928
v 0.07656250 0.06016612 0.02336928
v 0.07656250 0.06016612 0.02336928
v 0.07656250 0.07667979 0.02336928
v 0.07421875 0.07667979 0.02975600
v 0.07421875 0.06016612 0.02975600
v 0.07421875 0.06016612 0.02975600
v 0.07421875 0.07667979 0.02975600
v 0.07140625 0.07667979 0.03588881
v 0.07140625 0.06016612 0.03588881
v 0.07140625 0.06016612 0.03588881
v 0.07140625 0.07667979 0.03588881
v 0.06796875 0.07667979 0.04176772
v 0.06796875 0.06016612 0.04176772
v 0.06796875 0.06016612 0.04176772
v 0.06796875 0.07667979 0.04176772
v 0.06406250 0.07667979 0.04733412
v 0.06406250 0.06016612 0.04733412
v 0.06406250 0.06016612 0.04733412
v 0.06406250 0.07667979 0.04733412
v 0.05968750 0.07667979 0.05252944
v 0.05968750 0.06016612 0.05252944
v 0.05968750 0.06016612 0.05252944
v 0.05968750 0.07667979 0.05252944
v 0.05500000 0.07667979 0.05733412
v 0.05500000 0.06016612 0.05733412
v 0.05500000 0.06016612 0.05733412
v 0.05500000 0.07667979 0.05733412
v 0.04968750 0.07667979 0.06170912
v 0.04968750 0.06016612 0.06170912
v 0.04968750 0.06016612 0.06170912
v 0.04968750 0.07667979 0.06170912
v 0.04421875 0.07667979 0.06559584
v 0.04421875 0.06016612 0.06559584
v 0.04421875 0.06016612 0.06559584
v 0.04421875 0.07667979 0.06559584
v 0.03828125 0.06016612 0.06899428
v 0.03828125 0.07667979 0.06899428
v 0.03828125 -0.05645497 0.06899428
v 0.03828125 -0.07668937 0.06899428
v 0.04421875 -0.05645497 0.06559584
v 0.04421875 -0.07668937 0.06559584
v 0.04421875 -0.05645497 0.06559584
v 0.04421875 -0.07668937 0.06559584
v 0.04968750 -0.07668937 0.06170912
v 0.04968750 -0.05645497 0.06170912
v 0.04968750 -0.05645497 0.06170912
v 0.04968750 -0.07668937 0.06170912
v 0.05500000 -0.07668937 0.05733412
v 0.05500000 -0.05645497 0.05733412
v 0.05500000 -0.05645497 0.05733412
v 0.05500000 -0.07668937 0.05733412
v 0.05968750 -0.07668937 0.05252944
v 0.05968750 -0.05645497 0.05252944
v 0.05968750 -0.05645497 0.05252944
v 0.05968750 -0.07668937 0.05252944
v 0.06406250 -0.07668937 0.04733412
v 0.06406250 -0.05645497 0.04733412
v 0.06406250 -0.05645497 0.04733412
v 0.06406250 -0.07668937 0.04733412
v 0.06796875 -0.07668937 0.04176772
v 0.06796875 -0.05645497 0.04176772
v 0.06796875 -0.05645497 0.04176772
v 0.06796875 -0.07668937 0.04176772
v 0.07140625 -0.07668937 0.03588881
v 0.07140625 -0.05645497 0.03588881
v 0.07140625 -0.05645497 0.03588881
v 0.07140625 -0.07668937 0.03588881
v 0.07421875 -0.07668937 0.02975600
v 0.07421875 -0.05645497 0.02975600
v 0.07421875 -0.05645497 0.02975600
v 0.07421875 -0.07668937 0.02975600
v 0.07656250 -0.07668937 0.02336928
v 0.07656250 -0.05645497 0.02336928
v 0.07656250 -0.05645497 0.02336928
v 0.07656250 -0.07668937 0.02336928
v 0.07828125 -0.07668937 0.01682631
v 0.07828125 -0.05645497 0.01682631
v 0.07828125 -0.05645497 0.01682631
v 0.07828125 -0.07668937 0.01682631
v 0.07953125 -0.07668937 0.01014662
v 0.07953125 -0.05645497 0.01014662
v 0.07953125 -0.05645497 0.01014662
v 0.07953125 -0.07668937 0.01014662
v 0.08000000 -0.07668937 0.00338881
v 0.08000000 -0.05645497 0.00338881
v 0.08000000 -0.05645497 0.00338881
v 0.08000000 -0.07668937 0.00338881
v 0.08000000 -0.07668937 -0.00338853
v 0.08000000 -0.05645497 -0.00338853
v 0.08000000 -0.05645497 -0.00338853
v 0.08000000 -0.07668937 -0.00338853
v 0.07953125 -0.07668937 -0.01014634
v 0.07953125 -0.05645497 -0.01014634
v 0.07953125 -0.05645497 -0.01014634
v 0.07953125 -0.07668937 -0.01014634
v 0.07828125 -0.07668937 -0.01682603
v 0.07828125 -0.05645497 -0.01682603
v 0.07828125 -0.05645497 -0.01682603
v 0.07828125 -0.07668937 -0.01682603
v 0.07656250 -0.07668937 -0.02336900
v 0.07656250 -0.05645497 -0.02336900
v 0.07656250 -0.05645497 -0.02336900
v 0.07656250 -0.07668937 -0.02336900
v 0.07421875 -0.07668937 -0.02975572
v 0.07421875 -0.05645497 -0.02975572
v 0.07421875 -0.05645497 -0.02975572
v 0.07421875 -0.07668937 -0.02975572
v 0.07140625 -0.07668937 -0.03590806
v 0.07140625 -0.05645497 -0.03590806
v 0.07140625 -0.05645497 -0.03590806
v 0.07140625 -0.07668937 -0.03590806
v 0.06796875 -0.07668937 -0.04176744
v 0.06796875 -0.05645497 -0.04176744
v 0.06796875 -0.05645497 -0.04176744
v 0.06796875 -0.07668937 -0.04176744
v 0.06406250 -0.07668937 -0.04733384
v 0.06406250 -0.05645497 -0.04733384
v 0.06406250 -0.05645497 -0.04733384
v 0.06406250 -0.07668937 -0.04733384
v 0.05968750 -0.07668937 -0.05252915
v 0.05968750 -0.05645497 -0.05252915
v 0.05968750 -0.05645497 -0.05252915
v 0.05968750 -0.07668937 -0.05252915
v 0.05500000 -0.07668937 -0.05733384
v 0.05500000 -0.05645497 -0.05733384
v 0.05500000 -0.05645497 -0.05733384
v 0.05500000 -0.07668937 -0.05733384
v 0.04968750 -0.07668937 -0.06170884
v 0.04968750 -0.05645497 -0.06170884
v 0.04968750 -0.05645497 -0.06170884
v 0.04968750 -0.07668937 -0.06170884
v 0.04421875 -0.07668937 -0.06559558
v 0.04421875 -0.05645497 -0.06559558
v 0.04421875 -0.05645497 -0.06559558
v 0.04421875 -0.07668937 -0.06559558
v 0.03828125 -0.05645497 -0.06899401
v 0.03828125 -0.07668937 -0.06899401
v -0.00328125 -0.07668937 -0.06899401
v -0.00328125 -0.07668937 0.06899428
v -0.30968751 -0.07668937 -0.06899401
v -0.30968751 -0.07668937 0.06899428
f 1 2 3
f 3 2 4
f 3 4 5
f 6 7 1
f 1 7 8
f 1 8 9
f 10 11 6
f 6 11 12
f 6 12 13
f 3 14 10
f 10 14 15
f 10 15 16
f 13 17 6
f 6 17 18
f 6 18 19
f 19 7 6
f 9 20 1
f 1 20 21
f 1 21 22
f 22 2 1
f 5 23 3
f 3 23 24
f 3 24 25
f 25 14 3
f 16 26 10
f 10 26 27
f 10 27 28
f 28 11 10
f 29 30 31
f 31 30 32
f 31 32 33
f 33 32 34
f 33 34 35
f 35 34 36
f 36 34 29
f 36 29 31
f 37 38 39
f 39 38 40
f 39 40 41
f 42 43 37
f 37 43 44
f 37 44 45
f 46 47 42
f 42 47 48
f 42 48 49
f 39 50 46
f 46 50 51
f 46 51 52
f 49 53 42
f 42 53 54
f 42 54 55
f 55 43 42
f 45 56 37
f 37 56 57
f 37 57 58
f 58 38 37
f 41 59 39
f 39 59 60
f 39 60 61
f 61 50 39
f 52 62 46
f 46 62 63
f 46 63 64
f 64 47 46
f 65 66 67
f 67 66 68
f 69 70 71
f 71 70 72
f 73 74 75
f 76 77 78
f 79 80 81
f 82 83 84
f 85 86 87
f 88 89 90
f 91 92 93
f 94 95 96
f 97 98 99
f 100 101 102
f 103 104 105
f 106 107 108
f 109 110 111
f 108 112 113
f 74 114 115
f 80 116 117
f 83 118 84
f 86 119 120
f 89 121 90
f 92 122 123
f 95 124 96
f 98 125 126
f 101 127 102
f 104 128 129
f 130 131 132
f 132 131 133
f 132 133 134
f 134 135 132
f 132 135 136
f 132 136 137
f 137 138 132
f 132 138 139
f 132 139 140
f 140 139 141
f 141 139 142
f 142 139 143
f 143 139 144
f 144 139 145
f 144 145 146
f 146 145 147
f 147 145 148
f 148 145 149
f 149 145 150
f 150 145 151
f 151 145 152
f 152 145 153
f 153 145 154
f 153 154 155
f 139 156 145
f 145 156 157
f 157 156 158
f 157 158 159
f 160 161 145
f 145 161 162
f 145 162 163
f 164 165 160
f 160 165 166
f 160 166 167
f 167 166 168
f 168 166 169
f 169 166 170
f 170 166 171
f 171 166 172
f 171 172 173
f 173 172 174
f 174 172 175
f 174 175 176
f 176 175 177
f 178 179 164
f 164 179 165
f 166 180 172
f 172 180 181
f 172 181 182
f 182 183 172
f 172 183 184
f 172 184 185
f 185 186 172
f 172 186 187
f 167 188 160
f 160 188 189
f 160 189 190
f 190 191 160
f 160 191 192
f 160 192 193
f 193 194 160
f 160 194 195
f 160 195 196
f 196 195 197
f 197 195 198
f 197 198 199
f 197 199 200
f 200 199 201
f 200 201 202
f 200 202 203
f 203 202 204
f 203 204 205
f 205 204 206
f 205 206 207
f 207 206 208
f 208 206 209
f 208 209 210
f 210 209 211
f 210 211 212
f 212 211 213
f 212 213 214
f 214 213 215
f 215 213 216
f 216 213 217
f 217 213 218
f 218 213 219
f 218 219 220
f 220 219 221
f 221 219 222
f 222 219 223
f 223 219 224
f 224 219 225
f 224 225 226
f 211 227 213
f 213 227 228
f 229 230 219
f 219 230 225
f 224 226 231
f 231 226 232
f 231 232 233
f 233 232 234
f 233 234 235
f 235 234 236
f 235 236 237
f 237 236 238
f 237 238 239
f 239 238 240
f 239 240 241
f 241 240 242
f 241 242 243
f 243 242 244
f 243 244 245
f 245 244 246
f 245 246 247
f 247 246 248
f 247 248 249
f 249 248 250
f 249 250 207
f 207 250 205
f 234 251 236
f 236 251 252
f 252 251 253
f 252 253 254
f 254 253 255
f 254 255 256
f 254 256 155
f 155 256 257
f 155 257 153
f 140 258 132
f 132 258 259
f 132 259 260
f 260 259 261
f 132 262 130
f 196 263 160
f 160 263 264
f 160 264 265
f 265 161 160
f 163 266 145
f 145 266 154
f 267 268 269
f 269 268 270
f 269 270 271
f 271 270 272
f 272 270 273
f 273 270 274
f 274 270 275
f 274 275 276
f 276 275 277
f 277 275 278
f 278 275 279
f 278 279 280
f 280 279 281
f 280 281 282
f 267 283 268
f 268 283 284
f 268 284 285
f 285 286 268
f 268 286 287
f 268 287 288
f 288 289 268
f 268 289 290
f 268 291 270
f 292 293 282
f 282 293 294
f 282 294 280
f 295 296 292
f 292 296 297
f 292 297 298
f 299 300 295
f 295 300 301
f 295 301 302
f 303 304 299
f 299 304 305
f 299 305 300
f 306 307 303
f 303 307 308
f 303 308 309
f 310 311 306
f 306 311 312
f 306 312 313
f 311 310 314
f 314 310 315
f 314 315 316
f 316 315 317
f 317 315 318
f 317 318 319
f 319 318 320
f 320 318 321
f 320 321 322
f 322 321 323
f 323 321 324
f 324 321 325
f 325 321 326
f 326 321 327
f 327 321 328
f 328 321 329
f 328 329 330
f 330 329 331
f 330 331 332
f 332 331 333
f 333 331 334
f 334 331 335
f 335 331 336
f 336 331 337
f 337 331 338
f 338 331 339
f 339 331 340
f 340 331 341
f 340 341 342
f 342 341 343
f 343 341 344
f 343 344 345
f 345 344 346
f 346 344 303
f 346 303 347
f 347 303 348
f 348 303 309
f 349 350 321
f 321 350 329
f 351 352 350
f 350 352 353
f 350 353 354
f 354 355 350
f 350 355 356
f 350 356 357
f 357 358 350
f 350 358 329
f 329 359 331
f 331 359 360
f 360 359 361
f 360 361 362
f 363 364 331
f 331 364 365
f 331 365 366
f 367 368 363
f 363 368 269
f 363 269 271
f 369 370 367
f 367 370 368
f 302 296 295
f 292 298 371
f 371 298 372
f 371 372 373
f 373 372 374
f 374 372 375
f 374 375 376
f 376 375 363
f 376 363 377
f 377 363 378
f 378 363 379
f 379 363 380
f 380 363 381
f 381 363 382
f 382 363 271
f 375 383 363
f 363 383 384
f 363 384 385
f 385 386 363
f 363 386 364
f 366 387 331
f 331 387 388
f 331 388 341
f 344 389 303
f 303 389 390
f 303 390 391
f 391 304 303
f 371 392 292
f 292 392 393
f 292 393 394
f 394 395 292
f 292 395 293
f 313 307 306
f 396 397 398
f 398 397 399
f 400 401 402
f 402 401 403
f 404 405 406
f 406 405 407
f 408 409 410
f 410 409 411
f 412 413 414
f 414 413 415
f 416 417 418
f 418 419 416
f 416 419 420
f 414 421 412
f 412 421 422
f 410 423 408
f 408 423 424
f 406 425 404
f 404 425 426
f 402 427 400
f 400 427 428
f 398 429 396
f 430 431 432
f 432 431 433
f 432 433 434
f 434 433 435
f 434 435 436
f 436 435 437
f 436 437 438
f 438 437 439
f 438 439 440
f 440 439 441
f 440 441 442
f 442 441 443
f 442 443 444
f 444 443 445
f 444 445 446
f 446 445 447
f 446 447 448
f 448 447 449
f 448 449 450
f 450 449 451
f 450 451 452
f 452 451 453
f 452 453 454
f 454 453 455
f 454 455 456
f 456 455 457
f 458 459 460
f 460 459 461
f 460 461 462
f 462 463 460
f 460 463 464
f 460 464 465
f 465 466 460
f 460 466 467
f 460 467 468
f 468 467 469
f 468 469 470
f 470 469 471
f 471 469 472
f 471 472 473
f 473 472 474
f 474 472 475
f 474 475 476
f 476 475 477
f 477 475 478
f 478 475 479
f 478 479 480
f 480 479 481
f 481 479 482
f 482 479 483
f 483 479 484
f 483 484 485
f 485 484 486
f 486 484 487
f 487 484 488
f 488 484 489
f 489 484 490
f 489 490 491
f 491 490 492
f 492 490 493
f 493 490 494
f 493 494 495
f 495 494 496
f 496 494 497
f 496 497 498
f 498 497 499
f 499 497 500
f 499 500 501
f 501 500 502
f 501 502 503
f 503 504 501
f 501 504 505
f 501 505 506
f 506 507 501
f 501 507 508
f 501 508 509
f 510 511 512
f 512 511 513
f 514 515 516
f 514 516 517
f 518 519 520
f 518 520 521
f 522 523 524
f 522 524 525
f 526 527 528
f 526 528 529
f 530 531 532
f 530 532 533
f 534 535 536
f 534 536 537
f 538 539 540
f 538 540 541
f 542 543 544
f 542 544 545
f 546 547 548
f 546 548 549
f 550 551 552
f 550 552 553
f 554 555 556
f 554 556 557
f 558 559 560
f 558 560 561
f 562 563 564
f 562 564 565
f 566 567 568
f 566 568 569
f 570 571 572
f 570 572 573
f 574 575 576
f 574 576 577
f 578 579 580
f 578 580 581
f 582 583 584
f 582 584 585
f 586 587 588
f 586 588 589
f 590 591 592
f 590 592 593
f 594 595 596
f 594 596 597
f 598 599 600
f 598 600 601
f 602 603 604
f 602 604 605
f 606 607 608
f 608 607 609
f 610 611 612
f 612 611 613
f 612 613 614
f 614 615 612
f 612 615 616
f 612 616 617
f 617 618 612
f 612 618 619
f 612 619 620
f 620 621 612
f 612 621 622
f 612 622 623
f 623 624 612
f 612 624 625
f 612 625 626
f 626 627 612
f 612 627 628
f 612 628 629
f 629 630 612
f 612 630 631
f 612 631 632
f 632 633 612
f 612 633 634
f 612 634 635
f 635 636 612
f 612 636 637
f 638 639 640
f 640 639 641
f 640 641 642
f 642 643 640
f 640 643 644
f 640 644 645
f 645 646 640
f 640 646 647
f 640 647 648
f 648 647 649
f 648 649 650
f 650 649 651
f 651 649 652
f 651 652 653
f 653 652 654
f 654 652 655
f 654 655 656
f 656 655 657
f 657 655 658
f 658 655 659
f 658 659 660
f 660 659 661
f 661 659 662
f 662 659 663
f 663 659 664
f 663 664 665
f 665 664 666
f 666 664 667
f 667 664 668
f 668 664 669
f 669 664 670
f 669 670 671
f 671 670 672
f 672 670 673
f 673 670 674
f 673 674 675
f 675 674 676
f 676 674 677
f 676 677 678
f 678 677 679
f 679 677 680
f 679 680 681
f 681 680 682
f 681 682 683
f 683 684 681
f 681 684 685
f 681 685 686
f 686 687 681
f 681 687 688
f 681 688 689
f 690 691 692
f 692 691 693
f 694 695 696
f 694 696 697
f 698 699 700
f 698 700 701
f 702 703 704
f 702 704 705
f 706 707 708
f 706 708 709
f 710 711 712
f 710 712 713
f 714 715 716
f 714 716 717
f 718 719 720
f 718 720 721
f 722 723 724
f 722 724 725
f 726 727 728
f 726 728 729
f 730 731 732
f 730 732 733
f 734 735 736
f 734 736 737
f 738 739 740
f 738 740 741
f 742 743 744
f 742 744 745
f 746 747 748
f 746 748 749
f 750 751 752
f 750 752 753
f 754 755 756
f 754 756 757
f 758 759 760
f 758 760 761
f 762 763 764
f 762 764 765
f 766 767 768
f 766 768 769
f 770 771 772
f 770 772 773
f 774 775 776
f 774 776 777
f 778 779 780
f 778 780 781
f 782 783 784
f 782 784 785
f 786 787 788
f 788 787 789
f 790 791 792
f 792 791 793
f 792 793 794
f 794 793 795
f 794 795 796
f 792 797 790
f 798 799 800
f 800 799 801
f 800 801 802
f 802 801 803
f 802 803 804
f 804 803 805
f 804 805 806
f 806 805 807
f 806 807 808
f 808 807 809
f 808 809 810
f 810 809 811
f 810 811 812
f 812 811 813
f 812 813 814
f 814 813 815
f 814 815 816
f 816 815 817
f 816 817 818
f 818 817 819
f 818 819 820
f 818 820 821
f 821 820 822
f 821 822 823
f 823 822 824
f 823 824 825
f 825 826 823
f 823 826 827
f 827 826 828
f 827 828 829
f 829 828 830
f 829 830 831
f 829 831 832
f 832 831 833
f 832 833 834
f 834 833 835
f 834 835 836
f 836 835 837
f 836 837 838
f 838 837 839
f 838 839 840
f 840 839 841
f 840 841 842
f 842 841 843
f 842 843 844
f 844 843 845
f 844 845 846
f 846 845 847
f 846 847 848
f 848 847 849
f 848 849 850
f 851 852 853
f 853 852 854
f 853 854 855
f 855 854 856
f 855 856 857
f 857 856 858
f 857 858 859
f 859 858 860
f 859 860 861
f 861 860 862
f 861 862 863
f 863 862 864
f 863 864 865
f 865 864 866
f 865 866 867
f 867 866 868
f 867 868 869
f 869 868 870
f 869 870 871
f 871 870 872
f 871 872 873
f 871 873 874
f 874 873 875
f 874 875 876
f 876 875 877
f 876 877 878
f 878 879 876
f 876 879 880
f 880 879 881
f 880 881 882
f 882 881 883
f 882 883 884
f 882 884 885
f 885 884 886
f 885 886 887
f 887 886 888
f 887 888 889
f 889 888 890
f 889 890 891
f 891 890 892
f 891 892 893
f 893 892 894
f 893 894 895
f 895 894 896
f 895 896 897
f 897 896 898
f 897 898 899
f 899 898 900
f 899 900 901
f 901 900 902
f 901 902 903
f 904 905 906
f 906 905 907
f 908 909 910
f 910 909 911
f 912 913 914
f 914 913 915
f 916 917 918
f 918 917 919
f 920 921 922
f 922 921 923
f 924 925 926
f 926 925 927
f 928 929 930
f 930 929 931
f 932 933 934
f 934 933 935
f 936 937 938
f 938 937 939
f 940 941 942
f 942 941 943
f 944 945 946
f 946 945 947
f 948 949 950
f 950 949 951
f 952 953 954
f 954 953 955
f 956 957 958
f 958 957 959
f 960 961 962
f 962 961 963
f 964 965 966
f 966 965 967
f 968 969 970
f 970 969 971
f 972 973 974
f 974 973 975
f 976 977 978
f 978 977 979
f 980 981 982
f 982 981 983
f 984 985 986
f 986 985 987
f 988 989 990
f 990 989 991
f 992 993 994
f 994 993 995
f 996 997 998
f 998 997 999
f 999 997 1000
f 1000 997 1001
f 1000 1001 1002
f 1003 1004 1005
f 1005 1004 1006
f 1007 1008 1009
f 1010 1011 1012
f 1013 1014 1015
f 1016 1017 1018
f 1019 1020 1021
f 1022 1023 1024
f 1025 1026 1027
f 1028 1029 1030
f 1031 1032 1033
f 1034 1035 1036
f 1037 1038 1039
f 1040 1041 1042
f 1043 1044 1045
f 1046 1047 1048
f 1049 1050 1051
f 1052 1053 1054
f 1055 1056 1057
f 1058 1059 1060
f 1061 1062 1063
f 1064 1065 1066
f 1067 1068 1069
f 1070 1071 1072
f 1073 1074 1075
f 1076 1077 1078
f 1079 1080 1081
f 1082 1083 1084
f 1085 1086 1087
f 1088 1089 1090
f 1091 1092 1093
f 1093 1092 1094
f 1095 1096 1097
f 1097 1096 1098
f 1099 1100 1101
f 1102 1103 1104
f 1105 1106 1107
f 1108 1109 1110
f 1111 1112 1113
f 1114 1115 1116
f 1117 1118 1119
f 1119 1118 1120
f 1121 1122 1123
f 1124 1125 1126
f 1127 1128 1129
f 1130 1131 1132
f 1133 1134 1135
f 1135 1134 1136
f 1137 1138 1139
f 1140 1141 1142
f 1143 1144 1145
f 1146 1147 1148
f 1149 1150 1151
f 1152 1153 1154
f 1155 1156 1157
f 1155 1157 1158
f 1159 1160 1161
f 1162 1163 1164
f 1165 1166 1167
f 1168 1169 1170
f 1171 1172 1173
f 1174 1175 1176
f 1177 1178 1179
f 1180 1181 1182
f 1183 1184 1185
f 1186 1187 1188
f 1189 1190 1191
f 1189 1191 1192
f 1193 1194 1195
f 1196 1197 1198
f 1199 1200 1201
f 1202 1203 1204
f 1205 1206 1207
f 1208 1209 1210
f 1211 1212 1213
f 1214 1215 1216
f 1217 1218 1219
f 1219 1218 1220
f 1219 1220 1221
f 1221 1220 1222
f 1223 1224 1225
f 1225 1224 1226
f 1227 1228 1229
f 1227 1229 1230
f 1231 1232 1233
f 1231 1233 1234
f 1235 1236 1237
f 1235 1237 1238
f 1239 1240 1241
f 1239 1241 1242
f 1243 1244 1245
f 1243 1245 1246
f 1247 1248 1249
f 1247 1249 1250
f 1251 1252 1253
f 1251 1253 1254
f 1255 1256 1257
f 1255 1257 1258
f 1259 1260 1261
f 1259 1261 1262
f 1263 1264 1265
f 1263 1265 1266
f 1267 1268 1269
f 1267 1269 1270
f 1271 1272 1273
f 1271 1273 1274
f 1275 1276 1277
f 1275 1277 1278
f 1279 1280 1281
f 1279 1281 1282
f 1283 1284 1285
f 1283 1285 1286
f 1287 1288 1289
f 1287 1289 1290
f 1291 1292 1293
f 1291 1293 1294
f 1295 1296 1297
f 1295 1297 1298
f 1299 1300 1301
f 1299 1301 1302
f 1303 1304 1305
f 1303 1305 1306
f 1307 1308 1309
f 1307 1309 1310
f 1311 1312 1313
f 1311 1313 1314
f 1315 1316 1317
f 1315 1317 1318
f 1319 1320 1321
f 1321 1320 1322
f 1323 1324 1325
f 1325 1324 1326
f 1327 1328 1329
f 1329 1328 1330
f 1331 1332 1333
f 1333 1332 1334
f 1335 1336 1337
f 1337 1336 1338
f 1339 1340 1341
f 1341 1340 1342
f 1343 1344 1345
f 1345 1344 1346
f 1347 1348 1349
f 1349 1348 1350
f 1351 1352 1353
f 1353 1352 1354
f 1355 1356 1357
f 1357 1356 1358
f 1359 1360 1361
f 1361 1360 1362
f 1363 1364 1365
f 1365 1364 1366
f 1367 1368 1369
f 1369 1368 1370
f 1371 1372 1373
f 1373 1372 1374
f 1375 1376 1377
f 1377 1376 1378
f 1379 1380 1381
f 1381 1380 1382
f 1383 1384 1385
f 1385 1384 1386
f 1387 1388 1389
f 1389 1388 1390
f 1391 1392 1393
f 1393 1392 1394
f 1395 1396 1397
f 1397 1396 1398
f 1399 1400 1401
f 1401 1400 1402
f 1403 1404 1405
f 1405 1404 1406
f 1407 1408 1409
f 1409 1408 1410
f 1411 1412 1413
f 1413 1412 1414
f 1415 1416 1417
f 1417 1416 1418
f 1419 1330 1420
f 1420 1330 1328
f 1421 1326 1422
f 1422 1326 1324
f 1423 1418 1424
f 1424 1418 1416
f 1425 1414 1426
f 1426 1414 1412
f 1427 1410 1428
f 1428 1410 1408
f 1429 1406 1430
f 1430 1406 1404
f 1431 1402 1432
f 1432 1402 1400
f 1433 1398 1434
f 1434 1398 1396
f 1435 1394 1436
f 1436 1394 1392
f 1437 1390 1438
f 1438 1390 1388
f 1439 1386 1440
f 1440 1386 1384
f 1441 1382 1442
f 1442 1382 1380
f 1443 1378 1444
f 1444 1378 1376
f 1445 1374 1446
f 1446 1374 1372
f 1447 1370 1448
f 1448 1370 1368
f 1449 1366 1450
f 1450 1366 1364
f 1451 1362 1452
f 1452 1362 1360
f 1453 1358 1454
f 1454 1358 1356
f 1455 1354 1456
f 1456 1354 1352
f 1457 1350 1458
f 1458 1350 1348
f 1459 1346 1460
f 1460 1346 1344
f 1461 1342 1462
f 1462 1342 1340
f 1463 1338 1464
f 1464 1338 1336
f 1465 1334 1466
f 1466 1334 1332
f 1467 1468 1469
f 1469 1468 1470
f 1471 1472 1473
f 1473 1472 1474
f 1475 1476 1477
f 1477 1476 1478
f 1479 1480 1481
f 1481 1480 1482
f 1483 1484 1485
f 1485 1484 1486
f 1487 1488 1489
f 1489 1488 1490
f 1491 1492 1493
f 1493 1492 1494
f 1495 1496 1497
f 1497 1496 1498
f 1499 1500 1501
f 1501 1500 1502
f 1503 1504 1505
f 1505 1504 1506
f 1507 1508 1509
f 1509 1508 1510
f 1511 1512 1513
f 1513 1512 1514
f 1515 1516 1517
f 1517 1516 1518
f 1519 1520 1521
f 1521 1520 1522
f 1523 1524 1525
f 1525 1524 1526
f 1527 1528 1529
f 1529 1528 1530
f 1531 1532 1533
f 1533 1532 1534
f 1535 1536 1537
f 1537 1536 1538
f 1539 1540 1541
f 1541 1540 1542
f 1543 1544 1545
f 1545 1544 1546
f 1547 1548 1549
f 1549 1548 1550
f 1551 1552 1553
f 1553 1552 1554
f 1555 1556 1557
f 1557 1556 1558
f 1559 1560 1561
f 1561 1560 1562
f 1563 1564 1565
f 1565 1564 1566
f 1567 1568 1569
f 1569 1568 1570
f 1571 1572 1573
f 1573 1572 1574
f 1575 1576 1577
f 1577 1576 1578
f 1579 1580 1581
f 1581 1580 1582
f 1583 1584 1585
f 1585 1584 1586
f 1587 1588 1589
f 1589 1588 1590
f 1591 1592 1593
f 1593 1592 1594
f 1595 1596 1597
f 1597 1596 1598
f 1599 1600 1601
f 1601 1600 1602
f 1603 1604 1605
f 1605 1604 1606
f 1607 1608 1609
f 1609 1608 1610
f 1611 1612 1613
f 1613 1612 1614
f 1615 1616 1617
f 1617 1616 1618
f 1619 1620 1621
f 1621 1620 1622
f 1623 1624 1625
f 1625 1624 1626
f 1627 1628 1629
f 1629 1628 1630
f 1631 1632 1633
f 1633 1632 1634
f 1635 1636 1637
f 1637 1636 1638
f 1639 1640 1641
f 1641 1640 1642
f 1643 1644 1645
f 1645 1644 1646
f 1647 1648 1649
f 1649 1648 1650
f 1651 1652 1653
f 1653 1652 1654
f 1655 1656 1657
f 1657 1656 1658
f 1472 1566 1474
f 1474 1566 1564
f 1476 1658 1478
f 1478 1658 1656
f 1480 1654 1482
f 1482 1654 1652
f 1484 1650 1486
f 1486 1650 1648
f 1488 1646 1490
f 1490 1646 1644
f 1492 1642 1494
f 1494 1642 1640
f 1496 1638 1498
f 1498 1638 1636
f 1500 1634 1502
f 1502 1634 1632
f 1504 1630 1506
f 1506 1630 1628
f 1508 1626 1510
f 1510 1626 1624
f 1512 1622 1514
f 1514 1622 1620
f 1516 1618 1518
f 1518 1618 1616
f 1520 1614 1522
f 1522 1614 1612
f 1524 1610 1526
f 1526 1610 1608
f 1528 1606 1530
f 1530 1606 1604
f 1532 1602 1534
f 1534 1602 1600
f 1536 1598 1538
f 1538 1598 1596
f 1540 1594 1542
f 1542 1594 1592
f 1544 1590 1546
f 1546 1590 1588
f 1548 1586 1550
f 1550 1586 1584
f 1552 1582 1554
f 1554 1582 1580
f 1556 1578 1558
f 1558 1578 1576
f 1560 1574 1562
f 1562 1574 1572
f 1468 1570 1470
f 1470 1570 1568
f 1659 1660 1661
f 1661 1660 1662
f 1662 1660 1663
f 1662 1663 1664
f 1664 1663 1665
f 1664 1665 1666
f 1666 1665 1667
f 1666 1667 1668
f 1668 1667 1669
f 1668 1669 1670
f 1670 1669 1671
f 1670 1671 1672
f 1672 1671 1673
f 1672 1673 1674
f 1674 1673 1675
f 1674 1675 1676
f 1676 1675 1677
f 1676 1677 1678
f 1678 1677 1679
f 1678 1679 1680
f 1680 1679 1681
f 1681 1679 1682
f 1681 1682 1683
f 1683 1682 1684
f 1683 1684 1685
f 1685 1684 1686
f 1686 1684 1687
f 1687 1684 1688
f 1687 1688 1689
f 1689 1688 1690
f 1689 1690 1691
f 1691 1690 1692
f 1692 1690 1693
f 1692 1693 1694
f 1694 1693 1695
f 1694 1695 1696
f 1696 1695 1697
f 1696 1697 1698
f 1698 1697 1699
f 1698 1699 1700
f 1700 1699 1701
f 1700 1701 1702
f 1702 1701 1703
f 1702 1703 1704
f 1704 1703 1705
f 1704 1705 1706
f 1706 1705 1707
f 1706 1707 1708
f 1708 1707 1709
f 1708 1709 1710
f 1710 1709 1711
f 1712 1713 1714
f 1714 1713 1715
f 1716 1717 1718
f 1718 1717 1719
f 1718 1719 1720
f 1720 1719 1721
f 1720 1721 1722
f 1722 1721 1723
f 1722 1723 1724
f 1724 1723 1725
f 1724 1725 1726
f 1726 1725 1727
f 1726 1727 1728
f 1728 1727 1729
f 1728 1729 1730
f 1730 1729 1731
f 1730 1731 1732
f 1732 1731 1733
f 1732 1733 1734
f 1734 1733 1735
f 1734 1735 1736
f 1736 1735 1737
f 1736 1737 1738
f 1736 1738 1739
f 1739 1738 1740
f 1739 1740 1741
f 1741 1740 1742
f 1741 1742 1743
f 1743 1744 1741
f 1741 1744 1745
f 1745 1744 1746
f 1745 1746 1747
f 1747 1746 1748
f 1747 1748 1749
f 1747 1749 1750
f 1750 1749 1751
f 1750 1751 1752
f 1752 1751 1753
f 1752 1753 1754
f 1754 1753 1755
f 1754 1755 1756
f 1756 1755 1757
f 1756 1757 1758
f 1758 1757 1759
f 1758 1759 1760
f 1760 1759 1761
f 1760 1761 1762
f 1762 1761 1763
f 1762 1763 1764
f 1764 1763 1765
f 1764 1765 1766
f 1766 1765 1767
f 1766 1767 1768
f 1769 1770 1771
f 1771 1770 1772
f 1773 1774 1775
f 1773 1775 1776
f 1777 1778 1779
f 1777 1779 1780
f 1781 1782 1783
f 1781 1783 1784
f 1785 1786 1787
f 1785 1787 1788
f 1789 1790 1791
f 1789 1791 1792
f 1793 1794 1795
f 1793 1795 1796
f 1797 1798 1799
f 1797 1799 1800
f 1801 1802 1803
f 1801 1803 1804
f 1805 1806 1807
f 1805 1807 1808
f 1809 1810 1811
f 1809 1811 1812
f 1813 1814 1815
f 1813 1815 1816
f 1817 1818 1819
f 1817 1819 1820
f 1821 1822 1823
f 1821 1823 1824
f 1825 1826 1827
f 1825 1827 1828
f 1829 1830 1831
f 1829 1831 1832
f 1833 1834 1835
f 1833 1835 1836
f 1837 1838 1839
f 1837 1839 1840
f 1841 1842 1843
f 1841 1843 1844
f 1845 1846 1847
f 1845 1847 1848
f 1849 1850 1851
f 1849 1851 1852
f 1853 1854 1855
f 1853 1855 1856
f 1857 1858 1859
f 1857 1859 1860
f 1861 1862 1863
f 1861 1863 1864
f 1865 1866 1867
f 1867 1866 1868
f 1869 1870 1871
f 1871 1870 1872
f 1871 1872 1873
f 1873 1872 1874
f 1873 1874 1875
f 1875 1874 1876
f 1875 1876 1877
f 1877 1876 1878
f 1877 1878 1879
f 1879 1878 1880
f 1879 1880 1881
f 1881 1880 1882
f 1881 1882 1883
f 1883 1882 1884
f 1883 1884 1885
f 1885 1884 1886
f 1885 1886 1887
f 1887 1886 1888
f 1887 1888 1889
f 1889 1888 1890
f 1889 1890 1891
f 1889 1891 1892
f 1892 1891 1893
f 1892 1893 1894
f 1894 1893 1895
f 1894 1895 1896
f 1896 1897 1894
f 1894 1897 1898
f 1898 1897 1899
f 1898 1899 1900
f 1900 1899 1901
f 1900 1901 1902
f 1900 1902 1903
f 1903 1902 1904
f 1903 1904 1905
f 1905 1904 1906
f 1905 1906 1907
f 1907 1906 1908
f 1907 1908 1909
f 1909 1908 1910
f 1909 1910 1911
f 1911 1910 1912
f 1911 1912 1913
f 1913 1912 1914
f 1913 1914 1915
f 1915 1914 1916
f 1915 1916 1917
f 1917 1916 1918
f 1917 1918 1919
f 1919 1918 1920
f 1919 1920 1921
f 1922 1923 1924
f 1924 1923 1925
f 1926 1927 1928
f 1928 1927 1929
f 1929 1927 1930
f 1929 1930 1931
f 1931 1930 1932
f 1931 1932 1933
f 1933 1932 1934
f 1933 1934 1935
f 1935 1934 1936
f 1935 1936 1937
f 1937 1936 1938
f 1937 1938 1939
f 1939 1938 1940
f 1939 1940 1941
f 1941 1940 1942
f 1941 1942 1943
f 1943 1942 1944
f 1943 1944 1945
f 1945 1944 1946
f 1945 1946 1947
f 1947 1946 1948
f 1948 1946 1949
f 1948 1949 1950
f 1950 1949 1951
f 1950 1951 1952
f 1952 1951 1953
f 1953 1951 1954
f 1954 1951 1955
f 1954 1955 1956
f 1956 1955 1957
f 1956 1957 1958
f 1958 1957 1959
f 1959 1957 1960
f 1959 1960 1961
f 1961 1960 1962
f 1961 1962 1963
f 1963 1962 1964
f 1963 1964 1965
f 1965 1964 1966
f 1965 1966 1967
f 1967 1966 1968
f 1967 1968 1969
f 1969 1968 1970
f 1969 1970 1971
f 1971 1970 1972
f 1971 1972 1973
f 1973 1972 1974
f 1973 1974 1975
f 1975 1974 1976
f 1975 1976 1977
f 1977 1976 1978
f 1979 1980 1981
f 1981 1980 1982
f 1983 1984 1985
f 1983 1985 1986
f 1987 1988 1989
f 1987 1989 1990
f 1991 1992 1993
f 1991 1993 1994
f 1995 1996 1997
f 1995 1997 1998
f 1999 2000 2001
f 1999 2001 2002
f 2003 2004 2005
f 2003 2005 2006
f 2007 2008 2009
f 2007 2009 2010
f 2011 2012 2013
f 2011 2013 2014
f 2015 2016 2017
f 2015 2017 2018
f 2019 2020 2021
f 2019 2021 2022
f 2023 2024 2025
f 2023 2025 2026
f 2027 2028 2029
f 2027 2029 2030
f 2031 2032 2033
f 2031 2033 2034
f 2035 2036 2037
f 2035 2037 2038
f 2039 2040 2041
f 2039 2041 2042
f 2043 2044 2045
f 2043 2045 2046
f 2047 2048 2049
f 2047 2049 2050
f 2051 2052 2053
f 2051 2053 2054
f 2055 2056 2057
f 2055 2057 2058
f 2059 2060 2061
f 2059 2061 2062
f 2063 2064 2065
f 2063 2065 2066
f 2067 2068 2069
f 2067 2069 2070
f 2071 2072 2073
f 2071 2073 2074
f 2075 2076 2077
f 2077 2076 2078
f 2079 2080 2081
f 2081 2080 2082
f 2081 2082 2083
f 2083 2082 2084
f 2083 2084 2085
f 2085 2084 2086
f 2085 2086 2087
f 2087 2086 2088
f 2087 2088 2089
f 2089 2088 2090
f 2089 2090 2091
f 2091 2090 2092
f 2091 2092 2093
f 2093 2092 2094
f 2093 2094 2095
f 2095 2094 2096
f 2095 2096 2097
f 2097 2096 2098
f 2097 2098 2099
f 2099 2098 2100
f 2099 2100 2101
f 2099 2101 2102
f 2102 2101 2103
f 2102 2103 2104
f 2104 2103 2105
f 2104 2105 2106
f 2106 2107 2104
f 2104 2107 2108
f 2108 2107 2109
f 2108 2109 2110
f 2110 2109 2111
f 2110 2111 2112
f 2110 2112 2113
f 2113 2112 2114
f 2113 2114 2115
f 2115 2114 2116
f 2115 2116 2117
f 2117 2116 2118
f 2117 2118 2119
f 2119 2118 2120
f 2119 2120 2121
f 2121 2120 2122
f 2121 2122 2123
f 2123 2122 2124
f 2123 2124 2125
f 2125 2124 2126
f 2125 2126 2127
f 2127 2126 2128
f 2127 2128 2129
f 2129 2128 2130
f 2129 2130 2131
f 2132 2133 2134
f 2134 2133 2135
f 2136 2137 2138
f 2138 2137 2139
f 2139 2137 2140
f 2139 2140 2141
f 2141 2140 2142
f 2141 2142 2143
f 2143 2142 2144
f 2143 2144 2145
f 2145 2144 2146
f 2145 2146 2147
f 2147 2146 2148
f 2147 2148 2149
f 2149 2148 2150
f 2149 2150 2151
f 2151 2150 2152
f 2151 2152 2153
f 2153 2152 2154
f 2153 2154 2155
f 2155 2154 2156
f 2155 2156 2157
f 2157 2156 2158
f 2158 2156 2159
f 2158 2159 2160
f 2160 2159 2161
f 2160 2161 2162
f 2162 2161 2163
f 2163 2161 2164
f 2164 2161 2165
f 2164 2165 2166
f 2166 2165 2167
f 2166 2167 2168
f 2168 2167 2169
f 2169 2167 2170
f 2169 2170 2171
f 2171 2170 2172
f 2171 2172 2173
f 2173 2172 2174
f 2173 2174 2175
f 2175 2174 2176
f 2175 2176 2177
f 2177 2176 2178
f 2177 2178 2179
f 2179 2178 2180
f 2179 2180 2181
f 2181 2180 2182
f 2181 2182 2183
f 2183 2182 2184
f 2183 2184 2185
f 2185 2184 2186
f 2185 2186 2187
f 2187 2186 2188
f 2189 2190 2191
f 2191 2190 2192
f 2193 2194 2195
f 2195 2194 2196
f 2196 2194 2197
f 2197 2194 2198
f 2197 2198 2199
f 2199 2198 2200
f 2201 2202 2203
f 2203 2202 2204
f 2205 2206 2207
f 2207 2206 2208
f 2209 2210 2211
f 2211 2210 2212
f 2211 2212 2213
f 2211 2213 2214
f 2214 2213 2215
f 2214 2215 2216
f 2217 2218 2219
f 2219 2218 2220
f 2221 2222 2223
f 2223 2222 2224
f 2223 2224 2225
f 2225 2224 2226
f 2225 2226 2227
f 2227 2226 2228
f 2227 2228 2229
f 2227 2229 2230
f 2230 2229 2231
f 2230 2231 2232
f 2232 2231 2233
f 2232 2233 2234
f 2232 2234 2235
f 2235 2234 2236
f 2235 2236 2237
f 2237 2236 2238
f 2237 2238 2239
f 2239 2238 2240
f 2239 2240 2241
f 2239 2241 2242
f 2242 2241 2243
f 2242 2243 2244
f 2244 2243 2245
f 2244 2245 2246
f 2244 2246 2247
f 2247 2246 2248
f 2247 2248 2249
f 2249 2248 2250
f 2249 2250 2251
f 2249 2251 2252
f 2252 2251 2253
f 2252 2253 2254
f 2254 2253 2255
f 2254 2255 2256
f 2254 2256 2257
f 2257 2256 2258
f 2257 2258 2259
f 2259 2258 2260
f 2259 2260 2261
f 2259 2261 2262
f 2262 2261 2263
f 2262 2263 2264
f 2264 2263 2265
f 2264 2265 2266
f 2264 2266 2267
f 2267 2266 2268
f 2267 2268 2269
f 2269 2268 2270
f 2269 2270 2271
f 2271 2270 2272
f 2271 2272 2273
f 2271 2273 2274
f 2274 2273 2275
f 2274 2275 2276
f 2276 2275 2277
f 2276 2277 2278
f 2276 2278 2279
f 2279 2278 2221
f 2279 2221 2223
f 2280 2281 2282
f 2282 2281 2283
f 2282 2283 2284
f 2284 2283 2285
f 2285 2283 2286
f 2287 2288 2289
f 2289 2288 2290
f 2289 2290 2291
f 2291 2290 2292
f 2291 2292 2293
f 2293 2292 2294
f 2293 2294 2295
f 2293 2295 2296
f 2296 2295 2297
f 2296 2297 2298
f 2298 2297 2299
f 2298 2299 2300
f 2298 2300 2301
f 2301 2300 2302
f 2301 2302 2303
f 2303 2302 2304
f 2303 2304 2305
f 2305 2304 2306
f 2305 2306 2307
f 2305 2307 2308
f 2308 2307 2309
f 2308 2309 2310
f 2310 2309 2311
f 2310 2311 2312
f 2310 2312 2313
f 2313 2312 2314
f 2313 2314 2315
f 2315 2314 2316
f 2315 2316 2317
f 2315 2317 2318
f 2318 2317 2319
f 2318 2319 2320
f 2320 2319 2321
f 2320 2321 2322
f 2320 2322 2323
f 2323 2322 2324
f 2323 2324 2325
f 2325 2324 2326
f 2325 2326 2327
f 2325 2327 2328
f 2328 2327 2329
f 2328 2329 2330
f 2330 2329 2331
f 2330 2331 2332
f 2330 2332 2333
f 2333 2332 2334
f 2333 2334 2335
f 2335 2334 2336
f 2335 2336 2337
f 2337 2336 2338
f 2337 2338 2339
f 2337 2339 2340
f 2340 2339 2341
f 2340 2341 2342
f 2342 2341 2343
f 2342 2343 2344
f 2342 2344 2345
f 2345 2344 2287
f 2345 2287 2289
f 2346 2347 2348
f 2348 2347 2349
f 2350 2351 2352
f 2352 2351 2353
f 2354 2355 2356
f 2356 2355 2357
f 2358 2359 2360
f 2360 2359 2361
f 2362 2363 2364
f 2364 2363 2365
f 2366 2367 2368
f 2368 2367 2369
f 2370 2371 2372
f 2372 2371 2373
f 2374 2375 2376
f 2376 2375 2377
f 2378 2379 2380
f 2380 2379 2381
f 2382 2383 2384
f 2384 2383 2385
f 2386 2387 2388
f 2388 2387 2389
f 2390 2391 2392
f 2392 2391 2393
f 2394 2395 2396
f 2396 2395 2397
f 2398 2399 2400
f 2400 2399 2401
f 2402 2403 2404
f 2404 2403 2405
f 2406 2407 2408
f 2408 2407 2409
f 2410 2411 2412
f 2412 2411 2413
f 2414 2415 2416
f 2416 2415 2417
f 2418 2419 2420
f 2420 2419 2421
f 2422 2423 2424
f 2424 2423 2425
f 2426 2427 2428
f 2428 2427 2429
f 2430 2431 2432
f 2432 2431 2433
f 2434 2435 2436
f 2436 2435 2437
f 2438 2439 2440
f 2440 2439 2441
f 2442 2443 2444
f 2445 2446 2447
f 2448 2449 2450
f 2451 2452 2453
f 2454 2455 2456
f 2457 2458 2459
f 2460 2461 2462
f 2463 2464 2465
f 2466 2467 2468
f 2469 2470 2471
f 2472 2473 2474
f 2475 2476 2477
f 2478 2479 2480
f 2481 2482 2483
f 2484 2485 2486
f 2487 2488 2489
f 2490 2491 2492
f 2492 2491 2493
f 2494 2495 2496
f 2497 2498 2499
f 2500 2501 2502
f 2503 2504 2505
f 2506 2507 2508
f 2509 2510 2511
f 2512 2513 2514
f 2515 2516 2517
f 2518 2519 2520
f 2521 2522 2523
f 2524 2525 2526
f 2527 2528 2529
f 2530 2531 2532
f 2533 2534 2535
f 2536 2537 2538
f 2539 2540 2541
f 2542 2543 2544
f 2545 2546 2547
f 2548 2549 2550
f 2551 2552 2553
f 2554 2555 2556
f 2557 2558 2559
f 2560 2561 2562
f 2563 2564 2565
f 2566 2567 2568
f 2569 2570 2571
f 2572 2573 2574
f 2575 2576 2577
f 2578 2579 2580
f 2581 2582 2583
f 2584 2585 2586
f 2587 2588 2589
f 2590 2591 2592
f 2593 2594 2595
f 2596 2597 2598
f 2599 2600 2601
f 2602 2603 2604
f 2605 2606 2607
f 2608 2609 2610
f 2611 2612 2613
f 2351 2448 2353
f 2353 2448 2450
f 2355 2454 2357
f 2357 2454 2456
f 2359 2463 2361
f 2361 2463 2465
f 2363 2469 2365
f 2365 2469 2471
f 2367 2478 2369
f 2369 2478 2480
f 2371 2484 2373
f 2373 2484 2486
f 2375 2490 2377
f 2377 2490 2492
f 2379 2497 2381
f 2381 2497 2499
f 2383 2503 2385
f 2385 2503 2505
f 2387 2512 2389
f 2389 2512 2514
f 2391 2518 2393
f 2393 2518 2520
f 2395 2524 2397
f 2397 2524 2526
f 2399 2533 2401
f 2401 2533 2535
f 2403 2539 2405
f 2405 2539 2541
f 2407 2548 2409
f 2409 2548 2550
f 2411 2554 2413
f 2413 2554 2556
f 2415 2560 2417
f 2417 2560 2562
f 2419 2569 2421
f 2421 2569 2571
f 2423 2575 2425
f 2425 2575 2577
f 2427 2584 2429
f 2429 2584 2586
f 2431 2590 2433
f 2433 2590 2592
f 2435 2596 2437
f 2437 2596 2598
f 2439 2605 2441
f 2441 2605 2607
f 2347 2611 2349
f 2349 2611 2613
f 2614 2615 2616
f 2616 2615 2617
f 2618 2619 2620
f 2620 2619 2621
f 2622 2623 2624
f 2624 2623 2625
f 2626 2627 2628
f 2628 2627 2629
f 2630 2631 2632
f 2632 2631 2633
f 2634 2635 2636
f 2636 2635 2637
f 2638 2639 2640
f 2640 2639 2641
f 2642 2643 2644
f 2644 2643 2645
f 2646 2647 2648
f 2648 2647 2649
f 2650 2651 2652
f 2652 2651 2653
f 2654 2655 2656
f 2656 2655 2657
f 2658 2659 2660
f 2660 2659 2661
f 2662 2663 2664
f 2664 2663 2665
f 2666 2667 2668
f 2668 2667 2669
f 2670 2671 2672
f 2672 2671 2673
f 2674 2675 2676
f 2676 2675 2677
f 2678 2679 2680
f 2680 2679 2681
f 2682 2683 2684
f 2684 2683 2685
f 2686 2687 2688
f 2688 2687 2689
f 2690 2691 2692
f 2692 2691 2693
f 2694 2695 2696
f 2696 2695 2697
f 2698 2699 2700
f 2700 2699 2701
f 2702 2703 2704
f 2704 2703 2705
f 2706 2707 2708
f 2708 2707 2709
f 2709 2707 2710
f 2710 2707 2711
f 2710 2711 2712
f 2713 2714 2715
f 2715 2714 2716
f 2717 2718 2719
f 2719 2718 2720
f 2721 2722 2723
f 2723 2722 2724
f 2725 2726 2727
f 2727 2726 2728
f 2729 2730 2731
f 2731 2730 2732
f 2733 2734 2735
f 2735 2734 2736
f 2737 2738 2739
f 2739 2738 2740
f 2741 2742 2743
f 2743 2742 2744
f 2745 2746 2747
f 2747 2746 2748
f 2749 2750 2751
f 2751 2750 2752
f 2753 2754 2755
f 2755 2754 2756
f 2757 2758 2759
f 2759 2758 2760
f 2761 2762 2763
f 2763 2762 2764
f 2765 2766 2767
f 2767 2766 2768
f 2769 2770 2771
f 2771 2770 2772
f 2773 2774 2775
f 2775 2774 2776
f 2777 2778 2779
f 2779 2778 2780
f 2781 2782 2783
f 2783 2782 2784
f 2785 2786 2787
f 2787 2786 2788
f 2789 2790 2791
f 2791 2790 2792
f 2793 2794 2795
f 2795 2794 2796
f 2797 2798 2799
f 2799 2798 2800
f 2801 2802 2803
f 2803 2802 2804
f 2805 2806 2807
f 2807 2806 2808
f 2809 2810 2811
f 2812 2813 2814
f 2815 2816 2817
f 2818 2819 2820
f 2821 2822 2823
f 2818 2824 2825
f 2826 2827 2828
f 2829 2830 2831
f 2832 2833 2834
f 2835 2836 2837
f 2838 2839 2840
f 2841 2842 2843
f 2844 2845 2846
f 2847 2848 2849
f 2850 2851 2852
f 2853 2854 2855
f 2856 2857 2858
f 2859 2860 2861
f 2862 2863 2864
f 2865 2866 2867
f 2868 2869 2870
f 2871 2872 2873
f 2874 2875 2876
f 2877 2878 2879
f 2880 2881 2882
f 2883 2884 2885
f 2886 2887 2888
f 2889 2890 2891
f 2892 2893 2894
f 2894 2893 2895
f 2896 2897 2898
f 2899 2900 2901
f 2902 2903 2904
f 2904 2903 2905
f 2906 2907 2908
f 2909 2910 2911
f 2912 2913 2914
f 2915 2916 2917
f 2918 2919 2920
f 2921 2922 2923
f 2924 2925 2926
f 2927 2928 2929
f 2930 2931 2932
f 2933 2934 2935
f 2936 2937 2938
f 2938 2937 2939
f 2940 2941 2942
f 2943 2944 2945
f 2946 2947 2948
f 2949 2950 2951
f 2952 2953 2954
f 2955 2956 2957
f 2958 2959 2960
f 2958 2960 2961
f 2962 2963 2964
f 2962 2964 2965
f 2966 2967 2968
f 2969 2970 2971
f 2972 2973 2974
f 2975 2976 2977
f 2978 2979 2980
f 2981 2982 2983
f 2984 2985 2986
f 2987 2988 2989
f 2990 2991 2992
f 2990 2992 2993
f 2994 2995 2996
f 2997 2998 2999
f 3000 3001 3002
f 3003 3004 3005
f 3006 3007 3008
f 3009 3010 3011
f 3012 3013 3014
f 3015 3016 3017
f 3018 3019 3020
f 3020 3019 3021
f 3020 3021 3022
f 3022 3021 3023
f 3024 3025 3026
f 3026 3025 3027
f 3026 3027 3028
f 3028 3027 3029
f 3029 3027 3030
f 3031 3032 3033
f 3033 3032 3034
f 3035 3036 3037
f 3037 3036 3038
f 3039 3040 3041
f 3041 3040 3042
f 3043 3044 3045
f 3045 3044 3046
f 3047 3048 3049
f 3049 3048 3050
f 3051 3052 3053
f 3053 3052 3054
f 3055 3056 3057
f 3057 3056 3058
f 3059 3060 3061
f 3061 3060 3062
f 3063 3064 3065
f 3065 3064 3066
f 3067 3068 3069
f 3069 3068 3070
f 3071 3072 3073
f 3073 3072 3074
f 3075 3076 3077
f 3077 3076 3078
f 3079 3080 3081
f 3081 3080 3082
f 3083 3084 3085
f 3085 3084 3086
f 3087 3088 3089
f 3089 3088 3090
f 3091 3092 3093
f 3093 3092 3094
f 3095 3096 3097
f 3097 3096 3098
f 3099 3100 3101
f 3101 3100 3102
f 3103 3104 3105
f 3105 3104 3106
f 3107 3108 3109
f 3109 3108 3110
f 3111 3112 3113
f 3113 3112 3114
f 3115 3116 3117
f 3117 3116 3118
f 3119 3120 3121
f 3121 3120 3122
f 3123 3124 3125
f 3125 3124 3126
f 3127 3128 3129
f 3129 3128 3130
f 3131 3132 3133
f 3133 3132 3134
f 3135 3136 3137
f 3137 3136 3138
f 3139 3140 3141
f 3141 3140 3142
f 3143 3144 3145
f 3145 3144 3146
f 3147 3148 3149
f 3149 3148 3150
f 3151 3152 3153
f 3153 3152 3154
f 3155 3156 3157
f 3157 3156 3158
f 3159 3160 3161
f 3161 3160 3162
f 3163 3164 3165
f 3165 3164 3166
f 3167 3168 3169
f 3169 3168 3170
f 3171 3172 3173
f 3173 3172 3174
f 3175 3176 3177
f 3177 3176 3178
f 3179 3180 3181
f 3181 3180 3182
f 3183 3184 3185
f 3185 3184 3186
f 3187 3188 3189
f 3189 3188 3190
f 3191 3192 3193
f 3193 3192 3194
f 3195 3196 3197
f 3197 3196 3198
f 3199 3200 3201
f 3201 3200 3202
f 3203 3204 3205
f 3205 3204 3206
f 3207 3208 3209
f 3209 3208 3210
f 3211 3212 3213
f 3213 3212 3214
f 3215 3216 3217
f 3217 3216 3218
f 3219 3220 3221
f 3221 3220 3222
f 3223 3224 3225
f 3225 3224 3226
f 3227 3228 3229
f 3229 3228 3230
f 3231 3232 3233
f 3233 3232 3234
f 3235 3236 3237
f 3237 3236 3238
f 3239 3240 3241
f 3241 3240 3242
f 3243 3244 3245
f 3245 3244 3246
f 3247 3248 3249
f 3249 3248 3250
f 3251 3252 3253
f 3253 3252 3254
f 3255 3256 3257
f 3257 3256 3258
f 3259 3260 3261
f 3261 3260 3262
f 3263 3264 3265
f 3265 3264 3266
f 3267 3268 3269
f 3269 3268 3270
f 3271 3272 3273
f 3273 3272 3274
f 3275 3276 3277
f 3277 3276 3278
f 3279 3280 3281
f 3281 3280 3282
f 3283 3284 3285
f 3285 3284 3286
f 3287 3288 3289
f 3289 3288 3290
f 3291 3292 3293
f 3293 3292 3294
f 3295 3296 3297
f 3297 3296 3298
f 3299 3300 3301
f 3301 3300 3302
f 3303 3304 3305
f 3305 3304 3306
f 3307 3308 3309
f 3309 3308 3310
f 3311 3312 3313
f 3313 3312 3314
f 3315 3316 3317
f 3317 3316 3318
f 3319 3320 3321
f 3321 3320 3322
f 3323 3324 3325
f 3325 3324 3326
f 3327 3328 3329
f 3329 3328 3330
f 3331 3332 3333
f 3333 3332 3334
f 3335 3336 3337
f 3337 3336 3338
f 3339 3340 3341
f 3341 3340 3342
f 3343 3344 3345
f 3345 3344 3346
f 3347 3348 3349
f 3349 3348 3350
f 3351 3352 3353
f 3353 3352 3354
f 3355 3266 3356
f 3356 3266 3264
f 3357 3262 3358
f 3358 3262 3260
f 3359 3354 3360
f 3360 3354 3352
f 3361 3350 3362
f 3362 3350 3348
f 3363 3346 3364
f 3364 3346 3344
f 3365 3342 3366
f 3366 3342 3340
f 3367 3338 3368
f 3368 3338 3336
f 3369 3334 3370
f 3370 3334 3332
f 3371 3330 3372
f 3372 3330 3328
f 3373 3326 3374
f 3374 3326 3324
f 3375 3322 3376
f 3376 3322 3320
f 3377 3318 3378
f 3378 3318 3316
f 3379 3314 3380
f 3380 3314 3312
f 3381 3310 3382
f 3382 3310 3308
f 3383 3306 3384
f 3384 3306 3304
f 3385 3302 3386
f 3386 3302 3300
f 3387 3298 3388
f 3388 3298 3296
f 3389 3294 3390
f 3390 3294 3292
f 3391 3290 3392
f 3392 3290 3288
f 3393 3286 3394
f 3394 3286 3284
f 3395 3282 3396
f 3396 3282 3280
f 3397 3278 3398
f 3398 3278 3276
f 3399 3274 3400
f 3400 3274 3272
f 3401 3270 3402
f 3402 3270 3268
f 3403 3404 3405
f 3405 3404 3406
f 3405 3406 3407
f 3407 3406 3408
f 3407 3408 3409
f 3409 3408 3410
f 3409 3410 3411
f 3411 3410 3412
f 3411 3412 3413
f 3413 3412 3414
f 3413 3414 3415
f 3415 3414 3416
f 3415 3416 3417
f 3404 3403 3418
f 3418 3403 3419
f 3418 3419 3420
f 3420 3419 3421
f 3420 3421 3422
f 3422 3421 3423
f 3422 3423 3424
f 3424 3423 3425
f 3424 3425 3426
f 3427 3428 3429
f 3429 3428 3430
f 3431 3432 3433
f 3433 3432 3434
f 3433 3434 3435
f 3435 3434 3436
f 3431 3437 3432
f 3432 3437 3438
f 3439 3440 3441
f 3441 3440 3442
f 3443 3444 3445
f 3443 3445 3446
f 3447 3448 3449
f 3447 3449 3450
f 3451 3452 3453
f 3451 3453 3454
f 3455 3456 3457
f 3455 3457 3458
f 3459 3460 3461
f 3459 3461 3462
f 3463 3464 3465
f 3463 3465 3466
f 3467 3468 3469
f 3467 3469 3470
f 3471 3472 3473
f 3471 3473 3474
f 3475 3476 3477
f 3475 3477 3478
f 3479 3480 3481
f 3479 3481 3482
f 3483 3484 3485
f 3483 3485 3486
f 3487 3488 3489
f 3487 3489 3490
f 3491 3492 3493
f 3491 3493 3494
f 3495 3496 3497
f 3495 3497 3498
f 3499 3500 3501
f 3499 3501 3502
f 3503 3504 3505
f 3503 3505 3506
f 3507 3508 3509
f 3507 3509 3510
f 3511 3512 3513
f 3511 3513 3514
f 3515 3516 3517
f 3515 3517 3518
f 3519 3520 3521
f 3519 3521 3522
f 3523 3524 3525
f 3523 3525 3526
f 3527 3528 3529
f 3527 3529 3530
f 3531 3532 3533
f 3531 3533 3534
f 3535 3536 3537
f 3537 3536 3538
f 3539 3540 3541
f 3541 3540 3542
f 3543 3544 3545
f 3543 3545 3546
f 3547 3548 3549
f 3547 3549 3550
f 3551 3552 3553
f 3551 3553 3554
f 3555 3556 3557
f 3555 3557 3558
f 3559 3560 3561
f 3559 3561 3562
f 3563 3564 3565
f 3563 3565 3566
f 3567 3568 3569
f 3567 3569 3570
f 3571 3572 3573
f 3571 3573 3574
f 3575 3576 3577
f 3575 3577 3578
f 3579 3580 3581
f 3579 3581 3582
f 3583 3584 3585
f 3583 3585 3586
f 3587 3588 3589
f 3587 3589 3590
f 3591 3592 3593
f 3591 3593 3594
f 3595 3596 3597
f 3595 3597 3598
f 3599 3600 3601
f 3599 3601 3602
f 3603 3604 3605
f 3603 3605 3606
f 3607 3608 3609
f 3607 3609 3610
f 3611 3612 3613
f 3611 3613 3614
f 3615 3616 3617
f 3615 3617 3618
f 3619 3620 3621
f 3619 3621 3622
f 3623 3624 3625
f 3623 3625 3626
f 3627 3628 3629
f 3627 3629 3630
f 3631 3632 3633
f 3631 3633 3634
f 3635 3636 3637
f 3637 3636 3638
f 3639 3640 3641
f 3641 3640 3642

