# https://github.com/mikedh/trimesh

o pip-mesh
v -0.02857900 -0.05630859 0.06799810
v -0.03045400 -0.05416016 0.06799810
v -0.21029771 -0.05630859 0.06799810
v -0.03186025 -0.05176758 0.06799810
v -0.13545400 -0.01918945 0.06799810
v -0.03295400 -0.04917969 0.06799810
v -0.13264150 -0.01877930 0.06799810
v -0.03373525 -0.04646484 0.06799810
v -0.03404775 -0.04368164 0.06799810
v -0.03389150 -0.04087891 0.06799810
v -0.06139150 -0.01789063 0.06799810
v -0.06389150 -0.01718750 0.06799810
v -0.13014150 -0.01795899 0.06799810
v -0.12764151 -0.01676758 0.06799810
v -0.06639151 -0.01608399 0.06799810
v -0.12529780 -0.01520508 0.06799810
v -0.06857901 -0.01462891 0.06799810
v -0.12326651 -0.01333008 0.06799810
v -0.07061026 -0.01285156 0.06799810
v -0.12154780 -0.01116211 0.06799810
v -0.07232901 -0.01078125 0.06799810
v -0.12014151 -0.00876953 0.06799810
v -0.07373526 -0.00847656 0.06799810
v -0.11920401 -0.00619141 0.06799810
v -0.07467276 -0.00599609 0.06799810
v -0.11857901 -0.00349609 0.06799810
v -0.07529776 -0.00338867 0.06799810
v -0.11826651 -0.00074219 0.06799810
v -0.07561026 -0.00071289 0.06799810
v -0.11857901 0.00201172 0.06799810
v -0.07529776 0.00195313 0.06799810
v -0.07467276 0.00457031 0.06799810
v -0.03342275 -0.03811523 0.06799810
v -0.05873525 -0.01820313 0.06799810
v -0.03248525 -0.03546875 0.06799810
v -0.03107900 -0.03298828 0.06799810
v -0.05607900 -0.01809570 0.06799810
v -0.02951650 -0.03072266 0.06799810
v -0.05342275 -0.01758789 0.06799810
v -0.02748525 -0.02873047 0.06799810
v -0.05092275 -0.01667969 0.06799810
v -0.02529775 -0.02704102 0.06799810
v -0.04857900 -0.01540039 0.06799810
v -0.02279775 -0.02571289 0.06799810
v -0.04639150 -0.01377930 0.06799810
v -0.02014150 -0.02475586 0.06799810
v -0.04451650 -0.01184570 0.06799810
v -0.01576650 -0.00859375 0.06799810
v -0.01764150 -0.00787109 0.06799810
v -0.01748525 -0.02419922 0.06799810
v -0.01389150 -0.00890625 0.06799810
v -0.01467275 -0.02405274 0.06799810
v -0.01186025 -0.00880859 0.06799810
v -0.01186025 -0.02432617 0.06799810
v -0.00904775 -0.02500000 0.06799810
v -0.00998525 -0.00828125 0.06799810
v -0.00654775 -0.02607422 0.06799810
v -0.00826650 -0.00737305 0.06799810
v 0.00392100 -0.02929688 0.06799810
v -0.00686025 -0.00611328 0.06799810
v -0.00561025 -0.00456055 0.06799810
v -0.00482900 -0.00279297 0.06799810
v -0.00436025 -0.00089844 0.06799810
v -0.00436025 0.00104492 0.06799810
v 0.00392100 0.03070313 0.06799810
v -0.00482900 0.00294922 0.06799810
v -0.00561025 0.00471680 0.06799810
v -0.00686025 0.00626953 0.06799810
v -0.00264150 0.02688477 0.06799810
v -0.00498525 0.02543945 0.06799810
v -0.00404775 -0.02750977 0.06799810
v -0.00186025 -0.02929688 0.06799810
v 0.00126475 0.03070313 0.06799810
v -0.00045400 0.02865234 0.06799810
v -0.00826650 0.00752930 0.06799810
v -0.00748525 0.02434570 0.06799810
v -0.00998525 0.00843750 0.06799810
v -0.01014150 0.02361328 0.06799810
v -0.01186025 0.00895508 0.06799810
v -0.01279775 0.02328125 0.06799810
v -0.01389150 0.00906250 0.06799810
v -0.01561025 0.02333008 0.06799810
v -0.01576650 0.00875000 0.06799810
v -0.01826650 0.02378906 0.06799810
v -0.01764150 0.00802734 0.06799810
v -0.04639150 0.01235352 0.06799810
v -0.04451650 0.01041992 0.06799810
v -0.02092275 0.02461914 0.06799810
v -0.04857900 0.01397461 0.06799810
v -0.02326650 0.02582031 0.06799810
v -0.05092275 0.01525391 0.06799810
v -0.02561025 0.02736328 0.06799810
v -0.05342275 0.01616211 0.06799810
v -0.02764150 0.02921875 0.06799810
v -0.05607900 0.01666992 0.06799810
v -0.02936025 0.03134766 0.06799810
v -0.03076650 0.03370117 0.06799810
v -0.05873525 0.01677734 0.06799810
v -0.03186025 0.03623047 0.06799810
v -0.06139150 0.01646484 0.06799810
v -0.03248525 0.03888672 0.06799810
v -0.03279775 0.04161133 0.06799810
v -0.03264150 0.04435547 0.06799810
v -0.13014150 0.01647461 0.06799810
v -0.06389150 0.01575195 0.06799810
v -0.13264150 0.01729492 0.06799810
v -0.03217275 0.04705078 0.06799810
v -0.03123525 0.04963867 0.06799810
v -0.13545400 0.01770508 0.06799810
v -0.02998525 0.05208008 0.06799810
v -0.21029771 0.05630859 0.06799810
v -0.02842275 0.05432617 0.06799810
v -0.02654775 0.05630859 0.06799810
v -0.13826650 0.01770508 0.06799810
v -0.21264150 0.04709961 0.06799810
v -0.14092271 0.01729492 0.06799810
v -0.21451650 0.03779297 0.06799810
v -0.14357900 0.01647461 0.06799810
v -0.14607900 0.01528320 0.06799810
v -0.21592271 0.02840820 0.06799810
v -0.14842271 0.01372070 0.06799810
v -0.21701651 0.01897461 0.06799810
v -0.15045400 0.01183594 0.06799810
v -0.15217271 0.00967774 0.06799810
v -0.21764151 0.00949219 0.06799810
v -0.15342271 0.00728516 0.06799810
v -0.15451650 0.00470703 0.06799810
v -0.15514150 0.00201172 0.06799810
v -0.21779771 0.00000000 0.06799810
v -0.15529771 -0.00074219 0.06799810
v -0.15514150 -0.00349609 0.06799810
v -0.21764151 -0.00949219 0.06799810
v -0.15451650 -0.00619141 0.06799810
v -0.15342271 -0.00876953 0.06799810
v -0.21701651 -0.01896484 0.06799810
v -0.15217271 -0.01116211 0.06799810
v -0.15045400 -0.01333008 0.06799810
v -0.21592271 -0.02840820 0.06799810
v -0.14842271 -0.01520508 0.06799810
v -0.14607900 -0.01676758 0.06799810
v -0.21451650 -0.03779297 0.06799810
v -0.14357900 -0.01795899 0.06799810
v -0.14092271 -0.01877930 0.06799810
v -0.21264150 -0.04708984 0.06799810
v -0.13826650 -0.01918945 0.06799810
v -0.12764151 0.01528320 0.06799810
v -0.06639151 0.01465820 0.06799810
v -0.12529780 0.01372070 0.06799810
v -0.06857901 0.01320312 0.06799810
v -0.12326651 0.01183594 0.06799810
v -0.07061026 0.01142578 0.06799810
v -0.12154780 0.00967774 0.06799810
v -0.07232901 0.00935547 0.06799810
v -0.12014151 0.00728516 0.06799810
v -0.07373526 0.00705078 0.06799810
v -0.11920401 0.00470703 0.06799810
v -0.01920400 0.00693359 0.06799810
v -0.04295400 0.00823242 0.06799810
v -0.02061025 0.00552734 0.06799810
v -0.04186025 0.00583008 0.06799810
v -0.02154775 0.00385742 0.06799810
v -0.04092275 0.00327148 0.06799810
v -0.02217275 0.00201172 0.06799810
v -0.04061025 0.00062500 0.06799810
v -0.02232900 0.00007813 0.06799810
v -0.04061025 -0.00205078 0.06799810
v -0.02217275 -0.00185547 0.06799810
v -0.02154775 -0.00370117 0.06799810
v -0.04092275 -0.00469727 0.06799810
v -0.02061025 -0.00537109 0.06799810
v -0.04186025 -0.00725586 0.06799810
v -0.01920400 -0.00678711 0.06799810
v -0.04295400 -0.00965820 0.06799810
v 0.00610850 -0.05630859 -0.05540034
v 0.00392100 -0.05630859 -0.06799800
v 0.00157725 -0.05630859 -0.05799800
v -0.01248525 -0.05630859 -0.06799800
v -0.01248525 -0.05630859 -0.05799800
v 0.00892100 -0.05630859 -0.06538082
v 0.01048350 -0.05630859 -0.05245112
v 0.01376475 -0.05630859 -0.06239253
v 0.01454600 -0.05630859 -0.04915034
v 0.01829600 -0.05630859 -0.05905269
v 0.01845225 -0.05630859 -0.04553706
v 0.02267100 -0.05630859 -0.05538081
v 0.02188975 -0.05630859 -0.04163081
v 0.02657725 -0.05630859 -0.05139644
v 0.02517100 -0.05630859 -0.03745112
v 0.03032725 -0.05630859 -0.04711909
v 0.02798350 -0.05630859 -0.03303706
v 0.03376475 -0.05630859 -0.04258784
v 0.03048350 -0.05630859 -0.02838862
v 0.03673350 -0.05630859 -0.03780269
v 0.03251475 -0.05630859 -0.02358394
v 0.03938975 -0.05630859 -0.03280269
v 0.03423350 -0.05630859 -0.01860347
v 0.04173350 -0.05630859 -0.02762691
v 0.03548350 -0.05630859 -0.01352534
v 0.04360850 -0.05630859 -0.02229487
v 0.03642100 -0.05630859 -0.00833003
v 0.04501475 -0.05630859 -0.01682612
v 0.04610850 -0.05630859 -0.01127925
v 0.03688975 -0.05630859 -0.00309566
v 0.04673350 -0.05630859 -0.00565425
v 0.04688975 -0.05630859 -0.00000972
v 0.03688975 -0.05630859 0.00213872
v 0.04673350 -0.05630859 0.00565434
v 0.04610850 -0.05630859 0.01127934
v 0.03657725 -0.05630859 0.00739263
v 0.04501475 -0.05630859 0.01682622
v 0.03563975 -0.05630859 0.01256841
v 0.04360850 -0.05630859 0.02229497
v 0.04173350 -0.05630859 0.02762700
v 0.03454600 -0.05630859 0.01768560
v 0.03938975 -0.05630859 0.03280278
v 0.03282725 -0.05630859 0.02268560
v 0.03673350 -0.05630859 0.03780278
v 0.03079600 -0.05630859 0.02752935
v 0.03376475 -0.05630859 0.04258794
v 0.02845225 -0.05630859 0.03219731
v 0.03032725 -0.05630859 0.04711919
v 0.02563975 -0.05630859 0.03666997
v 0.02657725 -0.05630859 0.05139653
v 0.02251475 -0.05630859 0.04088872
v 0.02267100 -0.05630859 0.05538090
v 0.01907725 -0.05630859 0.04485356
v 0.01829600 -0.05630859 0.05905278
v 0.01532725 -0.05630859 0.04850590
v 0.01376475 -0.05630859 0.06239262
v 0.01126475 -0.05630859 0.05186528
v 0.00892100 -0.05630859 0.06538092
v 0.00704600 -0.05630859 0.05489262
v 0.00392100 -0.05630859 0.06799810
v 0.00251475 -0.05630859 0.05754887
v -0.00139150 -0.05630859 0.06799810
v 0.00001475 -0.05630859 0.05299809
v -0.00139150 -0.05630859 0.05299809
v 0.00001475 -0.05463867 0.05299809
v 0.00001475 -0.05630859 0.05299809
v 0.00079600 -0.05365234 0.05432622
v 0.00079600 -0.05365234 0.05432622
v 0.00001475 -0.05630859 0.05299809
v 0.00251475 -0.05630859 0.05754887
v 0.00079600 -0.05365234 0.05432622
v 0.00251475 -0.05630859 0.05754887
v 0.00142100 -0.05262695 0.05551762
v 0.00142100 -0.05262695 0.05551762
v 0.00251475 -0.05630859 0.05754887
v 0.00188975 -0.05155273 0.05661137
v 0.00188975 -0.05155273 0.05661137
v 0.00251475 -0.05630859 0.05754887
v 0.00251475 -0.05045898 0.05754887
v 0.00001475 -0.05630859 0.05299809
v 0.00001475 -0.05463867 0.05299809
v -0.00139150 -0.05630859 0.05299809
v -0.00779775 -0.04849609 0.05299809
v -0.00920400 -0.04991211 0.05299809
v 0.00157725 -0.05232422 0.05299809
v -0.00686025 -0.04682617 0.05299809
v 0.00267100 -0.04982422 0.05299809
v -0.00623525 -0.04498047 0.05299809
v 0.00345225 -0.04716797 0.05299809
v 0.00392100 -0.04443359 0.05299809
v -0.00607900 -0.04304687 0.05299809
v 0.00392100 -0.04166992 0.05299809
v -0.00623525 -0.04111328 0.05299809
v 0.00345225 -0.03892578 0.05299809
v 0.00267100 -0.03627930 0.05299809
v -0.00686025 -0.03926758 0.05299809
v 0.00157725 -0.03376953 0.05299809
v -0.00779775 -0.03760742 0.05299809
v 0.00001475 -0.03146484 0.05299809
v -0.00186025 -0.02929688 0.05299809
v 0.00001475 -0.02929688 0.05299809
v -0.00920400 -0.03619141 0.05299809
v -0.00404775 -0.02751953 0.05299809
v -0.01076650 -0.03509766 0.05299809
v -0.00654775 -0.02608399 0.05299809
v -0.00904775 -0.02501953 0.05299809
v -0.01264150 -0.03437500 0.05299809
v -0.01170400 -0.02433594 0.05299809
v -0.01451650 -0.03406250 0.05299809
v -0.01451650 -0.02405274 0.05299809
v -0.01732900 -0.02418945 0.05299809
v -0.01654775 -0.03416992 0.05299809
v -0.01998525 -0.02472656 0.05299809
v -0.01842275 -0.03468750 0.05299809
v -0.02264150 -0.02565430 0.05299809
v -0.02014150 -0.03559570 0.05299809
v -0.02514150 -0.02696289 0.05299809
v -0.02732900 -0.02861328 0.05299809
v -0.02154775 -0.03685547 0.05299809
v -0.02936025 -0.03058594 0.05299809
v -0.02279775 -0.03840820 0.05299809
v -0.03107900 -0.03281250 0.05299809
v -0.03232900 -0.03526367 0.05299809
v -0.02357900 -0.04017578 0.05299809
v -0.03326650 -0.03789062 0.05299809
v -0.02404775 -0.04208008 0.05299809
v -0.03389150 -0.04062500 0.05299809
v -0.03404775 -0.04340820 0.05299809
v -0.02404775 -0.04402344 0.05299809
v -0.03373525 -0.04618164 0.05299809
v -0.02357900 -0.04592773 0.05299809
v -0.03311025 -0.04889648 0.05299809
v -0.03201650 -0.05147461 0.05299809
v -0.02279775 -0.04768555 0.05299809
v -0.03061025 -0.05387695 0.05299809
v -0.02154775 -0.04923828 0.05299809
v -0.02889150 -0.05604492 0.05299809
v -0.02686025 -0.05793945 0.05299809
v -0.02014150 -0.05049805 0.05299809
v -0.02451650 -0.05950195 0.05299809
v -0.01842275 -0.05140625 0.05299809
v -0.02201650 -0.06071289 0.05299809
v -0.01936025 -0.06155273 0.05299809
v -0.01654775 -0.05193359 0.05299809
v -0.01654775 -0.06198242 0.05299809
v -0.01451650 -0.05204101 0.05299809
v -0.01389150 -0.06201172 0.05299809
v -0.01107900 -0.06163086 0.05299809
v -0.01264150 -0.05171875 0.05299809
v -0.00842275 -0.06084961 0.05299809
v -0.01076650 -0.05100586 0.05299809
v -0.00592275 -0.05967773 0.05299809
v -0.00357900 -0.05815430 0.05299809
v -0.00623525 -0.04111328 0.05299809
v -0.00623525 -0.04111328 0.01266606
v -0.00607900 -0.04304687 0.05299809
v -0.00607900 -0.04304687 0.01266606
v -0.00607900 -0.04304687 0.05299809
v -0.00607900 -0.04304687 0.01266606
v -0.00623525 -0.04498047 0.05299809
v -0.00623525 -0.04498047 0.01266606
v -0.00623525 -0.04498047 0.05299809
v -0.00623525 -0.04498047 0.01266606
v -0.00686025 -0.04682617 0.05299809
v -0.00686025 -0.04682617 0.01266606
v -0.00686025 -0.04682617 0.05299809
v -0.00686025 -0.04682617 0.01266606
v -0.00779775 -0.04849609 0.05299809
v -0.00779775 -0.04849609 0.01266606
v -0.00779775 -0.04849609 0.05299809
v -0.00779775 -0.04849609 0.01266606
v -0.00920400 -0.04991211 0.05299809
v -0.00920400 -0.04991211 0.01266606
v -0.00920400 -0.04991211 0.05299809
v -0.00920400 -0.04991211 0.01266606
v -0.01076650 -0.05100586 0.05299809
v -0.01076650 -0.05100586 0.01266606
v -0.01076650 -0.05100586 0.05299809
v -0.01076650 -0.05100586 0.01266606
v -0.01264150 -0.05171875 0.05299809
v -0.01264150 -0.05171875 0.01266606
v -0.01264150 -0.05171875 0.05299809
v -0.01264150 -0.05171875 0.01266606
v -0.01451650 -0.05204101 0.05299809
v -0.01451650 -0.05204101 0.01266606
v -0.01451650 -0.05204101 0.05299809
v -0.01451650 -0.05204101 0.01266606
v -0.01654775 -0.05193359 0.05299809
v -0.01654775 -0.05193359 0.01266606
v -0.01654775 -0.05193359 0.05299809
v -0.01654775 -0.05193359 0.01266606
v -0.01842275 -0.05140625 0.05299809
v -0.01842275 -0.05140625 0.01266606
v -0.01842275 -0.05140625 0.05299809
v -0.01842275 -0.05140625 0.01266606
v -0.02014150 -0.05049805 0.05299809
v -0.02014150 -0.05049805 0.01266606
v -0.02014150 -0.05049805 0.05299809
v -0.02014150 -0.05049805 0.01266606
v -0.02154775 -0.04923828 0.05299809
v -0.02154775 -0.04923828 0.01266606
v -0.02154775 -0.04923828 0.05299809
v -0.02154775 -0.04923828 0.01266606
v -0.02279775 -0.04768555 0.05299809
v -0.02279775 -0.04768555 0.01266606
v -0.02279775 -0.04768555 0.05299809
v -0.02279775 -0.04768555 0.01266606
v -0.02357900 -0.04592773 0.05299809
v -0.02357900 -0.04592773 0.01266606
v -0.02357900 -0.04592773 0.05299809
v -0.02357900 -0.04592773 0.01266606
v -0.02404775 -0.04402344 0.05299809
v -0.02404775 -0.04402344 0.01266606
v -0.02404775 -0.04402344 0.05299809
v -0.02404775 -0.04402344 0.01266606
v -0.02404775 -0.04208008 0.05299809
v -0.02404775 -0.04208008 0.01266606
v -0.02404775 -0.04208008 0.05299809
v -0.02404775 -0.04208008 0.01266606
v -0.02357900 -0.04017578 0.05299809
v -0.02357900 -0.04017578 0.01266606
v -0.02357900 -0.04017578 0.05299809
v -0.02357900 -0.04017578 0.01266606
v -0.02279775 -0.03840820 0.05299809
v -0.02279775 -0.03840820 0.01266606
v -0.02279775 -0.03840820 0.05299809
v -0.02279775 -0.03840820 0.01266606
v -0.02154775 -0.03685547 0.05299809
v -0.02154775 -0.03685547 0.01266606
v -0.02154775 -0.03685547 0.05299809
v -0.02154775 -0.03685547 0.01266606
v -0.02014150 -0.03559570 0.05299809
v -0.02014150 -0.03559570 0.01266606
v -0.02014150 -0.03559570 0.05299809
v -0.02014150 -0.03559570 0.01266606
v -0.01842275 -0.03468750 0.05299809
v -0.01842275 -0.03468750 0.01266606
v -0.01842275 -0.03468750 0.05299809
v -0.01842275 -0.03468750 0.01266606
v -0.01654775 -0.03416992 0.05299809
v -0.01654775 -0.03416992 0.01266606
v -0.01654775 -0.03416992 0.05299809
v -0.01654775 -0.03416992 0.01266606
v -0.01451650 -0.03406250 0.05299809
v -0.01451650 -0.03406250 0.01266606
v -0.01451650 -0.03406250 0.05299809
v -0.01451650 -0.03406250 0.01266606
v -0.01264150 -0.03437500 0.05299809
v -0.01264150 -0.03437500 0.01266606
v -0.01264150 -0.03437500 0.05299809
v -0.01264150 -0.03437500 0.01266606
v -0.01076650 -0.03509766 0.05299809
v -0.01076650 -0.03509766 0.01266606
v -0.01076650 -0.03509766 0.05299809
v -0.01076650 -0.03509766 0.01266606
v -0.00920400 -0.03619141 0.05299809
v -0.00920400 -0.03619141 0.01266606
v -0.00920400 -0.03619141 0.05299809
v -0.00920400 -0.03619141 0.01266606
v -0.00779775 -0.03760742 0.05299809
v -0.00779775 -0.03760742 0.01266606
v -0.00779775 -0.03760742 0.05299809
v -0.00779775 -0.03760742 0.01266606
v -0.00686025 -0.03926758 0.05299809
v -0.00686025 -0.03926758 0.01266606
v -0.00686025 -0.03926758 0.05299809
v -0.00686025 -0.03926758 0.01266606
v -0.00623525 -0.04111328 0.05299809
v -0.00623525 -0.04111328 0.01266606
v -0.00686025 -0.03945312 -0.06799800
v -0.00623525 -0.04102539 -0.06799800
v -0.00686025 -0.03945312 -0.05799800
v -0.00623525 -0.04111328 -0.02766597
v -0.00686025 -0.03945312 -0.05799800
v -0.00623525 -0.04111328 -0.02766597
v -0.00686025 -0.03926758 -0.02766597
v -0.00623525 -0.04102539 -0.06799800
v -0.00607900 -0.04266601 -0.06799800
v -0.00623525 -0.04111328 -0.02766597
v -0.00623525 -0.04111328 -0.02766597
v -0.00607900 -0.04266601 -0.06799800
v -0.00607900 -0.04304687 -0.02766597
v -0.00607900 -0.04304687 -0.02766597
v -0.00607900 -0.04266601 -0.06799800
v -0.00607900 -0.04432617 -0.06799800
v -0.00607900 -0.04304687 -0.02766597
v -0.00607900 -0.04432617 -0.06799800
v -0.00623525 -0.04498047 -0.02766597
v -0.00623525 -0.04498047 -0.02766597
v -0.00607900 -0.04432617 -0.06799800
v -0.00654775 -0.04593750 -0.06799800
v -0.00623525 -0.04498047 -0.02766597
v -0.00654775 -0.04593750 -0.06799800
v -0.00686025 -0.04682617 -0.02766597
v -0.00686025 -0.04682617 -0.02766597
v -0.00717275 -0.04745117 -0.06799800
v -0.00717275 -0.04745117 -0.05799800
v -0.00654775 -0.04593750 -0.06799800
v -0.00654775 -0.04593750 -0.06799800
v -0.00717275 -0.04745117 -0.05799800
v -0.00686025 -0.04682617 -0.02766597
v -0.00717275 -0.04745117 -0.05799800
v -0.00779775 -0.04849609 -0.02766597
v -0.00779775 -0.04849609 -0.02766597
v -0.00717275 -0.04745117 -0.05799800
v -0.00811025 -0.04885742 -0.05799800
v -0.00779775 -0.04849609 -0.02766597
v -0.00811025 -0.04885742 -0.05799800
v -0.00920400 -0.04991211 -0.02766597
v -0.00920400 -0.04991211 -0.02766597
v -0.00811025 -0.04885742 -0.05799800
v -0.00936025 -0.05005859 -0.05799800
v -0.00920400 -0.04991211 -0.02766597
v -0.00936025 -0.05005859 -0.05799800
v -0.01076650 -0.05100586 -0.02766597
v -0.01076650 -0.05100586 -0.02766597
v -0.00936025 -0.05005859 -0.05799800
v -0.01076650 -0.05100586 -0.05799800
v -0.01076650 -0.05100586 -0.02766597
v -0.01076650 -0.05100586 -0.05799800
v -0.01248525 -0.05166016 -0.05799800
v -0.01264150 -0.05171875 -0.02766597
v -0.01264150 -0.05171875 -0.02766597
v -0.01248525 -0.05166016 -0.05799800
v -0.01248525 -0.05166016 -0.06799800
v -0.01264150 -0.05171875 -0.02766597
v -0.01248525 -0.05166016 -0.06799800
v -0.01420400 -0.05201172 -0.06799800
v -0.01264150 -0.05171875 -0.02766597
v -0.01420400 -0.05201172 -0.06799800
v -0.01451650 -0.05204101 -0.02766597
v -0.01451650 -0.05204101 -0.02766597
v -0.01420400 -0.05201172 -0.06799800
v -0.01607900 -0.05198242 -0.06799800
v -0.01451650 -0.05204101 -0.02766597
v -0.01607900 -0.05198242 -0.06799800
v -0.01654775 -0.05193359 -0.02766597
v -0.01654775 -0.05193359 -0.02766597
v -0.01607900 -0.05198242 -0.06799800
v -0.01795400 -0.05157226 -0.06799800
v -0.01654775 -0.05193359 -0.02766597
v -0.01795400 -0.05157226 -0.06799800
v -0.01842275 -0.05140625 -0.02766597
v -0.01842275 -0.05140625 -0.02766597
v -0.01795400 -0.05157226 -0.06799800
v -0.01967275 -0.05080078 -0.06799800
v -0.01842275 -0.05140625 -0.02766597
v -0.01967275 -0.05080078 -0.06799800
v -0.02014150 -0.05049805 -0.02766597
v -0.02014150 -0.05049805 -0.02766597
v -0.01967275 -0.05080078 -0.06799800
v -0.02107900 -0.04968750 -0.06799800
v -0.02014150 -0.05049805 -0.02766597
v -0.02107900 -0.04968750 -0.06799800
v -0.02154775 -0.04923828 -0.02766597
v -0.02154775 -0.04923828 -0.02766597
v -0.02107900 -0.04968750 -0.06799800
v -0.02232900 -0.04829101 -0.06799800
v -0.02154775 -0.04923828 -0.02766597
v -0.02232900 -0.04829101 -0.06799800
v -0.02279775 -0.04768555 -0.02766597
v -0.02279775 -0.04768555 -0.02766597
v -0.02232900 -0.04829101 -0.06799800
v -0.02326650 -0.04667969 -0.06799800
v -0.02279775 -0.04768555 -0.02766597
v -0.02326650 -0.04667969 -0.06799800
v -0.02357900 -0.04592773 -0.02766597
v -0.02357900 -0.04592773 -0.02766597
v -0.02326650 -0.04667969 -0.06799800
v -0.02389150 -0.04490234 -0.06799800
v -0.02357900 -0.04592773 -0.02766597
v -0.02389150 -0.04490234 -0.06799800
v -0.02404775 -0.04402344 -0.02766597
v -0.02404775 -0.04402344 -0.02766597
v -0.02389150 -0.04490234 -0.06799800
v -0.02404775 -0.04304687 -0.06799800
v -0.02404775 -0.04402344 -0.02766597
v -0.02404775 -0.04304687 -0.06799800
v -0.02404775 -0.04208008 -0.02766597
v -0.02404775 -0.04208008 -0.02766597
v -0.02404775 -0.04304687 -0.06799800
v -0.02389150 -0.04120117 -0.06799800
v -0.02404775 -0.04208008 -0.02766597
v -0.02389150 -0.04120117 -0.06799800
v -0.02357900 -0.04017578 -0.02766597
v -0.02357900 -0.04017578 -0.02766597
v -0.02389150 -0.04120117 -0.06799800
v -0.02326650 -0.03942383 -0.06799800
v -0.02357900 -0.04017578 -0.02766597
v -0.02326650 -0.03942383 -0.06799800
v -0.02279775 -0.03840820 -0.02766597
v -0.02279775 -0.03840820 -0.02766597
v -0.02326650 -0.03942383 -0.06799800
v -0.02232900 -0.03780273 -0.06799800
v -0.02279775 -0.03840820 -0.02766597
v -0.02232900 -0.03780273 -0.06799800
v -0.02154775 -0.03685547 -0.02766597
v -0.02154775 -0.03685547 -0.02766597
v -0.02232900 -0.03780273 -0.06799800
v -0.02107900 -0.03641601 -0.06799800
v -0.02154775 -0.03685547 -0.02766597
v -0.02107900 -0.03641601 -0.06799800
v -0.02014150 -0.03559570 -0.02766597
v -0.02014150 -0.03559570 -0.02766597
v -0.02107900 -0.03641601 -0.06799800
v -0.01967275 -0.03530273 -0.06799800
v -0.02014150 -0.03559570 -0.02766597
v -0.01967275 -0.03530273 -0.06799800
v -0.01842275 -0.03468750 -0.02766597
v -0.01842275 -0.03468750 -0.02766597
v -0.01967275 -0.03530273 -0.06799800
v -0.01795400 -0.03452148 -0.06799800
v -0.01842275 -0.03468750 -0.02766597
v -0.01795400 -0.03452148 -0.06799800
v -0.01654775 -0.03416992 -0.02766597
v -0.01654775 -0.03416992 -0.02766597
v -0.01795400 -0.03452148 -0.06799800
v -0.01607900 -0.03411133 -0.06799800
v -0.01654775 -0.03416992 -0.02766597
v -0.01607900 -0.03411133 -0.06799800
v -0.01451650 -0.03406250 -0.02766597
v -0.01451650 -0.03406250 -0.02766597
v -0.01607900 -0.03411133 -0.06799800
v -0.01420400 -0.03408203 -0.06799800
v -0.01451650 -0.03406250 -0.02766597
v -0.01420400 -0.03408203 -0.06799800
v -0.01264150 -0.03437500 -0.02766597
v -0.01264150 -0.03437500 -0.02766597
v -0.01420400 -0.03408203 -0.06799800
v -0.01248525 -0.03444336 -0.06799800
v -0.01264150 -0.03437500 -0.02766597
v -0.01248525 -0.03444336 -0.06799800
v -0.01248525 -0.03444336 -0.05799800
v -0.01264150 -0.03437500 -0.02766597
v -0.01248525 -0.03444336 -0.05799800
v -0.01076650 -0.03509766 -0.02766597
v -0.01076650 -0.03509766 -0.02766597
v -0.01248525 -0.03444336 -0.05799800
v -0.01061025 -0.03520508 -0.05799800
v -0.01076650 -0.03509766 -0.02766597
v -0.01061025 -0.03520508 -0.05799800
v -0.00920400 -0.03619141 -0.02766597
v -0.00920400 -0.03619141 -0.02766597
v -0.01061025 -0.03520508 -0.05799800
v -0.00904775 -0.03632812 -0.05799800
v -0.00920400 -0.03619141 -0.02766597
v -0.00904775 -0.03632812 -0.05799800
v -0.00779775 -0.03760742 -0.02766597
v -0.00779775 -0.03760742 -0.02766597
v -0.00904775 -0.03632812 -0.05799800
v -0.00779775 -0.03776367 -0.05799800
v -0.00779775 -0.03760742 -0.02766597
v -0.00779775 -0.03776367 -0.05799800
v -0.00686025 -0.03926758 -0.02766597
v -0.00686025 -0.03945312 -0.05799800
v 0.00001475 -0.03146484 0.05299809
v 0.00079600 -0.03245117 0.05432622
v 0.00001475 -0.02929688 0.05299809
v 0.00001475 -0.02929688 0.05299809
v 0.00079600 -0.03245117 0.05432622
v 0.00251475 -0.02929688 0.05754887
v 0.00251475 -0.02929688 0.05754887
v 0.00079600 -0.03245117 0.05432622
v 0.00142100 -0.03347656 0.05551762
v 0.00251475 -0.02929688 0.05754887
v 0.00142100 -0.03347656 0.05551762
v 0.00188975 -0.03454101 0.05661137
v 0.00188975 -0.03454101 0.05661137
v 0.00251475 -0.03564453 0.05754887
v 0.00251475 -0.02929688 0.05754887
v -0.07529776 -0.00338867 0.06799810
v -0.07545401 -0.00193359 0.04059575
v -0.07561026 -0.00071289 0.06799810
v -0.07561026 -0.00071289 0.06799810
v -0.07545401 -0.00193359 0.04059575
v -0.07561026 -0.00088867 0.04151372
v -0.07561026 -0.00071289 0.06799810
v -0.07561026 -0.00088867 0.04151372
v -0.07545401 0.00025391 0.04235356
v -0.07467276 -0.00599609 0.06799810
v -0.07514151 -0.00474609 0.03598637
v -0.07529776 -0.00338867 0.06799810
v -0.07529776 -0.00338867 0.06799810
v -0.07514151 -0.00474609 0.03598637
v -0.07514151 -0.00429688 0.03725590
v -0.07529776 -0.00338867 0.06799810
v -0.07514151 -0.00429688 0.03725590
v -0.07529776 -0.00366211 0.03846684
v -0.07373526 -0.00847656 0.06799810
v -0.07373526 -0.00847656 0.01399419
v -0.07467276 -0.00599609 0.06799810
v -0.07467276 -0.00599609 0.01399419
v -0.07467276 -0.00599609 0.06799810
v -0.07467276 -0.00599609 0.01399419
v -0.07498526 -0.00512695 0.03336919
v -0.07498526 -0.00512695 0.03336919
v -0.07467276 -0.00599609 0.01399419
v -0.07498526 -0.00505859 0.03206059
v -0.07498526 -0.00505859 0.03206059
v -0.07467276 -0.00599609 0.01399419
v -0.07498526 -0.00482422 0.03081060
v -0.07498526 -0.00482422 0.03081060
v -0.07467276 -0.00599609 0.01399419
v -0.07529776 -0.00338867 0.01399419
v -0.07498526 -0.00482422 0.03081060
v -0.07529776 -0.00338867 0.01399419
v -0.07514151 -0.00444336 0.02961919
v -0.07514151 -0.00444336 0.02961919
v -0.07529776 -0.00338867 0.01399419
v -0.07529776 -0.00391602 0.02848638
v -0.07529776 -0.00391602 0.02848638
v -0.07529776 -0.00338867 0.01399419
v -0.07529776 -0.00326172 0.02745122
v -0.07529776 -0.00326172 0.02745122
v -0.07529776 -0.00338867 0.01399419
v -0.07545401 -0.00250000 0.02649419
v -0.07545401 -0.00250000 0.02649419
v -0.07529776 -0.00338867 0.01399419
v -0.07545401 -0.00164063 0.02563481
v -0.07545401 -0.00164063 0.02563481
v -0.07529776 -0.00338867 0.01399419
v -0.07561026 -0.00071289 0.01399419
v -0.07545401 -0.00164063 0.02563481
v -0.07561026 -0.00071289 0.01399419
v -0.07561026 -0.00071289 0.02485356
v -0.07561026 -0.00071289 0.02485356
v -0.07561026 -0.00071289 0.01399419
v -0.07545401 0.00026367 0.02415044
v -0.07545401 0.00026367 0.02415044
v -0.07561026 -0.00071289 0.01399419
v -0.07529776 0.00195313 0.01399419
v -0.07545401 0.00026367 0.02415044
v -0.07529776 0.00195313 0.01399419
v -0.07545401 0.00156250 0.02334966
v -0.07545401 0.00156250 0.02334966
v -0.07529776 0.00195313 0.01399419
v -0.07514151 0.00291016 0.02264653
v -0.07514151 0.00291016 0.02264653
v -0.07529776 0.00195313 0.01399419
v -0.07467276 0.00457031 0.01399419
v -0.07514151 0.00291016 0.02264653
v -0.07467276 0.00457031 0.01399419
v -0.07482901 0.00427734 0.02206060
v -0.07482901 0.00427734 0.02206060
v -0.07467276 0.00457031 0.01399419
v -0.07436026 0.00560547 0.02157231
v -0.07436026 0.00560547 0.02157231
v -0.07467276 0.00457031 0.01399419
v -0.07373526 0.00705078 0.01399419
v -0.07389151 0.00683594 0.02124028
v -0.07389151 0.00683594 0.02124028
v -0.07373526 0.00705078 0.01399419
v -0.07326651 0.00795898 0.02106450
v -0.07326651 0.00795898 0.02106450
v -0.07373526 0.00705078 0.01399419
v -0.07232901 0.00935547 0.01399419
v -0.07326651 0.00795898 0.02106450
v -0.07232901 0.00935547 0.01399419
v -0.07264151 0.00899414 0.02102544
v -0.07264151 0.00899414 0.02102544
v -0.07232901 0.00935547 0.01399419
v -0.07186026 0.00995117 0.02122075
v -0.07186026 0.00995117 0.02122075
v -0.07232901 0.00935547 0.01399419
v -0.07061026 0.01142578 0.01399419
v -0.07186026 0.00995117 0.02122075
v -0.07061026 0.01142578 0.01399419
v -0.07123526 0.01079102 0.02163091
v -0.07123526 0.01079102 0.02163091
v -0.07061026 0.01142578 0.01399419
v -0.07061026 0.01148437 0.02229497
v -0.07061026 0.01148437 0.02229497
v -0.07061026 0.01142578 0.01399419
v -0.06998526 0.01200195 0.02315435
v -0.06998526 0.01200195 0.02315435
v -0.07061026 0.01142578 0.01399419
v -0.06857901 0.01320312 0.01399419
v -0.06998526 0.01200195 0.02315435
v -0.06857901 0.01320312 0.01399419
v -0.06951651 0.01243164 0.02424810
v -0.06951651 0.01243164 0.02424810
v -0.06857901 0.01320312 0.01399419
v -0.06920401 0.01277344 0.02565435
v -0.06920401 0.01277344 0.02565435
v -0.06857901 0.01320312 0.01399419
v -0.06889151 0.01304687 0.02737310
v -0.06889151 0.01304687 0.02737310
v -0.06857901 0.01320312 0.01399419
v -0.06857901 0.01321289 0.02920903
v -0.06857901 0.01321289 0.02920903
v -0.06857901 0.01320312 0.01399419
v -0.06857901 0.01330078 0.03104497
v -0.06857901 0.01330078 0.03104497
v -0.06857901 0.01320312 0.01399419
v -0.06639151 0.01465820 0.01399419
v -0.06857901 0.01330078 0.03104497
v -0.06639151 0.01465820 0.01399419
v -0.06842276 0.01333008 0.03459965
v -0.06842276 0.01333008 0.03459965
v -0.06639151 0.01465820 0.01399419
v -0.06639151 0.01465820 0.06799810
v -0.06842276 0.01333008 0.03459965
v -0.06639151 0.01465820 0.06799810
v -0.06857901 0.01320312 0.06799810
v -0.07373526 -0.00847656 0.01399419
v -0.07373526 -0.00847656 0.06799810
v -0.07232901 -0.01078125 0.01399419
v -0.07232901 -0.01078125 0.06799810
v -0.07232901 -0.01078125 0.01399419
v -0.07232901 -0.01078125 0.06799810
v -0.07061026 -0.01285156 0.01399419
v -0.07061026 -0.01285156 0.06799810
v -0.07061026 -0.01285156 0.01399419
v -0.07061026 -0.01285156 0.06799810
v -0.06857901 -0.01462891 0.01399419
v -0.06857901 -0.01462891 0.06799810
v -0.06857901 -0.01462891 0.01399419
v -0.06857901 -0.01462891 0.06799810
v -0.06639151 -0.01608399 0.01399419
v -0.06639151 -0.01608399 0.06799810
v -0.06639151 -0.01608399 0.01399419
v -0.06639151 -0.01608399 0.06799810
v -0.06389150 -0.01718750 0.01399419
v -0.06389150 -0.01718750 0.06799810
v -0.06389150 -0.01718750 0.01399419
v -0.06389150 -0.01718750 0.06799810
v -0.06139150 -0.01789063 0.01399419
v -0.06139150 -0.01789063 0.06799810
v -0.06139150 -0.01789063 0.01399419
v -0.06139150 -0.01789063 0.06799810
v -0.05873525 -0.01820313 0.01399419
v -0.05873525 -0.01820313 0.06799810
v -0.05873525 -0.01820313 0.01399419
v -0.05873525 -0.01820313 0.06799810
v -0.05607900 -0.01809570 0.01399419
v -0.05607900 -0.01809570 0.06799810
v -0.05607900 -0.01809570 0.01399419
v -0.05607900 -0.01809570 0.06799810
v -0.05342275 -0.01758789 0.01399419
v -0.05342275 -0.01758789 0.06799810
v -0.05342275 -0.01758789 0.01399419
v -0.05342275 -0.01758789 0.06799810
v -0.05092275 -0.01667969 0.01399419
v -0.05092275 -0.01667969 0.06799810
v -0.05092275 -0.01667969 0.01399419
v -0.05092275 -0.01667969 0.06799810
v -0.04857900 -0.01540039 0.01399419
v -0.04857900 -0.01540039 0.06799810
v -0.04857900 -0.01540039 0.01399419
v -0.04857900 -0.01540039 0.06799810
v -0.04639150 -0.01377930 0.01399419
v -0.04639150 -0.01377930 0.06799810
v -0.04639150 -0.01377930 0.01399419
v -0.04639150 -0.01377930 0.06799810
v -0.04451650 -0.01184570 0.01399419
v -0.04451650 -0.01184570 0.06799810
v -0.04451650 -0.01184570 0.01399419
v -0.04451650 -0.01184570 0.06799810
v -0.04295400 -0.00965820 0.01399419
v -0.04295400 -0.00965820 0.06799810
v -0.04295400 -0.00965820 0.01399419
v -0.04295400 -0.00965820 0.06799810
v -0.04186025 -0.00725586 0.01399419
v -0.04186025 -0.00725586 0.06799810
v -0.04186025 -0.00725586 0.01399419
v -0.04186025 -0.00725586 0.06799810
v -0.04092275 -0.00469727 0.01399419
v -0.04092275 -0.00469727 0.06799810
v -0.04092275 -0.00469727 0.01399419
v -0.04092275 -0.00469727 0.06799810
v -0.04061025 -0.00205078 0.01399419
v -0.04061025 -0.00205078 0.06799810
v -0.04061025 -0.00205078 0.01399419
v -0.04061025 -0.00205078 0.06799810
v -0.04061025 0.00062500 0.01399419
v -0.04061025 0.00062500 0.06799810
v -0.04061025 0.00062500 0.01399419
v -0.04061025 0.00062500 0.06799810
v -0.04092275 0.00327148 0.01399419
v -0.04092275 0.00327148 0.06799810
v -0.04092275 0.00327148 0.01399419
v -0.04092275 0.00327148 0.06799810
v -0.04186025 0.00583008 0.01399419
v -0.04186025 0.00583008 0.06799810
v -0.04186025 0.00583008 0.01399419
v -0.04186025 0.00583008 0.06799810
v -0.04295400 0.00823242 0.01399419
v -0.04295400 0.00823242 0.06799810
v -0.04295400 0.00823242 0.01399419
v -0.04295400 0.00823242 0.06799810
v -0.04451650 0.01041992 0.01399419
v -0.04451650 0.01041992 0.06799810
v -0.04451650 0.01041992 0.01399419
v -0.04451650 0.01041992 0.06799810
v -0.04639150 0.01235352 0.01399419
v -0.04639150 0.01235352 0.06799810
v -0.04639150 0.01235352 0.01399419
v -0.04639150 0.01235352 0.06799810
v -0.04857900 0.01397461 0.01399419
v -0.04857900 0.01397461 0.06799810
v -0.04857900 0.01397461 0.01399419
v -0.04857900 0.01397461 0.06799810
v -0.05092275 0.01525391 0.01399419
v -0.05092275 0.01525391 0.06799810
v -0.05092275 0.01525391 0.01399419
v -0.05092275 0.01525391 0.06799810
v -0.05342275 0.01616211 0.01399419
v -0.05342275 0.01616211 0.06799810
v -0.05342275 0.01616211 0.01399419
v -0.05342275 0.01616211 0.06799810
v -0.05607900 0.01666992 0.01399419
v -0.05607900 0.01666992 0.06799810
v -0.05607900 0.01666992 0.01399419
v -0.05607900 0.01666992 0.06799810
v -0.05873525 0.01677734 0.01399419
v -0.05873525 0.01677734 0.06799810
v -0.05873525 0.01677734 0.01399419
v -0.05873525 0.01677734 0.06799810
v -0.06139150 0.01646484 0.01399419
v -0.06139150 0.01646484 0.06799810
v -0.06139150 0.01646484 0.01399419
v -0.06139150 0.01646484 0.06799810
v -0.06389150 0.01575195 0.01399419
v -0.06389150 0.01575195 0.06799810
v -0.06389150 0.01575195 0.01399419
v -0.06389150 0.01575195 0.06799810
v -0.06639151 0.01465820 0.01399419
v -0.06639151 0.01465820 0.06799810
v -0.07061026 0.01142578 0.06799810
v -0.06982901 0.01220703 0.04290044
v -0.06857901 0.01320312 0.06799810
v -0.06857901 0.01320312 0.06799810
v -0.06982901 0.01220703 0.04290044
v -0.06936026 0.01266602 0.04139653
v -0.06857901 0.01320312 0.06799810
v -0.06936026 0.01266602 0.04139653
v -0.06889151 0.01295898 0.03975590
v -0.07232901 0.00935547 0.06799810
v -0.07139151 0.01053711 0.04504887
v -0.07061026 0.01142578 0.06799810
v -0.07061026 0.01142578 0.06799810
v -0.07139151 0.01053711 0.04504887
v -0.07092276 0.01105469 0.04465825
v -0.07061026 0.01142578 0.06799810
v -0.07092276 0.01105469 0.04465825
v -0.07061026 0.01151367 0.04416997
v -0.07373526 0.00705078 0.06799810
v -0.07326651 0.00803711 0.04545903
v -0.07232901 0.00935547 0.06799810
v -0.07232901 0.00935547 0.06799810
v -0.07326651 0.00803711 0.04545903
v -0.07232901 0.00934570 0.04543950
v -0.07232901 0.00935547 0.06799810
v -0.07232901 0.00934570 0.04543950
v -0.07186026 0.00996094 0.04530278
v -0.07467276 0.00457031 0.06799810
v -0.07451651 0.00507813 0.04475590
v -0.07373526 0.00705078 0.06799810
v -0.07373526 0.00705078 0.06799810
v -0.07451651 0.00507813 0.04475590
v -0.07389151 0.00663086 0.04522465
v -0.07373526 0.00705078 0.06799810
v -0.07389151 0.00663086 0.04522465
v -0.07326651 0.00803711 0.04545903
v -0.07451651 0.00507813 0.04475590
v -0.07467276 0.00457031 0.06799810
v -0.07498526 0.00343750 0.04409184
v -0.07498526 0.00343750 0.04409184
v -0.07467276 0.00457031 0.06799810
v -0.07529776 0.00195313 0.06799810
v -0.07498526 0.00343750 0.04409184
v -0.07529776 0.00195313 0.06799810
v -0.07529776 0.00180664 0.04329106
v -0.07529776 0.00180664 0.04329106
v -0.07529776 0.00195313 0.06799810
v -0.07545401 0.00025391 0.04235356
v -0.07545401 0.00025391 0.04235356
v -0.07529776 0.00195313 0.06799810
v -0.07561026 -0.00071289 0.06799810
v -0.07498526 -0.00512695 0.03336919
v -0.07498526 -0.00502930 0.03467778
v -0.07467276 -0.00599609 0.06799810
v -0.07467276 -0.00599609 0.06799810
v -0.07498526 -0.00502930 0.03467778
v -0.07514151 -0.00474609 0.03598637
v -0.07529776 -0.00366211 0.03846684
v -0.07545401 -0.00286133 0.03958012
v -0.07529776 -0.00338867 0.06799810
v -0.07529776 -0.00338867 0.06799810
v -0.07545401 -0.00286133 0.03958012
v -0.07545401 -0.00193359 0.04059575
v -0.07186026 0.00996094 0.04530278
v -0.07139151 0.01053711 0.04504887
v -0.07232901 0.00935547 0.06799810
v -0.07061026 0.01151367 0.04416997
v -0.07014151 0.01189453 0.04356450
v -0.07061026 0.01142578 0.06799810
v -0.07061026 0.01142578 0.06799810
v -0.07014151 0.01189453 0.04356450
v -0.06982901 0.01220703 0.04290044
v -0.06889151 0.01295898 0.03975590
v -0.06873526 0.01315430 0.03807622
v -0.06857901 0.01320312 0.06799810
v -0.06857901 0.01320312 0.06799810
v -0.06873526 0.01315430 0.03807622
v -0.06842276 0.01333008 0.03459965
v -0.07529776 -0.00338867 0.01399419
v -0.07404776 -0.00231445 0.01399419
v -0.07561026 -0.00071289 0.01399419
v -0.07420401 0.00026367 0.01399419
v -0.07529776 0.00195313 0.01399419
v -0.07404776 0.00283203 0.01399419
v -0.07467276 0.00457031 0.01399419
v -0.07342276 0.00533203 0.01399419
v -0.07373526 0.00705078 0.01399419
v -0.07295401 0.00654297 0.01399419
v -0.07232901 0.00769531 0.01399419
v -0.07342276 -0.00481445 0.01399419
v -0.07467276 -0.00599609 0.01399419
v -0.07295401 -0.00602539 0.01399419
v -0.07373526 -0.00847656 0.01399419
v -0.07232901 -0.00717773 0.01399419
v -0.07170401 -0.00829102 0.01399419
v -0.07232901 -0.01078125 0.01399419
v -0.07092276 -0.00932617 0.01399419
v -0.07014151 -0.01029297 0.01399419
v -0.07061026 -0.01285156 0.01399419
v -0.06920401 -0.01117187 0.01399419
v -0.06811026 -0.01195312 0.01399419
v -0.06857901 -0.01462891 0.01399419
v -0.06701651 -0.01262695 0.01399419
v -0.06592276 -0.01316406 0.01399419
v -0.06639151 -0.01608399 0.01399419
v -0.06467276 -0.01357422 0.01399419
v -0.06389150 -0.01718750 0.01399419
v -0.06342275 -0.01382812 0.01399419
v -0.06217275 -0.01393555 0.01399419
v -0.06139150 -0.01789063 0.01399419
v -0.06092275 -0.01387695 0.01399419
v -0.05873525 -0.01820313 0.01399419
v -0.05967275 -0.01366211 0.01399419
v -0.05842275 -0.01328125 0.01399419
v -0.05607900 -0.01809570 0.01399419
v -0.05717275 -0.01275391 0.01399419
v -0.05342275 -0.01758789 0.01399419
v -0.05607900 -0.01209961 0.01399419
v -0.05514150 -0.01130859 0.01399419
v -0.05092275 -0.01667969 0.01399419
v -0.05420400 -0.01041992 0.01399419
v -0.04857900 -0.01540039 0.01399419
v -0.05342275 -0.00943359 0.01399419
v -0.04639150 -0.01377930 0.01399419
v -0.05264150 -0.00836914 0.01399419
v -0.05201650 -0.00724609 0.01399419
v -0.04451650 -0.01184570 0.01399419
v -0.04295400 -0.00965820 0.01399419
v -0.05107900 -0.00485352 0.01399419
v -0.04186025 -0.00725586 0.01399419
v -0.05045400 -0.00232422 0.01399419
v -0.04092275 -0.00469727 0.01399419
v -0.04061025 -0.00205078 0.01399419
v -0.05029775 0.00025391 0.01399419
v -0.04061025 0.00062500 0.01399419
v -0.04092275 0.00327148 0.01399419
v -0.05045400 0.00283203 0.01399419
v -0.04186025 0.00583008 0.01399419
v -0.05107900 0.00535156 0.01399419
v -0.04295400 0.00823242 0.01399419
v -0.04451650 0.01041992 0.01399419
v -0.05201650 0.00775391 0.01399419
v -0.04639150 0.01235352 0.01399419
v -0.05264150 0.00887695 0.01399419
v -0.04857900 0.01397461 0.01399419
v -0.05342275 0.00994141 0.01399419
v -0.05092275 0.01525391 0.01399419
v -0.05420400 0.01092773 0.01399419
v -0.05514150 0.01182617 0.01399419
v -0.05342275 0.01616211 0.01399419
v -0.05607900 0.01260742 0.01399419
v -0.05607900 0.01666992 0.01399419
v -0.05717275 0.01327148 0.01399419
v -0.05842275 0.01379883 0.01399419
v -0.05873525 0.01677734 0.01399419
v -0.05951650 0.01417969 0.01399419
v -0.06092275 0.01439453 0.01399419
v -0.06139150 0.01646484 0.01399419
v -0.06217275 0.01445312 0.01399419
v -0.06389150 0.01575195 0.01399419
v -0.06342275 0.01435547 0.01399419
v -0.06467276 0.01409180 0.01399419
v -0.06639151 0.01465820 0.01399419
v -0.06592276 0.01368164 0.01399419
v -0.06701651 0.01313477 0.01399419
v -0.06857901 0.01320312 0.01399419
v -0.06811026 0.01247070 0.01399419
v -0.06920401 0.01168945 0.01399419
v -0.07061026 0.01142578 0.01399419
v -0.07014151 0.01081055 0.01399419
v -0.07092276 0.00984375 0.01399419
v -0.07232901 0.00935547 0.01399419
v -0.07170401 0.00880859 0.01399419
v -0.07404776 -0.00231445 0.01399419
v -0.07389151 -0.00144531 0.01270512
v -0.07420401 0.00026367 0.01399419
v -0.07420401 0.00026367 0.01399419
v -0.07389151 -0.00144531 0.01270512
v -0.07311026 -0.00144531 0.00928716
v -0.07420401 0.00026367 0.01399419
v -0.07311026 -0.00144531 0.00928716
v -0.07279776 0.00026367 0.00768559
v -0.07279776 0.00026367 0.00768559
v -0.07311026 -0.00144531 0.00928716
v -0.07232901 -0.00144531 0.00588872
v -0.07279776 0.00026367 0.00768559
v -0.07232901 -0.00144531 0.00588872
v -0.07123526 0.00026367 0.00145513
v -0.07123526 0.00026367 0.00145513
v -0.07232901 -0.00144531 0.00588872
v -0.07139151 -0.00144531 0.00254888
v -0.07123526 0.00026367 0.00145513
v -0.07139151 -0.00144531 0.00254888
v -0.07045401 -0.00144531 -0.00077144
v -0.07045401 -0.00144531 -0.00077144
v -0.07139151 -0.00144531 0.00254888
v -0.07107901 -0.00320313 0.00247075
v -0.07014151 -0.00320313 -0.00083003
v -0.07014151 -0.00320313 -0.00083003
v -0.07107901 -0.00320313 0.00247075
v -0.07061026 -0.00497070 0.00233403
v -0.07014151 -0.00320313 -0.00083003
v -0.07061026 -0.00497070 0.00233403
v -0.06951651 -0.00497070 -0.00094722
v -0.06951651 -0.00497070 -0.00094722
v -0.07061026 -0.00497070 0.00233403
v -0.06967276 -0.00667969 0.00213872
v -0.06951651 -0.00497070 -0.00094722
v -0.06967276 -0.00667969 0.00213872
v -0.06873526 -0.00667969 -0.00112300
v -0.06873526 -0.00667969 -0.00112300
v -0.06967276 -0.00667969 0.00213872
v -0.06873526 -0.00830078 0.00188481
v -0.06873526 -0.00667969 -0.00112300
v -0.06873526 -0.00830078 0.00188481
v -0.06764151 -0.00830078 -0.00133784
v -0.06764151 -0.00830078 -0.00133784
v -0.06873526 -0.00830078 0.00188481
v -0.06748526 -0.00977539 0.00157231
v -0.06764151 -0.00830078 -0.00133784
v -0.06748526 -0.00977539 0.00157231
v -0.06639151 -0.00977539 -0.00161128
v -0.06639151 -0.00977539 -0.00161128
v -0.06748526 -0.00977539 0.00157231
v -0.06607901 -0.01106445 0.00122075
v -0.06639151 -0.00977539 -0.00161128
v -0.06607901 -0.01106445 0.00122075
v -0.06498526 -0.01106445 -0.00190425
v -0.06498526 -0.01106445 -0.00190425
v -0.06607901 -0.01106445 0.00122075
v -0.06451651 -0.01211914 0.00083013
v -0.06498526 -0.01106445 -0.00190425
v -0.06451651 -0.01211914 0.00083013
v -0.06342275 -0.01211914 -0.00225581
v -0.06342275 -0.01211914 -0.00225581
v -0.06451651 -0.01211914 0.00083013
v -0.06279775 -0.01293945 0.00041997
v -0.06342275 -0.01211914 -0.00225581
v -0.06279775 -0.01293945 0.00041997
v -0.06170400 -0.01293945 -0.00260738
v -0.06170400 -0.01293945 -0.00260738
v -0.06279775 -0.01293945 0.00041997
v -0.06107900 -0.01350586 0.00000981
v -0.06170400 -0.01293945 -0.00260738
v -0.06107900 -0.01350586 0.00000981
v -0.05998525 -0.01350586 -0.00297847
v -0.05998525 -0.01350586 -0.00297847
v -0.06107900 -0.01350586 0.00000981
v -0.05936025 -0.01383789 -0.00040034
v -0.05998525 -0.01350586 -0.00297847
v -0.05936025 -0.01383789 -0.00040034
v -0.05826650 -0.01383789 -0.00333003
v -0.05826650 -0.01383789 -0.00333003
v -0.05936025 -0.01383789 -0.00040034
v -0.05764150 -0.01393555 -0.00081050
v -0.05654775 -0.01393555 -0.00368159
v -0.05654775 -0.01393555 -0.00368159
v -0.05764150 -0.01393555 -0.00081050
v -0.05607900 -0.01383789 -0.00122066
v -0.05498525 -0.01383789 -0.00403316
v -0.05498525 -0.01383789 -0.00403316
v -0.05607900 -0.01383789 -0.00122066
v -0.05436025 -0.01350586 -0.00165034
v -0.05498525 -0.01383789 -0.00403316
v -0.05436025 -0.01350586 -0.00165034
v -0.05326650 -0.01350586 -0.00440425
v -0.05326650 -0.01350586 -0.00440425
v -0.05436025 -0.01350586 -0.00165034
v -0.05264150 -0.01293945 -0.00206050
v -0.05326650 -0.01350586 -0.00440425
v -0.05264150 -0.01293945 -0.00206050
v -0.05154775 -0.01293945 -0.00477534
v -0.05154775 -0.01293945 -0.00477534
v -0.05264150 -0.01293945 -0.00206050
v -0.05092275 -0.01211914 -0.00247066
v -0.05154775 -0.01293945 -0.00477534
v -0.05092275 -0.01211914 -0.00247066
v -0.04982900 -0.01211914 -0.00512691
v -0.04982900 -0.01211914 -0.00512691
v -0.05092275 -0.01211914 -0.00247066
v -0.04936025 -0.01106445 -0.00286128
v -0.04826650 -0.01106445 -0.00545894
v -0.04826650 -0.01106445 -0.00545894
v -0.04936025 -0.01106445 -0.00286128
v -0.04795400 -0.00977539 -0.00321284
v -0.04826650 -0.01106445 -0.00545894
v -0.04795400 -0.00977539 -0.00321284
v -0.04670400 -0.00977539 -0.00577144
v -0.04670400 -0.00977539 -0.00577144
v -0.04795400 -0.00977539 -0.00321284
v -0.04670400 -0.00830078 -0.00350581
v -0.04670400 -0.00977539 -0.00577144
v -0.04670400 -0.00830078 -0.00350581
v -0.04545400 -0.00830078 -0.00604488
v -0.04545400 -0.00830078 -0.00604488
v -0.04670400 -0.00830078 -0.00350581
v -0.04576650 -0.00667969 -0.00375972
v -0.04545400 -0.00830078 -0.00604488
v -0.04576650 -0.00667969 -0.00375972
v -0.04451650 -0.00667969 -0.00625972
v -0.04451650 -0.00667969 -0.00625972
v -0.04576650 -0.00667969 -0.00375972
v -0.04482900 -0.00497070 -0.00395503
v -0.04451650 -0.00667969 -0.00625972
v -0.04482900 -0.00497070 -0.00395503
v -0.04373525 -0.00497070 -0.00643550
v -0.04373525 -0.00497070 -0.00643550
v -0.04482900 -0.00497070 -0.00395503
v -0.04436025 -0.00320313 -0.00409175
v -0.04373525 -0.00497070 -0.00643550
v -0.04436025 -0.00320313 -0.00409175
v -0.04311025 -0.00320313 -0.00655269
v -0.04311025 -0.00320313 -0.00655269
v -0.04436025 -0.00320313 -0.00409175
v -0.04404775 -0.00144531 -0.00416988
v -0.04279775 -0.00144531 -0.00661128
v -0.04279775 -0.00144531 -0.00661128
v -0.04404775 -0.00144531 -0.00416988
v -0.04389150 0.00026367 -0.00420894
v -0.04279775 -0.00144531 -0.00661128
v -0.04389150 0.00026367 -0.00420894
v -0.04264150 0.00026367 -0.00663081
v -0.04264150 0.00026367 -0.00663081
v -0.04389150 0.00026367 -0.00420894
v -0.04404775 0.00153320 -0.00418941
v -0.04264150 0.00026367 -0.00663081
v -0.04404775 0.00153320 -0.00418941
v -0.04279775 0.00153320 -0.00663081
v -0.04279775 0.00153320 -0.00663081
v -0.04404775 0.00153320 -0.00418941
v -0.04420400 0.00284180 -0.00415034
v -0.04295400 0.00284180 -0.00659175
v -0.04295400 0.00284180 -0.00659175
v -0.04420400 0.00284180 -0.00415034
v -0.04451650 0.00416992 -0.00407222
v -0.04326650 0.00416992 -0.00651363
v -0.04326650 0.00416992 -0.00651363
v -0.04451650 0.00416992 -0.00407222
v -0.04482900 0.00548828 -0.00395503
v -0.04326650 0.00416992 -0.00651363
v -0.04482900 0.00548828 -0.00395503
v -0.04373525 0.00548828 -0.00643550
v -0.04373525 0.00548828 -0.00643550
v -0.04482900 0.00548828 -0.00395503
v -0.04545400 0.00677734 -0.00381831
v -0.04373525 0.00548828 -0.00643550
v -0.04545400 0.00677734 -0.00381831
v -0.04420400 0.00677734 -0.00629878
v -0.04420400 0.00677734 -0.00629878
v -0.04545400 0.00677734 -0.00381831
v -0.04623525 0.00802734 -0.00364253
v -0.04420400 0.00677734 -0.00629878
v -0.04623525 0.00802734 -0.00364253
v -0.04498525 0.00802734 -0.00616206
v -0.04498525 0.00802734 -0.00616206
v -0.04623525 0.00802734 -0.00364253
v -0.04701650 0.00920899 -0.00344722
v -0.04576650 0.00920899 -0.00596675
v -0.04576650 0.00920899 -0.00596675
v -0.04701650 0.00920899 -0.00344722
v -0.04795400 0.01029297 -0.00321284
v -0.04576650 0.00920899 -0.00596675
v -0.04795400 0.01029297 -0.00321284
v -0.04670400 0.01029297 -0.00577144
v -0.04670400 0.01029297 -0.00577144
v -0.04795400 0.01029297 -0.00321284
v -0.04904775 0.01127930 -0.00293941
v -0.04670400 0.01029297 -0.00577144
v -0.04904775 0.01127930 -0.00293941
v -0.04779775 0.01127930 -0.00553706
v -0.04779775 0.01127930 -0.00553706
v -0.04904775 0.01127930 -0.00293941
v -0.05014150 0.01213867 -0.00266597
v -0.04779775 0.01127930 -0.00553706
v -0.05014150 0.01213867 -0.00266597
v -0.04904775 0.01213867 -0.00530269
v -0.04904775 0.01213867 -0.00530269
v -0.05014150 0.01213867 -0.00266597
v -0.05139150 0.01287109 -0.00237300
v -0.04904775 0.01213867 -0.00530269
v -0.05139150 0.01287109 -0.00237300
v -0.05014150 0.01287109 -0.00504878
v -0.05014150 0.01287109 -0.00504878
v -0.05139150 0.01287109 -0.00237300
v -0.05264150 0.01345703 -0.00206050
v -0.05014150 0.01287109 -0.00504878
v -0.05264150 0.01345703 -0.00206050
v -0.05154775 0.01345703 -0.00477534
v -0.05154775 0.01345703 -0.00477534
v -0.05264150 0.01345703 -0.00206050
v -0.05389150 0.01390625 -0.00174800
v -0.05154775 0.01345703 -0.00477534
v -0.05389150 0.01390625 -0.00174800
v -0.05279775 0.01390625 -0.00450191
v -0.05279775 0.01390625 -0.00450191
v -0.05389150 0.01390625 -0.00174800
v -0.05514150 0.01421875 -0.00143550
v -0.05279775 0.01390625 -0.00450191
v -0.05514150 0.01421875 -0.00143550
v -0.05404775 0.01421875 -0.00422847
v -0.05404775 0.01421875 -0.00422847
v -0.05514150 0.01421875 -0.00143550
v -0.05654775 0.01439453 -0.00112300
v -0.05404775 0.01421875 -0.00422847
v -0.05654775 0.01439453 -0.00112300
v -0.05529775 0.01439453 -0.00395503
v -0.05529775 0.01439453 -0.00395503
v -0.05654775 0.01439453 -0.00112300
v -0.05764150 0.01445312 -0.00081050
v -0.05529775 0.01439453 -0.00395503
v -0.05764150 0.01445312 -0.00081050
v -0.05654775 0.01445312 -0.00368159
v -0.05654775 0.01445312 -0.00368159
v -0.05764150 0.01445312 -0.00081050
v -0.05889150 0.01439453 -0.00051753
v -0.05779775 0.01439453 -0.00342769
v -0.05779775 0.01439453 -0.00342769
v -0.05889150 0.01439453 -0.00051753
v -0.06029775 0.01421875 -0.00020503
v -0.05779775 0.01439453 -0.00342769
v -0.06029775 0.01421875 -0.00020503
v -0.05904775 0.01421875 -0.00315425
v -0.05904775 0.01421875 -0.00315425
v -0.06029775 0.01421875 -0.00020503
v -0.06154775 0.01390625 0.00010747
v -0.05904775 0.01421875 -0.00315425
v -0.06154775 0.01390625 0.00010747
v -0.06045400 0.01390625 -0.00288081
v -0.06045400 0.01390625 -0.00288081
v -0.06154775 0.01390625 0.00010747
v -0.06279775 0.01345703 0.00041997
v -0.06170400 0.01345703 -0.00260738
v -0.06170400 0.01345703 -0.00260738
v -0.06279775 0.01345703 0.00041997
v -0.06467276 0.01251953 0.00088872
v -0.06170400 0.01345703 -0.00260738
v -0.06467276 0.01251953 0.00088872
v -0.06357900 0.01251953 -0.00219722
v -0.06357900 0.01251953 -0.00219722
v -0.06467276 0.01251953 0.00088872
v -0.06639151 0.01127930 0.00131841
v -0.06357900 0.01251953 -0.00219722
v -0.06639151 0.01127930 0.00131841
v -0.06529776 0.01127930 -0.00182613
v -0.06529776 0.01127930 -0.00182613
v -0.06639151 0.01127930 0.00131841
v -0.06795401 0.00976563 0.00168950
v -0.06686026 0.00976563 -0.00149409
v -0.06686026 0.00976563 -0.00149409
v -0.06795401 0.00976563 0.00168950
v -0.06920401 0.00802734 0.00202153
v -0.06686026 0.00976563 -0.00149409
v -0.06920401 0.00802734 0.00202153
v -0.06826651 0.00802734 -0.00122066
v -0.06826651 0.00802734 -0.00122066
v -0.06920401 0.00802734 0.00202153
v -0.07029776 0.00613281 0.00225591
v -0.06826651 0.00802734 -0.00122066
v -0.07029776 0.00613281 0.00225591
v -0.06920401 0.00613281 -0.00100581
v -0.06920401 0.00613281 -0.00100581
v -0.07029776 0.00613281 0.00225591
v -0.07092276 0.00416992 0.00243169
v -0.06920401 0.00613281 -0.00100581
v -0.07092276 0.00416992 0.00243169
v -0.06998526 0.00416992 -0.00084956
v -0.06998526 0.00416992 -0.00084956
v -0.07092276 0.00416992 0.00243169
v -0.07139151 0.00218750 0.00252934
v -0.06998526 0.00416992 -0.00084956
v -0.07139151 0.00218750 0.00252934
v -0.07029776 0.00218750 -0.00077144
v -0.07029776 0.00218750 -0.00077144
v -0.07139151 0.00218750 0.00252934
v -0.07123526 0.00026367 0.00145513
v -0.07029776 0.00218750 -0.00077144
v -0.07123526 0.00026367 0.00145513
v -0.06904776 0.00026367 -0.00465816
v -0.07389151 -0.00144531 0.01270512
v -0.07404776 -0.00231445 0.01399419
v -0.07357901 -0.00320313 0.01260747
v -0.07357901 -0.00320313 0.01260747
v -0.07404776 -0.00231445 0.01399419
v -0.07342276 -0.00481445 0.01399419
v -0.07357901 -0.00320313 0.01260747
v -0.07342276 -0.00481445 0.01399419
v -0.07295401 -0.00497070 0.01241216
v -0.07295401 -0.00497070 0.01241216
v -0.07342276 -0.00481445 0.01399419
v -0.07295401 -0.00602539 0.01399419
v -0.07295401 -0.00497070 0.01241216
v -0.07295401 -0.00602539 0.01399419
v -0.07217276 -0.00667969 0.01213872
v -0.07217276 -0.00667969 0.01213872
v -0.07295401 -0.00602539 0.01399419
v -0.07232901 -0.00717773 0.01399419
v -0.07217276 -0.00667969 0.01213872
v -0.07232901 -0.00717773 0.01399419
v -0.07123526 -0.00830078 0.01180669
v -0.07123526 -0.00830078 0.01180669
v -0.07232901 -0.00717773 0.01399419
v -0.07170401 -0.00829102 0.01399419
v -0.07123526 -0.00830078 0.01180669
v -0.07170401 -0.00829102 0.01399419
v -0.07092276 -0.00932617 0.01399419
v -0.07123526 -0.00830078 0.01180669
v -0.07092276 -0.00932617 0.01399419
v -0.06998526 -0.00977539 0.01137700
v -0.06998526 -0.00977539 0.01137700
v -0.07092276 -0.00932617 0.01399419
v -0.07014151 -0.01029297 0.01399419
v -0.06998526 -0.00977539 0.01137700
v -0.07014151 -0.01029297 0.01399419
v -0.06857901 -0.01106445 0.01088872
v -0.06857901 -0.01106445 0.01088872
v -0.07014151 -0.01029297 0.01399419
v -0.06920401 -0.01117187 0.01399419
v -0.06857901 -0.01106445 0.01088872
v -0.06920401 -0.01117187 0.01399419
v -0.06717276 -0.01211914 0.01036137
v -0.06717276 -0.01211914 0.01036137
v -0.06920401 -0.01117187 0.01399419
v -0.06811026 -0.01195312 0.01399419
v -0.06717276 -0.01211914 0.01036137
v -0.06811026 -0.01195312 0.01399419
v -0.06779776 -0.01211914 0.01360356
v -0.06779776 -0.01211914 0.01360356
v -0.06811026 -0.01195312 0.01399419
v -0.06701651 -0.01262695 0.01399419
v -0.06779776 -0.01211914 0.01360356
v -0.06701651 -0.01262695 0.01399419
v -0.06717276 -0.01211914 0.01036137
v -0.06717276 -0.01211914 0.01036137
v -0.06701651 -0.01262695 0.01399419
v -0.06545401 -0.01293945 0.00979497
v -0.06717276 -0.01211914 0.01036137
v -0.06545401 -0.01293945 0.00979497
v -0.06639151 -0.01211914 0.00713872
v -0.06639151 -0.01211914 0.00713872
v -0.06545401 -0.01293945 0.00979497
v -0.06467276 -0.01293945 0.00663091
v -0.06639151 -0.01211914 0.00713872
v -0.06467276 -0.01293945 0.00663091
v -0.06545401 -0.01211914 0.00397466
v -0.06373525 -0.01293945 0.00350591
v -0.06451651 -0.01211914 0.00083013
v -0.06451651 -0.01211914 0.00083013
v -0.06373525 -0.01293945 0.00350591
v -0.06279775 -0.01293945 0.00041997
v -0.06545401 -0.01293945 0.00979497
v -0.06701651 -0.01262695 0.01399419
v -0.06623526 -0.01293945 0.01297856
v -0.06623526 -0.01293945 0.01297856
v -0.06701651 -0.01262695 0.01399419
v -0.06592276 -0.01316406 0.01399419
v -0.06623526 -0.01293945 0.01297856
v -0.06592276 -0.01316406 0.01399419
v -0.06451651 -0.01350586 0.01235356
v -0.06451651 -0.01350586 0.01235356
v -0.06592276 -0.01316406 0.01399419
v -0.06467276 -0.01357422 0.01399419
v -0.06451651 -0.01350586 0.01235356
v -0.06467276 -0.01357422 0.01399419
v -0.06295400 -0.01383789 0.01170903
v -0.06295400 -0.01383789 0.01170903
v -0.06467276 -0.01357422 0.01399419
v -0.06342275 -0.01382812 0.01399419
v -0.06295400 -0.01383789 0.01170903
v -0.06342275 -0.01382812 0.01399419
v -0.06217275 -0.01393555 0.01399419
v -0.06295400 -0.01383789 0.01170903
v -0.06217275 -0.01393555 0.01399419
v -0.06123525 -0.01393555 0.01110356
v -0.06123525 -0.01393555 0.01110356
v -0.06217275 -0.01393555 0.01399419
v -0.06092275 -0.01387695 0.01399419
v -0.06123525 -0.01393555 0.01110356
v -0.06092275 -0.01387695 0.01399419
v -0.05967275 -0.01383789 0.01047856
v -0.05967275 -0.01383789 0.01047856
v -0.06092275 -0.01387695 0.01399419
v -0.06045400 -0.01383789 0.01348637
v -0.05967275 -0.01383789 0.01047856
v -0.06045400 -0.01383789 0.01348637
v -0.05967275 -0.01366211 0.01399419
v -0.05967275 -0.01366211 0.01399419
v -0.06045400 -0.01383789 0.01348637
v -0.06092275 -0.01387695 0.01399419
v -0.05967275 -0.01383789 0.01047856
v -0.05967275 -0.01366211 0.01399419
v -0.05873525 -0.01350586 0.01280278
v -0.05873525 -0.01350586 0.01280278
v -0.05967275 -0.01366211 0.01399419
v -0.05842275 -0.01328125 0.01399419
v -0.05873525 -0.01350586 0.01280278
v -0.05842275 -0.01328125 0.01399419
v -0.05717275 -0.01293945 0.01211919
v -0.05717275 -0.01293945 0.01211919
v -0.05842275 -0.01328125 0.01399419
v -0.05717275 -0.01275391 0.01399419
v -0.05717275 -0.01293945 0.01211919
v -0.05717275 -0.01275391 0.01399419
v -0.05561025 -0.01211914 0.01145512
v -0.05561025 -0.01211914 0.01145512
v -0.05717275 -0.01275391 0.01399419
v -0.05607900 -0.01209961 0.01399419
v -0.05561025 -0.01211914 0.01145512
v -0.05607900 -0.01209961 0.01399419
v -0.05404775 -0.01106445 0.01083012
v -0.05404775 -0.01106445 0.01083012
v -0.05607900 -0.01209961 0.01399419
v -0.05514150 -0.01130859 0.01399419
v -0.05404775 -0.01106445 0.01083012
v -0.05514150 -0.01130859 0.01399419
v -0.05482900 -0.01106445 0.01366216
v -0.05482900 -0.01106445 0.01366216
v -0.05514150 -0.01130859 0.01399419
v -0.05420400 -0.01041992 0.01399419
v -0.05482900 -0.01106445 0.01366216
v -0.05420400 -0.01041992 0.01399419
v -0.05404775 -0.01106445 0.01083012
v -0.05404775 -0.01106445 0.01083012
v -0.05420400 -0.01041992 0.01399419
v -0.05279775 -0.00977539 0.01024419
v -0.05404775 -0.01106445 0.01083012
v -0.05279775 -0.00977539 0.01024419
v -0.05326650 -0.01106445 0.00801763
v -0.05326650 -0.01106445 0.00801763
v -0.05279775 -0.00977539 0.01024419
v -0.05201650 -0.00977539 0.00749028
v -0.05326650 -0.01106445 0.00801763
v -0.05201650 -0.00977539 0.00749028
v -0.05248525 -0.01106445 0.00524419
v -0.05248525 -0.01106445 0.00524419
v -0.05201650 -0.00977539 0.00749028
v -0.05107900 -0.00977539 0.00475591
v -0.05154775 -0.01106445 0.00249028
v -0.05154775 -0.01106445 0.00249028
v -0.05107900 -0.00977539 0.00475591
v -0.05014150 -0.00977539 0.00206059
v -0.05154775 -0.01106445 0.00249028
v -0.05014150 -0.00977539 0.00206059
v -0.05045400 -0.01106445 -0.00020503
v -0.05045400 -0.01106445 -0.00020503
v -0.05014150 -0.00977539 0.00206059
v -0.04904775 -0.00977539 -0.00059566
v -0.04936025 -0.01106445 -0.00286128
v -0.04904775 -0.00977539 -0.00059566
v -0.05342275 -0.00977539 0.01303716
v -0.05342275 -0.00977539 0.01303716
v -0.05420400 -0.01041992 0.01399419
v -0.05342275 -0.00943359 0.01399419
v -0.05342275 -0.00977539 0.01303716
v -0.05342275 -0.00943359 0.01399419
v -0.05232900 -0.00830078 0.01250981
v -0.05232900 -0.00830078 0.01250981
v -0.05342275 -0.00943359 0.01399419
v -0.05264150 -0.00836914 0.01399419
v -0.05232900 -0.00830078 0.01250981
v -0.05264150 -0.00836914 0.01399419
v -0.05201650 -0.00724609 0.01399419
v -0.05232900 -0.00830078 0.01250981
v -0.05201650 -0.00724609 0.01399419
v -0.05123525 -0.00667969 0.01206059
v -0.05123525 -0.00667969 0.01206059
v -0.05201650 -0.00724609 0.01399419
v -0.05107900 -0.00485352 0.01399419
v -0.05123525 -0.00667969 0.01206059
v -0.05107900 -0.00485352 0.01399419
v -0.05061025 -0.00497070 0.01170903
v -0.04998525 -0.00320313 0.01147466
v -0.05061025 -0.00497070 0.01170903
v -0.04998525 -0.00320313 0.01147466
v -0.04982900 -0.00497070 0.00901372
v -0.04982900 -0.00497070 0.00901372
v -0.04998525 -0.00320313 0.01147466
v -0.04936025 -0.00320313 0.00879888
v -0.04982900 -0.00497070 0.00901372
v -0.04936025 -0.00320313 0.00879888
v -0.04904775 -0.00497070 0.00633794
v -0.04904775 -0.00497070 0.00633794
v -0.04936025 -0.00320313 0.00879888
v -0.04842275 -0.00320313 0.00614263
v -0.04811025 -0.00497070 0.00370122
v -0.04811025 -0.00497070 0.00370122
v -0.04842275 -0.00320313 0.00614263
v -0.04748525 -0.00320313 0.00352544
v -0.04811025 -0.00497070 0.00370122
v -0.04748525 -0.00320313 0.00352544
v -0.04717275 -0.00497070 0.00110356
v -0.04654775 -0.00320313 0.00094731
v -0.04717275 -0.00497070 0.00110356
v -0.04654775 -0.00320313 0.00094731
v -0.04607900 -0.00497070 -0.00145503
v -0.04545400 -0.00320313 -0.00159175
v -0.04607900 -0.00497070 -0.00145503
v -0.04545400 -0.00320313 -0.00159175
v -0.04482900 -0.00497070 -0.00395503
v -0.04545400 -0.00320313 -0.00159175
v -0.05107900 -0.00485352 0.01399419
v -0.05045400 -0.00232422 0.01399419
v -0.04998525 -0.00320313 0.01147466
v -0.04998525 -0.00320313 0.01147466
v -0.05045400 -0.00232422 0.01399419
v -0.04967275 -0.00144531 0.01133794
v -0.04998525 -0.00320313 0.01147466
v -0.04967275 -0.00144531 0.01133794
v -0.04936025 -0.00320313 0.00879888
v -0.04904775 -0.00144531 0.00866216
v -0.04936025 -0.00320313 0.00879888
v -0.04904775 -0.00144531 0.00866216
v -0.04842275 -0.00320313 0.00614263
v -0.04811025 -0.00144531 0.00602544
v -0.04748525 -0.00320313 0.00352544
v -0.04717275 -0.00144531 0.00340825
v -0.04748525 -0.00320313 0.00352544
v -0.04717275 -0.00144531 0.00340825
v -0.04654775 -0.00320313 0.00094731
v -0.04654775 -0.00320313 0.00094731
v -0.04717275 -0.00144531 0.00340825
v -0.04623525 -0.00144531 0.00084966
v -0.04654775 -0.00320313 0.00094731
v -0.04623525 -0.00144531 0.00084966
v -0.04545400 -0.00320313 -0.00159175
v -0.04514150 -0.00144531 -0.00168941
v -0.04545400 -0.00320313 -0.00159175
v -0.04514150 -0.00144531 -0.00168941
v -0.04436025 -0.00320313 -0.00409175
v -0.04404775 -0.00144531 -0.00416988
v -0.05045400 -0.00232422 0.01399419
v -0.05029775 0.00025391 0.01399419
v -0.04967275 -0.00144531 0.01133794
v -0.04967275 -0.00144531 0.01133794
v -0.05029775 0.00025391 0.01399419
v -0.04967275 0.00026367 0.01129887
v -0.04904775 -0.00144531 0.00866216
v -0.04904775 -0.00144531 0.00866216
v -0.04967275 0.00026367 0.01129887
v -0.04889150 0.00026367 0.00862309
v -0.04904775 -0.00144531 0.00866216
v -0.04889150 0.00026367 0.00862309
v -0.04811025 -0.00144531 0.00602544
v -0.04811025 -0.00144531 0.00602544
v -0.04889150 0.00026367 0.00862309
v -0.04811025 0.00026367 0.00598638
v -0.04811025 -0.00144531 0.00602544
v -0.04811025 0.00026367 0.00598638
v -0.04717275 -0.00144531 0.00340825
v -0.04717275 -0.00144531 0.00340825
v -0.04811025 0.00026367 0.00598638
v -0.04717275 0.00026367 0.00338872
v -0.04623525 -0.00144531 0.00084966
v -0.04623525 -0.00144531 0.00084966
v -0.04717275 0.00026367 0.00338872
v -0.04607900 0.00026367 0.00081059
v -0.04623525 -0.00144531 0.00084966
v -0.04607900 0.00026367 0.00081059
v -0.04514150 -0.00144531 -0.00168941
v -0.04514150 -0.00144531 -0.00168941
v -0.04607900 0.00026367 0.00081059
v -0.04514150 0.00026367 -0.00170894
v -0.04514150 -0.00144531 -0.00168941
v -0.04514150 0.00026367 -0.00170894
v -0.04404775 -0.00144531 -0.00416988
v -0.04514150 0.00026367 -0.00170894
v -0.04967275 0.00026367 0.01129887
v -0.05029775 0.00025391 0.01399419
v -0.04967275 0.00153320 0.01131841
v -0.04967275 0.00153320 0.01131841
v -0.05029775 0.00025391 0.01399419
v -0.05045400 0.00283203 0.01399419
v -0.04967275 0.00153320 0.01131841
v -0.05045400 0.00283203 0.01399419
v -0.04982900 0.00284180 0.01139653
v -0.04982900 0.00284180 0.01139653
v -0.05045400 0.00283203 0.01399419
v -0.05014150 0.00416992 0.01153325
v -0.04982900 0.00284180 0.01139653
v -0.05014150 0.00416992 0.01153325
v -0.04904775 0.00284180 0.00872075
v -0.04904775 0.00284180 0.00872075
v -0.05014150 0.00416992 0.01153325
v -0.04936025 0.00416992 0.00883794
v -0.04904775 0.00284180 0.00872075
v -0.04936025 0.00416992 0.00883794
v -0.04826650 0.00284180 0.00606450
v -0.04857900 0.00416992 0.00618169
v -0.04826650 0.00284180 0.00606450
v -0.04857900 0.00416992 0.00618169
v -0.04732900 0.00284180 0.00346684
v -0.04764150 0.00416992 0.00356450
v -0.04732900 0.00284180 0.00346684
v -0.04764150 0.00416992 0.00356450
v -0.04639150 0.00284180 0.00088872
v -0.04639150 0.00284180 0.00088872
v -0.04764150 0.00416992 0.00356450
v -0.04670400 0.00416992 0.00096684
v -0.04639150 0.00284180 0.00088872
v -0.04670400 0.00416992 0.00096684
v -0.04529775 0.00284180 -0.00165034
v -0.04561025 0.00416992 -0.00157222
v -0.04420400 0.00284180 -0.00415034
v -0.04451650 0.00416992 -0.00407222
v -0.05045400 0.00283203 0.01399419
v -0.05107900 0.00535156 0.01399419
v -0.05014150 0.00416992 0.01153325
v -0.05014150 0.00416992 0.01153325
v -0.05107900 0.00535156 0.01399419
v -0.05061025 0.00548828 0.01170903
v -0.05014150 0.00416992 0.01153325
v -0.05061025 0.00548828 0.01170903
v -0.04936025 0.00416992 0.00883794
v -0.04982900 0.00548828 0.00901372
v -0.04857900 0.00416992 0.00618169
v -0.04904775 0.00548828 0.00633794
v -0.04857900 0.00416992 0.00618169
v -0.04904775 0.00548828 0.00633794
v -0.04764150 0.00416992 0.00356450
v -0.04764150 0.00416992 0.00356450
v -0.04904775 0.00548828 0.00633794
v -0.04811025 0.00548828 0.00370122
v -0.04764150 0.00416992 0.00356450
v -0.04811025 0.00548828 0.00370122
v -0.04670400 0.00416992 0.00096684
v -0.04717275 0.00548828 0.00110356
v -0.04670400 0.00416992 0.00096684
v -0.04717275 0.00548828 0.00110356
v -0.04561025 0.00416992 -0.00157222
v -0.04561025 0.00416992 -0.00157222
v -0.04717275 0.00548828 0.00110356
v -0.04607900 0.00548828 -0.00145503
v -0.04451650 0.00416992 -0.00407222
v -0.04451650 0.00416992 -0.00407222
v -0.04607900 0.00548828 -0.00145503
v -0.04482900 0.00548828 -0.00395503
v -0.05107900 0.00677734 0.01196294
v -0.05107900 0.00677734 0.01196294
v -0.05107900 0.00535156 0.01399419
v -0.05201650 0.00775391 0.01399419
v -0.05107900 0.00677734 0.01196294
v -0.05201650 0.00775391 0.01399419
v -0.05170400 0.00802734 0.01227544
v -0.05170400 0.00802734 0.01227544
v -0.05201650 0.00775391 0.01399419
v -0.05264150 0.00887695 0.01399419
v -0.05170400 0.00802734 0.01227544
v -0.05264150 0.00887695 0.01399419
v -0.05248525 0.00920899 0.01262700
v -0.05248525 0.00920899 0.01262700
v -0.05264150 0.00887695 0.01399419
v -0.05342275 0.00994141 0.01399419
v -0.05248525 0.00920899 0.01262700
v -0.05342275 0.00994141 0.01399419
v -0.05342275 0.01029297 0.01303716
v -0.05342275 0.01029297 0.01303716
v -0.05342275 0.00994141 0.01399419
v -0.05420400 0.01092773 0.01399419
v -0.05342275 0.01029297 0.01303716
v -0.05420400 0.01092773 0.01399419
v -0.05279775 0.01029297 0.01024419
v -0.05279775 0.01029297 0.01024419
v -0.05420400 0.01092773 0.01399419
v -0.05436025 0.01127930 0.01350591
v -0.05279775 0.01029297 0.01024419
v -0.05436025 0.01127930 0.01350591
v -0.05373525 0.01127930 0.01067387
v -0.05373525 0.01127930 0.01067387
v -0.05436025 0.01127930 0.01350591
v -0.05514150 0.01182617 0.01399419
v -0.05373525 0.01127930 0.01067387
v -0.05514150 0.01182617 0.01399419
v -0.05482900 0.01213867 0.01114262
v -0.05482900 0.01213867 0.01114262
v -0.05514150 0.01182617 0.01399419
v -0.05607900 0.01260742 0.01399419
v -0.05482900 0.01213867 0.01114262
v -0.05607900 0.01260742 0.01399419
v -0.05592275 0.01287109 0.01161137
v -0.05592275 0.01287109 0.01161137
v -0.05607900 0.01260742 0.01399419
v -0.05717275 0.01327148 0.01399419
v -0.05592275 0.01287109 0.01161137
v -0.05717275 0.01327148 0.01399419
v -0.05717275 0.01345703 0.01211919
v -0.05717275 0.01345703 0.01211919
v -0.05717275 0.01327148 0.01399419
v -0.05842275 0.01379883 0.01399419
v -0.05717275 0.01345703 0.01211919
v -0.05842275 0.01379883 0.01399419
v -0.05842275 0.01390625 0.01264653
v -0.05842275 0.01390625 0.01264653
v -0.05842275 0.01379883 0.01399419
v -0.05951650 0.01417969 0.01399419
v -0.05842275 0.01390625 0.01264653
v -0.05951650 0.01417969 0.01399419
v -0.05951650 0.01421875 0.01315434
v -0.05951650 0.01421875 0.01315434
v -0.05951650 0.01417969 0.01399419
v -0.06092275 0.01439453 0.01399419
v -0.05951650 0.01421875 0.01315434
v -0.06092275 0.01439453 0.01399419
v -0.06076650 0.01439453 0.01366216
v -0.06076650 0.01439453 0.01366216
v -0.06092275 0.01439453 0.01399419
v -0.06217275 0.01445312 0.01399419
v -0.06076650 0.01439453 0.01366216
v -0.06217275 0.01445312 0.01399419
v -0.06123525 0.01445312 0.01110356
v -0.06123525 0.01445312 0.01110356
v -0.06217275 0.01445312 0.01399419
v -0.06248525 0.01439453 0.01155278
v -0.06123525 0.01445312 0.01110356
v -0.06248525 0.01439453 0.01155278
v -0.06061025 0.01445312 0.00805669
v -0.06061025 0.01445312 0.00805669
v -0.06248525 0.01439453 0.01155278
v -0.06170400 0.01439453 0.00848638
v -0.05967275 0.01445312 0.00506841
v -0.05967275 0.01445312 0.00506841
v -0.06170400 0.01439453 0.00848638
v -0.06092275 0.01439453 0.00543950
v -0.05967275 0.01445312 0.00506841
v -0.06092275 0.01439453 0.00543950
v -0.05873525 0.01445312 0.00209966
v -0.05998525 0.01439453 0.00245122
v -0.05420400 0.01092773 0.01399419
v -0.05514150 0.01182617 0.01399419
v -0.05436025 0.01127930 0.01350591
v -0.06217275 0.01445312 0.01399419
v -0.06342275 0.01435547 0.01399419
v -0.06248525 0.01439453 0.01155278
v -0.06248525 0.01439453 0.01155278
v -0.06342275 0.01435547 0.01399419
v -0.06373525 0.01421875 0.01202153
v -0.06248525 0.01439453 0.01155278
v -0.06373525 0.01421875 0.01202153
v -0.06170400 0.01439453 0.00848638
v -0.06295400 0.01421875 0.00891606
v -0.06092275 0.01439453 0.00543950
v -0.06217275 0.01421875 0.00583013
v -0.06092275 0.01439453 0.00543950
v -0.06217275 0.01421875 0.00583013
v -0.05998525 0.01439453 0.00245122
v -0.06123525 0.01421875 0.00280278
v -0.05998525 0.01439453 0.00245122
v -0.06123525 0.01421875 0.00280278
v -0.05889150 0.01439453 -0.00051753
v -0.05889150 0.01439453 -0.00051753
v -0.06123525 0.01421875 0.00280278
v -0.06029775 0.01421875 -0.00020503
v -0.06342275 0.01435547 0.01399419
v -0.06467276 0.01409180 0.01399419
v -0.06373525 0.01421875 0.01202153
v -0.06373525 0.01421875 0.01202153
v -0.06467276 0.01409180 0.01399419
v -0.06498526 0.01390625 0.01250981
v -0.06373525 0.01421875 0.01202153
v -0.06498526 0.01390625 0.01250981
v -0.06295400 0.01421875 0.00891606
v -0.06295400 0.01421875 0.00891606
v -0.06498526 0.01390625 0.01250981
v -0.06420401 0.01390625 0.00934575
v -0.06295400 0.01421875 0.00891606
v -0.06420401 0.01390625 0.00934575
v -0.06217275 0.01421875 0.00583013
v -0.06342275 0.01390625 0.00624028
v -0.06217275 0.01421875 0.00583013
v -0.06342275 0.01390625 0.00624028
v -0.06123525 0.01421875 0.00280278
v -0.06123525 0.01421875 0.00280278
v -0.06342275 0.01390625 0.00624028
v -0.06248525 0.01390625 0.00315434
v -0.06029775 0.01421875 -0.00020503
v -0.06154775 0.01390625 0.00010747
v -0.06467276 0.01409180 0.01399419
v -0.06592276 0.01368164 0.01399419
v -0.06498526 0.01390625 0.01250981
v -0.06498526 0.01390625 0.01250981
v -0.06592276 0.01368164 0.01399419
v -0.06623526 0.01345703 0.01297856
v -0.06420401 0.01390625 0.00934575
v -0.06545401 0.01345703 0.00979497
v -0.06342275 0.01390625 0.00624028
v -0.06342275 0.01390625 0.00624028
v -0.06545401 0.01345703 0.00979497
v -0.06467276 0.01345703 0.00663091
v -0.06342275 0.01390625 0.00624028
v -0.06467276 0.01345703 0.00663091
v -0.06248525 0.01390625 0.00315434
v -0.06248525 0.01390625 0.00315434
v -0.06467276 0.01345703 0.00663091
v -0.06373525 0.01345703 0.00350591
v -0.06248525 0.01390625 0.00315434
v -0.06373525 0.01345703 0.00350591
v -0.06154775 0.01390625 0.00010747
v -0.06154775 0.01390625 0.00010747
v -0.06279775 0.01345703 0.00041997
v -0.06592276 0.01368164 0.01399419
v -0.06701651 0.01313477 0.01399419
v -0.06623526 0.01345703 0.01297856
v -0.06623526 0.01345703 0.01297856
v -0.06701651 0.01313477 0.01399419
v -0.06545401 0.01345703 0.00979497
v -0.06811026 0.01247070 0.01399419
v -0.06795401 0.01251953 0.01366216
v -0.06701651 0.01313477 0.01399419
v -0.06701651 0.01313477 0.01399419
v -0.06795401 0.01251953 0.01366216
v -0.06732901 0.01251953 0.01041997
v -0.06701651 0.01313477 0.01399419
v -0.06732901 0.01251953 0.01041997
v -0.06545401 0.01345703 0.00979497
v -0.06545401 0.01345703 0.00979497
v -0.06732901 0.01251953 0.01041997
v -0.06467276 0.01345703 0.00663091
v -0.06811026 0.01247070 0.01399419
v -0.06920401 0.01168945 0.01399419
v -0.06795401 0.01251953 0.01366216
v -0.06795401 0.01251953 0.01366216
v -0.06920401 0.01168945 0.01399419
v -0.06732901 0.01251953 0.01041997
v -0.06732901 0.01251953 0.01041997
v -0.06920401 0.01168945 0.01399419
v -0.06904776 0.01127930 0.01100591
v -0.06904776 0.01127930 0.01100591
v -0.06920401 0.01168945 0.01399419
v -0.07014151 0.01081055 0.01399419
v -0.06904776 0.01127930 0.01100591
v -0.07014151 0.01081055 0.01399419
v -0.07045401 0.00976563 0.01153325
v -0.07045401 0.00976563 0.01153325
v -0.07014151 0.01081055 0.01399419
v -0.07092276 0.00984375 0.01399419
v -0.07045401 0.00976563 0.01153325
v -0.07092276 0.00984375 0.01399419
v -0.07170401 0.00880859 0.01399419
v -0.07045401 0.00976563 0.01153325
v -0.07170401 0.00880859 0.01399419
v -0.07170401 0.00802734 0.01198247
v -0.07170401 0.00802734 0.01198247
v -0.07170401 0.00880859 0.01399419
v -0.07232901 0.00769531 0.01399419
v -0.07170401 0.00802734 0.01198247
v -0.07232901 0.00769531 0.01399419
v -0.07295401 0.00654297 0.01399419
v -0.07170401 0.00802734 0.01198247
v -0.07295401 0.00654297 0.01399419
v -0.07279776 0.00613281 0.01233403
v -0.07279776 0.00613281 0.01233403
v -0.07295401 0.00654297 0.01399419
v -0.07342276 0.00533203 0.01399419
v -0.07279776 0.00613281 0.01233403
v -0.07342276 0.00533203 0.01399419
v -0.07342276 0.00416992 0.01256841
v -0.07342276 0.00416992 0.01256841
v -0.07342276 0.00533203 0.01399419
v -0.07404776 0.00283203 0.01399419
v -0.07342276 0.00416992 0.01256841
v -0.07404776 0.00283203 0.01399419
v -0.07389151 0.00218750 0.01270512
v -0.07389151 0.00218750 0.01270512
v -0.07404776 0.00283203 0.01399419
v -0.07420401 0.00026367 0.01399419
v -0.07389151 0.00218750 0.01270512
v -0.07420401 0.00026367 0.01399419
v -0.07311026 0.00218750 0.00926763
v -0.07311026 0.00218750 0.00926763
v -0.07420401 0.00026367 0.01399419
v -0.07279776 0.00026367 0.00768559
v -0.07311026 0.00218750 0.00926763
v -0.07279776 0.00026367 0.00768559
v -0.07232901 0.00218750 0.00588872
v -0.07232901 0.00218750 0.00588872
v -0.07279776 0.00026367 0.00768559
v -0.07123526 0.00026367 0.00145513
v -0.07232901 0.00218750 0.00588872
v -0.07123526 0.00026367 0.00145513
v -0.07139151 0.00218750 0.00252934
v -0.06670401 0.00026367 -0.01065425
v -0.06795401 0.00218750 -0.00721675
v -0.06904776 0.00026367 -0.00465816
v -0.06904776 0.00026367 -0.00465816
v -0.06795401 0.00218750 -0.00721675
v -0.06920401 0.00218750 -0.00403316
v -0.06904776 0.00026367 -0.00465816
v -0.06920401 0.00218750 -0.00403316
v -0.07029776 0.00218750 -0.00077144
v -0.06920401 0.00218750 -0.00403316
v -0.06889151 0.00416992 -0.00409175
v -0.07029776 0.00218750 -0.00077144
v -0.06889151 0.00416992 -0.00409175
v -0.06998526 0.00416992 -0.00084956
v -0.06998526 0.00416992 -0.00084956
v -0.06889151 0.00416992 -0.00409175
v -0.06811026 0.00613281 -0.00422847
v -0.06920401 0.00613281 -0.00100581
v -0.06920401 0.00613281 -0.00100581
v -0.06811026 0.00613281 -0.00422847
v -0.06701651 0.00802734 -0.00440425
v -0.06920401 0.00613281 -0.00100581
v -0.06701651 0.00802734 -0.00440425
v -0.06826651 0.00802734 -0.00122066
v -0.06826651 0.00802734 -0.00122066
v -0.06701651 0.00802734 -0.00440425
v -0.06576651 0.00976563 -0.00463863
v -0.06826651 0.00802734 -0.00122066
v -0.06576651 0.00976563 -0.00463863
v -0.06686026 0.00976563 -0.00149409
v -0.06576651 0.00976563 -0.00463863
v -0.06420401 0.01127930 -0.00493159
v -0.06686026 0.00976563 -0.00149409
v -0.06420401 0.01127930 -0.00493159
v -0.06529776 0.01127930 -0.00182613
v -0.06420401 0.01127930 -0.00493159
v -0.06248525 0.01251953 -0.00524409
v -0.06529776 0.01127930 -0.00182613
v -0.06248525 0.01251953 -0.00524409
v -0.06357900 0.01251953 -0.00219722
v -0.06357900 0.01251953 -0.00219722
v -0.06248525 0.01251953 -0.00524409
v -0.06061025 0.01345703 -0.00557613
v -0.06061025 0.01345703 -0.00557613
v -0.06170400 0.01345703 -0.00260738
v -0.06061025 0.01345703 -0.00557613
v -0.05920400 0.01390625 -0.00581050
v -0.06170400 0.01345703 -0.00260738
v -0.05920400 0.01390625 -0.00581050
v -0.06045400 0.01390625 -0.00288081
v -0.06045400 0.01390625 -0.00288081
v -0.05920400 0.01390625 -0.00581050
v -0.05795400 0.01421875 -0.00604488
v -0.06045400 0.01390625 -0.00288081
v -0.05795400 0.01421875 -0.00604488
v -0.05904775 0.01421875 -0.00315425
v -0.05795400 0.01421875 -0.00604488
v -0.05670400 0.01439453 -0.00627925
v -0.05670400 0.01439453 -0.00627925
v -0.05545400 0.01445312 -0.00651363
v -0.05545400 0.01445312 -0.00651363
v -0.05420400 0.01439453 -0.00672847
v -0.05529775 0.01439453 -0.00395503
v -0.05420400 0.01439453 -0.00672847
v -0.05279775 0.01421875 -0.00696284
v -0.05279775 0.01421875 -0.00696284
v -0.05404775 0.01421875 -0.00422847
v -0.05279775 0.01421875 -0.00696284
v -0.05154775 0.01390625 -0.00719722
v -0.05404775 0.01421875 -0.00422847
v -0.05154775 0.01390625 -0.00719722
v -0.05279775 0.01390625 -0.00450191
v -0.05279775 0.01390625 -0.00450191
v -0.05154775 0.01390625 -0.00719722
v -0.05029775 0.01345703 -0.00743159
v -0.05279775 0.01390625 -0.00450191
v -0.05029775 0.01345703 -0.00743159
v -0.05154775 0.01345703 -0.00477534
v -0.05154775 0.01345703 -0.00477534
v -0.05029775 0.01345703 -0.00743159
v -0.04904775 0.01287109 -0.00766597
v -0.05154775 0.01345703 -0.00477534
v -0.04904775 0.01287109 -0.00766597
v -0.05014150 0.01287109 -0.00504878
v -0.05014150 0.01287109 -0.00504878
v -0.04904775 0.01287109 -0.00766597
v -0.04779775 0.01213867 -0.00788081
v -0.05014150 0.01287109 -0.00504878
v -0.04779775 0.01213867 -0.00788081
v -0.04904775 0.01213867 -0.00530269
v -0.04654775 0.01127930 -0.00809566
v -0.04904775 0.01213867 -0.00530269
v -0.04654775 0.01127930 -0.00809566
v -0.04779775 0.01127930 -0.00553706
v -0.04779775 0.01127930 -0.00553706
v -0.04654775 0.01127930 -0.00809566
v -0.04545400 0.01029297 -0.00829097
v -0.04779775 0.01127930 -0.00553706
v -0.04545400 0.01029297 -0.00829097
v -0.04670400 0.01029297 -0.00577144
v -0.04670400 0.01029297 -0.00577144
v -0.04545400 0.01029297 -0.00829097
v -0.04451650 0.00920899 -0.00844722
v -0.04670400 0.01029297 -0.00577144
v -0.04451650 0.00920899 -0.00844722
v -0.04576650 0.00920899 -0.00596675
v -0.04576650 0.00920899 -0.00596675
v -0.04451650 0.00920899 -0.00844722
v -0.04373525 0.00802734 -0.00860347
v -0.04576650 0.00920899 -0.00596675
v -0.04373525 0.00802734 -0.00860347
v -0.04498525 0.00802734 -0.00616206
v -0.04498525 0.00802734 -0.00616206
v -0.04373525 0.00802734 -0.00860347
v -0.04295400 0.00677734 -0.00874019
v -0.04420400 0.00677734 -0.00629878
v -0.04420400 0.00677734 -0.00629878
v -0.04295400 0.00677734 -0.00874019
v -0.04232900 0.00548828 -0.00883784
v -0.04420400 0.00677734 -0.00629878
v -0.04232900 0.00548828 -0.00883784
v -0.04373525 0.00548828 -0.00643550
v -0.04373525 0.00548828 -0.00643550
v -0.04232900 0.00548828 -0.00883784
v -0.04201650 0.00416992 -0.00891597
v -0.04373525 0.00548828 -0.00643550
v -0.04201650 0.00416992 -0.00891597
v -0.04326650 0.00416992 -0.00651363
v -0.04326650 0.00416992 -0.00651363
v -0.04201650 0.00416992 -0.00891597
v -0.04170400 0.00284180 -0.00897456
v -0.04326650 0.00416992 -0.00651363
v -0.04170400 0.00284180 -0.00897456
v -0.04295400 0.00284180 -0.00659175
v -0.04295400 0.00284180 -0.00659175
v -0.04170400 0.00284180 -0.00897456
v -0.04154775 0.00153320 -0.00901363
v -0.04279775 0.00153320 -0.00663081
v -0.04279775 0.00153320 -0.00663081
v -0.04154775 0.00153320 -0.00901363
v -0.04139150 0.00026367 -0.00901363
v -0.04264150 0.00026367 -0.00663081
v -0.04264150 0.00026367 -0.00663081
v -0.04139150 0.00026367 -0.00901363
v -0.04154775 -0.00144531 -0.00899409
v -0.04279775 -0.00144531 -0.00661128
v -0.04279775 -0.00144531 -0.00661128
v -0.04154775 -0.00144531 -0.00899409
v -0.04186025 -0.00320313 -0.00893550
v -0.04311025 -0.00320313 -0.00655269
v -0.04311025 -0.00320313 -0.00655269
v -0.04186025 -0.00320313 -0.00893550
v -0.04232900 -0.00497070 -0.00883784
v -0.04311025 -0.00320313 -0.00655269
v -0.04232900 -0.00497070 -0.00883784
v -0.04373525 -0.00497070 -0.00643550
v -0.04373525 -0.00497070 -0.00643550
v -0.04232900 -0.00497070 -0.00883784
v -0.04326650 -0.00667969 -0.00870113
v -0.04373525 -0.00497070 -0.00643550
v -0.04326650 -0.00667969 -0.00870113
v -0.04451650 -0.00667969 -0.00625972
v -0.04326650 -0.00667969 -0.00870113
v -0.04420400 -0.00830078 -0.00850581
v -0.04451650 -0.00667969 -0.00625972
v -0.04420400 -0.00830078 -0.00850581
v -0.04545400 -0.00830078 -0.00604488
v -0.04545400 -0.00830078 -0.00604488
v -0.04420400 -0.00830078 -0.00850581
v -0.04545400 -0.00977539 -0.00829097
v -0.04545400 -0.00977539 -0.00829097
v -0.04670400 -0.00977539 -0.00577144
v -0.04545400 -0.00977539 -0.00829097
v -0.04701650 -0.01106445 -0.00801753
v -0.04701650 -0.01106445 -0.00801753
v -0.04826650 -0.01106445 -0.00545894
v -0.04701650 -0.01106445 -0.00801753
v -0.04857900 -0.01211914 -0.00774409
v -0.04826650 -0.01106445 -0.00545894
v -0.04857900 -0.01211914 -0.00774409
v -0.04982900 -0.01211914 -0.00512691
v -0.04982900 -0.01211914 -0.00512691
v -0.04857900 -0.01211914 -0.00774409
v -0.05029775 -0.01293945 -0.00743159
v -0.04982900 -0.01211914 -0.00512691
v -0.05029775 -0.01293945 -0.00743159
v -0.05154775 -0.01293945 -0.00477534
v -0.05154775 -0.01293945 -0.00477534
v -0.05029775 -0.01293945 -0.00743159
v -0.05201650 -0.01350586 -0.00711909
v -0.05154775 -0.01293945 -0.00477534
v -0.05201650 -0.01350586 -0.00711909
v -0.05326650 -0.01350586 -0.00440425
v -0.05326650 -0.01350586 -0.00440425
v -0.05201650 -0.01350586 -0.00711909
v -0.05373525 -0.01383789 -0.00680659
v -0.05498525 -0.01383789 -0.00403316
v -0.05498525 -0.01383789 -0.00403316
v -0.05373525 -0.01383789 -0.00680659
v -0.05545400 -0.01393555 -0.00651363
v -0.05545400 -0.01393555 -0.00651363
v -0.05654775 -0.01393555 -0.00368159
v -0.05545400 -0.01393555 -0.00651363
v -0.05701650 -0.01383789 -0.00620113
v -0.05654775 -0.01393555 -0.00368159
v -0.05701650 -0.01383789 -0.00620113
v -0.05826650 -0.01383789 -0.00333003
v -0.05826650 -0.01383789 -0.00333003
v -0.05701650 -0.01383789 -0.00620113
v -0.05873525 -0.01350586 -0.00588863
v -0.05826650 -0.01383789 -0.00333003
v -0.05873525 -0.01350586 -0.00588863
v -0.05998525 -0.01350586 -0.00297847
v -0.05998525 -0.01350586 -0.00297847
v -0.05873525 -0.01350586 -0.00588863
v -0.06061025 -0.01293945 -0.00557613
v -0.06061025 -0.01293945 -0.00557613
v -0.06170400 -0.01293945 -0.00260738
v -0.06061025 -0.01293945 -0.00557613
v -0.06217275 -0.01211914 -0.00528316
v -0.06170400 -0.01293945 -0.00260738
v -0.06217275 -0.01211914 -0.00528316
v -0.06342275 -0.01211914 -0.00225581
v -0.06342275 -0.01211914 -0.00225581
v -0.06217275 -0.01211914 -0.00528316
v -0.06389150 -0.01106445 -0.00499019
v -0.06389150 -0.01106445 -0.00499019
v -0.06389150 -0.01106445 -0.00499019
v -0.06529776 -0.00977539 -0.00473628
v -0.06529776 -0.00977539 -0.00473628
v -0.06654776 -0.00830078 -0.00450191
v -0.06764151 -0.00830078 -0.00133784
v -0.06654776 -0.00830078 -0.00450191
v -0.06764151 -0.00667969 -0.00432613
v -0.06764151 -0.00667969 -0.00432613
v -0.06873526 -0.00667969 -0.00112300
v -0.06764151 -0.00667969 -0.00432613
v -0.06842276 -0.00497070 -0.00416988
v -0.06951651 -0.00497070 -0.00094722
v -0.06951651 -0.00497070 -0.00094722
v -0.06842276 -0.00497070 -0.00416988
v -0.06889151 -0.00320313 -0.00407222
v -0.06951651 -0.00497070 -0.00094722
v -0.06889151 -0.00320313 -0.00407222
v -0.07014151 -0.00320313 -0.00083003
v -0.07014151 -0.00320313 -0.00083003
v -0.06889151 -0.00320313 -0.00407222
v -0.06920401 -0.00144531 -0.00401363
v -0.07045401 -0.00144531 -0.00077144
v -0.07045401 -0.00144531 -0.00077144
v -0.06920401 -0.00144531 -0.00401363
v -0.06904776 0.00026367 -0.00465816
v -0.07045401 -0.00144531 -0.00077144
v -0.06904776 0.00026367 -0.00465816
v -0.07123526 0.00026367 0.00145513
v -0.06389150 0.00026367 -0.01647456
v -0.06529776 0.00218750 -0.01344722
v -0.06670401 0.00026367 -0.01065425
v -0.06670401 0.00026367 -0.01065425
v -0.06529776 0.00218750 -0.01344722
v -0.06670401 0.00218750 -0.01036128
v -0.06670401 0.00026367 -0.01065425
v -0.06670401 0.00218750 -0.01036128
v -0.06795401 0.00218750 -0.00721675
v -0.06795401 0.00218750 -0.00721675
v -0.06670401 0.00218750 -0.01036128
v -0.06623526 0.00416992 -0.01041987
v -0.06795401 0.00218750 -0.00721675
v -0.06623526 0.00416992 -0.01041987
v -0.06764151 0.00416992 -0.00729488
v -0.06764151 0.00416992 -0.00729488
v -0.06623526 0.00416992 -0.01041987
v -0.06561026 0.00613281 -0.01049800
v -0.06764151 0.00416992 -0.00729488
v -0.06561026 0.00613281 -0.01049800
v -0.06686026 0.00613281 -0.00739253
v -0.06686026 0.00613281 -0.00739253
v -0.06561026 0.00613281 -0.01049800
v -0.06451651 0.00802734 -0.01061519
v -0.06686026 0.00613281 -0.00739253
v -0.06451651 0.00802734 -0.01061519
v -0.06592276 0.00802734 -0.00754878
v -0.06592276 0.00802734 -0.00754878
v -0.06451651 0.00802734 -0.01061519
v -0.06326650 0.00976563 -0.01077144
v -0.06592276 0.00802734 -0.00754878
v -0.06326650 0.00976563 -0.01077144
v -0.06451651 0.00976563 -0.00774409
v -0.06451651 0.00976563 -0.00774409
v -0.06326650 0.00976563 -0.01077144
v -0.06170400 0.01127930 -0.01094722
v -0.06451651 0.00976563 -0.00774409
v -0.06170400 0.01127930 -0.01094722
v -0.06295400 0.01127930 -0.00797847
v -0.06295400 0.01127930 -0.00797847
v -0.06170400 0.01127930 -0.01094722
v -0.05982900 0.01251953 -0.01116206
v -0.06295400 0.01127930 -0.00797847
v -0.05982900 0.01251953 -0.01116206
v -0.06123525 0.01251953 -0.00823238
v -0.06123525 0.01251953 -0.00823238
v -0.05982900 0.01251953 -0.01116206
v -0.05795400 0.01345703 -0.01137691
v -0.06123525 0.01251953 -0.00823238
v -0.05795400 0.01345703 -0.01137691
v -0.05920400 0.01345703 -0.00850581
v -0.05920400 0.01345703 -0.00850581
v -0.05795400 0.01345703 -0.01137691
v -0.05654775 0.01390625 -0.01153316
v -0.05920400 0.01345703 -0.00850581
v -0.05654775 0.01390625 -0.01153316
v -0.05795400 0.01390625 -0.00870113
v -0.05795400 0.01390625 -0.00870113
v -0.05654775 0.01390625 -0.01153316
v -0.05529775 0.01421875 -0.01168941
v -0.05670400 0.01421875 -0.00889644
v -0.05670400 0.01421875 -0.00889644
v -0.05529775 0.01421875 -0.01168941
v -0.05404775 0.01439453 -0.01184566
v -0.05670400 0.01421875 -0.00889644
v -0.05404775 0.01439453 -0.01184566
v -0.05529775 0.01439453 -0.00909175
v -0.05529775 0.01439453 -0.00909175
v -0.05404775 0.01439453 -0.01184566
v -0.05279775 0.01445312 -0.01198237
v -0.05404775 0.01445312 -0.00926753
v -0.05404775 0.01445312 -0.00926753
v -0.05279775 0.01445312 -0.01198237
v -0.05154775 0.01439453 -0.01213862
v -0.05279775 0.01439453 -0.00946284
v -0.05279775 0.01439453 -0.00946284
v -0.05154775 0.01439453 -0.01213862
v -0.05014150 0.01421875 -0.01227534
v -0.05279775 0.01439453 -0.00946284
v -0.05014150 0.01421875 -0.01227534
v -0.05154775 0.01421875 -0.00965816
v -0.05154775 0.01421875 -0.00965816
v -0.05014150 0.01421875 -0.01227534
v -0.04889150 0.01390625 -0.01243159
v -0.05154775 0.01421875 -0.00965816
v -0.04889150 0.01390625 -0.01243159
v -0.05029775 0.01390625 -0.00985347
v -0.05029775 0.01390625 -0.00985347
v -0.04889150 0.01390625 -0.01243159
v -0.04748525 0.01345703 -0.01258784
v -0.05029775 0.01390625 -0.00985347
v -0.04748525 0.01345703 -0.01258784
v -0.04889150 0.01345703 -0.01002925
v -0.04889150 0.01345703 -0.01002925
v -0.04748525 0.01345703 -0.01258784
v -0.04623525 0.01287109 -0.01274409
v -0.04889150 0.01345703 -0.01002925
v -0.04623525 0.01287109 -0.01274409
v -0.04764150 0.01287109 -0.01022456
v -0.04764150 0.01287109 -0.01022456
v -0.04623525 0.01287109 -0.01274409
v -0.04498525 0.01213867 -0.01288081
v -0.04764150 0.01287109 -0.01022456
v -0.04498525 0.01213867 -0.01288081
v -0.04639150 0.01213867 -0.01040034
v -0.04639150 0.01213867 -0.01040034
v -0.04498525 0.01213867 -0.01288081
v -0.04389150 0.01127930 -0.01301753
v -0.04639150 0.01213867 -0.01040034
v -0.04389150 0.01127930 -0.01301753
v -0.04529775 0.01127930 -0.01057612
v -0.04529775 0.01127930 -0.01057612
v -0.04389150 0.01127930 -0.01301753
v -0.04279775 0.01029297 -0.01313472
v -0.04529775 0.01127930 -0.01057612
v -0.04279775 0.01029297 -0.01313472
v -0.04420400 0.01029297 -0.01073237
v -0.04420400 0.01029297 -0.01073237
v -0.04279775 0.01029297 -0.01313472
v -0.04186025 0.00920899 -0.01325191
v -0.04420400 0.01029297 -0.01073237
v -0.04186025 0.00920899 -0.01325191
v -0.04326650 0.00920899 -0.01088862
v -0.04326650 0.00920899 -0.01088862
v -0.04186025 0.00920899 -0.01325191
v -0.04092275 0.00802734 -0.01334956
v -0.04326650 0.00920899 -0.01088862
v -0.04092275 0.00802734 -0.01334956
v -0.04232900 0.00802734 -0.01100581
v -0.04232900 0.00802734 -0.01100581
v -0.04092275 0.00802734 -0.01334956
v -0.04014150 0.00677734 -0.01342769
v -0.04232900 0.00802734 -0.01100581
v -0.04014150 0.00677734 -0.01342769
v -0.04170400 0.00677734 -0.01112300
v -0.04170400 0.00677734 -0.01112300
v -0.04014150 0.00677734 -0.01342769
v -0.03967275 0.00548828 -0.01350581
v -0.04170400 0.00677734 -0.01112300
v -0.03967275 0.00548828 -0.01350581
v -0.04107900 0.00548828 -0.01120112
v -0.04107900 0.00548828 -0.01120112
v -0.03967275 0.00548828 -0.01350581
v -0.03920400 0.00416992 -0.01356441
v -0.04061025 0.00416992 -0.01125972
v -0.04061025 0.00416992 -0.01125972
v -0.03920400 0.00416992 -0.01356441
v -0.03889150 0.00284180 -0.01358394
v -0.04061025 0.00416992 -0.01125972
v -0.03889150 0.00284180 -0.01358394
v -0.04029775 0.00284180 -0.01131831
v -0.04029775 0.00284180 -0.01131831
v -0.03889150 0.00284180 -0.01358394
v -0.03873525 0.00153320 -0.01360347
v -0.04014150 0.00153320 -0.01133784
v -0.04014150 0.00153320 -0.01133784
v -0.03873525 0.00153320 -0.01360347
v -0.03857900 0.00026367 -0.01362300
v -0.03998525 0.00026367 -0.01133784
v -0.03998525 0.00026367 -0.01133784
v -0.03857900 0.00026367 -0.01362300
v -0.03873525 -0.00144531 -0.01360347
v -0.03998525 0.00026367 -0.01133784
v -0.03873525 -0.00144531 -0.01360347
v -0.04014150 -0.00144531 -0.01133784
v -0.04014150 -0.00144531 -0.01133784
v -0.03873525 -0.00144531 -0.01360347
v -0.03904775 -0.00320313 -0.01356441
v -0.04014150 -0.00144531 -0.01133784
v -0.03904775 -0.00320313 -0.01356441
v -0.04045400 -0.00320313 -0.01127925
v -0.04045400 -0.00320313 -0.01127925
v -0.03904775 -0.00320313 -0.01356441
v -0.03967275 -0.00497070 -0.01350581
v -0.04107900 -0.00497070 -0.01120112
v -0.04107900 -0.00497070 -0.01120112
v -0.03967275 -0.00497070 -0.01350581
v -0.04045400 -0.00667969 -0.01340816
v -0.04107900 -0.00497070 -0.01120112
v -0.04045400 -0.00667969 -0.01340816
v -0.04186025 -0.00667969 -0.01108394
v -0.04186025 -0.00667969 -0.01108394
v -0.04045400 -0.00667969 -0.01340816
v -0.04154775 -0.00830078 -0.01329097
v -0.04186025 -0.00667969 -0.01108394
v -0.04154775 -0.00830078 -0.01329097
v -0.04295400 -0.00830078 -0.01092769
v -0.04295400 -0.00830078 -0.01092769
v -0.04154775 -0.00830078 -0.01329097
v -0.04279775 -0.00977539 -0.01313472
v -0.04295400 -0.00830078 -0.01092769
v -0.04279775 -0.00977539 -0.01313472
v -0.04420400 -0.00977539 -0.01073237
v -0.04420400 -0.00977539 -0.01073237
v -0.04279775 -0.00977539 -0.01313472
v -0.04420400 -0.01106445 -0.01297847
v -0.04420400 -0.00977539 -0.01073237
v -0.04420400 -0.01106445 -0.01297847
v -0.04561025 -0.01106445 -0.01051753
v -0.04561025 -0.01106445 -0.01051753
v -0.04420400 -0.01106445 -0.01297847
v -0.04576650 -0.01211914 -0.01278316
v -0.04561025 -0.01106445 -0.01051753
v -0.04576650 -0.01211914 -0.01278316
v -0.04717275 -0.01211914 -0.01028316
v -0.04717275 -0.01211914 -0.01028316
v -0.04576650 -0.01211914 -0.01278316
v -0.04748525 -0.01293945 -0.01258784
v -0.04717275 -0.01211914 -0.01028316
v -0.04748525 -0.01293945 -0.01258784
v -0.04889150 -0.01293945 -0.01002925
v -0.04889150 -0.01293945 -0.01002925
v -0.04748525 -0.01293945 -0.01258784
v -0.04936025 -0.01350586 -0.01239253
v -0.04889150 -0.01293945 -0.01002925
v -0.04936025 -0.01350586 -0.01239253
v -0.05061025 -0.01350586 -0.00977534
v -0.05061025 -0.01350586 -0.00977534
v -0.04936025 -0.01350586 -0.01239253
v -0.05107900 -0.01383789 -0.01217769
v -0.05061025 -0.01350586 -0.00977534
v -0.05107900 -0.01383789 -0.01217769
v -0.05248525 -0.01383789 -0.00952144
v -0.05248525 -0.01383789 -0.00952144
v -0.05107900 -0.01383789 -0.01217769
v -0.05279775 -0.01393555 -0.01198237
v -0.05248525 -0.01383789 -0.00952144
v -0.05279775 -0.01393555 -0.01198237
v -0.05404775 -0.01393555 -0.00926753
v -0.05404775 -0.01393555 -0.00926753
v -0.05279775 -0.01393555 -0.01198237
v -0.05436025 -0.01383789 -0.01178706
v -0.05404775 -0.01393555 -0.00926753
v -0.05436025 -0.01383789 -0.01178706
v -0.05576650 -0.01383789 -0.00903316
v -0.05576650 -0.01383789 -0.00903316
v -0.05436025 -0.01383789 -0.01178706
v -0.05623525 -0.01350586 -0.01159175
v -0.05576650 -0.01383789 -0.00903316
v -0.05623525 -0.01350586 -0.01159175
v -0.05748525 -0.01350586 -0.00877925
v -0.05748525 -0.01350586 -0.00877925
v -0.05623525 -0.01350586 -0.01159175
v -0.05795400 -0.01293945 -0.01137691
v -0.05920400 -0.01293945 -0.00850581
v -0.05920400 -0.01293945 -0.00850581
v -0.05795400 -0.01293945 -0.01137691
v -0.05967275 -0.01211914 -0.01118159
v -0.06092275 -0.01211914 -0.00827144
v -0.06092275 -0.01211914 -0.00827144
v -0.05967275 -0.01211914 -0.01118159
v -0.06123525 -0.01106445 -0.01100581
v -0.06092275 -0.01211914 -0.00827144
v -0.06123525 -0.01106445 -0.01100581
v -0.06264150 -0.01106445 -0.00803706
v -0.06264150 -0.01106445 -0.00803706
v -0.06123525 -0.01106445 -0.01100581
v -0.06264150 -0.00977539 -0.01083003
v -0.06264150 -0.01106445 -0.00803706
v -0.06264150 -0.00977539 -0.01083003
v -0.06404776 -0.00977539 -0.00780269
v -0.06404776 -0.00977539 -0.00780269
v -0.06264150 -0.00977539 -0.01083003
v -0.06404776 -0.00830078 -0.01069331
v -0.06404776 -0.00977539 -0.00780269
v -0.06404776 -0.00830078 -0.01069331
v -0.06529776 -0.00830078 -0.00762691
v -0.06529776 -0.00830078 -0.00762691
v -0.06404776 -0.00830078 -0.01069331
v -0.06498526 -0.00667969 -0.01055659
v -0.06529776 -0.00830078 -0.00762691
v -0.06498526 -0.00667969 -0.01055659
v -0.06639151 -0.00667969 -0.00747066
v -0.06639151 -0.00667969 -0.00747066
v -0.06498526 -0.00667969 -0.01055659
v -0.06592276 -0.00497070 -0.01045894
v -0.06639151 -0.00667969 -0.00747066
v -0.06592276 -0.00497070 -0.01045894
v -0.06717276 -0.00497070 -0.00735347
v -0.06717276 -0.00497070 -0.00735347
v -0.06592276 -0.00497070 -0.01045894
v -0.06639151 -0.00320313 -0.01040034
v -0.06717276 -0.00497070 -0.00735347
v -0.06639151 -0.00320313 -0.01040034
v -0.06779776 -0.00320313 -0.00727534
v -0.06779776 -0.00320313 -0.00727534
v -0.06639151 -0.00320313 -0.01040034
v -0.06670401 -0.00144531 -0.01036128
v -0.06779776 -0.00320313 -0.00727534
v -0.06670401 -0.00144531 -0.01036128
v -0.06811026 -0.00144531 -0.00721675
v -0.06811026 -0.00144531 -0.00721675
v -0.06670401 -0.00144531 -0.01036128
v -0.06670401 0.00026367 -0.01065425
v -0.06811026 -0.00144531 -0.00721675
v -0.06670401 0.00026367 -0.01065425
v -0.06904776 0.00026367 -0.00465816
v -0.06092275 0.00026367 -0.02213862
v -0.06217275 0.00218750 -0.01948237
v -0.06389150 0.00026367 -0.01647456
v -0.06389150 0.00026367 -0.01647456
v -0.06217275 0.00218750 -0.01948237
v -0.06389150 0.00218750 -0.01649409
v -0.06389150 0.00026367 -0.01647456
v -0.06389150 0.00218750 -0.01649409
v -0.06529776 0.00218750 -0.01344722
v -0.06529776 0.00218750 -0.01344722
v -0.06389150 0.00218750 -0.01649409
v -0.06342275 0.00416992 -0.01651362
v -0.06529776 0.00218750 -0.01344722
v -0.06342275 0.00416992 -0.01651362
v -0.06482901 0.00416992 -0.01348628
v -0.06482901 0.00416992 -0.01348628
v -0.06342275 0.00416992 -0.01651362
v -0.06264150 0.00613281 -0.01655269
v -0.06482901 0.00416992 -0.01348628
v -0.06264150 0.00613281 -0.01655269
v -0.06420401 0.00613281 -0.01354487
v -0.06420401 0.00613281 -0.01354487
v -0.06264150 0.00613281 -0.01655269
v -0.06170400 0.00802734 -0.01661128
v -0.06420401 0.00613281 -0.01354487
v -0.06170400 0.00802734 -0.01661128
v -0.06311025 0.00802734 -0.01364253
v -0.06311025 0.00802734 -0.01364253
v -0.06170400 0.00802734 -0.01661128
v -0.06029775 0.00976563 -0.01666987
v -0.06311025 0.00802734 -0.01364253
v -0.06029775 0.00976563 -0.01666987
v -0.06186025 0.00976563 -0.01374019
v -0.06186025 0.00976563 -0.01374019
v -0.06029775 0.00976563 -0.01666987
v -0.05873525 0.01127930 -0.01676753
v -0.06186025 0.00976563 -0.01374019
v -0.05873525 0.01127930 -0.01676753
v -0.06014150 0.01127930 -0.01387691
v -0.06014150 0.01127930 -0.01387691
v -0.05873525 0.01127930 -0.01676753
v -0.05686025 0.01251953 -0.01686519
v -0.06014150 0.01127930 -0.01387691
v -0.05686025 0.01251953 -0.01686519
v -0.05842275 0.01251953 -0.01403316
v -0.05842275 0.01251953 -0.01403316
v -0.05686025 0.01251953 -0.01686519
v -0.05498525 0.01345703 -0.01696284
v -0.05842275 0.01251953 -0.01403316
v -0.05498525 0.01345703 -0.01696284
v -0.05654775 0.01345703 -0.01418941
v -0.05654775 0.01345703 -0.01418941
v -0.05498525 0.01345703 -0.01696284
v -0.05373525 0.01390625 -0.01704097
v -0.05654775 0.01345703 -0.01418941
v -0.05373525 0.01390625 -0.01704097
v -0.05514150 0.01390625 -0.01430659
v -0.05514150 0.01390625 -0.01430659
v -0.05373525 0.01390625 -0.01704097
v -0.05232900 0.01421875 -0.01709956
v -0.05514150 0.01390625 -0.01430659
v -0.05232900 0.01421875 -0.01709956
v -0.05389150 0.01421875 -0.01442378
v -0.05389150 0.01421875 -0.01442378
v -0.05232900 0.01421875 -0.01709956
v -0.05107900 0.01439453 -0.01717769
v -0.05389150 0.01421875 -0.01442378
v -0.05107900 0.01439453 -0.01717769
v -0.05264150 0.01439453 -0.01452144
v -0.05264150 0.01439453 -0.01452144
v -0.05107900 0.01439453 -0.01717769
v -0.04982900 0.01445312 -0.01723628
v -0.05264150 0.01439453 -0.01452144
v -0.04982900 0.01445312 -0.01723628
v -0.05123525 0.01445312 -0.01463862
v -0.05123525 0.01445312 -0.01463862
v -0.04982900 0.01445312 -0.01723628
v -0.04857900 0.01439453 -0.01731441
v -0.04998525 0.01439453 -0.01473628
v -0.04998525 0.01439453 -0.01473628
v -0.04857900 0.01439453 -0.01731441
v -0.04717275 0.01421875 -0.01737300
v -0.04998525 0.01439453 -0.01473628
v -0.04717275 0.01421875 -0.01737300
v -0.04873525 0.01421875 -0.01485347
v -0.04873525 0.01421875 -0.01485347
v -0.04717275 0.01421875 -0.01737300
v -0.04592275 0.01390625 -0.01745112
v -0.04873525 0.01421875 -0.01485347
v -0.04592275 0.01390625 -0.01745112
v -0.04748525 0.01390625 -0.01497066
v -0.04748525 0.01390625 -0.01497066
v -0.04592275 0.01390625 -0.01745112
v -0.04451650 0.01345703 -0.01752925
v -0.04748525 0.01390625 -0.01497066
v -0.04451650 0.01345703 -0.01752925
v -0.04607900 0.01345703 -0.01506831
v -0.04607900 0.01345703 -0.01506831
v -0.04451650 0.01345703 -0.01752925
v -0.04326650 0.01287109 -0.01758784
v -0.04607900 0.01345703 -0.01506831
v -0.04326650 0.01287109 -0.01758784
v -0.04482900 0.01287109 -0.01518550
v -0.04482900 0.01287109 -0.01518550
v -0.04326650 0.01287109 -0.01758784
v -0.04201650 0.01213867 -0.01766597
v -0.04482900 0.01287109 -0.01518550
v -0.04201650 0.01213867 -0.01766597
v -0.04357900 0.01213867 -0.01528316
v -0.04357900 0.01213867 -0.01528316
v -0.04201650 0.01213867 -0.01766597
v -0.04076650 0.01127930 -0.01772456
v -0.04357900 0.01213867 -0.01528316
v -0.04076650 0.01127930 -0.01772456
v -0.04232900 0.01127930 -0.01538081
v -0.04232900 0.01127930 -0.01538081
v -0.04076650 0.01127930 -0.01772456
v -0.03982900 0.01029297 -0.01778316
v -0.04232900 0.01127930 -0.01538081
v -0.03982900 0.01029297 -0.01778316
v -0.04123525 0.01029297 -0.01547847
v -0.04123525 0.01029297 -0.01547847
v -0.03982900 0.01029297 -0.01778316
v -0.03873525 0.00920899 -0.01782222
v -0.04123525 0.01029297 -0.01547847
v -0.03873525 0.00920899 -0.01782222
v -0.04029775 0.00920899 -0.01555659
v -0.04029775 0.00920899 -0.01555659
v -0.03873525 0.00920899 -0.01782222
v -0.03795400 0.00802734 -0.01788081
v -0.04029775 0.00920899 -0.01555659
v -0.03795400 0.00802734 -0.01788081
v -0.03951650 0.00802734 -0.01563472
v -0.03951650 0.00802734 -0.01563472
v -0.03795400 0.00802734 -0.01788081
v -0.03717275 0.00677734 -0.01791987
v -0.03951650 0.00802734 -0.01563472
v -0.03717275 0.00677734 -0.01791987
v -0.03873525 0.00677734 -0.01569331
v -0.03873525 0.00677734 -0.01569331
v -0.03717275 0.00677734 -0.01791987
v -0.03654775 0.00548828 -0.01793941
v -0.03873525 0.00677734 -0.01569331
v -0.03654775 0.00548828 -0.01793941
v -0.03811025 0.00548828 -0.01575191
v -0.03811025 0.00548828 -0.01575191
v -0.03654775 0.00548828 -0.01793941
v -0.03607900 0.00416992 -0.01797847
v -0.03764150 0.00416992 -0.01579097
v -0.03764150 0.00416992 -0.01579097
v -0.03607900 0.00416992 -0.01797847
v -0.03576650 0.00284180 -0.01799800
v -0.03732900 0.00284180 -0.01581050
v -0.03732900 0.00284180 -0.01581050
v -0.03576650 0.00284180 -0.01799800
v -0.03561025 0.00153320 -0.01799800
v -0.03732900 0.00284180 -0.01581050
v -0.03561025 0.00153320 -0.01799800
v -0.03717275 0.00153320 -0.01583003
v -0.03717275 0.00153320 -0.01583003
v -0.03561025 0.00153320 -0.01799800
v -0.03561025 0.00026367 -0.01799800
v -0.03717275 0.00026367 -0.01583003
v -0.03717275 0.00026367 -0.01583003
v -0.03561025 0.00026367 -0.01799800
v -0.03576650 -0.00144531 -0.01799800
v -0.03732900 -0.00144531 -0.01583003
v -0.03732900 -0.00144531 -0.01583003
v -0.03576650 -0.00144531 -0.01799800
v -0.03607900 -0.00320313 -0.01797847
v -0.03732900 -0.00144531 -0.01583003
v -0.03607900 -0.00320313 -0.01797847
v -0.03764150 -0.00320313 -0.01579097
v -0.03764150 -0.00320313 -0.01579097
v -0.03607900 -0.00320313 -0.01797847
v -0.03654775 -0.00497070 -0.01793941
v -0.03811025 -0.00497070 -0.01575191
v -0.03811025 -0.00497070 -0.01575191
v -0.03654775 -0.00497070 -0.01793941
v -0.03748525 -0.00667969 -0.01790034
v -0.03811025 -0.00497070 -0.01575191
v -0.03748525 -0.00667969 -0.01790034
v -0.03889150 -0.00667969 -0.01567378
v -0.03889150 -0.00667969 -0.01567378
v -0.03748525 -0.00667969 -0.01790034
v -0.03842275 -0.00830078 -0.01784175
v -0.03889150 -0.00667969 -0.01567378
v -0.03842275 -0.00830078 -0.01784175
v -0.03998525 -0.00830078 -0.01559566
v -0.03998525 -0.00830078 -0.01559566
v -0.03842275 -0.00830078 -0.01784175
v -0.03982900 -0.00977539 -0.01778316
v -0.03998525 -0.00830078 -0.01559566
v -0.03982900 -0.00977539 -0.01778316
v -0.04123525 -0.00977539 -0.01547847
v -0.04123525 -0.00977539 -0.01547847
v -0.03982900 -0.00977539 -0.01778316
v -0.04123525 -0.01106445 -0.01770503
v -0.04123525 -0.00977539 -0.01547847
v -0.04123525 -0.01106445 -0.01770503
v -0.04279775 -0.01106445 -0.01536128
v -0.04279775 -0.01106445 -0.01536128
v -0.04123525 -0.01106445 -0.01770503
v -0.04279775 -0.01211914 -0.01760737
v -0.04436025 -0.01211914 -0.01522456
v -0.04436025 -0.01211914 -0.01522456
v -0.04279775 -0.01211914 -0.01760737
v -0.04451650 -0.01293945 -0.01752925
v -0.04436025 -0.01211914 -0.01522456
v -0.04451650 -0.01293945 -0.01752925
v -0.04607900 -0.01293945 -0.01506831
v -0.04607900 -0.01293945 -0.01506831
v -0.04451650 -0.01293945 -0.01752925
v -0.04639150 -0.01350586 -0.01743159
v -0.04607900 -0.01293945 -0.01506831
v -0.04639150 -0.01350586 -0.01743159
v -0.04779775 -0.01350586 -0.01493159
v -0.04779775 -0.01350586 -0.01493159
v -0.04639150 -0.01350586 -0.01743159
v -0.04811025 -0.01383789 -0.01733394
v -0.04779775 -0.01350586 -0.01493159
v -0.04811025 -0.01383789 -0.01733394
v -0.04967275 -0.01383789 -0.01477534
v -0.04967275 -0.01383789 -0.01477534
v -0.04811025 -0.01383789 -0.01733394
v -0.04982900 -0.01393555 -0.01723628
v -0.04967275 -0.01383789 -0.01477534
v -0.04982900 -0.01393555 -0.01723628
v -0.05123525 -0.01393555 -0.01463862
v -0.05123525 -0.01393555 -0.01463862
v -0.04982900 -0.01393555 -0.01723628
v -0.05154775 -0.01383789 -0.01715816
v -0.05295400 -0.01383789 -0.01448237
v -0.05295400 -0.01383789 -0.01448237
v -0.05154775 -0.01383789 -0.01715816
v -0.05326650 -0.01350586 -0.01706050
v -0.05295400 -0.01383789 -0.01448237
v -0.05326650 -0.01350586 -0.01706050
v -0.05482900 -0.01350586 -0.01434566
v -0.05482900 -0.01350586 -0.01434566
v -0.05326650 -0.01350586 -0.01706050
v -0.05498525 -0.01293945 -0.01696284
v -0.05654775 -0.01293945 -0.01418941
v -0.05654775 -0.01293945 -0.01418941
v -0.05498525 -0.01293945 -0.01696284
v -0.05670400 -0.01211914 -0.01686519
v -0.05826650 -0.01211914 -0.01405269
v -0.05826650 -0.01211914 -0.01405269
v -0.05670400 -0.01211914 -0.01686519
v -0.05826650 -0.01106445 -0.01678706
v -0.05826650 -0.01211914 -0.01405269
v -0.05826650 -0.01106445 -0.01678706
v -0.05982900 -0.01106445 -0.01391597
v -0.05982900 -0.01106445 -0.01391597
v -0.05826650 -0.01106445 -0.01678706
v -0.05982900 -0.00977539 -0.01670894
v -0.05982900 -0.01106445 -0.01391597
v -0.05982900 -0.00977539 -0.01670894
v -0.06123525 -0.00977539 -0.01379878
v -0.06123525 -0.00977539 -0.01379878
v -0.05982900 -0.00977539 -0.01670894
v -0.06107900 -0.00830078 -0.01663081
v -0.06123525 -0.00977539 -0.01379878
v -0.06107900 -0.00830078 -0.01663081
v -0.06264150 -0.00830078 -0.01368159
v -0.06264150 -0.00830078 -0.01368159
v -0.06107900 -0.00830078 -0.01663081
v -0.06217275 -0.00667969 -0.01657222
v -0.06264150 -0.00830078 -0.01368159
v -0.06217275 -0.00667969 -0.01657222
v -0.06357900 -0.00667969 -0.01358394
v -0.06357900 -0.00667969 -0.01358394
v -0.06217275 -0.00667969 -0.01657222
v -0.06295400 -0.00497070 -0.01653316
v -0.06357900 -0.00667969 -0.01358394
v -0.06295400 -0.00497070 -0.01653316
v -0.06451651 -0.00497070 -0.01352534
v -0.06451651 -0.00497070 -0.01352534
v -0.06295400 -0.00497070 -0.01653316
v -0.06357900 -0.00320313 -0.01651362
v -0.06451651 -0.00497070 -0.01352534
v -0.06357900 -0.00320313 -0.01651362
v -0.06498526 -0.00320313 -0.01346675
v -0.06498526 -0.00320313 -0.01346675
v -0.06357900 -0.00320313 -0.01651362
v -0.06389150 -0.00144531 -0.01649409
v -0.06529776 -0.00144531 -0.01344722
v -0.06529776 -0.00144531 -0.01344722
v -0.06389150 -0.00144531 -0.01649409
v -0.06529776 -0.00144531 -0.01344722
v -0.06389150 0.00026367 -0.01647456
v -0.06670401 0.00026367 -0.01065425
v -0.05748525 0.00026367 -0.02760737
v -0.05873525 0.00218750 -0.02540034
v -0.06092275 0.00026367 -0.02213862
v -0.06092275 0.00026367 -0.02213862
v -0.05873525 0.00218750 -0.02540034
v -0.06061025 0.00218750 -0.02245112
v -0.06061025 0.00218750 -0.02245112
v -0.06217275 0.00218750 -0.01948237
v -0.06061025 0.00218750 -0.02245112
v -0.06014150 0.00416992 -0.02245112
v -0.06217275 0.00218750 -0.01948237
v -0.06014150 0.00416992 -0.02245112
v -0.06186025 0.00416992 -0.01950191
v -0.06186025 0.00416992 -0.01950191
v -0.06014150 0.00416992 -0.02245112
v -0.05936025 0.00613281 -0.02245112
v -0.06186025 0.00416992 -0.01950191
v -0.05936025 0.00613281 -0.02245112
v -0.06107900 0.00613281 -0.01952144
v -0.06107900 0.00613281 -0.01952144
v -0.05936025 0.00613281 -0.02245112
v -0.05842275 0.00802734 -0.02243159
v -0.06107900 0.00613281 -0.01952144
v -0.05842275 0.00802734 -0.02243159
v -0.05998525 0.00802734 -0.01954097
v -0.05998525 0.00802734 -0.01954097
v -0.05842275 0.00802734 -0.02243159
v -0.05701650 0.00976563 -0.02243159
v -0.05998525 0.00802734 -0.01954097
v -0.05701650 0.00976563 -0.02243159
v -0.05873525 0.00976563 -0.01956050
v -0.05873525 0.00976563 -0.01956050
v -0.05701650 0.00976563 -0.02243159
v -0.05545400 0.01127930 -0.02241206
v -0.05873525 0.00976563 -0.01956050
v -0.05545400 0.01127930 -0.02241206
v -0.05717275 0.01127930 -0.01959956
v -0.05717275 0.01127930 -0.01959956
v -0.05545400 0.01127930 -0.02241206
v -0.05357900 0.01251953 -0.02239253
v -0.05717275 0.01127930 -0.01959956
v -0.05357900 0.01251953 -0.02239253
v -0.05529775 0.01251953 -0.01963862
v -0.05529775 0.01251953 -0.01963862
v -0.05357900 0.01251953 -0.02239253
v -0.05170400 0.01345703 -0.02239253
v -0.05529775 0.01251953 -0.01963862
v -0.05170400 0.01345703 -0.02239253
v -0.05342275 0.01345703 -0.01969722
v -0.05342275 0.01345703 -0.01969722
v -0.05170400 0.01345703 -0.02239253
v -0.05045400 0.01390625 -0.02237300
v -0.05342275 0.01345703 -0.01969722
v -0.05045400 0.01390625 -0.02237300
v -0.05201650 0.01390625 -0.01971675
v -0.05201650 0.01390625 -0.01971675
v -0.05045400 0.01390625 -0.02237300
v -0.04904775 0.01421875 -0.02235347
v -0.05201650 0.01390625 -0.01971675
v -0.04904775 0.01421875 -0.02235347
v -0.05076650 0.01421875 -0.01975581
v -0.05076650 0.01421875 -0.01975581
v -0.04904775 0.01421875 -0.02235347
v -0.04779775 0.01439453 -0.02235347
v -0.04951650 0.01439453 -0.01977534
v -0.04951650 0.01439453 -0.01977534
v -0.04779775 0.01439453 -0.02235347
v -0.04654775 0.01445312 -0.02233394
v -0.04951650 0.01439453 -0.01977534
v -0.04654775 0.01445312 -0.02233394
v -0.04811025 0.01445312 -0.01981441
v -0.04811025 0.01445312 -0.01981441
v -0.04654775 0.01445312 -0.02233394
v -0.04514150 0.01439453 -0.02233394
v -0.04811025 0.01445312 -0.01981441
v -0.04514150 0.01439453 -0.02233394
v -0.04686025 0.01439453 -0.01983394
v -0.04686025 0.01439453 -0.01983394
v -0.04514150 0.01439453 -0.02233394
v -0.04389150 0.01421875 -0.02231441
v -0.04686025 0.01439453 -0.01983394
v -0.04389150 0.01421875 -0.02231441
v -0.04561025 0.01421875 -0.01985347
v -0.04561025 0.01421875 -0.01985347
v -0.04389150 0.01421875 -0.02231441
v -0.04264150 0.01390625 -0.02229487
v -0.04561025 0.01421875 -0.01985347
v -0.04264150 0.01390625 -0.02229487
v -0.04420400 0.01390625 -0.01989253
v -0.04420400 0.01390625 -0.01989253
v -0.04264150 0.01390625 -0.02229487
v -0.04123525 0.01345703 -0.02229487
v -0.04420400 0.01390625 -0.01989253
v -0.04123525 0.01345703 -0.02229487
v -0.04295400 0.01345703 -0.01993159
v -0.04295400 0.01345703 -0.01993159
v -0.04123525 0.01345703 -0.02229487
v -0.03998525 0.01287109 -0.02227534
v -0.04295400 0.01345703 -0.01993159
v -0.03998525 0.01287109 -0.02227534
v -0.04170400 0.01287109 -0.01995112
v -0.04170400 0.01287109 -0.01995112
v -0.03998525 0.01287109 -0.02227534
v -0.03873525 0.01213867 -0.02227534
v -0.04170400 0.01287109 -0.01995112
v -0.03873525 0.01213867 -0.02227534
v -0.04045400 0.01213867 -0.01997066
v -0.04045400 0.01213867 -0.01997066
v -0.03873525 0.01213867 -0.02227534
v -0.03748525 0.01127930 -0.02225581
v -0.04045400 0.01213867 -0.01997066
v -0.03748525 0.01127930 -0.02225581
v -0.03920400 0.01127930 -0.02000972
v -0.03920400 0.01127930 -0.02000972
v -0.03748525 0.01127930 -0.02225581
v -0.03639150 0.01029297 -0.02225581
v -0.03920400 0.01127930 -0.02000972
v -0.03639150 0.01029297 -0.02225581
v -0.03811025 0.01029297 -0.02002925
v -0.03811025 0.01029297 -0.02002925
v -0.03639150 0.01029297 -0.02225581
v -0.03545400 0.00920899 -0.02223628
v -0.03811025 0.01029297 -0.02002925
v -0.03545400 0.00920899 -0.02223628
v -0.03717275 0.00920899 -0.02004878
v -0.03717275 0.00920899 -0.02004878
v -0.03545400 0.00920899 -0.02223628
v -0.03467275 0.00802734 -0.02223628
v -0.03717275 0.00920899 -0.02004878
v -0.03467275 0.00802734 -0.02223628
v -0.03623525 0.00802734 -0.02006831
v -0.03623525 0.00802734 -0.02006831
v -0.03467275 0.00802734 -0.02223628
v -0.03389150 0.00677734 -0.02223628
v -0.03623525 0.00802734 -0.02006831
v -0.03389150 0.00677734 -0.02223628
v -0.03561025 0.00677734 -0.02008784
v -0.03326650 0.00548828 -0.02221675
v -0.03561025 0.00677734 -0.02008784
v -0.03326650 0.00548828 -0.02221675
v -0.03498525 0.00548828 -0.02010737
v -0.03498525 0.00548828 -0.02010737
v -0.03326650 0.00548828 -0.02221675
v -0.03279775 0.00416992 -0.02221675
v -0.03451650 0.00416992 -0.02010737
v -0.03451650 0.00416992 -0.02010737
v -0.03279775 0.00416992 -0.02221675
v -0.03248525 0.00284180 -0.02221675
v -0.03451650 0.00416992 -0.02010737
v -0.03248525 0.00284180 -0.02221675
v -0.03420400 0.00284180 -0.02012691
v -0.03420400 0.00284180 -0.02012691
v -0.03248525 0.00284180 -0.02221675
v -0.03232900 0.00153320 -0.02221675
v -0.03404775 0.00153320 -0.02012691
v -0.03404775 0.00153320 -0.02012691
v -0.03232900 0.00153320 -0.02221675
v -0.03232900 0.00026367 -0.02221675
v -0.03404775 0.00026367 -0.02012691
v -0.03232900 -0.00144531 -0.02221675
v -0.03404775 -0.00144531 -0.02012691
v -0.03404775 -0.00144531 -0.02012691
v -0.03232900 -0.00144531 -0.02221675
v -0.03264150 -0.00320313 -0.02221675
v -0.03404775 -0.00144531 -0.02012691
v -0.03264150 -0.00320313 -0.02221675
v -0.03436025 -0.00320313 -0.02010737
v -0.03436025 -0.00320313 -0.02010737
v -0.03264150 -0.00320313 -0.02221675
v -0.03326650 -0.00497070 -0.02221675
v -0.03498525 -0.00497070 -0.02010737
v -0.03498525 -0.00497070 -0.02010737
v -0.03326650 -0.00497070 -0.02221675
v -0.03404775 -0.00667969 -0.02223628
v -0.03498525 -0.00497070 -0.02010737
v -0.03404775 -0.00667969 -0.02223628
v -0.03576650 -0.00667969 -0.02008784
v -0.03576650 -0.00667969 -0.02008784
v -0.03404775 -0.00667969 -0.02223628
v -0.03514150 -0.00830078 -0.02223628
v -0.03576650 -0.00667969 -0.02008784
v -0.03514150 -0.00830078 -0.02223628
v -0.03686025 -0.00830078 -0.02006831
v -0.03686025 -0.00830078 -0.02006831
v -0.03514150 -0.00830078 -0.02223628
v -0.03639150 -0.00977539 -0.02225581
v -0.03686025 -0.00830078 -0.02006831
v -0.03639150 -0.00977539 -0.02225581
v -0.03811025 -0.00977539 -0.02002925
v -0.03811025 -0.00977539 -0.02002925
v -0.03639150 -0.00977539 -0.02225581
v -0.03795400 -0.01106445 -0.02225581
v -0.03811025 -0.00977539 -0.02002925
v -0.03795400 -0.01106445 -0.02225581
v -0.03967275 -0.01106445 -0.01999019
v -0.03967275 -0.01106445 -0.01999019
v -0.03795400 -0.01106445 -0.02225581
v -0.03951650 -0.01211914 -0.02227534
v -0.03967275 -0.01106445 -0.01999019
v -0.03951650 -0.01211914 -0.02227534
v -0.04123525 -0.01211914 -0.01997066
v -0.04123525 -0.01211914 -0.01997066
v -0.03951650 -0.01211914 -0.02227534
v -0.04123525 -0.01293945 -0.02229487
v -0.04123525 -0.01211914 -0.01997066
v -0.04123525 -0.01293945 -0.02229487
v -0.04295400 -0.01293945 -0.01993159
v -0.04295400 -0.01293945 -0.01993159
v -0.04123525 -0.01293945 -0.02229487
v -0.04295400 -0.01350586 -0.02231441
v -0.04295400 -0.01293945 -0.01993159
v -0.04295400 -0.01350586 -0.02231441
v -0.04467275 -0.01350586 -0.01989253
v -0.04467275 -0.01350586 -0.01989253
v -0.04295400 -0.01350586 -0.02231441
v -0.04482900 -0.01383789 -0.02231441
v -0.04467275 -0.01350586 -0.01989253
v -0.04482900 -0.01383789 -0.02231441
v -0.04639150 -0.01383789 -0.01983394
v -0.04639150 -0.01383789 -0.01983394
v -0.04482900 -0.01383789 -0.02231441
v -0.04654775 -0.01393555 -0.02233394
v -0.04811025 -0.01393555 -0.01981441
v -0.04811025 -0.01393555 -0.01981441
v -0.04654775 -0.01393555 -0.02233394
v -0.04811025 -0.01383789 -0.02235347
v -0.04982900 -0.01383789 -0.01977534
v -0.04982900 -0.01383789 -0.01977534
v -0.04811025 -0.01383789 -0.02235347
v -0.04998525 -0.01350586 -0.02237300
v -0.04982900 -0.01383789 -0.01977534
v -0.04998525 -0.01350586 -0.02237300
v -0.05170400 -0.01350586 -0.01973628
v -0.05170400 -0.01350586 -0.01973628
v -0.04998525 -0.01350586 -0.02237300
v -0.05170400 -0.01293945 -0.02239253
v -0.05170400 -0.01350586 -0.01973628
v -0.05170400 -0.01293945 -0.02239253
v -0.05342275 -0.01293945 -0.01969722
v -0.05342275 -0.01293945 -0.01969722
v -0.05170400 -0.01293945 -0.02239253
v -0.05342275 -0.01211914 -0.02239253
v -0.05514150 -0.01211914 -0.01965816
v -0.05514150 -0.01211914 -0.01965816
v -0.05342275 -0.01211914 -0.02239253
v -0.05498525 -0.01106445 -0.02241206
v -0.05670400 -0.01106445 -0.01961909
v -0.05670400 -0.01106445 -0.01961909
v -0.05498525 -0.01106445 -0.02241206
v -0.05654775 -0.00977539 -0.02243159
v -0.05670400 -0.01106445 -0.01961909
v -0.05654775 -0.00977539 -0.02243159
v -0.05826650 -0.00977539 -0.01958003
v -0.05826650 -0.00977539 -0.01958003
v -0.05654775 -0.00977539 -0.02243159
v -0.05779775 -0.00830078 -0.02243159
v -0.05826650 -0.00977539 -0.01958003
v -0.05779775 -0.00830078 -0.02243159
v -0.05951650 -0.00830078 -0.01954097
v -0.05951650 -0.00830078 -0.01954097
v -0.05779775 -0.00830078 -0.02243159
v -0.05889150 -0.00667969 -0.02245112
v -0.05951650 -0.00830078 -0.01954097
v -0.05889150 -0.00667969 -0.02245112
v -0.06061025 -0.00667969 -0.01952144
v -0.06061025 -0.00667969 -0.01952144
v -0.05889150 -0.00667969 -0.02245112
v -0.05967275 -0.00497070 -0.02245112
v -0.06061025 -0.00667969 -0.01952144
v -0.05967275 -0.00497070 -0.02245112
v -0.06139150 -0.00497070 -0.01950191
v -0.06139150 -0.00497070 -0.01950191
v -0.05967275 -0.00497070 -0.02245112
v -0.06029775 -0.00320313 -0.02245112
v -0.06201650 -0.00320313 -0.01950191
v -0.06201650 -0.00320313 -0.01950191
v -0.06029775 -0.00320313 -0.02245112
v -0.06061025 -0.00144531 -0.02245112
v -0.06201650 -0.00320313 -0.01950191
v -0.06061025 -0.00144531 -0.02245112
v -0.06232900 -0.00144531 -0.01948237
v -0.06232900 -0.00144531 -0.01948237
v -0.06061025 -0.00144531 -0.02245112
v -0.06092275 0.00026367 -0.02213862
v -0.06232900 -0.00144531 -0.01948237
v -0.06092275 0.00026367 -0.02213862
v -0.06389150 0.00026367 -0.01647456
v -0.05873525 0.00218750 -0.02540034
v -0.05748525 0.00026367 -0.02760737
v -0.05592275 0.00218750 -0.02959956
v -0.05592275 0.00218750 -0.02959956
v -0.05748525 0.00026367 -0.02760737
v -0.05373525 0.00026367 -0.03288081
v -0.05592275 0.00218750 -0.02959956
v -0.05373525 0.00026367 -0.03288081
v -0.05295400 0.00218750 -0.03370112
v -0.05295400 0.00218750 -0.03370112
v -0.05373525 0.00026367 -0.03288081
v -0.04967275 0.00026367 -0.03790034
v -0.05295400 0.00218750 -0.03370112
v -0.04967275 0.00026367 -0.03790034
v -0.04967275 0.00218750 -0.03766597
v -0.04967275 0.00218750 -0.03766597
v -0.04967275 0.00026367 -0.03790034
v -0.04623525 0.00218750 -0.04151362
v -0.04967275 0.00218750 -0.03766597
v -0.04623525 0.00218750 -0.04151362
v -0.04592275 0.00416992 -0.04141597
v -0.04592275 0.00416992 -0.04141597
v -0.04623525 0.00218750 -0.04151362
v -0.04232900 0.00416992 -0.04506831
v -0.04592275 0.00416992 -0.04141597
v -0.04232900 0.00416992 -0.04506831
v -0.04154775 0.00613281 -0.04487300
v -0.04154775 0.00613281 -0.04487300
v -0.04232900 0.00416992 -0.04506831
v -0.03779775 0.00613281 -0.04834956
v -0.04154775 0.00613281 -0.04487300
v -0.03779775 0.00613281 -0.04834956
v -0.03686025 0.00802734 -0.04801753
v -0.03686025 0.00802734 -0.04801753
v -0.03779775 0.00613281 -0.04834956
v -0.03295400 0.00802734 -0.05125972
v -0.03686025 0.00802734 -0.04801753
v -0.03295400 0.00802734 -0.05125972
v -0.03170400 0.00976563 -0.05077144
v -0.03170400 0.00976563 -0.05077144
v -0.03295400 0.00802734 -0.05125972
v -0.02764150 0.00976563 -0.05375972
v -0.03170400 0.00976563 -0.05077144
v -0.02764150 0.00976563 -0.05375972
v -0.02623525 0.01127930 -0.05311519
v -0.02623525 0.01127930 -0.05311519
v -0.02764150 0.00976563 -0.05375972
v -0.02201650 0.01127930 -0.05584956
v -0.02623525 0.01127930 -0.05311519
v -0.02201650 0.01127930 -0.05584956
v -0.02045400 0.01251953 -0.05504878
v -0.02045400 0.01251953 -0.05504878
v -0.02201650 0.01127930 -0.05584956
v -0.01623525 0.01251953 -0.05749019
v -0.02045400 0.01251953 -0.05504878
v -0.01623525 0.01251953 -0.05749019
v -0.01451650 0.01345703 -0.05655269
v -0.01451650 0.01345703 -0.05655269
v -0.01623525 0.01251953 -0.05749019
v -0.01029775 0.01345703 -0.05870112
v -0.01451650 0.01345703 -0.05655269
v -0.01029775 0.01345703 -0.05870112
v -0.00920400 0.01390625 -0.05801753
v -0.00920400 0.01390625 -0.05801753
v -0.01029775 0.01345703 -0.05870112
v -0.00482900 0.01390625 -0.05991206
v -0.00920400 0.01390625 -0.05801753
v -0.00482900 0.01390625 -0.05991206
v -0.00373525 0.01421875 -0.05916987
v -0.00373525 0.01421875 -0.05916987
v -0.00482900 0.01390625 -0.05991206
v 0.00048350 0.01421875 -0.06081050
v -0.00373525 0.01421875 -0.05916987
v 0.00048350 0.01421875 -0.06081050
v 0.00157725 0.01439453 -0.06000972
v 0.00157725 0.01439453 -0.06000972
v 0.00048350 0.01421875 -0.06081050
v 0.00595225 0.01439453 -0.06139644
v 0.00157725 0.01439453 -0.06000972
v 0.00595225 0.01439453 -0.06139644
v 0.00688975 0.01445312 -0.06057612
v 0.00688975 0.01445312 -0.06057612
v 0.00595225 0.01439453 -0.06139644
v 0.01110850 0.01445312 -0.06170894
v 0.00688975 0.01445312 -0.06057612
v 0.01110850 0.01445312 -0.06170894
v 0.01204600 0.01439453 -0.06084956
v 0.01204600 0.01439453 -0.06084956
v 0.01110850 0.01445312 -0.06170894
v 0.01485850 0.01442383 -0.06166987
v 0.01204600 0.01439453 -0.06084956
v 0.01485850 0.01442383 -0.06166987
v 0.01313975 0.01421875 -0.05995112
v 0.01313975 0.01421875 -0.05995112
v 0.01485850 0.01442383 -0.06166987
v 0.01657725 0.01415039 -0.06038081
v 0.01313975 0.01421875 -0.05995112
v 0.01657725 0.01415039 -0.06038081
v 0.01407725 0.01390625 -0.05907222
v 0.01407725 0.01390625 -0.05907222
v 0.01657725 0.01415039 -0.06038081
v 0.01829600 0.01359375 -0.05907222
v 0.01407725 0.01390625 -0.05907222
v 0.01829600 0.01359375 -0.05907222
v 0.01501475 0.01345703 -0.05817378
v 0.01501475 0.01345703 -0.05817378
v 0.01829600 0.01359375 -0.05907222
v 0.01985850 0.01274414 -0.05778316
v 0.01501475 0.01345703 -0.05817378
v 0.01985850 0.01274414 -0.05778316
v 0.01595225 0.01287109 -0.05731441
v 0.01595225 0.01287109 -0.05731441
v 0.01985850 0.01274414 -0.05778316
v 0.01688975 0.01213867 -0.05645503
v 0.01595225 0.01287109 -0.05731441
v 0.01688975 0.01213867 -0.05645503
v 0.01188975 0.01287109 -0.05639644
v 0.01188975 0.01287109 -0.05639644
v 0.01688975 0.01213867 -0.05645503
v 0.01282725 0.01213867 -0.05559566
v 0.01188975 0.01287109 -0.05639644
v 0.01282725 0.01213867 -0.05559566
v 0.00782725 0.01287109 -0.05530269
v 0.00782725 0.01287109 -0.05530269
v 0.01282725 0.01213867 -0.05559566
v 0.00876475 0.01213867 -0.05454097
v 0.00782725 0.01287109 -0.05530269
v 0.00876475 0.01213867 -0.05454097
v 0.00376475 0.01287109 -0.05401362
v 0.00376475 0.01287109 -0.05401362
v 0.00876475 0.01213867 -0.05454097
v 0.00470225 0.01213867 -0.05329097
v 0.00376475 0.01287109 -0.05401362
v 0.00470225 0.01213867 -0.05329097
v -0.00029775 0.01287109 -0.05250972
v 0.00079600 0.01213867 -0.05184566
v -0.00029775 0.01287109 -0.05250972
v 0.00079600 0.01213867 -0.05184566
v -0.00436025 0.01287109 -0.05083003
v -0.00436025 0.01287109 -0.05083003
v 0.00079600 0.01213867 -0.05184566
v -0.00326650 0.01213867 -0.05022456
v -0.00436025 0.01287109 -0.05083003
v -0.00326650 0.01213867 -0.05022456
v -0.00826650 0.01287109 -0.04895503
v -0.00826650 0.01287109 -0.04895503
v -0.00326650 0.01213867 -0.05022456
v -0.00701650 0.01213867 -0.04838862
v -0.00826650 0.01287109 -0.04895503
v -0.00701650 0.01213867 -0.04838862
v -0.01201650 0.01287109 -0.04688472
v -0.01201650 0.01287109 -0.04688472
v -0.00701650 0.01213867 -0.04838862
v -0.01092275 0.01213867 -0.04637691
v -0.01201650 0.01287109 -0.04688472
v -0.01092275 0.01213867 -0.04637691
v -0.01576650 0.01287109 -0.04463862
v -0.01576650 0.01287109 -0.04463862
v -0.01092275 0.01213867 -0.04637691
v -0.01451650 0.01213867 -0.04418941
v -0.01576650 0.01287109 -0.04463862
v -0.01451650 0.01213867 -0.04418941
v -0.01936025 0.01287109 -0.04221675
v -0.01936025 0.01287109 -0.04221675
v -0.01451650 0.01213867 -0.04418941
v -0.01811025 0.01213867 -0.04182612
v -0.01936025 0.01287109 -0.04221675
v -0.01811025 0.01213867 -0.04182612
v -0.02279775 0.01287109 -0.03963862
v -0.02279775 0.01287109 -0.03963862
v -0.01811025 0.01213867 -0.04182612
v -0.02170400 0.01213867 -0.03928706
v -0.02279775 0.01287109 -0.03963862
v -0.02170400 0.01213867 -0.03928706
v -0.02623525 0.01287109 -0.03688472
v -0.02623525 0.01287109 -0.03688472
v -0.02170400 0.01213867 -0.03928706
v -0.02498525 0.01213867 -0.03661128
v -0.02623525 0.01287109 -0.03688472
v -0.02498525 0.01213867 -0.03661128
v -0.02951650 0.01287109 -0.03399409
v -0.02951650 0.01287109 -0.03399409
v -0.02498525 0.01213867 -0.03661128
v -0.02826650 0.01213867 -0.03377925
v -0.02951650 0.01287109 -0.03399409
v -0.02826650 0.01213867 -0.03377925
v -0.03248525 0.01287109 -0.03096675
v -0.03248525 0.01287109 -0.03096675
v -0.02826650 0.01213867 -0.03377925
v -0.03123525 0.01213867 -0.03081050
v -0.03248525 0.01287109 -0.03096675
v -0.03123525 0.01213867 -0.03081050
v -0.03545400 0.01287109 -0.02782222
v -0.03545400 0.01287109 -0.02782222
v -0.03123525 0.01213867 -0.03081050
v -0.03420400 0.01213867 -0.02772456
v -0.03545400 0.01287109 -0.02782222
v -0.03420400 0.01213867 -0.02772456
v -0.03811025 0.01287109 -0.02456050
v -0.03811025 0.01287109 -0.02456050
v -0.03420400 0.01213867 -0.02772456
v -0.03686025 0.01213867 -0.02452144
v -0.03998525 0.01287109 -0.02227534
v -0.03998525 0.01287109 -0.02227534
v -0.03686025 0.01213867 -0.02452144
v -0.03873525 0.01213867 -0.02227534
v -0.04967275 0.00026367 -0.03790034
v -0.04529775 0.00026367 -0.04268550
v -0.04623525 0.00218750 -0.04151362
v -0.04623525 0.00218750 -0.04151362
v -0.04529775 0.00026367 -0.04268550
v -0.04264150 0.00218750 -0.04518550
v -0.04264150 0.00218750 -0.04518550
v -0.04232900 0.00416992 -0.04506831
v -0.04264150 0.00218750 -0.04518550
v -0.03857900 0.00416992 -0.04856441
v -0.04232900 0.00416992 -0.04506831
v -0.03857900 0.00416992 -0.04856441
v -0.03779775 0.00613281 -0.04834956
v -0.03779775 0.00613281 -0.04834956
v -0.03857900 0.00416992 -0.04856441
v -0.03389150 0.00613281 -0.05163081
v -0.03779775 0.00613281 -0.04834956
v -0.03389150 0.00613281 -0.05163081
v -0.03295400 0.00802734 -0.05125972
v -0.03295400 0.00802734 -0.05125972
v -0.03389150 0.00613281 -0.05163081
v -0.02889150 0.00802734 -0.05430659
v -0.03295400 0.00802734 -0.05125972
v -0.02889150 0.00802734 -0.05430659
v -0.02764150 0.00976563 -0.05375972
v -0.02764150 0.00976563 -0.05375972
v -0.02889150 0.00802734 -0.05430659
v -0.02342275 0.00976563 -0.05655269
v -0.02764150 0.00976563 -0.05375972
v -0.02342275 0.00976563 -0.05655269
v -0.02201650 0.01127930 -0.05584956
v -0.02201650 0.01127930 -0.05584956
v -0.02342275 0.00976563 -0.05655269
v -0.01779775 0.01127930 -0.05836909
v -0.02201650 0.01127930 -0.05584956
v -0.01779775 0.01127930 -0.05836909
v -0.01623525 0.01251953 -0.05749019
v -0.01623525 0.01251953 -0.05749019
v -0.01779775 0.01127930 -0.05836909
v -0.01186025 0.01251953 -0.05971675
v -0.01186025 0.01251953 -0.05971675
v -0.01029775 0.01345703 -0.05870112
v -0.01186025 0.01251953 -0.05971675
v -0.00592275 0.01345703 -0.06065425
v -0.01029775 0.01345703 -0.05870112
v -0.00592275 0.01345703 -0.06065425
v -0.00482900 0.01390625 -0.05991206
v -0.00482900 0.01390625 -0.05991206
v -0.00592275 0.01345703 -0.06065425
v -0.00045400 0.01390625 -0.06159175
v -0.00045400 0.01390625 -0.06159175
v 0.00048350 0.01421875 -0.06081050
v -0.00045400 0.01390625 -0.06159175
v 0.00485850 0.01421875 -0.06223628
v 0.00485850 0.01421875 -0.06223628
v 0.00595225 0.01439453 -0.06139644
v 0.00485850 0.01421875 -0.06223628
v 0.01017100 0.01439453 -0.06256831
v 0.01017100 0.01439453 -0.06256831
v 0.01110850 0.01445312 -0.06170894
v 0.01017100 0.01439453 -0.06256831
v 0.01298350 0.01442383 -0.06290034
v 0.01110850 0.01445312 -0.06170894
v 0.01298350 0.01442383 -0.06290034
v 0.01485850 0.01442383 -0.06166987
v -0.04529775 0.00026367 -0.04268550
v -0.04076650 0.00026367 -0.04721675
v -0.04264150 0.00218750 -0.04518550
v -0.04264150 0.00218750 -0.04518550
v -0.04076650 0.00026367 -0.04721675
v -0.03889150 0.00218750 -0.04870112
v -0.04264150 0.00218750 -0.04518550
v -0.03889150 0.00218750 -0.04870112
v -0.03857900 0.00416992 -0.04856441
v -0.03857900 0.00416992 -0.04856441
v -0.03889150 0.00218750 -0.04870112
v -0.03451650 0.00416992 -0.05188472
v -0.03857900 0.00416992 -0.04856441
v -0.03451650 0.00416992 -0.05188472
v -0.03389150 0.00613281 -0.05163081
v -0.03389150 0.00613281 -0.05163081
v -0.03451650 0.00416992 -0.05188472
v -0.02982900 0.00613281 -0.05471675
v -0.03389150 0.00613281 -0.05163081
v -0.02982900 0.00613281 -0.05471675
v -0.02889150 0.00802734 -0.05430659
v -0.02889150 0.00802734 -0.05430659
v -0.02982900 0.00613281 -0.05471675
v -0.02467275 0.00802734 -0.05715816
v -0.02889150 0.00802734 -0.05430659
v -0.02467275 0.00802734 -0.05715816
v -0.02342275 0.00976563 -0.05655269
v -0.02342275 0.00976563 -0.05655269
v -0.02467275 0.00802734 -0.05715816
v -0.01920400 0.00976563 -0.05915034
v -0.02342275 0.00976563 -0.05655269
v -0.01920400 0.00976563 -0.05915034
v -0.01779775 0.01127930 -0.05836909
v -0.01779775 0.01127930 -0.05836909
v -0.01920400 0.00976563 -0.05915034
v -0.01342275 0.01127930 -0.06067378
v -0.01779775 0.01127930 -0.05836909
v -0.01342275 0.01127930 -0.06067378
v -0.01186025 0.01251953 -0.05971675
v -0.01186025 0.01251953 -0.05971675
v -0.01342275 0.01127930 -0.06067378
v -0.00748525 0.01251953 -0.06174800
v -0.01186025 0.01251953 -0.05971675
v -0.00748525 0.01251953 -0.06174800
v -0.00592275 0.01345703 -0.06065425
v -0.00592275 0.01345703 -0.06065425
v -0.00748525 0.01251953 -0.06174800
v -0.00154775 0.01345703 -0.06239253
v -0.00592275 0.01345703 -0.06065425
v -0.00154775 0.01345703 -0.06239253
v -0.00045400 0.01390625 -0.06159175
v -0.00045400 0.01390625 -0.06159175
v -0.00154775 0.01345703 -0.06239253
v 0.00392100 0.01390625 -0.06307612
v -0.00045400 0.01390625 -0.06159175
v 0.00392100 0.01390625 -0.06307612
v 0.00485850 0.01421875 -0.06223628
v 0.00485850 0.01421875 -0.06223628
v 0.00392100 0.01390625 -0.06307612
v 0.00923350 0.01421875 -0.06344722
v 0.00923350 0.01421875 -0.06344722
v 0.01017100 0.01439453 -0.06256831
v 0.00923350 0.01421875 -0.06344722
v 0.01298350 0.01442383 -0.06290034
v -0.04076650 0.00026367 -0.04721675
v -0.03592275 0.00026367 -0.05145503
v -0.03889150 0.00218750 -0.04870112
v -0.03889150 0.00218750 -0.04870112
v -0.03592275 0.00026367 -0.05145503
v -0.03498525 0.00218750 -0.05204097
v -0.03889150 0.00218750 -0.04870112
v -0.03498525 0.00218750 -0.05204097
v -0.03451650 0.00416992 -0.05188472
v -0.03451650 0.00416992 -0.05188472
v -0.03498525 0.00218750 -0.05204097
v -0.03045400 0.00416992 -0.05500972
v -0.03451650 0.00416992 -0.05188472
v -0.03045400 0.00416992 -0.05500972
v -0.02982900 0.00613281 -0.05471675
v -0.02982900 0.00613281 -0.05471675
v -0.03045400 0.00416992 -0.05500972
v -0.02561025 0.00613281 -0.05760737
v -0.02982900 0.00613281 -0.05471675
v -0.02561025 0.00613281 -0.05760737
v -0.02467275 0.00802734 -0.05715816
v -0.02467275 0.00802734 -0.05715816
v -0.02561025 0.00613281 -0.05760737
v -0.02029775 0.00802734 -0.05979487
v -0.02467275 0.00802734 -0.05715816
v -0.02029775 0.00802734 -0.05979487
v -0.01920400 0.00976563 -0.05915034
v -0.01920400 0.00976563 -0.05915034
v -0.02029775 0.00802734 -0.05979487
v -0.01482900 0.00976563 -0.06151362
v -0.01920400 0.00976563 -0.05915034
v -0.01482900 0.00976563 -0.06151362
v -0.01342275 0.01127930 -0.06067378
v -0.01342275 0.01127930 -0.06067378
v -0.01482900 0.00976563 -0.06151362
v -0.00904775 0.01127930 -0.06276362
v -0.01342275 0.01127930 -0.06067378
v -0.00904775 0.01127930 -0.06276362
v -0.00748525 0.01251953 -0.06174800
v -0.00748525 0.01251953 -0.06174800
v -0.00904775 0.01127930 -0.06276362
v -0.00311025 0.01251953 -0.06356441
v -0.00748525 0.01251953 -0.06174800
v -0.00311025 0.01251953 -0.06356441
v -0.00154775 0.01345703 -0.06239253
v -0.00154775 0.01345703 -0.06239253
v -0.00311025 0.01251953 -0.06356441
v 0.00282725 0.01345703 -0.06391597
v -0.00154775 0.01345703 -0.06239253
v 0.00282725 0.01345703 -0.06391597
v 0.00392100 0.01390625 -0.06307612
v 0.00392100 0.01390625 -0.06307612
v 0.00282725 0.01345703 -0.06391597
v 0.00829600 0.01390625 -0.06434566
v 0.00392100 0.01390625 -0.06307612
v 0.00829600 0.01390625 -0.06434566
v 0.00923350 0.01421875 -0.06344722
v 0.00923350 0.01421875 -0.06344722
v 0.00829600 0.01390625 -0.06434566
v 0.01110850 0.01416992 -0.06409175
v 0.00923350 0.01421875 -0.06344722
v 0.01110850 0.01416992 -0.06409175
v 0.01298350 0.01442383 -0.06290034
v -0.03592275 0.00026367 -0.05145503
v -0.03076650 0.00026367 -0.05540034
v -0.03498525 0.00218750 -0.05204097
v -0.03498525 0.00218750 -0.05204097
v -0.03076650 0.00026367 -0.05540034
v -0.03092275 0.00218750 -0.05518550
v -0.03498525 0.00218750 -0.05204097
v -0.03092275 0.00218750 -0.05518550
v -0.03045400 0.00416992 -0.05500972
v -0.03045400 0.00416992 -0.05500972
v -0.03092275 0.00218750 -0.05518550
v -0.02623525 0.00416992 -0.05793941
v -0.03045400 0.00416992 -0.05500972
v -0.02623525 0.00416992 -0.05793941
v -0.02561025 0.00613281 -0.05760737
v -0.02561025 0.00613281 -0.05760737
v -0.02623525 0.00416992 -0.05793941
v -0.02123525 0.00613281 -0.06030269
v -0.02561025 0.00613281 -0.05760737
v -0.02123525 0.00613281 -0.06030269
v -0.02029775 0.00802734 -0.05979487
v -0.02029775 0.00802734 -0.05979487
v -0.02123525 0.00613281 -0.06030269
v -0.01592275 0.00802734 -0.06221675
v -0.02029775 0.00802734 -0.05979487
v -0.01592275 0.00802734 -0.06221675
v -0.01482900 0.00976563 -0.06151362
v -0.01482900 0.00976563 -0.06151362
v -0.01592275 0.00802734 -0.06221675
v -0.01029775 0.00976563 -0.06368159
v -0.01029775 0.00976563 -0.06368159
v -0.00904775 0.01127930 -0.06276362
v -0.01029775 0.00976563 -0.06368159
v -0.00451650 0.01127930 -0.06463864
v -0.00451650 0.01127930 -0.06463864
v -0.00311025 0.01251953 -0.06356441
v -0.00451650 0.01127930 -0.06463864
v 0.00142100 0.01251953 -0.06514644
v 0.00142100 0.01251953 -0.06514644
v 0.00282725 0.01345703 -0.06391597
v 0.00142100 0.01251953 -0.06514644
v 0.00735850 0.01345703 -0.06522457
v 0.00735850 0.01345703 -0.06522457
v 0.00829600 0.01390625 -0.06434566
v 0.00735850 0.01345703 -0.06522457
v 0.00923350 0.01368164 -0.06520504
v 0.00829600 0.01390625 -0.06434566
v 0.00923350 0.01368164 -0.06520504
v 0.01110850 0.01416992 -0.06409175
v -0.03092275 0.00218750 -0.05518550
v -0.03076650 0.00026367 -0.05540034
v -0.02654775 0.00218750 -0.05811519
v -0.02654775 0.00218750 -0.05811519
v -0.03076650 0.00026367 -0.05540034
v -0.02545400 0.00026367 -0.05903316
v -0.02654775 0.00218750 -0.05811519
v -0.02545400 0.00026367 -0.05903316
v -0.02232900 0.00218750 -0.06084956
v -0.02232900 0.00218750 -0.06084956
v -0.02545400 0.00026367 -0.05903316
v -0.01982900 0.00026367 -0.06235347
v -0.02232900 0.00218750 -0.06084956
v -0.01982900 0.00026367 -0.06235347
v -0.01779775 0.00218750 -0.06336909
v -0.01779775 0.00218750 -0.06336909
v -0.01982900 0.00026367 -0.06235347
v -0.01420400 0.00026367 -0.06536129
v -0.01779775 0.00218750 -0.06336909
v -0.01420400 0.00026367 -0.06536129
v -0.01326650 0.00218750 -0.06567379
v -0.01326650 0.00218750 -0.06567379
v -0.01420400 0.00026367 -0.06536129
v -0.00826650 0.00119141 -0.06799800
v -0.01326650 0.00218750 -0.06567379
v -0.00826650 0.00119141 -0.06799800
v -0.00857900 0.00218750 -0.06774411
v -0.00857900 0.00218750 -0.06774411
v -0.00826650 0.00119141 -0.06799800
v -0.00795400 0.00210938 -0.06799800
v -0.00857900 0.00218750 -0.06774411
v -0.00795400 0.00210938 -0.06799800
v -0.00764150 0.00298828 -0.06799800
v -0.01420400 0.00026367 -0.06536129
v -0.00826650 0.00026367 -0.06799800
v -0.00826650 0.00119141 -0.06799800
v -0.00857900 0.00218750 -0.06774411
v -0.00764150 0.00298828 -0.06799800
v -0.00826650 0.00416992 -0.06749019
v -0.00826650 0.00416992 -0.06749019
v -0.00764150 0.00298828 -0.06799800
v -0.00732900 0.00381836 -0.06799800
v -0.00826650 0.00416992 -0.06749019
v -0.00732900 0.00381836 -0.06799800
v -0.00670400 0.00462891 -0.06799800
v -0.00607900 0.00541992 -0.06799800
v -0.00826650 0.00416992 -0.06749019
v -0.00607900 0.00541992 -0.06799800
v -0.00764150 0.00613281 -0.06704097
v -0.01295400 0.00416992 -0.06543941
v -0.01295400 0.00416992 -0.06543941
v -0.00764150 0.00613281 -0.06704097
v -0.01232900 0.00613281 -0.06502925
v -0.01295400 0.00416992 -0.06543941
v -0.01232900 0.00613281 -0.06502925
v -0.01748525 0.00416992 -0.06315425
v -0.01686025 0.00613281 -0.06276362
v -0.01748525 0.00416992 -0.06315425
v -0.01686025 0.00613281 -0.06276362
v -0.02186025 0.00416992 -0.06065425
v -0.02186025 0.00416992 -0.06065425
v -0.01686025 0.00613281 -0.06276362
v -0.02123525 0.00613281 -0.06030269
v -0.02186025 0.00416992 -0.06065425
v -0.00607900 0.00541992 -0.06799800
v -0.00529775 0.00620117 -0.06799800
v -0.00764150 0.00613281 -0.06704097
v -0.00764150 0.00613281 -0.06704097
v -0.00529775 0.00620117 -0.06799800
v -0.00436025 0.00696289 -0.06799800
v -0.00764150 0.00613281 -0.06704097
v -0.00436025 0.00696289 -0.06799800
v -0.00686025 0.00802734 -0.06641597
v -0.00686025 0.00802734 -0.06641597
v -0.00436025 0.00696289 -0.06799800
v -0.00232900 0.00831055 -0.06799800
v -0.00686025 0.00802734 -0.06641597
v -0.00232900 0.00831055 -0.06799800
v -0.00576650 0.00976563 -0.06561519
v -0.00576650 0.00976563 -0.06561519
v -0.00232900 0.00831055 -0.06799800
v -0.00123525 0.00976563 -0.06731441
v -0.00576650 0.00976563 -0.06561519
v -0.00123525 0.00976563 -0.06731441
v 0.00001475 0.01127930 -0.06629879
v 0.00001475 0.01127930 -0.06629879
v -0.00123525 0.00976563 -0.06731441
v 0.00204600 0.01023437 -0.06799800
v 0.00001475 0.01127930 -0.06629879
v 0.00204600 0.01023437 -0.06799800
v 0.00392100 0.01085937 -0.06799800
v -0.00232900 0.00831055 -0.06799800
v -0.00014150 0.00939453 -0.06799800
v -0.00123525 0.00976563 -0.06731441
v -0.00123525 0.00976563 -0.06731441
v -0.00014150 0.00939453 -0.06799800
v 0.00204600 0.01023437 -0.06799800
v 0.00392100 0.01085937 -0.06799800
v 0.00563975 0.01202148 -0.06715816
v 0.00001475 0.01127930 -0.06629879
v 0.00001475 0.01127930 -0.06629879
v 0.00563975 0.01202148 -0.06715816
v 0.00142100 0.01251953 -0.06514644
v 0.00001475 0.01127930 -0.06629879
v 0.00142100 0.01251953 -0.06514644
v -0.00451650 0.01127930 -0.06463864
v 0.00142100 0.01251953 -0.06514644
v 0.00563975 0.01202148 -0.06715816
v 0.00595225 0.01251953 -0.06653316
v 0.00595225 0.01251953 -0.06653316
v 0.00563975 0.01202148 -0.06715816
v 0.00751475 0.01295898 -0.06624019
v 0.00595225 0.01251953 -0.06653316
v 0.00751475 0.01295898 -0.06624019
v 0.00142100 0.01251953 -0.06514644
v 0.00142100 0.01251953 -0.06514644
v 0.00751475 0.01295898 -0.06624019
v 0.00735850 0.01345703 -0.06522457
v 0.00751475 0.01295898 -0.06624019
v 0.00923350 0.01368164 -0.06520504
v 0.00735850 0.01345703 -0.06522457
v 0.01985850 0.01274414 -0.05778316
v 0.02126475 0.01160156 -0.05657222
v 0.01688975 0.01213867 -0.05645503
v 0.01688975 0.01213867 -0.05645503
v 0.02126475 0.01160156 -0.05657222
v 0.01782725 0.01127930 -0.05567378
v 0.01688975 0.01213867 -0.05645503
v 0.01782725 0.01127930 -0.05567378
v 0.01282725 0.01213867 -0.05559566
v 0.01282725 0.01213867 -0.05559566
v 0.01782725 0.01127930 -0.05567378
v 0.01376475 0.01127930 -0.05485347
v 0.01282725 0.01213867 -0.05559566
v 0.01376475 0.01127930 -0.05485347
v 0.00876475 0.01213867 -0.05454097
v 0.00876475 0.01213867 -0.05454097
v 0.01376475 0.01127930 -0.05485347
v 0.00970225 0.01127930 -0.05383784
v 0.00876475 0.01213867 -0.05454097
v 0.00970225 0.01127930 -0.05383784
v 0.00470225 0.01213867 -0.05329097
v 0.00470225 0.01213867 -0.05329097
v 0.00970225 0.01127930 -0.05383784
v 0.00563975 0.01127930 -0.05262691
v 0.00470225 0.01213867 -0.05329097
v 0.00563975 0.01127930 -0.05262691
v 0.00079600 0.01213867 -0.05184566
v 0.00079600 0.01213867 -0.05184566
v 0.00563975 0.01127930 -0.05262691
v 0.00173350 0.01127930 -0.05124019
v 0.00079600 0.01213867 -0.05184566
v 0.00173350 0.01127930 -0.05124019
v -0.00326650 0.01213867 -0.05022456
v -0.00326650 0.01213867 -0.05022456
v 0.00173350 0.01127930 -0.05124019
v -0.00217275 0.01127930 -0.04963862
v -0.00326650 0.01213867 -0.05022456
v -0.00217275 0.01127930 -0.04963862
v -0.00701650 0.01213867 -0.04838862
v -0.00701650 0.01213867 -0.04838862
v -0.00217275 0.01127930 -0.04963862
v -0.00607900 0.01127930 -0.04786128
v -0.00701650 0.01213867 -0.04838862
v -0.00607900 0.01127930 -0.04786128
v -0.01092275 0.01213867 -0.04637691
v -0.01092275 0.01213867 -0.04637691
v -0.00607900 0.01127930 -0.04786128
v -0.00982900 0.01127930 -0.04590816
v -0.01092275 0.01213867 -0.04637691
v -0.00982900 0.01127930 -0.04590816
v -0.01451650 0.01213867 -0.04418941
v -0.01451650 0.01213867 -0.04418941
v -0.00982900 0.01127930 -0.04590816
v -0.01342275 0.01127930 -0.04375972
v -0.01451650 0.01213867 -0.04418941
v -0.01342275 0.01127930 -0.04375972
v -0.01811025 0.01213867 -0.04182612
v -0.01811025 0.01213867 -0.04182612
v -0.01342275 0.01127930 -0.04375972
v -0.01701650 0.01127930 -0.04145503
v -0.01811025 0.01213867 -0.04182612
v -0.01701650 0.01127930 -0.04145503
v -0.02170400 0.01213867 -0.03928706
v -0.02170400 0.01213867 -0.03928706
v -0.01701650 0.01127930 -0.04145503
v -0.02045400 0.01127930 -0.03897456
v -0.02170400 0.01213867 -0.03928706
v -0.02045400 0.01127930 -0.03897456
v -0.02498525 0.01213867 -0.03661128
v -0.02498525 0.01213867 -0.03661128
v -0.02045400 0.01127930 -0.03897456
v -0.02389150 0.01127930 -0.03633784
v -0.02498525 0.01213867 -0.03661128
v -0.02389150 0.01127930 -0.03633784
v -0.02826650 0.01213867 -0.03377925
v -0.02826650 0.01213867 -0.03377925
v -0.02389150 0.01127930 -0.03633784
v -0.02701650 0.01127930 -0.03356441
v -0.02826650 0.01213867 -0.03377925
v -0.02701650 0.01127930 -0.03356441
v -0.03123525 0.01213867 -0.03081050
v -0.03123525 0.01213867 -0.03081050
v -0.02701650 0.01127930 -0.03356441
v -0.03014150 0.01127930 -0.03065425
v -0.03123525 0.01213867 -0.03081050
v -0.03014150 0.01127930 -0.03065425
v -0.03420400 0.01213867 -0.02772456
v -0.03420400 0.01213867 -0.02772456
v -0.03014150 0.01127930 -0.03065425
v -0.03295400 0.01127930 -0.02760737
v -0.03420400 0.01213867 -0.02772456
v -0.03295400 0.01127930 -0.02760737
v -0.03686025 0.01213867 -0.02452144
v -0.03686025 0.01213867 -0.02452144
v -0.03295400 0.01127930 -0.02760737
v -0.03576650 0.01127930 -0.02446284
v -0.03686025 0.01213867 -0.02452144
v -0.03576650 0.01127930 -0.02446284
v -0.03873525 0.01213867 -0.02227534
v -0.03873525 0.01213867 -0.02227534
v -0.03576650 0.01127930 -0.02446284
v -0.03748525 0.01127930 -0.02225581
v 0.02126475 0.01160156 -0.05657222
v 0.02251475 0.01018555 -0.05543941
v 0.01782725 0.01127930 -0.05567378
v 0.01782725 0.01127930 -0.05567378
v 0.02251475 0.01018555 -0.05543941
v 0.01860850 0.01029297 -0.05493159
v 0.01782725 0.01127930 -0.05567378
v 0.01860850 0.01029297 -0.05493159
v 0.01376475 0.01127930 -0.05485347
v 0.01376475 0.01127930 -0.05485347
v 0.01860850 0.01029297 -0.05493159
v 0.01454600 0.01029297 -0.05415034
v 0.01376475 0.01127930 -0.05485347
v 0.01454600 0.01029297 -0.05415034
v 0.00970225 0.01127930 -0.05383784
v 0.01063975 0.01029297 -0.05317378
v 0.00970225 0.01127930 -0.05383784
v 0.01063975 0.01029297 -0.05317378
v 0.00563975 0.01127930 -0.05262691
v 0.00563975 0.01127930 -0.05262691
v 0.01063975 0.01029297 -0.05317378
v 0.00657725 0.01029297 -0.05202144
v 0.00563975 0.01127930 -0.05262691
v 0.00657725 0.01029297 -0.05202144
v 0.00173350 0.01127930 -0.05124019
v 0.00173350 0.01127930 -0.05124019
v 0.00657725 0.01029297 -0.05202144
v 0.00267100 0.01029297 -0.05065425
v 0.00173350 0.01127930 -0.05124019
v 0.00267100 0.01029297 -0.05065425
v -0.00217275 0.01127930 -0.04963862
v -0.00217275 0.01127930 -0.04963862
v 0.00267100 0.01029297 -0.05065425
v -0.00123525 0.01029297 -0.04911128
v -0.00217275 0.01127930 -0.04963862
v -0.00123525 0.01029297 -0.04911128
v -0.00607900 0.01127930 -0.04786128
v -0.00607900 0.01127930 -0.04786128
v -0.00123525 0.01029297 -0.04911128
v -0.00498525 0.01029297 -0.04737300
v -0.00607900 0.01127930 -0.04786128
v -0.00498525 0.01029297 -0.04737300
v -0.00982900 0.01127930 -0.04590816
v -0.00982900 0.01127930 -0.04590816
v -0.00498525 0.01029297 -0.04737300
v -0.00873525 0.01029297 -0.04545894
v -0.00982900 0.01127930 -0.04590816
v -0.00873525 0.01029297 -0.04545894
v -0.01342275 0.01127930 -0.04375972
v -0.01342275 0.01127930 -0.04375972
v -0.00873525 0.01029297 -0.04545894
v -0.01248525 0.01029297 -0.04336909
v -0.01342275 0.01127930 -0.04375972
v -0.01248525 0.01029297 -0.04336909
v -0.01701650 0.01127930 -0.04145503
v -0.01701650 0.01127930 -0.04145503
v -0.01248525 0.01029297 -0.04336909
v -0.01607900 0.01029297 -0.04110347
v -0.01701650 0.01127930 -0.04145503
v -0.01607900 0.01029297 -0.04110347
v -0.02045400 0.01127930 -0.03897456
v -0.02045400 0.01127930 -0.03897456
v -0.01607900 0.01029297 -0.04110347
v -0.01951650 0.01029297 -0.03868159
v -0.02045400 0.01127930 -0.03897456
v -0.01951650 0.01029297 -0.03868159
v -0.02389150 0.01127930 -0.03633784
v -0.02389150 0.01127930 -0.03633784
v -0.01951650 0.01029297 -0.03868159
v -0.02279775 0.01029297 -0.03610347
v -0.02389150 0.01127930 -0.03633784
v -0.02279775 0.01029297 -0.03610347
v -0.02701650 0.01127930 -0.03356441
v -0.02701650 0.01127930 -0.03356441
v -0.02279775 0.01029297 -0.03610347
v -0.02592275 0.01029297 -0.03336909
v -0.02701650 0.01127930 -0.03356441
v -0.02592275 0.01029297 -0.03336909
v -0.03014150 0.01127930 -0.03065425
v -0.03014150 0.01127930 -0.03065425
v -0.02592275 0.01029297 -0.03336909
v -0.02904775 0.01029297 -0.03051753
v -0.03014150 0.01127930 -0.03065425
v -0.02904775 0.01029297 -0.03051753
v -0.03295400 0.01127930 -0.02760737
v -0.03295400 0.01127930 -0.02760737
v -0.02904775 0.01029297 -0.03051753
v -0.03186025 0.01029297 -0.02752925
v -0.03295400 0.01127930 -0.02760737
v -0.03186025 0.01029297 -0.02752925
v -0.03576650 0.01127930 -0.02446284
v -0.03576650 0.01127930 -0.02446284
v -0.03186025 0.01029297 -0.02752925
v -0.03467275 0.01029297 -0.02442378
v -0.03576650 0.01127930 -0.02446284
v -0.03467275 0.01029297 -0.02442378
v -0.03748525 0.01127930 -0.02225581
v -0.03748525 0.01127930 -0.02225581
v -0.03467275 0.01029297 -0.02442378
v -0.03639150 0.01029297 -0.02225581
v 0.01860850 0.01029297 -0.05493159
v 0.02251475 0.01018555 -0.05543941
v 0.01923350 0.00920899 -0.05426753
v 0.01923350 0.00920899 -0.05426753
v 0.02251475 0.01018555 -0.05543941
v 0.02360850 0.00851563 -0.05446284
v 0.01923350 0.00920899 -0.05426753
v 0.02360850 0.00851563 -0.05446284
v 0.02001475 0.00802734 -0.05368159
v 0.02001475 0.00802734 -0.05368159
v 0.02360850 0.00851563 -0.05446284
v 0.02438975 0.00664063 -0.05366206
v 0.02001475 0.00802734 -0.05368159
v 0.02438975 0.00664063 -0.05366206
v 0.02048350 0.00677734 -0.05319331
v 0.02048350 0.00677734 -0.05319331
v 0.02438975 0.00664063 -0.05366206
v 0.02095225 0.00548828 -0.05280269
v 0.02048350 0.00677734 -0.05319331
v 0.02095225 0.00548828 -0.05280269
v 0.01657725 0.00677734 -0.05250972
v 0.01704600 0.00548828 -0.05211909
v 0.01657725 0.00677734 -0.05250972
v 0.01704600 0.00548828 -0.05211909
v 0.01267100 0.00677734 -0.05163081
v 0.01267100 0.00677734 -0.05163081
v 0.01704600 0.00548828 -0.05211909
v 0.01313975 0.00548828 -0.05125972
v 0.01267100 0.00677734 -0.05163081
v 0.01313975 0.00548828 -0.05125972
v 0.00876475 0.00677734 -0.05055659
v 0.00876475 0.00677734 -0.05055659
v 0.01313975 0.00548828 -0.05125972
v 0.00923350 0.00548828 -0.05022456
v 0.00876475 0.00677734 -0.05055659
v 0.00923350 0.00548828 -0.05022456
v 0.00485850 0.00677734 -0.04930659
v 0.00485850 0.00677734 -0.04930659
v 0.00923350 0.00548828 -0.05022456
v 0.00532725 0.00548828 -0.04899409
v 0.00485850 0.00677734 -0.04930659
v 0.00532725 0.00548828 -0.04899409
v 0.00095225 0.00677734 -0.04786128
v 0.00095225 0.00677734 -0.04786128
v 0.00532725 0.00548828 -0.04899409
v 0.00157725 0.00548828 -0.04756831
v 0.00095225 0.00677734 -0.04786128
v 0.00157725 0.00548828 -0.04756831
v -0.00279775 0.00677734 -0.04624019
v -0.00279775 0.00677734 -0.04624019
v 0.00157725 0.00548828 -0.04756831
v -0.00217275 0.00548828 -0.04596675
v -0.00279775 0.00677734 -0.04624019
v -0.00217275 0.00548828 -0.04596675
v -0.00639150 0.00677734 -0.04442378
v -0.00639150 0.00677734 -0.04442378
v -0.00217275 0.00548828 -0.04596675
v -0.00592275 0.00548828 -0.04418941
v -0.00639150 0.00677734 -0.04442378
v -0.00592275 0.00548828 -0.04418941
v -0.01014150 0.00677734 -0.04245112
v -0.01014150 0.00677734 -0.04245112
v -0.00592275 0.00548828 -0.04418941
v -0.00951650 0.00548828 -0.04223628
v -0.01014150 0.00677734 -0.04245112
v -0.00951650 0.00548828 -0.04223628
v -0.01357900 0.00677734 -0.04030269
v -0.01357900 0.00677734 -0.04030269
v -0.00951650 0.00548828 -0.04223628
v -0.01295400 0.00548828 -0.04010737
v -0.01357900 0.00677734 -0.04030269
v -0.01295400 0.00548828 -0.04010737
v -0.01701650 0.00677734 -0.03797847
v -0.01701650 0.00677734 -0.03797847
v -0.01295400 0.00548828 -0.04010737
v -0.01639150 0.00548828 -0.03782222
v -0.01701650 0.00677734 -0.03797847
v -0.01639150 0.00548828 -0.03782222
v -0.02029775 0.00677734 -0.03551753
v -0.02029775 0.00677734 -0.03551753
v -0.01639150 0.00548828 -0.03782222
v -0.01967275 0.00548828 -0.03538081
v -0.02029775 0.00677734 -0.03551753
v -0.01967275 0.00548828 -0.03538081
v -0.02342275 0.00677734 -0.03291987
v -0.02342275 0.00677734 -0.03291987
v -0.01967275 0.00548828 -0.03538081
v -0.02295400 0.00548828 -0.03280269
v -0.02342275 0.00677734 -0.03291987
v -0.02295400 0.00548828 -0.03280269
v -0.02654775 0.00677734 -0.03016597
v -0.02654775 0.00677734 -0.03016597
v -0.02295400 0.00548828 -0.03280269
v -0.02592275 0.00548828 -0.03008784
v -0.02654775 0.00677734 -0.03016597
v -0.02592275 0.00548828 -0.03008784
v -0.02936025 0.00677734 -0.02729487
v -0.02936025 0.00677734 -0.02729487
v -0.02592275 0.00548828 -0.03008784
v -0.02873525 0.00548828 -0.02725581
v -0.02936025 0.00677734 -0.02729487
v -0.02873525 0.00548828 -0.02725581
v -0.03201650 0.00677734 -0.02432612
v -0.03201650 0.00677734 -0.02432612
v -0.02873525 0.00548828 -0.02725581
v -0.03154775 0.00548828 -0.02430659
v -0.03201650 0.00677734 -0.02432612
v -0.03154775 0.00548828 -0.02430659
v -0.03389150 0.00677734 -0.02223628
v -0.03389150 0.00677734 -0.02223628
v -0.03154775 0.00548828 -0.02430659
v -0.03326650 0.00548828 -0.02221675
v 0.02438975 0.00664063 -0.05366206
v 0.02501475 0.00459961 -0.05307612
v 0.02095225 0.00548828 -0.05280269
v 0.02095225 0.00548828 -0.05280269
v 0.02501475 0.00459961 -0.05307612
v 0.02126475 0.00416992 -0.05249019
v 0.02095225 0.00548828 -0.05280269
v 0.02126475 0.00416992 -0.05249019
v 0.01704600 0.00548828 -0.05211909
v 0.01704600 0.00548828 -0.05211909
v 0.02126475 0.00416992 -0.05249019
v 0.01735850 0.00416992 -0.05184566
v 0.01704600 0.00548828 -0.05211909
v 0.01735850 0.00416992 -0.05184566
v 0.01313975 0.00548828 -0.05125972
v 0.01345225 0.00416992 -0.05098628
v 0.01313975 0.00548828 -0.05125972
v 0.01345225 0.00416992 -0.05098628
v 0.00923350 0.00548828 -0.05022456
v 0.00923350 0.00548828 -0.05022456
v 0.01345225 0.00416992 -0.05098628
v 0.00954600 0.00416992 -0.04997066
v 0.00923350 0.00548828 -0.05022456
v 0.00954600 0.00416992 -0.04997066
v 0.00532725 0.00548828 -0.04899409
v 0.00532725 0.00548828 -0.04899409
v 0.00954600 0.00416992 -0.04997066
v 0.00579600 0.00416992 -0.04875972
v 0.00532725 0.00548828 -0.04899409
v 0.00579600 0.00416992 -0.04875972
v 0.00157725 0.00548828 -0.04756831
v 0.00157725 0.00548828 -0.04756831
v 0.00579600 0.00416992 -0.04875972
v 0.00188975 0.00416992 -0.04735347
v 0.00157725 0.00548828 -0.04756831
v 0.00188975 0.00416992 -0.04735347
v -0.00217275 0.00548828 -0.04596675
v -0.00217275 0.00548828 -0.04596675
v 0.00188975 0.00416992 -0.04735347
v -0.00186025 0.00416992 -0.04577144
v -0.00217275 0.00548828 -0.04596675
v -0.00186025 0.00416992 -0.04577144
v -0.00592275 0.00548828 -0.04418941
v -0.00592275 0.00548828 -0.04418941
v -0.00186025 0.00416992 -0.04577144
v -0.00545400 0.00416992 -0.04401362
v -0.00592275 0.00548828 -0.04418941
v -0.00545400 0.00416992 -0.04401362
v -0.00951650 0.00548828 -0.04223628
v -0.00951650 0.00548828 -0.04223628
v -0.00545400 0.00416992 -0.04401362
v -0.00904775 0.00416992 -0.04208003
v -0.00951650 0.00548828 -0.04223628
v -0.00904775 0.00416992 -0.04208003
v -0.01295400 0.00548828 -0.04010737
v -0.01295400 0.00548828 -0.04010737
v -0.00904775 0.00416992 -0.04208003
v -0.01264150 0.00416992 -0.03997066
v -0.01295400 0.00548828 -0.04010737
v -0.01264150 0.00416992 -0.03997066
v -0.01639150 0.00548828 -0.03782222
v -0.01639150 0.00548828 -0.03782222
v -0.01264150 0.00416992 -0.03997066
v -0.01592275 0.00416992 -0.03770503
v -0.01639150 0.00548828 -0.03782222
v -0.01592275 0.00416992 -0.03770503
v -0.01967275 0.00548828 -0.03538081
v -0.01967275 0.00548828 -0.03538081
v -0.01592275 0.00416992 -0.03770503
v -0.01920400 0.00416992 -0.03528316
v -0.01967275 0.00548828 -0.03538081
v -0.01920400 0.00416992 -0.03528316
v -0.02295400 0.00548828 -0.03280269
v -0.02295400 0.00548828 -0.03280269
v -0.01920400 0.00416992 -0.03528316
v -0.02248525 0.00416992 -0.03272456
v -0.02295400 0.00548828 -0.03280269
v -0.02248525 0.00416992 -0.03272456
v -0.02592275 0.00548828 -0.03008784
v -0.02592275 0.00548828 -0.03008784
v -0.02248525 0.00416992 -0.03272456
v -0.02545400 0.00416992 -0.03002925
v -0.02592275 0.00548828 -0.03008784
v -0.02545400 0.00416992 -0.03002925
v -0.02873525 0.00548828 -0.02725581
v -0.02873525 0.00548828 -0.02725581
v -0.02545400 0.00416992 -0.03002925
v -0.02826650 0.00416992 -0.02721675
v -0.02873525 0.00548828 -0.02725581
v -0.02826650 0.00416992 -0.02721675
v -0.03154775 0.00548828 -0.02430659
v -0.02826650 0.00416992 -0.02721675
v -0.03107900 0.00416992 -0.02428706
v -0.03154775 0.00548828 -0.02430659
v -0.03107900 0.00416992 -0.02428706
v -0.03326650 0.00548828 -0.02221675
v -0.03326650 0.00548828 -0.02221675
v -0.03107900 0.00416992 -0.02428706
v -0.03279775 0.00416992 -0.02221675
v 0.02501475 0.00459961 -0.05307612
v 0.02532725 0.00246094 -0.05270503
v 0.02126475 0.00416992 -0.05249019
v 0.02126475 0.00416992 -0.05249019
v 0.02532725 0.00246094 -0.05270503
v 0.02142100 0.00284180 -0.05229487
v 0.02126475 0.00416992 -0.05249019
v 0.02142100 0.00284180 -0.05229487
v 0.01735850 0.00416992 -0.05184566
v 0.01735850 0.00416992 -0.05184566
v 0.02142100 0.00284180 -0.05229487
v 0.01751475 0.00284180 -0.05163081
v 0.01735850 0.00416992 -0.05184566
v 0.01751475 0.00284180 -0.05163081
v 0.01345225 0.00416992 -0.05098628
v 0.01376475 0.00284180 -0.05081050
v 0.01345225 0.00416992 -0.05098628
v 0.01376475 0.00284180 -0.05081050
v 0.00954600 0.00416992 -0.04997066
v 0.00985850 0.00284180 -0.04979487
v 0.00954600 0.00416992 -0.04997066
v 0.00985850 0.00284180 -0.04979487
v 0.00579600 0.00416992 -0.04875972
v 0.00579600 0.00416992 -0.04875972
v 0.00985850 0.00284180 -0.04979487
v 0.00595225 0.00284180 -0.04858394
v 0.00579600 0.00416992 -0.04875972
v 0.00595225 0.00284180 -0.04858394
v 0.00188975 0.00416992 -0.04735347
v 0.00188975 0.00416992 -0.04735347
v 0.00595225 0.00284180 -0.04858394
v 0.00220225 0.00284180 -0.04719722
v 0.00188975 0.00416992 -0.04735347
v 0.00220225 0.00284180 -0.04719722
v -0.00186025 0.00416992 -0.04577144
v -0.00186025 0.00416992 -0.04577144
v 0.00220225 0.00284180 -0.04719722
v -0.00154775 0.00284180 -0.04563472
v -0.00186025 0.00416992 -0.04577144
v -0.00154775 0.00284180 -0.04563472
v -0.00545400 0.00416992 -0.04401362
v -0.00514150 0.00284180 -0.04387691
v -0.00545400 0.00416992 -0.04401362
v -0.00514150 0.00284180 -0.04387691
v -0.00904775 0.00416992 -0.04208003
v -0.00904775 0.00416992 -0.04208003
v -0.00514150 0.00284180 -0.04387691
v -0.00873525 0.00284180 -0.04196284
v -0.00904775 0.00416992 -0.04208003
v -0.00873525 0.00284180 -0.04196284
v -0.01264150 0.00416992 -0.03997066
v -0.01264150 0.00416992 -0.03997066
v -0.00873525 0.00284180 -0.04196284
v -0.01232900 0.00284180 -0.03987300
v -0.01264150 0.00416992 -0.03997066
v -0.01232900 0.00284180 -0.03987300
v -0.01592275 0.00416992 -0.03770503
v -0.01592275 0.00416992 -0.03770503
v -0.01232900 0.00284180 -0.03987300
v -0.01576650 0.00284180 -0.03762691
v -0.01592275 0.00416992 -0.03770503
v -0.01576650 0.00284180 -0.03762691
v -0.01920400 0.00416992 -0.03528316
v -0.01920400 0.00416992 -0.03528316
v -0.01576650 0.00284180 -0.03762691
v -0.01904775 0.00284180 -0.03522456
v -0.01920400 0.00416992 -0.03528316
v -0.01904775 0.00284180 -0.03522456
v -0.02248525 0.00416992 -0.03272456
v -0.02248525 0.00416992 -0.03272456
v -0.01904775 0.00284180 -0.03522456
v -0.02217275 0.00284180 -0.03266597
v -0.02248525 0.00416992 -0.03272456
v -0.02217275 0.00284180 -0.03266597
v -0.02545400 0.00416992 -0.03002925
v -0.02545400 0.00416992 -0.03002925
v -0.02217275 0.00284180 -0.03266597
v -0.02514150 0.00284180 -0.02999019
v -0.02545400 0.00416992 -0.03002925
v -0.02514150 0.00284180 -0.02999019
v -0.02826650 0.00416992 -0.02721675
v -0.02795400 0.00284180 -0.02717769
v -0.02826650 0.00416992 -0.02721675
v -0.02795400 0.00284180 -0.02717769
v -0.03107900 0.00416992 -0.02428706
v -0.03107900 0.00416992 -0.02428706
v -0.02795400 0.00284180 -0.02717769
v -0.03076650 0.00284180 -0.02426753
v -0.03107900 0.00416992 -0.02428706
v -0.03076650 0.00284180 -0.02426753
v -0.03279775 0.00416992 -0.02221675
v -0.03279775 0.00416992 -0.02221675
v -0.03076650 0.00284180 -0.02426753
v -0.03248525 0.00284180 -0.02221675
v 0.02142100 0.00284180 -0.05229487
v 0.02532725 0.00246094 -0.05270503
v 0.02157725 0.00153320 -0.05215816
v 0.02157725 0.00153320 -0.05215816
v 0.02532725 0.00246094 -0.05270503
v 0.02548350 0.00026367 -0.05258784
v 0.02157725 0.00153320 -0.05215816
v 0.02548350 0.00026367 -0.05258784
v 0.02157725 0.00026367 -0.05211909
v 0.02157725 0.00026367 -0.05211909
v 0.02548350 0.00026367 -0.05258784
v 0.02157725 -0.00144531 -0.05219722
v 0.02157725 0.00026367 -0.05211909
v 0.02157725 -0.00144531 -0.05219722
v 0.01782725 0.00026367 -0.05149409
v 0.01767100 -0.00144531 -0.05155269
v 0.01782725 0.00026367 -0.05149409
v 0.01767100 -0.00144531 -0.05155269
v 0.01392100 0.00026367 -0.05067378
v 0.01376475 -0.00144531 -0.05073237
v 0.01392100 0.00026367 -0.05067378
v 0.01376475 -0.00144531 -0.05073237
v 0.01001475 0.00026367 -0.04965816
v 0.01001475 0.00026367 -0.04965816
v 0.01376475 -0.00144531 -0.05073237
v 0.01001475 -0.00144531 -0.04971675
v 0.01001475 0.00026367 -0.04965816
v 0.01001475 -0.00144531 -0.04971675
v 0.00626475 0.00026367 -0.04846675
v 0.00626475 0.00026367 -0.04846675
v 0.01001475 -0.00144531 -0.04971675
v 0.00610850 -0.00144531 -0.04852534
v 0.00626475 0.00026367 -0.04846675
v 0.00610850 -0.00144531 -0.04852534
v 0.00235850 0.00026367 -0.04708003
v 0.00235850 0.00026367 -0.04708003
v 0.00610850 -0.00144531 -0.04852534
v 0.00235850 -0.00144531 -0.04713862
v 0.00235850 0.00026367 -0.04708003
v 0.00235850 -0.00144531 -0.04713862
v -0.00139150 0.00026367 -0.04551753
v -0.00139150 -0.00144531 -0.04557612
v -0.00139150 0.00026367 -0.04551753
v -0.00139150 -0.00144531 -0.04557612
v -0.00498525 0.00026367 -0.04377925
v -0.00498525 0.00026367 -0.04377925
v -0.00139150 -0.00144531 -0.04557612
v -0.00514150 -0.00144531 -0.04383784
v -0.00498525 0.00026367 -0.04377925
v -0.00514150 -0.00144531 -0.04383784
v -0.00857900 0.00026367 -0.04188472
v -0.00857900 0.00026367 -0.04188472
v -0.00514150 -0.00144531 -0.04383784
v -0.00873525 -0.00144531 -0.04190425
v -0.00857900 0.00026367 -0.04188472
v -0.00873525 -0.00144531 -0.04190425
v -0.01201650 0.00026367 -0.03979487
v -0.01201650 0.00026367 -0.03979487
v -0.00873525 -0.00144531 -0.04190425
v -0.01217275 -0.00144531 -0.03983394
v -0.01201650 0.00026367 -0.03979487
v -0.01217275 -0.00144531 -0.03983394
v -0.01545400 0.00026367 -0.03754878
v -0.01561025 -0.00144531 -0.03758784
v -0.01545400 0.00026367 -0.03754878
v -0.01561025 -0.00144531 -0.03758784
v -0.01873525 0.00026367 -0.03516597
v -0.01873525 0.00026367 -0.03516597
v -0.01561025 -0.00144531 -0.03758784
v -0.01889150 -0.00144531 -0.03518550
v -0.01873525 0.00026367 -0.03516597
v -0.01889150 -0.00144531 -0.03518550
v -0.02186025 0.00026367 -0.03262691
v -0.02201650 -0.00144531 -0.03264644
v -0.02186025 0.00026367 -0.03262691
v -0.02201650 -0.00144531 -0.03264644
v -0.02498525 0.00026367 -0.02995112
v -0.02498525 0.00026367 -0.02995112
v -0.02201650 -0.00144531 -0.03264644
v -0.02498525 -0.00144531 -0.02997066
v -0.02498525 0.00026367 -0.02995112
v -0.02498525 -0.00144531 -0.02997066
v -0.02779775 0.00026367 -0.02715816
v -0.02779775 0.00026367 -0.02715816
v -0.02498525 -0.00144531 -0.02997066
v -0.02795400 -0.00144531 -0.02717769
v -0.02779775 0.00026367 -0.02715816
v -0.02795400 -0.00144531 -0.02717769
v -0.03045400 0.00026367 -0.02426753
v -0.03045400 0.00026367 -0.02426753
v -0.02795400 -0.00144531 -0.02717769
v -0.03061025 -0.00144531 -0.02426753
v -0.03232900 0.00026367 -0.02221675
v -0.03061025 -0.00144531 -0.02426753
v 0.02548350 0.00026367 -0.05258784
v 0.02532725 -0.00194336 -0.05270503
v 0.02157725 -0.00144531 -0.05219722
v 0.02157725 -0.00144531 -0.05219722
v 0.02532725 -0.00194336 -0.05270503
v 0.02126475 -0.00320313 -0.05241206
v 0.02157725 -0.00144531 -0.05219722
v 0.02126475 -0.00320313 -0.05241206
v 0.01767100 -0.00144531 -0.05155269
v 0.01767100 -0.00144531 -0.05155269
v 0.02126475 -0.00320313 -0.05241206
v 0.01751475 -0.00320313 -0.05176753
v 0.01767100 -0.00144531 -0.05155269
v 0.01751475 -0.00320313 -0.05176753
v 0.01376475 -0.00144531 -0.05073237
v 0.01376475 -0.00144531 -0.05073237
v 0.01751475 -0.00320313 -0.05176753
v 0.01360850 -0.00320313 -0.05092769
v 0.01376475 -0.00144531 -0.05073237
v 0.01360850 -0.00320313 -0.05092769
v 0.01001475 -0.00144531 -0.04971675
v 0.01001475 -0.00144531 -0.04971675
v 0.01360850 -0.00320313 -0.05092769
v 0.00970225 -0.00320313 -0.04989253
v 0.01001475 -0.00144531 -0.04971675
v 0.00970225 -0.00320313 -0.04989253
v 0.00610850 -0.00144531 -0.04852534
v 0.00610850 -0.00144531 -0.04852534
v 0.00970225 -0.00320313 -0.04989253
v 0.00579600 -0.00320313 -0.04868159
v 0.00610850 -0.00144531 -0.04852534
v 0.00579600 -0.00320313 -0.04868159
v 0.00235850 -0.00144531 -0.04713862
v 0.00204600 -0.00320313 -0.04729487
v 0.00235850 -0.00144531 -0.04713862
v 0.00204600 -0.00320313 -0.04729487
v -0.00139150 -0.00144531 -0.04557612
v -0.00139150 -0.00144531 -0.04557612
v 0.00204600 -0.00320313 -0.04729487
v -0.00170400 -0.00320313 -0.04571284
v -0.00139150 -0.00144531 -0.04557612
v -0.00170400 -0.00320313 -0.04571284
v -0.00514150 -0.00144531 -0.04383784
v -0.00514150 -0.00144531 -0.04383784
v -0.00170400 -0.00320313 -0.04571284
v -0.00545400 -0.00320313 -0.04395503
v -0.00514150 -0.00144531 -0.04383784
v -0.00545400 -0.00320313 -0.04395503
v -0.00873525 -0.00144531 -0.04190425
v -0.00904775 -0.00320313 -0.04202144
v -0.00873525 -0.00144531 -0.04190425
v -0.00904775 -0.00320313 -0.04202144
v -0.01217275 -0.00144531 -0.03983394
v -0.01217275 -0.00144531 -0.03983394
v -0.00904775 -0.00320313 -0.04202144
v -0.01248525 -0.00320313 -0.03993159
v -0.01217275 -0.00144531 -0.03983394
v -0.01248525 -0.00320313 -0.03993159
v -0.01561025 -0.00144531 -0.03758784
v -0.01561025 -0.00144531 -0.03758784
v -0.01248525 -0.00320313 -0.03993159
v -0.01592275 -0.00320313 -0.03766597
v -0.01561025 -0.00144531 -0.03758784
v -0.01592275 -0.00320313 -0.03766597
v -0.01889150 -0.00144531 -0.03518550
v -0.01920400 -0.00320313 -0.03526362
v -0.01889150 -0.00144531 -0.03518550
v -0.01920400 -0.00320313 -0.03526362
v -0.02201650 -0.00144531 -0.03264644
v -0.02201650 -0.00144531 -0.03264644
v -0.01920400 -0.00320313 -0.03526362
v -0.02232900 -0.00320313 -0.03270503
v -0.02201650 -0.00144531 -0.03264644
v -0.02232900 -0.00320313 -0.03270503
v -0.02498525 -0.00144531 -0.02997066
v -0.02498525 -0.00144531 -0.02997066
v -0.02232900 -0.00320313 -0.03270503
v -0.02529775 -0.00320313 -0.03000972
v -0.02498525 -0.00144531 -0.02997066
v -0.02529775 -0.00320313 -0.03000972
v -0.02795400 -0.00144531 -0.02717769
v -0.02795400 -0.00144531 -0.02717769
v -0.02529775 -0.00320313 -0.03000972
v -0.02826650 -0.00320313 -0.02719722
v -0.02795400 -0.00144531 -0.02717769
v -0.02826650 -0.00320313 -0.02719722
v -0.03061025 -0.00144531 -0.02426753
v -0.03061025 -0.00144531 -0.02426753
v -0.02826650 -0.00320313 -0.02719722
v -0.03092275 -0.00320313 -0.02426753
v -0.03061025 -0.00144531 -0.02426753
v -0.03092275 -0.00320313 -0.02426753
v -0.03232900 -0.00144531 -0.02221675
v -0.03264150 -0.00320313 -0.02221675
v 0.02532725 -0.00194336 -0.05270503
v 0.02501475 -0.00408203 -0.05307612
v 0.02126475 -0.00320313 -0.05241206
v 0.02126475 -0.00320313 -0.05241206
v 0.02501475 -0.00408203 -0.05307612
v 0.02095225 -0.00497070 -0.05280269
v 0.02126475 -0.00320313 -0.05241206
v 0.02095225 -0.00497070 -0.05280269
v 0.01751475 -0.00320313 -0.05176753
v 0.01751475 -0.00320313 -0.05176753
v 0.02095225 -0.00497070 -0.05280269
v 0.01704600 -0.00497070 -0.05211909
v 0.01751475 -0.00320313 -0.05176753
v 0.01704600 -0.00497070 -0.05211909
v 0.01360850 -0.00320313 -0.05092769
v 0.01360850 -0.00320313 -0.05092769
v 0.01704600 -0.00497070 -0.05211909
v 0.01313975 -0.00497070 -0.05125972
v 0.01360850 -0.00320313 -0.05092769
v 0.01313975 -0.00497070 -0.05125972
v 0.00970225 -0.00320313 -0.04989253
v 0.00923350 -0.00497070 -0.05022456
v 0.00970225 -0.00320313 -0.04989253
v 0.00923350 -0.00497070 -0.05022456
v 0.00579600 -0.00320313 -0.04868159
v 0.00579600 -0.00320313 -0.04868159
v 0.00923350 -0.00497070 -0.05022456
v 0.00532725 -0.00497070 -0.04899409
v 0.00579600 -0.00320313 -0.04868159
v 0.00532725 -0.00497070 -0.04899409
v 0.00204600 -0.00320313 -0.04729487
v 0.00204600 -0.00320313 -0.04729487
v 0.00532725 -0.00497070 -0.04899409
v 0.00157725 -0.00497070 -0.04756831
v 0.00204600 -0.00320313 -0.04729487
v 0.00157725 -0.00497070 -0.04756831
v -0.00170400 -0.00320313 -0.04571284
v -0.00170400 -0.00320313 -0.04571284
v 0.00157725 -0.00497070 -0.04756831
v -0.00217275 -0.00497070 -0.04596675
v -0.00170400 -0.00320313 -0.04571284
v -0.00217275 -0.00497070 -0.04596675
v -0.00545400 -0.00320313 -0.04395503
v -0.00545400 -0.00320313 -0.04395503
v -0.00217275 -0.00497070 -0.04596675
v -0.00592275 -0.00497070 -0.04418941
v -0.00545400 -0.00320313 -0.04395503
v -0.00592275 -0.00497070 -0.04418941
v -0.00904775 -0.00320313 -0.04202144
v -0.00904775 -0.00320313 -0.04202144
v -0.00592275 -0.00497070 -0.04418941
v -0.00951650 -0.00497070 -0.04223628
v -0.00904775 -0.00320313 -0.04202144
v -0.00951650 -0.00497070 -0.04223628
v -0.01248525 -0.00320313 -0.03993159
v -0.01248525 -0.00320313 -0.03993159
v -0.00951650 -0.00497070 -0.04223628
v -0.01295400 -0.00497070 -0.04010737
v -0.01248525 -0.00320313 -0.03993159
v -0.01295400 -0.00497070 -0.04010737
v -0.01592275 -0.00320313 -0.03766597
v -0.01639150 -0.00497070 -0.03782222
v -0.01592275 -0.00320313 -0.03766597
v -0.01639150 -0.00497070 -0.03782222
v -0.01920400 -0.00320313 -0.03526362
v -0.01920400 -0.00320313 -0.03526362
v -0.01639150 -0.00497070 -0.03782222
v -0.01967275 -0.00497070 -0.03538081
v -0.01920400 -0.00320313 -0.03526362
v -0.01967275 -0.00497070 -0.03538081
v -0.02232900 -0.00320313 -0.03270503
v -0.02232900 -0.00320313 -0.03270503
v -0.01967275 -0.00497070 -0.03538081
v -0.02295400 -0.00497070 -0.03280269
v -0.02232900 -0.00320313 -0.03270503
v -0.02295400 -0.00497070 -0.03280269
v -0.02529775 -0.00320313 -0.03000972
v -0.02529775 -0.00320313 -0.03000972
v -0.02295400 -0.00497070 -0.03280269
v -0.02592275 -0.00497070 -0.03008784
v -0.02529775 -0.00320313 -0.03000972
v -0.02592275 -0.00497070 -0.03008784
v -0.02826650 -0.00320313 -0.02719722
v -0.02826650 -0.00320313 -0.02719722
v -0.02592275 -0.00497070 -0.03008784
v -0.02873525 -0.00497070 -0.02725581
v -0.02826650 -0.00320313 -0.02719722
v -0.02873525 -0.00497070 -0.02725581
v -0.03092275 -0.00320313 -0.02426753
v -0.03092275 -0.00320313 -0.02426753
v -0.02873525 -0.00497070 -0.02725581
v -0.03154775 -0.00497070 -0.02430659
v -0.03092275 -0.00320313 -0.02426753
v -0.03154775 -0.00497070 -0.02430659
v -0.03264150 -0.00320313 -0.02221675
v -0.03154775 -0.00497070 -0.02430659
v 0.02501475 -0.00408203 -0.05307612
v 0.02438975 -0.00612305 -0.05366206
v 0.02095225 -0.00497070 -0.05280269
v 0.02095225 -0.00497070 -0.05280269
v 0.02438975 -0.00612305 -0.05366206
v 0.02032725 -0.00667969 -0.05334956
v 0.02095225 -0.00497070 -0.05280269
v 0.02032725 -0.00667969 -0.05334956
v 0.01704600 -0.00497070 -0.05211909
v 0.01704600 -0.00497070 -0.05211909
v 0.02032725 -0.00667969 -0.05334956
v 0.01642100 -0.00667969 -0.05264644
v 0.01704600 -0.00497070 -0.05211909
v 0.01642100 -0.00667969 -0.05264644
v 0.01313975 -0.00497070 -0.05125972
v 0.01313975 -0.00497070 -0.05125972
v 0.01642100 -0.00667969 -0.05264644
v 0.01251475 -0.00667969 -0.05176753
v 0.01313975 -0.00497070 -0.05125972
v 0.01251475 -0.00667969 -0.05176753
v 0.00923350 -0.00497070 -0.05022456
v 0.00923350 -0.00497070 -0.05022456
v 0.01251475 -0.00667969 -0.05176753
v 0.00860850 -0.00667969 -0.05069331
v 0.00923350 -0.00497070 -0.05022456
v 0.00860850 -0.00667969 -0.05069331
v 0.00532725 -0.00497070 -0.04899409
v 0.00532725 -0.00497070 -0.04899409
v 0.00860850 -0.00667969 -0.05069331
v 0.00470225 -0.00667969 -0.04942378
v 0.00532725 -0.00497070 -0.04899409
v 0.00470225 -0.00667969 -0.04942378
v 0.00157725 -0.00497070 -0.04756831
v 0.00157725 -0.00497070 -0.04756831
v 0.00470225 -0.00667969 -0.04942378
v 0.00079600 -0.00667969 -0.04797847
v 0.00157725 -0.00497070 -0.04756831
v 0.00079600 -0.00667969 -0.04797847
v -0.00217275 -0.00497070 -0.04596675
v -0.00217275 -0.00497070 -0.04596675
v 0.00079600 -0.00667969 -0.04797847
v -0.00295400 -0.00667969 -0.04633784
v -0.00217275 -0.00497070 -0.04596675
v -0.00295400 -0.00667969 -0.04633784
v -0.00592275 -0.00497070 -0.04418941
v -0.00592275 -0.00497070 -0.04418941
v -0.00295400 -0.00667969 -0.04633784
v -0.00670400 -0.00667969 -0.04452144
v -0.00592275 -0.00497070 -0.04418941
v -0.00670400 -0.00667969 -0.04452144
v -0.00951650 -0.00497070 -0.04223628
v -0.00951650 -0.00497070 -0.04223628
v -0.00670400 -0.00667969 -0.04452144
v -0.01029775 -0.00667969 -0.04252925
v -0.00951650 -0.00497070 -0.04223628
v -0.01029775 -0.00667969 -0.04252925
v -0.01295400 -0.00497070 -0.04010737
v -0.01295400 -0.00497070 -0.04010737
v -0.01029775 -0.00667969 -0.04252925
v -0.01373525 -0.00667969 -0.04036128
v -0.01295400 -0.00497070 -0.04010737
v -0.01373525 -0.00667969 -0.04036128
v -0.01639150 -0.00497070 -0.03782222
v -0.01639150 -0.00497070 -0.03782222
v -0.01373525 -0.00667969 -0.04036128
v -0.01717275 -0.00667969 -0.03803706
v -0.01639150 -0.00497070 -0.03782222
v -0.01717275 -0.00667969 -0.03803706
v -0.01967275 -0.00497070 -0.03538081
v -0.01967275 -0.00497070 -0.03538081
v -0.01717275 -0.00667969 -0.03803706
v -0.02045400 -0.00667969 -0.03557612
v -0.01967275 -0.00497070 -0.03538081
v -0.02045400 -0.00667969 -0.03557612
v -0.02295400 -0.00497070 -0.03280269
v -0.02295400 -0.00497070 -0.03280269
v -0.02045400 -0.00667969 -0.03557612
v -0.02373525 -0.00667969 -0.03295894
v -0.02295400 -0.00497070 -0.03280269
v -0.02373525 -0.00667969 -0.03295894
v -0.02592275 -0.00497070 -0.03008784
v -0.02592275 -0.00497070 -0.03008784
v -0.02373525 -0.00667969 -0.03295894
v -0.02670400 -0.00667969 -0.03020503
v -0.02592275 -0.00497070 -0.03008784
v -0.02670400 -0.00667969 -0.03020503
v -0.02873525 -0.00497070 -0.02725581
v -0.02873525 -0.00497070 -0.02725581
v -0.02670400 -0.00667969 -0.03020503
v -0.02951650 -0.00667969 -0.02731441
v -0.02873525 -0.00497070 -0.02725581
v -0.02951650 -0.00667969 -0.02731441
v -0.03154775 -0.00497070 -0.02430659
v -0.03154775 -0.00497070 -0.02430659
v -0.02951650 -0.00667969 -0.02731441
v -0.03232900 -0.00667969 -0.02432612
v -0.03154775 -0.00497070 -0.02430659
v -0.03232900 -0.00667969 -0.02432612
v -0.03326650 -0.00497070 -0.02221675
v -0.03404775 -0.00667969 -0.02223628
v 0.02438975 -0.00612305 -0.05366206
v 0.02360850 -0.00799805 -0.05446284
v 0.02032725 -0.00667969 -0.05334956
v 0.02032725 -0.00667969 -0.05334956
v 0.02360850 -0.00799805 -0.05446284
v 0.01954600 -0.00830078 -0.05407222
v 0.02032725 -0.00667969 -0.05334956
v 0.01954600 -0.00830078 -0.05407222
v 0.01642100 -0.00667969 -0.05264644
v 0.01642100 -0.00667969 -0.05264644
v 0.01954600 -0.00830078 -0.05407222
v 0.01563975 -0.00830078 -0.05333003
v 0.01642100 -0.00667969 -0.05264644
v 0.01563975 -0.00830078 -0.05333003
v 0.01251475 -0.00667969 -0.05176753
v 0.01251475 -0.00667969 -0.05176753
v 0.01563975 -0.00830078 -0.05333003
v 0.01157725 -0.00830078 -0.05239253
v 0.01251475 -0.00667969 -0.05176753
v 0.01157725 -0.00830078 -0.05239253
v 0.00860850 -0.00667969 -0.05069331
v 0.00860850 -0.00667969 -0.05069331
v 0.01157725 -0.00830078 -0.05239253
v 0.00767100 -0.00830078 -0.05127925
v 0.00860850 -0.00667969 -0.05069331
v 0.00767100 -0.00830078 -0.05127925
v 0.00470225 -0.00667969 -0.04942378
v 0.00470225 -0.00667969 -0.04942378
v 0.00767100 -0.00830078 -0.05127925
v 0.00376475 -0.00830078 -0.04997066
v 0.00470225 -0.00667969 -0.04942378
v 0.00376475 -0.00830078 -0.04997066
v 0.00079600 -0.00667969 -0.04797847
v 0.00079600 -0.00667969 -0.04797847
v 0.00376475 -0.00830078 -0.04997066
v -0.00014150 -0.00830078 -0.04848628
v 0.00079600 -0.00667969 -0.04797847
v -0.00014150 -0.00830078 -0.04848628
v -0.00295400 -0.00667969 -0.04633784
v -0.00295400 -0.00667969 -0.04633784
v -0.00014150 -0.00830078 -0.04848628
v -0.00389150 -0.00830078 -0.04680659
v -0.00295400 -0.00667969 -0.04633784
v -0.00389150 -0.00830078 -0.04680659
v -0.00670400 -0.00667969 -0.04452144
v -0.00670400 -0.00667969 -0.04452144
v -0.00389150 -0.00830078 -0.04680659
v -0.00764150 -0.00830078 -0.04495112
v -0.00670400 -0.00667969 -0.04452144
v -0.00764150 -0.00830078 -0.04495112
v -0.01029775 -0.00667969 -0.04252925
v -0.01029775 -0.00667969 -0.04252925
v -0.00764150 -0.00830078 -0.04495112
v -0.01123525 -0.00830078 -0.04290034
v -0.01029775 -0.00667969 -0.04252925
v -0.01123525 -0.00830078 -0.04290034
v -0.01373525 -0.00667969 -0.04036128
v -0.01373525 -0.00667969 -0.04036128
v -0.01123525 -0.00830078 -0.04290034
v -0.01482900 -0.00830078 -0.04069331
v -0.01373525 -0.00667969 -0.04036128
v -0.01482900 -0.00830078 -0.04069331
v -0.01717275 -0.00667969 -0.03803706
v -0.01717275 -0.00667969 -0.03803706
v -0.01482900 -0.00830078 -0.04069331
v -0.01826650 -0.00830078 -0.03833003
v -0.01717275 -0.00667969 -0.03803706
v -0.01826650 -0.00830078 -0.03833003
v -0.02045400 -0.00667969 -0.03557612
v -0.02045400 -0.00667969 -0.03557612
v -0.01826650 -0.00830078 -0.03833003
v -0.02154775 -0.00830078 -0.03581050
v -0.02045400 -0.00667969 -0.03557612
v -0.02154775 -0.00830078 -0.03581050
v -0.02373525 -0.00667969 -0.03295894
v -0.02373525 -0.00667969 -0.03295894
v -0.02154775 -0.00830078 -0.03581050
v -0.02467275 -0.00830078 -0.03313472
v -0.02373525 -0.00667969 -0.03295894
v -0.02467275 -0.00830078 -0.03313472
v -0.02670400 -0.00667969 -0.03020503
v -0.02670400 -0.00667969 -0.03020503
v -0.02467275 -0.00830078 -0.03313472
v -0.02779775 -0.00830078 -0.03034175
v -0.02670400 -0.00667969 -0.03020503
v -0.02779775 -0.00830078 -0.03034175
v -0.02951650 -0.00667969 -0.02731441
v -0.02951650 -0.00667969 -0.02731441
v -0.02779775 -0.00830078 -0.03034175
v -0.03061025 -0.00830078 -0.02741206
v -0.02951650 -0.00667969 -0.02731441
v -0.03061025 -0.00830078 -0.02741206
v -0.03232900 -0.00667969 -0.02432612
v -0.03232900 -0.00667969 -0.02432612
v -0.03061025 -0.00830078 -0.02741206
v -0.03342275 -0.00830078 -0.02436519
v -0.03232900 -0.00667969 -0.02432612
v -0.03342275 -0.00830078 -0.02436519
v -0.03404775 -0.00667969 -0.02223628
v -0.03404775 -0.00667969 -0.02223628
v -0.03342275 -0.00830078 -0.02436519
v -0.03514150 -0.00830078 -0.02223628
v 0.02360850 -0.00799805 -0.05446284
v 0.02251475 -0.00966797 -0.05543941
v 0.01954600 -0.00830078 -0.05407222
v 0.01860850 -0.00977539 -0.05493159
v 0.01954600 -0.00830078 -0.05407222
v 0.01860850 -0.00977539 -0.05493159
v 0.01563975 -0.00830078 -0.05333003
v 0.01563975 -0.00830078 -0.05333003
v 0.01860850 -0.00977539 -0.05493159
v 0.01454600 -0.00977539 -0.05415034
v 0.01563975 -0.00830078 -0.05333003
v 0.01454600 -0.00977539 -0.05415034
v 0.01157725 -0.00830078 -0.05239253
v 0.01157725 -0.00830078 -0.05239253
v 0.01454600 -0.00977539 -0.05415034
v 0.01063975 -0.00977539 -0.05317378
v 0.01157725 -0.00830078 -0.05239253
v 0.01063975 -0.00977539 -0.05317378
v 0.00767100 -0.00830078 -0.05127925
v 0.00767100 -0.00830078 -0.05127925
v 0.01063975 -0.00977539 -0.05317378
v 0.00657725 -0.00977539 -0.05202144
v 0.00767100 -0.00830078 -0.05127925
v 0.00657725 -0.00977539 -0.05202144
v 0.00376475 -0.00830078 -0.04997066
v 0.00376475 -0.00830078 -0.04997066
v 0.00657725 -0.00977539 -0.05202144
v 0.00267100 -0.00977539 -0.05065425
v 0.00376475 -0.00830078 -0.04997066
v 0.00267100 -0.00977539 -0.05065425
v -0.00014150 -0.00830078 -0.04848628
v -0.00014150 -0.00830078 -0.04848628
v 0.00267100 -0.00977539 -0.05065425
v -0.00123525 -0.00977539 -0.04911128
v -0.00014150 -0.00830078 -0.04848628
v -0.00123525 -0.00977539 -0.04911128
v -0.00389150 -0.00830078 -0.04680659
v -0.00389150 -0.00830078 -0.04680659
v -0.00123525 -0.00977539 -0.04911128
v -0.00498525 -0.00977539 -0.04737300
v -0.00389150 -0.00830078 -0.04680659
v -0.00498525 -0.00977539 -0.04737300
v -0.00764150 -0.00830078 -0.04495112
v -0.00764150 -0.00830078 -0.04495112
v -0.00498525 -0.00977539 -0.04737300
v -0.00873525 -0.00977539 -0.04545894
v -0.00764150 -0.00830078 -0.04495112
v -0.00873525 -0.00977539 -0.04545894
v -0.01123525 -0.00830078 -0.04290034
v -0.01123525 -0.00830078 -0.04290034
v -0.00873525 -0.00977539 -0.04545894
v -0.01248525 -0.00977539 -0.04336909
v -0.01123525 -0.00830078 -0.04290034
v -0.01248525 -0.00977539 -0.04336909
v -0.01482900 -0.00830078 -0.04069331
v -0.01482900 -0.00830078 -0.04069331
v -0.01248525 -0.00977539 -0.04336909
v -0.01607900 -0.00977539 -0.04110347
v -0.01482900 -0.00830078 -0.04069331
v -0.01607900 -0.00977539 -0.04110347
v -0.01826650 -0.00830078 -0.03833003
v -0.01826650 -0.00830078 -0.03833003
v -0.01607900 -0.00977539 -0.04110347
v -0.01951650 -0.00977539 -0.03868159
v -0.01826650 -0.00830078 -0.03833003
v -0.01951650 -0.00977539 -0.03868159
v -0.02154775 -0.00830078 -0.03581050
v -0.02154775 -0.00830078 -0.03581050
v -0.01951650 -0.00977539 -0.03868159
v -0.02279775 -0.00977539 -0.03610347
v -0.02154775 -0.00830078 -0.03581050
v -0.02279775 -0.00977539 -0.03610347
v -0.02467275 -0.00830078 -0.03313472
v -0.02467275 -0.00830078 -0.03313472
v -0.02279775 -0.00977539 -0.03610347
v -0.02592275 -0.00977539 -0.03336909
v -0.02779775 -0.00830078 -0.03034175
v -0.02779775 -0.00830078 -0.03034175
v -0.02592275 -0.00977539 -0.03336909
v -0.02904775 -0.00977539 -0.03051753
v -0.02779775 -0.00830078 -0.03034175
v -0.02904775 -0.00977539 -0.03051753
v -0.03061025 -0.00830078 -0.02741206
v -0.03061025 -0.00830078 -0.02741206
v -0.02904775 -0.00977539 -0.03051753
v -0.03186025 -0.00977539 -0.02752925
v -0.03061025 -0.00830078 -0.02741206
v -0.03186025 -0.00977539 -0.02752925
v -0.03342275 -0.00830078 -0.02436519
v -0.03342275 -0.00830078 -0.02436519
v -0.03186025 -0.00977539 -0.02752925
v -0.03467275 -0.00977539 -0.02442378
v -0.03342275 -0.00830078 -0.02436519
v -0.03467275 -0.00977539 -0.02442378
v -0.03514150 -0.00830078 -0.02223628
v -0.03467275 -0.00977539 -0.02442378
v 0.02251475 -0.00966797 -0.05543941
v 0.02126475 -0.01108398 -0.05657222
v 0.01860850 -0.00977539 -0.05493159
v 0.01860850 -0.00977539 -0.05493159
v 0.02126475 -0.01108398 -0.05657222
v 0.01751475 -0.01106445 -0.05592769
v 0.01860850 -0.00977539 -0.05493159
v 0.01751475 -0.01106445 -0.05592769
v 0.01454600 -0.00977539 -0.05415034
v 0.01454600 -0.00977539 -0.05415034
v 0.01751475 -0.01106445 -0.05592769
v 0.01345225 -0.01106445 -0.05508784
v 0.01454600 -0.00977539 -0.05415034
v 0.01345225 -0.01106445 -0.05508784
v 0.01063975 -0.00977539 -0.05317378
v 0.00938975 -0.01106445 -0.05407222
v 0.01063975 -0.00977539 -0.05317378
v 0.00938975 -0.01106445 -0.05407222
v 0.00657725 -0.00977539 -0.05202144
v 0.00657725 -0.00977539 -0.05202144
v 0.00938975 -0.01106445 -0.05407222
v 0.00532725 -0.01106445 -0.05284175
v 0.00657725 -0.00977539 -0.05202144
v 0.00532725 -0.01106445 -0.05284175
v 0.00267100 -0.00977539 -0.05065425
v 0.00267100 -0.00977539 -0.05065425
v 0.00532725 -0.01106445 -0.05284175
v 0.00142100 -0.01106445 -0.05143550
v 0.00267100 -0.00977539 -0.05065425
v 0.00142100 -0.01106445 -0.05143550
v -0.00123525 -0.00977539 -0.04911128
v -0.00123525 -0.00977539 -0.04911128
v 0.00142100 -0.01106445 -0.05143550
v -0.00248525 -0.01106445 -0.04983394
v -0.00123525 -0.00977539 -0.04911128
v -0.00248525 -0.01106445 -0.04983394
v -0.00498525 -0.00977539 -0.04737300
v -0.00639150 -0.01106445 -0.04803706
v -0.00498525 -0.00977539 -0.04737300
v -0.00639150 -0.01106445 -0.04803706
v -0.00873525 -0.00977539 -0.04545894
v -0.00873525 -0.00977539 -0.04545894
v -0.00639150 -0.01106445 -0.04803706
v -0.01014150 -0.01106445 -0.04606441
v -0.00873525 -0.00977539 -0.04545894
v -0.01014150 -0.01106445 -0.04606441
v -0.01248525 -0.00977539 -0.04336909
v -0.01248525 -0.00977539 -0.04336909
v -0.01014150 -0.01106445 -0.04606441
v -0.01389150 -0.01106445 -0.04389644
v -0.01248525 -0.00977539 -0.04336909
v -0.01389150 -0.01106445 -0.04389644
v -0.01607900 -0.00977539 -0.04110347
v -0.01607900 -0.00977539 -0.04110347
v -0.01389150 -0.01106445 -0.04389644
v -0.01748525 -0.01106445 -0.04157222
v -0.01607900 -0.00977539 -0.04110347
v -0.01748525 -0.01106445 -0.04157222
v -0.01951650 -0.00977539 -0.03868159
v -0.01951650 -0.00977539 -0.03868159
v -0.01748525 -0.01106445 -0.04157222
v -0.02092275 -0.01106445 -0.03907222
v -0.01951650 -0.00977539 -0.03868159
v -0.02092275 -0.01106445 -0.03907222
v -0.02279775 -0.00977539 -0.03610347
v -0.02279775 -0.00977539 -0.03610347
v -0.02092275 -0.01106445 -0.03907222
v -0.02420400 -0.01106445 -0.03643550
v -0.02279775 -0.00977539 -0.03610347
v -0.02420400 -0.01106445 -0.03643550
v -0.02592275 -0.00977539 -0.03336909
v -0.02592275 -0.00977539 -0.03336909
v -0.02420400 -0.01106445 -0.03643550
v -0.02748525 -0.01106445 -0.03364253
v -0.02592275 -0.00977539 -0.03336909
v -0.02748525 -0.01106445 -0.03364253
v -0.02904775 -0.00977539 -0.03051753
v -0.02904775 -0.00977539 -0.03051753
v -0.02748525 -0.01106445 -0.03364253
v -0.03045400 -0.01106445 -0.03071284
v -0.02904775 -0.00977539 -0.03051753
v -0.03045400 -0.01106445 -0.03071284
v -0.03186025 -0.00977539 -0.02752925
v -0.03186025 -0.00977539 -0.02752925
v -0.03045400 -0.01106445 -0.03071284
v -0.03342275 -0.01106445 -0.02764644
v -0.03186025 -0.00977539 -0.02752925
v -0.03342275 -0.01106445 -0.02764644
v -0.03467275 -0.00977539 -0.02442378
v -0.03467275 -0.00977539 -0.02442378
v -0.03342275 -0.01106445 -0.02764644
v -0.03607900 -0.01106445 -0.02448237
v -0.03467275 -0.00977539 -0.02442378
v -0.03607900 -0.01106445 -0.02448237
v -0.03639150 -0.00977539 -0.02225581
v -0.03639150 -0.00977539 -0.02225581
v -0.03607900 -0.01106445 -0.02448237
v -0.03795400 -0.01106445 -0.02225581
v 0.01751475 -0.01106445 -0.05592769
v 0.02126475 -0.01108398 -0.05657222
v 0.01626475 -0.01211914 -0.05702144
v 0.01626475 -0.01211914 -0.05702144
v 0.02126475 -0.01108398 -0.05657222
v 0.01985850 -0.01222656 -0.05778316
v 0.01626475 -0.01211914 -0.05702144
v 0.01985850 -0.01222656 -0.05778316
v 0.01501475 -0.01293945 -0.05817378
v 0.01501475 -0.01293945 -0.05817378
v 0.01985850 -0.01222656 -0.05778316
v 0.01829600 -0.01307617 -0.05907222
v 0.01501475 -0.01293945 -0.05817378
v 0.01829600 -0.01307617 -0.05907222
v 0.01376475 -0.01350586 -0.05936519
v 0.01376475 -0.01350586 -0.05936519
v 0.01829600 -0.01307617 -0.05907222
v 0.01657725 -0.01363281 -0.06038081
v 0.01376475 -0.01350586 -0.05936519
v 0.01657725 -0.01363281 -0.06038081
v 0.01235850 -0.01383789 -0.06055659
v 0.01235850 -0.01383789 -0.06055659
v 0.01657725 -0.01363281 -0.06038081
v 0.01485850 -0.01390625 -0.06166987
v 0.01235850 -0.01383789 -0.06055659
v 0.01485850 -0.01390625 -0.06166987
v 0.01110850 -0.01393555 -0.06170894
v 0.01110850 -0.01393555 -0.06170894
v 0.01485850 -0.01390625 -0.06166987
v 0.01298350 -0.01390625 -0.06290034
v 0.01110850 -0.01393555 -0.06170894
v 0.01298350 -0.01390625 -0.06290034
v 0.00985850 -0.01383789 -0.06286128
v 0.00985850 -0.01383789 -0.06286128
v 0.01298350 -0.01390625 -0.06290034
v 0.01110850 -0.01365234 -0.06409175
v 0.00985850 -0.01383789 -0.06286128
v 0.01110850 -0.01365234 -0.06409175
v 0.00860850 -0.01350586 -0.06403316
v 0.00860850 -0.01350586 -0.06403316
v 0.01110850 -0.01365234 -0.06409175
v 0.00923350 -0.01316406 -0.06520504
v 0.00860850 -0.01350586 -0.06403316
v 0.00923350 -0.01316406 -0.06520504
v 0.00735850 -0.01293945 -0.06522457
v 0.00735850 -0.01293945 -0.06522457
v 0.00923350 -0.01316406 -0.06520504
v 0.00751475 -0.01244141 -0.06624019
v 0.00735850 -0.01293945 -0.06522457
v 0.00751475 -0.01244141 -0.06624019
v 0.00610850 -0.01211914 -0.06637691
v 0.00610850 -0.01211914 -0.06637691
v 0.00751475 -0.01244141 -0.06624019
v 0.00563975 -0.01150391 -0.06715816
v 0.00610850 -0.01211914 -0.06637691
v 0.00563975 -0.01150391 -0.06715816
v 0.00157725 -0.01211914 -0.06500972
v 0.00157725 -0.01211914 -0.06500972
v 0.00563975 -0.01150391 -0.06715816
v 0.00032725 -0.01106445 -0.06606441
v 0.00157725 -0.01211914 -0.06500972
v 0.00032725 -0.01106445 -0.06606441
v -0.00295400 -0.01211914 -0.06342769
v -0.00295400 -0.01211914 -0.06342769
v 0.00032725 -0.01106445 -0.06606441
v -0.00420400 -0.01106445 -0.06440425
v -0.00295400 -0.01211914 -0.06342769
v -0.00420400 -0.01106445 -0.06440425
v -0.00732900 -0.01211914 -0.06163081
v -0.00732900 -0.01211914 -0.06163081
v -0.00420400 -0.01106445 -0.06440425
v -0.00873525 -0.01106445 -0.06254878
v -0.00732900 -0.01211914 -0.06163081
v -0.00873525 -0.01106445 -0.06254878
v -0.01170400 -0.01211914 -0.05961909
v -0.01170400 -0.01211914 -0.05961909
v -0.00873525 -0.01106445 -0.06254878
v -0.01311025 -0.01106445 -0.06047847
v -0.01170400 -0.01211914 -0.05961909
v -0.01311025 -0.01106445 -0.06047847
v -0.01607900 -0.01211914 -0.05739253
v -0.01607900 -0.01211914 -0.05739253
v -0.01311025 -0.01106445 -0.06047847
v -0.01748525 -0.01106445 -0.05817378
v -0.01607900 -0.01211914 -0.05739253
v -0.01748525 -0.01106445 -0.05817378
v -0.02029775 -0.01211914 -0.05495112
v -0.02029775 -0.01211914 -0.05495112
v -0.01748525 -0.01106445 -0.05817378
v -0.02170400 -0.01106445 -0.05567378
v -0.02029775 -0.01211914 -0.05495112
v -0.02170400 -0.01106445 -0.05567378
v -0.02436025 -0.01211914 -0.05231441
v -0.02436025 -0.01211914 -0.05231441
v -0.02170400 -0.01106445 -0.05567378
v -0.02576650 -0.01106445 -0.05295894
v -0.02436025 -0.01211914 -0.05231441
v -0.02576650 -0.01106445 -0.05295894
v -0.02826650 -0.01211914 -0.04948237
v -0.02826650 -0.01211914 -0.04948237
v -0.02576650 -0.01106445 -0.05295894
v -0.02982900 -0.01106445 -0.05006831
v -0.02826650 -0.01211914 -0.04948237
v -0.02982900 -0.01106445 -0.05006831
v -0.03217275 -0.01211914 -0.04645503
v -0.03217275 -0.01211914 -0.04645503
v -0.02982900 -0.01106445 -0.05006831
v -0.03373525 -0.01106445 -0.04696284
v -0.03217275 -0.01211914 -0.04645503
v -0.03373525 -0.01106445 -0.04696284
v -0.03576650 -0.01211914 -0.04327144
v -0.03576650 -0.01211914 -0.04327144
v -0.03373525 -0.01106445 -0.04696284
v -0.03732900 -0.01106445 -0.04370112
v -0.03576650 -0.01211914 -0.04327144
v -0.03732900 -0.01106445 -0.04370112
v -0.03936025 -0.01211914 -0.03991206
v -0.03936025 -0.01211914 -0.03991206
v -0.03732900 -0.01106445 -0.04370112
v -0.04092275 -0.01106445 -0.04028316
v -0.03936025 -0.01211914 -0.03991206
v -0.04092275 -0.01106445 -0.04028316
v -0.04264150 -0.01211914 -0.03639644
v -0.04264150 -0.01211914 -0.03639644
v -0.04092275 -0.01106445 -0.04028316
v -0.04436025 -0.01106445 -0.03668941
v -0.04264150 -0.01211914 -0.03639644
v -0.04436025 -0.01106445 -0.03668941
v -0.04592275 -0.01211914 -0.03276362
v -0.04592275 -0.01211914 -0.03276362
v -0.04436025 -0.01106445 -0.03668941
v -0.04748525 -0.01106445 -0.03297847
v -0.04592275 -0.01211914 -0.03276362
v -0.04748525 -0.01106445 -0.03297847
v -0.04889150 -0.01211914 -0.02899409
v -0.04889150 -0.01211914 -0.02899409
v -0.04748525 -0.01106445 -0.03297847
v -0.05045400 -0.01106445 -0.02913081
v -0.04889150 -0.01211914 -0.02899409
v -0.05045400 -0.01106445 -0.02913081
v -0.05170400 -0.01211914 -0.02510737
v -0.05170400 -0.01211914 -0.02510737
v -0.05045400 -0.01106445 -0.02913081
v -0.05326650 -0.01106445 -0.02516597
v -0.05170400 -0.01211914 -0.02510737
v -0.05326650 -0.01106445 -0.02516597
v -0.05342275 -0.01211914 -0.02239253
v -0.05326650 -0.01106445 -0.02516597
v 0.00032725 -0.01106445 -0.06606441
v 0.00563975 -0.01150391 -0.06715816
v 0.00485850 -0.01106445 -0.06747066
v 0.00485850 -0.01106445 -0.06747066
v 0.00563975 -0.01150391 -0.06715816
v 0.00392100 -0.01034180 -0.06799800
v 0.00485850 -0.01106445 -0.06747066
v 0.00392100 -0.01034180 -0.06799800
v 0.00032725 -0.01106445 -0.06606441
v 0.00032725 -0.01106445 -0.06606441
v 0.00392100 -0.01034180 -0.06799800
v 0.00204600 -0.00971680 -0.06799800
v 0.00032725 -0.01106445 -0.06606441
v 0.00204600 -0.00971680 -0.06799800
v -0.00092275 -0.00977539 -0.06700191
v -0.00092275 -0.00977539 -0.06700191
v 0.00204600 -0.00971680 -0.06799800
v -0.00014150 -0.00887695 -0.06799800
v -0.00092275 -0.00977539 -0.06700191
v -0.00014150 -0.00887695 -0.06799800
v -0.00186025 -0.00830078 -0.06782222
v -0.00186025 -0.00830078 -0.06782222
v -0.00014150 -0.00887695 -0.06799800
v -0.00232900 -0.00779297 -0.06799800
v -0.00186025 -0.00830078 -0.06782222
v -0.00232900 -0.00779297 -0.06799800
v -0.00639150 -0.00830078 -0.06608394
v -0.00639150 -0.00830078 -0.06608394
v -0.00232900 -0.00779297 -0.06799800
v -0.00732900 -0.00667969 -0.06672847
v -0.00639150 -0.00830078 -0.06608394
v -0.00732900 -0.00667969 -0.06672847
v -0.01092275 -0.00830078 -0.06411129
v -0.01092275 -0.00830078 -0.06411129
v -0.00732900 -0.00667969 -0.06672847
v -0.01186025 -0.00667969 -0.06471675
v -0.01092275 -0.00830078 -0.06411129
v -0.01186025 -0.00667969 -0.06471675
v -0.01545400 -0.00830078 -0.06192378
v -0.01545400 -0.00830078 -0.06192378
v -0.01186025 -0.00667969 -0.06471675
v -0.01639150 -0.00667969 -0.06249019
v -0.01545400 -0.00830078 -0.06192378
v -0.01639150 -0.00667969 -0.06249019
v -0.01982900 -0.00830078 -0.05952144
v -0.01982900 -0.00830078 -0.05952144
v -0.01639150 -0.00667969 -0.06249019
v -0.02076650 -0.00667969 -0.06002925
v -0.01982900 -0.00830078 -0.05952144
v -0.02076650 -0.00667969 -0.06002925
v -0.02420400 -0.00830078 -0.05690425
v -0.02420400 -0.00830078 -0.05690425
v -0.02076650 -0.00667969 -0.06002925
v -0.02514150 -0.00667969 -0.05737300
v -0.02420400 -0.00830078 -0.05690425
v -0.02514150 -0.00667969 -0.05737300
v -0.02842275 -0.00830078 -0.05407222
v -0.02842275 -0.00830078 -0.05407222
v -0.02514150 -0.00667969 -0.05737300
v -0.02936025 -0.00667969 -0.05450191
v -0.02842275 -0.00830078 -0.05407222
v -0.02936025 -0.00667969 -0.05450191
v -0.03232900 -0.00830078 -0.05104487
v -0.03232900 -0.00830078 -0.05104487
v -0.02936025 -0.00667969 -0.05450191
v -0.03342275 -0.00667969 -0.05143550
v -0.03232900 -0.00830078 -0.05104487
v -0.03342275 -0.00667969 -0.05143550
v -0.03623525 -0.00830078 -0.04784175
v -0.03623525 -0.00830078 -0.04784175
v -0.03342275 -0.00667969 -0.05143550
v -0.03732900 -0.00667969 -0.04817378
v -0.03623525 -0.00830078 -0.04784175
v -0.03732900 -0.00667969 -0.04817378
v -0.03998525 -0.00830078 -0.04444331
v -0.03998525 -0.00830078 -0.04444331
v -0.03732900 -0.00667969 -0.04817378
v -0.04107900 -0.00667969 -0.04473628
v -0.03998525 -0.00830078 -0.04444331
v -0.04107900 -0.00667969 -0.04473628
v -0.04357900 -0.00830078 -0.04088862
v -0.04357900 -0.00830078 -0.04088862
v -0.04107900 -0.00667969 -0.04473628
v -0.04467275 -0.00667969 -0.04112300
v -0.04357900 -0.00830078 -0.04088862
v -0.04467275 -0.00667969 -0.04112300
v -0.04701650 -0.00830078 -0.03717769
v -0.04701650 -0.00830078 -0.03717769
v -0.04467275 -0.00667969 -0.04112300
v -0.04811025 -0.00667969 -0.03737300
v -0.04701650 -0.00830078 -0.03717769
v -0.04811025 -0.00667969 -0.03737300
v -0.05014150 -0.00830078 -0.03333003
v -0.05123525 -0.00667969 -0.03348628
v -0.05014150 -0.00830078 -0.03333003
v -0.05123525 -0.00667969 -0.03348628
v -0.05326650 -0.00830078 -0.02936519
v -0.05326650 -0.00830078 -0.02936519
v -0.05123525 -0.00667969 -0.03348628
v -0.05420400 -0.00667969 -0.02946284
v -0.05326650 -0.00830078 -0.02936519
v -0.05420400 -0.00667969 -0.02946284
v -0.05607900 -0.00830078 -0.02528316
v -0.05607900 -0.00830078 -0.02528316
v -0.05420400 -0.00667969 -0.02946284
v -0.05701650 -0.00667969 -0.02532222
v -0.05607900 -0.00830078 -0.02528316
v -0.05701650 -0.00667969 -0.02532222
v -0.05779775 -0.00830078 -0.02243159
v -0.05779775 -0.00830078 -0.02243159
v -0.05701650 -0.00667969 -0.02532222
v -0.05889150 -0.00667969 -0.02245112
v -0.00232900 -0.00779297 -0.06799800
v -0.00436025 -0.00644531 -0.06799800
v -0.00732900 -0.00667969 -0.06672847
v -0.00732900 -0.00667969 -0.06672847
v -0.00436025 -0.00644531 -0.06799800
v -0.00529775 -0.00568359 -0.06799800
v -0.00732900 -0.00667969 -0.06672847
v -0.00529775 -0.00568359 -0.06799800
v -0.00795400 -0.00497070 -0.06721675
v -0.00795400 -0.00497070 -0.06721675
v -0.00529775 -0.00568359 -0.06799800
v -0.00607900 -0.00490234 -0.06799800
v -0.00795400 -0.00497070 -0.06721675
v -0.00607900 -0.00490234 -0.06799800
v -0.00670400 -0.00411133 -0.06799800
v -0.00795400 -0.00497070 -0.06721675
v -0.00670400 -0.00411133 -0.06799800
v -0.00842275 -0.00320313 -0.06754879
v -0.00842275 -0.00320313 -0.06754879
v -0.00670400 -0.00411133 -0.06799800
v -0.00732900 -0.00330078 -0.06799800
v -0.00842275 -0.00320313 -0.06754879
v -0.00732900 -0.00330078 -0.06799800
v -0.00764150 -0.00247070 -0.06799800
v -0.00857900 -0.00144531 -0.06776364
v -0.00857900 -0.00144531 -0.06776364
v -0.00764150 -0.00247070 -0.06799800
v -0.00795400 -0.00159180 -0.06799800
v -0.00857900 -0.00144531 -0.06776364
v -0.00795400 -0.00159180 -0.06799800
v -0.00826650 -0.00067383 -0.06799800
v -0.00826650 -0.00067383 -0.06799800
v -0.00826650 0.00026367 -0.06799800
v -0.00857900 -0.00144531 -0.06776364
v -0.00857900 -0.00144531 -0.06776364
v -0.00826650 0.00026367 -0.06799800
v -0.01326650 -0.00144531 -0.06569332
v -0.00857900 -0.00144531 -0.06776364
v -0.01326650 -0.00144531 -0.06569332
v -0.01295400 -0.00320313 -0.06549800
v -0.01295400 -0.00320313 -0.06549800
v -0.01326650 -0.00144531 -0.06569332
v -0.01748525 -0.00320313 -0.06321284
v -0.01295400 -0.00320313 -0.06549800
v -0.01748525 -0.00320313 -0.06321284
v -0.01701650 -0.00497070 -0.06291987
v -0.01701650 -0.00497070 -0.06291987
v -0.01748525 -0.00320313 -0.06321284
v -0.02154775 -0.00497070 -0.06043941
v -0.01701650 -0.00497070 -0.06291987
v -0.02154775 -0.00497070 -0.06043941
v -0.02076650 -0.00667969 -0.06002925
v -0.02076650 -0.00667969 -0.06002925
v -0.02154775 -0.00497070 -0.06043941
v -0.02514150 -0.00667969 -0.05737300
v -0.00826650 0.00026367 -0.06799800
v -0.01420400 0.00026367 -0.06536129
v -0.01326650 -0.00144531 -0.06569332
v -0.01326650 -0.00144531 -0.06569332
v -0.01420400 0.00026367 -0.06536129
v -0.01779775 -0.00144531 -0.06338862
v -0.01326650 -0.00144531 -0.06569332
v -0.01779775 -0.00144531 -0.06338862
v -0.01748525 -0.00320313 -0.06321284
v -0.01748525 -0.00320313 -0.06321284
v -0.01779775 -0.00144531 -0.06338862
v -0.02201650 -0.00320313 -0.06071284
v -0.01748525 -0.00320313 -0.06321284
v -0.02201650 -0.00320313 -0.06071284
v -0.02154775 -0.00497070 -0.06043941
v -0.02154775 -0.00497070 -0.06043941
v -0.02201650 -0.00320313 -0.06071284
v -0.02592275 -0.00497070 -0.05774409
v -0.02154775 -0.00497070 -0.06043941
v -0.02592275 -0.00497070 -0.05774409
v -0.02514150 -0.00667969 -0.05737300
v -0.02514150 -0.00667969 -0.05737300
v -0.02592275 -0.00497070 -0.05774409
v -0.02936025 -0.00667969 -0.05450191
v -0.01420400 0.00026367 -0.06536129
v -0.01982900 0.00026367 -0.06235347
v -0.01779775 -0.00144531 -0.06338862
v -0.01779775 -0.00144531 -0.06338862
v -0.01982900 0.00026367 -0.06235347
v -0.02232900 -0.00144531 -0.06086909
v -0.01779775 -0.00144531 -0.06338862
v -0.02232900 -0.00144531 -0.06086909
v -0.02201650 -0.00320313 -0.06071284
v -0.02201650 -0.00320313 -0.06071284
v -0.02232900 -0.00144531 -0.06086909
v -0.02639150 -0.00320313 -0.05799800
v -0.02201650 -0.00320313 -0.06071284
v -0.02639150 -0.00320313 -0.05799800
v -0.02592275 -0.00497070 -0.05774409
v -0.02592275 -0.00497070 -0.05774409
v -0.02639150 -0.00320313 -0.05799800
v -0.03014150 -0.00497070 -0.05483394
v -0.02592275 -0.00497070 -0.05774409
v -0.03014150 -0.00497070 -0.05483394
v -0.02936025 -0.00667969 -0.05450191
v -0.02936025 -0.00667969 -0.05450191
v -0.03014150 -0.00497070 -0.05483394
v -0.03342275 -0.00667969 -0.05143550
v -0.01982900 0.00026367 -0.06235347
v -0.02545400 0.00026367 -0.05903316
v -0.02232900 -0.00144531 -0.06086909
v -0.02232900 -0.00144531 -0.06086909
v -0.02545400 0.00026367 -0.05903316
v -0.02670400 -0.00144531 -0.05813472
v -0.02232900 -0.00144531 -0.06086909
v -0.02670400 -0.00144531 -0.05813472
v -0.02639150 -0.00320313 -0.05799800
v -0.02639150 -0.00320313 -0.05799800
v -0.02670400 -0.00144531 -0.05813472
v -0.03061025 -0.00320313 -0.05506831
v -0.02639150 -0.00320313 -0.05799800
v -0.03061025 -0.00320313 -0.05506831
v -0.03014150 -0.00497070 -0.05483394
v -0.03014150 -0.00497070 -0.05483394
v -0.03061025 -0.00320313 -0.05506831
v -0.03420400 -0.00497070 -0.05172847
v -0.03014150 -0.00497070 -0.05483394
v -0.03420400 -0.00497070 -0.05172847
v -0.03342275 -0.00667969 -0.05143550
v -0.03342275 -0.00667969 -0.05143550
v -0.03420400 -0.00497070 -0.05172847
v -0.03732900 -0.00667969 -0.04817378
v -0.02545400 0.00026367 -0.05903316
v -0.03076650 0.00026367 -0.05540034
v -0.02670400 -0.00144531 -0.05813472
v -0.02670400 -0.00144531 -0.05813472
v -0.03076650 0.00026367 -0.05540034
v -0.03092275 -0.00144531 -0.05518550
v -0.02670400 -0.00144531 -0.05813472
v -0.03092275 -0.00144531 -0.05518550
v -0.03061025 -0.00320313 -0.05506831
v -0.03061025 -0.00320313 -0.05506831
v -0.03092275 -0.00144531 -0.05518550
v -0.03467275 -0.00320313 -0.05192378
v -0.03061025 -0.00320313 -0.05506831
v -0.03467275 -0.00320313 -0.05192378
v -0.03420400 -0.00497070 -0.05172847
v -0.03420400 -0.00497070 -0.05172847
v -0.03467275 -0.00320313 -0.05192378
v -0.03811025 -0.00497070 -0.04842769
v -0.03420400 -0.00497070 -0.05172847
v -0.03811025 -0.00497070 -0.04842769
v -0.03732900 -0.00667969 -0.04817378
v -0.03732900 -0.00667969 -0.04817378
v -0.03811025 -0.00497070 -0.04842769
v -0.04107900 -0.00667969 -0.04473628
v -0.03092275 -0.00144531 -0.05518550
v -0.03076650 0.00026367 -0.05540034
v -0.03498525 -0.00144531 -0.05204097
v -0.03498525 -0.00144531 -0.05204097
v -0.03076650 0.00026367 -0.05540034
v -0.03592275 0.00026367 -0.05145503
v -0.03498525 -0.00144531 -0.05204097
v -0.03592275 0.00026367 -0.05145503
v -0.03889150 -0.00144531 -0.04872066
v -0.03889150 -0.00144531 -0.04872066
v -0.03592275 0.00026367 -0.05145503
v -0.04076650 0.00026367 -0.04721675
v -0.03889150 -0.00144531 -0.04872066
v -0.04076650 0.00026367 -0.04721675
v -0.04264150 -0.00144531 -0.04520503
v -0.04264150 -0.00144531 -0.04520503
v -0.04076650 0.00026367 -0.04721675
v -0.04529775 0.00026367 -0.04268550
v -0.04264150 -0.00144531 -0.04520503
v -0.04529775 0.00026367 -0.04268550
v -0.04623525 -0.00144531 -0.04151362
v -0.04623525 -0.00144531 -0.04151362
v -0.04529775 0.00026367 -0.04268550
v -0.04967275 0.00026367 -0.03790034
v -0.04623525 -0.00144531 -0.04151362
v -0.04967275 0.00026367 -0.03790034
v -0.04967275 -0.00144531 -0.03768550
v -0.04967275 -0.00144531 -0.03768550
v -0.04967275 0.00026367 -0.03790034
v -0.05295400 -0.00144531 -0.03370112
v -0.04967275 -0.00144531 -0.03768550
v -0.05295400 -0.00144531 -0.03370112
v -0.05264150 -0.00320313 -0.03366206
v -0.05264150 -0.00320313 -0.03366206
v -0.05295400 -0.00144531 -0.03370112
v -0.05561025 -0.00320313 -0.02958003
v -0.05264150 -0.00320313 -0.03366206
v -0.05561025 -0.00320313 -0.02958003
v -0.05514150 -0.00497070 -0.02952144
v -0.05514150 -0.00497070 -0.02952144
v -0.05561025 -0.00320313 -0.02958003
v -0.05795400 -0.00497070 -0.02536128
v -0.05514150 -0.00497070 -0.02952144
v -0.05795400 -0.00497070 -0.02536128
v -0.05701650 -0.00667969 -0.02532222
v -0.05701650 -0.00667969 -0.02532222
v -0.05795400 -0.00497070 -0.02536128
v -0.05889150 -0.00667969 -0.02245112
v -0.04967275 0.00026367 -0.03790034
v -0.05373525 0.00026367 -0.03288081
v -0.05295400 -0.00144531 -0.03370112
v -0.05295400 -0.00144531 -0.03370112
v -0.05373525 0.00026367 -0.03288081
v -0.05592275 -0.00144531 -0.02959956
v -0.05592275 -0.00144531 -0.02959956
v -0.05561025 -0.00320313 -0.02958003
v -0.05592275 -0.00144531 -0.02959956
v -0.05842275 -0.00320313 -0.02538081
v -0.05561025 -0.00320313 -0.02958003
v -0.05842275 -0.00320313 -0.02538081
v -0.05795400 -0.00497070 -0.02536128
v -0.05795400 -0.00497070 -0.02536128
v -0.05842275 -0.00320313 -0.02538081
v -0.05967275 -0.00497070 -0.02245112
v -0.05795400 -0.00497070 -0.02536128
v -0.05373525 0.00026367 -0.03288081
v -0.05748525 0.00026367 -0.02760737
v -0.05592275 -0.00144531 -0.02959956
v -0.05592275 -0.00144531 -0.02959956
v -0.05748525 0.00026367 -0.02760737
v -0.05873525 -0.00144531 -0.02540034
v -0.05873525 -0.00144531 -0.02540034
v -0.05842275 -0.00320313 -0.02538081
v -0.05873525 -0.00144531 -0.02540034
v -0.06029775 -0.00320313 -0.02245112
v -0.05842275 -0.00320313 -0.02538081
v -0.06029775 -0.00320313 -0.02245112
v -0.05967275 -0.00497070 -0.02245112
v -0.05748525 0.00026367 -0.02760737
v -0.06092275 0.00026367 -0.02213862
v -0.05873525 -0.00144531 -0.02540034
v -0.05873525 -0.00144531 -0.02540034
v -0.06092275 0.00026367 -0.02213862
v -0.06061025 -0.00144531 -0.02245112
v -0.06061025 -0.00144531 -0.02245112
v -0.06389150 -0.00144531 -0.01649409
v -0.06232900 -0.00144531 -0.01948237
v -0.06389150 -0.00144531 -0.01649409
v -0.06357900 -0.00320313 -0.01651362
v -0.06201650 -0.00320313 -0.01950191
v -0.06201650 -0.00320313 -0.01950191
v -0.06201650 -0.00320313 -0.01950191
v -0.06295400 -0.00497070 -0.01653316
v -0.06139150 -0.00497070 -0.01950191
v -0.06139150 -0.00497070 -0.01950191
v -0.06295400 -0.00497070 -0.01653316
v -0.06217275 -0.00667969 -0.01657222
v -0.06061025 -0.00667969 -0.01952144
v -0.06061025 -0.00667969 -0.01952144
v -0.06061025 -0.00667969 -0.01952144
v -0.06107900 -0.00830078 -0.01663081
v -0.05951650 -0.00830078 -0.01954097
v -0.05951650 -0.00830078 -0.01954097
v -0.06107900 -0.00830078 -0.01663081
v -0.05982900 -0.00977539 -0.01670894
v -0.05951650 -0.00830078 -0.01954097
v -0.05982900 -0.00977539 -0.01670894
v -0.05826650 -0.00977539 -0.01958003
v -0.05826650 -0.00977539 -0.01958003
v -0.05826650 -0.00977539 -0.01958003
v -0.05826650 -0.01106445 -0.01678706
v -0.05670400 -0.01106445 -0.01961909
v -0.05670400 -0.01106445 -0.01961909
v -0.05670400 -0.01106445 -0.01961909
v -0.05670400 -0.01211914 -0.01686519
v -0.05514150 -0.01211914 -0.01965816
v -0.05514150 -0.01211914 -0.01965816
v -0.05514150 -0.01211914 -0.01965816
v -0.05498525 -0.01293945 -0.01696284
v -0.05342275 -0.01293945 -0.01969722
v -0.05342275 -0.01293945 -0.01969722
v -0.05342275 -0.01293945 -0.01969722
v -0.05326650 -0.01350586 -0.01706050
v -0.05170400 -0.01350586 -0.01973628
v -0.05170400 -0.01350586 -0.01973628
v -0.05326650 -0.01350586 -0.01706050
v -0.05154775 -0.01383789 -0.01715816
v -0.05170400 -0.01350586 -0.01973628
v -0.05154775 -0.01383789 -0.01715816
v -0.04982900 -0.01383789 -0.01977534
v -0.05154775 -0.01383789 -0.01715816
v -0.04982900 -0.01393555 -0.01723628
v -0.04639150 -0.01383789 -0.01983394
v -0.04811025 -0.01383789 -0.01733394
v -0.04639150 -0.01350586 -0.01743159
v -0.04639150 -0.01383789 -0.01983394
v -0.04639150 -0.01350586 -0.01743159
v -0.04467275 -0.01350586 -0.01989253
v -0.04467275 -0.01350586 -0.01989253
v -0.04639150 -0.01350586 -0.01743159
v -0.04451650 -0.01293945 -0.01752925
v -0.04467275 -0.01350586 -0.01989253
v -0.04451650 -0.01293945 -0.01752925
v -0.04295400 -0.01293945 -0.01993159
v -0.04295400 -0.01293945 -0.01993159
v -0.04123525 -0.01211914 -0.01997066
v -0.04123525 -0.01211914 -0.01997066
v -0.04123525 -0.01211914 -0.01997066
v -0.04123525 -0.01106445 -0.01770503
v -0.03967275 -0.01106445 -0.01999019
v -0.03967275 -0.01106445 -0.01999019
v -0.04123525 -0.01106445 -0.01770503
v -0.03982900 -0.00977539 -0.01778316
v -0.03982900 -0.00977539 -0.01778316
v -0.03811025 -0.00977539 -0.02002925
v -0.03982900 -0.00977539 -0.01778316
v -0.03842275 -0.00830078 -0.01784175
v -0.03811025 -0.00977539 -0.02002925
v -0.03842275 -0.00830078 -0.01784175
v -0.03686025 -0.00830078 -0.02006831
v -0.03686025 -0.00830078 -0.02006831
v -0.03842275 -0.00830078 -0.01784175
v -0.03748525 -0.00667969 -0.01790034
v -0.03686025 -0.00830078 -0.02006831
v -0.03748525 -0.00667969 -0.01790034
v -0.03576650 -0.00667969 -0.02008784
v -0.03576650 -0.00667969 -0.02008784
v -0.03748525 -0.00667969 -0.01790034
v -0.03654775 -0.00497070 -0.01793941
v -0.03576650 -0.00667969 -0.02008784
v -0.03654775 -0.00497070 -0.01793941
v -0.03498525 -0.00497070 -0.02010737
v -0.03498525 -0.00497070 -0.02010737
v -0.03498525 -0.00497070 -0.02010737
v -0.03607900 -0.00320313 -0.01797847
v -0.03436025 -0.00320313 -0.02010737
v -0.03436025 -0.00320313 -0.02010737
v -0.03607900 -0.00320313 -0.01797847
v -0.03576650 -0.00144531 -0.01799800
v -0.03404775 -0.00144531 -0.02012691
v -0.03404775 -0.00144531 -0.02012691
v -0.03576650 -0.00144531 -0.01799800
v -0.03561025 0.00026367 -0.01799800
v -0.03404775 -0.00144531 -0.02012691
v -0.03561025 0.00026367 -0.01799800
v -0.03404775 0.00026367 -0.02012691
v -0.03561025 0.00153320 -0.01799800
v -0.03404775 0.00153320 -0.02012691
v -0.03404775 0.00153320 -0.02012691
v -0.03561025 0.00153320 -0.01799800
v -0.03576650 0.00284180 -0.01799800
v -0.03420400 0.00284180 -0.02012691
v -0.03420400 0.00284180 -0.02012691
v -0.03576650 0.00284180 -0.01799800
v -0.03607900 0.00416992 -0.01797847
v -0.03451650 0.00416992 -0.02010737
v -0.03451650 0.00416992 -0.02010737
v -0.03607900 0.00416992 -0.01797847
v -0.03654775 0.00548828 -0.01793941
v -0.03451650 0.00416992 -0.02010737
v -0.03654775 0.00548828 -0.01793941
v -0.03498525 0.00548828 -0.02010737
v -0.03498525 0.00548828 -0.02010737
v -0.03654775 0.00548828 -0.01793941
v -0.03717275 0.00677734 -0.01791987
v -0.03561025 0.00677734 -0.02008784
v -0.03561025 0.00677734 -0.02008784
v -0.03717275 0.00677734 -0.01791987
v -0.03795400 0.00802734 -0.01788081
v -0.03795400 0.00802734 -0.01788081
v -0.03623525 0.00802734 -0.02006831
v -0.03795400 0.00802734 -0.01788081
v -0.03873525 0.00920899 -0.01782222
v -0.03623525 0.00802734 -0.02006831
v -0.03873525 0.00920899 -0.01782222
v -0.03717275 0.00920899 -0.02004878
v -0.03717275 0.00920899 -0.02004878
v -0.03873525 0.00920899 -0.01782222
v -0.03982900 0.01029297 -0.01778316
v -0.03717275 0.00920899 -0.02004878
v -0.03982900 0.01029297 -0.01778316
v -0.03811025 0.01029297 -0.02002925
v -0.03811025 0.01029297 -0.02002925
v -0.03982900 0.01029297 -0.01778316
v -0.04076650 0.01127930 -0.01772456
v -0.03811025 0.01029297 -0.02002925
v -0.04076650 0.01127930 -0.01772456
v -0.03920400 0.01127930 -0.02000972
v -0.03920400 0.01127930 -0.02000972
v -0.04076650 0.01127930 -0.01772456
v -0.04201650 0.01213867 -0.01766597
v -0.03920400 0.01127930 -0.02000972
v -0.04201650 0.01213867 -0.01766597
v -0.04045400 0.01213867 -0.01997066
v -0.04045400 0.01213867 -0.01997066
v -0.04201650 0.01213867 -0.01766597
v -0.04326650 0.01287109 -0.01758784
v -0.04045400 0.01213867 -0.01997066
v -0.04326650 0.01287109 -0.01758784
v -0.04170400 0.01287109 -0.01995112
v -0.04170400 0.01287109 -0.01995112
v -0.04326650 0.01287109 -0.01758784
v -0.04451650 0.01345703 -0.01752925
v -0.04170400 0.01287109 -0.01995112
v -0.04451650 0.01345703 -0.01752925
v -0.04295400 0.01345703 -0.01993159
v -0.04295400 0.01345703 -0.01993159
v -0.04592275 0.01390625 -0.01745112
v -0.04295400 0.01345703 -0.01993159
v -0.04592275 0.01390625 -0.01745112
v -0.04420400 0.01390625 -0.01989253
v -0.04420400 0.01390625 -0.01989253
v -0.04592275 0.01390625 -0.01745112
v -0.04717275 0.01421875 -0.01737300
v -0.04717275 0.01421875 -0.01737300
v -0.04561025 0.01421875 -0.01985347
v -0.04717275 0.01421875 -0.01737300
v -0.04857900 0.01439453 -0.01731441
v -0.04857900 0.01439453 -0.01731441
v -0.04811025 0.01445312 -0.01981441
v -0.05107900 0.01439453 -0.01717769
v -0.05107900 0.01439453 -0.01717769
v -0.05232900 0.01421875 -0.01709956
v -0.04951650 0.01439453 -0.01977534
v -0.05076650 0.01421875 -0.01975581
v -0.05076650 0.01421875 -0.01975581
v -0.05232900 0.01421875 -0.01709956
v -0.05373525 0.01390625 -0.01704097
v -0.05373525 0.01390625 -0.01704097
v -0.05201650 0.01390625 -0.01971675
v -0.05373525 0.01390625 -0.01704097
v -0.05498525 0.01345703 -0.01696284
v -0.05201650 0.01390625 -0.01971675
v -0.05498525 0.01345703 -0.01696284
v -0.05342275 0.01345703 -0.01969722
v -0.05342275 0.01345703 -0.01969722
v -0.05498525 0.01345703 -0.01696284
v -0.05686025 0.01251953 -0.01686519
v -0.05529775 0.01251953 -0.01963862
v -0.05529775 0.01251953 -0.01963862
v -0.05686025 0.01251953 -0.01686519
v -0.05873525 0.01127930 -0.01676753
v -0.05529775 0.01251953 -0.01963862
v -0.05873525 0.01127930 -0.01676753
v -0.05717275 0.01127930 -0.01959956
v -0.05717275 0.01127930 -0.01959956
v -0.05873525 0.01127930 -0.01676753
v -0.06029775 0.00976563 -0.01666987
v -0.05717275 0.01127930 -0.01959956
v -0.06029775 0.00976563 -0.01666987
v -0.05873525 0.00976563 -0.01956050
v -0.05873525 0.00976563 -0.01956050
v -0.06029775 0.00976563 -0.01666987
v -0.06170400 0.00802734 -0.01661128
v -0.05873525 0.00976563 -0.01956050
v -0.06170400 0.00802734 -0.01661128
v -0.05998525 0.00802734 -0.01954097
v -0.05998525 0.00802734 -0.01954097
v -0.06170400 0.00802734 -0.01661128
v -0.06264150 0.00613281 -0.01655269
v -0.06264150 0.00613281 -0.01655269
v -0.06107900 0.00613281 -0.01952144
v -0.06264150 0.00613281 -0.01655269
v -0.06342275 0.00416992 -0.01651362
v -0.06107900 0.00613281 -0.01952144
v -0.06342275 0.00416992 -0.01651362
v -0.06186025 0.00416992 -0.01950191
v -0.06186025 0.00416992 -0.01950191
v -0.06342275 0.00416992 -0.01651362
v -0.06389150 0.00218750 -0.01649409
v -0.06186025 0.00416992 -0.01950191
v -0.06389150 0.00218750 -0.01649409
v -0.06217275 0.00218750 -0.01948237
v -0.07264151 0.00416992 0.00915044
v -0.07311026 0.00218750 0.00926763
v -0.07186026 0.00416992 0.00577153
v -0.07232901 0.00218750 0.00588872
v -0.07186026 0.00416992 0.00577153
v -0.07232901 0.00218750 0.00588872
v -0.07092276 0.00416992 0.00243169
v -0.07139151 0.00218750 0.00252934
v -0.07201651 0.00613281 0.00893559
v -0.07201651 0.00613281 0.00893559
v -0.07342276 0.00416992 0.01256841
v -0.07264151 0.00416992 0.00915044
v -0.07264151 0.00416992 0.00915044
v -0.07123526 0.00613281 0.00557622
v -0.07123526 0.00613281 0.00557622
v -0.07264151 0.00416992 0.00915044
v -0.07186026 0.00416992 0.00577153
v -0.07123526 0.00613281 0.00557622
v -0.07186026 0.00416992 0.00577153
v -0.07029776 0.00613281 0.00225591
v -0.07092276 0.00416992 0.00243169
v -0.07170401 0.00802734 0.01198247
v -0.07279776 0.00613281 0.01233403
v -0.07107901 0.00802734 0.00862309
v -0.07107901 0.00802734 0.00862309
v -0.07279776 0.00613281 0.01233403
v -0.07201651 0.00613281 0.00893559
v -0.07107901 0.00802734 0.00862309
v -0.07201651 0.00613281 0.00893559
v -0.07014151 0.00802734 0.00530278
v -0.07014151 0.00802734 0.00530278
v -0.07201651 0.00613281 0.00893559
v -0.07123526 0.00613281 0.00557622
v -0.07014151 0.00802734 0.00530278
v -0.07123526 0.00613281 0.00557622
v -0.06920401 0.00802734 0.00202153
v -0.07029776 0.00613281 0.00225591
v -0.07045401 0.00976563 0.01153325
v -0.07170401 0.00802734 0.01198247
v -0.06982901 0.00976563 0.00821294
v -0.07107901 0.00802734 0.00862309
v -0.06982901 0.00976563 0.00821294
v -0.07107901 0.00802734 0.00862309
v -0.06889151 0.00976563 0.00493169
v -0.06889151 0.00976563 0.00493169
v -0.07107901 0.00802734 0.00862309
v -0.07014151 0.00802734 0.00530278
v -0.07014151 0.00802734 0.00530278
v -0.06795401 0.00976563 0.00168950
v -0.06795401 0.00976563 0.00168950
v -0.06920401 0.00802734 0.00202153
v -0.06904776 0.01127930 0.01100591
v -0.07045401 0.00976563 0.01153325
v -0.06826651 0.01127930 0.00774419
v -0.06826651 0.01127930 0.00774419
v -0.07045401 0.00976563 0.01153325
v -0.06982901 0.00976563 0.00821294
v -0.06826651 0.01127930 0.00774419
v -0.06982901 0.00976563 0.00821294
v -0.06732901 0.01127930 0.00450200
v -0.06732901 0.01127930 0.00450200
v -0.06982901 0.00976563 0.00821294
v -0.06889151 0.00976563 0.00493169
v -0.06889151 0.00976563 0.00493169
v -0.06639151 0.01127930 0.00131841
v -0.06639151 0.01127930 0.00131841
v -0.06889151 0.00976563 0.00493169
v -0.06795401 0.00976563 0.00168950
v -0.06732901 0.01251953 0.01041997
v -0.06904776 0.01127930 0.01100591
v -0.06654776 0.01251953 0.00719731
v -0.06826651 0.01127930 0.00774419
v -0.06654776 0.01251953 0.00719731
v -0.06826651 0.01127930 0.00774419
v -0.06561026 0.01251953 0.00403325
v -0.06732901 0.01127930 0.00450200
v -0.06467276 0.01251953 0.00088872
v -0.06467276 0.01251953 0.00088872
v -0.06732901 0.01127930 0.00450200
v -0.06639151 0.01127930 0.00131841
v -0.06061025 0.01445312 0.00805669
v -0.05936025 0.01439453 0.00764653
v -0.06123525 0.01445312 0.01110356
v -0.05936025 0.01439453 0.00764653
v -0.06014150 0.01439453 0.01063481
v -0.06123525 0.01445312 0.01110356
v -0.06014150 0.01439453 0.01063481
v -0.06076650 0.01439453 0.01366216
v -0.06076650 0.01439453 0.01366216
v -0.06014150 0.01439453 0.01063481
v -0.05889150 0.01421875 0.01016606
v -0.05951650 0.01421875 0.01315434
v -0.05951650 0.01421875 0.01315434
v -0.05889150 0.01421875 0.01016606
v -0.05764150 0.01390625 0.00969731
v -0.05951650 0.01421875 0.01315434
v -0.05764150 0.01390625 0.00969731
v -0.05842275 0.01390625 0.01264653
v -0.05842275 0.01390625 0.01264653
v -0.05764150 0.01390625 0.00969731
v -0.05639150 0.01345703 0.00920903
v -0.05717275 0.01345703 0.01211919
v -0.05717275 0.01345703 0.01211919
v -0.05639150 0.01345703 0.00920903
v -0.05529775 0.01287109 0.00875981
v -0.05717275 0.01345703 0.01211919
v -0.05529775 0.01287109 0.00875981
v -0.05592275 0.01287109 0.01161137
v -0.05592275 0.01287109 0.01161137
v -0.05529775 0.01287109 0.00875981
v -0.05404775 0.01213867 0.00831059
v -0.05592275 0.01287109 0.01161137
v -0.05404775 0.01213867 0.00831059
v -0.05482900 0.01213867 0.01114262
v -0.05482900 0.01213867 0.01114262
v -0.05404775 0.01213867 0.00831059
v -0.05295400 0.01127930 0.00788091
v -0.05482900 0.01213867 0.01114262
v -0.05295400 0.01127930 0.00788091
v -0.05373525 0.01127930 0.01067387
v -0.05373525 0.01127930 0.01067387
v -0.05295400 0.01127930 0.00788091
v -0.05201650 0.01029297 0.00749028
v -0.05373525 0.01127930 0.01067387
v -0.05201650 0.01029297 0.00749028
v -0.05279775 0.01029297 0.01024419
v -0.05279775 0.01029297 0.01024419
v -0.05201650 0.01029297 0.00749028
v -0.05107900 0.00920899 0.00713872
v -0.05279775 0.01029297 0.01024419
v -0.05107900 0.00920899 0.00713872
v -0.05186025 0.00920899 0.00987309
v -0.05186025 0.00920899 0.00987309
v -0.05107900 0.00920899 0.00713872
v -0.05029775 0.00802734 0.00682622
v -0.05186025 0.00920899 0.00987309
v -0.05029775 0.00802734 0.00682622
v -0.05107900 0.00802734 0.00952153
v -0.05107900 0.00802734 0.00952153
v -0.05029775 0.00802734 0.00682622
v -0.04951650 0.00677734 0.00655278
v -0.05029775 0.00677734 0.00924809
v -0.05029775 0.00677734 0.00924809
v -0.04951650 0.00677734 0.00655278
v -0.05889150 0.01421875 0.01016606
v -0.06014150 0.01439453 0.01063481
v -0.05811025 0.01421875 0.00721684
v -0.05936025 0.01439453 0.00764653
v -0.05811025 0.01421875 0.00721684
v -0.05936025 0.01439453 0.00764653
v -0.05717275 0.01421875 0.00428716
v -0.05717275 0.01421875 0.00428716
v -0.05936025 0.01439453 0.00764653
v -0.05842275 0.01439453 0.00467778
v -0.05623525 0.01421875 0.00141606
v -0.05748525 0.01439453 0.00176763
v -0.05623525 0.01421875 0.00141606
v -0.05748525 0.01439453 0.00176763
v -0.05514150 0.01421875 -0.00143550
v -0.05514150 0.01421875 -0.00143550
v -0.05748525 0.01439453 0.00176763
v -0.05654775 0.01439453 -0.00112300
v -0.05936025 0.01439453 0.00764653
v -0.06061025 0.01445312 0.00805669
v -0.05842275 0.01439453 0.00467778
v -0.05967275 0.01445312 0.00506841
v -0.05748525 0.01439453 0.00176763
v -0.05873525 0.01445312 0.00209966
v -0.05654775 0.01439453 -0.00112300
v -0.05654775 0.01439453 -0.00112300
v -0.05873525 0.01445312 0.00209966
v -0.05764150 0.01445312 -0.00081050
v -0.05764150 0.01390625 0.00969731
v -0.05889150 0.01421875 0.01016606
v -0.05686025 0.01390625 0.00676763
v -0.05811025 0.01421875 0.00721684
v -0.05686025 0.01390625 0.00676763
v -0.05811025 0.01421875 0.00721684
v -0.05592275 0.01390625 0.00389653
v -0.05717275 0.01421875 0.00428716
v -0.05498525 0.01390625 0.00104497
v -0.05623525 0.01421875 0.00141606
v -0.05498525 0.01390625 0.00104497
v -0.05623525 0.01421875 0.00141606
v -0.05389150 0.01390625 -0.00174800
v -0.05623525 0.01421875 0.00141606
v -0.05514150 0.01421875 -0.00143550
v -0.05561025 0.01345703 0.00633794
v -0.05561025 0.01345703 0.00633794
v -0.05764150 0.01390625 0.00969731
v -0.05686025 0.01390625 0.00676763
v -0.05561025 0.01345703 0.00633794
v -0.05686025 0.01390625 0.00676763
v -0.05467275 0.01345703 0.00350591
v -0.05592275 0.01390625 0.00389653
v -0.05373525 0.01345703 0.00069341
v -0.05498525 0.01390625 0.00104497
v -0.05373525 0.01345703 0.00069341
v -0.05498525 0.01390625 0.00104497
v -0.05264150 0.01345703 -0.00206050
v -0.05498525 0.01390625 0.00104497
v -0.05389150 0.01390625 -0.00174800
v -0.05529775 0.01287109 0.00875981
v -0.05639150 0.01345703 0.00920903
v -0.05436025 0.01287109 0.00590825
v -0.05436025 0.01287109 0.00590825
v -0.05639150 0.01345703 0.00920903
v -0.05561025 0.01345703 0.00633794
v -0.05436025 0.01287109 0.00590825
v -0.05561025 0.01345703 0.00633794
v -0.05342275 0.01287109 0.00311528
v -0.05342275 0.01287109 0.00311528
v -0.05561025 0.01345703 0.00633794
v -0.05467275 0.01345703 0.00350591
v -0.05342275 0.01287109 0.00311528
v -0.05467275 0.01345703 0.00350591
v -0.05248525 0.01287109 0.00034184
v -0.05248525 0.01287109 0.00034184
v -0.05467275 0.01345703 0.00350591
v -0.05373525 0.01345703 0.00069341
v -0.05248525 0.01287109 0.00034184
v -0.05373525 0.01345703 0.00069341
v -0.05139150 0.01287109 -0.00237300
v -0.05139150 0.01287109 -0.00237300
v -0.05373525 0.01345703 0.00069341
v -0.05264150 0.01345703 -0.00206050
v -0.05404775 0.01213867 0.00831059
v -0.05529775 0.01287109 0.00875981
v -0.05326650 0.01213867 0.00549809
v -0.05326650 0.01213867 0.00549809
v -0.05529775 0.01287109 0.00875981
v -0.05436025 0.01287109 0.00590825
v -0.05232900 0.01213867 0.00274419
v -0.05232900 0.01213867 0.00274419
v -0.05436025 0.01287109 0.00590825
v -0.05342275 0.01287109 0.00311528
v -0.05232900 0.01213867 0.00274419
v -0.05342275 0.01287109 0.00311528
v -0.05123525 0.01213867 0.00000981
v -0.05123525 0.01213867 0.00000981
v -0.05342275 0.01287109 0.00311528
v -0.05248525 0.01287109 0.00034184
v -0.05123525 0.01213867 0.00000981
v -0.05248525 0.01287109 0.00034184
v -0.05014150 0.01213867 -0.00266597
v -0.05014150 0.01213867 -0.00266597
v -0.05248525 0.01287109 0.00034184
v -0.05139150 0.01287109 -0.00237300
v -0.05217275 0.01127930 0.00510747
v -0.05326650 0.01213867 0.00549809
v -0.05217275 0.01127930 0.00510747
v -0.05326650 0.01213867 0.00549809
v -0.05123525 0.01127930 0.00237309
v -0.05232900 0.01213867 0.00274419
v -0.05123525 0.01127930 0.00237309
v -0.05232900 0.01213867 0.00274419
v -0.05014150 0.01127930 -0.00030269
v -0.05014150 0.01127930 -0.00030269
v -0.05232900 0.01213867 0.00274419
v -0.05123525 0.01213867 0.00000981
v -0.05014150 0.01127930 -0.00030269
v -0.05123525 0.01213867 0.00000981
v -0.04904775 0.01127930 -0.00293941
v -0.04904775 0.01127930 -0.00293941
v -0.05123525 0.01213867 0.00000981
v -0.05014150 0.01213867 -0.00266597
v -0.05201650 0.01029297 0.00749028
v -0.05295400 0.01127930 0.00788091
v -0.05107900 0.01029297 0.00475591
v -0.05107900 0.01029297 0.00475591
v -0.05295400 0.01127930 0.00788091
v -0.05217275 0.01127930 0.00510747
v -0.05107900 0.01029297 0.00475591
v -0.05217275 0.01127930 0.00510747
v -0.05014150 0.01029297 0.00206059
v -0.05014150 0.01029297 0.00206059
v -0.05217275 0.01127930 0.00510747
v -0.05123525 0.01127930 0.00237309
v -0.05014150 0.01029297 0.00206059
v -0.05123525 0.01127930 0.00237309
v -0.04904775 0.01029297 -0.00059566
v -0.04904775 0.01029297 -0.00059566
v -0.05123525 0.01127930 0.00237309
v -0.05014150 0.01127930 -0.00030269
v -0.04904775 0.01029297 -0.00059566
v -0.05014150 0.01127930 -0.00030269
v -0.04795400 0.01029297 -0.00321284
v -0.04795400 0.01029297 -0.00321284
v -0.05014150 0.01127930 -0.00030269
v -0.04904775 0.01127930 -0.00293941
v -0.05107900 0.00920899 0.00713872
v -0.05201650 0.01029297 0.00749028
v -0.05014150 0.00920899 0.00442388
v -0.05014150 0.00920899 0.00442388
v -0.05201650 0.01029297 0.00749028
v -0.05107900 0.01029297 0.00475591
v -0.05107900 0.01029297 0.00475591
v -0.04920400 0.00920899 0.00176763
v -0.04920400 0.00920899 0.00176763
v -0.05107900 0.01029297 0.00475591
v -0.05014150 0.01029297 0.00206059
v -0.04920400 0.00920899 0.00176763
v -0.05014150 0.01029297 0.00206059
v -0.04811025 0.00920899 -0.00086909
v -0.04811025 0.00920899 -0.00086909
v -0.05014150 0.01029297 0.00206059
v -0.04904775 0.01029297 -0.00059566
v -0.04811025 0.00920899 -0.00086909
v -0.04904775 0.01029297 -0.00059566
v -0.04701650 0.00920899 -0.00344722
v -0.04701650 0.00920899 -0.00344722
v -0.04904775 0.01029297 -0.00059566
v -0.04795400 0.01029297 -0.00321284
v -0.05029775 0.00802734 0.00682622
v -0.05107900 0.00920899 0.00713872
v -0.04936025 0.00802734 0.00415044
v -0.04936025 0.00802734 0.00415044
v -0.05107900 0.00920899 0.00713872
v -0.05014150 0.00920899 0.00442388
v -0.04842275 0.00802734 0.00149419
v -0.04920400 0.00920899 0.00176763
v -0.04842275 0.00802734 0.00149419
v -0.04920400 0.00920899 0.00176763
v -0.04732900 0.00802734 -0.00110347
v -0.04732900 0.00802734 -0.00110347
v -0.04920400 0.00920899 0.00176763
v -0.04811025 0.00920899 -0.00086909
v -0.04732900 0.00802734 -0.00110347
v -0.04811025 0.00920899 -0.00086909
v -0.04623525 0.00802734 -0.00364253
v -0.04623525 0.00802734 -0.00364253
v -0.04811025 0.00920899 -0.00086909
v -0.04701650 0.00920899 -0.00344722
v -0.04951650 0.00677734 0.00655278
v -0.05029775 0.00802734 0.00682622
v -0.04857900 0.00677734 0.00389653
v -0.04857900 0.00677734 0.00389653
v -0.05029775 0.00802734 0.00682622
v -0.04936025 0.00802734 0.00415044
v -0.04936025 0.00802734 0.00415044
v -0.04764150 0.00677734 0.00127934
v -0.04764150 0.00677734 0.00127934
v -0.04842275 0.00802734 0.00149419
v -0.04764150 0.00677734 0.00127934
v -0.04842275 0.00802734 0.00149419
v -0.04654775 0.00677734 -0.00129878
v -0.04654775 0.00677734 -0.00129878
v -0.04654775 0.00677734 -0.00129878
v -0.04732900 0.00802734 -0.00110347
v -0.04545400 0.00677734 -0.00381831
v -0.04623525 0.00802734 -0.00364253
v -0.04904775 0.00548828 0.00633794
v -0.04951650 0.00677734 0.00655278
v -0.04811025 0.00548828 0.00370122
v -0.04857900 0.00677734 0.00389653
v -0.04811025 0.00548828 0.00370122
v -0.04857900 0.00677734 0.00389653
v -0.04717275 0.00548828 0.00110356
v -0.04717275 0.00548828 0.00110356
v -0.04857900 0.00677734 0.00389653
v -0.04764150 0.00677734 0.00127934
v -0.04717275 0.00548828 0.00110356
v -0.04764150 0.00677734 0.00127934
v -0.04607900 0.00548828 -0.00145503
v -0.04764150 0.00677734 0.00127934
v -0.04654775 0.00677734 -0.00129878
v -0.04607900 0.00548828 -0.00145503
v -0.04654775 0.00677734 -0.00129878
v -0.04482900 0.00548828 -0.00395503
v -0.04654775 0.00677734 -0.00129878
v -0.04732900 0.00284180 0.00346684
v -0.04717275 0.00153320 0.00340825
v -0.04826650 0.00284180 0.00606450
v -0.04811025 0.00153320 0.00600591
v -0.04826650 0.00284180 0.00606450
v -0.04811025 0.00153320 0.00600591
v -0.04904775 0.00284180 0.00872075
v -0.04889150 0.00153320 0.00864263
v -0.04904775 0.00284180 0.00872075
v -0.04889150 0.00153320 0.00864263
v -0.04982900 0.00284180 0.01139653
v -0.04967275 0.00153320 0.01131841
v -0.04717275 0.00153320 0.00340825
v -0.04717275 0.00026367 0.00338872
v -0.04811025 0.00153320 0.00600591
v -0.04811025 0.00026367 0.00598638
v -0.04811025 0.00153320 0.00600591
v -0.04811025 0.00026367 0.00598638
v -0.04889150 0.00153320 0.00864263
v -0.04889150 0.00026367 0.00862309
v -0.04967275 0.00153320 0.01131841
v -0.04967275 0.00026367 0.01129887
v -0.04623525 0.00153320 0.00083013
v -0.04639150 0.00284180 0.00088872
v -0.04623525 0.00153320 0.00083013
v -0.04639150 0.00284180 0.00088872
v -0.04514150 0.00153320 -0.00170894
v -0.04529775 0.00284180 -0.00165034
v -0.04514150 0.00153320 -0.00170894
v -0.04529775 0.00284180 -0.00165034
v -0.04404775 0.00153320 -0.00418941
v -0.04404775 0.00153320 -0.00418941
v -0.04529775 0.00284180 -0.00165034
v -0.04420400 0.00284180 -0.00415034
v -0.04717275 0.00026367 0.00338872
v -0.04717275 0.00153320 0.00340825
v -0.04607900 0.00026367 0.00081059
v -0.04607900 0.00026367 0.00081059
v -0.04717275 0.00153320 0.00340825
v -0.04623525 0.00153320 0.00083013
v -0.04607900 0.00026367 0.00081059
v -0.04623525 0.00153320 0.00083013
v -0.04514150 0.00026367 -0.00170894
v -0.04514150 0.00026367 -0.00170894
v -0.04623525 0.00153320 0.00083013
v -0.04514150 0.00153320 -0.00170894
v -0.04514150 0.00026367 -0.00170894
v -0.04514150 0.00153320 -0.00170894
v -0.04389150 0.00026367 -0.00420894
v -0.04389150 0.00026367 -0.00420894
v -0.04514150 0.00153320 -0.00170894
v -0.04404775 0.00153320 -0.00418941
v -0.04811025 -0.00497070 0.00370122
v -0.04889150 -0.00667969 0.00397466
v -0.04904775 -0.00497070 0.00633794
v -0.04982900 -0.00667969 0.00663091
v -0.04904775 -0.00497070 0.00633794
v -0.04982900 -0.00667969 0.00663091
v -0.04982900 -0.00497070 0.00901372
v -0.04982900 -0.00497070 0.00901372
v -0.04982900 -0.00667969 0.00663091
v -0.05061025 -0.00667969 0.00932622
v -0.05061025 -0.00497070 0.01170903
v -0.05061025 -0.00667969 0.00932622
v -0.04889150 -0.00667969 0.00397466
v -0.04982900 -0.00830078 0.00432622
v -0.04982900 -0.00667969 0.00663091
v -0.04982900 -0.00667969 0.00663091
v -0.04982900 -0.00830078 0.00432622
v -0.05076650 -0.00830078 0.00702153
v -0.04982900 -0.00667969 0.00663091
v -0.05076650 -0.00830078 0.00702153
v -0.05061025 -0.00667969 0.00932622
v -0.05061025 -0.00667969 0.00932622
v -0.05076650 -0.00830078 0.00702153
v -0.05154775 -0.00830078 0.00975591
v -0.05061025 -0.00667969 0.00932622
v -0.05154775 -0.00830078 0.00975591
v -0.05123525 -0.00667969 0.01206059
v -0.05123525 -0.00667969 0.01206059
v -0.05154775 -0.00830078 0.00975591
v -0.05232900 -0.00830078 0.01250981
v -0.04889150 -0.00667969 0.00397466
v -0.04811025 -0.00497070 0.00370122
v -0.04795400 -0.00667969 0.00135747
v -0.04717275 -0.00497070 0.00110356
v -0.04795400 -0.00667969 0.00135747
v -0.04717275 -0.00497070 0.00110356
v -0.04686025 -0.00667969 -0.00122066
v -0.04686025 -0.00667969 -0.00122066
v -0.04717275 -0.00497070 0.00110356
v -0.04607900 -0.00497070 -0.00145503
v -0.04576650 -0.00667969 -0.00375972
v -0.04607900 -0.00497070 -0.00145503
v -0.04982900 -0.00830078 0.00432622
v -0.05107900 -0.00977539 0.00475591
v -0.05076650 -0.00830078 0.00702153
v -0.05076650 -0.00830078 0.00702153
v -0.05107900 -0.00977539 0.00475591
v -0.05201650 -0.00977539 0.00749028
v -0.05076650 -0.00830078 0.00702153
v -0.05201650 -0.00977539 0.00749028
v -0.05154775 -0.00830078 0.00975591
v -0.05279775 -0.00977539 0.01024419
v -0.05232900 -0.00830078 0.01250981
v -0.05232900 -0.00830078 0.01250981
v -0.05279775 -0.00977539 0.01024419
v -0.05342275 -0.00977539 0.01303716
v -0.04889150 -0.00830078 0.00166997
v -0.04795400 -0.00667969 0.00135747
v -0.04889150 -0.00830078 0.00166997
v -0.04795400 -0.00667969 0.00135747
v -0.04779775 -0.00830078 -0.00094722
v -0.04779775 -0.00830078 -0.00094722
v -0.04795400 -0.00667969 0.00135747
v -0.04686025 -0.00667969 -0.00122066
v -0.04779775 -0.00830078 -0.00094722
v -0.04686025 -0.00667969 -0.00122066
v -0.04670400 -0.00830078 -0.00350581
v -0.04576650 -0.00667969 -0.00375972
v -0.05014150 -0.00977539 0.00206059
v -0.04889150 -0.00830078 0.00166997
v -0.05014150 -0.00977539 0.00206059
v -0.04889150 -0.00830078 0.00166997
v -0.04904775 -0.00977539 -0.00059566
v -0.04904775 -0.00977539 -0.00059566
v -0.04889150 -0.00830078 0.00166997
v -0.04779775 -0.00830078 -0.00094722
v -0.04795400 -0.00977539 -0.00321284
v -0.04795400 -0.00977539 -0.00321284
v -0.04779775 -0.00830078 -0.00094722
v -0.04670400 -0.00830078 -0.00350581
v -0.05248525 -0.01106445 0.00524419
v -0.05404775 -0.01211914 0.00577153
v -0.05326650 -0.01106445 0.00801763
v -0.05326650 -0.01106445 0.00801763
v -0.05404775 -0.01211914 0.00577153
v -0.05482900 -0.01211914 0.00860356
v -0.05404775 -0.01106445 0.01083012
v -0.05404775 -0.01106445 0.01083012
v -0.05482900 -0.01211914 0.00860356
v -0.05561025 -0.01211914 0.01145512
v -0.05404775 -0.01211914 0.00577153
v -0.05561025 -0.01293945 0.00633794
v -0.05482900 -0.01211914 0.00860356
v -0.05482900 -0.01211914 0.00860356
v -0.05561025 -0.01293945 0.00633794
v -0.05639150 -0.01293945 0.00920903
v -0.05561025 -0.01211914 0.01145512
v -0.05561025 -0.01211914 0.01145512
v -0.05639150 -0.01293945 0.00920903
v -0.05717275 -0.01293945 0.01211919
v -0.05404775 -0.01211914 0.00577153
v -0.05248525 -0.01106445 0.00524419
v -0.05311025 -0.01211914 0.00297856
v -0.05154775 -0.01106445 0.00249028
v -0.05311025 -0.01211914 0.00297856
v -0.05154775 -0.01106445 0.00249028
v -0.05201650 -0.01211914 0.00022466
v -0.05045400 -0.01106445 -0.00020503
v -0.05092275 -0.01211914 -0.00247066
v -0.05045400 -0.01106445 -0.00020503
v -0.05561025 -0.01293945 0.00633794
v -0.05732900 -0.01350586 0.00692388
v -0.05639150 -0.01293945 0.00920903
v -0.05811025 -0.01350586 0.00985356
v -0.05639150 -0.01293945 0.00920903
v -0.05811025 -0.01350586 0.00985356
v -0.05717275 -0.01293945 0.01211919
v -0.05811025 -0.01350586 0.00985356
v -0.05561025 -0.01293945 0.00633794
v -0.05404775 -0.01211914 0.00577153
v -0.05467275 -0.01293945 0.00350591
v -0.05467275 -0.01293945 0.00350591
v -0.05404775 -0.01211914 0.00577153
v -0.05311025 -0.01211914 0.00297856
v -0.05373525 -0.01293945 0.00069341
v -0.05373525 -0.01293945 0.00069341
v -0.05311025 -0.01211914 0.00297856
v -0.05201650 -0.01211914 0.00022466
v -0.05264150 -0.01293945 -0.00206050
v -0.05201650 -0.01211914 0.00022466
v -0.05092275 -0.01211914 -0.00247066
v -0.05732900 -0.01350586 0.00692388
v -0.05889150 -0.01383789 0.00749028
v -0.05811025 -0.01350586 0.00985356
v -0.05967275 -0.01383789 0.01047856
v -0.05811025 -0.01350586 0.00985356
v -0.05967275 -0.01383789 0.01047856
v -0.05873525 -0.01350586 0.01280278
v -0.05732900 -0.01350586 0.00692388
v -0.05561025 -0.01293945 0.00633794
v -0.05639150 -0.01350586 0.00403325
v -0.05639150 -0.01350586 0.00403325
v -0.05561025 -0.01293945 0.00633794
v -0.05467275 -0.01293945 0.00350591
v -0.05545400 -0.01350586 0.00116216
v -0.05373525 -0.01293945 0.00069341
v -0.05545400 -0.01350586 0.00116216
v -0.05373525 -0.01293945 0.00069341
v -0.06061025 -0.01393555 0.00805669
v -0.06061025 -0.01393555 0.00805669
v -0.05967275 -0.01383789 0.01047856
v -0.05889150 -0.01383789 0.00749028
v -0.05967275 -0.01393555 0.00506841
v -0.05967275 -0.01393555 0.00506841
v -0.05889150 -0.01383789 0.00749028
v -0.05811025 -0.01383789 0.00456059
v -0.05873525 -0.01393555 0.00209966
v -0.05717275 -0.01383789 0.00165044
v -0.05873525 -0.01393555 0.00209966
v -0.05717275 -0.01383789 0.00165044
v -0.05811025 -0.01383789 0.00456059
v -0.05811025 -0.01383789 0.00456059
v -0.05732900 -0.01350586 0.00692388
v -0.05639150 -0.01350586 0.00403325
v -0.05717275 -0.01383789 0.00165044
v -0.05545400 -0.01350586 0.00116216
v -0.05717275 -0.01383789 0.00165044
v -0.05545400 -0.01350586 0.00116216
v -0.06217275 -0.01383789 0.00862309
v -0.06217275 -0.01383789 0.00862309
v -0.06123525 -0.01393555 0.01110356
v -0.06061025 -0.01393555 0.00805669
v -0.06217275 -0.01383789 0.00862309
v -0.06061025 -0.01393555 0.00805669
v -0.06139150 -0.01383789 0.00557622
v -0.06139150 -0.01383789 0.00557622
v -0.06061025 -0.01393555 0.00805669
v -0.05967275 -0.01393555 0.00506841
v -0.06045400 -0.01383789 0.00256841
v -0.05873525 -0.01393555 0.00209966
v -0.06451651 -0.01350586 0.01235356
v -0.06295400 -0.01383789 0.01170903
v -0.06389150 -0.01350586 0.00920903
v -0.06389150 -0.01350586 0.00920903
v -0.06295400 -0.01383789 0.01170903
v -0.06217275 -0.01383789 0.00862309
v -0.06389150 -0.01350586 0.00920903
v -0.06217275 -0.01383789 0.00862309
v -0.06295400 -0.01350586 0.00610356
v -0.06295400 -0.01350586 0.00610356
v -0.06217275 -0.01383789 0.00862309
v -0.06139150 -0.01383789 0.00557622
v -0.06295400 -0.01350586 0.00610356
v -0.06139150 -0.01383789 0.00557622
v -0.06201650 -0.01350586 0.00303716
v -0.06045400 -0.01383789 0.00256841
v -0.06107900 -0.01350586 0.00000981
v -0.06045400 -0.01383789 0.00256841
v -0.06623526 -0.01293945 0.01297856
v -0.06451651 -0.01350586 0.01235356
v -0.06545401 -0.01293945 0.00979497
v -0.06545401 -0.01293945 0.00979497
v -0.06451651 -0.01350586 0.01235356
v -0.06389150 -0.01350586 0.00920903
v -0.06545401 -0.01293945 0.00979497
v -0.06389150 -0.01350586 0.00920903
v -0.06467276 -0.01293945 0.00663091
v -0.06467276 -0.01293945 0.00663091
v -0.06389150 -0.01350586 0.00920903
v -0.06295400 -0.01350586 0.00610356
v -0.06467276 -0.01293945 0.00663091
v -0.06295400 -0.01350586 0.00610356
v -0.06373525 -0.01293945 0.00350591
v -0.06201650 -0.01350586 0.00303716
v -0.06279775 -0.01293945 0.00041997
v -0.06279775 -0.01293945 0.00041997
v -0.06201650 -0.01350586 0.00303716
v -0.06107900 -0.01350586 0.00000981
v -0.06779776 -0.01106445 0.00762700
v -0.06639151 -0.01211914 0.00713872
v -0.06701651 -0.01106445 0.00440434
v -0.06701651 -0.01106445 0.00440434
v -0.06639151 -0.01211914 0.00713872
v -0.06545401 -0.01211914 0.00397466
v -0.06607901 -0.01106445 0.00122075
v -0.06607901 -0.01106445 0.00122075
v -0.06545401 -0.01211914 0.00397466
v -0.06451651 -0.01211914 0.00083013
v -0.06998526 -0.00977539 0.01137700
v -0.06857901 -0.01106445 0.01088872
v -0.06920401 -0.00977539 0.00807622
v -0.06920401 -0.00977539 0.00807622
v -0.06857901 -0.01106445 0.01088872
v -0.06779776 -0.01106445 0.00762700
v -0.06842276 -0.00977539 0.00479497
v -0.06701651 -0.01106445 0.00440434
v -0.06842276 -0.00977539 0.00479497
v -0.06701651 -0.01106445 0.00440434
v -0.06748526 -0.00977539 0.00157231
v -0.06748526 -0.00977539 0.00157231
v -0.06701651 -0.01106445 0.00440434
v -0.06607901 -0.01106445 0.00122075
v -0.07123526 -0.00830078 0.01180669
v -0.06998526 -0.00977539 0.01137700
v -0.07045401 -0.00830078 0.00844731
v -0.07045401 -0.00830078 0.00844731
v -0.06998526 -0.00977539 0.01137700
v -0.06920401 -0.00977539 0.00807622
v -0.06967276 -0.00830078 0.00514653
v -0.06842276 -0.00977539 0.00479497
v -0.06967276 -0.00830078 0.00514653
v -0.06842276 -0.00977539 0.00479497
v -0.06873526 -0.00830078 0.00188481
v -0.06748526 -0.00977539 0.00157231
v -0.07217276 -0.00667969 0.01213872
v -0.07123526 -0.00830078 0.01180669
v -0.07154776 -0.00667969 0.00877934
v -0.07154776 -0.00667969 0.00877934
v -0.07123526 -0.00830078 0.01180669
v -0.07045401 -0.00830078 0.00844731
v -0.07154776 -0.00667969 0.00877934
v -0.07045401 -0.00830078 0.00844731
v -0.07061026 -0.00667969 0.00543950
v -0.07061026 -0.00667969 0.00543950
v -0.07045401 -0.00830078 0.00844731
v -0.06967276 -0.00830078 0.00514653
v -0.07061026 -0.00667969 0.00543950
v -0.06967276 -0.00830078 0.00514653
v -0.06967276 -0.00667969 0.00213872
v -0.06967276 -0.00830078 0.00514653
v -0.07295401 -0.00497070 0.01241216
v -0.07217276 -0.00667969 0.01213872
v -0.07232901 -0.00497070 0.00901372
v -0.07154776 -0.00667969 0.00877934
v -0.07232901 -0.00497070 0.00901372
v -0.07154776 -0.00667969 0.00877934
v -0.07139151 -0.00497070 0.00565434
v -0.07139151 -0.00497070 0.00565434
v -0.07154776 -0.00667969 0.00877934
v -0.07061026 -0.00667969 0.00543950
v -0.07139151 -0.00497070 0.00565434
v -0.07061026 -0.00667969 0.00543950
v -0.07061026 -0.00497070 0.00233403
v -0.07061026 -0.00497070 0.00233403
v -0.07061026 -0.00667969 0.00543950
v -0.06967276 -0.00667969 0.00213872
v -0.07311026 -0.00144531 0.00928716
v -0.07357901 -0.00320313 0.01260747
v -0.07295401 -0.00497070 0.01241216
v -0.07279776 -0.00320313 0.00918950
v -0.07279776 -0.00320313 0.00918950
v -0.07295401 -0.00497070 0.01241216
v -0.07232901 -0.00497070 0.00901372
v -0.07279776 -0.00320313 0.00918950
v -0.07232901 -0.00497070 0.00901372
v -0.07201651 -0.00320313 0.00581059
v -0.07201651 -0.00320313 0.00581059
v -0.07232901 -0.00497070 0.00901372
v -0.07139151 -0.00497070 0.00565434
v -0.07107901 -0.00320313 0.00247075
v -0.07107901 -0.00320313 0.00247075
v -0.07139151 -0.00497070 0.00565434
v -0.07061026 -0.00497070 0.00233403
v -0.05061025 0.00548828 0.01170903
v -0.05107900 0.00677734 0.01196294
v -0.04982900 0.00548828 0.00901372
v -0.04982900 0.00548828 0.00901372
v -0.05107900 0.00677734 0.01196294
v -0.05029775 0.00677734 0.00924809
v -0.05107900 0.00677734 0.01196294
v -0.05170400 0.00802734 0.01227544
v -0.05029775 0.00677734 0.00924809
v -0.05029775 0.00677734 0.00924809
v -0.05170400 0.00802734 0.01227544
v -0.05107900 0.00802734 0.00952153
v -0.05342275 0.01029297 0.01303716
v -0.05279775 0.01029297 0.01024419
v -0.05186025 0.00920899 0.00987309
v -0.05170400 0.00802734 0.01227544
v -0.05248525 0.00920899 0.01262700
v -0.05107900 0.00802734 0.00952153
v -0.05186025 0.00920899 0.00987309
v -0.05248525 0.00920899 0.01262700
v -0.05342275 0.01029297 0.01303716
v -0.05186025 0.00920899 0.00987309
v -0.06561026 0.01251953 0.00403325
v -0.06373525 0.01345703 0.00350591
v -0.06654776 0.01251953 0.00719731
v -0.06654776 0.01251953 0.00719731
v -0.06373525 0.01345703 0.00350591
v -0.06467276 0.01345703 0.00663091
v -0.06654776 0.01251953 0.00719731
v -0.06467276 0.01345703 0.00663091
v -0.06467276 0.01251953 0.00088872
v -0.06279775 0.01345703 0.00041997
v -0.07201651 -0.00320313 0.00581059
v -0.07232901 -0.00144531 0.00588872
v -0.07279776 -0.00320313 0.00918950
v -0.07201651 -0.00320313 0.00581059
v -0.07232901 -0.00144531 0.00588872
v -0.06811026 -0.00144531 -0.00721675
v -0.06904776 0.00026367 -0.00465816
v -0.06920401 -0.00144531 -0.00401363
v -0.06889151 0.00416992 -0.00409175
v -0.06920401 0.00218750 -0.00403316
v -0.06764151 0.00416992 -0.00729488
v -0.06795401 0.00218750 -0.00721675
v -0.06811026 0.00613281 -0.00422847
v -0.06889151 0.00416992 -0.00409175
v -0.06686026 0.00613281 -0.00739253
v -0.06889151 0.00416992 -0.00409175
v -0.06764151 0.00416992 -0.00729488
v -0.06592276 0.00802734 -0.00754878
v -0.06592276 0.00802734 -0.00754878
v -0.06811026 0.00613281 -0.00422847
v -0.06686026 0.00613281 -0.00739253
v -0.06576651 0.00976563 -0.00463863
v -0.06701651 0.00802734 -0.00440425
v -0.06451651 0.00976563 -0.00774409
v -0.06451651 0.00976563 -0.00774409
v -0.06701651 0.00802734 -0.00440425
v -0.06592276 0.00802734 -0.00754878
v -0.06420401 0.01127930 -0.00493159
v -0.06576651 0.00976563 -0.00463863
v -0.06295400 0.01127930 -0.00797847
v -0.06295400 0.01127930 -0.00797847
v -0.06576651 0.00976563 -0.00463863
v -0.06451651 0.00976563 -0.00774409
v -0.06248525 0.01251953 -0.00524409
v -0.06420401 0.01127930 -0.00493159
v -0.06123525 0.01251953 -0.00823238
v -0.06123525 0.01251953 -0.00823238
v -0.06420401 0.01127930 -0.00493159
v -0.06295400 0.01127930 -0.00797847
v -0.06061025 0.01345703 -0.00557613
v -0.06248525 0.01251953 -0.00524409
v -0.05920400 0.01345703 -0.00850581
v -0.05920400 0.01345703 -0.00850581
v -0.06248525 0.01251953 -0.00524409
v -0.06123525 0.01251953 -0.00823238
v -0.05920400 0.01390625 -0.00581050
v -0.06061025 0.01345703 -0.00557613
v -0.05795400 0.01390625 -0.00870113
v -0.05795400 0.01390625 -0.00870113
v -0.06061025 0.01345703 -0.00557613
v -0.05920400 0.01345703 -0.00850581
v -0.05670400 0.01421875 -0.00889644
v -0.05795400 0.01390625 -0.00870113
v -0.05670400 0.01439453 -0.00627925
v -0.05795400 0.01421875 -0.00604488
v -0.05529775 0.01439453 -0.00909175
v -0.05795400 0.01421875 -0.00604488
v -0.05545400 0.01445312 -0.00651363
v -0.05670400 0.01439453 -0.00627925
v -0.05404775 0.01445312 -0.00926753
v -0.05529775 0.01439453 -0.00909175
v -0.05420400 0.01439453 -0.00672847
v -0.05545400 0.01445312 -0.00651363
v -0.05279775 0.01439453 -0.00946284
v -0.05404775 0.01445312 -0.00926753
v -0.05279775 0.01421875 -0.00696284
v -0.05420400 0.01439453 -0.00672847
v -0.05154775 0.01421875 -0.00965816
v -0.05420400 0.01439453 -0.00672847
v -0.05029775 0.01390625 -0.00985347
v -0.05154775 0.01421875 -0.00965816
v -0.05029775 0.01345703 -0.00743159
v -0.05154775 0.01390625 -0.00719722
v -0.04889150 0.01345703 -0.01002925
v -0.04889150 0.01345703 -0.01002925
v -0.05154775 0.01390625 -0.00719722
v -0.05029775 0.01390625 -0.00985347
v -0.04904775 0.01287109 -0.00766597
v -0.05029775 0.01345703 -0.00743159
v -0.04764150 0.01287109 -0.01022456
v -0.04764150 0.01287109 -0.01022456
v -0.05029775 0.01345703 -0.00743159
v -0.04889150 0.01345703 -0.01002925
v -0.04779775 0.01213867 -0.00788081
v -0.04904775 0.01287109 -0.00766597
v -0.04639150 0.01213867 -0.01040034
v -0.04639150 0.01213867 -0.01040034
v -0.04904775 0.01287109 -0.00766597
v -0.04654775 0.01127930 -0.00809566
v -0.04779775 0.01213867 -0.00788081
v -0.04529775 0.01127930 -0.01057612
v -0.04529775 0.01127930 -0.01057612
v -0.04779775 0.01213867 -0.00788081
v -0.04639150 0.01213867 -0.01040034
v -0.04545400 0.01029297 -0.00829097
v -0.04654775 0.01127930 -0.00809566
v -0.04420400 0.01029297 -0.01073237
v -0.04420400 0.01029297 -0.01073237
v -0.04654775 0.01127930 -0.00809566
v -0.04529775 0.01127930 -0.01057612
v -0.04451650 0.00920899 -0.00844722
v -0.04545400 0.01029297 -0.00829097
v -0.04326650 0.00920899 -0.01088862
v -0.04420400 0.01029297 -0.01073237
v -0.04373525 0.00802734 -0.00860347
v -0.04451650 0.00920899 -0.00844722
v -0.04232900 0.00802734 -0.01100581
v -0.04232900 0.00802734 -0.01100581
v -0.04451650 0.00920899 -0.00844722
v -0.04326650 0.00920899 -0.01088862
v -0.04295400 0.00677734 -0.00874019
v -0.04373525 0.00802734 -0.00860347
v -0.04170400 0.00677734 -0.01112300
v -0.04170400 0.00677734 -0.01112300
v -0.04373525 0.00802734 -0.00860347
v -0.04232900 0.00802734 -0.01100581
v -0.04232900 0.00548828 -0.00883784
v -0.04295400 0.00677734 -0.00874019
v -0.04107900 0.00548828 -0.01120112
v -0.04107900 0.00548828 -0.01120112
v -0.04295400 0.00677734 -0.00874019
v -0.04170400 0.00677734 -0.01112300
v -0.04201650 0.00416992 -0.00891597
v -0.04232900 0.00548828 -0.00883784
v -0.04061025 0.00416992 -0.01125972
v -0.04061025 0.00416992 -0.01125972
v -0.04232900 0.00548828 -0.00883784
v -0.04107900 0.00548828 -0.01120112
v -0.04170400 0.00284180 -0.00897456
v -0.04201650 0.00416992 -0.00891597
v -0.04029775 0.00284180 -0.01131831
v -0.04061025 0.00416992 -0.01125972
v -0.04154775 0.00153320 -0.00901363
v -0.04170400 0.00284180 -0.00897456
v -0.04014150 0.00153320 -0.01133784
v -0.04014150 0.00153320 -0.01133784
v -0.04170400 0.00284180 -0.00897456
v -0.04029775 0.00284180 -0.01131831
v -0.04139150 0.00026367 -0.00901363
v -0.04154775 0.00153320 -0.00901363
v -0.03998525 0.00026367 -0.01133784
v -0.04014150 0.00153320 -0.01133784
v -0.04154775 -0.00144531 -0.00899409
v -0.04139150 0.00026367 -0.00901363
v -0.04014150 -0.00144531 -0.01133784
v -0.04014150 -0.00144531 -0.01133784
v -0.04139150 0.00026367 -0.00901363
v -0.03998525 0.00026367 -0.01133784
v -0.04186025 -0.00320313 -0.00893550
v -0.04154775 -0.00144531 -0.00899409
v -0.04045400 -0.00320313 -0.01127925
v -0.04014150 -0.00144531 -0.01133784
v -0.04232900 -0.00497070 -0.00883784
v -0.04186025 -0.00320313 -0.00893550
v -0.04107900 -0.00497070 -0.01120112
v -0.04107900 -0.00497070 -0.01120112
v -0.04186025 -0.00320313 -0.00893550
v -0.04045400 -0.00320313 -0.01127925
v -0.04326650 -0.00667969 -0.00870113
v -0.04232900 -0.00497070 -0.00883784
v -0.04186025 -0.00667969 -0.01108394
v -0.04186025 -0.00667969 -0.01108394
v -0.04232900 -0.00497070 -0.00883784
v -0.04107900 -0.00497070 -0.01120112
v -0.04420400 -0.00830078 -0.00850581
v -0.04326650 -0.00667969 -0.00870113
v -0.04295400 -0.00830078 -0.01092769
v -0.04326650 -0.00667969 -0.00870113
v -0.04545400 -0.00977539 -0.00829097
v -0.04420400 -0.00830078 -0.00850581
v -0.04420400 -0.00977539 -0.01073237
v -0.04295400 -0.00830078 -0.01092769
v -0.04701650 -0.01106445 -0.00801753
v -0.04545400 -0.00977539 -0.00829097
v -0.04561025 -0.01106445 -0.01051753
v -0.04561025 -0.01106445 -0.01051753
v -0.04545400 -0.00977539 -0.00829097
v -0.04420400 -0.00977539 -0.01073237
v -0.04857900 -0.01211914 -0.00774409
v -0.04701650 -0.01106445 -0.00801753
v -0.04717275 -0.01211914 -0.01028316
v -0.04701650 -0.01106445 -0.00801753
v -0.05029775 -0.01293945 -0.00743159
v -0.04857900 -0.01211914 -0.00774409
v -0.05201650 -0.01350586 -0.00711909
v -0.05029775 -0.01293945 -0.00743159
v -0.05061025 -0.01350586 -0.00977534
v -0.05061025 -0.01350586 -0.00977534
v -0.05029775 -0.01293945 -0.00743159
v -0.04889150 -0.01293945 -0.01002925
v -0.05248525 -0.01383789 -0.00952144
v -0.05201650 -0.01350586 -0.00711909
v -0.05404775 -0.01393555 -0.00926753
v -0.05373525 -0.01383789 -0.00680659
v -0.05576650 -0.01383789 -0.00903316
v -0.05545400 -0.01393555 -0.00651363
v -0.05748525 -0.01350586 -0.00877925
v -0.05701650 -0.01383789 -0.00620113
v -0.06061025 -0.01293945 -0.00557613
v -0.05873525 -0.01350586 -0.00588863
v -0.05920400 -0.01293945 -0.00850581
v -0.05873525 -0.01350586 -0.00588863
v -0.06217275 -0.01211914 -0.00528316
v -0.06061025 -0.01293945 -0.00557613
v -0.06092275 -0.01211914 -0.00827144
v -0.06092275 -0.01211914 -0.00827144
v -0.06061025 -0.01293945 -0.00557613
v -0.05920400 -0.01293945 -0.00850581
v -0.06264150 -0.01106445 -0.00803706
v -0.06264150 -0.01106445 -0.00803706
v -0.06217275 -0.01211914 -0.00528316
v -0.06092275 -0.01211914 -0.00827144
v -0.06529776 -0.00977539 -0.00473628
v -0.06389150 -0.01106445 -0.00499019
v -0.06404776 -0.00977539 -0.00780269
v -0.06404776 -0.00977539 -0.00780269
v -0.06389150 -0.01106445 -0.00499019
v -0.06264150 -0.01106445 -0.00803706
v -0.06654776 -0.00830078 -0.00450191
v -0.06529776 -0.00977539 -0.00473628
v -0.06529776 -0.00830078 -0.00762691
v -0.06529776 -0.00977539 -0.00473628
v -0.06764151 -0.00667969 -0.00432613
v -0.06654776 -0.00830078 -0.00450191
v -0.06639151 -0.00667969 -0.00747066
v -0.06529776 -0.00830078 -0.00762691
v -0.06842276 -0.00497070 -0.00416988
v -0.06764151 -0.00667969 -0.00432613
v -0.06717276 -0.00497070 -0.00735347
v -0.06717276 -0.00497070 -0.00735347
v -0.06764151 -0.00667969 -0.00432613
v -0.06639151 -0.00667969 -0.00747066
v -0.06779776 -0.00320313 -0.00727534
v -0.06779776 -0.00320313 -0.00727534
v -0.06842276 -0.00497070 -0.00416988
v -0.06717276 -0.00497070 -0.00735347
v -0.06920401 -0.00144531 -0.00401363
v -0.06889151 -0.00320313 -0.00407222
v -0.06811026 -0.00144531 -0.00721675
v -0.06779776 -0.00320313 -0.00727534
v -0.06529776 -0.00144531 -0.01344722
v -0.06623526 0.00416992 -0.01041987
v -0.06670401 0.00218750 -0.01036128
v -0.06420401 0.00613281 -0.01354487
v -0.06420401 0.00613281 -0.01354487
v -0.06623526 0.00416992 -0.01041987
v -0.06482901 0.00416992 -0.01348628
v -0.06451651 0.00802734 -0.01061519
v -0.06561026 0.00613281 -0.01049800
v -0.06311025 0.00802734 -0.01364253
v -0.06561026 0.00613281 -0.01049800
v -0.06420401 0.00613281 -0.01354487
v -0.06326650 0.00976563 -0.01077144
v -0.06451651 0.00802734 -0.01061519
v -0.06186025 0.00976563 -0.01374019
v -0.06186025 0.00976563 -0.01374019
v -0.06451651 0.00802734 -0.01061519
v -0.06311025 0.00802734 -0.01364253
v -0.06170400 0.01127930 -0.01094722
v -0.06326650 0.00976563 -0.01077144
v -0.06014150 0.01127930 -0.01387691
v -0.06014150 0.01127930 -0.01387691
v -0.06326650 0.00976563 -0.01077144
v -0.06186025 0.00976563 -0.01374019
v -0.05982900 0.01251953 -0.01116206
v -0.06170400 0.01127930 -0.01094722
v -0.05842275 0.01251953 -0.01403316
v -0.05842275 0.01251953 -0.01403316
v -0.06170400 0.01127930 -0.01094722
v -0.06014150 0.01127930 -0.01387691
v -0.05795400 0.01345703 -0.01137691
v -0.05982900 0.01251953 -0.01116206
v -0.05654775 0.01345703 -0.01418941
v -0.05654775 0.01345703 -0.01418941
v -0.05982900 0.01251953 -0.01116206
v -0.05842275 0.01251953 -0.01403316
v -0.05654775 0.01390625 -0.01153316
v -0.05795400 0.01345703 -0.01137691
v -0.05514150 0.01390625 -0.01430659
v -0.05795400 0.01345703 -0.01137691
v -0.05389150 0.01421875 -0.01442378
v -0.05389150 0.01421875 -0.01442378
v -0.05654775 0.01390625 -0.01153316
v -0.05514150 0.01390625 -0.01430659
v -0.05404775 0.01439453 -0.01184566
v -0.05529775 0.01421875 -0.01168941
v -0.05264150 0.01439453 -0.01452144
v -0.05264150 0.01439453 -0.01452144
v -0.05529775 0.01421875 -0.01168941
v -0.05389150 0.01421875 -0.01442378
v -0.05279775 0.01445312 -0.01198237
v -0.05404775 0.01439453 -0.01184566
v -0.05123525 0.01445312 -0.01463862
v -0.05404775 0.01439453 -0.01184566
v -0.05154775 0.01439453 -0.01213862
v -0.05279775 0.01445312 -0.01198237
v -0.05014150 0.01421875 -0.01227534
v -0.05154775 0.01439453 -0.01213862
v -0.04873525 0.01421875 -0.01485347
v -0.04873525 0.01421875 -0.01485347
v -0.05154775 0.01439453 -0.01213862
v -0.04998525 0.01439453 -0.01473628
v -0.04748525 0.01390625 -0.01497066
v -0.04748525 0.01390625 -0.01497066
v -0.05014150 0.01421875 -0.01227534
v -0.04873525 0.01421875 -0.01485347
v -0.04889150 0.01390625 -0.01243159
v -0.04607900 0.01345703 -0.01506831
v -0.04607900 0.01345703 -0.01506831
v -0.04889150 0.01390625 -0.01243159
v -0.04748525 0.01390625 -0.01497066
v -0.04748525 0.01345703 -0.01258784
v -0.04482900 0.01287109 -0.01518550
v -0.04482900 0.01287109 -0.01518550
v -0.04748525 0.01345703 -0.01258784
v -0.04607900 0.01345703 -0.01506831
v -0.04498525 0.01213867 -0.01288081
v -0.04623525 0.01287109 -0.01274409
v -0.04357900 0.01213867 -0.01528316
v -0.04357900 0.01213867 -0.01528316
v -0.04623525 0.01287109 -0.01274409
v -0.04482900 0.01287109 -0.01518550
v -0.04389150 0.01127930 -0.01301753
v -0.04498525 0.01213867 -0.01288081
v -0.04232900 0.01127930 -0.01538081
v -0.04232900 0.01127930 -0.01538081
v -0.04498525 0.01213867 -0.01288081
v -0.04357900 0.01213867 -0.01528316
v -0.04279775 0.01029297 -0.01313472
v -0.04389150 0.01127930 -0.01301753
v -0.04123525 0.01029297 -0.01547847
v -0.04123525 0.01029297 -0.01547847
v -0.04389150 0.01127930 -0.01301753
v -0.04232900 0.01127930 -0.01538081
v -0.04186025 0.00920899 -0.01325191
v -0.04279775 0.01029297 -0.01313472
v -0.04029775 0.00920899 -0.01555659
v -0.04029775 0.00920899 -0.01555659
v -0.04279775 0.01029297 -0.01313472
v -0.04123525 0.01029297 -0.01547847
v -0.04092275 0.00802734 -0.01334956
v -0.04186025 0.00920899 -0.01325191
v -0.03951650 0.00802734 -0.01563472
v -0.03951650 0.00802734 -0.01563472
v -0.04186025 0.00920899 -0.01325191
v -0.04029775 0.00920899 -0.01555659
v -0.04014150 0.00677734 -0.01342769
v -0.04092275 0.00802734 -0.01334956
v -0.03873525 0.00677734 -0.01569331
v -0.03951650 0.00802734 -0.01563472
v -0.03967275 0.00548828 -0.01350581
v -0.04014150 0.00677734 -0.01342769
v -0.03811025 0.00548828 -0.01575191
v -0.03811025 0.00548828 -0.01575191
v -0.04014150 0.00677734 -0.01342769
v -0.03873525 0.00677734 -0.01569331
v -0.03920400 0.00416992 -0.01356441
v -0.03967275 0.00548828 -0.01350581
v -0.03764150 0.00416992 -0.01579097
v -0.03967275 0.00548828 -0.01350581
v -0.03811025 0.00548828 -0.01575191
v -0.03889150 0.00284180 -0.01358394
v -0.03920400 0.00416992 -0.01356441
v -0.03732900 0.00284180 -0.01581050
v -0.03764150 0.00416992 -0.01579097
v -0.03873525 0.00153320 -0.01360347
v -0.03889150 0.00284180 -0.01358394
v -0.03717275 0.00153320 -0.01583003
v -0.03732900 0.00284180 -0.01581050
v -0.03857900 0.00026367 -0.01362300
v -0.03873525 0.00153320 -0.01360347
v -0.03717275 0.00026367 -0.01583003
v -0.03717275 0.00026367 -0.01583003
v -0.03873525 0.00153320 -0.01360347
v -0.03717275 0.00153320 -0.01583003
v -0.03873525 -0.00144531 -0.01360347
v -0.03857900 0.00026367 -0.01362300
v -0.03732900 -0.00144531 -0.01583003
v -0.03732900 -0.00144531 -0.01583003
v -0.03857900 0.00026367 -0.01362300
v -0.03717275 0.00026367 -0.01583003
v -0.03904775 -0.00320313 -0.01356441
v -0.03873525 -0.00144531 -0.01360347
v -0.03764150 -0.00320313 -0.01579097
v -0.03732900 -0.00144531 -0.01583003
v -0.03967275 -0.00497070 -0.01350581
v -0.03904775 -0.00320313 -0.01356441
v -0.03811025 -0.00497070 -0.01575191
v -0.03811025 -0.00497070 -0.01575191
v -0.03904775 -0.00320313 -0.01356441
v -0.03764150 -0.00320313 -0.01579097
v -0.04045400 -0.00667969 -0.01340816
v -0.03967275 -0.00497070 -0.01350581
v -0.03889150 -0.00667969 -0.01567378
v -0.03811025 -0.00497070 -0.01575191
v -0.04154775 -0.00830078 -0.01329097
v -0.04045400 -0.00667969 -0.01340816
v -0.03998525 -0.00830078 -0.01559566
v -0.03998525 -0.00830078 -0.01559566
v -0.04045400 -0.00667969 -0.01340816
v -0.03889150 -0.00667969 -0.01567378
v -0.04279775 -0.00977539 -0.01313472
v -0.04154775 -0.00830078 -0.01329097
v -0.04123525 -0.00977539 -0.01547847
v -0.04123525 -0.00977539 -0.01547847
v -0.04154775 -0.00830078 -0.01329097
v -0.03998525 -0.00830078 -0.01559566
v -0.04279775 -0.01106445 -0.01536128
v -0.04279775 -0.00977539 -0.01313472
v -0.04436025 -0.01211914 -0.01522456
v -0.04436025 -0.01211914 -0.01522456
v -0.04420400 -0.01106445 -0.01297847
v -0.04279775 -0.01106445 -0.01536128
v -0.04607900 -0.01293945 -0.01506831
v -0.04436025 -0.01211914 -0.01522456
v -0.04936025 -0.01350586 -0.01239253
v -0.04748525 -0.01293945 -0.01258784
v -0.04779775 -0.01350586 -0.01493159
v -0.04748525 -0.01293945 -0.01258784
v -0.05107900 -0.01383789 -0.01217769
v -0.04936025 -0.01350586 -0.01239253
v -0.04967275 -0.01383789 -0.01477534
v -0.04936025 -0.01350586 -0.01239253
v -0.05279775 -0.01393555 -0.01198237
v -0.05107900 -0.01383789 -0.01217769
v -0.05123525 -0.01393555 -0.01463862
v -0.05107900 -0.01383789 -0.01217769
v -0.05295400 -0.01383789 -0.01448237
v -0.05295400 -0.01383789 -0.01448237
v -0.05279775 -0.01393555 -0.01198237
v -0.05123525 -0.01393555 -0.01463862
v -0.05482900 -0.01350586 -0.01434566
v -0.05295400 -0.01383789 -0.01448237
v -0.05795400 -0.01293945 -0.01137691
v -0.05623525 -0.01350586 -0.01159175
v -0.05654775 -0.01293945 -0.01418941
v -0.05654775 -0.01293945 -0.01418941
v -0.05623525 -0.01350586 -0.01159175
v -0.05482900 -0.01350586 -0.01434566
v -0.05967275 -0.01211914 -0.01118159
v -0.05795400 -0.01293945 -0.01137691
v -0.05826650 -0.01211914 -0.01405269
v -0.05826650 -0.01211914 -0.01405269
v -0.05795400 -0.01293945 -0.01137691
v -0.05654775 -0.01293945 -0.01418941
v -0.06123525 -0.01106445 -0.01100581
v -0.05967275 -0.01211914 -0.01118159
v -0.05982900 -0.01106445 -0.01391597
v -0.05982900 -0.01106445 -0.01391597
v -0.05967275 -0.01211914 -0.01118159
v -0.05826650 -0.01211914 -0.01405269
v -0.06123525 -0.00977539 -0.01379878
v -0.06123525 -0.01106445 -0.01100581
v -0.06404776 -0.00830078 -0.01069331
v -0.06264150 -0.00977539 -0.01083003
v -0.06264150 -0.00830078 -0.01368159
v -0.06123525 -0.00977539 -0.01379878
v -0.06498526 -0.00667969 -0.01055659
v -0.06404776 -0.00830078 -0.01069331
v -0.06357900 -0.00667969 -0.01358394
v -0.06404776 -0.00830078 -0.01069331
v -0.06592276 -0.00497070 -0.01045894
v -0.06498526 -0.00667969 -0.01055659
v -0.06451651 -0.00497070 -0.01352534
v -0.06357900 -0.00667969 -0.01358394
v -0.06639151 -0.00320313 -0.01040034
v -0.06592276 -0.00497070 -0.01045894
v -0.06529776 -0.00144531 -0.01344722
v -0.06639151 -0.00320313 -0.01040034
v -0.06498526 -0.00320313 -0.01346675
v -0.06014150 0.00416992 -0.02245112
v -0.06061025 0.00218750 -0.02245112
v -0.05826650 0.00416992 -0.02538081
v -0.05873525 0.00218750 -0.02540034
v -0.05826650 0.00416992 -0.02538081
v -0.05873525 0.00218750 -0.02540034
v -0.05545400 0.00416992 -0.02956050
v -0.05545400 0.00416992 -0.02956050
v -0.05873525 0.00218750 -0.02540034
v -0.05592275 0.00218750 -0.02959956
v -0.05545400 0.00416992 -0.02956050
v -0.05592275 0.00218750 -0.02959956
v -0.05248525 0.00416992 -0.03364253
v -0.05248525 0.00416992 -0.03364253
v -0.05592275 0.00218750 -0.02959956
v -0.05295400 0.00218750 -0.03370112
v -0.05248525 0.00416992 -0.03364253
v -0.05295400 0.00218750 -0.03370112
v -0.04936025 0.00416992 -0.03760737
v -0.04936025 0.00416992 -0.03760737
v -0.05295400 0.00218750 -0.03370112
v -0.04967275 0.00218750 -0.03766597
v -0.04936025 0.00416992 -0.03760737
v -0.04967275 0.00218750 -0.03766597
v -0.04592275 0.00416992 -0.04141597
v -0.05936025 0.00613281 -0.02245112
v -0.06014150 0.00416992 -0.02245112
v -0.05764150 0.00613281 -0.02534175
v -0.05764150 0.00613281 -0.02534175
v -0.06014150 0.00416992 -0.02245112
v -0.05826650 0.00416992 -0.02538081
v -0.05764150 0.00613281 -0.02534175
v -0.05826650 0.00416992 -0.02538081
v -0.05482900 0.00613281 -0.02950191
v -0.05545400 0.00416992 -0.02956050
v -0.05482900 0.00613281 -0.02950191
v -0.05545400 0.00416992 -0.02956050
v -0.05186025 0.00613281 -0.03354487
v -0.05186025 0.00613281 -0.03354487
v -0.05545400 0.00416992 -0.02956050
v -0.05248525 0.00416992 -0.03364253
v -0.05186025 0.00613281 -0.03354487
v -0.05248525 0.00416992 -0.03364253
v -0.04857900 0.00613281 -0.03747066
v -0.04857900 0.00613281 -0.03747066
v -0.05248525 0.00416992 -0.03364253
v -0.04936025 0.00416992 -0.03760737
v -0.04857900 0.00613281 -0.03747066
v -0.04936025 0.00416992 -0.03760737
v -0.04514150 0.00613281 -0.04125972
v -0.04514150 0.00613281 -0.04125972
v -0.04936025 0.00416992 -0.03760737
v -0.04592275 0.00416992 -0.04141597
v -0.04514150 0.00613281 -0.04125972
v -0.04592275 0.00416992 -0.04141597
v -0.04154775 0.00613281 -0.04487300
v -0.05842275 0.00802734 -0.02243159
v -0.05936025 0.00613281 -0.02245112
v -0.05654775 0.00802734 -0.02530269
v -0.05654775 0.00802734 -0.02530269
v -0.05936025 0.00613281 -0.02245112
v -0.05764150 0.00613281 -0.02534175
v -0.05654775 0.00802734 -0.02530269
v -0.05764150 0.00613281 -0.02534175
v -0.05373525 0.00802734 -0.02940425
v -0.05373525 0.00802734 -0.02940425
v -0.05764150 0.00613281 -0.02534175
v -0.05482900 0.00613281 -0.02950191
v -0.05373525 0.00802734 -0.02940425
v -0.05482900 0.00613281 -0.02950191
v -0.05076650 0.00802734 -0.03340816
v -0.05076650 0.00802734 -0.03340816
v -0.05482900 0.00613281 -0.02950191
v -0.05186025 0.00613281 -0.03354487
v -0.05076650 0.00802734 -0.03340816
v -0.05186025 0.00613281 -0.03354487
v -0.04748525 0.00802734 -0.03727534
v -0.04748525 0.00802734 -0.03727534
v -0.05186025 0.00613281 -0.03354487
v -0.04857900 0.00613281 -0.03747066
v -0.04748525 0.00802734 -0.03727534
v -0.04857900 0.00613281 -0.03747066
v -0.04420400 0.00802734 -0.04102534
v -0.04420400 0.00802734 -0.04102534
v -0.04857900 0.00613281 -0.03747066
v -0.04514150 0.00613281 -0.04125972
v -0.04420400 0.00802734 -0.04102534
v -0.04514150 0.00613281 -0.04125972
v -0.04061025 0.00802734 -0.04459956
v -0.04061025 0.00802734 -0.04459956
v -0.04514150 0.00613281 -0.04125972
v -0.04154775 0.00613281 -0.04487300
v -0.04061025 0.00802734 -0.04459956
v -0.04154775 0.00613281 -0.04487300
v -0.03686025 0.00802734 -0.04801753
v -0.05701650 0.00976563 -0.02243159
v -0.05842275 0.00802734 -0.02243159
v -0.05529775 0.00976563 -0.02524409
v -0.05529775 0.00976563 -0.02524409
v -0.05842275 0.00802734 -0.02243159
v -0.05654775 0.00802734 -0.02530269
v -0.05529775 0.00976563 -0.02524409
v -0.05654775 0.00802734 -0.02530269
v -0.05248525 0.00976563 -0.02930659
v -0.05248525 0.00976563 -0.02930659
v -0.05654775 0.00802734 -0.02530269
v -0.05373525 0.00802734 -0.02940425
v -0.05248525 0.00976563 -0.02930659
v -0.05373525 0.00802734 -0.02940425
v -0.04936025 0.00976563 -0.03323237
v -0.04936025 0.00976563 -0.03323237
v -0.05373525 0.00802734 -0.02940425
v -0.05076650 0.00802734 -0.03340816
v -0.04936025 0.00976563 -0.03323237
v -0.05076650 0.00802734 -0.03340816
v -0.04623525 0.00976563 -0.03704097
v -0.04623525 0.00976563 -0.03704097
v -0.05076650 0.00802734 -0.03340816
v -0.04748525 0.00802734 -0.03727534
v -0.04623525 0.00976563 -0.03704097
v -0.04748525 0.00802734 -0.03727534
v -0.04279775 0.00976563 -0.04071284
v -0.04279775 0.00976563 -0.04071284
v -0.04748525 0.00802734 -0.03727534
v -0.04420400 0.00802734 -0.04102534
v -0.04279775 0.00976563 -0.04071284
v -0.04420400 0.00802734 -0.04102534
v -0.03936025 0.00976563 -0.04424800
v -0.03936025 0.00976563 -0.04424800
v -0.04420400 0.00802734 -0.04102534
v -0.04061025 0.00802734 -0.04459956
v -0.03936025 0.00976563 -0.04424800
v -0.04061025 0.00802734 -0.04459956
v -0.03561025 0.00976563 -0.04758784
v -0.03561025 0.00976563 -0.04758784
v -0.04061025 0.00802734 -0.04459956
v -0.03686025 0.00802734 -0.04801753
v -0.03561025 0.00976563 -0.04758784
v -0.03686025 0.00802734 -0.04801753
v -0.03170400 0.00976563 -0.05077144
v -0.05545400 0.01127930 -0.02241206
v -0.05701650 0.00976563 -0.02243159
v -0.05357900 0.01127930 -0.02518550
v -0.05357900 0.01127930 -0.02518550
v -0.05701650 0.00976563 -0.02243159
v -0.05529775 0.00976563 -0.02524409
v -0.05357900 0.01127930 -0.02518550
v -0.05529775 0.00976563 -0.02524409
v -0.05076650 0.01127930 -0.02916987
v -0.05076650 0.01127930 -0.02916987
v -0.05529775 0.00976563 -0.02524409
v -0.05248525 0.00976563 -0.02930659
v -0.05076650 0.01127930 -0.02916987
v -0.05248525 0.00976563 -0.02930659
v -0.04779775 0.01127930 -0.03301753
v -0.04779775 0.01127930 -0.03301753
v -0.05248525 0.00976563 -0.02930659
v -0.04936025 0.00976563 -0.03323237
v -0.04779775 0.01127930 -0.03301753
v -0.04936025 0.00976563 -0.03323237
v -0.04467275 0.01127930 -0.03676753
v -0.04467275 0.01127930 -0.03676753
v -0.04936025 0.00976563 -0.03323237
v -0.04623525 0.00976563 -0.03704097
v -0.04467275 0.01127930 -0.03676753
v -0.04623525 0.00976563 -0.03704097
v -0.04123525 0.01127930 -0.04036128
v -0.04123525 0.01127930 -0.04036128
v -0.04623525 0.00976563 -0.03704097
v -0.04279775 0.00976563 -0.04071284
v -0.04123525 0.01127930 -0.04036128
v -0.04279775 0.00976563 -0.04071284
v -0.03779775 0.01127930 -0.04379878
v -0.03779775 0.01127930 -0.04379878
v -0.04279775 0.00976563 -0.04071284
v -0.03936025 0.00976563 -0.04424800
v -0.03779775 0.01127930 -0.04379878
v -0.03936025 0.00976563 -0.04424800
v -0.03404775 0.01127930 -0.04709956
v -0.03404775 0.01127930 -0.04709956
v -0.03936025 0.00976563 -0.04424800
v -0.03561025 0.00976563 -0.04758784
v -0.03404775 0.01127930 -0.04709956
v -0.03561025 0.00976563 -0.04758784
v -0.03014150 0.01127930 -0.05020503
v -0.03014150 0.01127930 -0.05020503
v -0.03561025 0.00976563 -0.04758784
v -0.03170400 0.00976563 -0.05077144
v -0.03014150 0.01127930 -0.05020503
v -0.03170400 0.00976563 -0.05077144
v -0.02623525 0.01127930 -0.05311519
v -0.05357900 0.01251953 -0.02239253
v -0.05545400 0.01127930 -0.02241206
v -0.05186025 0.01251953 -0.02510737
v -0.05186025 0.01251953 -0.02510737
v -0.05545400 0.01127930 -0.02241206
v -0.05357900 0.01127930 -0.02518550
v -0.05186025 0.01251953 -0.02510737
v -0.05357900 0.01127930 -0.02518550
v -0.04904775 0.01251953 -0.02901362
v -0.04904775 0.01251953 -0.02901362
v -0.05357900 0.01127930 -0.02518550
v -0.05076650 0.01127930 -0.02916987
v -0.04904775 0.01251953 -0.02901362
v -0.05076650 0.01127930 -0.02916987
v -0.04607900 0.01251953 -0.03278316
v -0.04607900 0.01251953 -0.03278316
v -0.05076650 0.01127930 -0.02916987
v -0.04779775 0.01127930 -0.03301753
v -0.04607900 0.01251953 -0.03278316
v -0.04779775 0.01127930 -0.03301753
v -0.04295400 0.01251953 -0.03643550
v -0.04295400 0.01251953 -0.03643550
v -0.04779775 0.01127930 -0.03301753
v -0.04467275 0.01127930 -0.03676753
v -0.04295400 0.01251953 -0.03643550
v -0.04467275 0.01127930 -0.03676753
v -0.03951650 0.01251953 -0.03995112
v -0.03951650 0.01251953 -0.03995112
v -0.04467275 0.01127930 -0.03676753
v -0.04123525 0.01127930 -0.04036128
v -0.03951650 0.01251953 -0.03995112
v -0.04123525 0.01127930 -0.04036128
v -0.03607900 0.01251953 -0.04333003
v -0.03607900 0.01251953 -0.04333003
v -0.04123525 0.01127930 -0.04036128
v -0.03779775 0.01127930 -0.04379878
v -0.03607900 0.01251953 -0.04333003
v -0.03779775 0.01127930 -0.04379878
v -0.03232900 0.01251953 -0.04653316
v -0.03232900 0.01251953 -0.04653316
v -0.03779775 0.01127930 -0.04379878
v -0.03404775 0.01127930 -0.04709956
v -0.03232900 0.01251953 -0.04653316
v -0.03404775 0.01127930 -0.04709956
v -0.02857900 0.01251953 -0.04956050
v -0.02857900 0.01251953 -0.04956050
v -0.03404775 0.01127930 -0.04709956
v -0.03014150 0.01127930 -0.05020503
v -0.02857900 0.01251953 -0.04956050
v -0.03014150 0.01127930 -0.05020503
v -0.02451650 0.01251953 -0.05239253
v -0.02451650 0.01251953 -0.05239253
v -0.03014150 0.01127930 -0.05020503
v -0.02623525 0.01127930 -0.05311519
v -0.02451650 0.01251953 -0.05239253
v -0.02623525 0.01127930 -0.05311519
v -0.02045400 0.01251953 -0.05504878
v -0.05170400 0.01345703 -0.02239253
v -0.05357900 0.01251953 -0.02239253
v -0.04998525 0.01345703 -0.02502925
v -0.04998525 0.01345703 -0.02502925
v -0.05357900 0.01251953 -0.02239253
v -0.05186025 0.01251953 -0.02510737
v -0.04998525 0.01345703 -0.02502925
v -0.05186025 0.01251953 -0.02510737
v -0.04717275 0.01345703 -0.02883784
v -0.04717275 0.01345703 -0.02883784
v -0.05186025 0.01251953 -0.02510737
v -0.04904775 0.01251953 -0.02901362
v -0.04717275 0.01345703 -0.02883784
v -0.04904775 0.01251953 -0.02901362
v -0.04420400 0.01345703 -0.03252925
v -0.04420400 0.01345703 -0.03252925
v -0.04904775 0.01251953 -0.02901362
v -0.04607900 0.01251953 -0.03278316
v -0.04420400 0.01345703 -0.03252925
v -0.04607900 0.01251953 -0.03278316
v -0.04107900 0.01345703 -0.03610347
v -0.04107900 0.01345703 -0.03610347
v -0.04607900 0.01251953 -0.03278316
v -0.04295400 0.01251953 -0.03643550
v -0.04107900 0.01345703 -0.03610347
v -0.04295400 0.01251953 -0.03643550
v -0.03764150 0.01345703 -0.03952144
v -0.03764150 0.01345703 -0.03952144
v -0.04295400 0.01251953 -0.03643550
v -0.03951650 0.01251953 -0.03995112
v -0.03764150 0.01345703 -0.03952144
v -0.03951650 0.01251953 -0.03995112
v -0.03420400 0.01345703 -0.04280269
v -0.03420400 0.01345703 -0.04280269
v -0.03951650 0.01251953 -0.03995112
v -0.03607900 0.01251953 -0.04333003
v -0.03420400 0.01345703 -0.04280269
v -0.03607900 0.01251953 -0.04333003
v -0.03045400 0.01345703 -0.04592769
v -0.03045400 0.01345703 -0.04592769
v -0.03607900 0.01251953 -0.04333003
v -0.03232900 0.01251953 -0.04653316
v -0.03045400 0.01345703 -0.04592769
v -0.03232900 0.01251953 -0.04653316
v -0.02670400 0.01345703 -0.04885737
v -0.02670400 0.01345703 -0.04885737
v -0.03232900 0.01251953 -0.04653316
v -0.02857900 0.01251953 -0.04956050
v -0.02670400 0.01345703 -0.04885737
v -0.02857900 0.01251953 -0.04956050
v -0.02279775 0.01345703 -0.05161128
v -0.02279775 0.01345703 -0.05161128
v -0.02857900 0.01251953 -0.04956050
v -0.02451650 0.01251953 -0.05239253
v -0.02279775 0.01345703 -0.05161128
v -0.02451650 0.01251953 -0.05239253
v -0.01873525 0.01345703 -0.05418941
v -0.01873525 0.01345703 -0.05418941
v -0.02451650 0.01251953 -0.05239253
v -0.02045400 0.01251953 -0.05504878
v -0.01873525 0.01345703 -0.05418941
v -0.02045400 0.01251953 -0.05504878
v -0.01451650 0.01345703 -0.05655269
v -0.05045400 0.01390625 -0.02237300
v -0.05170400 0.01345703 -0.02239253
v -0.04857900 0.01390625 -0.02499019
v -0.04857900 0.01390625 -0.02499019
v -0.05170400 0.01345703 -0.02239253
v -0.04998525 0.01345703 -0.02502925
v -0.04857900 0.01390625 -0.02499019
v -0.04998525 0.01345703 -0.02502925
v -0.04576650 0.01390625 -0.02872066
v -0.04576650 0.01390625 -0.02872066
v -0.04998525 0.01345703 -0.02502925
v -0.04717275 0.01345703 -0.02883784
v -0.04576650 0.01390625 -0.02872066
v -0.04717275 0.01345703 -0.02883784
v -0.04279775 0.01390625 -0.03235347
v -0.04279775 0.01390625 -0.03235347
v -0.04717275 0.01345703 -0.02883784
v -0.04420400 0.01345703 -0.03252925
v -0.04279775 0.01390625 -0.03235347
v -0.04420400 0.01345703 -0.03252925
v -0.03967275 0.01390625 -0.03586909
v -0.03967275 0.01390625 -0.03586909
v -0.04420400 0.01345703 -0.03252925
v -0.04107900 0.01345703 -0.03610347
v -0.03967275 0.01390625 -0.03586909
v -0.04107900 0.01345703 -0.03610347
v -0.03639150 0.01390625 -0.03922847
v -0.03639150 0.01390625 -0.03922847
v -0.04107900 0.01345703 -0.03610347
v -0.03764150 0.01345703 -0.03952144
v -0.03639150 0.01390625 -0.03922847
v -0.03764150 0.01345703 -0.03952144
v -0.03295400 0.01390625 -0.04245112
v -0.03295400 0.01390625 -0.04245112
v -0.03764150 0.01345703 -0.03952144
v -0.03420400 0.01345703 -0.04280269
v -0.03295400 0.01390625 -0.04245112
v -0.03420400 0.01345703 -0.04280269
v -0.02920400 0.01390625 -0.04549800
v -0.02920400 0.01390625 -0.04549800
v -0.03420400 0.01345703 -0.04280269
v -0.03045400 0.01345703 -0.04592769
v -0.02920400 0.01390625 -0.04549800
v -0.03045400 0.01345703 -0.04592769
v -0.02545400 0.01390625 -0.04838862
v -0.02545400 0.01390625 -0.04838862
v -0.03045400 0.01345703 -0.04592769
v -0.02670400 0.01345703 -0.04885737
v -0.02545400 0.01390625 -0.04838862
v -0.02670400 0.01345703 -0.04885737
v -0.02154775 0.01390625 -0.05108394
v -0.02154775 0.01390625 -0.05108394
v -0.02670400 0.01345703 -0.04885737
v -0.02279775 0.01345703 -0.05161128
v -0.02154775 0.01390625 -0.05108394
v -0.02279775 0.01345703 -0.05161128
v -0.01748525 0.01390625 -0.05360347
v -0.01748525 0.01390625 -0.05360347
v -0.02279775 0.01345703 -0.05161128
v -0.01873525 0.01345703 -0.05418941
v -0.01748525 0.01390625 -0.05360347
v -0.01873525 0.01345703 -0.05418941
v -0.01342275 0.01390625 -0.05590816
v -0.01342275 0.01390625 -0.05590816
v -0.01873525 0.01345703 -0.05418941
v -0.01451650 0.01345703 -0.05655269
v -0.01342275 0.01390625 -0.05590816
v -0.01451650 0.01345703 -0.05655269
v -0.00920400 0.01390625 -0.05801753
v -0.04904775 0.01421875 -0.02235347
v -0.05045400 0.01390625 -0.02237300
v -0.04732900 0.01421875 -0.02493159
v -0.04732900 0.01421875 -0.02493159
v -0.05045400 0.01390625 -0.02237300
v -0.04857900 0.01390625 -0.02499019
v -0.04732900 0.01421875 -0.02493159
v -0.04857900 0.01390625 -0.02499019
v -0.04451650 0.01421875 -0.02860347
v -0.04451650 0.01421875 -0.02860347
v -0.04857900 0.01390625 -0.02499019
v -0.04576650 0.01390625 -0.02872066
v -0.04451650 0.01421875 -0.02860347
v -0.04576650 0.01390625 -0.02872066
v -0.04154775 0.01421875 -0.03217769
v -0.04279775 0.01390625 -0.03235347
v -0.04154775 0.01421875 -0.03217769
v -0.04279775 0.01390625 -0.03235347
v -0.03842275 0.01421875 -0.03561519
v -0.03842275 0.01421875 -0.03561519
v -0.04279775 0.01390625 -0.03235347
v -0.03967275 0.01390625 -0.03586909
v -0.03842275 0.01421875 -0.03561519
v -0.03967275 0.01390625 -0.03586909
v -0.03514150 0.01421875 -0.03893550
v -0.03514150 0.01421875 -0.03893550
v -0.03967275 0.01390625 -0.03586909
v -0.03639150 0.01390625 -0.03922847
v -0.03514150 0.01421875 -0.03893550
v -0.03639150 0.01390625 -0.03922847
v -0.03154775 0.01421875 -0.04208003
v -0.03154775 0.01421875 -0.04208003
v -0.03639150 0.01390625 -0.03922847
v -0.03295400 0.01390625 -0.04245112
v -0.03154775 0.01421875 -0.04208003
v -0.03295400 0.01390625 -0.04245112
v -0.02795400 0.01421875 -0.04508784
v -0.02795400 0.01421875 -0.04508784
v -0.03295400 0.01390625 -0.04245112
v -0.02920400 0.01390625 -0.04549800
v -0.02795400 0.01421875 -0.04508784
v -0.02920400 0.01390625 -0.04549800
v -0.02420400 0.01421875 -0.04790034
v -0.02420400 0.01421875 -0.04790034
v -0.02920400 0.01390625 -0.04549800
v -0.02545400 0.01390625 -0.04838862
v -0.02420400 0.01421875 -0.04790034
v -0.02545400 0.01390625 -0.04838862
v -0.02029775 0.01421875 -0.05055659
v -0.02154775 0.01390625 -0.05108394
v -0.02029775 0.01421875 -0.05055659
v -0.02154775 0.01390625 -0.05108394
v -0.01639150 0.01421875 -0.05299800
v -0.01639150 0.01421875 -0.05299800
v -0.02154775 0.01390625 -0.05108394
v -0.01748525 0.01390625 -0.05360347
v -0.01639150 0.01421875 -0.05299800
v -0.01748525 0.01390625 -0.05360347
v -0.01217275 0.01421875 -0.05526362
v -0.01217275 0.01421875 -0.05526362
v -0.01748525 0.01390625 -0.05360347
v -0.01342275 0.01390625 -0.05590816
v -0.01217275 0.01421875 -0.05526362
v -0.01342275 0.01390625 -0.05590816
v -0.00811025 0.01421875 -0.05731441
v -0.00920400 0.01390625 -0.05801753
v -0.00811025 0.01421875 -0.05731441
v -0.00920400 0.01390625 -0.05801753
v -0.00373525 0.01421875 -0.05916987
v -0.04779775 0.01439453 -0.02235347
v -0.04904775 0.01421875 -0.02235347
v -0.04592275 0.01439453 -0.02487300
v -0.04592275 0.01439453 -0.02487300
v -0.04904775 0.01421875 -0.02235347
v -0.04732900 0.01421875 -0.02493159
v -0.04592275 0.01439453 -0.02487300
v -0.04732900 0.01421875 -0.02493159
v -0.04326650 0.01439453 -0.02850581
v -0.04326650 0.01439453 -0.02850581
v -0.04732900 0.01421875 -0.02493159
v -0.04451650 0.01421875 -0.02860347
v -0.04326650 0.01439453 -0.02850581
v -0.04451650 0.01421875 -0.02860347
v -0.04029775 0.01439453 -0.03200191
v -0.04029775 0.01439453 -0.03200191
v -0.04451650 0.01421875 -0.02860347
v -0.04154775 0.01421875 -0.03217769
v -0.04029775 0.01439453 -0.03200191
v -0.04154775 0.01421875 -0.03217769
v -0.03717275 0.01439453 -0.03540034
v -0.03842275 0.01421875 -0.03561519
v -0.03717275 0.01439453 -0.03540034
v -0.03842275 0.01421875 -0.03561519
v -0.03389150 0.01439453 -0.03864253
v -0.03389150 0.01439453 -0.03864253
v -0.03842275 0.01421875 -0.03561519
v -0.03514150 0.01421875 -0.03893550
v -0.03389150 0.01439453 -0.03864253
v -0.03514150 0.01421875 -0.03893550
v -0.03029775 0.01439453 -0.04172847
v -0.03029775 0.01439453 -0.04172847
v -0.03514150 0.01421875 -0.03893550
v -0.03154775 0.01421875 -0.04208003
v -0.03029775 0.01439453 -0.04172847
v -0.03154775 0.01421875 -0.04208003
v -0.02670400 0.01439453 -0.04467769
v -0.02670400 0.01439453 -0.04467769
v -0.03154775 0.01421875 -0.04208003
v -0.02795400 0.01421875 -0.04508784
v -0.02795400 0.01421875 -0.04508784
v -0.02295400 0.01439453 -0.04743159
v -0.02295400 0.01439453 -0.04743159
v -0.02795400 0.01421875 -0.04508784
v -0.02420400 0.01421875 -0.04790034
v -0.02295400 0.01439453 -0.04743159
v -0.02420400 0.01421875 -0.04790034
v -0.01920400 0.01439453 -0.05002925
v -0.01920400 0.01439453 -0.05002925
v -0.02420400 0.01421875 -0.04790034
v -0.02029775 0.01421875 -0.05055659
v -0.01920400 0.01439453 -0.05002925
v -0.02029775 0.01421875 -0.05055659
v -0.01514150 0.01439453 -0.05243159
v -0.01514150 0.01439453 -0.05243159
v -0.02029775 0.01421875 -0.05055659
v -0.01639150 0.01421875 -0.05299800
v -0.01514150 0.01439453 -0.05243159
v -0.01639150 0.01421875 -0.05299800
v -0.01107900 0.01439453 -0.05461909
v -0.01217275 0.01421875 -0.05526362
v -0.01107900 0.01439453 -0.05461909
v -0.01217275 0.01421875 -0.05526362
v -0.00701650 0.01439453 -0.05663081
v -0.00701650 0.01439453 -0.05663081
v -0.01217275 0.01421875 -0.05526362
v -0.00811025 0.01421875 -0.05731441
v -0.00701650 0.01439453 -0.05663081
v -0.00811025 0.01421875 -0.05731441
v -0.00264150 0.01439453 -0.05842769
v -0.00264150 0.01439453 -0.05842769
v -0.00811025 0.01421875 -0.05731441
v -0.00373525 0.01421875 -0.05916987
v 0.00157725 0.01439453 -0.06000972
v -0.04467275 0.01445312 -0.02483394
v -0.04592275 0.01439453 -0.02487300
v -0.04467275 0.01445312 -0.02483394
v -0.04592275 0.01439453 -0.02487300
v -0.04186025 0.01445312 -0.02838862
v -0.04186025 0.01445312 -0.02838862
v -0.04592275 0.01439453 -0.02487300
v -0.04326650 0.01439453 -0.02850581
v -0.03904775 0.01445312 -0.03184566
v -0.03904775 0.01445312 -0.03184566
v -0.04326650 0.01439453 -0.02850581
v -0.04029775 0.01439453 -0.03200191
v -0.03592275 0.01445312 -0.03516597
v -0.03717275 0.01439453 -0.03540034
v -0.03264150 0.01445312 -0.03834956
v -0.03389150 0.01439453 -0.03864253
v -0.02920400 0.01445312 -0.04139644
v -0.02920400 0.01445312 -0.04139644
v -0.03389150 0.01439453 -0.03864253
v -0.03029775 0.01439453 -0.04172847
v -0.02561025 0.01445312 -0.04426753
v -0.02561025 0.01445312 -0.04426753
v -0.03029775 0.01439453 -0.04172847
v -0.02670400 0.01439453 -0.04467769
v -0.02670400 0.01439453 -0.04467769
v -0.02186025 0.01445312 -0.04698237
v -0.02186025 0.01445312 -0.04698237
v -0.02670400 0.01439453 -0.04467769
v -0.02295400 0.01439453 -0.04743159
v -0.01795400 0.01445312 -0.04950191
v -0.01795400 0.01445312 -0.04950191
v -0.02295400 0.01439453 -0.04743159
v -0.01920400 0.01439453 -0.05002925
v -0.01920400 0.01439453 -0.05002925
v -0.01404775 0.01445312 -0.05184566
v -0.01514150 0.01439453 -0.05243159
v -0.00998525 0.01445312 -0.05399409
v -0.01107900 0.01439453 -0.05461909
v -0.00998525 0.01445312 -0.05399409
v -0.01107900 0.01439453 -0.05461909
v -0.00592275 0.01445312 -0.05594722
v -0.00701650 0.01439453 -0.05663081
v -0.00170400 0.01445312 -0.05770503
v -0.00264150 0.01439453 -0.05842769
v 0.00251475 0.01445312 -0.05924800
v 0.00251475 0.01445312 -0.05924800
v 0.00157725 0.01439453 -0.06000972
v 0.00688975 0.01445312 -0.06057612
v -0.04342275 0.01439453 -0.02477534
v -0.04342275 0.01439453 -0.02477534
v -0.04654775 0.01445312 -0.02233394
v -0.04467275 0.01445312 -0.02483394
v -0.04342275 0.01439453 -0.02477534
v -0.04467275 0.01445312 -0.02483394
v -0.04061025 0.01439453 -0.02827144
v -0.04061025 0.01439453 -0.02827144
v -0.04467275 0.01445312 -0.02483394
v -0.04186025 0.01445312 -0.02838862
v -0.04061025 0.01439453 -0.02827144
v -0.04186025 0.01445312 -0.02838862
v -0.03764150 0.01439453 -0.03166987
v -0.03764150 0.01439453 -0.03166987
v -0.03904775 0.01445312 -0.03184566
v -0.03467275 0.01439453 -0.03493159
v -0.03467275 0.01439453 -0.03493159
v -0.03904775 0.01445312 -0.03184566
v -0.03592275 0.01445312 -0.03516597
v -0.03139150 0.01439453 -0.03805659
v -0.03264150 0.01445312 -0.03834956
v -0.02795400 0.01439453 -0.04104487
v -0.02920400 0.01445312 -0.04139644
v -0.02795400 0.01439453 -0.04104487
v -0.02920400 0.01445312 -0.04139644
v -0.02436025 0.01439453 -0.04387691
v -0.02561025 0.01445312 -0.04426753
v -0.02436025 0.01439453 -0.04387691
v -0.02561025 0.01445312 -0.04426753
v -0.02061025 0.01439453 -0.04651362
v -0.02061025 0.01439453 -0.04651362
v -0.02186025 0.01445312 -0.04698237
v -0.02186025 0.01445312 -0.04698237
v -0.01686025 0.01439453 -0.04899409
v -0.01795400 0.01445312 -0.04950191
v -0.01295400 0.01439453 -0.05127925
v -0.01404775 0.01445312 -0.05184566
v -0.00889150 0.01439453 -0.05338862
v -0.00998525 0.01445312 -0.05399409
v -0.00889150 0.01439453 -0.05338862
v -0.00998525 0.01445312 -0.05399409
v -0.00482900 0.01439453 -0.05528316
v -0.00592275 0.01445312 -0.05594722
v -0.00061025 0.01439453 -0.05698237
v -0.00170400 0.01445312 -0.05770503
v 0.00360850 0.01439453 -0.05846675
v 0.00251475 0.01445312 -0.05924800
v 0.00782725 0.01439453 -0.05975581
v 0.00688975 0.01445312 -0.06057612
v 0.00782725 0.01439453 -0.05975581
v 0.00688975 0.01445312 -0.06057612
v -0.04514150 0.01439453 -0.02233394
v -0.04217275 0.01421875 -0.02471675
v -0.04217275 0.01421875 -0.02471675
v -0.04514150 0.01439453 -0.02233394
v -0.04342275 0.01439453 -0.02477534
v -0.04217275 0.01421875 -0.02471675
v -0.04342275 0.01439453 -0.02477534
v -0.03936025 0.01421875 -0.02817378
v -0.03936025 0.01421875 -0.02817378
v -0.04342275 0.01439453 -0.02477534
v -0.04061025 0.01439453 -0.02827144
v -0.03936025 0.01421875 -0.02817378
v -0.04061025 0.01439453 -0.02827144
v -0.03639150 0.01421875 -0.03149409
v -0.03639150 0.01421875 -0.03149409
v -0.04061025 0.01439453 -0.02827144
v -0.03764150 0.01439453 -0.03166987
v -0.03639150 0.01421875 -0.03149409
v -0.03764150 0.01439453 -0.03166987
v -0.03326650 0.01421875 -0.03469722
v -0.03326650 0.01421875 -0.03469722
v -0.03764150 0.01439453 -0.03166987
v -0.03467275 0.01439453 -0.03493159
v -0.03326650 0.01421875 -0.03469722
v -0.03467275 0.01439453 -0.03493159
v -0.02998525 0.01421875 -0.03776362
v -0.03139150 0.01439453 -0.03805659
v -0.02670400 0.01421875 -0.04069331
v -0.02670400 0.01421875 -0.04069331
v -0.03139150 0.01439453 -0.03805659
v -0.02795400 0.01439453 -0.04104487
v -0.02670400 0.01421875 -0.04069331
v -0.02795400 0.01439453 -0.04104487
v -0.02311025 0.01421875 -0.04346675
v -0.02311025 0.01421875 -0.04346675
v -0.02436025 0.01439453 -0.04387691
v -0.02311025 0.01421875 -0.04346675
v -0.02436025 0.01439453 -0.04387691
v -0.01936025 0.01421875 -0.04604487
v -0.01936025 0.01421875 -0.04604487
v -0.02436025 0.01439453 -0.04387691
v -0.02061025 0.01439453 -0.04651362
v -0.02061025 0.01439453 -0.04651362
v -0.01561025 0.01421875 -0.04846675
v -0.01561025 0.01421875 -0.04846675
v -0.02061025 0.01439453 -0.04651362
v -0.01686025 0.01439453 -0.04899409
v -0.01561025 0.01421875 -0.04846675
v -0.01686025 0.01439453 -0.04899409
v -0.01170400 0.01421875 -0.05069331
v -0.01170400 0.01421875 -0.05069331
v -0.01295400 0.01439453 -0.05127925
v -0.01170400 0.01421875 -0.05069331
v -0.01295400 0.01439453 -0.05127925
v -0.00779775 0.01421875 -0.05274409
v -0.00889150 0.01439453 -0.05338862
v -0.00779775 0.01421875 -0.05274409
v -0.00889150 0.01439453 -0.05338862
v -0.00373525 0.01421875 -0.05459956
v -0.00482900 0.01439453 -0.05528316
v -0.00373525 0.01421875 -0.05459956
v -0.00482900 0.01439453 -0.05528316
v 0.00048350 0.01421875 -0.05624019
v 0.00048350 0.01421875 -0.05624019
v -0.00482900 0.01439453 -0.05528316
v -0.00061025 0.01439453 -0.05698237
v 0.00048350 0.01421875 -0.05624019
v -0.00061025 0.01439453 -0.05698237
v 0.00470225 0.01421875 -0.05768550
v 0.00470225 0.01421875 -0.05768550
v -0.00061025 0.01439453 -0.05698237
v 0.00360850 0.01439453 -0.05846675
v 0.00360850 0.01439453 -0.05846675
v 0.00892100 0.01421875 -0.05891597
v 0.00892100 0.01421875 -0.05891597
v 0.00782725 0.01439453 -0.05975581
v 0.00892100 0.01421875 -0.05891597
v 0.00782725 0.01439453 -0.05975581
v 0.01313975 0.01421875 -0.05995112
v 0.00782725 0.01439453 -0.05975581
v 0.01204600 0.01439453 -0.06084956
v -0.04264150 0.01390625 -0.02229487
v -0.04389150 0.01421875 -0.02231441
v -0.04076650 0.01390625 -0.02467769
v -0.04076650 0.01390625 -0.02467769
v -0.04389150 0.01421875 -0.02231441
v -0.04217275 0.01421875 -0.02471675
v -0.04076650 0.01390625 -0.02467769
v -0.04217275 0.01421875 -0.02471675
v -0.03811025 0.01390625 -0.02805659
v -0.03811025 0.01390625 -0.02805659
v -0.04217275 0.01421875 -0.02471675
v -0.03936025 0.01421875 -0.02817378
v -0.03811025 0.01390625 -0.02805659
v -0.03936025 0.01421875 -0.02817378
v -0.03514150 0.01390625 -0.03131831
v -0.03514150 0.01390625 -0.03131831
v -0.03936025 0.01421875 -0.02817378
v -0.03639150 0.01421875 -0.03149409
v -0.03514150 0.01390625 -0.03131831
v -0.03639150 0.01421875 -0.03149409
v -0.03201650 0.01390625 -0.03446284
v -0.03201650 0.01390625 -0.03446284
v -0.03639150 0.01421875 -0.03149409
v -0.03326650 0.01421875 -0.03469722
v -0.03201650 0.01390625 -0.03446284
v -0.03326650 0.01421875 -0.03469722
v -0.02873525 0.01390625 -0.03747066
v -0.02873525 0.01390625 -0.03747066
v -0.03326650 0.01421875 -0.03469722
v -0.02998525 0.01421875 -0.03776362
v -0.02873525 0.01390625 -0.03747066
v -0.02998525 0.01421875 -0.03776362
v -0.02545400 0.01390625 -0.04034175
v -0.02545400 0.01390625 -0.04034175
v -0.02998525 0.01421875 -0.03776362
v -0.02670400 0.01421875 -0.04069331
v -0.02545400 0.01390625 -0.04034175
v -0.02670400 0.01421875 -0.04069331
v -0.02186025 0.01390625 -0.04303706
v -0.02186025 0.01390625 -0.04303706
v -0.02670400 0.01421875 -0.04069331
v -0.02311025 0.01421875 -0.04346675
v -0.02186025 0.01390625 -0.04303706
v -0.02311025 0.01421875 -0.04346675
v -0.01811025 0.01390625 -0.04557612
v -0.01936025 0.01421875 -0.04604487
v -0.01811025 0.01390625 -0.04557612
v -0.01936025 0.01421875 -0.04604487
v -0.01436025 0.01390625 -0.04793941
v -0.01436025 0.01390625 -0.04793941
v -0.01936025 0.01421875 -0.04604487
v -0.01561025 0.01421875 -0.04846675
v -0.01436025 0.01390625 -0.04793941
v -0.01561025 0.01421875 -0.04846675
v -0.01061025 0.01390625 -0.05010737
v -0.01061025 0.01390625 -0.05010737
v -0.01561025 0.01421875 -0.04846675
v -0.01170400 0.01421875 -0.05069331
v -0.01061025 0.01390625 -0.05010737
v -0.01170400 0.01421875 -0.05069331
v -0.00654775 0.01390625 -0.05209956
v -0.00654775 0.01390625 -0.05209956
v -0.01170400 0.01421875 -0.05069331
v -0.00779775 0.01421875 -0.05274409
v -0.00654775 0.01390625 -0.05209956
v -0.00779775 0.01421875 -0.05274409
v -0.00248525 0.01390625 -0.05389644
v -0.00248525 0.01390625 -0.05389644
v -0.00779775 0.01421875 -0.05274409
v -0.00373525 0.01421875 -0.05459956
v -0.00248525 0.01390625 -0.05389644
v -0.00373525 0.01421875 -0.05459956
v 0.00157725 0.01390625 -0.05547847
v 0.00048350 0.01421875 -0.05624019
v 0.00157725 0.01390625 -0.05547847
v 0.00048350 0.01421875 -0.05624019
v 0.00563975 0.01390625 -0.05688472
v 0.00563975 0.01390625 -0.05688472
v 0.00048350 0.01421875 -0.05624019
v 0.00470225 0.01421875 -0.05768550
v 0.00563975 0.01390625 -0.05688472
v 0.00470225 0.01421875 -0.05768550
v 0.00985850 0.01390625 -0.05807612
v 0.00985850 0.01390625 -0.05807612
v 0.00470225 0.01421875 -0.05768550
v 0.00892100 0.01421875 -0.05891597
v 0.00985850 0.01390625 -0.05807612
v 0.00892100 0.01421875 -0.05891597
v 0.01407725 0.01390625 -0.05907222
v 0.01407725 0.01390625 -0.05907222
v 0.00892100 0.01421875 -0.05891597
v 0.01313975 0.01421875 -0.05995112
v -0.03811025 0.01287109 -0.02456050
v -0.03998525 0.01287109 -0.02227534
v -0.04123525 0.01345703 -0.02229487
v -0.04123525 0.01345703 -0.02229487
v -0.04264150 0.01390625 -0.02229487
v -0.03951650 0.01345703 -0.02461909
v -0.03951650 0.01345703 -0.02461909
v -0.04264150 0.01390625 -0.02229487
v -0.04076650 0.01390625 -0.02467769
v -0.03951650 0.01345703 -0.02461909
v -0.04076650 0.01390625 -0.02467769
v -0.03670400 0.01345703 -0.02793941
v -0.03670400 0.01345703 -0.02793941
v -0.04076650 0.01390625 -0.02467769
v -0.03811025 0.01390625 -0.02805659
v -0.03670400 0.01345703 -0.02793941
v -0.03811025 0.01390625 -0.02805659
v -0.03373525 0.01345703 -0.03114253
v -0.03373525 0.01345703 -0.03114253
v -0.03811025 0.01390625 -0.02805659
v -0.03514150 0.01390625 -0.03131831
v -0.03373525 0.01345703 -0.03114253
v -0.03514150 0.01390625 -0.03131831
v -0.03076650 0.01345703 -0.03422847
v -0.03076650 0.01345703 -0.03422847
v -0.03514150 0.01390625 -0.03131831
v -0.03201650 0.01390625 -0.03446284
v -0.03076650 0.01345703 -0.03422847
v -0.03201650 0.01390625 -0.03446284
v -0.02748525 0.01345703 -0.03717769
v -0.02748525 0.01345703 -0.03717769
v -0.03201650 0.01390625 -0.03446284
v -0.02873525 0.01390625 -0.03747066
v -0.02748525 0.01345703 -0.03717769
v -0.02873525 0.01390625 -0.03747066
v -0.02404775 0.01345703 -0.03997066
v -0.02404775 0.01345703 -0.03997066
v -0.02873525 0.01390625 -0.03747066
v -0.02545400 0.01390625 -0.04034175
v -0.02404775 0.01345703 -0.03997066
v -0.02545400 0.01390625 -0.04034175
v -0.02061025 0.01345703 -0.04262691
v -0.02061025 0.01345703 -0.04262691
v -0.02545400 0.01390625 -0.04034175
v -0.02186025 0.01390625 -0.04303706
v -0.02061025 0.01345703 -0.04262691
v -0.02186025 0.01390625 -0.04303706
v -0.01701650 0.01345703 -0.04510737
v -0.01701650 0.01345703 -0.04510737
v -0.02186025 0.01390625 -0.04303706
v -0.01811025 0.01390625 -0.04557612
v -0.01701650 0.01345703 -0.04510737
v -0.01811025 0.01390625 -0.04557612
v -0.01326650 0.01345703 -0.04741206
v -0.01326650 0.01345703 -0.04741206
v -0.01811025 0.01390625 -0.04557612
v -0.01436025 0.01390625 -0.04793941
v -0.01326650 0.01345703 -0.04741206
v -0.01436025 0.01390625 -0.04793941
v -0.00936025 0.01345703 -0.04952144
v -0.00936025 0.01345703 -0.04952144
v -0.01436025 0.01390625 -0.04793941
v -0.01061025 0.01390625 -0.05010737
v -0.00936025 0.01345703 -0.04952144
v -0.01061025 0.01390625 -0.05010737
v -0.00545400 0.01345703 -0.05145503
v -0.00545400 0.01345703 -0.05145503
v -0.01061025 0.01390625 -0.05010737
v -0.00654775 0.01390625 -0.05209956
v -0.00545400 0.01345703 -0.05145503
v -0.00654775 0.01390625 -0.05209956
v -0.00139150 0.01345703 -0.05319331
v -0.00139150 0.01345703 -0.05319331
v -0.00654775 0.01390625 -0.05209956
v -0.00248525 0.01390625 -0.05389644
v -0.00139150 0.01345703 -0.05319331
v -0.00248525 0.01390625 -0.05389644
v 0.00267100 0.01345703 -0.05473628
v 0.00267100 0.01345703 -0.05473628
v -0.00248525 0.01390625 -0.05389644
v 0.00157725 0.01390625 -0.05547847
v 0.00267100 0.01345703 -0.05473628
v 0.00157725 0.01390625 -0.05547847
v 0.00673350 0.01345703 -0.05608394
v 0.00673350 0.01345703 -0.05608394
v 0.00157725 0.01390625 -0.05547847
v 0.00563975 0.01390625 -0.05688472
v 0.00673350 0.01345703 -0.05608394
v 0.00563975 0.01390625 -0.05688472
v 0.01095225 0.01345703 -0.05723628
v 0.01095225 0.01345703 -0.05723628
v 0.00563975 0.01390625 -0.05688472
v 0.00985850 0.01390625 -0.05807612
v 0.01095225 0.01345703 -0.05723628
v 0.00985850 0.01390625 -0.05807612
v 0.01501475 0.01345703 -0.05817378
v 0.01501475 0.01345703 -0.05817378
v 0.00985850 0.01390625 -0.05807612
v 0.01407725 0.01390625 -0.05907222
v -0.03545400 0.00920899 -0.02223628
v -0.03639150 0.01029297 -0.02225581
v -0.03373525 0.00920899 -0.02438472
v -0.03467275 0.01029297 -0.02442378
v -0.03373525 0.00920899 -0.02438472
v -0.03467275 0.01029297 -0.02442378
v -0.03092275 0.00920899 -0.02743159
v -0.03092275 0.00920899 -0.02743159
v -0.03467275 0.01029297 -0.02442378
v -0.03186025 0.01029297 -0.02752925
v -0.03092275 0.00920899 -0.02743159
v -0.03186025 0.01029297 -0.02752925
v -0.02811025 0.00920899 -0.03038081
v -0.02811025 0.00920899 -0.03038081
v -0.03186025 0.01029297 -0.02752925
v -0.02904775 0.01029297 -0.03051753
v -0.02811025 0.00920899 -0.03038081
v -0.02904775 0.01029297 -0.03051753
v -0.02498525 0.00920899 -0.03319331
v -0.02498525 0.00920899 -0.03319331
v -0.02904775 0.01029297 -0.03051753
v -0.02592275 0.01029297 -0.03336909
v -0.02498525 0.00920899 -0.03319331
v -0.02592275 0.01029297 -0.03336909
v -0.02186025 0.00920899 -0.03586909
v -0.02186025 0.00920899 -0.03586909
v -0.02592275 0.01029297 -0.03336909
v -0.02279775 0.01029297 -0.03610347
v -0.02186025 0.00920899 -0.03586909
v -0.02279775 0.01029297 -0.03610347
v -0.01857900 0.00920899 -0.03840816
v -0.01857900 0.00920899 -0.03840816
v -0.02279775 0.01029297 -0.03610347
v -0.01951650 0.01029297 -0.03868159
v -0.01857900 0.00920899 -0.03840816
v -0.01951650 0.01029297 -0.03868159
v -0.01514150 0.00920899 -0.04079097
v -0.01514150 0.00920899 -0.04079097
v -0.01951650 0.01029297 -0.03868159
v -0.01607900 0.01029297 -0.04110347
v -0.01514150 0.00920899 -0.04079097
v -0.01607900 0.01029297 -0.04110347
v -0.01154775 0.00920899 -0.04301753
v -0.01154775 0.00920899 -0.04301753
v -0.01607900 0.01029297 -0.04110347
v -0.01248525 0.01029297 -0.04336909
v -0.01154775 0.00920899 -0.04301753
v -0.01248525 0.01029297 -0.04336909
v -0.00795400 0.00920899 -0.04506831
v -0.00795400 0.00920899 -0.04506831
v -0.01248525 0.01029297 -0.04336909
v -0.00873525 0.01029297 -0.04545894
v -0.00795400 0.00920899 -0.04506831
v -0.00873525 0.01029297 -0.04545894
v -0.00420400 0.00920899 -0.04694331
v -0.00420400 0.00920899 -0.04694331
v -0.00873525 0.01029297 -0.04545894
v -0.00498525 0.01029297 -0.04737300
v -0.00420400 0.00920899 -0.04694331
v -0.00498525 0.01029297 -0.04737300
v -0.00029775 0.00920899 -0.04862300
v -0.00029775 0.00920899 -0.04862300
v -0.00498525 0.01029297 -0.04737300
v -0.00123525 0.01029297 -0.04911128
v -0.00029775 0.00920899 -0.04862300
v -0.00123525 0.01029297 -0.04911128
v 0.00345225 0.00920899 -0.05014644
v 0.00345225 0.00920899 -0.05014644
v -0.00123525 0.01029297 -0.04911128
v 0.00267100 0.01029297 -0.05065425
v 0.00345225 0.00920899 -0.05014644
v 0.00267100 0.01029297 -0.05065425
v 0.00735850 0.00920899 -0.05145503
v 0.00735850 0.00920899 -0.05145503
v 0.00267100 0.01029297 -0.05065425
v 0.00657725 0.01029297 -0.05202144
v 0.00735850 0.00920899 -0.05145503
v 0.00657725 0.01029297 -0.05202144
v 0.01142100 0.00920899 -0.05258784
v 0.01142100 0.00920899 -0.05258784
v 0.00657725 0.01029297 -0.05202144
v 0.01063975 0.01029297 -0.05317378
v 0.01142100 0.00920899 -0.05258784
v 0.01063975 0.01029297 -0.05317378
v 0.01532725 0.00920899 -0.05352534
v 0.01532725 0.00920899 -0.05352534
v 0.01063975 0.01029297 -0.05317378
v 0.01454600 0.01029297 -0.05415034
v 0.01532725 0.00920899 -0.05352534
v 0.01454600 0.01029297 -0.05415034
v 0.01923350 0.00920899 -0.05426753
v 0.01923350 0.00920899 -0.05426753
v 0.01454600 0.01029297 -0.05415034
v 0.01860850 0.01029297 -0.05493159
v -0.03201650 0.00677734 -0.02432612
v -0.03389150 0.00677734 -0.02223628
v -0.03467275 0.00802734 -0.02223628
v -0.03467275 0.00802734 -0.02223628
v -0.03545400 0.00920899 -0.02223628
v -0.03279775 0.00802734 -0.02434566
v -0.03279775 0.00802734 -0.02434566
v -0.03545400 0.00920899 -0.02223628
v -0.03373525 0.00920899 -0.02438472
v -0.03279775 0.00802734 -0.02434566
v -0.03373525 0.00920899 -0.02438472
v -0.03014150 0.00802734 -0.02737300
v -0.03014150 0.00802734 -0.02737300
v -0.03373525 0.00920899 -0.02438472
v -0.03092275 0.00920899 -0.02743159
v -0.03014150 0.00802734 -0.02737300
v -0.03092275 0.00920899 -0.02743159
v -0.02717275 0.00802734 -0.03026362
v -0.02717275 0.00802734 -0.03026362
v -0.03092275 0.00920899 -0.02743159
v -0.02811025 0.00920899 -0.03038081
v -0.02717275 0.00802734 -0.03026362
v -0.02811025 0.00920899 -0.03038081
v -0.02420400 0.00802734 -0.03303706
v -0.02420400 0.00802734 -0.03303706
v -0.02811025 0.00920899 -0.03038081
v -0.02498525 0.00920899 -0.03319331
v -0.02420400 0.00802734 -0.03303706
v -0.02498525 0.00920899 -0.03319331
v -0.02092275 0.00802734 -0.03569331
v -0.02092275 0.00802734 -0.03569331
v -0.02498525 0.00920899 -0.03319331
v -0.02186025 0.00920899 -0.03586909
v -0.02092275 0.00802734 -0.03569331
v -0.02186025 0.00920899 -0.03586909
v -0.01764150 0.00802734 -0.03817378
v -0.01764150 0.00802734 -0.03817378
v -0.02186025 0.00920899 -0.03586909
v -0.01857900 0.00920899 -0.03840816
v -0.01764150 0.00802734 -0.03817378
v -0.01857900 0.00920899 -0.03840816
v -0.01420400 0.00802734 -0.04051753
v -0.01420400 0.00802734 -0.04051753
v -0.01857900 0.00920899 -0.03840816
v -0.01514150 0.00920899 -0.04079097
v -0.01420400 0.00802734 -0.04051753
v -0.01514150 0.00920899 -0.04079097
v -0.01076650 0.00802734 -0.04270503
v -0.01076650 0.00802734 -0.04270503
v -0.01514150 0.00920899 -0.04079097
v -0.01154775 0.00920899 -0.04301753
v -0.01076650 0.00802734 -0.04270503
v -0.01154775 0.00920899 -0.04301753
v -0.00717275 0.00802734 -0.04471675
v -0.00717275 0.00802734 -0.04471675
v -0.01154775 0.00920899 -0.04301753
v -0.00795400 0.00920899 -0.04506831
v -0.00717275 0.00802734 -0.04471675
v -0.00795400 0.00920899 -0.04506831
v -0.00342275 0.00802734 -0.04655269
v -0.00342275 0.00802734 -0.04655269
v -0.00795400 0.00920899 -0.04506831
v -0.00420400 0.00920899 -0.04694331
v -0.00342275 0.00802734 -0.04655269
v -0.00420400 0.00920899 -0.04694331
v 0.00032725 0.00802734 -0.04821284
v 0.00032725 0.00802734 -0.04821284
v -0.00420400 0.00920899 -0.04694331
v -0.00029775 0.00920899 -0.04862300
v 0.00032725 0.00802734 -0.04821284
v -0.00029775 0.00920899 -0.04862300
v 0.00423350 0.00802734 -0.04967769
v 0.00423350 0.00802734 -0.04967769
v -0.00029775 0.00920899 -0.04862300
v 0.00345225 0.00920899 -0.05014644
v 0.00423350 0.00802734 -0.04967769
v 0.00345225 0.00920899 -0.05014644
v 0.00813975 0.00802734 -0.05096675
v 0.00813975 0.00802734 -0.05096675
v 0.00345225 0.00920899 -0.05014644
v 0.00735850 0.00920899 -0.05145503
v 0.00813975 0.00802734 -0.05096675
v 0.00735850 0.00920899 -0.05145503
v 0.01204600 0.00802734 -0.05206050
v 0.01204600 0.00802734 -0.05206050
v 0.00735850 0.00920899 -0.05145503
v 0.01142100 0.00920899 -0.05258784
v 0.01204600 0.00802734 -0.05206050
v 0.01142100 0.00920899 -0.05258784
v 0.01595225 0.00802734 -0.05297847
v 0.01595225 0.00802734 -0.05297847
v 0.01142100 0.00920899 -0.05258784
v 0.01532725 0.00920899 -0.05352534
v 0.01595225 0.00802734 -0.05297847
v 0.01532725 0.00920899 -0.05352534
v 0.02001475 0.00802734 -0.05368159
v 0.02001475 0.00802734 -0.05368159
v 0.01532725 0.00920899 -0.05352534
v 0.01923350 0.00920899 -0.05426753
v -0.03045400 0.00026367 -0.02426753
v -0.03232900 0.00026367 -0.02221675
v -0.03232900 0.00153320 -0.02221675
v -0.03232900 0.00153320 -0.02221675
v -0.03248525 0.00284180 -0.02221675
v -0.03061025 0.00153320 -0.02426753
v -0.03076650 0.00284180 -0.02426753
v -0.03061025 0.00153320 -0.02426753
v -0.03076650 0.00284180 -0.02426753
v -0.02779775 0.00153320 -0.02717769
v -0.02795400 0.00284180 -0.02717769
v -0.02779775 0.00153320 -0.02717769
v -0.02795400 0.00284180 -0.02717769
v -0.02498525 0.00153320 -0.02997066
v -0.02498525 0.00153320 -0.02997066
v -0.02795400 0.00284180 -0.02717769
v -0.02514150 0.00284180 -0.02999019
v -0.02498525 0.00153320 -0.02997066
v -0.02514150 0.00284180 -0.02999019
v -0.02201650 0.00153320 -0.03264644
v -0.02217275 0.00284180 -0.03266597
v -0.02201650 0.00153320 -0.03264644
v -0.02217275 0.00284180 -0.03266597
v -0.01873525 0.00153320 -0.03518550
v -0.01873525 0.00153320 -0.03518550
v -0.02217275 0.00284180 -0.03266597
v -0.01904775 0.00284180 -0.03522456
v -0.01873525 0.00153320 -0.03518550
v -0.01904775 0.00284180 -0.03522456
v -0.01545400 0.00153320 -0.03756831
v -0.01545400 0.00153320 -0.03756831
v -0.01904775 0.00284180 -0.03522456
v -0.01576650 0.00284180 -0.03762691
v -0.01545400 0.00153320 -0.03756831
v -0.01576650 0.00284180 -0.03762691
v -0.01217275 0.00153320 -0.03981441
v -0.01217275 0.00153320 -0.03981441
v -0.01576650 0.00284180 -0.03762691
v -0.01232900 0.00284180 -0.03987300
v -0.01217275 0.00153320 -0.03981441
v -0.01232900 0.00284180 -0.03987300
v -0.00857900 0.00153320 -0.04190425
v -0.00873525 0.00284180 -0.04196284
v -0.00857900 0.00153320 -0.04190425
v -0.00873525 0.00284180 -0.04196284
v -0.00498525 0.00153320 -0.04381831
v -0.00514150 0.00284180 -0.04387691
v -0.00498525 0.00153320 -0.04381831
v -0.00514150 0.00284180 -0.04387691
v -0.00139150 0.00153320 -0.04555659
v -0.00139150 0.00153320 -0.04555659
v -0.00514150 0.00284180 -0.04387691
v -0.00154775 0.00284180 -0.04563472
v -0.00139150 0.00153320 -0.04555659
v -0.00154775 0.00284180 -0.04563472
v 0.00235850 0.00153320 -0.04711909
v 0.00220225 0.00284180 -0.04719722
v 0.00235850 0.00153320 -0.04711909
v 0.00220225 0.00284180 -0.04719722
v 0.00610850 0.00153320 -0.04848628
v 0.00610850 0.00153320 -0.04848628
v 0.00220225 0.00284180 -0.04719722
v 0.00595225 0.00284180 -0.04858394
v 0.00610850 0.00153320 -0.04848628
v 0.00595225 0.00284180 -0.04858394
v 0.01001475 0.00153320 -0.04969722
v 0.00985850 0.00284180 -0.04979487
v 0.01001475 0.00153320 -0.04969722
v 0.00985850 0.00284180 -0.04979487
v 0.01392100 0.00153320 -0.05069331
v 0.01392100 0.00153320 -0.05069331
v 0.00985850 0.00284180 -0.04979487
v 0.01376475 0.00284180 -0.05081050
v 0.01392100 0.00153320 -0.05069331
v 0.01376475 0.00284180 -0.05081050
v 0.01767100 0.00153320 -0.05153316
v 0.01767100 0.00153320 -0.05153316
v 0.01376475 0.00284180 -0.05081050
v 0.01751475 0.00284180 -0.05163081
v 0.01767100 0.00153320 -0.05153316
v 0.01751475 0.00284180 -0.05163081
v 0.02157725 0.00153320 -0.05215816
v 0.02157725 0.00153320 -0.05215816
v 0.01751475 0.00284180 -0.05163081
v 0.02142100 0.00284180 -0.05229487
v -0.03779775 -0.01211914 -0.02454097
v -0.03779775 -0.01211914 -0.02454097
v -0.03795400 -0.01106445 -0.02225581
v -0.03607900 -0.01106445 -0.02448237
v -0.03779775 -0.01211914 -0.02454097
v -0.03607900 -0.01106445 -0.02448237
v -0.03498525 -0.01211914 -0.02778316
v -0.03498525 -0.01211914 -0.02778316
v -0.03607900 -0.01106445 -0.02448237
v -0.03342275 -0.01106445 -0.02764644
v -0.03498525 -0.01211914 -0.02778316
v -0.03342275 -0.01106445 -0.02764644
v -0.03217275 -0.01211914 -0.03092769
v -0.03217275 -0.01211914 -0.03092769
v -0.03342275 -0.01106445 -0.02764644
v -0.03045400 -0.01106445 -0.03071284
v -0.03217275 -0.01211914 -0.03092769
v -0.03045400 -0.01106445 -0.03071284
v -0.02904775 -0.01211914 -0.03391597
v -0.02904775 -0.01211914 -0.03391597
v -0.03045400 -0.01106445 -0.03071284
v -0.02748525 -0.01106445 -0.03364253
v -0.02904775 -0.01211914 -0.03391597
v -0.02748525 -0.01106445 -0.03364253
v -0.02576650 -0.01211914 -0.03678706
v -0.02576650 -0.01211914 -0.03678706
v -0.02748525 -0.01106445 -0.03364253
v -0.02420400 -0.01106445 -0.03643550
v -0.02576650 -0.01211914 -0.03678706
v -0.02420400 -0.01106445 -0.03643550
v -0.02248525 -0.01211914 -0.03952144
v -0.02248525 -0.01211914 -0.03952144
v -0.02420400 -0.01106445 -0.03643550
v -0.02092275 -0.01106445 -0.03907222
v -0.02248525 -0.01211914 -0.03952144
v -0.02092275 -0.01106445 -0.03907222
v -0.01889150 -0.01211914 -0.04208003
v -0.01889150 -0.01211914 -0.04208003
v -0.02092275 -0.01106445 -0.03907222
v -0.01748525 -0.01106445 -0.04157222
v -0.01889150 -0.01211914 -0.04208003
v -0.01748525 -0.01106445 -0.04157222
v -0.01529775 -0.01211914 -0.04448237
v -0.01529775 -0.01211914 -0.04448237
v -0.01748525 -0.01106445 -0.04157222
v -0.01389150 -0.01106445 -0.04389644
v -0.01529775 -0.01211914 -0.04448237
v -0.01389150 -0.01106445 -0.04389644
v -0.01170400 -0.01211914 -0.04670894
v -0.01170400 -0.01211914 -0.04670894
v -0.01389150 -0.01106445 -0.04389644
v -0.01014150 -0.01106445 -0.04606441
v -0.01170400 -0.01211914 -0.04670894
v -0.01014150 -0.01106445 -0.04606441
v -0.00779775 -0.01211914 -0.04875972
v -0.00639150 -0.01106445 -0.04803706
v -0.00779775 -0.01211914 -0.04875972
v -0.00639150 -0.01106445 -0.04803706
v -0.00389150 -0.01211914 -0.05061519
v -0.00389150 -0.01211914 -0.05061519
v -0.00639150 -0.01106445 -0.04803706
v -0.00248525 -0.01106445 -0.04983394
v -0.00389150 -0.01211914 -0.05061519
v -0.00248525 -0.01106445 -0.04983394
v 0.00001475 -0.01211914 -0.05229487
v 0.00001475 -0.01211914 -0.05229487
v -0.00248525 -0.01106445 -0.04983394
v 0.00142100 -0.01106445 -0.05143550
v 0.00001475 -0.01211914 -0.05229487
v 0.00142100 -0.01106445 -0.05143550
v 0.00407725 -0.01211914 -0.05375972
v 0.00407725 -0.01211914 -0.05375972
v 0.00142100 -0.01106445 -0.05143550
v 0.00532725 -0.01106445 -0.05284175
v 0.00407725 -0.01211914 -0.05375972
v 0.00532725 -0.01106445 -0.05284175
v 0.00813975 -0.01211914 -0.05504878
v 0.00813975 -0.01211914 -0.05504878
v 0.00532725 -0.01106445 -0.05284175
v 0.00938975 -0.01106445 -0.05407222
v 0.00813975 -0.01211914 -0.05504878
v 0.00938975 -0.01106445 -0.05407222
v 0.01220225 -0.01211914 -0.05612300
v 0.01220225 -0.01211914 -0.05612300
v 0.00938975 -0.01106445 -0.05407222
v 0.01345225 -0.01106445 -0.05508784
v 0.01220225 -0.01211914 -0.05612300
v 0.01345225 -0.01106445 -0.05508784
v 0.01626475 -0.01211914 -0.05702144
v 0.01626475 -0.01211914 -0.05702144
v 0.01345225 -0.01106445 -0.05508784
v 0.01751475 -0.01106445 -0.05592769
v -0.03951650 -0.01293945 -0.02461909
v -0.03951650 -0.01293945 -0.02461909
v -0.03951650 -0.01211914 -0.02227534
v -0.03779775 -0.01211914 -0.02454097
v -0.03951650 -0.01293945 -0.02461909
v -0.03779775 -0.01211914 -0.02454097
v -0.03670400 -0.01293945 -0.02793941
v -0.03670400 -0.01293945 -0.02793941
v -0.03779775 -0.01211914 -0.02454097
v -0.03498525 -0.01211914 -0.02778316
v -0.03670400 -0.01293945 -0.02793941
v -0.03498525 -0.01211914 -0.02778316
v -0.03373525 -0.01293945 -0.03114253
v -0.03373525 -0.01293945 -0.03114253
v -0.03498525 -0.01211914 -0.02778316
v -0.03217275 -0.01211914 -0.03092769
v -0.03373525 -0.01293945 -0.03114253
v -0.03217275 -0.01211914 -0.03092769
v -0.03076650 -0.01293945 -0.03422847
v -0.03076650 -0.01293945 -0.03422847
v -0.03217275 -0.01211914 -0.03092769
v -0.02904775 -0.01211914 -0.03391597
v -0.03076650 -0.01293945 -0.03422847
v -0.02904775 -0.01211914 -0.03391597
v -0.02748525 -0.01293945 -0.03717769
v -0.02748525 -0.01293945 -0.03717769
v -0.02904775 -0.01211914 -0.03391597
v -0.02576650 -0.01211914 -0.03678706
v -0.02748525 -0.01293945 -0.03717769
v -0.02576650 -0.01211914 -0.03678706
v -0.02404775 -0.01293945 -0.03997066
v -0.02404775 -0.01293945 -0.03997066
v -0.02576650 -0.01211914 -0.03678706
v -0.02248525 -0.01211914 -0.03952144
v -0.02404775 -0.01293945 -0.03997066
v -0.02248525 -0.01211914 -0.03952144
v -0.02061025 -0.01293945 -0.04262691
v -0.02061025 -0.01293945 -0.04262691
v -0.02248525 -0.01211914 -0.03952144
v -0.01889150 -0.01211914 -0.04208003
v -0.02061025 -0.01293945 -0.04262691
v -0.01889150 -0.01211914 -0.04208003
v -0.01701650 -0.01293945 -0.04510737
v -0.01701650 -0.01293945 -0.04510737
v -0.01889150 -0.01211914 -0.04208003
v -0.01529775 -0.01211914 -0.04448237
v -0.01701650 -0.01293945 -0.04510737
v -0.01529775 -0.01211914 -0.04448237
v -0.01326650 -0.01293945 -0.04741206
v -0.01326650 -0.01293945 -0.04741206
v -0.01529775 -0.01211914 -0.04448237
v -0.01170400 -0.01211914 -0.04670894
v -0.01326650 -0.01293945 -0.04741206
v -0.01170400 -0.01211914 -0.04670894
v -0.00936025 -0.01293945 -0.04952144
v -0.00936025 -0.01293945 -0.04952144
v -0.01170400 -0.01211914 -0.04670894
v -0.00779775 -0.01211914 -0.04875972
v -0.00936025 -0.01293945 -0.04952144
v -0.00779775 -0.01211914 -0.04875972
v -0.00545400 -0.01293945 -0.05145503
v -0.00545400 -0.01293945 -0.05145503
v -0.00779775 -0.01211914 -0.04875972
v -0.00389150 -0.01211914 -0.05061519
v -0.00545400 -0.01293945 -0.05145503
v -0.00389150 -0.01211914 -0.05061519
v -0.00139150 -0.01293945 -0.05319331
v 0.00001475 -0.01211914 -0.05229487
v -0.00139150 -0.01293945 -0.05319331
v 0.00001475 -0.01211914 -0.05229487
v 0.00267100 -0.01293945 -0.05473628
v 0.00267100 -0.01293945 -0.05473628
v 0.00001475 -0.01211914 -0.05229487
v 0.00407725 -0.01211914 -0.05375972
v 0.00267100 -0.01293945 -0.05473628
v 0.00407725 -0.01211914 -0.05375972
v 0.00673350 -0.01293945 -0.05608394
v 0.00673350 -0.01293945 -0.05608394
v 0.00407725 -0.01211914 -0.05375972
v 0.00813975 -0.01211914 -0.05504878
v 0.00673350 -0.01293945 -0.05608394
v 0.00813975 -0.01211914 -0.05504878
v 0.01095225 -0.01293945 -0.05723628
v 0.01095225 -0.01293945 -0.05723628
v 0.00813975 -0.01211914 -0.05504878
v 0.01220225 -0.01211914 -0.05612300
v 0.01095225 -0.01293945 -0.05723628
v 0.01220225 -0.01211914 -0.05612300
v 0.01501475 -0.01293945 -0.05817378
v 0.01501475 -0.01293945 -0.05817378
v 0.01220225 -0.01211914 -0.05612300
v 0.01626475 -0.01211914 -0.05702144
v -0.04123525 -0.01350586 -0.02469722
v -0.03951650 -0.01293945 -0.02461909
v -0.04123525 -0.01350586 -0.02469722
v -0.03951650 -0.01293945 -0.02461909
v -0.03842275 -0.01350586 -0.02809566
v -0.03842275 -0.01350586 -0.02809566
v -0.03951650 -0.01293945 -0.02461909
v -0.03670400 -0.01293945 -0.02793941
v -0.03561025 -0.01350586 -0.03137691
v -0.03561025 -0.01350586 -0.03137691
v -0.03670400 -0.01293945 -0.02793941
v -0.03373525 -0.01293945 -0.03114253
v -0.03561025 -0.01350586 -0.03137691
v -0.03373525 -0.01293945 -0.03114253
v -0.03248525 -0.01350586 -0.03454097
v -0.03248525 -0.01350586 -0.03454097
v -0.03373525 -0.01293945 -0.03114253
v -0.03076650 -0.01293945 -0.03422847
v -0.03248525 -0.01350586 -0.03454097
v -0.03076650 -0.01293945 -0.03422847
v -0.02920400 -0.01350586 -0.03756831
v -0.02920400 -0.01350586 -0.03756831
v -0.03076650 -0.01293945 -0.03422847
v -0.02748525 -0.01293945 -0.03717769
v -0.02920400 -0.01350586 -0.03756831
v -0.02748525 -0.01293945 -0.03717769
v -0.02576650 -0.01350586 -0.04045894
v -0.02576650 -0.01350586 -0.04045894
v -0.02748525 -0.01293945 -0.03717769
v -0.02404775 -0.01293945 -0.03997066
v -0.02576650 -0.01350586 -0.04045894
v -0.02404775 -0.01293945 -0.03997066
v -0.02232900 -0.01350586 -0.04317378
v -0.02232900 -0.01350586 -0.04317378
v -0.02404775 -0.01293945 -0.03997066
v -0.02061025 -0.01293945 -0.04262691
v -0.02232900 -0.01350586 -0.04317378
v -0.02061025 -0.01293945 -0.04262691
v -0.01857900 -0.01350586 -0.04573237
v -0.01701650 -0.01293945 -0.04510737
v -0.01857900 -0.01350586 -0.04573237
v -0.01701650 -0.01293945 -0.04510737
v -0.01482900 -0.01350586 -0.04811519
v -0.01482900 -0.01350586 -0.04811519
v -0.01701650 -0.01293945 -0.04510737
v -0.01326650 -0.01293945 -0.04741206
v -0.01482900 -0.01350586 -0.04811519
v -0.01326650 -0.01293945 -0.04741206
v -0.01092275 -0.01350586 -0.05030269
v -0.01092275 -0.01350586 -0.05030269
v -0.01326650 -0.01293945 -0.04741206
v -0.00936025 -0.01293945 -0.04952144
v -0.01092275 -0.01350586 -0.05030269
v -0.00936025 -0.01293945 -0.04952144
v -0.00701650 -0.01350586 -0.05231441
v -0.00701650 -0.01350586 -0.05231441
v -0.00936025 -0.01293945 -0.04952144
v -0.00545400 -0.01293945 -0.05145503
v -0.00701650 -0.01350586 -0.05231441
v -0.00545400 -0.01293945 -0.05145503
v -0.00295400 -0.01350586 -0.05413081
v -0.00295400 -0.01350586 -0.05413081
v -0.00545400 -0.01293945 -0.05145503
v -0.00139150 -0.01293945 -0.05319331
v -0.00295400 -0.01350586 -0.05413081
v -0.00139150 -0.01293945 -0.05319331
v 0.00126475 -0.01350586 -0.05573237
v 0.00267100 -0.01293945 -0.05473628
v 0.00126475 -0.01350586 -0.05573237
v 0.00267100 -0.01293945 -0.05473628
v 0.00532725 -0.01350586 -0.05713862
v 0.00532725 -0.01350586 -0.05713862
v 0.00267100 -0.01293945 -0.05473628
v 0.00673350 -0.01293945 -0.05608394
v 0.00532725 -0.01350586 -0.05713862
v 0.00673350 -0.01293945 -0.05608394
v 0.00954600 -0.01350586 -0.05834956
v 0.00954600 -0.01350586 -0.05834956
v 0.00673350 -0.01293945 -0.05608394
v 0.01095225 -0.01293945 -0.05723628
v 0.00954600 -0.01350586 -0.05834956
v 0.01095225 -0.01293945 -0.05723628
v 0.01376475 -0.01350586 -0.05936519
v 0.01376475 -0.01350586 -0.05936519
v 0.01095225 -0.01293945 -0.05723628
v 0.01501475 -0.01293945 -0.05817378
v -0.04482900 -0.01383789 -0.02231441
v -0.04295400 -0.01350586 -0.02231441
v -0.04295400 -0.01383789 -0.02475581
v -0.04295400 -0.01383789 -0.02475581
v -0.04295400 -0.01350586 -0.02231441
v -0.04123525 -0.01350586 -0.02469722
v -0.04295400 -0.01383789 -0.02475581
v -0.04123525 -0.01350586 -0.02469722
v -0.04029775 -0.01383789 -0.02823237
v -0.04029775 -0.01383789 -0.02823237
v -0.04123525 -0.01350586 -0.02469722
v -0.03842275 -0.01350586 -0.02809566
v -0.03732900 -0.01383789 -0.03161128
v -0.03732900 -0.01383789 -0.03161128
v -0.03842275 -0.01350586 -0.02809566
v -0.03561025 -0.01350586 -0.03137691
v -0.03732900 -0.01383789 -0.03161128
v -0.03561025 -0.01350586 -0.03137691
v -0.03420400 -0.01383789 -0.03485347
v -0.03420400 -0.01383789 -0.03485347
v -0.03561025 -0.01350586 -0.03137691
v -0.03248525 -0.01350586 -0.03454097
v -0.03420400 -0.01383789 -0.03485347
v -0.03248525 -0.01350586 -0.03454097
v -0.03092275 -0.01383789 -0.03795894
v -0.03092275 -0.01383789 -0.03795894
v -0.03248525 -0.01350586 -0.03454097
v -0.02920400 -0.01350586 -0.03756831
v -0.03092275 -0.01383789 -0.03795894
v -0.02920400 -0.01350586 -0.03756831
v -0.02748525 -0.01383789 -0.04092769
v -0.02748525 -0.01383789 -0.04092769
v -0.02920400 -0.01350586 -0.03756831
v -0.02576650 -0.01350586 -0.04045894
v -0.02748525 -0.01383789 -0.04092769
v -0.02576650 -0.01350586 -0.04045894
v -0.02389150 -0.01383789 -0.04374019
v -0.02232900 -0.01350586 -0.04317378
v -0.02389150 -0.01383789 -0.04374019
v -0.02232900 -0.01350586 -0.04317378
v -0.02029775 -0.01383789 -0.04635737
v -0.02029775 -0.01383789 -0.04635737
v -0.02232900 -0.01350586 -0.04317378
v -0.01857900 -0.01350586 -0.04573237
v -0.02029775 -0.01383789 -0.04635737
v -0.01857900 -0.01350586 -0.04573237
v -0.01639150 -0.01383789 -0.04881831
v -0.01482900 -0.01350586 -0.04811519
v -0.01639150 -0.01383789 -0.04881831
v -0.01482900 -0.01350586 -0.04811519
v -0.01248525 -0.01383789 -0.05108394
v -0.01248525 -0.01383789 -0.05108394
v -0.01482900 -0.01350586 -0.04811519
v -0.01092275 -0.01350586 -0.05030269
v -0.01248525 -0.01383789 -0.05108394
v -0.01092275 -0.01350586 -0.05030269
v -0.00842275 -0.01383789 -0.05317378
v -0.00842275 -0.01383789 -0.05317378
v -0.00701650 -0.01350586 -0.05231441
v -0.00842275 -0.01383789 -0.05317378
v -0.00701650 -0.01350586 -0.05231441
v -0.00436025 -0.01383789 -0.05504878
v -0.00436025 -0.01383789 -0.05504878
v -0.00701650 -0.01350586 -0.05231441
v -0.00295400 -0.01350586 -0.05413081
v -0.00436025 -0.01383789 -0.05504878
v -0.00295400 -0.01350586 -0.05413081
v -0.00029775 -0.01383789 -0.05672847
v -0.00029775 -0.01383789 -0.05672847
v -0.00295400 -0.01350586 -0.05413081
v 0.00126475 -0.01350586 -0.05573237
v -0.00029775 -0.01383789 -0.05672847
v 0.00126475 -0.01350586 -0.05573237
v 0.00392100 -0.01383789 -0.05821284
v 0.00532725 -0.01350586 -0.05713862
v 0.00392100 -0.01383789 -0.05821284
v 0.00532725 -0.01350586 -0.05713862
v 0.00813975 -0.01383789 -0.05948237
v 0.00813975 -0.01383789 -0.05948237
v 0.00532725 -0.01350586 -0.05713862
v 0.00954600 -0.01350586 -0.05834956
v 0.00813975 -0.01383789 -0.05948237
v 0.00954600 -0.01350586 -0.05834956
v 0.01235850 -0.01383789 -0.06055659
v 0.01235850 -0.01383789 -0.06055659
v 0.00954600 -0.01350586 -0.05834956
v 0.01376475 -0.01350586 -0.05936519
v -0.04467275 -0.01393555 -0.02483394
v -0.04467275 -0.01393555 -0.02483394
v -0.04482900 -0.01383789 -0.02231441
v -0.04295400 -0.01383789 -0.02475581
v -0.04186025 -0.01393555 -0.02838862
v -0.04186025 -0.01393555 -0.02838862
v -0.04295400 -0.01383789 -0.02475581
v -0.04029775 -0.01383789 -0.02823237
v -0.04186025 -0.01393555 -0.02838862
v -0.04029775 -0.01383789 -0.02823237
v -0.03904775 -0.01393555 -0.03184566
v -0.03904775 -0.01393555 -0.03184566
v -0.04029775 -0.01383789 -0.02823237
v -0.03732900 -0.01383789 -0.03161128
v -0.03904775 -0.01393555 -0.03184566
v -0.03732900 -0.01383789 -0.03161128
v -0.03592275 -0.01393555 -0.03516597
v -0.03420400 -0.01383789 -0.03485347
v -0.03264150 -0.01393555 -0.03834956
v -0.03092275 -0.01383789 -0.03795894
v -0.02920400 -0.01393555 -0.04139644
v -0.02920400 -0.01393555 -0.04139644
v -0.03092275 -0.01383789 -0.03795894
v -0.02748525 -0.01383789 -0.04092769
v -0.02561025 -0.01393555 -0.04426753
v -0.02389150 -0.01383789 -0.04374019
v -0.02186025 -0.01393555 -0.04698237
v -0.02186025 -0.01393555 -0.04698237
v -0.02389150 -0.01383789 -0.04374019
v -0.02029775 -0.01383789 -0.04635737
v -0.01795400 -0.01393555 -0.04950191
v -0.01639150 -0.01383789 -0.04881831
v -0.01404775 -0.01393555 -0.05184566
v -0.01404775 -0.01393555 -0.05184566
v -0.01639150 -0.01383789 -0.04881831
v -0.01248525 -0.01383789 -0.05108394
v -0.00998525 -0.01393555 -0.05399409
v -0.00842275 -0.01383789 -0.05317378
v -0.00592275 -0.01393555 -0.05594722
v -0.00436025 -0.01383789 -0.05504878
v -0.00170400 -0.01393555 -0.05770503
v -0.00029775 -0.01383789 -0.05672847
v -0.00170400 -0.01393555 -0.05770503
v -0.00029775 -0.01383789 -0.05672847
v 0.00251475 -0.01393555 -0.05924800
v 0.00251475 -0.01393555 -0.05924800
v -0.00029775 -0.01383789 -0.05672847
v 0.00392100 -0.01383789 -0.05821284
v 0.00392100 -0.01383789 -0.05821284
v 0.00688975 -0.01393555 -0.06057612
v 0.00813975 -0.01383789 -0.05948237
v 0.01110850 -0.01393555 -0.06170894
v 0.01235850 -0.01383789 -0.06055659
v -0.04639150 -0.01383789 -0.02489253
v -0.04467275 -0.01393555 -0.02483394
v -0.04357900 -0.01383789 -0.02854487
v -0.04357900 -0.01383789 -0.02854487
v -0.04467275 -0.01393555 -0.02483394
v -0.04186025 -0.01393555 -0.02838862
v -0.04061025 -0.01383789 -0.03206050
v -0.04061025 -0.01383789 -0.03206050
v -0.04186025 -0.01393555 -0.02838862
v -0.03904775 -0.01393555 -0.03184566
v -0.03748525 -0.01383789 -0.03545894
v -0.03748525 -0.01383789 -0.03545894
v -0.03904775 -0.01393555 -0.03184566
v -0.03592275 -0.01393555 -0.03516597
v -0.03420400 -0.01383789 -0.03874019
v -0.03264150 -0.01393555 -0.03834956
v -0.03076650 -0.01383789 -0.04184566
v -0.02920400 -0.01393555 -0.04139644
v -0.03076650 -0.01383789 -0.04184566
v -0.02920400 -0.01393555 -0.04139644
v -0.02717275 -0.01383789 -0.04481441
v -0.02717275 -0.01383789 -0.04481441
v -0.02920400 -0.01393555 -0.04139644
v -0.02561025 -0.01393555 -0.04426753
v -0.02717275 -0.01383789 -0.04481441
v -0.02561025 -0.01393555 -0.04426753
v -0.02342275 -0.01383789 -0.04758784
v -0.02186025 -0.01393555 -0.04698237
v -0.01951650 -0.01383789 -0.05020503
v -0.01795400 -0.01393555 -0.04950191
v -0.01561025 -0.01383789 -0.05260737
v -0.01561025 -0.01383789 -0.05260737
v -0.01795400 -0.01393555 -0.04950191
v -0.01404775 -0.01393555 -0.05184566
v -0.01154775 -0.01383789 -0.05483394
v -0.00998525 -0.01393555 -0.05399409
v -0.00732900 -0.01383789 -0.05684566
v -0.00592275 -0.01393555 -0.05594722
v -0.00311025 -0.01383789 -0.05866206
v -0.00170400 -0.01393555 -0.05770503
v -0.00311025 -0.01383789 -0.05866206
v -0.00170400 -0.01393555 -0.05770503
v 0.00126475 -0.01383789 -0.06026362
v 0.00251475 -0.01393555 -0.05924800
v 0.00548350 -0.01383789 -0.06166987
v 0.00548350 -0.01383789 -0.06166987
v 0.00251475 -0.01393555 -0.05924800
v 0.00688975 -0.01393555 -0.06057612
v 0.00688975 -0.01393555 -0.06057612
v 0.00985850 -0.01383789 -0.06286128
v 0.01110850 -0.01393555 -0.06170894
v -0.04998525 -0.01350586 -0.02237300
v -0.04811025 -0.01383789 -0.02235347
v -0.04811025 -0.01350586 -0.02497066
v -0.04811025 -0.01350586 -0.02497066
v -0.04811025 -0.01383789 -0.02235347
v -0.04639150 -0.01383789 -0.02489253
v -0.04811025 -0.01350586 -0.02497066
v -0.04639150 -0.01383789 -0.02489253
v -0.04545400 -0.01350586 -0.02868159
v -0.04545400 -0.01350586 -0.02868159
v -0.04639150 -0.01383789 -0.02489253
v -0.04357900 -0.01383789 -0.02854487
v -0.04248525 -0.01350586 -0.03229487
v -0.04061025 -0.01383789 -0.03206050
v -0.04248525 -0.01350586 -0.03229487
v -0.04061025 -0.01383789 -0.03206050
v -0.03920400 -0.01350586 -0.03579097
v -0.03920400 -0.01350586 -0.03579097
v -0.04061025 -0.01383789 -0.03206050
v -0.03748525 -0.01383789 -0.03545894
v -0.03920400 -0.01350586 -0.03579097
v -0.03748525 -0.01383789 -0.03545894
v -0.03592275 -0.01350586 -0.03913081
v -0.03592275 -0.01350586 -0.03913081
v -0.03748525 -0.01383789 -0.03545894
v -0.03420400 -0.01383789 -0.03874019
v -0.03592275 -0.01350586 -0.03913081
v -0.03420400 -0.01383789 -0.03874019
v -0.03248525 -0.01350586 -0.04233394
v -0.03248525 -0.01350586 -0.04233394
v -0.03420400 -0.01383789 -0.03874019
v -0.03076650 -0.01383789 -0.04184566
v -0.03248525 -0.01350586 -0.04233394
v -0.03076650 -0.01383789 -0.04184566
v -0.02889150 -0.01350586 -0.04536128
v -0.02889150 -0.01350586 -0.04536128
v -0.02717275 -0.01383789 -0.04481441
v -0.02889150 -0.01350586 -0.04536128
v -0.02717275 -0.01383789 -0.04481441
v -0.02514150 -0.01350586 -0.04823237
v -0.02342275 -0.01383789 -0.04758784
v -0.02514150 -0.01350586 -0.04823237
v -0.02342275 -0.01383789 -0.04758784
v -0.02123525 -0.01350586 -0.05090816
v -0.01951650 -0.01383789 -0.05020503
v -0.02123525 -0.01350586 -0.05090816
v -0.01951650 -0.01383789 -0.05020503
v -0.01717275 -0.01350586 -0.05338862
v -0.01717275 -0.01350586 -0.05338862
v -0.01951650 -0.01383789 -0.05020503
v -0.01561025 -0.01383789 -0.05260737
v -0.01717275 -0.01350586 -0.05338862
v -0.01561025 -0.01383789 -0.05260737
v -0.01295400 -0.01350586 -0.05569331
v -0.01154775 -0.01383789 -0.05483394
v -0.01295400 -0.01350586 -0.05569331
v -0.01154775 -0.01383789 -0.05483394
v -0.00873525 -0.01350586 -0.05778316
v -0.00873525 -0.01350586 -0.05778316
v -0.01154775 -0.01383789 -0.05483394
v -0.00732900 -0.01383789 -0.05684566
v -0.00873525 -0.01350586 -0.05778316
v -0.00732900 -0.01383789 -0.05684566
v -0.00451650 -0.01350586 -0.05965816
v -0.00451650 -0.01350586 -0.05965816
v -0.00732900 -0.01383789 -0.05684566
v -0.00311025 -0.01383789 -0.05866206
v -0.00451650 -0.01350586 -0.05965816
v -0.00311025 -0.01383789 -0.05866206
v -0.00014150 -0.01350586 -0.06133784
v -0.00014150 -0.01350586 -0.06133784
v -0.00311025 -0.01383789 -0.05866206
v 0.00126475 -0.01383789 -0.06026362
v -0.00014150 -0.01350586 -0.06133784
v 0.00126475 -0.01383789 -0.06026362
v 0.00423350 -0.01350586 -0.06278316
v 0.00423350 -0.01350586 -0.06278316
v 0.00126475 -0.01383789 -0.06026362
v 0.00548350 -0.01383789 -0.06166987
v 0.00423350 -0.01350586 -0.06278316
v 0.00548350 -0.01383789 -0.06166987
v 0.00860850 -0.01350586 -0.06403316
v 0.00548350 -0.01383789 -0.06166987
v -0.05170400 -0.01211914 -0.02510737
v -0.04998525 -0.01293945 -0.02502925
v -0.04998525 -0.01293945 -0.02502925
v -0.04998525 -0.01350586 -0.02237300
v -0.04811025 -0.01350586 -0.02497066
v -0.04717275 -0.01293945 -0.02883784
v -0.04717275 -0.01293945 -0.02883784
v -0.04811025 -0.01350586 -0.02497066
v -0.04545400 -0.01350586 -0.02868159
v -0.04717275 -0.01293945 -0.02883784
v -0.04545400 -0.01350586 -0.02868159
v -0.04420400 -0.01293945 -0.03252925
v -0.04420400 -0.01293945 -0.03252925
v -0.04545400 -0.01350586 -0.02868159
v -0.04248525 -0.01350586 -0.03229487
v -0.04420400 -0.01293945 -0.03252925
v -0.04248525 -0.01350586 -0.03229487
v -0.04107900 -0.01293945 -0.03610347
v -0.04107900 -0.01293945 -0.03610347
v -0.04248525 -0.01350586 -0.03229487
v -0.03920400 -0.01350586 -0.03579097
v -0.04107900 -0.01293945 -0.03610347
v -0.03920400 -0.01350586 -0.03579097
v -0.03764150 -0.01293945 -0.03952144
v -0.03764150 -0.01293945 -0.03952144
v -0.03920400 -0.01350586 -0.03579097
v -0.03592275 -0.01350586 -0.03913081
v -0.03764150 -0.01293945 -0.03952144
v -0.03592275 -0.01350586 -0.03913081
v -0.03420400 -0.01293945 -0.04280269
v -0.03420400 -0.01293945 -0.04280269
v -0.03592275 -0.01350586 -0.03913081
v -0.03248525 -0.01350586 -0.04233394
v -0.03420400 -0.01293945 -0.04280269
v -0.03248525 -0.01350586 -0.04233394
v -0.03045400 -0.01293945 -0.04592769
v -0.03045400 -0.01293945 -0.04592769
v -0.03248525 -0.01350586 -0.04233394
v -0.02889150 -0.01350586 -0.04536128
v -0.03045400 -0.01293945 -0.04592769
v -0.02889150 -0.01350586 -0.04536128
v -0.02670400 -0.01293945 -0.04885737
v -0.02670400 -0.01293945 -0.04885737
v -0.02889150 -0.01350586 -0.04536128
v -0.02514150 -0.01350586 -0.04823237
v -0.02670400 -0.01293945 -0.04885737
v -0.02514150 -0.01350586 -0.04823237
v -0.02279775 -0.01293945 -0.05161128
v -0.02279775 -0.01293945 -0.05161128
v -0.02514150 -0.01350586 -0.04823237
v -0.02123525 -0.01350586 -0.05090816
v -0.02279775 -0.01293945 -0.05161128
v -0.02123525 -0.01350586 -0.05090816
v -0.01873525 -0.01293945 -0.05418941
v -0.01873525 -0.01293945 -0.05418941
v -0.02123525 -0.01350586 -0.05090816
v -0.01717275 -0.01350586 -0.05338862
v -0.01873525 -0.01293945 -0.05418941
v -0.01717275 -0.01350586 -0.05338862
v -0.01451650 -0.01293945 -0.05655269
v -0.01451650 -0.01293945 -0.05655269
v -0.01717275 -0.01350586 -0.05338862
v -0.01295400 -0.01350586 -0.05569331
v -0.01451650 -0.01293945 -0.05655269
v -0.01295400 -0.01350586 -0.05569331
v -0.01029775 -0.01293945 -0.05870112
v -0.01029775 -0.01293945 -0.05870112
v -0.01295400 -0.01350586 -0.05569331
v -0.00873525 -0.01350586 -0.05778316
v -0.01029775 -0.01293945 -0.05870112
v -0.00873525 -0.01350586 -0.05778316
v -0.00592275 -0.01293945 -0.06065425
v -0.00451650 -0.01350586 -0.05965816
v -0.00592275 -0.01293945 -0.06065425
v -0.00451650 -0.01350586 -0.05965816
v -0.00154775 -0.01293945 -0.06239253
v -0.00154775 -0.01293945 -0.06239253
v -0.00451650 -0.01350586 -0.05965816
v -0.00014150 -0.01350586 -0.06133784
v -0.00154775 -0.01293945 -0.06239253
v -0.00014150 -0.01350586 -0.06133784
v 0.00282725 -0.01293945 -0.06391597
v 0.00282725 -0.01293945 -0.06391597
v -0.00014150 -0.01350586 -0.06133784
v 0.00423350 -0.01350586 -0.06278316
v 0.00282725 -0.01293945 -0.06391597
v 0.00423350 -0.01350586 -0.06278316
v 0.00735850 -0.01293945 -0.06522457
v 0.00860850 -0.01350586 -0.06403316
v -0.05607900 -0.00830078 -0.02528316
v -0.05654775 -0.00977539 -0.02243159
v -0.05498525 -0.01106445 -0.02241206
v -0.05467275 -0.00977539 -0.02522456
v -0.05467275 -0.00977539 -0.02522456
v -0.05498525 -0.01106445 -0.02241206
v -0.05326650 -0.01106445 -0.02516597
v -0.05467275 -0.00977539 -0.02522456
v -0.05326650 -0.01106445 -0.02516597
v -0.05186025 -0.00977539 -0.02924800
v -0.05186025 -0.00977539 -0.02924800
v -0.05326650 -0.01106445 -0.02516597
v -0.05045400 -0.01106445 -0.02913081
v -0.05186025 -0.00977539 -0.02924800
v -0.05045400 -0.01106445 -0.02913081
v -0.04889150 -0.00977539 -0.03317378
v -0.04889150 -0.00977539 -0.03317378
v -0.05045400 -0.01106445 -0.02913081
v -0.04748525 -0.01106445 -0.03297847
v -0.04889150 -0.00977539 -0.03317378
v -0.04748525 -0.01106445 -0.03297847
v -0.04576650 -0.00977539 -0.03696284
v -0.04576650 -0.00977539 -0.03696284
v -0.04748525 -0.01106445 -0.03297847
v -0.04436025 -0.01106445 -0.03668941
v -0.04576650 -0.00977539 -0.03696284
v -0.04436025 -0.01106445 -0.03668941
v -0.04232900 -0.00977539 -0.04059566
v -0.04232900 -0.00977539 -0.04059566
v -0.04436025 -0.01106445 -0.03668941
v -0.04092275 -0.01106445 -0.04028316
v -0.04232900 -0.00977539 -0.04059566
v -0.04092275 -0.01106445 -0.04028316
v -0.03873525 -0.00977539 -0.04411128
v -0.03873525 -0.00977539 -0.04411128
v -0.04092275 -0.01106445 -0.04028316
v -0.03732900 -0.01106445 -0.04370112
v -0.03873525 -0.00977539 -0.04411128
v -0.03732900 -0.01106445 -0.04370112
v -0.03514150 -0.00977539 -0.04743159
v -0.03514150 -0.00977539 -0.04743159
v -0.03732900 -0.01106445 -0.04370112
v -0.03373525 -0.01106445 -0.04696284
v -0.03514150 -0.00977539 -0.04743159
v -0.03373525 -0.01106445 -0.04696284
v -0.03123525 -0.00977539 -0.05059566
v -0.03123525 -0.00977539 -0.05059566
v -0.03373525 -0.01106445 -0.04696284
v -0.02982900 -0.01106445 -0.05006831
v -0.03123525 -0.00977539 -0.05059566
v -0.02982900 -0.01106445 -0.05006831
v -0.02717275 -0.00977539 -0.05356441
v -0.02717275 -0.00977539 -0.05356441
v -0.02982900 -0.01106445 -0.05006831
v -0.02576650 -0.01106445 -0.05295894
v -0.02717275 -0.00977539 -0.05356441
v -0.02576650 -0.01106445 -0.05295894
v -0.02295400 -0.00977539 -0.05633784
v -0.02295400 -0.00977539 -0.05633784
v -0.02576650 -0.01106445 -0.05295894
v -0.02170400 -0.01106445 -0.05567378
v -0.02295400 -0.00977539 -0.05633784
v -0.02170400 -0.01106445 -0.05567378
v -0.01873525 -0.00977539 -0.05889644
v -0.01873525 -0.00977539 -0.05889644
v -0.02170400 -0.01106445 -0.05567378
v -0.01748525 -0.01106445 -0.05817378
v -0.01873525 -0.00977539 -0.05889644
v -0.01748525 -0.01106445 -0.05817378
v -0.01436025 -0.00977539 -0.06124019
v -0.01436025 -0.00977539 -0.06124019
v -0.01748525 -0.01106445 -0.05817378
v -0.01311025 -0.01106445 -0.06047847
v -0.01436025 -0.00977539 -0.06124019
v -0.01311025 -0.01106445 -0.06047847
v -0.00998525 -0.00977539 -0.06338862
v -0.00998525 -0.00977539 -0.06338862
v -0.01311025 -0.01106445 -0.06047847
v -0.00873525 -0.01106445 -0.06254878
v -0.00998525 -0.00977539 -0.06338862
v -0.00873525 -0.01106445 -0.06254878
v -0.00545400 -0.00977539 -0.06530269
v -0.00545400 -0.00977539 -0.06530269
v -0.00873525 -0.01106445 -0.06254878
v -0.00420400 -0.01106445 -0.06440425
v -0.00545400 -0.00977539 -0.06530269
v -0.00420400 -0.01106445 -0.06440425
v -0.00092275 -0.00977539 -0.06700191
v -0.00092275 -0.00977539 -0.06700191
v -0.00420400 -0.01106445 -0.06440425
v 0.00032725 -0.01106445 -0.06606441
v -0.03670400 0.01345703 -0.02793941
v -0.03545400 0.01287109 -0.02782222
v -0.03951650 0.01345703 -0.02461909
v -0.03951650 0.01345703 -0.02461909
v -0.03545400 0.01287109 -0.02782222
v -0.03811025 0.01287109 -0.02456050
v -0.03951650 0.01345703 -0.02461909
v -0.03811025 0.01287109 -0.02456050
v -0.04123525 0.01345703 -0.02229487
v -0.03545400 0.01287109 -0.02782222
v -0.03670400 0.01345703 -0.02793941
v -0.03248525 0.01287109 -0.03096675
v -0.03248525 0.01287109 -0.03096675
v -0.03670400 0.01345703 -0.02793941
v -0.03373525 0.01345703 -0.03114253
v -0.03248525 0.01287109 -0.03096675
v -0.03373525 0.01345703 -0.03114253
v -0.02951650 0.01287109 -0.03399409
v -0.02951650 0.01287109 -0.03399409
v -0.03373525 0.01345703 -0.03114253
v -0.03076650 0.01345703 -0.03422847
v -0.02951650 0.01287109 -0.03399409
v -0.03076650 0.01345703 -0.03422847
v -0.02623525 0.01287109 -0.03688472
v -0.02623525 0.01287109 -0.03688472
v -0.03076650 0.01345703 -0.03422847
v -0.02748525 0.01345703 -0.03717769
v -0.02623525 0.01287109 -0.03688472
v -0.02748525 0.01345703 -0.03717769
v -0.02279775 0.01287109 -0.03963862
v -0.02279775 0.01287109 -0.03963862
v -0.02748525 0.01345703 -0.03717769
v -0.02404775 0.01345703 -0.03997066
v -0.02279775 0.01287109 -0.03963862
v -0.02404775 0.01345703 -0.03997066
v -0.01936025 0.01287109 -0.04221675
v -0.01936025 0.01287109 -0.04221675
v -0.02404775 0.01345703 -0.03997066
v -0.02061025 0.01345703 -0.04262691
v -0.01936025 0.01287109 -0.04221675
v -0.02061025 0.01345703 -0.04262691
v -0.01576650 0.01287109 -0.04463862
v -0.01576650 0.01287109 -0.04463862
v -0.02061025 0.01345703 -0.04262691
v -0.01701650 0.01345703 -0.04510737
v -0.01576650 0.01287109 -0.04463862
v -0.01701650 0.01345703 -0.04510737
v -0.01201650 0.01287109 -0.04688472
v -0.01201650 0.01287109 -0.04688472
v -0.01701650 0.01345703 -0.04510737
v -0.01326650 0.01345703 -0.04741206
v -0.01201650 0.01287109 -0.04688472
v -0.01326650 0.01345703 -0.04741206
v -0.00826650 0.01287109 -0.04895503
v -0.00826650 0.01287109 -0.04895503
v -0.01326650 0.01345703 -0.04741206
v -0.00936025 0.01345703 -0.04952144
v -0.00826650 0.01287109 -0.04895503
v -0.00936025 0.01345703 -0.04952144
v -0.00436025 0.01287109 -0.05083003
v -0.00436025 0.01287109 -0.05083003
v -0.00936025 0.01345703 -0.04952144
v -0.00545400 0.01345703 -0.05145503
v -0.00436025 0.01287109 -0.05083003
v -0.00545400 0.01345703 -0.05145503
v -0.00029775 0.01287109 -0.05250972
v -0.00029775 0.01287109 -0.05250972
v -0.00545400 0.01345703 -0.05145503
v -0.00139150 0.01345703 -0.05319331
v -0.00029775 0.01287109 -0.05250972
v -0.00139150 0.01345703 -0.05319331
v 0.00376475 0.01287109 -0.05401362
v 0.00376475 0.01287109 -0.05401362
v -0.00139150 0.01345703 -0.05319331
v 0.00267100 0.01345703 -0.05473628
v 0.00376475 0.01287109 -0.05401362
v 0.00267100 0.01345703 -0.05473628
v 0.00782725 0.01287109 -0.05530269
v 0.00782725 0.01287109 -0.05530269
v 0.00267100 0.01345703 -0.05473628
v 0.00673350 0.01345703 -0.05608394
v 0.00782725 0.01287109 -0.05530269
v 0.00673350 0.01345703 -0.05608394
v 0.01188975 0.01287109 -0.05639644
v 0.01095225 0.01345703 -0.05723628
v 0.01188975 0.01287109 -0.05639644
v 0.01095225 0.01345703 -0.05723628
v 0.01595225 0.01287109 -0.05731441
v 0.01501475 0.01345703 -0.05817378
v -0.03014150 0.00802734 -0.02737300
v -0.02936025 0.00677734 -0.02729487
v -0.03279775 0.00802734 -0.02434566
v -0.03279775 0.00802734 -0.02434566
v -0.02936025 0.00677734 -0.02729487
v -0.03201650 0.00677734 -0.02432612
v -0.03467275 0.00802734 -0.02223628
v -0.02936025 0.00677734 -0.02729487
v -0.03014150 0.00802734 -0.02737300
v -0.02654775 0.00677734 -0.03016597
v -0.02654775 0.00677734 -0.03016597
v -0.03014150 0.00802734 -0.02737300
v -0.02717275 0.00802734 -0.03026362
v -0.02654775 0.00677734 -0.03016597
v -0.02717275 0.00802734 -0.03026362
v -0.02342275 0.00677734 -0.03291987
v -0.02342275 0.00677734 -0.03291987
v -0.02717275 0.00802734 -0.03026362
v -0.02420400 0.00802734 -0.03303706
v -0.02342275 0.00677734 -0.03291987
v -0.02420400 0.00802734 -0.03303706
v -0.02029775 0.00677734 -0.03551753
v -0.02029775 0.00677734 -0.03551753
v -0.02420400 0.00802734 -0.03303706
v -0.02092275 0.00802734 -0.03569331
v -0.02029775 0.00677734 -0.03551753
v -0.02092275 0.00802734 -0.03569331
v -0.01701650 0.00677734 -0.03797847
v -0.01701650 0.00677734 -0.03797847
v -0.02092275 0.00802734 -0.03569331
v -0.01764150 0.00802734 -0.03817378
v -0.01701650 0.00677734 -0.03797847
v -0.01764150 0.00802734 -0.03817378
v -0.01357900 0.00677734 -0.04030269
v -0.01357900 0.00677734 -0.04030269
v -0.01764150 0.00802734 -0.03817378
v -0.01420400 0.00802734 -0.04051753
v -0.01357900 0.00677734 -0.04030269
v -0.01420400 0.00802734 -0.04051753
v -0.01014150 0.00677734 -0.04245112
v -0.01014150 0.00677734 -0.04245112
v -0.01420400 0.00802734 -0.04051753
v -0.01076650 0.00802734 -0.04270503
v -0.01014150 0.00677734 -0.04245112
v -0.01076650 0.00802734 -0.04270503
v -0.00639150 0.00677734 -0.04442378
v -0.00639150 0.00677734 -0.04442378
v -0.01076650 0.00802734 -0.04270503
v -0.00717275 0.00802734 -0.04471675
v -0.00639150 0.00677734 -0.04442378
v -0.00717275 0.00802734 -0.04471675
v -0.00279775 0.00677734 -0.04624019
v -0.00279775 0.00677734 -0.04624019
v -0.00717275 0.00802734 -0.04471675
v -0.00342275 0.00802734 -0.04655269
v -0.00279775 0.00677734 -0.04624019
v -0.00342275 0.00802734 -0.04655269
v 0.00095225 0.00677734 -0.04786128
v 0.00095225 0.00677734 -0.04786128
v -0.00342275 0.00802734 -0.04655269
v 0.00032725 0.00802734 -0.04821284
v 0.00095225 0.00677734 -0.04786128
v 0.00032725 0.00802734 -0.04821284
v 0.00485850 0.00677734 -0.04930659
v 0.00485850 0.00677734 -0.04930659
v 0.00032725 0.00802734 -0.04821284
v 0.00423350 0.00802734 -0.04967769
v 0.00485850 0.00677734 -0.04930659
v 0.00423350 0.00802734 -0.04967769
v 0.00876475 0.00677734 -0.05055659
v 0.00876475 0.00677734 -0.05055659
v 0.00423350 0.00802734 -0.04967769
v 0.00813975 0.00802734 -0.05096675
v 0.00876475 0.00677734 -0.05055659
v 0.00813975 0.00802734 -0.05096675
v 0.01267100 0.00677734 -0.05163081
v 0.01267100 0.00677734 -0.05163081
v 0.00813975 0.00802734 -0.05096675
v 0.01204600 0.00802734 -0.05206050
v 0.01267100 0.00677734 -0.05163081
v 0.01204600 0.00802734 -0.05206050
v 0.01657725 0.00677734 -0.05250972
v 0.01657725 0.00677734 -0.05250972
v 0.01204600 0.00802734 -0.05206050
v 0.01595225 0.00802734 -0.05297847
v 0.01657725 0.00677734 -0.05250972
v 0.01595225 0.00802734 -0.05297847
v 0.02048350 0.00677734 -0.05319331
v 0.02001475 0.00802734 -0.05368159
v -0.02779775 0.00153320 -0.02717769
v -0.02779775 0.00026367 -0.02715816
v -0.03061025 0.00153320 -0.02426753
v -0.03061025 0.00153320 -0.02426753
v -0.02779775 0.00026367 -0.02715816
v -0.03045400 0.00026367 -0.02426753
v -0.03045400 0.00026367 -0.02426753
v -0.02779775 0.00026367 -0.02715816
v -0.02779775 0.00153320 -0.02717769
v -0.02498525 0.00026367 -0.02995112
v -0.02498525 0.00153320 -0.02997066
v -0.02498525 0.00026367 -0.02995112
v -0.02498525 0.00153320 -0.02997066
v -0.02186025 0.00026367 -0.03262691
v -0.02186025 0.00026367 -0.03262691
v -0.02186025 0.00026367 -0.03262691
v -0.02201650 0.00153320 -0.03264644
v -0.01873525 0.00026367 -0.03516597
v -0.01873525 0.00026367 -0.03516597
v -0.02201650 0.00153320 -0.03264644
v -0.01873525 0.00153320 -0.03518550
v -0.01873525 0.00026367 -0.03516597
v -0.01873525 0.00153320 -0.03518550
v -0.01545400 0.00026367 -0.03754878
v -0.01545400 0.00153320 -0.03756831
v -0.01545400 0.00026367 -0.03754878
v -0.01545400 0.00153320 -0.03756831
v -0.01201650 0.00026367 -0.03979487
v -0.01201650 0.00026367 -0.03979487
v -0.01545400 0.00153320 -0.03756831
v -0.01217275 0.00153320 -0.03981441
v -0.01201650 0.00026367 -0.03979487
v -0.01217275 0.00153320 -0.03981441
v -0.00857900 0.00026367 -0.04188472
v -0.00857900 0.00026367 -0.04188472
v -0.01217275 0.00153320 -0.03981441
v -0.00857900 0.00153320 -0.04190425
v -0.00857900 0.00026367 -0.04188472
v -0.00857900 0.00153320 -0.04190425
v -0.00498525 0.00026367 -0.04377925
v -0.00498525 0.00026367 -0.04377925
v -0.00857900 0.00153320 -0.04190425
v -0.00498525 0.00153320 -0.04381831
v -0.00498525 0.00026367 -0.04377925
v -0.00498525 0.00153320 -0.04381831
v -0.00139150 0.00026367 -0.04551753
v -0.00139150 0.00153320 -0.04555659
v -0.00139150 0.00026367 -0.04551753
v -0.00139150 0.00153320 -0.04555659
v 0.00235850 0.00026367 -0.04708003
v 0.00235850 0.00153320 -0.04711909
v 0.00235850 0.00026367 -0.04708003
v 0.00235850 0.00153320 -0.04711909
v 0.00626475 0.00026367 -0.04846675
v 0.00626475 0.00026367 -0.04846675
v 0.00235850 0.00153320 -0.04711909
v 0.00610850 0.00153320 -0.04848628
v 0.00626475 0.00026367 -0.04846675
v 0.00610850 0.00153320 -0.04848628
v 0.01001475 0.00026367 -0.04965816
v 0.01001475 0.00026367 -0.04965816
v 0.00610850 0.00153320 -0.04848628
v 0.01001475 0.00153320 -0.04969722
v 0.01001475 0.00026367 -0.04965816
v 0.01001475 0.00153320 -0.04969722
v 0.01392100 0.00026367 -0.05067378
v 0.01392100 0.00026367 -0.05067378
v 0.01001475 0.00153320 -0.04969722
v 0.01392100 0.00153320 -0.05069331
v 0.01392100 0.00026367 -0.05067378
v 0.01392100 0.00153320 -0.05069331
v 0.01782725 0.00026367 -0.05149409
v 0.01782725 0.00026367 -0.05149409
v 0.01392100 0.00153320 -0.05069331
v 0.01767100 0.00153320 -0.05153316
v 0.01782725 0.00026367 -0.05149409
v 0.01767100 0.00153320 -0.05153316
v 0.02157725 0.00026367 -0.05211909
v 0.02157725 0.00026367 -0.05211909
v 0.01767100 0.00153320 -0.05153316
v 0.02157725 0.00153320 -0.05215816
v -0.04717275 -0.01293945 -0.02883784
v -0.04889150 -0.01211914 -0.02899409
v -0.04998525 -0.01293945 -0.02502925
v -0.04998525 -0.01293945 -0.02502925
v -0.04889150 -0.01211914 -0.02899409
v -0.05170400 -0.01211914 -0.02510737
v -0.04998525 -0.01293945 -0.02502925
v -0.05170400 -0.01211914 -0.02510737
v -0.05170400 -0.01293945 -0.02239253
v -0.04889150 -0.01211914 -0.02899409
v -0.04717275 -0.01293945 -0.02883784
v -0.04592275 -0.01211914 -0.03276362
v -0.04592275 -0.01211914 -0.03276362
v -0.04717275 -0.01293945 -0.02883784
v -0.04420400 -0.01293945 -0.03252925
v -0.04592275 -0.01211914 -0.03276362
v -0.04420400 -0.01293945 -0.03252925
v -0.04264150 -0.01211914 -0.03639644
v -0.04264150 -0.01211914 -0.03639644
v -0.04420400 -0.01293945 -0.03252925
v -0.04107900 -0.01293945 -0.03610347
v -0.04264150 -0.01211914 -0.03639644
v -0.04107900 -0.01293945 -0.03610347
v -0.03936025 -0.01211914 -0.03991206
v -0.03936025 -0.01211914 -0.03991206
v -0.04107900 -0.01293945 -0.03610347
v -0.03764150 -0.01293945 -0.03952144
v -0.03936025 -0.01211914 -0.03991206
v -0.03764150 -0.01293945 -0.03952144
v -0.03576650 -0.01211914 -0.04327144
v -0.03576650 -0.01211914 -0.04327144
v -0.03764150 -0.01293945 -0.03952144
v -0.03420400 -0.01293945 -0.04280269
v -0.03576650 -0.01211914 -0.04327144
v -0.03420400 -0.01293945 -0.04280269
v -0.03217275 -0.01211914 -0.04645503
v -0.03217275 -0.01211914 -0.04645503
v -0.03420400 -0.01293945 -0.04280269
v -0.03045400 -0.01293945 -0.04592769
v -0.03217275 -0.01211914 -0.04645503
v -0.03045400 -0.01293945 -0.04592769
v -0.02826650 -0.01211914 -0.04948237
v -0.02670400 -0.01293945 -0.04885737
v -0.02826650 -0.01211914 -0.04948237
v -0.02670400 -0.01293945 -0.04885737
v -0.02436025 -0.01211914 -0.05231441
v -0.02436025 -0.01211914 -0.05231441
v -0.02670400 -0.01293945 -0.04885737
v -0.02279775 -0.01293945 -0.05161128
v -0.02436025 -0.01211914 -0.05231441
v -0.02279775 -0.01293945 -0.05161128
v -0.02029775 -0.01211914 -0.05495112
v -0.02029775 -0.01211914 -0.05495112
v -0.02279775 -0.01293945 -0.05161128
v -0.01873525 -0.01293945 -0.05418941
v -0.02029775 -0.01211914 -0.05495112
v -0.01873525 -0.01293945 -0.05418941
v -0.01607900 -0.01211914 -0.05739253
v -0.01607900 -0.01211914 -0.05739253
v -0.01873525 -0.01293945 -0.05418941
v -0.01451650 -0.01293945 -0.05655269
v -0.01607900 -0.01211914 -0.05739253
v -0.01451650 -0.01293945 -0.05655269
v -0.01170400 -0.01211914 -0.05961909
v -0.01029775 -0.01293945 -0.05870112
v -0.01170400 -0.01211914 -0.05961909
v -0.01029775 -0.01293945 -0.05870112
v -0.00732900 -0.01211914 -0.06163081
v -0.00732900 -0.01211914 -0.06163081
v -0.01029775 -0.01293945 -0.05870112
v -0.00592275 -0.01293945 -0.06065425
v -0.00732900 -0.01211914 -0.06163081
v -0.00592275 -0.01293945 -0.06065425
v -0.00295400 -0.01211914 -0.06342769
v -0.00295400 -0.01211914 -0.06342769
v -0.00592275 -0.01293945 -0.06065425
v -0.00154775 -0.01293945 -0.06239253
v -0.00295400 -0.01211914 -0.06342769
v -0.00154775 -0.01293945 -0.06239253
v 0.00157725 -0.01211914 -0.06500972
v 0.00282725 -0.01293945 -0.06391597
v 0.00157725 -0.01211914 -0.06500972
v 0.00282725 -0.01293945 -0.06391597
v 0.00610850 -0.01211914 -0.06637691
v 0.00610850 -0.01211914 -0.06637691
v 0.00282725 -0.01293945 -0.06391597
v 0.00735850 -0.01293945 -0.06522457
v -0.05186025 -0.00977539 -0.02924800
v -0.05326650 -0.00830078 -0.02936519
v -0.05467275 -0.00977539 -0.02522456
v -0.05467275 -0.00977539 -0.02522456
v -0.05326650 -0.00830078 -0.02936519
v -0.05607900 -0.00830078 -0.02528316
v -0.05467275 -0.00977539 -0.02522456
v -0.05607900 -0.00830078 -0.02528316
v -0.05654775 -0.00977539 -0.02243159
v -0.05326650 -0.00830078 -0.02936519
v -0.05186025 -0.00977539 -0.02924800
v -0.05014150 -0.00830078 -0.03333003
v -0.05014150 -0.00830078 -0.03333003
v -0.05186025 -0.00977539 -0.02924800
v -0.04889150 -0.00977539 -0.03317378
v -0.05014150 -0.00830078 -0.03333003
v -0.04889150 -0.00977539 -0.03317378
v -0.04701650 -0.00830078 -0.03717769
v -0.04701650 -0.00830078 -0.03717769
v -0.04889150 -0.00977539 -0.03317378
v -0.04576650 -0.00977539 -0.03696284
v -0.04701650 -0.00830078 -0.03717769
v -0.04576650 -0.00977539 -0.03696284
v -0.04357900 -0.00830078 -0.04088862
v -0.04357900 -0.00830078 -0.04088862
v -0.04576650 -0.00977539 -0.03696284
v -0.04232900 -0.00977539 -0.04059566
v -0.04357900 -0.00830078 -0.04088862
v -0.04232900 -0.00977539 -0.04059566
v -0.03998525 -0.00830078 -0.04444331
v -0.03998525 -0.00830078 -0.04444331
v -0.04232900 -0.00977539 -0.04059566
v -0.03873525 -0.00977539 -0.04411128
v -0.03998525 -0.00830078 -0.04444331
v -0.03873525 -0.00977539 -0.04411128
v -0.03623525 -0.00830078 -0.04784175
v -0.03623525 -0.00830078 -0.04784175
v -0.03873525 -0.00977539 -0.04411128
v -0.03514150 -0.00977539 -0.04743159
v -0.03623525 -0.00830078 -0.04784175
v -0.03514150 -0.00977539 -0.04743159
v -0.03232900 -0.00830078 -0.05104487
v -0.03232900 -0.00830078 -0.05104487
v -0.03514150 -0.00977539 -0.04743159
v -0.03123525 -0.00977539 -0.05059566
v -0.03232900 -0.00830078 -0.05104487
v -0.03123525 -0.00977539 -0.05059566
v -0.02842275 -0.00830078 -0.05407222
v -0.02842275 -0.00830078 -0.05407222
v -0.03123525 -0.00977539 -0.05059566
v -0.02717275 -0.00977539 -0.05356441
v -0.02842275 -0.00830078 -0.05407222
v -0.02717275 -0.00977539 -0.05356441
v -0.02420400 -0.00830078 -0.05690425
v -0.02420400 -0.00830078 -0.05690425
v -0.02717275 -0.00977539 -0.05356441
v -0.02295400 -0.00977539 -0.05633784
v -0.02420400 -0.00830078 -0.05690425
v -0.02295400 -0.00977539 -0.05633784
v -0.01982900 -0.00830078 -0.05952144
v -0.01982900 -0.00830078 -0.05952144
v -0.02295400 -0.00977539 -0.05633784
v -0.01873525 -0.00977539 -0.05889644
v -0.01982900 -0.00830078 -0.05952144
v -0.01873525 -0.00977539 -0.05889644
v -0.01545400 -0.00830078 -0.06192378
v -0.01545400 -0.00830078 -0.06192378
v -0.01873525 -0.00977539 -0.05889644
v -0.01436025 -0.00977539 -0.06124019
v -0.01545400 -0.00830078 -0.06192378
v -0.01436025 -0.00977539 -0.06124019
v -0.01092275 -0.00830078 -0.06411129
v -0.01092275 -0.00830078 -0.06411129
v -0.01436025 -0.00977539 -0.06124019
v -0.00998525 -0.00977539 -0.06338862
v -0.01092275 -0.00830078 -0.06411129
v -0.00998525 -0.00977539 -0.06338862
v -0.00639150 -0.00830078 -0.06608394
v -0.00639150 -0.00830078 -0.06608394
v -0.00998525 -0.00977539 -0.06338862
v -0.00545400 -0.00977539 -0.06530269
v -0.00639150 -0.00830078 -0.06608394
v -0.00545400 -0.00977539 -0.06530269
v -0.00186025 -0.00830078 -0.06782222
v -0.00545400 -0.00977539 -0.06530269
v -0.05701650 -0.00667969 -0.02532222
v -0.05420400 -0.00667969 -0.02946284
v -0.05514150 -0.00497070 -0.02952144
v -0.05514150 -0.00497070 -0.02952144
v -0.05420400 -0.00667969 -0.02946284
v -0.05201650 -0.00497070 -0.03358394
v -0.05514150 -0.00497070 -0.02952144
v -0.05201650 -0.00497070 -0.03358394
v -0.05264150 -0.00320313 -0.03366206
v -0.05264150 -0.00320313 -0.03366206
v -0.05201650 -0.00497070 -0.03358394
v -0.04936025 -0.00320313 -0.03762691
v -0.05264150 -0.00320313 -0.03366206
v -0.04936025 -0.00320313 -0.03762691
v -0.04967275 -0.00144531 -0.03768550
v -0.04967275 -0.00144531 -0.03768550
v -0.04936025 -0.00320313 -0.03762691
v -0.04623525 -0.00144531 -0.04151362
v -0.05201650 -0.00497070 -0.03358394
v -0.05420400 -0.00667969 -0.02946284
v -0.05123525 -0.00667969 -0.03348628
v -0.05201650 -0.00497070 -0.03358394
v -0.05123525 -0.00667969 -0.03348628
v -0.04889150 -0.00497070 -0.03752925
v -0.04889150 -0.00497070 -0.03752925
v -0.05123525 -0.00667969 -0.03348628
v -0.04811025 -0.00667969 -0.03737300
v -0.04889150 -0.00497070 -0.03752925
v -0.04811025 -0.00667969 -0.03737300
v -0.04545400 -0.00497070 -0.04131831
v -0.04545400 -0.00497070 -0.04131831
v -0.04811025 -0.00667969 -0.03737300
v -0.04467275 -0.00667969 -0.04112300
v -0.04545400 -0.00497070 -0.04131831
v -0.04467275 -0.00667969 -0.04112300
v -0.04186025 -0.00497070 -0.04495112
v -0.04107900 -0.00667969 -0.04473628
v -0.04186025 -0.00497070 -0.04495112
v -0.04107900 -0.00667969 -0.04473628
v -0.03811025 -0.00497070 -0.04842769
v -0.04545400 -0.00497070 -0.04131831
v -0.04592275 -0.00320313 -0.04143550
v -0.04889150 -0.00497070 -0.03752925
v -0.04936025 -0.00320313 -0.03762691
v -0.04889150 -0.00497070 -0.03752925
v -0.04936025 -0.00320313 -0.03762691
v -0.05201650 -0.00497070 -0.03358394
v -0.04264150 -0.00144531 -0.04520503
v -0.04623525 -0.00144531 -0.04151362
v -0.04592275 -0.00320313 -0.04143550
v -0.04592275 -0.00320313 -0.04143550
v -0.04623525 -0.00144531 -0.04151362
v -0.04936025 -0.00320313 -0.03762691
v -0.04592275 -0.00320313 -0.04143550
v -0.04545400 -0.00497070 -0.04131831
v -0.04232900 -0.00320313 -0.04510737
v -0.04232900 -0.00320313 -0.04510737
v -0.04545400 -0.00497070 -0.04131831
v -0.04186025 -0.00497070 -0.04495112
v -0.04232900 -0.00320313 -0.04510737
v -0.04186025 -0.00497070 -0.04495112
v -0.03857900 -0.00320313 -0.04860347
v -0.03857900 -0.00320313 -0.04860347
v -0.04186025 -0.00497070 -0.04495112
v -0.03811025 -0.00497070 -0.04842769
v -0.03857900 -0.00320313 -0.04860347
v -0.03811025 -0.00497070 -0.04842769
v -0.03467275 -0.00320313 -0.05192378
v -0.03889150 -0.00144531 -0.04872066
v -0.04264150 -0.00144531 -0.04520503
v -0.04232900 -0.00320313 -0.04510737
v -0.04232900 -0.00320313 -0.04510737
v -0.03889150 -0.00144531 -0.04872066
v -0.04232900 -0.00320313 -0.04510737
v -0.03857900 -0.00320313 -0.04860347
v -0.03498525 -0.00144531 -0.05204097
v -0.03889150 -0.00144531 -0.04872066
v -0.03857900 -0.00320313 -0.04860347
v -0.03467275 -0.00320313 -0.05192378
v -0.03498525 -0.00144531 -0.05204097
v -0.02186025 0.00416992 -0.06065425
v -0.02623525 0.00416992 -0.05793941
v -0.02654775 0.00218750 -0.05811519
v -0.02654775 0.00218750 -0.05811519
v -0.02623525 0.00416992 -0.05793941
v -0.03092275 0.00218750 -0.05518550
v -0.01748525 0.00416992 -0.06315425
v -0.02186025 0.00416992 -0.06065425
v -0.02232900 0.00218750 -0.06084956
v -0.02232900 0.00218750 -0.06084956
v -0.02186025 0.00416992 -0.06065425
v -0.02654775 0.00218750 -0.05811519
v -0.01592275 0.00802734 -0.06221675
v -0.02123525 0.00613281 -0.06030269
v -0.01686025 0.00613281 -0.06276362
v -0.01701650 -0.00497070 -0.06291987
v -0.02076650 -0.00667969 -0.06002925
v -0.01639150 -0.00667969 -0.06249019
v -0.01295400 0.00416992 -0.06543941
v -0.01748525 0.00416992 -0.06315425
v -0.01779775 0.00218750 -0.06336909
v -0.01779775 0.00218750 -0.06336909
v -0.01748525 0.00416992 -0.06315425
v -0.02232900 0.00218750 -0.06084956
v -0.01592275 0.00802734 -0.06221675
v -0.01686025 0.00613281 -0.06276362
v -0.01139150 0.00802734 -0.06442379
v -0.01139150 0.00802734 -0.06442379
v -0.01686025 0.00613281 -0.06276362
v -0.01232900 0.00613281 -0.06502925
v -0.01139150 0.00802734 -0.06442379
v -0.01232900 0.00613281 -0.06502925
v -0.00686025 0.00802734 -0.06641597
v -0.00686025 0.00802734 -0.06641597
v -0.01232900 0.00613281 -0.06502925
v -0.00764150 0.00613281 -0.06704097
v -0.01701650 -0.00497070 -0.06291987
v -0.01639150 -0.00667969 -0.06249019
v -0.01248525 -0.00497070 -0.06518550
v -0.01248525 -0.00497070 -0.06518550
v -0.01639150 -0.00667969 -0.06249019
v -0.01186025 -0.00667969 -0.06471675
v -0.01248525 -0.00497070 -0.06518550
v -0.01186025 -0.00667969 -0.06471675
v -0.00795400 -0.00497070 -0.06721675
v -0.00795400 -0.00497070 -0.06721675
v -0.01186025 -0.00667969 -0.06471675
v -0.00732900 -0.00667969 -0.06672847
v -0.00826650 0.00416992 -0.06749019
v -0.01295400 0.00416992 -0.06543941
v -0.01326650 0.00218750 -0.06567379
v -0.01326650 0.00218750 -0.06567379
v -0.01295400 0.00416992 -0.06543941
v -0.01779775 0.00218750 -0.06336909
v -0.01326650 0.00218750 -0.06567379
v -0.01592275 0.00802734 -0.06221675
v -0.01139150 0.00802734 -0.06442379
v -0.01029775 0.00976563 -0.06368159
v -0.01029775 0.00976563 -0.06368159
v -0.01139150 0.00802734 -0.06442379
v -0.00576650 0.00976563 -0.06561519
v -0.01029775 0.00976563 -0.06368159
v -0.00576650 0.00976563 -0.06561519
v -0.00451650 0.01127930 -0.06463864
v -0.00451650 0.01127930 -0.06463864
v -0.00576650 0.00976563 -0.06561519
v 0.00001475 0.01127930 -0.06629879
v -0.00576650 0.00976563 -0.06561519
v -0.01139150 0.00802734 -0.06442379
v -0.00686025 0.00802734 -0.06641597
v -0.01701650 -0.00497070 -0.06291987
v -0.01248525 -0.00497070 -0.06518550
v -0.01295400 -0.00320313 -0.06549800
v -0.01295400 -0.00320313 -0.06549800
v -0.01248525 -0.00497070 -0.06518550
v -0.00842275 -0.00320313 -0.06754879
v -0.01295400 -0.00320313 -0.06549800
v -0.00842275 -0.00320313 -0.06754879
v -0.00857900 -0.00144531 -0.06776364
v -0.00842275 -0.00320313 -0.06754879
v -0.01248525 -0.00497070 -0.06518550
v -0.00795400 -0.00497070 -0.06721675
v -0.07545401 0.00026367 0.02432622
v -0.07561026 -0.00071289 0.02485356
v -0.07545401 0.00026367 0.02432622
v -0.07561026 0.00026367 0.02512700
v -0.07561026 -0.00071289 0.02485356
v -0.07561026 0.00026367 0.02512700
v -0.07576651 0.00026367 0.02674810
v -0.07576651 0.00026367 0.02674810
v -0.07561026 0.00026367 0.02512700
v -0.07561026 0.00153320 0.02510747
v -0.07576651 0.00026367 0.02674810
v -0.07561026 0.00153320 0.02510747
v -0.07561026 0.00153320 0.02670903
v -0.07561026 0.00153320 0.02670903
v -0.07561026 0.00153320 0.02510747
v -0.07529776 0.00284180 0.02502935
v -0.07561026 0.00153320 0.02670903
v -0.07529776 0.00284180 0.02502935
v -0.07545401 0.00284180 0.02663091
v -0.07514151 0.00416992 0.02489263
v -0.07545401 0.00284180 0.02663091
v -0.07514151 0.00416992 0.02489263
v -0.07514151 0.00416992 0.02649419
v -0.07514151 0.00416992 0.02649419
v -0.07514151 0.00416992 0.02489263
v -0.07467276 0.00548828 0.02469731
v -0.07514151 0.00416992 0.02649419
v -0.07467276 0.00548828 0.02469731
v -0.07482901 0.00548828 0.02629888
v -0.07482901 0.00548828 0.02629888
v -0.07467276 0.00548828 0.02469731
v -0.07420401 0.00677734 0.02444341
v -0.07482901 0.00548828 0.02629888
v -0.07420401 0.00677734 0.02444341
v -0.07420401 0.00677734 0.02602544
v -0.07420401 0.00677734 0.02602544
v -0.07420401 0.00677734 0.02444341
v -0.07357901 0.00802734 0.02411138
v -0.07357901 0.00802734 0.02571294
v -0.07357901 0.00802734 0.02571294
v -0.07357901 0.00802734 0.02411138
v -0.07279776 0.00920899 0.02374028
v -0.07279776 0.00920899 0.02532231
v -0.07279776 0.00920899 0.02532231
v -0.07279776 0.00920899 0.02374028
v -0.07186026 0.01029297 0.02331060
v -0.07279776 0.00920899 0.02532231
v -0.07186026 0.01029297 0.02331060
v -0.07201651 0.01029297 0.02487310
v -0.07201651 0.01029297 0.02487310
v -0.07186026 0.01029297 0.02331060
v -0.07092276 0.01122070 0.02288091
v -0.07107901 0.01122070 0.02442388
v -0.07107901 0.01122070 0.02442388
v -0.07092276 0.01122070 0.02288091
v -0.06998526 0.01200195 0.02315435
v -0.07107901 0.01122070 0.02442388
v -0.06998526 0.01200195 0.02315435
v -0.07014151 0.01204102 0.02391606
v -0.07014151 0.01204102 0.02391606
v -0.06998526 0.01200195 0.02315435
v -0.06951651 0.01243164 0.02424810
v -0.07014151 0.01204102 0.02391606
v -0.06951651 0.01243164 0.02424810
v -0.07014151 0.01204102 0.02545903
v -0.07014151 0.01204102 0.02545903
v -0.06951651 0.01243164 0.02424810
v -0.06920401 0.01277344 0.02565435
v -0.07045401 0.01204102 0.02852544
v -0.07045401 0.01204102 0.02852544
v -0.06920401 0.01277344 0.02565435
v -0.06936026 0.01274414 0.02795903
v -0.07045401 0.01204102 0.02852544
v -0.06936026 0.01274414 0.02795903
v -0.07045401 0.01204102 0.03161138
v -0.07045401 0.01204102 0.03161138
v -0.06936026 0.01274414 0.02795903
v -0.06951651 0.01274414 0.03102544
v -0.07045401 0.01204102 0.03161138
v -0.06951651 0.01274414 0.03102544
v -0.07045401 0.01204102 0.03469731
v -0.06951651 0.01274414 0.03407231
v -0.07045401 0.01204102 0.03776372
v -0.07045401 0.01204102 0.03776372
v -0.06951651 0.01274414 0.03407231
v -0.06936026 0.01274414 0.03711919
v -0.07029776 0.01204102 0.04083012
v -0.06920401 0.01274414 0.04014653
v -0.07029776 0.01204102 0.04083012
v -0.06920401 0.01274414 0.04014653
v -0.06936026 0.01266602 0.04139653
v -0.06936026 0.01266602 0.04139653
v -0.06920401 0.01274414 0.04014653
v -0.06889151 0.01295898 0.03975590
v -0.06889151 0.01295898 0.03975590
v -0.06920401 0.01274414 0.04014653
v -0.06936026 0.01274414 0.03711919
v -0.06889151 0.01295898 0.03975590
v -0.06936026 0.01274414 0.03711919
v -0.06873526 0.01315430 0.03807622
v -0.06873526 0.01315430 0.03807622
v -0.06936026 0.01274414 0.03711919
v -0.06842276 0.01333008 0.03459965
v -0.06842276 0.01333008 0.03459965
v -0.06936026 0.01274414 0.03711919
v -0.06951651 0.01274414 0.03407231
v -0.06842276 0.01333008 0.03459965
v -0.06951651 0.01274414 0.03407231
v -0.06857901 0.01330078 0.03104497
v -0.06857901 0.01330078 0.03104497
v -0.06951651 0.01274414 0.03407231
v -0.06951651 0.01274414 0.03102544
v -0.06857901 0.01330078 0.03104497
v -0.06951651 0.01274414 0.03102544
v -0.06857901 0.01321289 0.02920903
v -0.06857901 0.01321289 0.02920903
v -0.06951651 0.01274414 0.03102544
v -0.06936026 0.01274414 0.02795903
v -0.06857901 0.01321289 0.02920903
v -0.06936026 0.01274414 0.02795903
v -0.06889151 0.01304687 0.02737310
v -0.06889151 0.01304687 0.02737310
v -0.06936026 0.01274414 0.02795903
v -0.06920401 0.01277344 0.02565435
v -0.07545401 0.00156250 0.02334966
v -0.07545401 0.00153320 0.02348638
v -0.07545401 0.00026367 0.02415044
v -0.07545401 0.00153320 0.02428716
v -0.07545401 0.00026367 0.02432622
v -0.07545401 0.00026367 0.02432622
v -0.07545401 0.00153320 0.02428716
v -0.07561026 0.00026367 0.02512700
v -0.07545401 0.00153320 0.02348638
v -0.07545401 0.00156250 0.02334966
v -0.07529776 0.00284180 0.02340825
v -0.07529776 0.00284180 0.02340825
v -0.07545401 0.00156250 0.02334966
v -0.07514151 0.00291016 0.02264653
v -0.07529776 0.00284180 0.02340825
v -0.07514151 0.00291016 0.02264653
v -0.07498526 0.00416992 0.02329106
v -0.07482901 0.00416992 0.02247075
v -0.07498526 0.00416992 0.02329106
v -0.07482901 0.00416992 0.02247075
v -0.07451651 0.00548828 0.02229497
v -0.07451651 0.00548828 0.02229497
v -0.07482901 0.00416992 0.02247075
v -0.07482901 0.00427734 0.02206060
v -0.07451651 0.00548828 0.02229497
v -0.07482901 0.00427734 0.02206060
v -0.07436026 0.00560547 0.02157231
v -0.07514151 0.00291016 0.02264653
v -0.07482901 0.00427734 0.02206060
v -0.07482901 0.00416992 0.02247075
v -0.07451651 0.00548828 0.02229497
v -0.07436026 0.00560547 0.02157231
v -0.07389151 0.00677734 0.02204106
v -0.07389151 0.00677734 0.02204106
v -0.07436026 0.00560547 0.02157231
v -0.07389151 0.00683594 0.02124028
v -0.07389151 0.00677734 0.02204106
v -0.07389151 0.00683594 0.02124028
v -0.07326651 0.00795898 0.02106450
v -0.07389151 0.00677734 0.02204106
v -0.07326651 0.00795898 0.02106450
v -0.07326651 0.00802734 0.02174810
v -0.07326651 0.00802734 0.02174810
v -0.07326651 0.00795898 0.02106450
v -0.07264151 0.00899414 0.02102544
v -0.07326651 0.00802734 0.02174810
v -0.07264151 0.00899414 0.02102544
v -0.07342276 0.00802734 0.02252935
v -0.07342276 0.00802734 0.02252935
v -0.07264151 0.00899414 0.02102544
v -0.07248526 0.00920899 0.02139653
v -0.07342276 0.00802734 0.02252935
v -0.07248526 0.00920899 0.02139653
v -0.07264151 0.00920899 0.02217778
v -0.07264151 0.00920899 0.02217778
v -0.07248526 0.00920899 0.02139653
v -0.07186026 0.00995117 0.02122075
v -0.07264151 0.00920899 0.02217778
v -0.07186026 0.00995117 0.02122075
v -0.07170401 0.01029297 0.02176763
v -0.07170401 0.01029297 0.02176763
v -0.07186026 0.00995117 0.02122075
v -0.07123526 0.01079102 0.02163091
v -0.07170401 0.01029297 0.02176763
v -0.07123526 0.01079102 0.02163091
v -0.07170401 0.01029297 0.02252935
v -0.07170401 0.01029297 0.02252935
v -0.07123526 0.01079102 0.02163091
v -0.07076651 0.01122070 0.02209966
v -0.07170401 0.01029297 0.02252935
v -0.07076651 0.01122070 0.02209966
v -0.07186026 0.01029297 0.02331060
v -0.07092276 0.01122070 0.02288091
v -0.07264151 0.00899414 0.02102544
v -0.07186026 0.00995117 0.02122075
v -0.07248526 0.00920899 0.02139653
v -0.07123526 0.01079102 0.02163091
v -0.07061026 0.01148437 0.02229497
v -0.07076651 0.01122070 0.02209966
v -0.07076651 0.01122070 0.02209966
v -0.07061026 0.01148437 0.02229497
v -0.07092276 0.01122070 0.02288091
v -0.07061026 0.01148437 0.02229497
v -0.06998526 0.01200195 0.02315435
v -0.07092276 0.01122070 0.02288091
v -0.06936026 0.01266602 0.04139653
v -0.06982901 0.01220703 0.04290044
v -0.07029776 0.01204102 0.04083012
v -0.07029776 0.01204102 0.04083012
v -0.06982901 0.01220703 0.04290044
v -0.07014151 0.01189453 0.04356450
v -0.07029776 0.01204102 0.04083012
v -0.07014151 0.01189453 0.04356450
v -0.07107901 0.01122070 0.04149419
v -0.07107901 0.01122070 0.04149419
v -0.07014151 0.01189453 0.04356450
v -0.07061026 0.01151367 0.04416997
v -0.07107901 0.01122070 0.04149419
v -0.07061026 0.01151367 0.04416997
v -0.07092276 0.01105469 0.04465825
v -0.07107901 0.01122070 0.04149419
v -0.07092276 0.01105469 0.04465825
v -0.07201651 0.01029297 0.04208012
v -0.07201651 0.01029297 0.04208012
v -0.07092276 0.01105469 0.04465825
v -0.07139151 0.01053711 0.04504887
v -0.07201651 0.01029297 0.04208012
v -0.07139151 0.01053711 0.04504887
v -0.07186026 0.00996094 0.04530278
v -0.07186026 0.00996094 0.04530278
v -0.07232901 0.00934570 0.04543950
v -0.07201651 0.01029297 0.04208012
v -0.07279776 0.00920899 0.04266606
v -0.07201651 0.01029297 0.04208012
v -0.07279776 0.00920899 0.04266606
v -0.07217276 0.01029297 0.03897465
v -0.07295401 0.00920899 0.03952153
v -0.07232901 0.01029297 0.03583012
v -0.07311026 0.00920899 0.03635747
v -0.07232901 0.01029297 0.03583012
v -0.07311026 0.00920899 0.03635747
v -0.07232901 0.01029297 0.03270512
v -0.07311026 0.00920899 0.03321294
v -0.07232901 0.01029297 0.03270512
v -0.07311026 0.00920899 0.03321294
v -0.07217276 0.01029297 0.02956060
v -0.07217276 0.01029297 0.02956060
v -0.07311026 0.00920899 0.03321294
v -0.07311026 0.00920899 0.03004888
v -0.07217276 0.01029297 0.02956060
v -0.07311026 0.00920899 0.03004888
v -0.07201651 0.01029297 0.02643560
v -0.07295401 0.00920899 0.02688481
v -0.07201651 0.01029297 0.02643560
v -0.07295401 0.00920899 0.02688481
v -0.07201651 0.01029297 0.02487310
v -0.07295401 0.00920899 0.02688481
v -0.07232901 0.00934570 0.04543950
v -0.07326651 0.00803711 0.04545903
v -0.07279776 0.00920899 0.04266606
v -0.07279776 0.00920899 0.04266606
v -0.07326651 0.00803711 0.04545903
v -0.07342276 0.00802734 0.04317387
v -0.07279776 0.00920899 0.04266606
v -0.07342276 0.00802734 0.04317387
v -0.07295401 0.00920899 0.03952153
v -0.07295401 0.00920899 0.03952153
v -0.07342276 0.00802734 0.04317387
v -0.07373526 0.00802734 0.04000981
v -0.07295401 0.00920899 0.03952153
v -0.07373526 0.00802734 0.04000981
v -0.07311026 0.00920899 0.03635747
v -0.07389151 0.00802734 0.03682622
v -0.07311026 0.00920899 0.03635747
v -0.07389151 0.00802734 0.03682622
v -0.07311026 0.00920899 0.03321294
v -0.07389151 0.00802734 0.03364262
v -0.07311026 0.00920899 0.03004888
v -0.07389151 0.00802734 0.03047856
v -0.07311026 0.00920899 0.03004888
v -0.07389151 0.00802734 0.03047856
v -0.07295401 0.00920899 0.02688481
v -0.07373526 0.00802734 0.02729497
v -0.07295401 0.00920899 0.02688481
v -0.07373526 0.00802734 0.02729497
v -0.07279776 0.00920899 0.02532231
v -0.07357901 0.00802734 0.02571294
v -0.07326651 0.00803711 0.04545903
v -0.07389151 0.00663086 0.04522465
v -0.07342276 0.00802734 0.04317387
v -0.07342276 0.00802734 0.04317387
v -0.07389151 0.00663086 0.04522465
v -0.07404776 0.00677734 0.04360356
v -0.07342276 0.00802734 0.04317387
v -0.07404776 0.00677734 0.04360356
v -0.07373526 0.00802734 0.04000981
v -0.07373526 0.00802734 0.04000981
v -0.07404776 0.00677734 0.04360356
v -0.07420401 0.00677734 0.04041997
v -0.07389151 0.00802734 0.03682622
v -0.07389151 0.00802734 0.03682622
v -0.07420401 0.00677734 0.04041997
v -0.07451651 0.00677734 0.03721684
v -0.07389151 0.00802734 0.03682622
v -0.07451651 0.00677734 0.03721684
v -0.07389151 0.00802734 0.03364262
v -0.07451651 0.00677734 0.03403325
v -0.07389151 0.00802734 0.03047856
v -0.07451651 0.00677734 0.03083013
v -0.07389151 0.00802734 0.03047856
v -0.07451651 0.00677734 0.03083013
v -0.07373526 0.00802734 0.02729497
v -0.07436026 0.00677734 0.02762700
v -0.07373526 0.00802734 0.02729497
v -0.07436026 0.00677734 0.02762700
v -0.07357901 0.00802734 0.02571294
v -0.07420401 0.00677734 0.02602544
v -0.07404776 0.00677734 0.04360356
v -0.07389151 0.00663086 0.04522465
v -0.07451651 0.00548828 0.04393559
v -0.07451651 0.00548828 0.04393559
v -0.07389151 0.00663086 0.04522465
v -0.07451651 0.00507813 0.04475590
v -0.07451651 0.00548828 0.04393559
v -0.07451651 0.00507813 0.04475590
v -0.07482901 0.00416992 0.04420903
v -0.07482901 0.00416992 0.04420903
v -0.07451651 0.00507813 0.04475590
v -0.07498526 0.00343750 0.04409184
v -0.07482901 0.00416992 0.04420903
v -0.07498526 0.00343750 0.04409184
v -0.07514151 0.00416992 0.04100590
v -0.07514151 0.00416992 0.04100590
v -0.07498526 0.00343750 0.04409184
v -0.07545401 0.00284180 0.04118169
v -0.07514151 0.00416992 0.04100590
v -0.07545401 0.00284180 0.04118169
v -0.07529776 0.00416992 0.03778325
v -0.07561026 0.00284180 0.03793950
v -0.07545401 0.00416992 0.03456059
v -0.07545401 0.00416992 0.03456059
v -0.07561026 0.00284180 0.03793950
v -0.07561026 0.00284180 0.03471684
v -0.07545401 0.00416992 0.03133794
v -0.07561026 0.00284180 0.03147466
v -0.07545401 0.00416992 0.03133794
v -0.07561026 0.00284180 0.03147466
v -0.07529776 0.00416992 0.02811528
v -0.07529776 0.00416992 0.02811528
v -0.07561026 0.00284180 0.03147466
v -0.07561026 0.00284180 0.02825200
v -0.07529776 0.00416992 0.02811528
v -0.07561026 0.00284180 0.02825200
v -0.07545401 0.00284180 0.02663091
v -0.07498526 0.00343750 0.04409184
v -0.07529776 0.00180664 0.04329106
v -0.07545401 0.00284180 0.04118169
v -0.07545401 0.00284180 0.04118169
v -0.07529776 0.00180664 0.04329106
v -0.07561026 0.00153320 0.04127934
v -0.07545401 0.00284180 0.04118169
v -0.07561026 0.00153320 0.04127934
v -0.07561026 0.00284180 0.03793950
v -0.07576651 0.00153320 0.03803715
v -0.07576651 0.00153320 0.03803715
v -0.07576651 0.00153320 0.03481450
v -0.07576651 0.00153320 0.03157231
v -0.07561026 0.00284180 0.02825200
v -0.07576651 0.00153320 0.02833013
v -0.07561026 0.00284180 0.02825200
v -0.07576651 0.00153320 0.02833013
v -0.07529776 0.00180664 0.04329106
v -0.07545401 0.00025391 0.04235356
v -0.07561026 0.00153320 0.04127934
v -0.07561026 0.00153320 0.04127934
v -0.07545401 0.00025391 0.04235356
v -0.07561026 0.00026367 0.04129887
v -0.07561026 0.00153320 0.04127934
v -0.07561026 0.00026367 0.04129887
v -0.07576651 0.00153320 0.03803715
v -0.07576651 0.00026367 0.03807622
v -0.07576651 0.00153320 0.03803715
v -0.07576651 0.00026367 0.03807622
v -0.07576651 0.00153320 0.03481450
v -0.07576651 0.00153320 0.03481450
v -0.07576651 0.00026367 0.03807622
v -0.07592276 0.00026367 0.03483403
v -0.07592276 0.00026367 0.03483403
v -0.07592276 0.00026367 0.03159185
v -0.07576651 0.00153320 0.02833013
v -0.07592276 0.00026367 0.03159185
v -0.07576651 0.00026367 0.02834966
v -0.07576651 0.00153320 0.02833013
v -0.07576651 0.00026367 0.02834966
v -0.07561026 0.00153320 0.02670903
v -0.07576651 0.00026367 0.02834966
v -0.07545401 0.00025391 0.04235356
v -0.07561026 -0.00088867 0.04151372
v -0.07561026 0.00026367 0.04129887
v -0.07561026 0.00026367 0.04129887
v -0.07561026 -0.00088867 0.04151372
v -0.07561026 -0.00105469 0.04127934
v -0.07561026 -0.00105469 0.04127934
v -0.07576651 -0.00105469 0.03803715
v -0.07592276 0.00026367 0.03483403
v -0.07592276 0.00026367 0.03483403
v -0.07576651 -0.00105469 0.03803715
v -0.07576651 -0.00105469 0.03481450
v -0.07592276 0.00026367 0.03159185
v -0.07576651 -0.00105469 0.03157231
v -0.07592276 0.00026367 0.03159185
v -0.07576651 -0.00105469 0.03157231
v -0.07576651 0.00026367 0.02834966
v -0.07576651 0.00026367 0.02834966
v -0.07576651 -0.00105469 0.03157231
v -0.07576651 -0.00105469 0.02833013
v -0.07576651 0.00026367 0.02674810
v -0.07576651 0.00026367 0.02674810
v -0.07576651 -0.00105469 0.02833013
v -0.07561026 -0.00105469 0.02670903
v -0.07576651 0.00026367 0.02674810
v -0.07561026 -0.00105469 0.02670903
v -0.07561026 -0.00071289 0.02485356
v -0.07561026 -0.00071289 0.02485356
v -0.07561026 -0.00105469 0.02670903
v -0.07545401 -0.00164063 0.02563481
v -0.07545401 -0.00164063 0.02563481
v -0.07561026 -0.00105469 0.02670903
v -0.07545401 -0.00240234 0.02663091
v -0.07545401 -0.00164063 0.02563481
v -0.07545401 -0.00240234 0.02663091
v -0.07545401 -0.00250000 0.02649419
v -0.07545401 -0.00250000 0.02649419
v -0.07545401 -0.00240234 0.02663091
v -0.07529776 -0.00326172 0.02745122
v -0.07529776 -0.00326172 0.02745122
v -0.07545401 -0.00240234 0.02663091
v -0.07561026 -0.00240234 0.02823247
v -0.07529776 -0.00326172 0.02745122
v -0.07561026 -0.00240234 0.02823247
v -0.07529776 -0.00391602 0.02848638
v -0.07529776 -0.00391602 0.02848638
v -0.07561026 -0.00240234 0.02823247
v -0.07529776 -0.00376953 0.03131841
v -0.07529776 -0.00391602 0.02848638
v -0.07529776 -0.00376953 0.03131841
v -0.07514151 -0.00444336 0.02961919
v -0.07514151 -0.00444336 0.02961919
v -0.07529776 -0.00376953 0.03131841
v -0.07498526 -0.00482422 0.03081060
v -0.07498526 -0.00482422 0.03081060
v -0.07529776 -0.00376953 0.03131841
v -0.07498526 -0.00505859 0.03206059
v -0.07498526 -0.00505859 0.03206059
v -0.07529776 -0.00376953 0.03131841
v -0.07498526 -0.00512695 0.03336919
v -0.07498526 -0.00512695 0.03336919
v -0.07529776 -0.00376953 0.03131841
v -0.07545401 -0.00376953 0.03454106
v -0.07498526 -0.00512695 0.03336919
v -0.07545401 -0.00376953 0.03454106
v -0.07498526 -0.00502930 0.03467778
v -0.07498526 -0.00502930 0.03467778
v -0.07545401 -0.00376953 0.03454106
v -0.07514151 -0.00474609 0.03598637
v -0.07514151 -0.00474609 0.03598637
v -0.07545401 -0.00376953 0.03454106
v -0.07514151 -0.00429688 0.03725590
v -0.07514151 -0.00429688 0.03725590
v -0.07545401 -0.00376953 0.03454106
v -0.07529776 -0.00376953 0.03776372
v -0.07514151 -0.00429688 0.03725590
v -0.07529776 -0.00376953 0.03776372
v -0.07529776 -0.00366211 0.03846684
v -0.07529776 -0.00366211 0.03846684
v -0.07529776 -0.00376953 0.03776372
v -0.07561026 -0.00240234 0.03793950
v -0.07545401 -0.00286133 0.03958012
v -0.07545401 -0.00286133 0.03958012
v -0.07561026 -0.00240234 0.03793950
v -0.07545401 -0.00193359 0.04059575
v -0.07545401 -0.00193359 0.04059575
v -0.07561026 -0.00240234 0.03793950
v -0.07576651 -0.00105469 0.03803715
v -0.07545401 -0.00193359 0.04059575
v -0.07576651 -0.00105469 0.03803715
v -0.07561026 -0.00105469 0.04127934
v -0.07561026 -0.00088867 0.04151372
v -0.07545401 -0.00193359 0.04059575
v -0.07561026 -0.00105469 0.04127934
v -0.07186026 0.01029297 0.02331060
v -0.07279776 0.00920899 0.02374028
v -0.07170401 0.01029297 0.02252935
v -0.07264151 0.00920899 0.02295903
v -0.07170401 0.01029297 0.02252935
v -0.07264151 0.00920899 0.02295903
v -0.07170401 0.01029297 0.02176763
v -0.07264151 0.00920899 0.02217778
v -0.07279776 0.00920899 0.02374028
v -0.07357901 0.00802734 0.02411138
v -0.07264151 0.00920899 0.02295903
v -0.07342276 0.00802734 0.02333013
v -0.07264151 0.00920899 0.02295903
v -0.07342276 0.00802734 0.02333013
v -0.07264151 0.00920899 0.02217778
v -0.07342276 0.00802734 0.02252935
v -0.07357901 0.00802734 0.02411138
v -0.07420401 0.00677734 0.02444341
v -0.07342276 0.00802734 0.02333013
v -0.07404776 0.00677734 0.02364263
v -0.07342276 0.00802734 0.02333013
v -0.07404776 0.00677734 0.02364263
v -0.07342276 0.00802734 0.02252935
v -0.07404776 0.00677734 0.02284185
v -0.07342276 0.00802734 0.02252935
v -0.07404776 0.00677734 0.02284185
v -0.07326651 0.00802734 0.02174810
v -0.07326651 0.00802734 0.02174810
v -0.07404776 0.00677734 0.02284185
v -0.07389151 0.00677734 0.02204106
v -0.07420401 0.00677734 0.02444341
v -0.07467276 0.00548828 0.02469731
v -0.07404776 0.00677734 0.02364263
v -0.07404776 0.00677734 0.02364263
v -0.07467276 0.00548828 0.02469731
v -0.07467276 0.00548828 0.02389653
v -0.07404776 0.00677734 0.02284185
v -0.07404776 0.00677734 0.02284185
v -0.07467276 0.00548828 0.02389653
v -0.07451651 0.00548828 0.02309575
v -0.07389151 0.00677734 0.02204106
v -0.07389151 0.00677734 0.02204106
v -0.07451651 0.00548828 0.02309575
v -0.07451651 0.00548828 0.02229497
v -0.07467276 0.00548828 0.02389653
v -0.07467276 0.00548828 0.02389653
v -0.07514151 0.00416992 0.02489263
v -0.07498526 0.00416992 0.02409185
v -0.07451651 0.00548828 0.02309575
v -0.07451651 0.00548828 0.02309575
v -0.07498526 0.00416992 0.02409185
v -0.07498526 0.00416992 0.02329106
v -0.07451651 0.00548828 0.02229497
v -0.07514151 0.00416992 0.02489263
v -0.07529776 0.00284180 0.02502935
v -0.07498526 0.00416992 0.02409185
v -0.07498526 0.00416992 0.02409185
v -0.07529776 0.00284180 0.02420903
v -0.07498526 0.00416992 0.02329106
v -0.07529776 0.00284180 0.02340825
v -0.07529776 0.00284180 0.02420903
v -0.07561026 0.00153320 0.02510747
v -0.07545401 0.00153320 0.02428716
v -0.07529776 0.00284180 0.02420903
v -0.07545401 0.00153320 0.02428716
v -0.07529776 0.00284180 0.02340825
v -0.07545401 0.00153320 0.02348638
v -0.07561026 0.00153320 0.02510747
v -0.07561026 0.00026367 0.02512700
v -0.07545401 0.00153320 0.02428716
v -0.07201651 0.01029297 0.02643560
v -0.07201651 0.01029297 0.02487310
v -0.07107901 0.01122070 0.02442388
v -0.07107901 0.01122070 0.02442388
v -0.07014151 0.01204102 0.02391606
v -0.07123526 0.01122070 0.02596685
v -0.07123526 0.01122070 0.02596685
v -0.07014151 0.01204102 0.02391606
v -0.07014151 0.01204102 0.02545903
v -0.07123526 0.01122070 0.02596685
v -0.07014151 0.01204102 0.02545903
v -0.07139151 0.01122070 0.02907231
v -0.07139151 0.01122070 0.02907231
v -0.07014151 0.01204102 0.02545903
v -0.07045401 0.01204102 0.02852544
v -0.07139151 0.01122070 0.02907231
v -0.07045401 0.01204102 0.02852544
v -0.07139151 0.01122070 0.03217778
v -0.07045401 0.01204102 0.03161138
v -0.07139151 0.01122070 0.03528325
v -0.07045401 0.01204102 0.03469731
v -0.07139151 0.01122070 0.03528325
v -0.07045401 0.01204102 0.03469731
v -0.07123526 0.01122070 0.03838872
v -0.07123526 0.01122070 0.03838872
v -0.07045401 0.01204102 0.03469731
v -0.07045401 0.01204102 0.03776372
v -0.07123526 0.01122070 0.03838872
v -0.07045401 0.01204102 0.03776372
v -0.07107901 0.01122070 0.04149419
v -0.07029776 0.01204102 0.04083012
v -0.07482901 0.00548828 0.02790044
v -0.07482901 0.00548828 0.02790044
v -0.07420401 0.00677734 0.02602544
v -0.07436026 0.00677734 0.02762700
v -0.07482901 0.00548828 0.02790044
v -0.07436026 0.00677734 0.02762700
v -0.07498526 0.00548828 0.03110356
v -0.07451651 0.00677734 0.03083013
v -0.07498526 0.00548828 0.03110356
v -0.07451651 0.00677734 0.03083013
v -0.07498526 0.00548828 0.03432622
v -0.07451651 0.00677734 0.03403325
v -0.07498526 0.00548828 0.03752934
v -0.07451651 0.00677734 0.03721684
v -0.07498526 0.00548828 0.03752934
v -0.07451651 0.00677734 0.03721684
v -0.07482901 0.00548828 0.04075200
v -0.07482901 0.00548828 0.04075200
v -0.07451651 0.00677734 0.03721684
v -0.07420401 0.00677734 0.04041997
v -0.07451651 0.00548828 0.04393559
v -0.07451651 0.00548828 0.04393559
v -0.07420401 0.00677734 0.04041997
v -0.07404776 0.00677734 0.04360356
v -0.07561026 -0.00240234 0.02823247
v -0.07545401 -0.00240234 0.02663091
v -0.07217276 0.01029297 0.02956060
v -0.07201651 0.01029297 0.02643560
v -0.07123526 0.01122070 0.02596685
v -0.07123526 0.01122070 0.02596685
v -0.07201651 0.01029297 0.02643560
v -0.07107901 0.01122070 0.02442388
v -0.07139151 0.01122070 0.02907231
v -0.07545401 0.00416992 0.03133794
v -0.07529776 0.00416992 0.02811528
v -0.07482901 0.00548828 0.02790044
v -0.07529776 0.00416992 0.02811528
v -0.07482901 0.00548828 0.02629888
v -0.07561026 -0.00240234 0.02823247
v -0.07576651 -0.00105469 0.02833013
v -0.07561026 -0.00240234 0.03147466
v -0.07561026 -0.00240234 0.03471684
v -0.07561026 -0.00240234 0.03793950
v -0.07232901 0.01029297 0.03270512
v -0.07232901 0.01029297 0.03270512
v -0.07139151 0.01122070 0.02907231
v -0.07139151 0.01122070 0.03217778
v -0.07545401 0.00416992 0.03456059
v -0.07545401 0.00416992 0.03133794
v -0.07545401 -0.00376953 0.03454106
v -0.07529776 -0.00376953 0.03131841
v -0.07561026 -0.00240234 0.03147466
v -0.07561026 -0.00240234 0.03147466
v -0.07529776 -0.00376953 0.03131841
v -0.07561026 -0.00240234 0.02823247
v -0.07545401 -0.00376953 0.03454106
v -0.07561026 -0.00240234 0.03147466
v -0.07561026 -0.00240234 0.03471684
v -0.07232901 0.01029297 0.03583012
v -0.07139151 0.01122070 0.03528325
v -0.07529776 0.00416992 0.03778325
v -0.07545401 0.00416992 0.03456059
v -0.07498526 0.00548828 0.03432622
v -0.07529776 0.00416992 0.03778325
v -0.07498526 0.00548828 0.03432622
v -0.07498526 0.00548828 0.03752934
v -0.07529776 -0.00376953 0.03776372
v -0.07545401 -0.00376953 0.03454106
v -0.07561026 -0.00240234 0.03471684
v -0.07529776 -0.00376953 0.03776372
v -0.07561026 -0.00240234 0.03471684
v -0.07561026 -0.00240234 0.03793950
v -0.07217276 0.01029297 0.03897465
v -0.07232901 0.01029297 0.03583012
v -0.07139151 0.01122070 0.03528325
v -0.07123526 0.01122070 0.03838872
v -0.07514151 0.00416992 0.04100590
v -0.07529776 0.00416992 0.03778325
v -0.07498526 0.00548828 0.03752934
v -0.07482901 0.00548828 0.04075200
v -0.07201651 0.01029297 0.04208012
v -0.07107901 0.01122070 0.04149419
v -0.07482901 0.00416992 0.04420903
v -0.07514151 0.00416992 0.04100590
v -0.07482901 0.00548828 0.04075200
v -0.07451651 0.00548828 0.04393559
v 0.00345225 -0.04745117 0.06799810
v 0.00392100 -0.04745117 0.06799810
v 0.00376475 -0.04619141 0.06799810
v 0.00392100 -0.04491211 0.06799810
v 0.00392100 -0.04363281 0.06799810
v 0.00001475 -0.05463867 0.05299809
v 0.00079600 -0.05365234 0.05432622
v 0.00157725 -0.05232422 0.05299809
v 0.00157725 -0.05232422 0.05299809
v 0.00079600 -0.05365234 0.05432622
v 0.00142100 -0.05262695 0.05551762
v 0.00157725 -0.05232422 0.05299809
v 0.00142100 -0.05262695 0.05551762
v 0.00188975 -0.05155273 0.05661137
v 0.00157725 -0.05232422 0.05299809
v 0.00188975 -0.05155273 0.05661137
v 0.00267100 -0.04982422 0.05299809
v 0.00267100 -0.04982422 0.05299809
v 0.00188975 -0.05155273 0.05661137
v 0.00251475 -0.05045898 0.05754887
v 0.00267100 -0.04982422 0.05299809
v 0.00251475 -0.05045898 0.05754887
v 0.00313975 -0.04853516 0.05717778
v 0.00267100 -0.04982422 0.05299809
v 0.00313975 -0.04853516 0.05717778
v 0.00345225 -0.04716797 0.05299809
v 0.00345225 -0.04745117 0.05702153
v 0.00345225 -0.04716797 0.05299809
v 0.00345225 -0.04745117 0.05702153
v 0.00345225 -0.04745117 0.06799810
v 0.00345225 -0.04745117 0.06799810
v 0.00376475 -0.04619141 0.06799810
v 0.00345225 -0.04716797 0.05299809
v 0.00345225 -0.04716797 0.05299809
v 0.00376475 -0.04619141 0.06799810
v 0.00392100 -0.04443359 0.05299809
v 0.00392100 -0.04443359 0.05299809
v 0.00376475 -0.04619141 0.06799810
v 0.00392100 -0.04491211 0.06799810
v 0.00392100 -0.04443359 0.05299809
v 0.00392100 -0.04491211 0.06799810
v 0.00392100 -0.04363281 0.06799810
v 0.00392100 -0.04324219 0.06799810
v 0.00392100 -0.04286133 0.06799810
v 0.00392100 -0.04166992 0.05299809
v 0.00392100 -0.04247070 0.06799810
v 0.00392100 -0.04145508 0.06799810
v 0.00392100 -0.04145508 0.06799810
v 0.00376475 -0.04044922 0.06799810
v 0.00392100 -0.04166992 0.05299809
v 0.00392100 -0.04166992 0.05299809
v 0.00376475 -0.04044922 0.06799810
v 0.00360850 -0.03945312 0.05692387
v 0.00392100 -0.04166992 0.05299809
v 0.00360850 -0.03945312 0.05692387
v 0.00345225 -0.03892578 0.05299809
v 0.00345225 -0.03892578 0.05299809
v 0.00360850 -0.03945312 0.05692387
v 0.00313975 -0.03755859 0.05717778
v 0.00345225 -0.03892578 0.05299809
v 0.00313975 -0.03755859 0.05717778
v 0.00267100 -0.03627930 0.05299809
v 0.00267100 -0.03627930 0.05299809
v 0.00313975 -0.03755859 0.05717778
v 0.00251475 -0.03564453 0.05754887
v 0.00267100 -0.03627930 0.05299809
v 0.00251475 -0.03564453 0.05754887
v 0.00188975 -0.03454101 0.05661137
v 0.00360850 -0.03945312 0.06799810
v 0.00360850 -0.03945312 0.05692387
v 0.00267100 -0.03627930 0.05299809
v 0.00188975 -0.03454101 0.05661137
v 0.00157725 -0.03376953 0.05299809
v 0.00157725 -0.03376953 0.05299809
v 0.00188975 -0.03454101 0.05661137
v 0.00142100 -0.03347656 0.05551762
v 0.00157725 -0.03376953 0.05299809
v 0.00142100 -0.03347656 0.05551762
v 0.00079600 -0.03245117 0.05432622
v 0.00079600 -0.03245117 0.05432622
v 0.00001475 -0.03146484 0.05299809
v 0.00157725 -0.03376953 0.05299809
v -0.00139150 -0.05630859 0.06799810
v -0.00139150 -0.05630859 0.05299809
v -0.00279775 -0.05759766 0.06795903
v -0.00279775 -0.05759766 0.06795903
v -0.00139150 -0.05630859 0.05299809
v -0.00357900 -0.05815430 0.05299809
v -0.00279775 -0.05759766 0.06795903
v -0.00357900 -0.05815430 0.05299809
v -0.00467275 -0.05896484 0.06782231
v -0.00467275 -0.05896484 0.06782231
v -0.00357900 -0.05815430 0.05299809
v -0.00592275 -0.05967773 0.05299809
v -0.00467275 -0.05896484 0.06782231
v -0.00592275 -0.05967773 0.05299809
v -0.00623525 -0.05986328 0.06768560
v -0.00623525 -0.05986328 0.06768560
v -0.00592275 -0.05967773 0.05299809
v -0.00842275 -0.06084961 0.05299809
v -0.00623525 -0.05986328 0.06768560
v -0.00842275 -0.06084961 0.05299809
v -0.00826650 -0.06082031 0.06749028
v -0.00826650 -0.06082031 0.06749028
v -0.00842275 -0.06084961 0.05299809
v -0.01045400 -0.06150391 0.06731450
v -0.01045400 -0.06150391 0.06731450
v -0.00842275 -0.06084961 0.05299809
v -0.01107900 -0.06163086 0.05299809
v -0.01045400 -0.06150391 0.06731450
v -0.01107900 -0.06163086 0.05299809
v -0.01279775 -0.06191406 0.06719731
v -0.01279775 -0.06191406 0.06719731
v -0.01107900 -0.06163086 0.05299809
v -0.01389150 -0.06201172 0.05299809
v -0.01279775 -0.06191406 0.06719731
v -0.01389150 -0.06201172 0.05299809
v -0.01389150 -0.06201172 0.06715825
v -0.01389150 -0.06201172 0.06715825
v -0.01389150 -0.06201172 0.05299809
v -0.01623525 -0.06201172 0.06715825
v -0.01623525 -0.06201172 0.06715825
v -0.01389150 -0.06201172 0.05299809
v -0.01654775 -0.06198242 0.05299809
v -0.01623525 -0.06201172 0.06715825
v -0.01654775 -0.06198242 0.05299809
v -0.01732900 -0.06191406 0.06719731
v -0.01732900 -0.06191406 0.06719731
v -0.01654775 -0.06198242 0.05299809
v -0.01936025 -0.06155273 0.05299809
v -0.01732900 -0.06191406 0.06719731
v -0.01936025 -0.06155273 0.05299809
v -0.01951650 -0.06150391 0.06731450
v -0.01951650 -0.06150391 0.06731450
v -0.01936025 -0.06155273 0.05299809
v -0.02061025 -0.06119141 0.06739263
v -0.02061025 -0.06119141 0.06739263
v -0.01936025 -0.06155273 0.05299809
v -0.02201650 -0.06071289 0.05299809
v -0.02061025 -0.06119141 0.06739263
v -0.02201650 -0.06071289 0.05299809
v -0.02232900 -0.06061523 0.06752935
v -0.02232900 -0.06061523 0.06752935
v -0.02201650 -0.06071289 0.05299809
v -0.02451650 -0.05950195 0.05299809
v -0.02436025 -0.05960937 0.06772467
v -0.02436025 -0.05960937 0.06772467
v -0.02451650 -0.05950195 0.05299809
v -0.02592275 -0.05866211 0.06786138
v -0.02592275 -0.05866211 0.06786138
v -0.02451650 -0.05950195 0.05299809
v -0.02686025 -0.05793945 0.05299809
v -0.02592275 -0.05866211 0.06786138
v -0.02686025 -0.05793945 0.05299809
v -0.02764150 -0.05723633 0.06797856
v -0.02764150 -0.05723633 0.06797856
v -0.02686025 -0.05793945 0.05299809
v -0.02889150 -0.05604492 0.05299809
v -0.02764150 -0.05723633 0.06797856
v -0.02889150 -0.05604492 0.05299809
v -0.02857900 -0.05630859 0.06799810
v -0.02857900 -0.05630859 0.06799810
v -0.02889150 -0.05604492 0.05299809
v -0.03045400 -0.05416016 0.06799810
v -0.03045400 -0.05416016 0.06799810
v -0.02889150 -0.05604492 0.05299809
v -0.03061025 -0.05387695 0.05299809
v -0.03045400 -0.05416016 0.06799810
v -0.03061025 -0.05387695 0.05299809
v -0.03186025 -0.05176758 0.06799810
v -0.03201650 -0.05147461 0.05299809
v -0.03186025 -0.05176758 0.06799810
v -0.03201650 -0.05147461 0.05299809
v -0.03295400 -0.04917969 0.06799810
v -0.03311025 -0.04889648 0.05299809
v -0.03295400 -0.04917969 0.06799810
v -0.03311025 -0.04889648 0.05299809
v -0.03373525 -0.04646484 0.06799810
v -0.03373525 -0.04646484 0.06799810
v -0.03311025 -0.04889648 0.05299809
v -0.03373525 -0.04618164 0.05299809
v -0.03373525 -0.04646484 0.06799810
v -0.03373525 -0.04618164 0.05299809
v -0.03404775 -0.04368164 0.06799810
v -0.03404775 -0.04340820 0.05299809
v -0.03404775 -0.04368164 0.06799810
v -0.03404775 -0.04340820 0.05299809
v -0.03389150 -0.04087891 0.06799810
v -0.03389150 -0.04062500 0.05299809
v -0.03389150 -0.04087891 0.06799810
v -0.03389150 -0.04062500 0.05299809
v -0.03342275 -0.03811523 0.06799810
v -0.03342275 -0.03811523 0.06799810
v -0.03389150 -0.04062500 0.05299809
v -0.03326650 -0.03789062 0.05299809
v -0.03342275 -0.03811523 0.06799810
v -0.03326650 -0.03789062 0.05299809
v -0.03248525 -0.03546875 0.06799810
v -0.03248525 -0.03546875 0.06799810
v -0.03326650 -0.03789062 0.05299809
v -0.03232900 -0.03526367 0.05299809
v -0.03248525 -0.03546875 0.06799810
v -0.03232900 -0.03526367 0.05299809
v -0.03107900 -0.03298828 0.06799810
v -0.03107900 -0.03298828 0.06799810
v -0.03232900 -0.03526367 0.05299809
v -0.03107900 -0.03281250 0.05299809
v -0.03107900 -0.03298828 0.06799810
v -0.03107900 -0.03281250 0.05299809
v -0.02951650 -0.03072266 0.06799810
v -0.02951650 -0.03072266 0.06799810
v -0.03107900 -0.03281250 0.05299809
v -0.02936025 -0.03058594 0.05299809
v -0.02951650 -0.03072266 0.06799810
v -0.02936025 -0.03058594 0.05299809
v -0.02748525 -0.02873047 0.06799810
v -0.02748525 -0.02873047 0.06799810
v -0.02936025 -0.03058594 0.05299809
v -0.02732900 -0.02861328 0.05299809
v -0.02748525 -0.02873047 0.06799810
v -0.02732900 -0.02861328 0.05299809
v -0.02529775 -0.02704102 0.06799810
v -0.02529775 -0.02704102 0.06799810
v -0.02732900 -0.02861328 0.05299809
v -0.02514150 -0.02696289 0.05299809
v -0.02529775 -0.02704102 0.06799810
v -0.02514150 -0.02696289 0.05299809
v -0.02279775 -0.02571289 0.06799810
v -0.02279775 -0.02571289 0.06799810
v -0.02514150 -0.02696289 0.05299809
v -0.02264150 -0.02565430 0.05299809
v -0.02279775 -0.02571289 0.06799810
v -0.02264150 -0.02565430 0.05299809
v -0.02014150 -0.02475586 0.06799810
v -0.02014150 -0.02475586 0.06799810
v -0.02264150 -0.02565430 0.05299809
v -0.01998525 -0.02472656 0.05299809
v -0.02014150 -0.02475586 0.06799810
v -0.01998525 -0.02472656 0.05299809
v -0.01748525 -0.02419922 0.06799810
v -0.01748525 -0.02419922 0.06799810
v -0.01998525 -0.02472656 0.05299809
v -0.01732900 -0.02418945 0.05299809
v -0.01748525 -0.02419922 0.06799810
v -0.01732900 -0.02418945 0.05299809
v -0.01467275 -0.02405274 0.06799810
v -0.01451650 -0.02405274 0.05299809
v -0.01467275 -0.02405274 0.06799810
v -0.01451650 -0.02405274 0.05299809
v -0.01186025 -0.02432617 0.06799810
v -0.01186025 -0.02432617 0.06799810
v -0.01451650 -0.02405274 0.05299809
v -0.01170400 -0.02433594 0.05299809
v -0.01186025 -0.02432617 0.06799810
v -0.01170400 -0.02433594 0.05299809
v -0.00904775 -0.02500000 0.06799810
v -0.00904775 -0.02500000 0.06799810
v -0.01170400 -0.02433594 0.05299809
v -0.00904775 -0.02501953 0.05299809
v -0.00904775 -0.02500000 0.06799810
v -0.00904775 -0.02501953 0.05299809
v -0.00654775 -0.02607422 0.06799810
v -0.00654775 -0.02608399 0.05299809
v -0.00654775 -0.02607422 0.06799810
v -0.00654775 -0.02608399 0.05299809
v -0.00404775 -0.02750977 0.06799810
v -0.00404775 -0.02751953 0.05299809
v -0.00404775 -0.02750977 0.06799810
v -0.00404775 -0.02751953 0.05299809
v -0.00186025 -0.02929688 0.06799810
v -0.00186025 -0.02929688 0.06799810
v -0.00404775 -0.02751953 0.05299809
v -0.00186025 -0.02929688 0.05299809
v 0.00360850 -0.03945312 0.06799810
v 0.00392100 -0.03945312 0.06799810
v 0.00360850 -0.03945312 0.05692387
v 0.00892100 -0.03945312 0.06538092
v 0.00798350 -0.03945312 0.05418950
v 0.01376475 -0.03945312 0.06239262
v 0.01220225 -0.03945312 0.05112309
v 0.01626475 -0.03945312 0.04772465
v 0.01829600 -0.03945312 0.05905278
v 0.01985850 -0.03945312 0.04401372
v 0.02267100 -0.03945312 0.05538090
v 0.02313975 -0.03945312 0.04004887
v 0.02657725 -0.03945312 0.05139653
v 0.02626475 -0.03945312 0.03581059
v 0.03032725 -0.03945312 0.04711919
v 0.02892100 -0.03945312 0.03133794
v 0.03376475 -0.03945312 0.04258794
v 0.03126475 -0.03945312 0.02668950
v 0.03673350 -0.03945312 0.03780278
v 0.03313975 -0.03945312 0.02184575
v 0.03938975 -0.03945312 0.03280278
v 0.03470225 -0.03945312 0.01688481
v 0.04173350 -0.03945312 0.02762700
v 0.03579600 -0.03945312 0.01180669
v 0.04360850 -0.03945312 0.02229497
v 0.04501475 -0.03945312 0.01682622
v 0.03657725 -0.03945312 0.00665044
v 0.04610850 -0.03945312 0.01127934
v 0.03688975 -0.03945312 0.00145513
v 0.04673350 -0.03945312 0.00565434
v 0.04688975 -0.03945312 -0.00000972
v 0.04673350 -0.03945312 -0.00565425
v 0.03688975 -0.03945312 -0.00374019
v 0.04610850 -0.03945312 -0.01127925
v 0.04501475 -0.03945312 -0.01682612
v 0.03626475 -0.03945312 -0.00891597
v 0.04360850 -0.03945312 -0.02229487
v 0.03532725 -0.03945312 -0.01403316
v 0.04173350 -0.03945312 -0.02762691
v 0.03407725 -0.03945312 -0.01907222
v 0.03938975 -0.03945312 -0.03280269
v 0.03235850 -0.03945312 -0.02399409
v 0.03673350 -0.03945312 -0.03780269
v 0.03032725 -0.03945312 -0.02874019
v 0.03376475 -0.03945312 -0.04258784
v 0.02782725 -0.03945312 -0.03333003
v 0.03032725 -0.03945312 -0.04711909
v 0.02501475 -0.03945312 -0.03768550
v 0.02657725 -0.03945312 -0.05139644
v 0.02173350 -0.03945312 -0.04182612
v 0.02267100 -0.03945312 -0.05538081
v 0.01829600 -0.03945312 -0.04567378
v 0.01829600 -0.03945312 -0.05905269
v 0.01454600 -0.03945312 -0.04924800
v 0.01376475 -0.03945312 -0.06239253
v 0.01048350 -0.03945312 -0.05250972
v 0.00892100 -0.03945312 -0.06538082
v 0.00610850 -0.03945312 -0.05541987
v 0.00392100 -0.03945312 -0.06799800
v 0.00157725 -0.03945312 -0.05799800
v -0.00686025 -0.03945312 -0.06799800
v -0.00686025 -0.03945312 -0.05799800
v 0.00251475 0.03070313 0.05754887
v 0.00251475 0.03239258 0.05754887
v 0.00126475 0.03070313 0.05540044
v -0.00092275 0.05630859 0.06799810
v -0.00264150 0.05770508 0.06795903
v -0.00092275 0.05630859 0.05299809
v -0.00092275 0.05630859 0.05299809
v -0.00264150 0.05770508 0.06795903
v -0.00326650 0.05803711 0.05299809
v -0.00326650 0.05803711 0.05299809
v -0.00264150 0.05770508 0.06795903
v -0.00467275 0.05891601 0.06782231
v -0.00561025 0.05942383 0.05299809
v -0.00561025 0.05942383 0.05299809
v -0.00467275 0.05891601 0.06782231
v -0.00717275 0.06007812 0.06764653
v -0.00561025 0.05942383 0.05299809
v -0.00717275 0.06007812 0.06764653
v -0.00826650 0.06042969 0.05299809
v -0.00826650 0.06042969 0.05299809
v -0.00717275 0.06007812 0.06764653
v -0.00936025 0.06073242 0.06750981
v -0.00826650 0.06042969 0.05299809
v -0.00936025 0.06073242 0.06750981
v -0.01092275 0.06104492 0.05299809
v -0.01092275 0.06104492 0.05299809
v -0.00936025 0.06073242 0.06750981
v -0.01154775 0.06112305 0.06741217
v -0.01092275 0.06104492 0.05299809
v -0.01154775 0.06112305 0.06741217
v -0.01264150 0.06122070 0.06739263
v -0.01092275 0.06104492 0.05299809
v -0.01264150 0.06122070 0.06739263
v -0.01373525 0.06125000 0.05299809
v -0.01373525 0.06125000 0.05299809
v -0.01264150 0.06122070 0.06739263
v -0.01482900 0.06122070 0.06739263
v -0.01373525 0.06125000 0.05299809
v -0.01482900 0.06122070 0.06739263
v -0.01654775 0.06104492 0.05299809
v -0.01654775 0.06104492 0.05299809
v -0.01482900 0.06122070 0.06739263
v -0.01701650 0.06095703 0.06745122
v -0.01654775 0.06104492 0.05299809
v -0.01701650 0.06095703 0.06745122
v -0.01826650 0.06073242 0.06750981
v -0.01654775 0.06104492 0.05299809
v -0.01826650 0.06073242 0.06750981
v -0.01936025 0.06041992 0.05299809
v -0.01936025 0.06041992 0.05299809
v -0.01826650 0.06073242 0.06750981
v -0.02029775 0.06007812 0.06764653
v -0.01936025 0.06041992 0.05299809
v -0.02029775 0.06007812 0.06764653
v -0.02201650 0.05940430 0.05299809
v -0.02201650 0.05940430 0.05299809
v -0.02029775 0.06007812 0.06764653
v -0.02248525 0.05916016 0.06780278
v -0.02201650 0.05940430 0.05299809
v -0.02248525 0.05916016 0.06780278
v -0.02436025 0.05801758 0.05299809
v -0.02436025 0.05801758 0.05299809
v -0.02248525 0.05916016 0.06780278
v -0.02389150 0.05830078 0.06790044
v -0.02436025 0.05801758 0.05299809
v -0.02389150 0.05830078 0.06790044
v -0.02576650 0.05699219 0.06797856
v -0.02436025 0.05801758 0.05299809
v -0.02576650 0.05699219 0.06797856
v -0.02654775 0.05627930 0.05299809
v -0.02654775 0.05627930 0.05299809
v -0.02576650 0.05699219 0.06797856
v -0.02654775 0.05630859 0.06799810
v -0.02654775 0.05627930 0.05299809
v -0.02654775 0.05630859 0.06799810
v -0.02842275 0.05432617 0.06799810
v -0.02654775 0.05627930 0.05299809
v -0.02842275 0.05432617 0.06799810
v -0.02857900 0.05423828 0.05299809
v -0.02857900 0.05423828 0.05299809
v -0.02842275 0.05432617 0.06799810
v -0.02998525 0.05208008 0.06799810
v -0.02857900 0.05423828 0.05299809
v -0.02998525 0.05208008 0.06799810
v -0.03014150 0.05194336 0.05299809
v -0.03014150 0.05194336 0.05299809
v -0.02998525 0.05208008 0.06799810
v -0.03123525 0.04963867 0.06799810
v -0.03014150 0.05194336 0.05299809
v -0.03123525 0.04963867 0.06799810
v -0.03139150 0.04942383 0.05299809
v -0.03139150 0.04942383 0.05299809
v -0.03123525 0.04963867 0.06799810
v -0.03217275 0.04705078 0.06799810
v -0.03139150 0.04942383 0.05299809
v -0.03217275 0.04705078 0.06799810
v -0.03217275 0.04675781 0.05299809
v -0.03217275 0.04675781 0.05299809
v -0.03217275 0.04705078 0.06799810
v -0.03264150 0.04435547 0.06799810
v -0.03264150 0.04399414 0.05299809
v -0.03264150 0.04399414 0.05299809
v -0.03264150 0.04435547 0.06799810
v -0.03279775 0.04161133 0.06799810
v -0.03279775 0.04118164 0.05299809
v -0.03279775 0.04118164 0.05299809
v -0.03279775 0.04161133 0.06799810
v -0.03248525 0.03888672 0.06799810
v -0.03279775 0.04118164 0.05299809
v -0.03248525 0.03888672 0.06799810
v -0.03232900 0.03839844 0.05299809
v -0.03232900 0.03839844 0.05299809
v -0.03248525 0.03888672 0.06799810
v -0.03186025 0.03623047 0.06799810
v -0.03232900 0.03839844 0.05299809
v -0.03186025 0.03623047 0.06799810
v -0.03154775 0.03570312 0.05299809
v -0.03154775 0.03570312 0.05299809
v -0.03186025 0.03623047 0.06799810
v -0.03076650 0.03370117 0.06799810
v -0.03154775 0.03570312 0.05299809
v -0.03076650 0.03370117 0.06799810
v -0.03045400 0.03314453 0.05299809
v -0.03045400 0.03314453 0.05299809
v -0.03076650 0.03370117 0.06799810
v -0.02936025 0.03134766 0.06799810
v -0.03045400 0.03314453 0.05299809
v -0.02936025 0.03134766 0.06799810
v -0.02889150 0.03079102 0.05299809
v -0.02889150 0.03079102 0.05299809
v -0.02936025 0.03134766 0.06799810
v -0.02764150 0.02921875 0.06799810
v -0.02889150 0.03079102 0.05299809
v -0.02764150 0.02921875 0.06799810
v -0.02701650 0.02868164 0.05299809
v -0.02701650 0.02868164 0.05299809
v -0.02764150 0.02921875 0.06799810
v -0.02561025 0.02736328 0.06799810
v -0.02701650 0.02868164 0.05299809
v -0.02561025 0.02736328 0.06799810
v -0.02498525 0.02687500 0.05299809
v -0.02498525 0.02687500 0.05299809
v -0.02561025 0.02736328 0.06799810
v -0.02326650 0.02582031 0.06799810
v -0.02498525 0.02687500 0.05299809
v -0.02326650 0.02582031 0.06799810
v -0.02248525 0.02540039 0.05299809
v -0.02248525 0.02540039 0.05299809
v -0.02326650 0.02582031 0.06799810
v -0.02092275 0.02461914 0.06799810
v -0.02248525 0.02540039 0.05299809
v -0.02092275 0.02461914 0.06799810
v -0.01998525 0.02428711 0.05299809
v -0.01998525 0.02428711 0.05299809
v -0.02092275 0.02461914 0.06799810
v -0.01826650 0.02378906 0.06799810
v -0.01998525 0.02428711 0.05299809
v -0.01826650 0.02378906 0.06799810
v -0.01732900 0.02357422 0.05299809
v -0.01732900 0.02357422 0.05299809
v -0.01826650 0.02378906 0.06799810
v -0.01561025 0.02333008 0.06799810
v -0.01732900 0.02357422 0.05299809
v -0.01561025 0.02333008 0.06799810
v -0.01451650 0.02326172 0.05299809
v -0.01451650 0.02326172 0.05299809
v -0.01561025 0.02333008 0.06799810
v -0.01279775 0.02328125 0.06799810
v -0.01451650 0.02326172 0.05299809
v -0.01279775 0.02328125 0.06799810
v -0.01170400 0.02336914 0.05299809
v -0.01170400 0.02336914 0.05299809
v -0.01279775 0.02328125 0.06799810
v -0.01014150 0.02361328 0.06799810
v -0.01170400 0.02336914 0.05299809
v -0.01014150 0.02361328 0.06799810
v -0.00889150 0.02388672 0.05299809
v -0.00889150 0.02388672 0.05299809
v -0.01014150 0.02361328 0.06799810
v -0.00748525 0.02434570 0.06799810
v -0.00889150 0.02388672 0.05299809
v -0.00748525 0.02434570 0.06799810
v -0.00623525 0.02480469 0.05299809
v -0.00623525 0.02480469 0.05299809
v -0.00748525 0.02434570 0.06799810
v -0.00498525 0.02543945 0.06799810
v -0.00623525 0.02480469 0.05299809
v -0.00498525 0.02543945 0.06799810
v -0.00373525 0.02610352 0.05299809
v -0.00373525 0.02610352 0.05299809
v -0.00498525 0.02543945 0.06799810
v -0.00264150 0.02688477 0.06799810
v -0.00373525 0.02610352 0.05299809
v -0.00264150 0.02688477 0.06799810
v -0.00154775 0.02775391 0.05299809
v -0.00154775 0.02775391 0.05299809
v -0.00264150 0.02688477 0.06799810
v -0.00045400 0.02865234 0.06799810
v -0.00154775 0.02775391 0.05299809
v -0.00045400 0.02865234 0.06799810
v 0.00048350 0.02971680 0.05299809
v 0.00048350 0.02971680 0.05299809
v -0.00045400 0.02865234 0.06799810
v 0.00126475 0.03070313 0.06799810
v 0.00048350 0.02971680 0.05299809
v 0.00126475 0.03070313 0.06799810
v 0.00126475 0.03070313 0.05540044
v 0.00048350 0.02971680 0.05299809
v 0.00126475 0.03070313 0.05540044
v 0.00220225 0.03196289 0.05299809
v 0.00220225 0.03196289 0.05299809
v 0.00126475 0.03070313 0.05540044
v 0.00251475 0.03239258 0.05754887
v 0.00220225 0.03196289 0.05299809
v 0.00251475 0.03239258 0.05754887
v 0.00313975 0.03361328 0.05717778
v 0.00220225 0.03196289 0.05299809
v 0.00313975 0.03361328 0.05717778
v 0.00360850 0.03442383 0.05299809
v 0.00360850 0.03442383 0.05299809
v 0.00313975 0.03361328 0.05717778
v 0.00376475 0.03500000 0.05682622
v 0.00360850 0.03442383 0.05299809
v 0.00376475 0.03500000 0.05682622
v 0.00454600 0.03706055 0.05299809
v 0.00438975 0.03676758 0.05647465
v 0.00454600 0.03706055 0.05299809
v 0.00438975 0.03676758 0.05647465
v 0.00501475 0.03898437 0.05616215
v 0.00454600 0.03706055 0.05299809
v 0.00501475 0.03898437 0.05616215
v 0.00501475 0.03980469 0.05299809
v 0.00501475 0.03980469 0.05299809
v 0.00501475 0.03898437 0.05616215
v 0.00517100 0.04086914 0.05602544
v 0.00501475 0.03980469 0.05299809
v 0.00517100 0.04086914 0.05602544
v 0.00517100 0.04260742 0.05299809
v 0.00517100 0.04260742 0.05299809
v 0.00517100 0.04086914 0.05602544
v 0.00517100 0.04086914 0.06741217
v 0.00517100 0.04317383 0.06739263
v 0.00517100 0.04260742 0.05299809
v 0.00517100 0.04317383 0.06739263
v 0.00501475 0.04540039 0.05299809
v 0.00501475 0.04540039 0.05299809
v 0.00517100 0.04317383 0.06739263
v 0.00501475 0.04507812 0.06749028
v 0.00501475 0.04540039 0.05299809
v 0.00501475 0.04507812 0.06749028
v 0.00454600 0.04699219 0.06768560
v 0.00501475 0.04540039 0.05299809
v 0.00454600 0.04699219 0.06768560
v 0.00423350 0.04812500 0.05299809
v 0.00423350 0.04812500 0.05299809
v 0.00454600 0.04699219 0.06768560
v 0.00407725 0.04886719 0.06795903
v 0.00423350 0.04812500 0.05299809
v 0.00407725 0.04886719 0.06795903
v 0.00407725 0.04886719 0.05668950
v 0.00423350 0.04812500 0.05299809
v 0.00407725 0.04886719 0.05668950
v 0.00329600 0.05072266 0.05299809
v 0.00329600 0.05072266 0.05299809
v 0.00407725 0.04886719 0.05668950
v 0.00298350 0.05119141 0.05727544
v 0.00329600 0.05072266 0.05299809
v 0.00298350 0.05119141 0.05727544
v 0.00251475 0.05211914 0.05754887
v 0.00329600 0.05072266 0.05299809
v 0.00251475 0.05211914 0.05754887
v 0.00173350 0.05313476 0.05299809
v 0.00173350 0.05313476 0.05299809
v 0.00251475 0.05211914 0.05754887
v 0.00126475 0.05377930 0.05543950
v 0.00173350 0.05313476 0.05299809
v 0.00126475 0.05377930 0.05543950
v 0.00001475 0.05531250 0.05299809
v 0.00126475 0.03070313 0.05540044
v 0.00126475 0.03070313 0.06799810
v 0.00251475 0.03070313 0.05754887
v 0.00392100 0.03070313 0.06799810
v 0.00704600 0.03070313 0.05489262
v 0.00892100 0.03070313 0.06538092
v 0.01126475 0.03070313 0.05186528
v 0.01376475 0.03070313 0.06239262
v 0.01532725 0.03070313 0.04850590
v 0.01829600 0.03070313 0.05905278
v 0.01907725 0.03070313 0.04485356
v 0.02267100 0.03070313 0.05538090
v 0.02251475 0.03070313 0.04088872
v 0.02657725 0.03070313 0.05139653
v 0.02563975 0.03070313 0.03666997
v 0.03032725 0.03070313 0.04711919
v 0.02845225 0.03070313 0.03219731
v 0.03376475 0.03070313 0.04258794
v 0.03079600 0.03070313 0.02752935
v 0.03673350 0.03070313 0.03780278
v 0.03282725 0.03070313 0.02268560
v 0.03938975 0.03070313 0.03280278
v 0.03454600 0.03070313 0.01768560
v 0.04173350 0.03070313 0.02762700
v 0.03563975 0.03070313 0.01256841
v 0.04360850 0.03070313 0.02229497
v 0.04501475 0.03070313 0.01682622
v 0.03657725 0.03070313 0.00739263
v 0.04610850 0.03070313 0.01127934
v 0.03688975 0.03070313 0.00213872
v 0.04673350 0.03070313 0.00565434
v 0.04688975 0.03070313 -0.00000972
v 0.03688975 0.03070313 -0.00309566
v 0.04673350 0.03070313 -0.00565425
v 0.04610850 0.03070313 -0.01127925
v 0.03642100 0.03070313 -0.00833003
v 0.04501475 0.03070313 -0.01682612
v 0.04360850 0.03070313 -0.02229487
v 0.03548350 0.03070313 -0.01352534
v 0.04173350 0.03070313 -0.02762691
v 0.03423350 0.03070313 -0.01860347
v 0.03938975 0.03070313 -0.03280269
v 0.03251475 0.03070313 -0.02358394
v 0.03673350 0.03070313 -0.03780269
v 0.03048350 0.03070313 -0.02838862
v 0.03376475 0.03070313 -0.04258784
v 0.02798350 0.03070313 -0.03303706
v 0.03032725 0.03070313 -0.04711909
v 0.02517100 0.03070313 -0.03745112
v 0.02657725 0.03070313 -0.05139644
v 0.02188975 0.03070313 -0.04163081
v 0.02267100 0.03070313 -0.05538081
v 0.01845225 0.03070313 -0.04553706
v 0.01829600 0.03070313 -0.05905269
v 0.01454600 0.03070313 -0.04915034
v 0.01376475 0.03070313 -0.06239253
v 0.01048350 0.03070313 -0.05245112
v 0.00892100 0.03070313 -0.06538082
v 0.00610850 0.03070313 -0.05540034
v 0.00392100 0.03070313 -0.06799800
v 0.00157725 0.03070313 -0.05799800
v -0.01248525 0.03070313 -0.06799800
v -0.01248525 0.03070313 -0.05799800
v -0.00436025 0.04886719 0.05299809
v -0.00561025 0.04886719 0.05053715
v -0.00436025 0.05630859 0.05299809
v -0.00561025 0.05630859 0.05053715
v -0.00232900 0.04886719 0.04874028
v -0.00232900 0.05630859 0.04874028
v -0.00561025 0.04886719 0.05053715
v -0.00561025 0.05630859 0.05053715
v 0.00001475 0.04886719 0.05299809
v -0.00232900 0.04886719 0.04874028
v -0.00436025 0.04886719 0.05299809
v -0.00561025 0.04886719 0.05053715
v 0.00251475 0.05211914 0.05754887
v 0.00251475 0.05630859 0.05754887
v 0.00126475 0.05377930 0.05543950
v 0.00126475 0.05377930 0.05543950
v 0.00251475 0.05630859 0.05754887
v 0.00001475 0.05531250 0.05299809
v 0.00001475 0.05531250 0.05299809
v 0.00251475 0.05630859 0.05754887
v -0.00232900 0.05630859 0.04874028
v -0.00232900 0.04886719 0.04874028
v 0.00001475 0.04886719 0.05299809
v -0.00092275 0.05630859 0.05299809
v -0.00326650 0.05803711 0.05299809
v -0.00436025 0.05630859 0.05299809
v -0.00561025 0.05942383 0.05299809
v -0.01139150 0.05092773 0.05299809
v -0.00826650 0.06042969 0.05299809
v -0.01092275 0.06104492 0.05299809
v -0.01326650 0.05124023 0.05299809
v -0.01373525 0.06125000 0.05299809
v -0.01529775 0.05113281 0.05299809
v -0.01654775 0.06104492 0.05299809
v -0.01936025 0.06041992 0.05299809
v -0.01717275 0.05061523 0.05299809
v -0.02201650 0.05940430 0.05299809
v -0.01889150 0.04969726 0.05299809
v -0.02436025 0.05801758 0.05299809
v -0.02654775 0.05627930 0.05299809
v -0.02029775 0.04843750 0.05299809
v -0.02857900 0.05423828 0.05299809
v -0.02154775 0.04689453 0.05299809
v -0.03014150 0.05194336 0.05299809
v -0.03139150 0.04942383 0.05299809
v -0.02232900 0.04512695 0.05299809
v -0.03217275 0.04675781 0.05299809
v -0.02279775 0.04322266 0.05299809
v -0.03264150 0.04399414 0.05299809
v -0.03279775 0.04118164 0.05299809
v -0.02279775 0.04127930 0.05299809
v -0.03232900 0.03839844 0.05299809
v -0.02232900 0.03937500 0.05299809
v -0.03154775 0.03570312 0.05299809
v -0.03045400 0.03314453 0.05299809
v -0.02154775 0.03760742 0.05299809
v -0.02889150 0.03079102 0.05299809
v -0.02029775 0.03606445 0.05299809
v -0.02701650 0.02868164 0.05299809
v -0.01889150 0.03480469 0.05299809
v -0.02498525 0.02687500 0.05299809
v -0.02248525 0.02540039 0.05299809
v -0.01717275 0.03388672 0.05299809
v -0.01998525 0.02428711 0.05299809
v -0.01529775 0.03336914 0.05299809
v -0.01732900 0.02357422 0.05299809
v -0.01451650 0.02326172 0.05299809
v -0.01326650 0.03326172 0.05299809
v -0.01170400 0.02336914 0.05299809
v -0.01139150 0.03358398 0.05299809
v -0.00889150 0.02388672 0.05299809
v -0.00623525 0.02480469 0.05299809
v -0.00951650 0.03429687 0.05299809
v -0.00373525 0.02610352 0.05299809
v -0.00795400 0.03539062 0.05299809
v -0.00154775 0.02775391 0.05299809
v 0.00048350 0.02971680 0.05299809
v -0.00654775 0.03680664 0.05299809
v 0.00220225 0.03196289 0.05299809
v -0.00561025 0.03847656 0.05299809
v 0.00360850 0.03442383 0.05299809
v 0.00454600 0.03706055 0.05299809
v -0.00498525 0.04032226 0.05299809
v 0.00501475 0.03980469 0.05299809
v -0.00482900 0.04225586 0.05299809
v 0.00517100 0.04260742 0.05299809
v 0.00501475 0.04540039 0.05299809
v 0.00423350 0.04812500 0.05299809
v 0.00001475 0.04886719 0.05299809
v -0.00498525 0.04418945 0.05299809
v 0.00329600 0.05072266 0.05299809
v 0.00173350 0.05313476 0.05299809
v 0.00001475 0.05531250 0.05299809
v -0.00561025 0.04603516 0.05299809
v -0.00436025 0.04886719 0.05299809
v -0.00654775 0.04769531 0.05299809
v -0.00795400 0.04911133 0.05299809
v -0.00951650 0.05020508 0.05299809
v -0.02217275 -0.00185547 0.06799810
v -0.02217275 -0.00185547 0.02799810
v -0.02232900 0.00007813 0.06799810
v -0.02232900 0.00007813 0.02799810
v -0.02232900 0.00007813 0.06799810
v -0.02232900 0.00007813 0.02799810
v -0.02217275 0.00201172 0.06799810
v -0.02217275 0.00201172 0.02799810
v -0.02217275 0.00201172 0.06799810
v -0.02217275 0.00201172 0.02799810
v -0.02154775 0.00385742 0.06799810
v -0.02154775 0.00385742 0.02799810
v -0.02154775 0.00385742 0.06799810
v -0.02154775 0.00385742 0.02799810
v -0.02061025 0.00552734 0.06799810
v -0.02061025 0.00552734 0.02799810
v -0.02061025 0.00552734 0.06799810
v -0.02061025 0.00552734 0.02799810
v -0.01920400 0.00693359 0.06799810
v -0.01920400 0.00693359 0.02799810
v -0.01920400 0.00693359 0.06799810
v -0.01920400 0.00693359 0.02799810
v -0.01764150 0.00802734 0.06799810
v -0.01764150 0.00802734 0.02799810
v -0.01764150 0.00802734 0.06799810
v -0.01764150 0.00802734 0.02799810
v -0.01576650 0.00875000 0.06799810
v -0.01576650 0.00875000 0.02799810
v -0.01576650 0.00875000 0.06799810
v -0.01576650 0.00875000 0.02799810
v -0.01389150 0.00906250 0.06799810
v -0.01389150 0.00906250 0.02799810
v -0.01389150 0.00906250 0.06799810
v -0.01389150 0.00906250 0.02799810
v -0.01186025 0.00895508 0.06799810
v -0.01186025 0.00895508 0.02799810
v -0.01186025 0.00895508 0.06799810
v -0.01186025 0.00895508 0.02799810
v -0.00998525 0.00843750 0.06799810
v -0.00998525 0.00843750 0.02799810
v -0.00998525 0.00843750 0.06799810
v -0.00998525 0.00843750 0.02799810
v -0.00826650 0.00752930 0.06799810
v -0.00826650 0.00752930 0.02799810
v -0.00826650 0.00752930 0.06799810
v -0.00826650 0.00752930 0.02799810
v -0.00686025 0.00626953 0.06799810
v -0.00686025 0.00626953 0.02799810
v -0.00686025 0.00626953 0.06799810
v -0.00686025 0.00626953 0.02799810
v -0.00561025 0.00471680 0.06799810
v -0.00561025 0.00471680 0.02799810
v -0.00561025 0.00471680 0.06799810
v -0.00561025 0.00471680 0.02799810
v -0.00482900 0.00294922 0.06799810
v -0.00482900 0.00294922 0.02799810
v -0.00482900 0.00294922 0.06799810
v -0.00482900 0.00294922 0.02799810
v -0.00436025 0.00104492 0.06799810
v -0.00436025 0.00104492 0.02799810
v -0.00436025 0.00104492 0.06799810
v -0.00436025 0.00104492 0.02799810
v -0.00436025 -0.00089844 0.06799810
v -0.00436025 -0.00089844 0.02799810
v -0.00436025 -0.00089844 0.06799810
v -0.00436025 -0.00089844 0.02799810
v -0.00482900 -0.00279297 0.06799810
v -0.00482900 -0.00279297 0.02799810
v -0.00482900 -0.00279297 0.06799810
v -0.00482900 -0.00279297 0.02799810
v -0.00561025 -0.00456055 0.06799810
v -0.00561025 -0.00456055 0.02799810
v -0.00561025 -0.00456055 0.06799810
v -0.00561025 -0.00456055 0.02799810
v -0.00686025 -0.00611328 0.06799810
v -0.00686025 -0.00611328 0.02799810
v -0.00686025 -0.00611328 0.06799810
v -0.00686025 -0.00611328 0.02799810
v -0.00826650 -0.00737305 0.06799810
v -0.00826650 -0.00737305 0.02799810
v -0.00826650 -0.00737305 0.06799810
v -0.00826650 -0.00737305 0.02799810
v -0.00998525 -0.00828125 0.06799810
v -0.00998525 -0.00828125 0.02799810
v -0.00998525 -0.00828125 0.06799810
v -0.00998525 -0.00828125 0.02799810
v -0.01186025 -0.00880859 0.06799810
v -0.01186025 -0.00880859 0.02799810
v -0.01186025 -0.00880859 0.06799810
v -0.01186025 -0.00880859 0.02799810
v -0.01389150 -0.00890625 0.06799810
v -0.01389150 -0.00890625 0.02799810
v -0.01389150 -0.00890625 0.06799810
v -0.01389150 -0.00890625 0.02799810
v -0.01576650 -0.00859375 0.06799810
v -0.01576650 -0.00859375 0.02799810
v -0.01576650 -0.00859375 0.06799810
v -0.01576650 -0.00859375 0.02799810
v -0.01764150 -0.00787109 0.06799810
v -0.01764150 -0.00787109 0.02799810
v -0.01764150 -0.00787109 0.06799810
v -0.01764150 -0.00787109 0.02799810
v -0.01920400 -0.00678711 0.06799810
v -0.01920400 -0.00678711 0.02799810
v -0.01920400 -0.00678711 0.06799810
v -0.01920400 -0.00678711 0.02799810
v -0.02061025 -0.00537109 0.06799810
v -0.02061025 -0.00537109 0.02799810
v -0.02061025 -0.00537109 0.06799810
v -0.02061025 -0.00537109 0.02799810
v -0.02154775 -0.00370117 0.06799810
v -0.02154775 -0.00370117 0.02799810
v -0.02154775 -0.00370117 0.06799810
v -0.02154775 -0.00370117 0.02799810
v -0.02217275 -0.00185547 0.06799810
v -0.02217275 -0.00185547 0.02799810
v -0.02217275 0.00201172 0.02799810
v -0.02232900 0.00007813 0.02799810
v -0.00826650 0.00752930 0.02799810
v -0.02217275 -0.00185547 0.02799810
v -0.02154775 -0.00370117 0.02799810
v -0.02061025 -0.00537109 0.02799810
v -0.01920400 -0.00678711 0.02799810
v -0.01764150 -0.00787109 0.02799810
v -0.01576650 -0.00859375 0.02799810
v -0.01389150 -0.00890625 0.02799810
v -0.01186025 -0.00880859 0.02799810
v -0.00998525 -0.00828125 0.02799810
v -0.00826650 -0.00737305 0.02799810
v -0.00686025 0.00626953 0.02799810
v -0.00686025 -0.00611328 0.02799810
v -0.00561025 0.00471680 0.02799810
v -0.00561025 -0.00456055 0.02799810
v -0.00482900 0.00294922 0.02799810
v -0.00482900 -0.00279297 0.02799810
v -0.00436025 0.00104492 0.02799810
v -0.00436025 -0.00089844 0.02799810
v -0.00998525 0.00843750 0.02799810
v -0.01764150 0.00802734 0.02799810
v -0.01920400 0.00693359 0.02799810
v -0.02061025 0.00552734 0.02799810
v -0.01576650 0.00875000 0.02799810
v -0.01186025 0.00895508 0.02799810
v -0.01389150 0.00906250 0.02799810
v -0.02154775 0.00385742 0.02799810
v 0.00892100 -0.04745117 -0.06538082
v 0.00610850 -0.04745117 -0.05541987
v 0.00392100 -0.04745117 -0.06799800
v 0.00157725 -0.04745117 -0.05799800
v -0.00717275 -0.04745117 -0.06799800
v -0.00717275 -0.04745117 -0.05799800
v 0.01048350 -0.04745117 -0.05249019
v 0.01376475 -0.04745117 -0.06239253
v 0.01454600 -0.04745117 -0.04922847
v 0.01829600 -0.04745117 -0.05905269
v 0.01829600 -0.04745117 -0.04565425
v 0.02267100 -0.04745117 -0.05538081
v 0.02173350 -0.04745117 -0.04178706
v 0.02657725 -0.04745117 -0.05139644
v 0.02501475 -0.04745117 -0.03764644
v 0.03032725 -0.04745117 -0.04711909
v 0.02782725 -0.04745117 -0.03329097
v 0.03376475 -0.04745117 -0.04258784
v 0.03032725 -0.04745117 -0.02870112
v 0.03673350 -0.04745117 -0.03780269
v 0.03235850 -0.04745117 -0.02393550
v 0.03938975 -0.04745117 -0.03280269
v 0.03407725 -0.04745117 -0.01901362
v 0.04173350 -0.04745117 -0.02762691
v 0.03548350 -0.04745117 -0.01395503
v 0.04360850 -0.04745117 -0.02229487
v 0.03626475 -0.04745117 -0.00883784
v 0.04501475 -0.04745117 -0.01682612
v 0.03688975 -0.04745117 -0.00364253
v 0.04610850 -0.04745117 -0.01127925
v 0.04673350 -0.04745117 -0.00565425
v 0.04688975 -0.04745117 -0.00000972
v 0.03688975 -0.04745117 0.00157231
v 0.04673350 -0.04745117 0.00565434
v 0.04610850 -0.04745117 0.01127934
v 0.03657725 -0.04745117 0.00676763
v 0.04501475 -0.04745117 0.01682622
v 0.03579600 -0.04745117 0.01192387
v 0.04360850 -0.04745117 0.02229497
v 0.04173350 -0.04745117 0.02762700
v 0.03470225 -0.04745117 0.01700200
v 0.03938975 -0.04745117 0.03280278
v 0.03313975 -0.04745117 0.02198247
v 0.03673350 -0.04745117 0.03780278
v 0.03110850 -0.04745117 0.02680669
v 0.03376475 -0.04745117 0.04258794
v 0.02876475 -0.04745117 0.03147466
v 0.03032725 -0.04745117 0.04711919
v 0.02610850 -0.04745117 0.03592778
v 0.02657725 -0.04745117 0.05139653
v 0.02313975 -0.04745117 0.04016606
v 0.02267100 -0.04745117 0.05538090
v 0.01970225 -0.04745117 0.04415044
v 0.01829600 -0.04745117 0.05905278
v 0.01610850 -0.04745117 0.04784184
v 0.01376475 -0.04745117 0.06239262
v 0.01204600 -0.04745117 0.05124028
v 0.00892100 -0.04745117 0.06538092
v 0.00782725 -0.04745117 0.05428715
v 0.00345225 -0.04745117 0.05702153
v 0.00392100 -0.04745117 0.06799810
v 0.00345225 -0.04745117 0.06799810
v 0.00251475 -0.05045898 0.05754887
v 0.00251475 -0.05630859 0.05754887
v 0.00313975 -0.04853516 0.05717778
v 0.00313975 -0.04853516 0.05717778
v 0.00251475 -0.05630859 0.05754887
v 0.00345225 -0.04745117 0.05702153
v 0.00345225 -0.04745117 0.05702153
v 0.00704600 -0.05630859 0.05489262
v 0.00345225 -0.04745117 0.05702153
v 0.00704600 -0.05630859 0.05489262
v 0.00782725 -0.04745117 0.05428715
v 0.00782725 -0.04745117 0.05428715
v 0.00704600 -0.05630859 0.05489262
v 0.01126475 -0.05630859 0.05186528
v 0.00782725 -0.04745117 0.05428715
v 0.01126475 -0.05630859 0.05186528
v 0.01204600 -0.04745117 0.05124028
v 0.01204600 -0.04745117 0.05124028
v 0.01126475 -0.05630859 0.05186528
v 0.01532725 -0.05630859 0.04850590
v 0.01610850 -0.04745117 0.04784184
v 0.01610850 -0.04745117 0.04784184
v 0.01532725 -0.05630859 0.04850590
v 0.01907725 -0.05630859 0.04485356
v 0.01610850 -0.04745117 0.04784184
v 0.01907725 -0.05630859 0.04485356
v 0.01970225 -0.04745117 0.04415044
v 0.01970225 -0.04745117 0.04415044
v 0.01907725 -0.05630859 0.04485356
v 0.02251475 -0.05630859 0.04088872
v 0.01970225 -0.04745117 0.04415044
v 0.02251475 -0.05630859 0.04088872
v 0.02313975 -0.04745117 0.04016606
v 0.02313975 -0.04745117 0.04016606
v 0.02251475 -0.05630859 0.04088872
v 0.02563975 -0.05630859 0.03666997
v 0.02313975 -0.04745117 0.04016606
v 0.02563975 -0.05630859 0.03666997
v 0.02610850 -0.04745117 0.03592778
v 0.02610850 -0.04745117 0.03592778
v 0.02563975 -0.05630859 0.03666997
v 0.02845225 -0.05630859 0.03219731
v 0.02610850 -0.04745117 0.03592778
v 0.02845225 -0.05630859 0.03219731
v 0.02876475 -0.04745117 0.03147466
v 0.02876475 -0.04745117 0.03147466
v 0.02845225 -0.05630859 0.03219731
v 0.03079600 -0.05630859 0.02752935
v 0.03110850 -0.04745117 0.02680669
v 0.03110850 -0.04745117 0.02680669
v 0.03079600 -0.05630859 0.02752935
v 0.03282725 -0.05630859 0.02268560
v 0.03313975 -0.04745117 0.02198247
v 0.03313975 -0.04745117 0.02198247
v 0.03282725 -0.05630859 0.02268560
v 0.03454600 -0.05630859 0.01768560
v 0.03313975 -0.04745117 0.02198247
v 0.03454600 -0.05630859 0.01768560
v 0.03470225 -0.04745117 0.01700200
v 0.03470225 -0.04745117 0.01700200
v 0.03454600 -0.05630859 0.01768560
v 0.03563975 -0.05630859 0.01256841
v 0.03579600 -0.04745117 0.01192387
v 0.03579600 -0.04745117 0.01192387
v 0.03563975 -0.05630859 0.01256841
v 0.03657725 -0.05630859 0.00739263
v 0.03579600 -0.04745117 0.01192387
v 0.03657725 -0.05630859 0.00739263
v 0.03657725 -0.04745117 0.00676763
v 0.03657725 -0.04745117 0.00676763
v 0.03657725 -0.05630859 0.00739263
v 0.03688975 -0.05630859 0.00213872
v 0.03688975 -0.04745117 0.00157231
v 0.03688975 -0.04745117 0.00157231
v 0.03688975 -0.05630859 0.00213872
v 0.03688975 -0.05630859 -0.00309566
v 0.03688975 -0.04745117 -0.00364253
v 0.03688975 -0.04745117 -0.00364253
v 0.03688975 -0.05630859 -0.00309566
v 0.03642100 -0.05630859 -0.00833003
v 0.03688975 -0.04745117 -0.00364253
v 0.03642100 -0.05630859 -0.00833003
v 0.03626475 -0.04745117 -0.00883784
v 0.03626475 -0.04745117 -0.00883784
v 0.03642100 -0.05630859 -0.00833003
v 0.03548350 -0.05630859 -0.01352534
v 0.03626475 -0.04745117 -0.00883784
v 0.03548350 -0.05630859 -0.01352534
v 0.03548350 -0.04745117 -0.01395503
v 0.03548350 -0.04745117 -0.01395503
v 0.03548350 -0.05630859 -0.01352534
v 0.03423350 -0.05630859 -0.01860347
v 0.03548350 -0.04745117 -0.01395503
v 0.03423350 -0.05630859 -0.01860347
v 0.03407725 -0.04745117 -0.01901362
v 0.03407725 -0.04745117 -0.01901362
v 0.03423350 -0.05630859 -0.01860347
v 0.03251475 -0.05630859 -0.02358394
v 0.03407725 -0.04745117 -0.01901362
v 0.03251475 -0.05630859 -0.02358394
v 0.03235850 -0.04745117 -0.02393550
v 0.03235850 -0.04745117 -0.02393550
v 0.03251475 -0.05630859 -0.02358394
v 0.03048350 -0.05630859 -0.02838862
v 0.03032725 -0.04745117 -0.02870112
v 0.03032725 -0.04745117 -0.02870112
v 0.03048350 -0.05630859 -0.02838862
v 0.02798350 -0.05630859 -0.03303706
v 0.03032725 -0.04745117 -0.02870112
v 0.02798350 -0.05630859 -0.03303706
v 0.02782725 -0.04745117 -0.03329097
v 0.02782725 -0.04745117 -0.03329097
v 0.02798350 -0.05630859 -0.03303706
v 0.02517100 -0.05630859 -0.03745112
v 0.02501475 -0.04745117 -0.03764644
v 0.02501475 -0.04745117 -0.03764644
v 0.02517100 -0.05630859 -0.03745112
v 0.02188975 -0.05630859 -0.04163081
v 0.02501475 -0.04745117 -0.03764644
v 0.02188975 -0.05630859 -0.04163081
v 0.02173350 -0.04745117 -0.04178706
v 0.02173350 -0.04745117 -0.04178706
v 0.02188975 -0.05630859 -0.04163081
v 0.01845225 -0.05630859 -0.04553706
v 0.01829600 -0.04745117 -0.04565425
v 0.01829600 -0.04745117 -0.04565425
v 0.01845225 -0.05630859 -0.04553706
v 0.01454600 -0.05630859 -0.04915034
v 0.01829600 -0.04745117 -0.04565425
v 0.01454600 -0.05630859 -0.04915034
v 0.01454600 -0.04745117 -0.04922847
v 0.01454600 -0.04745117 -0.04922847
v 0.01454600 -0.05630859 -0.04915034
v 0.01048350 -0.05630859 -0.05245112
v 0.01454600 -0.04745117 -0.04922847
v 0.01048350 -0.05630859 -0.05245112
v 0.01048350 -0.04745117 -0.05249019
v 0.01048350 -0.04745117 -0.05249019
v 0.01048350 -0.05630859 -0.05245112
v 0.00610850 -0.05630859 -0.05540034
v 0.00610850 -0.04745117 -0.05541987
v 0.00610850 -0.04745117 -0.05541987
v 0.00610850 -0.05630859 -0.05540034
v 0.00157725 -0.05630859 -0.05799800
v 0.00610850 -0.04745117 -0.05541987
v 0.00157725 -0.05630859 -0.05799800
v 0.00157725 -0.04745117 -0.05799800
v -0.00717275 -0.04745117 -0.05799800
v 0.00157725 -0.04745117 -0.05799800
v -0.00811025 -0.04885742 -0.05799800
v 0.00157725 -0.05630859 -0.05799800
v -0.00936025 -0.05005859 -0.05799800
v -0.01076650 -0.05100586 -0.05799800
v -0.01248525 -0.05630859 -0.05799800
v -0.01248525 -0.05166016 -0.05799800
v -0.01248525 -0.05630859 -0.05799800
v -0.01248525 -0.05630859 -0.06799800
v -0.01248525 -0.05166016 -0.05799800
v -0.01248525 -0.05166016 -0.06799800
v 0.00251475 -0.03564453 0.05754887
v 0.00313975 -0.03755859 0.05717778
v 0.00251475 -0.02929688 0.05754887
v 0.00251475 -0.02929688 0.05754887
v 0.00313975 -0.03755859 0.05717778
v 0.00360850 -0.03945312 0.05692387
v 0.00360850 -0.03945312 0.05692387
v 0.00704600 -0.02929688 0.05489262
v 0.00704600 -0.02929688 0.05489262
v 0.00360850 -0.03945312 0.05692387
v 0.00798350 -0.03945312 0.05418950
v 0.00704600 -0.02929688 0.05489262
v 0.00798350 -0.03945312 0.05418950
v 0.01126475 -0.02929688 0.05186528
v 0.01126475 -0.02929688 0.05186528
v 0.00798350 -0.03945312 0.05418950
v 0.01220225 -0.03945312 0.05112309
v 0.01126475 -0.02929688 0.05186528
v 0.01220225 -0.03945312 0.05112309
v 0.01532725 -0.02929688 0.04850590
v 0.01626475 -0.03945312 0.04772465
v 0.01532725 -0.02929688 0.04850590
v 0.01626475 -0.03945312 0.04772465
v 0.01907725 -0.02929688 0.04485356
v 0.01907725 -0.02929688 0.04485356
v 0.01626475 -0.03945312 0.04772465
v 0.01985850 -0.03945312 0.04401372
v 0.01907725 -0.02929688 0.04485356
v 0.01985850 -0.03945312 0.04401372
v 0.02251475 -0.02929688 0.04088872
v 0.02251475 -0.02929688 0.04088872
v 0.01985850 -0.03945312 0.04401372
v 0.02313975 -0.03945312 0.04004887
v 0.02251475 -0.02929688 0.04088872
v 0.02313975 -0.03945312 0.04004887
v 0.02563975 -0.02929688 0.03666997
v 0.02563975 -0.02929688 0.03666997
v 0.02313975 -0.03945312 0.04004887
v 0.02626475 -0.03945312 0.03581059
v 0.02563975 -0.02929688 0.03666997
v 0.02626475 -0.03945312 0.03581059
v 0.02845225 -0.02929688 0.03219731
v 0.02845225 -0.02929688 0.03219731
v 0.02626475 -0.03945312 0.03581059
v 0.02892100 -0.03945312 0.03133794
v 0.02845225 -0.02929688 0.03219731
v 0.02892100 -0.03945312 0.03133794
v 0.03079600 -0.02929688 0.02752935
v 0.03126475 -0.03945312 0.02668950
v 0.03079600 -0.02929688 0.02752935
v 0.03126475 -0.03945312 0.02668950
v 0.03282725 -0.02929688 0.02268560
v 0.03282725 -0.02929688 0.02268560
v 0.03126475 -0.03945312 0.02668950
v 0.03313975 -0.03945312 0.02184575
v 0.03282725 -0.02929688 0.02268560
v 0.03313975 -0.03945312 0.02184575
v 0.03454600 -0.02929688 0.01768560
v 0.03454600 -0.02929688 0.01768560
v 0.03313975 -0.03945312 0.02184575
v 0.03470225 -0.03945312 0.01688481
v 0.03454600 -0.02929688 0.01768560
v 0.03470225 -0.03945312 0.01688481
v 0.03563975 -0.02929688 0.01256841
v 0.03579600 -0.03945312 0.01180669
v 0.03563975 -0.02929688 0.01256841
v 0.03579600 -0.03945312 0.01180669
v 0.03657725 -0.02929688 0.00739263
v 0.03657725 -0.02929688 0.00739263
v 0.03579600 -0.03945312 0.01180669
v 0.03657725 -0.03945312 0.00665044
v 0.03657725 -0.02929688 0.00739263
v 0.03657725 -0.03945312 0.00665044
v 0.03688975 -0.02929688 0.00213872
v 0.03688975 -0.03945312 0.00145513
v 0.03688975 -0.02929688 0.00213872
v 0.03688975 -0.03945312 0.00145513
v 0.03688975 -0.02929688 -0.00309566
v 0.03688975 -0.03945312 -0.00374019
v 0.03688975 -0.02929688 -0.00309566
v 0.03688975 -0.03945312 -0.00374019
v 0.03642100 -0.02929688 -0.00833003
v 0.03642100 -0.02929688 -0.00833003
v 0.03688975 -0.03945312 -0.00374019
v 0.03626475 -0.03945312 -0.00891597
v 0.03642100 -0.02929688 -0.00833003
v 0.03626475 -0.03945312 -0.00891597
v 0.03548350 -0.02929688 -0.01352534
v 0.03548350 -0.02929688 -0.01352534
v 0.03626475 -0.03945312 -0.00891597
v 0.03532725 -0.03945312 -0.01403316
v 0.03548350 -0.02929688 -0.01352534
v 0.03532725 -0.03945312 -0.01403316
v 0.03423350 -0.02929688 -0.01860347
v 0.03407725 -0.03945312 -0.01907222
v 0.03423350 -0.02929688 -0.01860347
v 0.03407725 -0.03945312 -0.01907222
v 0.03251475 -0.02929688 -0.02358394
v 0.03251475 -0.02929688 -0.02358394
v 0.03407725 -0.03945312 -0.01907222
v 0.03235850 -0.03945312 -0.02399409
v 0.03251475 -0.02929688 -0.02358394
v 0.03235850 -0.03945312 -0.02399409
v 0.03048350 -0.02929688 -0.02838862
v 0.03032725 -0.03945312 -0.02874019
v 0.03048350 -0.02929688 -0.02838862
v 0.03032725 -0.03945312 -0.02874019
v 0.02798350 -0.02929688 -0.03303706
v 0.02798350 -0.02929688 -0.03303706
v 0.03032725 -0.03945312 -0.02874019
v 0.02782725 -0.03945312 -0.03333003
v 0.02798350 -0.02929688 -0.03303706
v 0.02782725 -0.03945312 -0.03333003
v 0.02517100 -0.02929688 -0.03745112
v 0.02501475 -0.03945312 -0.03768550
v 0.02517100 -0.02929688 -0.03745112
v 0.02501475 -0.03945312 -0.03768550
v 0.02188975 -0.02929688 -0.04163081
v 0.02188975 -0.02929688 -0.04163081
v 0.02501475 -0.03945312 -0.03768550
v 0.02173350 -0.03945312 -0.04182612
v 0.02188975 -0.02929688 -0.04163081
v 0.02173350 -0.03945312 -0.04182612
v 0.01845225 -0.02929688 -0.04553706
v 0.01845225 -0.02929688 -0.04553706
v 0.02173350 -0.03945312 -0.04182612
v 0.01829600 -0.03945312 -0.04567378
v 0.01845225 -0.02929688 -0.04553706
v 0.01829600 -0.03945312 -0.04567378
v 0.01454600 -0.02929688 -0.04915034
v 0.01454600 -0.02929688 -0.04915034
v 0.01829600 -0.03945312 -0.04567378
v 0.01454600 -0.03945312 -0.04924800
v 0.01454600 -0.02929688 -0.04915034
v 0.01454600 -0.03945312 -0.04924800
v 0.01048350 -0.02929688 -0.05245112
v 0.01048350 -0.02929688 -0.05245112
v 0.01454600 -0.03945312 -0.04924800
v 0.01048350 -0.03945312 -0.05250972
v 0.01048350 -0.02929688 -0.05245112
v 0.01048350 -0.03945312 -0.05250972
v 0.00610850 -0.02929688 -0.05540034
v 0.00610850 -0.02929688 -0.05540034
v 0.01048350 -0.03945312 -0.05250972
v 0.00610850 -0.03945312 -0.05541987
v 0.00610850 -0.02929688 -0.05540034
v 0.00610850 -0.03945312 -0.05541987
v 0.00157725 -0.02929688 -0.05799800
v 0.00157725 -0.02929688 -0.05799800
v 0.00610850 -0.03945312 -0.05541987
v 0.00157725 -0.03945312 -0.05799800
v -0.01248525 -0.03444336 -0.05799800
v -0.01248525 -0.02929688 -0.05799800
v -0.01061025 -0.03520508 -0.05799800
v 0.00157725 -0.02929688 -0.05799800
v -0.00904775 -0.03632812 -0.05799800
v -0.00779775 -0.03776367 -0.05799800
v 0.00157725 -0.03945312 -0.05799800
v -0.00686025 -0.03945312 -0.05799800
v -0.00186025 -0.02929688 0.05299809
v 0.00001475 -0.02929688 0.05299809
v -0.00186025 -0.02929688 0.06799810
v 0.00251475 -0.02929688 0.05754887
v 0.00392100 -0.02929688 0.06799810
v 0.00704600 -0.02929688 0.05489262
v 0.00892100 -0.02929688 0.06538092
v 0.01126475 -0.02929688 0.05186528
v 0.01376475 -0.02929688 0.06239262
v 0.01532725 -0.02929688 0.04850590
v 0.01829600 -0.02929688 0.05905278
v 0.01907725 -0.02929688 0.04485356
v 0.02267100 -0.02929688 0.05538090
v 0.02251475 -0.02929688 0.04088872
v 0.02657725 -0.02929688 0.05139653
v 0.02563975 -0.02929688 0.03666997
v 0.03032725 -0.02929688 0.04711919
v 0.02845225 -0.02929688 0.03219731
v 0.03376475 -0.02929688 0.04258794
v 0.03079600 -0.02929688 0.02752935
v 0.03673350 -0.02929688 0.03780278
v 0.03282725 -0.02929688 0.02268560
v 0.03938975 -0.02929688 0.03280278
v 0.03454600 -0.02929688 0.01768560
v 0.04173350 -0.02929688 0.02762700
v 0.03563975 -0.02929688 0.01256841
v 0.04360850 -0.02929688 0.02229497
v 0.04501475 -0.02929688 0.01682622
v 0.03657725 -0.02929688 0.00739263
v 0.04610850 -0.02929688 0.01127934
v 0.03688975 -0.02929688 0.00213872
v 0.04673350 -0.02929688 0.00565434
v 0.04688975 -0.02929688 -0.00000972
v 0.03688975 -0.02929688 -0.00309566
v 0.04673350 -0.02929688 -0.00565425
v 0.04610850 -0.02929688 -0.01127925
v 0.03642100 -0.02929688 -0.00833003
v 0.04501475 -0.02929688 -0.01682612
v 0.04360850 -0.02929688 -0.02229487
v 0.03548350 -0.02929688 -0.01352534
v 0.04173350 -0.02929688 -0.02762691
v 0.03423350 -0.02929688 -0.01860347
v 0.03938975 -0.02929688 -0.03280269
v 0.03251475 -0.02929688 -0.02358394
v 0.03673350 -0.02929688 -0.03780269
v 0.03048350 -0.02929688 -0.02838862
v 0.03376475 -0.02929688 -0.04258784
v 0.02798350 -0.02929688 -0.03303706
v 0.03032725 -0.02929688 -0.04711909
v 0.02517100 -0.02929688 -0.03745112
v 0.02657725 -0.02929688 -0.05139644
v 0.02188975 -0.02929688 -0.04163081
v 0.02267100 -0.02929688 -0.05538081
v 0.01845225 -0.02929688 -0.04553706
v 0.01829600 -0.02929688 -0.05905269
v 0.01454600 -0.02929688 -0.04915034
v 0.01376475 -0.02929688 -0.06239253
v 0.01048350 -0.02929688 -0.05245112
v 0.00892100 -0.02929688 -0.06538082
v 0.00610850 -0.02929688 -0.05540034
v 0.00392100 -0.02929688 -0.06799800
v 0.00157725 -0.02929688 -0.05799800
v -0.01248525 -0.02929688 -0.06799800
v -0.01248525 -0.02929688 -0.05799800
v -0.01248525 -0.03444336 -0.05799800
v -0.01248525 -0.03444336 -0.06799800
v -0.01248525 -0.02929688 -0.05799800
v -0.01248525 -0.02929688 -0.06799800
v -0.01248525 0.05115234 -0.05799800
v -0.01248525 0.05630859 -0.05799800
v -0.01076650 0.05070312 -0.05799800
v 0.00157725 0.05630859 -0.05799800
v -0.00904775 0.04993164 -0.05799800
v 0.00157725 0.04886719 -0.05799800
v -0.00764150 0.04886719 -0.05799800
v 0.00251475 0.05211914 0.05754887
v 0.00298350 0.05119141 0.05727544
v 0.00251475 0.05630859 0.05754887
v 0.00251475 0.05630859 0.05754887
v 0.00298350 0.05119141 0.05727544
v 0.00407725 0.04886719 0.05668950
v 0.00251475 0.05630859 0.05754887
v 0.00407725 0.04886719 0.05668950
v 0.00704600 0.05630859 0.05489262
v 0.00704600 0.05630859 0.05489262
v 0.00407725 0.04886719 0.05668950
v 0.00845225 0.04886719 0.05393559
v 0.00704600 0.05630859 0.05489262
v 0.00845225 0.04886719 0.05393559
v 0.01126475 0.05630859 0.05186528
v 0.01126475 0.05630859 0.05186528
v 0.00845225 0.04886719 0.05393559
v 0.01267100 0.04886719 0.05084965
v 0.01126475 0.05630859 0.05186528
v 0.01267100 0.04886719 0.05084965
v 0.01532725 0.05630859 0.04850590
v 0.01532725 0.05630859 0.04850590
v 0.01267100 0.04886719 0.05084965
v 0.01657725 0.04886719 0.04743169
v 0.01532725 0.05630859 0.04850590
v 0.01657725 0.04886719 0.04743169
v 0.01907725 0.05630859 0.04485356
v 0.01907725 0.05630859 0.04485356
v 0.01657725 0.04886719 0.04743169
v 0.02017100 0.04886719 0.04372075
v 0.01907725 0.05630859 0.04485356
v 0.02017100 0.04886719 0.04372075
v 0.02251475 0.05630859 0.04088872
v 0.02251475 0.05630859 0.04088872
v 0.02017100 0.04886719 0.04372075
v 0.02345225 0.04886719 0.03973637
v 0.02251475 0.05630859 0.04088872
v 0.02345225 0.04886719 0.03973637
v 0.02563975 0.05630859 0.03666997
v 0.02563975 0.05630859 0.03666997
v 0.02345225 0.04886719 0.03973637
v 0.02642100 0.04886719 0.03549809
v 0.02563975 0.05630859 0.03666997
v 0.02642100 0.04886719 0.03549809
v 0.02845225 0.05630859 0.03219731
v 0.02845225 0.05630859 0.03219731
v 0.02642100 0.04886719 0.03549809
v 0.02907725 0.04886719 0.03104497
v 0.02845225 0.05630859 0.03219731
v 0.02907725 0.04886719 0.03104497
v 0.03079600 0.05630859 0.02752935
v 0.03142100 0.04886719 0.02637700
v 0.03079600 0.05630859 0.02752935
v 0.03142100 0.04886719 0.02637700
v 0.03282725 0.05630859 0.02268560
v 0.03282725 0.05630859 0.02268560
v 0.03142100 0.04886719 0.02637700
v 0.03329600 0.04886719 0.02155278
v 0.03282725 0.05630859 0.02268560
v 0.03329600 0.04886719 0.02155278
v 0.03454600 0.05630859 0.01768560
v 0.03454600 0.05630859 0.01768560
v 0.03329600 0.04886719 0.02155278
v 0.03485850 0.04886719 0.01659185
v 0.03454600 0.05630859 0.01768560
v 0.03485850 0.04886719 0.01659185
v 0.03563975 0.05630859 0.01256841
v 0.03595225 0.04886719 0.01153325
v 0.03563975 0.05630859 0.01256841
v 0.03595225 0.04886719 0.01153325
v 0.03657725 0.05630859 0.00739263
v 0.03657725 0.05630859 0.00739263
v 0.03595225 0.04886719 0.01153325
v 0.03657725 0.04886719 0.00639653
v 0.03657725 0.05630859 0.00739263
v 0.03657725 0.04886719 0.00639653
v 0.03688975 0.05630859 0.00213872
v 0.03688975 0.04886719 0.00122075
v 0.03688975 0.05630859 0.00213872
v 0.03688975 0.04886719 0.00122075
v 0.03688975 0.05630859 -0.00309566
v 0.03688975 0.05630859 -0.00309566
v 0.03688975 0.04886719 0.00122075
v 0.03673350 0.04886719 -0.00397456
v 0.03688975 0.05630859 -0.00309566
v 0.03673350 0.04886719 -0.00397456
v 0.03642100 0.05630859 -0.00833003
v 0.03626475 0.04886719 -0.00913081
v 0.03642100 0.05630859 -0.00833003
v 0.03626475 0.04886719 -0.00913081
v 0.03548350 0.05630859 -0.01352534
v 0.03532725 0.04886719 -0.01422847
v 0.03548350 0.05630859 -0.01352534
v 0.03532725 0.04886719 -0.01422847
v 0.03423350 0.05630859 -0.01860347
v 0.03407725 0.04886719 -0.01924800
v 0.03423350 0.05630859 -0.01860347
v 0.03407725 0.04886719 -0.01924800
v 0.03251475 0.05630859 -0.02358394
v 0.03251475 0.05630859 -0.02358394
v 0.03407725 0.04886719 -0.01924800
v 0.03235850 0.04886719 -0.02413081
v 0.03251475 0.05630859 -0.02358394
v 0.03235850 0.04886719 -0.02413081
v 0.03048350 0.05630859 -0.02838862
v 0.03048350 0.05630859 -0.02838862
v 0.03235850 0.04886719 -0.02413081
v 0.03017100 0.04886719 -0.02887691
v 0.03048350 0.05630859 -0.02838862
v 0.03017100 0.04886719 -0.02887691
v 0.02798350 0.05630859 -0.03303706
v 0.02798350 0.05630859 -0.03303706
v 0.03017100 0.04886719 -0.02887691
v 0.02767100 0.04886719 -0.03342769
v 0.02798350 0.05630859 -0.03303706
v 0.02767100 0.04886719 -0.03342769
v 0.02517100 0.05630859 -0.03745112
v 0.02485850 0.04886719 -0.03778316
v 0.02517100 0.05630859 -0.03745112
v 0.02485850 0.04886719 -0.03778316
v 0.02188975 0.05630859 -0.04163081
v 0.02188975 0.05630859 -0.04163081
v 0.02485850 0.04886719 -0.03778316
v 0.02173350 0.04886719 -0.04188472
v 0.02188975 0.05630859 -0.04163081
v 0.02173350 0.04886719 -0.04188472
v 0.01845225 0.05630859 -0.04553706
v 0.01845225 0.05630859 -0.04553706
v 0.02173350 0.04886719 -0.04188472
v 0.01829600 0.04886719 -0.04573237
v 0.01845225 0.05630859 -0.04553706
v 0.01829600 0.04886719 -0.04573237
v 0.01454600 0.05630859 -0.04915034
v 0.01454600 0.05630859 -0.04915034
v 0.01829600 0.04886719 -0.04573237
v 0.01438975 0.04886719 -0.04928706
v 0.01454600 0.05630859 -0.04915034
v 0.01438975 0.04886719 -0.04928706
v 0.01048350 0.05630859 -0.05245112
v 0.01048350 0.05630859 -0.05245112
v 0.01438975 0.04886719 -0.04928706
v 0.01048350 0.04886719 -0.05252925
v 0.01048350 0.05630859 -0.05245112
v 0.01048350 0.04886719 -0.05252925
v 0.00610850 0.05630859 -0.05540034
v 0.00610850 0.05630859 -0.05540034
v 0.01048350 0.04886719 -0.05252925
v 0.00610850 0.04886719 -0.05543941
v 0.00610850 0.05630859 -0.05540034
v 0.00610850 0.04886719 -0.05543941
v 0.00157725 0.05630859 -0.05799800
v 0.00157725 0.05630859 -0.05799800
v 0.00610850 0.04886719 -0.05543941
v 0.00157725 0.04886719 -0.05799800
v -0.01248525 0.05115234 -0.05799800
v -0.01248525 0.05115234 -0.06799800
v -0.01248525 0.05630859 -0.05799800
v -0.01248525 0.05630859 -0.06799800
v 0.00407725 0.04886719 0.06795903
v 0.00907725 0.04886719 0.06534185
v 0.00407725 0.04886719 0.05668950
v 0.00845225 0.04886719 0.05393559
v 0.01376475 0.04886719 0.06235356
v 0.01267100 0.04886719 0.05084965
v 0.01845225 0.04886719 0.05901372
v 0.01657725 0.04886719 0.04743169
v 0.02017100 0.04886719 0.04372075
v 0.02267100 0.04886719 0.05532231
v 0.02345225 0.04886719 0.03973637
v 0.02673350 0.04886719 0.05133794
v 0.02642100 0.04886719 0.03549809
v 0.03032725 0.04886719 0.04706059
v 0.02907725 0.04886719 0.03104497
v 0.03376475 0.04886719 0.04252934
v 0.03142100 0.04886719 0.02637700
v 0.03673350 0.04886719 0.03774419
v 0.03329600 0.04886719 0.02155278
v 0.03938975 0.04886719 0.03274419
v 0.03485850 0.04886719 0.01659185
v 0.04173350 0.04886719 0.02756841
v 0.03595225 0.04886719 0.01153325
v 0.04360850 0.04886719 0.02223638
v 0.04501475 0.04886719 0.01676763
v 0.03657725 0.04886719 0.00639653
v 0.04610850 0.04886719 0.01122075
v 0.03688975 0.04886719 0.00122075
v 0.04673350 0.04886719 0.00559575
v 0.04688975 0.04886719 -0.00004878
v 0.04673350 0.04886719 -0.00569331
v 0.03673350 0.04886719 -0.00397456
v 0.04610850 0.04886719 -0.01131831
v 0.04501475 0.04886719 -0.01686519
v 0.03626475 0.04886719 -0.00913081
v 0.04360850 0.04886719 -0.02231441
v 0.03532725 0.04886719 -0.01422847
v 0.04173350 0.04886719 -0.02764644
v 0.03407725 0.04886719 -0.01924800
v 0.03938975 0.04886719 -0.03282222
v 0.03235850 0.04886719 -0.02413081
v 0.03673350 0.04886719 -0.03782222
v 0.03017100 0.04886719 -0.02887691
v 0.03376475 0.04886719 -0.04260737
v 0.02767100 0.04886719 -0.03342769
v 0.03032725 0.04886719 -0.04713862
v 0.02485850 0.04886719 -0.03778316
v 0.02657725 0.04886719 -0.05141597
v 0.02173350 0.04886719 -0.04188472
v 0.02267100 0.04886719 -0.05540034
v 0.01829600 0.04886719 -0.04573237
v 0.01829600 0.04886719 -0.05907222
v 0.01438975 0.04886719 -0.04928706
v 0.01376475 0.04886719 -0.06239253
v 0.01048350 0.04886719 -0.05252925
v 0.00892100 0.04886719 -0.06538082
v 0.00610850 0.04886719 -0.05543941
v 0.00392100 0.04886719 -0.06799800
v 0.00157725 0.04886719 -0.05799800
v -0.00764150 0.04886719 -0.06799800
v -0.00764150 0.04886719 -0.05799800
v 0.00892100 0.05630859 -0.06538082
v 0.00610850 0.05630859 -0.05540034
v 0.00392100 0.05630859 -0.06799800
v 0.00157725 0.05630859 -0.05799800
v -0.01248525 0.05630859 -0.06799800
v -0.01248525 0.05630859 -0.05799800
v 0.01048350 0.05630859 -0.05245112
v 0.01376475 0.05630859 -0.06239253
v 0.01454600 0.05630859 -0.04915034
v 0.01829600 0.05630859 -0.05905269
v 0.01845225 0.05630859 -0.04553706
v 0.02267100 0.05630859 -0.05538081
v 0.02188975 0.05630859 -0.04163081
v 0.02657725 0.05630859 -0.05139644
v 0.02517100 0.05630859 -0.03745112
v 0.03032725 0.05630859 -0.04711909
v 0.02798350 0.05630859 -0.03303706
v 0.03376475 0.05630859 -0.04258784
v 0.03048350 0.05630859 -0.02838862
v 0.03673350 0.05630859 -0.03780269
v 0.03251475 0.05630859 -0.02358394
v 0.03938975 0.05630859 -0.03280269
v 0.03423350 0.05630859 -0.01860347
v 0.04173350 0.05630859 -0.02762691
v 0.03548350 0.05630859 -0.01352534
v 0.04360850 0.05630859 -0.02229487
v 0.03642100 0.05630859 -0.00833003
v 0.04501475 0.05630859 -0.01682612
v 0.04610850 0.05630859 -0.01127925
v 0.03688975 0.05630859 -0.00309566
v 0.04673350 0.05630859 -0.00565425
v 0.04688975 0.05630859 -0.00000972
v 0.03688975 0.05630859 0.00213872
v 0.04673350 0.05630859 0.00565434
v 0.04610850 0.05630859 0.01127934
v 0.03657725 0.05630859 0.00739263
v 0.04501475 0.05630859 0.01682622
v 0.03563975 0.05630859 0.01256841
v 0.04360850 0.05630859 0.02229497
v 0.04173350 0.05630859 0.02762700
v 0.03454600 0.05630859 0.01768560
v 0.03938975 0.05630859 0.03280278
v 0.03282725 0.05630859 0.02268560
v 0.03673350 0.05630859 0.03780278
v 0.03079600 0.05630859 0.02752935
v 0.03376475 0.05630859 0.04258794
v 0.02845225 0.05630859 0.03219731
v 0.03032725 0.05630859 0.04711919
v 0.02563975 0.05630859 0.03666997
v 0.02657725 0.05630859 0.05139653
v 0.02251475 0.05630859 0.04088872
v 0.02267100 0.05630859 0.05538090
v 0.01907725 0.05630859 0.04485356
v 0.01829600 0.05630859 0.05905278
v 0.01532725 0.05630859 0.04850590
v 0.01376475 0.05630859 0.06239262
v 0.01126475 0.05630859 0.05186528
v 0.00892100 0.05630859 0.06538092
v 0.00704600 0.05630859 0.05489262
v 0.00392100 0.05630859 0.06799810
v 0.00251475 0.05630859 0.05754887
v -0.00092275 0.05630859 0.06799810
v -0.00092275 0.05630859 0.05299809
v -0.00232900 0.05630859 0.04874028
v -0.00436025 0.05630859 0.05299809
v -0.00561025 0.05630859 0.05053715
v 0.00251475 0.03239258 0.05754887
v 0.00251475 0.03070313 0.05754887
v 0.00313975 0.03361328 0.05717778
v 0.00313975 0.03361328 0.05717778
v 0.00251475 0.03070313 0.05754887
v 0.00376475 0.03500000 0.05682622
v 0.00376475 0.03500000 0.05682622
v 0.00251475 0.03070313 0.05754887
v 0.00438975 0.03676758 0.05647465
v 0.00438975 0.03676758 0.05647465
v 0.00704600 0.03070313 0.05489262
v 0.00438975 0.03676758 0.05647465
v 0.00704600 0.03070313 0.05489262
v 0.00501475 0.03898437 0.05616215
v 0.00501475 0.03898437 0.05616215
v 0.00704600 0.03070313 0.05489262
v 0.00954600 0.04086914 0.05321294
v 0.00501475 0.03898437 0.05616215
v 0.00954600 0.04086914 0.05321294
v 0.00517100 0.04086914 0.05602544
v 0.00704600 0.03070313 0.05489262
v 0.01126475 0.03070313 0.05186528
v 0.00954600 0.04086914 0.05321294
v 0.00954600 0.04086914 0.05321294
v 0.01126475 0.03070313 0.05186528
v 0.01360850 0.04086914 0.05006840
v 0.01360850 0.04086914 0.05006840
v 0.01126475 0.03070313 0.05186528
v 0.01532725 0.03070313 0.04850590
v 0.01360850 0.04086914 0.05006840
v 0.01532725 0.03070313 0.04850590
v 0.01735850 0.04086914 0.04661137
v 0.01735850 0.04086914 0.04661137
v 0.01532725 0.03070313 0.04850590
v 0.01907725 0.03070313 0.04485356
v 0.01735850 0.04086914 0.04661137
v 0.01907725 0.03070313 0.04485356
v 0.02079600 0.04086914 0.04288090
v 0.02079600 0.04086914 0.04288090
v 0.01907725 0.03070313 0.04485356
v 0.02251475 0.03070313 0.04088872
v 0.02079600 0.04086914 0.04288090
v 0.02251475 0.03070313 0.04088872
v 0.02407725 0.04086914 0.03887700
v 0.02407725 0.04086914 0.03887700
v 0.02251475 0.03070313 0.04088872
v 0.02563975 0.03070313 0.03666997
v 0.02407725 0.04086914 0.03887700
v 0.02563975 0.03070313 0.03666997
v 0.02704600 0.04086914 0.03463872
v 0.02704600 0.04086914 0.03463872
v 0.02563975 0.03070313 0.03666997
v 0.02845225 0.03070313 0.03219731
v 0.02704600 0.04086914 0.03463872
v 0.02845225 0.03070313 0.03219731
v 0.02954600 0.04086914 0.03016606
v 0.02954600 0.04086914 0.03016606
v 0.02845225 0.03070313 0.03219731
v 0.03079600 0.03070313 0.02752935
v 0.02954600 0.04086914 0.03016606
v 0.03079600 0.03070313 0.02752935
v 0.03173350 0.04086914 0.02553716
v 0.03173350 0.04086914 0.02553716
v 0.03079600 0.03070313 0.02752935
v 0.03282725 0.03070313 0.02268560
v 0.03173350 0.04086914 0.02553716
v 0.03282725 0.03070313 0.02268560
v 0.03360850 0.04086914 0.02073247
v 0.03360850 0.04086914 0.02073247
v 0.03282725 0.03070313 0.02268560
v 0.03454600 0.03070313 0.01768560
v 0.03360850 0.04086914 0.02073247
v 0.03454600 0.03070313 0.01768560
v 0.03501475 0.04086914 0.01579106
v 0.03501475 0.04086914 0.01579106
v 0.03454600 0.03070313 0.01768560
v 0.03563975 0.03070313 0.01256841
v 0.03610850 0.04086914 0.01075200
v 0.03610850 0.04086914 0.01075200
v 0.03563975 0.03070313 0.01256841
v 0.03657725 0.03070313 0.00739263
v 0.03610850 0.04086914 0.01075200
v 0.03657725 0.03070313 0.00739263
v 0.03673350 0.04086914 0.00567388
v 0.03673350 0.04086914 0.00567388
v 0.03657725 0.03070313 0.00739263
v 0.03688975 0.03070313 0.00213872
v 0.03673350 0.04086914 0.00567388
v 0.03688975 0.03070313 0.00213872
v 0.03688975 0.04086914 0.00053716
v 0.03688975 0.04086914 0.00053716
v 0.03688975 0.03070313 0.00213872
v 0.03688975 0.03070313 -0.00309566
v 0.03688975 0.04086914 0.00053716
v 0.03688975 0.03070313 -0.00309566
v 0.03673350 0.04086914 -0.00459956
v 0.03673350 0.04086914 -0.00459956
v 0.03688975 0.03070313 -0.00309566
v 0.03642100 0.03070313 -0.00833003
v 0.03626475 0.04086914 -0.00971675
v 0.03626475 0.04086914 -0.00971675
v 0.03642100 0.03070313 -0.00833003
v 0.03548350 0.03070313 -0.01352534
v 0.03626475 0.04086914 -0.00971675
v 0.03548350 0.03070313 -0.01352534
v 0.03517100 0.04086914 -0.01475581
v 0.03517100 0.04086914 -0.01475581
v 0.03548350 0.03070313 -0.01352534
v 0.03423350 0.03070313 -0.01860347
v 0.03392100 0.04086914 -0.01971675
v 0.03392100 0.04086914 -0.01971675
v 0.03423350 0.03070313 -0.01860347
v 0.03251475 0.03070313 -0.02358394
v 0.03392100 0.04086914 -0.01971675
v 0.03251475 0.03070313 -0.02358394
v 0.03220225 0.04086914 -0.02454097
v 0.03220225 0.04086914 -0.02454097
v 0.03251475 0.03070313 -0.02358394
v 0.03048350 0.03070313 -0.02838862
v 0.03220225 0.04086914 -0.02454097
v 0.03048350 0.03070313 -0.02838862
v 0.03001475 0.04086914 -0.02922847
v 0.03001475 0.04086914 -0.02922847
v 0.03048350 0.03070313 -0.02838862
v 0.02798350 0.03070313 -0.03303706
v 0.03001475 0.04086914 -0.02922847
v 0.02798350 0.03070313 -0.03303706
v 0.02751475 0.04086914 -0.03372066
v 0.02751475 0.04086914 -0.03372066
v 0.02798350 0.03070313 -0.03303706
v 0.02517100 0.03070313 -0.03745112
v 0.02751475 0.04086914 -0.03372066
v 0.02517100 0.03070313 -0.03745112
v 0.02470225 0.04086914 -0.03801753
v 0.02470225 0.04086914 -0.03801753
v 0.02517100 0.03070313 -0.03745112
v 0.02188975 0.03070313 -0.04163081
v 0.02470225 0.04086914 -0.03801753
v 0.02188975 0.03070313 -0.04163081
v 0.02157725 0.04086914 -0.04208003
v 0.02157725 0.04086914 -0.04208003
v 0.02188975 0.03070313 -0.04163081
v 0.01845225 0.03070313 -0.04553706
v 0.02157725 0.04086914 -0.04208003
v 0.01845225 0.03070313 -0.04553706
v 0.01813975 0.04086914 -0.04586909
v 0.01813975 0.04086914 -0.04586909
v 0.01845225 0.03070313 -0.04553706
v 0.01454600 0.03070313 -0.04915034
v 0.01813975 0.04086914 -0.04586909
v 0.01454600 0.03070313 -0.04915034
v 0.01438975 0.04086914 -0.04938472
v 0.01438975 0.04086914 -0.04938472
v 0.01454600 0.03070313 -0.04915034
v 0.01048350 0.03070313 -0.05245112
v 0.01438975 0.04086914 -0.04938472
v 0.01048350 0.03070313 -0.05245112
v 0.01032725 0.04086914 -0.05258784
v 0.01032725 0.04086914 -0.05258784
v 0.01048350 0.03070313 -0.05245112
v 0.00610850 0.03070313 -0.05540034
v 0.00610850 0.04086914 -0.05545894
v 0.00610850 0.04086914 -0.05545894
v 0.00610850 0.03070313 -0.05540034
v 0.00157725 0.03070313 -0.05799800
v 0.00610850 0.04086914 -0.05545894
v 0.00157725 0.03070313 -0.05799800
v 0.00157725 0.04086914 -0.05799800
v -0.01248525 0.03070313 -0.05799800
v -0.00889150 0.03468750 -0.05799800
v 0.00157725 0.03070313 -0.05799800
v -0.00748525 0.03587891 -0.05799800
v -0.00623525 0.03735351 -0.05799800
v -0.01248525 0.03335937 -0.05799800
v -0.01061025 0.03383789 -0.05799800
v 0.00157725 0.04086914 -0.05799800
v -0.00529775 0.03903320 -0.05799800
v -0.00482900 0.04086914 -0.05799800
v 0.00892100 0.04086914 -0.06540036
v 0.00610850 0.04086914 -0.05545894
v 0.00392100 0.04086914 -0.06799800
v 0.00157725 0.04086914 -0.05799800
v -0.00482900 0.04086914 -0.06799800
v -0.00482900 0.04086914 -0.05799800
v 0.01032725 0.04086914 -0.05258784
v 0.01376475 0.04086914 -0.06245112
v 0.01438975 0.04086914 -0.04938472
v 0.01829600 0.04086914 -0.05915034
v 0.01813975 0.04086914 -0.04586909
v 0.02251475 0.04086914 -0.05549800
v 0.02157725 0.04086914 -0.04208003
v 0.02642100 0.04086914 -0.05157222
v 0.02470225 0.04086914 -0.03801753
v 0.03017100 0.04086914 -0.04733394
v 0.02751475 0.04086914 -0.03372066
v 0.03360850 0.04086914 -0.04284175
v 0.03001475 0.04086914 -0.02922847
v 0.03220225 0.04086914 -0.02454097
v 0.03657725 0.04086914 -0.03811519
v 0.03392100 0.04086914 -0.01971675
v 0.03923350 0.04086914 -0.03317378
v 0.03517100 0.04086914 -0.01475581
v 0.04157725 0.04086914 -0.02803706
v 0.04345225 0.04086914 -0.02276362
v 0.03626475 0.04086914 -0.00971675
v 0.04485850 0.04086914 -0.01735347
v 0.03673350 0.04086914 -0.00459956
v 0.04595225 0.04086914 -0.01184566
v 0.04673350 0.04086914 -0.00627925
v 0.03688975 0.04086914 0.00053716
v 0.04688975 0.04086914 -0.00067378
v 0.04673350 0.04086914 0.00493169
v 0.04626475 0.04086914 0.01051762
v 0.03673350 0.04086914 0.00567388
v 0.04517100 0.04086914 0.01604497
v 0.03610850 0.04086914 0.01075200
v 0.04376475 0.04086914 0.02147466
v 0.04204600 0.04086914 0.02678716
v 0.03501475 0.04086914 0.01579106
v 0.03985850 0.04086914 0.03194341
v 0.03360850 0.04086914 0.02073247
v 0.03720225 0.04086914 0.03694340
v 0.03173350 0.04086914 0.02553716
v 0.03423350 0.04086914 0.04172856
v 0.02954600 0.04086914 0.03016606
v 0.03095225 0.04086914 0.04627934
v 0.02704600 0.04086914 0.03463872
v 0.02735850 0.04086914 0.05057622
v 0.02407725 0.04086914 0.03887700
v 0.02345225 0.04086914 0.05458012
v 0.02079600 0.04086914 0.04288090
v 0.01923350 0.04086914 0.05829106
v 0.01735850 0.04086914 0.04661137
v 0.01485850 0.04086914 0.06166997
v 0.01360850 0.04086914 0.05006840
v 0.00954600 0.04086914 0.05321294
v 0.01017100 0.04086914 0.06471685
v 0.00517100 0.04086914 0.05602544
v 0.00517100 0.04086914 0.06741217
v -0.01248525 0.03070313 -0.05799800
v -0.01248525 0.03070313 -0.06799800
v -0.01248525 0.03335937 -0.05799800
v -0.01248525 0.03335937 -0.06799800
v 0.00360850 -0.03945312 0.06799810
v 0.00376475 -0.04044922 0.06799810
v 0.00392100 -0.03945312 0.06799810
v 0.00392100 -0.04145508 0.06799810
v 0.00392100 -0.04247070 0.06799810
v 0.00392100 0.04086914 -0.06799800
v 0.00392100 0.04886719 -0.06799800
v 0.00892100 0.04086914 -0.06540036
v 0.00892100 0.04886719 -0.06538082
v 0.00892100 0.04086914 -0.06540036
v 0.00892100 0.04886719 -0.06538082
v 0.01376475 0.04086914 -0.06245112
v 0.01376475 0.04086914 -0.06245112
v 0.00892100 0.04886719 -0.06538082
v 0.01376475 0.04886719 -0.06239253
v 0.01376475 0.04086914 -0.06245112
v 0.01376475 0.04886719 -0.06239253
v 0.01829600 0.04086914 -0.05915034
v 0.01829600 0.04886719 -0.05907222
v 0.01829600 0.04086914 -0.05915034
v 0.01829600 0.04886719 -0.05907222
v 0.02251475 0.04086914 -0.05549800
v 0.02251475 0.04086914 -0.05549800
v 0.01829600 0.04886719 -0.05907222
v 0.02267100 0.04886719 -0.05540034
v 0.02251475 0.04086914 -0.05549800
v 0.02267100 0.04886719 -0.05540034
v 0.02642100 0.04086914 -0.05157222
v 0.02642100 0.04086914 -0.05157222
v 0.02267100 0.04886719 -0.05540034
v 0.02657725 0.04886719 -0.05141597
v 0.02642100 0.04086914 -0.05157222
v 0.02657725 0.04886719 -0.05141597
v 0.03017100 0.04086914 -0.04733394
v 0.03032725 0.04886719 -0.04713862
v 0.03017100 0.04086914 -0.04733394
v 0.03032725 0.04886719 -0.04713862
v 0.03360850 0.04086914 -0.04284175
v 0.03360850 0.04086914 -0.04284175
v 0.03032725 0.04886719 -0.04713862
v 0.03376475 0.04886719 -0.04260737
v 0.03360850 0.04086914 -0.04284175
v 0.03376475 0.04886719 -0.04260737
v 0.03657725 0.04086914 -0.03811519
v 0.03673350 0.04886719 -0.03782222
v 0.03657725 0.04086914 -0.03811519
v 0.03673350 0.04886719 -0.03782222
v 0.03923350 0.04086914 -0.03317378
v 0.03938975 0.04886719 -0.03282222
v 0.03923350 0.04086914 -0.03317378
v 0.03938975 0.04886719 -0.03282222
v 0.04157725 0.04086914 -0.02803706
v 0.04157725 0.04086914 -0.02803706
v 0.03938975 0.04886719 -0.03282222
v 0.04173350 0.04886719 -0.02764644
v 0.04157725 0.04086914 -0.02803706
v 0.04173350 0.04886719 -0.02764644
v 0.04345225 0.04086914 -0.02276362
v 0.04345225 0.04086914 -0.02276362
v 0.04173350 0.04886719 -0.02764644
v 0.04360850 0.04886719 -0.02231441
v 0.04345225 0.04086914 -0.02276362
v 0.04360850 0.04886719 -0.02231441
v 0.04485850 0.04086914 -0.01735347
v 0.04501475 0.04886719 -0.01686519
v 0.04485850 0.04086914 -0.01735347
v 0.04501475 0.04886719 -0.01686519
v 0.04595225 0.04086914 -0.01184566
v 0.04610850 0.04886719 -0.01131831
v 0.04595225 0.04086914 -0.01184566
v 0.04610850 0.04886719 -0.01131831
v 0.04673350 0.04086914 -0.00627925
v 0.04673350 0.04086914 -0.00627925
v 0.04610850 0.04886719 -0.01131831
v 0.04673350 0.04886719 -0.00569331
v 0.04673350 0.04086914 -0.00627925
v 0.04673350 0.04886719 -0.00569331
v 0.04688975 0.04086914 -0.00067378
v 0.04688975 0.04886719 -0.00004878
v 0.04688975 0.04086914 -0.00067378
v 0.04688975 0.04886719 -0.00004878
v 0.04673350 0.04086914 0.00493169
v 0.04673350 0.04886719 0.00559575
v 0.04673350 0.04086914 0.00493169
v 0.04673350 0.04886719 0.00559575
v 0.04626475 0.04086914 0.01051762
v 0.04626475 0.04086914 0.01051762
v 0.04673350 0.04886719 0.00559575
v 0.04610850 0.04886719 0.01122075
v 0.04626475 0.04086914 0.01051762
v 0.04610850 0.04886719 0.01122075
v 0.04517100 0.04086914 0.01604497
v 0.04501475 0.04886719 0.01676763
v 0.04517100 0.04086914 0.01604497
v 0.04501475 0.04886719 0.01676763
v 0.04376475 0.04086914 0.02147466
v 0.04360850 0.04886719 0.02223638
v 0.04376475 0.04086914 0.02147466
v 0.04360850 0.04886719 0.02223638
v 0.04204600 0.04086914 0.02678716
v 0.04204600 0.04086914 0.02678716
v 0.04360850 0.04886719 0.02223638
v 0.04173350 0.04886719 0.02756841
v 0.04204600 0.04086914 0.02678716
v 0.04173350 0.04886719 0.02756841
v 0.03985850 0.04086914 0.03194341
v 0.03985850 0.04086914 0.03194341
v 0.04173350 0.04886719 0.02756841
v 0.03938975 0.04886719 0.03274419
v 0.03985850 0.04086914 0.03194341
v 0.03938975 0.04886719 0.03274419
v 0.03720225 0.04086914 0.03694340
v 0.03673350 0.04886719 0.03774419
v 0.03720225 0.04086914 0.03694340
v 0.03673350 0.04886719 0.03774419
v 0.03423350 0.04086914 0.04172856
v 0.03376475 0.04886719 0.04252934
v 0.03423350 0.04086914 0.04172856
v 0.03376475 0.04886719 0.04252934
v 0.03095225 0.04086914 0.04627934
v 0.03095225 0.04086914 0.04627934
v 0.03376475 0.04886719 0.04252934
v 0.03032725 0.04886719 0.04706059
v 0.03095225 0.04086914 0.04627934
v 0.03032725 0.04886719 0.04706059
v 0.02735850 0.04086914 0.05057622
v 0.02673350 0.04886719 0.05133794
v 0.02735850 0.04086914 0.05057622
v 0.02673350 0.04886719 0.05133794
v 0.02345225 0.04086914 0.05458012
v 0.02345225 0.04086914 0.05458012
v 0.02673350 0.04886719 0.05133794
v 0.02267100 0.04886719 0.05532231
v 0.02345225 0.04086914 0.05458012
v 0.02267100 0.04886719 0.05532231
v 0.01923350 0.04086914 0.05829106
v 0.01923350 0.04086914 0.05829106
v 0.02267100 0.04886719 0.05532231
v 0.01845225 0.04886719 0.05901372
v 0.01923350 0.04086914 0.05829106
v 0.01845225 0.04886719 0.05901372
v 0.01485850 0.04086914 0.06166997
v 0.01485850 0.04086914 0.06166997
v 0.01845225 0.04886719 0.05901372
v 0.01376475 0.04886719 0.06235356
v 0.01485850 0.04086914 0.06166997
v 0.01376475 0.04886719 0.06235356
v 0.01017100 0.04086914 0.06471685
v 0.01017100 0.04086914 0.06471685
v 0.01376475 0.04886719 0.06235356
v 0.00907725 0.04886719 0.06534185
v 0.01017100 0.04086914 0.06471685
v 0.00907725 0.04886719 0.06534185
v 0.00517100 0.04317383 0.06739263
v 0.00517100 0.04317383 0.06739263
v 0.00907725 0.04886719 0.06534185
v 0.00501475 0.04507812 0.06749028
v 0.00501475 0.04507812 0.06749028
v 0.00907725 0.04886719 0.06534185
v 0.00454600 0.04699219 0.06768560
v 0.00454600 0.04699219 0.06768560
v 0.00907725 0.04886719 0.06534185
v 0.00407725 0.04886719 0.06795903
v 0.00517100 0.04317383 0.06739263
v 0.00517100 0.04086914 0.06741217
v 0.01017100 0.04086914 0.06471685
v 0.00392100 -0.01034180 -0.06799800
v 0.00563975 -0.01150391 -0.06715816
v 0.00392100 -0.02929688 -0.06799800
v 0.00392100 -0.02929688 -0.06799800
v 0.00563975 -0.01150391 -0.06715816
v 0.00892100 -0.02929688 -0.06538082
v 0.00892100 -0.02929688 -0.06538082
v 0.00563975 -0.01150391 -0.06715816
v 0.00751475 -0.01244141 -0.06624019
v 0.00892100 -0.02929688 -0.06538082
v 0.00751475 -0.01244141 -0.06624019
v 0.00923350 -0.01316406 -0.06520504
v 0.00923350 -0.01316406 -0.06520504
v 0.01110850 -0.01365234 -0.06409175
v 0.00892100 -0.02929688 -0.06538082
v 0.00892100 -0.02929688 -0.06538082
v 0.01110850 -0.01365234 -0.06409175
v 0.01376475 -0.02929688 -0.06239253
v 0.01376475 -0.02929688 -0.06239253
v 0.01110850 -0.01365234 -0.06409175
v 0.01298350 -0.01390625 -0.06290034
v 0.01376475 -0.02929688 -0.06239253
v 0.01298350 -0.01390625 -0.06290034
v 0.01485850 -0.01390625 -0.06166987
v 0.01485850 -0.01390625 -0.06166987
v 0.01657725 -0.01363281 -0.06038081
v 0.01376475 -0.02929688 -0.06239253
v 0.01376475 -0.02929688 -0.06239253
v 0.01657725 -0.01363281 -0.06038081
v 0.01829600 -0.02929688 -0.05905269
v 0.01829600 -0.02929688 -0.05905269
v 0.01657725 -0.01363281 -0.06038081
v 0.01829600 -0.01307617 -0.05907222
v 0.01829600 -0.02929688 -0.05905269
v 0.01829600 -0.01307617 -0.05907222
v 0.01985850 -0.01222656 -0.05778316
v 0.02267100 -0.02929688 -0.05538081
v 0.02267100 -0.02929688 -0.05538081
v 0.01985850 -0.01222656 -0.05778316
v 0.02126475 -0.01108398 -0.05657222
v 0.02267100 -0.02929688 -0.05538081
v 0.02126475 -0.01108398 -0.05657222
v 0.02251475 -0.00966797 -0.05543941
v 0.02251475 -0.00966797 -0.05543941
v 0.02360850 -0.00799805 -0.05446284
v 0.02267100 -0.02929688 -0.05538081
v 0.02267100 -0.02929688 -0.05538081
v 0.02360850 -0.00799805 -0.05446284
v 0.02438975 -0.00612305 -0.05366206
v 0.02267100 -0.02929688 -0.05538081
v 0.02438975 -0.00612305 -0.05366206
v 0.02657725 -0.02929688 -0.05139644
v 0.02657725 -0.02929688 -0.05139644
v 0.02438975 -0.00612305 -0.05366206
v 0.02501475 -0.00408203 -0.05307612
v 0.02657725 -0.02929688 -0.05139644
v 0.02501475 -0.00408203 -0.05307612
v 0.02532725 -0.00194336 -0.05270503
v 0.02532725 -0.00194336 -0.05270503
v 0.02548350 0.00026367 -0.05258784
v 0.02657725 -0.02929688 -0.05139644
v 0.02657725 -0.02929688 -0.05139644
v 0.02548350 0.00026367 -0.05258784
v 0.02657725 0.03070313 -0.05139644
v 0.02657725 -0.02929688 -0.05139644
v 0.02657725 0.03070313 -0.05139644
v 0.03032725 -0.02929688 -0.04711909
v 0.03032725 0.03070313 -0.04711909
v 0.03032725 -0.02929688 -0.04711909
v 0.03032725 0.03070313 -0.04711909
v 0.03376475 -0.02929688 -0.04258784
v 0.03376475 0.03070313 -0.04258784
v 0.03376475 -0.02929688 -0.04258784
v 0.03376475 0.03070313 -0.04258784
v 0.03673350 -0.02929688 -0.03780269
v 0.03673350 0.03070313 -0.03780269
v 0.03673350 -0.02929688 -0.03780269
v 0.03673350 0.03070313 -0.03780269
v 0.03938975 -0.02929688 -0.03280269
v 0.03938975 0.03070313 -0.03280269
v 0.03938975 -0.02929688 -0.03280269
v 0.03938975 0.03070313 -0.03280269
v 0.04173350 -0.02929688 -0.02762691
v 0.04173350 0.03070313 -0.02762691
v 0.04173350 -0.02929688 -0.02762691
v 0.04173350 0.03070313 -0.02762691
v 0.04360850 -0.02929688 -0.02229487
v 0.04360850 0.03070313 -0.02229487
v 0.04360850 -0.02929688 -0.02229487
v 0.04360850 0.03070313 -0.02229487
v 0.04501475 -0.02929688 -0.01682612
v 0.04501475 0.03070313 -0.01682612
v 0.04501475 -0.02929688 -0.01682612
v 0.04501475 0.03070313 -0.01682612
v 0.04610850 -0.02929688 -0.01127925
v 0.04610850 0.03070313 -0.01127925
v 0.04610850 -0.02929688 -0.01127925
v 0.04610850 0.03070313 -0.01127925
v 0.04673350 -0.02929688 -0.00565425
v 0.04673350 0.03070313 -0.00565425
v 0.04673350 -0.02929688 -0.00565425
v 0.04673350 0.03070313 -0.00565425
v 0.04688975 -0.02929688 -0.00000972
v 0.04688975 0.03070313 -0.00000972
v 0.04688975 -0.02929688 -0.00000972
v 0.04688975 0.03070313 -0.00000972
v 0.04673350 -0.02929688 0.00565434
v 0.04673350 0.03070313 0.00565434
v 0.04673350 -0.02929688 0.00565434
v 0.04673350 0.03070313 0.00565434
v 0.04610850 -0.02929688 0.01127934
v 0.04610850 0.03070313 0.01127934
v 0.04610850 -0.02929688 0.01127934
v 0.04610850 0.03070313 0.01127934
v 0.04501475 -0.02929688 0.01682622
v 0.04501475 0.03070313 0.01682622
v 0.04501475 -0.02929688 0.01682622
v 0.04501475 0.03070313 0.01682622
v 0.04360850 -0.02929688 0.02229497
v 0.04360850 0.03070313 0.02229497
v 0.04360850 -0.02929688 0.02229497
v 0.04360850 0.03070313 0.02229497
v 0.04173350 -0.02929688 0.02762700
v 0.04173350 0.03070313 0.02762700
v 0.04173350 -0.02929688 0.02762700
v 0.04173350 0.03070313 0.02762700
v 0.03938975 -0.02929688 0.03280278
v 0.03938975 0.03070313 0.03280278
v 0.03938975 -0.02929688 0.03280278
v 0.03938975 0.03070313 0.03280278
v 0.03673350 -0.02929688 0.03780278
v 0.03673350 0.03070313 0.03780278
v 0.03673350 -0.02929688 0.03780278
v 0.03673350 0.03070313 0.03780278
v 0.03376475 -0.02929688 0.04258794
v 0.03376475 0.03070313 0.04258794
v 0.03376475 -0.02929688 0.04258794
v 0.03376475 0.03070313 0.04258794
v 0.03032725 -0.02929688 0.04711919
v 0.03032725 0.03070313 0.04711919
v 0.03032725 -0.02929688 0.04711919
v 0.03032725 0.03070313 0.04711919
v 0.02657725 -0.02929688 0.05139653
v 0.02657725 0.03070313 0.05139653
v 0.02657725 -0.02929688 0.05139653
v 0.02657725 0.03070313 0.05139653
v 0.02267100 -0.02929688 0.05538090
v 0.02267100 0.03070313 0.05538090
v 0.02267100 -0.02929688 0.05538090
v 0.02267100 0.03070313 0.05538090
v 0.01829600 -0.02929688 0.05905278
v 0.01829600 0.03070313 0.05905278
v 0.01829600 -0.02929688 0.05905278
v 0.01829600 0.03070313 0.05905278
v 0.01376475 -0.02929688 0.06239262
v 0.01376475 0.03070313 0.06239262
v 0.01376475 -0.02929688 0.06239262
v 0.01376475 0.03070313 0.06239262
v 0.00892100 -0.02929688 0.06538092
v 0.00892100 0.03070313 0.06538092
v 0.00892100 -0.02929688 0.06538092
v 0.00892100 0.03070313 0.06538092
v 0.00392100 -0.02929688 0.06799810
v 0.00392100 0.03070313 0.06799810
v 0.02548350 0.00026367 -0.05258784
v 0.02532725 0.00246094 -0.05270503
v 0.02657725 0.03070313 -0.05139644
v 0.02657725 0.03070313 -0.05139644
v 0.02532725 0.00246094 -0.05270503
v 0.02501475 0.00459961 -0.05307612
v 0.02657725 0.03070313 -0.05139644
v 0.02501475 0.00459961 -0.05307612
v 0.02438975 0.00664063 -0.05366206
v 0.02657725 0.03070313 -0.05139644
v 0.02438975 0.00664063 -0.05366206
v 0.02267100 0.03070313 -0.05538081
v 0.02267100 0.03070313 -0.05538081
v 0.02438975 0.00664063 -0.05366206
v 0.02360850 0.00851563 -0.05446284
v 0.02267100 0.03070313 -0.05538081
v 0.02360850 0.00851563 -0.05446284
v 0.02251475 0.01018555 -0.05543941
v 0.02251475 0.01018555 -0.05543941
v 0.02126475 0.01160156 -0.05657222
v 0.02267100 0.03070313 -0.05538081
v 0.02267100 0.03070313 -0.05538081
v 0.02126475 0.01160156 -0.05657222
v 0.01985850 0.01274414 -0.05778316
v 0.02267100 0.03070313 -0.05538081
v 0.01985850 0.01274414 -0.05778316
v 0.01829600 0.03070313 -0.05905269
v 0.01829600 0.01359375 -0.05907222
v 0.01829600 0.03070313 -0.05905269
v 0.01829600 0.01359375 -0.05907222
v 0.01657725 0.01415039 -0.06038081
v 0.01829600 0.03070313 -0.05905269
v 0.01657725 0.01415039 -0.06038081
v 0.01376475 0.03070313 -0.06239253
v 0.01376475 0.03070313 -0.06239253
v 0.01657725 0.01415039 -0.06038081
v 0.01485850 0.01442383 -0.06166987
v 0.01376475 0.03070313 -0.06239253
v 0.01485850 0.01442383 -0.06166987
v 0.01298350 0.01442383 -0.06290034
v 0.01298350 0.01442383 -0.06290034
v 0.01110850 0.01416992 -0.06409175
v 0.01376475 0.03070313 -0.06239253
v 0.01376475 0.03070313 -0.06239253
v 0.01110850 0.01416992 -0.06409175
v 0.00892100 0.03070313 -0.06538082
v 0.00892100 0.03070313 -0.06538082
v 0.01110850 0.01416992 -0.06409175
v 0.00923350 0.01368164 -0.06520504
v 0.00892100 0.03070313 -0.06538082
v 0.00923350 0.01368164 -0.06520504
v 0.00751475 0.01295898 -0.06624019
v 0.00751475 0.01295898 -0.06624019
v 0.00563975 0.01202148 -0.06715816
v 0.00892100 0.03070313 -0.06538082
v 0.00892100 0.03070313 -0.06538082
v 0.00563975 0.01202148 -0.06715816
v 0.00392100 0.03070313 -0.06799800
v 0.00392100 0.03070313 -0.06799800
v 0.00563975 0.01202148 -0.06715816
v 0.00392100 0.01085937 -0.06799800
v -0.00764150 0.04886719 -0.06799800
v 0.00392100 0.04886719 -0.06799800
v -0.00654775 0.04754883 -0.06799800
v -0.00561025 0.04603516 -0.06799800
v -0.00498525 0.04436523 -0.06799800
v 0.00392100 0.04086914 -0.06799800
v -0.00482900 0.04262695 -0.06799800
v -0.00482900 0.04086914 -0.06799800
v -0.00498525 0.04418945 0.05299809
v -0.00498525 0.04418945 0.01266606
v -0.00482900 0.04225586 0.05299809
v -0.00482900 0.04225586 0.01266606
v -0.00482900 0.04225586 0.05299809
v -0.00482900 0.04225586 0.01266606
v -0.00498525 0.04032226 0.05299809
v -0.00498525 0.04032226 0.01266606
v -0.00498525 0.04032226 0.05299809
v -0.00498525 0.04032226 0.01266606
v -0.00561025 0.03847656 0.05299809
v -0.00561025 0.03847656 0.01266606
v -0.00561025 0.03847656 0.05299809
v -0.00561025 0.03847656 0.01266606
v -0.00654775 0.03680664 0.05299809
v -0.00654775 0.03680664 0.01266606
v -0.00654775 0.03680664 0.05299809
v -0.00654775 0.03680664 0.01266606
v -0.00795400 0.03539062 0.05299809
v -0.00795400 0.03539062 0.01266606
v -0.00795400 0.03539062 0.05299809
v -0.00795400 0.03539062 0.01266606
v -0.00951650 0.03429687 0.05299809
v -0.00951650 0.03429687 0.01266606
v -0.00951650 0.03429687 0.05299809
v -0.00951650 0.03429687 0.01266606
v -0.01139150 0.03358398 0.05299809
v -0.01139150 0.03358398 0.01266606
v -0.01139150 0.03358398 0.05299809
v -0.01139150 0.03358398 0.01266606
v -0.01326650 0.03326172 0.05299809
v -0.01326650 0.03326172 0.01266606
v -0.01326650 0.03326172 0.05299809
v -0.01326650 0.03326172 0.01266606
v -0.01529775 0.03336914 0.05299809
v -0.01529775 0.03336914 0.01266606
v -0.01529775 0.03336914 0.05299809
v -0.01529775 0.03336914 0.01266606
v -0.01717275 0.03388672 0.05299809
v -0.01717275 0.03388672 0.01266606
v -0.01717275 0.03388672 0.05299809
v -0.01717275 0.03388672 0.01266606
v -0.01889150 0.03480469 0.05299809
v -0.01889150 0.03480469 0.01266606
v -0.01889150 0.03480469 0.05299809
v -0.01889150 0.03480469 0.01266606
v -0.02029775 0.03606445 0.05299809
v -0.02029775 0.03606445 0.01266606
v -0.02029775 0.03606445 0.05299809
v -0.02029775 0.03606445 0.01266606
v -0.02154775 0.03760742 0.05299809
v -0.02154775 0.03760742 0.01266606
v -0.02154775 0.03760742 0.05299809
v -0.02154775 0.03760742 0.01266606
v -0.02232900 0.03937500 0.05299809
v -0.02232900 0.03937500 0.01266606
v -0.02232900 0.03937500 0.05299809
v -0.02232900 0.03937500 0.01266606
v -0.02279775 0.04127930 0.05299809
v -0.02279775 0.04127930 0.01266606
v -0.02279775 0.04127930 0.05299809
v -0.02279775 0.04127930 0.01266606
v -0.02279775 0.04322266 0.05299809
v -0.02279775 0.04322266 0.01266606
v -0.02279775 0.04322266 0.05299809
v -0.02279775 0.04322266 0.01266606
v -0.02232900 0.04512695 0.05299809
v -0.02232900 0.04512695 0.01266606
v -0.02232900 0.04512695 0.05299809
v -0.02232900 0.04512695 0.01266606
v -0.02154775 0.04689453 0.05299809
v -0.02154775 0.04689453 0.01266606
v -0.02154775 0.04689453 0.05299809
v -0.02154775 0.04689453 0.01266606
v -0.02029775 0.04843750 0.05299809
v -0.02029775 0.04843750 0.01266606
v -0.02029775 0.04843750 0.05299809
v -0.02029775 0.04843750 0.01266606
v -0.01889150 0.04969726 0.05299809
v -0.01889150 0.04969726 0.01266606
v -0.01889150 0.04969726 0.05299809
v -0.01889150 0.04969726 0.01266606
v -0.01717275 0.05061523 0.05299809
v -0.01717275 0.05061523 0.01266606
v -0.01717275 0.05061523 0.05299809
v -0.01717275 0.05061523 0.01266606
v -0.01529775 0.05113281 0.05299809
v -0.01529775 0.05113281 0.01266606
v -0.01529775 0.05113281 0.05299809
v -0.01529775 0.05113281 0.01266606
v -0.01326650 0.05124023 0.05299809
v -0.01326650 0.05124023 0.01266606
v -0.01326650 0.05124023 0.05299809
v -0.01326650 0.05124023 0.01266606
v -0.01139150 0.05092773 0.05299809
v -0.01139150 0.05092773 0.01266606
v -0.01139150 0.05092773 0.05299809
v -0.01139150 0.05092773 0.01266606
v -0.00951650 0.05020508 0.05299809
v -0.00951650 0.05020508 0.01266606
v -0.00951650 0.05020508 0.05299809
v -0.00951650 0.05020508 0.01266606
v -0.00795400 0.04911133 0.05299809
v -0.00795400 0.04911133 0.01266606
v -0.00795400 0.04911133 0.05299809
v -0.00795400 0.04911133 0.01266606
v -0.00654775 0.04769531 0.05299809
v -0.00654775 0.04769531 0.01266606
v -0.00654775 0.04769531 0.05299809
v -0.00654775 0.04769531 0.01266606
v -0.00561025 0.04603516 0.05299809
v -0.00561025 0.04603516 0.01266606
v -0.00561025 0.04603516 0.05299809
v -0.00561025 0.04603516 0.01266606
v -0.00498525 0.04418945 0.05299809
v -0.00498525 0.04418945 0.01266606
v -0.00764150 0.04886719 -0.05799800
v -0.00764150 0.04886719 -0.06799800
v -0.00654775 0.04769531 -0.02766597
v -0.00654775 0.04769531 -0.02766597
v -0.00764150 0.04886719 -0.06799800
v -0.00654775 0.04754883 -0.06799800
v -0.00654775 0.04769531 -0.02766597
v -0.00654775 0.04754883 -0.06799800
v -0.00561025 0.04603516 -0.02766597
v -0.00561025 0.04603516 -0.02766597
v -0.00654775 0.04754883 -0.06799800
v -0.00561025 0.04603516 -0.06799800
v -0.00561025 0.04603516 -0.02766597
v -0.00561025 0.04603516 -0.06799800
v -0.00498525 0.04436523 -0.06799800
v -0.00561025 0.04603516 -0.02766597
v -0.00498525 0.04436523 -0.06799800
v -0.00498525 0.04418945 -0.02766597
v -0.00498525 0.04418945 -0.02766597
v -0.00498525 0.04436523 -0.06799800
v -0.00482900 0.04262695 -0.06799800
v -0.00498525 0.04418945 -0.02766597
v -0.00482900 0.04262695 -0.06799800
v -0.00482900 0.04225586 -0.02766597
v -0.00482900 0.04225586 -0.02766597
v -0.00482900 0.04262695 -0.06799800
v -0.00482900 0.04086914 -0.05799800
v -0.00482900 0.04225586 -0.02766597
v -0.00482900 0.04086914 -0.05799800
v -0.00498525 0.04032226 -0.02766597
v -0.00498525 0.04032226 -0.02766597
v -0.00482900 0.04086914 -0.05799800
v -0.00529775 0.03903320 -0.05799800
v -0.00498525 0.04032226 -0.02766597
v -0.00529775 0.03903320 -0.05799800
v -0.00561025 0.03847656 -0.02766597
v -0.00561025 0.03847656 -0.02766597
v -0.00529775 0.03903320 -0.05799800
v -0.00623525 0.03735351 -0.05799800
v -0.00654775 0.03680664 -0.02766597
v -0.00654775 0.03680664 -0.02766597
v -0.00623525 0.03735351 -0.05799800
v -0.00748525 0.03587891 -0.05799800
v -0.00654775 0.03680664 -0.02766597
v -0.00748525 0.03587891 -0.05799800
v -0.00795400 0.03539062 -0.02766597
v -0.00795400 0.03539062 -0.02766597
v -0.00748525 0.03587891 -0.05799800
v -0.00889150 0.03468750 -0.05799800
v -0.00795400 0.03539062 -0.02766597
v -0.00889150 0.03468750 -0.05799800
v -0.00951650 0.03429687 -0.02766597
v -0.00951650 0.03429687 -0.02766597
v -0.00889150 0.03468750 -0.05799800
v -0.01061025 0.03383789 -0.05799800
v -0.00951650 0.03429687 -0.02766597
v -0.01061025 0.03383789 -0.05799800
v -0.01139150 0.03358398 -0.02766597
v -0.01139150 0.03358398 -0.02766597
v -0.01061025 0.03383789 -0.05799800
v -0.01248525 0.03335937 -0.05799800
v -0.01139150 0.03358398 -0.02766597
v -0.01248525 0.03335937 -0.05799800
v -0.01326650 0.03326172 -0.02766597
v -0.01326650 0.03326172 -0.02766597
v -0.01248525 0.03335937 -0.05799800
v -0.01248525 0.03335937 -0.06799800
v -0.01326650 0.03326172 -0.02766597
v -0.01248525 0.03335937 -0.06799800
v -0.01436025 0.03327148 -0.06799800
v -0.00482900 0.04086914 -0.06799800
v -0.01326650 0.03326172 -0.02766597
v -0.01436025 0.03327148 -0.06799800
v -0.01529775 0.03336914 -0.02766597
v -0.01529775 0.03336914 -0.02766597
v -0.01436025 0.03327148 -0.06799800
v -0.01623525 0.03360351 -0.06799800
v -0.01529775 0.03336914 -0.02766597
v -0.01623525 0.03360351 -0.06799800
v -0.01717275 0.03388672 -0.02766597
v -0.01717275 0.03388672 -0.02766597
v -0.01623525 0.03360351 -0.06799800
v -0.01811025 0.03432617 -0.06799800
v -0.01717275 0.03388672 -0.02766597
v -0.01811025 0.03432617 -0.06799800
v -0.01889150 0.03480469 -0.02766597
v -0.01889150 0.03480469 -0.02766597
v -0.01811025 0.03432617 -0.06799800
v -0.01967275 0.03541992 -0.06799800
v -0.01889150 0.03480469 -0.02766597
v -0.01967275 0.03541992 -0.06799800
v -0.02029775 0.03606445 -0.02766597
v -0.02029775 0.03606445 -0.02766597
v -0.01967275 0.03541992 -0.06799800
v -0.02092275 0.03683594 -0.06799800
v -0.02029775 0.03606445 -0.02766597
v -0.02092275 0.03683594 -0.06799800
v -0.02154775 0.03760742 -0.02766597
v -0.02154775 0.03760742 -0.02766597
v -0.02092275 0.03683594 -0.06799800
v -0.02201650 0.03849609 -0.06799800
v -0.02154775 0.03760742 -0.02766597
v -0.02201650 0.03849609 -0.06799800
v -0.02232900 0.03937500 -0.02766597
v -0.02232900 0.03937500 -0.02766597
v -0.02201650 0.03849609 -0.06799800
v -0.02264150 0.04033203 -0.06799800
v -0.02232900 0.03937500 -0.02766597
v -0.02264150 0.04033203 -0.06799800
v -0.02279775 0.04127930 -0.02766597
v -0.02279775 0.04127930 -0.02766597
v -0.02264150 0.04033203 -0.06799800
v -0.02279775 0.04225586 -0.06799800
v -0.02279775 0.04127930 -0.02766597
v -0.02279775 0.04225586 -0.06799800
v -0.02279775 0.04322266 -0.02766597
v -0.02279775 0.04322266 -0.02766597
v -0.02279775 0.04225586 -0.06799800
v -0.02264150 0.04417969 -0.06799800
v -0.02279775 0.04322266 -0.02766597
v -0.02264150 0.04417969 -0.06799800
v -0.02232900 0.04512695 -0.02766597
v -0.02232900 0.04512695 -0.02766597
v -0.02264150 0.04417969 -0.06799800
v -0.02201650 0.04600586 -0.06799800
v -0.02232900 0.04512695 -0.02766597
v -0.02201650 0.04600586 -0.06799800
v -0.02154775 0.04689453 -0.02766597
v -0.02154775 0.04689453 -0.02766597
v -0.02201650 0.04600586 -0.06799800
v -0.02092275 0.04766601 -0.06799800
v -0.02154775 0.04689453 -0.02766597
v -0.02092275 0.04766601 -0.06799800
v -0.02029775 0.04843750 -0.02766597
v -0.02029775 0.04843750 -0.02766597
v -0.02092275 0.04766601 -0.06799800
v -0.01967275 0.04908203 -0.06799800
v -0.02029775 0.04843750 -0.02766597
v -0.01967275 0.04908203 -0.06799800
v -0.01889150 0.04969726 -0.02766597
v -0.01889150 0.04969726 -0.02766597
v -0.01967275 0.04908203 -0.06799800
v -0.01811025 0.05017578 -0.06799800
v -0.01889150 0.04969726 -0.02766597
v -0.01811025 0.05017578 -0.06799800
v -0.01717275 0.05061523 -0.02766597
v -0.01717275 0.05061523 -0.02766597
v -0.01811025 0.05017578 -0.06799800
v -0.01623525 0.05090820 -0.06799800
v -0.01717275 0.05061523 -0.02766597
v -0.01623525 0.05090820 -0.06799800
v -0.01529775 0.05113281 -0.02766597
v -0.01529775 0.05113281 -0.02766597
v -0.01623525 0.05090820 -0.06799800
v -0.01436025 0.05123047 -0.06799800
v -0.01529775 0.05113281 -0.02766597
v -0.01436025 0.05123047 -0.06799800
v -0.01326650 0.05124023 -0.02766597
v -0.01326650 0.05124023 -0.02766597
v -0.01436025 0.05123047 -0.06799800
v -0.01248525 0.05115234 -0.05799800
v -0.01326650 0.05124023 -0.02766597
v -0.01248525 0.05115234 -0.05799800
v -0.01139150 0.05092773 -0.02766597
v -0.01139150 0.05092773 -0.02766597
v -0.01248525 0.05115234 -0.05799800
v -0.01076650 0.05070312 -0.05799800
v -0.01139150 0.05092773 -0.02766597
v -0.01076650 0.05070312 -0.05799800
v -0.00951650 0.05020508 -0.02766597
v -0.00951650 0.05020508 -0.02766597
v -0.01076650 0.05070312 -0.05799800
v -0.00904775 0.04993164 -0.05799800
v -0.00951650 0.05020508 -0.02766597
v -0.00904775 0.04993164 -0.05799800
v -0.00795400 0.04911133 -0.02766597
v -0.00795400 0.04911133 -0.02766597
v -0.00904775 0.04993164 -0.05799800
v -0.00764150 0.04886719 -0.05799800
v -0.00795400 0.04911133 -0.02766597
v -0.00764150 0.04886719 -0.05799800
v -0.00654775 0.04769531 -0.02766597
v -0.01436025 0.05123047 -0.06799800
v -0.01248525 0.05115234 -0.06799800
v -0.01248525 0.05115234 -0.05799800
v 0.00392100 -0.04324219 0.06799810
v 0.00392100 -0.04324219 0.06799810
v 0.00392100 -0.04745117 0.06799810
v 0.00892100 -0.04745117 0.06538092
v 0.00892100 -0.03945312 0.06538092
v 0.00892100 -0.03945312 0.06538092
v 0.00892100 -0.04745117 0.06538092
v 0.01376475 -0.03945312 0.06239262
v 0.01376475 -0.04745117 0.06239262
v 0.01376475 -0.03945312 0.06239262
v 0.01376475 -0.04745117 0.06239262
v 0.01829600 -0.03945312 0.05905278
v 0.01829600 -0.04745117 0.05905278
v 0.01829600 -0.03945312 0.05905278
v 0.01829600 -0.04745117 0.05905278
v 0.02267100 -0.03945312 0.05538090
v 0.02267100 -0.04745117 0.05538090
v 0.02267100 -0.03945312 0.05538090
v 0.02267100 -0.04745117 0.05538090
v 0.02657725 -0.03945312 0.05139653
v 0.02657725 -0.04745117 0.05139653
v 0.02657725 -0.03945312 0.05139653
v 0.02657725 -0.04745117 0.05139653
v 0.03032725 -0.03945312 0.04711919
v 0.03032725 -0.04745117 0.04711919
v 0.03032725 -0.03945312 0.04711919
v 0.03032725 -0.04745117 0.04711919
v 0.03376475 -0.03945312 0.04258794
v 0.03376475 -0.04745117 0.04258794
v 0.03376475 -0.03945312 0.04258794
v 0.03376475 -0.04745117 0.04258794
v 0.03673350 -0.03945312 0.03780278
v 0.03673350 -0.04745117 0.03780278
v 0.03673350 -0.03945312 0.03780278
v 0.03673350 -0.04745117 0.03780278
v 0.03938975 -0.03945312 0.03280278
v 0.03938975 -0.04745117 0.03280278
v 0.03938975 -0.03945312 0.03280278
v 0.03938975 -0.04745117 0.03280278
v 0.04173350 -0.03945312 0.02762700
v 0.04173350 -0.04745117 0.02762700
v 0.04173350 -0.03945312 0.02762700
v 0.04173350 -0.04745117 0.02762700
v 0.04360850 -0.03945312 0.02229497
v 0.04360850 -0.04745117 0.02229497
v 0.04360850 -0.03945312 0.02229497
v 0.04360850 -0.04745117 0.02229497
v 0.04501475 -0.03945312 0.01682622
v 0.04501475 -0.04745117 0.01682622
v 0.04501475 -0.03945312 0.01682622
v 0.04501475 -0.04745117 0.01682622
v 0.04610850 -0.03945312 0.01127934
v 0.04610850 -0.04745117 0.01127934
v 0.04610850 -0.03945312 0.01127934
v 0.04610850 -0.04745117 0.01127934
v 0.04673350 -0.03945312 0.00565434
v 0.04673350 -0.04745117 0.00565434
v 0.04673350 -0.03945312 0.00565434
v 0.04673350 -0.04745117 0.00565434
v 0.04688975 -0.03945312 -0.00000972
v 0.04688975 -0.04745117 -0.00000972
v 0.04688975 -0.03945312 -0.00000972
v 0.04688975 -0.04745117 -0.00000972
v 0.04673350 -0.03945312 -0.00565425
v 0.04673350 -0.04745117 -0.00565425
v 0.04673350 -0.03945312 -0.00565425
v 0.04673350 -0.04745117 -0.00565425
v 0.04610850 -0.03945312 -0.01127925
v 0.04610850 -0.04745117 -0.01127925
v 0.04610850 -0.03945312 -0.01127925
v 0.04610850 -0.04745117 -0.01127925
v 0.04501475 -0.03945312 -0.01682612
v 0.04501475 -0.04745117 -0.01682612
v 0.04501475 -0.03945312 -0.01682612
v 0.04501475 -0.04745117 -0.01682612
v 0.04360850 -0.03945312 -0.02229487
v 0.04360850 -0.04745117 -0.02229487
v 0.04360850 -0.03945312 -0.02229487
v 0.04360850 -0.04745117 -0.02229487
v 0.04173350 -0.03945312 -0.02762691
v 0.04173350 -0.04745117 -0.02762691
v 0.04173350 -0.03945312 -0.02762691
v 0.04173350 -0.04745117 -0.02762691
v 0.03938975 -0.03945312 -0.03280269
v 0.03938975 -0.04745117 -0.03280269
v 0.03938975 -0.03945312 -0.03280269
v 0.03938975 -0.04745117 -0.03280269
v 0.03673350 -0.03945312 -0.03780269
v 0.03673350 -0.04745117 -0.03780269
v 0.03673350 -0.03945312 -0.03780269
v 0.03673350 -0.04745117 -0.03780269
v 0.03376475 -0.03945312 -0.04258784
v 0.03376475 -0.04745117 -0.04258784
v 0.03376475 -0.03945312 -0.04258784
v 0.03376475 -0.04745117 -0.04258784
v 0.03032725 -0.03945312 -0.04711909
v 0.03032725 -0.04745117 -0.04711909
v 0.03032725 -0.03945312 -0.04711909
v 0.03032725 -0.04745117 -0.04711909
v 0.02657725 -0.03945312 -0.05139644
v 0.02657725 -0.04745117 -0.05139644
v 0.02657725 -0.03945312 -0.05139644
v 0.02657725 -0.04745117 -0.05139644
v 0.02267100 -0.03945312 -0.05538081
v 0.02267100 -0.04745117 -0.05538081
v 0.02267100 -0.03945312 -0.05538081
v 0.02267100 -0.04745117 -0.05538081
v 0.01829600 -0.03945312 -0.05905269
v 0.01829600 -0.04745117 -0.05905269
v 0.01829600 -0.03945312 -0.05905269
v 0.01829600 -0.04745117 -0.05905269
v 0.01376475 -0.03945312 -0.06239253
v 0.01376475 -0.04745117 -0.06239253
v 0.01376475 -0.03945312 -0.06239253
v 0.01376475 -0.04745117 -0.06239253
v 0.00892100 -0.03945312 -0.06538082
v 0.00892100 -0.04745117 -0.06538082
v 0.00892100 -0.03945312 -0.06538082
v 0.00892100 -0.04745117 -0.06538082
v 0.00392100 -0.03945312 -0.06799800
v 0.00392100 -0.04745117 -0.06799800
v 0.00392100 -0.04286133 0.06799810
v 0.00392100 -0.03945312 0.06799810
v 0.00392100 -0.04286133 0.06799810
v 0.00392100 0.05630859 0.06799810
v 0.00892100 0.05630859 0.06538092
v 0.00392100 0.05829101 0.06790044
v 0.00392100 0.05829101 0.06790044
v 0.00892100 0.05630859 0.06538092
v 0.00892100 0.05915039 0.06520513
v 0.00392100 0.05829101 0.06790044
v 0.00892100 0.05915039 0.06520513
v 0.00392100 0.06025391 0.06760747
v 0.00392100 0.06025391 0.06760747
v 0.00892100 0.05915039 0.06520513
v 0.00860850 0.06194336 0.06467778
v 0.00392100 0.06025391 0.06760747
v 0.00860850 0.06194336 0.06467778
v 0.00376475 0.06216797 0.06711919
v 0.00376475 0.06216797 0.06711919
v 0.00860850 0.06194336 0.06467778
v 0.00360850 0.06403321 0.06645513
v 0.00360850 0.06403321 0.06645513
v 0.00860850 0.06194336 0.06467778
v 0.00813975 0.06461914 0.06381840
v 0.00360850 0.06403321 0.06645513
v 0.00813975 0.06461914 0.06381840
v 0.00345225 0.06582032 0.06559575
v 0.00345225 0.06582032 0.06559575
v 0.00813975 0.06461914 0.06381840
v 0.00735850 0.06711914 0.06262700
v 0.00345225 0.06582032 0.06559575
v 0.00735850 0.06711914 0.06262700
v 0.00313975 0.06750000 0.06458013
v 0.00313975 0.06750000 0.06458013
v 0.00735850 0.06711914 0.06262700
v 0.00282725 0.06907228 0.06338872
v 0.00282725 0.06907228 0.06338872
v 0.00735850 0.06711914 0.06262700
v 0.00657725 0.06940430 0.06114262
v 0.00282725 0.06907228 0.06338872
v 0.00657725 0.06940430 0.06114262
v 0.00251475 0.07052735 0.06206059
v 0.00251475 0.07052735 0.06206059
v 0.00657725 0.06940430 0.06114262
v 0.00548350 0.07142578 0.05938481
v 0.00251475 0.07052735 0.06206059
v 0.00548350 0.07142578 0.05938481
v 0.00220225 0.07183594 0.06061528
v 0.00220225 0.07183594 0.06061528
v 0.00548350 0.07142578 0.05938481
v 0.00188975 0.07298828 0.05903325
v 0.00438975 0.07313478 0.05739262
v 0.00188975 0.07298828 0.05903325
v 0.00438975 0.07313478 0.05739262
v 0.00142100 0.07397461 0.05737309
v 0.00142100 0.07397461 0.05737309
v 0.00438975 0.07313478 0.05739262
v 0.00313975 0.07450196 0.05522465
v 0.00142100 0.07397461 0.05737309
v 0.00313975 0.07450196 0.05522465
v 0.00095225 0.07480469 0.05561528
v 0.00095225 0.07480469 0.05561528
v 0.00313975 0.07450196 0.05522465
v 0.00188975 0.07549805 0.05290044
v 0.00095225 0.07480469 0.05561528
v 0.00188975 0.07549805 0.05290044
v 0.00063975 0.07544922 0.05377934
v 0.00063975 0.07544922 0.05377934
v 0.00188975 0.07549805 0.05290044
v 0.00017100 0.07592775 0.05190434
v 0.00017100 0.07592775 0.05190434
v 0.00188975 0.07549805 0.05290044
v 0.00579600 0.07549805 0.05049809
v 0.00017100 0.07592775 0.05190434
v 0.00579600 0.07549805 0.05049809
v 0.00048350 0.07610353 0.05047856
v 0.00048350 0.07610353 0.05047856
v 0.00579600 0.07549805 0.05049809
v 0.00423350 0.07610353 0.04817387
v 0.00048350 0.07610353 0.05047856
v 0.00423350 0.07610353 0.04817387
v -0.00092275 0.07630861 0.04799809
v 0.00313975 0.07630861 0.04541997
v 0.00767100 0.07610353 0.04559575
v 0.00704600 0.07630861 0.04247075
v 0.00704600 0.07630861 0.04247075
v 0.00767100 0.07610353 0.04559575
v 0.01095225 0.07610353 0.04276372
v 0.00704600 0.07630861 0.04247075
v 0.01095225 0.07610353 0.04276372
v 0.01063975 0.07630861 0.03922856
v 0.01407725 0.07610353 0.03967778
v 0.01392100 0.07630861 0.03565434
v 0.01704600 0.07610353 0.03637700
v 0.01392100 0.07630861 0.03565434
v 0.01704600 0.07610353 0.03637700
v 0.01688975 0.07630861 0.03182622
v 0.01954600 0.07610353 0.03288090
v 0.01938975 0.07630861 0.02774419
v 0.02188975 0.07610353 0.02916997
v 0.01938975 0.07630861 0.02774419
v 0.02188975 0.07610353 0.02916997
v 0.02392100 0.07610353 0.02532231
v 0.02392100 0.07610353 0.02532231
v 0.02188975 0.07610353 0.02916997
v 0.02642100 0.07549805 0.02655278
v 0.02392100 0.07610353 0.02532231
v 0.02642100 0.07549805 0.02655278
v 0.02579600 0.07610353 0.02133794
v 0.02579600 0.07610353 0.02133794
v 0.02642100 0.07549805 0.02655278
v 0.02829600 0.07549805 0.02235356
v 0.02579600 0.07610353 0.02133794
v 0.02829600 0.07549805 0.02235356
v 0.02720225 0.07610353 0.01721685
v 0.02720225 0.07610353 0.01721685
v 0.02829600 0.07549805 0.02235356
v 0.02985850 0.07549805 0.01803716
v 0.02720225 0.07610353 0.01721685
v 0.02985850 0.07549805 0.01803716
v 0.02829600 0.07610353 0.01299809
v 0.03095225 0.07549805 0.01362309
v 0.02829600 0.07610353 0.01299809
v 0.03095225 0.07549805 0.01362309
v 0.02907725 0.07610353 0.00870122
v 0.02907725 0.07610353 0.00870122
v 0.03095225 0.07549805 0.01362309
v 0.03188975 0.07549805 0.00911138
v 0.02907725 0.07610353 0.00870122
v 0.03188975 0.07549805 0.00911138
v 0.02954600 0.07610353 0.00436528
v 0.03235850 0.07549805 0.00458013
v 0.02954600 0.07610353 0.00436528
v 0.03235850 0.07549805 0.00458013
v 0.02970225 0.07610353 -0.00000972
v 0.03251475 0.07549805 -0.00000972
v 0.02970225 0.07610353 -0.00000972
v 0.03251475 0.07549805 -0.00000972
v 0.02954600 0.07610353 -0.00436519
v 0.03235850 0.07549805 -0.00458003
v 0.02954600 0.07610353 -0.00436519
v 0.03235850 0.07549805 -0.00458003
v 0.02907725 0.07610353 -0.00870113
v 0.03188975 0.07549805 -0.00913081
v 0.02907725 0.07610353 -0.00870113
v 0.03188975 0.07549805 -0.00913081
v 0.02829600 0.07610353 -0.01299800
v 0.02829600 0.07610353 -0.01299800
v 0.03188975 0.07549805 -0.00913081
v 0.03095225 0.07549805 -0.01362300
v 0.02829600 0.07610353 -0.01299800
v 0.03095225 0.07549805 -0.01362300
v 0.02720225 0.07610353 -0.01721675
v 0.02985850 0.07549805 -0.01803706
v 0.02720225 0.07610353 -0.01721675
v 0.02985850 0.07549805 -0.01803706
v 0.02579600 0.07610353 -0.02133784
v 0.02579600 0.07610353 -0.02133784
v 0.02985850 0.07549805 -0.01803706
v 0.02829600 0.07549805 -0.02235347
v 0.02579600 0.07610353 -0.02133784
v 0.02829600 0.07549805 -0.02235347
v 0.02392100 0.07610353 -0.02534175
v 0.02392100 0.07610353 -0.02534175
v 0.02829600 0.07549805 -0.02235347
v 0.02642100 0.07549805 -0.02655269
v 0.02392100 0.07610353 -0.02534175
v 0.02642100 0.07549805 -0.02655269
v 0.02188975 0.07610353 -0.02916987
v 0.02188975 0.07610353 -0.02916987
v 0.02642100 0.07549805 -0.02655269
v 0.02438975 0.07549805 -0.03057612
v 0.02188975 0.07610353 -0.02916987
v 0.02438975 0.07549805 -0.03057612
v 0.01954600 0.07610353 -0.03288081
v 0.01954600 0.07610353 -0.03288081
v 0.02438975 0.07549805 -0.03057612
v 0.02188975 0.07549805 -0.03446284
v 0.01954600 0.07610353 -0.03288081
v 0.02188975 0.07549805 -0.03446284
v 0.01704600 0.07610353 -0.03639644
v 0.01704600 0.07610353 -0.03639644
v 0.02188975 0.07549805 -0.03446284
v 0.01907725 0.07549805 -0.03813472
v 0.01704600 0.07610353 -0.03639644
v 0.01907725 0.07549805 -0.03813472
v 0.01407725 0.07610353 -0.03969722
v 0.01407725 0.07610353 -0.03969722
v 0.01907725 0.07549805 -0.03813472
v 0.01610850 0.07549805 -0.04159175
v 0.01407725 0.07610353 -0.03969722
v 0.01610850 0.07549805 -0.04159175
v 0.01095225 0.07610353 -0.04276362
v 0.01095225 0.07610353 -0.04276362
v 0.01610850 0.07549805 -0.04159175
v 0.01298350 0.07549805 -0.04481441
v 0.01095225 0.07610353 -0.04276362
v 0.01298350 0.07549805 -0.04481441
v 0.00767100 0.07610353 -0.04559566
v 0.00767100 0.07610353 -0.04559566
v 0.01298350 0.07549805 -0.04481441
v 0.00938975 0.07549805 -0.04778316
v 0.00767100 0.07610353 -0.04559566
v 0.00938975 0.07549805 -0.04778316
v 0.00423350 0.07610353 -0.04817378
v 0.00579600 0.07549805 -0.05049800
v 0.00423350 0.07610353 -0.04817378
v 0.00579600 0.07549805 -0.05049800
v 0.00048350 0.07610353 -0.05047847
v 0.00048350 0.07610353 -0.05047847
v 0.00579600 0.07549805 -0.05049800
v 0.00017100 0.07592775 -0.05190425
v 0.00048350 0.07610353 -0.05047847
v 0.00017100 0.07592775 -0.05190425
v -0.00045400 0.07621094 -0.04999019
v 0.00892100 0.05630859 0.06538092
v 0.01376475 0.05630859 0.06239262
v 0.00892100 0.05915039 0.06520513
v 0.00892100 0.05915039 0.06520513
v 0.01376475 0.05630859 0.06239262
v 0.01360850 0.05915039 0.06221684
v 0.00892100 0.05915039 0.06520513
v 0.01360850 0.05915039 0.06221684
v 0.00860850 0.06194336 0.06467778
v 0.00860850 0.06194336 0.06467778
v 0.01360850 0.05915039 0.06221684
v 0.01329600 0.06194336 0.06172856
v 0.00860850 0.06194336 0.06467778
v 0.01329600 0.06194336 0.06172856
v 0.00813975 0.06461914 0.06381840
v 0.01282725 0.06461914 0.06088872
v 0.00813975 0.06461914 0.06381840
v 0.01282725 0.06461914 0.06088872
v 0.00735850 0.06711914 0.06262700
v 0.00735850 0.06711914 0.06262700
v 0.01282725 0.06461914 0.06088872
v 0.01204600 0.06711914 0.05975590
v 0.00735850 0.06711914 0.06262700
v 0.01204600 0.06711914 0.05975590
v 0.00657725 0.06940430 0.06114262
v 0.00657725 0.06940430 0.06114262
v 0.01204600 0.06711914 0.05975590
v 0.01110850 0.06940430 0.05834965
v 0.00657725 0.06940430 0.06114262
v 0.01110850 0.06940430 0.05834965
v 0.00548350 0.07142578 0.05938481
v 0.00985850 0.07142578 0.05666997
v 0.00548350 0.07142578 0.05938481
v 0.00985850 0.07142578 0.05666997
v 0.00438975 0.07313478 0.05739262
v 0.00860850 0.07313478 0.05477544
v 0.00860850 0.07313478 0.05477544
v 0.00720225 0.07450196 0.05270512
v 0.00313975 0.07450196 0.05522465
v 0.00720225 0.07450196 0.05270512
v 0.00188975 0.07549805 0.05290044
v 0.00188975 0.07549805 0.05290044
v 0.00720225 0.07450196 0.05270512
v 0.00579600 0.07549805 0.05049809
v 0.01360850 0.05915039 0.06221684
v 0.01376475 0.05630859 0.06239262
v 0.01813975 0.05915039 0.05889653
v 0.01829600 0.05630859 0.05905278
v 0.01813975 0.05915039 0.05889653
v 0.01829600 0.05630859 0.05905278
v 0.02251475 0.05915039 0.05522465
v 0.02267100 0.05630859 0.05538090
v 0.02251475 0.05915039 0.05522465
v 0.02267100 0.05630859 0.05538090
v 0.02657725 0.05915039 0.05125981
v 0.02657725 0.05915039 0.05125981
v 0.02267100 0.05630859 0.05538090
v 0.02657725 0.05630859 0.05139653
v 0.02657725 0.05915039 0.05125981
v 0.02657725 0.05630859 0.05139653
v 0.03017100 0.05915039 0.04700200
v 0.03017100 0.05915039 0.04700200
v 0.02657725 0.05630859 0.05139653
v 0.03032725 0.05630859 0.04711919
v 0.03017100 0.05915039 0.04700200
v 0.03032725 0.05630859 0.04711919
v 0.03360850 0.05915039 0.04247075
v 0.03376475 0.05630859 0.04258794
v 0.03360850 0.05915039 0.04247075
v 0.03376475 0.05630859 0.04258794
v 0.03673350 0.05630859 0.03780278
v 0.03360850 0.05915039 0.04247075
v 0.03673350 0.05630859 0.03780278
v 0.03657725 0.05915039 0.03770512
v 0.03657725 0.05915039 0.03770512
v 0.03673350 0.05630859 0.03780278
v 0.03938975 0.05630859 0.03280278
v 0.03923350 0.05915039 0.03272465
v 0.03923350 0.05915039 0.03272465
v 0.03938975 0.05630859 0.03280278
v 0.04142100 0.05915039 0.02754888
v 0.03923350 0.05915039 0.03272465
v 0.04142100 0.05915039 0.02754888
v 0.04095225 0.06194336 0.02733403
v 0.04095225 0.06194336 0.02733403
v 0.04142100 0.05915039 0.02754888
v 0.04282725 0.06194336 0.02204106
v 0.04095225 0.06194336 0.02733403
v 0.04282725 0.06194336 0.02204106
v 0.04188975 0.06461914 0.02174810
v 0.04188975 0.06461914 0.02174810
v 0.04282725 0.06194336 0.02204106
v 0.04329600 0.06461914 0.01641606
v 0.04188975 0.06461914 0.02174810
v 0.04329600 0.06461914 0.01641606
v 0.04188975 0.06711914 0.01612310
v 0.04188975 0.06711914 0.01612310
v 0.04329600 0.06461914 0.01641606
v 0.04298350 0.06711914 0.01079106
v 0.04188975 0.06711914 0.01612310
v 0.04298350 0.06711914 0.01079106
v 0.04126475 0.06940430 0.01053716
v 0.04126475 0.06940430 0.01053716
v 0.04298350 0.06711914 0.01079106
v 0.04188975 0.06940430 0.00528325
v 0.04126475 0.06940430 0.01053716
v 0.04188975 0.06940430 0.00528325
v 0.03985850 0.07142578 0.00512700
v 0.03985850 0.07142578 0.00512700
v 0.04188975 0.06940430 0.00528325
v 0.04001475 0.07142578 -0.00000972
v 0.03985850 0.07142578 0.00512700
v 0.04001475 0.07142578 -0.00000972
v 0.03767100 0.07313478 -0.00000972
v 0.03767100 0.07313478 -0.00000972
v 0.04001475 0.07142578 -0.00000972
v 0.03751475 0.07313478 -0.00497066
v 0.03767100 0.07313478 -0.00000972
v 0.03751475 0.07313478 -0.00497066
v 0.03501475 0.07450196 -0.00477534
v 0.03501475 0.07450196 -0.00477534
v 0.03751475 0.07313478 -0.00497066
v 0.03454600 0.07450196 -0.00952144
v 0.03501475 0.07450196 -0.00477534
v 0.03454600 0.07450196 -0.00952144
v 0.03188975 0.07549805 -0.00913081
v 0.03188975 0.07549805 -0.00913081
v 0.03454600 0.07450196 -0.00952144
v 0.03095225 0.07549805 -0.01362300
v 0.03938975 0.05630859 0.03280278
v 0.04173350 0.05630859 0.02762700
v 0.04142100 0.05915039 0.02754888
v 0.04142100 0.05915039 0.02754888
v 0.04173350 0.05630859 0.02762700
v 0.04329600 0.05915039 0.02223638
v 0.04329600 0.05915039 0.02223638
v 0.04282725 0.06194336 0.02204106
v 0.04329600 0.05915039 0.02223638
v 0.04423350 0.06194336 0.01665044
v 0.04423350 0.06194336 0.01665044
v 0.04329600 0.06461914 0.01641606
v 0.04423350 0.06194336 0.01665044
v 0.04423350 0.06461914 0.01100591
v 0.04329600 0.06461914 0.01641606
v 0.04423350 0.06461914 0.01100591
v 0.04298350 0.06711914 0.01079106
v 0.04298350 0.06711914 0.01079106
v 0.04423350 0.06461914 0.01100591
v 0.04360850 0.06711914 0.00541997
v 0.04298350 0.06711914 0.01079106
v 0.04360850 0.06711914 0.00541997
v 0.04188975 0.06940430 0.00528325
v 0.04188975 0.06940430 0.00528325
v 0.04360850 0.06711914 0.00541997
v 0.04204600 0.06940430 -0.00000972
v 0.04188975 0.06940430 0.00528325
v 0.04204600 0.06940430 -0.00000972
v 0.04001475 0.07142578 -0.00000972
v 0.04001475 0.07142578 -0.00000972
v 0.04204600 0.06940430 -0.00000972
v 0.03985850 0.07142578 -0.00512691
v 0.03985850 0.07142578 -0.00512691
v 0.03751475 0.07313478 -0.00497066
v 0.03985850 0.07142578 -0.00512691
v 0.03704600 0.07313478 -0.00989253
v 0.03751475 0.07313478 -0.00497066
v 0.03704600 0.07313478 -0.00989253
v 0.03454600 0.07450196 -0.00952144
v 0.03454600 0.07450196 -0.00952144
v 0.03704600 0.07313478 -0.00989253
v 0.03360850 0.07450196 -0.01420894
v 0.03360850 0.07450196 -0.01420894
v 0.03095225 0.07549805 -0.01362300
v 0.03360850 0.07450196 -0.01420894
v 0.02985850 0.07549805 -0.01803706
v 0.04360850 0.05630859 0.02229497
v 0.04329600 0.05915039 0.02223638
v 0.04360850 0.05630859 0.02229497
v 0.04485850 0.05915039 0.01678716
v 0.04329600 0.05915039 0.02223638
v 0.04485850 0.05915039 0.01678716
v 0.04423350 0.06194336 0.01665044
v 0.04423350 0.06194336 0.01665044
v 0.04485850 0.05915039 0.01678716
v 0.04532725 0.06194336 0.01114262
v 0.04423350 0.06194336 0.01665044
v 0.04532725 0.06194336 0.01114262
v 0.04423350 0.06461914 0.01100591
v 0.04423350 0.06461914 0.01100591
v 0.04532725 0.06194336 0.01114262
v 0.04485850 0.06461914 0.00551763
v 0.04485850 0.06461914 0.00551763
v 0.04360850 0.06711914 0.00541997
v 0.04485850 0.06461914 0.00551763
v 0.04376475 0.06711914 -0.00000972
v 0.04376475 0.06711914 -0.00000972
v 0.04204600 0.06940430 -0.00000972
v 0.04376475 0.06711914 -0.00000972
v 0.04188975 0.06940430 -0.00528316
v 0.04204600 0.06940430 -0.00000972
v 0.04188975 0.06940430 -0.00528316
v 0.03985850 0.07142578 -0.00512691
v 0.03985850 0.07142578 -0.00512691
v 0.04188975 0.06940430 -0.00528316
v 0.03923350 0.07142578 -0.01024409
v 0.03985850 0.07142578 -0.00512691
v 0.03923350 0.07142578 -0.01024409
v 0.03704600 0.07313478 -0.00989253
v 0.03704600 0.07313478 -0.00989253
v 0.03923350 0.07142578 -0.01024409
v 0.03610850 0.07313478 -0.01477534
v 0.03704600 0.07313478 -0.00989253
v 0.03610850 0.07313478 -0.01477534
v 0.03360850 0.07450196 -0.01420894
v 0.03360850 0.07450196 -0.01420894
v 0.03610850 0.07313478 -0.01477534
v 0.03235850 0.07450196 -0.01883784
v 0.03360850 0.07450196 -0.01420894
v 0.03235850 0.07450196 -0.01883784
v 0.02985850 0.07549805 -0.01803706
v 0.02985850 0.07549805 -0.01803706
v 0.03235850 0.07450196 -0.01883784
v 0.02829600 0.07549805 -0.02235347
v 0.04360850 0.05630859 0.02229497
v 0.04501475 0.05630859 0.01682622
v 0.04485850 0.05915039 0.01678716
v 0.04485850 0.05915039 0.01678716
v 0.04501475 0.05630859 0.01682622
v 0.04595225 0.05915039 0.01124028
v 0.04595225 0.05915039 0.01124028
v 0.04532725 0.06194336 0.01114262
v 0.04595225 0.05915039 0.01124028
v 0.04595225 0.06194336 0.00559575
v 0.04595225 0.06194336 0.00559575
v 0.04485850 0.06461914 0.00551763
v 0.04595225 0.06194336 0.00559575
v 0.04517100 0.06461914 -0.00000972
v 0.04485850 0.06461914 0.00551763
v 0.04517100 0.06461914 -0.00000972
v 0.04376475 0.06711914 -0.00000972
v 0.04376475 0.06711914 -0.00000972
v 0.04517100 0.06461914 -0.00000972
v 0.04360850 0.06711914 -0.00541988
v 0.04360850 0.06711914 -0.00541988
v 0.04188975 0.06940430 -0.00528316
v 0.04360850 0.06711914 -0.00541988
v 0.04126475 0.06940430 -0.01053706
v 0.04188975 0.06940430 -0.00528316
v 0.04126475 0.06940430 -0.01053706
v 0.03923350 0.07142578 -0.01024409
v 0.03923350 0.07142578 -0.01024409
v 0.04126475 0.06940430 -0.01053706
v 0.03829600 0.07142578 -0.01528316
v 0.03923350 0.07142578 -0.01024409
v 0.03829600 0.07142578 -0.01528316
v 0.03610850 0.07313478 -0.01477534
v 0.03610850 0.07313478 -0.01477534
v 0.03829600 0.07142578 -0.01528316
v 0.03470225 0.07313478 -0.01958003
v 0.03610850 0.07313478 -0.01477534
v 0.03470225 0.07313478 -0.01958003
v 0.03235850 0.07450196 -0.01883784
v 0.03235850 0.07450196 -0.01883784
v 0.03470225 0.07313478 -0.01958003
v 0.03079600 0.07450196 -0.02333003
v 0.03235850 0.07450196 -0.01883784
v 0.03079600 0.07450196 -0.02333003
v 0.02829600 0.07549805 -0.02235347
v 0.02829600 0.07549805 -0.02235347
v 0.03079600 0.07450196 -0.02333003
v 0.02642100 0.07549805 -0.02655269
v 0.04610850 0.05630859 0.01127934
v 0.04595225 0.05915039 0.01124028
v 0.04610850 0.05630859 0.01127934
v 0.04657725 0.05915039 0.00563481
v 0.04657725 0.05915039 0.00563481
v 0.04595225 0.06194336 0.00559575
v 0.04657725 0.05915039 0.00563481
v 0.04610850 0.06194336 -0.00000972
v 0.04595225 0.06194336 0.00559575
v 0.04610850 0.06194336 -0.00000972
v 0.04517100 0.06461914 -0.00000972
v 0.04517100 0.06461914 -0.00000972
v 0.04610850 0.06194336 -0.00000972
v 0.04485850 0.06461914 -0.00551753
v 0.04517100 0.06461914 -0.00000972
v 0.04485850 0.06461914 -0.00551753
v 0.04360850 0.06711914 -0.00541988
v 0.04360850 0.06711914 -0.00541988
v 0.04485850 0.06461914 -0.00551753
v 0.04298350 0.06711914 -0.01079097
v 0.04360850 0.06711914 -0.00541988
v 0.04298350 0.06711914 -0.01079097
v 0.04126475 0.06940430 -0.01053706
v 0.04126475 0.06940430 -0.01053706
v 0.04298350 0.06711914 -0.01079097
v 0.04032725 0.06940430 -0.01573237
v 0.04126475 0.06940430 -0.01053706
v 0.04032725 0.06940430 -0.01573237
v 0.03829600 0.07142578 -0.01528316
v 0.03829600 0.07142578 -0.01528316
v 0.04032725 0.06940430 -0.01573237
v 0.03688975 0.07142578 -0.02024409
v 0.03829600 0.07142578 -0.01528316
v 0.03688975 0.07142578 -0.02024409
v 0.03470225 0.07313478 -0.01958003
v 0.03470225 0.07313478 -0.01958003
v 0.03688975 0.07142578 -0.02024409
v 0.03313975 0.07313478 -0.02424800
v 0.03470225 0.07313478 -0.01958003
v 0.03313975 0.07313478 -0.02424800
v 0.03079600 0.07450196 -0.02333003
v 0.03079600 0.07450196 -0.02333003
v 0.03313975 0.07313478 -0.02424800
v 0.02892100 0.07450196 -0.02770503
v 0.03079600 0.07450196 -0.02333003
v 0.02892100 0.07450196 -0.02770503
v 0.02642100 0.07549805 -0.02655269
v 0.02642100 0.07549805 -0.02655269
v 0.02892100 0.07450196 -0.02770503
v 0.02438975 0.07549805 -0.03057612
v 0.04673350 0.05630859 0.00565434
v 0.04657725 0.05915039 0.00563481
v 0.04673350 0.05630859 0.00565434
v 0.04673350 0.05915039 -0.00000972
v 0.04673350 0.05915039 -0.00000972
v 0.04610850 0.06194336 -0.00000972
v 0.04673350 0.05915039 -0.00000972
v 0.04595225 0.06194336 -0.00559566
v 0.04610850 0.06194336 -0.00000972
v 0.04595225 0.06194336 -0.00559566
v 0.04485850 0.06461914 -0.00551753
v 0.04485850 0.06461914 -0.00551753
v 0.04595225 0.06194336 -0.00559566
v 0.04423350 0.06461914 -0.01100581
v 0.04423350 0.06461914 -0.01100581
v 0.04298350 0.06711914 -0.01079097
v 0.04423350 0.06461914 -0.01100581
v 0.04188975 0.06711914 -0.01612300
v 0.04298350 0.06711914 -0.01079097
v 0.04188975 0.06711914 -0.01612300
v 0.04032725 0.06940430 -0.01573237
v 0.04032725 0.06940430 -0.01573237
v 0.04188975 0.06711914 -0.01612300
v 0.03892100 0.06940430 -0.02084956
v 0.04032725 0.06940430 -0.01573237
v 0.03892100 0.06940430 -0.02084956
v 0.03688975 0.07142578 -0.02024409
v 0.03688975 0.07142578 -0.02024409
v 0.03892100 0.06940430 -0.02084956
v 0.03532725 0.07142578 -0.02508784
v 0.03688975 0.07142578 -0.02024409
v 0.03532725 0.07142578 -0.02508784
v 0.03313975 0.07313478 -0.02424800
v 0.03313975 0.07313478 -0.02424800
v 0.03532725 0.07142578 -0.02508784
v 0.03110850 0.07313478 -0.02879878
v 0.03313975 0.07313478 -0.02424800
v 0.03110850 0.07313478 -0.02879878
v 0.02892100 0.07450196 -0.02770503
v 0.02892100 0.07450196 -0.02770503
v 0.03110850 0.07313478 -0.02879878
v 0.02657725 0.07450196 -0.03192378
v 0.02892100 0.07450196 -0.02770503
v 0.02657725 0.07450196 -0.03192378
v 0.02438975 0.07549805 -0.03057612
v 0.02438975 0.07549805 -0.03057612
v 0.02657725 0.07450196 -0.03192378
v 0.02188975 0.07549805 -0.03446284
v 0.04673350 0.05630859 0.00565434
v 0.04688975 0.05630859 -0.00000972
v 0.04673350 0.05915039 -0.00000972
v 0.04673350 0.05915039 -0.00000972
v 0.04688975 0.05630859 -0.00000972
v 0.04657725 0.05915039 -0.00563472
v 0.04657725 0.05915039 -0.00563472
v 0.04595225 0.06194336 -0.00559566
v 0.04657725 0.05915039 -0.00563472
v 0.04532725 0.06194336 -0.01114253
v 0.04532725 0.06194336 -0.01114253
v 0.04423350 0.06461914 -0.01100581
v 0.04532725 0.06194336 -0.01114253
v 0.04329600 0.06461914 -0.01643550
v 0.04423350 0.06461914 -0.01100581
v 0.04329600 0.06461914 -0.01643550
v 0.04188975 0.06711914 -0.01612300
v 0.04188975 0.06711914 -0.01612300
v 0.04329600 0.06461914 -0.01643550
v 0.04048350 0.06711914 -0.02135737
v 0.04188975 0.06711914 -0.01612300
v 0.04048350 0.06711914 -0.02135737
v 0.03892100 0.06940430 -0.02084956
v 0.03892100 0.06940430 -0.02084956
v 0.04048350 0.06711914 -0.02135737
v 0.03720225 0.06940430 -0.02583003
v 0.03892100 0.06940430 -0.02084956
v 0.03720225 0.06940430 -0.02583003
v 0.03532725 0.07142578 -0.02508784
v 0.03532725 0.07142578 -0.02508784
v 0.03720225 0.06940430 -0.02583003
v 0.03313975 0.07142578 -0.02979487
v 0.03532725 0.07142578 -0.02508784
v 0.03313975 0.07142578 -0.02979487
v 0.03110850 0.07313478 -0.02879878
v 0.03110850 0.07313478 -0.02879878
v 0.03313975 0.07142578 -0.02979487
v 0.02876475 0.07313478 -0.03317378
v 0.03110850 0.07313478 -0.02879878
v 0.02876475 0.07313478 -0.03317378
v 0.02657725 0.07450196 -0.03192378
v 0.02657725 0.07450196 -0.03192378
v 0.02876475 0.07313478 -0.03317378
v 0.02407725 0.07450196 -0.03596675
v 0.02657725 0.07450196 -0.03192378
v 0.02407725 0.07450196 -0.03596675
v 0.02188975 0.07549805 -0.03446284
v 0.02188975 0.07549805 -0.03446284
v 0.02407725 0.07450196 -0.03596675
v 0.01907725 0.07549805 -0.03813472
v 0.04688975 0.05630859 -0.00000972
v 0.04673350 0.05630859 -0.00565425
v 0.04657725 0.05915039 -0.00563472
v 0.04657725 0.05915039 -0.00563472
v 0.04673350 0.05630859 -0.00565425
v 0.04595225 0.05915039 -0.01124019
v 0.04595225 0.05915039 -0.01124019
v 0.04532725 0.06194336 -0.01114253
v 0.04595225 0.05915039 -0.01124019
v 0.04423350 0.06194336 -0.01665034
v 0.04532725 0.06194336 -0.01114253
v 0.04423350 0.06194336 -0.01665034
v 0.04329600 0.06461914 -0.01643550
v 0.04329600 0.06461914 -0.01643550
v 0.04423350 0.06194336 -0.01665034
v 0.04188975 0.06461914 -0.02174800
v 0.04329600 0.06461914 -0.01643550
v 0.04188975 0.06461914 -0.02174800
v 0.04048350 0.06711914 -0.02135737
v 0.04048350 0.06711914 -0.02135737
v 0.04188975 0.06461914 -0.02174800
v 0.03876475 0.06711914 -0.02645503
v 0.04048350 0.06711914 -0.02135737
v 0.03876475 0.06711914 -0.02645503
v 0.03720225 0.06940430 -0.02583003
v 0.03720225 0.06940430 -0.02583003
v 0.03876475 0.06711914 -0.02645503
v 0.03501475 0.06940430 -0.03067378
v 0.03720225 0.06940430 -0.02583003
v 0.03501475 0.06940430 -0.03067378
v 0.03313975 0.07142578 -0.02979487
v 0.03313975 0.07142578 -0.02979487
v 0.03501475 0.06940430 -0.03067378
v 0.03079600 0.07142578 -0.03432612
v 0.03313975 0.07142578 -0.02979487
v 0.03079600 0.07142578 -0.03432612
v 0.02876475 0.07313478 -0.03317378
v 0.02876475 0.07313478 -0.03317378
v 0.03079600 0.07142578 -0.03432612
v 0.02610850 0.07313478 -0.03739253
v 0.02876475 0.07313478 -0.03317378
v 0.02610850 0.07313478 -0.03739253
v 0.02407725 0.07450196 -0.03596675
v 0.02407725 0.07450196 -0.03596675
v 0.02610850 0.07313478 -0.03739253
v 0.02126475 0.07450196 -0.03981441
v 0.02407725 0.07450196 -0.03596675
v 0.02126475 0.07450196 -0.03981441
v 0.01907725 0.07549805 -0.03813472
v 0.01907725 0.07549805 -0.03813472
v 0.02126475 0.07450196 -0.03981441
v 0.01610850 0.07549805 -0.04159175
v 0.04610850 0.05630859 -0.01127925
v 0.04595225 0.05915039 -0.01124019
v 0.04610850 0.05630859 -0.01127925
v 0.04485850 0.05915039 -0.01678706
v 0.04485850 0.05915039 -0.01678706
v 0.04423350 0.06194336 -0.01665034
v 0.04485850 0.05915039 -0.01678706
v 0.04282725 0.06194336 -0.02206050
v 0.04423350 0.06194336 -0.01665034
v 0.04282725 0.06194336 -0.02206050
v 0.04188975 0.06461914 -0.02174800
v 0.04188975 0.06461914 -0.02174800
v 0.04282725 0.06194336 -0.02206050
v 0.04001475 0.06461914 -0.02696284
v 0.04188975 0.06461914 -0.02174800
v 0.04001475 0.06461914 -0.02696284
v 0.03876475 0.06711914 -0.02645503
v 0.03876475 0.06711914 -0.02645503
v 0.04001475 0.06461914 -0.02696284
v 0.03657725 0.06711914 -0.03141597
v 0.03876475 0.06711914 -0.02645503
v 0.03657725 0.06711914 -0.03141597
v 0.03501475 0.06940430 -0.03067378
v 0.03501475 0.06940430 -0.03067378
v 0.03657725 0.06711914 -0.03141597
v 0.03251475 0.06940430 -0.03534175
v 0.03501475 0.06940430 -0.03067378
v 0.03251475 0.06940430 -0.03534175
v 0.03079600 0.07142578 -0.03432612
v 0.03079600 0.07142578 -0.03432612
v 0.03251475 0.06940430 -0.03534175
v 0.02798350 0.07142578 -0.03868159
v 0.03079600 0.07142578 -0.03432612
v 0.02798350 0.07142578 -0.03868159
v 0.02610850 0.07313478 -0.03739253
v 0.02610850 0.07313478 -0.03739253
v 0.02798350 0.07142578 -0.03868159
v 0.02313975 0.07313478 -0.04137691
v 0.02610850 0.07313478 -0.03739253
v 0.02313975 0.07313478 -0.04137691
v 0.02126475 0.07450196 -0.03981441
v 0.02126475 0.07450196 -0.03981441
v 0.02313975 0.07313478 -0.04137691
v 0.01813975 0.07450196 -0.04340816
v 0.02126475 0.07450196 -0.03981441
v 0.01813975 0.07450196 -0.04340816
v 0.01610850 0.07549805 -0.04159175
v 0.01610850 0.07549805 -0.04159175
v 0.01813975 0.07450196 -0.04340816
v 0.01298350 0.07549805 -0.04481441
v 0.04501475 0.05630859 -0.01682612
v 0.04485850 0.05915039 -0.01678706
v 0.04501475 0.05630859 -0.01682612
v 0.04329600 0.05915039 -0.02223628
v 0.04485850 0.05915039 -0.01678706
v 0.04329600 0.05915039 -0.02223628
v 0.04282725 0.06194336 -0.02206050
v 0.04282725 0.06194336 -0.02206050
v 0.04329600 0.05915039 -0.02223628
v 0.04095225 0.06194336 -0.02733394
v 0.04282725 0.06194336 -0.02206050
v 0.04095225 0.06194336 -0.02733394
v 0.04001475 0.06461914 -0.02696284
v 0.04001475 0.06461914 -0.02696284
v 0.04095225 0.06194336 -0.02733394
v 0.03782725 0.06461914 -0.03202144
v 0.04001475 0.06461914 -0.02696284
v 0.03782725 0.06461914 -0.03202144
v 0.03657725 0.06711914 -0.03141597
v 0.03657725 0.06711914 -0.03141597
v 0.03782725 0.06461914 -0.03202144
v 0.03407725 0.06711914 -0.03620112
v 0.03657725 0.06711914 -0.03141597
v 0.03407725 0.06711914 -0.03620112
v 0.03251475 0.06940430 -0.03534175
v 0.03251475 0.06940430 -0.03534175
v 0.03407725 0.06711914 -0.03620112
v 0.02970225 0.06940430 -0.03981441
v 0.03251475 0.06940430 -0.03534175
v 0.02970225 0.06940430 -0.03981441
v 0.02798350 0.07142578 -0.03868159
v 0.02798350 0.07142578 -0.03868159
v 0.02970225 0.06940430 -0.03981441
v 0.02501475 0.07142578 -0.04280269
v 0.02798350 0.07142578 -0.03868159
v 0.02501475 0.07142578 -0.04280269
v 0.02313975 0.07313478 -0.04137691
v 0.02313975 0.07313478 -0.04137691
v 0.02501475 0.07142578 -0.04280269
v 0.02001475 0.07313478 -0.04512691
v 0.02313975 0.07313478 -0.04137691
v 0.02001475 0.07313478 -0.04512691
v 0.01813975 0.07450196 -0.04340816
v 0.01813975 0.07450196 -0.04340816
v 0.02001475 0.07313478 -0.04512691
v 0.01470225 0.07450196 -0.04678706
v 0.01813975 0.07450196 -0.04340816
v 0.01470225 0.07450196 -0.04678706
v 0.01298350 0.07549805 -0.04481441
v 0.01298350 0.07549805 -0.04481441
v 0.01470225 0.07450196 -0.04678706
v 0.00938975 0.07549805 -0.04778316
v 0.04501475 0.05630859 -0.01682612
v 0.04360850 0.05630859 -0.02229487
v 0.04329600 0.05915039 -0.02223628
v 0.04329600 0.05915039 -0.02223628
v 0.04360850 0.05630859 -0.02229487
v 0.04142100 0.05915039 -0.02754878
v 0.04142100 0.05915039 -0.02754878
v 0.04095225 0.06194336 -0.02733394
v 0.04142100 0.05915039 -0.02754878
v 0.03860850 0.06194336 -0.03245112
v 0.04095225 0.06194336 -0.02733394
v 0.03860850 0.06194336 -0.03245112
v 0.03782725 0.06461914 -0.03202144
v 0.03782725 0.06461914 -0.03202144
v 0.03860850 0.06194336 -0.03245112
v 0.03517100 0.06461914 -0.03688472
v 0.03782725 0.06461914 -0.03202144
v 0.03517100 0.06461914 -0.03688472
v 0.03407725 0.06711914 -0.03620112
v 0.03407725 0.06711914 -0.03620112
v 0.03517100 0.06461914 -0.03688472
v 0.03110850 0.06711914 -0.04079097
v 0.03407725 0.06711914 -0.03620112
v 0.03110850 0.06711914 -0.04079097
v 0.02970225 0.06940430 -0.03981441
v 0.02970225 0.06940430 -0.03981441
v 0.03110850 0.06711914 -0.04079097
v 0.02657725 0.06940430 -0.04407222
v 0.02970225 0.06940430 -0.03981441
v 0.02657725 0.06940430 -0.04407222
v 0.02501475 0.07142578 -0.04280269
v 0.02501475 0.07142578 -0.04280269
v 0.02657725 0.06940430 -0.04407222
v 0.02157725 0.07142578 -0.04668941
v 0.02501475 0.07142578 -0.04280269
v 0.02157725 0.07142578 -0.04668941
v 0.02001475 0.07313478 -0.04512691
v 0.02001475 0.07313478 -0.04512691
v 0.02157725 0.07142578 -0.04668941
v 0.01642100 0.07313478 -0.04862300
v 0.01642100 0.07313478 -0.04862300
v 0.01470225 0.07450196 -0.04678706
v 0.01642100 0.07313478 -0.04862300
v 0.01110850 0.07450196 -0.04989253
v 0.01470225 0.07450196 -0.04678706
v 0.01110850 0.07450196 -0.04989253
v 0.00938975 0.07549805 -0.04778316
v 0.00938975 0.07549805 -0.04778316
v 0.01110850 0.07450196 -0.04989253
v 0.00579600 0.07549805 -0.05049800
v 0.04173350 0.05630859 -0.02762691
v 0.04142100 0.05915039 -0.02754878
v 0.04173350 0.05630859 -0.02762691
v 0.03923350 0.05915039 -0.03272456
v 0.04142100 0.05915039 -0.02754878
v 0.03923350 0.05915039 -0.03272456
v 0.03860850 0.06194336 -0.03245112
v 0.03860850 0.06194336 -0.03245112
v 0.03923350 0.05915039 -0.03272456
v 0.03610850 0.06194336 -0.03739253
v 0.03860850 0.06194336 -0.03245112
v 0.03610850 0.06194336 -0.03739253
v 0.03517100 0.06461914 -0.03688472
v 0.03517100 0.06461914 -0.03688472
v 0.03610850 0.06194336 -0.03739253
v 0.03220225 0.06461914 -0.04155269
v 0.03517100 0.06461914 -0.03688472
v 0.03220225 0.06461914 -0.04155269
v 0.03110850 0.06711914 -0.04079097
v 0.03110850 0.06711914 -0.04079097
v 0.03220225 0.06461914 -0.04155269
v 0.02782725 0.06711914 -0.04514644
v 0.03110850 0.06711914 -0.04079097
v 0.02782725 0.06711914 -0.04514644
v 0.02657725 0.06940430 -0.04407222
v 0.02657725 0.06940430 -0.04407222
v 0.02782725 0.06711914 -0.04514644
v 0.02313975 0.06940430 -0.04805659
v 0.02657725 0.06940430 -0.04407222
v 0.02313975 0.06940430 -0.04805659
v 0.02157725 0.07142578 -0.04668941
v 0.02157725 0.07142578 -0.04668941
v 0.02313975 0.06940430 -0.04805659
v 0.01798350 0.07142578 -0.05030269
v 0.02157725 0.07142578 -0.04668941
v 0.01798350 0.07142578 -0.05030269
v 0.01642100 0.07313478 -0.04862300
v 0.01642100 0.07313478 -0.04862300
v 0.01798350 0.07142578 -0.05030269
v 0.01267100 0.07313478 -0.05184566
v 0.01267100 0.07313478 -0.05184566
v 0.01110850 0.07450196 -0.04989253
v 0.01267100 0.07313478 -0.05184566
v 0.00720225 0.07450196 -0.05270503
v 0.01110850 0.07450196 -0.04989253
v 0.00720225 0.07450196 -0.05270503
v 0.00579600 0.07549805 -0.05049800
v 0.00579600 0.07549805 -0.05049800
v 0.00720225 0.07450196 -0.05270503
v 0.00188975 0.07549805 -0.05290034
v 0.00579600 0.07549805 -0.05049800
v 0.00188975 0.07549805 -0.05290034
v 0.00017100 0.07592775 -0.05190425
v 0.00017100 0.07592775 -0.05190425
v 0.00188975 0.07549805 -0.05290034
v 0.00063975 0.07544922 -0.05377925
v 0.00063975 0.07544922 -0.05377925
v 0.00188975 0.07549805 -0.05290034
v 0.00095225 0.07480469 -0.05561519
v 0.00095225 0.07480469 -0.05561519
v 0.00188975 0.07549805 -0.05290034
v 0.00313975 0.07450196 -0.05522456
v 0.00095225 0.07480469 -0.05561519
v 0.00313975 0.07450196 -0.05522456
v 0.00142100 0.07397461 -0.05737300
v 0.00142100 0.07397461 -0.05737300
v 0.00313975 0.07450196 -0.05522456
v 0.00438975 0.07313478 -0.05739253
v 0.00142100 0.07397461 -0.05737300
v 0.00438975 0.07313478 -0.05739253
v 0.00188975 0.07298828 -0.05903316
v 0.00188975 0.07298828 -0.05903316
v 0.00438975 0.07313478 -0.05739253
v 0.00548350 0.07142578 -0.05938472
v 0.00220225 0.07183594 -0.06061519
v 0.00220225 0.07183594 -0.06061519
v 0.00548350 0.07142578 -0.05938472
v 0.00251475 0.07052735 -0.06206050
v 0.00251475 0.07052735 -0.06206050
v 0.00548350 0.07142578 -0.05938472
v 0.00657725 0.06940430 -0.06114253
v 0.00251475 0.07052735 -0.06206050
v 0.00657725 0.06940430 -0.06114253
v 0.00282725 0.06907228 -0.06338862
v 0.00282725 0.06907228 -0.06338862
v 0.00657725 0.06940430 -0.06114253
v 0.00735850 0.06711914 -0.06262691
v 0.00282725 0.06907228 -0.06338862
v 0.00735850 0.06711914 -0.06262691
v 0.00313975 0.06750000 -0.06458004
v 0.00313975 0.06750000 -0.06458004
v 0.00735850 0.06711914 -0.06262691
v 0.00345225 0.06582032 -0.06559566
v 0.00345225 0.06582032 -0.06559566
v 0.00735850 0.06711914 -0.06262691
v 0.00813975 0.06461914 -0.06381831
v 0.00345225 0.06582032 -0.06559566
v 0.00813975 0.06461914 -0.06381831
v 0.00360850 0.06403321 -0.06645504
v 0.00360850 0.06403321 -0.06645504
v 0.00813975 0.06461914 -0.06381831
v 0.00860850 0.06194336 -0.06467769
v 0.00360850 0.06403321 -0.06645504
v 0.00860850 0.06194336 -0.06467769
v 0.00376475 0.06216797 -0.06711911
v 0.00376475 0.06216797 -0.06711911
v 0.00860850 0.06194336 -0.06467769
v 0.00392100 0.06025391 -0.06760739
v 0.00392100 0.06025391 -0.06760739
v 0.00860850 0.06194336 -0.06467769
v 0.00892100 0.05915039 -0.06520504
v 0.00392100 0.06025391 -0.06760739
v 0.00892100 0.05915039 -0.06520504
v 0.00392100 0.05829101 -0.06790036
v 0.00392100 0.05829101 -0.06790036
v 0.00892100 0.05915039 -0.06520504
v 0.00892100 0.05630859 -0.06538082
v 0.00392100 0.05829101 -0.06790036
v 0.00892100 0.05630859 -0.06538082
v 0.00392100 0.05630859 -0.06799800
v 0.04173350 0.05630859 -0.02762691
v 0.03938975 0.05630859 -0.03280269
v 0.03923350 0.05915039 -0.03272456
v 0.03923350 0.05915039 -0.03272456
v 0.03938975 0.05630859 -0.03280269
v 0.03657725 0.05915039 -0.03770503
v 0.03923350 0.05915039 -0.03272456
v 0.03657725 0.05915039 -0.03770503
v 0.03610850 0.06194336 -0.03739253
v 0.03610850 0.06194336 -0.03739253
v 0.03657725 0.05915039 -0.03770503
v 0.03298350 0.06194336 -0.04211909
v 0.03610850 0.06194336 -0.03739253
v 0.03298350 0.06194336 -0.04211909
v 0.03220225 0.06461914 -0.04155269
v 0.03220225 0.06461914 -0.04155269
v 0.03298350 0.06194336 -0.04211909
v 0.02892100 0.06461914 -0.04598628
v 0.03220225 0.06461914 -0.04155269
v 0.02892100 0.06461914 -0.04598628
v 0.02782725 0.06711914 -0.04514644
v 0.02782725 0.06711914 -0.04514644
v 0.02892100 0.06461914 -0.04598628
v 0.02438975 0.06711914 -0.04922847
v 0.02782725 0.06711914 -0.04514644
v 0.02438975 0.06711914 -0.04922847
v 0.02313975 0.06940430 -0.04805659
v 0.02313975 0.06940430 -0.04805659
v 0.02438975 0.06711914 -0.04922847
v 0.01938975 0.06940430 -0.05178706
v 0.02313975 0.06940430 -0.04805659
v 0.01938975 0.06940430 -0.05178706
v 0.01798350 0.07142578 -0.05030269
v 0.01798350 0.07142578 -0.05030269
v 0.01938975 0.06940430 -0.05178706
v 0.01407725 0.07142578 -0.05364253
v 0.01798350 0.07142578 -0.05030269
v 0.01407725 0.07142578 -0.05364253
v 0.01267100 0.07313478 -0.05184566
v 0.01267100 0.07313478 -0.05184566
v 0.01407725 0.07142578 -0.05364253
v 0.00860850 0.07313478 -0.05477534
v 0.00860850 0.07313478 -0.05477534
v 0.00720225 0.07450196 -0.05270503
v 0.00860850 0.07313478 -0.05477534
v 0.00720225 0.07450196 -0.05270503
v 0.00313975 0.07450196 -0.05522456
v 0.00188975 0.07549805 -0.05290034
v 0.03673350 0.05630859 -0.03780269
v 0.03657725 0.05915039 -0.03770503
v 0.03673350 0.05630859 -0.03780269
v 0.03360850 0.05915039 -0.04247066
v 0.03657725 0.05915039 -0.03770503
v 0.03360850 0.05915039 -0.04247066
v 0.03298350 0.06194336 -0.04211909
v 0.03298350 0.06194336 -0.04211909
v 0.03360850 0.05915039 -0.04247066
v 0.02970225 0.06194336 -0.04661128
v 0.03298350 0.06194336 -0.04211909
v 0.02970225 0.06194336 -0.04661128
v 0.02892100 0.06461914 -0.04598628
v 0.02892100 0.06461914 -0.04598628
v 0.02970225 0.06194336 -0.04661128
v 0.02532725 0.06461914 -0.05016597
v 0.02892100 0.06461914 -0.04598628
v 0.02532725 0.06461914 -0.05016597
v 0.02438975 0.06711914 -0.04922847
v 0.02438975 0.06711914 -0.04922847
v 0.02532725 0.06461914 -0.05016597
v 0.02048350 0.06711914 -0.05305659
v 0.02438975 0.06711914 -0.04922847
v 0.02048350 0.06711914 -0.05305659
v 0.01938975 0.06940430 -0.05178706
v 0.01938975 0.06940430 -0.05178706
v 0.02048350 0.06711914 -0.05305659
v 0.01532725 0.06940430 -0.05522456
v 0.01938975 0.06940430 -0.05178706
v 0.01532725 0.06940430 -0.05522456
v 0.01407725 0.07142578 -0.05364253
v 0.01407725 0.07142578 -0.05364253
v 0.01532725 0.06940430 -0.05522456
v 0.00985850 0.07142578 -0.05666987
v 0.00985850 0.07142578 -0.05666987
v 0.00860850 0.07313478 -0.05477534
v 0.00985850 0.07142578 -0.05666987
v 0.00438975 0.07313478 -0.05739253
v 0.03673350 0.05630859 -0.03780269
v 0.03376475 0.05630859 -0.04258784
v 0.03360850 0.05915039 -0.04247066
v 0.03360850 0.05915039 -0.04247066
v 0.03376475 0.05630859 -0.04258784
v 0.03017100 0.05915039 -0.04700191
v 0.03360850 0.05915039 -0.04247066
v 0.03017100 0.05915039 -0.04700191
v 0.02970225 0.06194336 -0.04661128
v 0.02970225 0.06194336 -0.04661128
v 0.03017100 0.05915039 -0.04700191
v 0.02610850 0.06194336 -0.05084956
v 0.02970225 0.06194336 -0.04661128
v 0.02610850 0.06194336 -0.05084956
v 0.02532725 0.06461914 -0.05016597
v 0.02532725 0.06461914 -0.05016597
v 0.02610850 0.06194336 -0.05084956
v 0.02142100 0.06461914 -0.05405269
v 0.02532725 0.06461914 -0.05016597
v 0.02142100 0.06461914 -0.05405269
v 0.02048350 0.06711914 -0.05305659
v 0.02048350 0.06711914 -0.05305659
v 0.02142100 0.06461914 -0.05405269
v 0.01642100 0.06711914 -0.05657222
v 0.02048350 0.06711914 -0.05305659
v 0.01642100 0.06711914 -0.05657222
v 0.01532725 0.06940430 -0.05522456
v 0.01532725 0.06940430 -0.05522456
v 0.01642100 0.06711914 -0.05657222
v 0.01110850 0.06940430 -0.05834956
v 0.01532725 0.06940430 -0.05522456
v 0.01110850 0.06940430 -0.05834956
v 0.00985850 0.07142578 -0.05666987
v 0.00985850 0.07142578 -0.05666987
v 0.01110850 0.06940430 -0.05834956
v 0.00548350 0.07142578 -0.05938472
v 0.00548350 0.07142578 -0.05938472
v 0.03032725 0.05630859 -0.04711909
v 0.03017100 0.05915039 -0.04700191
v 0.03032725 0.05630859 -0.04711909
v 0.02657725 0.05915039 -0.05125972
v 0.03017100 0.05915039 -0.04700191
v 0.02657725 0.05915039 -0.05125972
v 0.02610850 0.06194336 -0.05084956
v 0.02610850 0.06194336 -0.05084956
v 0.02657725 0.05915039 -0.05125972
v 0.02204600 0.06194336 -0.05479487
v 0.02610850 0.06194336 -0.05084956
v 0.02204600 0.06194336 -0.05479487
v 0.02142100 0.06461914 -0.05405269
v 0.02142100 0.06461914 -0.05405269
v 0.02204600 0.06194336 -0.05479487
v 0.01720225 0.06461914 -0.05764644
v 0.02142100 0.06461914 -0.05405269
v 0.01720225 0.06461914 -0.05764644
v 0.01642100 0.06711914 -0.05657222
v 0.01642100 0.06711914 -0.05657222
v 0.01720225 0.06461914 -0.05764644
v 0.01204600 0.06711914 -0.05975581
v 0.01642100 0.06711914 -0.05657222
v 0.01204600 0.06711914 -0.05975581
v 0.01110850 0.06940430 -0.05834956
v 0.01110850 0.06940430 -0.05834956
v 0.01204600 0.06711914 -0.05975581
v 0.00657725 0.06940430 -0.06114253
v 0.00657725 0.06940430 -0.06114253
v 0.03032725 0.05630859 -0.04711909
v 0.02657725 0.05630859 -0.05139644
v 0.02657725 0.05915039 -0.05125972
v 0.02657725 0.05915039 -0.05125972
v 0.02657725 0.05630859 -0.05139644
v 0.02251475 0.05915039 -0.05524409
v 0.02657725 0.05915039 -0.05125972
v 0.02251475 0.05915039 -0.05524409
v 0.02204600 0.06194336 -0.05479487
v 0.02204600 0.06194336 -0.05479487
v 0.02251475 0.05915039 -0.05524409
v 0.01782725 0.06194336 -0.05842769
v 0.02204600 0.06194336 -0.05479487
v 0.01782725 0.06194336 -0.05842769
v 0.01720225 0.06461914 -0.05764644
v 0.01720225 0.06461914 -0.05764644
v 0.01782725 0.06194336 -0.05842769
v 0.01282725 0.06461914 -0.06088862
v 0.01720225 0.06461914 -0.05764644
v 0.01282725 0.06461914 -0.06088862
v 0.01204600 0.06711914 -0.05975581
v 0.01204600 0.06711914 -0.05975581
v 0.01282725 0.06461914 -0.06088862
v 0.00735850 0.06711914 -0.06262691
v 0.01204600 0.06711914 -0.05975581
v 0.00735850 0.06711914 -0.06262691
v 0.00657725 0.06940430 -0.06114253
v 0.02657725 0.05630859 -0.05139644
v 0.02267100 0.05630859 -0.05538081
v 0.02251475 0.05915039 -0.05524409
v 0.02251475 0.05915039 -0.05524409
v 0.02267100 0.05630859 -0.05538081
v 0.01813975 0.05915039 -0.05889644
v 0.02251475 0.05915039 -0.05524409
v 0.01813975 0.05915039 -0.05889644
v 0.01782725 0.06194336 -0.05842769
v 0.01782725 0.06194336 -0.05842769
v 0.01813975 0.05915039 -0.05889644
v 0.01329600 0.06194336 -0.06172847
v 0.01782725 0.06194336 -0.05842769
v 0.01329600 0.06194336 -0.06172847
v 0.01282725 0.06461914 -0.06088862
v 0.01282725 0.06461914 -0.06088862
v 0.01329600 0.06194336 -0.06172847
v 0.00813975 0.06461914 -0.06381831
v 0.01282725 0.06461914 -0.06088862
v 0.00813975 0.06461914 -0.06381831
v 0.00735850 0.06711914 -0.06262691
v 0.02267100 0.05630859 -0.05538081
v 0.01829600 0.05630859 -0.05905269
v 0.01813975 0.05915039 -0.05889644
v 0.01813975 0.05915039 -0.05889644
v 0.01829600 0.05630859 -0.05905269
v 0.01360850 0.05915039 -0.06223628
v 0.01813975 0.05915039 -0.05889644
v 0.01360850 0.05915039 -0.06223628
v 0.01329600 0.06194336 -0.06172847
v 0.01329600 0.06194336 -0.06172847
v 0.01360850 0.05915039 -0.06223628
v 0.00860850 0.06194336 -0.06467769
v 0.00860850 0.06194336 -0.06467769
v 0.01376475 0.05630859 -0.06239253
v 0.01360850 0.05915039 -0.06223628
v 0.01376475 0.05630859 -0.06239253
v 0.00892100 0.05915039 -0.06520504
v 0.00892100 0.05915039 -0.06520504
v 0.01376475 0.05630859 -0.06239253
v 0.00892100 0.05630859 -0.06538082
v 0.00892100 0.05915039 -0.06520504
v -0.00045400 0.07621094 -0.04999019
v -0.00092275 0.07630861 -0.04807612
v 0.00048350 0.07610353 -0.05047847
v 0.00048350 0.07610353 -0.05047847
v -0.00092275 0.07630861 -0.04807612
v 0.00423350 0.07610353 -0.04817378
v -0.00092275 0.07630861 -0.04799800
v 0.00313975 0.07630861 -0.04541987
v -0.00092275 0.07630861 -0.04807612
v 0.00313975 0.07630861 -0.04541987
v 0.00767100 0.07610353 -0.04559566
v 0.00704600 0.07630861 -0.04249019
v 0.00767100 0.07610353 -0.04559566
v 0.00704600 0.07630861 -0.04249019
v 0.01095225 0.07610353 -0.04276362
v 0.01095225 0.07610353 -0.04276362
v 0.00704600 0.07630861 -0.04249019
v 0.01063975 0.07630861 -0.03922847
v 0.01407725 0.07610353 -0.03969722
v 0.01392100 0.07630861 -0.03565425
v 0.01704600 0.07610353 -0.03639644
v 0.01704600 0.07610353 -0.03639644
v 0.01392100 0.07630861 -0.03565425
v 0.01688975 0.07630861 -0.03182612
v 0.01954600 0.07610353 -0.03288081
v 0.01938975 0.07630861 -0.02774409
v 0.02188975 0.07610353 -0.02916987
v 0.02188975 0.07610353 -0.02916987
v 0.01938975 0.07630861 -0.02774409
v 0.02392100 0.07610353 -0.02534175
v 0.02173350 0.07630861 -0.02346675
v 0.02392100 0.07610353 -0.02534175
v 0.02173350 0.07630861 -0.02346675
v 0.02579600 0.07610353 -0.02133784
v 0.02360850 0.07630861 -0.01899409
v 0.02579600 0.07610353 -0.02133784
v 0.02579600 0.07610353 -0.02133784
v 0.02360850 0.07630861 -0.01899409
v 0.02720225 0.07610353 -0.01721675
v 0.02501475 0.07630861 -0.01436519
v 0.02829600 0.07610353 -0.01299800
v 0.02610850 0.07630861 -0.00963863
v 0.02829600 0.07610353 -0.01299800
v 0.02610850 0.07630861 -0.00963863
v 0.02907725 0.07610353 -0.00870113
v 0.02673350 0.07630861 -0.00483394
v 0.02954600 0.07610353 -0.00436519
v 0.02673350 0.07630861 -0.00483394
v 0.02688975 0.07630861 -0.00000972
v 0.02954600 0.07610353 -0.00436519
v 0.02970225 0.07610353 -0.00000972
v 0.02954600 0.07610353 0.00436528
v 0.02673350 0.07630861 0.00483403
v 0.02954600 0.07610353 0.00436528
v 0.02673350 0.07630861 0.00483403
v 0.02907725 0.07610353 0.00870122
v 0.02610850 0.07630861 0.00963872
v 0.02829600 0.07610353 0.01299809
v 0.02829600 0.07610353 0.01299809
v 0.02610850 0.07630861 0.00963872
v 0.02501475 0.07630861 0.01436528
v 0.02720225 0.07610353 0.01721685
v 0.02360850 0.07630861 0.01897466
v 0.02579600 0.07610353 0.02133794
v 0.02579600 0.07610353 0.02133794
v 0.02360850 0.07630861 0.01897466
v 0.02173350 0.07630861 0.02344731
v 0.02579600 0.07610353 0.02133794
v 0.02173350 0.07630861 0.02344731
v 0.02392100 0.07610353 0.02532231
v -0.00092275 0.07630861 0.04799809
v -0.00092275 0.07630861 0.04807622
v 0.00048350 0.07610353 0.05047856
v 0.00048350 0.07610353 0.05047856
v -0.00092275 0.07630861 0.04807622
v -0.00045400 0.07621094 0.04999028
v 0.00048350 0.07610353 0.05047856
v -0.00045400 0.07621094 0.04999028
v 0.00017100 0.07592775 0.05190434
v 0.01329600 0.06194336 0.06172856
v 0.01360850 0.05915039 0.06221684
v 0.01782725 0.06194336 0.05842778
v 0.01813975 0.05915039 0.05889653
v 0.01782725 0.06194336 0.05842778
v 0.01813975 0.05915039 0.05889653
v 0.02204600 0.06194336 0.05479497
v 0.02204600 0.06194336 0.05479497
v 0.01813975 0.05915039 0.05889653
v 0.02251475 0.05915039 0.05522465
v 0.02204600 0.06194336 0.05479497
v 0.02251475 0.05915039 0.05522465
v 0.02610850 0.06194336 0.05084965
v 0.02657725 0.05915039 0.05125981
v 0.02610850 0.06194336 0.05084965
v 0.02657725 0.05915039 0.05125981
v 0.02970225 0.06194336 0.04661137
v 0.02970225 0.06194336 0.04661137
v 0.02657725 0.05915039 0.05125981
v 0.03017100 0.05915039 0.04700200
v 0.02970225 0.06194336 0.04661137
v 0.03017100 0.05915039 0.04700200
v 0.03298350 0.06194336 0.04211919
v 0.03298350 0.06194336 0.04211919
v 0.03017100 0.05915039 0.04700200
v 0.03360850 0.05915039 0.04247075
v 0.03298350 0.06194336 0.04211919
v 0.03360850 0.05915039 0.04247075
v 0.03657725 0.05915039 0.03770512
v 0.01282725 0.06461914 0.06088872
v 0.01329600 0.06194336 0.06172856
v 0.01720225 0.06461914 0.05764653
v 0.01720225 0.06461914 0.05764653
v 0.01329600 0.06194336 0.06172856
v 0.01782725 0.06194336 0.05842778
v 0.01720225 0.06461914 0.05764653
v 0.01782725 0.06194336 0.05842778
v 0.02142100 0.06461914 0.05405278
v 0.02142100 0.06461914 0.05405278
v 0.01782725 0.06194336 0.05842778
v 0.02204600 0.06194336 0.05479497
v 0.02142100 0.06461914 0.05405278
v 0.02204600 0.06194336 0.05479497
v 0.02532725 0.06461914 0.05016606
v 0.02532725 0.06461914 0.05016606
v 0.02204600 0.06194336 0.05479497
v 0.02610850 0.06194336 0.05084965
v 0.02532725 0.06461914 0.05016606
v 0.02610850 0.06194336 0.05084965
v 0.02892100 0.06461914 0.04598637
v 0.02892100 0.06461914 0.04598637
v 0.02610850 0.06194336 0.05084965
v 0.02970225 0.06194336 0.04661137
v 0.02892100 0.06461914 0.04598637
v 0.02970225 0.06194336 0.04661137
v 0.03220225 0.06461914 0.04155278
v 0.03220225 0.06461914 0.04155278
v 0.02970225 0.06194336 0.04661137
v 0.03298350 0.06194336 0.04211919
v 0.03220225 0.06461914 0.04155278
v 0.03298350 0.06194336 0.04211919
v 0.03610850 0.06194336 0.03739262
v 0.03610850 0.06194336 0.03739262
v 0.03298350 0.06194336 0.04211919
v 0.03657725 0.05915039 0.03770512
v 0.03610850 0.06194336 0.03739262
v 0.03657725 0.05915039 0.03770512
v 0.03923350 0.05915039 0.03272465
v 0.01204600 0.06711914 0.05975590
v 0.01282725 0.06461914 0.06088872
v 0.01642100 0.06711914 0.05657231
v 0.01642100 0.06711914 0.05657231
v 0.01282725 0.06461914 0.06088872
v 0.01720225 0.06461914 0.05764653
v 0.01642100 0.06711914 0.05657231
v 0.01720225 0.06461914 0.05764653
v 0.02048350 0.06711914 0.05305669
v 0.02048350 0.06711914 0.05305669
v 0.01720225 0.06461914 0.05764653
v 0.02142100 0.06461914 0.05405278
v 0.02048350 0.06711914 0.05305669
v 0.02142100 0.06461914 0.05405278
v 0.02438975 0.06711914 0.04922856
v 0.02438975 0.06711914 0.04922856
v 0.02142100 0.06461914 0.05405278
v 0.02532725 0.06461914 0.05016606
v 0.02438975 0.06711914 0.04922856
v 0.02532725 0.06461914 0.05016606
v 0.02782725 0.06711914 0.04512700
v 0.02782725 0.06711914 0.04512700
v 0.02532725 0.06461914 0.05016606
v 0.02892100 0.06461914 0.04598637
v 0.02782725 0.06711914 0.04512700
v 0.02892100 0.06461914 0.04598637
v 0.03110850 0.06711914 0.04079106
v 0.03110850 0.06711914 0.04079106
v 0.02892100 0.06461914 0.04598637
v 0.03220225 0.06461914 0.04155278
v 0.03110850 0.06711914 0.04079106
v 0.03220225 0.06461914 0.04155278
v 0.03517100 0.06461914 0.03688481
v 0.03517100 0.06461914 0.03688481
v 0.03220225 0.06461914 0.04155278
v 0.03610850 0.06194336 0.03739262
v 0.03517100 0.06461914 0.03688481
v 0.03610850 0.06194336 0.03739262
v 0.03860850 0.06194336 0.03245122
v 0.03860850 0.06194336 0.03245122
v 0.03610850 0.06194336 0.03739262
v 0.03923350 0.05915039 0.03272465
v 0.03860850 0.06194336 0.03245122
v 0.03923350 0.05915039 0.03272465
v 0.04095225 0.06194336 0.02733403
v 0.01110850 0.06940430 0.05834965
v 0.01204600 0.06711914 0.05975590
v 0.01532725 0.06940430 0.05522465
v 0.01532725 0.06940430 0.05522465
v 0.01204600 0.06711914 0.05975590
v 0.01642100 0.06711914 0.05657231
v 0.01532725 0.06940430 0.05522465
v 0.01642100 0.06711914 0.05657231
v 0.01938975 0.06940430 0.05178715
v 0.01938975 0.06940430 0.05178715
v 0.01642100 0.06711914 0.05657231
v 0.02048350 0.06711914 0.05305669
v 0.01938975 0.06940430 0.05178715
v 0.02048350 0.06711914 0.05305669
v 0.02313975 0.06940430 0.04805669
v 0.02313975 0.06940430 0.04805669
v 0.02048350 0.06711914 0.05305669
v 0.02438975 0.06711914 0.04922856
v 0.02313975 0.06940430 0.04805669
v 0.02438975 0.06711914 0.04922856
v 0.02657725 0.06940430 0.04407231
v 0.02657725 0.06940430 0.04407231
v 0.02438975 0.06711914 0.04922856
v 0.02782725 0.06711914 0.04512700
v 0.02657725 0.06940430 0.04407231
v 0.02782725 0.06711914 0.04512700
v 0.02970225 0.06940430 0.03981450
v 0.02970225 0.06940430 0.03981450
v 0.02782725 0.06711914 0.04512700
v 0.03110850 0.06711914 0.04079106
v 0.02970225 0.06940430 0.03981450
v 0.03110850 0.06711914 0.04079106
v 0.03407725 0.06711914 0.03620122
v 0.03407725 0.06711914 0.03620122
v 0.03110850 0.06711914 0.04079106
v 0.03517100 0.06461914 0.03688481
v 0.03407725 0.06711914 0.03620122
v 0.03517100 0.06461914 0.03688481
v 0.03782725 0.06461914 0.03202153
v 0.03782725 0.06461914 0.03202153
v 0.03517100 0.06461914 0.03688481
v 0.03860850 0.06194336 0.03245122
v 0.03782725 0.06461914 0.03202153
v 0.03860850 0.06194336 0.03245122
v 0.04001475 0.06461914 0.02696294
v 0.04001475 0.06461914 0.02696294
v 0.03860850 0.06194336 0.03245122
v 0.04095225 0.06194336 0.02733403
v 0.04001475 0.06461914 0.02696294
v 0.04095225 0.06194336 0.02733403
v 0.04188975 0.06461914 0.02174810
v 0.00985850 0.07142578 0.05666997
v 0.01110850 0.06940430 0.05834965
v 0.01407725 0.07142578 0.05364262
v 0.01407725 0.07142578 0.05364262
v 0.01110850 0.06940430 0.05834965
v 0.01532725 0.06940430 0.05522465
v 0.01407725 0.07142578 0.05364262
v 0.01532725 0.06940430 0.05522465
v 0.01798350 0.07142578 0.05030278
v 0.01798350 0.07142578 0.05030278
v 0.01532725 0.06940430 0.05522465
v 0.01938975 0.06940430 0.05178715
v 0.01798350 0.07142578 0.05030278
v 0.01938975 0.06940430 0.05178715
v 0.02157725 0.07142578 0.04668950
v 0.02157725 0.07142578 0.04668950
v 0.01938975 0.06940430 0.05178715
v 0.02313975 0.06940430 0.04805669
v 0.02157725 0.07142578 0.04668950
v 0.02313975 0.06940430 0.04805669
v 0.02501475 0.07142578 0.04280278
v 0.02501475 0.07142578 0.04280278
v 0.02313975 0.06940430 0.04805669
v 0.02657725 0.06940430 0.04407231
v 0.02501475 0.07142578 0.04280278
v 0.02657725 0.06940430 0.04407231
v 0.02798350 0.07142578 0.03868169
v 0.02798350 0.07142578 0.03868169
v 0.02657725 0.06940430 0.04407231
v 0.02970225 0.06940430 0.03981450
v 0.02798350 0.07142578 0.03868169
v 0.02970225 0.06940430 0.03981450
v 0.03251475 0.06940430 0.03534184
v 0.03251475 0.06940430 0.03534184
v 0.02970225 0.06940430 0.03981450
v 0.03407725 0.06711914 0.03620122
v 0.03251475 0.06940430 0.03534184
v 0.03407725 0.06711914 0.03620122
v 0.03657725 0.06711914 0.03141606
v 0.03657725 0.06711914 0.03141606
v 0.03407725 0.06711914 0.03620122
v 0.03782725 0.06461914 0.03202153
v 0.03657725 0.06711914 0.03141606
v 0.03782725 0.06461914 0.03202153
v 0.03876475 0.06711914 0.02645513
v 0.03876475 0.06711914 0.02645513
v 0.03782725 0.06461914 0.03202153
v 0.04001475 0.06461914 0.02696294
v 0.03876475 0.06711914 0.02645513
v 0.04001475 0.06461914 0.02696294
v 0.04048350 0.06711914 0.02135747
v 0.04048350 0.06711914 0.02135747
v 0.04001475 0.06461914 0.02696294
v 0.04188975 0.06461914 0.02174810
v 0.04048350 0.06711914 0.02135747
v 0.04188975 0.06461914 0.02174810
v 0.04188975 0.06711914 0.01612310
v 0.00860850 0.07313478 0.05477544
v 0.00985850 0.07142578 0.05666997
v 0.01267100 0.07313478 0.05184575
v 0.01407725 0.07142578 0.05364262
v 0.01267100 0.07313478 0.05184575
v 0.01407725 0.07142578 0.05364262
v 0.01642100 0.07313478 0.04862309
v 0.01798350 0.07142578 0.05030278
v 0.01642100 0.07313478 0.04862309
v 0.01798350 0.07142578 0.05030278
v 0.02001475 0.07313478 0.04512700
v 0.02001475 0.07313478 0.04512700
v 0.01798350 0.07142578 0.05030278
v 0.02157725 0.07142578 0.04668950
v 0.02001475 0.07313478 0.04512700
v 0.02157725 0.07142578 0.04668950
v 0.02313975 0.07313478 0.04137700
v 0.02313975 0.07313478 0.04137700
v 0.02157725 0.07142578 0.04668950
v 0.02501475 0.07142578 0.04280278
v 0.02313975 0.07313478 0.04137700
v 0.02501475 0.07142578 0.04280278
v 0.02610850 0.07313478 0.03739262
v 0.02610850 0.07313478 0.03739262
v 0.02501475 0.07142578 0.04280278
v 0.02798350 0.07142578 0.03868169
v 0.02610850 0.07313478 0.03739262
v 0.02798350 0.07142578 0.03868169
v 0.03079600 0.07142578 0.03432622
v 0.03079600 0.07142578 0.03432622
v 0.02798350 0.07142578 0.03868169
v 0.03251475 0.06940430 0.03534184
v 0.03079600 0.07142578 0.03432622
v 0.03251475 0.06940430 0.03534184
v 0.03501475 0.06940430 0.03067388
v 0.03501475 0.06940430 0.03067388
v 0.03251475 0.06940430 0.03534184
v 0.03657725 0.06711914 0.03141606
v 0.03501475 0.06940430 0.03067388
v 0.03657725 0.06711914 0.03141606
v 0.03720225 0.06940430 0.02583013
v 0.03720225 0.06940430 0.02583013
v 0.03657725 0.06711914 0.03141606
v 0.03876475 0.06711914 0.02645513
v 0.03720225 0.06940430 0.02583013
v 0.03876475 0.06711914 0.02645513
v 0.03892100 0.06940430 0.02084966
v 0.03892100 0.06940430 0.02084966
v 0.03876475 0.06711914 0.02645513
v 0.04048350 0.06711914 0.02135747
v 0.03892100 0.06940430 0.02084966
v 0.04048350 0.06711914 0.02135747
v 0.04032725 0.06940430 0.01573247
v 0.04032725 0.06940430 0.01573247
v 0.04048350 0.06711914 0.02135747
v 0.04188975 0.06711914 0.01612310
v 0.04032725 0.06940430 0.01573247
v 0.04188975 0.06711914 0.01612310
v 0.04126475 0.06940430 0.01053716
v 0.00720225 0.07450196 0.05270512
v 0.00860850 0.07313478 0.05477544
v 0.01110850 0.07450196 0.04989262
v 0.01267100 0.07313478 0.05184575
v 0.01110850 0.07450196 0.04989262
v 0.01267100 0.07313478 0.05184575
v 0.01470225 0.07450196 0.04678715
v 0.01642100 0.07313478 0.04862309
v 0.01470225 0.07450196 0.04678715
v 0.01642100 0.07313478 0.04862309
v 0.01813975 0.07450196 0.04340825
v 0.02001475 0.07313478 0.04512700
v 0.01813975 0.07450196 0.04340825
v 0.02001475 0.07313478 0.04512700
v 0.02126475 0.07450196 0.03981450
v 0.02126475 0.07450196 0.03981450
v 0.02001475 0.07313478 0.04512700
v 0.02313975 0.07313478 0.04137700
v 0.02126475 0.07450196 0.03981450
v 0.02313975 0.07313478 0.04137700
v 0.02407725 0.07450196 0.03596684
v 0.02407725 0.07450196 0.03596684
v 0.02313975 0.07313478 0.04137700
v 0.02610850 0.07313478 0.03739262
v 0.02407725 0.07450196 0.03596684
v 0.02610850 0.07313478 0.03739262
v 0.02876475 0.07313478 0.03317387
v 0.02876475 0.07313478 0.03317387
v 0.02610850 0.07313478 0.03739262
v 0.03079600 0.07142578 0.03432622
v 0.02876475 0.07313478 0.03317387
v 0.03079600 0.07142578 0.03432622
v 0.03313975 0.07142578 0.02979497
v 0.03313975 0.07142578 0.02979497
v 0.03079600 0.07142578 0.03432622
v 0.03501475 0.06940430 0.03067388
v 0.03313975 0.07142578 0.02979497
v 0.03501475 0.06940430 0.03067388
v 0.03532725 0.07142578 0.02508794
v 0.03532725 0.07142578 0.02508794
v 0.03501475 0.06940430 0.03067388
v 0.03720225 0.06940430 0.02583013
v 0.03532725 0.07142578 0.02508794
v 0.03720225 0.06940430 0.02583013
v 0.03688975 0.07142578 0.02024419
v 0.03688975 0.07142578 0.02024419
v 0.03720225 0.06940430 0.02583013
v 0.03892100 0.06940430 0.02084966
v 0.03688975 0.07142578 0.02024419
v 0.03892100 0.06940430 0.02084966
v 0.03829600 0.07142578 0.01528325
v 0.03829600 0.07142578 0.01528325
v 0.03892100 0.06940430 0.02084966
v 0.04032725 0.06940430 0.01573247
v 0.03829600 0.07142578 0.01528325
v 0.04032725 0.06940430 0.01573247
v 0.03923350 0.07142578 0.01024419
v 0.03923350 0.07142578 0.01024419
v 0.04032725 0.06940430 0.01573247
v 0.04126475 0.06940430 0.01053716
v 0.03923350 0.07142578 0.01024419
v 0.04126475 0.06940430 0.01053716
v 0.03985850 0.07142578 0.00512700
v 0.00767100 0.07610353 0.04559575
v 0.00423350 0.07610353 0.04817387
v 0.00579600 0.07549805 0.05049809
v 0.00579600 0.07549805 0.05049809
v 0.00720225 0.07450196 0.05270512
v 0.00938975 0.07549805 0.04778325
v 0.00938975 0.07549805 0.04778325
v 0.00720225 0.07450196 0.05270512
v 0.01110850 0.07450196 0.04989262
v 0.00938975 0.07549805 0.04778325
v 0.01110850 0.07450196 0.04989262
v 0.01298350 0.07549805 0.04481450
v 0.01298350 0.07549805 0.04481450
v 0.01110850 0.07450196 0.04989262
v 0.01470225 0.07450196 0.04678715
v 0.01298350 0.07549805 0.04481450
v 0.01470225 0.07450196 0.04678715
v 0.01610850 0.07549805 0.04159184
v 0.01610850 0.07549805 0.04159184
v 0.01470225 0.07450196 0.04678715
v 0.01813975 0.07450196 0.04340825
v 0.01610850 0.07549805 0.04159184
v 0.01813975 0.07450196 0.04340825
v 0.01907725 0.07549805 0.03813481
v 0.02126475 0.07450196 0.03981450
v 0.01907725 0.07549805 0.03813481
v 0.02126475 0.07450196 0.03981450
v 0.02188975 0.07549805 0.03446294
v 0.02188975 0.07549805 0.03446294
v 0.02126475 0.07450196 0.03981450
v 0.02407725 0.07450196 0.03596684
v 0.02188975 0.07549805 0.03446294
v 0.02407725 0.07450196 0.03596684
v 0.02657725 0.07450196 0.03192388
v 0.02657725 0.07450196 0.03192388
v 0.02407725 0.07450196 0.03596684
v 0.02876475 0.07313478 0.03317387
v 0.02657725 0.07450196 0.03192388
v 0.02876475 0.07313478 0.03317387
v 0.03110850 0.07313478 0.02879888
v 0.03110850 0.07313478 0.02879888
v 0.02876475 0.07313478 0.03317387
v 0.03313975 0.07142578 0.02979497
v 0.03110850 0.07313478 0.02879888
v 0.03313975 0.07142578 0.02979497
v 0.03313975 0.07313478 0.02424810
v 0.03313975 0.07313478 0.02424810
v 0.03313975 0.07142578 0.02979497
v 0.03532725 0.07142578 0.02508794
v 0.03313975 0.07313478 0.02424810
v 0.03532725 0.07142578 0.02508794
v 0.03470225 0.07313478 0.01956060
v 0.03470225 0.07313478 0.01956060
v 0.03532725 0.07142578 0.02508794
v 0.03688975 0.07142578 0.02024419
v 0.03470225 0.07313478 0.01956060
v 0.03688975 0.07142578 0.02024419
v 0.03610850 0.07313478 0.01477544
v 0.03610850 0.07313478 0.01477544
v 0.03688975 0.07142578 0.02024419
v 0.03829600 0.07142578 0.01528325
v 0.03610850 0.07313478 0.01477544
v 0.03829600 0.07142578 0.01528325
v 0.03704600 0.07313478 0.00989263
v 0.03704600 0.07313478 0.00989263
v 0.03829600 0.07142578 0.01528325
v 0.03923350 0.07142578 0.01024419
v 0.03704600 0.07313478 0.00989263
v 0.03923350 0.07142578 0.01024419
v 0.03751475 0.07313478 0.00497075
v 0.03751475 0.07313478 0.00497075
v 0.03923350 0.07142578 0.01024419
v 0.03985850 0.07142578 0.00512700
v 0.03751475 0.07313478 0.00497075
v 0.01095225 0.07610353 0.04276372
v 0.00767100 0.07610353 0.04559575
v 0.00938975 0.07549805 0.04778325
v 0.00938975 0.07549805 0.04778325
v 0.01095225 0.07610353 0.04276372
v 0.00938975 0.07549805 0.04778325
v 0.01298350 0.07549805 0.04481450
v 0.01407725 0.07610353 0.03967778
v 0.01095225 0.07610353 0.04276372
v 0.01298350 0.07549805 0.04481450
v 0.01407725 0.07610353 0.03967778
v 0.01298350 0.07549805 0.04481450
v 0.01610850 0.07549805 0.04159184
v 0.01704600 0.07610353 0.03637700
v 0.01407725 0.07610353 0.03967778
v 0.01610850 0.07549805 0.04159184
v 0.01704600 0.07610353 0.03637700
v 0.01610850 0.07549805 0.04159184
v 0.01907725 0.07549805 0.03813481
v 0.01954600 0.07610353 0.03288090
v 0.01704600 0.07610353 0.03637700
v 0.01907725 0.07549805 0.03813481
v 0.01954600 0.07610353 0.03288090
v 0.01907725 0.07549805 0.03813481
v 0.02188975 0.07549805 0.03446294
v 0.01954600 0.07610353 0.03288090
v 0.02188975 0.07549805 0.03446294
v 0.02438975 0.07549805 0.03057622
v 0.02438975 0.07549805 0.03057622
v 0.02188975 0.07549805 0.03446294
v 0.02657725 0.07450196 0.03192388
v 0.02438975 0.07549805 0.03057622
v 0.02657725 0.07450196 0.03192388
v 0.02892100 0.07450196 0.02770513
v 0.02892100 0.07450196 0.02770513
v 0.02657725 0.07450196 0.03192388
v 0.03110850 0.07313478 0.02879888
v 0.02892100 0.07450196 0.02770513
v 0.03110850 0.07313478 0.02879888
v 0.03079600 0.07450196 0.02333013
v 0.03079600 0.07450196 0.02333013
v 0.03110850 0.07313478 0.02879888
v 0.03313975 0.07313478 0.02424810
v 0.03079600 0.07450196 0.02333013
v 0.03313975 0.07313478 0.02424810
v 0.03235850 0.07450196 0.01883794
v 0.03235850 0.07450196 0.01883794
v 0.03313975 0.07313478 0.02424810
v 0.03470225 0.07313478 0.01956060
v 0.03235850 0.07450196 0.01883794
v 0.03470225 0.07313478 0.01956060
v 0.03360850 0.07450196 0.01420903
v 0.03360850 0.07450196 0.01420903
v 0.03470225 0.07313478 0.01956060
v 0.03610850 0.07313478 0.01477544
v 0.03360850 0.07450196 0.01420903
v 0.03610850 0.07313478 0.01477544
v 0.03454600 0.07450196 0.00952153
v 0.03454600 0.07450196 0.00952153
v 0.03610850 0.07313478 0.01477544
v 0.03704600 0.07313478 0.00989263
v 0.03454600 0.07450196 0.00952153
v 0.03704600 0.07313478 0.00989263
v 0.03501475 0.07450196 0.00477544
v 0.03501475 0.07450196 0.00477544
v 0.03704600 0.07313478 0.00989263
v 0.03751475 0.07313478 0.00497075
v 0.03501475 0.07450196 0.00477544
v 0.03751475 0.07313478 0.00497075
v 0.03517100 0.07450196 -0.00000972
v 0.03767100 0.07313478 -0.00000972
v 0.03517100 0.07450196 -0.00000972
v 0.02642100 0.07549805 0.02655278
v 0.02188975 0.07610353 0.02916997
v 0.02438975 0.07549805 0.03057622
v 0.02438975 0.07549805 0.03057622
v 0.02188975 0.07610353 0.02916997
v 0.01954600 0.07610353 0.03288090
v 0.02642100 0.07549805 0.02655278
v 0.02438975 0.07549805 0.03057622
v 0.02892100 0.07450196 0.02770513
v 0.02829600 0.07549805 0.02235356
v 0.02642100 0.07549805 0.02655278
v 0.02892100 0.07450196 0.02770513
v 0.02829600 0.07549805 0.02235356
v 0.02892100 0.07450196 0.02770513
v 0.03079600 0.07450196 0.02333013
v 0.02985850 0.07549805 0.01803716
v 0.02829600 0.07549805 0.02235356
v 0.03079600 0.07450196 0.02333013
v 0.02985850 0.07549805 0.01803716
v 0.03079600 0.07450196 0.02333013
v 0.03235850 0.07450196 0.01883794
v 0.03095225 0.07549805 0.01362309
v 0.02985850 0.07549805 0.01803716
v 0.03235850 0.07450196 0.01883794
v 0.03095225 0.07549805 0.01362309
v 0.03235850 0.07450196 0.01883794
v 0.03360850 0.07450196 0.01420903
v 0.03188975 0.07549805 0.00911138
v 0.03095225 0.07549805 0.01362309
v 0.03360850 0.07450196 0.01420903
v 0.03454600 0.07450196 0.00952153
v 0.03235850 0.07549805 0.00458013
v 0.03188975 0.07549805 0.00911138
v 0.03454600 0.07450196 0.00952153
v 0.03235850 0.07549805 0.00458013
v 0.03454600 0.07450196 0.00952153
v 0.03501475 0.07450196 0.00477544
v 0.03251475 0.07549805 -0.00000972
v 0.03235850 0.07549805 0.00458013
v 0.03501475 0.07450196 0.00477544
v 0.03517100 0.07450196 -0.00000972
v 0.03235850 0.07549805 -0.00458003
v 0.03251475 0.07549805 -0.00000972
v 0.03517100 0.07450196 -0.00000972
v 0.03501475 0.07450196 -0.00477534
v 0.03188975 0.07549805 -0.00913081
v 0.03235850 0.07549805 -0.00458003
v 0.03501475 0.07450196 -0.00477534
v -0.00092275 -0.07630861 0.04799809
v 0.00313975 -0.07630861 0.04541997
v -0.00092275 -0.07630861 0.04807622
v -0.00092275 -0.07630861 0.04807622
v 0.00313975 -0.07630861 0.04541997
v 0.00423350 -0.07610353 0.04817387
v 0.00048350 -0.07610353 0.05047856
v 0.00048350 -0.07610353 0.05047856
v 0.00423350 -0.07610353 0.04817387
v 0.00579600 -0.07549805 0.05049809
v 0.00048350 -0.07610353 0.05047856
v 0.00579600 -0.07549805 0.05049809
v 0.00017100 -0.07591797 0.05190434
v 0.00017100 -0.07591797 0.05190434
v 0.00579600 -0.07549805 0.05049809
v 0.00188975 -0.07549805 0.05290044
v 0.00017100 -0.07591797 0.05190434
v 0.00188975 -0.07549805 0.05290044
v 0.00063975 -0.07544922 0.05377934
v 0.00063975 -0.07544922 0.05377934
v 0.00188975 -0.07549805 0.05290044
v 0.00095225 -0.07480469 0.05561528
v 0.00095225 -0.07480469 0.05561528
v 0.00188975 -0.07549805 0.05290044
v 0.00313975 -0.07450196 0.05522465
v 0.00095225 -0.07480469 0.05561528
v 0.00313975 -0.07450196 0.05522465
v 0.00142100 -0.07397461 0.05737309
v 0.00142100 -0.07397461 0.05737309
v 0.00313975 -0.07450196 0.05522465
v 0.00438975 -0.07313478 0.05739262
v 0.00142100 -0.07397461 0.05737309
v 0.00438975 -0.07313478 0.05739262
v 0.00188975 -0.07297853 0.05903325
v 0.00188975 -0.07297853 0.05903325
v 0.00438975 -0.07313478 0.05739262
v 0.00548350 -0.07141603 0.05938481
v 0.00188975 -0.07297853 0.05903325
v 0.00548350 -0.07141603 0.05938481
v 0.00220225 -0.07182618 0.06061528
v 0.00220225 -0.07182618 0.06061528
v 0.00548350 -0.07141603 0.05938481
v 0.00251475 -0.07051758 0.06206059
v 0.00251475 -0.07051758 0.06206059
v 0.00548350 -0.07141603 0.05938481
v 0.00657725 -0.06940430 0.06114262
v 0.00251475 -0.07051758 0.06206059
v 0.00657725 -0.06940430 0.06114262
v 0.00282725 -0.06907228 0.06338872
v 0.00282725 -0.06907228 0.06338872
v 0.00657725 -0.06940430 0.06114262
v 0.00735850 -0.06711914 0.06262700
v 0.00282725 -0.06907228 0.06338872
v 0.00735850 -0.06711914 0.06262700
v 0.00313975 -0.06750000 0.06458013
v 0.00313975 -0.06750000 0.06458013
v 0.00735850 -0.06711914 0.06262700
v 0.00345225 -0.06582032 0.06559575
v 0.00345225 -0.06582032 0.06559575
v 0.00735850 -0.06711914 0.06262700
v 0.00813975 -0.06460939 0.06381840
v 0.00345225 -0.06582032 0.06559575
v 0.00813975 -0.06460939 0.06381840
v 0.00360850 -0.06403321 0.06645513
v 0.00360850 -0.06403321 0.06645513
v 0.00813975 -0.06460939 0.06381840
v 0.00860850 -0.06194336 0.06467778
v 0.00360850 -0.06403321 0.06645513
v 0.00860850 -0.06194336 0.06467778
v 0.00376475 -0.06216797 0.06711919
v 0.00376475 -0.06216797 0.06711919
v 0.00860850 -0.06194336 0.06467778
v 0.00392100 -0.06025391 0.06760747
v 0.00392100 -0.06025391 0.06760747
v 0.00860850 -0.06194336 0.06467778
v 0.00892100 -0.05915039 0.06520513
v 0.00392100 -0.06025391 0.06760747
v 0.00892100 -0.05915039 0.06520513
v 0.00392100 -0.05829101 0.06790044
v 0.00392100 -0.05829101 0.06790044
v 0.00892100 -0.05915039 0.06520513
v 0.00892100 -0.05630859 0.06538092
v 0.00392100 -0.05829101 0.06790044
v 0.00892100 -0.05630859 0.06538092
v 0.00392100 -0.05630859 0.06799810
v 0.00767100 -0.07610353 0.04559575
v 0.00704600 -0.07630861 0.04247075
v 0.00767100 -0.07610353 0.04559575
v 0.00704600 -0.07630861 0.04247075
v 0.01095225 -0.07610353 0.04276372
v 0.01095225 -0.07610353 0.04276372
v 0.00704600 -0.07630861 0.04247075
v 0.01063975 -0.07630861 0.03922856
v 0.01407725 -0.07610353 0.03967778
v 0.01392100 -0.07630861 0.03565434
v 0.01704600 -0.07610353 0.03637700
v 0.01704600 -0.07610353 0.03637700
v 0.01392100 -0.07630861 0.03565434
v 0.01688975 -0.07630861 0.03182622
v 0.01954600 -0.07610353 0.03288090
v 0.01938975 -0.07630861 0.02774419
v 0.02188975 -0.07610353 0.02916997
v 0.02188975 -0.07610353 0.02916997
v 0.01938975 -0.07630861 0.02774419
v 0.02392100 -0.07610353 0.02532231
v 0.02188975 -0.07610353 0.02916997
v 0.02392100 -0.07610353 0.02532231
v 0.02642100 -0.07549805 0.02655278
v 0.02642100 -0.07549805 0.02655278
v 0.02392100 -0.07610353 0.02532231
v 0.02829600 -0.07549805 0.02235356
v 0.02642100 -0.07549805 0.02655278
v 0.02829600 -0.07549805 0.02235356
v 0.03079600 -0.07450196 0.02333013
v 0.03079600 -0.07450196 0.02333013
v 0.02829600 -0.07549805 0.02235356
v 0.03235850 -0.07450196 0.01883794
v 0.03079600 -0.07450196 0.02333013
v 0.03235850 -0.07450196 0.01883794
v 0.03470225 -0.07313478 0.01956060
v 0.03470225 -0.07313478 0.01956060
v 0.03235850 -0.07450196 0.01883794
v 0.03610850 -0.07313478 0.01477544
v 0.03470225 -0.07313478 0.01956060
v 0.03610850 -0.07313478 0.01477544
v 0.03829600 -0.07141603 0.01528325
v 0.03829600 -0.07141603 0.01528325
v 0.03610850 -0.07313478 0.01477544
v 0.03923350 -0.07141603 0.01024419
v 0.03829600 -0.07141603 0.01528325
v 0.03923350 -0.07141603 0.01024419
v 0.04126475 -0.06940430 0.01053716
v 0.04126475 -0.06940430 0.01053716
v 0.03923350 -0.07141603 0.01024419
v 0.04188975 -0.06940430 0.00528325
v 0.04126475 -0.06940430 0.01053716
v 0.04188975 -0.06940430 0.00528325
v 0.04360850 -0.06711914 0.00541997
v 0.04360850 -0.06711914 0.00541997
v 0.04188975 -0.06940430 0.00528325
v 0.04376475 -0.06711914 -0.00000972
v 0.04360850 -0.06711914 0.00541997
v 0.04376475 -0.06711914 -0.00000972
v 0.04517100 -0.06460939 -0.00000972
v 0.04517100 -0.06460939 -0.00000972
v 0.04376475 -0.06711914 -0.00000972
v 0.04485850 -0.06460939 -0.00551753
v 0.04517100 -0.06460939 -0.00000972
v 0.04485850 -0.06460939 -0.00551753
v 0.04595225 -0.06194336 -0.00559566
v 0.04595225 -0.06194336 -0.00559566
v 0.04485850 -0.06460939 -0.00551753
v 0.04532725 -0.06194336 -0.01114253
v 0.04595225 -0.06194336 -0.00559566
v 0.04532725 -0.06194336 -0.01114253
v 0.04595225 -0.05915039 -0.01124019
v 0.04595225 -0.05915039 -0.01124019
v 0.04532725 -0.06194336 -0.01114253
v 0.04485850 -0.05915039 -0.01678706
v 0.04595225 -0.05915039 -0.01124019
v 0.04485850 -0.05915039 -0.01678706
v 0.04501475 -0.05630859 -0.01682612
v 0.04501475 -0.05630859 -0.01682612
v 0.04485850 -0.05915039 -0.01678706
v 0.04360850 -0.05630859 -0.02229487
v 0.04360850 -0.05630859 -0.02229487
v 0.04485850 -0.05915039 -0.01678706
v 0.04329600 -0.05915039 -0.02223628
v 0.04360850 -0.05630859 -0.02229487
v 0.04329600 -0.05915039 -0.02223628
v 0.04173350 -0.05630859 -0.02762691
v 0.04142100 -0.05915039 -0.02754878
v 0.04173350 -0.05630859 -0.02762691
v 0.04142100 -0.05915039 -0.02754878
v 0.03938975 -0.05630859 -0.03280269
v 0.03938975 -0.05630859 -0.03280269
v 0.04142100 -0.05915039 -0.02754878
v 0.03923350 -0.05915039 -0.03272456
v 0.03938975 -0.05630859 -0.03280269
v 0.03923350 -0.05915039 -0.03272456
v 0.03657725 -0.05915039 -0.03770503
v 0.03657725 -0.05915039 -0.03770503
v 0.03923350 -0.05915039 -0.03272456
v 0.03610850 -0.06194336 -0.03739253
v 0.03657725 -0.05915039 -0.03770503
v 0.03610850 -0.06194336 -0.03739253
v 0.03298350 -0.06194336 -0.04211909
v 0.03298350 -0.06194336 -0.04211909
v 0.03610850 -0.06194336 -0.03739253
v 0.03220225 -0.06460939 -0.04155269
v 0.03298350 -0.06194336 -0.04211909
v 0.03220225 -0.06460939 -0.04155269
v 0.02970225 -0.06194336 -0.04661128
v 0.02970225 -0.06194336 -0.04661128
v 0.03220225 -0.06460939 -0.04155269
v 0.02892100 -0.06460939 -0.04598628
v 0.02970225 -0.06194336 -0.04661128
v 0.02892100 -0.06460939 -0.04598628
v 0.02610850 -0.06194336 -0.05084956
v 0.02610850 -0.06194336 -0.05084956
v 0.02892100 -0.06460939 -0.04598628
v 0.02532725 -0.06460939 -0.05016597
v 0.02610850 -0.06194336 -0.05084956
v 0.02532725 -0.06460939 -0.05016597
v 0.02204600 -0.06194336 -0.05479487
v 0.02204600 -0.06194336 -0.05479487
v 0.02532725 -0.06460939 -0.05016597
v 0.02142100 -0.06460939 -0.05405269
v 0.02204600 -0.06194336 -0.05479487
v 0.02142100 -0.06460939 -0.05405269
v 0.01782725 -0.06194336 -0.05842769
v 0.01782725 -0.06194336 -0.05842769
v 0.02142100 -0.06460939 -0.05405269
v 0.01720225 -0.06460939 -0.05764644
v 0.01782725 -0.06194336 -0.05842769
v 0.01720225 -0.06460939 -0.05764644
v 0.01329600 -0.06194336 -0.06172847
v 0.01329600 -0.06194336 -0.06172847
v 0.01720225 -0.06460939 -0.05764644
v 0.01282725 -0.06460939 -0.06088862
v 0.01329600 -0.06194336 -0.06172847
v 0.01282725 -0.06460939 -0.06088862
v 0.00813975 -0.06460939 -0.06381831
v 0.00813975 -0.06460939 -0.06381831
v 0.01282725 -0.06460939 -0.06088862
v 0.00735850 -0.06711914 -0.06262691
v 0.00813975 -0.06460939 -0.06381831
v 0.00735850 -0.06711914 -0.06262691
v 0.00345225 -0.06582032 -0.06559566
v 0.00345225 -0.06582032 -0.06559566
v 0.00735850 -0.06711914 -0.06262691
v 0.00313975 -0.06750000 -0.06458004
v 0.00313975 -0.06750000 -0.06458004
v 0.00735850 -0.06711914 -0.06262691
v 0.00282725 -0.06907228 -0.06338862
v 0.00282725 -0.06907228 -0.06338862
v 0.00735850 -0.06711914 -0.06262691
v 0.00657725 -0.06940430 -0.06114253
v 0.00282725 -0.06907228 -0.06338862
v 0.00657725 -0.06940430 -0.06114253
v 0.00251475 -0.07051758 -0.06206050
v 0.00251475 -0.07051758 -0.06206050
v 0.00657725 -0.06940430 -0.06114253
v 0.00548350 -0.07141603 -0.05938472
v 0.00251475 -0.07051758 -0.06206050
v 0.00548350 -0.07141603 -0.05938472
v 0.00220225 -0.07182618 -0.06061519
v 0.00220225 -0.07182618 -0.06061519
v 0.00548350 -0.07141603 -0.05938472
v 0.00188975 -0.07297853 -0.05903316
v 0.00188975 -0.07297853 -0.05903316
v 0.00548350 -0.07141603 -0.05938472
v 0.00438975 -0.07313478 -0.05739253
v 0.00188975 -0.07297853 -0.05903316
v 0.00438975 -0.07313478 -0.05739253
v 0.00142100 -0.07397461 -0.05737300
v 0.00142100 -0.07397461 -0.05737300
v 0.00438975 -0.07313478 -0.05739253
v 0.00313975 -0.07450196 -0.05522456
v 0.00142100 -0.07397461 -0.05737300
v 0.00313975 -0.07450196 -0.05522456
v 0.00095225 -0.07480469 -0.05561519
v 0.00095225 -0.07480469 -0.05561519
v 0.00313975 -0.07450196 -0.05522456
v 0.00188975 -0.07549805 -0.05290034
v 0.00095225 -0.07480469 -0.05561519
v 0.00188975 -0.07549805 -0.05290034
v 0.00063975 -0.07544922 -0.05377925
v 0.00063975 -0.07544922 -0.05377925
v 0.00188975 -0.07549805 -0.05290034
v 0.00017100 -0.07591797 -0.05190425
v 0.00017100 -0.07591797 -0.05190425
v 0.00188975 -0.07549805 -0.05290034
v 0.00579600 -0.07549805 -0.05049800
v 0.00017100 -0.07591797 -0.05190425
v 0.00579600 -0.07549805 -0.05049800
v 0.00048350 -0.07610353 -0.05047847
v 0.00048350 -0.07610353 -0.05047847
v 0.00579600 -0.07549805 -0.05049800
v 0.00423350 -0.07610353 -0.04817378
v 0.00048350 -0.07610353 -0.05047847
v 0.00423350 -0.07610353 -0.04817378
v -0.00092275 -0.07630861 -0.04799800
v 0.00313975 -0.07630861 -0.04541987
v 0.00767100 -0.07610353 -0.04559566
v 0.00704600 -0.07630861 -0.04249019
v 0.00704600 -0.07630861 -0.04249019
v 0.00767100 -0.07610353 -0.04559566
v 0.01095225 -0.07610353 -0.04276362
v 0.00704600 -0.07630861 -0.04249019
v 0.01095225 -0.07610353 -0.04276362
v 0.01063975 -0.07630861 -0.03922847
v 0.01407725 -0.07610353 -0.03969722
v 0.01392100 -0.07630861 -0.03565425
v 0.01704600 -0.07610353 -0.03639644
v 0.01392100 -0.07630861 -0.03565425
v 0.01704600 -0.07610353 -0.03639644
v 0.01688975 -0.07630861 -0.03182612
v 0.01954600 -0.07610353 -0.03288081
v 0.01938975 -0.07630861 -0.02774409
v 0.02188975 -0.07610353 -0.02916987
v 0.01938975 -0.07630861 -0.02774409
v 0.02188975 -0.07610353 -0.02916987
v 0.02392100 -0.07610353 -0.02534175
v 0.02392100 -0.07610353 -0.02534175
v 0.02188975 -0.07610353 -0.02916987
v 0.02642100 -0.07549805 -0.02655269
v 0.02392100 -0.07610353 -0.02534175
v 0.02642100 -0.07549805 -0.02655269
v 0.02579600 -0.07610353 -0.02133784
v 0.02579600 -0.07610353 -0.02133784
v 0.02642100 -0.07549805 -0.02655269
v 0.02829600 -0.07549805 -0.02235347
v 0.02579600 -0.07610353 -0.02133784
v 0.02829600 -0.07549805 -0.02235347
v 0.02720225 -0.07610353 -0.01721675
v 0.02720225 -0.07610353 -0.01721675
v 0.02829600 -0.07549805 -0.02235347
v 0.02985850 -0.07549805 -0.01803706
v 0.02720225 -0.07610353 -0.01721675
v 0.02985850 -0.07549805 -0.01803706
v 0.02829600 -0.07610353 -0.01299800
v 0.03095225 -0.07549805 -0.01362300
v 0.02829600 -0.07610353 -0.01299800
v 0.03095225 -0.07549805 -0.01362300
v 0.02907725 -0.07610353 -0.00870113
v 0.02907725 -0.07610353 -0.00870113
v 0.03095225 -0.07549805 -0.01362300
v 0.03188975 -0.07549805 -0.00913081
v 0.02907725 -0.07610353 -0.00870113
v 0.03188975 -0.07549805 -0.00913081
v 0.02954600 -0.07610353 -0.00436519
v 0.03235850 -0.07549805 -0.00458003
v 0.02954600 -0.07610353 -0.00436519
v 0.03235850 -0.07549805 -0.00458003
v 0.02970225 -0.07610353 -0.00000972
v 0.03251475 -0.07549805 -0.00000972
v 0.02970225 -0.07610353 -0.00000972
v 0.03251475 -0.07549805 -0.00000972
v 0.02954600 -0.07610353 0.00436528
v 0.03235850 -0.07549805 0.00458013
v 0.02954600 -0.07610353 0.00436528
v 0.03235850 -0.07549805 0.00458013
v 0.02907725 -0.07610353 0.00870122
v 0.03188975 -0.07549805 0.00911138
v 0.02907725 -0.07610353 0.00870122
v 0.03188975 -0.07549805 0.00911138
v 0.02829600 -0.07610353 0.01299809
v 0.03095225 -0.07549805 0.01362309
v 0.02829600 -0.07610353 0.01299809
v 0.03095225 -0.07549805 0.01362309
v 0.02720225 -0.07610353 0.01721685
v 0.02985850 -0.07549805 0.01803716
v 0.02720225 -0.07610353 0.01721685
v 0.02985850 -0.07549805 0.01803716
v 0.02579600 -0.07610353 0.02133794
v 0.02579600 -0.07610353 0.02133794
v 0.02985850 -0.07549805 0.01803716
v 0.02829600 -0.07549805 0.02235356
v 0.02579600 -0.07610353 0.02133794
v 0.02829600 -0.07549805 0.02235356
v 0.02392100 -0.07610353 0.02532231
v 0.02173350 -0.07630861 0.02344731
v 0.02392100 -0.07610353 0.02532231
v 0.02173350 -0.07630861 0.02344731
v 0.02579600 -0.07610353 0.02133794
v 0.02360850 -0.07630861 0.01897466
v 0.02579600 -0.07610353 0.02133794
v 0.02579600 -0.07610353 0.02133794
v 0.02360850 -0.07630861 0.01897466
v 0.02720225 -0.07610353 0.01721685
v 0.02501475 -0.07630861 0.01436528
v 0.02829600 -0.07610353 0.01299809
v 0.02610850 -0.07630861 0.00963872
v 0.02829600 -0.07610353 0.01299809
v 0.02610850 -0.07630861 0.00963872
v 0.02907725 -0.07610353 0.00870122
v 0.02673350 -0.07630861 0.00483403
v 0.02954600 -0.07610353 0.00436528
v 0.02673350 -0.07630861 0.00483403
v 0.02688975 -0.07630861 -0.00000972
v 0.02954600 -0.07610353 0.00436528
v 0.02970225 -0.07610353 -0.00000972
v 0.02954600 -0.07610353 -0.00436519
v 0.02673350 -0.07630861 -0.00483394
v 0.02954600 -0.07610353 -0.00436519
v 0.02673350 -0.07630861 -0.00483394
v 0.02907725 -0.07610353 -0.00870113
v 0.02610850 -0.07630861 -0.00963863
v 0.02829600 -0.07610353 -0.01299800
v 0.02829600 -0.07610353 -0.01299800
v 0.02610850 -0.07630861 -0.00963863
v 0.02501475 -0.07630861 -0.01436519
v 0.02720225 -0.07610353 -0.01721675
v 0.02360850 -0.07630861 -0.01899409
v 0.02579600 -0.07610353 -0.02133784
v 0.02579600 -0.07610353 -0.02133784
v 0.02360850 -0.07630861 -0.01899409
v 0.02173350 -0.07630861 -0.02346675
v 0.02579600 -0.07610353 -0.02133784
v 0.02173350 -0.07630861 -0.02346675
v 0.02392100 -0.07610353 -0.02534175
v -0.00092275 -0.07630861 -0.04799800
v -0.00092275 -0.07630861 -0.04807612
v 0.00048350 -0.07610353 -0.05047847
v 0.00048350 -0.07610353 -0.05047847
v -0.00092275 -0.07630861 -0.04807612
v -0.00045400 -0.07620118 -0.04999019
v 0.00048350 -0.07610353 -0.05047847
v -0.00045400 -0.07620118 -0.04999019
v 0.00017100 -0.07591797 -0.05190425
v 0.00345225 -0.06582032 -0.06559566
v 0.00360850 -0.06403321 -0.06645504
v 0.00813975 -0.06460939 -0.06381831
v 0.00813975 -0.06460939 -0.06381831
v 0.00360850 -0.06403321 -0.06645504
v 0.00860850 -0.06194336 -0.06467769
v 0.00813975 -0.06460939 -0.06381831
v 0.00860850 -0.06194336 -0.06467769
v 0.01329600 -0.06194336 -0.06172847
v 0.01329600 -0.06194336 -0.06172847
v 0.00860850 -0.06194336 -0.06467769
v 0.01360850 -0.05915039 -0.06223628
v 0.01329600 -0.06194336 -0.06172847
v 0.01360850 -0.05915039 -0.06223628
v 0.01782725 -0.06194336 -0.05842769
v 0.01782725 -0.06194336 -0.05842769
v 0.01360850 -0.05915039 -0.06223628
v 0.01813975 -0.05915039 -0.05889644
v 0.01782725 -0.06194336 -0.05842769
v 0.01813975 -0.05915039 -0.05889644
v 0.02204600 -0.06194336 -0.05479487
v 0.02204600 -0.06194336 -0.05479487
v 0.01813975 -0.05915039 -0.05889644
v 0.02251475 -0.05915039 -0.05524409
v 0.02204600 -0.06194336 -0.05479487
v 0.02251475 -0.05915039 -0.05524409
v 0.02610850 -0.06194336 -0.05084956
v 0.02610850 -0.06194336 -0.05084956
v 0.02251475 -0.05915039 -0.05524409
v 0.02657725 -0.05915039 -0.05125972
v 0.02610850 -0.06194336 -0.05084956
v 0.02657725 -0.05915039 -0.05125972
v 0.02970225 -0.06194336 -0.04661128
v 0.02970225 -0.06194336 -0.04661128
v 0.02657725 -0.05915039 -0.05125972
v 0.03017100 -0.05915039 -0.04700191
v 0.02970225 -0.06194336 -0.04661128
v 0.03017100 -0.05915039 -0.04700191
v 0.03298350 -0.06194336 -0.04211909
v 0.03298350 -0.06194336 -0.04211909
v 0.03017100 -0.05915039 -0.04700191
v 0.03360850 -0.05915039 -0.04247066
v 0.03298350 -0.06194336 -0.04211909
v 0.03360850 -0.05915039 -0.04247066
v 0.03657725 -0.05915039 -0.03770503
v 0.03657725 -0.05915039 -0.03770503
v 0.03360850 -0.05915039 -0.04247066
v 0.03673350 -0.05630859 -0.03780269
v 0.03673350 -0.05630859 -0.03780269
v 0.00360850 -0.06403321 -0.06645504
v 0.00376475 -0.06216797 -0.06711911
v 0.00860850 -0.06194336 -0.06467769
v 0.00860850 -0.06194336 -0.06467769
v 0.00376475 -0.06216797 -0.06711911
v 0.00392100 -0.06025391 -0.06760739
v 0.00860850 -0.06194336 -0.06467769
v 0.00392100 -0.06025391 -0.06760739
v 0.00892100 -0.05915039 -0.06520504
v 0.00892100 -0.05915039 -0.06520504
v 0.00392100 -0.06025391 -0.06760739
v 0.00392100 -0.05829101 -0.06790036
v 0.00892100 -0.05915039 -0.06520504
v 0.00392100 -0.05829101 -0.06790036
v 0.00892100 -0.05630859 -0.06538082
v 0.00892100 -0.05630859 -0.06538082
v 0.00392100 -0.05829101 -0.06790036
v 0.00392100 -0.05630859 -0.06799800
v 0.00892100 -0.05630859 -0.06538082
v 0.01376475 -0.05630859 -0.06239253
v 0.00892100 -0.05915039 -0.06520504
v 0.00892100 -0.05915039 -0.06520504
v 0.01376475 -0.05630859 -0.06239253
v 0.01360850 -0.05915039 -0.06223628
v 0.00892100 -0.05915039 -0.06520504
v 0.01360850 -0.05915039 -0.06223628
v 0.01376475 -0.05630859 -0.06239253
v 0.01813975 -0.05915039 -0.05889644
v 0.01829600 -0.05630859 -0.05905269
v 0.01813975 -0.05915039 -0.05889644
v 0.01829600 -0.05630859 -0.05905269
v 0.02251475 -0.05915039 -0.05524409
v 0.02251475 -0.05915039 -0.05524409
v 0.01829600 -0.05630859 -0.05905269
v 0.02267100 -0.05630859 -0.05538081
v 0.02251475 -0.05915039 -0.05524409
v 0.02267100 -0.05630859 -0.05538081
v 0.02657725 -0.05915039 -0.05125972
v 0.02657725 -0.05915039 -0.05125972
v 0.02267100 -0.05630859 -0.05538081
v 0.02657725 -0.05630859 -0.05139644
v 0.02657725 -0.05915039 -0.05125972
v 0.02657725 -0.05630859 -0.05139644
v 0.03017100 -0.05915039 -0.04700191
v 0.03017100 -0.05915039 -0.04700191
v 0.02657725 -0.05630859 -0.05139644
v 0.03032725 -0.05630859 -0.04711909
v 0.03017100 -0.05915039 -0.04700191
v 0.03032725 -0.05630859 -0.04711909
v 0.03360850 -0.05915039 -0.04247066
v 0.03376475 -0.05630859 -0.04258784
v 0.03360850 -0.05915039 -0.04247066
v 0.03376475 -0.05630859 -0.04258784
v 0.03673350 -0.05630859 -0.03780269
v 0.04610850 -0.05630859 -0.01127925
v 0.04595225 -0.05915039 -0.01124019
v 0.04610850 -0.05630859 -0.01127925
v 0.04657725 -0.05915039 -0.00563472
v 0.04657725 -0.05915039 -0.00563472
v 0.04595225 -0.06194336 -0.00559566
v 0.04657725 -0.05915039 -0.00563472
v 0.04610850 -0.06194336 -0.00000972
v 0.04595225 -0.06194336 -0.00559566
v 0.04610850 -0.06194336 -0.00000972
v 0.04517100 -0.06460939 -0.00000972
v 0.04517100 -0.06460939 -0.00000972
v 0.04610850 -0.06194336 -0.00000972
v 0.04485850 -0.06460939 0.00551763
v 0.04517100 -0.06460939 -0.00000972
v 0.04485850 -0.06460939 0.00551763
v 0.04360850 -0.06711914 0.00541997
v 0.04360850 -0.06711914 0.00541997
v 0.04485850 -0.06460939 0.00551763
v 0.04298350 -0.06711914 0.01079106
v 0.04360850 -0.06711914 0.00541997
v 0.04298350 -0.06711914 0.01079106
v 0.04126475 -0.06940430 0.01053716
v 0.04126475 -0.06940430 0.01053716
v 0.04298350 -0.06711914 0.01079106
v 0.04032725 -0.06940430 0.01573247
v 0.04126475 -0.06940430 0.01053716
v 0.04032725 -0.06940430 0.01573247
v 0.03829600 -0.07141603 0.01528325
v 0.03829600 -0.07141603 0.01528325
v 0.04032725 -0.06940430 0.01573247
v 0.03688975 -0.07141603 0.02024419
v 0.03829600 -0.07141603 0.01528325
v 0.03688975 -0.07141603 0.02024419
v 0.03470225 -0.07313478 0.01956060
v 0.03470225 -0.07313478 0.01956060
v 0.03688975 -0.07141603 0.02024419
v 0.03313975 -0.07313478 0.02424810
v 0.03470225 -0.07313478 0.01956060
v 0.03313975 -0.07313478 0.02424810
v 0.03079600 -0.07450196 0.02333013
v 0.03079600 -0.07450196 0.02333013
v 0.03313975 -0.07313478 0.02424810
v 0.02892100 -0.07450196 0.02770513
v 0.03079600 -0.07450196 0.02333013
v 0.02892100 -0.07450196 0.02770513
v 0.02642100 -0.07549805 0.02655278
v 0.02642100 -0.07549805 0.02655278
v 0.02892100 -0.07450196 0.02770513
v 0.02438975 -0.07549805 0.03057622
v 0.02642100 -0.07549805 0.02655278
v 0.02438975 -0.07549805 0.03057622
v 0.02188975 -0.07610353 0.02916997
v 0.02188975 -0.07610353 0.02916997
v 0.02438975 -0.07549805 0.03057622
v 0.01954600 -0.07610353 0.03288090
v 0.04673350 -0.05630859 -0.00565425
v 0.04657725 -0.05915039 -0.00563472
v 0.04673350 -0.05630859 -0.00565425
v 0.04673350 -0.05915039 -0.00000972
v 0.04673350 -0.05915039 -0.00000972
v 0.04610850 -0.06194336 -0.00000972
v 0.04673350 -0.05915039 -0.00000972
v 0.04595225 -0.06194336 0.00559575
v 0.04610850 -0.06194336 -0.00000972
v 0.04595225 -0.06194336 0.00559575
v 0.04485850 -0.06460939 0.00551763
v 0.04485850 -0.06460939 0.00551763
v 0.04595225 -0.06194336 0.00559575
v 0.04423350 -0.06460939 0.01100591
v 0.04423350 -0.06460939 0.01100591
v 0.04298350 -0.06711914 0.01079106
v 0.04423350 -0.06460939 0.01100591
v 0.04188975 -0.06711914 0.01612310
v 0.04298350 -0.06711914 0.01079106
v 0.04188975 -0.06711914 0.01612310
v 0.04032725 -0.06940430 0.01573247
v 0.04032725 -0.06940430 0.01573247
v 0.04188975 -0.06711914 0.01612310
v 0.03892100 -0.06940430 0.02084966
v 0.04032725 -0.06940430 0.01573247
v 0.03892100 -0.06940430 0.02084966
v 0.03688975 -0.07141603 0.02024419
v 0.03688975 -0.07141603 0.02024419
v 0.03892100 -0.06940430 0.02084966
v 0.03532725 -0.07141603 0.02508794
v 0.03688975 -0.07141603 0.02024419
v 0.03532725 -0.07141603 0.02508794
v 0.03313975 -0.07313478 0.02424810
v 0.03313975 -0.07313478 0.02424810
v 0.03532725 -0.07141603 0.02508794
v 0.03110850 -0.07313478 0.02879888
v 0.03313975 -0.07313478 0.02424810
v 0.03110850 -0.07313478 0.02879888
v 0.02892100 -0.07450196 0.02770513
v 0.02892100 -0.07450196 0.02770513
v 0.03110850 -0.07313478 0.02879888
v 0.02657725 -0.07450196 0.03192388
v 0.02892100 -0.07450196 0.02770513
v 0.02657725 -0.07450196 0.03192388
v 0.02438975 -0.07549805 0.03057622
v 0.02438975 -0.07549805 0.03057622
v 0.02657725 -0.07450196 0.03192388
v 0.02188975 -0.07549805 0.03446294
v 0.02438975 -0.07549805 0.03057622
v 0.02188975 -0.07549805 0.03446294
v 0.01954600 -0.07610353 0.03288090
v 0.01954600 -0.07610353 0.03288090
v 0.02188975 -0.07549805 0.03446294
v 0.01704600 -0.07610353 0.03637700
v 0.04673350 -0.05630859 -0.00565425
v 0.04688975 -0.05630859 -0.00000972
v 0.04673350 -0.05915039 -0.00000972
v 0.04673350 -0.05915039 -0.00000972
v 0.04688975 -0.05630859 -0.00000972
v 0.04657725 -0.05915039 0.00563481
v 0.04657725 -0.05915039 0.00563481
v 0.04595225 -0.06194336 0.00559575
v 0.04657725 -0.05915039 0.00563481
v 0.04532725 -0.06194336 0.01114262
v 0.04532725 -0.06194336 0.01114262
v 0.04423350 -0.06460939 0.01100591
v 0.04532725 -0.06194336 0.01114262
v 0.04329600 -0.06460939 0.01641606
v 0.04423350 -0.06460939 0.01100591
v 0.04329600 -0.06460939 0.01641606
v 0.04188975 -0.06711914 0.01612310
v 0.04188975 -0.06711914 0.01612310
v 0.04329600 -0.06460939 0.01641606
v 0.04048350 -0.06711914 0.02135747
v 0.04188975 -0.06711914 0.01612310
v 0.04048350 -0.06711914 0.02135747
v 0.03892100 -0.06940430 0.02084966
v 0.03892100 -0.06940430 0.02084966
v 0.04048350 -0.06711914 0.02135747
v 0.03720225 -0.06940430 0.02583013
v 0.03892100 -0.06940430 0.02084966
v 0.03720225 -0.06940430 0.02583013
v 0.03532725 -0.07141603 0.02508794
v 0.03532725 -0.07141603 0.02508794
v 0.03720225 -0.06940430 0.02583013
v 0.03313975 -0.07141603 0.02979497
v 0.03532725 -0.07141603 0.02508794
v 0.03313975 -0.07141603 0.02979497
v 0.03110850 -0.07313478 0.02879888
v 0.03110850 -0.07313478 0.02879888
v 0.03313975 -0.07141603 0.02979497
v 0.02876475 -0.07313478 0.03317387
v 0.03110850 -0.07313478 0.02879888
v 0.02876475 -0.07313478 0.03317387
v 0.02657725 -0.07450196 0.03192388
v 0.02657725 -0.07450196 0.03192388
v 0.02876475 -0.07313478 0.03317387
v 0.02407725 -0.07450196 0.03596684
v 0.02657725 -0.07450196 0.03192388
v 0.02407725 -0.07450196 0.03596684
v 0.02188975 -0.07549805 0.03446294
v 0.02188975 -0.07549805 0.03446294
v 0.02407725 -0.07450196 0.03596684
v 0.01907725 -0.07549805 0.03813481
v 0.02188975 -0.07549805 0.03446294
v 0.01907725 -0.07549805 0.03813481
v 0.01704600 -0.07610353 0.03637700
v 0.01704600 -0.07610353 0.03637700
v 0.01907725 -0.07549805 0.03813481
v 0.01407725 -0.07610353 0.03967778
v 0.04688975 -0.05630859 -0.00000972
v 0.04673350 -0.05630859 0.00565434
v 0.04657725 -0.05915039 0.00563481
v 0.04657725 -0.05915039 0.00563481
v 0.04673350 -0.05630859 0.00565434
v 0.04595225 -0.05915039 0.01124028
v 0.04595225 -0.05915039 0.01124028
v 0.04532725 -0.06194336 0.01114262
v 0.04595225 -0.05915039 0.01124028
v 0.04423350 -0.06194336 0.01665044
v 0.04532725 -0.06194336 0.01114262
v 0.04423350 -0.06194336 0.01665044
v 0.04329600 -0.06460939 0.01641606
v 0.04329600 -0.06460939 0.01641606
v 0.04423350 -0.06194336 0.01665044
v 0.04188975 -0.06460939 0.02174810
v 0.04329600 -0.06460939 0.01641606
v 0.04188975 -0.06460939 0.02174810
v 0.04048350 -0.06711914 0.02135747
v 0.04048350 -0.06711914 0.02135747
v 0.04188975 -0.06460939 0.02174810
v 0.03876475 -0.06711914 0.02645513
v 0.04048350 -0.06711914 0.02135747
v 0.03876475 -0.06711914 0.02645513
v 0.03720225 -0.06940430 0.02583013
v 0.03720225 -0.06940430 0.02583013
v 0.03876475 -0.06711914 0.02645513
v 0.03501475 -0.06940430 0.03067388
v 0.03720225 -0.06940430 0.02583013
v 0.03501475 -0.06940430 0.03067388
v 0.03313975 -0.07141603 0.02979497
v 0.03313975 -0.07141603 0.02979497
v 0.03501475 -0.06940430 0.03067388
v 0.03079600 -0.07141603 0.03432622
v 0.03313975 -0.07141603 0.02979497
v 0.03079600 -0.07141603 0.03432622
v 0.02876475 -0.07313478 0.03317387
v 0.02876475 -0.07313478 0.03317387
v 0.03079600 -0.07141603 0.03432622
v 0.02610850 -0.07313478 0.03739262
v 0.02876475 -0.07313478 0.03317387
v 0.02610850 -0.07313478 0.03739262
v 0.02407725 -0.07450196 0.03596684
v 0.02407725 -0.07450196 0.03596684
v 0.02610850 -0.07313478 0.03739262
v 0.02126475 -0.07450196 0.03981450
v 0.02407725 -0.07450196 0.03596684
v 0.02126475 -0.07450196 0.03981450
v 0.01907725 -0.07549805 0.03813481
v 0.01907725 -0.07549805 0.03813481
v 0.02126475 -0.07450196 0.03981450
v 0.01610850 -0.07549805 0.04159184
v 0.01907725 -0.07549805 0.03813481
v 0.01610850 -0.07549805 0.04159184
v 0.01407725 -0.07610353 0.03967778
v 0.01407725 -0.07610353 0.03967778
v 0.01610850 -0.07549805 0.04159184
v 0.01095225 -0.07610353 0.04276372
v 0.04610850 -0.05630859 0.01127934
v 0.04595225 -0.05915039 0.01124028
v 0.04610850 -0.05630859 0.01127934
v 0.04485850 -0.05915039 0.01678716
v 0.04485850 -0.05915039 0.01678716
v 0.04423350 -0.06194336 0.01665044
v 0.04485850 -0.05915039 0.01678716
v 0.04282725 -0.06194336 0.02204106
v 0.04423350 -0.06194336 0.01665044
v 0.04282725 -0.06194336 0.02204106
v 0.04188975 -0.06460939 0.02174810
v 0.04188975 -0.06460939 0.02174810
v 0.04282725 -0.06194336 0.02204106
v 0.04001475 -0.06460939 0.02696294
v 0.04188975 -0.06460939 0.02174810
v 0.04001475 -0.06460939 0.02696294
v 0.03876475 -0.06711914 0.02645513
v 0.03876475 -0.06711914 0.02645513
v 0.04001475 -0.06460939 0.02696294
v 0.03657725 -0.06711914 0.03141606
v 0.03876475 -0.06711914 0.02645513
v 0.03657725 -0.06711914 0.03141606
v 0.03501475 -0.06940430 0.03067388
v 0.03501475 -0.06940430 0.03067388
v 0.03657725 -0.06711914 0.03141606
v 0.03251475 -0.06940430 0.03534184
v 0.03501475 -0.06940430 0.03067388
v 0.03251475 -0.06940430 0.03534184
v 0.03079600 -0.07141603 0.03432622
v 0.03079600 -0.07141603 0.03432622
v 0.03251475 -0.06940430 0.03534184
v 0.02798350 -0.07141603 0.03868169
v 0.03079600 -0.07141603 0.03432622
v 0.02798350 -0.07141603 0.03868169
v 0.02610850 -0.07313478 0.03739262
v 0.02610850 -0.07313478 0.03739262
v 0.02798350 -0.07141603 0.03868169
v 0.02313975 -0.07313478 0.04137700
v 0.02610850 -0.07313478 0.03739262
v 0.02313975 -0.07313478 0.04137700
v 0.02126475 -0.07450196 0.03981450
v 0.02126475 -0.07450196 0.03981450
v 0.02313975 -0.07313478 0.04137700
v 0.01813975 -0.07450196 0.04340825
v 0.02126475 -0.07450196 0.03981450
v 0.01813975 -0.07450196 0.04340825
v 0.01610850 -0.07549805 0.04159184
v 0.01610850 -0.07549805 0.04159184
v 0.01813975 -0.07450196 0.04340825
v 0.01298350 -0.07549805 0.04481450
v 0.01610850 -0.07549805 0.04159184
v 0.01298350 -0.07549805 0.04481450
v 0.01095225 -0.07610353 0.04276372
v 0.01095225 -0.07610353 0.04276372
v 0.01298350 -0.07549805 0.04481450
v 0.00767100 -0.07610353 0.04559575
v 0.04501475 -0.05630859 0.01682622
v 0.04485850 -0.05915039 0.01678716
v 0.04501475 -0.05630859 0.01682622
v 0.04329600 -0.05915039 0.02223638
v 0.04485850 -0.05915039 0.01678716
v 0.04329600 -0.05915039 0.02223638
v 0.04282725 -0.06194336 0.02204106
v 0.04282725 -0.06194336 0.02204106
v 0.04329600 -0.05915039 0.02223638
v 0.04095225 -0.06194336 0.02733403
v 0.04282725 -0.06194336 0.02204106
v 0.04095225 -0.06194336 0.02733403
v 0.04001475 -0.06460939 0.02696294
v 0.04001475 -0.06460939 0.02696294
v 0.04095225 -0.06194336 0.02733403
v 0.03782725 -0.06460939 0.03202153
v 0.04001475 -0.06460939 0.02696294
v 0.03782725 -0.06460939 0.03202153
v 0.03657725 -0.06711914 0.03141606
v 0.03657725 -0.06711914 0.03141606
v 0.03782725 -0.06460939 0.03202153
v 0.03407725 -0.06711914 0.03620122
v 0.03657725 -0.06711914 0.03141606
v 0.03407725 -0.06711914 0.03620122
v 0.03251475 -0.06940430 0.03534184
v 0.03251475 -0.06940430 0.03534184
v 0.03407725 -0.06711914 0.03620122
v 0.02970225 -0.06940430 0.03981450
v 0.03251475 -0.06940430 0.03534184
v 0.02970225 -0.06940430 0.03981450
v 0.02798350 -0.07141603 0.03868169
v 0.02798350 -0.07141603 0.03868169
v 0.02970225 -0.06940430 0.03981450
v 0.02501475 -0.07141603 0.04280278
v 0.02798350 -0.07141603 0.03868169
v 0.02501475 -0.07141603 0.04280278
v 0.02313975 -0.07313478 0.04137700
v 0.02313975 -0.07313478 0.04137700
v 0.02501475 -0.07141603 0.04280278
v 0.02001475 -0.07313478 0.04512700
v 0.02313975 -0.07313478 0.04137700
v 0.02001475 -0.07313478 0.04512700
v 0.01813975 -0.07450196 0.04340825
v 0.01813975 -0.07450196 0.04340825
v 0.02001475 -0.07313478 0.04512700
v 0.01470225 -0.07450196 0.04678715
v 0.01813975 -0.07450196 0.04340825
v 0.01470225 -0.07450196 0.04678715
v 0.01298350 -0.07549805 0.04481450
v 0.01298350 -0.07549805 0.04481450
v 0.01470225 -0.07450196 0.04678715
v 0.00938975 -0.07549805 0.04778325
v 0.01298350 -0.07549805 0.04481450
v 0.00938975 -0.07549805 0.04778325
v 0.00767100 -0.07610353 0.04559575
v 0.00767100 -0.07610353 0.04559575
v 0.00938975 -0.07549805 0.04778325
v 0.00423350 -0.07610353 0.04817387
v 0.04501475 -0.05630859 0.01682622
v 0.04360850 -0.05630859 0.02229497
v 0.04329600 -0.05915039 0.02223638
v 0.04329600 -0.05915039 0.02223638
v 0.04360850 -0.05630859 0.02229497
v 0.04142100 -0.05915039 0.02754888
v 0.04142100 -0.05915039 0.02754888
v 0.04095225 -0.06194336 0.02733403
v 0.04142100 -0.05915039 0.02754888
v 0.03860850 -0.06194336 0.03245122
v 0.04095225 -0.06194336 0.02733403
v 0.03860850 -0.06194336 0.03245122
v 0.03782725 -0.06460939 0.03202153
v 0.03782725 -0.06460939 0.03202153
v 0.03860850 -0.06194336 0.03245122
v 0.03517100 -0.06460939 0.03688481
v 0.03782725 -0.06460939 0.03202153
v 0.03517100 -0.06460939 0.03688481
v 0.03407725 -0.06711914 0.03620122
v 0.03407725 -0.06711914 0.03620122
v 0.03517100 -0.06460939 0.03688481
v 0.03110850 -0.06711914 0.04079106
v 0.03407725 -0.06711914 0.03620122
v 0.03110850 -0.06711914 0.04079106
v 0.02970225 -0.06940430 0.03981450
v 0.02970225 -0.06940430 0.03981450
v 0.03110850 -0.06711914 0.04079106
v 0.02657725 -0.06940430 0.04407231
v 0.02970225 -0.06940430 0.03981450
v 0.02657725 -0.06940430 0.04407231
v 0.02501475 -0.07141603 0.04280278
v 0.02501475 -0.07141603 0.04280278
v 0.02657725 -0.06940430 0.04407231
v 0.02157725 -0.07141603 0.04668950
v 0.02501475 -0.07141603 0.04280278
v 0.02157725 -0.07141603 0.04668950
v 0.02001475 -0.07313478 0.04512700
v 0.02001475 -0.07313478 0.04512700
v 0.02157725 -0.07141603 0.04668950
v 0.01642100 -0.07313478 0.04862309
v 0.01642100 -0.07313478 0.04862309
v 0.01470225 -0.07450196 0.04678715
v 0.01642100 -0.07313478 0.04862309
v 0.01110850 -0.07450196 0.04989262
v 0.01470225 -0.07450196 0.04678715
v 0.01110850 -0.07450196 0.04989262
v 0.00938975 -0.07549805 0.04778325
v 0.00938975 -0.07549805 0.04778325
v 0.01110850 -0.07450196 0.04989262
v 0.00579600 -0.07549805 0.05049809
v 0.00579600 -0.07549805 0.05049809
v 0.04173350 -0.05630859 0.02762700
v 0.04142100 -0.05915039 0.02754888
v 0.04173350 -0.05630859 0.02762700
v 0.03923350 -0.05915039 0.03272465
v 0.04142100 -0.05915039 0.02754888
v 0.03923350 -0.05915039 0.03272465
v 0.03860850 -0.06194336 0.03245122
v 0.03860850 -0.06194336 0.03245122
v 0.03923350 -0.05915039 0.03272465
v 0.03610850 -0.06194336 0.03739262
v 0.03860850 -0.06194336 0.03245122
v 0.03610850 -0.06194336 0.03739262
v 0.03517100 -0.06460939 0.03688481
v 0.03517100 -0.06460939 0.03688481
v 0.03610850 -0.06194336 0.03739262
v 0.03220225 -0.06460939 0.04155278
v 0.03517100 -0.06460939 0.03688481
v 0.03220225 -0.06460939 0.04155278
v 0.03110850 -0.06711914 0.04079106
v 0.03110850 -0.06711914 0.04079106
v 0.03220225 -0.06460939 0.04155278
v 0.02782725 -0.06711914 0.04512700
v 0.03110850 -0.06711914 0.04079106
v 0.02782725 -0.06711914 0.04512700
v 0.02657725 -0.06940430 0.04407231
v 0.02657725 -0.06940430 0.04407231
v 0.02782725 -0.06711914 0.04512700
v 0.02313975 -0.06940430 0.04805669
v 0.02657725 -0.06940430 0.04407231
v 0.02313975 -0.06940430 0.04805669
v 0.02157725 -0.07141603 0.04668950
v 0.02157725 -0.07141603 0.04668950
v 0.02313975 -0.06940430 0.04805669
v 0.01798350 -0.07141603 0.05030278
v 0.02157725 -0.07141603 0.04668950
v 0.01798350 -0.07141603 0.05030278
v 0.01642100 -0.07313478 0.04862309
v 0.01642100 -0.07313478 0.04862309
v 0.01798350 -0.07141603 0.05030278
v 0.01267100 -0.07313478 0.05184575
v 0.01267100 -0.07313478 0.05184575
v 0.01110850 -0.07450196 0.04989262
v 0.01267100 -0.07313478 0.05184575
v 0.00720225 -0.07450196 0.05270512
v 0.01110850 -0.07450196 0.04989262
v 0.00720225 -0.07450196 0.05270512
v 0.00579600 -0.07549805 0.05049809
v 0.00579600 -0.07549805 0.05049809
v 0.00720225 -0.07450196 0.05270512
v 0.00188975 -0.07549805 0.05290044
v 0.04173350 -0.05630859 0.02762700
v 0.03938975 -0.05630859 0.03280278
v 0.03923350 -0.05915039 0.03272465
v 0.03923350 -0.05915039 0.03272465
v 0.03938975 -0.05630859 0.03280278
v 0.03657725 -0.05915039 0.03770512
v 0.03923350 -0.05915039 0.03272465
v 0.03657725 -0.05915039 0.03770512
v 0.03610850 -0.06194336 0.03739262
v 0.03610850 -0.06194336 0.03739262
v 0.03657725 -0.05915039 0.03770512
v 0.03298350 -0.06194336 0.04211919
v 0.03610850 -0.06194336 0.03739262
v 0.03298350 -0.06194336 0.04211919
v 0.03220225 -0.06460939 0.04155278
v 0.03220225 -0.06460939 0.04155278
v 0.03298350 -0.06194336 0.04211919
v 0.02892100 -0.06460939 0.04598637
v 0.03220225 -0.06460939 0.04155278
v 0.02892100 -0.06460939 0.04598637
v 0.02782725 -0.06711914 0.04512700
v 0.02782725 -0.06711914 0.04512700
v 0.02892100 -0.06460939 0.04598637
v 0.02438975 -0.06711914 0.04922856
v 0.02782725 -0.06711914 0.04512700
v 0.02438975 -0.06711914 0.04922856
v 0.02313975 -0.06940430 0.04805669
v 0.02313975 -0.06940430 0.04805669
v 0.02438975 -0.06711914 0.04922856
v 0.01938975 -0.06940430 0.05178715
v 0.02313975 -0.06940430 0.04805669
v 0.01938975 -0.06940430 0.05178715
v 0.01798350 -0.07141603 0.05030278
v 0.01798350 -0.07141603 0.05030278
v 0.01938975 -0.06940430 0.05178715
v 0.01407725 -0.07141603 0.05364262
v 0.01798350 -0.07141603 0.05030278
v 0.01407725 -0.07141603 0.05364262
v 0.01267100 -0.07313478 0.05184575
v 0.01267100 -0.07313478 0.05184575
v 0.01407725 -0.07141603 0.05364262
v 0.00860850 -0.07313478 0.05477544
v 0.00860850 -0.07313478 0.05477544
v 0.00720225 -0.07450196 0.05270512
v 0.00860850 -0.07313478 0.05477544
v 0.00720225 -0.07450196 0.05270512
v 0.00313975 -0.07450196 0.05522465
v 0.00188975 -0.07549805 0.05290044
v 0.03673350 -0.05630859 0.03780278
v 0.03657725 -0.05915039 0.03770512
v 0.03673350 -0.05630859 0.03780278
v 0.03360850 -0.05915039 0.04247075
v 0.03657725 -0.05915039 0.03770512
v 0.03360850 -0.05915039 0.04247075
v 0.03298350 -0.06194336 0.04211919
v 0.03298350 -0.06194336 0.04211919
v 0.03360850 -0.05915039 0.04247075
v 0.02970225 -0.06194336 0.04661137
v 0.03298350 -0.06194336 0.04211919
v 0.02970225 -0.06194336 0.04661137
v 0.02892100 -0.06460939 0.04598637
v 0.02892100 -0.06460939 0.04598637
v 0.02970225 -0.06194336 0.04661137
v 0.02532725 -0.06460939 0.05016606
v 0.02892100 -0.06460939 0.04598637
v 0.02532725 -0.06460939 0.05016606
v 0.02438975 -0.06711914 0.04922856
v 0.02438975 -0.06711914 0.04922856
v 0.02532725 -0.06460939 0.05016606
v 0.02048350 -0.06711914 0.05305669
v 0.02438975 -0.06711914 0.04922856
v 0.02048350 -0.06711914 0.05305669
v 0.01938975 -0.06940430 0.05178715
v 0.01938975 -0.06940430 0.05178715
v 0.02048350 -0.06711914 0.05305669
v 0.01532725 -0.06940430 0.05522465
v 0.01938975 -0.06940430 0.05178715
v 0.01532725 -0.06940430 0.05522465
v 0.01407725 -0.07141603 0.05364262
v 0.01407725 -0.07141603 0.05364262
v 0.01532725 -0.06940430 0.05522465
v 0.00985850 -0.07141603 0.05666997
v 0.00985850 -0.07141603 0.05666997
v 0.00860850 -0.07313478 0.05477544
v 0.00985850 -0.07141603 0.05666997
v 0.00438975 -0.07313478 0.05739262
v 0.03673350 -0.05630859 0.03780278
v 0.03376475 -0.05630859 0.04258794
v 0.03360850 -0.05915039 0.04247075
v 0.03360850 -0.05915039 0.04247075
v 0.03376475 -0.05630859 0.04258794
v 0.03017100 -0.05915039 0.04700200
v 0.03360850 -0.05915039 0.04247075
v 0.03017100 -0.05915039 0.04700200
v 0.02970225 -0.06194336 0.04661137
v 0.02970225 -0.06194336 0.04661137
v 0.03017100 -0.05915039 0.04700200
v 0.02610850 -0.06194336 0.05084965
v 0.02970225 -0.06194336 0.04661137
v 0.02610850 -0.06194336 0.05084965
v 0.02532725 -0.06460939 0.05016606
v 0.02532725 -0.06460939 0.05016606
v 0.02610850 -0.06194336 0.05084965
v 0.02142100 -0.06460939 0.05405278
v 0.02532725 -0.06460939 0.05016606
v 0.02142100 -0.06460939 0.05405278
v 0.02048350 -0.06711914 0.05305669
v 0.02048350 -0.06711914 0.05305669
v 0.02142100 -0.06460939 0.05405278
v 0.01642100 -0.06711914 0.05657231
v 0.02048350 -0.06711914 0.05305669
v 0.01642100 -0.06711914 0.05657231
v 0.01532725 -0.06940430 0.05522465
v 0.01532725 -0.06940430 0.05522465
v 0.01642100 -0.06711914 0.05657231
v 0.01110850 -0.06940430 0.05834965
v 0.01532725 -0.06940430 0.05522465
v 0.01110850 -0.06940430 0.05834965
v 0.00985850 -0.07141603 0.05666997
v 0.00985850 -0.07141603 0.05666997
v 0.01110850 -0.06940430 0.05834965
v 0.00548350 -0.07141603 0.05938481
v 0.00548350 -0.07141603 0.05938481
v 0.03032725 -0.05630859 0.04711919
v 0.03017100 -0.05915039 0.04700200
v 0.03032725 -0.05630859 0.04711919
v 0.02657725 -0.05915039 0.05125981
v 0.03017100 -0.05915039 0.04700200
v 0.02657725 -0.05915039 0.05125981
v 0.02610850 -0.06194336 0.05084965
v 0.02610850 -0.06194336 0.05084965
v 0.02657725 -0.05915039 0.05125981
v 0.02204600 -0.06194336 0.05479497
v 0.02610850 -0.06194336 0.05084965
v 0.02204600 -0.06194336 0.05479497
v 0.02142100 -0.06460939 0.05405278
v 0.02142100 -0.06460939 0.05405278
v 0.02204600 -0.06194336 0.05479497
v 0.01720225 -0.06460939 0.05764653
v 0.02142100 -0.06460939 0.05405278
v 0.01720225 -0.06460939 0.05764653
v 0.01642100 -0.06711914 0.05657231
v 0.01642100 -0.06711914 0.05657231
v 0.01720225 -0.06460939 0.05764653
v 0.01204600 -0.06711914 0.05975590
v 0.01642100 -0.06711914 0.05657231
v 0.01204600 -0.06711914 0.05975590
v 0.01110850 -0.06940430 0.05834965
v 0.01110850 -0.06940430 0.05834965
v 0.01204600 -0.06711914 0.05975590
v 0.00657725 -0.06940430 0.06114262
v 0.00657725 -0.06940430 0.06114262
v 0.03032725 -0.05630859 0.04711919
v 0.02657725 -0.05630859 0.05139653
v 0.02657725 -0.05915039 0.05125981
v 0.02657725 -0.05915039 0.05125981
v 0.02657725 -0.05630859 0.05139653
v 0.02251475 -0.05915039 0.05522465
v 0.02251475 -0.05915039 0.05522465
v 0.02204600 -0.06194336 0.05479497
v 0.02251475 -0.05915039 0.05522465
v 0.01782725 -0.06194336 0.05842778
v 0.02204600 -0.06194336 0.05479497
v 0.01782725 -0.06194336 0.05842778
v 0.01720225 -0.06460939 0.05764653
v 0.01720225 -0.06460939 0.05764653
v 0.01782725 -0.06194336 0.05842778
v 0.01282725 -0.06460939 0.06088872
v 0.01720225 -0.06460939 0.05764653
v 0.01282725 -0.06460939 0.06088872
v 0.01204600 -0.06711914 0.05975590
v 0.01204600 -0.06711914 0.05975590
v 0.01282725 -0.06460939 0.06088872
v 0.00735850 -0.06711914 0.06262700
v 0.01204600 -0.06711914 0.05975590
v 0.00735850 -0.06711914 0.06262700
v 0.00657725 -0.06940430 0.06114262
v 0.02657725 -0.05630859 0.05139653
v 0.02267100 -0.05630859 0.05538090
v 0.02251475 -0.05915039 0.05522465
v 0.02251475 -0.05915039 0.05522465
v 0.02267100 -0.05630859 0.05538090
v 0.01813975 -0.05915039 0.05889653
v 0.02251475 -0.05915039 0.05522465
v 0.01813975 -0.05915039 0.05889653
v 0.01782725 -0.06194336 0.05842778
v 0.01782725 -0.06194336 0.05842778
v 0.01813975 -0.05915039 0.05889653
v 0.01329600 -0.06194336 0.06172856
v 0.01782725 -0.06194336 0.05842778
v 0.01329600 -0.06194336 0.06172856
v 0.01282725 -0.06460939 0.06088872
v 0.01282725 -0.06460939 0.06088872
v 0.01329600 -0.06194336 0.06172856
v 0.00813975 -0.06460939 0.06381840
v 0.01282725 -0.06460939 0.06088872
v 0.00813975 -0.06460939 0.06381840
v 0.00735850 -0.06711914 0.06262700
v 0.01829600 -0.05630859 0.05905278
v 0.01813975 -0.05915039 0.05889653
v 0.01829600 -0.05630859 0.05905278
v 0.01360850 -0.05915039 0.06221684
v 0.01360850 -0.05915039 0.06221684
v 0.01329600 -0.06194336 0.06172856
v 0.01360850 -0.05915039 0.06221684
v 0.00860850 -0.06194336 0.06467778
v 0.01329600 -0.06194336 0.06172856
v 0.00860850 -0.06194336 0.06467778
v 0.00813975 -0.06460939 0.06381840
v 0.01376475 -0.05630859 0.06239262
v 0.01360850 -0.05915039 0.06221684
v 0.01376475 -0.05630859 0.06239262
v 0.00892100 -0.05915039 0.06520513
v 0.01360850 -0.05915039 0.06221684
v 0.00892100 -0.05915039 0.06520513
v 0.00860850 -0.06194336 0.06467778
v 0.01376475 -0.05630859 0.06239262
v 0.00892100 -0.05630859 0.06538092
v 0.00892100 -0.05915039 0.06520513
v 0.00017100 -0.07591797 0.05190434
v -0.00045400 -0.07620118 0.04999028
v 0.00048350 -0.07610353 0.05047856
v 0.00048350 -0.07610353 0.05047856
v -0.00045400 -0.07620118 0.04999028
v -0.00092275 -0.07630861 0.04807622
v 0.03235850 -0.07450196 0.01883794
v 0.02829600 -0.07549805 0.02235356
v 0.02985850 -0.07549805 0.01803716
v 0.03235850 -0.07450196 0.01883794
v 0.02985850 -0.07549805 0.01803716
v 0.03360850 -0.07450196 0.01420903
v 0.03360850 -0.07450196 0.01420903
v 0.02985850 -0.07549805 0.01803716
v 0.03095225 -0.07549805 0.01362309
v 0.03360850 -0.07450196 0.01420903
v 0.03095225 -0.07549805 0.01362309
v 0.03454600 -0.07450196 0.00952153
v 0.03188975 -0.07549805 0.00911138
v 0.03454600 -0.07450196 0.00952153
v 0.03188975 -0.07549805 0.00911138
v 0.03501475 -0.07450196 0.00477544
v 0.03501475 -0.07450196 0.00477544
v 0.03188975 -0.07549805 0.00911138
v 0.03235850 -0.07549805 0.00458013
v 0.03501475 -0.07450196 0.00477544
v 0.03235850 -0.07549805 0.00458013
v 0.03517100 -0.07450196 -0.00000972
v 0.03251475 -0.07549805 -0.00000972
v 0.03517100 -0.07450196 -0.00000972
v 0.03251475 -0.07549805 -0.00000972
v 0.03501475 -0.07450196 -0.00477534
v 0.03235850 -0.07549805 -0.00458003
v 0.03501475 -0.07450196 -0.00477534
v 0.03235850 -0.07549805 -0.00458003
v 0.03454600 -0.07450196 -0.00952144
v 0.03454600 -0.07450196 -0.00952144
v 0.03235850 -0.07549805 -0.00458003
v 0.03188975 -0.07549805 -0.00913081
v 0.03454600 -0.07450196 -0.00952144
v 0.03188975 -0.07549805 -0.00913081
v 0.03360850 -0.07450196 -0.01420894
v 0.03095225 -0.07549805 -0.01362300
v 0.03360850 -0.07450196 -0.01420894
v 0.03095225 -0.07549805 -0.01362300
v 0.03235850 -0.07450196 -0.01883784
v 0.03235850 -0.07450196 -0.01883784
v 0.03095225 -0.07549805 -0.01362300
v 0.02985850 -0.07549805 -0.01803706
v 0.03235850 -0.07450196 -0.01883784
v 0.02985850 -0.07549805 -0.01803706
v 0.03079600 -0.07450196 -0.02333003
v 0.03079600 -0.07450196 -0.02333003
v 0.02985850 -0.07549805 -0.01803706
v 0.02829600 -0.07549805 -0.02235347
v 0.03079600 -0.07450196 -0.02333003
v 0.02829600 -0.07549805 -0.02235347
v 0.02892100 -0.07450196 -0.02770503
v 0.02892100 -0.07450196 -0.02770503
v 0.02829600 -0.07549805 -0.02235347
v 0.02642100 -0.07549805 -0.02655269
v 0.02892100 -0.07450196 -0.02770503
v 0.02642100 -0.07549805 -0.02655269
v 0.02438975 -0.07549805 -0.03057612
v 0.02438975 -0.07549805 -0.03057612
v 0.02642100 -0.07549805 -0.02655269
v 0.02188975 -0.07610353 -0.02916987
v 0.02438975 -0.07549805 -0.03057612
v 0.02188975 -0.07610353 -0.02916987
v 0.01954600 -0.07610353 -0.03288081
v 0.03235850 -0.07450196 0.01883794
v 0.03360850 -0.07450196 0.01420903
v 0.03610850 -0.07313478 0.01477544
v 0.03610850 -0.07313478 0.01477544
v 0.03360850 -0.07450196 0.01420903
v 0.03704600 -0.07313478 0.00989263
v 0.03610850 -0.07313478 0.01477544
v 0.03704600 -0.07313478 0.00989263
v 0.03923350 -0.07141603 0.01024419
v 0.03923350 -0.07141603 0.01024419
v 0.03704600 -0.07313478 0.00989263
v 0.03985850 -0.07141603 0.00512700
v 0.03923350 -0.07141603 0.01024419
v 0.03985850 -0.07141603 0.00512700
v 0.04188975 -0.06940430 0.00528325
v 0.04188975 -0.06940430 0.00528325
v 0.03985850 -0.07141603 0.00512700
v 0.04204600 -0.06940430 -0.00000972
v 0.04204600 -0.06940430 -0.00000972
v 0.04376475 -0.06711914 -0.00000972
v 0.04204600 -0.06940430 -0.00000972
v 0.04360850 -0.06711914 -0.00541988
v 0.04376475 -0.06711914 -0.00000972
v 0.04360850 -0.06711914 -0.00541988
v 0.04485850 -0.06460939 -0.00551753
v 0.04485850 -0.06460939 -0.00551753
v 0.04360850 -0.06711914 -0.00541988
v 0.04423350 -0.06460939 -0.01100581
v 0.04423350 -0.06460939 -0.01100581
v 0.04532725 -0.06194336 -0.01114253
v 0.04423350 -0.06460939 -0.01100581
v 0.04423350 -0.06194336 -0.01665034
v 0.04423350 -0.06194336 -0.01665034
v 0.04485850 -0.05915039 -0.01678706
v 0.04423350 -0.06194336 -0.01665034
v 0.04329600 -0.05915039 -0.02223628
v 0.03704600 -0.07313478 0.00989263
v 0.03360850 -0.07450196 0.01420903
v 0.03454600 -0.07450196 0.00952153
v 0.03704600 -0.07313478 0.00989263
v 0.03454600 -0.07450196 0.00952153
v 0.03751475 -0.07313478 0.00497075
v 0.03751475 -0.07313478 0.00497075
v 0.03454600 -0.07450196 0.00952153
v 0.03501475 -0.07450196 0.00477544
v 0.03751475 -0.07313478 0.00497075
v 0.03501475 -0.07450196 0.00477544
v 0.03767100 -0.07313478 -0.00000972
v 0.03517100 -0.07450196 -0.00000972
v 0.03767100 -0.07313478 -0.00000972
v 0.03517100 -0.07450196 -0.00000972
v 0.03751475 -0.07313478 -0.00497066
v 0.03501475 -0.07450196 -0.00477534
v 0.03751475 -0.07313478 -0.00497066
v 0.03501475 -0.07450196 -0.00477534
v 0.03704600 -0.07313478 -0.00989253
v 0.03704600 -0.07313478 -0.00989253
v 0.03501475 -0.07450196 -0.00477534
v 0.03454600 -0.07450196 -0.00952144
v 0.03704600 -0.07313478 -0.00989253
v 0.03454600 -0.07450196 -0.00952144
v 0.03610850 -0.07313478 -0.01477534
v 0.03610850 -0.07313478 -0.01477534
v 0.03454600 -0.07450196 -0.00952144
v 0.03360850 -0.07450196 -0.01420894
v 0.03610850 -0.07313478 -0.01477534
v 0.03360850 -0.07450196 -0.01420894
v 0.03470225 -0.07313478 -0.01958003
v 0.03470225 -0.07313478 -0.01958003
v 0.03360850 -0.07450196 -0.01420894
v 0.03235850 -0.07450196 -0.01883784
v 0.03470225 -0.07313478 -0.01958003
v 0.03235850 -0.07450196 -0.01883784
v 0.03313975 -0.07313478 -0.02424800
v 0.03313975 -0.07313478 -0.02424800
v 0.03235850 -0.07450196 -0.01883784
v 0.03079600 -0.07450196 -0.02333003
v 0.03313975 -0.07313478 -0.02424800
v 0.03079600 -0.07450196 -0.02333003
v 0.03110850 -0.07313478 -0.02879878
v 0.03110850 -0.07313478 -0.02879878
v 0.03079600 -0.07450196 -0.02333003
v 0.02892100 -0.07450196 -0.02770503
v 0.03110850 -0.07313478 -0.02879878
v 0.02892100 -0.07450196 -0.02770503
v 0.02657725 -0.07450196 -0.03192378
v 0.02657725 -0.07450196 -0.03192378
v 0.02892100 -0.07450196 -0.02770503
v 0.02438975 -0.07549805 -0.03057612
v 0.02657725 -0.07450196 -0.03192378
v 0.02438975 -0.07549805 -0.03057612
v 0.02188975 -0.07549805 -0.03446284
v 0.02188975 -0.07549805 -0.03446284
v 0.02438975 -0.07549805 -0.03057612
v 0.01954600 -0.07610353 -0.03288081
v 0.02188975 -0.07549805 -0.03446284
v 0.01954600 -0.07610353 -0.03288081
v 0.01907725 -0.07549805 -0.03813472
v 0.01907725 -0.07549805 -0.03813472
v 0.01954600 -0.07610353 -0.03288081
v 0.01704600 -0.07610353 -0.03639644
v 0.01907725 -0.07549805 -0.03813472
v 0.01704600 -0.07610353 -0.03639644
v 0.01610850 -0.07549805 -0.04159175
v 0.01610850 -0.07549805 -0.04159175
v 0.01704600 -0.07610353 -0.03639644
v 0.01407725 -0.07610353 -0.03969722
v 0.01610850 -0.07549805 -0.04159175
v 0.01407725 -0.07610353 -0.03969722
v 0.01298350 -0.07549805 -0.04481441
v 0.01298350 -0.07549805 -0.04481441
v 0.01407725 -0.07610353 -0.03969722
v 0.01095225 -0.07610353 -0.04276362
v 0.01298350 -0.07549805 -0.04481441
v 0.01095225 -0.07610353 -0.04276362
v 0.00938975 -0.07549805 -0.04778316
v 0.00938975 -0.07549805 -0.04778316
v 0.01095225 -0.07610353 -0.04276362
v 0.00767100 -0.07610353 -0.04559566
v 0.00938975 -0.07549805 -0.04778316
v 0.00767100 -0.07610353 -0.04559566
v 0.00579600 -0.07549805 -0.05049800
v 0.00423350 -0.07610353 -0.04817378
v 0.03704600 -0.07313478 0.00989263
v 0.03751475 -0.07313478 0.00497075
v 0.03985850 -0.07141603 0.00512700
v 0.03985850 -0.07141603 0.00512700
v 0.03751475 -0.07313478 0.00497075
v 0.04001475 -0.07141603 -0.00000972
v 0.04001475 -0.07141603 -0.00000972
v 0.04204600 -0.06940430 -0.00000972
v 0.04001475 -0.07141603 -0.00000972
v 0.04188975 -0.06940430 -0.00528316
v 0.04188975 -0.06940430 -0.00528316
v 0.04360850 -0.06711914 -0.00541988
v 0.04188975 -0.06940430 -0.00528316
v 0.04298350 -0.06711914 -0.01079097
v 0.04298350 -0.06711914 -0.01079097
v 0.04423350 -0.06460939 -0.01100581
v 0.04298350 -0.06711914 -0.01079097
v 0.04329600 -0.06460939 -0.01643550
v 0.04423350 -0.06460939 -0.01100581
v 0.04329600 -0.06460939 -0.01643550
v 0.04423350 -0.06194336 -0.01665034
v 0.04423350 -0.06194336 -0.01665034
v 0.04329600 -0.06460939 -0.01643550
v 0.04282725 -0.06194336 -0.02206050
v 0.04423350 -0.06194336 -0.01665034
v 0.04282725 -0.06194336 -0.02206050
v 0.04329600 -0.05915039 -0.02223628
v 0.04329600 -0.05915039 -0.02223628
v 0.04282725 -0.06194336 -0.02206050
v 0.04142100 -0.05915039 -0.02754878
v 0.03767100 -0.07313478 -0.00000972
v 0.04001475 -0.07141603 -0.00000972
v 0.03767100 -0.07313478 -0.00000972
v 0.03985850 -0.07141603 -0.00512691
v 0.03751475 -0.07313478 -0.00497066
v 0.03985850 -0.07141603 -0.00512691
v 0.03751475 -0.07313478 -0.00497066
v 0.03923350 -0.07141603 -0.01024409
v 0.03923350 -0.07141603 -0.01024409
v 0.03751475 -0.07313478 -0.00497066
v 0.03704600 -0.07313478 -0.00989253
v 0.03923350 -0.07141603 -0.01024409
v 0.03704600 -0.07313478 -0.00989253
v 0.03829600 -0.07141603 -0.01528316
v 0.03610850 -0.07313478 -0.01477534
v 0.03829600 -0.07141603 -0.01528316
v 0.03610850 -0.07313478 -0.01477534
v 0.03688975 -0.07141603 -0.02024409
v 0.03688975 -0.07141603 -0.02024409
v 0.03610850 -0.07313478 -0.01477534
v 0.03470225 -0.07313478 -0.01958003
v 0.03688975 -0.07141603 -0.02024409
v 0.03470225 -0.07313478 -0.01958003
v 0.03532725 -0.07141603 -0.02508784
v 0.03532725 -0.07141603 -0.02508784
v 0.03470225 -0.07313478 -0.01958003
v 0.03313975 -0.07313478 -0.02424800
v 0.03532725 -0.07141603 -0.02508784
v 0.03313975 -0.07313478 -0.02424800
v 0.03313975 -0.07141603 -0.02979487
v 0.03313975 -0.07141603 -0.02979487
v 0.03313975 -0.07313478 -0.02424800
v 0.03110850 -0.07313478 -0.02879878
v 0.03313975 -0.07141603 -0.02979487
v 0.03110850 -0.07313478 -0.02879878
v 0.02876475 -0.07313478 -0.03317378
v 0.02876475 -0.07313478 -0.03317378
v 0.03110850 -0.07313478 -0.02879878
v 0.02657725 -0.07450196 -0.03192378
v 0.02876475 -0.07313478 -0.03317378
v 0.02657725 -0.07450196 -0.03192378
v 0.02407725 -0.07450196 -0.03596675
v 0.02407725 -0.07450196 -0.03596675
v 0.02657725 -0.07450196 -0.03192378
v 0.02188975 -0.07549805 -0.03446284
v 0.02407725 -0.07450196 -0.03596675
v 0.02188975 -0.07549805 -0.03446284
v 0.02126475 -0.07450196 -0.03981441
v 0.02126475 -0.07450196 -0.03981441
v 0.02188975 -0.07549805 -0.03446284
v 0.01907725 -0.07549805 -0.03813472
v 0.02126475 -0.07450196 -0.03981441
v 0.01907725 -0.07549805 -0.03813472
v 0.01813975 -0.07450196 -0.04340816
v 0.01610850 -0.07549805 -0.04159175
v 0.01813975 -0.07450196 -0.04340816
v 0.01610850 -0.07549805 -0.04159175
v 0.01470225 -0.07450196 -0.04678706
v 0.01470225 -0.07450196 -0.04678706
v 0.01610850 -0.07549805 -0.04159175
v 0.01298350 -0.07549805 -0.04481441
v 0.01470225 -0.07450196 -0.04678706
v 0.01298350 -0.07549805 -0.04481441
v 0.01110850 -0.07450196 -0.04989253
v 0.01110850 -0.07450196 -0.04989253
v 0.01298350 -0.07549805 -0.04481441
v 0.00938975 -0.07549805 -0.04778316
v 0.01110850 -0.07450196 -0.04989253
v 0.00938975 -0.07549805 -0.04778316
v 0.00720225 -0.07450196 -0.05270503
v 0.00720225 -0.07450196 -0.05270503
v 0.00938975 -0.07549805 -0.04778316
v 0.00579600 -0.07549805 -0.05049800
v 0.00720225 -0.07450196 -0.05270503
v 0.00579600 -0.07549805 -0.05049800
v 0.00188975 -0.07549805 -0.05290034
v 0.03985850 -0.07141603 -0.00512691
v 0.04188975 -0.06940430 -0.00528316
v 0.03985850 -0.07141603 -0.00512691
v 0.04126475 -0.06940430 -0.01053706
v 0.04188975 -0.06940430 -0.00528316
v 0.04126475 -0.06940430 -0.01053706
v 0.04298350 -0.06711914 -0.01079097
v 0.04298350 -0.06711914 -0.01079097
v 0.04126475 -0.06940430 -0.01053706
v 0.04188975 -0.06711914 -0.01612300
v 0.04298350 -0.06711914 -0.01079097
v 0.04188975 -0.06711914 -0.01612300
v 0.04329600 -0.06460939 -0.01643550
v 0.04329600 -0.06460939 -0.01643550
v 0.04188975 -0.06711914 -0.01612300
v 0.04188975 -0.06460939 -0.02174800
v 0.04329600 -0.06460939 -0.01643550
v 0.04188975 -0.06460939 -0.02174800
v 0.04282725 -0.06194336 -0.02206050
v 0.04282725 -0.06194336 -0.02206050
v 0.04188975 -0.06460939 -0.02174800
v 0.04095225 -0.06194336 -0.02733394
v 0.04095225 -0.06194336 -0.02733394
v 0.04142100 -0.05915039 -0.02754878
v 0.04095225 -0.06194336 -0.02733394
v 0.03923350 -0.05915039 -0.03272456
v 0.04126475 -0.06940430 -0.01053706
v 0.03985850 -0.07141603 -0.00512691
v 0.03923350 -0.07141603 -0.01024409
v 0.04126475 -0.06940430 -0.01053706
v 0.03923350 -0.07141603 -0.01024409
v 0.04032725 -0.06940430 -0.01573237
v 0.04032725 -0.06940430 -0.01573237
v 0.03923350 -0.07141603 -0.01024409
v 0.03829600 -0.07141603 -0.01528316
v 0.04032725 -0.06940430 -0.01573237
v 0.03829600 -0.07141603 -0.01528316
v 0.03892100 -0.06940430 -0.02084956
v 0.03892100 -0.06940430 -0.02084956
v 0.03829600 -0.07141603 -0.01528316
v 0.03688975 -0.07141603 -0.02024409
v 0.03892100 -0.06940430 -0.02084956
v 0.03688975 -0.07141603 -0.02024409
v 0.03720225 -0.06940430 -0.02583003
v 0.03720225 -0.06940430 -0.02583003
v 0.03688975 -0.07141603 -0.02024409
v 0.03532725 -0.07141603 -0.02508784
v 0.03720225 -0.06940430 -0.02583003
v 0.03532725 -0.07141603 -0.02508784
v 0.03501475 -0.06940430 -0.03067378
v 0.03501475 -0.06940430 -0.03067378
v 0.03532725 -0.07141603 -0.02508784
v 0.03313975 -0.07141603 -0.02979487
v 0.03501475 -0.06940430 -0.03067378
v 0.03313975 -0.07141603 -0.02979487
v 0.03079600 -0.07141603 -0.03432612
v 0.03079600 -0.07141603 -0.03432612
v 0.03313975 -0.07141603 -0.02979487
v 0.02876475 -0.07313478 -0.03317378
v 0.03079600 -0.07141603 -0.03432612
v 0.02876475 -0.07313478 -0.03317378
v 0.02610850 -0.07313478 -0.03739253
v 0.02610850 -0.07313478 -0.03739253
v 0.02876475 -0.07313478 -0.03317378
v 0.02407725 -0.07450196 -0.03596675
v 0.02610850 -0.07313478 -0.03739253
v 0.02407725 -0.07450196 -0.03596675
v 0.02313975 -0.07313478 -0.04137691
v 0.02313975 -0.07313478 -0.04137691
v 0.02407725 -0.07450196 -0.03596675
v 0.02126475 -0.07450196 -0.03981441
v 0.02313975 -0.07313478 -0.04137691
v 0.02126475 -0.07450196 -0.03981441
v 0.02001475 -0.07313478 -0.04512691
v 0.02001475 -0.07313478 -0.04512691
v 0.02126475 -0.07450196 -0.03981441
v 0.01813975 -0.07450196 -0.04340816
v 0.02001475 -0.07313478 -0.04512691
v 0.01813975 -0.07450196 -0.04340816
v 0.01642100 -0.07313478 -0.04862300
v 0.01470225 -0.07450196 -0.04678706
v 0.01642100 -0.07313478 -0.04862300
v 0.01470225 -0.07450196 -0.04678706
v 0.01267100 -0.07313478 -0.05184566
v 0.01110850 -0.07450196 -0.04989253
v 0.01267100 -0.07313478 -0.05184566
v 0.01110850 -0.07450196 -0.04989253
v 0.00860850 -0.07313478 -0.05477534
v 0.00720225 -0.07450196 -0.05270503
v 0.00860850 -0.07313478 -0.05477534
v 0.00720225 -0.07450196 -0.05270503
v 0.00313975 -0.07450196 -0.05522456
v 0.00720225 -0.07450196 -0.05270503
v 0.00188975 -0.07549805 -0.05290034
v 0.04126475 -0.06940430 -0.01053706
v 0.04032725 -0.06940430 -0.01573237
v 0.04188975 -0.06711914 -0.01612300
v 0.04188975 -0.06711914 -0.01612300
v 0.04032725 -0.06940430 -0.01573237
v 0.04048350 -0.06711914 -0.02135737
v 0.04188975 -0.06711914 -0.01612300
v 0.04048350 -0.06711914 -0.02135737
v 0.04188975 -0.06460939 -0.02174800
v 0.04188975 -0.06460939 -0.02174800
v 0.04048350 -0.06711914 -0.02135737
v 0.04001475 -0.06460939 -0.02696284
v 0.04188975 -0.06460939 -0.02174800
v 0.04001475 -0.06460939 -0.02696284
v 0.04095225 -0.06194336 -0.02733394
v 0.04095225 -0.06194336 -0.02733394
v 0.04001475 -0.06460939 -0.02696284
v 0.03860850 -0.06194336 -0.03245112
v 0.04095225 -0.06194336 -0.02733394
v 0.03860850 -0.06194336 -0.03245112
v 0.03923350 -0.05915039 -0.03272456
v 0.03923350 -0.05915039 -0.03272456
v 0.03860850 -0.06194336 -0.03245112
v 0.03610850 -0.06194336 -0.03739253
v 0.04048350 -0.06711914 -0.02135737
v 0.04032725 -0.06940430 -0.01573237
v 0.03892100 -0.06940430 -0.02084956
v 0.04048350 -0.06711914 -0.02135737
v 0.03892100 -0.06940430 -0.02084956
v 0.03876475 -0.06711914 -0.02645503
v 0.03876475 -0.06711914 -0.02645503
v 0.03892100 -0.06940430 -0.02084956
v 0.03720225 -0.06940430 -0.02583003
v 0.03876475 -0.06711914 -0.02645503
v 0.03720225 -0.06940430 -0.02583003
v 0.03657725 -0.06711914 -0.03141597
v 0.03657725 -0.06711914 -0.03141597
v 0.03720225 -0.06940430 -0.02583003
v 0.03501475 -0.06940430 -0.03067378
v 0.03657725 -0.06711914 -0.03141597
v 0.03501475 -0.06940430 -0.03067378
v 0.03251475 -0.06940430 -0.03534175
v 0.03251475 -0.06940430 -0.03534175
v 0.03501475 -0.06940430 -0.03067378
v 0.03079600 -0.07141603 -0.03432612
v 0.03251475 -0.06940430 -0.03534175
v 0.03079600 -0.07141603 -0.03432612
v 0.02798350 -0.07141603 -0.03868159
v 0.02798350 -0.07141603 -0.03868159
v 0.03079600 -0.07141603 -0.03432612
v 0.02610850 -0.07313478 -0.03739253
v 0.02798350 -0.07141603 -0.03868159
v 0.02610850 -0.07313478 -0.03739253
v 0.02501475 -0.07141603 -0.04280269
v 0.02501475 -0.07141603 -0.04280269
v 0.02610850 -0.07313478 -0.03739253
v 0.02313975 -0.07313478 -0.04137691
v 0.02501475 -0.07141603 -0.04280269
v 0.02313975 -0.07313478 -0.04137691
v 0.02157725 -0.07141603 -0.04668941
v 0.02157725 -0.07141603 -0.04668941
v 0.02313975 -0.07313478 -0.04137691
v 0.02001475 -0.07313478 -0.04512691
v 0.02157725 -0.07141603 -0.04668941
v 0.02001475 -0.07313478 -0.04512691
v 0.01798350 -0.07141603 -0.05030269
v 0.01798350 -0.07141603 -0.05030269
v 0.02001475 -0.07313478 -0.04512691
v 0.01642100 -0.07313478 -0.04862300
v 0.01798350 -0.07141603 -0.05030269
v 0.01642100 -0.07313478 -0.04862300
v 0.01407725 -0.07141603 -0.05364253
v 0.01267100 -0.07313478 -0.05184566
v 0.01407725 -0.07141603 -0.05364253
v 0.01267100 -0.07313478 -0.05184566
v 0.00985850 -0.07141603 -0.05666987
v 0.00860850 -0.07313478 -0.05477534
v 0.00985850 -0.07141603 -0.05666987
v 0.00860850 -0.07313478 -0.05477534
v 0.00438975 -0.07313478 -0.05739253
v 0.04048350 -0.06711914 -0.02135737
v 0.03876475 -0.06711914 -0.02645503
v 0.04001475 -0.06460939 -0.02696284
v 0.04001475 -0.06460939 -0.02696284
v 0.03876475 -0.06711914 -0.02645503
v 0.03782725 -0.06460939 -0.03202144
v 0.04001475 -0.06460939 -0.02696284
v 0.03782725 -0.06460939 -0.03202144
v 0.03860850 -0.06194336 -0.03245112
v 0.03860850 -0.06194336 -0.03245112
v 0.03782725 -0.06460939 -0.03202144
v 0.03517100 -0.06460939 -0.03688472
v 0.03860850 -0.06194336 -0.03245112
v 0.03517100 -0.06460939 -0.03688472
v 0.03610850 -0.06194336 -0.03739253
v 0.03610850 -0.06194336 -0.03739253
v 0.03517100 -0.06460939 -0.03688472
v 0.03220225 -0.06460939 -0.04155269
v 0.03782725 -0.06460939 -0.03202144
v 0.03876475 -0.06711914 -0.02645503
v 0.03657725 -0.06711914 -0.03141597
v 0.03782725 -0.06460939 -0.03202144
v 0.03657725 -0.06711914 -0.03141597
v 0.03407725 -0.06711914 -0.03620112
v 0.03407725 -0.06711914 -0.03620112
v 0.03657725 -0.06711914 -0.03141597
v 0.03251475 -0.06940430 -0.03534175
v 0.03407725 -0.06711914 -0.03620112
v 0.03251475 -0.06940430 -0.03534175
v 0.02970225 -0.06940430 -0.03981441
v 0.02970225 -0.06940430 -0.03981441
v 0.03251475 -0.06940430 -0.03534175
v 0.02798350 -0.07141603 -0.03868159
v 0.02970225 -0.06940430 -0.03981441
v 0.02798350 -0.07141603 -0.03868159
v 0.02657725 -0.06940430 -0.04407222
v 0.02657725 -0.06940430 -0.04407222
v 0.02798350 -0.07141603 -0.03868159
v 0.02501475 -0.07141603 -0.04280269
v 0.02657725 -0.06940430 -0.04407222
v 0.02501475 -0.07141603 -0.04280269
v 0.02313975 -0.06940430 -0.04805659
v 0.02313975 -0.06940430 -0.04805659
v 0.02501475 -0.07141603 -0.04280269
v 0.02157725 -0.07141603 -0.04668941
v 0.02313975 -0.06940430 -0.04805659
v 0.02157725 -0.07141603 -0.04668941
v 0.01938975 -0.06940430 -0.05178706
v 0.01938975 -0.06940430 -0.05178706
v 0.02157725 -0.07141603 -0.04668941
v 0.01798350 -0.07141603 -0.05030269
v 0.01938975 -0.06940430 -0.05178706
v 0.01798350 -0.07141603 -0.05030269
v 0.01532725 -0.06940430 -0.05522456
v 0.01532725 -0.06940430 -0.05522456
v 0.01798350 -0.07141603 -0.05030269
v 0.01407725 -0.07141603 -0.05364253
v 0.01532725 -0.06940430 -0.05522456
v 0.01407725 -0.07141603 -0.05364253
v 0.01110850 -0.06940430 -0.05834956
v 0.01110850 -0.06940430 -0.05834956
v 0.01407725 -0.07141603 -0.05364253
v 0.00985850 -0.07141603 -0.05666987
v 0.01110850 -0.06940430 -0.05834956
v 0.00985850 -0.07141603 -0.05666987
v 0.00548350 -0.07141603 -0.05938472
v 0.00548350 -0.07141603 -0.05938472
v 0.02970225 -0.06940430 -0.03981441
v 0.03110850 -0.06711914 -0.04079097
v 0.03407725 -0.06711914 -0.03620112
v 0.03407725 -0.06711914 -0.03620112
v 0.03110850 -0.06711914 -0.04079097
v 0.03517100 -0.06460939 -0.03688472
v 0.03407725 -0.06711914 -0.03620112
v 0.03517100 -0.06460939 -0.03688472
v 0.03782725 -0.06460939 -0.03202144
v 0.02892100 -0.06460939 -0.04598628
v 0.03220225 -0.06460939 -0.04155269
v 0.03110850 -0.06711914 -0.04079097
v 0.03110850 -0.06711914 -0.04079097
v 0.03220225 -0.06460939 -0.04155269
v 0.03517100 -0.06460939 -0.03688472
v 0.03110850 -0.06711914 -0.04079097
v 0.02970225 -0.06940430 -0.03981441
v 0.02782725 -0.06711914 -0.04514644
v 0.02782725 -0.06711914 -0.04514644
v 0.02970225 -0.06940430 -0.03981441
v 0.02657725 -0.06940430 -0.04407222
v 0.02782725 -0.06711914 -0.04514644
v 0.02657725 -0.06940430 -0.04407222
v 0.02438975 -0.06711914 -0.04922847
v 0.02438975 -0.06711914 -0.04922847
v 0.02657725 -0.06940430 -0.04407222
v 0.02313975 -0.06940430 -0.04805659
v 0.02438975 -0.06711914 -0.04922847
v 0.02313975 -0.06940430 -0.04805659
v 0.02048350 -0.06711914 -0.05305659
v 0.02048350 -0.06711914 -0.05305659
v 0.02313975 -0.06940430 -0.04805659
v 0.01938975 -0.06940430 -0.05178706
v 0.02048350 -0.06711914 -0.05305659
v 0.01938975 -0.06940430 -0.05178706
v 0.01642100 -0.06711914 -0.05657222
v 0.01642100 -0.06711914 -0.05657222
v 0.01938975 -0.06940430 -0.05178706
v 0.01532725 -0.06940430 -0.05522456
v 0.01642100 -0.06711914 -0.05657222
v 0.01532725 -0.06940430 -0.05522456
v 0.01204600 -0.06711914 -0.05975581
v 0.01204600 -0.06711914 -0.05975581
v 0.01532725 -0.06940430 -0.05522456
v 0.01110850 -0.06940430 -0.05834956
v 0.01204600 -0.06711914 -0.05975581
v 0.01110850 -0.06940430 -0.05834956
v 0.00657725 -0.06940430 -0.06114253
v 0.00657725 -0.06940430 -0.06114253
v 0.02532725 -0.06460939 -0.05016597
v 0.02892100 -0.06460939 -0.04598628
v 0.02782725 -0.06711914 -0.04514644
v 0.02782725 -0.06711914 -0.04514644
v 0.02892100 -0.06460939 -0.04598628
v 0.03110850 -0.06711914 -0.04079097
v 0.02532725 -0.06460939 -0.05016597
v 0.02782725 -0.06711914 -0.04514644
v 0.02438975 -0.06711914 -0.04922847
v 0.02142100 -0.06460939 -0.05405269
v 0.02532725 -0.06460939 -0.05016597
v 0.02438975 -0.06711914 -0.04922847
v 0.02142100 -0.06460939 -0.05405269
v 0.02438975 -0.06711914 -0.04922847
v 0.02048350 -0.06711914 -0.05305659
v 0.01720225 -0.06460939 -0.05764644
v 0.02142100 -0.06460939 -0.05405269
v 0.02048350 -0.06711914 -0.05305659
v 0.01720225 -0.06460939 -0.05764644
v 0.02048350 -0.06711914 -0.05305659
v 0.01642100 -0.06711914 -0.05657222
v 0.01282725 -0.06460939 -0.06088862
v 0.01720225 -0.06460939 -0.05764644
v 0.01642100 -0.06711914 -0.05657222
v 0.01282725 -0.06460939 -0.06088862
v 0.01642100 -0.06711914 -0.05657222
v 0.01204600 -0.06711914 -0.05975581
v 0.00735850 -0.06711914 -0.06262691
v 0.01282725 -0.06460939 -0.06088862
v 0.01204600 -0.06711914 -0.05975581
v 0.00735850 -0.06711914 -0.06262691
v 0.01204600 -0.06711914 -0.05975581
v 0.00657725 -0.06940430 -0.06114253
v -0.00717275 -0.04745117 -0.06799800
v -0.00654775 -0.04593750 -0.06799800
v 0.00392100 -0.04745117 -0.06799800
v -0.00607900 -0.04432617 -0.06799800
v -0.00607900 -0.04266601 -0.06799800
v 0.00392100 -0.03945312 -0.06799800
v -0.00623525 -0.04102539 -0.06799800
v -0.00686025 -0.03945312 -0.06799800
v -0.20857900 -0.06215820 0.04655278
v -0.20857900 -0.06215820 0.03854497
v -0.20748521 -0.06479492 0.04655278
v -0.20748521 -0.06479492 0.03854497
v -0.20748521 -0.06479492 0.04655278
v -0.20748521 -0.06479492 0.03854497
v -0.20623521 -0.06726564 0.04655278
v -0.20623521 -0.06726564 0.03854497
v -0.20623521 -0.06726564 0.04655278
v -0.20623521 -0.06726564 0.03854497
v -0.20451650 -0.06952150 0.04655278
v -0.20451650 -0.06952150 0.03854497
v -0.20451650 -0.06952150 0.04655278
v -0.20451650 -0.06952150 0.03854497
v -0.20248521 -0.07150391 0.04655278
v -0.20248521 -0.07150391 0.03854497
v -0.20248521 -0.07150391 0.04655278
v -0.20248521 -0.07150391 0.03854497
v -0.20014150 -0.07318360 0.04655278
v -0.20014150 -0.07318360 0.03854497
v -0.20014150 -0.07318360 0.04655278
v -0.20014150 -0.07318360 0.03854497
v -0.19764150 -0.07453125 0.04655278
v -0.19764150 -0.07453125 0.03854497
v -0.19764150 -0.07453125 0.04655278
v -0.19764150 -0.07453125 0.03854497
v -0.19498521 -0.07550782 0.04655278
v -0.19498521 -0.07550782 0.03854497
v -0.19498521 -0.07550782 0.04655278
v -0.19498521 -0.07550782 0.03854497
v -0.19232900 -0.07610353 0.04655278
v -0.19232900 -0.07610353 0.03854497
v -0.19232900 -0.07610353 0.04655278
v -0.19232900 -0.07610353 0.03854497
v -0.18936021 -0.07630861 0.04655278
v -0.18936021 -0.07630861 0.03854497
v -0.20857900 0.06215820 0.04655278
v -0.20857900 0.06215820 0.03854497
v -0.21107900 0.05348633 0.04655278
v -0.21107900 0.05348633 0.03854497
v -0.21107900 0.05348633 0.04655278
v -0.21107900 0.05348633 0.03854497
v -0.21311021 0.04472656 0.04655278
v -0.21311021 0.04472656 0.03854497
v -0.21311021 0.04472656 0.04655278
v -0.21311021 0.04472656 0.03854497
v -0.21482900 0.03587891 0.04655278
v -0.21482900 0.03587891 0.03854497
v -0.21482900 0.03587891 0.04655278
v -0.21482900 0.03587891 0.03854497
v -0.21607901 0.02696289 0.04655278
v -0.21607901 0.02696289 0.03854497
v -0.21607901 0.02696289 0.04655278
v -0.21607901 0.02696289 0.03854497
v -0.21701651 0.01800781 0.04655278
v -0.21701651 0.01800781 0.03854497
v -0.21701651 0.01800781 0.04655278
v -0.21701651 0.01800781 0.03854497
v -0.21764151 0.00901367 0.04655278
v -0.21764151 0.00901367 0.03854497
v -0.21764151 0.00901367 0.04655278
v -0.21764151 0.00901367 0.03854497
v -0.21779771 0.00000000 0.04655278
v -0.21779771 0.00000000 0.03854497
v -0.21779771 0.00000000 0.04655278
v -0.21779771 0.00000000 0.03854497
v -0.21764151 -0.00900391 0.04655278
v -0.21764151 -0.00900391 0.03854497
v -0.21764151 -0.00900391 0.04655278
v -0.21764151 -0.00900391 0.03854497
v -0.21701651 -0.01799805 0.04655278
v -0.21701651 -0.01799805 0.03854497
v -0.21701651 -0.01799805 0.04655278
v -0.21701651 -0.01799805 0.03854497
v -0.21607901 -0.02696289 0.04655278
v -0.21607901 -0.02696289 0.03854497
v -0.21607901 -0.02696289 0.04655278
v -0.21607901 -0.02696289 0.03854497
v -0.21482900 -0.03586914 0.04655278
v -0.21482900 -0.03586914 0.03854497
v -0.21482900 -0.03586914 0.04655278
v -0.21482900 -0.03586914 0.03854497
v -0.21311021 -0.04471680 0.04655278
v -0.21311021 -0.04471680 0.03854497
v -0.21311021 -0.04471680 0.04655278
v -0.21311021 -0.04471680 0.03854497
v -0.21107900 -0.05348633 0.04655278
v -0.21107900 -0.05348633 0.03854497
v -0.21107900 -0.05348633 0.04655278
v -0.21107900 -0.05348633 0.03854497
v -0.20857900 -0.06215820 0.04655278
v -0.20857900 -0.06215820 0.03854497
v -0.18936021 0.07630861 0.04655278
v -0.18936021 0.07630861 0.03854497
v -0.19232900 0.07610353 0.04655278
v -0.19232900 0.07610353 0.03854497
v -0.19232900 0.07610353 0.04655278
v -0.19232900 0.07610353 0.03854497
v -0.19498521 0.07550782 0.04655278
v -0.19498521 0.07550782 0.03854497
v -0.19498521 0.07550782 0.04655278
v -0.19498521 0.07550782 0.03854497
v -0.19764150 0.07453125 0.04655278
v -0.19764150 0.07453125 0.03854497
v -0.19764150 0.07453125 0.04655278
v -0.19764150 0.07453125 0.03854497
v -0.20014150 0.07318360 0.04655278
v -0.20014150 0.07318360 0.03854497
v -0.20014150 0.07318360 0.04655278
v -0.20014150 0.07318360 0.03854497
v -0.20248521 0.07150391 0.04655278
v -0.20248521 0.07150391 0.03854497
v -0.20248521 0.07150391 0.04655278
v -0.20248521 0.07150391 0.03854497
v -0.20451650 0.06952150 0.04655278
v -0.20451650 0.06952150 0.03854497
v -0.20451650 0.06952150 0.04655278
v -0.20451650 0.06952150 0.03854497
v -0.20623521 0.06726564 0.04655278
v -0.20623521 0.06726564 0.03854497
v -0.20623521 0.06726564 0.04655278
v -0.20623521 0.06726564 0.03854497
v -0.20748521 0.06480469 0.04655278
v -0.20748521 0.06480469 0.03854497
v -0.20748521 0.06480469 0.04655278
v -0.20748521 0.06480469 0.03854497
v -0.20857900 0.06215820 0.04655278
v -0.20857900 0.06215820 0.03854497
v -0.18014150 -0.07630861 0.03854497
v -0.18029771 -0.07630861 0.04125981
v -0.18936021 -0.07630861 0.03854497
v -0.18936021 -0.07630861 0.04655278
v -0.17982900 -0.07630861 0.04393559
v -0.17920400 -0.07630861 0.04655278
v -0.15904771 -0.06130859 -0.05022456
v -0.15904771 -0.02690430 -0.05022456
v -0.16092271 -0.06130859 -0.05043941
v -0.16092271 -0.02690430 -0.05043941
v -0.16092271 -0.06130859 -0.05043941
v -0.16092271 -0.02690430 -0.05043941
v -0.16295400 -0.06130859 -0.05022456
v -0.16295400 -0.02690430 -0.05022456
v -0.16295400 -0.06130859 -0.05022456
v -0.16295400 -0.02690430 -0.05022456
v -0.16467271 -0.06130859 -0.04959956
v -0.16467271 -0.02690430 -0.04959956
v -0.16467271 -0.06130859 -0.04959956
v -0.16467271 -0.02690430 -0.04959956
v -0.16639150 -0.06130859 -0.04860347
v -0.16639150 -0.02690430 -0.04860347
v -0.16639150 -0.06130859 -0.04860347
v -0.16639150 -0.02690430 -0.04860347
v -0.16779771 -0.06130859 -0.04725581
v -0.16779771 -0.02690430 -0.04725581
v -0.16779771 -0.06130859 -0.04725581
v -0.16779771 -0.02690430 -0.04725581
v -0.16889150 -0.06130859 -0.04565425
v -0.16889150 -0.02690430 -0.04565425
v -0.16889150 -0.06130859 -0.04565425
v -0.16889150 -0.02690430 -0.04565425
v -0.16967271 -0.06130859 -0.04383784
v -0.16967271 -0.02690430 -0.04383784
v -0.16967271 -0.06130859 -0.04383784
v -0.16967271 -0.02690430 -0.04383784
v -0.16998521 -0.06130859 -0.04192378
v -0.16998521 -0.02690430 -0.04192378
v -0.16998521 -0.06130859 -0.04192378
v -0.16998521 -0.02690430 -0.04192378
v -0.16982900 -0.06130859 -0.03999019
v -0.16982900 -0.02690430 -0.03999019
v -0.16982900 -0.06130859 -0.03999019
v -0.16982900 -0.02690430 -0.03999019
v -0.16936021 -0.06130859 -0.03811519
v -0.16936021 -0.02690430 -0.03811519
v -0.16936021 -0.06130859 -0.03811519
v -0.16936021 -0.02690430 -0.03811519
v -0.16842271 -0.06130859 -0.03639644
v -0.16842271 -0.02690430 -0.03639644
v -0.16842271 -0.06130859 -0.03639644
v -0.16842271 -0.02690430 -0.03639644
v -0.16717271 -0.06130859 -0.03491206
v -0.16717271 -0.02690430 -0.03491206
v -0.16717271 -0.06130859 -0.03491206
v -0.16717271 -0.02690430 -0.03491206
v -0.16561021 -0.06130859 -0.03372066
v -0.16561021 -0.02690430 -0.03372066
v -0.16561021 -0.06130859 -0.03372066
v -0.16561021 -0.02690430 -0.03372066
v -0.16389150 -0.06130859 -0.03290034
v -0.16389150 -0.02690430 -0.03290034
v -0.16389150 -0.06130859 -0.03290034
v -0.16389150 -0.02690430 -0.03290034
v -0.16186021 -0.06130859 -0.03249019
v -0.16186021 -0.02690430 -0.03249019
v -0.16186021 -0.06130859 -0.03249019
v -0.16186021 -0.02690430 -0.03249019
v -0.15998521 -0.06130859 -0.03249019
v -0.15998521 -0.02690430 -0.03249019
v -0.15998521 -0.06130859 -0.03249019
v -0.15998521 -0.02690430 -0.03249019
v -0.15811021 -0.06130859 -0.03290034
v -0.15811021 -0.02690430 -0.03290034
v -0.15811021 -0.06130859 -0.03290034
v -0.15811021 -0.02690430 -0.03290034
v -0.15639150 -0.06130859 -0.03372066
v -0.15639150 -0.02690430 -0.03372066
v -0.15639150 -0.06130859 -0.03372066
v -0.15639150 -0.02690430 -0.03372066
v -0.15482900 -0.06130859 -0.03491206
v -0.15482900 -0.02690430 -0.03491206
v -0.15482900 -0.06130859 -0.03491206
v -0.15482900 -0.02690430 -0.03491206
v -0.15357900 -0.06130859 -0.03639644
v -0.15357900 -0.02690430 -0.03639644
v -0.15357900 -0.06130859 -0.03639644
v -0.15357900 -0.02690430 -0.03639644
v -0.15264150 -0.06130859 -0.03811519
v -0.15264150 -0.02690430 -0.03811519
v -0.15264150 -0.06130859 -0.03811519
v -0.15264150 -0.02690430 -0.03811519
v -0.15201650 -0.06130859 -0.03999019
v -0.15201650 -0.02690430 -0.03999019
v -0.15201650 -0.06130859 -0.03999019
v -0.15201650 -0.02690430 -0.03999019
v -0.15201650 -0.06130859 -0.04192378
v -0.15201650 -0.02690430 -0.04192378
v -0.15201650 -0.06130859 -0.04192378
v -0.15201650 -0.02690430 -0.04192378
v -0.15232900 -0.06130859 -0.04383784
v -0.15232900 -0.02690430 -0.04383784
v -0.15232900 -0.06130859 -0.04383784
v -0.15232900 -0.02690430 -0.04383784
v -0.15295400 -0.06130859 -0.04565425
v -0.15295400 -0.02690430 -0.04565425
v -0.15295400 -0.06130859 -0.04565425
v -0.15295400 -0.02690430 -0.04565425
v -0.15404771 -0.06130859 -0.04725581
v -0.15404771 -0.02690430 -0.04725581
v -0.15404771 -0.06130859 -0.04725581
v -0.15404771 -0.02690430 -0.04725581
v -0.15545400 -0.06130859 -0.04860347
v -0.15545400 -0.02690430 -0.04860347
v -0.15545400 -0.06130859 -0.04860347
v -0.15545400 -0.02690430 -0.04860347
v -0.15717271 -0.06130859 -0.04959956
v -0.15717271 -0.02690430 -0.04959956
v -0.15717271 -0.06130859 -0.04959956
v -0.15717271 -0.02690430 -0.04959956
v -0.15904771 -0.06130859 -0.05022456
v -0.15904771 -0.02690430 -0.05022456
v -0.15873521 0.06630860 -0.05014644
v -0.15717271 0.04190430 -0.04959956
v -0.15701650 0.06630860 -0.04954097
v -0.15701650 0.06630860 -0.04954097
v -0.15717271 0.04190430 -0.04959956
v -0.15592271 0.07628907 -0.04887691
v -0.15701650 0.06630860 -0.04954097
v -0.15592271 0.07628907 -0.04887691
v -0.15701650 0.07625000 -0.04954097
v -0.15717271 0.04190430 -0.04959956
v -0.15873521 0.06630860 -0.05014644
v -0.15904771 0.04190430 -0.05022456
v -0.15904771 0.04190430 -0.05022456
v -0.15873521 0.06630860 -0.05014644
v -0.16045400 0.06630860 -0.05041987
v -0.15904771 0.04190430 -0.05022456
v -0.16045400 0.06630860 -0.05041987
v -0.16092271 0.04190430 -0.05043941
v -0.16092271 0.04190430 -0.05043941
v -0.16045400 0.06630860 -0.05041987
v -0.16217271 0.06630860 -0.05036128
v -0.16092271 0.04190430 -0.05043941
v -0.16217271 0.06630860 -0.05036128
v -0.16295400 0.04190430 -0.05022456
v -0.16295400 0.04190430 -0.05022456
v -0.16217271 0.06630860 -0.05036128
v -0.16389150 0.06630860 -0.04995112
v -0.16295400 0.04190430 -0.05022456
v -0.16389150 0.06630860 -0.04995112
v -0.16467271 0.04190430 -0.04959956
v -0.16467271 0.04190430 -0.04959956
v -0.16389150 0.06630860 -0.04995112
v -0.16545400 0.06630860 -0.04922847
v -0.16467271 0.04190430 -0.04959956
v -0.16545400 0.06630860 -0.04922847
v -0.16639150 0.04190430 -0.04860347
v -0.16639150 0.04190430 -0.04860347
v -0.16545400 0.06630860 -0.04922847
v -0.16686021 0.06630860 -0.04821284
v -0.16639150 0.04190430 -0.04860347
v -0.16686021 0.06630860 -0.04821284
v -0.16779771 0.04190430 -0.04725581
v -0.16779771 0.04190430 -0.04725581
v -0.16686021 0.06630860 -0.04821284
v -0.16811021 0.06630860 -0.04694331
v -0.16779771 0.04190430 -0.04725581
v -0.16811021 0.06630860 -0.04694331
v -0.16889150 0.04190430 -0.04565425
v -0.16889150 0.04190430 -0.04565425
v -0.16811021 0.06630860 -0.04694331
v -0.16904771 0.06630860 -0.04545894
v -0.16889150 0.04190430 -0.04565425
v -0.16904771 0.06630860 -0.04545894
v -0.16967271 0.04190430 -0.04383784
v -0.16967271 0.04190430 -0.04383784
v -0.16904771 0.06630860 -0.04545894
v -0.16967271 0.07630861 -0.04391597
v -0.16967271 0.04190430 -0.04383784
v -0.16967271 0.07630861 -0.04391597
v -0.16998521 0.07630861 -0.04227534
v -0.16904771 0.06630860 -0.04545894
v -0.16904771 0.07630861 -0.04545894
v -0.16967271 0.07630861 -0.04391597
v -0.16967271 0.04190430 -0.04383784
v -0.16998521 0.07630861 -0.04227534
v -0.16998521 0.04190430 -0.04192378
v -0.16998521 0.04190430 -0.04192378
v -0.16998521 0.07630861 -0.04227534
v -0.16998521 0.07630861 -0.04063472
v -0.16998521 0.04190430 -0.04192378
v -0.16998521 0.07630861 -0.04063472
v -0.16982900 0.04190430 -0.03999019
v -0.16982900 0.04190430 -0.03999019
v -0.16998521 0.07630861 -0.04063472
v -0.16967271 0.07630861 -0.03899409
v -0.16982900 0.04190430 -0.03999019
v -0.16967271 0.07630861 -0.03899409
v -0.16936021 0.04190430 -0.03811519
v -0.16936021 0.04190430 -0.03811519
v -0.16967271 0.07630861 -0.03899409
v -0.16904771 0.06630860 -0.03745112
v -0.16936021 0.04190430 -0.03811519
v -0.16904771 0.06630860 -0.03745112
v -0.16842271 0.04190430 -0.03639644
v -0.16842271 0.04190430 -0.03639644
v -0.16904771 0.06630860 -0.03745112
v -0.16811021 0.06630860 -0.03596675
v -0.16842271 0.04190430 -0.03639644
v -0.16811021 0.06630860 -0.03596675
v -0.16717271 0.04190430 -0.03491206
v -0.16717271 0.04190430 -0.03491206
v -0.16811021 0.06630860 -0.03596675
v -0.16686021 0.06630860 -0.03467769
v -0.16717271 0.04190430 -0.03491206
v -0.16686021 0.06630860 -0.03467769
v -0.16561021 0.04190430 -0.03372066
v -0.16561021 0.04190430 -0.03372066
v -0.16686021 0.06630860 -0.03467769
v -0.16545400 0.06630860 -0.03366206
v -0.16561021 0.04190430 -0.03372066
v -0.16545400 0.06630860 -0.03366206
v -0.16389150 0.04190430 -0.03290034
v -0.16389150 0.06630860 -0.03291987
v -0.16389150 0.04190430 -0.03290034
v -0.16389150 0.06630860 -0.03291987
v -0.16217271 0.06630860 -0.03252925
v -0.16967271 0.07630861 -0.03899409
v -0.16904771 0.07630861 -0.03745112
v -0.16904771 0.06630860 -0.03745112
v -0.16389150 0.04190430 -0.03290034
v -0.16217271 0.06630860 -0.03252925
v -0.16186021 0.04190430 -0.03249019
v -0.16186021 0.04190430 -0.03249019
v -0.16217271 0.06630860 -0.03252925
v -0.16045400 0.06630860 -0.03245112
v -0.16186021 0.04190430 -0.03249019
v -0.16045400 0.06630860 -0.03245112
v -0.15998521 0.04190430 -0.03249019
v -0.15998521 0.04190430 -0.03249019
v -0.16045400 0.06630860 -0.03245112
v -0.15873521 0.06630860 -0.03272456
v -0.15998521 0.04190430 -0.03249019
v -0.15873521 0.06630860 -0.03272456
v -0.15811021 0.04190430 -0.03290034
v -0.15811021 0.04190430 -0.03290034
v -0.15873521 0.06630860 -0.03272456
v -0.15701650 0.06630860 -0.03333003
v -0.15811021 0.04190430 -0.03290034
v -0.15701650 0.06630860 -0.03333003
v -0.15639150 0.04190430 -0.03372066
v -0.15639150 0.04190430 -0.03372066
v -0.15701650 0.06630860 -0.03333003
v -0.15701650 0.07630861 -0.03333003
v -0.15639150 0.04190430 -0.03372066
v -0.15701650 0.07630861 -0.03333003
v -0.15545400 0.07630861 -0.03436519
v -0.15639150 0.04190430 -0.03372066
v -0.15545400 0.07630861 -0.03436519
v -0.15482900 0.04190430 -0.03491206
v -0.15482900 0.04190430 -0.03491206
v -0.15545400 0.07630861 -0.03436519
v -0.15404771 0.07630861 -0.03571284
v -0.15482900 0.04190430 -0.03491206
v -0.15404771 0.07630861 -0.03571284
v -0.15357900 0.04190430 -0.03639644
v -0.15357900 0.04190430 -0.03639644
v -0.15404771 0.07630861 -0.03571284
v -0.15295400 0.07630861 -0.03733394
v -0.15357900 0.04190430 -0.03639644
v -0.15295400 0.07630861 -0.03733394
v -0.15264150 0.04190430 -0.03811519
v -0.15264150 0.04190430 -0.03811519
v -0.15295400 0.07630861 -0.03733394
v -0.15232900 0.07630861 -0.03913081
v -0.15264150 0.04190430 -0.03811519
v -0.15232900 0.07630861 -0.03913081
v -0.15201650 0.04190430 -0.03999019
v -0.15201650 0.04190430 -0.03999019
v -0.15232900 0.07630861 -0.03913081
v -0.15201650 0.07630861 -0.04104487
v -0.15201650 0.04190430 -0.03999019
v -0.15201650 0.07630861 -0.04104487
v -0.15201650 0.04190430 -0.04192378
v -0.15201650 0.07630861 -0.04297847
v -0.15201650 0.04190430 -0.04192378
v -0.15201650 0.07630861 -0.04297847
v -0.15232900 0.04190430 -0.04383784
v -0.15232900 0.04190430 -0.04383784
v -0.15201650 0.07630861 -0.04297847
v -0.15264150 0.07630861 -0.04483394
v -0.15232900 0.04190430 -0.04383784
v -0.15264150 0.07630861 -0.04483394
v -0.15295400 0.04190430 -0.04565425
v -0.15295400 0.04190430 -0.04565425
v -0.15264150 0.07630861 -0.04483394
v -0.15357900 0.07630861 -0.04653316
v -0.15295400 0.04190430 -0.04565425
v -0.15357900 0.07630861 -0.04653316
v -0.15404771 0.04190430 -0.04725581
v -0.15404771 0.04190430 -0.04725581
v -0.15357900 0.07630861 -0.04653316
v -0.15482900 0.07630861 -0.04799800
v -0.15404771 0.04190430 -0.04725581
v -0.15482900 0.07630861 -0.04799800
v -0.15545400 0.04190430 -0.04860347
v -0.15545400 0.04190430 -0.04860347
v -0.15482900 0.07630861 -0.04799800
v -0.15592271 0.07628907 -0.04887691
v -0.15545400 0.04190430 -0.04860347
v -0.15592271 0.07628907 -0.04887691
v -0.15717271 0.04190430 -0.04959956
v -0.16092271 0.00750000 -0.05043941
v -0.16295400 0.00750000 -0.05022456
v -0.16295400 0.00750000 -0.05022456
v -0.16467271 0.00750000 -0.04959956
v -0.16467271 0.00750000 -0.04959956
v -0.16639150 0.00750000 -0.04860347
v -0.16639150 0.00750000 -0.04860347
v -0.16779771 0.00750000 -0.04725581
v -0.16779771 0.00750000 -0.04725581
v -0.16889150 0.00750000 -0.04565425
v -0.16889150 0.00750000 -0.04565425
v -0.16967271 0.00750000 -0.04383784
v -0.16967271 0.00750000 -0.04383784
v -0.16998521 0.00750000 -0.04192378
v -0.16998521 0.00750000 -0.04192378
v -0.16982900 0.00750000 -0.03999019
v -0.16982900 0.00750000 -0.03999019
v -0.16936021 0.00750000 -0.03811519
v -0.16936021 0.00750000 -0.03811519
v -0.16842271 0.00750000 -0.03639644
v -0.16842271 0.00750000 -0.03639644
v -0.16717271 0.00750000 -0.03491206
v -0.16717271 0.00750000 -0.03491206
v -0.16561021 0.00750000 -0.03372066
v -0.16561021 0.00750000 -0.03372066
v -0.16389150 0.00750000 -0.03290034
v -0.16389150 0.00750000 -0.03290034
v -0.16186021 0.00750000 -0.03249019
v -0.16186021 0.00750000 -0.03249019
v -0.15998521 0.00750000 -0.03249019
v -0.15998521 0.00750000 -0.03249019
v -0.15811021 0.00750000 -0.03290034
v -0.15811021 0.00750000 -0.03290034
v -0.15639150 0.00750000 -0.03372066
v -0.15639150 0.00750000 -0.03372066
v -0.15482900 0.00750000 -0.03491206
v -0.15482900 0.00750000 -0.03491206
v -0.15357900 0.00750000 -0.03639644
v -0.15357900 0.00750000 -0.03639644
v -0.15264150 0.00750000 -0.03811519
v -0.15264150 0.00750000 -0.03811519
v -0.15201650 0.00750000 -0.03999019
v -0.15201650 0.00750000 -0.03999019
v -0.15201650 0.00750000 -0.04192378
v -0.15201650 0.00750000 -0.04192378
v -0.15232900 0.00750000 -0.04383784
v -0.15232900 0.00750000 -0.04383784
v -0.15295400 0.00750000 -0.04565425
v -0.15295400 0.00750000 -0.04565425
v -0.15404771 0.00750000 -0.04725581
v -0.15404771 0.00750000 -0.04725581
v -0.15545400 0.00750000 -0.04860347
v -0.15545400 0.00750000 -0.04860347
v -0.15717271 0.00750000 -0.04959956
v -0.15717271 0.00750000 -0.04959956
v -0.15904771 0.00750000 -0.05022456
v -0.15904771 0.00750000 -0.05022456
v -0.16092271 0.00750000 -0.05043941
v -0.17561021 -0.07554689 -0.05344722
v -0.17389150 -0.07492189 -0.05530269
v -0.17561021 -0.06630860 -0.05344722
v -0.17561021 -0.06630860 -0.05344722
v -0.17389150 -0.07492189 -0.05530269
v -0.17389150 -0.06130859 -0.05536128
v -0.17576650 -0.06130859 -0.05329097
v -0.17389150 -0.07492189 -0.05530269
v -0.17201650 -0.07423828 -0.05686519
v -0.17389150 -0.06130859 -0.05536128
v -0.17389150 -0.06130859 -0.05536128
v -0.17201650 -0.07423828 -0.05686519
v -0.17170400 -0.06130859 -0.05713862
v -0.17170400 -0.06130859 -0.05713862
v -0.17201650 -0.07423828 -0.05686519
v -0.16998521 -0.07355469 -0.05813472
v -0.17170400 -0.06130859 -0.05713862
v -0.16998521 -0.07355469 -0.05813472
v -0.16920400 -0.06130859 -0.05856441
v -0.16920400 -0.06130859 -0.05856441
v -0.16998521 -0.07355469 -0.05813472
v -0.16779771 -0.07289064 -0.05916987
v -0.16920400 -0.06130859 -0.05856441
v -0.16779771 -0.07289064 -0.05916987
v -0.16654771 -0.06130859 -0.05959956
v -0.16654771 -0.06130859 -0.05959956
v -0.16779771 -0.07289064 -0.05916987
v -0.16529771 -0.07236328 -0.05993159
v -0.16654771 -0.06130859 -0.05959956
v -0.16529771 -0.07236328 -0.05993159
v -0.16373521 -0.06130859 -0.06022456
v -0.16373521 -0.06130859 -0.06022456
v -0.16529771 -0.07236328 -0.05993159
v -0.16279771 -0.07204103 -0.06034175
v -0.16373521 -0.06130859 -0.06022456
v -0.16279771 -0.07204103 -0.06034175
v -0.16092271 -0.06130859 -0.06043941
v -0.16092271 -0.06130859 -0.06043941
v -0.16279771 -0.07204103 -0.06034175
v -0.16154771 -0.07197266 -0.06041987
v -0.16092271 -0.06130859 -0.06043941
v -0.16154771 -0.07197266 -0.06041987
v -0.16029771 -0.07197266 -0.06041987
v -0.16092271 -0.06130859 -0.06043941
v -0.16029771 -0.07197266 -0.06041987
v -0.15811021 -0.06130859 -0.06022456
v -0.15811021 -0.06130859 -0.06022456
v -0.16029771 -0.07197266 -0.06041987
v -0.15779771 -0.07217775 -0.06018550
v -0.15811021 -0.06130859 -0.06022456
v -0.15779771 -0.07217775 -0.06018550
v -0.15529771 -0.06130859 -0.05959956
v -0.15529771 -0.06130859 -0.05959956
v -0.15779771 -0.07217775 -0.06018550
v -0.15529771 -0.07260743 -0.05958003
v -0.15529771 -0.06130859 -0.05959956
v -0.15529771 -0.07260743 -0.05958003
v -0.15295400 -0.07321289 -0.05868159
v -0.15264150 -0.06130859 -0.05856441
v -0.15264150 -0.06130859 -0.05856441
v -0.15295400 -0.07321289 -0.05868159
v -0.15076650 -0.07389650 -0.05750972
v -0.15264150 -0.06130859 -0.05856441
v -0.15076650 -0.07389650 -0.05750972
v -0.15029771 -0.06130859 -0.05713862
v -0.15029771 -0.06130859 -0.05713862
v -0.15076650 -0.07389650 -0.05750972
v -0.14889150 -0.07458985 -0.05610347
v -0.14795400 -0.06130859 -0.05536128
v -0.14795400 -0.06130859 -0.05536128
v -0.14889150 -0.07458985 -0.05610347
v -0.14701650 -0.07525391 -0.05440425
v -0.14795400 -0.06130859 -0.05536128
v -0.14701650 -0.07525391 -0.05440425
v -0.14607900 -0.06130859 -0.05329097
v -0.14607900 -0.06130859 -0.05329097
v -0.14701650 -0.07525391 -0.05440425
v -0.14545400 -0.07581055 -0.05243159
v -0.14607900 -0.06130859 -0.05329097
v -0.14545400 -0.07581055 -0.05243159
v -0.14451650 -0.06130859 -0.05094722
v -0.14451650 -0.06130859 -0.05094722
v -0.14545400 -0.07581055 -0.05243159
v -0.14420400 -0.07617189 -0.05026362
v -0.14451650 -0.06130859 -0.05094722
v -0.14420400 -0.07617189 -0.05026362
v -0.14326650 -0.06130859 -0.04838862
v -0.14326650 -0.06130859 -0.04838862
v -0.14420400 -0.07617189 -0.05026362
v -0.14311021 -0.07630861 -0.04799800
v -0.14326650 -0.06130859 -0.04838862
v -0.14311021 -0.07630861 -0.04799800
v -0.14248521 -0.06130859 -0.04567378
v -0.14232900 -0.07630861 -0.04530269
v -0.14248521 -0.06130859 -0.04567378
v -0.14232900 -0.07630861 -0.04530269
v -0.14201650 -0.06130859 -0.04286128
v -0.14201650 -0.06130859 -0.04286128
v -0.14232900 -0.07630861 -0.04530269
v -0.14201650 -0.07630861 -0.04250972
v -0.14201650 -0.06130859 -0.04286128
v -0.14201650 -0.07630861 -0.04250972
v -0.14201650 -0.06130859 -0.04000972
v -0.14201650 -0.07630861 -0.03969722
v -0.14201650 -0.06130859 -0.04000972
v -0.14201650 -0.07630861 -0.03969722
v -0.14248521 -0.06130859 -0.03721675
v -0.14248521 -0.07630861 -0.03694331
v -0.14248521 -0.06130859 -0.03721675
v -0.14248521 -0.07630861 -0.03694331
v -0.14326650 -0.06130859 -0.03450191
v -0.14326650 -0.06130859 -0.03450191
v -0.14248521 -0.07630861 -0.03694331
v -0.14342271 -0.07630861 -0.03426753
v -0.14326650 -0.06130859 -0.03450191
v -0.14342271 -0.07630861 -0.03426753
v -0.14451650 -0.06130859 -0.03194331
v -0.14467271 -0.07630861 -0.03174800
v -0.14451650 -0.06130859 -0.03194331
v -0.14467271 -0.07630861 -0.03174800
v -0.14607900 -0.06130859 -0.02959956
v -0.14607900 -0.06130859 -0.02959956
v -0.14467271 -0.07630861 -0.03174800
v -0.14623521 -0.07630861 -0.02944331
v -0.14607900 -0.06130859 -0.02959956
v -0.14623521 -0.07630861 -0.02944331
v -0.14795400 -0.06130859 -0.02750972
v -0.14811021 -0.07630861 -0.02739253
v -0.14795400 -0.06130859 -0.02750972
v -0.14811021 -0.07630861 -0.02739253
v -0.15029771 -0.06130859 -0.02573237
v -0.15029771 -0.06130859 -0.02573237
v -0.14811021 -0.07630861 -0.02739253
v -0.15029771 -0.07630861 -0.02567378
v -0.15029771 -0.06130859 -0.02573237
v -0.15029771 -0.07630861 -0.02567378
v -0.15264150 -0.06130859 -0.02432612
v -0.15264150 -0.06130859 -0.02432612
v -0.15029771 -0.07630861 -0.02567378
v -0.15279771 -0.07630861 -0.02428706
v -0.15264150 -0.06130859 -0.02432612
v -0.15279771 -0.07630861 -0.02428706
v -0.15529771 -0.06130859 -0.02329097
v -0.15545400 -0.07630861 -0.02327144
v -0.15529771 -0.06130859 -0.02329097
v -0.15545400 -0.07630861 -0.02327144
v -0.15811021 -0.06130859 -0.02264644
v -0.15811021 -0.06130859 -0.02264644
v -0.15545400 -0.07630861 -0.02327144
v -0.15811021 -0.07630861 -0.02264644
v -0.15811021 -0.06130859 -0.02264644
v -0.15811021 -0.07630861 -0.02264644
v -0.16092271 -0.06130859 -0.02243159
v -0.16092271 -0.07630861 -0.02243159
v -0.16092271 -0.06130859 -0.02243159
v -0.16092271 -0.07630861 -0.02243159
v -0.16373521 -0.07630861 -0.02264644
v -0.16373521 -0.06130859 -0.02264644
v -0.16373521 -0.06130859 -0.02264644
v -0.16373521 -0.07630861 -0.02264644
v -0.16654771 -0.07630861 -0.02327144
v -0.16373521 -0.06130859 -0.02264644
v -0.16654771 -0.07630861 -0.02327144
v -0.16654771 -0.06130859 -0.02329097
v -0.16654771 -0.06130859 -0.02329097
v -0.16654771 -0.07630861 -0.02327144
v -0.16904771 -0.07630861 -0.02428706
v -0.16654771 -0.06130859 -0.02329097
v -0.16904771 -0.07630861 -0.02428706
v -0.16920400 -0.06130859 -0.02432612
v -0.16920400 -0.06130859 -0.02432612
v -0.16904771 -0.07630861 -0.02428706
v -0.17154771 -0.07630861 -0.02567378
v -0.17170400 -0.06130859 -0.02573237
v -0.17170400 -0.06130859 -0.02573237
v -0.17154771 -0.07630861 -0.02567378
v -0.17373521 -0.07630861 -0.02741206
v -0.17170400 -0.06130859 -0.02573237
v -0.17373521 -0.07630861 -0.02741206
v -0.17389150 -0.06130859 -0.02750972
v -0.17389150 -0.06130859 -0.02750972
v -0.17373521 -0.07630861 -0.02741206
v -0.17576650 -0.07630861 -0.02946284
v -0.17389150 -0.06130859 -0.02750972
v -0.17576650 -0.07630861 -0.02946284
v -0.17576650 -0.06630860 -0.02946284
v -0.17389150 -0.06130859 -0.02750972
v -0.17576650 -0.06630860 -0.02946284
v -0.17576650 -0.06130859 -0.02959956
v -0.17576650 -0.06130859 -0.02959956
v -0.17576650 -0.06630860 -0.02946284
v -0.17701650 -0.06630860 -0.03127925
v -0.17576650 -0.06130859 -0.02959956
v -0.17701650 -0.06630860 -0.03127925
v -0.17748521 -0.06130859 -0.03194331
v -0.17748521 -0.06130859 -0.03194331
v -0.17701650 -0.06630860 -0.03127925
v -0.17811021 -0.06630860 -0.03323237
v -0.17748521 -0.06130859 -0.03194331
v -0.17811021 -0.06630860 -0.03323237
v -0.17857900 -0.06130859 -0.03450191
v -0.17857900 -0.06130859 -0.03450191
v -0.17811021 -0.06630860 -0.03323237
v -0.17889150 -0.06630860 -0.03530269
v -0.17857900 -0.06130859 -0.03450191
v -0.17889150 -0.06630860 -0.03530269
v -0.17951650 -0.06130859 -0.03721675
v -0.17951650 -0.06130859 -0.03721675
v -0.17889150 -0.06630860 -0.03530269
v -0.17951650 -0.06630860 -0.03745112
v -0.17951650 -0.06130859 -0.03721675
v -0.17951650 -0.06630860 -0.03745112
v -0.17982900 -0.06130859 -0.04000972
v -0.17982900 -0.06130859 -0.04000972
v -0.17951650 -0.06630860 -0.03745112
v -0.17951650 -0.07630861 -0.03745112
v -0.17982900 -0.06130859 -0.04000972
v -0.17951650 -0.07630861 -0.03745112
v -0.17998521 -0.07630861 -0.04010737
v -0.17982900 -0.06130859 -0.04000972
v -0.17998521 -0.07630861 -0.04010737
v -0.17982900 -0.06130859 -0.04286128
v -0.17982900 -0.06130859 -0.04286128
v -0.17998521 -0.07630861 -0.04010737
v -0.17982900 -0.07630861 -0.04280269
v -0.17982900 -0.06130859 -0.04286128
v -0.17982900 -0.07630861 -0.04280269
v -0.17951650 -0.07630861 -0.04545894
v -0.17951650 -0.06630860 -0.04545894
v -0.17982900 -0.06130859 -0.04286128
v -0.17951650 -0.06630860 -0.04545894
v -0.17951650 -0.06130859 -0.04567378
v -0.17951650 -0.06130859 -0.04567378
v -0.17951650 -0.06630860 -0.04545894
v -0.17889150 -0.06630860 -0.04760737
v -0.17951650 -0.06130859 -0.04567378
v -0.17889150 -0.06630860 -0.04760737
v -0.17857900 -0.06130859 -0.04838862
v -0.17857900 -0.06130859 -0.04838862
v -0.17889150 -0.06630860 -0.04760737
v -0.17811021 -0.06630860 -0.04967769
v -0.17857900 -0.06130859 -0.04838862
v -0.17811021 -0.06630860 -0.04967769
v -0.17748521 -0.06130859 -0.05094722
v -0.17748521 -0.06130859 -0.05094722
v -0.17811021 -0.06630860 -0.04967769
v -0.17701650 -0.06630860 -0.05163081
v -0.17748521 -0.06130859 -0.05094722
v -0.17701650 -0.06630860 -0.05163081
v -0.17576650 -0.06130859 -0.05329097
v -0.17576650 -0.06130859 -0.05329097
v -0.17701650 -0.06630860 -0.05163081
v -0.17561021 -0.06630860 -0.05344722
v -0.16373521 -0.06130859 -0.06022456
v -0.16092271 -0.06130859 -0.06043941
v -0.16092271 -0.06130859 -0.05043941
v -0.15811021 -0.06130859 -0.06022456
v -0.15904771 -0.06130859 -0.05022456
v -0.15529771 -0.06130859 -0.05959956
v -0.15717271 -0.06130859 -0.04959956
v -0.15264150 -0.06130859 -0.05856441
v -0.15029771 -0.06130859 -0.05713862
v -0.15545400 -0.06130859 -0.04860347
v -0.14795400 -0.06130859 -0.05536128
v -0.15404771 -0.06130859 -0.04725581
v -0.14607900 -0.06130859 -0.05329097
v -0.14451650 -0.06130859 -0.05094722
v -0.15295400 -0.06130859 -0.04565425
v -0.14326650 -0.06130859 -0.04838862
v -0.15232900 -0.06130859 -0.04383784
v -0.14248521 -0.06130859 -0.04567378
v -0.15201650 -0.06130859 -0.04192378
v -0.14201650 -0.06130859 -0.04286128
v -0.14201650 -0.06130859 -0.04000972
v -0.15201650 -0.06130859 -0.03999019
v -0.14248521 -0.06130859 -0.03721675
v -0.15264150 -0.06130859 -0.03811519
v -0.14326650 -0.06130859 -0.03450191
v -0.14451650 -0.06130859 -0.03194331
v -0.15357900 -0.06130859 -0.03639644
v -0.14607900 -0.06130859 -0.02959956
v -0.15482900 -0.06130859 -0.03491206
v -0.14795400 -0.06130859 -0.02750972
v -0.15029771 -0.06130859 -0.02573237
v -0.15639150 -0.06130859 -0.03372066
v -0.15264150 -0.06130859 -0.02432612
v -0.15811021 -0.06130859 -0.03290034
v -0.15529771 -0.06130859 -0.02329097
v -0.15811021 -0.06130859 -0.02264644
v -0.15998521 -0.06130859 -0.03249019
v -0.16092271 -0.06130859 -0.02243159
v -0.16186021 -0.06130859 -0.03249019
v -0.16373521 -0.06130859 -0.02264644
v -0.16389150 -0.06130859 -0.03290034
v -0.16654771 -0.06130859 -0.02329097
v -0.16920400 -0.06130859 -0.02432612
v -0.16561021 -0.06130859 -0.03372066
v -0.17170400 -0.06130859 -0.02573237
v -0.16717271 -0.06130859 -0.03491206
v -0.17389150 -0.06130859 -0.02750972
v -0.17576650 -0.06130859 -0.02959956
v -0.16842271 -0.06130859 -0.03639644
v -0.17748521 -0.06130859 -0.03194331
v -0.16936021 -0.06130859 -0.03811519
v -0.17857900 -0.06130859 -0.03450191
v -0.17951650 -0.06130859 -0.03721675
v -0.16982900 -0.06130859 -0.03999019
v -0.17982900 -0.06130859 -0.04000972
v -0.16998521 -0.06130859 -0.04192378
v -0.17982900 -0.06130859 -0.04286128
v -0.17951650 -0.06130859 -0.04567378
v -0.16967271 -0.06130859 -0.04383784
v -0.17857900 -0.06130859 -0.04838862
v -0.16889150 -0.06130859 -0.04565425
v -0.17748521 -0.06130859 -0.05094722
v -0.16779771 -0.06130859 -0.04725581
v -0.17576650 -0.06130859 -0.05329097
v -0.17389150 -0.06130859 -0.05536128
v -0.16639150 -0.06130859 -0.04860347
v -0.17170400 -0.06130859 -0.05713862
v -0.16467271 -0.06130859 -0.04959956
v -0.16920400 -0.06130859 -0.05856441
v -0.16654771 -0.06130859 -0.05959956
v -0.16295400 -0.06130859 -0.05022456
v -0.16404771 -0.06130859 0.02143560
v -0.16123521 -0.06130859 0.02122075
v -0.16123521 -0.06130859 0.03122075
v -0.15842271 -0.06130859 0.02143560
v -0.15936021 -0.06130859 0.03143560
v -0.15561021 -0.06130859 0.02208013
v -0.15748521 -0.06130859 0.03206059
v -0.15295400 -0.06130859 0.02311528
v -0.15061021 -0.06130859 0.02452153
v -0.15576650 -0.06130859 0.03305669
v -0.14826650 -0.06130859 0.02629888
v -0.15436021 -0.06130859 0.03440434
v -0.14639150 -0.06130859 0.02838872
v -0.14482900 -0.06130859 0.03073247
v -0.15326650 -0.06130859 0.03600590
v -0.14357900 -0.06130859 0.03329106
v -0.15264150 -0.06130859 0.03782231
v -0.14279771 -0.06130859 0.03600590
v -0.15232900 -0.06130859 0.03973637
v -0.14232900 -0.06130859 0.03879887
v -0.14232900 -0.06130859 0.04165044
v -0.15232900 -0.06130859 0.04168950
v -0.14279771 -0.06130859 0.04446294
v -0.15295400 -0.06130859 0.04356450
v -0.14357900 -0.06130859 0.04717778
v -0.14482900 -0.06130859 0.04973637
v -0.15373521 -0.06130859 0.04528325
v -0.14639150 -0.06130859 0.05208012
v -0.15514150 -0.06130859 0.04676762
v -0.14826650 -0.06130859 0.05415044
v -0.15061021 -0.06130859 0.05592778
v -0.15654771 -0.06130859 0.04793950
v -0.15295400 -0.06130859 0.05735356
v -0.15842271 -0.06130859 0.04875981
v -0.15561021 -0.06130859 0.05838872
v -0.15842271 -0.06130859 0.05901372
v -0.16029771 -0.06130859 0.04916997
v -0.16123521 -0.06130859 0.05922856
v -0.16217271 -0.06130859 0.04916997
v -0.16404771 -0.06130859 0.05901372
v -0.16420400 -0.06130859 0.04875981
v -0.16686021 -0.06130859 0.05838872
v -0.16951650 -0.06130859 0.05735356
v -0.16592271 -0.06130859 0.04793950
v -0.17201650 -0.06130859 0.05592778
v -0.16748521 -0.06130859 0.04676762
v -0.17420400 -0.06130859 0.05415044
v -0.17607900 -0.06130859 0.05208012
v -0.16873521 -0.06130859 0.04528325
v -0.17764150 -0.06130859 0.04973637
v -0.16967271 -0.06130859 0.04356450
v -0.17889150 -0.06130859 0.04717778
v -0.17982900 -0.06130859 0.04446294
v -0.17014150 -0.06130859 0.04168950
v -0.18014150 -0.06130859 0.04165044
v -0.17029771 -0.06130859 0.03973637
v -0.18014150 -0.06130859 0.03879887
v -0.17982900 -0.06130859 0.03600590
v -0.16998521 -0.06130859 0.03782231
v -0.17889150 -0.06130859 0.03329106
v -0.16920400 -0.06130859 0.03600590
v -0.17764150 -0.06130859 0.03073247
v -0.16811021 -0.06130859 0.03440434
v -0.17607900 -0.06130859 0.02838872
v -0.17420400 -0.06130859 0.02629888
v -0.16670400 -0.06130859 0.03305669
v -0.17201650 -0.06130859 0.02452153
v -0.16498521 -0.06130859 0.03206059
v -0.16951650 -0.06130859 0.02311528
v -0.16686021 -0.06130859 0.02208013
v -0.16326650 -0.06130859 0.03143560
v -0.17764150 -0.06630860 0.03053716
v -0.17764150 -0.07630861 0.03053716
v -0.17607900 -0.06130859 0.02838872
v -0.17607900 -0.06130859 0.02838872
v -0.17764150 -0.07630861 0.03053716
v -0.17607900 -0.07630861 0.02829106
v -0.17607900 -0.06130859 0.02838872
v -0.17607900 -0.07630861 0.02829106
v -0.17420400 -0.06130859 0.02629888
v -0.17420400 -0.06130859 0.02629888
v -0.17607900 -0.07630861 0.02829106
v -0.17420400 -0.07630861 0.02629888
v -0.17420400 -0.06130859 0.02629888
v -0.17420400 -0.07630861 0.02629888
v -0.17201650 -0.07630861 0.02458013
v -0.17420400 -0.06130859 0.02629888
v -0.17201650 -0.07630861 0.02458013
v -0.17201650 -0.06130859 0.02452153
v -0.17201650 -0.06130859 0.02452153
v -0.17201650 -0.07630861 0.02458013
v -0.16967271 -0.07630861 0.02319341
v -0.17201650 -0.06130859 0.02452153
v -0.16967271 -0.07630861 0.02319341
v -0.16951650 -0.06130859 0.02311528
v -0.16951650 -0.06130859 0.02311528
v -0.16967271 -0.07630861 0.02319341
v -0.16717271 -0.07630861 0.02215825
v -0.16951650 -0.06130859 0.02311528
v -0.16717271 -0.07630861 0.02215825
v -0.16686021 -0.06130859 0.02208013
v -0.16686021 -0.06130859 0.02208013
v -0.16717271 -0.07630861 0.02215825
v -0.16451650 -0.07630861 0.02151372
v -0.16686021 -0.06130859 0.02208013
v -0.16451650 -0.07630861 0.02151372
v -0.16404771 -0.06130859 0.02143560
v -0.16404771 -0.06130859 0.02143560
v -0.16451650 -0.07630861 0.02151372
v -0.16170400 -0.07630861 0.02124028
v -0.16404771 -0.06130859 0.02143560
v -0.16170400 -0.07630861 0.02124028
v -0.16123521 -0.06130859 0.02122075
v -0.16123521 -0.06130859 0.02122075
v -0.16170400 -0.07630861 0.02124028
v -0.15904771 -0.07630861 0.02135747
v -0.16123521 -0.06130859 0.02122075
v -0.15904771 -0.07630861 0.02135747
v -0.15842271 -0.06130859 0.02143560
v -0.15842271 -0.06130859 0.02143560
v -0.15904771 -0.07630861 0.02135747
v -0.15639150 -0.07630861 0.02186528
v -0.15842271 -0.06130859 0.02143560
v -0.15639150 -0.07630861 0.02186528
v -0.15561021 -0.06130859 0.02208013
v -0.15561021 -0.06130859 0.02208013
v -0.15639150 -0.07630861 0.02186528
v -0.15373521 -0.07630861 0.02276372
v -0.15561021 -0.06130859 0.02208013
v -0.15373521 -0.07630861 0.02276372
v -0.15295400 -0.06130859 0.02311528
v -0.15295400 -0.06130859 0.02311528
v -0.15373521 -0.07630861 0.02276372
v -0.15139150 -0.07630861 0.02403325
v -0.15295400 -0.06130859 0.02311528
v -0.15139150 -0.07630861 0.02403325
v -0.15061021 -0.06130859 0.02452153
v -0.15061021 -0.06130859 0.02452153
v -0.15139150 -0.07630861 0.02403325
v -0.14904771 -0.07630861 0.02563481
v -0.15061021 -0.06130859 0.02452153
v -0.14904771 -0.07630861 0.02563481
v -0.14826650 -0.06130859 0.02629888
v -0.14826650 -0.06130859 0.02629888
v -0.14904771 -0.07630861 0.02563481
v -0.14717271 -0.07630861 0.02752935
v -0.14826650 -0.06130859 0.02629888
v -0.14717271 -0.07630861 0.02752935
v -0.14639150 -0.06130859 0.02838872
v -0.14639150 -0.06130859 0.02838872
v -0.14717271 -0.07630861 0.02752935
v -0.14545400 -0.07630861 0.02969731
v -0.14639150 -0.06130859 0.02838872
v -0.14545400 -0.07630861 0.02969731
v -0.14482900 -0.06130859 0.03073247
v -0.14482900 -0.06130859 0.03073247
v -0.14545400 -0.07630861 0.02969731
v -0.14404771 -0.07630861 0.03206059
v -0.14482900 -0.06130859 0.03073247
v -0.14404771 -0.07630861 0.03206059
v -0.14357900 -0.06130859 0.03329106
v -0.14357900 -0.06130859 0.03329106
v -0.14404771 -0.07630861 0.03206059
v -0.14311021 -0.07630861 0.03461919
v -0.14357900 -0.06130859 0.03329106
v -0.14311021 -0.07630861 0.03461919
v -0.14279771 -0.06130859 0.03600590
v -0.14279771 -0.06130859 0.03600590
v -0.14311021 -0.07630861 0.03461919
v -0.14248521 -0.07630861 0.03729497
v -0.14279771 -0.06130859 0.03600590
v -0.14248521 -0.07630861 0.03729497
v -0.14232900 -0.06130859 0.03879887
v -0.14232900 -0.06130859 0.03879887
v -0.14248521 -0.07630861 0.03729497
v -0.14232900 -0.07630861 0.04000981
v -0.14232900 -0.06130859 0.03879887
v -0.14232900 -0.07630861 0.04000981
v -0.14232900 -0.06130859 0.04165044
v -0.14232900 -0.06130859 0.04165044
v -0.14232900 -0.07630861 0.04000981
v -0.14248521 -0.07630861 0.04274419
v -0.14232900 -0.06130859 0.04165044
v -0.14248521 -0.07630861 0.04274419
v -0.14279771 -0.06130859 0.04446294
v -0.14279771 -0.06130859 0.04446294
v -0.14248521 -0.07630861 0.04274419
v -0.14295400 -0.07630861 0.04541997
v -0.14279771 -0.06130859 0.04446294
v -0.14295400 -0.07630861 0.04541997
v -0.14357900 -0.06130859 0.04717778
v -0.14357900 -0.06130859 0.04717778
v -0.14295400 -0.07630861 0.04541997
v -0.14389150 -0.07630861 0.04799809
v -0.14357900 -0.06130859 0.04717778
v -0.14389150 -0.07630861 0.04799809
v -0.14482900 -0.06130859 0.04973637
v -0.14482900 -0.06130859 0.04973637
v -0.14389150 -0.07630861 0.04799809
v -0.14467271 -0.07625000 0.04942387
v -0.14482900 -0.06130859 0.04973637
v -0.14467271 -0.07625000 0.04942387
v -0.14529771 -0.07613282 0.05059575
v -0.14482900 -0.06130859 0.04973637
v -0.14529771 -0.07613282 0.05059575
v -0.14639150 -0.06130859 0.05208012
v -0.14639150 -0.06130859 0.05208012
v -0.14529771 -0.07613282 0.05059575
v -0.14607900 -0.07595703 0.05170903
v -0.14639150 -0.06130859 0.05208012
v -0.14607900 -0.07595703 0.05170903
v -0.14701650 -0.07572266 0.05278325
v -0.14639150 -0.06130859 0.05208012
v -0.14701650 -0.07572266 0.05278325
v -0.14826650 -0.06130859 0.05415044
v -0.14826650 -0.06130859 0.05415044
v -0.14701650 -0.07572266 0.05278325
v -0.14795400 -0.07544922 0.05377934
v -0.14826650 -0.06130859 0.05415044
v -0.14795400 -0.07544922 0.05377934
v -0.14889150 -0.07514650 0.05469731
v -0.14889150 -0.07514650 0.05469731
v -0.14998521 -0.07483400 0.05551762
v -0.14826650 -0.06130859 0.05415044
v -0.15061021 -0.06130859 0.05592778
v -0.15061021 -0.06130859 0.05592778
v -0.14998521 -0.07483400 0.05551762
v -0.15217271 -0.07420900 0.05690434
v -0.15061021 -0.06130859 0.05592778
v -0.15217271 -0.07420900 0.05690434
v -0.15295400 -0.06130859 0.05735356
v -0.15295400 -0.06130859 0.05735356
v -0.15217271 -0.07420900 0.05690434
v -0.15467271 -0.07361328 0.05801762
v -0.15295400 -0.06130859 0.05735356
v -0.15467271 -0.07361328 0.05801762
v -0.15561021 -0.06130859 0.05838872
v -0.15561021 -0.06130859 0.05838872
v -0.15467271 -0.07361328 0.05801762
v -0.15592271 -0.07334961 0.05846684
v -0.15561021 -0.06130859 0.05838872
v -0.15592271 -0.07334961 0.05846684
v -0.15717271 -0.07313478 0.05879887
v -0.15561021 -0.06130859 0.05838872
v -0.15717271 -0.07313478 0.05879887
v -0.15842271 -0.06130859 0.05901372
v -0.15842271 -0.06130859 0.05901372
v -0.15717271 -0.07313478 0.05879887
v -0.15857900 -0.07297853 0.05903325
v -0.15842271 -0.06130859 0.05901372
v -0.15857900 -0.07297853 0.05903325
v -0.15998521 -0.07289064 0.05918950
v -0.15842271 -0.06130859 0.05901372
v -0.15998521 -0.07289064 0.05918950
v -0.16123521 -0.06130859 0.05922856
v -0.16123521 -0.06130859 0.05922856
v -0.15998521 -0.07289064 0.05918950
v -0.16123521 -0.07285157 0.05922856
v -0.16123521 -0.06130859 0.05922856
v -0.16123521 -0.07285157 0.05922856
v -0.16264150 -0.07289064 0.05918950
v -0.16123521 -0.06130859 0.05922856
v -0.16264150 -0.07289064 0.05918950
v -0.16404771 -0.06130859 0.05901372
v -0.16404771 -0.06130859 0.05901372
v -0.16264150 -0.07289064 0.05918950
v -0.16389150 -0.07297853 0.05903325
v -0.16404771 -0.06130859 0.05901372
v -0.16389150 -0.07297853 0.05903325
v -0.16529771 -0.07313478 0.05879887
v -0.16404771 -0.06130859 0.05901372
v -0.16529771 -0.07313478 0.05879887
v -0.16686021 -0.06130859 0.05838872
v -0.16686021 -0.06130859 0.05838872
v -0.16529771 -0.07313478 0.05879887
v -0.16654771 -0.07334961 0.05846684
v -0.16686021 -0.06130859 0.05838872
v -0.16654771 -0.07334961 0.05846684
v -0.16795400 -0.07361328 0.05801762
v -0.16686021 -0.06130859 0.05838872
v -0.16795400 -0.07361328 0.05801762
v -0.16951650 -0.06130859 0.05735356
v -0.16951650 -0.06130859 0.05735356
v -0.16795400 -0.07361328 0.05801762
v -0.17029771 -0.07420900 0.05690434
v -0.16951650 -0.06130859 0.05735356
v -0.17029771 -0.07420900 0.05690434
v -0.17201650 -0.06130859 0.05592778
v -0.17201650 -0.06130859 0.05592778
v -0.17029771 -0.07420900 0.05690434
v -0.17248521 -0.07483400 0.05551762
v -0.17201650 -0.06130859 0.05592778
v -0.17248521 -0.07483400 0.05551762
v -0.17373521 -0.06630860 0.05454106
v -0.17373521 -0.06630860 0.05454106
v -0.17248521 -0.07483400 0.05551762
v -0.17373521 -0.07520508 0.05454106
v -0.17201650 -0.06130859 0.05592778
v -0.17373521 -0.06630860 0.05454106
v -0.17420400 -0.06130859 0.05415044
v -0.17420400 -0.06130859 0.05415044
v -0.17373521 -0.06630860 0.05454106
v -0.17545400 -0.06630860 0.05282231
v -0.17420400 -0.06130859 0.05415044
v -0.17545400 -0.06630860 0.05282231
v -0.17607900 -0.06130859 0.05208012
v -0.17607900 -0.06130859 0.05208012
v -0.17545400 -0.06630860 0.05282231
v -0.17701650 -0.06630860 0.05088872
v -0.17607900 -0.06130859 0.05208012
v -0.17701650 -0.06630860 0.05088872
v -0.17764150 -0.06130859 0.04973637
v -0.17764150 -0.06130859 0.04973637
v -0.17701650 -0.06630860 0.05088872
v -0.17826650 -0.06630860 0.04879887
v -0.17764150 -0.06130859 0.04973637
v -0.17826650 -0.06630860 0.04879887
v -0.17889150 -0.06130859 0.04717778
v -0.17889150 -0.06130859 0.04717778
v -0.17826650 -0.06630860 0.04879887
v -0.17920400 -0.06630860 0.04655278
v -0.17889150 -0.06130859 0.04717778
v -0.17920400 -0.06630860 0.04655278
v -0.17982900 -0.06130859 0.04446294
v -0.17982900 -0.06130859 0.04446294
v -0.17920400 -0.06630860 0.04655278
v -0.17920400 -0.07630861 0.04655278
v -0.17982900 -0.06130859 0.04446294
v -0.17920400 -0.07630861 0.04655278
v -0.17982900 -0.07630861 0.04393559
v -0.17982900 -0.06130859 0.04446294
v -0.17982900 -0.07630861 0.04393559
v -0.18014150 -0.06130859 0.04165044
v -0.18014150 -0.06130859 0.04165044
v -0.17982900 -0.07630861 0.04393559
v -0.18029771 -0.07630861 0.04125981
v -0.18014150 -0.06130859 0.04165044
v -0.18029771 -0.07630861 0.04125981
v -0.18014150 -0.06130859 0.03879887
v -0.18014150 -0.06130859 0.03879887
v -0.18029771 -0.07630861 0.04125981
v -0.18014150 -0.07630861 0.03854497
v -0.18014150 -0.06130859 0.03879887
v -0.18014150 -0.07630861 0.03854497
v -0.18014150 -0.06630860 0.03854497
v -0.18014150 -0.06130859 0.03879887
v -0.18014150 -0.06630860 0.03854497
v -0.17982900 -0.06130859 0.03600590
v -0.17982900 -0.06130859 0.03600590
v -0.18014150 -0.06630860 0.03854497
v -0.17967271 -0.06630860 0.03575200
v -0.17982900 -0.06130859 0.03600590
v -0.17967271 -0.06630860 0.03575200
v -0.17889150 -0.06130859 0.03329106
v -0.17889150 -0.06130859 0.03329106
v -0.17967271 -0.06630860 0.03575200
v -0.17889150 -0.06630860 0.03307622
v -0.17889150 -0.06130859 0.03329106
v -0.17889150 -0.06630860 0.03307622
v -0.17764150 -0.06130859 0.03073247
v -0.17764150 -0.06630860 0.03053716
v -0.17764150 -0.06130859 0.03073247
v -0.17764150 -0.06630860 0.03053716
v -0.17607900 -0.06130859 0.02838872
v -0.14311021 -0.07630861 -0.04799800
v -0.00092275 -0.07630861 -0.04799800
v -0.14232900 -0.07630861 -0.04530269
v -0.14201650 -0.07630861 -0.04250972
v -0.14201650 -0.07630861 -0.03969722
v -0.14248521 -0.07630861 -0.03694331
v -0.12764151 -0.07630861 -0.01067378
v -0.14342271 -0.07630861 -0.03426753
v -0.12982900 -0.07630861 -0.01198237
v -0.14467271 -0.07630861 -0.03174800
v -0.13232900 -0.07630861 -0.01290034
v -0.14623521 -0.07630861 -0.02944331
v -0.13482900 -0.07630861 -0.01342769
v -0.14811021 -0.07630861 -0.02739253
v -0.15029771 -0.07630861 -0.02567378
v -0.13748521 -0.07630861 -0.01352534
v -0.15279771 -0.07630861 -0.02428706
v -0.14014150 -0.07630861 -0.01321284
v -0.15545400 -0.07630861 -0.02327144
v -0.14264150 -0.07630861 -0.01249019
v -0.15811021 -0.07630861 -0.02264644
v -0.14498521 -0.07630861 -0.01135737
v -0.16092271 -0.07630861 -0.02243159
v -0.14717271 -0.07630861 -0.00987300
v -0.16373521 -0.07630861 -0.02264644
v -0.14904771 -0.07630861 -0.00805659
v -0.15061021 -0.07630861 -0.00596675
v 0.00313975 -0.07630861 -0.04541987
v 0.00704600 -0.07630861 -0.04249019
v 0.01063975 -0.07630861 -0.03922847
v -0.12561030 -0.07630861 -0.00901363
v 0.01392100 -0.07630861 -0.03565425
v 0.01688975 -0.07630861 -0.03182612
v 0.01938975 -0.07630861 -0.02774409
v -0.12389151 -0.07630861 -0.00706050
v 0.02173350 -0.07630861 -0.02346675
v 0.02360850 -0.07630861 -0.01899409
v -0.12248530 -0.07630861 -0.00483394
v 0.02501475 -0.07630861 -0.01436519
v -0.12139151 -0.07630861 -0.00243159
v 0.02610850 -0.07630861 -0.00963863
v 0.02673350 -0.07630861 -0.00483394
v -0.12076651 -0.07630861 0.00010747
v 0.02688975 -0.07630861 -0.00000972
v -0.12061030 -0.07630861 0.00272466
v 0.02673350 -0.07630861 0.00483403
v -0.12076651 -0.07630861 0.00532231
v 0.02610850 -0.07630861 0.00963872
v 0.02501475 -0.07630861 0.01436528
v -0.12139151 -0.07630861 0.00786138
v 0.02360850 -0.07630861 0.01897466
v -0.12248530 -0.07630861 0.01028325
v 0.02173350 -0.07630861 0.02344731
v 0.01938975 -0.07630861 0.02774419
v -0.12389151 -0.07630861 0.01249028
v 0.01688975 -0.07630861 0.03182622
v 0.01392100 -0.07630861 0.03565434
v 0.01063975 -0.07630861 0.03922856
v -0.12561030 -0.07630861 0.01444341
v 0.00704600 -0.07630861 0.04247075
v -0.12764151 -0.07630861 0.01610356
v -0.14248521 -0.07630861 0.03729497
v -0.12982900 -0.07630861 0.01741216
v -0.14311021 -0.07630861 0.03461919
v -0.13232900 -0.07630861 0.01834966
v -0.14404771 -0.07630861 0.03206059
v -0.14545400 -0.07630861 0.02969731
v -0.14389150 -0.07630861 0.04799809
v -0.14295400 -0.07630861 0.04541997
v -0.14248521 -0.07630861 0.04274419
v -0.14232900 -0.07630861 0.04000981
v -0.13482900 -0.07630861 0.01885747
v -0.14717271 -0.07630861 0.02752935
v -0.13748521 -0.07630861 0.01897466
v -0.14904771 -0.07630861 0.02563481
v -0.14014150 -0.07630861 0.01866216
v -0.15139150 -0.07630861 0.02403325
v -0.14264150 -0.07630861 0.01791997
v -0.15373521 -0.07630861 0.02276372
v -0.14498521 -0.07630861 0.01680669
v -0.15639150 -0.07630861 0.02186528
v -0.14717271 -0.07630861 0.01532231
v -0.15904771 -0.07630861 0.02135747
v -0.14904771 -0.07630861 0.01350591
v -0.16170400 -0.07630861 0.02124028
v -0.15061021 -0.07630861 0.01141606
v -0.16451650 -0.07630861 0.02151372
v -0.15186021 -0.07630861 0.00909184
v -0.16717271 -0.07630861 0.02215825
v -0.15264150 -0.07630861 0.00661138
v -0.15311021 -0.07630861 0.00403325
v -0.16967271 -0.07630861 0.02319341
v -0.18936021 -0.07630861 0.03053716
v -0.17201650 -0.07630861 0.02458013
v -0.17420400 -0.07630861 0.02629888
v -0.17607900 -0.07630861 0.02829106
v -0.17764150 -0.07630861 0.03053716
v -0.15311021 -0.07630861 0.00141606
v -0.18936021 -0.07630861 -0.02946284
v -0.15264150 -0.07630861 -0.00118159
v -0.15186021 -0.07630861 -0.00366206
v -0.16904771 -0.07630861 -0.02428706
v -0.16654771 -0.07630861 -0.02327144
v -0.17576650 -0.07630861 -0.02946284
v -0.17373521 -0.07630861 -0.02741206
v -0.17154771 -0.07630861 -0.02567378
v -0.17951650 -0.07630861 -0.04545894
v -0.17982900 -0.07630861 -0.04280269
v -0.18936021 -0.07630861 -0.04545894
v -0.17998521 -0.07630861 -0.04010737
v -0.18936021 -0.07630861 -0.03745112
v -0.17951650 -0.07630861 -0.03745112
v -0.18936021 -0.07630861 -0.02946284
v -0.18936021 -0.07630861 0.03053716
v -0.19232900 -0.07610353 -0.02946284
v -0.19232900 -0.07610353 0.03053716
v -0.19232900 -0.07610353 -0.02946284
v -0.19232900 -0.07610353 0.03053716
v -0.19498521 -0.07550782 -0.02946284
v -0.19498521 -0.07550782 0.03053716
v -0.19498521 -0.07550782 -0.02946284
v -0.19498521 -0.07550782 0.03053716
v -0.19764150 -0.07453125 -0.02946284
v -0.19764150 -0.07453125 0.03053716
v -0.19764150 -0.07453125 -0.02946284
v -0.19764150 -0.07453125 0.03053716
v -0.20014150 -0.07318360 -0.02946284
v -0.20014150 -0.07318360 0.03053716
v -0.20014150 -0.07318360 -0.02946284
v -0.20014150 -0.07318360 0.03053716
v -0.20248521 -0.07150391 -0.02946284
v -0.20248521 -0.07150391 0.03053716
v -0.20248521 -0.07150391 -0.02946284
v -0.20248521 -0.07150391 0.03053716
v -0.20451650 -0.06952150 -0.02946284
v -0.20451650 -0.06952150 0.03053716
v -0.20451650 -0.06952150 -0.02946284
v -0.20451650 -0.06952150 0.03053716
v -0.20623521 -0.06726564 -0.02946284
v -0.20623521 -0.06726564 0.03053716
v -0.20623521 -0.06726564 -0.02946284
v -0.20623521 -0.06726564 0.03053716
v -0.20748521 -0.06479492 -0.02946284
v -0.20748521 -0.06479492 0.03053716
v -0.20748521 -0.06479492 -0.02946284
v -0.20748521 -0.06479492 0.03053716
v -0.20857900 -0.06215820 -0.02946284
v -0.20857900 -0.06215820 0.03053716
v -0.20857900 -0.06215820 -0.03745112
v -0.20857900 -0.06215820 -0.04545894
v -0.20748521 -0.06479492 -0.03745112
v -0.20748521 -0.06479492 -0.04545894
v -0.20748521 -0.06479492 -0.03745112
v -0.20748521 -0.06479492 -0.04545894
v -0.20623521 -0.06726564 -0.03745112
v -0.20623521 -0.06726564 -0.04545894
v -0.20623521 -0.06726564 -0.03745112
v -0.20623521 -0.06726564 -0.04545894
v -0.20451650 -0.06952150 -0.03745112
v -0.20451650 -0.06952150 -0.04545894
v -0.20451650 -0.06952150 -0.03745112
v -0.20451650 -0.06952150 -0.04545894
v -0.20248521 -0.07150391 -0.03745112
v -0.20248521 -0.07150391 -0.04545894
v -0.20248521 -0.07150391 -0.03745112
v -0.20248521 -0.07150391 -0.04545894
v -0.20014150 -0.07318360 -0.03745112
v -0.20014150 -0.07318360 -0.04545894
v -0.20014150 -0.07318360 -0.03745112
v -0.20014150 -0.07318360 -0.04545894
v -0.19764150 -0.07453125 -0.03745112
v -0.19764150 -0.07453125 -0.04545894
v -0.19764150 -0.07453125 -0.03745112
v -0.19764150 -0.07453125 -0.04545894
v -0.19498521 -0.07550782 -0.03745112
v -0.19498521 -0.07550782 -0.04545894
v -0.19498521 -0.07550782 -0.03745112
v -0.19498521 -0.07550782 -0.04545894
v -0.19232900 -0.07610353 -0.03745112
v -0.19232900 -0.07610353 -0.04545894
v -0.19232900 -0.07610353 -0.03745112
v -0.19232900 -0.07610353 -0.04545894
v -0.18936021 -0.07630861 -0.03745112
v -0.18936021 -0.07630861 -0.04545894
v -0.20857900 -0.06215820 0.06711919
v -0.20857900 -0.06215820 0.05454106
v -0.20779771 -0.06436525 0.06629888
v -0.20779771 -0.06436525 0.06629888
v -0.20857900 -0.06215820 0.05454106
v -0.20764150 -0.06466797 0.05454106
v -0.20779771 -0.06436525 0.06629888
v -0.20764150 -0.06466797 0.05454106
v -0.20670400 -0.06645508 0.06522467
v -0.20670400 -0.06645508 0.06522467
v -0.20764150 -0.06466797 0.05454106
v -0.20639150 -0.06702150 0.05454106
v -0.20670400 -0.06645508 0.06522467
v -0.20639150 -0.06702150 0.05454106
v -0.20529771 -0.06840821 0.06391606
v -0.20529771 -0.06840821 0.06391606
v -0.20639150 -0.06702150 0.05454106
v -0.20467271 -0.06918946 0.05454106
v -0.20389150 -0.07018555 0.06239262
v -0.20389150 -0.07018555 0.06239262
v -0.20467271 -0.06918946 0.05454106
v -0.20279771 -0.07112305 0.05454106
v -0.20389150 -0.07018555 0.06239262
v -0.20279771 -0.07112305 0.05454106
v -0.20217271 -0.07177735 0.06067387
v -0.20217271 -0.07177735 0.06067387
v -0.20279771 -0.07112305 0.05454106
v -0.20076650 -0.07279297 0.05454106
v -0.20217271 -0.07177735 0.06067387
v -0.20076650 -0.07279297 0.05454106
v -0.20014150 -0.07316407 0.05875981
v -0.20014150 -0.07316407 0.05875981
v -0.20076650 -0.07279297 0.05454106
v -0.19842271 -0.07416016 0.05454106
v -0.20014150 -0.07316407 0.05875981
v -0.19842271 -0.07416016 0.05454106
v -0.19811021 -0.07430664 0.05670903
v -0.19811021 -0.07430664 0.05670903
v -0.19842271 -0.07416016 0.05454106
v -0.19592271 -0.07520508 0.05454106
v -0.19482900 -0.07554689 -0.05344722
v -0.19748521 -0.07458008 -0.05344722
v -0.19717271 -0.07471680 -0.05581050
v -0.19717271 -0.07471680 -0.05581050
v -0.19748521 -0.07458008 -0.05344722
v -0.19951650 -0.07360353 -0.05803706
v -0.19951650 -0.07360353 -0.05803706
v -0.19748521 -0.07458008 -0.05344722
v -0.20014150 -0.07324219 -0.05344722
v -0.19951650 -0.07360353 -0.05803706
v -0.20014150 -0.07324219 -0.05344722
v -0.20154771 -0.07222657 -0.06010737
v -0.20154771 -0.07222657 -0.06010737
v -0.20014150 -0.07324219 -0.05344722
v -0.20232900 -0.07155275 -0.05344722
v -0.20154771 -0.07222657 -0.06010737
v -0.20232900 -0.07155275 -0.05344722
v -0.20342271 -0.07059571 -0.06200191
v -0.20342271 -0.07059571 -0.06200191
v -0.20232900 -0.07155275 -0.05344722
v -0.20436021 -0.06956055 -0.05344722
v -0.20342271 -0.07059571 -0.06200191
v -0.20436021 -0.06956055 -0.05344722
v -0.20514150 -0.06874025 -0.06366206
v -0.20514150 -0.06874025 -0.06366206
v -0.20436021 -0.06956055 -0.05344722
v -0.20607900 -0.06730469 -0.05344722
v -0.20514150 -0.06874025 -0.06366206
v -0.20607900 -0.06730469 -0.05344722
v -0.20654771 -0.06669922 -0.06508786
v -0.20654771 -0.06669922 -0.06508786
v -0.20607900 -0.06730469 -0.05344722
v -0.20748521 -0.06481446 -0.05344722
v -0.20654771 -0.06669922 -0.06508786
v -0.20748521 -0.06481446 -0.05344722
v -0.20764150 -0.06449219 -0.06624019
v -0.20764150 -0.06449219 -0.06624019
v -0.20748521 -0.06481446 -0.05344722
v -0.20857900 -0.06215820 -0.05344722
v -0.20764150 -0.06449219 -0.06624019
v -0.20857900 -0.06215820 -0.05344722
v -0.20857900 -0.06215820 -0.06711911
v -0.20857900 -0.06215820 -0.02946284
v -0.20857900 -0.06215820 0.03053716
v -0.21107900 -0.05348633 -0.02946284
v -0.21107900 -0.05348633 0.03053716
v -0.21107900 -0.05348633 -0.02946284
v -0.21107900 -0.05348633 0.03053716
v -0.21311021 -0.04471680 -0.02946284
v -0.21311021 -0.04471680 0.03053716
v -0.21311021 -0.04471680 -0.02946284
v -0.21311021 -0.04471680 0.03053716
v -0.21482900 -0.03586914 -0.02946284
v -0.21482900 -0.03586914 0.03053716
v -0.21482900 -0.03586914 -0.02946284
v -0.21482900 -0.03586914 0.03053716
v -0.21607901 -0.02696289 -0.02946284
v -0.21607901 -0.02696289 0.03053716
v -0.21607901 -0.02696289 -0.02946284
v -0.21607901 -0.02696289 0.03053716
v -0.21701651 -0.01799805 -0.02946284
v -0.21701651 -0.01799805 0.03053716
v -0.21701651 -0.01799805 -0.02946284
v -0.21701651 -0.01799805 0.03053716
v -0.21764151 -0.00900391 -0.02946284
v -0.21764151 -0.00900391 0.03053716
v -0.21764151 -0.00900391 -0.02946284
v -0.21764151 -0.00900391 0.03053716
v -0.21779771 0.00000000 -0.02946284
v -0.21779771 0.00000000 0.03053716
v -0.21779771 0.00000000 -0.02946284
v -0.21779771 0.00000000 0.03053716
v -0.21764151 0.00901367 -0.02946284
v -0.21764151 0.00901367 0.03053716
v -0.21764151 0.00901367 -0.02946284
v -0.21764151 0.00901367 0.03053716
v -0.21701651 0.01800781 -0.02946284
v -0.21701651 0.01800781 0.03053716
v -0.21701651 0.01800781 -0.02946284
v -0.21701651 0.01800781 0.03053716
v -0.21607901 0.02696289 -0.02946284
v -0.21607901 0.02696289 0.03053716
v -0.21607901 0.02696289 -0.02946284
v -0.21607901 0.02696289 0.03053716
v -0.21482900 0.03587891 -0.02946284
v -0.21482900 0.03587891 0.03053716
v -0.21482900 0.03587891 -0.02946284
v -0.21482900 0.03587891 0.03053716
v -0.21311021 0.04472656 -0.02946284
v -0.21311021 0.04472656 0.03053716
v -0.21311021 0.04472656 -0.02946284
v -0.21311021 0.04472656 0.03053716
v -0.21107900 0.05348633 -0.02946284
v -0.21107900 0.05348633 0.03053716
v -0.21107900 0.05348633 -0.02946284
v -0.21107900 0.05348633 0.03053716
v -0.20857900 0.06215820 -0.02946284
v -0.20857900 0.06215820 0.03053716
v -0.20857900 0.06215820 -0.03745112
v -0.20857900 0.06215820 -0.04545894
v -0.21107900 0.05348633 -0.03745112
v -0.21107900 0.05348633 -0.04545894
v -0.21107900 0.05348633 -0.03745112
v -0.21107900 0.05348633 -0.04545894
v -0.21311021 0.04472656 -0.03745112
v -0.21311021 0.04472656 -0.04545894
v -0.21311021 0.04472656 -0.03745112
v -0.21311021 0.04472656 -0.04545894
v -0.21482900 0.03587891 -0.03745112
v -0.21482900 0.03587891 -0.04545894
v -0.21482900 0.03587891 -0.03745112
v -0.21482900 0.03587891 -0.04545894
v -0.21607901 0.02696289 -0.03745112
v -0.21607901 0.02696289 -0.04545894
v -0.21607901 0.02696289 -0.03745112
v -0.21607901 0.02696289 -0.04545894
v -0.21701651 0.01800781 -0.03745112
v -0.21701651 0.01800781 -0.04545894
v -0.21701651 0.01800781 -0.03745112
v -0.21701651 0.01800781 -0.04545894
v -0.21764151 0.00901367 -0.03745112
v -0.21764151 0.00901367 -0.04545894
v -0.21764151 0.00901367 -0.03745112
v -0.21764151 0.00901367 -0.04545894
v -0.21779771 0.00000000 -0.03745112
v -0.21779771 0.00000000 -0.04545894
v -0.21779771 0.00000000 -0.03745112
v -0.21779771 0.00000000 -0.04545894
v -0.21764151 -0.00900391 -0.03745112
v -0.21764151 -0.00900391 -0.04545894
v -0.21764151 -0.00900391 -0.03745112
v -0.21764151 -0.00900391 -0.04545894
v -0.21701651 -0.01799805 -0.03745112
v -0.21701651 -0.01799805 -0.04545894
v -0.21701651 -0.01799805 -0.03745112
v -0.21701651 -0.01799805 -0.04545894
v -0.21607901 -0.02696289 -0.03745112
v -0.21607901 -0.02696289 -0.04545894
v -0.21607901 -0.02696289 -0.03745112
v -0.21607901 -0.02696289 -0.04545894
v -0.21482900 -0.03586914 -0.03745112
v -0.21482900 -0.03586914 -0.04545894
v -0.21482900 -0.03586914 -0.03745112
v -0.21482900 -0.03586914 -0.04545894
v -0.21311021 -0.04471680 -0.03745112
v -0.21311021 -0.04471680 -0.04545894
v -0.21311021 -0.04471680 -0.03745112
v -0.21311021 -0.04471680 -0.04545894
v -0.21107900 -0.05348633 -0.03745112
v -0.21107900 -0.05348633 -0.04545894
v -0.21107900 -0.05348633 -0.03745112
v -0.21107900 -0.05348633 -0.04545894
v -0.20857900 -0.06215820 -0.03745112
v -0.20857900 -0.06215820 -0.04545894
v -0.21107900 0.05348633 0.05454106
v -0.20967271 0.05824219 0.06790044
v -0.20857900 0.06215820 0.05454106
v -0.20857900 0.06215820 0.05454106
v -0.20967271 0.05824219 0.06790044
v -0.20920400 0.05977539 0.06770513
v -0.20857900 0.06215820 0.05454106
v -0.20920400 0.05977539 0.06770513
v -0.20857900 0.06215820 0.06711919
v -0.21311021 0.04472656 0.05454106
v -0.21264150 0.04709961 0.06799810
v -0.21107900 0.05348633 0.05454106
v -0.21107900 0.05348633 0.05454106
v -0.21264150 0.04709961 0.06799810
v -0.21029771 0.05630859 0.06799810
v -0.21107900 0.05348633 0.05454106
v -0.21029771 0.05630859 0.06799810
v -0.20967271 0.05824219 0.06790044
v -0.21264150 0.04709961 0.06799810
v -0.21311021 0.04472656 0.05454106
v -0.21451650 0.03779297 0.06799810
v -0.21451650 0.03779297 0.06799810
v -0.21311021 0.04472656 0.05454106
v -0.21482900 0.03587891 0.05454106
v -0.21451650 0.03779297 0.06799810
v -0.21482900 0.03587891 0.05454106
v -0.21592271 0.02840820 0.06799810
v -0.21592271 0.02840820 0.06799810
v -0.21482900 0.03587891 0.05454106
v -0.21607901 0.02696289 0.05454106
v -0.21592271 0.02840820 0.06799810
v -0.21607901 0.02696289 0.05454106
v -0.21701651 0.01897461 0.06799810
v -0.21701651 0.01897461 0.06799810
v -0.21607901 0.02696289 0.05454106
v -0.21701651 0.01800781 0.05454106
v -0.21701651 0.01897461 0.06799810
v -0.21701651 0.01800781 0.05454106
v -0.21764151 0.00949219 0.06799810
v -0.21764151 0.00901367 0.05454106
v -0.21764151 0.00949219 0.06799810
v -0.21764151 0.00901367 0.05454106
v -0.21779771 0.00000000 0.06799810
v -0.21779771 0.00000000 0.05454106
v -0.21779771 0.00000000 0.06799810
v -0.21779771 0.00000000 0.05454106
v -0.21764151 -0.00900391 0.05454106
v -0.21764151 -0.00949219 0.06799810
v -0.21764151 -0.00949219 0.06799810
v -0.21764151 -0.00900391 0.05454106
v -0.21701651 -0.01799805 0.05454106
v -0.21701651 -0.01896484 0.06799810
v -0.21701651 -0.01896484 0.06799810
v -0.21701651 -0.01799805 0.05454106
v -0.21607901 -0.02696289 0.05454106
v -0.21701651 -0.01896484 0.06799810
v -0.21607901 -0.02696289 0.05454106
v -0.21592271 -0.02840820 0.06799810
v -0.21592271 -0.02840820 0.06799810
v -0.21607901 -0.02696289 0.05454106
v -0.21482900 -0.03586914 0.05454106
v -0.21592271 -0.02840820 0.06799810
v -0.21482900 -0.03586914 0.05454106
v -0.21451650 -0.03779297 0.06799810
v -0.21451650 -0.03779297 0.06799810
v -0.21482900 -0.03586914 0.05454106
v -0.21311021 -0.04471680 0.05454106
v -0.21451650 -0.03779297 0.06799810
v -0.21311021 -0.04471680 0.05454106
v -0.21264150 -0.04708984 0.06799810
v -0.21264150 -0.04708984 0.06799810
v -0.21311021 -0.04471680 0.05454106
v -0.21107900 -0.05348633 0.05454106
v -0.21264150 -0.04708984 0.06799810
v -0.21107900 -0.05348633 0.05454106
v -0.21029771 -0.05630859 0.06799810
v -0.21029771 -0.05630859 0.06799810
v -0.21107900 -0.05348633 0.05454106
v -0.20951650 -0.05866211 0.06786138
v -0.20951650 -0.05866211 0.06786138
v -0.21107900 -0.05348633 0.05454106
v -0.20857900 -0.06215820 0.05454106
v -0.20951650 -0.05866211 0.06786138
v -0.20857900 -0.06215820 0.05454106
v -0.20904771 -0.06059570 0.06752935
v -0.20904771 -0.06059570 0.06752935
v -0.20857900 -0.06215820 0.05454106
v -0.20857900 -0.06215820 0.06711919
v -0.21107900 -0.05348633 -0.05344722
v -0.20967271 -0.05821289 -0.06790036
v -0.20857900 -0.06215820 -0.05344722
v -0.20857900 -0.06215820 -0.05344722
v -0.20967271 -0.05821289 -0.06790036
v -0.20920400 -0.05973633 -0.06770504
v -0.20857900 -0.06215820 -0.05344722
v -0.20920400 -0.05973633 -0.06770504
v -0.20857900 -0.06215820 -0.06711911
v -0.21311021 -0.04471680 -0.05344722
v -0.21264150 -0.04708984 -0.06799800
v -0.21107900 -0.05348633 -0.05344722
v -0.21107900 -0.05348633 -0.05344722
v -0.21264150 -0.04708984 -0.06799800
v -0.21029771 -0.05630859 -0.06799800
v -0.21107900 -0.05348633 -0.05344722
v -0.21029771 -0.05630859 -0.06799800
v -0.20967271 -0.05821289 -0.06790036
v -0.21264150 -0.04708984 -0.06799800
v -0.21311021 -0.04471680 -0.05344722
v -0.21451650 -0.03779297 -0.06799800
v -0.21451650 -0.03779297 -0.06799800
v -0.21311021 -0.04471680 -0.05344722
v -0.21482900 -0.03586914 -0.05344722
v -0.21451650 -0.03779297 -0.06799800
v -0.21482900 -0.03586914 -0.05344722
v -0.21592271 -0.02840820 -0.06799800
v -0.21592271 -0.02840820 -0.06799800
v -0.21482900 -0.03586914 -0.05344722
v -0.21607901 -0.02696289 -0.05344722
v -0.21592271 -0.02840820 -0.06799800
v -0.21607901 -0.02696289 -0.05344722
v -0.21701651 -0.01896484 -0.06799800
v -0.21701651 -0.01896484 -0.06799800
v -0.21607901 -0.02696289 -0.05344722
v -0.21701651 -0.01799805 -0.05344722
v -0.21701651 -0.01896484 -0.06799800
v -0.21701651 -0.01799805 -0.05344722
v -0.21764151 -0.00949219 -0.06799800
v -0.21764151 -0.00900391 -0.05344722
v -0.21764151 -0.00949219 -0.06799800
v -0.21764151 -0.00900391 -0.05344722
v -0.21779771 0.00000000 -0.06799800
v -0.21779771 0.00000000 -0.05344722
v -0.21779771 0.00000000 -0.06799800
v -0.21779771 0.00000000 -0.05344722
v -0.21764151 0.00901367 -0.05344722
v -0.21764151 0.00949219 -0.06799800
v -0.21764151 0.00949219 -0.06799800
v -0.21764151 0.00901367 -0.05344722
v -0.21701651 0.01800781 -0.05344722
v -0.21701651 0.01897461 -0.06799800
v -0.21701651 0.01897461 -0.06799800
v -0.21701651 0.01800781 -0.05344722
v -0.21607901 0.02696289 -0.05344722
v -0.21701651 0.01897461 -0.06799800
v -0.21607901 0.02696289 -0.05344722
v -0.21592271 0.02840820 -0.06799800
v -0.21592271 0.02840820 -0.06799800
v -0.21607901 0.02696289 -0.05344722
v -0.21482900 0.03587891 -0.05344722
v -0.21592271 0.02840820 -0.06799800
v -0.21482900 0.03587891 -0.05344722
v -0.21451650 0.03779297 -0.06799800
v -0.21451650 0.03779297 -0.06799800
v -0.21482900 0.03587891 -0.05344722
v -0.21311021 0.04472656 -0.05344722
v -0.21451650 0.03779297 -0.06799800
v -0.21311021 0.04472656 -0.05344722
v -0.21264150 0.04709961 -0.06799800
v -0.21264150 0.04709961 -0.06799800
v -0.21311021 0.04472656 -0.05344722
v -0.21107900 0.05348633 -0.05344722
v -0.21264150 0.04709961 -0.06799800
v -0.21107900 0.05348633 -0.05344722
v -0.21029771 0.05630859 -0.06799800
v -0.21029771 0.05630859 -0.06799800
v -0.21107900 0.05348633 -0.05344722
v -0.20967271 0.05863281 -0.06786129
v -0.20967271 0.05863281 -0.06786129
v -0.21107900 0.05348633 -0.05344722
v -0.20857900 0.06215820 -0.05344722
v -0.20967271 0.05863281 -0.06786129
v -0.20857900 0.06215820 -0.05344722
v -0.20904771 0.06053711 -0.06754879
v -0.20904771 0.06053711 -0.06754879
v -0.20857900 0.06215820 -0.05344722
v -0.20857900 0.06215820 -0.06711911
v -0.20857900 0.06215820 -0.02946284
v -0.20857900 0.06215820 0.03053716
v -0.20748521 0.06480469 -0.02946284
v -0.20748521 0.06480469 0.03053716
v -0.20748521 0.06480469 -0.02946284
v -0.20748521 0.06480469 0.03053716
v -0.20623521 0.06726564 -0.02946284
v -0.20623521 0.06726564 0.03053716
v -0.20623521 0.06726564 -0.02946284
v -0.20623521 0.06726564 0.03053716
v -0.20451650 0.06952150 -0.02946284
v -0.20451650 0.06952150 0.03053716
v -0.20451650 0.06952150 -0.02946284
v -0.20451650 0.06952150 0.03053716
v -0.20248521 0.07150391 -0.02946284
v -0.20248521 0.07150391 0.03053716
v -0.20248521 0.07150391 -0.02946284
v -0.20248521 0.07150391 0.03053716
v -0.20014150 0.07318360 -0.02946284
v -0.20014150 0.07318360 0.03053716
v -0.20014150 0.07318360 -0.02946284
v -0.20014150 0.07318360 0.03053716
v -0.19764150 0.07453125 -0.02946284
v -0.19764150 0.07453125 0.03053716
v -0.19764150 0.07453125 -0.02946284
v -0.19764150 0.07453125 0.03053716
v -0.19498521 0.07550782 -0.02946284
v -0.19498521 0.07550782 0.03053716
v -0.19498521 0.07550782 -0.02946284
v -0.19498521 0.07550782 0.03053716
v -0.19232900 0.07610353 -0.02946284
v -0.19232900 0.07610353 0.03053716
v -0.19232900 0.07610353 -0.02946284
v -0.19232900 0.07610353 0.03053716
v -0.18936021 0.07630861 -0.02946284
v -0.18936021 0.07630861 0.03053716
v -0.18936021 0.07630861 -0.03745112
v -0.18936021 0.07630861 -0.04545894
v -0.19232900 0.07610353 -0.03745112
v -0.19232900 0.07610353 -0.04545894
v -0.19232900 0.07610353 -0.03745112
v -0.19232900 0.07610353 -0.04545894
v -0.19498521 0.07550782 -0.03745112
v -0.19498521 0.07550782 -0.04545894
v -0.19498521 0.07550782 -0.03745112
v -0.19498521 0.07550782 -0.04545894
v -0.19764150 0.07453125 -0.03745112
v -0.19764150 0.07453125 -0.04545894
v -0.19764150 0.07453125 -0.03745112
v -0.19764150 0.07453125 -0.04545894
v -0.20014150 0.07318360 -0.03745112
v -0.20014150 0.07318360 -0.04545894
v -0.20014150 0.07318360 -0.03745112
v -0.20014150 0.07318360 -0.04545894
v -0.20248521 0.07150391 -0.03745112
v -0.20248521 0.07150391 -0.04545894
v -0.20248521 0.07150391 -0.03745112
v -0.20248521 0.07150391 -0.04545894
v -0.20451650 0.06952150 -0.03745112
v -0.20451650 0.06952150 -0.04545894
v -0.20451650 0.06952150 -0.03745112
v -0.20451650 0.06952150 -0.04545894
v -0.20623521 0.06726564 -0.03745112
v -0.20623521 0.06726564 -0.04545894
v -0.20623521 0.06726564 -0.03745112
v -0.20623521 0.06726564 -0.04545894
v -0.20748521 0.06480469 -0.03745112
v -0.20748521 0.06480469 -0.04545894
v -0.20748521 0.06480469 -0.03745112
v -0.20748521 0.06480469 -0.04545894
v -0.20857900 0.06215820 -0.03745112
v -0.20857900 0.06215820 -0.04545894
v -0.19592271 0.07520508 0.05454106
v -0.19842271 0.07416016 0.05454106
v -0.19811021 0.07430664 0.05670903
v -0.19811021 0.07430664 0.05670903
v -0.19842271 0.07416016 0.05454106
v -0.20014150 0.07316407 0.05875981
v -0.20014150 0.07316407 0.05875981
v -0.19842271 0.07416016 0.05454106
v -0.20076650 0.07279297 0.05454106
v -0.20014150 0.07316407 0.05875981
v -0.20076650 0.07279297 0.05454106
v -0.20217271 0.07178711 0.06067387
v -0.20217271 0.07178711 0.06067387
v -0.20076650 0.07279297 0.05454106
v -0.20279771 0.07112305 0.05454106
v -0.20217271 0.07178711 0.06067387
v -0.20279771 0.07112305 0.05454106
v -0.20389150 0.07018555 0.06239262
v -0.20389150 0.07018555 0.06239262
v -0.20279771 0.07112305 0.05454106
v -0.20467271 0.06918946 0.05454106
v -0.20389150 0.07018555 0.06239262
v -0.20467271 0.06918946 0.05454106
v -0.20529771 0.06840821 0.06391606
v -0.20639150 0.06703125 0.05454106
v -0.20529771 0.06840821 0.06391606
v -0.20639150 0.06703125 0.05454106
v -0.20670400 0.06645508 0.06522467
v -0.20670400 0.06645508 0.06522467
v -0.20639150 0.06703125 0.05454106
v -0.20764150 0.06466797 0.05454106
v -0.20670400 0.06645508 0.06522467
v -0.20764150 0.06466797 0.05454106
v -0.20779771 0.06436525 0.06629888
v -0.20779771 0.06436525 0.06629888
v -0.20764150 0.06466797 0.05454106
v -0.20857900 0.06215820 0.05454106
v -0.20779771 0.06436525 0.06629888
v -0.20857900 0.06215820 0.05454106
v -0.20857900 0.06215820 0.06711919
v -0.20857900 0.06215820 -0.06711911
v -0.20857900 0.06215820 -0.05344722
v -0.20764150 0.06449219 -0.06624019
v -0.20764150 0.06449219 -0.06624019
v -0.20857900 0.06215820 -0.05344722
v -0.20748521 0.06481446 -0.05344722
v -0.20764150 0.06449219 -0.06624019
v -0.20748521 0.06481446 -0.05344722
v -0.20654771 0.06669922 -0.06508786
v -0.20654771 0.06669922 -0.06508786
v -0.20748521 0.06481446 -0.05344722
v -0.20607900 0.06730469 -0.05344722
v -0.20654771 0.06669922 -0.06508786
v -0.20607900 0.06730469 -0.05344722
v -0.20514150 0.06874025 -0.06366206
v -0.20514150 0.06874025 -0.06366206
v -0.20607900 0.06730469 -0.05344722
v -0.20436021 0.06956055 -0.05344722
v -0.20514150 0.06874025 -0.06366206
v -0.20436021 0.06956055 -0.05344722
v -0.20342271 0.07059571 -0.06200191
v -0.20342271 0.07059571 -0.06200191
v -0.20436021 0.06956055 -0.05344722
v -0.20232900 0.07155275 -0.05344722
v -0.20342271 0.07059571 -0.06200191
v -0.20232900 0.07155275 -0.05344722
v -0.20154771 0.07222657 -0.06010737
v -0.20154771 0.07222657 -0.06010737
v -0.20232900 0.07155275 -0.05344722
v -0.20014150 0.07324219 -0.05344722
v -0.20154771 0.07222657 -0.06010737
v -0.20014150 0.07324219 -0.05344722
v -0.19951650 0.07361328 -0.05803706
v -0.19951650 0.07361328 -0.05803706
v -0.20014150 0.07324219 -0.05344722
v -0.19748521 0.07458008 -0.05344722
v -0.19951650 0.07361328 -0.05803706
v -0.19748521 0.07458008 -0.05344722
v -0.19717271 0.07472657 -0.05581050
v -0.19717271 0.07472657 -0.05581050
v -0.19748521 0.07458008 -0.05344722
v -0.19482900 0.07554689 -0.05344722
v -0.16764150 0.07630861 0.04655278
v -0.16873521 0.07630861 0.04520512
v -0.18936021 0.07630861 0.04655278
v -0.16951650 0.07630861 0.04366215
v -0.17014150 0.07630861 0.04200200
v -0.18936021 0.07630861 0.03854497
v -0.17029771 0.07630861 0.04028325
v -0.17014150 0.07630861 0.03854497
v -0.21029771 -0.05630859 -0.06799800
v -0.01248525 -0.05630859 -0.06799800
v -0.20967271 -0.05821289 -0.06790036
v -0.20967271 -0.05821289 -0.06790036
v -0.01248525 -0.05630859 -0.06799800
v -0.15670400 -0.05915039 -0.06780269
v -0.20967271 -0.05821289 -0.06790036
v -0.15670400 -0.05915039 -0.06780269
v -0.20920400 -0.05973633 -0.06770504
v -0.20920400 -0.05973633 -0.06770504
v -0.15670400 -0.05915039 -0.06780269
v -0.15670400 -0.06194336 -0.06719722
v -0.20920400 -0.05973633 -0.06770504
v -0.15670400 -0.06194336 -0.06719722
v -0.20857900 -0.06215820 -0.06711911
v -0.20857900 -0.06215820 -0.06711911
v -0.15670400 -0.06194336 -0.06719722
v -0.20764150 -0.06449219 -0.06624019
v -0.15670400 -0.06460939 -0.06620114
v -0.20764150 -0.06449219 -0.06624019
v -0.15670400 -0.06460939 -0.06620114
v -0.20654771 -0.06669922 -0.06508786
v -0.20654771 -0.06669922 -0.06508786
v -0.15670400 -0.06460939 -0.06620114
v -0.15670400 -0.06711914 -0.06483394
v -0.20654771 -0.06669922 -0.06508786
v -0.15670400 -0.06711914 -0.06483394
v -0.20514150 -0.06874025 -0.06366206
v -0.20514150 -0.06874025 -0.06366206
v -0.15670400 -0.06711914 -0.06483394
v -0.15670400 -0.06940430 -0.06311519
v -0.20514150 -0.06874025 -0.06366206
v -0.15670400 -0.06940430 -0.06311519
v -0.20342271 -0.07059571 -0.06200191
v -0.20342271 -0.07059571 -0.06200191
v -0.15670400 -0.06940430 -0.06311519
v -0.15670400 -0.07141603 -0.06110347
v -0.20342271 -0.07059571 -0.06200191
v -0.15670400 -0.07141603 -0.06110347
v -0.16154771 -0.07197266 -0.06041987
v -0.16154771 -0.07197266 -0.06041987
v -0.15670400 -0.07141603 -0.06110347
v -0.16029771 -0.07197266 -0.06041987
v -0.16029771 -0.07197266 -0.06041987
v -0.15779771 -0.07217775 -0.06018550
v -0.10311030 -0.07141603 -0.06110347
v -0.15779771 -0.07217775 -0.06018550
v -0.10311030 -0.07141603 -0.06110347
v -0.15529771 -0.07260743 -0.05958003
v -0.15529771 -0.07260743 -0.05958003
v -0.10311030 -0.07141603 -0.06110347
v -0.10311030 -0.07313478 -0.05881831
v -0.15529771 -0.07260743 -0.05958003
v -0.10311030 -0.07313478 -0.05881831
v -0.15295400 -0.07321289 -0.05868159
v -0.15295400 -0.07321289 -0.05868159
v -0.10311030 -0.07313478 -0.05881831
v -0.15076650 -0.07389650 -0.05750972
v -0.15076650 -0.07389650 -0.05750972
v -0.10311030 -0.07313478 -0.05881831
v -0.10311030 -0.07450196 -0.05631831
v -0.15076650 -0.07389650 -0.05750972
v -0.10311030 -0.07450196 -0.05631831
v -0.14889150 -0.07458985 -0.05610347
v -0.14889150 -0.07458985 -0.05610347
v -0.10311030 -0.07450196 -0.05631831
v -0.14701650 -0.07525391 -0.05440425
v -0.14701650 -0.07525391 -0.05440425
v -0.10311030 -0.07450196 -0.05631831
v -0.10311030 -0.07549805 -0.05364253
v -0.14701650 -0.07525391 -0.05440425
v -0.10311030 -0.07549805 -0.05364253
v -0.14545400 -0.07581055 -0.05243159
v -0.14545400 -0.07581055 -0.05243159
v -0.10311030 -0.07549805 -0.05364253
v -0.10311030 -0.07610353 -0.05084956
v -0.14545400 -0.07581055 -0.05243159
v -0.10311030 -0.07610353 -0.05084956
v -0.14420400 -0.07617189 -0.05026362
v -0.14420400 -0.07617189 -0.05026362
v -0.10311030 -0.07610353 -0.05084956
v -0.14311021 -0.07630861 -0.04799800
v -0.14311021 -0.07630861 -0.04799800
v -0.10311030 -0.07610353 -0.05084956
v -0.04967275 -0.07610353 -0.05084956
v -0.00092275 -0.07630861 -0.04807612
v -0.00092275 -0.07630861 -0.04807612
v -0.04967275 -0.07610353 -0.05084956
v -0.00045400 -0.07620118 -0.04999019
v -0.00045400 -0.07620118 -0.04999019
v -0.04967275 -0.07610353 -0.05084956
v 0.00017100 -0.07591797 -0.05190425
v 0.00017100 -0.07591797 -0.05190425
v -0.04967275 -0.07610353 -0.05084956
v -0.04967275 -0.07549805 -0.05364253
v 0.00017100 -0.07591797 -0.05190425
v -0.04967275 -0.07549805 -0.05364253
v 0.00063975 -0.07544922 -0.05377925
v 0.00063975 -0.07544922 -0.05377925
v -0.04967275 -0.07549805 -0.05364253
v 0.00095225 -0.07480469 -0.05561519
v 0.00095225 -0.07480469 -0.05561519
v -0.04967275 -0.07549805 -0.05364253
v -0.04967275 -0.07450196 -0.05631831
v 0.00095225 -0.07480469 -0.05561519
v -0.04967275 -0.07450196 -0.05631831
v 0.00142100 -0.07397461 -0.05737300
v 0.00142100 -0.07397461 -0.05737300
v -0.04967275 -0.07450196 -0.05631831
v -0.04967275 -0.07313478 -0.05881831
v 0.00142100 -0.07397461 -0.05737300
v -0.04967275 -0.07313478 -0.05881831
v 0.00188975 -0.07297853 -0.05903316
v 0.00188975 -0.07297853 -0.05903316
v -0.04967275 -0.07313478 -0.05881831
v 0.00220225 -0.07182618 -0.06061519
v 0.00220225 -0.07182618 -0.06061519
v -0.04967275 -0.07313478 -0.05881831
v -0.04967275 -0.07141603 -0.06110347
v 0.00220225 -0.07182618 -0.06061519
v -0.04967275 -0.07141603 -0.06110347
v 0.00251475 -0.07051758 -0.06206050
v 0.00251475 -0.07051758 -0.06206050
v -0.04967275 -0.07141603 -0.06110347
v -0.04967275 -0.06940430 -0.06311519
v 0.00251475 -0.07051758 -0.06206050
v -0.04967275 -0.06940430 -0.06311519
v 0.00282725 -0.06907228 -0.06338862
v 0.00282725 -0.06907228 -0.06338862
v -0.04967275 -0.06940430 -0.06311519
v -0.04967275 -0.06711914 -0.06483394
v 0.00313975 -0.06750000 -0.06458004
v 0.00313975 -0.06750000 -0.06458004
v -0.04967275 -0.06711914 -0.06483394
v 0.00345225 -0.06582032 -0.06559566
v 0.00345225 -0.06582032 -0.06559566
v -0.04967275 -0.06711914 -0.06483394
v -0.04967275 -0.06460939 -0.06620114
v 0.00345225 -0.06582032 -0.06559566
v -0.04967275 -0.06460939 -0.06620114
v 0.00360850 -0.06403321 -0.06645504
v 0.00360850 -0.06403321 -0.06645504
v -0.04967275 -0.06460939 -0.06620114
v -0.04967275 -0.06194336 -0.06719722
v 0.00360850 -0.06403321 -0.06645504
v -0.04967275 -0.06194336 -0.06719722
v 0.00376475 -0.06216797 -0.06711911
v 0.00376475 -0.06216797 -0.06711911
v -0.04967275 -0.06194336 -0.06719722
v 0.00392100 -0.06025391 -0.06760739
v 0.00392100 -0.06025391 -0.06760739
v -0.04967275 -0.06194336 -0.06719722
v -0.04967275 -0.05915039 -0.06780269
v 0.00392100 -0.06025391 -0.06760739
v -0.04967275 -0.05915039 -0.06780269
v 0.00392100 -0.05829101 -0.06790036
v 0.00392100 -0.05829101 -0.06790036
v -0.04967275 -0.05915039 -0.06780269
v -0.01248525 -0.05630859 -0.06799800
v 0.00392100 -0.05829101 -0.06790036
v 0.00392100 -0.05630859 -0.06799800
v -0.00092275 -0.07630861 -0.04807612
v -0.20342271 -0.07059571 -0.06200191
v -0.16154771 -0.07197266 -0.06041987
v -0.20154771 -0.07222657 -0.06010737
v -0.20154771 -0.07222657 -0.06010737
v -0.16154771 -0.07197266 -0.06041987
v -0.16279771 -0.07204103 -0.06034175
v -0.20154771 -0.07222657 -0.06010737
v -0.16279771 -0.07204103 -0.06034175
v -0.16529771 -0.07236328 -0.05993159
v -0.16529771 -0.07236328 -0.05993159
v -0.16779771 -0.07289064 -0.05916987
v -0.20154771 -0.07222657 -0.06010737
v -0.20154771 -0.07222657 -0.06010737
v -0.16779771 -0.07289064 -0.05916987
v -0.19951650 -0.07360353 -0.05803706
v -0.19951650 -0.07360353 -0.05803706
v -0.16779771 -0.07289064 -0.05916987
v -0.16998521 -0.07355469 -0.05813472
v -0.19951650 -0.07360353 -0.05803706
v -0.16998521 -0.07355469 -0.05813472
v -0.17201650 -0.07423828 -0.05686519
v -0.19951650 -0.07360353 -0.05803706
v -0.17201650 -0.07423828 -0.05686519
v -0.19717271 -0.07471680 -0.05581050
v -0.19717271 -0.07471680 -0.05581050
v -0.17201650 -0.07423828 -0.05686519
v -0.17389150 -0.07492189 -0.05530269
v -0.19717271 -0.07471680 -0.05581050
v -0.17389150 -0.07492189 -0.05530269
v -0.19482900 -0.07554689 -0.05344722
v -0.19482900 -0.07554689 -0.05344722
v -0.17389150 -0.07492189 -0.05530269
v -0.17561021 -0.07554689 -0.05344722
v -0.15670400 -0.05915039 -0.06780269
v -0.01248525 -0.05630859 -0.06799800
v -0.10311030 -0.05915039 -0.06780269
v -0.04967275 -0.05915039 -0.06780269
v -0.10311030 -0.05915039 -0.06780269
v -0.10311030 -0.06194336 -0.06719722
v -0.10311030 -0.06194336 -0.06719722
v -0.10311030 -0.06460939 -0.06620114
v -0.10311030 -0.06460939 -0.06620114
v -0.10311030 -0.06711914 -0.06483394
v -0.10311030 -0.06711914 -0.06483394
v -0.10311030 -0.06940430 -0.06311519
v -0.10311030 -0.06940430 -0.06311519
v -0.10311030 -0.07141603 -0.06110347
v -0.14389150 -0.07630861 0.04799809
v -0.00092275 -0.07630861 0.04799809
v -0.14467271 -0.07625000 0.04942387
v -0.14467271 -0.07625000 0.04942387
v -0.00092275 -0.07630861 0.04799809
v -0.10311030 -0.07610353 0.05084965
v -0.14467271 -0.07625000 0.04942387
v -0.10311030 -0.07610353 0.05084965
v -0.14529771 -0.07613282 0.05059575
v -0.14529771 -0.07613282 0.05059575
v -0.10311030 -0.07610353 0.05084965
v -0.14607900 -0.07595703 0.05170903
v -0.14607900 -0.07595703 0.05170903
v -0.10311030 -0.07610353 0.05084965
v -0.10311030 -0.07549805 0.05364262
v -0.14701650 -0.07572266 0.05278325
v -0.14701650 -0.07572266 0.05278325
v -0.10311030 -0.07549805 0.05364262
v -0.14795400 -0.07544922 0.05377934
v -0.14795400 -0.07544922 0.05377934
v -0.10311030 -0.07549805 0.05364262
v -0.14889150 -0.07514650 0.05469731
v -0.14889150 -0.07514650 0.05469731
v -0.10311030 -0.07549805 0.05364262
v -0.10311030 -0.07450196 0.05629887
v -0.14889150 -0.07514650 0.05469731
v -0.10311030 -0.07450196 0.05629887
v -0.14998521 -0.07483400 0.05551762
v -0.14998521 -0.07483400 0.05551762
v -0.10311030 -0.07450196 0.05629887
v -0.15217271 -0.07420900 0.05690434
v -0.15217271 -0.07420900 0.05690434
v -0.10311030 -0.07450196 0.05629887
v -0.10311030 -0.07313478 0.05879887
v -0.15217271 -0.07420900 0.05690434
v -0.10311030 -0.07313478 0.05879887
v -0.15467271 -0.07361328 0.05801762
v -0.15467271 -0.07361328 0.05801762
v -0.10311030 -0.07313478 0.05879887
v -0.15592271 -0.07334961 0.05846684
v -0.15592271 -0.07334961 0.05846684
v -0.10311030 -0.07313478 0.05879887
v -0.15670400 -0.07313478 0.05879887
v -0.15717271 -0.07313478 0.05879887
v -0.15717271 -0.07313478 0.05879887
v -0.15670400 -0.07313478 0.05879887
v -0.15857900 -0.07297853 0.05903325
v -0.10311030 -0.07313478 0.05879887
v -0.15857900 -0.07297853 0.05903325
v -0.10311030 -0.07313478 0.05879887
v -0.15998521 -0.07289064 0.05918950
v -0.15998521 -0.07289064 0.05918950
v -0.10311030 -0.07313478 0.05879887
v -0.10311030 -0.07141603 0.06110356
v -0.15998521 -0.07289064 0.05918950
v -0.10311030 -0.07141603 0.06110356
v -0.15670400 -0.07141603 0.06110356
v -0.15670400 -0.07141603 0.06110356
v -0.10311030 -0.07141603 0.06110356
v -0.15670400 -0.06940430 0.06311528
v -0.20389150 -0.07018555 0.06239262
v -0.20389150 -0.07018555 0.06239262
v -0.15670400 -0.06940430 0.06311528
v -0.20529771 -0.06840821 0.06391606
v -0.20529771 -0.06840821 0.06391606
v -0.15670400 -0.06940430 0.06311528
v -0.15670400 -0.06711914 0.06481450
v -0.20529771 -0.06840821 0.06391606
v -0.15670400 -0.06711914 0.06481450
v -0.20670400 -0.06645508 0.06522467
v -0.20670400 -0.06645508 0.06522467
v -0.15670400 -0.06711914 0.06481450
v -0.15670400 -0.06460939 0.06620122
v -0.20670400 -0.06645508 0.06522467
v -0.15670400 -0.06460939 0.06620122
v -0.20779771 -0.06436525 0.06629888
v -0.20779771 -0.06436525 0.06629888
v -0.15670400 -0.06460939 0.06620122
v -0.15670400 -0.06193359 0.06719731
v -0.20857900 -0.06215820 0.06711919
v -0.20857900 -0.06215820 0.06711919
v -0.15670400 -0.06193359 0.06719731
v -0.20904771 -0.06059570 0.06752935
v -0.20904771 -0.06059570 0.06752935
v -0.15670400 -0.06193359 0.06719731
v -0.15670400 -0.05915039 0.06780278
v -0.20904771 -0.06059570 0.06752935
v -0.15670400 -0.05915039 0.06780278
v -0.20951650 -0.05866211 0.06786138
v -0.20951650 -0.05866211 0.06786138
v -0.15670400 -0.05915039 0.06780278
v -0.21029771 -0.05630859 0.06799810
v -0.21029771 -0.05630859 0.06799810
v -0.15670400 -0.05915039 0.06780278
v -0.10311030 -0.05915039 0.06780278
v -0.21029771 -0.05630859 0.06799810
v -0.10311030 -0.05915039 0.06780278
v -0.02764150 -0.05723633 0.06797856
v -0.02592275 -0.05866211 0.06786138
v -0.02592275 -0.05866211 0.06786138
v -0.10311030 -0.05915039 0.06780278
v -0.04967275 -0.05915039 0.06780278
v -0.02592275 -0.05866211 0.06786138
v -0.04967275 -0.05915039 0.06780278
v -0.02436025 -0.05960937 0.06772467
v -0.02436025 -0.05960937 0.06772467
v -0.04967275 -0.05915039 0.06780278
v -0.02232900 -0.06061523 0.06752935
v -0.02232900 -0.06061523 0.06752935
v -0.04967275 -0.05915039 0.06780278
v -0.04967275 -0.06191406 0.06719731
v -0.02232900 -0.06061523 0.06752935
v -0.04967275 -0.06191406 0.06719731
v -0.02061025 -0.06119141 0.06739263
v -0.02061025 -0.06119141 0.06739263
v -0.04967275 -0.06191406 0.06719731
v -0.01951650 -0.06150391 0.06731450
v -0.01951650 -0.06150391 0.06731450
v -0.04967275 -0.06191406 0.06719731
v -0.01732900 -0.06191406 0.06719731
v -0.01732900 -0.06191406 0.06719731
v -0.04967275 -0.06191406 0.06719731
v -0.01623525 -0.06201172 0.06715825
v -0.01623525 -0.06201172 0.06715825
v -0.04967275 -0.06191406 0.06719731
v 0.00376475 -0.06216797 0.06711919
v -0.01623525 -0.06201172 0.06715825
v 0.00376475 -0.06216797 0.06711919
v -0.01389150 -0.06201172 0.06715825
v -0.01389150 -0.06201172 0.06715825
v 0.00376475 -0.06216797 0.06711919
v -0.01279775 -0.06191406 0.06719731
v -0.01279775 -0.06191406 0.06719731
v 0.00376475 -0.06216797 0.06711919
v -0.01045400 -0.06150391 0.06731450
v -0.01045400 -0.06150391 0.06731450
v 0.00376475 -0.06216797 0.06711919
v 0.00392100 -0.06025391 0.06760747
v -0.01045400 -0.06150391 0.06731450
v 0.00392100 -0.06025391 0.06760747
v -0.00826650 -0.06082031 0.06749028
v -0.00826650 -0.06082031 0.06749028
v 0.00392100 -0.06025391 0.06760747
v -0.00623525 -0.05986328 0.06768560
v -0.00623525 -0.05986328 0.06768560
v 0.00392100 -0.06025391 0.06760747
v -0.00467275 -0.05896484 0.06782231
v 0.00392100 -0.05829101 0.06790044
v -0.00467275 -0.05896484 0.06782231
v 0.00392100 -0.05829101 0.06790044
v -0.00279775 -0.05759766 0.06795903
v -0.00279775 -0.05759766 0.06795903
v 0.00392100 -0.05829101 0.06790044
v 0.00392100 -0.05630859 0.06799810
v -0.00279775 -0.05759766 0.06795903
v 0.00392100 -0.05630859 0.06799810
v -0.00139150 -0.05630859 0.06799810
v -0.10311030 -0.07610353 0.05084965
v -0.00092275 -0.07630861 0.04799809
v -0.04967275 -0.07610353 0.05084965
v -0.04967275 -0.07610353 0.05084965
v -0.04967275 -0.07610353 0.05084965
v -0.00092275 -0.07630861 0.04807622
v -0.00045400 -0.07620118 0.04999028
v -0.00045400 -0.07620118 0.04999028
v 0.00017100 -0.07591797 0.05190434
v -0.04967275 -0.07610353 0.05084965
v -0.04967275 -0.07610353 0.05084965
v 0.00017100 -0.07591797 0.05190434
v -0.04967275 -0.07549805 0.05364262
v -0.04967275 -0.07549805 0.05364262
v 0.00017100 -0.07591797 0.05190434
v 0.00063975 -0.07544922 0.05377934
v -0.04967275 -0.07549805 0.05364262
v -0.04967275 -0.07549805 0.05364262
v 0.00063975 -0.07544922 0.05377934
v 0.00095225 -0.07480469 0.05561528
v 0.00095225 -0.07480469 0.05561528
v -0.04967275 -0.07450196 0.05629887
v -0.04967275 -0.07450196 0.05629887
v 0.00095225 -0.07480469 0.05561528
v 0.00142100 -0.07397461 0.05737309
v -0.04967275 -0.07450196 0.05629887
v 0.00142100 -0.07397461 0.05737309
v -0.04967275 -0.07313478 0.05879887
v -0.04967275 -0.07313478 0.05879887
v 0.00142100 -0.07397461 0.05737309
v 0.00188975 -0.07297853 0.05903325
v -0.04967275 -0.07313478 0.05879887
v 0.00188975 -0.07297853 0.05903325
v 0.00220225 -0.07182618 0.06061528
v -0.04967275 -0.07313478 0.05879887
v 0.00220225 -0.07182618 0.06061528
v -0.04967275 -0.07141603 0.06110356
v -0.04967275 -0.07141603 0.06110356
v 0.00220225 -0.07182618 0.06061528
v 0.00251475 -0.07051758 0.06206059
v -0.04967275 -0.07141603 0.06110356
v 0.00251475 -0.07051758 0.06206059
v -0.04967275 -0.06940430 0.06311528
v -0.04967275 -0.06940430 0.06311528
v 0.00251475 -0.07051758 0.06206059
v 0.00282725 -0.06907228 0.06338872
v -0.04967275 -0.06940430 0.06311528
v 0.00282725 -0.06907228 0.06338872
v -0.04967275 -0.06711914 0.06481450
v 0.00313975 -0.06750000 0.06458013
v -0.04967275 -0.06711914 0.06481450
v 0.00313975 -0.06750000 0.06458013
v 0.00345225 -0.06582032 0.06559575
v -0.04967275 -0.06711914 0.06481450
v 0.00345225 -0.06582032 0.06559575
v -0.04967275 -0.06460939 0.06620122
v -0.04967275 -0.06460939 0.06620122
v 0.00345225 -0.06582032 0.06559575
v 0.00360850 -0.06403321 0.06645513
v -0.04967275 -0.06460939 0.06620122
v 0.00360850 -0.06403321 0.06645513
v -0.04967275 -0.06191406 0.06719731
v -0.04967275 -0.06191406 0.06719731
v 0.00360850 -0.06403321 0.06645513
v 0.00376475 -0.06216797 0.06711919
v -0.02764150 -0.05723633 0.06797856
v -0.02857900 -0.05630859 0.06799810
v -0.21029771 -0.05630859 0.06799810
v -0.20389150 -0.07018555 0.06239262
v -0.20217271 -0.07177735 0.06067387
v -0.15670400 -0.07141603 0.06110356
v -0.20217271 -0.07177735 0.06067387
v -0.16123521 -0.07285157 0.05922856
v -0.15670400 -0.07141603 0.06110356
v -0.16123521 -0.07285157 0.05922856
v -0.15998521 -0.07289064 0.05918950
v -0.16123521 -0.07285157 0.05922856
v -0.20217271 -0.07177735 0.06067387
v -0.16264150 -0.07289064 0.05918950
v -0.16264150 -0.07289064 0.05918950
v -0.20217271 -0.07177735 0.06067387
v -0.20014150 -0.07316407 0.05875981
v -0.16264150 -0.07289064 0.05918950
v -0.20014150 -0.07316407 0.05875981
v -0.16389150 -0.07297853 0.05903325
v -0.16389150 -0.07297853 0.05903325
v -0.20014150 -0.07316407 0.05875981
v -0.16529771 -0.07313478 0.05879887
v -0.16529771 -0.07313478 0.05879887
v -0.20014150 -0.07316407 0.05875981
v -0.16654771 -0.07334961 0.05846684
v -0.16654771 -0.07334961 0.05846684
v -0.20014150 -0.07316407 0.05875981
v -0.16795400 -0.07361328 0.05801762
v -0.16795400 -0.07361328 0.05801762
v -0.19811021 -0.07430664 0.05670903
v -0.16795400 -0.07361328 0.05801762
v -0.19811021 -0.07430664 0.05670903
v -0.17029771 -0.07420900 0.05690434
v -0.17029771 -0.07420900 0.05690434
v -0.19811021 -0.07430664 0.05670903
v -0.17248521 -0.07483400 0.05551762
v -0.17248521 -0.07483400 0.05551762
v -0.19811021 -0.07430664 0.05670903
v -0.19592271 -0.07520508 0.05454106
v -0.17248521 -0.07483400 0.05551762
v -0.19592271 -0.07520508 0.05454106
v -0.17373521 -0.07520508 0.05454106
v -0.10311030 -0.06940430 0.06311528
v -0.10311030 -0.06940430 0.06311528
v -0.10311030 -0.06711914 0.06481450
v -0.10311030 -0.06711914 0.06481450
v -0.10311030 -0.06460939 0.06620122
v -0.10311030 -0.06460939 0.06620122
v -0.10311030 -0.06192383 0.06719731
v -0.10311030 -0.06192383 0.06719731
v -0.10311030 -0.05915039 0.06780278
v -0.21107900 0.05348633 -0.02946284
v -0.20857900 0.06215820 -0.02946284
v -0.20186021 0.04904297 -0.02946284
v -0.20748521 0.06480469 -0.02946284
v -0.20623521 0.06726564 -0.02946284
v -0.19951650 0.05773437 -0.02946284
v -0.20451650 0.06952150 -0.02946284
v -0.20248521 0.07150391 -0.02946284
v -0.20014150 0.07318360 -0.02946284
v -0.19670400 0.06630860 -0.02946284
v -0.19764150 0.07453125 -0.02946284
v -0.19498521 0.07550782 -0.02946284
v -0.19232900 0.07610353 -0.02946284
v -0.18936021 0.07630861 -0.02946284
v -0.15701650 0.06630860 -0.02946284
v -0.15701650 0.07630861 -0.02946284
v -0.20373521 0.04026367 -0.02946284
v -0.21311021 0.04472656 -0.02946284
v -0.20545400 0.03139649 -0.02946284
v -0.21482900 0.03587891 -0.02946284
v -0.20654771 0.02247070 -0.02946284
v -0.21607901 0.02696289 -0.02946284
v -0.20732900 0.01350586 -0.02946284
v -0.21701651 0.01800781 -0.02946284
v -0.21764151 0.00901367 -0.02946284
v -0.20779771 0.00450195 -0.02946284
v -0.21779771 0.00000000 -0.02946284
v -0.20779771 -0.00450195 -0.02946284
v -0.21764151 -0.00900391 -0.02946284
v -0.20732900 -0.01349609 -0.02946284
v -0.21701651 -0.01799805 -0.02946284
v -0.21607901 -0.02696289 -0.02946284
v -0.20654771 -0.02247070 -0.02946284
v -0.21482900 -0.03586914 -0.02946284
v -0.20545400 -0.03139649 -0.02946284
v -0.21311021 -0.04471680 -0.02946284
v -0.20373521 -0.04026367 -0.02946284
v -0.21107900 -0.05348633 -0.02946284
v -0.20186021 -0.04904297 -0.02946284
v -0.20857900 -0.06215820 -0.02946284
v -0.20748521 -0.06479492 -0.02946284
v -0.20623521 -0.06726564 -0.02946284
v -0.19951650 -0.05773437 -0.02946284
v -0.20451650 -0.06952150 -0.02946284
v -0.20248521 -0.07150391 -0.02946284
v -0.20014150 -0.07318360 -0.02946284
v -0.19670400 -0.06630860 -0.02946284
v -0.19764150 -0.07453125 -0.02946284
v -0.19498521 -0.07550782 -0.02946284
v -0.19232900 -0.07610353 -0.02946284
v -0.18936021 -0.07630861 -0.02946284
v -0.17576650 -0.06630860 -0.02946284
v -0.17576650 -0.07630861 -0.02946284
v -0.17951650 -0.06630860 -0.03745112
v -0.17889150 -0.06630860 -0.03530269
v -0.19670400 -0.06630860 -0.03745112
v -0.17811021 -0.06630860 -0.03323237
v -0.19670400 -0.06630860 -0.02946284
v -0.17701650 -0.06630860 -0.03127925
v -0.17576650 -0.06630860 -0.02946284
v -0.19670400 0.06630860 -0.02946284
v -0.19670400 0.06630860 -0.03745112
v -0.19951650 0.05773437 -0.02946284
v -0.19951650 0.05773437 -0.03745112
v -0.19951650 0.05773437 -0.02946284
v -0.19951650 0.05773437 -0.03745112
v -0.20186021 0.04904297 -0.02946284
v -0.20186021 0.04904297 -0.03745112
v -0.20186021 0.04904297 -0.02946284
v -0.20186021 0.04904297 -0.03745112
v -0.20373521 0.04026367 -0.02946284
v -0.20373521 0.04026367 -0.03745112
v -0.20373521 0.04026367 -0.02946284
v -0.20373521 0.04026367 -0.03745112
v -0.20545400 0.03139649 -0.02946284
v -0.20545400 0.03139649 -0.03745112
v -0.20545400 0.03139649 -0.02946284
v -0.20545400 0.03139649 -0.03745112
v -0.20654771 0.02247070 -0.02946284
v -0.20654771 0.02247070 -0.03745112
v -0.20654771 0.02247070 -0.02946284
v -0.20654771 0.02247070 -0.03745112
v -0.20732900 0.01350586 -0.02946284
v -0.20732900 0.01350586 -0.03745112
v -0.20732900 0.01350586 -0.02946284
v -0.20732900 0.01350586 -0.03745112
v -0.20779771 0.00450195 -0.02946284
v -0.20779771 0.00450195 -0.03745112
v -0.20779771 0.00450195 -0.02946284
v -0.20779771 0.00450195 -0.03745112
v -0.20779771 -0.00450195 -0.02946284
v -0.20779771 -0.00450195 -0.03745112
v -0.20779771 -0.00450195 -0.02946284
v -0.20779771 -0.00450195 -0.03745112
v -0.20732900 -0.01349609 -0.02946284
v -0.20732900 -0.01349609 -0.03745112
v -0.20732900 -0.01349609 -0.02946284
v -0.20732900 -0.01349609 -0.03745112
v -0.20654771 -0.02247070 -0.02946284
v -0.20654771 -0.02247070 -0.03745112
v -0.20654771 -0.02247070 -0.02946284
v -0.20654771 -0.02247070 -0.03745112
v -0.20545400 -0.03139649 -0.02946284
v -0.20545400 -0.03139649 -0.03745112
v -0.20545400 -0.03139649 -0.02946284
v -0.20545400 -0.03139649 -0.03745112
v -0.20373521 -0.04026367 -0.02946284
v -0.20373521 -0.04026367 -0.03745112
v -0.20373521 -0.04026367 -0.02946284
v -0.20373521 -0.04026367 -0.03745112
v -0.20186021 -0.04904297 -0.02946284
v -0.20186021 -0.04904297 -0.03745112
v -0.20186021 -0.04904297 -0.02946284
v -0.20186021 -0.04904297 -0.03745112
v -0.19951650 -0.05773437 -0.02946284
v -0.19951650 -0.05773437 -0.03745112
v -0.19951650 -0.05773437 -0.02946284
v -0.19951650 -0.05773437 -0.03745112
v -0.19670400 -0.06630860 -0.02946284
v -0.19670400 -0.06630860 -0.03745112
v -0.16904771 0.06630860 -0.03745112
v -0.19670400 0.06630860 -0.03745112
v -0.16811021 0.06630860 -0.03596675
v -0.16686021 0.06630860 -0.03467769
v -0.19670400 0.06630860 -0.02946284
v -0.16545400 0.06630860 -0.03366206
v -0.16389150 0.06630860 -0.03291987
v -0.16217271 0.06630860 -0.03252925
v -0.15701650 0.06630860 -0.02946284
v -0.16045400 0.06630860 -0.03245112
v -0.15873521 0.06630860 -0.03272456
v -0.15701650 0.06630860 -0.03333003
v -0.19232900 0.07610353 -0.03745112
v -0.19670400 0.06630860 -0.03745112
v -0.18936021 0.07630861 -0.03745112
v -0.16904771 0.06630860 -0.03745112
v -0.16904771 0.07630861 -0.03745112
v -0.19498521 0.07550782 -0.03745112
v -0.19764150 0.07453125 -0.03745112
v -0.20014150 0.07318360 -0.03745112
v -0.19951650 0.05773437 -0.03745112
v -0.20248521 0.07150391 -0.03745112
v -0.20451650 0.06952150 -0.03745112
v -0.20186021 0.04904297 -0.03745112
v -0.20623521 0.06726564 -0.03745112
v -0.20748521 0.06480469 -0.03745112
v -0.20857900 0.06215820 -0.03745112
v -0.20373521 0.04026367 -0.03745112
v -0.21107900 0.05348633 -0.03745112
v -0.20545400 0.03139649 -0.03745112
v -0.21311021 0.04472656 -0.03745112
v -0.21482900 0.03587891 -0.03745112
v -0.20654771 0.02247070 -0.03745112
v -0.21607901 0.02696289 -0.03745112
v -0.20732900 0.01350586 -0.03745112
v -0.21701651 0.01800781 -0.03745112
v -0.20779771 0.00450195 -0.03745112
v -0.21764151 0.00901367 -0.03745112
v -0.21779771 0.00000000 -0.03745112
v -0.20779771 -0.00450195 -0.03745112
v -0.21764151 -0.00900391 -0.03745112
v -0.21701651 -0.01799805 -0.03745112
v -0.20732900 -0.01349609 -0.03745112
v -0.21607901 -0.02696289 -0.03745112
v -0.20654771 -0.02247070 -0.03745112
v -0.21482900 -0.03586914 -0.03745112
v -0.20545400 -0.03139649 -0.03745112
v -0.21311021 -0.04471680 -0.03745112
v -0.21107900 -0.05348633 -0.03745112
v -0.20373521 -0.04026367 -0.03745112
v -0.20857900 -0.06215820 -0.03745112
v -0.20186021 -0.04904297 -0.03745112
v -0.20748521 -0.06479492 -0.03745112
v -0.20623521 -0.06726564 -0.03745112
v -0.20451650 -0.06952150 -0.03745112
v -0.19951650 -0.05773437 -0.03745112
v -0.20248521 -0.07150391 -0.03745112
v -0.20014150 -0.07318360 -0.03745112
v -0.19670400 -0.06630860 -0.03745112
v -0.19764150 -0.07453125 -0.03745112
v -0.19498521 -0.07550782 -0.03745112
v -0.19232900 -0.07610353 -0.03745112
v -0.18936021 -0.07630861 -0.03745112
v -0.17951650 -0.06630860 -0.03745112
v -0.17951650 -0.07630861 -0.03745112
v -0.20748521 0.06480469 -0.04545894
v -0.20186021 0.04904297 -0.04545894
v -0.20857900 0.06215820 -0.04545894
v -0.20373521 0.04026367 -0.04545894
v -0.21107900 0.05348633 -0.04545894
v -0.20545400 0.03139649 -0.04545894
v -0.21311021 0.04472656 -0.04545894
v -0.21482900 0.03587891 -0.04545894
v -0.20654771 0.02247070 -0.04545894
v -0.21607901 0.02696289 -0.04545894
v -0.20732900 0.01350586 -0.04545894
v -0.21701651 0.01800781 -0.04545894
v -0.20779771 0.00450195 -0.04545894
v -0.21764151 0.00901367 -0.04545894
v -0.21779771 0.00000000 -0.04545894
v -0.20779771 -0.00450195 -0.04545894
v -0.21764151 -0.00900391 -0.04545894
v -0.21701651 -0.01799805 -0.04545894
v -0.20732900 -0.01349609 -0.04545894
v -0.21607901 -0.02696289 -0.04545894
v -0.20654771 -0.02247070 -0.04545894
v -0.21482900 -0.03586914 -0.04545894
v -0.20545400 -0.03139649 -0.04545894
v -0.21311021 -0.04471680 -0.04545894
v -0.21107900 -0.05348633 -0.04545894
v -0.20373521 -0.04026367 -0.04545894
v -0.20857900 -0.06215820 -0.04545894
v -0.20186021 -0.04904297 -0.04545894
v -0.20748521 -0.06479492 -0.04545894
v -0.20623521 -0.06726564 -0.04545894
v -0.20451650 -0.06952150 -0.04545894
v -0.19951650 -0.05773437 -0.04545894
v -0.20248521 -0.07150391 -0.04545894
v -0.20014150 -0.07318360 -0.04545894
v -0.19670400 -0.06630860 -0.04545894
v -0.19764150 -0.07453125 -0.04545894
v -0.19498521 -0.07550782 -0.04545894
v -0.19232900 -0.07610353 -0.04545894
v -0.18936021 -0.07630861 -0.04545894
v -0.17951650 -0.06630860 -0.04545894
v -0.17951650 -0.07630861 -0.04545894
v -0.20623521 0.06726564 -0.04545894
v -0.20451650 0.06952150 -0.04545894
v -0.19951650 0.05773437 -0.04545894
v -0.20248521 0.07150391 -0.04545894
v -0.20014150 0.07318360 -0.04545894
v -0.19670400 0.06630860 -0.04545894
v -0.19764150 0.07453125 -0.04545894
v -0.19498521 0.07550782 -0.04545894
v -0.19232900 0.07610353 -0.04545894
v -0.18936021 0.07630861 -0.04545894
v -0.16904771 0.06630860 -0.04545894
v -0.16904771 0.07630861 -0.04545894
v -0.17951650 -0.06630860 -0.04545894
v -0.19670400 -0.06630860 -0.04545894
v -0.17889150 -0.06630860 -0.04760737
v -0.17811021 -0.06630860 -0.04967769
v -0.19670400 -0.06630860 -0.05344722
v -0.17701650 -0.06630860 -0.05163081
v -0.17561021 -0.06630860 -0.05344722
v -0.19670400 -0.06630860 -0.05344722
v -0.19670400 -0.06630860 -0.04545894
v -0.19951650 -0.05773437 -0.05344722
v -0.19951650 -0.05773437 -0.04545894
v -0.19951650 -0.05773437 -0.05344722
v -0.19951650 -0.05773437 -0.04545894
v -0.20186021 -0.04904297 -0.05344722
v -0.20186021 -0.04904297 -0.04545894
v -0.20186021 -0.04904297 -0.05344722
v -0.20186021 -0.04904297 -0.04545894
v -0.20373521 -0.04026367 -0.05344722
v -0.20373521 -0.04026367 -0.04545894
v -0.20373521 -0.04026367 -0.05344722
v -0.20373521 -0.04026367 -0.04545894
v -0.20545400 -0.03139649 -0.05344722
v -0.20545400 -0.03139649 -0.04545894
v -0.20545400 -0.03139649 -0.05344722
v -0.20545400 -0.03139649 -0.04545894
v -0.20654771 -0.02247070 -0.05344722
v -0.20654771 -0.02247070 -0.04545894
v -0.20654771 -0.02247070 -0.05344722
v -0.20654771 -0.02247070 -0.04545894
v -0.20732900 -0.01349609 -0.05344722
v -0.20732900 -0.01349609 -0.04545894
v -0.20732900 -0.01349609 -0.05344722
v -0.20732900 -0.01349609 -0.04545894
v -0.20779771 -0.00450195 -0.05344722
v -0.20779771 -0.00450195 -0.04545894
v -0.20779771 -0.00450195 -0.05344722
v -0.20779771 -0.00450195 -0.04545894
v -0.20779771 0.00450195 -0.05344722
v -0.20779771 0.00450195 -0.04545894
v -0.20779771 0.00450195 -0.05344722
v -0.20779771 0.00450195 -0.04545894
v -0.20732900 0.01350586 -0.05344722
v -0.20732900 0.01350586 -0.04545894
v -0.20732900 0.01350586 -0.05344722
v -0.20732900 0.01350586 -0.04545894
v -0.20654771 0.02247070 -0.05344722
v -0.20654771 0.02247070 -0.04545894
v -0.20654771 0.02247070 -0.05344722
v -0.20654771 0.02247070 -0.04545894
v -0.20545400 0.03139649 -0.05344722
v -0.20545400 0.03139649 -0.04545894
v -0.20545400 0.03139649 -0.05344722
v -0.20545400 0.03139649 -0.04545894
v -0.20373521 0.04026367 -0.05344722
v -0.20373521 0.04026367 -0.04545894
v -0.20373521 0.04026367 -0.05344722
v -0.20373521 0.04026367 -0.04545894
v -0.20186021 0.04904297 -0.05344722
v -0.20186021 0.04904297 -0.04545894
v -0.20186021 0.04904297 -0.05344722
v -0.20186021 0.04904297 -0.04545894
v -0.19951650 0.05773437 -0.05344722
v -0.19951650 0.05773437 -0.04545894
v -0.19951650 0.05773437 -0.05344722
v -0.19951650 0.05773437 -0.04545894
v -0.19670400 0.06630860 -0.05344722
v -0.19670400 0.06630860 -0.04545894
v -0.16904771 0.06630860 -0.04545894
v -0.16811021 0.06630860 -0.04694331
v -0.19670400 0.06630860 -0.04545894
v -0.16686021 0.06630860 -0.04821284
v -0.19670400 0.06630860 -0.05344722
v -0.16545400 0.06630860 -0.04922847
v -0.16389150 0.06630860 -0.04995112
v -0.16217271 0.06630860 -0.05036128
v -0.15701650 0.06630860 -0.05344722
v -0.16045400 0.06630860 -0.05041987
v -0.15873521 0.06630860 -0.05014644
v -0.15701650 0.06630860 -0.04954097
v -0.15701650 0.07554689 -0.05344722
v -0.19482900 0.07554689 -0.05344722
v -0.15701650 0.06630860 -0.05344722
v -0.19670400 0.06630860 -0.05344722
v -0.19748521 0.07458008 -0.05344722
v -0.20014150 0.07324219 -0.05344722
v -0.19951650 0.05773437 -0.05344722
v -0.20232900 0.07155275 -0.05344722
v -0.20436021 0.06956055 -0.05344722
v -0.20607900 0.06730469 -0.05344722
v -0.20186021 0.04904297 -0.05344722
v -0.20748521 0.06481446 -0.05344722
v -0.20857900 0.06215820 -0.05344722
v -0.21107900 0.05348633 -0.05344722
v -0.20373521 0.04026367 -0.05344722
v -0.21311021 0.04472656 -0.05344722
v -0.20545400 0.03139649 -0.05344722
v -0.21482900 0.03587891 -0.05344722
v -0.20654771 0.02247070 -0.05344722
v -0.21607901 0.02696289 -0.05344722
v -0.20732900 0.01350586 -0.05344722
v -0.21701651 0.01800781 -0.05344722
v -0.21764151 0.00901367 -0.05344722
v -0.20779771 0.00450195 -0.05344722
v -0.21779771 0.00000000 -0.05344722
v -0.20779771 -0.00450195 -0.05344722
v -0.21764151 -0.00900391 -0.05344722
v -0.20732900 -0.01349609 -0.05344722
v -0.21701651 -0.01799805 -0.05344722
v -0.21607901 -0.02696289 -0.05344722
v -0.20654771 -0.02247070 -0.05344722
v -0.21482900 -0.03586914 -0.05344722
v -0.20545400 -0.03139649 -0.05344722
v -0.21311021 -0.04471680 -0.05344722
v -0.20373521 -0.04026367 -0.05344722
v -0.21107900 -0.05348633 -0.05344722
v -0.20186021 -0.04904297 -0.05344722
v -0.20857900 -0.06215820 -0.05344722
v -0.20748521 -0.06481446 -0.05344722
v -0.20607900 -0.06730469 -0.05344722
v -0.19951650 -0.05773437 -0.05344722
v -0.20436021 -0.06956055 -0.05344722
v -0.20232900 -0.07155275 -0.05344722
v -0.20014150 -0.07324219 -0.05344722
v -0.19670400 -0.06630860 -0.05344722
v -0.19748521 -0.07458008 -0.05344722
v -0.19482900 -0.07554689 -0.05344722
v -0.17561021 -0.07554689 -0.05344722
v -0.17561021 -0.06630860 -0.05344722
v -0.17920400 -0.07630861 0.04655278
v -0.17920400 -0.06630860 0.04655278
v -0.18936021 -0.07630861 0.04655278
v -0.19670400 -0.06630860 0.04655278
v -0.19232900 -0.07610353 0.04655278
v -0.19498521 -0.07550782 0.04655278
v -0.19764150 -0.07453125 0.04655278
v -0.20014150 -0.07318360 0.04655278
v -0.19951650 -0.05773437 0.04655278
v -0.20248521 -0.07150391 0.04655278
v -0.20451650 -0.06952150 0.04655278
v -0.20186021 -0.04904297 0.04655278
v -0.20623521 -0.06726564 0.04655278
v -0.20748521 -0.06479492 0.04655278
v -0.20857900 -0.06215820 0.04655278
v -0.20373521 -0.04026367 0.04655278
v -0.21107900 -0.05348633 0.04655278
v -0.20545400 -0.03139649 0.04655278
v -0.21311021 -0.04471680 0.04655278
v -0.21482900 -0.03586914 0.04655278
v -0.20654771 -0.02247070 0.04655278
v -0.21607901 -0.02696289 0.04655278
v -0.20732900 -0.01349609 0.04655278
v -0.21701651 -0.01799805 0.04655278
v -0.20779771 -0.00450195 0.04655278
v -0.21764151 -0.00900391 0.04655278
v -0.21779771 0.00000000 0.04655278
v -0.20779771 0.00450195 0.04655278
v -0.21764151 0.00901367 0.04655278
v -0.21701651 0.01800781 0.04655278
v -0.20732900 0.01350586 0.04655278
v -0.21607901 0.02696289 0.04655278
v -0.20654771 0.02247070 0.04655278
v -0.21482900 0.03587891 0.04655278
v -0.20545400 0.03139649 0.04655278
v -0.21311021 0.04472656 0.04655278
v -0.21107900 0.05348633 0.04655278
v -0.20373521 0.04026367 0.04655278
v -0.20857900 0.06215820 0.04655278
v -0.20186021 0.04904297 0.04655278
v -0.20748521 0.06480469 0.04655278
v -0.20623521 0.06726564 0.04655278
v -0.20451650 0.06952150 0.04655278
v -0.19951650 0.05773437 0.04655278
v -0.20248521 0.07150391 0.04655278
v -0.20014150 0.07318360 0.04655278
v -0.19670400 0.06630860 0.04655278
v -0.19764150 0.07453125 0.04655278
v -0.19498521 0.07550782 0.04655278
v -0.19232900 0.07610353 0.04655278
v -0.18936021 0.07630861 0.04655278
v -0.16764150 0.06630860 0.04655278
v -0.16764150 0.07630861 0.04655278
v -0.16764150 0.06630860 0.04655278
v -0.19670400 0.06630860 0.04655278
v -0.16623521 0.06630860 0.04776372
v -0.16451650 0.06630860 0.04864262
v -0.19670400 0.06630860 0.05454106
v -0.16264150 0.06630860 0.04913090
v -0.15701650 0.06630860 0.05454106
v -0.16076650 0.06630860 0.04920903
v -0.15873521 0.06630860 0.04889653
v -0.15701650 0.06630860 0.04817387
v -0.19670400 0.06630860 0.05454106
v -0.19670400 0.06630860 0.04655278
v -0.19951650 0.05773437 0.05454106
v -0.19951650 0.05773437 0.04655278
v -0.19951650 0.05773437 0.05454106
v -0.19951650 0.05773437 0.04655278
v -0.20186021 0.04904297 0.05454106
v -0.20186021 0.04904297 0.04655278
v -0.20186021 0.04904297 0.05454106
v -0.20186021 0.04904297 0.04655278
v -0.20373521 0.04026367 0.05454106
v -0.20373521 0.04026367 0.04655278
v -0.20373521 0.04026367 0.05454106
v -0.20373521 0.04026367 0.04655278
v -0.20545400 0.03139649 0.05454106
v -0.20545400 0.03139649 0.04655278
v -0.20545400 0.03139649 0.05454106
v -0.20545400 0.03139649 0.04655278
v -0.20654771 0.02247070 0.05454106
v -0.20654771 0.02247070 0.04655278
v -0.20654771 0.02247070 0.05454106
v -0.20654771 0.02247070 0.04655278
v -0.20732900 0.01350586 0.05454106
v -0.20732900 0.01350586 0.04655278
v -0.20732900 0.01350586 0.05454106
v -0.20732900 0.01350586 0.04655278
v -0.20779771 0.00450195 0.05454106
v -0.20779771 0.00450195 0.04655278
v -0.20779771 0.00450195 0.05454106
v -0.20779771 0.00450195 0.04655278
v -0.20779771 -0.00450195 0.05454106
v -0.20779771 -0.00450195 0.04655278
v -0.20779771 -0.00450195 0.05454106
v -0.20779771 -0.00450195 0.04655278
v -0.20732900 -0.01349609 0.05454106
v -0.20732900 -0.01349609 0.04655278
v -0.20732900 -0.01349609 0.05454106
v -0.20732900 -0.01349609 0.04655278
v -0.20654771 -0.02247070 0.05454106
v -0.20654771 -0.02247070 0.04655278
v -0.20654771 -0.02247070 0.05454106
v -0.20654771 -0.02247070 0.04655278
v -0.20545400 -0.03139649 0.05454106
v -0.20545400 -0.03139649 0.04655278
v -0.20545400 -0.03139649 0.05454106
v -0.20545400 -0.03139649 0.04655278
v -0.20373521 -0.04026367 0.05454106
v -0.20373521 -0.04026367 0.04655278
v -0.20373521 -0.04026367 0.05454106
v -0.20373521 -0.04026367 0.04655278
v -0.20186021 -0.04904297 0.05454106
v -0.20186021 -0.04904297 0.04655278
v -0.20186021 -0.04904297 0.05454106
v -0.20186021 -0.04904297 0.04655278
v -0.19951650 -0.05773437 0.05454106
v -0.19951650 -0.05773437 0.04655278
v -0.19951650 -0.05773437 0.05454106
v -0.19951650 -0.05773437 0.04655278
v -0.19670400 -0.06630860 0.05454106
v -0.19670400 -0.06630860 0.04655278
v -0.17373521 -0.07520508 0.05454106
v -0.19592271 -0.07520508 0.05454106
v -0.17373521 -0.06630860 0.05454106
v -0.19670400 -0.06630860 0.05454106
v -0.19842271 -0.07416016 0.05454106
v -0.20076650 -0.07279297 0.05454106
v -0.19951650 -0.05773437 0.05454106
v -0.20279771 -0.07112305 0.05454106
v -0.20467271 -0.06918946 0.05454106
v -0.20639150 -0.06702150 0.05454106
v -0.20186021 -0.04904297 0.05454106
v -0.20764150 -0.06466797 0.05454106
v -0.20857900 -0.06215820 0.05454106
v -0.21107900 -0.05348633 0.05454106
v -0.20373521 -0.04026367 0.05454106
v -0.21311021 -0.04471680 0.05454106
v -0.20545400 -0.03139649 0.05454106
v -0.21482900 -0.03586914 0.05454106
v -0.20654771 -0.02247070 0.05454106
v -0.21607901 -0.02696289 0.05454106
v -0.20732900 -0.01349609 0.05454106
v -0.21701651 -0.01799805 0.05454106
v -0.21764151 -0.00900391 0.05454106
v -0.20779771 -0.00450195 0.05454106
v -0.21779771 0.00000000 0.05454106
v -0.20779771 0.00450195 0.05454106
v -0.21764151 0.00901367 0.05454106
v -0.20732900 0.01350586 0.05454106
v -0.21701651 0.01800781 0.05454106
v -0.21607901 0.02696289 0.05454106
v -0.20654771 0.02247070 0.05454106
v -0.21482900 0.03587891 0.05454106
v -0.20545400 0.03139649 0.05454106
v -0.21311021 0.04472656 0.05454106
v -0.20373521 0.04026367 0.05454106
v -0.21107900 0.05348633 0.05454106
v -0.20186021 0.04904297 0.05454106
v -0.20857900 0.06215820 0.05454106
v -0.20764150 0.06466797 0.05454106
v -0.20639150 0.06703125 0.05454106
v -0.19951650 0.05773437 0.05454106
v -0.20467271 0.06918946 0.05454106
v -0.20279771 0.07112305 0.05454106
v -0.20076650 0.07279297 0.05454106
v -0.19670400 0.06630860 0.05454106
v -0.19842271 0.07416016 0.05454106
v -0.19592271 0.07520508 0.05454106
v -0.15701650 0.07520508 0.05454106
v -0.15701650 0.06630860 0.05454106
v -0.17920400 -0.06630860 0.04655278
v -0.17826650 -0.06630860 0.04879887
v -0.19670400 -0.06630860 0.04655278
v -0.19670400 -0.06630860 0.05454106
v -0.17701650 -0.06630860 0.05088872
v -0.17545400 -0.06630860 0.05282231
v -0.17373521 -0.06630860 0.05454106
v -0.20748521 0.06480469 0.03854497
v -0.20186021 0.04904297 0.03854497
v -0.20857900 0.06215820 0.03854497
v -0.20373521 0.04026367 0.03854497
v -0.21107900 0.05348633 0.03854497
v -0.20545400 0.03139649 0.03854497
v -0.21311021 0.04472656 0.03854497
v -0.21482900 0.03587891 0.03854497
v -0.20654771 0.02247070 0.03854497
v -0.21607901 0.02696289 0.03854497
v -0.20732900 0.01350586 0.03854497
v -0.21701651 0.01800781 0.03854497
v -0.20779771 0.00450195 0.03854497
v -0.21764151 0.00901367 0.03854497
v -0.21779771 0.00000000 0.03854497
v -0.20779771 -0.00450195 0.03854497
v -0.21764151 -0.00900391 0.03854497
v -0.21701651 -0.01799805 0.03854497
v -0.20732900 -0.01349609 0.03854497
v -0.21607901 -0.02696289 0.03854497
v -0.20654771 -0.02247070 0.03854497
v -0.21482900 -0.03586914 0.03854497
v -0.20545400 -0.03139649 0.03854497
v -0.21311021 -0.04471680 0.03854497
v -0.21107900 -0.05348633 0.03854497
v -0.20373521 -0.04026367 0.03854497
v -0.20857900 -0.06215820 0.03854497
v -0.20186021 -0.04904297 0.03854497
v -0.20748521 -0.06479492 0.03854497
v -0.20623521 -0.06726564 0.03854497
v -0.20451650 -0.06952150 0.03854497
v -0.19951650 -0.05773437 0.03854497
v -0.20248521 -0.07150391 0.03854497
v -0.20014150 -0.07318360 0.03854497
v -0.19670400 -0.06630860 0.03854497
v -0.19764150 -0.07453125 0.03854497
v -0.19498521 -0.07550782 0.03854497
v -0.19232900 -0.07610353 0.03854497
v -0.18936021 -0.07630861 0.03854497
v -0.18014150 -0.06630860 0.03854497
v -0.18014150 -0.07630861 0.03854497
v -0.20623521 0.06726564 0.03854497
v -0.20451650 0.06952150 0.03854497
v -0.19951650 0.05773437 0.03854497
v -0.20248521 0.07150391 0.03854497
v -0.20014150 0.07318360 0.03854497
v -0.19670400 0.06630860 0.03854497
v -0.19764150 0.07453125 0.03854497
v -0.19498521 0.07550782 0.03854497
v -0.19232900 0.07610353 0.03854497
v -0.18936021 0.07630861 0.03854497
v -0.17014150 0.06630860 0.03854497
v -0.17014150 0.07630861 0.03854497
v -0.19670400 0.06630860 0.03053716
v -0.16248521 0.06630860 0.03131841
v -0.15701650 0.06630860 0.03053716
v -0.16061021 0.06630860 0.03125981
v -0.15873521 0.06630860 0.03157231
v -0.19670400 0.06630860 0.03854497
v -0.16873521 0.06630860 0.03510747
v -0.16748521 0.06630860 0.03370122
v -0.16592271 0.06630860 0.03254887
v -0.17014150 0.06630860 0.03854497
v -0.16951650 0.06630860 0.03674809
v -0.16436021 0.06630860 0.03174810
v -0.15701650 0.06630860 0.03227544
v -0.19670400 0.06630860 0.03854497
v -0.19670400 0.06630860 0.03053716
v -0.19951650 0.05773437 0.03854497
v -0.19951650 0.05773437 0.03053716
v -0.19951650 0.05773437 0.03854497
v -0.19951650 0.05773437 0.03053716
v -0.20186021 0.04904297 0.03854497
v -0.20186021 0.04904297 0.03053716
v -0.20186021 0.04904297 0.03854497
v -0.20186021 0.04904297 0.03053716
v -0.20373521 0.04026367 0.03854497
v -0.20373521 0.04026367 0.03053716
v -0.20373521 0.04026367 0.03854497
v -0.20373521 0.04026367 0.03053716
v -0.20545400 0.03139649 0.03854497
v -0.20545400 0.03139649 0.03053716
v -0.20545400 0.03139649 0.03854497
v -0.20545400 0.03139649 0.03053716
v -0.20654771 0.02247070 0.03854497
v -0.20654771 0.02247070 0.03053716
v -0.20654771 0.02247070 0.03854497
v -0.20654771 0.02247070 0.03053716
v -0.20732900 0.01350586 0.03854497
v -0.20732900 0.01350586 0.03053716
v -0.20732900 0.01350586 0.03854497
v -0.20732900 0.01350586 0.03053716
v -0.20779771 0.00450195 0.03854497
v -0.20779771 0.00450195 0.03053716
v -0.20779771 0.00450195 0.03854497
v -0.20779771 0.00450195 0.03053716
v -0.20779771 -0.00450195 0.03854497
v -0.20779771 -0.00450195 0.03053716
v -0.20779771 -0.00450195 0.03854497
v -0.20779771 -0.00450195 0.03053716
v -0.20732900 -0.01349609 0.03854497
v -0.20732900 -0.01349609 0.03053716
v -0.20732900 -0.01349609 0.03854497
v -0.20732900 -0.01349609 0.03053716
v -0.20654771 -0.02247070 0.03854497
v -0.20654771 -0.02247070 0.03053716
v -0.20654771 -0.02247070 0.03854497
v -0.20654771 -0.02247070 0.03053716
v -0.20545400 -0.03139649 0.03854497
v -0.20545400 -0.03139649 0.03053716
v -0.20545400 -0.03139649 0.03854497
v -0.20545400 -0.03139649 0.03053716
v -0.20373521 -0.04026367 0.03854497
v -0.20373521 -0.04026367 0.03053716
v -0.20373521 -0.04026367 0.03854497
v -0.20373521 -0.04026367 0.03053716
v -0.20186021 -0.04904297 0.03854497
v -0.20186021 -0.04904297 0.03053716
v -0.20186021 -0.04904297 0.03854497
v -0.20186021 -0.04904297 0.03053716
v -0.19951650 -0.05773437 0.03854497
v -0.19951650 -0.05773437 0.03053716
v -0.19951650 -0.05773437 0.03854497
v -0.19951650 -0.05773437 0.03053716
v -0.19670400 -0.06630860 0.03854497
v -0.19670400 -0.06630860 0.03053716
v -0.17764150 -0.06630860 0.03053716
v -0.17889150 -0.06630860 0.03307622
v -0.19670400 -0.06630860 0.03053716
v -0.17967271 -0.06630860 0.03575200
v -0.19670400 -0.06630860 0.03854497
v -0.18014150 -0.06630860 0.03854497
v -0.19232900 0.07610353 0.03053716
v -0.19670400 0.06630860 0.03053716
v -0.18936021 0.07630861 0.03053716
v -0.15701650 0.06630860 0.03053716
v -0.15701650 0.07630861 0.03053716
v -0.19498521 0.07550782 0.03053716
v -0.19764150 0.07453125 0.03053716
v -0.20014150 0.07318360 0.03053716
v -0.19951650 0.05773437 0.03053716
v -0.20248521 0.07150391 0.03053716
v -0.20451650 0.06952150 0.03053716
v -0.20623521 0.06726564 0.03053716
v -0.20186021 0.04904297 0.03053716
v -0.20748521 0.06480469 0.03053716
v -0.20857900 0.06215820 0.03053716
v -0.21107900 0.05348633 0.03053716
v -0.20373521 0.04026367 0.03053716
v -0.21311021 0.04472656 0.03053716
v -0.20545400 0.03139649 0.03053716
v -0.21482900 0.03587891 0.03053716
v -0.20654771 0.02247070 0.03053716
v -0.21607901 0.02696289 0.03053716
v -0.20732900 0.01350586 0.03053716
v -0.21701651 0.01800781 0.03053716
v -0.21764151 0.00901367 0.03053716
v -0.20779771 0.00450195 0.03053716
v -0.21779771 0.00000000 0.03053716
v -0.20779771 -0.00450195 0.03053716
v -0.21764151 -0.00900391 0.03053716
v -0.20732900 -0.01349609 0.03053716
v -0.21701651 -0.01799805 0.03053716
v -0.21607901 -0.02696289 0.03053716
v -0.20654771 -0.02247070 0.03053716
v -0.21482900 -0.03586914 0.03053716
v -0.20545400 -0.03139649 0.03053716
v -0.21311021 -0.04471680 0.03053716
v -0.20373521 -0.04026367 0.03053716
v -0.21107900 -0.05348633 0.03053716
v -0.20186021 -0.04904297 0.03053716
v -0.20857900 -0.06215820 0.03053716
v -0.20748521 -0.06479492 0.03053716
v -0.20623521 -0.06726564 0.03053716
v -0.19951650 -0.05773437 0.03053716
v -0.20451650 -0.06952150 0.03053716
v -0.20248521 -0.07150391 0.03053716
v -0.20014150 -0.07318360 0.03053716
v -0.19670400 -0.06630860 0.03053716
v -0.19764150 -0.07453125 0.03053716
v -0.19498521 -0.07550782 0.03053716
v -0.19232900 -0.07610353 0.03053716
v -0.18936021 -0.07630861 0.03053716
v -0.17764150 -0.06630860 0.03053716
v -0.17764150 -0.07630861 0.03053716
v -0.01248525 0.05630859 -0.06799800
v -0.01967275 0.04908203 -0.06799800
v -0.21029771 0.05630859 -0.06799800
v -0.02092275 0.04766601 -0.06799800
v -0.02201650 0.04600586 -0.06799800
v -0.01248525 0.05115234 -0.06799800
v -0.01436025 0.05123047 -0.06799800
v -0.01623525 0.05090820 -0.06799800
v -0.01811025 0.05017578 -0.06799800
v -0.13576650 0.00870117 -0.06799800
v -0.02264150 0.04417969 -0.06799800
v -0.13389150 0.00829102 -0.06799800
v -0.02279775 0.04225586 -0.06799800
v -0.02264150 0.04033203 -0.06799800
v -0.02201650 0.03849609 -0.06799800
v -0.13201650 0.00748047 -0.06799800
v -0.02092275 0.03683594 -0.06799800
v -0.13045400 0.00631836 -0.06799800
v -0.01967275 0.03541992 -0.06799800
v -0.12920400 0.00484375 -0.06799800
v -0.01811025 0.03432617 -0.06799800
v -0.00732900 0.00381836 -0.06799800
v -0.00670400 0.00462891 -0.06799800
v -0.01248525 0.03070313 -0.06799800
v -0.00607900 0.00541992 -0.06799800
v -0.00529775 0.00620117 -0.06799800
v -0.00436025 0.00696289 -0.06799800
v -0.00232900 0.00831055 -0.06799800
v -0.00014150 0.00939453 -0.06799800
v 0.00204600 0.01023437 -0.06799800
v 0.00392100 0.01085937 -0.06799800
v 0.00392100 0.03070313 -0.06799800
v -0.01623525 0.03360351 -0.06799800
v -0.01436025 0.03327148 -0.06799800
v -0.01248525 0.03335937 -0.06799800
v -0.12811021 0.00312500 -0.06799800
v -0.00764150 0.00298828 -0.06799800
v -0.00795400 0.00210938 -0.06799800
v -0.12748530 0.00123047 -0.06799800
v -0.00826650 0.00119141 -0.06799800
v -0.00826650 0.00026367 -0.06799800
v -0.12732901 -0.00074219 -0.06799800
v -0.00826650 -0.00067383 -0.06799800
v -0.12748530 -0.00271484 -0.06799800
v -0.00795400 -0.00159180 -0.06799800
v -0.00764150 -0.00247070 -0.06799800
v -0.12811021 -0.00460938 -0.06799800
v -0.00732900 -0.00330078 -0.06799800
v -0.01248525 -0.02929688 -0.06799800
v -0.00670400 -0.00411133 -0.06799800
v -0.00607900 -0.00490234 -0.06799800
v -0.00529775 -0.00568359 -0.06799800
v -0.00436025 -0.00644531 -0.06799800
v -0.00232900 -0.00779297 -0.06799800
v -0.00014150 -0.00887695 -0.06799800
v 0.00204600 -0.00971680 -0.06799800
v 0.00392100 -0.01034180 -0.06799800
v 0.00392100 -0.02929688 -0.06799800
v -0.01248525 -0.03444336 -0.06799800
v -0.01420400 -0.03408203 -0.06799800
v -0.01607900 -0.03411133 -0.06799800
v -0.01795400 -0.03452148 -0.06799800
v -0.01967275 -0.03530273 -0.06799800
v -0.12920400 -0.00632813 -0.06799800
v -0.02107900 -0.03641601 -0.06799800
v -0.13045400 -0.00780273 -0.06799800
v -0.02232900 -0.03780273 -0.06799800
v -0.13201650 -0.00897461 -0.06799800
v -0.02326650 -0.03942383 -0.06799800
v -0.13389150 -0.00977539 -0.06799800
v -0.02389150 -0.04120117 -0.06799800
v -0.02404775 -0.04304687 -0.06799800
v -0.02389150 -0.04490234 -0.06799800
v -0.13576650 -0.01019531 -0.06799800
v -0.02326650 -0.04667969 -0.06799800
v -0.21029771 -0.05630859 -0.06799800
v -0.02232900 -0.04829101 -0.06799800
v -0.02107900 -0.04968750 -0.06799800
v -0.01967275 -0.05080078 -0.06799800
v -0.01248525 -0.05630859 -0.06799800
v -0.01795400 -0.05157226 -0.06799800
v -0.01607900 -0.05198242 -0.06799800
v -0.01420400 -0.05201172 -0.06799800
v -0.01248525 -0.05166016 -0.06799800
v -0.13779771 -0.01019531 -0.06799800
v -0.21264150 -0.04708984 -0.06799800
v -0.21451650 -0.03779297 -0.06799800
v -0.13982900 -0.00977539 -0.06799800
v -0.21592271 -0.02840820 -0.06799800
v -0.14154771 -0.00897461 -0.06799800
v -0.21701651 -0.01896484 -0.06799800
v -0.14311021 -0.00780273 -0.06799800
v -0.14451650 -0.00632813 -0.06799800
v -0.21764151 -0.00949219 -0.06799800
v -0.14545400 -0.00460938 -0.06799800
v -0.14607900 -0.00271484 -0.06799800
v -0.21779771 0.00000000 -0.06799800
v -0.14639150 -0.00074219 -0.06799800
v -0.14607900 0.00123047 -0.06799800
v -0.21764151 0.00949219 -0.06799800
v -0.14545400 0.00312500 -0.06799800
v -0.14451650 0.00484375 -0.06799800
v -0.21701651 0.01897461 -0.06799800
v -0.14311021 0.00631836 -0.06799800
v -0.14154771 0.00748047 -0.06799800
v -0.21592271 0.02840820 -0.06799800
v -0.13982900 0.00829102 -0.06799800
v -0.21451650 0.03779297 -0.06799800
v -0.13779771 0.00870117 -0.06799800
v -0.21264150 0.04709961 -0.06799800
v -0.12732901 -0.00166992 -0.01049800
v -0.12732901 -0.00074219 -0.01045894
v -0.12732901 -0.00074219 -0.03922847
v -0.12732901 0.00018555 -0.01049800
v -0.12732901 -0.00074219 -0.03922847
v -0.12732901 0.00018555 -0.01049800
v -0.12748530 0.00123047 -0.03922847
v -0.12748530 0.00123047 -0.03922847
v -0.12732901 0.00018555 -0.01049800
v -0.12748530 0.00112305 -0.01059566
v -0.12748530 0.00123047 -0.03922847
v -0.12748530 0.00112305 -0.01059566
v -0.12779780 0.00204102 -0.01075191
v -0.12748530 0.00123047 -0.03922847
v -0.12779780 0.00204102 -0.01075191
v -0.12811021 0.00312500 -0.03922847
v -0.12811021 0.00312500 -0.03922847
v -0.12779780 0.00204102 -0.01075191
v -0.12811021 0.00293945 -0.01096675
v -0.12811021 0.00312500 -0.03922847
v -0.12811021 0.00293945 -0.01096675
v -0.12889150 0.00458008 -0.01149409
v -0.12811021 0.00312500 -0.03922847
v -0.12889150 0.00458008 -0.01149409
v -0.12920400 0.00484375 -0.03922847
v -0.12920400 0.00484375 -0.03922847
v -0.12889150 0.00458008 -0.01149409
v -0.13014150 0.00597656 -0.01208003
v -0.12920400 0.00484375 -0.03922847
v -0.13014150 0.00597656 -0.01208003
v -0.13045400 0.00631836 -0.03922847
v -0.13045400 0.00631836 -0.03922847
v -0.13014150 0.00597656 -0.01208003
v -0.13154771 0.00711914 -0.01264644
v -0.13045400 0.00631836 -0.03922847
v -0.13154771 0.00711914 -0.01264644
v -0.13201650 0.00748047 -0.03922847
v -0.13201650 0.00748047 -0.03922847
v -0.13154771 0.00711914 -0.01264644
v -0.13311021 0.00801758 -0.01311519
v -0.13201650 0.00748047 -0.03922847
v -0.13311021 0.00801758 -0.01311519
v -0.13389150 0.00829102 -0.03922847
v -0.13389150 0.00829102 -0.03922847
v -0.13311021 0.00801758 -0.01311519
v -0.13404771 0.00833984 -0.01329097
v -0.13389150 0.00829102 -0.03922847
v -0.13404771 0.00833984 -0.01329097
v -0.13498521 0.00857422 -0.01342769
v -0.13389150 0.00829102 -0.03922847
v -0.13498521 0.00857422 -0.01342769
v -0.13576650 0.00870117 -0.03922847
v -0.13576650 0.00870117 -0.03922847
v -0.13498521 0.00857422 -0.01342769
v -0.13592271 0.00871094 -0.01352534
v -0.13576650 0.00870117 -0.03922847
v -0.13592271 0.00871094 -0.01352534
v -0.13686021 0.00875977 -0.01354487
v -0.13576650 0.00870117 -0.03922847
v -0.13686021 0.00875977 -0.01354487
v -0.13779771 0.00870117 -0.03922847
v -0.13779771 0.00870117 -0.03922847
v -0.13686021 0.00875977 -0.01354487
v -0.13779771 0.00871094 -0.01352534
v -0.13779771 0.00870117 -0.03922847
v -0.13779771 0.00871094 -0.01352534
v -0.13873521 0.00857422 -0.01344722
v -0.13779771 0.00870117 -0.03922847
v -0.13873521 0.00857422 -0.01344722
v -0.13982900 0.00829102 -0.03922847
v -0.13982900 0.00829102 -0.03922847
v -0.13873521 0.00857422 -0.01344722
v -0.13967271 0.00833984 -0.01331050
v -0.13982900 0.00829102 -0.03922847
v -0.13967271 0.00833984 -0.01331050
v -0.14045400 0.00801758 -0.01313472
v -0.13982900 0.00829102 -0.03922847
v -0.14045400 0.00801758 -0.01313472
v -0.14154771 0.00748047 -0.03922847
v -0.14154771 0.00748047 -0.03922847
v -0.14045400 0.00801758 -0.01313472
v -0.14217271 0.00711914 -0.01264644
v -0.14154771 0.00748047 -0.03922847
v -0.14217271 0.00711914 -0.01264644
v -0.14311021 0.00631836 -0.03922847
v -0.14311021 0.00631836 -0.03922847
v -0.14217271 0.00711914 -0.01264644
v -0.14357900 0.00597656 -0.01209956
v -0.14311021 0.00631836 -0.03922847
v -0.14357900 0.00597656 -0.01209956
v -0.14451650 0.00484375 -0.03922847
v -0.14451650 0.00484375 -0.03922847
v -0.14357900 0.00597656 -0.01209956
v -0.14467271 0.00458008 -0.01153316
v -0.14451650 0.00484375 -0.03922847
v -0.14467271 0.00458008 -0.01153316
v -0.14545400 0.00312500 -0.03922847
v -0.14545400 0.00312500 -0.03922847
v -0.14467271 0.00458008 -0.01153316
v -0.14561021 0.00293945 -0.01100581
v -0.14545400 0.00312500 -0.03922847
v -0.14561021 0.00293945 -0.01100581
v -0.14592271 0.00204102 -0.01079097
v -0.14545400 0.00312500 -0.03922847
v -0.14592271 0.00204102 -0.01079097
v -0.14607900 0.00123047 -0.03922847
v -0.14607900 0.00123047 -0.03922847
v -0.14592271 0.00204102 -0.01079097
v -0.14607900 0.00112305 -0.01063472
v -0.14607900 0.00123047 -0.03922847
v -0.14607900 0.00112305 -0.01063472
v -0.14623521 0.00018555 -0.01053706
v -0.14639150 -0.00074219 -0.03922847
v -0.14639150 -0.00074219 -0.03922847
v -0.14623521 0.00018555 -0.01053706
v -0.14639150 -0.00074219 -0.01049800
v -0.14639150 -0.00074219 -0.03922847
v -0.14639150 -0.00074219 -0.01049800
v -0.14623521 -0.00166992 -0.01053706
v -0.14639150 -0.00074219 -0.03922847
v -0.14623521 -0.00166992 -0.01053706
v -0.14607900 -0.00271484 -0.03922847
v -0.14607900 -0.00260742 -0.01063472
v -0.14607900 -0.00271484 -0.03922847
v -0.14607900 -0.00260742 -0.01063472
v -0.14592271 -0.00352539 -0.01079097
v -0.14607900 -0.00271484 -0.03922847
v -0.14592271 -0.00352539 -0.01079097
v -0.14545400 -0.00460938 -0.03922847
v -0.14545400 -0.00460938 -0.03922847
v -0.14592271 -0.00352539 -0.01079097
v -0.14561021 -0.00442383 -0.01100581
v -0.14545400 -0.00460938 -0.03922847
v -0.14561021 -0.00442383 -0.01100581
v -0.14467271 -0.00606445 -0.01153316
v -0.14545400 -0.00460938 -0.03922847
v -0.14467271 -0.00606445 -0.01153316
v -0.14451650 -0.00632813 -0.03922847
v -0.14451650 -0.00632813 -0.03922847
v -0.14467271 -0.00606445 -0.01153316
v -0.14357900 -0.00746094 -0.01209956
v -0.14451650 -0.00632813 -0.03922847
v -0.14357900 -0.00746094 -0.01209956
v -0.14311021 -0.00780273 -0.03922847
v -0.14311021 -0.00780273 -0.03922847
v -0.14357900 -0.00746094 -0.01209956
v -0.14217271 -0.00861328 -0.01264644
v -0.14311021 -0.00780273 -0.03922847
v -0.14217271 -0.00861328 -0.01264644
v -0.14154771 -0.00897461 -0.03922847
v -0.14154771 -0.00897461 -0.03922847
v -0.14217271 -0.00861328 -0.01264644
v -0.14045400 -0.00950195 -0.01313472
v -0.14154771 -0.00897461 -0.03922847
v -0.14045400 -0.00950195 -0.01313472
v -0.13982900 -0.00977539 -0.03922847
v -0.13982900 -0.00977539 -0.03922847
v -0.14045400 -0.00950195 -0.01313472
v -0.13967271 -0.00982422 -0.01331050
v -0.13982900 -0.00977539 -0.03922847
v -0.13967271 -0.00982422 -0.01331050
v -0.13873521 -0.01005859 -0.01344722
v -0.13982900 -0.00977539 -0.03922847
v -0.13873521 -0.01005859 -0.01344722
v -0.13779771 -0.01019531 -0.03922847
v -0.13779771 -0.01019531 -0.03922847
v -0.13873521 -0.01005859 -0.01344722
v -0.13779771 -0.01019531 -0.01352534
v -0.13779771 -0.01019531 -0.03922847
v -0.13779771 -0.01019531 -0.01352534
v -0.13686021 -0.01024414 -0.01354487
v -0.13779771 -0.01019531 -0.03922847
v -0.13686021 -0.01024414 -0.01354487
v -0.13576650 -0.01019531 -0.03922847
v -0.13576650 -0.01019531 -0.03922847
v -0.13686021 -0.01024414 -0.01354487
v -0.13592271 -0.01019531 -0.01352534
v -0.13576650 -0.01019531 -0.03922847
v -0.13592271 -0.01019531 -0.01352534
v -0.13498521 -0.01005859 -0.01342769
v -0.13576650 -0.01019531 -0.03922847
v -0.13498521 -0.01005859 -0.01342769
v -0.13389150 -0.00977539 -0.03922847
v -0.13389150 -0.00977539 -0.03922847
v -0.13498521 -0.01005859 -0.01342769
v -0.13404771 -0.00982422 -0.01329097
v -0.13389150 -0.00977539 -0.03922847
v -0.13404771 -0.00982422 -0.01329097
v -0.13311021 -0.00950195 -0.01311519
v -0.13389150 -0.00977539 -0.03922847
v -0.13311021 -0.00950195 -0.01311519
v -0.13201650 -0.00897461 -0.03922847
v -0.13201650 -0.00897461 -0.03922847
v -0.13311021 -0.00950195 -0.01311519
v -0.13154771 -0.00860352 -0.01264644
v -0.13201650 -0.00897461 -0.03922847
v -0.13154771 -0.00860352 -0.01264644
v -0.13045400 -0.00780273 -0.03922847
v -0.13045400 -0.00780273 -0.03922847
v -0.13154771 -0.00860352 -0.01264644
v -0.13014150 -0.00746094 -0.01208003
v -0.13045400 -0.00780273 -0.03922847
v -0.13014150 -0.00746094 -0.01208003
v -0.12920400 -0.00632813 -0.03922847
v -0.12920400 -0.00632813 -0.03922847
v -0.13014150 -0.00746094 -0.01208003
v -0.12889150 -0.00606445 -0.01149409
v -0.12920400 -0.00632813 -0.03922847
v -0.12889150 -0.00606445 -0.01149409
v -0.12811021 -0.00460938 -0.03922847
v -0.12811021 -0.00460938 -0.03922847
v -0.12889150 -0.00606445 -0.01149409
v -0.12811021 -0.00442383 -0.01096675
v -0.12811021 -0.00460938 -0.03922847
v -0.12811021 -0.00442383 -0.01096675
v -0.12779780 -0.00352539 -0.01075191
v -0.12811021 -0.00460938 -0.03922847
v -0.12779780 -0.00352539 -0.01075191
v -0.12748530 -0.00271484 -0.03922847
v -0.12748530 -0.00271484 -0.03922847
v -0.12779780 -0.00352539 -0.01075191
v -0.12748530 -0.00260742 -0.01059566
v -0.12748530 -0.00271484 -0.03922847
v -0.12748530 -0.00260742 -0.01059566
v -0.12732901 -0.00166992 -0.01049800
v -0.12748530 -0.00271484 -0.03922847
v -0.12732901 -0.00166992 -0.01049800
v -0.12732901 -0.00074219 -0.03922847
v -0.12748530 -0.00271484 -0.06799800
v -0.12732901 -0.00074219 -0.06799800
v -0.12732901 -0.00074219 -0.06799800
v -0.12748530 0.00123047 -0.06799800
v -0.12748530 0.00123047 -0.06799800
v -0.12811021 0.00312500 -0.06799800
v -0.12811021 0.00312500 -0.06799800
v -0.12920400 0.00484375 -0.06799800
v -0.12920400 0.00484375 -0.06799800
v -0.13045400 0.00631836 -0.06799800
v -0.13045400 0.00631836 -0.06799800
v -0.13201650 0.00748047 -0.06799800
v -0.13201650 0.00748047 -0.06799800
v -0.13389150 0.00829102 -0.06799800
v -0.13389150 0.00829102 -0.06799800
v -0.13576650 0.00870117 -0.06799800
v -0.13576650 0.00870117 -0.06799800
v -0.13779771 0.00870117 -0.06799800
v -0.13779771 0.00870117 -0.06799800
v -0.13982900 0.00829102 -0.06799800
v -0.13982900 0.00829102 -0.06799800
v -0.14154771 0.00748047 -0.06799800
v -0.14154771 0.00748047 -0.06799800
v -0.14311021 0.00631836 -0.06799800
v -0.14311021 0.00631836 -0.06799800
v -0.14451650 0.00484375 -0.06799800
v -0.14451650 0.00484375 -0.06799800
v -0.14545400 0.00312500 -0.06799800
v -0.14545400 0.00312500 -0.06799800
v -0.14607900 0.00123047 -0.06799800
v -0.14607900 0.00123047 -0.06799800
v -0.14639150 -0.00074219 -0.06799800
v -0.14639150 -0.00074219 -0.06799800
v -0.14607900 -0.00271484 -0.06799800
v -0.14607900 -0.00271484 -0.06799800
v -0.14545400 -0.00460938 -0.06799800
v -0.14545400 -0.00460938 -0.06799800
v -0.14451650 -0.00632813 -0.06799800
v -0.14451650 -0.00632813 -0.06799800
v -0.14311021 -0.00780273 -0.06799800
v -0.14311021 -0.00780273 -0.06799800
v -0.14154771 -0.00897461 -0.06799800
v -0.14154771 -0.00897461 -0.06799800
v -0.13982900 -0.00977539 -0.06799800
v -0.13982900 -0.00977539 -0.06799800
v -0.13779771 -0.01019531 -0.06799800
v -0.13779771 -0.01019531 -0.06799800
v -0.13576650 -0.01019531 -0.06799800
v -0.13576650 -0.01019531 -0.06799800
v -0.13389150 -0.00977539 -0.06799800
v -0.13389150 -0.00977539 -0.06799800
v -0.13201650 -0.00897461 -0.06799800
v -0.13201650 -0.00897461 -0.06799800
v -0.13045400 -0.00780273 -0.06799800
v -0.13045400 -0.00780273 -0.06799800
v -0.12920400 -0.00632813 -0.06799800
v -0.12920400 -0.00632813 -0.06799800
v -0.12811021 -0.00460938 -0.06799800
v -0.12811021 -0.00460938 -0.06799800
v -0.12748530 -0.00271484 -0.06799800
v -0.11857901 0.00201172 0.06799810
v -0.11857901 0.00201172 0.05299809
v -0.11826651 -0.00074219 0.06799810
v -0.11826651 -0.00074219 0.05299809
v -0.11826651 -0.00074219 0.06799810
v -0.11826651 -0.00074219 0.05299809
v -0.11857901 -0.00349609 0.06799810
v -0.11857901 -0.00349609 0.05299809
v -0.11857901 -0.00349609 0.06799810
v -0.11857901 -0.00349609 0.05299809
v -0.11920401 -0.00619141 0.06799810
v -0.11920401 -0.00619141 0.05299809
v -0.11920401 -0.00619141 0.06799810
v -0.11920401 -0.00619141 0.05299809
v -0.12014151 -0.00876953 0.06799810
v -0.12014151 -0.00876953 0.05299809
v -0.12014151 -0.00876953 0.06799810
v -0.12014151 -0.00876953 0.05299809
v -0.12154780 -0.01116211 0.06799810
v -0.12154780 -0.01116211 0.05299809
v -0.12154780 -0.01116211 0.06799810
v -0.12154780 -0.01116211 0.05299809
v -0.12326651 -0.01333008 0.06799810
v -0.12326651 -0.01333008 0.05299809
v -0.12326651 -0.01333008 0.06799810
v -0.12326651 -0.01333008 0.05299809
v -0.12529780 -0.01520508 0.06799810
v -0.12529780 -0.01520508 0.05299809
v -0.12529780 -0.01520508 0.06799810
v -0.12529780 -0.01520508 0.05299809
v -0.12764151 -0.01676758 0.06799810
v -0.12764151 -0.01676758 0.05299809
v -0.12764151 -0.01676758 0.06799810
v -0.12764151 -0.01676758 0.05299809
v -0.13014150 -0.01795899 0.06799810
v -0.13014150 -0.01795899 0.05299809
v -0.13014150 -0.01795899 0.06799810
v -0.13014150 -0.01795899 0.05299809
v -0.13264150 -0.01877930 0.06799810
v -0.13264150 -0.01877930 0.05299809
v -0.13264150 -0.01877930 0.06799810
v -0.13264150 -0.01877930 0.05299809
v -0.13545400 -0.01918945 0.06799810
v -0.13545400 -0.01918945 0.05299809
v -0.13545400 -0.01918945 0.06799810
v -0.13545400 -0.01918945 0.05299809
v -0.13826650 -0.01918945 0.06799810
v -0.13826650 -0.01918945 0.05299809
v -0.13826650 -0.01918945 0.06799810
v -0.13826650 -0.01918945 0.05299809
v -0.14092271 -0.01877930 0.06799810
v -0.14092271 -0.01877930 0.05299809
v -0.14092271 -0.01877930 0.06799810
v -0.14092271 -0.01877930 0.05299809
v -0.14357900 -0.01795899 0.06799810
v -0.14357900 -0.01795899 0.05299809
v -0.14357900 -0.01795899 0.06799810
v -0.14357900 -0.01795899 0.05299809
v -0.14607900 -0.01676758 0.06799810
v -0.14607900 -0.01676758 0.05299809
v -0.14607900 -0.01676758 0.06799810
v -0.14607900 -0.01676758 0.05299809
v -0.14842271 -0.01520508 0.06799810
v -0.14842271 -0.01520508 0.05299809
v -0.14842271 -0.01520508 0.06799810
v -0.14842271 -0.01520508 0.05299809
v -0.15045400 -0.01333008 0.06799810
v -0.15045400 -0.01333008 0.05299809
v -0.15045400 -0.01333008 0.06799810
v -0.15045400 -0.01333008 0.05299809
v -0.15217271 -0.01116211 0.06799810
v -0.15217271 -0.01116211 0.05299809
v -0.15217271 -0.01116211 0.06799810
v -0.15217271 -0.01116211 0.05299809
v -0.15342271 -0.00876953 0.06799810
v -0.15342271 -0.00876953 0.05299809
v -0.15342271 -0.00876953 0.06799810
v -0.15342271 -0.00876953 0.05299809
v -0.15451650 -0.00619141 0.06799810
v -0.15451650 -0.00619141 0.05299809
v -0.15451650 -0.00619141 0.06799810
v -0.15451650 -0.00619141 0.05299809
v -0.15514150 -0.00349609 0.06799810
v -0.15514150 -0.00349609 0.05299809
v -0.15514150 -0.00349609 0.06799810
v -0.15514150 -0.00349609 0.05299809
v -0.15529771 -0.00074219 0.06799810
v -0.15529771 -0.00074219 0.05299809
v -0.15529771 -0.00074219 0.06799810
v -0.15529771 -0.00074219 0.05299809
v -0.15514150 0.00201172 0.06799810
v -0.15514150 0.00201172 0.05299809
v -0.15514150 0.00201172 0.06799810
v -0.15514150 0.00201172 0.05299809
v -0.15451650 0.00470703 0.06799810
v -0.15451650 0.00470703 0.05299809
v -0.15451650 0.00470703 0.06799810
v -0.15451650 0.00470703 0.05299809
v -0.15342271 0.00728516 0.06799810
v -0.15342271 0.00728516 0.05299809
v -0.15342271 0.00728516 0.06799810
v -0.15342271 0.00728516 0.05299809
v -0.15217271 0.00967774 0.06799810
v -0.15217271 0.00967774 0.05299809
v -0.15217271 0.00967774 0.06799810
v -0.15217271 0.00967774 0.05299809
v -0.15045400 0.01183594 0.06799810
v -0.15045400 0.01183594 0.05299809
v -0.15045400 0.01183594 0.06799810
v -0.15045400 0.01183594 0.05299809
v -0.14842271 0.01372070 0.06799810
v -0.14842271 0.01372070 0.05299809
v -0.14842271 0.01372070 0.06799810
v -0.14842271 0.01372070 0.05299809
v -0.14607900 0.01528320 0.06799810
v -0.14607900 0.01528320 0.05299809
v -0.14607900 0.01528320 0.06799810
v -0.14607900 0.01528320 0.05299809
v -0.14357900 0.01647461 0.06799810
v -0.14357900 0.01647461 0.05299809
v -0.14357900 0.01647461 0.06799810
v -0.14357900 0.01647461 0.05299809
v -0.14092271 0.01729492 0.06799810
v -0.14092271 0.01729492 0.05299809
v -0.14092271 0.01729492 0.06799810
v -0.14092271 0.01729492 0.05299809
v -0.13826650 0.01770508 0.06799810
v -0.13826650 0.01770508 0.05299809
v -0.13826650 0.01770508 0.06799810
v -0.13826650 0.01770508 0.05299809
v -0.13545400 0.01770508 0.06799810
v -0.13545400 0.01770508 0.05299809
v -0.13545400 0.01770508 0.06799810
v -0.13545400 0.01770508 0.05299809
v -0.13264150 0.01729492 0.06799810
v -0.13264150 0.01729492 0.05299809
v -0.13264150 0.01729492 0.06799810
v -0.13264150 0.01729492 0.05299809
v -0.13014150 0.01647461 0.06799810
v -0.13014150 0.01647461 0.05299809
v -0.13014150 0.01647461 0.06799810
v -0.13014150 0.01647461 0.05299809
v -0.12764151 0.01528320 0.06799810
v -0.12764151 0.01528320 0.05299809
v -0.12764151 0.01528320 0.06799810
v -0.12764151 0.01528320 0.05299809
v -0.12529780 0.01372070 0.06799810
v -0.12529780 0.01372070 0.05299809
v -0.12529780 0.01372070 0.06799810
v -0.12529780 0.01372070 0.05299809
v -0.12326651 0.01183594 0.06799810
v -0.12326651 0.01183594 0.05299809
v -0.12326651 0.01183594 0.06799810
v -0.12326651 0.01183594 0.05299809
v -0.12154780 0.00967774 0.06799810
v -0.12154780 0.00967774 0.05299809
v -0.12154780 0.00967774 0.06799810
v -0.12154780 0.00967774 0.05299809
v -0.12014151 0.00728516 0.06799810
v -0.12014151 0.00728516 0.05299809
v -0.12014151 0.00728516 0.06799810
v -0.12014151 0.00728516 0.05299809
v -0.11920401 0.00470703 0.06799810
v -0.11920401 0.00470703 0.05299809
v -0.11920401 0.00470703 0.06799810
v -0.11920401 0.00470703 0.05299809
v -0.11857901 0.00201172 0.06799810
v -0.11857901 0.00201172 0.05299809
v -0.11857901 -0.00349609 0.05299809
v -0.11826651 -0.00074219 0.05299809
v -0.12732901 -0.00074219 0.05299809
v -0.11857901 0.00201172 0.05299809
v -0.12748530 0.00123047 0.05299809
v -0.11920401 0.00470703 0.05299809
v -0.12811021 0.00312500 0.05299809
v -0.12014151 0.00728516 0.05299809
v -0.12920400 0.00484375 0.05299809
v -0.12154780 0.00967774 0.05299809
v -0.12326651 0.01183594 0.05299809
v -0.13045400 0.00631836 0.05299809
v -0.12529780 0.01372070 0.05299809
v -0.13201650 0.00748047 0.05299809
v -0.12764151 0.01528320 0.05299809
v -0.13014150 0.01647461 0.05299809
v -0.13389150 0.00829102 0.05299809
v -0.13264150 0.01729492 0.05299809
v -0.13576650 0.00870117 0.05299809
v -0.13545400 0.01770508 0.05299809
v -0.13826650 0.01770508 0.05299809
v -0.13779771 0.00870117 0.05299809
v -0.14092271 0.01729492 0.05299809
v -0.13982900 0.00829102 0.05299809
v -0.14357900 0.01647461 0.05299809
v -0.14154771 0.00748047 0.05299809
v -0.14607900 0.01528320 0.05299809
v -0.14842271 0.01372070 0.05299809
v -0.14311021 0.00631836 0.05299809
v -0.15045400 0.01183594 0.05299809
v -0.14451650 0.00484375 0.05299809
v -0.15217271 0.00967774 0.05299809
v -0.15342271 0.00728516 0.05299809
v -0.14545400 0.00312500 0.05299809
v -0.15451650 0.00470703 0.05299809
v -0.14607900 0.00123047 0.05299809
v -0.15514150 0.00201172 0.05299809
v -0.14639150 -0.00074219 0.05299809
v -0.15529771 -0.00074219 0.05299809
v -0.15514150 -0.00349609 0.05299809
v -0.14607900 -0.00271484 0.05299809
v -0.15451650 -0.00619141 0.05299809
v -0.14545400 -0.00460938 0.05299809
v -0.15342271 -0.00876953 0.05299809
v -0.14451650 -0.00632813 0.05299809
v -0.15217271 -0.01116211 0.05299809
v -0.15045400 -0.01333008 0.05299809
v -0.14311021 -0.00780273 0.05299809
v -0.14842271 -0.01520508 0.05299809
v -0.14154771 -0.00897461 0.05299809
v -0.14607900 -0.01676758 0.05299809
v -0.14357900 -0.01795899 0.05299809
v -0.13982900 -0.00977539 0.05299809
v -0.14092271 -0.01877930 0.05299809
v -0.13779771 -0.01019531 0.05299809
v -0.13826650 -0.01918945 0.05299809
v -0.13545400 -0.01918945 0.05299809
v -0.13576650 -0.01019531 0.05299809
v -0.13264150 -0.01877930 0.05299809
v -0.13389150 -0.00977539 0.05299809
v -0.13014150 -0.01795899 0.05299809
v -0.13201650 -0.00897461 0.05299809
v -0.12764151 -0.01676758 0.05299809
v -0.12529780 -0.01520508 0.05299809
v -0.13045400 -0.00780273 0.05299809
v -0.12326651 -0.01333008 0.05299809
v -0.12920400 -0.00632813 0.05299809
v -0.12154780 -0.01116211 0.05299809
v -0.12014151 -0.00876953 0.05299809
v -0.12811021 -0.00460938 0.05299809
v -0.11920401 -0.00619141 0.05299809
v -0.12748530 -0.00271484 0.05299809
v -0.12748530 0.00123047 0.05299809
v -0.12732901 0.00018555 0.01592778
v -0.12732901 -0.00074219 0.05299809
v -0.12732901 -0.00074219 0.05299809
v -0.12732901 0.00018555 0.01592778
v -0.12732901 -0.00074219 0.01590825
v -0.12732901 -0.00166992 0.01592778
v -0.12811021 0.00312500 0.05299809
v -0.12779780 0.00204102 0.01620122
v -0.12748530 0.00123047 0.05299809
v -0.12748530 0.00123047 0.05299809
v -0.12779780 0.00204102 0.01620122
v -0.12748530 0.00112305 0.01604497
v -0.12748530 0.00123047 0.05299809
v -0.12748530 0.00112305 0.01604497
v -0.12732901 0.00018555 0.01592778
v -0.12920400 0.00484375 0.05299809
v -0.12889150 0.00458008 0.01694341
v -0.12811021 0.00312500 0.05299809
v -0.12811021 0.00312500 0.05299809
v -0.12889150 0.00458008 0.01694341
v -0.12811021 0.00293945 0.01641606
v -0.12811021 0.00312500 0.05299809
v -0.12811021 0.00293945 0.01641606
v -0.12779780 0.00204102 0.01620122
v -0.12889150 0.00458008 0.01694341
v -0.12920400 0.00484375 0.05299809
v -0.13014150 0.00597656 0.01752935
v -0.13014150 0.00597656 0.01752935
v -0.12920400 0.00484375 0.05299809
v -0.13045400 0.00631836 0.05299809
v -0.13014150 0.00597656 0.01752935
v -0.13045400 0.00631836 0.05299809
v -0.13154771 0.00711914 0.01807622
v -0.13154771 0.00711914 0.01807622
v -0.13045400 0.00631836 0.05299809
v -0.13201650 0.00748047 0.05299809
v -0.13154771 0.00711914 0.01807622
v -0.13201650 0.00748047 0.05299809
v -0.13311021 0.00801758 0.01856450
v -0.13311021 0.00801758 0.01856450
v -0.13201650 0.00748047 0.05299809
v -0.13389150 0.00829102 0.05299809
v -0.13311021 0.00801758 0.01856450
v -0.13389150 0.00829102 0.05299809
v -0.13404771 0.00833984 0.01874028
v -0.13404771 0.00833984 0.01874028
v -0.13389150 0.00829102 0.05299809
v -0.13498521 0.00857422 0.01887700
v -0.13498521 0.00857422 0.01887700
v -0.13389150 0.00829102 0.05299809
v -0.13576650 0.00870117 0.05299809
v -0.13498521 0.00857422 0.01887700
v -0.13576650 0.00870117 0.05299809
v -0.13592271 0.00871094 0.01895513
v -0.13592271 0.00871094 0.01895513
v -0.13576650 0.00870117 0.05299809
v -0.13686021 0.00875977 0.01897466
v -0.13686021 0.00875977 0.01897466
v -0.13576650 0.00870117 0.05299809
v -0.13779771 0.00870117 0.05299809
v -0.13686021 0.00875977 0.01897466
v -0.13779771 0.00870117 0.05299809
v -0.13779771 0.00871094 0.01895513
v -0.13779771 0.00871094 0.01895513
v -0.13779771 0.00870117 0.05299809
v -0.13873521 0.00857422 0.01887700
v -0.13873521 0.00857422 0.01887700
v -0.13779771 0.00870117 0.05299809
v -0.13982900 0.00829102 0.05299809
v -0.13873521 0.00857422 0.01887700
v -0.13982900 0.00829102 0.05299809
v -0.13967271 0.00833984 0.01874028
v -0.13967271 0.00833984 0.01874028
v -0.13982900 0.00829102 0.05299809
v -0.14045400 0.00801758 0.01856450
v -0.14045400 0.00801758 0.01856450
v -0.13982900 0.00829102 0.05299809
v -0.14154771 0.00748047 0.05299809
v -0.14045400 0.00801758 0.01856450
v -0.14154771 0.00748047 0.05299809
v -0.14217271 0.00711914 0.01809575
v -0.14217271 0.00711914 0.01809575
v -0.14154771 0.00748047 0.05299809
v -0.14311021 0.00631836 0.05299809
v -0.14217271 0.00711914 0.01809575
v -0.14311021 0.00631836 0.05299809
v -0.14357900 0.00597656 0.01754888
v -0.14357900 0.00597656 0.01754888
v -0.14311021 0.00631836 0.05299809
v -0.14451650 0.00484375 0.05299809
v -0.14357900 0.00597656 0.01754888
v -0.14451650 0.00484375 0.05299809
v -0.14467271 0.00458008 0.01696294
v -0.14467271 0.00458008 0.01696294
v -0.14451650 0.00484375 0.05299809
v -0.14545400 0.00312500 0.05299809
v -0.14467271 0.00458008 0.01696294
v -0.14545400 0.00312500 0.05299809
v -0.14561021 0.00293945 0.01643560
v -0.14561021 0.00293945 0.01643560
v -0.14545400 0.00312500 0.05299809
v -0.14592271 0.00204102 0.01622075
v -0.14592271 0.00204102 0.01622075
v -0.14545400 0.00312500 0.05299809
v -0.14607900 0.00123047 0.05299809
v -0.14592271 0.00204102 0.01622075
v -0.14607900 0.00123047 0.05299809
v -0.14607900 0.00112305 0.01606450
v -0.14607900 0.00112305 0.01606450
v -0.14607900 0.00123047 0.05299809
v -0.14623521 0.00018555 0.01596684
v -0.14639150 -0.00074219 0.05299809
v -0.14623521 0.00018555 0.01596684
v -0.14639150 -0.00074219 0.05299809
v -0.14639150 -0.00074219 0.01594731
v -0.14639150 -0.00074219 0.01594731
v -0.14639150 -0.00074219 0.05299809
v -0.14623521 -0.00166992 0.01596684
v -0.14623521 -0.00166992 0.01596684
v -0.14639150 -0.00074219 0.05299809
v -0.14607900 -0.00271484 0.05299809
v -0.14607900 -0.00260742 0.01606450
v -0.14607900 -0.00260742 0.01606450
v -0.14607900 -0.00271484 0.05299809
v -0.14592271 -0.00352539 0.01622075
v -0.14592271 -0.00352539 0.01622075
v -0.14607900 -0.00271484 0.05299809
v -0.14545400 -0.00460938 0.05299809
v -0.14592271 -0.00352539 0.01622075
v -0.14545400 -0.00460938 0.05299809
v -0.14561021 -0.00442383 0.01643560
v -0.14561021 -0.00442383 0.01643560
v -0.14545400 -0.00460938 0.05299809
v -0.14467271 -0.00606445 0.01696294
v -0.14467271 -0.00606445 0.01696294
v -0.14545400 -0.00460938 0.05299809
v -0.14451650 -0.00632813 0.05299809
v -0.14467271 -0.00606445 0.01696294
v -0.14451650 -0.00632813 0.05299809
v -0.14357900 -0.00746094 0.01754888
v -0.14357900 -0.00746094 0.01754888
v -0.14451650 -0.00632813 0.05299809
v -0.14311021 -0.00780273 0.05299809
v -0.14357900 -0.00746094 0.01754888
v -0.14311021 -0.00780273 0.05299809
v -0.14217271 -0.00861328 0.01809575
v -0.14217271 -0.00861328 0.01809575
v -0.14311021 -0.00780273 0.05299809
v -0.14154771 -0.00897461 0.05299809
v -0.14217271 -0.00861328 0.01809575
v -0.14154771 -0.00897461 0.05299809
v -0.14045400 -0.00950195 0.01856450
v -0.14045400 -0.00950195 0.01856450
v -0.14154771 -0.00897461 0.05299809
v -0.13982900 -0.00977539 0.05299809
v -0.14045400 -0.00950195 0.01856450
v -0.13982900 -0.00977539 0.05299809
v -0.13967271 -0.00982422 0.01874028
v -0.13967271 -0.00982422 0.01874028
v -0.13982900 -0.00977539 0.05299809
v -0.13873521 -0.01005859 0.01887700
v -0.13873521 -0.01005859 0.01887700
v -0.13982900 -0.00977539 0.05299809
v -0.13779771 -0.01019531 0.05299809
v -0.13873521 -0.01005859 0.01887700
v -0.13779771 -0.01019531 0.05299809
v -0.13779771 -0.01019531 0.01895513
v -0.13779771 -0.01019531 0.01895513
v -0.13779771 -0.01019531 0.05299809
v -0.13686021 -0.01024414 0.01897466
v -0.13686021 -0.01024414 0.01897466
v -0.13779771 -0.01019531 0.05299809
v -0.13576650 -0.01019531 0.05299809
v -0.13686021 -0.01024414 0.01897466
v -0.13576650 -0.01019531 0.05299809
v -0.13592271 -0.01019531 0.01895513
v -0.13592271 -0.01019531 0.01895513
v -0.13576650 -0.01019531 0.05299809
v -0.13498521 -0.01005859 0.01887700
v -0.13498521 -0.01005859 0.01887700
v -0.13576650 -0.01019531 0.05299809
v -0.13389150 -0.00977539 0.05299809
v -0.13498521 -0.01005859 0.01887700
v -0.13389150 -0.00977539 0.05299809
v -0.13404771 -0.00982422 0.01874028
v -0.13404771 -0.00982422 0.01874028
v -0.13389150 -0.00977539 0.05299809
v -0.13311021 -0.00950195 0.01856450
v -0.13311021 -0.00950195 0.01856450
v -0.13389150 -0.00977539 0.05299809
v -0.13201650 -0.00897461 0.05299809
v -0.13311021 -0.00950195 0.01856450
v -0.13201650 -0.00897461 0.05299809
v -0.13154771 -0.00860352 0.01807622
v -0.13154771 -0.00860352 0.01807622
v -0.13201650 -0.00897461 0.05299809
v -0.13045400 -0.00780273 0.05299809
v -0.13154771 -0.00860352 0.01807622
v -0.13045400 -0.00780273 0.05299809
v -0.13014150 -0.00746094 0.01752935
v -0.13014150 -0.00746094 0.01752935
v -0.13045400 -0.00780273 0.05299809
v -0.12920400 -0.00632813 0.05299809
v -0.13014150 -0.00746094 0.01752935
v -0.12920400 -0.00632813 0.05299809
v -0.12889150 -0.00606445 0.01694341
v -0.12889150 -0.00606445 0.01694341
v -0.12920400 -0.00632813 0.05299809
v -0.12811021 -0.00460938 0.05299809
v -0.12889150 -0.00606445 0.01694341
v -0.12811021 -0.00460938 0.05299809
v -0.12811021 -0.00442383 0.01641606
v -0.12811021 -0.00442383 0.01641606
v -0.12811021 -0.00460938 0.05299809
v -0.12779780 -0.00352539 0.01620122
v -0.12779780 -0.00352539 0.01620122
v -0.12811021 -0.00460938 0.05299809
v -0.12748530 -0.00271484 0.05299809
v -0.12779780 -0.00352539 0.01620122
v -0.12748530 -0.00271484 0.05299809
v -0.12748530 -0.00260742 0.01604497
v -0.12748530 -0.00260742 0.01604497
v -0.12748530 -0.00271484 0.05299809
v -0.12732901 -0.00166992 0.01592778
v -0.12732901 -0.00166992 0.01592778
v -0.12748530 -0.00271484 0.05299809
v -0.12732901 -0.00074219 0.05299809
v -0.12076651 0.07630861 0.00010747
v -0.12076651 0.02543945 0.00010747
v -0.12061030 0.07630861 0.00272466
v -0.12061030 0.02543945 0.00272466
v -0.12061030 0.07630861 0.00272466
v -0.12061030 0.02543945 0.00272466
v -0.12076651 0.07630861 0.00532231
v -0.12076651 0.02543945 0.00532231
v -0.12076651 0.07630861 0.00532231
v -0.12076651 0.02543945 0.00532231
v -0.12139151 0.07630861 0.00786138
v -0.12139151 0.02543945 0.00786138
v -0.12139151 0.07630861 0.00786138
v -0.12139151 0.02543945 0.00786138
v -0.12248530 0.07630861 0.01028325
v -0.12248530 0.02543945 0.01028325
v -0.12248530 0.07630861 0.01028325
v -0.12248530 0.02543945 0.01028325
v -0.12389151 0.07630861 0.01249028
v -0.12389151 0.02543945 0.01249028
v -0.12389151 0.07630861 0.01249028
v -0.12389151 0.02543945 0.01249028
v -0.12561030 0.07630861 0.01444341
v -0.12561030 0.02543945 0.01444341
v -0.12561030 0.07630861 0.01444341
v -0.12561030 0.02543945 0.01444341
v -0.12764151 0.07630861 0.01610356
v -0.12764151 0.02543945 0.01610356
v -0.12764151 0.07630861 0.01610356
v -0.12764151 0.02543945 0.01610356
v -0.12982900 0.07630861 0.01741216
v -0.12982900 0.02543945 0.01741216
v -0.12982900 0.07630861 0.01741216
v -0.12982900 0.02543945 0.01741216
v -0.13232900 0.07630861 0.01834966
v -0.13232900 0.02543945 0.01834966
v -0.13232900 0.07630861 0.01834966
v -0.13232900 0.02543945 0.01834966
v -0.13482900 0.07630861 0.01885747
v -0.13482900 0.02543945 0.01885747
v -0.13482900 0.07630861 0.01885747
v -0.13482900 0.02543945 0.01885747
v -0.13748521 0.07630861 0.01897466
v -0.13748521 0.02543945 0.01897466
v -0.13748521 0.07630861 0.01897466
v -0.13748521 0.02543945 0.01897466
v -0.14014150 0.07630861 0.01866216
v -0.14014150 0.02543945 0.01866216
v -0.14014150 0.07630861 0.01866216
v -0.14014150 0.02543945 0.01866216
v -0.14264150 0.07630861 0.01791997
v -0.14264150 0.02543945 0.01791997
v -0.14264150 0.07630861 0.01791997
v -0.14264150 0.02543945 0.01791997
v -0.14498521 0.07630861 0.01680669
v -0.14498521 0.02543945 0.01680669
v -0.14498521 0.07630861 0.01680669
v -0.14498521 0.02543945 0.01680669
v -0.14717271 0.07630861 0.01532231
v -0.14717271 0.02543945 0.01532231
v -0.14717271 0.07630861 0.01532231
v -0.14717271 0.02543945 0.01532231
v -0.14904771 0.07630861 0.01350591
v -0.14904771 0.02543945 0.01350591
v -0.14904771 0.07630861 0.01350591
v -0.14904771 0.02543945 0.01350591
v -0.15061021 0.07630861 0.01141606
v -0.15061021 0.02543945 0.01141606
v -0.15061021 0.07630861 0.01141606
v -0.15061021 0.02543945 0.01141606
v -0.15186021 0.07630861 0.00909184
v -0.15186021 0.02543945 0.00909184
v -0.15186021 0.07630861 0.00909184
v -0.15186021 0.02543945 0.00909184
v -0.15264150 0.07630861 0.00661138
v -0.15264150 0.02543945 0.00661138
v -0.15264150 0.07630861 0.00661138
v -0.15264150 0.02543945 0.00661138
v -0.15311021 0.07630861 0.00403325
v -0.15311021 0.02543945 0.00403325
v -0.15311021 0.07630861 0.00403325
v -0.15311021 0.02543945 0.00403325
v -0.15311021 0.07630861 0.00141606
v -0.15311021 0.02543945 0.00141606
v -0.15311021 0.07630861 0.00141606
v -0.15311021 0.02543945 0.00141606
v -0.15264150 0.07630861 -0.00118159
v -0.15264150 0.02543945 -0.00118159
v -0.15264150 0.07630861 -0.00118159
v -0.15264150 0.02543945 -0.00118159
v -0.15186021 0.07630861 -0.00366206
v -0.15186021 0.02543945 -0.00366206
v -0.15186021 0.07630861 -0.00366206
v -0.15186021 0.02543945 -0.00366206
v -0.15061021 0.07630861 -0.00596675
v -0.15061021 0.02543945 -0.00596675
v -0.15061021 0.07630861 -0.00596675
v -0.15061021 0.02543945 -0.00596675
v -0.14904771 0.07630861 -0.00805659
v -0.14904771 0.02543945 -0.00805659
v -0.14904771 0.07630861 -0.00805659
v -0.14904771 0.02543945 -0.00805659
v -0.14717271 0.07630861 -0.00987300
v -0.14717271 0.02543945 -0.00987300
v -0.14717271 0.07630861 -0.00987300
v -0.14717271 0.02543945 -0.00987300
v -0.14498521 0.07630861 -0.01135737
v -0.14498521 0.02543945 -0.01135737
v -0.14498521 0.07630861 -0.01135737
v -0.14498521 0.02543945 -0.01135737
v -0.14264150 0.07630861 -0.01249019
v -0.14264150 0.02543945 -0.01249019
v -0.14264150 0.07630861 -0.01249019
v -0.14264150 0.02543945 -0.01249019
v -0.14014150 0.07630861 -0.01321284
v -0.14014150 0.02543945 -0.01321284
v -0.14014150 0.07630861 -0.01321284
v -0.14014150 0.02543945 -0.01321284
v -0.13748521 0.07630861 -0.01352534
v -0.13748521 0.02543945 -0.01352534
v -0.13748521 0.07630861 -0.01352534
v -0.13748521 0.02543945 -0.01352534
v -0.13482900 0.07630861 -0.01342769
v -0.13482900 0.02543945 -0.01342769
v -0.13482900 0.07630861 -0.01342769
v -0.13482900 0.02543945 -0.01342769
v -0.13232900 0.07630861 -0.01290034
v -0.13232900 0.02543945 -0.01290034
v -0.13232900 0.07630861 -0.01290034
v -0.13232900 0.02543945 -0.01290034
v -0.12982900 0.07630861 -0.01198237
v -0.12982900 0.02543945 -0.01198237
v -0.12982900 0.07630861 -0.01198237
v -0.12982900 0.02543945 -0.01198237
v -0.12764151 0.07630861 -0.01067378
v -0.12764151 0.02543945 -0.01067378
v -0.12764151 0.07630861 -0.01067378
v -0.12764151 0.02543945 -0.01067378
v -0.12561030 0.07630861 -0.00901363
v -0.12561030 0.02543945 -0.00901363
v -0.12561030 0.07630861 -0.00901363
v -0.12561030 0.02543945 -0.00901363
v -0.12389151 0.07630861 -0.00706050
v -0.12389151 0.02543945 -0.00706050
v -0.12389151 0.07630861 -0.00706050
v -0.12389151 0.02543945 -0.00706050
v -0.12248530 0.07630861 -0.00483394
v -0.12248530 0.02543945 -0.00483394
v -0.12248530 0.07630861 -0.00483394
v -0.12248530 0.02543945 -0.00483394
v -0.12139151 0.07630861 -0.00243159
v -0.12139151 0.02543945 -0.00243159
v -0.12139151 0.07630861 -0.00243159
v -0.12139151 0.02543945 -0.00243159
v -0.12076651 0.07630861 0.00010747
v -0.12076651 0.02543945 0.00010747
v -0.12076651 -0.07630861 0.00532231
v -0.12076651 -0.02543945 0.00532231
v -0.12061030 -0.07630861 0.00272466
v -0.12061030 -0.02543945 0.00272466
v -0.12061030 -0.07630861 0.00272466
v -0.12061030 -0.02543945 0.00272466
v -0.12076651 -0.07630861 0.00010747
v -0.12076651 -0.02543945 0.00010747
v -0.12076651 -0.07630861 0.00010747
v -0.12076651 -0.02543945 0.00010747
v -0.12139151 -0.07630861 -0.00243159
v -0.12139151 -0.02543945 -0.00243159
v -0.12139151 -0.07630861 -0.00243159
v -0.12139151 -0.02543945 -0.00243159
v -0.12248530 -0.07630861 -0.00483394
v -0.12248530 -0.02543945 -0.00483394
v -0.12248530 -0.07630861 -0.00483394
v -0.12248530 -0.02543945 -0.00483394
v -0.12389151 -0.07630861 -0.00706050
v -0.12389151 -0.02543945 -0.00706050
v -0.12389151 -0.07630861 -0.00706050
v -0.12389151 -0.02543945 -0.00706050
v -0.12561030 -0.07630861 -0.00901363
v -0.12561030 -0.02543945 -0.00901363
v -0.12561030 -0.07630861 -0.00901363
v -0.12561030 -0.02543945 -0.00901363
v -0.12670401 -0.02543945 -0.01000972
v -0.12561030 0.02543945 -0.00901363
v -0.12670401 -0.02543945 -0.01000972
v -0.12561030 0.02543945 -0.00901363
v -0.12732901 -0.00074219 -0.01045894
v -0.12732901 -0.00074219 -0.01045894
v -0.12732901 -0.00074219 -0.01045894
v -0.12764151 0.02543945 -0.01067378
v -0.12732901 0.00018555 -0.01049800
v -0.12732901 0.00018555 -0.01049800
v -0.12764151 0.02543945 -0.01067378
v -0.12748530 0.00112305 -0.01059566
v -0.12748530 0.00112305 -0.01059566
v -0.12764151 0.02543945 -0.01067378
v -0.12779780 0.00204102 -0.01075191
v -0.12779780 0.00204102 -0.01075191
v -0.12764151 0.02543945 -0.01067378
v -0.12811021 0.00293945 -0.01096675
v -0.12889150 0.00458008 -0.01149409
v -0.12889150 0.00458008 -0.01149409
v -0.12889150 0.00458008 -0.01149409
v -0.12982900 0.02543945 -0.01198237
v -0.13014150 0.00597656 -0.01208003
v -0.13014150 0.00597656 -0.01208003
v -0.12982900 0.02543945 -0.01198237
v -0.13154771 0.00711914 -0.01264644
v -0.13154771 0.00711914 -0.01264644
v -0.13154771 0.00711914 -0.01264644
v -0.13232900 0.02543945 -0.01290034
v -0.13311021 0.00801758 -0.01311519
v -0.13311021 0.00801758 -0.01311519
v -0.13232900 0.02543945 -0.01290034
v -0.13404771 0.00833984 -0.01329097
v -0.13404771 0.00833984 -0.01329097
v -0.13404771 0.00833984 -0.01329097
v -0.13482900 0.02543945 -0.01342769
v -0.13498521 0.00857422 -0.01342769
v -0.13498521 0.00857422 -0.01342769
v -0.13482900 0.02543945 -0.01342769
v -0.13592271 0.00871094 -0.01352534
v -0.13592271 0.00871094 -0.01352534
v -0.13592271 0.00871094 -0.01352534
v -0.13748521 0.02543945 -0.01352534
v -0.13686021 0.00875977 -0.01354487
v -0.13686021 0.00875977 -0.01354487
v -0.13748521 0.02543945 -0.01352534
v -0.13779771 0.00871094 -0.01352534
v -0.13779771 0.00871094 -0.01352534
v -0.13748521 0.02543945 -0.01352534
v -0.13873521 0.00857422 -0.01344722
v -0.13873521 0.00857422 -0.01344722
v -0.13873521 0.00857422 -0.01344722
v -0.14014150 0.02543945 -0.01321284
v -0.13967271 0.00833984 -0.01331050
v -0.13967271 0.00833984 -0.01331050
v -0.14014150 0.02543945 -0.01321284
v -0.14045400 0.00801758 -0.01313472
v -0.14045400 0.00801758 -0.01313472
v -0.14014150 0.02543945 -0.01321284
v -0.14217271 0.00711914 -0.01264644
v -0.14217271 0.00711914 -0.01264644
v -0.14217271 0.00711914 -0.01264644
v -0.14264150 0.02543945 -0.01249019
v -0.14357900 0.00597656 -0.01209956
v -0.14357900 0.00597656 -0.01209956
v -0.14357900 0.00597656 -0.01209956
v -0.14498521 0.02543945 -0.01135737
v -0.14467271 0.00458008 -0.01153316
v -0.14467271 0.00458008 -0.01153316
v -0.14498521 0.02543945 -0.01135737
v -0.14561021 0.00293945 -0.01100581
v -0.14561021 0.00293945 -0.01100581
v -0.14498521 0.02543945 -0.01135737
v -0.14592271 0.00204102 -0.01079097
v -0.14592271 0.00204102 -0.01079097
v -0.14498521 0.02543945 -0.01135737
v -0.14607900 0.00112305 -0.01063472
v -0.14607900 0.00112305 -0.01063472
v -0.14607900 0.00112305 -0.01063472
v -0.14717271 0.02543945 -0.00987300
v -0.14623521 0.00018555 -0.01053706
v -0.14623521 0.00018555 -0.01053706
v -0.14717271 0.02543945 -0.00987300
v -0.14639150 -0.00074219 -0.01049800
v -0.14639150 -0.00074219 -0.01049800
v -0.14717271 0.02543945 -0.00987300
v -0.14717271 -0.02543945 -0.00987300
v -0.14639150 -0.00074219 -0.01049800
v -0.14717271 -0.02543945 -0.00987300
v -0.14623521 -0.00166992 -0.01053706
v -0.14623521 -0.00166992 -0.01053706
v -0.14717271 -0.02543945 -0.00987300
v -0.14607900 -0.00260742 -0.01063472
v -0.14607900 -0.00260742 -0.01063472
v -0.14717271 -0.02543945 -0.00987300
v -0.14498521 -0.02543945 -0.01135737
v -0.14607900 -0.00260742 -0.01063472
v -0.14498521 -0.02543945 -0.01135737
v -0.14592271 -0.00352539 -0.01079097
v -0.14592271 -0.00352539 -0.01079097
v -0.14498521 -0.02543945 -0.01135737
v -0.14561021 -0.00442383 -0.01100581
v -0.14561021 -0.00442383 -0.01100581
v -0.14498521 -0.02543945 -0.01135737
v -0.14467271 -0.00606445 -0.01153316
v -0.14467271 -0.00606445 -0.01153316
v -0.14498521 -0.02543945 -0.01135737
v -0.14357900 -0.00746094 -0.01209956
v -0.14357900 -0.00746094 -0.01209956
v -0.14498521 -0.02543945 -0.01135737
v -0.14264150 -0.02543945 -0.01249019
v -0.14357900 -0.00746094 -0.01209956
v -0.14264150 -0.02543945 -0.01249019
v -0.14217271 -0.00861328 -0.01264644
v -0.14217271 -0.00861328 -0.01264644
v -0.14264150 -0.02543945 -0.01249019
v -0.14014150 -0.02543945 -0.01321284
v -0.14217271 -0.00861328 -0.01264644
v -0.14014150 -0.02543945 -0.01321284
v -0.14045400 -0.00950195 -0.01313472
v -0.14045400 -0.00950195 -0.01313472
v -0.14014150 -0.02543945 -0.01321284
v -0.13967271 -0.00982422 -0.01331050
v -0.13967271 -0.00982422 -0.01331050
v -0.14014150 -0.02543945 -0.01321284
v -0.13873521 -0.01005859 -0.01344722
v -0.13873521 -0.01005859 -0.01344722
v -0.14014150 -0.02543945 -0.01321284
v -0.13748521 -0.02543945 -0.01352534
v -0.13873521 -0.01005859 -0.01344722
v -0.13748521 -0.02543945 -0.01352534
v -0.13779771 -0.01019531 -0.01352534
v -0.13779771 -0.01019531 -0.01352534
v -0.13748521 -0.02543945 -0.01352534
v -0.13686021 -0.01024414 -0.01354487
v -0.13686021 -0.01024414 -0.01354487
v -0.13748521 -0.02543945 -0.01352534
v -0.13592271 -0.01019531 -0.01352534
v -0.13592271 -0.01019531 -0.01352534
v -0.13748521 -0.02543945 -0.01352534
v -0.13482900 -0.02543945 -0.01342769
v -0.13592271 -0.01019531 -0.01352534
v -0.13482900 -0.02543945 -0.01342769
v -0.13498521 -0.01005859 -0.01342769
v -0.13498521 -0.01005859 -0.01342769
v -0.13482900 -0.02543945 -0.01342769
v -0.13404771 -0.00982422 -0.01329097
v -0.13404771 -0.00982422 -0.01329097
v -0.13482900 -0.02543945 -0.01342769
v -0.13232900 -0.02543945 -0.01290034
v -0.13404771 -0.00982422 -0.01329097
v -0.13232900 -0.02543945 -0.01290034
v -0.13311021 -0.00950195 -0.01311519
v -0.13311021 -0.00950195 -0.01311519
v -0.13232900 -0.02543945 -0.01290034
v -0.13154771 -0.00860352 -0.01264644
v -0.13154771 -0.00860352 -0.01264644
v -0.13232900 -0.02543945 -0.01290034
v -0.12982900 -0.02543945 -0.01198237
v -0.13154771 -0.00860352 -0.01264644
v -0.12982900 -0.02543945 -0.01198237
v -0.13014150 -0.00746094 -0.01208003
v -0.13014150 -0.00746094 -0.01208003
v -0.12982900 -0.02543945 -0.01198237
v -0.12889150 -0.00606445 -0.01149409
v -0.12889150 -0.00606445 -0.01149409
v -0.12982900 -0.02543945 -0.01198237
v -0.12764151 -0.02543945 -0.01067378
v -0.12889150 -0.00606445 -0.01149409
v -0.12764151 -0.02543945 -0.01067378
v -0.12811021 -0.00442383 -0.01096675
v -0.12779780 -0.00352539 -0.01075191
v -0.12779780 -0.00352539 -0.01075191
v -0.12764151 -0.02543945 -0.01067378
v -0.12748530 -0.00260742 -0.01059566
v -0.12748530 -0.00260742 -0.01059566
v -0.12764151 -0.02543945 -0.01067378
v -0.12732901 -0.00166992 -0.01049800
v -0.12732901 -0.00166992 -0.01049800
v -0.12764151 -0.02543945 -0.01067378
v -0.12670401 -0.02543945 -0.01000972
v -0.12732901 -0.00166992 -0.01049800
v -0.12670401 -0.02543945 -0.01000972
v -0.12732901 -0.00074219 -0.01045894
v -0.12076651 -0.02543945 0.00532231
v -0.12076651 -0.07630861 0.00532231
v -0.12139151 -0.02543945 0.00786138
v -0.12139151 -0.07630861 0.00786138
v -0.12139151 -0.02543945 0.00786138
v -0.12139151 -0.07630861 0.00786138
v -0.12248530 -0.02543945 0.01028325
v -0.12248530 -0.07630861 0.01028325
v -0.12248530 -0.02543945 0.01028325
v -0.12248530 -0.07630861 0.01028325
v -0.12389151 -0.02543945 0.01249028
v -0.12389151 -0.07630861 0.01249028
v -0.12389151 -0.02543945 0.01249028
v -0.12389151 -0.07630861 0.01249028
v -0.12561030 -0.02543945 0.01444341
v -0.12561030 -0.07630861 0.01444341
v -0.12561030 -0.02543945 0.01444341
v -0.12561030 -0.07630861 0.01444341
v -0.12764151 -0.02543945 0.01610356
v -0.12764151 -0.07630861 0.01610356
v -0.12764151 -0.02543945 0.01610356
v -0.12764151 -0.07630861 0.01610356
v -0.12982900 -0.02543945 0.01741216
v -0.12982900 -0.07630861 0.01741216
v -0.12982900 -0.02543945 0.01741216
v -0.12982900 -0.07630861 0.01741216
v -0.13232900 -0.02543945 0.01834966
v -0.13232900 -0.07630861 0.01834966
v -0.13232900 -0.02543945 0.01834966
v -0.13232900 -0.07630861 0.01834966
v -0.13482900 -0.02543945 0.01885747
v -0.13482900 -0.07630861 0.01885747
v -0.13482900 -0.02543945 0.01885747
v -0.13482900 -0.07630861 0.01885747
v -0.13748521 -0.02543945 0.01897466
v -0.13748521 -0.07630861 0.01897466
v -0.13748521 -0.02543945 0.01897466
v -0.13748521 -0.07630861 0.01897466
v -0.14014150 -0.02543945 0.01866216
v -0.14014150 -0.07630861 0.01866216
v -0.14014150 -0.02543945 0.01866216
v -0.14014150 -0.07630861 0.01866216
v -0.14264150 -0.02543945 0.01791997
v -0.14264150 -0.07630861 0.01791997
v -0.14264150 -0.02543945 0.01791997
v -0.14264150 -0.07630861 0.01791997
v -0.14498521 -0.02543945 0.01680669
v -0.14498521 -0.07630861 0.01680669
v -0.14498521 -0.02543945 0.01680669
v -0.14498521 -0.07630861 0.01680669
v -0.14654771 -0.02543945 0.01573247
v -0.14654771 -0.02543945 0.01573247
v -0.14498521 -0.07630861 0.01680669
v -0.14717271 -0.07630861 0.01532231
v -0.14654771 -0.02543945 0.01573247
v -0.14717271 -0.07630861 0.01532231
v -0.14717271 -0.02543945 0.01532231
v -0.14717271 -0.02543945 0.01532231
v -0.14717271 -0.07630861 0.01532231
v -0.14904771 -0.02543945 0.01350591
v -0.14904771 -0.02543945 0.01350591
v -0.14904771 -0.07630861 0.01350591
v -0.14904771 -0.07630861 0.01350591
v -0.15061021 -0.02543945 0.01141606
v -0.15061021 -0.02543945 0.01141606
v -0.15061021 -0.07630861 0.01141606
v -0.15061021 -0.07630861 0.01141606
v -0.15186021 -0.02543945 0.00909184
v -0.15186021 -0.02543945 0.00909184
v -0.15186021 -0.07630861 0.00909184
v -0.15186021 -0.07630861 0.00909184
v -0.15264150 -0.02543945 0.00661138
v -0.15264150 -0.02543945 0.00661138
v -0.15264150 -0.07630861 0.00661138
v -0.15264150 -0.07630861 0.00661138
v -0.15311021 -0.02543945 0.00403325
v -0.15311021 -0.02543945 0.00403325
v -0.15311021 -0.07630861 0.00403325
v -0.15311021 -0.07630861 0.00403325
v -0.15311021 -0.02543945 0.00141606
v -0.15311021 -0.02543945 0.00141606
v -0.15311021 -0.07630861 0.00141606
v -0.15311021 -0.07630861 0.00141606
v -0.15264150 -0.02543945 -0.00118159
v -0.15264150 -0.02543945 -0.00118159
v -0.15264150 -0.07630861 -0.00118159
v -0.15264150 -0.07630861 -0.00118159
v -0.15186021 -0.02543945 -0.00366206
v -0.15186021 -0.02543945 -0.00366206
v -0.15186021 -0.07630861 -0.00366206
v -0.15186021 -0.07630861 -0.00366206
v -0.15061021 -0.02543945 -0.00596675
v -0.15061021 -0.02543945 -0.00596675
v -0.15061021 -0.07630861 -0.00596675
v -0.15061021 -0.07630861 -0.00596675
v -0.14904771 -0.02543945 -0.00805659
v -0.14904771 -0.02543945 -0.00805659
v -0.14904771 -0.07630861 -0.00805659
v -0.14904771 -0.07630861 -0.00805659
v -0.14717271 -0.02543945 -0.00987300
v -0.14717271 -0.07630861 -0.00987300
v -0.14717271 -0.07630861 -0.00987300
v -0.14498521 -0.07630861 -0.01135737
v -0.14498521 -0.07630861 -0.01135737
v -0.14264150 -0.07630861 -0.01249019
v -0.14264150 -0.07630861 -0.01249019
v -0.14014150 -0.07630861 -0.01321284
v -0.14014150 -0.07630861 -0.01321284
v -0.13748521 -0.07630861 -0.01352534
v -0.13748521 -0.07630861 -0.01352534
v -0.13482900 -0.07630861 -0.01342769
v -0.13482900 -0.07630861 -0.01342769
v -0.13232900 -0.07630861 -0.01290034
v -0.13232900 -0.07630861 -0.01290034
v -0.12982900 -0.07630861 -0.01198237
v -0.12982900 -0.07630861 -0.01198237
v -0.12764151 -0.07630861 -0.01067378
v -0.12764151 -0.07630861 -0.01067378
v -0.12764151 -0.07630861 -0.01067378
v -0.12561030 -0.07630861 -0.00901363
v -0.12670401 -0.02543945 -0.01000972
v -0.12732901 0.00018555 0.01592778
v -0.12764151 0.02543945 0.01610356
v -0.12732901 -0.00074219 0.01590825
v -0.12732901 -0.00074219 0.01590825
v -0.12732901 -0.00074219 0.01590825
v -0.12561030 0.02543945 0.01444341
v -0.12561030 -0.02543945 0.01444341
v -0.12732901 0.00018555 0.01592778
v -0.12748530 0.00112305 0.01604497
v -0.12764151 0.02543945 0.01610356
v -0.12764151 0.02543945 0.01610356
v -0.12748530 0.00112305 0.01604497
v -0.12779780 0.00204102 0.01620122
v -0.12764151 0.02543945 0.01610356
v -0.12779780 0.00204102 0.01620122
v -0.12811021 0.00293945 0.01641606
v -0.12811021 0.00293945 0.01641606
v -0.12889150 0.00458008 0.01694341
v -0.12764151 0.02543945 0.01610356
v -0.12889150 0.00458008 0.01694341
v -0.12889150 0.00458008 0.01694341
v -0.13014150 0.00597656 0.01752935
v -0.12982900 0.02543945 0.01741216
v -0.12982900 0.02543945 0.01741216
v -0.13014150 0.00597656 0.01752935
v -0.13154771 0.00711914 0.01807622
v -0.13154771 0.00711914 0.01807622
v -0.13232900 0.02543945 0.01834966
v -0.13154771 0.00711914 0.01807622
v -0.13311021 0.00801758 0.01856450
v -0.13232900 0.02543945 0.01834966
v -0.13311021 0.00801758 0.01856450
v -0.13404771 0.00833984 0.01874028
v -0.13404771 0.00833984 0.01874028
v -0.13482900 0.02543945 0.01885747
v -0.13404771 0.00833984 0.01874028
v -0.13498521 0.00857422 0.01887700
v -0.13482900 0.02543945 0.01885747
v -0.13498521 0.00857422 0.01887700
v -0.13592271 0.00871094 0.01895513
v -0.13592271 0.00871094 0.01895513
v -0.13748521 0.02543945 0.01897466
v -0.13592271 0.00871094 0.01895513
v -0.13686021 0.00875977 0.01897466
v -0.13748521 0.02543945 0.01897466
v -0.13686021 0.00875977 0.01897466
v -0.13779771 0.00871094 0.01895513
v -0.13779771 0.00871094 0.01895513
v -0.13873521 0.00857422 0.01887700
v -0.13748521 0.02543945 0.01897466
v -0.13873521 0.00857422 0.01887700
v -0.13873521 0.00857422 0.01887700
v -0.13967271 0.00833984 0.01874028
v -0.14014150 0.02543945 0.01866216
v -0.14014150 0.02543945 0.01866216
v -0.13967271 0.00833984 0.01874028
v -0.14045400 0.00801758 0.01856450
v -0.14045400 0.00801758 0.01856450
v -0.14264150 0.02543945 0.01791997
v -0.14045400 0.00801758 0.01856450
v -0.14217271 0.00711914 0.01809575
v -0.14264150 0.02543945 0.01791997
v -0.14217271 0.00711914 0.01809575
v -0.14357900 0.00597656 0.01754888
v -0.14357900 0.00597656 0.01754888
v -0.14498521 0.02543945 0.01680669
v -0.14357900 0.00597656 0.01754888
v -0.14467271 0.00458008 0.01696294
v -0.14498521 0.02543945 0.01680669
v -0.14467271 0.00458008 0.01696294
v -0.14561021 0.00293945 0.01643560
v -0.14561021 0.00293945 0.01643560
v -0.14592271 0.00204102 0.01622075
v -0.14498521 0.02543945 0.01680669
v -0.14592271 0.00204102 0.01622075
v -0.14592271 0.00204102 0.01622075
v -0.14607900 0.00112305 0.01606450
v -0.14717271 0.02543945 0.01532231
v -0.14717271 0.02543945 0.01532231
v -0.14607900 0.00112305 0.01606450
v -0.14623521 0.00018555 0.01596684
v -0.14717271 0.02543945 0.01532231
v -0.14623521 0.00018555 0.01596684
v -0.14639150 -0.00074219 0.01594731
v -0.14717271 0.02543945 0.01532231
v -0.14639150 -0.00074219 0.01594731
v -0.14654771 -0.02543945 0.01573247
v -0.14654771 -0.02543945 0.01573247
v -0.14639150 -0.00074219 0.01594731
v -0.14623521 -0.00166992 0.01596684
v -0.14654771 -0.02543945 0.01573247
v -0.14623521 -0.00166992 0.01596684
v -0.14607900 -0.00260742 0.01606450
v -0.14607900 -0.00260742 0.01606450
v -0.14592271 -0.00352539 0.01622075
v -0.14654771 -0.02543945 0.01573247
v -0.14592271 -0.00352539 0.01622075
v -0.14561021 -0.00442383 0.01643560
v -0.14498521 -0.02543945 0.01680669
v -0.14561021 -0.00442383 0.01643560
v -0.14467271 -0.00606445 0.01696294
v -0.14498521 -0.02543945 0.01680669
v -0.14467271 -0.00606445 0.01696294
v -0.14357900 -0.00746094 0.01754888
v -0.14357900 -0.00746094 0.01754888
v -0.14264150 -0.02543945 0.01791997
v -0.14357900 -0.00746094 0.01754888
v -0.14217271 -0.00861328 0.01809575
v -0.14264150 -0.02543945 0.01791997
v -0.14217271 -0.00861328 0.01809575
v -0.14045400 -0.00950195 0.01856450
v -0.14045400 -0.00950195 0.01856450
v -0.14014150 -0.02543945 0.01866216
v -0.14045400 -0.00950195 0.01856450
v -0.13967271 -0.00982422 0.01874028
v -0.14014150 -0.02543945 0.01866216
v -0.13967271 -0.00982422 0.01874028
v -0.13873521 -0.01005859 0.01887700
v -0.13873521 -0.01005859 0.01887700
v -0.13748521 -0.02543945 0.01897466
v -0.13873521 -0.01005859 0.01887700
v -0.13779771 -0.01019531 0.01895513
v -0.13748521 -0.02543945 0.01897466
v -0.13779771 -0.01019531 0.01895513
v -0.13686021 -0.01024414 0.01897466
v -0.13686021 -0.01024414 0.01897466
v -0.13592271 -0.01019531 0.01895513
v -0.13748521 -0.02543945 0.01897466
v -0.13592271 -0.01019531 0.01895513
v -0.13592271 -0.01019531 0.01895513
v -0.13498521 -0.01005859 0.01887700
v -0.13482900 -0.02543945 0.01885747
v -0.13482900 -0.02543945 0.01885747
v -0.13498521 -0.01005859 0.01887700
v -0.13404771 -0.00982422 0.01874028
v -0.13404771 -0.00982422 0.01874028
v -0.13232900 -0.02543945 0.01834966
v -0.13404771 -0.00982422 0.01874028
v -0.13311021 -0.00950195 0.01856450
v -0.13232900 -0.02543945 0.01834966
v -0.13311021 -0.00950195 0.01856450
v -0.13154771 -0.00860352 0.01807622
v -0.13154771 -0.00860352 0.01807622
v -0.12982900 -0.02543945 0.01741216
v -0.13154771 -0.00860352 0.01807622
v -0.13014150 -0.00746094 0.01752935
v -0.12982900 -0.02543945 0.01741216
v -0.13014150 -0.00746094 0.01752935
v -0.12889150 -0.00606445 0.01694341
v -0.12889150 -0.00606445 0.01694341
v -0.12764151 -0.02543945 0.01610356
v -0.12889150 -0.00606445 0.01694341
v -0.12811021 -0.00442383 0.01641606
v -0.12764151 -0.02543945 0.01610356
v -0.12811021 -0.00442383 0.01641606
v -0.12779780 -0.00352539 0.01620122
v -0.12779780 -0.00352539 0.01620122
v -0.12748530 -0.00260742 0.01604497
v -0.12764151 -0.02543945 0.01610356
v -0.12764151 -0.02543945 0.01610356
v -0.12748530 -0.00260742 0.01604497
v -0.12732901 -0.00166992 0.01592778
v -0.12764151 -0.02543945 0.01610356
v -0.12732901 -0.00166992 0.01592778
v -0.12732901 -0.00074219 0.01590825
v -0.14717271 0.02543945 0.01532231
v -0.15936021 -0.06130859 0.03143560
v -0.15936021 -0.02690430 0.03143560
v -0.16123521 -0.06130859 0.03122075
v -0.16123521 -0.02690430 0.03122075
v -0.16123521 -0.06130859 0.03122075
v -0.16123521 -0.02690430 0.03122075
v -0.16326650 -0.06130859 0.03143560
v -0.16326650 -0.02690430 0.03143560
v -0.16326650 -0.06130859 0.03143560
v -0.16326650 -0.02690430 0.03143560
v -0.16498521 -0.06130859 0.03206059
v -0.16498521 -0.02690430 0.03206059
v -0.16498521 -0.06130859 0.03206059
v -0.16498521 -0.02690430 0.03206059
v -0.16670400 -0.06130859 0.03305669
v -0.16670400 -0.02690430 0.03305669
v -0.16670400 -0.06130859 0.03305669
v -0.16670400 -0.02690430 0.03305669
v -0.16811021 -0.06130859 0.03440434
v -0.16811021 -0.02690430 0.03440434
v -0.16811021 -0.06130859 0.03440434
v -0.16811021 -0.02690430 0.03440434
v -0.16920400 -0.06130859 0.03600590
v -0.16920400 -0.02690430 0.03600590
v -0.16920400 -0.06130859 0.03600590
v -0.16920400 -0.02690430 0.03600590
v -0.16998521 -0.06130859 0.03782231
v -0.16998521 -0.02690430 0.03782231
v -0.16998521 -0.06130859 0.03782231
v -0.16998521 -0.02690430 0.03782231
v -0.17029771 -0.06130859 0.03973637
v -0.17029771 -0.02690430 0.03973637
v -0.17029771 -0.06130859 0.03973637
v -0.17029771 -0.02690430 0.03973637
v -0.17014150 -0.06130859 0.04168950
v -0.17014150 -0.02690430 0.04168950
v -0.17014150 -0.06130859 0.04168950
v -0.17014150 -0.02690430 0.04168950
v -0.16967271 -0.06130859 0.04356450
v -0.16967271 -0.02690430 0.04356450
v -0.16967271 -0.06130859 0.04356450
v -0.16967271 -0.02690430 0.04356450
v -0.16873521 -0.06130859 0.04528325
v -0.16873521 -0.02690430 0.04528325
v -0.16873521 -0.06130859 0.04528325
v -0.16873521 -0.02690430 0.04528325
v -0.16748521 -0.06130859 0.04676762
v -0.16748521 -0.02690430 0.04676762
v -0.16748521 -0.06130859 0.04676762
v -0.16748521 -0.02690430 0.04676762
v -0.16592271 -0.06130859 0.04793950
v -0.16592271 -0.02690430 0.04793950
v -0.16592271 -0.06130859 0.04793950
v -0.16592271 -0.02690430 0.04793950
v -0.16420400 -0.06130859 0.04875981
v -0.16420400 -0.02690430 0.04875981
v -0.16420400 -0.06130859 0.04875981
v -0.16420400 -0.02690430 0.04875981
v -0.16217271 -0.06130859 0.04916997
v -0.16217271 -0.02690430 0.04916997
v -0.16217271 -0.06130859 0.04916997
v -0.16217271 -0.02690430 0.04916997
v -0.16029771 -0.06130859 0.04916997
v -0.16029771 -0.02690430 0.04916997
v -0.16029771 -0.06130859 0.04916997
v -0.16029771 -0.02690430 0.04916997
v -0.15842271 -0.06130859 0.04875981
v -0.15842271 -0.02690430 0.04875981
v -0.15842271 -0.06130859 0.04875981
v -0.15842271 -0.02690430 0.04875981
v -0.15654771 -0.06130859 0.04793950
v -0.15654771 -0.02690430 0.04793950
v -0.15654771 -0.06130859 0.04793950
v -0.15654771 -0.02690430 0.04793950
v -0.15514150 -0.06130859 0.04676762
v -0.15514150 -0.02690430 0.04676762
v -0.15514150 -0.06130859 0.04676762
v -0.15514150 -0.02690430 0.04676762
v -0.15373521 -0.06130859 0.04528325
v -0.15373521 -0.02690430 0.04528325
v -0.15373521 -0.06130859 0.04528325
v -0.15373521 -0.02690430 0.04528325
v -0.15295400 -0.06130859 0.04356450
v -0.15295400 -0.02690430 0.04356450
v -0.15295400 -0.06130859 0.04356450
v -0.15295400 -0.02690430 0.04356450
v -0.15232900 -0.06130859 0.04168950
v -0.15232900 -0.02690430 0.04168950
v -0.15232900 -0.06130859 0.04168950
v -0.15232900 -0.02690430 0.04168950
v -0.15232900 -0.06130859 0.03973637
v -0.15232900 -0.02690430 0.03973637
v -0.15232900 -0.06130859 0.03973637
v -0.15232900 -0.02690430 0.03973637
v -0.15264150 -0.06130859 0.03782231
v -0.15264150 -0.02690430 0.03782231
v -0.15264150 -0.06130859 0.03782231
v -0.15264150 -0.02690430 0.03782231
v -0.15326650 -0.06130859 0.03600590
v -0.15326650 -0.02690430 0.03600590
v -0.15326650 -0.06130859 0.03600590
v -0.15326650 -0.02690430 0.03600590
v -0.15436021 -0.06130859 0.03440434
v -0.15436021 -0.02690430 0.03440434
v -0.15436021 -0.06130859 0.03440434
v -0.15436021 -0.02690430 0.03440434
v -0.15576650 -0.06130859 0.03305669
v -0.15576650 -0.02690430 0.03305669
v -0.15576650 -0.06130859 0.03305669
v -0.15576650 -0.02690430 0.03305669
v -0.15748521 -0.06130859 0.03206059
v -0.15748521 -0.02690430 0.03206059
v -0.15748521 -0.06130859 0.03206059
v -0.15748521 -0.02690430 0.03206059
v -0.15936021 -0.06130859 0.03143560
v -0.15936021 -0.02690430 0.03143560
v -0.15873521 0.06630860 0.03157231
v -0.15748521 0.04190430 0.03206059
v -0.15701650 0.06630860 0.03227544
v -0.15701650 0.06630860 0.03227544
v -0.15748521 0.04190430 0.03206059
v -0.15576650 0.04190430 0.03305669
v -0.15701650 0.06630860 0.03227544
v -0.15576650 0.04190430 0.03305669
v -0.15545400 0.07630861 0.03334965
v -0.15545400 0.07630861 0.03334965
v -0.15576650 0.04190430 0.03305669
v -0.15436021 0.04190430 0.03440434
v -0.15545400 0.07630861 0.03334965
v -0.15436021 0.04190430 0.03440434
v -0.15420400 0.07630861 0.03473637
v -0.15420400 0.07630861 0.03473637
v -0.15436021 0.04190430 0.03440434
v -0.15326650 0.04190430 0.03600590
v -0.15311021 0.07630861 0.03635747
v -0.15311021 0.07630861 0.03635747
v -0.15326650 0.04190430 0.03600590
v -0.15264150 0.04190430 0.03782231
v -0.15311021 0.07630861 0.03635747
v -0.15264150 0.04190430 0.03782231
v -0.15248521 0.07630861 0.03815434
v -0.15248521 0.07630861 0.03815434
v -0.15264150 0.04190430 0.03782231
v -0.15232900 0.04190430 0.03973637
v -0.15248521 0.07630861 0.03815434
v -0.15232900 0.04190430 0.03973637
v -0.15232900 0.07630861 0.04004887
v -0.15232900 0.07630861 0.04004887
v -0.15232900 0.04190430 0.03973637
v -0.15232900 0.04190430 0.04168950
v -0.15232900 0.07630861 0.04004887
v -0.15232900 0.04190430 0.04168950
v -0.15248521 0.07630861 0.04194340
v -0.15248521 0.07630861 0.04194340
v -0.15232900 0.04190430 0.04168950
v -0.15295400 0.04190430 0.04356450
v -0.15248521 0.07630861 0.04194340
v -0.15295400 0.04190430 0.04356450
v -0.15295400 0.07630861 0.04377934
v -0.15295400 0.07630861 0.04377934
v -0.15295400 0.04190430 0.04356450
v -0.15373521 0.04190430 0.04528325
v -0.15295400 0.07630861 0.04377934
v -0.15373521 0.04190430 0.04528325
v -0.15389150 0.07630861 0.04543950
v -0.15389150 0.07630861 0.04543950
v -0.15373521 0.04190430 0.04528325
v -0.15514150 0.04190430 0.04676762
v -0.15389150 0.07630861 0.04543950
v -0.15514150 0.04190430 0.04676762
v -0.15514150 0.07630861 0.04686528
v -0.15514150 0.07630861 0.04686528
v -0.15514150 0.04190430 0.04676762
v -0.15654771 0.04190430 0.04793950
v -0.15514150 0.07630861 0.04686528
v -0.15654771 0.04190430 0.04793950
v -0.15670400 0.07630861 0.04799809
v -0.15670400 0.07630861 0.04799809
v -0.15654771 0.04190430 0.04793950
v -0.15686021 0.07630861 0.04805669
v -0.15686021 0.07630861 0.04805669
v -0.15654771 0.04190430 0.04793950
v -0.15701650 0.06630860 0.04817387
v -0.15686021 0.07630861 0.04805669
v -0.15701650 0.06630860 0.04817387
v -0.15686021 0.07630861 0.04811528
v -0.15686021 0.07630861 0.04811528
v -0.15701650 0.06630860 0.04817387
v -0.15701650 0.07630861 0.04817387
v -0.15748521 0.04190430 0.03206059
v -0.15873521 0.06630860 0.03157231
v -0.15936021 0.04190430 0.03143560
v -0.15936021 0.04190430 0.03143560
v -0.15873521 0.06630860 0.03157231
v -0.16061021 0.06630860 0.03125981
v -0.15936021 0.04190430 0.03143560
v -0.16061021 0.06630860 0.03125981
v -0.16123521 0.04190430 0.03122075
v -0.16123521 0.04190430 0.03122075
v -0.16061021 0.06630860 0.03125981
v -0.16248521 0.06630860 0.03131841
v -0.16123521 0.04190430 0.03122075
v -0.16248521 0.06630860 0.03131841
v -0.16326650 0.04190430 0.03143560
v -0.16326650 0.04190430 0.03143560
v -0.16248521 0.06630860 0.03131841
v -0.16436021 0.06630860 0.03174810
v -0.16326650 0.04190430 0.03143560
v -0.16436021 0.06630860 0.03174810
v -0.16498521 0.04190430 0.03206059
v -0.16498521 0.04190430 0.03206059
v -0.16436021 0.06630860 0.03174810
v -0.16592271 0.06630860 0.03254887
v -0.16498521 0.04190430 0.03206059
v -0.16592271 0.06630860 0.03254887
v -0.16670400 0.04190430 0.03305669
v -0.16670400 0.04190430 0.03305669
v -0.16592271 0.06630860 0.03254887
v -0.16748521 0.06630860 0.03370122
v -0.16670400 0.04190430 0.03305669
v -0.16748521 0.06630860 0.03370122
v -0.16811021 0.04190430 0.03440434
v -0.16811021 0.04190430 0.03440434
v -0.16748521 0.06630860 0.03370122
v -0.16873521 0.06630860 0.03510747
v -0.16811021 0.04190430 0.03440434
v -0.16873521 0.06630860 0.03510747
v -0.16920400 0.04190430 0.03600590
v -0.16920400 0.04190430 0.03600590
v -0.16873521 0.06630860 0.03510747
v -0.16951650 0.06630860 0.03674809
v -0.16920400 0.04190430 0.03600590
v -0.16951650 0.06630860 0.03674809
v -0.16998521 0.04190430 0.03782231
v -0.16998521 0.04190430 0.03782231
v -0.16951650 0.06630860 0.03674809
v -0.17014150 0.06630860 0.03854497
v -0.16998521 0.04190430 0.03782231
v -0.17014150 0.06630860 0.03854497
v -0.17029771 0.04190430 0.03973637
v -0.17029771 0.04190430 0.03973637
v -0.17014150 0.06630860 0.03854497
v -0.17014150 0.07630861 0.03854497
v -0.17029771 0.04190430 0.03973637
v -0.17014150 0.07630861 0.03854497
v -0.17029771 0.07630861 0.04028325
v -0.17029771 0.04190430 0.03973637
v -0.17029771 0.07630861 0.04028325
v -0.17014150 0.04190430 0.04168950
v -0.17014150 0.04190430 0.04168950
v -0.17029771 0.07630861 0.04028325
v -0.17014150 0.07630861 0.04200200
v -0.17014150 0.04190430 0.04168950
v -0.17014150 0.07630861 0.04200200
v -0.16967271 0.04190430 0.04356450
v -0.16967271 0.04190430 0.04356450
v -0.17014150 0.07630861 0.04200200
v -0.16951650 0.07630861 0.04366215
v -0.16967271 0.04190430 0.04356450
v -0.16951650 0.07630861 0.04366215
v -0.16873521 0.04190430 0.04528325
v -0.16873521 0.04190430 0.04528325
v -0.16951650 0.07630861 0.04366215
v -0.16873521 0.07630861 0.04520512
v -0.16873521 0.04190430 0.04528325
v -0.16873521 0.07630861 0.04520512
v -0.16764150 0.06630860 0.04655278
v -0.16764150 0.06630860 0.04655278
v -0.16873521 0.07630861 0.04520512
v -0.16764150 0.07630861 0.04655278
v -0.16873521 0.04190430 0.04528325
v -0.16764150 0.06630860 0.04655278
v -0.16748521 0.04190430 0.04676762
v -0.16748521 0.04190430 0.04676762
v -0.16764150 0.06630860 0.04655278
v -0.16623521 0.06630860 0.04776372
v -0.16748521 0.04190430 0.04676762
v -0.16623521 0.06630860 0.04776372
v -0.16592271 0.04190430 0.04793950
v -0.16592271 0.04190430 0.04793950
v -0.16623521 0.06630860 0.04776372
v -0.16451650 0.06630860 0.04864262
v -0.16592271 0.04190430 0.04793950
v -0.16451650 0.06630860 0.04864262
v -0.16420400 0.04190430 0.04875981
v -0.16420400 0.04190430 0.04875981
v -0.16451650 0.06630860 0.04864262
v -0.16264150 0.06630860 0.04913090
v -0.16420400 0.04190430 0.04875981
v -0.16264150 0.06630860 0.04913090
v -0.16217271 0.04190430 0.04916997
v -0.16217271 0.04190430 0.04916997
v -0.16264150 0.06630860 0.04913090
v -0.16076650 0.06630860 0.04920903
v -0.16217271 0.04190430 0.04916997
v -0.16076650 0.06630860 0.04920903
v -0.16029771 0.04190430 0.04916997
v -0.16029771 0.04190430 0.04916997
v -0.16076650 0.06630860 0.04920903
v -0.15873521 0.06630860 0.04889653
v -0.16029771 0.04190430 0.04916997
v -0.15873521 0.06630860 0.04889653
v -0.15842271 0.04190430 0.04875981
v -0.15842271 0.04190430 0.04875981
v -0.15873521 0.06630860 0.04889653
v -0.15701650 0.06630860 0.04817387
v -0.15842271 0.04190430 0.04875981
v -0.15701650 0.06630860 0.04817387
v -0.15654771 0.04190430 0.04793950
v -0.15545400 0.07630861 0.03334965
v -0.15701650 0.07630861 0.03227544
v -0.15701650 0.06630860 0.03227544
v -0.16123521 0.00750000 0.03122075
v -0.16326650 0.00750000 0.03143560
v -0.16326650 0.00750000 0.03143560
v -0.16498521 0.00750000 0.03206059
v -0.16498521 0.00750000 0.03206059
v -0.16670400 0.00750000 0.03305669
v -0.16670400 0.00750000 0.03305669
v -0.16811021 0.00750000 0.03440434
v -0.16811021 0.00750000 0.03440434
v -0.16920400 0.00750000 0.03600590
v -0.16920400 0.00750000 0.03600590
v -0.16998521 0.00750000 0.03782231
v -0.16998521 0.00750000 0.03782231
v -0.17029771 0.00750000 0.03973637
v -0.17029771 0.00750000 0.03973637
v -0.17014150 0.00750000 0.04168950
v -0.17014150 0.00750000 0.04168950
v -0.16967271 0.00750000 0.04356450
v -0.16967271 0.00750000 0.04356450
v -0.16873521 0.00750000 0.04528325
v -0.16873521 0.00750000 0.04528325
v -0.16748521 0.00750000 0.04676762
v -0.16748521 0.00750000 0.04676762
v -0.16592271 0.00750000 0.04793950
v -0.16592271 0.00750000 0.04793950
v -0.16420400 0.00750000 0.04875981
v -0.16420400 0.00750000 0.04875981
v -0.16217271 0.00750000 0.04916997
v -0.16217271 0.00750000 0.04916997
v -0.16029771 0.00750000 0.04916997
v -0.16029771 0.00750000 0.04916997
v -0.15842271 0.00750000 0.04875981
v -0.15842271 0.00750000 0.04875981
v -0.15654771 0.00750000 0.04793950
v -0.15654771 0.00750000 0.04793950
v -0.15514150 0.00750000 0.04676762
v -0.15514150 0.00750000 0.04676762
v -0.15373521 0.00750000 0.04528325
v -0.15373521 0.00750000 0.04528325
v -0.15295400 0.00750000 0.04356450
v -0.15295400 0.00750000 0.04356450
v -0.15232900 0.00750000 0.04168950
v -0.15232900 0.00750000 0.04168950
v -0.15232900 0.00750000 0.03973637
v -0.15232900 0.00750000 0.03973637
v -0.15264150 0.00750000 0.03782231
v -0.15264150 0.00750000 0.03782231
v -0.15326650 0.00750000 0.03600590
v -0.15326650 0.00750000 0.03600590
v -0.15436021 0.00750000 0.03440434
v -0.15436021 0.00750000 0.03440434
v -0.15576650 0.00750000 0.03305669
v -0.15576650 0.00750000 0.03305669
v -0.15748521 0.00750000 0.03206059
v -0.15748521 0.00750000 0.03206059
v -0.15936021 0.00750000 0.03143560
v -0.15936021 0.00750000 0.03143560
v -0.16123521 0.00750000 0.03122075
v -0.16904771 0.07630861 -0.04545894
v -0.18936021 0.07630861 -0.04545894
v -0.16967271 0.07630861 -0.04391597
v -0.16998521 0.07630861 -0.04227534
v -0.16998521 0.07630861 -0.04063472
v -0.18936021 0.07630861 -0.03745112
v -0.16967271 0.07630861 -0.03899409
v -0.16904771 0.07630861 -0.03745112
v -0.15701650 0.07630861 0.03227544
v -0.15701650 0.07630861 0.03053716
v -0.15701650 0.06630860 0.03227544
v -0.15701650 0.06630860 0.03053716
v -0.15701650 0.07630861 0.04817387
v -0.15701650 0.06630860 0.04817387
v -0.15701650 0.07617189 0.05032231
v -0.15701650 0.07580078 0.05247075
v -0.15701650 0.06630860 0.05454106
v -0.15701650 0.07520508 0.05454106
v -0.15701650 0.06630860 -0.03333003
v -0.15701650 0.06630860 -0.02946284
v -0.15701650 0.07630861 -0.03333003
v -0.15701650 0.07630861 -0.02946284
v -0.15701650 0.07625000 -0.04954097
v -0.15701650 0.07610353 -0.05084956
v -0.15701650 0.06630860 -0.04954097
v -0.15701650 0.07586914 -0.05215816
v -0.15701650 0.06630860 -0.05344722
v -0.15701650 0.07554689 -0.05344722
v -0.02654775 0.05630859 0.06799810
v -0.02576650 0.05699219 0.06797856
v -0.21029771 0.05630859 0.06799810
v -0.21029771 0.05630859 0.06799810
v -0.02576650 0.05699219 0.06797856
v -0.20967271 0.05824219 0.06790044
v -0.20967271 0.05824219 0.06790044
v -0.02576650 0.05699219 0.06797856
v -0.15670400 0.05916016 0.06780278
v -0.20967271 0.05824219 0.06790044
v -0.15670400 0.05916016 0.06780278
v -0.20920400 0.05977539 0.06770513
v -0.20920400 0.05977539 0.06770513
v -0.15670400 0.05916016 0.06780278
v -0.15670400 0.06194336 0.06719731
v -0.20920400 0.05977539 0.06770513
v -0.15670400 0.06194336 0.06719731
v -0.20857900 0.06215820 0.06711919
v -0.20857900 0.06215820 0.06711919
v -0.15670400 0.06194336 0.06719731
v -0.20779771 0.06436525 0.06629888
v -0.15670400 0.06461914 0.06620122
v -0.20779771 0.06436525 0.06629888
v -0.15670400 0.06461914 0.06620122
v -0.20670400 0.06645508 0.06522467
v -0.20670400 0.06645508 0.06522467
v -0.15670400 0.06461914 0.06620122
v -0.15670400 0.06711914 0.06481450
v -0.20670400 0.06645508 0.06522467
v -0.15670400 0.06711914 0.06481450
v -0.20529771 0.06840821 0.06391606
v -0.20529771 0.06840821 0.06391606
v -0.15670400 0.06711914 0.06481450
v -0.15670400 0.06940430 0.06311528
v -0.20529771 0.06840821 0.06391606
v -0.15670400 0.06940430 0.06311528
v -0.20389150 0.07018555 0.06239262
v -0.20389150 0.07018555 0.06239262
v -0.15670400 0.06940430 0.06311528
v -0.15670400 0.07142578 0.06110356
v -0.20389150 0.07018555 0.06239262
v -0.15670400 0.07142578 0.06110356
v -0.20217271 0.07178711 0.06067387
v -0.20217271 0.07178711 0.06067387
v -0.15670400 0.07142578 0.06110356
v -0.15670400 0.07313478 0.05881840
v -0.20217271 0.07178711 0.06067387
v -0.15670400 0.07313478 0.05881840
v -0.20014150 0.07316407 0.05875981
v -0.20014150 0.07316407 0.05875981
v -0.15670400 0.07313478 0.05881840
v -0.19811021 0.07430664 0.05670903
v -0.19811021 0.07430664 0.05670903
v -0.15670400 0.07313478 0.05881840
v -0.15670400 0.07450196 0.05629887
v -0.19811021 0.07430664 0.05670903
v -0.15670400 0.07450196 0.05629887
v -0.19592271 0.07520508 0.05454106
v -0.19592271 0.07520508 0.05454106
v -0.15670400 0.07450196 0.05629887
v -0.15701650 0.07520508 0.05454106
v -0.10311030 0.07450196 0.05629887
v -0.15701650 0.07520508 0.05454106
v -0.10311030 0.07450196 0.05629887
v -0.10311030 0.07549805 0.05364262
v -0.04967275 0.07450196 0.05629887
v -0.04967275 0.07549805 0.05364262
v 0.00095225 0.07480469 0.05561528
v -0.04967275 0.07549805 0.05364262
v 0.00095225 0.07480469 0.05561528
v 0.00063975 0.07544922 0.05377934
v -0.02389150 0.05830078 0.06790044
v -0.04967275 0.05916016 0.06780278
v -0.02576650 0.05699219 0.06797856
v -0.02576650 0.05699219 0.06797856
v -0.04967275 0.05916016 0.06780278
v -0.10311030 0.05916016 0.06780278
v -0.15670400 0.05916016 0.06780278
v -0.10311030 0.05916016 0.06780278
v -0.02389150 0.05830078 0.06790044
v -0.02248525 0.05916016 0.06780278
v -0.04967275 0.05916016 0.06780278
v -0.04967275 0.05916016 0.06780278
v -0.02248525 0.05916016 0.06780278
v -0.02029775 0.06007812 0.06764653
v -0.04967275 0.05916016 0.06780278
v -0.02029775 0.06007812 0.06764653
v -0.01826650 0.06073242 0.06750981
v -0.04967275 0.06194336 0.06719731
v -0.04967275 0.06194336 0.06719731
v -0.01826650 0.06073242 0.06750981
v -0.01701650 0.06095703 0.06745122
v -0.04967275 0.06194336 0.06719731
v -0.01701650 0.06095703 0.06745122
v -0.01482900 0.06122070 0.06739263
v -0.01482900 0.06122070 0.06739263
v -0.01264150 0.06122070 0.06739263
v -0.04967275 0.06194336 0.06719731
v -0.04967275 0.06194336 0.06719731
v -0.01264150 0.06122070 0.06739263
v 0.00376475 0.06216797 0.06711919
v -0.04967275 0.06194336 0.06719731
v 0.00376475 0.06216797 0.06711919
v 0.00360850 0.06403321 0.06645513
v 0.00376475 0.06216797 0.06711919
v -0.01264150 0.06122070 0.06739263
v 0.00392100 0.06025391 0.06760747
v 0.00392100 0.06025391 0.06760747
v -0.01264150 0.06122070 0.06739263
v -0.01154775 0.06112305 0.06741217
v -0.01154775 0.06112305 0.06741217
v -0.00936025 0.06073242 0.06750981
v -0.00936025 0.06073242 0.06750981
v -0.00717275 0.06007812 0.06764653
v 0.00392100 0.06025391 0.06760747
v 0.00392100 0.06025391 0.06760747
v -0.00717275 0.06007812 0.06764653
v -0.00467275 0.05891601 0.06782231
v 0.00392100 0.05829101 0.06790044
v 0.00392100 0.05829101 0.06790044
v -0.00467275 0.05891601 0.06782231
v -0.00264150 0.05770508 0.06795903
v 0.00392100 0.05829101 0.06790044
v -0.00264150 0.05770508 0.06795903
v 0.00392100 0.05630859 0.06799810
v 0.00392100 0.05630859 0.06799810
v -0.00264150 0.05770508 0.06795903
v -0.00092275 0.05630859 0.06799810
v -0.04967275 0.06194336 0.06719731
v 0.00360850 0.06403321 0.06645513
v -0.04967275 0.06461914 0.06620122
v -0.04967275 0.06461914 0.06620122
v 0.00360850 0.06403321 0.06645513
v 0.00345225 0.06582032 0.06559575
v -0.04967275 0.06461914 0.06620122
v 0.00345225 0.06582032 0.06559575
v -0.04967275 0.06711914 0.06481450
v -0.04967275 0.06711914 0.06481450
v 0.00345225 0.06582032 0.06559575
v 0.00313975 0.06750000 0.06458013
v -0.04967275 0.06711914 0.06481450
v 0.00313975 0.06750000 0.06458013
v 0.00282725 0.06907228 0.06338872
v -0.04967275 0.06940430 0.06311528
v -0.04967275 0.06940430 0.06311528
v 0.00282725 0.06907228 0.06338872
v 0.00251475 0.07052735 0.06206059
v -0.04967275 0.06940430 0.06311528
v 0.00251475 0.07052735 0.06206059
v -0.04967275 0.07142578 0.06110356
v -0.04967275 0.07142578 0.06110356
v 0.00251475 0.07052735 0.06206059
v 0.00220225 0.07183594 0.06061528
v -0.04967275 0.07142578 0.06110356
v 0.00220225 0.07183594 0.06061528
v -0.04967275 0.07313478 0.05881840
v -0.04967275 0.07313478 0.05881840
v 0.00220225 0.07183594 0.06061528
v 0.00188975 0.07298828 0.05903325
v -0.04967275 0.07313478 0.05881840
v 0.00188975 0.07298828 0.05903325
v 0.00142100 0.07397461 0.05737309
v -0.04967275 0.07313478 0.05881840
v 0.00142100 0.07397461 0.05737309
v -0.04967275 0.07450196 0.05629887
v -0.04967275 0.07450196 0.05629887
v 0.00142100 0.07397461 0.05737309
v 0.00095225 0.07480469 0.05561528
v 0.00063975 0.07544922 0.05377934
v 0.00017100 0.07592775 0.05190434
v -0.04967275 0.07549805 0.05364262
v -0.04967275 0.07549805 0.05364262
v 0.00017100 0.07592775 0.05190434
v -0.04967275 0.07610353 0.05084965
v -0.10311030 0.07610353 0.05084965
v -0.10311030 0.07610353 0.05084965
v -0.04967275 0.07610353 0.05084965
v -0.00092275 0.07630861 0.04807622
v -0.15670400 0.07630861 0.04799809
v -0.15670400 0.07630861 0.04799809
v -0.00092275 0.07630861 0.04807622
v -0.00092275 0.07630861 0.04799809
v 0.00017100 0.07592775 0.05190434
v -0.00045400 0.07621094 0.04999028
v -0.04967275 0.07610353 0.05084965
v -0.04967275 0.07610353 0.05084965
v -0.00045400 0.07621094 0.04999028
v -0.00092275 0.07630861 0.04807622
v -0.15670400 0.07630861 0.04799809
v -0.15686021 0.07630861 0.04805669
v -0.10311030 0.07610353 0.05084965
v -0.10311030 0.07610353 0.05084965
v -0.15686021 0.07630861 0.04805669
v -0.15686021 0.07630861 0.04811528
v -0.15686021 0.07630861 0.04811528
v -0.15701650 0.07630861 0.04817387
v -0.15701650 0.07630861 0.04817387
v -0.15701650 0.07617189 0.05032231
v -0.10311030 0.07610353 0.05084965
v -0.10311030 0.07610353 0.05084965
v -0.15701650 0.07617189 0.05032231
v -0.15701650 0.07580078 0.05247075
v -0.15701650 0.07580078 0.05247075
v -0.10311030 0.07549805 0.05364262
v -0.10311030 0.07549805 0.05364262
v -0.15701650 0.07580078 0.05247075
v -0.15701650 0.07520508 0.05454106
v -0.10311030 0.06194336 0.06719731
v -0.10311030 0.06194336 0.06719731
v -0.10311030 0.06461914 0.06620122
v -0.10311030 0.06461914 0.06620122
v -0.10311030 0.06711914 0.06481450
v -0.10311030 0.06711914 0.06481450
v -0.10311030 0.06940430 0.06311528
v -0.10311030 0.06940430 0.06311528
v -0.10311030 0.07142578 0.06110356
v -0.10311030 0.07142578 0.06110356
v -0.10311030 0.07313478 0.05881840
v -0.10311030 0.07313478 0.05881840
v -0.10311030 0.07450196 0.05629887
v -0.15514150 0.07630861 0.04686528
v -0.15389150 0.07630861 0.04543950
v -0.15295400 0.07630861 0.04377934
v -0.15248521 0.07630861 0.04194340
v -0.15232900 0.07630861 0.04004887
v -0.12982900 0.07630861 0.01741216
v -0.13232900 0.07630861 0.01834966
v 0.00313975 0.07630861 0.04541997
v -0.12561030 0.07630861 0.01444341
v -0.12764151 0.07630861 0.01610356
v 0.00704600 0.07630861 0.04247075
v 0.01063975 0.07630861 0.03922856
v -0.12389151 0.07630861 0.01249028
v 0.01392100 0.07630861 0.03565434
v 0.01688975 0.07630861 0.03182622
v 0.01938975 0.07630861 0.02774419
v -0.12248530 0.07630861 0.01028325
v 0.02173350 0.07630861 0.02344731
v 0.02360850 0.07630861 0.01897466
v -0.12139151 0.07630861 0.00786138
v 0.02501475 0.07630861 0.01436528
v -0.12076651 0.07630861 0.00532231
v 0.02610850 0.07630861 0.00963872
v 0.02673350 0.07630861 0.00483403
v -0.12061030 0.07630861 0.00272466
v 0.02688975 0.07630861 -0.00000972
v -0.12076651 0.07630861 0.00010747
v 0.02673350 0.07630861 -0.00483394
v -0.12139151 0.07630861 -0.00243159
v 0.02610850 0.07630861 -0.00963863
v 0.02501475 0.07630861 -0.01436519
v -0.12248530 0.07630861 -0.00483394
v 0.02360850 0.07630861 -0.01899409
v -0.12389151 0.07630861 -0.00706050
v 0.02173350 0.07630861 -0.02346675
v 0.01938975 0.07630861 -0.02774409
v -0.12561030 0.07630861 -0.00901363
v 0.01688975 0.07630861 -0.03182612
v 0.01392100 0.07630861 -0.03565425
v 0.01063975 0.07630861 -0.03922847
v -0.12764151 0.07630861 -0.01067378
v 0.00704600 0.07630861 -0.04249019
v -0.12982900 0.07630861 -0.01198237
v -0.15232900 0.07630861 -0.03913081
v -0.13232900 0.07630861 -0.01290034
v -0.15295400 0.07630861 -0.03733394
v -0.15404771 0.07630861 -0.03571284
v -0.15482900 0.07630861 -0.04799800
v -0.15357900 0.07630861 -0.04653316
v -0.15264150 0.07630861 -0.04483394
v -0.15201650 0.07630861 -0.04297847
v -0.15201650 0.07630861 -0.04104487
v -0.15545400 0.07630861 -0.03436519
v -0.15701650 0.07630861 -0.02946284
v -0.13482900 0.07630861 -0.01342769
v -0.15701650 0.07630861 -0.03333003
v -0.18936021 0.07630861 -0.02946284
v -0.14717271 0.07630861 -0.00987300
v -0.14498521 0.07630861 -0.01135737
v -0.14264150 0.07630861 -0.01249019
v -0.18936021 0.07630861 0.03053716
v -0.15311021 0.07630861 0.00141606
v -0.15264150 0.07630861 -0.00118159
v -0.15186021 0.07630861 -0.00366206
v -0.15701650 0.07630861 0.03053716
v -0.14717271 0.07630861 0.01532231
v -0.14904771 0.07630861 0.01350591
v -0.15061021 0.07630861 0.01141606
v -0.15701650 0.07630861 0.03227544
v -0.15545400 0.07630861 0.03334965
v -0.13482900 0.07630861 0.01885747
v -0.13748521 0.07630861 0.01897466
v -0.15420400 0.07630861 0.03473637
v -0.15311021 0.07630861 0.03635747
v -0.15248521 0.07630861 0.03815434
v -0.14014150 0.07630861 0.01866216
v -0.14264150 0.07630861 0.01791997
v -0.14498521 0.07630861 0.01680669
v -0.15186021 0.07630861 0.00909184
v -0.15264150 0.07630861 0.00661138
v -0.15311021 0.07630861 0.00403325
v -0.15061021 0.07630861 -0.00596675
v -0.14904771 0.07630861 -0.00805659
v -0.14014150 0.07630861 -0.01321284
v -0.13748521 0.07630861 -0.01352534
v -0.15482900 0.07630861 -0.04799800
v -0.00092275 0.07630861 -0.04799800
v -0.15592271 0.07628907 -0.04887691
v -0.15592271 0.07628907 -0.04887691
v -0.00092275 0.07630861 -0.04799800
v -0.10311030 0.07610353 -0.05084956
v -0.15592271 0.07628907 -0.04887691
v -0.10311030 0.07610353 -0.05084956
v -0.15701650 0.07625000 -0.04954097
v -0.15701650 0.07625000 -0.04954097
v -0.10311030 0.07610353 -0.05084956
v -0.15701650 0.07610353 -0.05084956
v -0.15701650 0.07610353 -0.05084956
v -0.10311030 0.07610353 -0.05084956
v -0.15701650 0.07586914 -0.05215816
v -0.15701650 0.07586914 -0.05215816
v -0.10311030 0.07610353 -0.05084956
v -0.10311030 0.07549805 -0.05364253
v -0.15701650 0.07586914 -0.05215816
v -0.10311030 0.07549805 -0.05364253
v -0.15701650 0.07554689 -0.05344722
v -0.15670400 0.07549805 -0.05364253
v -0.19482900 0.07554689 -0.05344722
v -0.19482900 0.07554689 -0.05344722
v -0.15670400 0.07549805 -0.05364253
v -0.19717271 0.07472657 -0.05581050
v -0.19717271 0.07472657 -0.05581050
v -0.15670400 0.07549805 -0.05364253
v -0.15670400 0.07450196 -0.05631831
v -0.19717271 0.07472657 -0.05581050
v -0.15670400 0.07450196 -0.05631831
v -0.19951650 0.07361328 -0.05803706
v -0.19951650 0.07361328 -0.05803706
v -0.15670400 0.07450196 -0.05631831
v -0.15670400 0.07313478 -0.05881831
v -0.19951650 0.07361328 -0.05803706
v -0.15670400 0.07313478 -0.05881831
v -0.20154771 0.07222657 -0.06010737
v -0.20154771 0.07222657 -0.06010737
v -0.15670400 0.07313478 -0.05881831
v -0.15670400 0.07142578 -0.06110347
v -0.20154771 0.07222657 -0.06010737
v -0.15670400 0.07142578 -0.06110347
v -0.20342271 0.07059571 -0.06200191
v -0.20342271 0.07059571 -0.06200191
v -0.15670400 0.07142578 -0.06110347
v -0.15670400 0.06940430 -0.06311519
v -0.20342271 0.07059571 -0.06200191
v -0.15670400 0.06940430 -0.06311519
v -0.20514150 0.06874025 -0.06366206
v -0.20514150 0.06874025 -0.06366206
v -0.15670400 0.06940430 -0.06311519
v -0.15670400 0.06711914 -0.06483394
v -0.20514150 0.06874025 -0.06366206
v -0.15670400 0.06711914 -0.06483394
v -0.20654771 0.06669922 -0.06508786
v -0.20654771 0.06669922 -0.06508786
v -0.15670400 0.06711914 -0.06483394
v -0.15670400 0.06461914 -0.06620114
v -0.20654771 0.06669922 -0.06508786
v -0.15670400 0.06461914 -0.06620114
v -0.20764150 0.06449219 -0.06624019
v -0.20764150 0.06449219 -0.06624019
v -0.15670400 0.06461914 -0.06620114
v -0.15670400 0.06194336 -0.06719722
v -0.20857900 0.06215820 -0.06711911
v -0.20857900 0.06215820 -0.06711911
v -0.15670400 0.06194336 -0.06719722
v -0.20904771 0.06053711 -0.06754879
v -0.20904771 0.06053711 -0.06754879
v -0.15670400 0.06194336 -0.06719722
v -0.15670400 0.05915039 -0.06780269
v -0.20904771 0.06053711 -0.06754879
v -0.15670400 0.05915039 -0.06780269
v -0.20967271 0.05863281 -0.06786129
v -0.20967271 0.05863281 -0.06786129
v -0.15670400 0.05915039 -0.06780269
v -0.21029771 0.05630859 -0.06799800
v -0.21029771 0.05630859 -0.06799800
v -0.15670400 0.05915039 -0.06780269
v -0.10311030 0.05915039 -0.06780269
v -0.04967275 0.05915039 -0.06780269
v -0.04967275 0.05915039 -0.06780269
v -0.10311030 0.05915039 -0.06780269
v -0.04967275 0.06194336 -0.06719722
v 0.00392100 0.06025391 -0.06760739
v 0.00392100 0.06025391 -0.06760739
v -0.04967275 0.06194336 -0.06719722
v 0.00376475 0.06216797 -0.06711911
v 0.00376475 0.06216797 -0.06711911
v -0.04967275 0.06194336 -0.06719722
v 0.00360850 0.06403321 -0.06645504
v 0.00360850 0.06403321 -0.06645504
v -0.04967275 0.06194336 -0.06719722
v -0.04967275 0.06461914 -0.06620114
v 0.00360850 0.06403321 -0.06645504
v -0.04967275 0.06461914 -0.06620114
v 0.00345225 0.06582032 -0.06559566
v 0.00345225 0.06582032 -0.06559566
v -0.04967275 0.06461914 -0.06620114
v -0.04967275 0.06711914 -0.06483394
v 0.00345225 0.06582032 -0.06559566
v -0.04967275 0.06711914 -0.06483394
v 0.00313975 0.06750000 -0.06458004
v 0.00313975 0.06750000 -0.06458004
v -0.04967275 0.06711914 -0.06483394
v 0.00282725 0.06907228 -0.06338862
v -0.04967275 0.06940430 -0.06311519
v 0.00282725 0.06907228 -0.06338862
v -0.04967275 0.06940430 -0.06311519
v 0.00251475 0.07052735 -0.06206050
v 0.00251475 0.07052735 -0.06206050
v -0.04967275 0.06940430 -0.06311519
v -0.04967275 0.07142578 -0.06110347
v 0.00251475 0.07052735 -0.06206050
v -0.04967275 0.07142578 -0.06110347
v 0.00220225 0.07183594 -0.06061519
v 0.00220225 0.07183594 -0.06061519
v -0.04967275 0.07142578 -0.06110347
v -0.04967275 0.07313478 -0.05881831
v 0.00220225 0.07183594 -0.06061519
v -0.04967275 0.07313478 -0.05881831
v 0.00188975 0.07298828 -0.05903316
v 0.00188975 0.07298828 -0.05903316
v -0.04967275 0.07313478 -0.05881831
v 0.00142100 0.07397461 -0.05737300
v 0.00142100 0.07397461 -0.05737300
v -0.04967275 0.07313478 -0.05881831
v -0.04967275 0.07450196 -0.05631831
v 0.00142100 0.07397461 -0.05737300
v -0.04967275 0.07450196 -0.05631831
v 0.00095225 0.07480469 -0.05561519
v 0.00095225 0.07480469 -0.05561519
v -0.04967275 0.07450196 -0.05631831
v -0.04967275 0.07549805 -0.05364253
v 0.00095225 0.07480469 -0.05561519
v -0.04967275 0.07549805 -0.05364253
v 0.00063975 0.07544922 -0.05377925
v 0.00063975 0.07544922 -0.05377925
v -0.04967275 0.07549805 -0.05364253
v 0.00017100 0.07592775 -0.05190425
v 0.00017100 0.07592775 -0.05190425
v -0.04967275 0.07549805 -0.05364253
v -0.04967275 0.07610353 -0.05084956
v 0.00017100 0.07592775 -0.05190425
v -0.04967275 0.07610353 -0.05084956
v -0.00045400 0.07621094 -0.04999019
v -0.00045400 0.07621094 -0.04999019
v -0.04967275 0.07610353 -0.05084956
v -0.00092275 0.07630861 -0.04807612
v -0.04967275 0.07610353 -0.05084956
v -0.00092275 0.07630861 -0.04799800
v -0.04967275 0.07610353 -0.05084956
v -0.10311030 0.07610353 -0.05084956
v 0.00392100 0.06025391 -0.06760739
v 0.00392100 0.05829101 -0.06790036
v -0.04967275 0.05915039 -0.06780269
v -0.04967275 0.05915039 -0.06780269
v 0.00392100 0.05829101 -0.06790036
v -0.21029771 0.05630859 -0.06799800
v 0.00392100 0.05630859 -0.06799800
v -0.01248525 0.05630859 -0.06799800
v 0.00392100 0.05829101 -0.06790036
v -0.21029771 0.05630859 -0.06799800
v -0.10311030 0.07549805 -0.05364253
v -0.10311030 0.07450196 -0.05631831
v -0.10311030 0.07450196 -0.05631831
v -0.10311030 0.07313478 -0.05881831
v -0.10311030 0.07313478 -0.05881831
v -0.10311030 0.07142578 -0.06110347
v -0.10311030 0.07142578 -0.06110347
v -0.10311030 0.06940430 -0.06311519
v -0.10311030 0.06940430 -0.06311519
v -0.10311030 0.06711914 -0.06483394
v -0.10311030 0.06711914 -0.06483394
v -0.10311030 0.06461914 -0.06620114
v -0.10311030 0.06461914 -0.06620114
v -0.10311030 0.06194336 -0.06719722
v -0.10311030 0.06194336 -0.06719722
f 1 2 3
f 3 2 4
f 3 4 5
f 5 4 6
f 5 6 7
f 7 6 8
f 7 8 9
f 10 11 9
f 9 11 12
f 9 12 13
f 13 12 14
f 14 12 15
f 14 15 16
f 16 15 17
f 16 17 18
f 18 17 19
f 18 19 20
f 20 19 21
f 20 21 22
f 22 21 23
f 22 23 24
f 24 23 25
f 24 25 26
f 26 25 27
f 26 27 28
f 28 27 29
f 28 29 30
f 30 29 31
f 30 31 32
f 10 33 11
f 11 33 34
f 34 33 35
f 34 35 36
f 34 36 37
f 37 36 38
f 37 38 39
f 39 38 40
f 39 40 41
f 41 40 42
f 41 42 43
f 43 42 44
f 43 44 45
f 45 44 46
f 45 46 47
f 47 46 48
f 47 48 49
f 46 50 48
f 48 50 51
f 51 50 52
f 51 52 53
f 53 52 54
f 53 54 55
f 53 55 56
f 56 55 57
f 56 57 58
f 58 57 59
f 58 59 60
f 60 59 61
f 61 59 62
f 62 59 63
f 63 59 64
f 64 59 65
f 64 65 66
f 66 65 67
f 67 65 68
f 68 65 69
f 68 69 70
f 57 71 59
f 59 71 72
f 73 74 65
f 65 74 69
f 68 70 75
f 75 70 76
f 75 76 77
f 77 76 78
f 77 78 79
f 79 78 80
f 79 80 81
f 81 80 82
f 81 82 83
f 83 82 84
f 83 84 85
f 85 84 86
f 85 86 87
f 84 88 86
f 86 88 89
f 89 88 90
f 89 90 91
f 91 90 92
f 91 92 93
f 93 92 94
f 93 94 95
f 95 94 96
f 95 96 97
f 95 97 98
f 98 97 99
f 98 99 100
f 100 99 101
f 100 101 102
f 103 104 102
f 102 104 105
f 102 105 100
f 104 103 106
f 106 103 107
f 106 107 108
f 106 108 109
f 109 108 110
f 109 110 111
f 111 110 112
f 111 112 113
f 109 111 114
f 114 111 115
f 114 115 116
f 116 115 117
f 116 117 118
f 118 117 119
f 119 117 120
f 119 120 121
f 121 120 122
f 121 122 123
f 123 122 124
f 124 122 125
f 124 125 126
f 126 125 127
f 127 125 128
f 128 125 129
f 128 129 130
f 130 129 131
f 131 129 132
f 131 132 133
f 133 132 134
f 134 132 135
f 134 135 136
f 136 135 137
f 137 135 138
f 137 138 139
f 139 138 140
f 140 138 141
f 140 141 142
f 142 141 143
f 143 141 144
f 143 144 145
f 145 144 3
f 145 3 5
f 13 7 9
f 104 146 105
f 105 146 147
f 147 146 148
f 147 148 149
f 149 148 150
f 149 150 151
f 151 150 152
f 151 152 153
f 153 152 154
f 153 154 155
f 155 154 156
f 155 156 32
f 32 156 30
f 85 87 157
f 157 87 158
f 157 158 159
f 159 158 160
f 159 160 161
f 161 160 162
f 161 162 163
f 163 162 164
f 163 164 165
f 165 164 166
f 165 166 167
f 167 166 168
f 168 166 169
f 168 169 170
f 170 169 171
f 170 171 172
f 172 171 173
f 172 173 49
f 49 173 47
f 174 175 176
f 176 175 177
f 176 177 178
f 175 174 179
f 179 174 180
f 179 180 181
f 181 180 182
f 181 182 183
f 183 182 184
f 183 184 185
f 185 184 186
f 185 186 187
f 187 186 188
f 187 188 189
f 189 188 190
f 189 190 191
f 191 190 192
f 191 192 193
f 193 192 194
f 193 194 195
f 195 194 196
f 195 196 197
f 197 196 198
f 197 198 199
f 199 198 200
f 199 200 201
f 201 200 202
f 202 200 203
f 202 203 204
f 204 203 205
f 205 203 206
f 205 206 207
f 207 206 208
f 208 206 209
f 208 209 210
f 210 209 211
f 210 211 212
f 212 211 213
f 213 211 214
f 213 214 215
f 215 214 216
f 215 216 217
f 217 216 218
f 217 218 219
f 219 218 220
f 219 220 221
f 221 220 222
f 221 222 223
f 223 222 224
f 223 224 225
f 225 224 226
f 225 226 227
f 227 226 228
f 227 228 229
f 229 228 230
f 229 230 231
f 231 230 232
f 231 232 233
f 233 232 234
f 233 234 235
f 235 234 236
f 235 236 237
f 238 239 240
f 241 242 243
f 244 245 246
f 247 248 249
f 250 251 252
f 253 254 255
f 255 254 256
f 255 256 257
f 254 258 256
f 256 258 259
f 259 258 260
f 259 260 261
f 261 260 262
f 261 262 263
f 261 263 264
f 264 263 265
f 264 265 266
f 266 265 267
f 266 267 268
f 266 268 269
f 269 268 270
f 269 270 271
f 271 270 272
f 271 272 273
f 273 272 274
f 271 273 275
f 275 273 276
f 275 276 277
f 277 276 278
f 277 278 279
f 277 279 280
f 280 279 281
f 280 281 282
f 282 281 283
f 282 283 284
f 282 284 285
f 285 284 286
f 285 286 287
f 287 286 288
f 287 288 289
f 289 288 290
f 289 290 291
f 289 291 292
f 292 291 293
f 292 293 294
f 294 293 295
f 294 295 296
f 294 296 297
f 297 296 298
f 297 298 299
f 299 298 300
f 299 300 301
f 299 301 302
f 302 301 303
f 302 303 304
f 304 303 305
f 304 305 306
f 304 306 307
f 307 306 308
f 307 308 309
f 309 308 310
f 309 310 311
f 309 311 312
f 312 311 313
f 312 313 314
f 314 313 315
f 314 315 316
f 314 316 317
f 317 316 318
f 317 318 319
f 319 318 320
f 319 320 321
f 319 321 322
f 322 321 323
f 322 323 324
f 324 323 325
f 324 325 326
f 324 326 257
f 257 326 255
f 327 328 329
f 329 328 330
f 331 332 333
f 333 332 334
f 335 336 337
f 337 336 338
f 339 340 341
f 341 340 342
f 343 344 345
f 345 344 346
f 347 348 349
f 349 348 350
f 351 352 353
f 353 352 354
f 355 356 357
f 357 356 358
f 359 360 361
f 361 360 362
f 363 364 365
f 365 364 366
f 367 368 369
f 369 368 370
f 371 372 373
f 373 372 374
f 375 376 377
f 377 376 378
f 379 380 381
f 381 380 382
f 383 384 385
f 385 384 386
f 387 388 389
f 389 388 390
f 391 392 393
f 393 392 394
f 395 396 397
f 397 396 398
f 399 400 401
f 401 400 402
f 403 404 405
f 405 404 406
f 407 408 409
f 409 408 410
f 411 412 413
f 413 412 414
f 415 416 417
f 417 416 418
f 419 420 421
f 421 420 422
f 423 424 425
f 425 424 426
f 427 428 429
f 429 428 430
f 431 432 433
f 433 432 434
f 435 436 437
f 437 436 438
f 439 440 441
f 441 440 442
f 443 444 445
f 445 444 446
f 447 448 449
f 449 448 442
f 449 442 440
f 450 451 452
f 453 454 455
f 453 455 330
f 332 456 334
f 457 458 459
f 456 460 461
f 456 461 334
f 336 462 338
f 463 464 465
f 462 466 467
f 462 467 338
f 340 468 342
f 469 470 471
f 472 473 474
f 468 475 476
f 477 478 479
f 480 481 482
f 483 484 485
f 486 487 488
f 489 490 491
f 492 493 494
f 492 494 495
f 496 497 498
f 499 500 501
f 502 503 504
f 505 506 507
f 508 509 510
f 511 512 513
f 514 515 516
f 517 518 519
f 520 521 522
f 523 524 525
f 526 527 528
f 529 530 531
f 532 533 534
f 535 536 537
f 538 539 540
f 541 542 543
f 544 545 546
f 547 548 549
f 550 551 552
f 553 554 555
f 556 557 558
f 559 560 561
f 562 563 564
f 565 566 567
f 568 569 570
f 571 572 573
f 574 575 576
f 577 578 579
f 580 581 582
f 583 584 585
f 586 587 588
f 589 590 591
f 592 593 594
f 595 596 597
f 598 599 600
f 601 602 603
f 604 605 606
f 607 608 609
f 610 611 612
f 613 614 615
f 616 617 618
f 619 620 621
f 622 623 624
f 625 626 627
f 627 626 628
f 453 330 328
f 625 627 438
f 625 438 436
f 619 621 434
f 619 434 432
f 613 615 430
f 613 430 428
f 607 609 426
f 607 426 424
f 598 600 422
f 598 422 420
f 592 594 418
f 592 418 416
f 586 588 414
f 586 414 412
f 580 582 410
f 580 410 408
f 574 576 406
f 574 406 404
f 568 570 402
f 568 402 400
f 562 564 398
f 562 398 396
f 556 558 394
f 556 394 392
f 550 552 390
f 550 390 388
f 544 546 386
f 544 386 384
f 538 540 382
f 538 382 380
f 532 534 378
f 532 378 376
f 526 528 374
f 526 374 372
f 520 522 370
f 520 370 368
f 514 516 366
f 514 366 364
f 508 510 362
f 508 362 360
f 502 504 358
f 502 358 356
f 492 495 354
f 492 354 352
f 486 488 350
f 486 350 348
f 480 482 346
f 480 346 344
f 468 476 342
f 629 630 631
f 632 633 634
f 635 636 637
f 638 639 640
f 641 642 643
f 644 645 646
f 647 648 649
f 650 651 652
f 653 654 655
f 656 657 658
f 659 660 661
f 662 663 664
f 664 663 665
f 666 667 668
f 669 670 671
f 672 673 674
f 675 676 677
f 678 679 680
f 681 682 683
f 684 685 686
f 687 688 689
f 690 691 692
f 693 694 695
f 696 697 698
f 699 700 701
f 702 703 704
f 705 706 707
f 708 709 710
f 711 712 713
f 714 715 716
f 717 718 719
f 720 721 722
f 720 722 723
f 724 725 726
f 727 728 729
f 730 731 732
f 733 734 735
f 736 737 738
f 739 740 741
f 742 743 744
f 745 746 747
f 748 749 750
f 751 752 753
f 754 755 756
f 757 758 759
f 760 761 762
f 763 764 765
f 766 767 768
f 769 770 771
f 772 773 774
f 775 776 777
f 778 779 780
f 780 779 781
f 782 783 784
f 784 783 785
f 786 787 788
f 788 787 789
f 790 791 792
f 792 791 793
f 794 795 796
f 796 795 797
f 798 799 800
f 800 799 801
f 802 803 804
f 804 803 805
f 806 807 808
f 808 807 809
f 810 811 812
f 812 811 813
f 814 815 816
f 816 815 817
f 818 819 820
f 820 819 821
f 822 823 824
f 824 823 825
f 826 827 828
f 828 827 829
f 830 831 832
f 832 831 833
f 834 835 836
f 836 835 837
f 838 839 840
f 840 839 841
f 842 843 844
f 844 843 845
f 846 847 848
f 848 847 849
f 850 851 852
f 852 851 853
f 854 855 856
f 856 855 857
f 858 859 860
f 860 859 861
f 862 863 864
f 864 863 865
f 866 867 868
f 868 867 869
f 870 871 872
f 872 871 873
f 874 875 876
f 876 875 877
f 878 879 880
f 880 879 881
f 882 883 884
f 884 883 885
f 886 887 888
f 888 887 889
f 890 891 892
f 892 891 893
f 894 895 896
f 896 895 897
f 898 899 900
f 900 899 901
f 902 903 904
f 905 906 907
f 908 909 910
f 911 912 913
f 914 915 916
f 917 918 919
f 920 921 922
f 923 924 925
f 926 927 928
f 929 930 931
f 932 933 934
f 935 936 937
f 938 939 940
f 941 942 943
f 944 945 946
f 947 948 949
f 950 951 952
f 953 954 955
f 956 957 958
f 959 960 961
f 962 963 964
f 965 966 967
f 968 969 970
f 971 972 973
f 974 975 976
f 977 978 979
f 980 981 982
f 982 981 983
f 982 983 984
f 984 983 985
f 984 985 986
f 986 985 987
f 986 987 988
f 988 987 989
f 988 989 990
f 981 980 991
f 991 980 992
f 991 992 993
f 993 992 994
f 993 994 995
f 995 994 996
f 996 994 997
f 996 997 998
f 998 997 999
f 999 997 1000
f 999 1000 1001
f 1001 1000 1002
f 1002 1000 1003
f 1002 1003 1004
f 1004 1003 1005
f 1005 1003 1006
f 1005 1006 1007
f 1007 1006 1008
f 1007 1008 1009
f 1009 1008 1010
f 1010 1008 1011
f 1010 1011 1012
f 1012 1011 1013
f 1012 1013 1014
f 1014 1013 1015
f 1015 1013 1016
f 1015 1016 1017
f 1017 1016 1018
f 1017 1018 1019
f 1019 1018 1020
f 1020 1018 1021
f 1020 1021 1022
f 1022 1021 1023
f 1022 1023 1024
f 1024 1023 1025
f 1024 1025 1026
f 1026 1025 1027
f 1027 1025 1028
f 1027 1028 1029
f 1027 1029 1030
f 1030 1029 1031
f 1030 1031 1032
f 1032 1031 1033
f 1032 1033 1034
f 1032 1034 1035
f 1035 1034 1036
f 1035 1036 1037
f 1035 1037 1038
f 1038 1037 1039
f 1038 1039 1040
f 1040 1039 1041
f 1040 1041 1042
f 1040 1042 1043
f 1043 1042 1044
f 1043 1044 1045
f 1045 1044 1046
f 1045 1046 1047
f 1047 1046 1048
f 1047 1048 1049
f 1049 1048 1050
f 1050 1048 1051
f 1050 1051 1052
f 1052 1051 1053
f 1052 1053 1054
f 1054 1053 1055
f 1055 1053 1056
f 1055 1056 1057
f 1057 1056 1058
f 1058 1056 1059
f 1058 1059 1060
f 1060 1059 1061
f 1060 1061 1062
f 1062 1061 1063
f 1063 1061 1064
f 1063 1064 1065
f 1065 1064 1066
f 1066 1064 1067
f 1066 1067 1068
f 1068 1067 1069
f 1069 1067 1070
f 1069 1070 1071
f 1071 1070 1072
f 1072 1070 1073
f 1072 1073 1074
f 1074 1073 990
f 990 1073 988
f 1075 1076 1077
f 1078 1079 1080
f 1081 1082 1083
f 1084 1085 1086
f 1087 1088 1089
f 1090 1091 1092
f 1093 1094 1095
f 1096 1097 1098
f 1096 1098 1099
f 1100 1101 1102
f 1103 1104 1105
f 1106 1107 1108
f 1109 1110 1111
f 1112 1113 1114
f 1115 1116 1117
f 1118 1119 1120
f 1121 1122 1123
f 1124 1125 1126
f 1127 1128 1129
f 1130 1131 1132
f 1133 1134 1135
f 1136 1137 1138
f 1139 1140 1141
f 1142 1143 1144
f 1145 1146 1147
f 1148 1149 1150
f 1151 1152 1153
f 1154 1155 1156
f 1154 1156 1157
f 1158 1159 1160
f 1158 1160 1161
f 1162 1163 1164
f 1165 1166 1167
f 1168 1169 1170
f 1171 1172 1173
f 1174 1175 1176
f 1177 1178 1179
f 1180 1181 1182
f 1180 1182 1183
f 1184 1185 1186
f 1187 1188 1189
f 1190 1191 1192
f 1193 1194 1195
f 1196 1197 1198
f 1199 1200 1201
f 1202 1203 1204
f 1205 1206 1207
f 1208 1209 1210
f 1211 1212 1213
f 1214 1215 1216
f 1214 1216 1217
f 1218 1219 1220
f 1221 1222 1223
f 1224 1225 1226
f 1227 1228 1229
f 1230 1231 1232
f 1230 1232 1233
f 1234 1235 1236
f 1234 1236 1237
f 1238 1239 1240
f 1241 1242 1243
f 1244 1245 1246
f 1247 1248 1249
f 1250 1251 1252
f 1253 1254 1255
f 1256 1257 1258
f 1256 1258 1259
f 1260 1261 1262
f 1263 1264 1265
f 1266 1267 1268
f 1269 1270 1271
f 1272 1273 1274
f 1275 1276 1277
f 1278 1279 1280
f 1281 1282 1283
f 1284 1285 1286
f 1287 1288 1289
f 1290 1291 1292
f 1293 1294 1295
f 1296 1297 1298
f 1299 1300 1301
f 1302 1303 1304
f 1305 1306 1307
f 1308 1309 1310
f 1311 1312 1313
f 1314 1315 1316
f 1314 1316 1317
f 1318 1319 1320
f 1321 1322 1323
f 1324 1325 1326
f 1327 1328 1329
f 1330 1331 1332
f 1330 1332 1333
f 1334 1335 1336
f 1337 1338 1339
f 1340 1341 1342
f 1343 1344 1345
f 1346 1347 1348
f 1346 1348 1349
f 1350 1351 1352
f 1353 1354 1355
f 1356 1357 1358
f 1359 1360 1361
f 1362 1363 1364
f 1365 1366 1367
f 1368 1369 1370
f 1371 1372 1373
f 1374 1375 1376
f 1377 1378 1379
f 1380 1381 1382
f 1383 1384 1385
f 1386 1387 1388
f 1389 1390 1391
f 1392 1393 1394
f 1395 1396 1397
f 1398 1399 1400
f 1401 1402 1403
f 1404 1405 1406
f 1407 1408 1409
f 1410 1411 1412
f 1413 1414 1415
f 1416 1417 1418
f 1419 1420 1421
f 1422 1423 1424
f 1425 1426 1427
f 1428 1429 1430
f 1431 1432 1433
f 1434 1435 1436
f 1437 1438 1439
f 1440 1441 1442
f 1443 1444 1445
f 1445 1444 1446
f 1445 1446 1447
f 1448 1449 1450
f 1451 1452 1453
f 1454 1455 1456
f 1457 1458 1459
f 1460 1461 1462
f 1463 1464 1465
f 1466 1467 1468
f 1469 1470 1471
f 1472 1473 1474
f 1475 1476 1477
f 1478 1479 1480
f 1481 1482 1483
f 1484 1485 1486
f 1487 1488 1489
f 1490 1491 1492
f 1493 1494 1495
f 1496 1497 1498
f 1499 1500 1501
f 1502 1503 1504
f 1505 1506 1507
f 1508 1509 1510
f 1511 1512 1513
f 1514 1515 1516
f 1517 1518 1519
f 1520 1521 1522
f 1523 1524 1525
f 1526 1527 1528
f 1529 1530 1531
f 1532 1533 1534
f 1535 1536 1537
f 1535 1537 1538
f 1539 1540 1541
f 1542 1543 1544
f 1545 1546 1547
f 1545 1547 1548
f 1185 1549 1186
f 1525 1524 1550
f 1551 1552 1553
f 1554 1555 1556
f 1557 1558 1559
f 1560 1561 1562
f 1563 1564 1565
f 1566 1567 1568
f 1569 1570 1571
f 1571 1570 1572
f 1573 1574 1575
f 1576 1577 1578
f 1579 1580 1581
f 1582 1583 1584
f 1582 1584 1585
f 1586 1587 1588
f 1589 1590 1591
f 1591 1590 1592
f 1593 1594 1595
f 1595 1594 1596
f 1597 1598 1599
f 1209 1600 1210
f 1601 1602 1603
f 1604 1605 1606
f 1607 1608 1609
f 1609 1608 1610
f 1611 1612 1613
f 1613 1612 1614
f 1613 1614 1615
f 1615 1614 1616
f 1617 1618 1619
f 1620 1621 1622
f 1623 1624 1625
f 1625 1624 1626
f 1627 1628 1629
f 1629 1628 1630
f 1631 1632 1633
f 1634 1635 1636
f 1634 1636 1637
f 1638 1639 1640
f 1641 1642 1643
f 1644 1645 1646
f 1647 1648 1649
f 1650 1651 1652
f 1650 1652 1653
f 1654 1655 1656
f 1657 1658 1659
f 1660 1661 1662
f 1663 1664 1665
f 1219 1666 1220
f 1667 1668 1669
f 1670 1671 1672
f 1673 1674 1675
f 1676 1677 1678
f 1679 1680 1681
f 1682 1683 1684
f 1685 1686 1687
f 1687 1686 1688
f 1689 1690 1691
f 1691 1690 1692
f 1693 1694 1695
f 1696 1697 1698
f 1699 1700 1701
f 1701 1700 1702
f 1701 1702 1703
f 1703 1702 1704
f 1705 1706 1707
f 1708 1709 1710
f 1711 1712 1713
f 1713 1712 1714
f 1713 1714 1715
f 1715 1714 1716
f 1717 1718 1719
f 1720 1721 1722
f 1723 1724 1725
f 1725 1724 1726
f 1727 1728 1729
f 1730 1731 1732
f 1730 1732 1733
f 1734 1735 1736
f 1710 1709 1737
f 1738 1739 1740
f 1741 1742 1743
f 1744 1745 1746
f 1747 1748 1749
f 1750 1751 1752
f 1753 1754 1755
f 1756 1757 1758
f 1759 1760 1761
f 1762 1763 1764
f 1765 1766 1767
f 1768 1769 1770
f 1771 1772 1773
f 1774 1775 1776
f 1777 1778 1779
f 1780 1781 1782
f 1783 1784 1785
f 1786 1787 1788
f 1789 1790 1791
f 1792 1793 1794
f 1795 1796 1797
f 1798 1799 1800
f 1801 1802 1803
f 1804 1805 1806
f 1807 1808 1809
f 1810 1811 1812
f 1813 1814 1815
f 1816 1817 1818
f 1816 1818 1819
f 1820 1821 1822
f 1823 1824 1825
f 1825 1824 1826
f 1825 1826 1315
f 1315 1826 1316
f 1827 1828 1829
f 1830 1831 1832
f 1833 1834 1835
f 1836 1837 1838
f 1838 1837 1839
f 1838 1839 1840
f 1840 1839 1841
f 1842 1843 1844
f 1844 1843 1845
f 1846 1847 1848
f 1849 1850 1851
f 1852 1853 1854
f 1855 1856 1857
f 1858 1859 1860
f 1861 1862 1863
f 1864 1865 1866
f 1866 1865 1867
f 1868 1869 1870
f 1871 1872 1873
f 1871 1873 1874
f 1874 1873 1875
f 1876 1877 1878
f 1879 1880 1881
f 1879 1881 1882
f 1882 1881 1883
f 1882 1883 1884
f 1885 1886 1887
f 1888 1889 1890
f 1891 1892 1893
f 1894 1895 1896
f 1897 1893 1898
f 1899 1900 1901
f 1902 1903 1904
f 1905 1906 1907
f 1908 1909 1910
f 1911 1912 1913
f 1914 1915 1916
f 1917 1918 1919
f 1920 1921 1922
f 1923 1924 1925
f 1926 1927 1928
f 1929 1930 1931
f 1932 1933 1934
f 1935 1936 1937
f 1938 1939 1940
f 1941 1942 1943
f 1944 1945 1946
f 1947 1948 1949
f 1950 1951 1952
f 1953 1954 1955
f 1956 1957 1958
f 1959 1960 1961
f 1962 1963 1964
f 1965 1966 1967
f 1968 1969 1970
f 1971 1972 1973
f 1974 1975 1976
f 1977 1978 1979
f 1980 1981 1982
f 1983 1984 1985
f 1986 1987 1988
f 1373 1989 1990
f 1991 1992 1993
f 1994 1995 1996
f 1994 1996 1997
f 1998 1999 2000
f 2001 2002 2003
f 2004 2005 2006
f 2007 2008 2009
f 1349 2010 2011
f 2012 2013 2014
f 1345 2015 2016
f 2017 2018 2019
f 2020 2021 2022
f 1339 2023 1337
f 2024 2025 2026
f 2027 2028 2029
f 2030 2031 2032
f 2033 2034 2035
f 1323 2036 2037
f 1323 2037 1321
f 1317 2038 2039
f 1317 2039 1314
f 1313 2040 2041
f 1313 2041 1311
f 2042 2043 2044
f 1307 2045 1305
f 2046 2047 2048
f 2049 2050 2051
f 2052 2053 2054
f 2055 2056 2057
f 2058 2059 2060
f 2061 2062 2063
f 2064 2065 2066
f 2067 2068 2069
f 2069 2068 2070
f 2071 2072 2073
f 2074 2075 2076
f 2077 2078 2079
f 2080 2081 2082
f 2083 2084 2085
f 2086 2087 2088
f 2089 2090 2091
f 2092 2093 2094
f 2092 2094 2095
f 2096 2097 2098
f 2099 2100 2101
f 2102 2103 2104
f 2105 2106 2107
f 2108 2109 2110
f 2111 2112 2113
f 2114 2115 2116
f 2114 2116 2117
f 2118 2119 2120
f 2118 2120 2121
f 2122 2123 2124
f 2122 2124 2125
f 2126 2127 2128
f 2126 2128 2129
f 2130 2131 2132
f 2133 2134 2135
f 2136 2137 2138
f 2139 2140 2141
f 1201 2142 2143
f 2144 2145 2146
f 2147 2148 2149
f 1195 2150 1193
f 2151 2152 2153
f 1189 2154 1187
f 2155 2156 2157
f 2158 2159 2160
f 2161 2162 2163
f 2164 2165 2166
f 2167 2168 2169
f 2170 2171 2172
f 2173 2174 2175
f 2173 2175 2176
f 2177 2178 2179
f 1161 2180 1158
f 2181 2182 2183
f 2184 2185 2186
f 2187 2188 2189
f 2190 2191 2192
f 2193 2194 2195
f 1147 2196 1145
f 2197 2198 2199
f 2200 2201 2202
f 2203 2204 2205
f 1135 2206 1133
f 1129 2207 2208
f 1129 2208 1127
f 1123 2209 2210
f 1123 2210 1121
f 2211 2212 2213
f 1117 2214 1115
f 2215 2216 2217
f 2215 2217 2218
f 2219 2220 2221
f 2222 2223 2224
f 2225 2226 2227
f 2225 2227 2228
f 2229 2230 2231
f 2232 2233 2234
f 2235 2236 2237
f 2238 2239 2240
f 2241 2242 2243
f 2244 2245 2246
f 2247 2248 2249
f 2250 2251 2252
f 2253 2254 2255
f 2256 2257 2258
f 2259 2260 2261
f 2262 2263 2264
f 2265 2266 2267
f 2268 2269 2270
f 2271 2272 2273
f 2274 2275 2276
f 2277 2278 2279
f 2280 2281 2282
f 2283 2284 2285
f 2286 2287 2288
f 2289 2290 2291
f 2292 2293 2294
f 2292 2294 2295
f 2296 2297 2298
f 2299 2300 2301
f 2302 2303 2304
f 2302 2304 2305
f 2306 2307 2308
f 2306 2308 2309
f 2310 2311 2312
f 2313 2314 2315
f 2316 2317 2318
f 2319 2320 2321
f 2322 2323 2324
f 2325 2326 2327
f 2328 2329 2330
f 2331 2332 2333
f 2334 2335 2336
f 2337 2338 2339
f 2340 2341 2342
f 2343 2344 2345
f 2346 2347 2348
f 2349 2350 2351
f 2352 2353 2354
f 2355 2356 2357
f 2358 2359 2360
f 2361 2362 2363
f 2364 2365 2366
f 2367 2368 2369
f 2370 2371 2372
f 2373 2374 2375
f 2376 2377 2378
f 2376 2378 2379
f 2380 2381 2382
f 2383 2384 2385
f 2386 2387 2388
f 2386 2388 2389
f 2390 2391 2392
f 2390 2392 2393
f 2394 2395 2396
f 2397 2398 2399
f 2400 2401 2402
f 2403 2404 2405
f 2406 2407 2408
f 2406 2408 2409
f 2410 2411 2412
f 2413 2414 2415
f 2416 2417 2418
f 2419 2420 2421
f 2422 2423 2424
f 2425 2426 2427
f 2428 2429 2430
f 2431 2432 2433
f 2434 2435 2436
f 2437 2438 2439
f 2440 2441 2442
f 2443 2444 2445
f 2446 2447 2448
f 2449 2450 2451
f 2452 2453 2454
f 2455 2456 2457
f 2458 2459 2460
f 2461 2462 2463
f 2464 2465 2466
f 2467 2468 2469
f 2470 2471 2472
f 2473 2474 2475
f 2476 2477 2478
f 2476 2478 2479
f 2480 2481 2482
f 2480 2482 2483
f 2484 2485 2486
f 2487 2488 2489
f 2490 2491 2492
f 2493 2494 2495
f 2496 2497 2498
f 2499 2500 2501
f 2502 2503 2504
f 2505 2506 2507
f 2508 2509 2510
f 2511 2512 2513
f 2514 2515 2516
f 2517 2518 2519
f 2520 2521 2522
f 2523 2524 2525
f 2526 2527 2528
f 2529 2530 2531
f 2532 2533 2534
f 2535 2536 2537
f 2538 2539 2540
f 2541 2542 2543
f 2544 2545 2546
f 2547 2548 2549
f 2550 2551 2552
f 2553 2554 2555
f 2556 2557 2558
f 2559 2560 2561
f 2562 2563 2564
f 2565 2566 2567
f 2568 2569 2570
f 2571 2572 2573
f 2574 2575 2576
f 2577 2578 2579
f 2580 2581 2582
f 2583 2584 2585
f 2586 2587 2588
f 2589 2590 2591
f 2592 2593 2594
f 2595 2596 2597
f 2598 2599 2600
f 2601 2602 2603
f 2604 2605 2606
f 2607 2608 2609
f 2607 2609 2610
f 2611 2612 2613
f 2614 2615 2616
f 2617 2618 2619
f 2620 2621 2622
f 2623 2624 2625
f 2626 2627 2628
f 2629 2630 2631
f 2632 2633 2634
f 2635 2636 2637
f 2638 2639 2640
f 2641 2642 2643
f 2644 2645 2646
f 2647 2648 2649
f 2650 2651 2652
f 2653 2654 2655
f 2656 2657 2658
f 2659 2660 2661
f 2662 2663 2664
f 2665 2666 2667
f 2668 2669 2670
f 2671 2672 2673
f 2674 2675 2676
f 2677 2678 2679
f 2677 2679 2680
f 2681 2682 2683
f 2681 2683 2684
f 2685 2686 2687
f 2688 2689 2690
f 2691 2692 2693
f 2691 2693 2694
f 2695 2696 2697
f 2695 2697 2698
f 2699 2700 2701
f 2702 2703 2704
f 2705 2706 2707
f 2705 2707 2708
f 2709 2710 2711
f 2712 2713 2714
f 2715 2716 2717
f 2718 2719 2720
f 2721 2722 2723
f 2724 2725 2726
f 2727 2728 2729
f 2730 2731 2732
f 2733 2734 2735
f 2733 2735 2736
f 2737 2738 2739
f 2740 2741 2742
f 2743 2744 2745
f 2746 2747 2748
f 2749 2750 2751
f 2752 2753 2754
f 2755 2756 2757
f 2758 2759 2760
f 2761 2762 2763
f 2761 2763 2764
f 2765 2766 2767
f 2768 2769 2770
f 2771 2772 2773
f 2771 2773 2774
f 2775 2776 2777
f 2775 2777 2778
f 2779 2780 2781
f 2782 2783 2784
f 2785 2786 2787
f 2788 2789 2790
f 2791 2792 2793
f 2794 2795 2796
f 2797 2798 2799
f 2800 2801 2802
f 2803 2804 2805
f 2806 2807 2808
f 2809 2810 2811
f 2812 2813 2814
f 2815 2816 2817
f 2815 2817 2818
f 2819 2820 2538
f 2821 2822 2823
f 2824 2825 2826
f 2827 2828 2829
f 2532 2830 2533
f 2831 2832 2833
f 2834 2835 2836
f 2837 2838 2839
f 2840 2841 2842
f 2843 2844 2845
f 2846 2847 2848
f 2849 2850 2851
f 2852 2853 2854
f 2855 2856 2857
f 2858 2859 2860
f 2861 2862 2863
f 2864 2865 2866
f 2867 2868 2869
f 2870 2871 2872
f 2873 2874 2875
f 2876 2877 2878
f 2879 2880 2881
f 2882 2883 2884
f 2885 2886 2887
f 2885 2887 2888
f 2889 2890 2891
f 2892 2893 2894
f 2895 2896 2897
f 2898 2899 2900
f 2901 2902 2903
f 2904 2905 2906
f 2907 2908 2909
f 2910 2911 2912
f 2913 2914 2915
f 2916 2917 2918
f 2919 2920 2921
f 2922 2923 2924
f 2925 2926 2927
f 2928 2929 2930
f 2931 2932 2933
f 2934 2935 2936
f 2937 2938 2939
f 2940 2941 2942
f 2943 2944 2945
f 2946 2947 2948
f 2949 2950 2951
f 2952 2953 2954
f 2955 2956 2957
f 2958 2959 2960
f 2960 2959 2961
f 2962 2963 2964
f 2965 2966 2967
f 2965 2967 2968
f 2969 2970 2971
f 2972 2973 2974
f 2975 2976 2977
f 2975 2977 2978
f 2979 2980 2981
f 2979 2981 2982
f 2982 2981 2983
f 2982 2983 2984
f 2985 2986 2987
f 2988 2989 2990
f 2991 2992 2993
f 2991 2993 2994
f 2995 2996 2997
f 2998 2999 3000
f 3001 3002 3003
f 3004 3005 3006
f 3007 3008 3009
f 3010 3011 3012
f 3013 3014 3015
f 3016 3017 3018
f 3019 3020 3021
f 3022 3023 3024
f 3025 3026 3027
f 3028 3029 3030
f 3031 3032 3033
f 3034 3035 3036
f 3037 3038 3039
f 3040 3041 3042
f 3043 3044 3045
f 3043 3045 3046
f 3047 3048 3049
f 3047 3049 3050
f 3051 3052 3053
f 3054 3055 3056
f 3057 3058 3059
f 3060 3061 3062
f 3063 3064 3065
f 3063 3065 3066
f 3067 3068 3069
f 3067 3069 3070
f 3071 3072 3073
f 3074 3075 3076
f 3077 3078 3079
f 3080 3081 3082
f 3083 3084 3085
f 3086 3087 3088
f 3089 3090 3091
f 3092 3093 3094
f 3095 3096 3097
f 3095 3097 3098
f 3099 3100 3101
f 3102 3103 3104
f 3105 3106 3107
f 3108 3109 3110
f 3111 3112 3113
f 3114 3115 3116
f 3117 3118 3119
f 3120 3121 3122
f 3123 3124 3125
f 3126 3127 3128
f 3129 3130 3131
f 3132 3133 3134
f 3135 3136 3137
f 3138 3139 3140
f 3141 3142 3143
f 3144 3145 3146
f 3147 3148 3149
f 3150 3151 3152
f 3153 3154 3155
f 3156 3157 3158
f 3159 3160 3161
f 3162 3163 3164
f 3165 3166 3167
f 3168 3169 3170
f 3171 3172 3173
f 3174 3175 3176
f 3177 3178 3179
f 3180 3181 3182
f 3183 3184 3185
f 3186 3187 3188
f 3189 3190 3191
f 3192 3193 3194
f 3195 3196 3197
f 3198 3199 3200
f 3201 3202 3203
f 3204 3205 3206
f 3207 3208 3209
f 3210 3211 3212
f 3213 3214 3215
f 3216 3217 3218
f 3219 3220 3221
f 3222 3223 3224
f 3225 3226 3227
f 3228 3229 3230
f 3231 3232 3233
f 3234 3235 3236
f 3237 3238 3239
f 3240 3241 3242
f 3243 3244 3245
f 3245 3244 3246
f 3247 3248 3249
f 3250 3251 3252
f 3253 3254 3255
f 3256 3257 3258
f 3259 3260 3261
f 3262 3263 3264
f 3265 3266 3267
f 3268 3269 3270
f 3271 3272 3273
f 3274 3275 3276
f 3277 3278 3279
f 3280 3281 3282
f 3283 3284 3285
f 3286 3287 3288
f 3289 3290 3291
f 3292 3293 3294
f 3295 3296 3297
f 3298 3299 3300
f 3301 3302 3303
f 3304 3305 3306
f 3307 3308 3309
f 3310 3311 3312
f 3310 3312 3313
f 3314 3315 3316
f 3317 3318 3319
f 3320 3321 3322
f 3133 3323 3134
f 3324 3325 3326
f 3327 3328 3329
f 3330 3331 3332
f 3333 3334 3335
f 3336 3337 3338
f 3339 3340 3341
f 3342 3343 3344
f 3345 3346 3347
f 3348 3349 3350
f 3351 3352 3353
f 3354 3355 3356
f 3169 3357 3170
f 3358 3359 3360
f 3361 3362 3363
f 3364 3365 3366
f 3181 3367 3182
f 3368 3369 3370
f 3187 3371 3188
f 3372 3373 3374
f 3193 3375 3194
f 3376 3377 3378
f 3379 3380 3381
f 3382 3383 3384
f 3385 3386 3387
f 3388 3389 3390
f 3391 3392 3393
f 3394 3395 3396
f 3397 3398 3399
f 3400 3401 3402
f 3403 3404 3405
f 3406 3407 3408
f 3409 3410 3411
f 3412 3413 3414
f 3415 3416 3417
f 3418 3419 3420
f 3421 3422 3423
f 3424 3425 3426
f 3427 3428 3429
f 3430 3431 3432
f 3433 3434 3435
f 3436 3437 3438
f 3439 3440 3441
f 3373 3442 3374
f 3443 3444 3445
f 3446 3447 3448
f 3449 3450 3451
f 3452 3453 3454
f 3455 3456 3457
f 3458 3459 3460
f 3461 3462 3463
f 3464 3465 3466
f 3467 3468 3469
f 3470 3471 3472
f 3473 3474 3475
f 3476 3477 3478
f 3479 3480 3481
f 3482 3483 3484
f 3485 3486 3487
f 3488 3489 3490
f 3491 3492 3493
f 3494 3495 3496
f 3497 3498 3499
f 3500 3501 3502
f 3503 3504 3505
f 3506 3507 3508
f 3509 3510 3511
f 3512 3513 3514
f 3515 3516 3517
f 3518 3519 3520
f 3521 3522 3523
f 3524 3525 3526
f 3527 3528 3529
f 3530 3531 3532
f 3533 3534 3535
f 3536 3537 3538
f 3480 3539 3481
f 3540 3541 3542
f 3486 3543 3487
f 3544 3545 3546
f 3492 3547 3493
f 3548 3549 3550
f 3498 3551 3499
f 3552 3553 3554
f 3555 3556 3557
f 3558 3559 3560
f 3561 3562 3563
f 3564 3565 3566
f 3567 3568 3569
f 3570 3571 3572
f 3573 3574 3575
f 3576 3577 3578
f 3579 3580 3581
f 3582 3583 3584
f 3585 3586 3587
f 3588 3589 3590
f 3591 3592 3593
f 3594 3595 3596
f 3597 3598 3599
f 3600 3601 3602
f 3602 3603 3600
f 3604 3605 3606
f 3604 3606 3607
f 3608 3609 3610
f 3611 3612 3613
f 3613 3612 3614
f 3615 3616 3617
f 3618 3619 3620
f 3621 3526 3525
f 3622 3623 3624
f 3625 3626 3627
f 3628 3629 3630
f 3631 3632 3633
f 3634 3635 3636
f 3637 3638 3639
f 3640 3641 3642
f 3643 3644 3645
f 3646 3647 3648
f 3649 3650 3651
f 3652 3653 3654
f 3655 3656 3657
f 3658 3659 3660
f 3661 3662 3663
f 3664 3665 3666
f 3667 3668 3669
f 3670 3671 3672
f 3673 3674 3675
f 3676 3677 3678
f 3679 3680 3681
f 3682 3683 3684
f 3685 3686 3687
f 3688 3689 3690
f 3691 3692 3693
f 3694 3695 3696
f 3697 3698 3699
f 3700 3701 3702
f 3703 3704 3705
f 3706 3707 3708
f 3709 3710 3711
f 3712 3713 3714
f 3715 3716 3717
f 3718 3719 3720
f 3721 3722 3723
f 3724 3725 3726
f 3727 3728 3729
f 3730 3731 3732
f 3733 3734 3735
f 3736 3737 3738
f 3739 3740 3741
f 3742 3743 3744
f 3745 3746 3747
f 3748 3749 3750
f 3751 3752 3753
f 3754 3755 3756
f 3757 3758 3759
f 3760 3761 3762
f 3763 3764 3765
f 3766 3767 3768
f 3769 3770 3771
f 3772 3773 3774
f 3775 3776 3777
f 3778 3779 3780
f 3781 3782 3783
f 3784 3785 3786
f 3787 3788 3789
f 3790 3791 3792
f 3793 3794 3795
f 3795 3794 3796
f 3797 3798 3799
f 3800 3801 3802
f 3803 3804 3805
f 3806 3807 3808
f 3809 3810 3811
f 3812 3813 3814
f 3815 3816 3817
f 3818 3819 3820
f 3821 3822 3823
f 3824 3825 3826
f 3827 3828 3829
f 3830 3831 3832
f 3833 3834 3835
f 3836 3837 3838
f 3839 3840 3841
f 3842 3843 3844
f 3845 3846 3847
f 3848 3849 3850
f 3851 3852 3853
f 3854 3855 3856
f 3857 3858 3859
f 3860 3861 3862
f 3863 3864 3865
f 3866 3867 3868
f 3869 3870 3871
f 3872 3873 3874
f 3875 3876 3877
f 3878 3879 3880
f 3881 3882 3883
f 3884 3885 3886
f 3887 3888 3889
f 3890 3891 3892
f 3893 3894 3895
f 3896 3897 3898
f 3899 3900 3901
f 3901 3900 3902
f 3903 3904 3905
f 3906 3907 3908
f 3909 3910 3911
f 3912 3913 3914
f 3915 3916 3917
f 3918 3919 3920
f 3921 3922 3923
f 3924 3925 3926
f 3927 3928 3929
f 3930 3931 3932
f 3933 3934 3935
f 3936 3937 3938
f 3939 3940 3941
f 3942 3943 3944
f 3945 3946 3947
f 3948 3949 3950
f 3951 3952 3953
f 3954 3955 3956
f 3957 3958 3959
f 3960 3961 3962
f 3963 3964 3965
f 3966 3967 3968
f 3969 3970 3971
f 3972 3973 3974
f 3975 3976 3977
f 3978 3979 3980
f 3981 3982 3983
f 3984 3985 3986
f 3987 3988 3989
f 3990 3991 3992
f 3993 3994 3995
f 3996 3997 3998
f 3999 4000 4001
f 4002 4003 4004
f 4005 4006 4007
f 4007 4006 4008
f 4009 4010 4011
f 4012 4013 4014
f 4015 4016 4017
f 4018 4019 4020
f 4021 4022 4023
f 4024 4025 4026
f 4027 4028 4029
f 4030 4031 4032
f 4033 4034 4035
f 4036 4037 4038
f 4039 4040 4041
f 4042 4043 4044
f 4045 4046 4047
f 4048 4049 4050
f 4051 4052 4053
f 4054 4055 4056
f 4057 4058 4059
f 4060 4061 4062
f 4063 4064 4065
f 4066 4067 4068
f 4069 4070 4071
f 4072 4073 4074
f 4075 4076 4077
f 4078 4079 4080
f 4081 4082 4083
f 3986 4084 4085
f 4086 4087 4088
f 4089 4090 4091
f 4092 4093 4094
f 4095 4096 4097
f 4098 4099 4100
f 4101 4102 4103
f 4104 4105 4106
f 4106 4105 4107
f 4108 4109 4110
f 4110 4109 4111
f 4112 4113 4114
f 4115 4116 4117
f 4118 4119 4120
f 4121 4122 4123
f 4124 4125 4126
f 4127 4128 4129
f 4130 4131 4132
f 4132 4131 4133
f 4134 4135 4136
f 4137 4138 4139
f 4140 4141 4142
f 4143 4144 4145
f 4146 4147 4148
f 4149 4150 4151
f 4152 4153 4154
f 4155 4156 4157
f 4158 4159 4160
f 4161 4162 4163
f 4164 4165 4166
f 4167 4168 4169
f 4170 4171 4172
f 4172 4171 4173
f 4174 4175 4176
f 4177 4178 4179
f 4180 4181 4182
f 4183 4184 4185
f 4186 4187 4188
f 4189 4190 4191
f 4192 4193 4194
f 4195 4196 4197
f 4198 4199 4200
f 4200 4199 4201
f 4202 4203 4204
f 4204 4203 4205
f 4206 4207 4208
f 4209 4210 4211
f 4212 4213 4214
f 4215 4216 4217
f 4218 4219 4220
f 4221 4222 4223
f 4224 4225 4226
f 4226 4225 4227
f 4228 4229 4230
f 4231 4232 4233
f 4234 4235 4236
f 4237 4238 4239
f 4240 4241 4242
f 4243 4244 4245
f 4246 4247 4248
f 4248 4247 4249
f 4250 4251 4252
f 4253 4254 4255
f 4256 4257 4258
f 4258 4257 4259
f 4260 4261 4262
f 4263 4264 4265
f 4266 4267 4268
f 4269 4270 4271
f 4272 4273 4274
f 4275 4276 4277
f 4275 4277 4278
f 2981 4279 2983
f 4280 4281 4282
f 4283 4284 4285
f 4286 4287 4288
f 4289 4290 4291
f 4292 4293 4294
f 4295 4296 4297
f 4298 4299 4300
f 4301 4302 4303
f 4304 4305 4306
f 4307 4308 4309
f 4310 4311 4312
f 4312 4311 4313
f 4314 4315 4316
f 4317 4318 4319
f 4320 4321 4322
f 4323 4324 4325
f 4326 4327 4328
f 4328 4327 4329
f 4330 4331 4332
f 4333 4334 4335
f 4336 4337 4338
f 4339 4340 4341
f 4342 4343 4344
f 4344 4343 4345
f 4346 4347 4348
f 4349 4350 4351
f 4352 4353 4354
f 4355 4356 4357
f 4358 4359 4360
f 4361 4362 4363
f 4364 4365 4366
f 4367 4368 4369
f 4370 4371 4372
f 4372 4371 4373
f 4374 4375 4376
f 4377 4378 4379
f 4380 4381 4382
f 4383 4384 4385
f 4386 4387 4388
f 4389 4390 4391
f 4392 4393 4394
f 4394 4393 4395
f 4396 4397 4398
f 4399 4400 4401
f 4402 4403 4404
f 4405 4406 4407
f 4408 4409 4410
f 4411 4412 4413
f 4414 4415 4416
f 4417 4418 4419
f 4420 4421 4422
f 4423 4424 4425
f 4426 4427 4428
f 4429 4430 4431
f 4432 4433 4434
f 4434 4433 4435
f 4436 4437 4438
f 4439 4440 4441
f 4442 4443 4444
f 4445 4446 4447
f 4448 4449 4450
f 4451 4452 4453
f 4454 4455 4456
f 4457 4458 4459
f 4460 4461 4462
f 4463 4464 4465
f 4466 4467 4468
f 2992 4469 2993
f 4470 4471 4472
f 4473 4474 4475
f 4476 4477 4478
f 4479 4480 4481
f 4482 4483 4484
f 4485 4486 4487
f 4488 4489 4490
f 4491 4492 4493
f 4494 4495 4496
f 4497 4498 4499
f 4500 4501 4502
f 4503 4504 4505
f 4506 4507 4508
f 4509 4510 4511
f 4512 4513 4514
f 4515 4516 4517
f 4518 4519 4520
f 4521 4522 4523
f 4524 4525 4526
f 4527 4528 4529
f 4530 4531 4532
f 4533 4534 4535
f 4536 4537 4538
f 4539 4540 4541
f 4542 4543 4544
f 4545 4546 4547
f 4548 4549 4550
f 4551 4552 4553
f 4554 4555 4556
f 4557 4558 4559
f 4560 4561 4562
f 4563 4564 4565
f 4566 4567 4568
f 4568 4567 4569
f 4570 4571 4572
f 4573 4574 4575
f 4576 4577 4578
f 4579 4580 4581
f 4582 4583 4584
f 4585 4586 4587
f 4588 4589 4590
f 4591 4592 4593
f 4594 4595 4596
f 4597 4598 4599
f 4600 4601 4602
f 4603 4604 4605
f 4606 4607 4608
f 4609 4610 4611
f 4612 4613 4614
f 4615 4616 4617
f 4618 4619 4620
f 4621 4622 4623
f 4624 4625 4626
f 4627 4628 4629
f 4630 4631 4632
f 4633 4634 4635
f 4636 4637 4638
f 4639 4640 4641
f 4642 4643 4644
f 4645 4646 4647
f 4648 4649 4650
f 4651 4652 4653
f 4654 4655 4656
f 4657 4658 4659
f 4660 4661 4662
f 4663 4664 4665
f 4666 4667 4668
f 4669 4670 4671
f 4672 4673 4674
f 4674 4673 4675
f 4676 4677 4678
f 4679 4680 4681
f 4682 4683 4684
f 4685 4686 4687
f 4688 4689 4690
f 4691 4692 4693
f 4694 4695 4696
f 4697 4698 4699
f 4700 4701 4702
f 4703 4704 4705
f 4706 4707 4708
f 4709 4710 4711
f 4712 4713 4714
f 4715 4716 4717
f 4718 4719 4720
f 4721 4722 4723
f 4724 4725 4726
f 4727 4728 4729
f 4730 4731 4732
f 4733 4734 4735
f 4736 4737 4738
f 4739 4740 4741
f 4742 4743 4744
f 4745 4746 4747
f 4745 4747 4748
f 4749 4750 4751
f 4752 4753 4754
f 4755 4756 4757
f 4758 4759 4760
f 4761 4762 4763
f 4764 4765 4766
f 3008 4767 3009
f 4768 4769 4770
f 4771 4772 4773
f 4774 4775 4776
f 4777 4778 4779
f 4780 4781 4782
f 4782 4781 4783
f 4784 4785 4786
f 4787 4788 4789
f 4790 4791 4792
f 4793 4794 4795
f 4796 4797 4798
f 4799 4800 4801
f 4802 4803 4804
f 4804 4803 4805
f 4806 4807 4808
f 4809 4810 4811
f 4812 4813 4814
f 4815 4816 4817
f 4818 4819 4820
f 4821 4822 4823
f 4824 4825 4826
f 4827 4828 4829
f 4830 4831 4832
f 4833 4834 4835
f 4836 4837 4838
f 4839 4840 4841
f 4842 4843 4844
f 4845 4846 4847
f 4848 4849 4850
f 4851 4852 4853
f 4854 4855 4856
f 4857 4858 4859
f 4860 4861 4862
f 4863 4864 4865
f 4866 4867 4868
f 4869 4870 4871
f 4872 4873 4874
f 4875 4876 4877
f 4878 4879 4880
f 4881 4882 4883
f 4884 4885 4886
f 4887 4888 4889
f 4890 4891 4892
f 4893 4894 4895
f 4896 4897 4898
f 4899 4900 4901
f 4902 4903 4904
f 4905 4906 4907
f 4908 4909 4910
f 4911 4912 4913
f 4914 4915 4916
f 4917 4918 4919
f 4920 4921 4922
f 4923 4924 4925
f 4926 4927 4928
f 4929 4930 4931
f 4932 4933 4934
f 4935 4936 4937
f 4938 4939 4940
f 4941 4942 4943
f 4944 4945 4946
f 4947 4948 4949
f 4950 4951 4952
f 4953 4954 4955
f 4956 4957 4958
f 4959 4960 4961
f 4962 4963 4964
f 4965 4966 4967
f 4968 4969 4970
f 4971 4972 4973
f 4974 4975 4976
f 4977 4978 4979
f 4980 4981 4982
f 4983 4984 4985
f 4986 4987 4988
f 4989 4990 4991
f 4992 4993 4994
f 4995 4996 4997
f 4998 4999 5000
f 5001 5002 5003
f 5004 5005 5006
f 5007 5008 5009
f 5010 5011 5012
f 3068 5013 3069
f 5014 5015 5016
f 5017 5018 5019
f 5020 5021 5022
f 5023 5024 5025
f 5026 5027 5028
f 5029 5030 5031
f 5032 5033 5034
f 5035 5036 5037
f 5038 5039 5040
f 5041 5042 5043
f 5044 5045 5046
f 5047 5048 5049
f 5050 5051 5052
f 5053 5054 5055
f 5056 5057 5058
f 5059 5060 5061
f 5062 5063 5064
f 5065 5066 5067
f 5068 5069 5070
f 5071 5072 5073
f 5074 5075 5076
f 5077 5078 5079
f 5080 5081 5082
f 5083 5084 5085
f 5086 5087 5088
f 5089 5090 5091
f 5092 5093 5094
f 5095 5096 5097
f 5098 5099 5100
f 5101 5102 5103
f 5104 5105 5106
f 5106 5105 5107
f 5108 5109 5110
f 5111 5112 5113
f 5114 5115 5116
f 5117 5118 5119
f 5120 5121 5122
f 5123 5124 5125
f 5126 5127 5128
f 5129 5130 5131
f 5132 5133 5134
f 5135 5136 5137
f 5138 5139 5140
f 5141 5142 5143
f 5144 5145 5146
f 5147 5148 5149
f 5147 5149 5150
f 5151 5152 5153
f 5154 5155 5156
f 5157 5158 5159
f 5160 5161 5162
f 5163 5164 5165
f 5166 5167 5168
f 5169 5170 5171
f 5172 5173 5174
f 5175 5176 5177
f 5178 5179 5180
f 5181 5182 5183
f 5184 5185 5186
f 5187 5188 5189
f 5190 5191 5192
f 5193 5194 5195
f 5196 5197 5198
f 5199 5200 5201
f 5202 5203 5204
f 5205 5206 5207
f 5208 5209 5210
f 5211 5212 5213
f 5214 5215 5216
f 5217 5218 5219
f 5220 5221 5222
f 5223 5224 5225
f 5226 5227 5228
f 5229 5230 5231
f 5232 5233 5234
f 5235 5236 5237
f 5238 5239 5240
f 5241 5242 5243
f 5244 5245 5246
f 5247 5248 5249
f 5250 5251 5252
f 5253 5254 5255
f 5256 5257 5258
f 5259 5260 5261
f 5262 5263 5264
f 5265 5266 5267
f 5268 5269 5270
f 5271 5272 5273
f 5274 5275 5276
f 5277 5278 5279
f 5280 5281 5282
f 5283 5284 5285
f 5286 5287 5288
f 5289 5290 5291
f 5292 5293 5294
f 5295 5296 5297
f 5298 5299 5300
f 5301 5302 5303
f 5304 5305 5306
f 5307 5308 5309
f 5310 5311 5312
f 5313 5314 5315
f 5316 5317 5318
f 5319 5320 5321
f 5322 5323 5324
f 5325 5326 5327
f 5328 5329 5330
f 5311 5331 5312
f 5332 5333 5334
f 5335 5336 5337
f 5338 5339 5340
f 5341 3091 3090
f 5342 5343 5344
f 5345 5346 5347
f 5333 5348 5334
f 5349 5350 5351
f 5352 5353 5354
f 5355 5356 5357
f 5358 5359 5360
f 5350 5361 5351
f 3110 5362 3108
f 5363 5364 5365
f 5363 5365 5366
f 5367 2811 2810
f 5368 5369 5370
f 5371 5372 5373
f 5371 5373 5374
f 5375 2799 2798
f 5376 5377 5378
f 5379 5380 5381
f 5382 5383 5384
f 5385 2787 2786
f 5386 5387 5388
f 5389 2781 2780
f 5390 5391 5392
f 5393 2777 2776
f 5394 5395 5396
f 5397 2773 2772
f 5398 5399 5400
f 5401 5402 5403
f 5404 5405 5406
f 3050 5407 5408
f 3050 5408 3047
f 3046 2757 2756
f 3046 2756 3043
f 5409 5410 5411
f 5412 5413 5414
f 5415 5416 5417
f 5418 5419 5420
f 5421 2739 2738
f 5421 2738 5422
f 5423 2735 2734
f 5424 5425 5426
f 5427 5428 5429
f 3018 5430 3016
f 5431 5432 5433
f 5434 5435 5436
f 5437 5438 5439
f 5440 5441 5442
f 5443 5444 5445
f 5446 5447 5448
f 5449 2707 2706
f 5450 5451 5452
f 5453 5454 5455
f 5453 5455 5456
f 5457 5458 5459
f 5460 5461 5462
f 5462 5461 5463
f 5462 5463 5464
f 5465 5466 5467
f 5465 5467 5468
f 5469 5470 5471
f 5469 5471 5472
f 5473 5474 5475
f 5476 5477 5478
f 5479 5480 5481
f 5479 5481 5482
f 5483 5484 5485
f 2960 5486 2958
f 5487 5488 5489
f 5490 5491 5492
f 5493 5494 5495
f 5496 5497 5498
f 5499 5500 5501
f 5502 5503 5504
f 5505 5506 5507
f 5508 5509 5510
f 5511 5512 5513
f 5514 5515 5516
f 5517 5518 5519
f 5520 5521 5522
f 5523 2627 5524
f 5525 5526 5527
f 5528 5529 5530
f 2912 5531 2910
f 5532 5533 5534
f 2906 5535 2904
f 2900 2609 2608
f 2900 2608 2898
f 5536 2603 2602
f 2894 5537 2892
f 2888 5538 5539
f 5540 2596 5541
f 5542 5543 5544
f 2884 5545 2882
f 5546 5547 5548
f 5549 5550 5551
f 5552 5553 5554
f 5552 5554 5555
f 5556 5557 5558
f 5559 5560 5561
f 5562 5563 5564
f 5565 5566 5567
f 5568 5569 5570
f 5571 5572 5573
f 5574 5575 5576
f 2848 5577 2846
f 5578 5579 5580
f 5581 5582 5583
f 5584 5585 5586
f 5587 5588 5589
f 1959 1961 5590
f 5590 1961 5591
f 5590 5591 5592
f 5592 5591 5593
f 5594 5595 5596
f 5596 5595 5597
f 1953 1955 5598
f 5599 5600 5601
f 5598 5602 5603
f 5604 5605 5606
f 5607 5608 5609
f 5609 5608 5610
f 5611 5612 5613
f 5614 5615 5616
f 5617 5618 5619
f 5620 5621 5622
f 5623 5624 5625
f 5625 5624 5626
f 5627 5628 5629
f 5629 5628 5630
f 5631 5632 5633
f 5634 5635 5636
f 5633 5637 5638
f 5639 5636 5640
f 5641 5642 5643
f 5644 5645 5646
f 5647 5648 5649
f 5650 5651 5652
f 5649 5653 5654
f 5655 5656 5657
f 5658 5659 5660
f 5660 5659 5661
f 5662 5663 5664
f 5664 5663 5665
f 5664 5665 5666
f 5667 5668 5669
f 5670 5671 1809
f 5672 5673 5674
f 5675 5676 5677
f 5678 5679 5680
f 5678 5680 5681
f 5682 5683 5684
f 5685 5686 5687
f 5688 5689 5690
f 5688 5690 5691
f 5692 5693 5694
f 5695 5696 5697
f 5698 5699 5700
f 5701 5702 5703
f 5704 5705 5706
f 5707 5708 5709
f 5710 5711 5712
f 5713 5714 5715
f 5716 5717 5718
f 5719 5720 5721
f 5722 5723 5724
f 5725 5726 5727
f 5728 5729 5730
f 5728 5730 5731
f 5732 5733 1716
f 5732 1716 1714
f 5734 5735 5736
f 5736 5735 5737
f 5738 5739 5740
f 5741 5742 5743
f 5741 5743 5744
f 5744 5743 5745
f 5746 5747 5748
f 5749 5750 5751
f 5752 5753 5754
f 5754 5753 5755
f 5754 5755 5756
f 5756 5755 5757
f 5756 5757 5758
f 5759 5760 5761
f 5762 5763 5764
f 5764 5763 5765
f 5766 5767 5768
f 5768 5767 5769
f 5768 5769 5770
f 5770 5769 5771
f 5772 5773 1297
f 5774 5775 5776
f 5690 5689 5777
f 5778 5779 5780
f 5781 5782 5783
f 5783 5782 5784
f 5783 5784 5785
f 5785 5784 5786
f 5787 5788 1291
f 5789 5790 5791
f 5792 5793 5794
f 5795 5796 5797
f 5798 5799 5800
f 5801 5802 5803
f 5804 5805 5806
f 5807 5808 5809
f 5810 5811 5812
f 5813 5814 5815
f 5816 5817 5818
f 5819 5820 5821
f 5819 5821 5822
f 5823 5824 5825
f 5826 5827 5828
f 5829 5830 5831
f 5832 5833 5834
f 5835 5836 5837
f 5706 5705 5838
f 5838 5705 5839
f 5840 5841 5842
f 5842 5841 5843
f 5844 5845 5846
f 5847 5848 5849
f 5850 5851 5852
f 5853 5854 5855
f 5856 5857 5858
f 5859 5860 5861
f 5862 5863 5864
f 5865 5866 5867
f 5868 5869 5870
f 5871 5872 5873
f 5874 5875 5876
f 5877 5878 5879
f 5880 5881 5882
f 5883 5884 5885
f 5882 5886 5887
f 5888 5889 5890
f 5891 5892 5893
f 5894 5895 5896
f 5897 5898 5899
f 5900 5901 5902
f 5903 5904 5905
f 5906 5907 5908
f 5906 5908 5909
f 5909 5908 5910
f 5911 5912 5913
f 5914 5915 5916
f 5917 5918 5919
f 5920 5921 5922
f 5923 5924 5925
f 5926 5927 5928
f 5925 5929 5930
f 5931 5905 5932
f 5933 5934 5935
f 5936 5911 5913
f 5937 5938 5939
f 5939 5938 5940
f 5941 5942 5943
f 5943 5942 5944
f 5945 5946 5947
f 5948 5949 5950
f 5951 5952 5953
f 1732 5954 5955
f 5956 5957 5958
f 1245 5959 1246
f 5960 5961 5962
f 5962 5961 5963
f 5964 5965 5966
f 5966 5965 5967
f 5968 5969 5970
f 5970 5969 5971
f 5972 5973 5974
f 5974 5973 5975
f 5976 5977 5978
f 5978 5977 5979
f 5978 5979 5980
f 5980 5979 5981
f 5961 5960 5982
f 5982 5960 5983
f 5984 5985 5986
f 5986 5985 5987
f 5988 5989 5990
f 5991 5992 5993
f 5994 5995 5996
f 5997 5998 5999
f 6000 6001 6002
f 6003 6004 6005
f 6006 6007 6008
f 6009 6010 6011
f 6012 6013 6014
f 6014 6013 6015
f 6016 6017 6018
f 6019 6020 6021
f 6019 6021 6022
f 1571 6023 1569
f 6024 6025 6026
f 6027 6028 6029
f 6030 6031 6032
f 6033 6034 6035
f 6036 6037 6038
f 6039 6040 6041
f 6042 6043 6044
f 6044 6043 6045
f 6046 6047 6048
f 6049 6050 6051
f 6049 6051 6052
f 1203 6053 1204
f 6054 6055 6056
f 6057 6058 6059
f 6060 6061 6062
f 6062 6061 6063
f 6062 6063 6064
f 6065 6066 6067
f 6025 6024 6068
f 6068 6024 6069
f 6070 6071 6072
f 6073 6074 6075
f 6076 6077 6078
f 6078 6077 6079
f 6055 6054 6080
f 6080 6054 6081
f 6082 6083 6084
f 6085 6086 6087
f 6085 6087 6088
f 6089 6090 6091
f 6092 6093 6094
f 6095 6096 6097
f 6095 6097 6098
f 6099 6100 6101
f 6102 6103 6104
f 6105 6106 6107
f 6105 6107 6108
f 6109 6110 6111
f 6112 6113 6114
f 6114 6113 6115
f 6116 6117 6118
f 6118 6117 6119
f 6118 6119 6120
f 1181 6121 1182
f 6122 6123 6124
f 6124 6123 6125
f 6126 6127 6128
f 1498 6129 1496
f 6130 6131 6132
f 6133 6134 6135
f 6133 6135 6136
f 6137 6138 6139
f 6137 6139 1175
f 6140 6141 6142
f 6143 6144 6145
f 6145 6144 6146
f 6147 6148 6149
f 6150 6151 6152
f 6153 6154 6155
f 6153 6155 6156
f 6156 6155 6157
f 6158 6159 1169
f 1169 6159 1170
f 1478 1480 6160
f 6161 6162 6163
f 6161 6163 6164
f 6165 6166 6167
f 6165 6167 6168
f 6168 6167 6169
f 6170 6171 1159
f 1159 6171 1160
f 6144 6143 6172
f 6173 6174 6175
f 6173 6175 6176
f 6176 6175 6177
f 6178 6179 1163
f 1163 6179 1164
f 1472 1474 6180
f 6181 6182 6183
f 6184 6185 6186
f 6187 6188 6189
f 6187 6189 6190
f 6190 6189 6191
f 6190 6191 1155
f 1155 6191 1156
f 6192 6193 6194
f 6195 6196 6197
f 6198 6199 6200
f 6201 6202 6203
f 6204 6205 6206
f 6206 6205 6207
f 6206 6207 6208
f 1149 6209 1150
f 6210 6211 6212
f 6213 6214 6215
f 6216 6217 6218
f 6219 6220 6221
f 6222 6223 6224
f 6224 6223 6225
f 6224 6225 6226
f 6227 6228 6229
f 1419 1421 6230
f 6230 1421 6231
f 6230 6231 6232
f 6233 6234 6235
f 6233 6235 6236
f 6237 6238 6239
f 6240 6241 6242
f 6243 6244 6245
f 6243 6245 6246
f 6246 6245 6247
f 6248 6249 6250
f 6251 6252 6253
f 6254 6255 6256
f 6257 6258 6259
f 6257 6259 6260
f 6260 6259 6261
f 6262 6263 6264
f 6264 6263 6265
f 6266 6267 6268
f 6269 6270 6271
f 6272 6273 6274
f 6275 6276 6277
f 6278 6279 6280
f 1113 6281 1114
f 6282 6283 6284
f 6284 6283 6285
f 6286 6287 6288
f 6289 6290 6291
f 6292 6293 6294
f 6295 6296 6297
f 6298 1380 1382
f 6299 6300 6301
f 6302 6303 6304
f 6305 6306 6307
f 6308 6309 6310
f 6308 6310 6311
f 6312 6313 6314
f 6315 6316 6317
f 6318 6319 6320
f 6321 6322 6323
f 6324 6325 6326
f 6327 6328 6329
f 6330 6331 6332
f 6332 6331 6333
f 6334 6335 6336
f 6337 6338 6339
f 6340 6341 6342
f 6343 6344 1912
f 6345 6346 6337
f 6337 6346 6338
f 6347 6348 6349
f 6349 6348 6298
f 6349 6298 1382
f 1098 1097 6350
f 6350 1097 6351
f 6352 6353 6354
f 6355 6356 6357
f 6357 6356 6358
f 6359 6360 2255
f 6361 6362 6363
f 2000 1999 6364
f 6365 6366 6367
f 6368 6369 6370
f 6371 6372 6373
f 6374 6375 6376
f 6377 6378 6379
f 6380 6381 6382
f 6383 6384 6385
f 6386 6387 6388
f 6389 6390 6391
f 6392 6393 6394
f 6395 6396 6397
f 2032 2031 6398
f 6398 2031 6399
f 6400 6401 6402
f 2301 6403 2299
f 6404 6405 6406
f 6406 6405 6407
f 6408 6409 6410
f 6410 6409 6411
f 6412 6413 6414
f 2315 6415 2313
f 2048 2047 6416
f 6416 2047 6417
f 6418 6419 6420
f 6421 6422 6423
f 6424 6425 6426
f 6427 6428 6429
f 6430 6431 6432
f 6433 6434 2334
f 6435 6436 6437
f 6438 6439 6440
f 6441 6442 6443
f 6444 6445 6446
f 6447 6448 6449
f 6449 6448 6450
f 6451 6452 6453
f 6454 6455 6456
f 6457 6458 6459
f 6460 6461 6462
f 6463 6464 6465
f 6466 6467 6468
f 6469 6470 6471
f 6472 6473 6474
f 6475 6476 6477
f 6477 6476 6478
f 6479 6480 6481
f 6482 6483 6484
f 6485 6486 6487
f 6487 6486 6488
f 6489 6490 6491
f 6492 6493 6494
f 6495 6496 6497
f 6497 6496 6498
f 6499 6500 6501
f 6502 6503 6504
f 6505 6506 6507
f 6508 6509 6510
f 6511 6512 6513
f 2421 6514 2419
f 6515 6516 6517
f 6517 6516 6518
f 6519 6520 6521
f 6522 6523 6524
f 6525 6526 6527
f 2439 6528 2437
f 6529 6530 2445
f 2445 6530 2443
f 6531 6532 6533
f 6534 6535 6536
f 2175 2174 6537
f 2457 6538 2455
f 2179 2178 6539
f 2463 6540 2461
f 2183 2182 6541
f 2469 6542 2467
f 2189 2188 6543
f 2475 6544 2473
f 6545 6546 6547
f 2479 6548 2476
f 6549 6550 6551
f 6552 6553 6554
f 2205 2204 6555
f 6556 6557 6558
f 6559 6560 6561
f 6562 6563 6564
f 6565 6566 6567
f 2501 6568 2499
f 6569 6570 6571
f 6571 6570 6572
f 6573 6574 6575
f 6576 6577 6578
f 2221 2220 6579
f 6580 6581 6582
f 6583 6584 6585
f 6585 6584 6586
f 6587 2528 2527
f 6588 6589 2546
f 2546 6589 2544
f 2252 2251 6590
f 6591 6592 6593
f 6594 6595 2558
f 6596 6597 6598
f 6599 6600 6601
f 6602 6603 6604
f 6605 6606 6607
f 6608 6609 6610
f 6611 6612 6613
f 6614 6615 6616
f 6617 6618 6619
f 6620 6621 6622
f 6623 6624 6625
f 2588 6626 2586
f 2294 2293 6627
f 6628 6629 6630
f 6631 6632 6633
f 6634 6635 6636
f 6637 6638 6639
f 2606 6640 2604
f 6641 6642 2610
f 2610 6642 2607
f 6643 6644 6645
f 6646 6647 6648
f 2318 2317 6649
f 6650 6651 6652
f 2326 6653 6654
f 6655 6656 6657
f 2332 6658 6659
f 6660 6661 6662
f 6663 6664 6665
f 6666 6667 6668
f 6669 6670 6671
f 6672 6673 6674
f 6675 6676 6677
f 6678 6679 6680
f 6681 6682 6683
f 6684 6685 6686
f 6687 6688 6689
f 6690 6691 6692
f 6693 6694 6695
f 6695 6694 6696
f 6697 6698 6699
f 6700 6701 6702
f 6703 6704 2680
f 6705 6706 6707
f 6708 6709 6710
f 6710 6709 6711
f 6712 6713 6714
f 6714 6713 6715
f 6716 6717 6718
f 6719 6720 6721
f 6722 6723 6724
f 6725 6726 6727
f 6728 6729 6730
f 6730 6729 6731
f 6732 6733 6734
f 6735 6736 6737
f 6738 6739 6740
f 6740 6739 6741
f 6742 6743 6744
f 6745 6746 6747
f 6748 6749 6750
f 6751 6752 6753
f 2430 2429 6754
f 2732 6755 2730
f 2436 2435 6756
f 6757 6758 6759
f 2442 2441 6760
f 6760 2441 6761
f 6762 6763 6764
f 2748 6765 2746
f 6766 6767 6768
f 2754 6769 2752
f 6770 6771 6772
f 2760 6773 2758
f 2466 2465 6774
f 6775 6776 6777
f 2472 2471 6778
f 6778 2471 6779
f 6780 6781 6782
f 6783 6784 6785
f 6786 6787 6788
f 6789 6790 6791
f 6792 6793 6794
f 6795 6796 6797
f 2492 2491 6798
f 2790 6799 2788
f 6800 6801 6802
f 6802 6801 6803
f 6804 6805 6806
f 2802 6807 2800
f 6808 6809 6810
f 6810 6809 6811
f 6812 6813 2814
f 2814 6813 2812
f 2522 2521 2818
f 6814 6815 6816
f 6817 6818 6819
f 6819 6818 6820
f 6821 6822 6823
f 6824 6825 6826
f 6827 6828 6829
f 6830 6831 6832
f 6833 6834 6835
f 6836 6837 6838
f 6839 6840 6841
f 6842 6843 6844
f 6845 6846 6847
f 6848 6849 6850
f 6850 6849 6851
f 6852 6853 6854
f 6855 6856 6857
f 6858 6859 6860
f 6861 6862 6863
f 6864 6865 6866
f 6867 6868 6869
f 6870 6871 6872
f 6873 6874 6875
f 6876 6877 6878
f 6879 6880 6881
f 6882 6883 6884
f 6885 6886 6887
f 6888 6889 6890
f 6891 6892 6893
f 6894 6895 6896
f 6897 6898 6899
f 6900 6901 6902
f 6903 6904 6905
f 6906 6907 6908
f 6909 6910 6911
f 6912 6913 6914
f 6915 6916 6917
f 6918 6919 6920
f 6921 6922 6923
f 6924 6925 6926
f 6927 6928 6929
f 6930 6931 6932
f 6933 6934 6935
f 6936 6937 6938
f 6939 6940 6941
f 6942 6943 6944
f 6945 6946 6947
f 6948 6949 6950
f 6951 6952 6953
f 6954 6955 6956
f 6957 6958 6959
f 6960 6961 6962
f 6963 6964 6965
f 6966 6967 6968
f 6969 6970 6971
f 6972 6973 6974
f 6975 6976 6977
f 6978 6979 6980
f 6981 6982 6983
f 6984 6985 6986
f 6987 6988 6989
f 6990 6991 6992
f 6993 6994 6995
f 6996 6997 6998
f 6999 7000 7001
f 7002 7003 7004
f 7005 7006 7007
f 7008 7009 7010
f 7011 7012 7013
f 7014 7015 7016
f 7017 7018 7019
f 7020 7021 7022
f 7023 7024 7025
f 7026 7027 7028
f 7029 7030 7031
f 7032 7033 7034
f 7035 7036 7037
f 7038 7039 7040
f 7041 7042 7043
f 7044 7045 7046
f 7047 7048 7049
f 7050 7051 7052
f 7053 7054 7055
f 7056 7057 7058
f 7059 7060 7061
f 7062 7063 7064
f 7065 7066 7067
f 7068 7069 7070
f 7071 7072 7073
f 7074 7075 7076
f 7077 7078 7079
f 7080 7081 7082
f 7083 7084 7085
f 7086 7087 7088
f 7089 7090 7091
f 7092 7093 7094
f 7095 7096 7097
f 7098 7099 7100
f 7101 7102 7103
f 7104 7105 7106
f 7107 7108 7109
f 7110 7111 7112
f 7113 7114 7115
f 7116 7117 7118
f 7119 7120 7121
f 7122 7123 7124
f 7125 7126 7127
f 7128 7129 7130
f 7131 7132 7133
f 7134 7135 7136
f 7137 7138 7139
f 7140 7141 7142
f 7143 7144 7145
f 7146 7147 7148
f 7149 7150 7151
f 7152 7153 7154
f 7155 7156 7157
f 7158 7159 7160
f 7161 7162 7163
f 7164 7165 7166
f 7167 7168 7169
f 7170 7171 7172
f 7173 7174 7175
f 7176 7177 7178
f 7179 7180 7181
f 7182 7183 7184
f 7185 7186 7187
f 7188 7189 7190
f 7191 7192 7193
f 7194 7195 7196
f 7197 7198 7199
f 7200 7201 7202
f 7203 7204 7205
f 7206 7207 7208
f 7209 7210 7211
f 7211 7210 7212
f 7213 7214 7215
f 7216 7217 7218
f 7219 7220 7221
f 7222 7223 7224
f 7225 7226 7227
f 7228 7229 7230
f 7231 7232 7233
f 7234 7235 7236
f 7237 7238 7239
f 7240 7241 7242
f 7243 7244 7245
f 7245 7244 7246
f 7247 7248 7249
f 7250 7251 7252
f 7253 7254 7255
f 7256 7257 7258
f 7259 7260 7261
f 7261 7260 7262
f 7263 7264 7265
f 7266 7267 7268
f 7269 7270 7271
f 7272 7273 7274
f 7275 7276 7277
f 7278 7279 7280
f 7281 7282 7283
f 7284 7285 7286
f 7286 7285 7287
f 7288 7289 7290
f 7291 7292 7293
f 7294 7295 7296
f 7297 7298 7299
f 7300 7301 7302
f 7303 7304 7305
f 7302 7306 7307
f 7308 7309 7310
f 7311 7312 7313
f 7314 7315 7316
f 7317 7318 7319
f 7320 7321 7322
f 7323 7324 7325
f 7325 7324 7326
f 7327 7328 7329
f 7330 7331 7332
f 7333 7334 7335
f 7336 7337 3183
f 7335 7338 7339
f 2891 2890 7340
f 7340 2890 7341
f 7342 7343 7344
f 7345 7346 7347
f 7345 7347 7348
f 7349 7350 7351
f 7349 7351 7352
f 7352 7351 7353
f 7352 7353 7354
f 7354 7353 7355
f 7354 7355 7356
f 7357 7358 7359
f 7357 7359 7360
f 7361 7362 7363
f 7360 7364 7365
f 7366 7367 7368
f 7366 7368 7369
f 7370 7371 7372
f 7369 7373 7374
f 7374 7373 7375
f 7374 7375 7376
f 7376 7375 7377
f 7378 7379 7380
f 7380 7379 7381
f 7380 7381 7382
f 7382 7381 7383
f 7382 7383 7384
f 7384 7383 3189
f 7385 7386 7387
f 2897 2896 7388
f 7389 7390 7391
f 7392 7393 7394
f 7395 7396 7397
f 7398 7399 7400
f 7401 7397 7402
f 7401 7402 7403
f 7404 7405 7406
f 7404 7406 7407
f 7407 7406 7408
f 7407 7408 7409
f 7409 7408 7410
f 7411 7412 7413
f 7413 7412 7414
f 7415 7416 7417
f 7418 7414 7419
f 7417 7420 7421
f 7421 7420 7422
f 7421 7422 7423
f 7423 7422 7424
f 7423 7424 7425
f 7425 7424 7426
f 7427 7428 7429
f 7429 7428 7430
f 7429 7430 7431
f 7431 7430 7432
f 7431 7432 7433
f 7433 7432 7434
f 7433 7434 7435
f 7435 7434 7436
f 7437 7438 3198
f 2905 7439 7440
f 7441 7442 7443
f 7444 7445 7446
f 7447 7448 7449
f 7450 7451 7452
f 7453 7454 7455
f 7456 7457 7458
f 7459 7460 7461
f 7462 7463 7464
f 7464 7463 7465
f 7464 7465 7466
f 7467 7468 7469
f 7470 7471 7472
f 7473 7469 7474
f 7475 7476 7477
f 7478 7479 7480
f 7477 7481 7482
f 7483 7484 7485
f 7486 7487 7488
f 7489 7485 7490
f 7491 7492 7493
f 7493 7492 7494
f 7495 7496 7497
f 7497 7496 7498
f 7499 7500 7501
f 7502 7503 7504
f 7505 7506 7507
f 7508 7509 7510
f 7507 7511 7512
f 7513 7510 7514
f 7515 7516 3204
f 7517 7518 7519
f 7520 7521 7522
f 7523 7524 7525
f 7526 7527 7528
f 7529 7530 7531
f 7532 7533 7534
f 7535 7536 7537
f 7538 7539 7540
f 7541 7542 7543
f 7544 7545 7546
f 7547 7548 7549
f 7550 7551 7552
f 7553 7554 7555
f 7556 7557 7558
f 7559 7560 7561
f 7562 7563 7564
f 7564 7563 7565
f 7566 7567 7568
f 7569 7570 7571
f 7572 7573 7574
f 7575 7576 7577
f 7578 7579 7580
f 7581 7582 7583
f 7584 7585 7586
f 7587 7588 7589
f 7590 7591 7592
f 7592 7591 7593
f 7594 7595 7596
f 7597 7598 7599
f 7600 7601 7602
f 7603 7604 7605
f 7606 7607 7608
f 7609 7610 7611
f 7612 7613 7614
f 7615 7616 7617
f 7618 7619 7620
f 7621 7622 7623
f 7624 7625 7626
f 7627 7628 7629
f 7630 7631 7632
f 7633 7634 7635
f 7636 7637 7638
f 7639 7640 7641
f 7642 7643 7644
f 7645 7646 7647
f 7648 7649 7650
f 7651 7652 7653
f 7654 7655 7656
f 7657 7658 7659
f 7660 7661 7662
f 7663 7664 7665
f 7666 7667 7668
f 7669 7670 7671
f 7672 7673 7674
f 7675 7676 7677
f 7678 7679 7680
f 7681 7682 7683
f 7684 7685 7686
f 7687 7688 7689
f 7690 7691 7692
f 7693 7694 7695
f 7696 7697 7698
f 7699 7700 7701
f 7702 7703 7704
f 7705 7706 7707
f 7708 7709 7710
f 7711 7712 7713
f 7713 7712 7714
f 7715 7716 7717
f 7718 7719 7720
f 7721 7722 7723
f 7724 7725 7726
f 7727 7728 7729
f 7730 7731 7732
f 7733 7734 7735
f 7736 7737 7738
f 7739 7740 7741
f 7742 7743 7744
f 7745 7746 7747
f 7748 7749 7750
f 7751 7752 7753
f 7754 7755 7756
f 7757 7758 7759
f 7760 7761 7762
f 7763 7764 7765
f 7766 7767 7768
f 7769 7770 7771
f 7772 7773 7774
f 7775 7776 7777
f 7778 7779 7780
f 7781 7782 7783
f 7784 7785 7786
f 7787 7788 7789
f 7790 7791 7792
f 7793 7794 7795
f 7796 7797 7798
f 7799 7800 7801
f 7802 7803 7804
f 7805 7806 7807
f 7808 7809 7810
f 7811 7812 7813
f 7814 7815 7816
f 7817 7818 7819
f 7820 7821 7822
f 7823 7824 7825
f 7826 7827 7828
f 7829 7830 7831
f 7832 7833 7834
f 7835 7836 7837
f 7838 7839 7840
f 7841 7842 7843
f 7844 7845 7846
f 7847 7848 7849
f 7850 7851 7852
f 7853 7854 7855
f 7856 7857 7858
f 7859 7860 7861
f 7862 7863 7864
f 7865 7866 7867
f 7868 7869 7870
f 7871 7872 7873
f 7874 7875 7876
f 7877 7878 7879
f 7880 7881 7882
f 7883 7884 7885
f 7886 7887 7888
f 7889 7890 7891
f 7892 7893 7894
f 7895 7896 7897
f 7898 7899 7900
f 7901 7902 7903
f 7904 7905 7906
f 7907 7908 7909
f 7909 7908 7910
f 7911 7912 7913
f 7913 7912 7914
f 7915 7916 7917
f 7918 7919 7920
f 7921 7922 7923
f 7923 7922 7924
f 7925 7926 7927
f 7928 7929 7930
f 7931 7932 7933
f 7934 7935 7936
f 7937 7938 7939
f 7940 7941 7942
f 7943 7944 7945
f 7945 7944 7946
f 7947 7948 7949
f 7949 7948 7950
f 7951 7952 7953
f 7954 7955 7956
f 7957 7958 7959
f 7959 7958 7960
f 7961 7962 7963
f 7964 7965 7966
f 7967 7968 7969
f 7969 7968 7970
f 7971 7972 7973
f 7974 7975 7976
f 7977 7978 7979
f 7980 7981 7982
f 7983 7984 7985
f 7986 7987 7988
f 3021 3020 7989
f 7990 7991 7992
f 7993 7994 7995
f 7996 7997 7998
f 7999 8000 8001
f 8002 8003 8004
f 8005 8006 8007
f 8008 8009 8010
f 8011 8012 8013
f 8014 8015 8016
f 8017 8018 8019
f 8020 8021 8022
f 8023 8024 8025
f 8026 8027 8028
f 8029 8030 8031
f 8032 8033 8034
f 8035 8036 8037
f 8038 8039 8040
f 8041 8042 8043
f 8043 8042 8044
f 8045 8046 8047
f 8048 8049 8050
f 8051 8052 8053
f 8054 8055 8056
f 8057 8058 8059
f 8060 8061 8062
f 8063 8064 8065
f 8066 8067 8068
f 8069 8070 8071
f 8072 8073 8074
f 8075 8076 8077
f 8078 8079 8080
f 3027 3026 8081
f 8082 8083 8084
f 8085 8086 8087
f 8088 8089 8090
f 8091 8092 8093
f 8094 8095 8096
f 8097 8098 8099
f 8100 8101 8102
f 8103 8104 8105
f 8106 8107 8108
f 8109 8110 8111
f 8112 8113 8114
f 8115 8116 8117
f 8118 8119 8120
f 8121 8122 8123
f 8124 8125 8126
f 8127 8128 8129
f 8130 8131 8132
f 8133 8134 8135
f 8136 8137 8138
f 8139 8140 8141
f 8142 8143 8144
f 8145 8146 8147
f 8147 8146 8148
f 8149 8150 8151
f 8152 8153 8154
f 8155 8156 8157
f 8158 8159 8160
f 8161 8162 8163
f 8164 8165 8166
f 8167 8168 8169
f 8170 8171 8172
f 3033 3032 8173
f 8173 3032 8174
f 8175 8176 8177
f 8178 8179 8180
f 8178 8180 8181
f 8182 8183 8184
f 8185 8186 8187
f 8188 8189 8190
f 8191 8192 8193
f 8194 8195 8196
f 8197 8198 8199
f 8200 8201 8202
f 8203 8204 8205
f 8206 8207 8208
f 8209 8210 8211
f 8211 8210 8212
f 8213 8214 8215
f 8216 8217 8218
f 8219 8220 8221
f 8222 8223 8224
f 8225 8226 8227
f 8228 8229 8230
f 8231 8232 8233
f 8234 8235 8236
f 8237 8238 8239
f 8239 8238 8240
f 8241 8242 8243
f 8244 8245 8246
f 8247 8248 8249
f 8250 8251 8252
f 8253 8254 8255
f 8256 8257 8258
f 8259 8260 8261
f 8262 8263 8264
f 8265 8266 8267
f 8268 8269 8270
f 8268 8270 8271
f 8272 8273 8274
f 8275 8276 8277
f 8278 8279 8280
f 8281 8282 8283
f 8284 8285 8286
f 8287 8288 8289
f 8290 8291 8292
f 8293 8294 8295
f 8295 8294 8296
f 8297 8298 8299
f 8300 8301 8302
f 8303 8304 8305
f 8305 8304 8306
f 8307 8308 8309
f 8310 8311 8312
f 8313 8314 8315
f 8316 8312 8317
f 8318 8319 8320
f 8321 8322 8323
f 8324 8325 8326
f 8327 8328 8329
f 8330 8331 8332
f 8332 8331 8333
f 8334 8335 8336
f 8337 8338 8339
f 8340 8341 8342
f 8343 8344 8345
f 3045 3044 8346
f 8347 8348 8349
f 8347 8349 8350
f 8351 8352 8353
f 8354 8355 8356
f 8357 8358 8359
f 8360 8361 8362
f 8362 8361 8363
f 8362 8363 8364
f 8364 8363 8365
f 8364 8365 8366
f 8367 8368 8369
f 8367 8369 8370
f 8370 8369 8371
f 8370 8371 8372
f 8373 8374 8375
f 8373 8375 8376
f 8376 8375 8377
f 8376 8377 8378
f 8379 8380 8381
f 8379 8381 8382
f 8382 8381 8383
f 8382 8383 8384
f 8384 8383 8385
f 8384 8385 8386
f 8386 8385 8387
f 8388 8389 8390
f 8391 8392 8393
f 8390 8394 8395
f 8395 8394 8396
f 8395 8396 8397
f 8397 8396 8398
f 3049 3048 8399
f 8399 3048 8400
f 8399 8400 8401
f 8402 8403 8404
f 8402 8404 8405
f 8406 8407 8408
f 8406 8408 8409
f 8410 8411 8412
f 8410 8412 8413
f 8413 8412 8414
f 8413 8414 8415
f 8415 8414 8416
f 8417 8418 8419
f 8420 8421 8422
f 8423 8424 8425
f 8425 8424 8426
f 8425 8426 8427
f 8427 8426 8428
f 8427 8428 8429
f 8430 8431 8432
f 8430 8432 8433
f 8433 8432 8434
f 8433 8434 8435
f 8435 8434 8436
f 8435 8436 8437
f 8437 8436 8438
f 8439 8440 8441
f 8441 8440 8442
f 8441 8442 8443
f 8444 8445 8446
f 8443 8447 8448
f 8448 8447 8449
f 8450 8451 8452
f 8453 8454 8455
f 8456 8457 8458
f 8459 8460 8461
f 8459 8461 8462
f 8462 8461 8463
f 8464 8465 8466
f 8467 8468 8469
f 8470 8471 8472
f 8473 8474 8475
f 8476 8477 8478
f 8479 8480 8481
f 8482 8483 8484
f 8485 8481 8486
f 8487 8488 8489
f 8489 8488 8490
f 8491 8492 8493
f 8493 8492 8494
f 8495 8496 8497
f 8498 8499 8500
f 8501 8502 8503
f 8503 8502 8504
f 8505 8506 8507
f 8508 8509 8510
f 8511 8512 8513
f 8514 8515 8516
f 8517 8518 8519
f 8520 8521 8522
f 8523 8524 8525
f 8526 8527 8528
f 8529 8530 8531
f 4904 8532 4902
f 8533 3065 3064
f 3059 3058 8534
f 8535 8536 8537
f 8535 8537 8538
f 8539 8540 8541
f 8542 8543 8544
f 8545 8546 8547
f 8548 8549 8550
f 8551 8552 8553
f 8554 8555 8556
f 8557 8558 8559
f 8560 8561 8562
f 8563 8564 8565
f 8566 8567 8568
f 8569 8570 8571
f 8572 8573 8574
f 8575 8576 8577
f 8578 8579 8580
f 8581 8582 8583
f 8584 8585 8586
f 8587 8588 8589
f 8590 8591 8592
f 8593 8594 8595
f 8596 8597 8598
f 8599 8600 8601
f 8602 8603 8604
f 8604 8603 8605
f 8606 8607 8608
f 8609 8610 8611
f 8612 8613 8614
f 8615 8616 8617
f 8618 8619 8620
f 8620 8619 8621
f 8622 3079 3078
f 8623 8624 8625
f 8626 8627 8628
f 8629 8630 8631
f 8632 8633 8634
f 8635 8636 8637
f 8638 8639 8640
f 8641 8642 8643
f 8644 8645 8646
f 8647 8648 8649
f 8650 8651 8652
f 8653 8654 8655
f 8656 8657 8658
f 8659 8660 8661
f 8662 8663 8664
f 8665 8666 8667
f 8668 8669 8670
f 8671 8672 8673
f 8674 8675 8676
f 8677 8678 8679
f 8680 8681 8682
f 8683 8684 8685
f 8686 8687 8688
f 8689 8690 8691
f 8692 8693 8694
f 8695 8696 8697
f 8698 8699 8700
f 8701 8702 8703
f 8704 8705 8706
f 8707 8708 8709
f 8710 8711 8712
f 8713 8714 8715
f 8716 8717 8718
f 8719 8720 8721
f 8722 8723 8724
f 8725 8726 8727
f 8728 8729 8730
f 8731 8732 8733
f 8734 8735 8736
f 8737 8738 8739
f 8740 8741 8742
f 8743 8744 8745
f 8746 8747 8748
f 8749 8750 8751
f 8752 8753 8754
f 8755 8756 8757
f 8758 8759 8760
f 8761 8762 8763
f 8764 8765 8766
f 8767 8768 8769
f 8770 8771 8772
f 8773 8774 8775
f 8776 8777 8778
f 8779 8780 8781
f 8782 8783 8784
f 8785 8786 8787
f 8788 8789 8790
f 8791 8792 8793
f 8794 8795 8796
f 8796 8795 8797
f 8798 8799 8800
f 8800 8799 8801
f 8802 8803 8804
f 8805 8806 8807
f 8805 8807 8808
f 8809 8810 8811
f 8812 8813 8814
f 8815 8816 8817
f 8818 8819 8820
f 8821 8822 8823
f 8824 8825 8826
f 8827 8828 8829
f 8830 8831 8832
f 8833 8834 8835
f 8836 8837 8838
f 8839 8840 8841
f 8842 8843 8844
f 8845 8846 8847
f 8848 8849 8850
f 8851 8852 8853
f 8854 8855 8856
f 8857 8858 8859
f 8860 8861 8862
f 8863 8864 8865
f 8866 8867 8868
f 8869 8870 8871
f 8872 8873 8874
f 8875 8876 8877
f 8878 8879 8880
f 8881 8882 8883
f 8884 8885 8886
f 8887 8888 8889
f 8889 8888 8890
f 8891 8892 8893
f 8894 8895 8896
f 7909 8897 7907
f 8898 8899 8900
f 8900 8899 8901
f 8902 8903 8904
f 8905 7921 7923
f 8906 8907 8908
f 8909 8910 8911
f 8912 8913 8914
f 8914 8913 8915
f 8916 8917 8918
f 8919 8920 8921
f 8922 8923 8924
f 8925 8926 8927
f 8928 8929 8930
f 8931 8932 8933
f 8934 8935 8936
f 8936 8935 8937
f 8938 8939 8940
f 8940 8939 8941
f 8942 8943 8944
f 8945 8946 8947
f 8948 8949 8950
f 8951 8952 8953
f 8954 8955 8956
f 8957 8958 8959
f 8960 8961 8962
f 8963 8964 8965
f 8966 8967 8968
f 8969 8970 8971
f 8972 8973 8974
f 8975 8976 8977
f 8978 8979 8980
f 8981 8982 8983
f 8984 8985 8986
f 8987 8988 8989
f 8990 8991 8992
f 8993 8994 8995
f 8996 8997 8998
f 8999 9000 9001
f 9002 9003 9004
f 9005 9006 9007
f 9008 9009 9010
f 9011 9012 9013
f 9013 9012 9014
f 9015 9016 9017
f 9018 9019 9020
f 9021 9022 9023
f 9024 9025 9026
f 9027 9028 9029
f 9030 9031 9032
f 9033 9034 9035
f 9035 9034 9036
f 9037 9038 9039
f 9040 9041 9042
f 9043 9044 9045
f 9046 9047 9048
f 9049 9050 9051
f 9051 9050 9052
f 9053 9054 9055
f 9056 9057 9058
f 9059 9060 9061
f 9062 9063 9064
f 9065 9066 9067
f 9068 9069 9070
f 9071 9072 9073
f 9074 9075 9076
f 9077 9078 9079
f 9080 9081 9082
f 9083 9084 9085
f 9086 9087 9088
f 9089 9090 9091
f 9092 9093 9094
f 9095 9096 9097
f 9098 9099 9100
f 9101 9102 9103
f 9104 9105 9106
f 9107 9108 9109
f 9110 9111 9112
f 9113 9114 9115
f 9116 9117 9118
f 9119 9120 9121
f 9122 9123 9124
f 9125 9126 9127
f 9128 9129 9130
f 9131 9132 9133
f 9134 9135 9136
f 9137 9138 9139
f 9140 9141 9142
f 5034 9143 5032
f 9144 9145 9146
f 9147 9148 9149
f 9150 9151 9152
f 9153 9154 9155
f 9156 9157 9158
f 9159 9160 9161
f 9162 9163 9164
f 9165 9166 9167
f 9168 9169 9170
f 9171 9172 9173
f 9174 9175 9176
f 9177 9178 9179
f 9179 9178 9180
f 9181 9182 9183
f 9184 9185 9186
f 9186 9185 9187
f 9188 9189 9190
f 9191 9192 9193
f 9194 9195 9196
f 9197 9198 9199
f 9200 9201 9202
f 9203 9204 9205
f 9206 9207 9208
f 9209 9210 9211
f 9212 9213 9214
f 9215 9191 9193
f 9216 9217 9218
f 9219 9220 9221
f 9219 9221 9222
f 5263 9223 5264
f 9224 9225 9226
f 9227 9228 9229
f 9230 9231 9232
f 9233 9234 9235
f 9236 9237 9238
f 9239 9240 9241
f 9242 9243 9244
f 9245 9246 9247
f 9248 9249 9250
f 9251 9252 9253
f 9254 9255 9256
f 9257 9258 9259
f 9260 9261 9262
f 9263 9264 9265
f 9266 9267 9268
f 9269 9270 9271
f 9272 9273 9274
f 9275 9276 9277
f 3594 3596 9278
f 9279 9280 9281
f 9282 9283 9284
f 9285 9286 9287
f 9288 9289 9290
f 9291 9292 9293
f 9294 9295 9296
f 9297 9298 9299
f 9300 9301 9302
f 9303 9304 9305
f 701 9306 699
f 9307 9308 9309
f 9310 9311 9312
f 9313 9314 9315
f 9316 9317 9318
f 9319 9320 9321
f 9322 9323 9324
f 9324 9323 9325
f 9326 9327 9328
f 9329 9330 9331
f 9332 9333 9334
f 9335 9336 9337
f 9338 9339 9340
f 9341 9342 9343
f 9341 9343 9344
f 9345 9346 9347
f 9345 9347 9348
f 9349 9350 9351
f 9352 9353 9354
f 9355 9356 9357
f 9355 9357 9358
f 9359 9360 9361
f 9362 9363 9364
f 9365 9366 9367
f 9368 9369 9370
f 9371 9372 9373
f 9371 9373 9374
f 9375 9376 9377
f 9378 9379 9380
f 9381 9382 9383
f 9384 9385 9386
f 9386 9385 9387
f 9386 9387 9388
f 9389 9390 9391
f 9389 9391 9392
f 9392 9391 9393
f 9394 9395 9396
f 9397 9398 9399
f 9400 9401 9402
f 9403 9404 9405
f 9406 9407 9408
f 9409 9410 9411
f 9412 9413 9414
f 9415 9416 9417
f 9418 9419 9420
f 9421 9422 9423
f 9424 9425 9426
f 9427 9428 9429
f 9430 9431 9432
f 9432 9431 9433
f 9432 9433 9434
f 9435 9436 9437
f 9438 9439 9440
f 9441 9442 9443
f 9444 9445 9446
f 9446 9445 9447
f 9448 9449 9450
f 9451 9452 9453
f 9454 9455 9456
f 9457 9458 9459
f 9460 9461 9462
f 9463 9464 9465
f 9466 9467 9468
f 9469 9470 9471
f 9472 9473 9474
f 9475 9476 9477
f 9478 9479 9480
f 9481 9482 9483
f 9484 9485 9486
f 9487 9488 9489
f 9490 9491 9492
f 9493 9494 9495
f 9496 9497 9498
f 9499 9500 9501
f 9501 9500 9502
f 9503 9504 9505
f 9506 9507 9508
f 9509 9510 9511
f 9512 9513 9514
f 9515 9516 9517
f 9518 9519 9520
f 9521 9522 9523
f 9524 9525 9526
f 9527 9528 9529
f 9530 9531 9532
f 9533 9534 9535
f 9536 9537 9538
f 9539 9540 9541
f 9541 9540 9542
f 9543 9544 9545
f 9545 9544 9546
f 9545 9546 9547
f 9547 9546 9548
f 9549 9550 9551
f 9551 9550 9552
f 9553 9554 9555
f 9556 9557 9558
f 9559 9560 9561
f 9561 9560 9562
f 9563 9564 9565
f 9354 9566 9352
f 9567 9568 9569
f 9570 9571 9572
f 9573 9574 9575
f 9576 9577 9578
f 9579 9580 9581
f 9581 9580 9582
f 9583 9584 9585
f 9585 9584 9586
f 9585 9586 9587
f 9587 9586 9588
f 9589 9590 9591
f 9591 9590 9592
f 9593 9594 9595
f 9595 9594 9596
f 9597 9598 9599
f 9600 9601 9602
f 9603 9604 9605
f 9606 9607 9608
f 9606 9608 9609
f 9610 9611 9612
f 9613 9614 9615
f 9615 9614 9616
f 9615 9616 9617
f 9617 9616 9618
f 9619 9620 9621
f 9621 9620 9622
f 9623 9624 9625
f 9625 9624 9626
f 9627 9628 9629
f 9630 9631 9632
f 9633 9634 9635
f 9636 9637 9638
f 9639 9640 9641
f 9642 9643 9644
f 9645 9646 9647
f 9647 9646 9648
f 9647 9648 9649
f 9650 9651 9652
f 9650 9652 9653
f 9653 9652 9654
f 9655 9656 9657
f 9658 9659 9660
f 9661 9662 9332
f 9332 9662 9663
f 9664 9665 9666
f 9667 9668 9669
f 9670 9671 9672
f 9672 9671 9673
f 9651 9674 9652
f 9652 9674 9675
f 9652 9675 9654
f 9654 9675 9676
f 9654 9676 9677
f 9677 9676 9678
f 9679 9680 9324
f 9324 9680 9322
f 9681 9682 9683
f 9684 9685 9686
f 9687 9688 9689
f 9689 9688 9690
f 9691 9692 9693
f 9694 9695 9696
f 9675 9697 9676
f 9676 9697 9698
f 9676 9698 9678
f 9699 9700 9701
f 9702 9703 9704
f 9318 9705 9316
f 9706 9707 9708
f 9709 9710 9711
f 9688 9712 9690
f 9690 9712 9713
f 9690 9713 9714
f 9715 9716 9717
f 9715 9717 9718
f 9718 9717 9719
f 9720 9721 9722
f 9723 9724 9725
f 9723 9725 9726
f 9727 9728 9729
f 9730 9731 9732
f 9733 9734 9735
f 9736 9737 9738
f 9739 9740 9741
f 9742 9743 9744
f 9745 9746 9747
f 9748 9749 9750
f 9751 9752 9753
f 9754 9755 9756
f 9757 9758 9759
f 9760 9761 9762
f 9763 9764 9765
f 9766 9767 9768
f 9769 9770 9771
f 9772 9773 9774
f 9775 9776 9777
f 9778 9779 9780
f 9781 9782 9783
f 9784 9785 9786
f 9784 9786 9787
f 9788 9789 9790
f 9791 9792 9793
f 9794 9795 9796
f 9797 9798 9799
f 9800 9801 9802
f 9802 9801 9803
f 9804 9805 9806
f 9806 9805 9807
f 9808 9809 9810
f 9810 9809 9811
f 9812 9813 9814
f 9814 9813 9815
f 9816 9817 9818
f 9818 9817 9819
f 9820 9821 9822
f 9822 9821 9823
f 9824 9825 9826
f 9827 9828 9829
f 9830 9831 9832
f 9833 9834 9835
f 9833 9835 9836
f 9837 9838 9839
f 9837 9839 9840
f 9841 9842 9843
f 9331 9330 9844
f 9845 9846 9847
f 9845 9847 9848
f 9849 9850 9851
f 9849 9851 9852
f 9853 9854 9855
f 9856 9321 9857
f 9856 9857 9858
f 9858 9857 9859
f 9321 9320 9857
f 9860 9861 9862
f 9863 9864 9865
f 9865 9864 9866
f 9867 9868 9869
f 9870 9871 9872
f 9873 9874 9875
f 9876 9877 9878
f 9879 9880 9881
f 9882 9883 9884
f 9885 9886 9887
f 9887 9886 9888
f 9887 9888 9889
f 9889 9888 9890
f 9891 9892 9893
f 9894 9895 9896
f 9897 9898 9899
f 9899 9898 9900
f 9661 9332 9334
f 9338 9340 9901
f 9902 9903 9904
f 9905 9906 9907
f 9907 9906 9908
f 9909 9910 9911
f 9911 9910 9912
f 9911 9912 9913
f 9913 9912 9914
f 9915 9916 9917
f 9918 9919 9920
f 9918 9920 9921
f 9922 9923 9924
f 9925 9926 9729
f 9925 9729 9728
f 9927 9928 9929
f 9930 9931 9932
f 9927 9929 9933
f 9934 9935 9905
f 9936 9937 9938
f 9934 9905 9907
f 9939 9940 9941
f 9941 9940 9719
f 9941 9719 9942
f 9942 9719 9717
f 9942 9717 9943
f 9943 9717 9716
f 9944 9927 9933
f 9945 9946 9947
f 9948 9949 9909
f 9948 9909 9911
f 9950 9951 9952
f 9953 9954 9955
f 9956 9957 9958
f 9959 9945 9947
f 9959 9947 9960
f 9961 9962 9963
f 9964 9965 9966
f 9967 9968 9969
f 9970 9971 9972
f 9973 9974 9975
f 9973 9975 9976
f 9977 9978 9979
f 9977 9979 9980
f 9981 9973 9976
f 9981 9976 9982
f 9983 9984 9985
f 9983 9985 9986
f 9987 9988 9989
f 9989 9988 9990
f 9990 9988 9991
f 9992 9993 9994
f 9995 9996 9997
f 9998 9999 10000
f 10001 10002 10003
f 10004 10005 10006
f 10007 10008 10009
f 10010 10011 10012
f 10012 10011 10013
f 10014 10015 10016
f 10017 10018 10019
f 10020 10021 10022
f 10023 10024 10025
f 10026 10027 10028
f 10028 10029 10026
f 10026 10029 10030
f 10026 10030 10031
f 10031 10030 10032
f 10031 10032 10033
f 10034 10035 10036
f 10037 10038 10039
f 10040 10041 10042
f 10043 10044 10045
f 10046 10047 10048
f 10049 10050 10051
f 10052 10053 10054
f 10035 10055 10056
f 10057 10058 10059
f 10060 10061 10062
f 10063 10064 10065
f 10066 10067 10068
f 10069 10070 10071
f 10072 10073 10074
f 10075 10076 10077
f 10078 10079 10080
f 10081 10082 10083
f 10084 10085 10086
f 10087 10088 10089
f 10090 10091 10092
f 10093 10094 10095
f 10096 10097 10098
f 10099 10100 10101
f 10102 10103 10104
f 10105 10106 10107
f 10108 10109 10110
f 10111 10112 10113
f 10114 10115 10116
f 10117 10118 10119
f 10120 10121 10122
f 10123 10124 10125
f 10126 10127 10128
f 10129 10130 10131
f 10129 10131 10132
f 10133 10134 10135
f 10136 10137 10138
f 10139 10140 10141
f 10142 10143 10144
f 10145 10146 10147
f 10148 10149 10150
f 10151 10152 10153
f 10154 10155 10156
f 10156 10155 10157
f 10158 10159 10160
f 10160 10159 10161
f 10162 10163 10164
f 10165 10166 10167
f 10168 10169 10170
f 10170 10169 10171
f 10172 10173 10174
f 10174 10173 10175
f 10176 10177 10178
f 10179 10180 10181
f 10182 10183 10184
f 10185 10186 10187
f 10188 10189 10190
f 10191 10192 10193
f 10194 10195 10196
f 10197 10198 10199
f 10200 10201 10202
f 10203 10204 10205
f 10206 10207 10208
f 10209 10210 10211
f 10212 10213 10214
f 10215 10216 10217
f 10218 10219 10220
f 10221 10222 10223
f 10224 10225 10226
f 10227 10228 10229
f 10230 10231 10232
f 10232 10231 10233
f 10234 10235 10236
f 10237 10238 10239
f 10240 10241 10242
f 10243 10244 10245
f 10246 10247 10248
f 10248 10247 10249
f 10250 10251 10252
f 10252 10251 10253
f 10254 10255 10256
f 10257 10258 10259
f 10260 10261 10262
f 10262 10261 10263
f 10262 10263 10264
f 10264 10263 10265
f 10264 10265 10266
f 10266 10265 10267
f 10267 10265 10268
f 10267 10268 10269
f 10269 10268 10270
f 10269 10270 10271
f 10271 10270 10272
f 10271 10272 10273
f 10273 10272 10274
f 10273 10274 10275
f 10275 10274 10276
f 10275 10276 10277
f 10277 10276 10278
f 10277 10278 10279
f 10279 10278 10280
f 10279 10280 10281
f 10281 10280 10282
f 10281 10282 10283
f 10283 10282 10284
f 10283 10284 10285
f 10283 10285 10286
f 10286 10285 10287
f 10286 10287 10288
f 10288 10287 10289
f 10288 10289 10290
f 10290 10291 10288
f 10288 10291 10292
f 10292 10291 10293
f 10292 10293 10294
f 10292 10294 10295
f 10295 10294 10296
f 10295 10296 10297
f 10297 10296 10298
f 10297 10298 10299
f 10299 10298 10300
f 10299 10300 10301
f 10301 10300 10302
f 10301 10302 10303
f 10303 10302 10304
f 10303 10304 10305
f 10305 10304 10306
f 10305 10306 10307
f 10307 10306 10308
f 10307 10308 10309
f 10309 10308 10310
f 10309 10310 10311
f 10311 10310 10312
f 10311 10312 10313
f 10313 10312 10314
f 10313 10314 10315
f 10315 10314 10316
f 10315 10316 10317
f 10317 10316 10318
f 10317 10318 10319
f 10319 10318 10320
f 10319 10320 10321
f 10322 10323 10324
f 10325 10326 10327
f 10328 10329 10330
f 10331 10332 10333
f 10331 10333 10334
f 10335 10336 10337
f 10338 10339 10340
f 10341 10342 10343
f 10344 10345 10346
f 10347 10348 10349
f 10350 10351 10352
f 10353 10354 10355
f 10356 10357 10358
f 10359 10360 10361
f 10362 10363 10364
f 10365 10366 10367
f 10368 10369 10370
f 10371 10372 10373
f 10374 10375 10376
f 10377 10378 10379
f 10380 10381 10382
f 10383 10384 10385
f 10386 10387 10388
f 10389 10390 10391
f 10392 10393 10394
f 10395 10396 10397
f 10398 10399 10400
f 10401 10402 10403
f 10404 10405 10406
f 10407 10408 10409
f 10410 10411 10412
f 10413 10414 10415
f 10416 10417 10418
f 10419 10420 10421
f 10419 10421 10422
f 10423 10424 10425
f 10423 10425 10426
f 10427 10428 10429
f 10430 10431 10432
f 10433 10434 10435
f 10436 10437 10438
f 10439 10440 10441
f 10442 10443 10444
f 10445 10446 10447
f 10448 10449 10450
f 10451 10452 10453
f 10454 10455 10456
f 10457 10458 10459
f 10460 10461 10462
f 10463 10464 10465
f 10466 10467 10468
f 10469 10470 10471
f 10472 10473 10474
f 10475 10476 10477
f 10478 10479 10480
f 10481 10482 10483
f 10484 10485 10486
f 10487 10488 10489
f 10490 10491 10492
f 10493 10494 10495
f 10496 10497 10498
f 10499 10500 10501
f 10502 10503 10504
f 10505 10506 10507
f 10508 10509 10510
f 10511 10512 10513
f 10514 10515 10516
f 10517 10518 10519
f 10520 10521 10522
f 10523 10524 10525
f 10526 10527 10528
f 10529 10530 10531
f 10532 10533 10534
f 10535 10536 10537
f 10538 10539 10540
f 10541 10542 10543
f 10544 10545 10546
f 10546 10545 10547
f 10548 10549 10550
f 10551 10552 10553
f 10554 10555 10556
f 10557 10558 10559
f 10560 10561 10562
f 10560 10562 10563
f 10564 10565 10566
f 10567 10568 10569
f 10570 10571 10572
f 10573 10574 10575
f 10576 10577 10578
f 10579 10580 10581
f 10582 10583 10584
f 10585 10586 10587
f 10588 10589 10590
f 10591 10592 10593
f 10594 10595 10596
f 10597 10598 10599
f 10600 10601 10602
f 10602 10601 10603
f 10602 10603 10604
f 10604 10603 10605
f 10604 10605 10606
f 10606 10605 10607
f 10606 10607 10608
f 10608 10607 10609
f 10608 10609 10610
f 10610 10609 10611
f 10610 10611 10612
f 10612 10611 10613
f 10612 10613 10614
f 10614 10613 10615
f 10614 10615 10616
f 10616 10615 10617
f 10616 10617 10618
f 10618 10617 10619
f 10618 10619 10620
f 10620 10619 10621
f 10620 10621 10622
f 10622 10621 10623
f 10622 10623 10624
f 10624 10623 10625
f 10624 10625 10626
f 10624 10626 10627
f 10627 10626 10628
f 10627 10628 10629
f 10629 10628 10630
f 10629 10630 10631
f 10629 10631 10632
f 10632 10631 10633
f 10632 10633 10634
f 10632 10634 10635
f 10635 10634 10636
f 10635 10636 10637
f 10635 10637 10638
f 10638 10637 10639
f 10638 10639 10640
f 10640 10639 10641
f 10640 10641 10642
f 10642 10641 10643
f 10642 10643 10644
f 10644 10643 10645
f 10644 10645 10646
f 10646 10645 10647
f 10646 10647 10648
f 10648 10647 10649
f 10648 10649 10650
f 10650 10649 10651
f 10650 10651 10652
f 10652 10651 10653
f 10652 10653 10654
f 10654 10653 10655
f 10654 10655 10656
f 10656 10655 10657
f 10656 10657 10658
f 10658 10657 10659
f 10658 10659 10660
f 10660 10659 10661
f 10660 10661 10662
f 10663 10664 10665
f 10665 10664 10666
f 10667 10668 10669
f 10669 10668 10670
f 10671 10672 10673
f 10673 10672 10674
f 10675 10676 10677
f 10678 10679 10680
f 10681 10682 10683
f 10681 10683 10684
f 10684 10685 10681
f 10686 10687 10688
f 10688 10687 10689
f 10688 10689 10690
f 10690 10689 10691
f 10690 10691 10692
f 10690 10692 10693
f 10693 10692 10694
f 10693 10694 10695
f 10695 10694 10696
f 10695 10696 10697
f 10695 10697 10698
f 10698 10697 10699
f 10698 10699 10700
f 10700 10699 10701
f 10700 10701 10702
f 10700 10702 10703
f 10703 10702 10704
f 10703 10704 10705
f 10705 10704 10706
f 10705 10706 10707
f 10705 10707 10708
f 10708 10707 10709
f 10708 10709 10710
f 10710 10709 10711
f 10710 10711 10712
f 10710 10712 10713
f 10713 10712 10714
f 10713 10714 10715
f 10715 10714 10716
f 10715 10716 10717
f 10715 10717 10718
f 10718 10717 10719
f 10718 10719 10720
f 10720 10719 10721
f 10720 10721 10722
f 10722 10721 10723
f 10722 10723 10724
f 10722 10724 10725
f 10725 10724 10726
f 10725 10726 10727
f 10727 10726 10728
f 10727 10728 10729
f 10727 10729 10730
f 10730 10729 10731
f 10730 10731 10732
f 10732 10731 10733
f 10732 10733 10734
f 10732 10734 10735
f 10735 10734 10736
f 10735 10736 10737
f 10737 10736 10738
f 10737 10738 10739
f 10737 10739 10740
f 10740 10739 10741
f 10740 10741 10742
f 10742 10741 10743
f 10742 10743 10744
f 10742 10744 10745
f 10745 10744 10746
f 10745 10746 10747
f 10747 10746 10748
f 10747 10748 10749
f 10750 10751 10749
f 10749 10751 10752
f 10749 10752 10747
f 10750 10753 10751
f 10751 10753 10754
f 10751 10754 10755
f 10752 10751 10756
f 10756 10751 10757
f 10756 10757 10758
f 10758 10757 10759
f 10759 10757 10688
f 10759 10688 10760
f 10760 10688 10690
f 10761 10762 10763
f 10763 10762 10764
f 10765 10766 10767
f 10767 10766 10768
f 10769 10770 10771
f 10771 10770 10772
f 10773 10774 10775
f 10775 10774 10776
f 10777 10778 10779
f 10779 10778 10780
f 10781 10782 10783
f 10783 10782 10784
f 10785 10786 10787
f 10787 10786 10788
f 10789 10790 10791
f 10791 10790 10792
f 10793 10794 10795
f 10795 10794 10796
f 10797 10798 10799
f 10799 10798 10800
f 10801 10802 10803
f 10803 10802 10804
f 10805 10806 10807
f 10807 10806 10808
f 10809 10810 10811
f 10811 10810 10812
f 10813 10814 10815
f 10815 10814 10816
f 10817 10818 10819
f 10819 10818 10820
f 10821 10822 10823
f 10823 10822 10824
f 10825 10826 10827
f 10827 10826 10828
f 10829 10830 10831
f 10831 10830 10832
f 10833 10834 10835
f 10835 10834 10836
f 10837 10838 10839
f 10839 10838 10840
f 10841 10842 10843
f 10843 10842 10844
f 10845 10846 10847
f 10847 10846 10848
f 10849 10850 10851
f 10851 10850 10852
f 10853 10854 10855
f 10855 10854 10856
f 10857 10858 10859
f 10859 10858 10860
f 10861 10862 10863
f 10863 10862 10864
f 10865 10866 10867
f 10867 10866 10868
f 10869 10870 10871
f 10871 10870 10872
f 10873 10874 10875
f 10875 10874 10876
f 10877 10878 10879
f 10879 10878 10880
f 10879 10880 10881
f 10881 10882 10879
f 10879 10882 10883
f 10879 10883 10884
f 10884 10885 10879
f 10879 10885 10886
f 10879 10886 10887
f 10887 10888 10879
f 10879 10888 10889
f 10879 10889 10890
f 10890 10889 10891
f 10890 10891 10892
f 10892 10891 10893
f 10892 10893 10894
f 10894 10893 10895
f 10894 10895 10896
f 10896 10895 10897
f 10898 10899 10879
f 10879 10899 10900
f 10879 10900 10901
f 10899 10898 10902
f 10902 10898 10903
f 10902 10903 10904
f 10901 10905 10879
f 10879 10905 10877
f 10906 10907 10908
f 10908 10907 10909
f 10908 10909 10910
f 10910 10909 10911
f 10907 10906 10912
f 10912 10906 10913
f 10912 10913 10914
f 10914 10913 10915
f 10914 10915 10916
f 10916 10915 10917
f 10916 10917 10918
f 10918 10917 10919
f 10918 10919 10920
f 10920 10919 10921
f 10920 10921 10922
f 10922 10921 10923
f 10922 10923 10924
f 10924 10923 10925
f 10924 10925 10926
f 10926 10925 10927
f 10926 10927 10928
f 10928 10927 10929
f 10928 10929 10930
f 10930 10929 10931
f 10930 10931 10932
f 10932 10931 10933
f 10932 10933 10934
f 10934 10933 10935
f 10934 10935 10936
f 10936 10937 10934
f 10934 10937 10938
f 10938 10937 10939
f 10938 10939 10940
f 10938 10940 10941
f 10941 10940 10942
f 10941 10942 10943
f 10943 10942 10944
f 10943 10944 10945
f 10943 10945 10946
f 10946 10945 10947
f 10946 10947 10948
f 10948 10947 10949
f 10948 10949 10950
f 10950 10949 10951
f 10950 10951 10952
f 10952 10951 10953
f 10952 10953 10954
f 10954 10953 10955
f 10954 10955 10956
f 10956 10955 10957
f 10956 10957 10958
f 10958 10957 10959
f 10958 10959 10960
f 10960 10959 10961
f 10960 10961 10962
f 10962 10961 10963
f 10962 10963 10964
f 10964 10963 10965
f 10965 10963 10966
f 10965 10966 10967
f 10968 10969 10970
f 10971 10972 10973
f 10974 10969 10975
f 10976 10977 10978
f 10979 10980 10981
f 10982 10983 10984
f 10985 10986 10987
f 10985 10987 10988
f 10989 10990 10991
f 10992 10993 10994
f 10995 10996 10997
f 10998 10999 11000
f 11001 11002 11003
f 11004 11005 11006
f 11007 11008 11009
f 11010 11011 11012
f 11013 11014 11015
f 11013 11015 11016
f 11017 11018 11019
f 11017 11019 11020
f 11021 11022 11023
f 11024 11025 11026
f 11027 11028 11029
f 11027 11029 11030
f 11031 11032 11033
f 11034 11035 11036
f 11037 11038 11039
f 11037 11039 11040
f 11041 11042 11043
f 11041 11043 11044
f 11045 11046 11047
f 11048 11049 11050
f 11051 11052 11053
f 11054 11055 11056
f 11057 11058 11059
f 11060 11061 11062
f 11063 11064 11065
f 11066 11067 11068
f 11069 11070 11071
f 11069 11071 11072
f 11073 11074 11075
f 11076 11077 11078
f 11079 11080 11081
f 11079 11081 11082
f 11083 11084 11085
f 11086 11087 11088
f 11089 11090 11091
f 11089 11091 11092
f 11093 11094 11095
f 11096 11097 11098
f 11099 11100 11101
f 11102 11103 11104
f 11105 11106 11107
f 11105 11107 11108
f 11109 11110 11111
f 11112 11113 11114
f 11115 11116 11117
f 11117 11116 11118
f 11117 11118 11119
f 11119 11118 11120
f 11120 11118 11121
f 11120 11121 11122
f 11123 11124 11125
f 11125 11124 11126
f 11127 11128 11129
f 11130 11131 11132
f 11129 11133 11134
f 11135 11136 11137
f 11138 11139 11140
f 11141 11142 11143
f 11144 11145 11146
f 11146 11145 11147
f 11148 11149 11150
f 11151 11152 11153
f 11154 11155 11156
f 11157 11158 11159
f 11160 11161 11162
f 11163 11164 11165
f 11166 11167 11168
f 11169 11170 11171
f 11172 11173 11174
f 11174 11173 11175
f 11176 11177 11178
f 11179 11180 11181
f 11182 11183 11184
f 11185 11186 11187
f 11188 11189 11190
f 11190 11189 11191
f 11192 11193 11194
f 11195 11196 11197
f 11198 11199 11200
f 11200 11199 11201
f 11202 11203 11204
f 11204 11203 11205
f 11206 11207 11208
f 11209 11210 11211
f 11212 11213 11214
f 11215 11216 11217
f 11218 11219 11220
f 11220 11219 11221
f 11222 11223 11224
f 11225 11226 11227
f 11228 11229 11230
f 11230 11229 11231
f 11232 11233 11234
f 11235 11236 11237
f 11238 11239 11240
f 11240 11239 11241
f 11242 11243 11244
f 11245 11246 11247
f 11248 11249 11250
f 11251 11252 11253
f 11254 11255 11256
f 11257 11258 11259
f 11260 11261 11262
f 11263 11264 11265
f 11266 11267 11268
f 11269 11270 11271
f 11272 11273 11274
f 11275 11276 11277
f 11278 11279 11280
f 11280 11279 11281
f 11280 11281 11282
f 11282 11281 11283
f 11283 11281 11284
f 11283 11284 11285
f 11286 11287 11288
f 11288 11287 11289
f 11288 11289 11290
f 11290 11289 11291
f 11290 11291 11292
f 11292 11291 11293
f 11292 11293 11294
f 11294 11293 11295
f 11294 11295 11296
f 11296 11295 11297
f 11296 11297 11298
f 11298 11297 11299
f 11298 11299 11300
f 11300 11299 11301
f 11300 11301 11302
f 11302 11301 11303
f 11302 11303 11304
f 11304 11303 11305
f 11304 11305 11306
f 11306 11305 11307
f 11306 11307 11308
f 11308 11307 11309
f 11308 11309 11310
f 11310 11309 11311
f 11310 11311 11312
f 11312 11311 11313
f 11313 11311 11314
f 11313 11314 11315
f 11315 11314 11316
f 11315 11316 11317
f 11317 11316 11318
f 11318 11316 11319
f 11318 11319 11320
f 11320 11319 11321
f 11321 11319 11322
f 11321 11322 11323
f 11323 11322 11324
f 11324 11322 11325
f 11324 11325 11326
f 11326 11325 11327
f 11326 11327 11328
f 11328 11327 11329
f 11328 11329 11330
f 11330 11329 11331
f 11330 11331 11332
f 11332 11331 11333
f 11332 11333 11334
f 11334 11333 11335
f 11334 11335 11336
f 11336 11335 11337
f 11336 11337 11338
f 11338 11337 11339
f 11338 11339 11340
f 11340 11339 11341
f 11340 11341 11342
f 11342 11341 11343
f 11342 11343 11344
f 11344 11343 11345
f 11344 11345 11346
f 11346 11345 11347
f 11346 11347 11348
f 11348 11347 11349
f 11350 11351 11352
f 11352 11351 11353
f 11354 11355 11356
f 11356 11355 11357
f 11356 11357 11358
f 11358 11357 11359
f 11358 11359 11360
f 11361 11362 11363
f 11364 11365 11366
f 11367 11368 11369
f 11370 11371 11372
f 11373 11374 11375
f 11376 11377 11378
f 11379 11380 11381
f 11382 11383 11384
f 11385 11386 11387
f 11388 11389 11390
f 11391 11392 11393
f 11394 11395 11396
f 11397 11398 11399
f 11400 11401 11402
f 11403 11404 11405
f 11406 11407 11408
f 11409 11410 11411
f 11411 11410 11412
f 11413 11414 11415
f 11416 11417 11418
f 11419 11420 11421
f 11422 11423 11424
f 11425 11426 11427
f 11427 11426 11428
f 11429 11430 11431
f 11432 11433 11434
f 11435 11436 11437
f 11437 11436 11438
f 11439 11440 11441
f 11442 11443 11444
f 11445 11446 11447
f 11447 11446 11448
f 11449 11450 11451
f 11451 11450 11452
f 11453 11454 11455
f 11455 11454 11456
f 11457 11458 11459
f 11460 11461 11462
f 11463 11464 11465
f 11466 11467 11468
f 11469 11470 11471
f 11472 11473 11474
f 11475 11476 11477
f 11477 11476 11478
f 11479 11480 11481
f 11482 11483 11484
f 11485 11486 11487
f 11488 11489 11490
f 11491 11492 11493
f 11494 11495 11496
f 11497 11498 11499
f 11500 11501 11502
f 11503 11504 11505
f 11506 11507 11508
f 11509 11510 11511
f 11512 11513 11514
f 11515 11516 11517
f 11517 11516 11518
f 11519 11520 11521
f 11521 11520 11522
f 11522 11520 11523
f 11522 11523 11524
f 11524 11523 11525
f 11524 11525 11526
f 11526 11525 11527
f 11527 11525 11528
f 11527 11528 11529
f 11529 11528 11530
f 11529 11530 11531
f 11531 11530 11532
f 11531 11532 11533
f 11533 11532 11534
f 11533 11534 11535
f 11535 11534 11536
f 11535 11536 11537
f 11537 11536 11538
f 11537 11538 11539
f 11539 11538 11540
f 11539 11540 11541
f 11541 11540 11542
f 11541 11542 11543
f 11541 11543 11544
f 11544 11543 11545
f 11544 11545 11546
f 11546 11545 11547
f 11546 11547 11548
f 11548 11549 11546
f 11546 11549 11550
f 11550 11549 11551
f 11550 11551 11552
f 11550 11552 11553
f 11553 11552 11554
f 11553 11554 11555
f 11555 11554 11556
f 11555 11556 11557
f 11557 11556 11558
f 11557 11558 11559
f 11559 11558 11560
f 11559 11560 11561
f 11561 11560 11562
f 11561 11562 11563
f 11563 11562 11564
f 11563 11564 11565
f 11565 11564 11566
f 11565 11566 11567
f 11567 11566 11568
f 11567 11568 11569
f 11569 11568 11570
f 11569 11570 11571
f 11571 11570 11572
f 11571 11572 11573
f 11573 11572 11574
f 11573 11574 11575
f 11575 11574 11576
f 11575 11576 11577
f 11577 11576 11578
f 11577 11578 11579
f 11580 11581 11582
f 11582 11581 11583
f 11582 11583 11584
f 11584 11583 11585
f 11581 11580 11586
f 11586 11580 11587
f 11586 11587 11588
f 11588 11587 11589
f 11588 11589 11590
f 11590 11589 11591
f 11590 11591 11592
f 11592 11591 11593
f 11592 11593 11594
f 11594 11593 11595
f 11594 11595 11596
f 11596 11595 11597
f 11596 11597 11598
f 11598 11597 11599
f 11598 11599 11600
f 11600 11599 11601
f 11600 11601 11602
f 11602 11601 11603
f 11602 11603 11604
f 11604 11603 11605
f 11604 11605 11606
f 11606 11605 11607
f 11606 11607 11608
f 11606 11608 11609
f 11609 11608 11610
f 11609 11610 11611
f 11609 11611 11612
f 11612 11611 11613
f 11612 11613 11614
f 11612 11614 11615
f 11615 11614 11616
f 11615 11616 11617
f 11617 11616 11618
f 11617 11618 11619
f 11617 11619 11620
f 11620 11619 11621
f 11620 11621 11622
f 11622 11621 11623
f 11622 11623 11624
f 11624 11623 11625
f 11624 11625 11626
f 11626 11625 11627
f 11626 11627 11628
f 11628 11627 11629
f 11628 11629 11630
f 11630 11629 11631
f 11630 11631 11632
f 11632 11631 11633
f 11632 11633 11634
f 11634 11633 11635
f 11634 11635 11636
f 11636 11635 11637
f 11636 11637 11638
f 11638 11637 11639
f 11638 11639 11640
f 11640 11639 11641
f 11640 11641 11642
f 11640 11642 11643
f 11643 11642 11644
f 11643 11644 11645
f 11646 11647 11648
f 11649 11650 11651
f 11652 11653 11654
f 11655 11647 11656
f 11657 11658 11659
f 11660 11661 11662
f 11663 11664 11665
f 11666 11667 11668
f 11669 11670 11671
f 11672 11673 11674
f 11675 11676 11677
f 11678 11679 11680
f 11681 11682 11683
f 11684 11685 11686
f 11687 11688 11689
f 11690 11691 11692
f 11693 11694 11695
f 11696 11697 11698
f 11699 11700 11701
f 11702 11703 11704
f 11705 11706 11707
f 11708 11709 11710
f 11711 11712 11713
f 11714 11715 11716
f 11717 11718 11719
f 11720 11721 11722
f 11720 11722 11723
f 11724 11725 11726
f 11727 11728 11729
f 11730 11731 11732
f 11733 11734 11735
f 11736 11737 11738
f 11739 11740 11741
f 11742 11743 11744
f 11742 11744 11745
f 11746 11747 11748
f 11749 11750 11751
f 11752 11753 11754
f 11752 11754 11755
f 11756 11757 11758
f 11759 11760 11761
f 11762 11763 11764
f 11765 11766 11767
f 11768 11769 11770
f 11771 11772 11773
f 11774 11775 11776
f 11777 11778 11779
f 11780 11781 11782
f 11783 11784 11785
f 11786 11787 11788
f 11789 11790 11791
f 11792 11793 11794
f 11795 11796 11797
f 11798 11799 11800
f 11801 11802 11803
f 11804 11805 11806
f 11804 11806 11807
f 11808 11809 11810
f 11811 11812 11813
f 11814 11815 11816
f 11816 11815 11817
f 11816 11817 11818
f 11819 11820 11814
f 11814 11820 11815
f 11816 11818 11821
f 11821 11818 11822
f 11821 11822 11823
f 11824 11825 11826
f 11826 11825 11827
f 11826 11827 11828
f 11828 11827 11829
f 11825 11824 11830
f 11830 11824 11831
f 11830 11831 11832
f 11832 11831 11833
f 11832 11833 11834
f 11834 11833 11835
f 11834 11835 11836
f 11836 11835 11837
f 11836 11837 11838
f 11838 11837 11839
f 11838 11839 11840
f 11840 11839 11841
f 11840 11841 11842
f 11842 11841 11843
f 11843 11841 11844
f 11843 11844 11845
f 11845 11844 11846
f 11845 11846 11847
f 11847 11846 11848
f 11847 11848 11849
f 11847 11849 11850
f 11850 11849 11851
f 11850 11851 11852
f 11852 11851 11853
f 11852 11853 11854
f 11852 11854 11855
f 11855 11854 11856
f 11855 11856 11857
f 11857 11858 11855
f 11855 11858 11859
f 11859 11858 11860
f 11859 11860 11861
f 11861 11860 11862
f 11861 11862 11863
f 11861 11863 11864
f 11864 11863 11865
f 11864 11865 11866
f 11866 11865 11867
f 11866 11867 11868
f 11868 11867 11869
f 11868 11869 11870
f 11870 11869 11871
f 11870 11871 11872
f 11872 11871 11873
f 11872 11873 11874
f 11874 11873 11875
f 11874 11875 11876
f 11876 11875 11877
f 11876 11877 11878
f 11878 11877 11879
f 11878 11879 11880
f 11880 11879 11881
f 11881 11879 11882
f 11881 11882 11883
f 11883 11882 11884
f 11885 11886 11887
f 11887 11886 11888
f 11889 11890 11891
f 11891 11890 11892
f 11891 11892 11893
f 11894 11895 11896
f 11896 11895 11897
f 11898 11899 11900
f 11901 11902 11903
f 11904 11905 11906
f 11906 11905 11907
f 11908 11909 11910
f 11911 11912 11913
f 11914 11915 11916
f 11917 11918 11919
f 11920 11921 11922
f 11922 11921 11923
f 11924 11925 11926
f 11927 11928 11929
f 11930 11931 11932
f 11932 11931 11933
f 11934 11935 11936
f 11936 11935 11937
f 11938 11939 11940
f 11941 11942 11943
f 11944 11945 11946
f 11947 11948 11949
f 11950 11951 11952
f 11952 11951 11953
f 11954 11955 11956
f 11956 11955 11957
f 11958 11959 11960
f 11961 11962 11963
f 11964 11965 11966
f 11966 11965 11967
f 11968 11969 11970
f 11970 11969 11971
f 11972 11973 11974
f 11975 11976 11977
f 11978 11979 11980
f 11980 11979 11981
f 11982 11983 11984
f 11984 11983 11985
f 11986 11987 11988
f 11989 11990 11991
f 11992 11993 11994
f 11995 11996 11997
f 11998 11999 12000
f 12000 11999 12001
f 12002 12003 12004
f 12004 12003 12005
f 12006 12007 12008
f 12009 12010 12011
f 12012 12013 12014
f 12014 12013 12015
f 12016 12017 12018
f 12019 12020 12021
f 12022 12023 12024
f 12025 12026 12027
f 12028 12029 12030
f 12031 12032 12033
f 12034 12035 12036
f 12037 12038 12039
f 12040 12041 12042
f 12043 12044 12045
f 12046 12047 12048
f 12049 12050 12051
f 12052 12053 12054
f 12055 12056 12057
f 12058 12059 12060
f 12061 12062 12063
f 12064 12065 12066
f 12067 12068 12069
f 12070 12071 12072
f 12073 12074 12075
f 12076 12077 12078
f 12079 12080 12081
f 12082 12083 12084
f 12085 12086 12087
f 12088 12089 12090
f 12088 12090 12091
f 12092 12093 12094
f 12095 12096 12097
f 12098 12099 12100
f 12101 12102 12103
f 12104 12105 12106
f 12107 12108 12109
f 12110 12111 12112
f 12113 12114 12115
f 12116 12117 12118
f 12119 12120 12121
f 12121 12120 12122
f 12123 12124 12125
f 12125 12124 12126
f 12127 12128 12129
f 12129 12128 12130
f 12131 12132 12133
f 12133 12132 12134
f 12135 12136 12137
f 12137 12136 12138
f 12139 12140 12141
f 12141 12140 12142
f 12143 12144 12145
f 12145 12144 12146
f 12147 12148 12149
f 12149 12148 12150
f 12151 12152 12153
f 12153 12152 12154
f 12155 12156 12157
f 12157 12156 12158
f 12159 12160 12161
f 12161 12160 12162
f 12163 12164 12165
f 12165 12164 12166
f 12167 12168 12169
f 12169 12168 12170
f 12171 12172 12173
f 12173 12172 12174
f 12175 12176 12177
f 12177 12176 12178
f 12179 12180 12181
f 12181 12180 12182
f 12183 12184 12185
f 12185 12184 12186
f 12187 12188 12189
f 12189 12188 12190
f 12191 12192 12193
f 12193 12192 12194
f 12195 12196 12197
f 12197 12196 12198
f 12199 12200 12201
f 12201 12200 12202
f 12203 12204 12205
f 12205 12204 12206
f 12207 12208 12209
f 12209 12208 12210
f 12211 12212 12213
f 12213 12212 12214
f 12215 12216 12217
f 12217 12216 12218
f 12219 12220 12221
f 12222 12223 12224
f 12225 12226 12227
f 12228 12229 12230
f 12231 12232 12233
f 12234 12235 12236
f 12237 12238 12239
f 12240 12241 12242
f 12243 12244 12245
f 12245 12244 12246
f 12247 12248 12249
f 12250 12251 12252
f 12253 12254 12255
f 12256 12257 12258
f 12259 12260 12261
f 12262 12263 12264
f 12265 12266 12267
f 12268 12269 12270
f 12271 12272 12273
f 12274 12275 12276
f 12277 12278 12279
f 12280 12281 12282
f 12282 12281 12283
f 12283 12281 12284
f 12284 12281 12285
f 12284 12285 12286
f 12286 12285 12287
f 12288 12289 12290
f 12290 12289 12291
f 12292 12293 12294
f 12294 12293 12295
f 12296 12297 12298
f 12298 12297 12299
f 12300 12301 12302
f 12302 12301 12303
f 12304 12305 12306
f 12306 12305 12307
f 12308 12309 12310
f 12310 12309 12311
f 12312 12313 12314
f 12314 12313 12315
f 12316 12317 12318
f 12318 12317 12319
f 12320 12321 12322
f 12322 12321 12323
f 12324 12325 12326
f 12326 12325 12327
f 12328 12329 12330
f 12330 12329 12331
f 12332 12333 12334
f 12334 12333 12335
f 12336 12337 12338
f 12338 12337 12339
f 12340 12341 12342
f 12342 12341 12343
f 12344 12345 12346
f 12346 12345 12347
f 12348 12349 12350
f 12350 12349 12351
f 12352 12353 12354
f 12354 12353 12355
f 12356 12357 12358
f 12358 12357 12359
f 12360 12361 12362
f 12362 12361 12363
f 12364 12365 12366
f 12366 12365 12367
f 12368 12369 12370
f 12370 12369 12371
f 12372 12373 12374
f 12374 12373 12375
f 12376 12377 12378
f 12378 12377 12379
f 12380 12381 12382
f 12382 12381 12383
f 12384 12385 12386
f 12386 12385 12387
f 12388 12389 12390
f 12390 12389 12391
f 12392 12393 12394
f 12394 12393 12395
f 12396 12397 12398
f 12398 12397 12399
f 12400 12401 12402
f 12402 12401 12403
f 12404 12405 12406
f 12407 12408 12409
f 12410 12411 12412
f 12413 12414 12415
f 12416 12417 12418
f 12419 12420 12421
f 12422 12423 12424
f 12425 12426 12427
f 12428 12429 12430
f 12431 12432 12433
f 12434 12435 12436
f 12437 12438 12439
f 12440 12441 12442
f 12440 12442 12443
f 12444 12445 12446
f 12447 12448 12449
f 12450 12451 12452
f 12453 12454 12455
f 12456 12457 12458
f 12459 12460 12461
f 12462 12463 12464
f 12465 12466 12467
f 12468 12469 12470
f 12471 12472 12473
f 12429 12474 12430
f 12475 12476 12477
f 12478 12479 12480
f 12481 12482 12483
f 12484 12485 12486
f 12487 12488 12489
f 12490 12491 12492
f 12493 12494 12495
f 12496 12497 12498
f 12499 12500 12501
f 12502 12503 12504
f 12505 12506 12507
f 12508 12509 12510
f 12511 12512 12513
f 12514 12515 12516
f 12517 12518 12519
f 12520 12521 12522
f 12523 12524 12525
f 12526 12527 12528
f 12529 12530 12531
f 12532 12533 12534
f 12535 12536 12537
f 12538 12539 12540
f 12541 12542 12543
f 12544 12545 12546
f 12547 12548 12549
f 12550 12551 12552
f 12553 12554 12555
f 12556 12557 12558
f 12559 12560 12561
f 12562 12563 12564
f 12565 12566 12567
f 12568 12569 12570
f 12571 12572 12573
f 12574 12575 12576
f 12577 12578 12579
f 12580 12581 12582
f 12583 12584 12585
f 12586 12587 12588
f 12293 12431 12295
f 12295 12431 12433
f 12297 12437 12299
f 12299 12437 12439
f 12301 12440 12303
f 12303 12440 12443
f 12305 12447 12307
f 12307 12447 12449
f 12309 12453 12311
f 12311 12453 12455
f 12313 12459 12315
f 12315 12459 12461
f 12317 12465 12319
f 12319 12465 12467
f 12321 12475 12323
f 12323 12475 12477
f 12325 12481 12327
f 12327 12481 12483
f 12329 12487 12331
f 12331 12487 12489
f 12333 12493 12335
f 12335 12493 12495
f 12337 12499 12339
f 12339 12499 12501
f 12341 12505 12343
f 12343 12505 12507
f 12345 12511 12347
f 12347 12511 12513
f 12349 12517 12351
f 12351 12517 12519
f 12353 12523 12355
f 12355 12523 12525
f 12357 12529 12359
f 12359 12529 12531
f 12361 12535 12363
f 12363 12535 12537
f 12365 12541 12367
f 12367 12541 12543
f 12369 12547 12371
f 12371 12547 12549
f 12373 12553 12375
f 12375 12553 12555
f 12377 12559 12379
f 12379 12559 12561
f 12381 12565 12383
f 12383 12565 12567
f 12385 12571 12387
f 12387 12571 12573
f 12389 12577 12391
f 12391 12577 12579
f 12393 12583 12395
f 12395 12583 12585
f 12397 12410 12399
f 12399 12410 12412
f 12401 12419 12403
f 12403 12419 12421
f 12289 12425 12291
f 12291 12425 12427
f 9991 9988 12589
f 12590 12591 12592
f 12590 12592 12593
f 12594 12595 12596
f 12596 12595 12597
f 12598 12599 12600
f 12600 12599 12601
f 12602 12603 12604
f 12604 12603 12605
f 12606 12607 12608
f 12608 12607 12609
f 12610 12611 12612
f 12612 12611 12613
f 12614 12615 12616
f 12616 12615 12617
f 12618 12619 12620
f 12620 12619 12621
f 12622 12623 12624
f 12624 12623 12625
f 12626 12627 12628
f 12628 12627 12629
f 12630 12631 12632
f 12632 12631 12633
f 12634 12635 12636
f 12636 12635 12637
f 12638 12639 12640
f 12640 12639 12641
f 12642 12643 12644
f 12644 12643 12645
f 12646 12647 12648
f 12648 12647 12649
f 12650 12651 12652
f 12652 12651 12653
f 12654 12655 12656
f 12656 12655 12657
f 12658 12659 12660
f 12660 12659 12661
f 12662 12663 12664
f 12664 12663 12665
f 12666 12667 12668
f 12668 12667 12669
f 12670 12671 12672
f 12672 12671 12673
f 12674 12675 12676
f 12676 12675 12677
f 12678 12679 12680
f 12680 12679 12681
f 12682 12683 12684
f 12684 12683 12685
f 12686 12687 12688
f 12688 12687 12689
f 12690 12691 12692
f 12692 12691 12693
f 12694 12695 12696
f 12696 12695 12697
f 12698 12699 12700
f 12700 12699 12701
f 12702 12703 12704
f 12704 12703 12705
f 12706 12707 12708
f 12708 12707 12709
f 12590 12593 12710
f 12710 12593 12711
f 12712 11891 11893
f 12713 12714 12715
f 12716 12717 12718
f 12719 12720 12721
f 12722 12723 12724
f 12725 12726 12727
f 12728 12729 12730
f 12731 12732 12733
f 12734 12735 12736
f 12737 12738 12739
f 12740 12741 12742
f 12743 12744 12745
f 12746 12747 12748
f 12749 12750 12751
f 12752 12753 12754
f 12755 12756 12757
f 12758 12759 12760
f 12760 12759 12761
f 12762 12763 12764
f 12765 12766 12767
f 12768 12769 12770
f 12771 12772 12773
f 12774 12775 12776
f 12777 12778 12779
f 12780 12781 12782
f 12783 12784 12785
f 12786 12787 12788
f 12789 12790 12791
f 12791 12790 12792
f 12792 12790 12793
f 12792 12793 12794
f 12795 12796 12797
f 12798 12799 12800
f 12800 12799 12801
f 12800 12801 12802
f 12802 12801 12803
f 12804 12805 12806
f 12806 12805 12807
f 12806 12807 12808
f 12808 12807 12809
f 12810 12811 12812
f 12813 12814 12815
f 12816 12817 12818
f 12819 12820 12821
f 12822 12823 12824
f 12825 12826 12827
f 12828 12829 12830
f 12830 12829 12831
f 12832 12833 12834
f 12835 12836 12837
f 12838 12839 12840
f 12840 12839 12841
f 12842 12843 12844
f 12844 12843 12845
f 12846 12847 12848
f 12848 12847 12849
f 12850 12851 12852
f 12852 12851 12853
f 12854 12855 12856
f 12857 12858 12859
f 12860 12861 12862
f 12862 12861 12863
f 12864 12865 12866
f 12867 12868 12869
f 12870 12871 12872
f 12873 12874 12875
f 12876 12877 12878
f 12879 12880 12881
f 12882 12883 12884
f 12885 12886 12887
f 12888 12889 12890
f 12891 12892 12893
f 12894 12895 12896
f 12897 12898 12899
f 12900 12901 12902
f 12903 12904 12905
f 12906 12907 12908
f 12909 12910 12911
f 12912 12913 12914
f 12914 12913 12915
f 12916 12917 12918
f 12919 12920 12921
f 12922 12923 12924
f 12925 12926 12927
f 12928 12929 12930
f 12931 12932 12933
f 12934 12935 12936
f 12937 12938 12939
f 12939 12938 12940
f 12941 12942 12943
f 12944 12945 12946
f 12947 12948 12949
f 12950 12951 12952
f 12953 12954 12955
f 12955 12954 12956
f 12957 12958 12959
f 12959 12958 12960
f 12766 12961 12767
f 12767 12961 12962
f 12963 12964 12965
f 12966 12967 12968
f 12969 12970 12971
f 12971 12970 12972
f 12973 12974 12975
f 12975 12974 12976
f 12977 12978 12979
f 12980 12981 12982
f 12983 12984 12985
f 12986 12987 12988
f 12989 12990 12991
f 12991 12990 12992
f 12993 12994 12995
f 12996 12997 12998
f 12999 13000 13001
f 12999 13001 13002
f 13003 13004 13005
f 13006 13007 13008
f 13009 13010 13011
f 13012 13013 13014
f 13015 13016 13017
f 13018 13019 13020
f 13021 13022 13023
f 13024 13025 13026
f 13027 13028 13029
f 13030 13031 13032
f 13033 13034 13035
f 13036 13037 13038
f 13039 13040 13041
f 13042 13043 13044
f 13045 13046 13047
f 13048 13049 13050
f 13051 13052 13053
f 13054 13055 13056
f 13057 13058 13059
f 13010 13060 13011
f 13061 13062 13063
f 13016 13064 13017
f 13065 13066 13067
f 13068 13069 13070
f 13071 13072 13073
f 13074 13075 13076
f 13077 13078 13079
f 13080 13081 13082
f 13083 13084 13085
f 13040 13086 13041
f 13087 13088 13089
f 13090 13091 13092
f 13093 13094 13095
f 13052 13096 13053
f 13097 13098 13099
f 13058 13100 13059
f 13101 13102 13103
f 13104 13105 13106
f 13107 13108 13109
f 13110 13111 13112
f 13113 13114 13115
f 13072 13116 13073
f 13117 13118 13119
f 13078 13120 13079
f 13121 13122 13123
f 13124 13125 13126
f 13127 13128 13129
f 13130 13131 13132
f 13133 13134 13135
f 13136 13137 13138
f 13139 13140 13141
f 13142 13143 13144
f 13145 13146 13147
f 13148 13149 13150
f 13151 13152 13153
f 13108 13154 13109
f 13155 13156 13157
f 13114 13158 13115
f 13159 13160 13161
f 13162 13163 13164
f 13165 13166 13167
f 13122 13168 13123
f 13169 13170 13171
f 13172 13173 13174
f 13175 13176 13177
f 13178 13179 13180
f 13181 13182 13183
f 13184 13185 13186
f 13187 13188 13189
f 13190 13191 13192
f 13193 13194 13195
f 13152 13196 13153
f 13197 13198 13199
f 13156 13200 13157
f 13201 13202 13203
f 13204 13205 13206
f 13207 13208 13209
f 13210 13211 13212
f 13213 13214 13215
f 13216 13217 13218
f 13219 13220 13221
f 13222 13223 13224
f 13225 13226 13227
f 13228 13229 13230
f 13231 13232 13233
f 13234 13235 13236
f 13237 13238 13239
f 13240 13241 13242
f 13243 13244 13245
f 13198 13246 13199
f 13247 13248 13249
f 13202 13250 13203
f 13251 13252 13253
f 13254 13255 13256
f 13257 13258 13259
f 13214 13260 13215
f 13261 13262 13263
f 13264 13265 13266
f 13267 13268 13269
f 13270 13271 13272
f 13273 13274 13275
f 13276 13277 13278
f 13279 13280 13281
f 13282 13283 13284
f 13285 13286 13287
f 13288 13289 13290
f 13291 13292 13293
f 13294 13295 13296
f 13297 13298 13299
f 13252 13300 13253
f 13301 13302 13303
f 13258 13304 13259
f 13305 13306 13307
f 13308 13309 13310
f 13311 13312 13313
f 13314 13315 13316
f 13317 13318 13319
f 13320 13321 13322
f 13323 13324 13325
f 13326 13327 13328
f 13329 13330 13331
f 13332 13333 13334
f 13335 13336 13337
f 13338 13339 13340
f 13341 13342 13343
f 13344 13345 13346
f 13347 13348 13349
f 13302 13350 13303
f 13351 13352 13353
f 13354 13355 13356
f 13357 13358 13359
f 13360 13361 13362
f 13363 13364 13365
f 13366 13367 13368
f 13369 13370 13371
f 13372 13373 13374
f 13375 13376 13377
f 13378 13379 13380
f 13381 13382 13383
f 13384 13385 13386
f 13387 13388 13389
f 13390 13391 13392
f 13393 13394 13395
f 13348 13396 13349
f 13397 13398 13399
f 13352 13400 13353
f 13401 13402 13403
f 13404 13405 13406
f 13407 13408 13409
f 13410 13411 13412
f 13413 13414 13415
f 13416 13417 13418
f 13419 13420 13421
f 13422 13423 13424
f 13425 13426 13427
f 13428 13429 13430
f 13431 13432 13433
f 13434 13435 13436
f 13437 13438 13439
f 13440 13441 13442
f 13443 13444 13445
f 13398 13446 13399
f 13447 13448 13449
f 13450 13451 13452
f 13453 13454 13455
f 13456 13457 13458
f 13459 13460 13461
f 13462 13463 13464
f 13465 13466 13467
f 13468 13469 13470
f 13471 13472 13473
f 13474 13475 13476
f 13477 13478 13479
f 13480 13481 13482
f 13483 13484 13485
f 13486 13487 13488
f 13489 13490 13491
f 13492 13493 13494
f 13495 13496 13497
f 13498 13499 13500
f 13501 13502 13503
f 13454 13504 13455
f 13505 13506 13507
f 13508 13509 13510
f 13511 13512 13513
f 13514 13515 13516
f 13517 13518 13519
f 13520 13521 13522
f 13523 13524 13525
f 13526 13527 13528
f 13529 13530 13531
f 13532 13533 13534
f 13535 13536 13537
f 13490 13538 13491
f 13539 13540 13541
f 13542 13543 13544
f 13545 13546 13547
f 13502 13548 13503
f 13549 13550 13551
f 13552 13553 13554
f 13555 13556 13557
f 13558 13559 13560
f 13561 13562 13563
f 13564 13565 13566
f 13567 13568 13569
f 13570 13571 13572
f 13573 13574 13575
f 13576 13577 13578
f 13579 13580 13581
f 13582 13583 13584
f 13585 13586 13587
f 13540 13588 13541
f 13589 13590 13591
f 13592 13593 13594
f 13595 13596 13597
f 13598 13599 13600
f 13601 13602 13603
f 13604 13605 13606
f 13607 13608 13609
f 13610 13611 13612
f 13613 13614 13615
f 13616 13617 13618
f 13619 13620 13621
f 13619 13621 13622
f 13623 13624 13625
f 13626 13627 13628
f 13629 13630 13631
f 13632 13633 13634
f 13635 13636 13637
f 13638 13639 13640
f 13641 13642 13643
f 13644 13645 13646
f 13647 13648 13649
f 13650 13651 13652
f 13653 13654 13655
f 13656 13657 13658
f 13659 13660 13661
f 13662 13663 13664
f 13665 13666 13667
f 13668 13669 13670
f 13671 13672 13673
f 13674 13675 13676
f 13677 13678 13679
f 13680 13681 13682
f 13683 13684 13685
f 13686 13687 13688
f 13689 13690 13691
f 13692 13693 13694
f 13695 13696 13697
f 13698 13699 13700
f 13701 13702 13703
f 13704 13705 13706
f 13707 13708 13709
f 13590 13710 13591
f 13711 13712 13614
f 13713 13714 13715
f 13672 13716 13673
f 13717 13718 13719
f 13720 13721 13722
f 13723 13724 13725
f 13726 13727 13728
f 13729 13730 13731
f 13732 13733 13734
f 13735 13736 13737
f 13738 13739 13740
f 13741 13742 13743
f 13744 13745 13746
f 13747 13748 13749
f 13708 13750 13709
f 13751 13752 13753
f 13712 13615 13614
f 13754 13755 13756
f 13757 13758 13759
f 13760 13761 13762
f 13763 13764 13765
f 13766 13767 13768
f 13769 13770 13771
f 13772 13773 13774
f 13775 13776 13777
f 13778 13779 13780
f 13781 13782 13783
f 13784 13785 13786
f 13787 13788 13789
f 13752 13790 13753
f 13758 13791 13759
f 13792 13793 13794
f 13795 13796 13797
f 13798 13799 13800
f 13801 13802 13803
f 13804 13805 13806
f 13807 13808 13809
f 13810 13811 13812
f 13813 13814 13815
f 13816 13817 13818
f 13788 13819 13789
f 13820 13821 13822
f 13823 13824 13825
f 13826 13827 13828
f 13829 13830 13831
f 13832 13833 13834
f 13835 13836 13837
f 13838 13839 13840
f 13841 13842 13843
f 13844 13845 13846
f 13847 13848 13849
f 13850 13851 13852
f 13853 13854 13855
f 13856 13857 13858
f 13859 13860 13861
f 13862 13863 13864
f 13865 13866 13867
f 13868 13869 13870
f 13871 13872 13873
f 13874 13875 13876
f 13877 13878 13879
f 13863 13880 13864
f 13872 13881 13873
f 13882 13883 13884
f 13878 13885 13879
f 13886 13887 13888
f 13889 13890 13891
f 13892 13893 13894
f 13895 13896 13897
f 13893 13898 13894
f 13894 13898 13899
f 13899 13898 13900
f 13901 13902 13903
f 13904 13905 13906
f 13904 13906 13907
f 13907 13906 13908
f 13907 13908 13909
f 13910 13911 13912
f 13910 13912 13913
f 13913 13912 13914
f 13913 13914 13915
f 13916 13917 13918
f 13917 13919 13918
f 13920 13921 13922
f 13919 13923 13924
f 13925 13926 13927
f 13926 13928 13927
f 13927 13928 13929
f 13928 13930 13929
f 13931 13932 13933
f 13932 13934 13933
f 13933 13934 13935
f 13936 13937 13938
f 13938 13937 13939
f 13939 13937 13940
f 13940 13937 13941
f 13942 13943 13944
f 13944 13943 13945
f 13944 13945 13946
f 13947 13948 13949
f 13947 13949 13950
f 13950 13949 13951
f 13950 13951 13952
f 13953 13954 13955
f 13956 13957 13958
f 12812 13955 12810
f 13959 13960 13961
f 13962 13963 13964
f 13965 13966 13967
f 13968 13969 13970
f 13970 13969 13971
f 13972 13973 13974
f 13975 13976 13977
f 13978 13979 13980
f 13980 13979 13981
f 13982 13983 13984
f 13985 13986 13987
f 13988 13989 13990
f 13991 13992 13993
f 13994 13995 13996
f 13997 13998 13999
f 14000 14001 14002
f 14003 14004 14005
f 14006 14007 14008
f 14009 14010 14011
f 14012 14013 14014
f 14015 14016 14017
f 14018 14019 14020
f 14021 14022 14023
f 14024 14025 14026
f 14027 14028 14029
f 14030 14031 14032
f 14033 14034 14035
f 14036 14037 14038
f 14039 14040 14041
f 14042 14043 14044
f 14045 14046 14047
f 14048 14049 14050
f 14051 14052 14053
f 14054 14055 14056
f 14057 14058 14059
f 14060 14061 14062
f 14063 14064 14065
f 14066 14067 14068
f 14069 14070 14071
f 14072 14073 14074
f 14075 14076 14077
f 14078 14079 14080
f 14081 14082 14083
f 14084 14085 14086
f 14087 14088 14089
f 14090 14091 14092
f 14093 14094 14095
f 14096 14097 14098
f 14099 14100 14101
f 14102 14103 14104
f 14105 14106 14107
f 14108 14109 14110
f 14111 14112 14113
f 14114 14115 14116
f 14117 14118 14119
f 14120 14121 14122
f 14123 14124 14125
f 14126 14127 14128
f 14129 14130 14131
f 14132 14133 14134
f 14135 14136 14137
f 14138 14139 14140
f 14141 14142 14143
f 14144 14145 14146
f 14147 14148 14149
f 14150 14151 14152
f 14153 14154 14155
f 14156 14157 14158
f 14159 14160 14161
f 14162 14163 14164
f 14165 14166 14167
f 14168 14169 14170
f 14171 14172 14173
f 14174 14175 14176
f 14177 14178 14179
f 14180 14181 14182
f 14183 14184 14185
f 14186 14187 14188
f 14189 14190 14191
f 14191 14190 14192
f 14193 14194 14195
f 14195 14194 14196
f 14197 14198 14199
f 14200 14201 14202
f 14203 14204 14205
f 14206 14207 14208
f 14209 14210 14211
f 14212 14213 14214
f 14215 14216 14217
f 14218 14219 14220
f 14221 14222 14223
f 14224 14225 14226
f 14227 14228 14229
f 14230 14231 14232
f 14233 14234 14235
f 14236 14237 14238
f 14239 14240 14241
f 14242 14243 14244
f 14245 14246 14247
f 14248 14249 14250
f 14250 14249 14251
f 14252 14253 14254
f 14254 14253 14255
f 14256 14257 14258
f 14258 14257 14259
f 14260 14261 14262
f 14263 14264 14265
f 14266 14267 14268
f 14269 14270 14271
f 14272 14273 14274
f 14275 14276 14277
f 14278 14279 14280
f 14281 14282 14283
f 14284 14285 14286
f 14287 14288 14289
f 14290 14291 14292
f 14293 14294 14295
f 14296 14297 14298
f 14299 14300 14301
f 14302 14303 14304
f 14305 14306 14307
f 14308 14309 14310
f 14311 14312 14313
f 14314 14315 14316
f 14317 14318 14319
f 14320 14321 14322
f 14323 14324 14325
f 14326 14327 14328
f 14329 14330 14331
f 14332 14333 14334
f 14334 14333 14335
f 14336 14337 14338
f 14339 14340 14341
f 14342 14343 14344
f 14345 14346 14347
f 14348 14349 14350
f 14351 14352 14353
f 14354 14355 14356
f 14357 14358 14359
f 14360 14361 14362
f 14363 14364 14365
f 14366 14367 14368
f 14369 14370 14371
f 14372 14373 14374
f 14375 14376 14377
f 14378 14379 14380
f 14381 14382 14383
f 14384 13036 13038
f 14385 14386 14387
f 14388 14311 14313
f 14389 14390 14391
f 14392 14393 14394
f 14395 14396 14397
f 14398 14399 14400
f 14401 14402 14403
f 14404 14405 14406
f 14407 14408 14409
f 14410 14411 14412
f 14413 14414 14415
f 14416 14417 14418
f 14419 14420 14421
f 14422 14423 14424
f 14425 14426 14427
f 14428 14429 14430
f 14431 14432 14433
f 14434 14435 14436
f 14437 14438 14439
f 14440 14441 14442
f 14443 14444 14445
f 14446 14447 14448
f 14449 14450 14451
f 14452 14453 14454
f 14454 14453 14455
f 14456 13042 13044
f 14457 14458 14459
f 14460 14461 14462
f 14463 14464 14465
f 14466 14467 14468
f 14469 14470 14471
f 14472 14473 14474
f 14475 14476 14477
f 14478 14479 14480
f 14481 14482 14483
f 14484 14485 14486
f 14484 14486 14487
f 14488 14489 14490
f 14491 14492 14493
f 14494 14495 14496
f 14494 14496 14497
f 14498 14499 14500
f 14498 14500 14501
f 14502 14503 14504
f 14505 14506 14507
f 14508 14509 14510
f 14508 14510 14511
f 14512 14513 14514
f 14515 14516 14517
f 14518 14519 14520
f 14521 14522 14523
f 14524 14525 14526
f 14527 14528 14529
f 14530 14531 14532
f 14533 14534 14535
f 14536 14537 14538
f 14539 14540 14541
f 14542 14543 14544
f 14545 14546 14547
f 14548 14549 14550
f 14551 14552 14553
f 14554 14555 14556
f 14557 14558 14559
f 14560 14561 14562
f 14563 14564 14565
f 14566 14567 14568
f 14569 14570 14571
f 14572 14573 14574
f 14575 14576 14577
f 14578 14579 14580
f 14581 14582 14583
f 14584 14585 14586
f 14587 14588 14589
f 14510 14509 14590
f 14590 14509 14591
f 14592 14593 14594
f 14595 14596 14597
f 14595 14597 14598
f 14598 14597 14599
f 14598 14599 14600
f 14601 14602 14603
f 14601 14603 14604
f 14604 14603 14605
f 14604 14605 14606
f 14607 14608 14609
f 14610 14611 14612
f 14613 14614 14615
f 14616 14617 14618
f 14619 14620 14621
f 14622 14623 14624
f 14625 14626 14627
f 14628 14629 14630
f 14631 14632 14633
f 14634 14635 14636
f 14637 14638 14639
f 14640 14641 14642
f 14643 14644 14645
f 14646 14647 14648
f 14649 14650 14651
f 14652 14653 14654
f 14655 14656 14657
f 14658 14659 14660
f 14661 14662 14663
f 14664 14665 14666
f 14667 14668 14669
f 14670 14671 14672
f 14673 14674 14675
f 14675 14674 14676
f 14677 14678 14679
f 14680 14681 14682
f 14683 14684 14685
f 14686 14687 14688
f 14689 14690 14691
f 14692 14693 14694
f 14695 14696 14697
f 14698 14699 14700
f 14701 14702 14703
f 14704 14705 14706
f 14707 14708 14709
f 14710 14711 14712
f 14713 14714 14715
f 14716 14717 14718
f 14719 14720 14721
f 14722 14723 14724
f 14725 14726 14727
f 14728 14729 14730
f 14731 14732 14733
f 14734 14735 14736
f 14737 14738 14739
f 14740 14741 14742
f 14743 14744 14745
f 14746 14747 14748
f 14749 14750 14751
f 14752 14753 14754
f 14755 14756 14757
f 14758 14759 14760
f 14761 14762 14763
f 14764 14765 14766
f 14767 14768 14769
f 14770 14771 14772
f 14773 14774 14775
f 14776 14777 14778
f 14779 14780 14781
f 14782 14783 14784
f 14785 14786 14787
f 14787 14786 14788
f 14788 14786 14789
f 14788 14789 14790
f 14791 14792 14793
f 14794 14795 14796
f 14796 14795 14797
f 14796 14797 14798
f 14798 14797 14799
f 14800 14801 14802
f 14802 14801 14803
f 14802 14803 14804
f 14804 14803 14805
f 14806 14807 14808
f 14809 14810 14811
f 14812 14813 14814
f 14815 14816 14817
f 14818 14819 14820
f 14821 14822 14823
f 14824 14825 14826
f 14826 14825 14827
f 14828 14829 14830
f 14831 14832 14833
f 14834 14835 14836
f 14836 14835 14837
f 14838 14839 14840
f 14840 14839 14841
f 14842 14843 14844
f 14844 14843 14845
f 14846 14847 14848
f 14848 14847 14849
f 14850 14851 14852
f 14852 14851 14853
f 14854 14855 14856
f 14856 14855 14857
f 14858 14859 14860
f 14861 14862 14863
f 14864 14865 14866
f 14608 14867 14609
f 14868 14869 14870
f 14867 14871 14872
f 14873 14874 14875
f 14874 14876 14875
f 14875 14876 14877
f 14876 14878 14877
f 14879 14880 14881
f 14880 14882 14881
f 14881 14882 14883
f 14884 14885 14886
f 14886 14885 14887
f 14887 14885 14888
f 14888 14885 14889
f 14890 14891 14892
f 14892 14891 14893
f 14892 14893 14894
f 14895 14896 14897
f 14895 14897 14898
f 14898 14897 14899
f 14898 14899 14900
f 14901 14902 14903
f 14904 14905 14906
f 14808 14903 14806
f 14907 14908 14909
f 14910 14911 14912
f 14913 14914 14915
f 14916 14917 14918
f 14919 14920 14921
f 14922 14923 14924
f 14925 14926 14927
f 14928 14929 14930
f 14931 14932 14933
f 14934 14935 14936
f 14937 14938 14939
f 14940 14941 14942
f 14943 14944 14945
f 14946 14947 14948
f 14949 14950 14951
f 14952 14953 14954
f 14955 14956 14957
f 14958 14959 14960
f 14961 14962 14963
f 14685 14964 14683
f 14965 14966 14967
f 14968 14969 14970
f 14971 14972 14973
f 14974 14975 14976
f 14977 14978 14979
f 14980 14981 14982
f 14983 14984 14985
f 14986 14987 14988
f 14989 14927 14926
f 14990 14991 14992
f 14992 14991 14993
f 14994 14995 14996
f 14997 14998 14999
f 15000 15001 15002
f 15003 15004 15005
f 15006 15007 15008
f 15009 15010 15011
f 15012 15013 15014
f 15014 15013 15015
f 15016 15017 15018
f 14666 15019 14664
f 15020 15021 15022
f 14660 15023 14658
f 15024 15025 15026
f 15027 15028 15029
f 15030 15031 15032
f 15033 15034 15035
f 15036 15037 15038
f 15039 15040 15041
f 15042 15043 15044
f 15045 15046 15047
f 15048 15049 15050
f 15051 15052 15053
f 15054 15055 15056
f 15057 15058 15059
f 15060 15061 15062
f 15063 15064 15065
f 15066 15067 15068
f 15069 15070 15071
f 15072 15073 15074
f 15021 15075 15022
f 15076 15077 15078
f 15025 15079 15026
f 15080 15081 15082
f 15083 15084 15085
f 15086 15087 15088
f 15037 15089 15038
f 15090 15091 15092
f 15093 15094 15095
f 15096 15097 15098
f 15099 15100 15101
f 15102 15103 15104
f 15105 15106 15107
f 15108 15109 15110
f 15111 15112 15113
f 15114 15115 15116
f 15117 15118 15119
f 15120 15121 15122
f 15123 15124 15125
f 15126 15127 15128
f 15129 15130 15131
f 15132 15133 15134
f 15081 15135 15082
f 15136 15137 15138
f 15087 15139 15088
f 15140 15141 15142
f 15143 15144 15145
f 15146 15147 15148
f 15149 15150 15151
f 15152 15153 15154
f 15155 15156 15157
f 15158 15159 15160
f 15161 15162 15163
f 15164 15165 15166
f 15167 15168 15169
f 15170 15171 15172
f 15173 15174 15175
f 15176 15177 15178
f 15179 15180 15181
f 15182 15183 15184
f 15185 15186 15187
f 15188 15189 15190
f 15137 15191 15138
f 15192 15193 15194
f 15195 15196 15197
f 15198 15199 15200
f 15201 15202 15203
f 15204 15205 15206
f 15207 15208 15209
f 15210 15211 15212
f 15213 15214 15215
f 15216 15217 15218
f 15219 15220 15221
f 15222 15223 15224
f 15225 15226 15227
f 15228 15229 15230
f 15231 15232 15233
f 15234 15235 15236
f 15237 15238 15239
f 15240 15241 15242
f 15189 15243 15190
f 15244 15245 15246
f 15193 15247 15194
f 15248 15249 15250
f 15251 15252 15253
f 15254 15255 15256
f 15257 15258 15259
f 15260 15261 15262
f 15263 15264 15265
f 15266 15267 15268
f 15269 15270 15271
f 15272 15273 15274
f 15275 15276 15277
f 15278 15279 15280
f 15281 15282 15283
f 15284 15285 15286
f 15287 15288 15289
f 15290 15291 15292
f 15293 15294 15295
f 15296 15297 15298
f 15245 15299 15246
f 15300 15301 15302
f 15303 15304 15305
f 15306 15307 15308
f 15309 15310 15311
f 15312 15313 15314
f 15315 15316 15317
f 15318 15319 15320
f 15321 15322 15323
f 15324 15325 15326
f 15327 15328 15329
f 15330 15331 15332
f 15333 15334 15335
f 15336 15337 15338
f 15339 15340 15341
f 15342 15343 15344
f 15345 15346 15347
f 15348 15349 15350
f 15351 15352 15353
f 15354 15355 15356
f 15357 15358 15359
f 15360 15361 15362
f 15307 15363 15308
f 15364 15365 15366
f 15367 15368 15369
f 15370 15371 15372
f 15373 15374 15375
f 15376 15377 15378
f 15379 15380 15381
f 15382 15383 15384
f 15385 15386 15387
f 15388 15389 15390
f 15391 15392 15393
f 15394 15395 15396
f 15343 15397 15344
f 15398 15399 15400
f 15401 15402 15403
f 15404 15405 15406
f 15355 15407 15356
f 15361 15408 15362
f 15409 15410 15411
f 15412 15413 15414
f 15415 15416 15417
f 15418 15419 15420
f 15421 15422 15423
f 15424 15425 15426
f 15427 15428 15429
f 15430 15431 15432
f 15433 15434 15435
f 15436 15437 15438
f 15439 15440 15441
f 15442 15443 15444
f 15445 15446 15447
f 15399 15448 15400
f 15449 15450 15451
f 15452 15453 15454
f 15455 15456 15457
f 15458 15459 15460
f 15461 15462 15463
f 15464 15465 15466
f 15467 15468 15469
f 15470 15471 15472
f 15473 15474 15475
f 15476 15477 15478
f 15479 15480 15481
f 15482 15483 15484
f 15485 15486 15487
f 15488 15489 15490
f 15491 15492 15493
f 15494 15495 15496
f 15497 15498 15499
f 15450 15500 15451
f 15501 15502 14534
f 15503 15504 15505
f 15462 15506 15463
f 15507 15508 15509
f 15510 15511 15512
f 15513 15514 15515
f 15516 15517 15518
f 15519 15520 15521
f 15522 15523 15524
f 15525 15526 15527
f 15528 15529 15530
f 15531 15532 15533
f 15534 15535 15536
f 15537 15538 15539
f 15498 15540 15499
f 15541 15542 15543
f 15502 14535 14534
f 15544 15545 15546
f 15547 15548 15549
f 15550 15551 15552
f 15553 15554 15555
f 15556 15557 15558
f 15559 15560 15561
f 15562 15563 15564
f 15565 15566 15567
f 15568 15569 15570
f 15571 15572 15573
f 15574 15575 15576
f 15577 15578 15579
f 15542 15580 15543
f 15548 15581 15549
f 15582 15583 15584
f 15585 15586 15587
f 15588 15589 15590
f 15591 15592 15593
f 15594 15595 15596
f 15597 15598 15599
f 15600 15601 15602
f 15603 15604 15605
f 15606 15607 15608
f 15578 15609 15579
f 15610 15611 15612
f 15613 15614 15615
f 15589 15616 15590
f 15617 15618 15619
f 15620 15621 15622
f 15623 15624 15625
f 15626 15627 15628
f 15629 15630 15631
f 15632 15633 15634
f 15635 15636 15637
f 15638 15639 15640
f 15641 15642 15643
f 15644 15645 15646
f 15647 15648 15649
f 15650 15651 15652
f 15653 15654 15655
f 15639 15656 15640
f 15657 15658 15659
f 15645 15660 15646
f 15661 15662 15663
f 15664 15665 15666
f 15658 15667 15659
f 15668 15669 15670
f 15671 15672 15673
f 15674 15675 15676
f 15677 15678 15679
f 15680 15681 15682
f 15683 15684 15685
f 15686 15687 15688
f 15689 15690 15691
f 15692 15693 15694
f 15694 15693 15695
f 15696 15697 15698
f 15699 15700 15701
f 15702 15703 15704
f 15704 15703 15705
f 15706 15707 15708
f 15708 15707 15709
f 15710 15711 15712
f 15713 15714 15715
f 15716 15717 15718
f 15718 15717 15719
f 15720 15721 15722
f 15723 15724 15725
f 15726 15727 15728
f 15729 15730 15731
f 15732 15733 15734
f 15735 15736 15737
f 15738 15739 15740
f 15741 15742 15743
f 15744 15745 15746
f 15747 15748 15749
f 15750 15751 15752
f 15753 15754 15755
f 15756 15757 15758
f 15759 15760 15761
f 15762 15763 15764
f 14644 15765 14645
f 15766 15767 15768
f 15769 15770 15771
f 15772 15773 15774
f 14656 15775 14657
f 15776 15777 15778
f 14662 15779 14663
f 15780 15781 15782
f 15783 15784 15785
f 15786 15787 15788
f 15789 15790 15791
f 15792 15793 15794
f 15794 15793 15795
f 15796 15797 15798
f 15798 15797 15799
f 15800 15801 15802
f 15803 15804 15805
f 15806 15807 15808
f 15809 15810 15811
f 15812 15813 15814
f 15815 15816 15817
f 15818 15819 15820
f 15821 15822 15823
f 15824 15825 15826
f 15827 15828 15829
f 15830 15831 15832
f 15833 15834 15835
f 15836 15837 15838
f 15839 15840 15841
f 15842 15843 15844
f 15845 15846 15847
f 15848 15849 15850
f 15851 15852 15853
f 15854 15855 15856
f 15857 15858 15859
f 15860 15861 15862
f 15863 15864 15865
f 15866 15867 15868
f 15868 15867 15869
f 15870 15871 15872
f 15873 15874 15875
f 15763 15876 15764
f 15877 15878 15879
f 15767 15880 15768
f 15881 15882 15883
f 15773 15884 15774
f 15885 15886 15887
f 15888 15889 15890
f 15891 15892 15893
f 15894 15895 15896
f 15897 15898 15899
f 15875 15874 15900
f 15901 15902 15903
f 15903 15902 15904
f 15905 15906 15907
f 15908 15909 15910
f 15911 15912 15913
f 15913 15912 15914
f 15915 15916 15917
f 15918 15919 15920
f 15921 15922 15923
f 15924 15925 15926
f 15927 15928 15929
f 15930 15931 15932
f 15933 15934 15935
f 15936 15937 15938
f 15939 15940 15941
f 15942 15943 15944
f 15945 15946 15947
f 15948 15949 15950
f 15951 15952 15953
f 15953 15952 15954
f 15955 15956 15957
f 15958 15959 15960
f 15961 15962 15963
f 15964 15965 15966
f 15967 15968 15969
f 15970 15971 15972
f 15973 15974 15975
f 15878 15976 15879
f 15977 15978 15979
f 15980 15981 15982
f 15983 15984 15985
f 15986 15987 15988
f 15989 15990 15991
f 15992 15993 15994
f 15995 15996 15997
f 15898 15998 15899
f 15999 16000 16001
f 16002 16003 16004
f 16005 16006 16007
f 16008 16009 16010
f 16011 16012 16013
f 16014 16015 16016
f 16017 16018 16019
f 16020 16021 16022
f 16023 16024 16025
f 16026 16027 16028
f 16029 16030 16031
f 16032 16033 16034
f 16035 16036 16037
f 16038 16039 16040
f 16041 16042 16043
f 16044 16045 16046
f 16047 16048 16049
f 16050 16051 16052
f 16053 16054 16055
f 16055 16054 16056
f 16057 16058 16059
f 16059 16058 16060
f 16061 16062 16063
f 16063 16062 16064
f 16065 16066 14763
f 16067 16068 16069
f 16070 16071 16072
f 16073 16074 16075
f 16076 16077 16078
f 16079 16080 16081
f 16082 16083 16084
f 16085 16086 16087
f 16088 16089 16090
f 16091 16092 16093
f 16094 16095 16096
f 16097 16098 16099
f 16100 16101 16102
f 16103 16104 16105
f 16106 16107 16108
f 16109 16110 16111
f 16112 16113 16114
f 16115 16116 16117
f 16118 16119 16120
f 16121 16122 16123
f 16124 16125 16126
f 16127 16128 16129
f 16130 16131 16132
f 16133 16134 16135
f 16136 16137 16138
f 16139 16140 16141
f 16141 16140 16142
f 16143 16144 16145
f 16145 16144 16146
f 16147 16148 16149
f 14762 16065 14763
f 16150 16151 16152
f 16153 16154 16155
f 16156 16157 16158
f 16159 16160 16161
f 16162 16163 16164
f 16165 16166 16167
f 16168 16169 16170
f 16171 16172 16173
f 16174 16175 16176
f 16177 16178 16179
f 16180 16181 16182
f 16183 16184 16185
f 16186 16187 16188
f 16189 16190 16191
f 16192 16193 16194
f 16195 16196 16197
f 16198 16199 16200
f 16201 16202 16203
f 16204 16205 16206
f 16207 16208 16209
f 16210 16211 16212
f 16213 16214 16215
f 16216 16147 16149
f 16217 16218 16219
f 16220 16221 16222
f 16223 16224 16225
f 16226 16227 16228
f 16229 16230 16231
f 16232 16233 16234
f 16235 16236 16237
f 16238 16239 16240
f 16241 16242 16243
f 16244 16245 16246
f 16247 16248 16249
f 16250 16251 16252
f 16253 16254 16255
f 16256 16257 16258
f 16259 16260 16261
f 16262 16263 16264
f 16265 16213 16215
f 16266 16267 16268
f 16269 16270 16271
f 16272 16273 16274
f 16275 16276 16277
f 16278 16279 16280
f 16281 16282 16283
f 16284 16285 16286
f 16287 16288 16289
f 16290 16291 16292
f 16293 16294 16295
f 16296 16297 16298
f 16299 16300 16301
f 16301 16300 16302
f 16301 16302 16303
f 16301 16303 16304
f 16304 16303 16305
f 16304 16305 16306
f 16307 16308 16309
f 16309 16308 16310
f 16311 16312 16313
f 16313 16312 16314
f 16315 16316 16317
f 16317 16316 16318
f 16319 16320 16321
f 16321 16320 16322
f 16323 16324 16325
f 16325 16324 16326
f 16327 16328 16329
f 16329 16328 16330
f 16331 16332 16333
f 16333 16332 16334
f 16335 16336 16337
f 16337 16336 16338
f 16339 16340 16341
f 16341 16340 16342
f 16343 16344 16345
f 16345 16344 16346
f 16347 16348 16349
f 16349 16348 16350
f 16351 16352 16353
f 16353 16352 16354
f 16355 16356 16357
f 16357 16356 16358
f 16359 16360 16361
f 16361 16360 16362
f 16363 16364 16365
f 16365 16364 16366
f 16367 16368 16369
f 16369 16368 16370
f 16371 16372 16373
f 16373 16372 16374
f 16375 16376 16377
f 16377 16376 16378
f 16379 16380 16381
f 16381 16380 16382
f 16383 16384 16385
f 16385 16384 16386
f 16387 16388 16389
f 16389 16388 16390
f 16391 16392 16393
f 16393 16392 16394
f 16395 16396 16397
f 16397 16396 16398
f 16399 16400 16401
f 16401 16400 16402
f 16403 16404 16405
f 16405 16404 16406
f 16407 16408 16409
f 16409 16408 16410
f 16411 16412 16413
f 16413 16412 16414
f 16415 16416 16417
f 16417 16416 16418
f 16419 16420 16421
f 16421 16420 16422
f 16423 16424 16425
f 16425 16424 16426
f 16427 16428 16429
f 16429 16428 16430
f 16431 16432 16433
f 16433 16432 16434
f 16435 16436 16437
f 16437 16436 16438
f 16438 16436 16439
f 16438 16439 16440
f 16441 16442 16443
f 16443 16442 16444
f 16445 16446 16447
f 16447 16446 16448
f 16449 16450 16451
f 16451 16450 16452
f 16453 16454 16455
f 16455 16454 16456
f 16457 16458 16459
f 16459 16458 16460
f 16461 16462 16463
f 16463 16462 16464
f 16465 16466 16467
f 16467 16466 16468
f 16469 16470 16471
f 16471 16470 16472
f 16473 16474 16475
f 16475 16474 16476
f 16477 16478 16479
f 16479 16478 16480
f 16481 16482 16483
f 16483 16482 16484
f 16485 16486 16487
f 16487 16486 16488
f 16489 16490 16491
f 16491 16490 16492
f 16493 16494 16495
f 16495 16494 16496
f 16497 16498 16499
f 16499 16498 16500
f 16501 16502 16503
f 16503 16502 16504
f 16505 16506 16507
f 16507 16506 16508
f 16509 16510 16511
f 16511 16510 16512
f 16513 16514 16515
f 16515 16514 16516
f 16517 16518 16519
f 16519 16518 16520
f 16521 16522 16523
f 16523 16522 16524
f 16525 16526 16527
f 16527 16526 16528
f 16529 16530 16531
f 16531 16530 16532
f 16533 16534 16535
f 16535 16534 16536
f 16537 16538 16539
f 16539 16538 16540
f 16541 16542 16543
f 16543 16542 16544
f 16545 16546 16547
f 16547 16546 16548
f 16549 16550 16551
f 16551 16550 16552
f 16553 16554 16555
f 16555 16554 16556
f 16557 16558 16559
f 16560 16561 16562
f 16563 16564 16565
f 16566 16567 16568
f 16569 16570 16571
f 16572 16573 16574
f 16575 16576 16577
f 16578 16579 16580
f 16581 16582 16583
f 16584 16585 16586
f 16587 16588 16589
f 16590 16591 16592
f 16593 16594 16595
f 16596 16597 16598
f 16599 16600 16601
f 16602 16603 16604
f 16605 16606 16607
f 16608 16609 16610
f 16611 16612 16613
f 16614 16615 16616
f 16617 16618 16619
f 16620 16621 16622
f 16623 16624 16625
f 16626 16627 16628
f 16629 16630 16631
f 16632 16633 16634
f 16635 16636 16637
f 16638 16639 16640
f 16641 16642 16643
f 16644 16645 16646
f 16647 16648 16649
f 16650 16651 16652
f 16653 16654 16655
f 16656 16657 16658
f 16658 16657 16659
f 16660 16661 16662
f 16663 16664 16665
f 16666 16667 16668
f 16669 16670 16671
f 16672 16673 16674
f 16675 16676 16677
f 16678 16679 16680
f 16681 16682 16683
f 16684 16685 16686
f 16687 16688 16689
f 16690 16691 16692
f 16693 16694 16695
f 16696 16697 16698
f 16699 16700 16701
f 16702 16703 16704
f 16705 16706 16707
f 16708 16709 16710
f 16711 16712 16713
f 16714 16715 16716
f 16717 16718 16719
f 16719 16718 16720
f 16721 16722 16723
f 16724 16725 16726
f 16727 16728 16729
f 16730 16731 16732
f 16733 16734 16735
f 16736 16737 16738
f 16739 16740 16741
f 16742 16743 16744
f 16745 16746 16747
f 16446 16748 16448
f 16448 16748 16749
f 16450 16750 16452
f 16452 16750 16751
f 16454 16752 16456
f 16456 16752 16753
f 16458 16754 16460
f 16460 16754 16755
f 16462 16756 16464
f 16464 16756 16757
f 16466 16758 16468
f 16468 16758 16759
f 16470 16760 16472
f 16472 16760 16761
f 16474 16762 16476
f 16476 16762 16763
f 16478 16764 16480
f 16480 16764 16765
f 16482 16766 16484
f 16484 16766 16767
f 16486 16768 16488
f 16488 16768 16769
f 16490 16770 16492
f 16492 16770 16771
f 16494 16772 16496
f 16496 16772 16773
f 16498 16774 16500
f 16500 16774 16775
f 16502 16776 16504
f 16504 16776 16777
f 16506 16778 16508
f 16508 16778 16779
f 16510 16780 16512
f 16512 16780 16781
f 16514 16782 16516
f 16516 16782 16783
f 16518 16784 16520
f 16520 16784 16785
f 16522 16786 16524
f 16524 16786 16787
f 16526 16788 16528
f 16528 16788 16789
f 16530 16790 16532
f 16532 16790 16791
f 16534 16792 16536
f 16536 16792 16793
f 16538 16794 16540
f 16540 16794 16795
f 16542 16796 16544
f 16544 16796 16797
f 16546 16798 16548
f 16548 16798 16799
f 16550 16800 16552
f 16552 16800 16801
f 16554 16802 16556
f 16556 16802 16803
f 16442 16804 16444
f 16444 16804 16805
f 16748 16578 16749
f 16749 16578 16580
f 16750 16584 16751
f 16751 16584 16586
f 16752 16590 16753
f 16753 16590 16592
f 16754 16596 16755
f 16755 16596 16598
f 16756 16602 16757
f 16757 16602 16604
f 16758 16608 16759
f 16759 16608 16610
f 16760 16620 16761
f 16761 16620 16622
f 16762 16626 16763
f 16763 16626 16628
f 16764 16632 16765
f 16765 16632 16634
f 16766 16638 16767
f 16767 16638 16640
f 16768 16644 16769
f 16769 16644 16646
f 16770 16650 16771
f 16771 16650 16652
f 16772 16656 16773
f 16773 16656 16658
f 16774 16666 16775
f 16775 16666 16668
f 16776 16672 16777
f 16777 16672 16674
f 16778 16678 16779
f 16779 16678 16680
f 16780 16684 16781
f 16781 16684 16686
f 16782 16693 16783
f 16783 16693 16695
f 16784 16699 16785
f 16785 16699 16701
f 16786 16705 16787
f 16787 16705 16707
f 16788 16711 16789
f 16789 16711 16713
f 16790 16717 16791
f 16791 16717 16719
f 16792 16721 16793
f 16793 16721 16723
f 16794 16727 16795
f 16795 16727 16729
f 16796 16733 16797
f 16797 16733 16735
f 16798 16739 16799
f 16799 16739 16741
f 16800 16745 16801
f 16801 16745 16747
f 16802 16566 16803
f 16803 16566 16568
f 16804 16572 16805
f 16805 16572 16574
f 16806 16807 16808
f 16809 16810 16811
f 16809 16811 16812
f 16813 16814 16815
f 16816 16817 16818
f 16819 16820 16821
f 16822 16823 16824
f 16825 16826 16827
f 16828 16829 16830
f 16831 16832 16833
f 16834 16835 16836
f 16837 16838 16839
f 16840 16841 16842
f 16843 16844 16845
f 16846 16847 16848
f 16849 16850 16851
f 16852 16853 16854
f 16855 16856 16857
f 16858 16859 16860
f 16861 16862 16863
f 16861 16863 16864
f 16865 16866 16867
f 16868 16869 16870
f 16871 16872 16873
f 16871 16873 16874
f 16875 16876 16877
f 16878 16879 16880
f 16881 16882 16883
f 16884 16885 16886
f 16887 16888 16889
f 16890 16891 16892
f 16893 16894 16895
f 16896 16897 16898
f 16898 16897 16899
f 16900 16901 16902
f 16903 16904 16905
f 16906 16907 16908
f 16908 16907 16909
f 16910 16911 16912
f 16912 16911 16913
f 16914 16915 16916
f 16917 16918 16919
f 16920 16921 16922
f 16922 16921 16923
f 16924 16925 16926
f 16927 16928 16929
f 16930 16931 16932
f 16932 16931 16933
f 16934 16935 16936
f 16937 16938 16939
f 16940 16941 16942
f 16943 16944 16945
f 16946 16947 16948
f 16948 16947 16949
f 16950 16951 16952
f 16953 16954 16955
f 16956 16957 16958
f 16958 16957 16959
f 16960 16961 16962
f 16960 16962 16963
f 16964 16965 16966
f 16967 16968 16969
f 16970 16971 16972
f 16973 16974 16975
f 16976 16977 16978
f 16976 16978 16979
f 16980 16981 16982
f 16983 16984 16985
f 16986 16987 16988
f 16989 16990 16991
f 16992 16993 16994
f 16995 16996 16997
f 16998 16999 17000
f 17001 17002 17003
f 17004 17005 17006
f 17007 17008 17009
f 17010 17011 17012
f 17013 17014 17015
f 17016 17017 17018
f 17019 17020 17021
f 17022 17023 17024
f 17025 17026 17027
f 17028 17029 17030
f 17031 17032 17033
f 17033 17034 17031
f 17035 17036 17037
f 17038 17039 17040
f 17041 17042 17043
f 17044 17045 17046
f 17047 17048 17049
f 17050 17051 17052
f 17053 17054 17055
f 17056 17057 17058
f 17059 17060 17061
f 17061 17060 17062
f 17061 17062 17063
f 17063 17062 17064
f 17063 17064 17065
f 17065 17064 17066
f 17065 17066 17067
f 17065 17067 17068
f 17068 17067 17069
f 17068 17069 17070
f 17070 17069 17071
f 17070 17071 17072
f 17070 17072 17073
f 17073 17072 17074
f 17073 17074 17075
f 17075 17074 17076
f 17075 17076 17077
f 17077 17076 17078
f 17077 17078 17079
f 17077 17079 17080
f 17080 17079 17081
f 17080 17081 17082
f 17082 17081 17083
f 17082 17083 17084
f 17082 17084 17085
f 17085 17084 17086
f 17085 17086 17087
f 17087 17086 17088
f 17087 17088 17089
f 17087 17089 17090
f 17090 17089 17091
f 17090 17091 17092
f 17092 17091 17093
f 17092 17093 17094
f 17092 17094 17095
f 17095 17094 17096
f 17095 17096 17097
f 17097 17096 17098
f 17097 17098 17099
f 17099 17098 17100
f 17099 17100 17101
f 17099 17101 17102
f 17102 17101 17103
f 17102 17103 17104
f 17104 17103 17105
f 17104 17105 17106
f 17104 17106 17107
f 17107 17106 17108
f 17107 17108 17109
f 17109 17108 17110
f 17109 17110 17111
f 17109 17111 17112
f 17112 17111 17113
f 17112 17113 17114
f 17114 17113 17115
f 17114 17115 17116
f 17114 17116 17117
f 17117 17116 17118
f 17117 17118 17119
f 17119 17118 17120
f 17119 17120 17121
f 17121 17120 17122
f 17121 17122 17123
f 17121 17123 17124
f 17124 17123 17125
f 17124 17125 17126
f 17126 17125 17127
f 17126 17127 17128
f 17126 17128 17129
f 17129 17128 17059
f 17129 17059 17061
f 17130 17131 17132
f 17132 17131 17133
f 17132 17133 17134
f 17134 17133 17135
f 17134 17135 17136
f 17136 17135 17137
f 17136 17137 17138
f 17136 17138 17139
f 17139 17138 17140
f 17139 17140 17141
f 17141 17140 17142
f 17141 17142 17143
f 17141 17143 17144
f 17144 17143 17145
f 17144 17145 17146
f 17146 17145 17147
f 17146 17147 17148
f 17148 17147 17149
f 17148 17149 17150
f 17148 17150 17151
f 17151 17150 17152
f 17151 17152 17153
f 17153 17152 17154
f 17153 17154 17155
f 17153 17155 17156
f 17156 17155 17157
f 17156 17157 17158
f 17158 17157 17159
f 17158 17159 17160
f 17158 17160 17161
f 17161 17160 17162
f 17161 17162 17163
f 17163 17162 17164
f 17163 17164 17165
f 17163 17165 17166
f 17166 17165 17167
f 17166 17167 17168
f 17168 17167 17169
f 17168 17169 17170
f 17170 17169 17171
f 17170 17171 17172
f 17170 17172 17173
f 17173 17172 17174
f 17173 17174 17175
f 17175 17174 17176
f 17175 17176 17177
f 17175 17177 17178
f 17178 17177 17179
f 17178 17179 17180
f 17180 17179 17181
f 17180 17181 17182
f 17180 17182 17183
f 17183 17182 17184
f 17183 17184 17185
f 17185 17184 17186
f 17185 17186 17187
f 17185 17187 17188
f 17188 17187 17189
f 17188 17189 17190
f 17190 17189 17191
f 17190 17191 17192
f 17192 17191 17193
f 17192 17193 17194
f 17192 17194 17195
f 17195 17194 17196
f 17195 17196 17197
f 17197 17196 17198
f 17197 17198 17199
f 17197 17199 17200
f 17200 17199 17130
f 17200 17130 17132
f 17201 17202 17203
f 17204 17205 17206
f 17207 17208 17209
f 17210 17211 17212
f 17213 17214 17215
f 17216 17217 17218
f 17219 17220 17221
f 17222 17223 17224
f 17225 17226 17227
f 17228 17229 17230
f 17231 17232 17233
f 17234 17235 17236
f 17237 17238 17239
f 17240 17241 17242
f 17243 17244 17245
f 17246 17247 17248
f 17249 17250 17251
f 17252 17253 17254
f 17255 17256 17257
f 17258 17259 17260
f 17261 17262 17263
f 17264 17265 17266
f 17267 17268 17269
f 17270 17271 17272
f 17273 17274 17275
f 17276 17277 17278
f 17279 17280 17281
f 17282 17283 17284
f 17285 17286 17287
f 17288 17289 17290
f 17291 17292 17293
f 17294 17295 17296
f 17297 17298 17299
f 17300 17301 17302
f 17303 17304 17305
f 17306 17307 17308
f 17309 17310 17311
f 17312 17313 17314
f 17315 17316 17317
f 17318 17319 17320
f 17321 17322 17323
f 17324 17325 17326
f 17327 17328 17329
f 17330 17331 17332
f 17333 17334 17335
f 17336 17337 17338
f 17339 17340 17341
f 17342 17343 17344
f 17345 17346 17347
f 17348 17349 17350
f 17351 17352 17353
f 17353 17352 17354
f 17355 17356 17357
f 17358 17359 17360
f 17361 17362 17363
f 17364 17365 17366
f 17367 17368 17369
f 17370 17371 17372
f 17373 17374 17375
f 17376 17377 17378
f 17379 17380 17381
f 17382 17383 17384
f 17385 17386 17387
f 17388 17389 17390
f 17391 17392 17393
f 17394 17395 17396
f 17397 17398 17399
f 17400 17401 17402
f 17403 17404 17405
f 17406 17407 17408
f 17409 17410 17411
f 17412 17413 17414
f 17415 17416 17417
f 17418 17419 17420
f 17421 17422 17423
f 17424 17425 17426
f 17427 17428 17429
f 17430 17431 17432
f 17433 17434 17435
f 17436 17437 17438
f 17439 17440 17441
f 17442 17443 17444
f 17445 17446 17447
f 17448 17449 17450
f 17451 17452 17453
f 17454 17455 17456
f 17457 17458 17459
f 17460 17461 17462
f 17463 17464 17465
f 17466 17467 17468
f 17469 17470 17471
f 17472 17473 17474
f 17475 17476 17477
f 17478 17479 17480
f 17481 17482 17483
f 17484 17485 17486
f 17487 17488 17489
f 17489 17488 17490
f 17491 17492 17493
f 17494 17495 17496
f 17496 17495 17497
f 17497 17495 17498
f 17498 17495 17499
f 17499 17495 17500
f 17499 17500 17501
f 17501 17500 17502
f 17501 17502 17503
f 17503 17502 17504
f 17503 17504 17505
f 17505 17504 17506
f 17505 17506 17507
f 17507 17506 17508
f 17508 17506 17509
f 17508 17509 17510
f 17510 17509 17511
f 17510 17511 17512
f 17512 17511 17513
f 17512 17513 17514
f 17514 17513 17515
f 17514 17515 17516
f 17516 17515 17517
f 17516 17517 17518
f 17518 17517 17519
f 17518 17519 17520
f 17495 17521 17500
f 17500 17521 17522
f 17500 17522 17523
f 17500 17523 17524
f 17524 17523 17525
f 17524 17525 17526
f 17526 17527 17524
f 17524 17527 17528
f 17528 17527 17529
f 17528 17529 17530
f 17528 17530 17531
f 17531 17530 17532
f 17531 17532 17533
f 17533 17532 17534
f 17533 17534 17535
f 17533 17535 17536
f 17536 17535 17537
f 17536 17537 17538
f 17538 17537 17539
f 17538 17539 17540
f 17540 17539 17541
f 17540 17541 17542
f 17540 17542 17543
f 17543 17542 17544
f 17543 17544 17545
f 17545 17544 17546
f 17545 17546 17547
f 17545 17547 17548
f 17548 17547 17549
f 17548 17549 17550
f 17550 17551 17548
f 17548 17551 17552
f 17552 17551 17553
f 17552 17553 14506
f 14506 14505 17552
f 17552 14505 17554
f 17554 14505 17555
f 17554 17555 17556
f 17556 17555 17557
f 17556 17557 17558
f 17558 17557 17559
f 17558 17559 17560
f 17561 17562 14505
f 14505 17562 17563
f 14505 17563 17564
f 17564 17555 14505
f 17558 17560 17565
f 17565 17560 17566
f 17565 17566 17567
f 17567 17566 17568
f 17567 17568 17569
f 17569 17568 17570
f 17569 17570 17571
f 17571 17570 17572
f 17571 17572 17573
f 17573 17572 17574
f 17573 17574 17575
f 17575 17574 17576
f 17575 17576 17577
f 17577 17576 17578
f 17577 17578 17579
f 17579 17578 17580
f 17579 17580 17581
f 17581 17580 17582
f 17581 17582 17583
f 17583 17582 17584
f 17584 17582 17585
f 17584 17585 17586
f 17586 17585 17587
f 17586 17587 17588
f 17588 17589 17586
f 17586 17589 17590
f 17584 17586 17591
f 17591 17586 17592
f 17591 17592 17593
f 17593 17592 17594
f 17594 17592 17595
f 17594 17595 17596
f 17597 17598 17592
f 17592 17598 17599
f 17592 17599 17595
f 17594 17596 17520
f 17520 17596 17518
f 17600 17601 17602
f 17602 17601 17603
f 17602 17603 17604
f 17604 17603 17605
f 17606 17607 17608
f 17608 17607 17609
f 17610 17611 17612
f 17612 17611 17613
f 17614 17615 17616
f 17616 17615 17617
f 17618 17619 17620
f 17620 17619 17621
f 17622 17623 17624
f 17624 17623 17625
f 17626 17627 17628
f 17628 17627 17629
f 17630 17631 17632
f 17632 17631 17633
f 17634 17635 17636
f 17636 17635 17637
f 17638 17639 17640
f 17640 17639 17641
f 17642 17643 17644
f 17644 17643 17645
f 17646 17647 17648
f 17648 17647 17649
f 17650 17651 17652
f 17652 17651 17653
f 17654 17655 17656
f 17656 17655 17657
f 17658 17659 17660
f 17660 17659 17661
f 17662 17663 17664
f 17664 17663 17665
f 17666 17667 17668
f 17668 17667 17669
f 17670 17671 17672
f 17672 17671 17673
f 17674 17675 17676
f 17676 17675 17677
f 17678 17679 17680
f 17681 17682 17683
f 17684 17685 17686
f 17687 17688 17689
f 17690 17691 17692
f 17693 17694 17695
f 17693 17695 17696
f 17697 17698 17699
f 17700 17701 17702
f 17703 17704 17705
f 17706 17707 17708
f 17709 17710 17711
f 17712 17713 17714
f 17715 17716 17717
f 17718 17719 17720
f 17721 17722 17723
f 17724 17725 17726
f 17727 17728 17729
f 17730 17731 17732
f 17733 17734 17735
f 17736 17737 17738
f 17739 17740 17741
f 17742 17743 17744
f 17745 17746 17747
f 17748 17749 17750
f 17751 17752 17753
f 17754 17755 17756
f 17757 17758 17759
f 17760 17761 17762
f 17762 17761 17763
f 17764 17765 17766
f 17766 17765 17767
f 17768 17769 17770
f 17770 17769 17771
f 17772 17773 17774
f 17774 17773 17775
f 17776 17777 17778
f 17778 17777 17779
f 17780 17781 17782
f 17782 17781 17783
f 17784 17785 17786
f 17786 17785 17787
f 17788 17789 17790
f 17790 17789 17791
f 17792 17793 17794
f 17794 17793 17795
f 17796 17797 17798
f 17798 17797 17799
f 17800 17801 17802
f 17802 17801 17803
f 17804 17805 17806
f 17806 17805 17807
f 17808 17809 17810
f 17810 17809 17811
f 17812 17813 17814
f 17814 17813 17815
f 17816 17817 17818
f 17818 17817 17819
f 17820 17821 17822
f 17822 17821 17823
f 17824 17825 17826
f 17826 17825 17827
f 17828 17829 17830
f 17830 17829 17831
f 17832 17833 17834
f 17834 17833 17835
f 17836 17837 17838
f 17838 17837 17839
f 17840 17841 17842
f 17842 17841 17843
f 17844 17845 17846
f 17846 17845 17847
f 17848 17849 17850
f 17850 17849 17851
f 17852 17853 17854
f 17854 17853 17855
f 17856 17857 17858
f 17858 17857 17859
f 17860 17861 17862
f 17862 17861 17863
f 17864 17865 17866
f 17866 17865 17867
f 17868 17869 17870
f 17870 17869 17871
f 17872 17873 17874
f 17875 17876 17877
f 17878 17879 17880
f 17881 17882 17883
f 17884 17885 17886
f 17887 17888 17889
f 17890 17891 17892
f 17893 17894 17895
f 17896 17897 17898
f 17899 17900 17901
f 17902 17903 17904
f 17905 17906 17907
f 17908 17909 17910
f 17910 17909 17911
f 17912 17913 17914
f 17914 17913 17915
f 17916 17917 17918
f 17916 17918 17919
f 17920 17921 17922
f 17920 17922 17923
f 17924 17925 17926
f 17927 17928 17929
f 17930 17931 17932
f 17933 17934 17935
f 17936 17937 17938
f 17939 17940 17941
f 17942 17943 17944
f 17945 17946 17947
f 17948 17949 17950
f 17951 17952 17953
f 17954 17955 17956
f 17957 17958 17959
f 17960 17961 17962
f 17963 17964 17965
f 17966 17967 17968
f 17969 17970 17971
f 17972 17973 17974
f 17975 17976 17977
f 17978 17979 17980
f 17981 17982 17983
f 17984 17985 17986
f 17987 17988 17989
f 17990 17991 17992
f 17993 17994 17995
f 17996 17997 17998
f 17998 17997 17999
f 18000 18001 18002
f 18002 18001 18003
f 18004 18005 18006
f 18004 18006 18007
f 18008 18009 18010
f 18008 18010 18011
f 18012 18013 18014
f 18015 18016 18017
f 18018 18019 18020
f 18021 18022 18023
f 18024 18025 18026
f 18027 18028 18029
f 18030 18031 18032
f 18033 18034 18035
f 18036 18037 18038
f 18039 18040 18041
f 18042 18043 18044
f 18045 18046 18047
f 18048 18049 18050
f 18050 18049 18051
f 18052 18053 18054
f 18054 18053 18055
f 18056 18057 18058
f 18058 18057 18059
f 18060 18061 18062
f 18062 18061 18063
f 18064 18065 18066
f 18066 18065 18067
f 18068 18069 18070
f 18070 18069 18071
f 18072 18073 18074
f 18074 18073 18075
f 18076 18077 18078
f 18078 18077 18079
f 18080 18081 18082
f 18082 18081 18083
f 18084 18085 18086
f 18086 18085 18087
f 18088 18089 18090
f 18090 18089 18091
f 18092 18093 18094
f 18094 18093 18095
f 18096 18097 18098
f 18098 18097 18099
f 18100 18101 18102
f 18102 18101 18103
f 18104 18105 18106
f 18106 18105 18107
f 18108 18109 18110
f 18110 18109 18111
f 18112 18113 18114
f 18114 18113 18115
f 18116 18117 18118
f 18118 18117 18119
f 18120 18121 18122
f 18123 18124 18125
f 18126 18127 18128
f 18129 18130 18131
f 18132 18133 18134
f 18135 18136 18137
f 18138 18139 18140
f 18141 18142 18143
f 18143 18142 18144
f 18145 18146 18147
f 18148 18149 18150
f 18151 18152 18153
f 18154 18155 18156
f 18157 18158 18159
f 18160 18161 18162
f 18163 18164 18165
f 18166 18167 18168
f 18169 18170 18171
f 18172 18173 18174
f 18175 18176 18177
f 18178 18179 18180
f 18181 18182 18183
f 18184 18185 18186
f 18187 18188 18189
f 18190 18191 18192
f 18193 18194 18195
f 18196 18197 18198
f 18199 18200 18201
f 18202 18203 18204
f 18204 18203 18205
f 18204 18205 18206
f 18204 18206 18207
f 18207 18206 18208
f 18207 18208 18209
f 18210 18211 18212
f 18213 18214 18215
f 18216 18217 18218
f 18219 18220 18221
f 18222 18223 18224
f 18225 18226 18227
f 18227 18226 18228
f 18229 18230 18231
f 18232 18233 18234
f 18235 18236 18237
f 18238 18239 18240
f 18241 18242 18243
f 18244 18245 18246
f 18247 18248 18249
f 18250 18251 18252
f 18253 18248 18254
f 18254 18248 18255
f 18256 18257 18258
f 18259 18260 18261
f 18262 18263 18264
f 18265 18266 18267
f 18268 18269 18270
f 18271 18272 18273
f 18274 18275 18276
f 18277 18278 18279
f 18280 18281 18282
f 18283 18284 18285
f 18286 18287 18288
f 18289 18290 18291
f 18292 18293 18294
f 18292 18294 18295
f 18296 18297 18298
f 18299 18300 18301
f 18302 18303 18304
f 18305 18306 18307
f 18308 18309 18310
f 18311 18312 18313
f 18314 18315 18316
f 18317 18318 18319
f 18320 18321 18322
f 18323 18324 18325
f 18326 18327 18328
f 18329 18330 18331
f 18332 18333 18334
f 18335 18336 18337
f 18338 18339 18340
f 18338 18340 18341
f 18342 18343 18344
f 18345 18346 18347
f 18348 18349 18350
f 18351 18352 18353
f 18354 18355 18356
f 18357 18358 18359
f 18360 18361 18362
f 18363 18364 18365
f 18366 18367 18368
f 18369 18211 18370
f 18371 17495 17494
f 18372 18373 18374
f 18375 18376 18377
f 18378 18379 18380
f 18381 18382 18383
f 18384 18385 18386
f 18387 18388 18389
f 18390 18391 18392
f 18393 18394 18395
f 18396 18397 18398
f 18399 18400 18401
f 18402 18403 18404
f 18405 18406 18407
f 18407 18406 18408
f 18409 18362 18410
f 18410 18362 18361
f 18411 18353 18412
f 18412 18353 18352
f 18413 18347 18414
f 18414 18347 18346
f 18415 18340 18416
f 18416 18340 18339
f 18417 18334 18418
f 18418 18334 18333
f 18260 18328 18261
f 18261 18328 18327
f 18269 18319 18270
f 18270 18319 18318
f 18278 18313 18279
f 18279 18313 18312
f 18284 18304 18285
f 18285 18304 18303
f 18221 18220 18409
f 18221 18409 18410
f 18228 18226 18411
f 18228 18411 18412
f 18234 18233 18413
f 18234 18413 18414
f 18240 18239 18415
f 18240 18415 18416
f 18246 18245 18417
f 18246 18417 18418
f 18419 18420 18421
f 18422 18423 18424
f 18425 18426 18427
f 18428 18429 18430
f 18431 18432 18433
f 18431 18433 18434
f 18435 18436 18437
f 18438 18439 18440
f 18441 18442 18443
f 18444 18445 18446
f 18447 18448 18449
f 18450 18451 18452
f 18453 18454 18455
f 18456 18457 18458
f 18459 18460 18461
f 18459 18461 18462
f 18463 18464 18465
f 18465 18464 18466
f 18467 18468 18469
f 18470 18471 18472
f 18473 18474 18475
f 18476 18477 18478
f 18476 18478 18479
f 18480 18481 18482
f 18483 18484 18485
f 18486 18487 18488
f 18489 18490 18491
f 18492 18493 18494
f 18495 18496 18497
f 18495 18497 18498
f 18499 18500 18501
f 18502 18503 18504
f 18505 18506 18507
f 18508 18509 18510
f 18511 18512 18513
f 18514 18515 18516
f 18516 18515 18517
f 18518 18519 18520
f 18521 18522 18523
f 18524 18525 18526
f 18527 18528 18529
f 18530 18531 18532
f 18533 18534 18535
f 18536 18537 18538
f 18539 18540 18541
f 18542 18543 18544
f 18545 18546 18547
f 18548 18549 18550
f 18551 18552 18553
f 18554 18555 18556
f 18557 18558 18559
f 18560 18561 18562
f 18563 18564 18565
f 18565 18564 18566
f 18567 18568 18569
f 18570 18571 18572
f 18573 18574 18575
f 18576 18577 18578
f 18579 14505 14507
f 18580 18581 18582
f 18583 18584 18585
f 18586 18587 18588
f 18586 18588 18433
f 18442 18589 18443
f 18590 18591 18592
f 18593 18594 18595
f 18589 18596 18597
f 18598 18599 18600
f 18601 18602 18603
f 18604 18605 18606
f 18607 18608 18609
f 18610 18611 18612
f 18613 18614 18615
f 18616 18617 18618
f 18619 18620 18621
f 18622 18623 18624
f 18624 18623 18625
f 18626 18627 18628
f 18629 18630 18631
f 18632 18633 18634
f 18635 18636 18637
f 18638 18639 18640
f 18641 18642 18643
f 18644 18645 18646
f 18475 18647 18648
f 18649 18650 18651
f 18652 18653 18654
f 18655 18656 18657
f 18658 18659 18660
f 18661 18662 18663
f 18664 18665 18666
f 18667 18668 18669
f 18670 18659 18671
f 18672 18673 18674
f 18675 18676 18677
f 18678 18679 18680
f 18681 18682 18683
f 18433 18432 18586
f 18452 18451 18601
f 18597 18443 18589
f 18472 18471 18610
f 18603 18452 18601
f 18610 18612 18472
f 18477 18616 18684
f 18477 18684 18478
f 18484 18685 18485
f 18616 18618 18684
f 18685 18622 18686
f 18685 18686 18485
f 18490 18687 18491
f 18622 18624 18686
f 18687 18629 18688
f 18687 18688 18491
f 18496 18689 18497
f 18629 18631 18688
f 18689 18635 18690
f 18689 18690 18497
f 18503 18691 18504
f 18635 18637 18690
f 18691 18529 18692
f 18691 18692 18504
f 18528 18692 18529
f 18693 18694 18695
f 18695 18694 18696
f 18695 18696 18697
f 18695 18697 18698
f 18698 18697 18699
f 18698 18699 18700
f 18700 18701 18698
f 18698 18701 18702
f 18702 18701 18703
f 18702 18703 18704
f 18704 18705 18702
f 18702 18705 18706
f 18702 18706 18707
f 18707 18706 18708
f 18695 18709 18693
f 18693 18709 18710
f 18710 18709 18711
f 18710 18711 18712
f 18712 18711 18713
f 18712 18713 18714
f 18714 18713 18715
f 18714 18715 18716
f 18716 18715 18717
f 18717 18715 18718
f 18717 18718 18719
f 18719 18718 18720
f 18719 18720 18721
f 18721 18720 18722
f 18721 18722 18723
f 18723 18722 18724
f 18724 18722 18725
f 18724 18725 18726
f 18726 18725 18727
f 18726 18727 18728
f 18728 18727 18729
f 18728 18729 18730
f 18730 18729 18731
f 18730 18731 18732
f 18732 18731 18733
f 18733 18731 18734
f 18734 18731 18735
f 18734 18735 18736
f 18736 18735 18737
f 18737 18735 18738
f 18738 18735 18739
f 18738 18739 18740
f 18740 18739 18741
f 18741 18739 18742
f 18742 18739 18743
f 18743 18739 18744
f 18743 18744 18745
f 18746 18747 18748
f 18748 18747 18749
f 18748 18749 18750
f 18750 18749 18751
f 18750 18751 18752
f 18753 18754 18755
f 18755 18754 18756
f 18757 18758 18759
f 18759 18758 18760
f 18761 18762 18763
f 18763 18762 18764
f 18765 18766 18767
f 18767 18766 18768
f 18769 18770 18771
f 18771 18770 18772
f 18773 18774 18775
f 18775 18774 18776
f 18777 18778 18779
f 18779 18778 18780
f 18781 18782 18783
f 18783 18782 18784
f 18785 18786 18787
f 18787 18786 18788
f 18789 18790 18791
f 18791 18790 18792
f 18793 18794 18795
f 18795 18794 18796
f 18797 18798 18799
f 18799 18798 18800
f 18801 18802 18803
f 18803 18802 18804
f 18805 18806 18807
f 18807 18806 18808
f 18809 18810 18811
f 18811 18810 18812
f 18813 18814 18815
f 18815 18814 18816
f 18816 18814 18817
f 18816 18817 18818
f 18818 18817 18819
f 18819 18817 18820
f 18820 18817 18821
f 18820 18821 18822
f 18822 18821 18823
f 18823 18821 18824
f 18825 18826 18827
f 18827 18826 18828
f 18827 18828 18829
f 18825 18830 18826
f 18826 18830 18831
f 18826 18831 18832
f 18826 18832 18833
f 18833 18832 18834
f 18833 18834 18835
f 18833 18835 18836
f 18836 18835 18837
f 18836 18837 18838
f 18838 18839 18836
f 18836 18839 18840
f 18840 18839 18841
f 18840 18841 18842
f 18842 18841 18843
f 18842 18843 18844
f 18842 18844 18845
f 18845 18844 18846
f 18845 18846 18847
f 18847 18846 18848
f 18847 18848 18849
f 18849 18848 18850
f 18849 18850 18851
f 18849 18851 18852
f 18852 18851 18853
f 18852 18853 18854
f 18852 18854 18855
f 18855 18854 18856
f 18855 18856 18857
f 18857 18856 18858
f 18857 18858 18859
f 18859 18858 18860
f 18859 18860 18861
f 18859 18861 18862
f 18862 18861 18863
f 18862 18863 18864
f 18864 18863 18865
f 18864 18865 18866
f 18866 18867 18864
f 18864 18867 18868
f 18868 18867 18869
f 18868 18869 18870
f 18868 18870 18871
f 18871 18870 18872
f 18871 18872 18873
f 18873 18874 18871
f 18871 18874 18875
f 18871 18875 18876
f 18876 18875 18877
f 18878 18879 18880
f 18880 18879 18881
f 18880 18881 18882
f 18882 18881 18883
f 18882 18883 18884
f 18884 18883 18885
f 18885 18883 18886
f 18885 18886 18887
f 18887 18886 18888
f 18887 18888 18889
f 18889 18888 18890
f 18889 18890 18891
f 18891 18890 18892
f 18892 18890 18893
f 18892 18893 18894
f 18894 18893 18895
f 18895 18893 18896
f 18895 18896 18897
f 18897 18896 18898
f 18897 18898 18899
f 18899 18898 18900
f 18899 18900 18901
f 18901 18900 18902
f 18902 18900 18903
f 18902 18903 18904
f 18904 18903 18905
f 18904 18905 18906
f 18906 18905 18907
f 18907 18905 18908
f 18908 18905 18909
f 18908 18909 18910
f 18910 18909 18911
f 18911 18909 18912
f 18911 18912 18913
f 18913 18912 18914
f 18914 18912 18915
f 18915 18912 18916
f 18916 18912 18917
f 18916 18917 18918
f 18878 18919 18879
f 18879 18919 18920
f 18879 18920 18921
f 18921 18920 18922
f 18921 18922 18923
f 18921 18923 18924
f 18924 18923 18925
f 18924 18925 18926
f 18926 18927 18924
f 18924 18927 18928
f 18924 18928 18929
f 18929 18928 18930
f 18931 18932 18933
f 18933 18932 18934
f 18934 18932 18935
f 18934 18935 18936
f 18936 18935 18937
f 18938 18939 18940
f 18940 18939 18941
f 18942 18943 18944
f 18944 18943 18945
f 18946 18947 18948
f 18948 18947 18949
f 18950 18951 18952
f 18952 18951 18953
f 18954 18955 18956
f 18956 18955 18957
f 18958 18959 18960
f 18960 18959 18961
f 18962 18963 18964
f 18964 18963 18965
f 18966 18967 18968
f 18968 18967 18969
f 18970 18971 18972
f 18972 18971 18973
f 18974 18975 18976
f 18976 18975 18977
f 18978 18979 18980
f 18980 18979 18981
f 18982 18983 18984
f 18984 18983 18985
f 18986 18987 18988
f 18988 18987 18989
f 18990 18991 18992
f 18992 18991 18993
f 18994 18995 18996
f 18996 18995 18997
f 18998 18999 19000
f 19000 18999 19001
f 19000 19001 19002
f 19002 19001 19003
f 19002 19003 19004
f 19004 19005 19002
f 19002 19005 19006
f 19006 19005 19007
f 19006 19007 19008
f 19008 19009 19006
f 19010 19011 19012
f 19012 19011 19013
f 19013 19011 19014
f 19013 19014 19015
f 19013 19015 19016
f 19016 19015 19017
f 19016 19017 19018
f 19018 19019 19016
f 19016 19019 19020
f 19020 19019 19021
f 19020 19021 19022
f 19022 19023 19020
f 19020 19023 19024
f 19024 19023 19025
f 19024 19025 19026
f 19026 19025 19027
f 19026 19027 19028
f 19028 19027 19029
f 19028 19029 19030
f 19030 19029 19031
f 19030 19031 19032
f 19030 19032 19033
f 19033 19032 19034
f 19033 19034 19035
f 19035 19034 19036
f 19035 19036 19037
f 19037 19036 19038
f 19037 19038 19039
f 19037 19039 19040
f 19040 19039 19041
f 19040 19041 19042
f 19042 19041 19043
f 19042 19043 19044
f 19044 19043 19045
f 19044 19045 19046
f 19046 19045 19047
f 19046 19047 19048
f 19048 19049 19046
f 19046 19049 19050
f 19050 19049 19051
f 19050 19051 19052
f 19052 19053 19050
f 19050 19053 19054
f 19054 19053 19055
f 19054 19055 19056
f 19057 19058 19056
f 19056 19058 19054
f 19059 19060 19061
f 19061 19060 19062
f 19061 19062 19063
f 19063 19062 19064
f 19064 19062 19065
f 19065 19062 19066
f 19066 19062 19067
f 19066 19067 19068
f 19068 19067 19069
f 19069 19067 19070
f 19069 19070 19071
f 19071 19070 19072
f 19072 19070 19073
f 19073 19070 19074
f 19073 19074 19075
f 19075 19074 19076
f 19075 19076 19077
f 19077 19076 19078
f 19078 19076 19079
f 19078 19079 19080
f 19080 19079 19081
f 19080 19081 19082
f 19082 19081 19083
f 19082 19083 19084
f 19084 19083 19085
f 19085 19083 19086
f 19085 19086 19087
f 19087 19086 19088
f 19088 19086 19089
f 19088 19089 19090
f 19090 19089 19091
f 19090 19091 19092
f 19092 19091 19093
f 19092 19093 19094
f 19094 19093 19095
f 19095 19093 19096
f 19095 19096 19097
f 19097 19096 19098
f 19097 19098 19099
f 19099 19098 19100
f 19100 19098 19101
f 19101 19098 19102
f 19101 19102 19103
f 19103 19102 19104
f 19104 19102 19105
f 19104 19105 19106
f 19106 19105 19107
f 19107 19105 19108
f 19108 19105 19109
f 19109 19105 19110
f 19109 19110 19111
f 19112 19113 19114
f 19114 19113 19115
f 19115 19113 19116
f 19115 19116 19117
f 19117 19116 19118
f 19117 19118 19119
f 19119 19118 19120
f 19120 19118 19121
f 19122 19123 19124
f 19124 19123 19125
f 19126 19127 19128
f 19128 19127 19129
f 19130 19131 19132
f 19132 19131 19133
f 19134 19135 19136
f 19136 19135 19137
f 19138 19139 19140
f 19140 19139 19141
f 19142 19143 19144
f 19144 19143 19145
f 19146 19147 19148
f 19148 19147 19149
f 19150 19151 19152
f 19152 19151 19153
f 19154 19155 19156
f 19156 19155 19157
f 19158 19159 19160
f 19160 19159 19161
f 19162 19163 19164
f 19164 19163 19165
f 19166 19167 19168
f 19168 19167 19169
f 19170 19171 19172
f 19172 19171 19173
f 19174 19175 19176
f 19176 19175 19177
f 19178 19179 19180
f 19180 19179 19181
f 19182 19183 19184
f 19184 19183 19185
f 19185 19183 19186
f 19185 19186 19187
f 19185 19187 19188
f 19188 19187 19189
f 19188 19189 19190
f 19190 19191 19188
f 19188 19191 19192
f 19192 19191 19193
f 19192 19193 19194
f 19194 19195 19192
f 19192 19195 19196
f 19196 19195 19197
f 19196 19197 19198
f 19198 19197 19199
f 19198 19199 19200
f 19200 19199 19201
f 19200 19201 19202
f 19202 19201 19203
f 19202 19203 19204
f 19202 19204 19205
f 19205 19204 19206
f 19205 19206 19207
f 19207 19206 19208
f 19207 19208 19209
f 19209 19208 19210
f 19209 19210 19211
f 19209 19211 19212
f 19212 19211 19213
f 19212 19213 19214
f 19214 19213 19215
f 19214 19215 19216
f 19216 19215 19217
f 19216 19217 19218
f 19218 19217 19219
f 19218 19219 19220
f 19220 19221 19218
f 19218 19221 19222
f 19222 19221 19223
f 19222 19223 19224
f 19224 19225 19222
f 19222 19225 19226
f 19226 19225 19227
f 19226 19227 19228
f 19229 19230 19228
f 19228 19230 19226
f 19231 19232 19233
f 19233 19232 19234
f 19234 19232 19235
f 19234 19235 19236
f 19236 19237 19234
f 19238 19239 19240
f 19240 19239 19241
f 19240 19241 19242
f 19242 19241 19243
f 19242 19243 19244
f 19244 19243 19245
f 19245 19243 19246
f 19245 19246 19247
f 19247 19246 19248
f 19247 19248 19249
f 19249 19248 19250
f 19249 19250 19251
f 19251 19250 19252
f 19252 19250 19253
f 19252 19253 19254
f 19254 19253 19255
f 19255 19253 19256
f 19255 19256 19257
f 19257 19256 19258
f 19257 19258 19259
f 19259 19258 19260
f 19259 19260 19261
f 19261 19260 19262
f 19262 19260 19263
f 19262 19263 19264
f 19264 19263 19265
f 19264 19265 19266
f 19266 19265 19267
f 19267 19265 19268
f 19268 19265 19269
f 19268 19269 19270
f 19270 19269 19271
f 19271 19269 19272
f 19271 19272 19273
f 19273 19272 19274
f 19274 19272 19275
f 19275 19272 19276
f 19276 19272 19277
f 19276 19277 19278
f 19238 19279 19239
f 19239 19279 19280
f 19239 19280 19281
f 19281 19280 19282
f 19281 19282 19283
f 19281 19283 19284
f 19284 19283 19285
f 19284 19285 19286
f 19286 19287 19284
f 19284 19287 19288
f 19284 19288 19289
f 19289 19288 19290
f 19291 19292 19293
f 19293 19292 19294
f 19293 19294 19295
f 19296 19297 19291
f 19291 19297 19298
f 19291 19298 19299
f 19300 19301 19296
f 19296 19301 19297
f 19299 19302 19291
f 19291 19302 19292
f 19295 19303 19293
f 19304 19305 19306
f 19306 19305 19307
f 19308 19309 19310
f 19310 19309 19311
f 19312 19313 19314
f 19314 19313 19315
f 19316 19317 19318
f 19318 19317 19319
f 19320 19321 19322
f 19322 19321 19323
f 19324 19325 19326
f 19326 19325 19327
f 19328 19329 19330
f 19330 19329 19331
f 19332 19333 19334
f 19334 19333 19335
f 19336 19337 19338
f 19338 19337 19339
f 19340 19341 19342
f 19342 19341 19343
f 19344 19345 19346
f 19346 19345 19347
f 19348 19349 19350
f 19350 19349 19351
f 19352 19353 19354
f 19354 19353 19355
f 19356 19357 19358
f 19358 19357 19359
f 19360 19361 19362
f 19362 19361 19363
f 19364 19365 19366
f 19366 19365 19367
f 19366 19367 19368
f 19368 19367 19369
f 19370 19371 19372
f 19372 19371 19373
f 19372 19373 19374
f 19370 19375 19371
f 19371 19375 19376
f 19371 19376 19377
f 19371 19377 19378
f 19378 19377 19379
f 19378 19379 19380
f 19380 19381 19378
f 19378 19381 19382
f 19382 19381 19383
f 19382 19383 19384
f 19384 19385 19382
f 19382 19385 19386
f 19386 19385 19387
f 19386 19387 19388
f 19388 19387 19389
f 19388 19389 19390
f 19390 19389 19391
f 19390 19391 19392
f 19392 19391 19393
f 19392 19393 19394
f 19392 19394 19395
f 19395 19394 19396
f 19395 19396 19397
f 19397 19396 19398
f 19397 19398 19399
f 19399 19398 19400
f 19399 19400 19401
f 19399 19401 19402
f 19402 19401 19403
f 19402 19403 19404
f 19404 19403 19405
f 19404 19405 19406
f 19406 19405 19407
f 19406 19407 19408
f 19408 19407 19409
f 19408 19409 19410
f 19410 19411 19408
f 19408 19411 19412
f 19412 19411 19413
f 19412 19413 19414
f 19414 19415 19412
f 19412 19415 19416
f 19416 19415 19417
f 19416 19417 19418
f 19418 19419 19416
f 19416 19419 19420
f 19416 19420 19421
f 19421 19420 19422
f 19423 19424 19425
f 19425 19424 19426
f 19425 19426 19427
f 19428 19429 19423
f 19423 19429 19430
f 19423 19430 19431
f 19431 19424 19423
f 19425 19427 19432
f 19432 19427 19433
f 19432 19433 19434
f 19434 19433 19435
f 19434 19435 19436
f 19436 19437 19434
f 19434 19437 19438
f 19438 19437 19439
f 19438 19439 19440
f 19440 19439 19441
f 19440 19441 19442
f 19442 19441 19443
f 19442 19443 19444
f 19444 19443 19445
f 19445 19443 19446
f 19445 19446 19447
f 19447 19446 19448
f 19448 19446 19449
f 19449 19446 19450
f 19450 19446 19451
f 19451 19446 19452
f 19452 19446 19453
f 19453 19446 19454
f 19443 19455 19446
f 19446 19455 19456
f 19446 19456 19457
f 19442 19444 19458
f 19458 19444 19459
f 19458 19459 19460
f 19458 19460 19461
f 19461 19460 19462
f 19461 19462 19463
f 19461 19463 19464
f 19464 19463 19465
f 19464 19465 19466
f 19466 19465 19467
f 19466 19467 19468
f 19466 19468 19469
f 19469 19468 19470
f 19469 19470 19471
f 19471 19470 19472
f 19471 19472 19473
f 19473 19474 19471
f 19471 19474 19475
f 19471 19475 19476
f 19476 19477 19471
f 19471 19477 19478
f 19471 19478 19479
f 19479 19480 19471
f 19481 19482 19471
f 19471 19482 19483
f 19471 19483 19484
f 19484 19485 19471
f 19471 19485 19486
f 19471 19486 19469
f 19485 19487 19486
f 19486 19487 19488
f 19488 19487 19489
f 19488 19489 19490
f 19490 19489 19491
f 19490 19491 19492
f 19492 19491 19493
f 19492 19493 19494
f 19494 19495 19492
f 19492 19495 19496
f 19496 19495 19497
f 19496 19497 19498
f 19498 19497 19499
f 19498 19499 19500
f 19500 19501 19498
f 19498 19501 19502
f 19502 19501 19503
f 19502 19503 19504
f 19504 19505 19502
f 19502 19505 19506
f 19496 19498 19507
f 19507 19498 19508
f 19507 19508 19509
f 19507 19509 19510
f 19510 19509 19511
f 19510 19511 19512
f 19512 19511 19513
f 19512 19513 19514
f 19514 19513 19515
f 19515 19513 19516
f 19515 19516 19517
f 19517 19516 19518
f 19518 19516 19519
f 19518 19519 19520
f 19520 19519 19521
f 19521 19519 19522
f 19521 19522 19523
f 19523 19522 19524
f 19524 19522 19525
f 19524 19525 19526
f 19526 19525 19527
f 19527 19525 19528
f 19527 19528 19529
f 19529 19528 19530
f 19529 19530 19531
f 19531 19530 19532
f 19531 19532 19425
f 19432 19531 19425
f 19533 19534 19535
f 19535 19534 19536
f 19537 19538 19539
f 19540 19541 19542
f 19543 19544 19545
f 19546 19547 19548
f 19549 19550 19551
f 19552 19553 19554
f 19555 19556 19557
f 19558 19559 19560
f 19561 19562 19563
f 19564 19565 19566
f 19567 19568 19569
f 19570 19571 19572
f 19573 19574 19575
f 19576 19577 19578
f 19579 19580 19581
f 19582 19583 19584
f 19585 19586 19587
f 19588 19589 19590
f 19591 19592 19593
f 19594 19595 19596
f 19597 19598 19599
f 19600 19601 19602
f 19603 19604 19605
f 19606 19607 19608
f 19609 19610 19611
f 19612 19613 19614
f 19615 19616 19617
f 19618 19619 19620
f 19621 19622 19623
f 19624 19625 19626
f 19627 19628 19629
f 19630 19631 19632
f 19633 19634 19635
f 19636 19637 19638
f 19639 19640 19641
f 19642 19643 19644
f 19642 19644 19645
f 19646 19647 19648
f 19649 19650 19651
f 19652 19653 19654
f 19654 19653 19655
f 19656 19657 19658
f 19659 19660 19661
f 19662 19663 19664
f 19665 19666 19667
f 19668 19669 19670
f 19671 19672 19673
f 19674 19675 19676
f 19677 19678 19679
f 19680 19681 19682
f 19683 19684 19685
f 19686 19687 19688
f 19689 19690 19691
f 19692 19693 19694
f 19695 19696 19697
f 19698 19699 19700
f 19701 19702 19703
f 19704 19705 19706
f 19707 19708 19709
f 19710 19711 19712
f 19713 19714 19715
f 19716 19717 19718
f 19719 19720 19721
f 19722 19723 19724
f 19725 19726 19727
f 19728 19729 19730
f 19731 19732 19733
f 19734 19735 19736
f 19737 19738 19739
f 19740 19741 19742
f 19743 19744 19745
f 19746 19747 19748
f 19749 19750 19751
f 19752 19753 19754
f 19755 19756 19757
f 19758 19759 19760
f 19761 19758 19762
f 19762 19758 19760
f 19763 19537 19764
f 19764 19537 19539
f 19765 19546 19766
f 19766 19546 19548
f 19767 19555 19768
f 19768 19555 19557
f 19769 19561 19770
f 19770 19561 19563
f 19771 19567 19772
f 19772 19567 19569
f 19773 19573 19774
f 19774 19573 19575
f 19775 19582 19776
f 19776 19582 19584
f 19777 19591 19778
f 19778 19591 19593
f 19779 19600 19780
f 19780 19600 19602
f 19781 19609 19782
f 19782 19609 19611
f 19783 19615 19784
f 19784 19615 19617
f 19785 19621 19786
f 19786 19621 19623
f 19787 19627 19788
f 19788 19627 19629
f 19789 19636 19790
f 19790 19636 19638
f 19791 19642 19792
f 19792 19642 19645
f 19793 19652 19794
f 19794 19652 19654
f 19795 19659 19796
f 19796 19659 19661
f 19797 19668 19798
f 19798 19668 19670
f 19799 19674 19800
f 19800 19674 19676
f 19801 19680 19802
f 19802 19680 19682
f 19803 19686 19804
f 19804 19686 19688
f 19805 19695 19806
f 19806 19695 19697
f 19807 19704 19808
f 19808 19704 19706
f 19809 19713 19810
f 19810 19713 19715
f 19811 19722 19812
f 19812 19722 19724
f 19813 19728 19814
f 19814 19728 19730
f 19815 19734 19816
f 19816 19734 19736
f 19817 19740 19818
f 19818 19740 19742
f 19819 19749 19820
f 19820 19749 19751
f 19821 19822 19823
f 19823 19822 19824
f 19825 19826 19827
f 19827 19826 19828
f 19829 19830 19831
f 19831 19830 19832
f 19833 19834 19835
f 19835 19834 19836
f 19837 19838 19839
f 19839 19838 19840
f 19841 19842 19843
f 19843 19842 19844
f 19845 19846 19847
f 19847 19846 19848
f 19849 19850 19851
f 19851 19850 19852
f 19853 19854 19855
f 19855 19854 19856
f 19857 19858 19859
f 19859 19858 19860
f 19861 19862 19863
f 19863 19862 19864
f 19865 19866 19867
f 19867 19866 19868
f 19869 19870 19871
f 19871 19870 19872
f 19873 19874 19875
f 19875 19874 19876
f 19877 19878 19879
f 19879 19878 19880
f 19881 19882 19883
f 19883 19882 19884
f 19885 19886 19887
f 19887 19886 19888
f 19889 19890 19891
f 19891 19890 19892
f 19893 19894 19895
f 19895 19894 19896
f 19897 19898 19899
f 19899 19898 19900
f 19901 19902 19903
f 19903 19902 19904
f 19905 19906 19907
f 19907 19906 19908
f 19909 19910 19911
f 19911 19910 19912
f 19913 19914 19915
f 19915 19914 19916
f 19917 19918 19919
f 19919 19918 19920
f 19921 19922 19923
f 19923 19922 19924
f 19925 19926 19927
f 19927 19926 19928
f 19929 19930 19931
f 19931 19930 19932
f 19933 19934 19935
f 19935 19934 19936
f 19937 19938 19939
f 19939 19938 19940
f 19941 19942 19943
f 19943 19942 19944
f 19945 19946 19947
f 19947 19946 19948
f 19949 19950 19951
f 19951 19950 19952
f 19953 19954 19955
f 19955 19954 19956
f 19957 19958 19959
f 19959 19958 19960
f 19961 19962 19963
f 19963 19962 19964
f 19965 19966 19967
f 19967 19966 19968
f 19969 19970 19971
f 19971 19970 19972
f 19973 19974 19975
f 19975 19974 19976
f 19977 19978 19979
f 19979 19978 19980
f 19981 19982 19983
f 19983 19982 19984
f 19985 19986 19987
f 19987 19986 19988
f 19989 19990 19991
f 19991 19990 19992
f 19991 19992 19993
f 19993 19992 19994
f 19993 19994 19995
f 19995 19994 19996
f 19995 19996 19997
f 19997 19996 19998
f 19997 19998 19999
f 19997 19999 20000
f 20000 19999 20001
f 20000 20001 20002
f 20002 20001 20003
f 20002 20003 20004
f 20002 20004 20005
f 20005 20004 20006
f 20005 20006 20007
f 20007 20006 20008
f 20007 20008 20009
f 20007 20009 20010
f 20010 20009 20011
f 20010 20011 20012
f 20012 20011 20013
f 20012 20013 20014
f 20014 20013 20015
f 20014 20015 20016
f 20014 20016 20017
f 20017 20016 20018
f 20017 20018 20019
f 20019 20018 20020
f 20019 20020 20021
f 20019 20021 20022
f 20022 20021 20023
f 20022 20023 20024
f 20024 20023 20025
f 20024 20025 20026
f 20026 20025 20027
f 20026 20027 20028
f 20026 20028 20029
f 20029 20028 20030
f 20029 20030 20031
f 20031 20030 20032
f 20031 20032 20033
f 20033 20032 20034
f 20033 20034 20035
f 20033 20035 20036
f 20036 20035 20037
f 20036 20037 20038
f 20038 20037 20039
f 20038 20039 20040
f 20038 20040 20041
f 20041 20040 20042
f 20041 20042 20043
f 20043 20042 20044
f 20043 20044 20045
f 20043 20045 20046
f 20046 20045 20047
f 20046 20047 20048
f 20048 20047 20049
f 20048 20049 20050
f 20050 20049 20051
f 20050 20051 20052
f 20050 20052 20053
f 20053 20052 20054
f 20053 20054 20055
f 20055 20054 20056
f 20055 20056 20057
f 20055 20057 20058
f 20058 20057 20059
f 20058 20059 20060
f 20060 20059 19989
f 20060 19989 19991
f 20061 20062 20063
f 20064 20065 20066
f 20064 20066 20067
f 20068 20069 20070
f 20071 20072 20073
f 20074 20075 20076
f 20077 20078 20079
f 20080 20081 20082
f 20083 20084 20085
f 20086 20087 20088
f 20089 20090 20091
f 20092 20093 20094
f 20095 20096 20097
f 20098 20099 20100
f 20101 20102 20103
f 20104 20105 20106
f 20107 20108 20109
f 20110 20111 20112
f 20113 20114 20115
f 20116 20117 20118
f 20119 20120 20121
f 20122 20123 20124
f 20125 20126 20127
f 20128 20129 20130
f 20131 20132 20133
f 20134 20135 20136
f 20137 20138 20139
f 20140 20141 20142
f 20143 20144 20145
f 20146 20147 20148
f 20149 20150 20151
f 20152 20153 20154
f 20155 20156 20157
f 20158 20159 20160
f 20161 20162 20163
f 20164 20165 20166
f 20167 20168 20169
f 20170 20171 20172
f 20172 20171 20173
f 20174 20175 20176
f 20177 20178 20179
f 20180 20181 20182
f 20180 20182 20183
f 20184 20185 20186
f 20187 20188 20189
f 20190 20191 20192
f 20193 20194 20195
f 20196 20197 20198
f 20199 20200 20201
f 20202 20203 20204
f 20205 20206 20207
f 20208 20209 20210
f 20211 20212 20213
f 20214 20215 20216
f 20217 20218 20219
f 20220 20221 20222
f 20223 20224 20225
f 20226 20227 20228
f 20229 20230 20231
f 20232 20233 20234
f 20235 20236 20237
f 20238 20239 20240
f 20241 20242 20243
f 20244 20245 20246
f 20247 20248 20249
f 20250 20251 20252
f 20253 20254 20255
f 20256 20257 20258
f 20259 20260 20261
f 20262 20263 20264
f 20265 20266 20267
f 20268 20269 20270
f 20271 20272 20273
f 20274 20275 20276
f 20277 20278 20279
f 20280 20281 20282
f 20283 20284 20285
f 20286 20287 20288
f 20289 20290 20291
f 20291 20290 20292
f 20293 20294 20295
f 20295 20294 20296
f 20297 20298 20299
f 20299 20298 20300
f 20301 20302 20303
f 20303 20302 20304
f 20305 20306 20307
f 20307 20306 20308
f 20309 20310 20311
f 20311 20310 20312
f 20313 20314 20315
f 20315 20314 20316
f 20317 20318 20319
f 20319 20318 20320
f 20321 20322 20323
f 20323 20322 20324
f 20325 20326 20327
f 20327 20326 20328
f 20329 20330 20331
f 20331 20330 20332
f 20333 20334 20335
f 20335 20334 20336
f 20337 20338 20339
f 20339 20338 20340
f 20341 20342 20343
f 20343 20342 20344
f 20345 20346 20347
f 20347 20346 20348
f 20349 20350 20351
f 20351 20350 20352
f 20353 20354 20355
f 20355 20354 20356
f 20357 20358 20359
f 20359 20358 20360
f 20361 20362 20363
f 20363 20362 20364
f 20365 20366 20367
f 20367 20366 20368
f 20369 20370 20371
f 20371 20370 20372
f 20373 20374 20375
f 20375 20374 20376
f 20377 20378 20379
f 20379 20378 20380
f 20381 20382 20383
f 20383 20382 20384
f 20385 20386 20387
f 20387 20386 20388
f 20389 20390 20391
f 20391 20390 20392
f 20393 20394 20395
f 20395 20394 20396
f 20397 20398 20399
f 20399 20398 20400
f 20401 20402 20403
f 20403 20402 20404
f 20405 20406 20407
f 20407 20406 20408
f 20409 20410 20411
f 20411 20410 20412
f 20413 20414 20415
f 20415 20414 20416
f 20417 20418 20419
f 20419 20418 20420
f 20421 20422 20423
f 20423 20422 20424
f 20425 20426 20427
f 20427 20426 20428
f 20429 20430 20431
f 20431 20430 20432
f 20433 20434 20435
f 20435 20434 20436
f 20437 20438 20439
f 20439 20438 20440
f 20441 20442 20443
f 20443 20442 20444
f 20445 20446 20447
f 20447 20446 20448
f 20449 20450 20451
f 20451 20450 20452
f 20453 20454 20455
f 20455 20454 20456
f 20457 20458 20459
f 20459 20458 20460
f 20461 20462 20463
f 20463 20462 20464
f 20465 20466 20467
f 20467 20466 20468
f 20469 20470 20471
f 20471 20470 20472
f 20473 20474 20475
f 20476 20428 20426
f 20477 20478 20479
f 20480 20481 20482
f 20483 20484 20485
f 20486 20487 20488
f 20488 20487 20489
f 20490 20424 20422
f 20491 20492 20493
f 20494 20495 20496
f 20497 20420 20418
f 20498 20499 20500
f 20501 20502 20503
f 20504 20416 20414
f 20505 20506 20507
f 20508 20509 20510
f 20511 20412 20410
f 20512 20513 20514
f 20515 20516 20517
f 20518 20519 20520
f 20521 20408 20406
f 20522 20523 20524
f 20525 20526 20527
f 20528 20529 20530
f 20531 20404 20402
f 20532 20533 20534
f 20535 20400 20398
f 20536 20537 20538
f 20539 20540 20541
f 20542 20543 20544
f 20545 20546 20547
f 20548 20396 20394
f 20549 20550 20551
f 20552 20553 20554
f 20555 20556 20557
f 20558 20559 20560
f 20561 20562 20563
f 20564 20565 20566
f 20567 20568 20569
f 20570 20571 20572
f 20573 20574 20575
f 20576 20577 20578
f 20579 20580 20581
f 20582 20583 20584
f 20585 20586 20587
f 20588 20589 20590
f 20591 20592 20593
f 20594 20595 20596
f 20597 20598 20599
f 20600 20601 20602
f 20603 20604 20605
f 20606 20607 20608
f 20609 20610 20611
f 20612 20613 20614
f 20615 20616 20617
f 20618 20619 20620
f 20621 20622 20623
f 20624 20625 20626
f 20627 20628 20629
f 20630 20631 20632
f 20633 20634 20635
f 20636 20637 20638
f 20639 20640 20641
f 20641 20640 20642
f 20643 20644 20645
f 20646 20647 20648
f 20649 20650 20651
f 20652 20653 20654
f 20655 20656 20657
f 20657 20656 20658
f 20659 20660 20661
f 20661 20660 20662
f 20663 20664 20665
f 20665 20664 20666
f 20667 20668 20669
f 20669 20668 20670
f 20671 20672 20673
f 20673 20672 20674
f 20675 20676 20677
f 20677 20676 20678
f 20679 20680 20681
f 20681 20680 20682
f 20683 20684 20685
f 20685 20684 20686
f 20687 20688 20689
f 20689 20688 20690
f 20691 20692 20693
f 20693 20692 20694
f 20695 20696 20697
f 20697 20696 20698
f 20699 20700 20701
f 20701 20700 20702
f 20703 20704 20705
f 20706 20707 20708
f 20709 20710 20711
f 20712 20713 20714
f 20712 20714 20352
f 20354 20715 20356
f 20713 20716 20714
f 20715 20717 20718
f 20715 20718 20356
f 20358 20719 20360
f 20717 20720 20718
f 20719 20721 20722
f 20719 20722 20360
f 20362 20723 20364
f 20721 20724 20722
f 20723 20725 20726
f 20723 20726 20364
f 20366 20727 20368
f 20725 20728 20726
f 20727 20729 20730
f 20727 20730 20368
f 20370 20731 20372
f 20729 20732 20730
f 20731 20733 20734
f 20731 20734 20372
f 20374 20735 20376
f 20733 20736 20734
f 20735 20737 20738
f 20735 20738 20376
f 20378 20739 20380
f 20737 20740 20738
f 20739 20741 20742
f 20739 20742 20380
f 20382 20743 20384
f 20741 20744 20742
f 20743 20745 20746
f 20743 20746 20384
f 20386 20747 20388
f 20745 20748 20746
f 20747 20749 20750
f 20747 20750 20388
f 20390 20751 20392
f 20749 20752 20750
f 20751 20753 20754
f 20751 20754 20392
f 20753 20755 20754
f 20565 20756 20566
f 20756 20757 20566
f 20580 20758 20581
f 20758 20759 20581
f 20586 20760 20587
f 20760 20761 20587
f 20598 20762 20599
f 20762 20763 20599
f 20610 20764 20611
f 20764 20765 20611
f 20619 20766 20620
f 20766 20767 20620
f 20628 20768 20629
f 20768 20769 20629
f 20637 20770 20638
f 20770 20771 20638
f 20650 20772 20651
f 20773 20774 20775
f 20776 20777 20778
f 20779 20316 20314
f 20780 20781 20782
f 20669 20312 20667
f 20783 20784 20785
f 20786 20787 20788
f 20789 20790 20791
f 20792 20793 20794
f 20318 20795 20320
f 20796 20797 20798
f 20799 20800 20801
f 20322 20802 20324
f 20803 20804 20805
f 20806 20807 20808
f 20326 20809 20328
f 20810 20811 20812
f 20813 20814 20815
f 20330 20816 20332
f 20817 20818 20819
f 20820 20821 20822
f 20823 20824 20825
f 20334 20826 20336
f 20827 20828 20829
f 20830 20831 20832
f 20338 20833 20340
f 20834 20835 20836
f 20837 20838 20839
f 20342 20840 20344
f 20841 20842 20843
f 20844 20845 20846
f 20847 20848 20849
f 20346 20850 20348
f 20851 20852 20853
f 20854 20855 20856
f 20857 20858 20859
f 20860 20861 20862
f 20863 20864 20865
f 20866 20867 20868
f 20869 20870 20871
f 20705 20872 20873
f 20705 20873 20703
f 20874 20875 20876
f 20877 20878 20879
f 20701 20880 20699
f 20881 20882 20883
f 20884 20885 20886
f 20697 20887 20695
f 20888 20889 20890
f 20891 20892 20893
f 20693 20894 20691
f 20895 20896 20897
f 20898 20899 20900
f 20901 20902 20903
f 20689 20904 20687
f 20905 20906 20907
f 20908 20909 20910
f 20685 20911 20683
f 20912 20913 20914
f 20915 20916 20917
f 20681 20918 20679
f 20919 20920 20921
f 20922 20923 20924
f 20677 20925 20675
f 20926 20927 20928
f 20929 20930 20931
f 20932 20933 20934
f 20935 20936 20937
f 20938 20939 20940
f 20294 20448 20296
f 20296 20448 20446
f 20298 20655 20300
f 20300 20655 20657
f 20302 20659 20304
f 20304 20659 20661
f 20306 20663 20308
f 20308 20663 20665
f 20310 20667 20312
f 20450 20292 20452
f 20452 20292 20290
f 20454 20444 20456
f 20456 20444 20442
f 20458 20440 20460
f 20460 20440 20438
f 20462 20436 20464
f 20464 20436 20434
f 20466 20432 20468
f 20468 20432 20430
f 20941 20709 20711
f 20712 20352 20350
f 20673 20779 20671
f 20942 20943 20944
f 20944 20943 20945
f 20946 20947 20948
f 20948 20947 20949
f 20950 20951 20952
f 20952 20951 20953
f 20954 20955 20956
f 20956 20955 20957
f 20958 20959 20960
f 20960 20959 20961
f 20962 20963 20964
f 20964 20963 20965
f 20966 20967 20968
f 20968 20967 20969
f 20970 20971 20972
f 20972 20971 20973
f 20974 20975 20976
f 20976 20975 20977
f 20978 20979 20980
f 20980 20979 20981
f 20982 20983 20984
f 20984 20983 20985
f 20986 20987 20988
f 20988 20987 20989
f 20990 20991 20992
f 20992 20991 20993
f 20994 20995 20996
f 20996 20995 20997
f 20998 20999 21000
f 21000 20999 21001
f 21002 21003 21004
f 21004 21003 21005
f 21006 21007 21008
f 21008 21007 21009
f 21010 21011 21012
f 21012 21011 21013
f 21014 21015 21016
f 21016 21015 21017
f 21018 21019 21020
f 21020 21019 21021
f 21022 21023 21024
f 21024 21023 21025
f 21026 21027 21028
f 21028 21027 21029
f 21030 21031 21032
f 21032 21031 21033
f 21034 21035 21036
f 21036 21035 21037
f 21038 21039 21040
f 21040 21039 21041
f 21042 21043 21044
f 21044 21043 21045
f 21046 21047 21048
f 21048 21047 21049
f 21050 21051 21052
f 21052 21051 21053
f 21054 21055 21056
f 21056 21055 21057
f 21058 21059 21060
f 21061 21062 21063
f 21064 21065 21066
f 21067 21068 21069
f 21070 21071 21072
f 21073 21074 21075
f 21073 21075 21076
f 21077 21078 21079
f 21080 21081 21082
f 21083 21084 21085
f 21086 21087 21088
f 21089 21090 21091
f 21092 21093 21094
f 21095 21096 21097
f 21098 21099 21100
f 21101 21102 21103
f 21104 21105 21106
f 21107 21108 21109
f 21110 21111 21112
f 21113 21114 21115
f 21116 21117 21118
f 21119 21120 21121
f 21122 21123 21124
f 21125 21126 21127
f 21128 21129 21130
f 21131 21132 21133
f 21134 21135 21136
f 21137 21138 21139
f 21140 21141 21142
f 21143 21144 21145
f 21146 21147 21148
f 21149 21150 21151
f 21152 21153 21154
f 21155 21156 21157
f 21158 21159 21160
f 21161 21162 21163
f 21164 21165 21166
f 21167 21168 21169
f 21170 21171 21172
f 21173 21174 21175
f 21176 21177 21178
f 21179 21180 21181
f 21182 21183 21184
f 21185 21186 21187
f 21188 21189 21190
f 21191 21192 21193
f 21194 21195 21196
f 21197 21198 21199
f 21200 21201 21202
f 21203 21204 21205
f 21206 21207 21208
f 21209 21210 21211
f 21212 21213 21214
f 21215 21216 21217
f 21218 21219 21220
f 21221 21222 21223
f 21224 21225 21226
f 21227 21228 21229
f 21230 21231 21232
f 21233 21234 21235
f 21236 21237 21238
f 21239 21240 21241
f 21242 21243 21244
f 21245 21246 21247
f 21248 21249 21250
f 21251 21252 21253
f 20947 21254 20949
f 20949 21254 21255
f 20951 21256 20953
f 20953 21256 21257
f 20955 21258 20957
f 20957 21258 21259
f 20959 21260 20961
f 20961 21260 21261
f 20963 21262 20965
f 20965 21262 21263
f 20967 21264 20969
f 20969 21264 21265
f 20971 21266 20973
f 20973 21266 21267
f 20975 21268 20977
f 20977 21268 21269
f 20979 21270 20981
f 20981 21270 21271
f 20983 21272 20985
f 20985 21272 21273
f 20987 21274 20989
f 20989 21274 21275
f 20991 21276 20993
f 20993 21276 21277
f 20995 21278 20997
f 20997 21278 21279
f 20999 21280 21001
f 21001 21280 21281
f 21003 21282 21005
f 21005 21282 21283
f 21007 21284 21009
f 21009 21284 21285
f 21011 21286 21013
f 21013 21286 21287
f 21015 21288 21017
f 21017 21288 21289
f 21019 21290 21021
f 21021 21290 21291
f 21023 21292 21025
f 21025 21292 21293
f 21027 21294 21029
f 21029 21294 21295
f 21031 21296 21033
f 21033 21296 21297
f 21035 21298 21037
f 21037 21298 21299
f 21039 21300 21041
f 21041 21300 21301
f 21043 21302 21045
f 21045 21302 21303
f 21047 21304 21049
f 21049 21304 21305
f 21051 21306 21053
f 21053 21306 21307
f 21055 21308 21057
f 21057 21308 21309
f 20943 21310 20945
f 20945 21310 21311
f 21254 21143 21255
f 21255 21143 21145
f 21256 21149 21257
f 21257 21149 21151
f 21258 21155 21259
f 21259 21155 21157
f 21260 21161 21261
f 21261 21161 21163
f 21262 21167 21263
f 21263 21167 21169
f 21264 21173 21265
f 21265 21173 21175
f 21266 21179 21267
f 21267 21179 21181
f 21268 21188 21269
f 21269 21188 21190
f 21270 21194 21271
f 21271 21194 21196
f 21272 21200 21273
f 21273 21200 21202
f 21274 21212 21275
f 21275 21212 21214
f 21276 21218 21277
f 21277 21218 21220
f 21278 21224 21279
f 21279 21224 21226
f 21280 21230 21281
f 21281 21230 21232
f 21282 21236 21283
f 21283 21236 21238
f 21284 21242 21285
f 21285 21242 21244
f 21286 21248 21287
f 21287 21248 21250
f 21288 21115 21289
f 21289 21115 21114
f 21290 21109 21291
f 21291 21109 21108
f 21292 21103 21293
f 21293 21103 21102
f 21294 21097 21295
f 21295 21097 21096
f 21296 21091 21297
f 21297 21091 21090
f 21298 21085 21299
f 21299 21085 21084
f 21300 21079 21301
f 21301 21079 21078
f 21302 21075 21303
f 21303 21075 21074
f 21304 21069 21305
f 21305 21069 21068
f 21306 21063 21307
f 21307 21063 21062
f 21308 21131 21309
f 21309 21131 21133
f 21310 21137 21311
f 21311 21137 21139
f 21312 21313 21314
f 21314 21313 21315
f 21315 21313 21316
f 21316 21313 21317
f 21316 21317 21318
f 21318 21317 21319
f 21320 21321 21322
f 21322 21321 21323
f 21324 21325 21326
f 21326 21325 21327
f 21327 21325 21328
f 21327 21328 21329
f 21330 21331 21332
f 21332 21331 21333
f 21334 21335 21336
f 21336 21335 21337
f 21336 21337 21338
f 21338 21337 21339
f 21340 21341 21342
f 21343 21344 21345
f 21346 21347 21348
f 21349 21350 21351
f 21352 21353 21354
f 21355 21356 21357
f 21358 21359 21360
f 21360 21359 21361
f 21362 21363 21364
f 21365 21366 21367
f 21368 21369 21370
f 21371 21372 21373
f 21374 21375 21376
f 21377 21378 21379
f 21380 21381 21382
f 21383 21384 21385
f 21386 21387 21388
f 21389 21390 21391
f 21392 21393 21394
f 21395 21396 21397
f 21398 21399 21400
f 21400 21399 21401
f 21402 21403 21404
f 21404 21403 21405
f 21404 21405 21406
f 21406 21405 21407
f 21408 21409 21410
f 21411 21412 21413
f 21414 21415 21416
f 21414 21416 21417
f 21353 21418 21354
f 21419 21420 21421
f 21422 21423 21424
f 21425 21426 21427
f 21425 21427 21428
f 21429 21430 21431
f 21432 21433 21434
f 21435 21436 21437
f 21438 21439 21440
f 21441 21442 21443
f 21444 21445 21446
f 21447 21448 21449
f 21446 21450 21451
f 21452 21453 21454
f 21455 21456 21457
f 21455 21457 21458
f 21459 21460 21461
f 21462 21463 21464
f 21465 21466 21467
f 21468 21469 21470
f 21471 21472 21473
f 21474 21475 21476
f 21477 21478 21479
f 21480 21481 21482
f 21480 21482 21483
f 21484 21485 21486
f 21487 21488 21489
f 21490 21491 21492
f 21493 21494 21495
f 21496 21497 21498
f 21499 21500 21501
f 21502 21503 21504
f 21505 21506 21507
f 21508 21509 21510
f 21511 21512 21513
f 21511 21513 21514
f 21515 21516 21517
f 21515 21517 21518
f 21519 21520 21521
f 21522 21523 21524
f 21525 21526 21527
f 21528 21529 21530
f 21531 21532 21533
f 21530 21534 21535
f 21536 21537 21538
f 21539 21540 21541
f 21514 21542 21543
f 21544 21545 21546
f 21418 21425 21547
f 21547 21425 21428
f 21548 21468 21549
f 21549 21468 21470
f 21550 21474 21551
f 21551 21474 21476
f 21552 21480 21553
f 21553 21480 21483
f 21554 21487 21555
f 21555 21487 21489
f 21556 21493 21557
f 21557 21493 21495
f 21558 21502 21559
f 21559 21502 21504
f 21361 21359 21548
f 21547 21354 21418
f 21361 21548 21549
f 21367 21366 21550
f 21367 21550 21551
f 21373 21372 21552
f 21373 21552 21553
f 21379 21378 21554
f 21379 21554 21555
f 21385 21384 21556
f 21385 21556 21557
f 21394 21393 21558
f 21394 21558 21559
f 21514 21543 21511
f 21519 21521 21560
f 21560 21521 21561
f 21561 21521 21562
f 21562 21521 21563
f 21563 21521 21564
f 21564 21521 21565
f 21564 21565 21566
f 21567 21568 21521
f 21521 21568 21569
f 21521 21569 21565
f 21567 21570 21568
f 21568 21570 21571
f 21568 21571 21572
f 21572 21571 21573
f 21572 21573 21574
f 21574 21575 21572
f 21572 21575 21576
f 21576 21575 21577
f 21576 21577 21578
f 21576 21578 21579
f 21579 21578 21580
f 21579 21580 21581
f 21581 21580 21582
f 21581 21582 21583
f 21581 21583 21584
f 21584 21583 21585
f 21584 21585 21586
f 21586 21585 21587
f 21586 21587 21588
f 21588 21587 21589
f 21588 21589 21590
f 21588 21590 21591
f 21591 21590 21592
f 21591 21592 21593
f 21593 21592 21594
f 21593 21594 21595
f 21593 21595 21596
f 21596 21595 21597
f 21596 21597 21598
f 21598 21599 21596
f 21596 21599 21600
f 21600 21599 21601
f 21600 21601 13896
f 13896 13895 21600
f 21600 13895 21602
f 21602 13895 21603
f 21602 21603 21604
f 21604 21603 21605
f 21604 21605 21606
f 21607 21608 13895
f 13895 21608 21609
f 13895 21609 21610
f 21610 21611 13895
f 13895 21611 21603
f 21612 21613 21606
f 21606 21613 21614
f 21606 21614 21604
f 21612 21615 21613
f 21616 21617 21613
f 21613 21617 21618
f 21613 21618 21619
f 21620 21621 21616
f 21616 21621 21622
f 21616 21622 21623
f 21624 21625 21620
f 21620 21625 21626
f 21620 21626 21627
f 21628 21629 21624
f 21624 21629 21630
f 21624 21630 21631
f 21629 21632 21630
f 21630 21632 21633
f 21630 21633 21566
f 21566 21633 21634
f 21566 21634 21564
f 21631 21635 21624
f 21624 21635 21636
f 21624 21636 21637
f 21637 21625 21624
f 21627 21638 21620
f 21620 21638 21639
f 21620 21639 21640
f 21640 21621 21620
f 21623 21641 21616
f 21616 21641 21642
f 21616 21642 21617
f 21619 21643 21613
f 21613 21643 21644
f 21613 21644 21614
f 21645 21646 21647
f 21648 21649 21650
f 21651 21652 21653
f 21654 21655 21656
f 21657 21658 21659
f 21660 21661 21662
f 21663 21664 21665
f 21665 21664 21666
f 21665 21666 21667
f 21668 21669 21670
f 21671 21672 21673
f 21674 21675 21676
f 21677 21678 21679
f 21680 21681 21682
f 21683 21684 21685
f 21686 21687 21688
f 21689 21690 21691
f 21692 21693 21694
f 21695 21696 21697
f 21698 21699 21700
f 21701 21702 21703
f 21704 21705 21706
f 21707 21708 21709
f 21707 21709 21710
f 21711 21712 21713
f 21714 21715 21716
f 21717 21718 21719
f 21720 21721 21722
f 21723 21724 21725
f 21723 21725 21726
f 21727 21728 21729
f 21727 21729 21730
f 21731 21732 21733
f 21734 21735 21736
f 21737 21738 21739
f 21740 21741 21742
f 21743 21744 21745
f 21746 21747 21748
f 21749 21750 21751
f 21751 21750 21752
f 21753 21754 21755
f 21756 21757 21758
f 21759 21760 21761
f 21762 21763 21764
f 21765 21766 21767
f 21768 21769 21770
f 21771 21772 21773
f 21774 21775 21776
f 21777 21778 21779
f 21780 21781 21782
f 21783 21784 21785
f 21786 21787 21788
f 21789 21790 21791
f 21792 21793 21794
f 13897 21795 13895
f 21796 21797 21798
f 21799 21800 21801
f 21802 21803 21804
f 21805 21806 21807
f 21807 21806 21808
f 21662 21661 21787
f 21787 21661 21788
f 21673 21672 21809
f 21809 21779 21810
f 21810 21779 21778
f 21811 21773 21812
f 21812 21773 21772
f 21813 21764 21814
f 21814 21764 21763
f 21815 21758 21816
f 21816 21758 21757
f 21817 21752 21818
f 21818 21752 21750
f 21819 21745 21820
f 21820 21745 21744
f 21821 21739 21822
f 21822 21739 21738
f 21823 21729 21728
f 21679 21678 21811
f 21810 21673 21809
f 21679 21811 21812
f 21685 21684 21813
f 21685 21813 21814
f 21691 21690 21815
f 21691 21815 21816
f 21697 21696 21817
f 21697 21817 21818
f 21703 21702 21819
f 21703 21819 21820
f 21709 21708 21821
f 21709 21821 21822
f 21716 21715 21823
f 21716 21823 21728

