# https://github.com/mikedh/trimesh

o thumb_dip-mesh
v 0.07925782 0.01140625 -0.03513581
v 0.07925782 0.01195312 -0.03357331
v 0.07925782 0.01054687 -0.03353425
v 0.07925782 0.01234375 -0.03189363
v 0.07925782 0.00953125 -0.03204987
v 0.07925782 0.01250000 -0.03025300
v 0.07925782 0.00828125 -0.03079988
v 0.07925782 0.01250000 -0.02861238
v 0.07925782 0.00679688 -0.02970613
v 0.07925782 0.01226562 -0.02693269
v 0.07925782 0.01195312 -0.02529206
v 0.07925782 0.00523438 -0.02884675
v 0.07925782 0.01140625 -0.02372956
v 0.07925782 0.00359375 -0.02822175
v 0.07925782 0.01070312 -0.02224519
v 0.07925782 0.00984375 -0.02079988
v 0.07925782 0.00179688 -0.02783113
v 0.07925782 0.00882813 -0.01947175
v 0.07925782 0.00765625 -0.01833894
v 0.07925782 0.00625000 -0.01728425
v 0.07925782 0.00000000 -0.02767488
v 0.07925782 0.00484375 -0.01646394
v 0.07925782 0.00328125 -0.01587800
v 0.07925782 0.00164063 -0.01548738
v 0.07925782 0.00000000 -0.01537019
v 0.07925782 -0.00164063 -0.01548738
v 0.07925782 -0.00328125 -0.01587800
v 0.07925782 -0.00476563 -0.01646394
v 0.07925782 -0.00625000 -0.01728425
v 0.07925782 -0.00171875 -0.02783113
v 0.07925782 -0.00757813 -0.01833894
v 0.07925782 -0.00875000 -0.01947175
v 0.07925782 -0.00976563 -0.02079988
v 0.07925782 -0.00351563 -0.02822175
v 0.07925782 -0.01070312 -0.02224519
v 0.07925782 -0.01140625 -0.02372956
v 0.07925782 -0.00515625 -0.02884675
v 0.07925782 -0.01187500 -0.02529206
v 0.07925782 -0.00679688 -0.02970613
v 0.07925782 -0.01226562 -0.02693269
v 0.07925782 -0.01242187 -0.02861238
v 0.07925782 -0.00820313 -0.03079988
v 0.07925782 -0.01242187 -0.03025300
v 0.07925782 -0.00945313 -0.03204987
v 0.07925782 -0.01226562 -0.03189363
v 0.07925782 -0.01054687 -0.03353425
v 0.07925782 -0.01187500 -0.03357331
v 0.07925782 -0.01140625 -0.03513581
v -0.00113281 -0.05500000 -0.05337800
v -0.00355469 -0.05515625 -0.05337800
v -0.00355469 -0.04921875 -0.05337800
v -0.00605469 -0.05500000 -0.05337800
v -0.00550781 -0.04898437 -0.05337800
v -0.00847656 -0.05437500 -0.05337800
v -0.00738281 -0.04835937 -0.05337800
v -0.01074219 -0.05335937 -0.05337800
v -0.00902344 -0.04734375 -0.05337800
v -0.01277344 -0.05203125 -0.05337800
v -0.01457031 -0.05031250 -0.05337800
v -0.01042969 -0.04601562 -0.05337800
v -0.01613281 -0.04835937 -0.05337800
v -0.01152344 -0.04437500 -0.05337800
v -0.01730469 -0.04617187 -0.05337800
v -0.01222656 -0.04257812 -0.05337800
v -0.01808594 -0.04382812 -0.05337800
v -0.01855469 -0.04140625 -0.05337800
v -0.01253906 -0.04070312 -0.05337800
v -0.01855469 -0.03890625 -0.05337800
v -0.01246094 -0.03875000 -0.05337800
v -0.01808594 -0.03648437 -0.05337800
v -0.01191406 -0.03687500 -0.05337800
v -0.01730469 -0.03414062 -0.05337800
v -0.01105469 -0.03515625 -0.05337800
v -0.01613281 -0.03195313 -0.05337800
v -0.01457031 -0.03000000 -0.05337800
v -0.00972656 -0.03367187 -0.05337800
v -0.01277344 -0.02835938 -0.05337800
v -0.00824219 -0.03250000 -0.05337800
v -0.01074219 -0.02695313 -0.05337800
v -0.00644531 -0.03164063 -0.05337800
v -0.00847656 -0.02601563 -0.05337800
v -0.00605469 -0.02539063 -0.05337800
v -0.00457031 -0.03125000 -0.05337800
v -0.00355469 -0.02515625 -0.05337800
v -0.00261719 -0.03125000 -0.05337800
v -0.00113281 -0.02539063 -0.05337800
v -0.00066406 -0.03164063 -0.05337800
v 0.00128906 -0.02601563 -0.05337800
v 0.00355469 -0.02695313 -0.05337800
v 0.00105469 -0.03250000 -0.05337800
v 0.00566406 -0.02835938 -0.05337800
v 0.00261719 -0.03367187 -0.05337800
v 0.00746094 -0.03000000 -0.05337800
v 0.00386719 -0.03515625 -0.05337800
v 0.00894531 -0.03195313 -0.05337800
v 0.01019531 -0.03414062 -0.05337800
v 0.00480469 -0.03687500 -0.05337800
v 0.01097656 -0.03648437 -0.05337800
v 0.00527344 -0.03875000 -0.05337800
v 0.01136719 -0.03890625 -0.05337800
v 0.00542969 -0.04070312 -0.05337800
v 0.01136719 -0.04140625 -0.05337800
v 0.00511719 -0.04257812 -0.05337800
v 0.01097656 -0.04382812 -0.05337800
v 0.01019531 -0.04617187 -0.05337800
v 0.00441406 -0.04437500 -0.05337800
v 0.00894531 -0.04835937 -0.05337800
v 0.00332031 -0.04601562 -0.05337800
v 0.00746094 -0.05031250 -0.05337800
v 0.00183594 -0.04734375 -0.05337800
v 0.00566406 -0.05203125 -0.05337800
v 0.00355469 -0.05335937 -0.05337800
v 0.00019531 -0.04835937 -0.05337800
v 0.00128906 -0.05437500 -0.05337800
v -0.00160156 -0.04898437 -0.05337800
v -0.00097656 0.02734375 -0.05337800
v -0.00277344 0.02718750 -0.06837800
v -0.00339844 0.02718750 -0.05337800
v -0.00339844 0.02718750 -0.05337800
v -0.00277344 0.02718750 -0.06837800
v -0.00488281 0.02726563 -0.06837800
v -0.00339844 0.02718750 -0.05337800
v -0.00488281 0.02726563 -0.06837800
v -0.00589844 0.02734375 -0.05337800
v -0.00589844 0.02734375 -0.05337800
v -0.00488281 0.02726563 -0.06837800
v -0.00699219 0.02757813 -0.06837800
v -0.00589844 0.02734375 -0.05337800
v -0.00699219 0.02757813 -0.06837800
v -0.00832031 0.02796875 -0.05337800
v -0.00832031 0.02796875 -0.05337800
v -0.00699219 0.02757813 -0.06837800
v -0.00910156 0.02828125 -0.06833895
v -0.00832031 0.02796875 -0.05337800
v -0.00910156 0.02828125 -0.06833895
v -0.01058594 0.02898438 -0.05337800
v -0.01058594 0.02898438 -0.05337800
v -0.00910156 0.02828125 -0.06833895
v -0.01105469 0.02921875 -0.06829988
v -0.01058594 0.02898438 -0.05337800
v -0.01105469 0.02921875 -0.06829988
v -0.01105469 0.02921875 -0.05837800
v -0.00277344 0.02718750 -0.06837800
v -0.00097656 0.02734375 -0.05337800
v -0.00066406 0.02742188 -0.06837800
v -0.00066406 0.02742188 -0.06837800
v -0.00097656 0.02734375 -0.05337800
v 0.00144531 0.02796875 -0.05337800
v -0.00066406 0.02742188 -0.06837800
v 0.00144531 0.02796875 -0.05337800
v 0.00136719 0.02796875 -0.06833895
v 0.00136719 0.02796875 -0.06833895
v 0.00144531 0.02796875 -0.05337800
v 0.00339844 0.02882813 -0.06829988
v 0.00339844 0.02882813 -0.06829988
v 0.00144531 0.02796875 -0.05337800
v 0.00371094 0.02898438 -0.05337800
v 0.00339844 0.02882813 -0.06829988
v 0.00371094 0.02898438 -0.05337800
v 0.00527344 0.02992188 -0.06822175
v 0.00527344 0.02992188 -0.06822175
v 0.00371094 0.02898438 -0.05337800
v 0.00582031 0.03031250 -0.05337800
v 0.00527344 0.02992188 -0.06822175
v 0.00582031 0.03031250 -0.05337800
v 0.00691406 0.03125000 -0.06810456
v 0.00691406 0.03125000 -0.06810456
v 0.00582031 0.03031250 -0.05337800
v 0.00761719 0.03203125 -0.05337800
v 0.00691406 0.03125000 -0.06810456
v 0.00761719 0.03203125 -0.05337800
v 0.00824219 0.03281250 -0.06790925
v 0.00824219 0.03281250 -0.06790925
v 0.00761719 0.03203125 -0.05337800
v 0.00910156 0.03398437 -0.05337800
v 0.00824219 0.03281250 -0.06790925
v 0.00910156 0.03398437 -0.05337800
v 0.00949219 0.03453125 -0.06763581
v 0.00949219 0.03453125 -0.06763581
v 0.00910156 0.03398437 -0.05337800
v 0.01027344 0.03617187 -0.05337800
v 0.00949219 0.03453125 -0.06763581
v 0.01027344 0.03617187 -0.05337800
v 0.01042969 0.03648437 -0.06728425
v 0.01042969 0.03648437 -0.06728425
v 0.01027344 0.03617187 -0.05337800
v 0.01113281 0.03851562 -0.05337800
v 0.01113281 0.03843750 -0.06681550
v 0.01113281 0.03843750 -0.06681550
v 0.01113281 0.03851562 -0.05337800
v 0.01144531 0.04046875 -0.06622956
v 0.01144531 0.04046875 -0.06622956
v 0.01113281 0.03851562 -0.05337800
v 0.01152344 0.04093750 -0.05337800
v 0.01144531 0.04046875 -0.06622956
v 0.01152344 0.04093750 -0.05337800
v 0.01160156 0.04250000 -0.06560456
v 0.01160156 0.04250000 -0.06560456
v 0.01152344 0.04093750 -0.05337800
v 0.01152344 0.04343750 -0.05337800
v 0.01160156 0.04250000 -0.06560456
v 0.01152344 0.04343750 -0.05337800
v 0.01136719 0.04445312 -0.06486238
v 0.01136719 0.04445312 -0.06486238
v 0.01152344 0.04343750 -0.05337800
v 0.01113281 0.04585937 -0.05337800
v 0.01136719 0.04445312 -0.06486238
v 0.01113281 0.04585937 -0.05337800
v 0.01097656 0.04640625 -0.06404206
v 0.01097656 0.04640625 -0.06404206
v 0.01113281 0.04585937 -0.05337800
v 0.01027344 0.04820312 -0.05337800
v 0.01097656 0.04640625 -0.06404206
v 0.01027344 0.04820312 -0.05337800
v 0.01027344 0.04828125 -0.06314362
v 0.01027344 0.04828125 -0.06314362
v 0.01027344 0.04820312 -0.05337800
v 0.00933594 0.05000000 -0.06224518
v 0.00933594 0.05000000 -0.06224518
v 0.01027344 0.04820312 -0.05337800
v 0.00910156 0.05039062 -0.05337800
v 0.00933594 0.05000000 -0.06224518
v 0.00910156 0.05039062 -0.05337800
v 0.00824219 0.05164062 -0.06134675
v 0.00824219 0.05164062 -0.06134675
v 0.00910156 0.05039062 -0.05337800
v 0.00761719 0.05234375 -0.05337800
v 0.00824219 0.05164062 -0.06134675
v 0.00761719 0.05234375 -0.05337800
v 0.00691406 0.05304687 -0.06048737
v 0.00691406 0.05304687 -0.06048737
v 0.00761719 0.05234375 -0.05337800
v 0.00582031 0.05398437 -0.05337800
v 0.00691406 0.05304687 -0.06048737
v 0.00582031 0.05398437 -0.05337800
v 0.00542969 0.05429687 -0.05962800
v 0.00542969 0.05429687 -0.05962800
v 0.00582031 0.05398437 -0.05337800
v 0.00371094 0.05539062 -0.05337800
v 0.00542969 0.05429687 -0.05962800
v 0.00371094 0.05539062 -0.05337800
v 0.00371094 0.05531250 -0.05888581
v 0.00371094 0.05531250 -0.05888581
v 0.00371094 0.05539062 -0.05337800
v 0.00183594 0.05617187 -0.05826081
v 0.00183594 0.05617187 -0.05826081
v 0.00371094 0.05539062 -0.05337800
v 0.00144531 0.05632812 -0.05337800
v 0.00183594 0.05617187 -0.05826081
v 0.00144531 0.05632812 -0.05337800
v -0.00019531 0.05679687 -0.05779206
v -0.00019531 0.05679687 -0.05779206
v 0.00144531 0.05632812 -0.05337800
v -0.00097656 0.05695312 -0.05337800
v -0.00019531 0.05679687 -0.05779206
v -0.00097656 0.05695312 -0.05337800
v -0.00222656 0.05710937 -0.05755768
v -0.00222656 0.05710937 -0.05755768
v -0.00097656 0.05695312 -0.05337800
v -0.00339844 0.05718750 -0.05337800
v -0.00222656 0.05710937 -0.05755768
v -0.00339844 0.05718750 -0.05337800
v -0.00433594 0.05710937 -0.05751862
v -0.00433594 0.05710937 -0.05751862
v -0.00339844 0.05718750 -0.05337800
v -0.00589844 0.05695312 -0.05337800
v -0.00433594 0.05710937 -0.05751862
v -0.00589844 0.05695312 -0.05337800
v -0.00636719 0.05687500 -0.05775300
v -0.00636719 0.05687500 -0.05775300
v -0.00589844 0.05695312 -0.05337800
v -0.00832031 0.05632812 -0.05337800
v -0.00636719 0.05687500 -0.05775300
v -0.00832031 0.05632812 -0.05337800
v -0.00839844 0.05632812 -0.05814362
v -0.00839844 0.05632812 -0.05814362
v -0.00832031 0.05632812 -0.05337800
v -0.01027344 0.05546875 -0.05876862
v -0.01027344 0.05546875 -0.05876862
v -0.00832031 0.05632812 -0.05337800
v -0.01058594 0.05539062 -0.05337800
v -0.01027344 0.05546875 -0.05876862
v -0.01058594 0.05539062 -0.05337800
v -0.01207031 0.05445312 -0.05951081
v -0.01207031 0.05445312 -0.05951081
v -0.01058594 0.05539062 -0.05337800
v -0.01261719 0.05398437 -0.05337800
v -0.01207031 0.05445312 -0.05951081
v -0.01261719 0.05398437 -0.05337800
v -0.01355469 0.05320312 -0.06033112
v -0.01355469 0.05320312 -0.06033112
v -0.01261719 0.05398437 -0.05337800
v -0.01355469 0.05320312 -0.05837800
v -0.01355469 0.05320312 -0.05837800
v -0.01261719 0.05398437 -0.05337800
v -0.01449219 0.05234375 -0.05337800
v -0.01355469 0.05320312 -0.05837800
v -0.01449219 0.05234375 -0.05337800
v -0.01519531 0.05148437 -0.05837800
v -0.01519531 0.05148437 -0.05837800
v -0.01449219 0.05234375 -0.05337800
v -0.01597656 0.05039062 -0.05337800
v -0.01519531 0.05148437 -0.05837800
v -0.01597656 0.05039062 -0.05337800
v -0.01644531 0.04960937 -0.05837800
v -0.01644531 0.04960937 -0.05837800
v -0.01597656 0.05039062 -0.05337800
v -0.01714844 0.04820312 -0.05337800
v -0.01644531 0.04960937 -0.05837800
v -0.01714844 0.04820312 -0.05337800
v -0.01746094 0.04750000 -0.05837800
v -0.01746094 0.04750000 -0.05837800
v -0.01714844 0.04820312 -0.05337800
v -0.01800781 0.04585937 -0.05337800
v -0.01746094 0.04750000 -0.05837800
v -0.01800781 0.04585937 -0.05337800
v -0.01808594 0.04523437 -0.05837800
v -0.01808594 0.04523437 -0.05837800
v -0.01800781 0.04585937 -0.05337800
v -0.01839844 0.04343750 -0.05337800
v -0.01808594 0.04523437 -0.05837800
v -0.01839844 0.04343750 -0.05337800
v -0.01808594 0.04523437 -0.06837800
v -0.01808594 0.04523437 -0.06837800
v -0.01839844 0.04343750 -0.05337800
v -0.01839844 0.04320312 -0.06837800
v -0.01839844 0.04320312 -0.06837800
v -0.01839844 0.04343750 -0.05337800
v -0.01839844 0.04117187 -0.06837800
v -0.01839844 0.04093750 -0.05337800
v -0.01839844 0.04117187 -0.06837800
v -0.01839844 0.04093750 -0.05337800
v -0.01816406 0.03914062 -0.06837800
v -0.01816406 0.03914062 -0.06837800
v -0.01839844 0.04093750 -0.05337800
v -0.01800781 0.03851562 -0.05337800
v -0.01816406 0.03914062 -0.06837800
v -0.01800781 0.03851562 -0.05337800
v -0.01761719 0.03718750 -0.06837800
v -0.01761719 0.03718750 -0.06837800
v -0.01800781 0.03851562 -0.05337800
v -0.01761719 0.03718750 -0.05837800
v -0.01761719 0.03718750 -0.05837800
v -0.01800781 0.03851562 -0.05337800
v -0.01714844 0.03617187 -0.05337800
v -0.01761719 0.03718750 -0.05837800
v -0.01714844 0.03617187 -0.05337800
v -0.01675781 0.03531250 -0.05837800
v -0.01675781 0.03531250 -0.05837800
v -0.01714844 0.03617187 -0.05337800
v -0.01597656 0.03398437 -0.05337800
v -0.01675781 0.03531250 -0.05837800
v -0.01597656 0.03398437 -0.05337800
v -0.01566406 0.03351562 -0.05837800
v -0.01566406 0.03351562 -0.05837800
v -0.01597656 0.03398437 -0.05337800
v -0.01449219 0.03203125 -0.05337800
v -0.01566406 0.03351562 -0.05837800
v -0.01449219 0.03203125 -0.05337800
v -0.01433594 0.03187500 -0.05837800
v -0.01433594 0.03187500 -0.05837800
v -0.01449219 0.03203125 -0.05337800
v -0.01261719 0.03031250 -0.05337800
v -0.01433594 0.03187500 -0.05837800
v -0.01261719 0.03031250 -0.05337800
v -0.01277344 0.03039063 -0.05837800
v -0.01277344 0.03039063 -0.05837800
v -0.01261719 0.03031250 -0.05337800
v -0.01105469 0.02921875 -0.05837800
v -0.01105469 0.02921875 -0.05837800
v -0.01261719 0.03031250 -0.05337800
v -0.01058594 0.02898438 -0.05337800
v -0.00097656 0.02734375 -0.05337800
v -0.00339844 0.02718750 -0.05337800
v -0.00339844 0.03312500 -0.05337800
v -0.00589844 0.02734375 -0.05337800
v -0.00535156 0.03335937 -0.05337800
v -0.00832031 0.02796875 -0.05337800
v -0.00722656 0.03398437 -0.05337800
v -0.01058594 0.02898438 -0.05337800
v -0.00886719 0.03500000 -0.05337800
v -0.01261719 0.03031250 -0.05337800
v -0.01449219 0.03203125 -0.05337800
v -0.01027344 0.03632812 -0.05337800
v -0.01597656 0.03398437 -0.05337800
v -0.01136719 0.03796875 -0.05337800
v -0.01714844 0.03617187 -0.05337800
v -0.01207031 0.03976562 -0.05337800
v -0.01800781 0.03851562 -0.05337800
v -0.01839844 0.04093750 -0.05337800
v -0.01238281 0.04164062 -0.05337800
v -0.01839844 0.04343750 -0.05337800
v -0.01230469 0.04359375 -0.05337800
v -0.01800781 0.04585937 -0.05337800
v -0.01175781 0.04546875 -0.05337800
v -0.01714844 0.04820312 -0.05337800
v -0.01089844 0.04718750 -0.05337800
v -0.01597656 0.05039062 -0.05337800
v -0.01449219 0.05234375 -0.05337800
v -0.00964844 0.04867187 -0.05337800
v -0.01261719 0.05398437 -0.05337800
v -0.00808594 0.04984375 -0.05337800
v -0.01058594 0.05539062 -0.05337800
v -0.00628906 0.05070312 -0.05337800
v -0.00832031 0.05632812 -0.05337800
v -0.00589844 0.05695312 -0.05337800
v -0.00441406 0.05109375 -0.05337800
v -0.00339844 0.05718750 -0.05337800
v -0.00246094 0.05109375 -0.05337800
v -0.00097656 0.05695312 -0.05337800
v -0.00058594 0.05070312 -0.05337800
v 0.00144531 0.05632812 -0.05337800
v 0.00371094 0.05539062 -0.05337800
v 0.00121094 0.04984375 -0.05337800
v 0.00582031 0.05398437 -0.05337800
v 0.00277344 0.04867187 -0.05337800
v 0.00761719 0.05234375 -0.05337800
v 0.00402344 0.04718750 -0.05337800
v 0.00910156 0.05039062 -0.05337800
v 0.01027344 0.04820312 -0.05337800
v 0.00496094 0.04546875 -0.05337800
v 0.01113281 0.04585937 -0.05337800
v 0.00542969 0.04359375 -0.05337800
v 0.01152344 0.04343750 -0.05337800
v 0.00558594 0.04164062 -0.05337800
v 0.01152344 0.04093750 -0.05337800
v 0.00527344 0.03976562 -0.05337800
v 0.01113281 0.03851562 -0.05337800
v 0.01027344 0.03617187 -0.05337800
v 0.00449219 0.03796875 -0.05337800
v 0.00910156 0.03398437 -0.05337800
v 0.00339844 0.03632812 -0.05337800
v 0.00761719 0.03203125 -0.05337800
v 0.00199219 0.03500000 -0.05337800
v 0.00582031 0.03031250 -0.05337800
v 0.00371094 0.02898438 -0.05337800
v 0.00035156 0.03398437 -0.05337800
v 0.00144531 0.02796875 -0.05337800
v -0.00152344 0.03335937 -0.05337800
v -0.01808594 0.04523437 -0.06837800
v -0.01839844 0.04320312 -0.06837800
v -0.03441406 0.04523437 -0.06837800
v -0.01839844 0.04117187 -0.06837800
v -0.03441406 0.03718750 -0.06837800
v -0.01816406 0.03914062 -0.06837800
v -0.01761719 0.03718750 -0.06837800
v -0.01785156 -0.04476562 -0.06837800
v -0.03441406 -0.04476562 -0.06837800
v -0.01832031 -0.04281250 -0.06837800
v -0.01855469 -0.04078125 -0.06837800
v -0.03441406 -0.03679687 -0.06837800
v -0.01847656 -0.03875000 -0.06837800
v -0.01816406 -0.03679687 -0.06837800
v -0.03441406 0.04523437 -0.06837800
v -0.03441406 0.03718750 -0.06837800
v -0.03933594 0.04523437 -0.06564363
v -0.03933594 0.03718750 -0.06564363
v -0.03933594 0.04523437 -0.06564363
v -0.03933594 0.03718750 -0.06564363
v -0.04402344 0.04523437 -0.06255768
v -0.04402344 0.03718750 -0.06255768
v -0.04402344 0.04523437 -0.06255768
v -0.04402344 0.03718750 -0.06255768
v -0.04847656 0.04523437 -0.05912018
v -0.04847656 0.03718750 -0.05912018
v -0.04847656 0.04523437 -0.05912018
v -0.04847656 0.03718750 -0.05912018
v -0.05269531 0.04523437 -0.05537018
v -0.05269531 0.03718750 -0.05537018
v -0.05269531 0.04523437 -0.05537018
v -0.05269531 0.03718750 -0.05537018
v -0.05660156 0.04523437 -0.05134675
v -0.05660156 0.03718750 -0.05134675
v -0.05660156 0.04523437 -0.05134675
v -0.05660156 0.03718750 -0.05134675
v -0.06019531 0.04523437 -0.04701081
v -0.06019531 0.03718750 -0.04701081
v -0.06019531 0.04523437 -0.04701081
v -0.06019531 0.03718750 -0.04701081
v -0.06347656 0.04523437 -0.04244050
v -0.06347656 0.03718750 -0.04244050
v -0.06347656 0.04523437 -0.04244050
v -0.06347656 0.03718750 -0.04244050
v -0.06636719 0.04523437 -0.03767487
v -0.06636719 0.03718750 -0.03767487
v -0.06636719 0.04523437 -0.03767487
v -0.06636719 0.03718750 -0.03767487
v -0.06894532 0.04523437 -0.03267487
v -0.06894532 0.03718750 -0.03267487
v -0.06894532 0.04523437 -0.03267487
v -0.06894532 0.03718750 -0.03267487
v -0.07113282 0.04523437 -0.02747956
v -0.07113282 0.03718750 -0.02747956
v -0.07113282 0.04523437 -0.02747956
v -0.07113282 0.03718750 -0.02747956
v -0.07300782 0.04523437 -0.02216706
v -0.07300782 0.03718750 -0.02216706
v -0.07300782 0.04523437 -0.02216706
v -0.07300782 0.03718750 -0.02216706
v -0.07441407 0.04523437 -0.01673738
v -0.07441407 0.03718750 -0.01673738
v -0.07441407 0.04523437 -0.01673738
v -0.07441407 0.03718750 -0.01673738
v -0.07542969 0.04523437 -0.01122956
v -0.07542969 0.03718750 -0.01122956
v -0.07542969 0.04523437 -0.01122956
v -0.07542969 0.03718750 -0.01122956
v -0.07605469 0.04523437 -0.00564363
v -0.07605469 0.03718750 -0.00564363
v -0.07605469 0.04523437 -0.00564363
v -0.07605469 0.03718750 -0.00564363
v -0.07621094 0.04523437 -0.00001862
v -0.07621094 0.03718750 -0.00001862
v -0.07621094 0.04523437 -0.00001862
v -0.07621094 0.03718750 -0.00001862
v -0.07605469 0.04523437 0.00560638
v -0.07605469 0.03718750 0.00560638
v -0.07605469 0.04523437 0.00560638
v -0.07605469 0.03718750 0.00560638
v -0.07542969 0.04523437 0.01119231
v -0.07542969 0.03718750 0.01119231
v -0.07542969 0.04523437 0.01119231
v -0.07542969 0.03718750 0.01119231
v -0.07441407 0.04523437 0.01673919
v -0.07441407 0.03718750 0.01673919
v -0.07441407 0.04523437 0.01673919
v -0.07441407 0.03718750 0.01673919
v -0.07300782 0.04523437 0.02216888
v -0.07300782 0.03718750 0.02216888
v -0.07300782 0.04523437 0.02216888
v -0.07300782 0.03718750 0.02216888
v -0.07113282 0.04523437 0.02748138
v -0.07113282 0.03718750 0.02748138
v -0.07113282 0.04523437 0.02748138
v -0.07113282 0.03718750 0.02748138
v -0.06894532 0.04523437 0.03263763
v -0.06894532 0.03718750 0.03263763
v -0.06894532 0.04523437 0.03263763
v -0.06894532 0.03718750 0.03263763
v -0.06636719 0.04523437 0.03763763
v -0.06636719 0.03718750 0.03763763
v -0.06636719 0.04523437 0.03763763
v -0.06636719 0.03718750 0.03763763
v -0.06347656 0.04523437 0.04244231
v -0.06347656 0.03718750 0.04244231
v -0.06347656 0.04523437 0.04244231
v -0.06347656 0.03718750 0.04244231
v -0.06019531 0.04523437 0.04701263
v -0.06019531 0.03718750 0.04701263
v -0.06019531 0.04523437 0.04701263
v -0.06019531 0.03718750 0.04701263
v -0.05660156 0.04523437 0.05130950
v -0.05660156 0.03718750 0.05130950
v -0.05660156 0.04523437 0.05130950
v -0.05660156 0.03718750 0.05130950
v -0.05269531 0.04523437 0.05537200
v -0.05269531 0.03718750 0.05537200
v -0.05269531 0.04523437 0.05537200
v -0.05269531 0.03718750 0.05537200
v -0.04847656 0.04523437 0.05912200
v -0.04847656 0.03718750 0.05912200
v -0.04847656 0.04523437 0.05912200
v -0.04847656 0.03718750 0.05912200
v -0.04402344 0.04523437 0.06252044
v -0.04402344 0.03718750 0.06252044
v -0.04402344 0.04523437 0.06252044
v -0.04402344 0.03718750 0.06252044
v -0.03933594 0.04523437 0.06560638
v -0.03933594 0.03718750 0.06560638
v -0.03933594 0.04523437 0.06560638
v -0.03933594 0.03718750 0.06560638
v -0.03441406 0.04523437 0.06837983
v -0.03441406 0.03718750 0.06837983
v -0.01191406 0.04523437 0.06837983
v -0.03441406 0.04523437 0.06837983
v -0.01230469 0.04359375 0.06837983
v -0.01246094 0.04195312 0.06837983
v -0.03441406 0.03718750 0.06837983
v -0.01222656 0.04031250 0.06837983
v -0.01175781 0.03867187 0.06837983
v -0.01097656 0.03718750 0.06837983
v -0.01128906 -0.04476562 0.06837983
v -0.01199219 -0.04328125 0.06837983
v -0.03441406 -0.04476562 0.06837983
v -0.01246094 -0.04164062 0.06837983
v -0.01253906 -0.04000000 0.06837983
v -0.03441406 -0.03679687 0.06837983
v -0.01238281 -0.03835937 0.06837983
v -0.01191406 -0.03679687 0.06837983
v -0.01332031 -0.02875000 -0.05837800
v -0.01496094 -0.03046875 -0.05837800
v -0.03191406 -0.02875000 -0.05837800
v -0.01636719 -0.03242187 -0.05837800
v -0.01746094 -0.03453125 -0.05837800
v -0.01816406 -0.03679687 -0.05837800
v -0.03191406 -0.03679687 -0.05837800
v -0.03191406 -0.03679687 0.05837981
v -0.03191406 -0.02875000 0.05837981
v -0.03636719 -0.03679687 0.05564544
v -0.03636719 -0.02875000 0.05564544
v -0.03636719 -0.03679687 0.05564544
v -0.03636719 -0.02875000 0.05564544
v -0.04066406 -0.03679687 0.05255950
v -0.04066406 -0.02875000 0.05255950
v -0.04066406 -0.03679687 0.05255950
v -0.04066406 -0.02875000 0.05255950
v -0.04464844 -0.03679687 0.04916106
v -0.04464844 -0.02875000 0.04916106
v -0.04464844 -0.03679687 0.04916106
v -0.04464844 -0.02875000 0.04916106
v -0.04839844 -0.03679687 0.04545013
v -0.04839844 -0.02875000 0.04545013
v -0.04839844 -0.03679687 0.04545013
v -0.04839844 -0.02875000 0.04545013
v -0.05183594 -0.03679687 0.04142669
v -0.05183594 -0.02875000 0.04142669
v -0.05183594 -0.03679687 0.04142669
v -0.05183594 -0.02875000 0.04142669
v -0.05496094 -0.03679687 0.03720794
v -0.05496094 -0.02875000 0.03720794
v -0.05496094 -0.03679687 0.03720794
v -0.05496094 -0.02875000 0.03720794
v -0.05769531 -0.03679687 0.03271575
v -0.05769531 -0.02875000 0.03271575
v -0.05769531 -0.03679687 0.03271575
v -0.05769531 -0.02875000 0.03271575
v -0.06003906 -0.03679687 0.02802825
v -0.06003906 -0.02875000 0.02802825
v -0.06003906 -0.03679687 0.02802825
v -0.06003906 -0.02875000 0.02802825
v -0.06207031 -0.03679687 0.02318450
v -0.06207031 -0.02875000 0.02318450
v -0.06207031 -0.03679687 0.02318450
v -0.06207031 -0.02875000 0.02318450
v -0.06371094 -0.03679687 0.01818450
v -0.06371094 -0.02875000 0.01818450
v -0.06371094 -0.03679687 0.01818450
v -0.06371094 -0.02875000 0.01818450
v -0.06496094 -0.03679687 0.01306731
v -0.06496094 -0.02875000 0.01306731
v -0.06496094 -0.03679687 0.01306731
v -0.06496094 -0.02875000 0.01306731
v -0.06574219 -0.03679687 0.00787200
v -0.06574219 -0.02875000 0.00787200
v -0.06574219 -0.03679687 0.00787200
v -0.06574219 -0.02875000 0.00787200
v -0.06621094 -0.03679687 0.00263763
v -0.06621094 -0.02875000 0.00263763
v -0.06621094 -0.03679687 0.00263763
v -0.06621094 -0.02875000 0.00263763
v -0.06621094 -0.03679687 -0.00263581
v -0.06621094 -0.02875000 -0.00263581
v -0.06621094 -0.03679687 -0.00263581
v -0.06621094 -0.02875000 -0.00263581
v -0.06574219 -0.03679687 -0.00787019
v -0.06574219 -0.02875000 -0.00787019
v -0.06574219 -0.03679687 -0.00787019
v -0.06574219 -0.02875000 -0.00787019
v -0.06496094 -0.03679687 -0.01306550
v -0.06496094 -0.02875000 -0.01306550
v -0.06496094 -0.03679687 -0.01306550
v -0.06496094 -0.02875000 -0.01306550
v -0.06371094 -0.03679687 -0.01818269
v -0.06371094 -0.02875000 -0.01818269
v -0.06371094 -0.03679687 -0.01818269
v -0.06371094 -0.02875000 -0.01818269
v -0.06207031 -0.03679687 -0.02318269
v -0.06207031 -0.02875000 -0.02318269
v -0.06207031 -0.03679687 -0.02318269
v -0.06207031 -0.02875000 -0.02318269
v -0.06003906 -0.03679687 -0.02802644
v -0.06003906 -0.02875000 -0.02802644
v -0.06003906 -0.03679687 -0.02802644
v -0.06003906 -0.02875000 -0.02802644
v -0.05769531 -0.03679687 -0.03271393
v -0.05769531 -0.02875000 -0.03271393
v -0.05769531 -0.03679687 -0.03271393
v -0.05769531 -0.02875000 -0.03271393
v -0.05496094 -0.03679687 -0.03720612
v -0.05496094 -0.02875000 -0.03720612
v -0.05496094 -0.03679687 -0.03720612
v -0.05496094 -0.02875000 -0.03720612
v -0.05183594 -0.03679687 -0.04146393
v -0.05183594 -0.02875000 -0.04146393
v -0.05183594 -0.03679687 -0.04146393
v -0.05183594 -0.02875000 -0.04146393
v -0.04839844 -0.03679687 -0.04544831
v -0.04839844 -0.02875000 -0.04544831
v -0.04839844 -0.03679687 -0.04544831
v -0.04839844 -0.02875000 -0.04544831
v -0.04464844 -0.03679687 -0.04915925
v -0.04464844 -0.02875000 -0.04915925
v -0.04464844 -0.03679687 -0.04915925
v -0.04464844 -0.02875000 -0.04915925
v -0.04066406 -0.03679687 -0.05255768
v -0.04066406 -0.02875000 -0.05255768
v -0.04066406 -0.03679687 -0.05255768
v -0.04066406 -0.02875000 -0.05255768
v -0.03636719 -0.03679687 -0.05564362
v -0.03636719 -0.02875000 -0.05564362
v -0.03636719 -0.03679687 -0.05564362
v -0.03636719 -0.02875000 -0.05564362
v -0.03191406 -0.03679687 -0.05837800
v -0.03191406 -0.02875000 -0.05837800
v -0.03191406 -0.03679687 0.05837981
v -0.01191406 -0.03679687 0.05837981
v -0.03191406 -0.02875000 0.05837981
v -0.02144531 -0.01250000 0.05837981
v -0.02261719 -0.01242187 0.05837981
v -0.02027344 -0.01242187 0.05837981
v -0.01105469 -0.03515625 0.05837981
v -0.01902344 -0.01218750 0.05837981
v -0.01777344 -0.01195312 0.05837981
v -0.00988281 -0.03375000 0.05837981
v -0.01667969 -0.01156250 0.05837981
v -0.00847656 -0.03265625 0.05837981
v -0.01558594 -0.01101562 0.05837981
v -0.01449219 -0.01039062 0.05837981
v -0.00683594 -0.03179688 0.05837981
v -0.01347656 -0.00960938 0.05837981
v -0.01261719 -0.00882813 0.05837981
v -0.00511719 -0.03132813 0.05837981
v -0.01175781 -0.00796875 0.05837981
v -0.00324219 -0.03117188 0.05837981
v -0.01105469 -0.00695313 0.05837981
v -0.01035156 -0.00585938 0.05837981
v -0.00144531 -0.03140625 0.05837981
v -0.00988281 -0.00476563 0.05837981
v 0.00027344 -0.03203125 0.05837981
v -0.00941406 -0.00367188 0.05837981
v -0.00917969 -0.00242188 0.05837981
v 0.00183594 -0.03296875 0.05837981
v -0.00894531 -0.00117188 0.05837981
v 0.00316406 -0.03421875 0.05837981
v -0.00886719 0.00000000 0.05837981
v 0.00316406 0.03601562 0.05837981
v -0.00894531 0.00125000 0.05837981
v 0.00175781 0.03484375 0.05837981
v -0.00917969 0.00242188 0.05837981
v 0.00019531 0.03390625 0.05837981
v -0.00941406 0.00367188 0.05837981
v -0.00988281 0.00484375 0.05837981
v -0.00152344 0.03335937 0.05837981
v -0.01035156 0.00585938 0.05837981
v -0.00332031 0.03320312 0.05837981
v -0.01105469 0.00695313 0.05837981
v -0.01175781 0.00796875 0.05837981
v -0.00511719 0.03328125 0.05837981
v -0.01261719 0.00882813 0.05837981
v -0.00683594 0.03382812 0.05837981
v -0.01347656 0.00968750 0.05837981
v -0.01449219 0.01039062 0.05837981
v -0.00839844 0.03468750 0.05837981
v -0.01558594 0.01101562 0.05837981
v -0.01667969 0.01156250 0.05837981
v -0.00980469 0.03578125 0.05837981
v -0.01777344 0.01195312 0.05837981
v -0.01902344 0.01226562 0.05837981
v -0.01097656 0.03718750 0.05837981
v -0.02027344 0.01242187 0.05837981
v -0.02144531 0.01250000 0.05837981
v -0.03191406 0.02921875 0.05837981
v -0.02261719 0.01242187 0.05837981
v -0.02386719 0.01226562 0.05837981
v -0.02511719 0.01195312 0.05837981
v -0.02621094 0.01156250 0.05837981
v -0.02730469 0.01109375 0.05837981
v -0.02839844 0.01039062 0.05837981
v -0.02941406 0.00968750 0.05837981
v -0.03035156 0.00890625 0.05837981
v -0.03113281 0.00796875 0.05837981
v -0.03183594 0.00695313 0.05837981
v -0.04933594 0.02921875 0.05837981
v -0.03253906 0.00585938 0.05837981
v -0.03300781 0.00484375 0.05837981
v -0.03347656 0.00367188 0.05837981
v -0.03371094 0.00242188 0.05837981
v -0.03394531 0.00125000 0.05837981
v -0.03402344 0.00000000 0.05837981
v -0.04933594 -0.02875000 0.05837981
v -0.03394531 -0.00117188 0.05837981
v -0.03371094 -0.00242188 0.05837981
v -0.03347656 -0.00367188 0.05837981
v -0.03300781 -0.00476563 0.05837981
v -0.03253906 -0.00585938 0.05837981
v -0.03183594 -0.00695313 0.05837981
v -0.03113281 -0.00796875 0.05837981
v -0.03035156 -0.00882813 0.05837981
v -0.02941406 -0.00960938 0.05837981
v -0.02839844 -0.01039062 0.05837981
v -0.02730469 -0.01101562 0.05837981
v -0.02621094 -0.01156250 0.05837981
v -0.02511719 -0.01195312 0.05837981
v -0.02386719 -0.01226562 0.05837981
v -0.03191406 0.03718750 0.05837981
v -0.01097656 0.03718750 0.05837981
v -0.01097656 0.03718750 0.06837983
v -0.03191406 0.03718750 0.05837981
v -0.03441406 0.03718750 0.06837983
v -0.03636719 0.03718750 0.05564544
v -0.03933594 0.03718750 0.06560638
v -0.04066406 0.03718750 0.05255950
v -0.04402344 0.03718750 0.06252044
v -0.04464844 0.03718750 0.04916106
v -0.04847656 0.03718750 0.05912200
v -0.04839844 0.03718750 0.04545013
v -0.05269531 0.03718750 0.05537200
v -0.05183594 0.03718750 0.04142669
v -0.05660156 0.03718750 0.05130950
v -0.05496094 0.03718750 0.03720794
v -0.06019531 0.03718750 0.04701263
v -0.05769531 0.03718750 0.03271575
v -0.06347656 0.03718750 0.04244231
v -0.06003906 0.03718750 0.02802825
v -0.06636719 0.03718750 0.03763763
v -0.06207031 0.03718750 0.02318450
v -0.06894532 0.03718750 0.03263763
v -0.06371094 0.03718750 0.01818450
v -0.07113282 0.03718750 0.02748138
v -0.06496094 0.03718750 0.01306731
v -0.07300782 0.03718750 0.02216888
v -0.07441407 0.03718750 0.01673919
v -0.06574219 0.03718750 0.00787200
v -0.07542969 0.03718750 0.01119231
v -0.06621094 0.03718750 0.00263763
v -0.07605469 0.03718750 0.00560638
v -0.07621094 0.03718750 -0.00001862
v -0.06621094 0.03718750 -0.00263581
v -0.07605469 0.03718750 -0.00564363
v -0.07542969 0.03718750 -0.01122956
v -0.06574219 0.03718750 -0.00787019
v -0.07441407 0.03718750 -0.01673738
v -0.06496094 0.03718750 -0.01306550
v -0.07300782 0.03718750 -0.02216706
v -0.07113282 0.03718750 -0.02747956
v -0.06371094 0.03718750 -0.01818269
v -0.06894532 0.03718750 -0.03267487
v -0.06207031 0.03718750 -0.02318269
v -0.06636719 0.03718750 -0.03767487
v -0.06003906 0.03718750 -0.02802644
v -0.06347656 0.03718750 -0.04244050
v -0.05769531 0.03718750 -0.03271393
v -0.06019531 0.03718750 -0.04701081
v -0.05496094 0.03718750 -0.03720612
v -0.05660156 0.03718750 -0.05134675
v -0.05183594 0.03718750 -0.04146393
v -0.05269531 0.03718750 -0.05537018
v -0.04839844 0.03718750 -0.04544831
v -0.04847656 0.03718750 -0.05912018
v -0.04464844 0.03718750 -0.04915925
v -0.04402344 0.03718750 -0.06255768
v -0.04066406 0.03718750 -0.05255768
v -0.03933594 0.03718750 -0.06564363
v -0.03636719 0.03718750 -0.05564362
v -0.03441406 0.03718750 -0.06837800
v -0.03191406 0.03718750 -0.05837800
v -0.01761719 0.03718750 -0.06837800
v -0.01761719 0.03718750 -0.05837800
v -0.01761719 0.03718750 -0.05837800
v -0.01675781 0.03531250 -0.05837800
v -0.03191406 0.03718750 -0.05837800
v -0.01566406 0.03351562 -0.05837800
v -0.03191406 0.02921875 -0.05837800
v -0.01433594 0.03187500 -0.05837800
v -0.01277344 0.03039063 -0.05837800
v -0.01105469 0.02921875 -0.05837800
v -0.03191406 0.02921875 0.05837981
v -0.03191406 0.03718750 0.05837981
v -0.03636719 0.02921875 0.05564544
v -0.03636719 0.03718750 0.05564544
v -0.03636719 0.02921875 0.05564544
v -0.03636719 0.03718750 0.05564544
v -0.04066406 0.02921875 0.05255950
v -0.04066406 0.03718750 0.05255950
v -0.04066406 0.02921875 0.05255950
v -0.04066406 0.03718750 0.05255950
v -0.04464844 0.02921875 0.04916106
v -0.04464844 0.03718750 0.04916106
v -0.04464844 0.02921875 0.04916106
v -0.04464844 0.03718750 0.04916106
v -0.04839844 0.02921875 0.04545013
v -0.04839844 0.03718750 0.04545013
v -0.04839844 0.02921875 0.04545013
v -0.04839844 0.03718750 0.04545013
v -0.05183594 0.02921875 0.04142669
v -0.05183594 0.03718750 0.04142669
v -0.05183594 0.02921875 0.04142669
v -0.05183594 0.03718750 0.04142669
v -0.05496094 0.02921875 0.03720794
v -0.05496094 0.03718750 0.03720794
v -0.05496094 0.02921875 0.03720794
v -0.05496094 0.03718750 0.03720794
v -0.05769531 0.02921875 0.03271575
v -0.05769531 0.03718750 0.03271575
v -0.05769531 0.02921875 0.03271575
v -0.05769531 0.03718750 0.03271575
v -0.06003906 0.02921875 0.02802825
v -0.06003906 0.03718750 0.02802825
v -0.06003906 0.02921875 0.02802825
v -0.06003906 0.03718750 0.02802825
v -0.06207031 0.02921875 0.02318450
v -0.06207031 0.03718750 0.02318450
v -0.06207031 0.02921875 0.02318450
v -0.06207031 0.03718750 0.02318450
v -0.06371094 0.02921875 0.01818450
v -0.06371094 0.03718750 0.01818450
v -0.06371094 0.02921875 0.01818450
v -0.06371094 0.03718750 0.01818450
v -0.06496094 0.02921875 0.01306731
v -0.06496094 0.03718750 0.01306731
v -0.06496094 0.02921875 0.01306731
v -0.06496094 0.03718750 0.01306731
v -0.06574219 0.02921875 0.00787200
v -0.06574219 0.03718750 0.00787200
v -0.06574219 0.02921875 0.00787200
v -0.06574219 0.03718750 0.00787200
v -0.06621094 0.02921875 0.00263763
v -0.06621094 0.03718750 0.00263763
v -0.06621094 0.02921875 0.00263763
v -0.06621094 0.03718750 0.00263763
v -0.06621094 0.02921875 -0.00263581
v -0.06621094 0.03718750 -0.00263581
v -0.06621094 0.02921875 -0.00263581
v -0.06621094 0.03718750 -0.00263581
v -0.06574219 0.02921875 -0.00787019
v -0.06574219 0.03718750 -0.00787019
v -0.06574219 0.02921875 -0.00787019
v -0.06574219 0.03718750 -0.00787019
v -0.06496094 0.02921875 -0.01306550
v -0.06496094 0.03718750 -0.01306550
v -0.06496094 0.02921875 -0.01306550
v -0.06496094 0.03718750 -0.01306550
v -0.06371094 0.02921875 -0.01818269
v -0.06371094 0.03718750 -0.01818269
v -0.06371094 0.02921875 -0.01818269
v -0.06371094 0.03718750 -0.01818269
v -0.06207031 0.02921875 -0.02318269
v -0.06207031 0.03718750 -0.02318269
v -0.06207031 0.02921875 -0.02318269
v -0.06207031 0.03718750 -0.02318269
v -0.06003906 0.02921875 -0.02802644
v -0.06003906 0.03718750 -0.02802644
v -0.06003906 0.02921875 -0.02802644
v -0.06003906 0.03718750 -0.02802644
v -0.05769531 0.02921875 -0.03271393
v -0.05769531 0.03718750 -0.03271393
v -0.05769531 0.02921875 -0.03271393
v -0.05769531 0.03718750 -0.03271393
v -0.05496094 0.02921875 -0.03720612
v -0.05496094 0.03718750 -0.03720612
v -0.05496094 0.02921875 -0.03720612
v -0.05496094 0.03718750 -0.03720612
v -0.05183594 0.02921875 -0.04146393
v -0.05183594 0.03718750 -0.04146393
v -0.05183594 0.02921875 -0.04146393
v -0.05183594 0.03718750 -0.04146393
v -0.04839844 0.02921875 -0.04544831
v -0.04839844 0.03718750 -0.04544831
v -0.04839844 0.02921875 -0.04544831
v -0.04839844 0.03718750 -0.04544831
v -0.04464844 0.02921875 -0.04915925
v -0.04464844 0.03718750 -0.04915925
v -0.04464844 0.02921875 -0.04915925
v -0.04464844 0.03718750 -0.04915925
v -0.04066406 0.02921875 -0.05255768
v -0.04066406 0.03718750 -0.05255768
v -0.04066406 0.02921875 -0.05255768
v -0.04066406 0.03718750 -0.05255768
v -0.03636719 0.02921875 -0.05564362
v -0.03636719 0.03718750 -0.05564362
v -0.03636719 0.02921875 -0.05564362
v -0.03636719 0.03718750 -0.05564362
v -0.03191406 0.02921875 -0.05837800
v -0.03191406 0.03718750 -0.05837800
v -0.01128906 -0.04476562 0.05837981
v -0.03191406 -0.04476562 0.05837981
v -0.01019531 -0.04625000 0.05837981
v -0.00878906 -0.04750000 0.05837981
v -0.03191406 -0.05281250 0.05837981
v -0.00714844 -0.04843750 0.05837981
v -0.00535156 -0.04898437 0.05837981
v 0.00316406 -0.05281250 0.05837981
v -0.00347656 -0.04921875 0.05837981
v -0.00160156 -0.04898437 0.05837981
v 0.00011719 -0.04835937 0.05837981
v 0.00175781 -0.04742187 0.05837981
v 0.00316406 -0.04617187 0.05837981
v -0.03191406 -0.05281250 0.05837981
v -0.03191406 -0.04476562 0.05837981
v -0.03636719 -0.05281250 0.05564544
v -0.03636719 -0.04476562 0.05564544
v -0.03636719 -0.05281250 0.05564544
v -0.03636719 -0.04476562 0.05564544
v -0.04066406 -0.05281250 0.05255950
v -0.04066406 -0.04476562 0.05255950
v -0.04066406 -0.05281250 0.05255950
v -0.04066406 -0.04476562 0.05255950
v -0.04464844 -0.05281250 0.04916106
v -0.04464844 -0.04476562 0.04916106
v -0.04464844 -0.05281250 0.04916106
v -0.04464844 -0.04476562 0.04916106
v -0.04839844 -0.05281250 0.04545013
v -0.04839844 -0.04476562 0.04545013
v -0.04839844 -0.05281250 0.04545013
v -0.04839844 -0.04476562 0.04545013
v -0.05183594 -0.05281250 0.04142669
v -0.05183594 -0.04476562 0.04142669
v -0.05183594 -0.05281250 0.04142669
v -0.05183594 -0.04476562 0.04142669
v -0.05496094 -0.05281250 0.03720794
v -0.05496094 -0.04476562 0.03720794
v -0.05496094 -0.05281250 0.03720794
v -0.05496094 -0.04476562 0.03720794
v -0.05769531 -0.05281250 0.03271575
v -0.05769531 -0.04476562 0.03271575
v -0.05769531 -0.05281250 0.03271575
v -0.05769531 -0.04476562 0.03271575
v -0.06003906 -0.05281250 0.02802825
v -0.06003906 -0.04476562 0.02802825
v -0.06003906 -0.05281250 0.02802825
v -0.06003906 -0.04476562 0.02802825
v -0.06207031 -0.05281250 0.02318450
v -0.06207031 -0.04476562 0.02318450
v -0.06207031 -0.05281250 0.02318450
v -0.06207031 -0.04476562 0.02318450
v -0.06371094 -0.05281250 0.01818450
v -0.06371094 -0.04476562 0.01818450
v -0.06371094 -0.05281250 0.01818450
v -0.06371094 -0.04476562 0.01818450
v -0.06496094 -0.05281250 0.01306731
v -0.06496094 -0.04476562 0.01306731
v -0.06496094 -0.05281250 0.01306731
v -0.06496094 -0.04476562 0.01306731
v -0.06574219 -0.05281250 0.00787200
v -0.06574219 -0.04476562 0.00787200
v -0.06574219 -0.05281250 0.00787200
v -0.06574219 -0.04476562 0.00787200
v -0.06621094 -0.05281250 0.00263763
v -0.06621094 -0.04476562 0.00263763
v -0.06621094 -0.05281250 0.00263763
v -0.06621094 -0.04476562 0.00263763
v -0.06621094 -0.05281250 -0.00263581
v -0.06621094 -0.04476562 -0.00263581
v -0.06621094 -0.05281250 -0.00263581
v -0.06621094 -0.04476562 -0.00263581
v -0.06574219 -0.05281250 -0.00787019
v -0.06574219 -0.04476562 -0.00787019
v -0.06574219 -0.05281250 -0.00787019
v -0.06574219 -0.04476562 -0.00787019
v -0.06496094 -0.05281250 -0.01306550
v -0.06496094 -0.04476562 -0.01306550
v -0.06496094 -0.05281250 -0.01306550
v -0.06496094 -0.04476562 -0.01306550
v -0.06371094 -0.05281250 -0.01818269
v -0.06371094 -0.04476562 -0.01818269
v -0.06371094 -0.05281250 -0.01818269
v -0.06371094 -0.04476562 -0.01818269
v -0.06207031 -0.05281250 -0.02318269
v -0.06207031 -0.04476562 -0.02318269
v -0.06207031 -0.05281250 -0.02318269
v -0.06207031 -0.04476562 -0.02318269
v -0.06003906 -0.05281250 -0.02802644
v -0.06003906 -0.04476562 -0.02802644
v -0.06003906 -0.05281250 -0.02802644
v -0.06003906 -0.04476562 -0.02802644
v -0.05769531 -0.05281250 -0.03271393
v -0.05769531 -0.04476562 -0.03271393
v -0.05769531 -0.05281250 -0.03271393
v -0.05769531 -0.04476562 -0.03271393
v -0.05496094 -0.05281250 -0.03720612
v -0.05496094 -0.04476562 -0.03720612
v -0.05496094 -0.05281250 -0.03720612
v -0.05496094 -0.04476562 -0.03720612
v -0.05183594 -0.05281250 -0.04146393
v -0.05183594 -0.04476562 -0.04146393
v -0.05183594 -0.05281250 -0.04146393
v -0.05183594 -0.04476562 -0.04146393
v -0.04839844 -0.05281250 -0.04544831
v -0.04839844 -0.04476562 -0.04544831
v -0.04839844 -0.05281250 -0.04544831
v -0.04839844 -0.04476562 -0.04544831
v -0.04464844 -0.05281250 -0.04915925
v -0.04464844 -0.04476562 -0.04915925
v -0.04464844 -0.05281250 -0.04915925
v -0.04464844 -0.04476562 -0.04915925
v -0.04066406 -0.05281250 -0.05255768
v -0.04066406 -0.04476562 -0.05255768
v -0.04066406 -0.05281250 -0.05255768
v -0.04066406 -0.04476562 -0.05255768
v -0.03636719 -0.05281250 -0.05564362
v -0.03636719 -0.04476562 -0.05564362
v -0.03636719 -0.05281250 -0.05564362
v -0.03636719 -0.04476562 -0.05564362
v -0.03191406 -0.05281250 -0.05837800
v -0.03191406 -0.04476562 -0.05837800
v -0.01785156 -0.04476562 -0.05837800
v -0.01707031 -0.04671875 -0.05837800
v -0.03191406 -0.04476562 -0.05837800
v -0.01605469 -0.04843750 -0.05837800
v -0.03191406 -0.05281250 -0.05837800
v -0.01480469 -0.05007812 -0.05837800
v -0.01339844 -0.05156250 -0.05837800
v -0.01167969 -0.05281250 -0.05837800
v 0.00316406 0.04828125 0.06310638
v 0.00316406 0.05000000 0.06224700
v 0.00316406 0.04828125 0.05837981
v 0.00316406 0.05164062 0.06130950
v 0.00316406 0.05320312 0.05837981
v 0.00316406 0.05320312 0.06033294
v -0.03191406 0.04523437 0.05837981
v -0.03191406 0.05320312 0.05837981
v -0.03636719 0.04523437 0.05564544
v -0.03636719 0.05320312 0.05564544
v -0.03636719 0.04523437 0.05564544
v -0.03636719 0.05320312 0.05564544
v -0.04066406 0.04523437 0.05255950
v -0.04066406 0.05320312 0.05255950
v -0.04066406 0.04523437 0.05255950
v -0.04066406 0.05320312 0.05255950
v -0.04464844 0.04523437 0.04916106
v -0.04464844 0.05320312 0.04916106
v -0.04464844 0.04523437 0.04916106
v -0.04464844 0.05320312 0.04916106
v -0.04839844 0.04523437 0.04545013
v -0.04839844 0.05320312 0.04545013
v -0.04839844 0.04523437 0.04545013
v -0.04839844 0.05320312 0.04545013
v -0.05183594 0.04523437 0.04142669
v -0.05183594 0.05320312 0.04142669
v -0.05183594 0.04523437 0.04142669
v -0.05183594 0.05320312 0.04142669
v -0.05496094 0.04523437 0.03720794
v -0.05496094 0.05320312 0.03720794
v -0.05496094 0.04523437 0.03720794
v -0.05496094 0.05320312 0.03720794
v -0.05769531 0.04523437 0.03271575
v -0.05769531 0.05320312 0.03271575
v -0.05769531 0.04523437 0.03271575
v -0.05769531 0.05320312 0.03271575
v -0.06003906 0.04523437 0.02802825
v -0.06003906 0.05320312 0.02802825
v -0.06003906 0.04523437 0.02802825
v -0.06003906 0.05320312 0.02802825
v -0.06207031 0.04523437 0.02318450
v -0.06207031 0.05320312 0.02318450
v -0.06207031 0.04523437 0.02318450
v -0.06207031 0.05320312 0.02318450
v -0.06371094 0.04523437 0.01818450
v -0.06371094 0.05320312 0.01818450
v -0.06371094 0.04523437 0.01818450
v -0.06371094 0.05320312 0.01818450
v -0.06496094 0.04523437 0.01306731
v -0.06496094 0.05320312 0.01306731
v -0.06496094 0.04523437 0.01306731
v -0.06496094 0.05320312 0.01306731
v -0.06574219 0.04523437 0.00787200
v -0.06574219 0.05320312 0.00787200
v -0.06574219 0.04523437 0.00787200
v -0.06574219 0.05320312 0.00787200
v -0.06621094 0.04523437 0.00263763
v -0.06621094 0.05320312 0.00263763
v -0.06621094 0.04523437 0.00263763
v -0.06621094 0.05320312 0.00263763
v -0.06621094 0.04523437 -0.00263581
v -0.06621094 0.05320312 -0.00263581
v -0.06621094 0.04523437 -0.00263581
v -0.06621094 0.05320312 -0.00263581
v -0.06574219 0.04523437 -0.00787019
v -0.06574219 0.05320312 -0.00787019
v -0.06574219 0.04523437 -0.00787019
v -0.06574219 0.05320312 -0.00787019
v -0.06496094 0.04523437 -0.01306550
v -0.06496094 0.05320312 -0.01306550
v -0.06496094 0.04523437 -0.01306550
v -0.06496094 0.05320312 -0.01306550
v -0.06371094 0.04523437 -0.01818269
v -0.06371094 0.05320312 -0.01818269
v -0.06371094 0.04523437 -0.01818269
v -0.06371094 0.05320312 -0.01818269
v -0.06207031 0.04523437 -0.02318269
v -0.06207031 0.05320312 -0.02318269
v -0.06207031 0.04523437 -0.02318269
v -0.06207031 0.05320312 -0.02318269
v -0.06003906 0.04523437 -0.02802644
v -0.06003906 0.05320312 -0.02802644
v -0.06003906 0.04523437 -0.02802644
v -0.06003906 0.05320312 -0.02802644
v -0.05769531 0.04523437 -0.03271393
v -0.05769531 0.05320312 -0.03271393
v -0.05769531 0.04523437 -0.03271393
v -0.05769531 0.05320312 -0.03271393
v -0.05496094 0.04523437 -0.03720612
v -0.05496094 0.05320312 -0.03720612
v -0.05496094 0.04523437 -0.03720612
v -0.05496094 0.05320312 -0.03720612
v -0.05183594 0.04523437 -0.04146393
v -0.05183594 0.05320312 -0.04146393
v -0.05183594 0.04523437 -0.04146393
v -0.05183594 0.05320312 -0.04146393
v -0.04839844 0.04523437 -0.04544831
v -0.04839844 0.05320312 -0.04544831
v -0.04839844 0.04523437 -0.04544831
v -0.04839844 0.05320312 -0.04544831
v -0.04464844 0.04523437 -0.04915925
v -0.04464844 0.05320312 -0.04915925
v -0.04464844 0.04523437 -0.04915925
v -0.04464844 0.05320312 -0.04915925
v -0.04066406 0.04523437 -0.05255768
v -0.04066406 0.05320312 -0.05255768
v -0.04066406 0.04523437 -0.05255768
v -0.04066406 0.05320312 -0.05255768
v -0.03636719 0.04523437 -0.05564362
v -0.03636719 0.05320312 -0.05564362
v -0.03636719 0.04523437 -0.05564362
v -0.03636719 0.05320312 -0.05564362
v -0.03191406 0.04523437 -0.05837800
v -0.03191406 0.05320312 -0.05837800
v -0.01355469 0.05320312 -0.05837800
v -0.01519531 0.05148437 -0.05837800
v -0.03191406 0.05320312 -0.05837800
v -0.01644531 0.04960937 -0.05837800
v -0.01746094 0.04750000 -0.05837800
v -0.01808594 0.04523437 -0.05837800
v -0.03191406 0.04523437 -0.05837800
v 0.00316406 -0.03421875 0.05837981
v 0.00316406 -0.03421875 0.06767669
v 0.00316406 -0.02601563 0.06837983
v 0.00316406 -0.03148438 0.06806733
v 0.00316406 -0.02875000 0.06830169
v 0.00316406 0.02601563 0.06837983
v 0.00316406 0.03601562 0.05837981
v 0.00316406 0.03601562 0.06736419
v 0.00316406 0.03273437 0.06791108
v 0.00316406 0.02937500 0.06826263
v -0.04933594 0.02921875 0.05837981
v -0.05347656 0.02921875 0.05459075
v -0.04933594 -0.02875000 0.05837981
v -0.05347656 -0.02875000 0.05459075
v -0.05347656 -0.02875000 0.05459075
v -0.05347656 0.02921875 0.05459075
v -0.05722656 0.02921875 0.05052825
v -0.05347656 -0.02875000 0.05459075
v -0.05722656 0.02921875 0.05052825
v -0.05730469 -0.02875000 0.05052825
v -0.05730469 -0.02875000 0.05052825
v -0.05722656 0.02921875 0.05052825
v -0.06074219 0.02921875 0.04623138
v -0.05730469 -0.02875000 0.05052825
v -0.06074219 0.02921875 0.04623138
v -0.06082031 -0.02875000 0.04619231
v -0.06082031 -0.02875000 0.04619231
v -0.06074219 0.02921875 0.04623138
v -0.06394531 0.02921875 0.04166106
v -0.06082031 -0.02875000 0.04619231
v -0.06394531 0.02921875 0.04166106
v -0.06394531 -0.02875000 0.04162200
v -0.06394531 -0.02875000 0.04162200
v -0.06394531 0.02921875 0.04166106
v -0.06683594 0.02921875 0.03685638
v -0.06683594 -0.02875000 0.03681731
v -0.06683594 -0.02875000 0.03681731
v -0.06683594 0.02921875 0.03685638
v -0.06933594 0.02921875 0.03189544
v -0.06933594 -0.02875000 0.03185638
v -0.06933594 -0.02875000 0.03185638
v -0.06933594 0.02921875 0.03189544
v -0.07144532 0.02921875 0.02673919
v -0.07144532 -0.02875000 0.02670013
v -0.07144532 -0.02875000 0.02670013
v -0.07144532 0.02921875 0.02673919
v -0.07316407 0.02921875 0.02146575
v -0.07316407 -0.02875000 0.02138763
v -0.07316407 -0.02875000 0.02138763
v -0.07316407 0.02921875 0.02146575
v -0.07457032 0.02921875 0.01603606
v -0.07457032 -0.02875000 0.01595794
v -0.07457032 -0.02875000 0.01595794
v -0.07457032 0.02921875 0.01603606
v -0.07550782 0.02921875 0.01056731
v -0.07550782 -0.02875000 0.01048919
v -0.07550782 -0.02875000 0.01048919
v -0.07550782 0.02921875 0.01056731
v -0.07605469 0.02921875 0.00502044
v -0.07605469 -0.02875000 0.00494231
v -0.07605469 -0.02875000 0.00494231
v -0.07605469 0.02921875 0.00502044
v -0.07621094 0.02921875 -0.00056550
v -0.07621094 -0.02875000 -0.00064363
v -0.07621094 -0.02875000 -0.00064363
v -0.07621094 0.02921875 -0.00056550
v -0.07597657 0.02921875 -0.00611238
v -0.07597657 -0.02875000 -0.00622956
v -0.07597657 -0.02875000 -0.00622956
v -0.07597657 0.02921875 -0.00611238
v -0.07535157 0.02921875 -0.01165925
v -0.07535157 -0.02875000 -0.01177644
v -0.07535157 -0.02875000 -0.01177644
v -0.07535157 0.02921875 -0.01165925
v -0.07433594 0.02921875 -0.01712800
v -0.07535157 -0.02875000 -0.01177644
v -0.07433594 0.02921875 -0.01712800
v -0.07425782 -0.02875000 -0.01724519
v -0.07425782 -0.02875000 -0.01724519
v -0.07433594 0.02921875 -0.01712800
v -0.07285157 0.02921875 -0.02247956
v -0.07425782 -0.02875000 -0.01724519
v -0.07285157 0.02921875 -0.02247956
v -0.07285157 -0.02875000 -0.02263581
v -0.07285157 -0.02875000 -0.02263581
v -0.07285157 0.02921875 -0.02247956
v -0.07105469 0.02921875 -0.02775300
v -0.07285157 -0.02875000 -0.02263581
v -0.07105469 0.02921875 -0.02775300
v -0.07097657 -0.02875000 -0.02790925
v -0.07097657 -0.02875000 -0.02790925
v -0.07105469 0.02921875 -0.02775300
v -0.06886719 0.02921875 -0.03287018
v -0.06878907 -0.02875000 -0.03302643
v -0.06878907 -0.02875000 -0.03302643
v -0.06886719 0.02921875 -0.03287018
v -0.06628907 0.02921875 -0.03783112
v -0.06621094 -0.02875000 -0.03794831
v -0.06621094 -0.02875000 -0.03794831
v -0.06628907 0.02921875 -0.03783112
v -0.06339844 0.02921875 -0.04255768
v -0.06621094 -0.02875000 -0.03794831
v -0.06339844 0.02921875 -0.04255768
v -0.06324219 -0.02875000 -0.04271393
v -0.06324219 -0.02875000 -0.04271393
v -0.06339844 0.02921875 -0.04255768
v -0.06011719 0.02921875 -0.04708893
v -0.06324219 -0.02875000 -0.04271393
v -0.06011719 0.02921875 -0.04708893
v -0.06003906 -0.02875000 -0.04720612
v -0.06003906 -0.02875000 -0.04720612
v -0.06011719 0.02921875 -0.04708893
v -0.05652344 0.02921875 -0.05134675
v -0.06003906 -0.02875000 -0.04720612
v -0.05652344 0.02921875 -0.05134675
v -0.05644531 -0.02875000 -0.05150300
v -0.05644531 -0.02875000 -0.05150300
v -0.05652344 0.02921875 -0.05134675
v -0.05269531 0.02921875 -0.05537018
v -0.05644531 -0.02875000 -0.05150300
v -0.05269531 0.02921875 -0.05537018
v -0.05253906 -0.02875000 -0.05548737
v -0.05253906 -0.02875000 -0.05548737
v -0.05269531 0.02921875 -0.05537018
v -0.04855469 0.02921875 -0.05908112
v -0.04839844 -0.02875000 -0.05919831
v -0.04839844 -0.02875000 -0.05919831
v -0.04855469 0.02921875 -0.05908112
v -0.04410156 0.02921875 -0.06247956
v -0.04394531 -0.02875000 -0.06259675
v -0.04394531 -0.02875000 -0.06259675
v -0.04410156 0.02921875 -0.06247956
v -0.03949219 0.02921875 -0.06556550
v -0.04394531 -0.02875000 -0.06259675
v -0.03949219 0.02921875 -0.06556550
v -0.03925781 -0.02875000 -0.06568270
v -0.03925781 -0.02875000 -0.06568270
v -0.03949219 0.02921875 -0.06556550
v -0.03464844 0.02921875 -0.06829988
v -0.03441406 -0.02875000 -0.06837800
v -0.03441406 -0.02875000 -0.06837800
v -0.03464844 0.02921875 -0.06829988
v -0.03441406 0.02601563 -0.06837800
v 0.00316406 -0.05281250 0.05837981
v 0.00316406 -0.05281250 0.06056731
v 0.00316406 -0.04617187 0.05837981
v 0.00316406 -0.05062500 0.06185638
v 0.00316406 -0.04843750 0.06302825
v 0.00316406 -0.04617187 0.06412200
v -0.00113281 -0.05500000 -0.05337800
v -0.00261719 -0.05515625 -0.05900300
v -0.00355469 -0.05515625 -0.05337800
v -0.00355469 -0.05515625 -0.05337800
v -0.00261719 -0.05515625 -0.05900300
v -0.00417969 -0.05515625 -0.05896393
v -0.00355469 -0.05515625 -0.05337800
v -0.00417969 -0.05515625 -0.05896393
v -0.00605469 -0.05500000 -0.05337800
v -0.00605469 -0.05500000 -0.05337800
v -0.00417969 -0.05515625 -0.05896393
v -0.00574219 -0.05500000 -0.05908112
v -0.00605469 -0.05500000 -0.05337800
v -0.00574219 -0.05500000 -0.05908112
v -0.00730469 -0.05468750 -0.05931550
v 0.00128906 -0.05437500 -0.05337800
v 0.00058594 -0.05460937 -0.05939362
v -0.00113281 -0.05500000 -0.05337800
v -0.00113281 -0.05500000 -0.05337800
v 0.00058594 -0.05460937 -0.05939362
v -0.00097656 -0.05492187 -0.05912018
v -0.00113281 -0.05500000 -0.05337800
v -0.00097656 -0.05492187 -0.05912018
v -0.00261719 -0.05515625 -0.05900300
v 0.00058594 -0.05460937 -0.05939362
v 0.00128906 -0.05437500 -0.05337800
v 0.00214844 -0.05406250 -0.05974518
v 0.00214844 -0.05406250 -0.05974518
v 0.00128906 -0.05437500 -0.05337800
v 0.00355469 -0.05335937 -0.05337800
v 0.00214844 -0.05406250 -0.05974518
v 0.00355469 -0.05335937 -0.05337800
v 0.00355469 -0.05335937 -0.06021393
v 0.00355469 -0.05335937 -0.06021393
v 0.00355469 -0.05335937 -0.05337800
v 0.00488281 -0.05257812 -0.06072175
v 0.00488281 -0.05257812 -0.06072175
v 0.00355469 -0.05335937 -0.05337800
v 0.00566406 -0.05203125 -0.05337800
v 0.00488281 -0.05257812 -0.06072175
v 0.00566406 -0.05203125 -0.05337800
v 0.00613281 -0.05164062 -0.06130768
v 0.00613281 -0.05164062 -0.06130768
v 0.00566406 -0.05203125 -0.05337800
v 0.00746094 -0.05031250 -0.05337800
v 0.00613281 -0.05164062 -0.06130768
v 0.00746094 -0.05031250 -0.05337800
v 0.00722656 -0.05062500 -0.06189362
v 0.00722656 -0.05062500 -0.06189362
v 0.00746094 -0.05031250 -0.05337800
v 0.00816406 -0.04953125 -0.06251862
v 0.00816406 -0.04953125 -0.06251862
v 0.00746094 -0.05031250 -0.05337800
v 0.00894531 -0.04835937 -0.05337800
v 0.00816406 -0.04953125 -0.06251862
v 0.00894531 -0.04835937 -0.05337800
v 0.00910156 -0.04828125 -0.06314362
v 0.00910156 -0.04828125 -0.06314362
v 0.00894531 -0.04835937 -0.05337800
v 0.00980469 -0.04695312 -0.06380768
v 0.00980469 -0.04695312 -0.06380768
v 0.00894531 -0.04835937 -0.05337800
v 0.01019531 -0.04617187 -0.05337800
v 0.00980469 -0.04695312 -0.06380768
v 0.01019531 -0.04617187 -0.05337800
v 0.01042969 -0.04546875 -0.06443270
v 0.01042969 -0.04546875 -0.06443270
v 0.01019531 -0.04617187 -0.05337800
v 0.01097656 -0.04382812 -0.05337800
v 0.01042969 -0.04546875 -0.06443270
v 0.01097656 -0.04382812 -0.05337800
v 0.01089844 -0.04398437 -0.06501863
v 0.01089844 -0.04398437 -0.06501863
v 0.01097656 -0.04382812 -0.05337800
v 0.01121094 -0.04250000 -0.06556550
v 0.01121094 -0.04250000 -0.06556550
v 0.01097656 -0.04382812 -0.05337800
v 0.01136719 -0.04140625 -0.05337800
v 0.01121094 -0.04250000 -0.06556550
v 0.01136719 -0.04140625 -0.05337800
v 0.01136719 -0.04093750 -0.06607331
v 0.01136719 -0.04093750 -0.06607331
v 0.01136719 -0.04140625 -0.05337800
v 0.01136719 -0.03890625 -0.05337800
v 0.01136719 -0.04093750 -0.06607331
v 0.01136719 -0.03890625 -0.05337800
v 0.01144531 -0.03945312 -0.06654206
v 0.01144531 -0.03945312 -0.06654206
v 0.01136719 -0.03890625 -0.05337800
v 0.01121094 -0.03789062 -0.06693270
v 0.01121094 -0.03789062 -0.06693270
v 0.01136719 -0.03890625 -0.05337800
v 0.01097656 -0.03648437 -0.05337800
v 0.01121094 -0.03789062 -0.06693270
v 0.01097656 -0.03648437 -0.05337800
v 0.01089844 -0.03632812 -0.06728425
v 0.01089844 -0.03632812 -0.06728425
v 0.01097656 -0.03648437 -0.05337800
v 0.01042969 -0.03476562 -0.06759675
v 0.01042969 -0.03476562 -0.06759675
v 0.01097656 -0.03648437 -0.05337800
v 0.01019531 -0.03414062 -0.05337800
v 0.01042969 -0.03476562 -0.06759675
v 0.01019531 -0.03414062 -0.05337800
v 0.00972656 -0.03328125 -0.06787020
v 0.00972656 -0.03328125 -0.06787020
v 0.01019531 -0.03414062 -0.05337800
v 0.00894531 -0.03195313 -0.05337800
v 0.00972656 -0.03328125 -0.06787020
v 0.00894531 -0.03195313 -0.05337800
v 0.00886719 -0.03187500 -0.06802645
v 0.00886719 -0.03187500 -0.06802645
v 0.00894531 -0.03195313 -0.05337800
v 0.00792969 -0.03054688 -0.06818270
v 0.00792969 -0.03054688 -0.06818270
v 0.00894531 -0.03195313 -0.05337800
v 0.00746094 -0.03000000 -0.05337800
v 0.00792969 -0.03054688 -0.06818270
v 0.00746094 -0.03000000 -0.05337800
v 0.00683594 -0.02937500 -0.06826081
v 0.00683594 -0.02937500 -0.06826081
v 0.00746094 -0.03000000 -0.05337800
v 0.00566406 -0.02835938 -0.05337800
v 0.00683594 -0.02937500 -0.06826081
v 0.00566406 -0.02835938 -0.05337800
v 0.00558594 -0.02835938 -0.06833895
v 0.00558594 -0.02835938 -0.06833895
v 0.00566406 -0.02835938 -0.05337800
v 0.00425781 -0.02742188 -0.06837800
v 0.00425781 -0.02742188 -0.06837800
v 0.00566406 -0.02835938 -0.05337800
v 0.00355469 -0.02695313 -0.05337800
v 0.00425781 -0.02742188 -0.06837800
v 0.00355469 -0.02695313 -0.05337800
v 0.00277344 -0.02664063 -0.06837800
v 0.00277344 -0.02664063 -0.06837800
v 0.00355469 -0.02695313 -0.05337800
v 0.00128906 -0.02601563 -0.05337800
v 0.00277344 -0.02664063 -0.06837800
v 0.00128906 -0.02601563 -0.05337800
v 0.00128906 -0.02601563 -0.06837800
v 0.00128906 -0.02601563 -0.06837800
v 0.00128906 -0.02601563 -0.05337800
v -0.00089844 -0.02539063 -0.06837800
v -0.00089844 -0.02539063 -0.06837800
v 0.00128906 -0.02601563 -0.05337800
v -0.00113281 -0.02539063 -0.05337800
v -0.00089844 -0.02539063 -0.06837800
v -0.00113281 -0.02539063 -0.05337800
v -0.00308594 -0.02515625 -0.06837800
v -0.00308594 -0.02515625 -0.06837800
v -0.00113281 -0.02539063 -0.05337800
v -0.00355469 -0.02515625 -0.05337800
v -0.00308594 -0.02515625 -0.06837800
v -0.00355469 -0.02515625 -0.05337800
v -0.00527344 -0.02531250 -0.06837800
v -0.00527344 -0.02531250 -0.06837800
v -0.00355469 -0.02515625 -0.05337800
v -0.00605469 -0.02539063 -0.05337800
v -0.00527344 -0.02531250 -0.06837800
v -0.00605469 -0.02539063 -0.05337800
v -0.00746094 -0.02570313 -0.06837800
v -0.00746094 -0.02570313 -0.06837800
v -0.00605469 -0.02539063 -0.05337800
v -0.00847656 -0.02601563 -0.05337800
v -0.00746094 -0.02570313 -0.06837800
v -0.00847656 -0.02601563 -0.05337800
v -0.00957031 -0.02640625 -0.06837800
v -0.00957031 -0.02640625 -0.06837800
v -0.00847656 -0.02601563 -0.05337800
v -0.01074219 -0.02695313 -0.05337800
v -0.00957031 -0.02640625 -0.06837800
v -0.01074219 -0.02695313 -0.05337800
v -0.01152344 -0.02750000 -0.06837800
v -0.01152344 -0.02750000 -0.06837800
v -0.01074219 -0.02695313 -0.05337800
v -0.01277344 -0.02835938 -0.05337800
v -0.01332031 -0.02875000 -0.06837800
v -0.01332031 -0.02875000 -0.06837800
v -0.01277344 -0.02835938 -0.05337800
v -0.01332031 -0.02875000 -0.05837800
v -0.01332031 -0.02875000 -0.05837800
v -0.01277344 -0.02835938 -0.05337800
v -0.01457031 -0.03000000 -0.05337800
v -0.01332031 -0.02875000 -0.05837800
v -0.01457031 -0.03000000 -0.05337800
v -0.01496094 -0.03046875 -0.05837800
v -0.01496094 -0.03046875 -0.05837800
v -0.01457031 -0.03000000 -0.05337800
v -0.01613281 -0.03195313 -0.05337800
v -0.01496094 -0.03046875 -0.05837800
v -0.01613281 -0.03195313 -0.05337800
v -0.01636719 -0.03242187 -0.05837800
v -0.01636719 -0.03242187 -0.05837800
v -0.01613281 -0.03195313 -0.05337800
v -0.01730469 -0.03414062 -0.05337800
v -0.01636719 -0.03242187 -0.05837800
v -0.01730469 -0.03414062 -0.05337800
v -0.01746094 -0.03453125 -0.05837800
v -0.01746094 -0.03453125 -0.05837800
v -0.01730469 -0.03414062 -0.05337800
v -0.01808594 -0.03648437 -0.05337800
v -0.01746094 -0.03453125 -0.05837800
v -0.01808594 -0.03648437 -0.05337800
v -0.01816406 -0.03679687 -0.05837800
v -0.01816406 -0.03679687 -0.05837800
v -0.01808594 -0.03648437 -0.05337800
v -0.01855469 -0.03890625 -0.05337800
v -0.01816406 -0.03679687 -0.05837800
v -0.01855469 -0.03890625 -0.05337800
v -0.01847656 -0.03875000 -0.06837800
v -0.01847656 -0.03875000 -0.06837800
v -0.01855469 -0.03890625 -0.05337800
v -0.01855469 -0.04078125 -0.06837800
v -0.01855469 -0.04078125 -0.06837800
v -0.01855469 -0.03890625 -0.05337800
v -0.01855469 -0.04140625 -0.05337800
v -0.01855469 -0.04078125 -0.06837800
v -0.01855469 -0.04140625 -0.05337800
v -0.01832031 -0.04281250 -0.06837800
v -0.01832031 -0.04281250 -0.06837800
v -0.01855469 -0.04140625 -0.05337800
v -0.01808594 -0.04382812 -0.05337800
v -0.01832031 -0.04281250 -0.06837800
v -0.01808594 -0.04382812 -0.05337800
v -0.01785156 -0.04476562 -0.06837800
v -0.01785156 -0.04476562 -0.06837800
v -0.01808594 -0.04382812 -0.05337800
v -0.01785156 -0.04476562 -0.05837800
v -0.01785156 -0.04476562 -0.05837800
v -0.01808594 -0.04382812 -0.05337800
v -0.01730469 -0.04617187 -0.05337800
v -0.01785156 -0.04476562 -0.05837800
v -0.01730469 -0.04617187 -0.05337800
v -0.01707031 -0.04671875 -0.05837800
v -0.01707031 -0.04671875 -0.05837800
v -0.01730469 -0.04617187 -0.05337800
v -0.01613281 -0.04835937 -0.05337800
v -0.01707031 -0.04671875 -0.05837800
v -0.01613281 -0.04835937 -0.05337800
v -0.01605469 -0.04843750 -0.05837800
v -0.01605469 -0.04843750 -0.05837800
v -0.01613281 -0.04835937 -0.05337800
v -0.01480469 -0.05007812 -0.05837800
v -0.01480469 -0.05007812 -0.05837800
v -0.01613281 -0.04835937 -0.05337800
v -0.01457031 -0.05031250 -0.05337800
v -0.01480469 -0.05007812 -0.05837800
v -0.01457031 -0.05031250 -0.05337800
v -0.01339844 -0.05156250 -0.05837800
v -0.01339844 -0.05156250 -0.05837800
v -0.01457031 -0.05031250 -0.05337800
v -0.01277344 -0.05203125 -0.05337800
v -0.01339844 -0.05156250 -0.05837800
v -0.01277344 -0.05203125 -0.05337800
v -0.01167969 -0.05281250 -0.05837800
v -0.01167969 -0.05281250 -0.05837800
v -0.01277344 -0.05203125 -0.05337800
v -0.01074219 -0.05335937 -0.05337800
v -0.01167969 -0.05281250 -0.05837800
v -0.01074219 -0.05335937 -0.05337800
v -0.01035156 -0.05359375 -0.06009675
v -0.01035156 -0.05359375 -0.06009675
v -0.01074219 -0.05335937 -0.05337800
v -0.00886719 -0.05421875 -0.05966706
v -0.00886719 -0.05421875 -0.05966706
v -0.01074219 -0.05335937 -0.05337800
v -0.00847656 -0.05437500 -0.05337800
v -0.00886719 -0.05421875 -0.05966706
v -0.00847656 -0.05437500 -0.05337800
v -0.00730469 -0.05468750 -0.05931550
v -0.00730469 -0.05468750 -0.05931550
v -0.00847656 -0.05437500 -0.05337800
v -0.00605469 -0.05500000 -0.05337800
v -0.01167969 -0.05281250 -0.06060456
v -0.01847656 -0.03875000 -0.06837800
v -0.01816406 -0.03679687 -0.06837800
v -0.01816406 -0.03679687 -0.05837800
v -0.03121094 -0.07578125 0.02302825
v -0.03261719 -0.07578125 0.02080169
v -0.02871094 -0.07601564 0.01837981
v -0.03402344 -0.07578125 0.01837981
v -0.02871094 -0.07601564 0.01837981
v -0.03402344 -0.07578125 0.01837981
v -0.03042969 -0.07601564 0.01529387
v -0.03042969 -0.07601564 0.01529387
v -0.03402344 -0.07578125 0.01837981
v -0.03519531 -0.07578125 0.01595794
v -0.03183594 -0.07601564 0.01205169
v -0.03621094 -0.07578125 0.01341887
v -0.03707031 -0.07578125 0.01080169
v -0.03707031 -0.07578125 0.01080169
v -0.03621094 -0.07578125 0.01341887
v -0.04050781 -0.07515625 0.01494231
v -0.04144531 -0.07515625 0.01205169
v -0.04144531 -0.07515625 0.01205169
v -0.04050781 -0.07515625 0.01494231
v -0.04464844 -0.07414064 0.01646575
v -0.04566406 -0.07414064 0.01326262
v -0.04566406 -0.07414064 0.01326262
v -0.04464844 -0.07414064 0.01646575
v -0.04871094 -0.07265625 0.01795013
v -0.04566406 -0.07414064 0.01326262
v -0.04871094 -0.07265625 0.01795013
v -0.04988281 -0.07265625 0.01447356
v -0.04988281 -0.07265625 0.01447356
v -0.04871094 -0.07265625 0.01795013
v -0.05269531 -0.07085939 0.01939544
v -0.04988281 -0.07265625 0.01447356
v -0.05269531 -0.07085939 0.01939544
v -0.05386719 -0.07085939 0.01564544
v -0.05386719 -0.07085939 0.01564544
v -0.05269531 -0.07085939 0.01939544
v -0.05644531 -0.06867189 0.02076263
v -0.05769531 -0.06867189 0.01673919
v -0.05769531 -0.06867189 0.01673919
v -0.05644531 -0.06867189 0.02076263
v -0.05996094 -0.06609375 0.02205169
v -0.05769531 -0.06867189 0.01673919
v -0.05996094 -0.06609375 0.02205169
v -0.06136719 -0.06609375 0.01779388
v -0.06136719 -0.06609375 0.01779388
v -0.05996094 -0.06609375 0.02205169
v -0.06332031 -0.06320312 0.02326263
v -0.06480469 -0.06320312 0.01877044
v -0.06480469 -0.06320312 0.01877044
v -0.06332031 -0.06320312 0.02326263
v -0.06636719 -0.06000000 0.02439544
v -0.06792969 -0.06000000 0.01966888
v -0.06792969 -0.06000000 0.01966888
v -0.06636719 -0.06000000 0.02439544
v -0.06910157 -0.05648437 0.02541106
v -0.07074219 -0.05648437 0.02045013
v -0.07074219 -0.05648437 0.02045013
v -0.06910157 -0.05648437 0.02541106
v -0.07214844 -0.05281250 0.02466888
v -0.07074219 -0.05648437 0.02045013
v -0.07214844 -0.05281250 0.02466888
v -0.07378907 -0.05281250 0.01931731
v -0.03246094 -0.07546875 0.02545013
v -0.03472656 -0.07515625 0.02568450
v -0.03121094 -0.07578125 0.02302825
v -0.03121094 -0.07578125 0.02302825
v -0.03472656 -0.07515625 0.02568450
v -0.03644531 -0.07515625 0.02318450
v -0.03121094 -0.07578125 0.02302825
v -0.03644531 -0.07515625 0.02318450
v -0.03261719 -0.07578125 0.02080169
v -0.03402344 -0.07578125 0.01837981
v -0.03246094 -0.07546875 0.02545013
v -0.03355469 -0.07507814 0.02783294
v -0.03472656 -0.07515625 0.02568450
v -0.03472656 -0.07515625 0.02568450
v -0.03355469 -0.07507814 0.02783294
v -0.03832031 -0.07414064 0.02830169
v -0.03644531 -0.07515625 0.02318450
v -0.04019531 -0.07414064 0.02556731
v -0.03644531 -0.07515625 0.02318450
v -0.04019531 -0.07414064 0.02556731
v -0.03800781 -0.07515625 0.02052825
v -0.04191406 -0.07414064 0.02259856
v -0.03800781 -0.07515625 0.02052825
v -0.04191406 -0.07414064 0.02259856
v -0.03933594 -0.07515625 0.01779388
v -0.04339844 -0.07414064 0.01959075
v -0.03933594 -0.07515625 0.01779388
v -0.04339844 -0.07414064 0.01959075
v -0.04050781 -0.07515625 0.01494231
v -0.04464844 -0.07414064 0.01646575
v -0.03832031 -0.07414064 0.02830169
v -0.03355469 -0.07507814 0.02783294
v -0.03628906 -0.07414064 0.03095794
v -0.03628906 -0.07414064 0.03095794
v -0.03355469 -0.07507814 0.02783294
v -0.03535156 -0.07414064 0.03170013
v -0.03628906 -0.07414064 0.03095794
v -0.03535156 -0.07414064 0.03170013
v -0.03707031 -0.07296875 0.03548919
v -0.03628906 -0.07414064 0.03095794
v -0.03707031 -0.07296875 0.03548919
v -0.03957031 -0.07265625 0.03377044
v -0.03957031 -0.07265625 0.03377044
v -0.03707031 -0.07296875 0.03548919
v -0.03824219 -0.07179689 0.03830169
v -0.03957031 -0.07265625 0.03377044
v -0.03824219 -0.07179689 0.03830169
v -0.04277344 -0.07085939 0.03646575
v -0.04277344 -0.07085939 0.03646575
v -0.03824219 -0.07179689 0.03830169
v -0.04011719 -0.07085939 0.03939544
v -0.04277344 -0.07085939 0.03646575
v -0.04011719 -0.07085939 0.03939544
v -0.04300781 -0.06867189 0.04216888
v -0.04300781 -0.06867189 0.04216888
v -0.04011719 -0.07085939 0.03939544
v -0.03933594 -0.07054689 0.04107513
v -0.04300781 -0.06867189 0.04216888
v -0.03933594 -0.07054689 0.04107513
v -0.04082031 -0.06851564 0.04462981
v -0.03824219 -0.07179689 0.03830169
v -0.03933594 -0.07054689 0.04107513
v -0.04011719 -0.07085939 0.03939544
v -0.04207031 -0.06625000 0.04802825
v -0.04246094 -0.06609375 0.04795013
v -0.04082031 -0.06851564 0.04462981
v -0.04082031 -0.06851564 0.04462981
v -0.04246094 -0.06609375 0.04795013
v -0.04574219 -0.06609375 0.04482513
v -0.04082031 -0.06851564 0.04462981
v -0.04574219 -0.06609375 0.04482513
v -0.04300781 -0.06867189 0.04216888
v -0.04300781 -0.06867189 0.04216888
v -0.04574219 -0.06609375 0.04482513
v -0.04582031 -0.06867189 0.03904388
v -0.04582031 -0.06867189 0.03904388
v -0.04277344 -0.07085939 0.03646575
v -0.04582031 -0.06867189 0.03904388
v -0.04519531 -0.07085939 0.03334075
v -0.04277344 -0.07085939 0.03646575
v -0.04519531 -0.07085939 0.03334075
v -0.04183594 -0.07265625 0.03087981
v -0.04183594 -0.07265625 0.03087981
v -0.04519531 -0.07085939 0.03334075
v -0.04386719 -0.07265625 0.02783294
v -0.04183594 -0.07265625 0.03087981
v -0.04386719 -0.07265625 0.02783294
v -0.04019531 -0.07414064 0.02556731
v -0.04019531 -0.07414064 0.02556731
v -0.04386719 -0.07265625 0.02783294
v -0.04191406 -0.07414064 0.02259856
v -0.04207031 -0.06625000 0.04802825
v -0.04285156 -0.06476564 0.04990325
v -0.04246094 -0.06609375 0.04795013
v -0.04246094 -0.06609375 0.04795013
v -0.04285156 -0.06476564 0.04990325
v -0.04574219 -0.06609375 0.04482513
v -0.04574219 -0.06609375 0.04482513
v -0.04285156 -0.06476564 0.04990325
v -0.04488281 -0.06320312 0.05056731
v -0.04488281 -0.06320312 0.05056731
v -0.04285156 -0.06476564 0.04990325
v -0.04347656 -0.06320312 0.05170013
v -0.04488281 -0.06320312 0.05056731
v -0.04347656 -0.06320312 0.05170013
v -0.04410156 -0.06164062 0.05345794
v -0.04488281 -0.06320312 0.05056731
v -0.04410156 -0.06164062 0.05345794
v -0.04699219 -0.06000000 0.05298919
v -0.04699219 -0.06000000 0.05298919
v -0.04410156 -0.06164062 0.05345794
v -0.04472656 -0.05992187 0.05509856
v -0.04699219 -0.06000000 0.05298919
v -0.04472656 -0.05992187 0.05509856
v -0.04902344 -0.05648437 0.05517669
v -0.04902344 -0.05648437 0.05517669
v -0.04472656 -0.05992187 0.05509856
v -0.04574219 -0.05648437 0.05798919
v -0.04902344 -0.05648437 0.05517669
v -0.04574219 -0.05648437 0.05798919
v -0.05089844 -0.05281250 0.05697356
v -0.05089844 -0.05281250 0.05697356
v -0.04574219 -0.05648437 0.05798919
v -0.04660156 -0.05281250 0.06056731
v -0.04902344 -0.05648437 0.05517669
v -0.05089844 -0.05281250 0.05697356
v -0.05277344 -0.05648437 0.05158294
v -0.05277344 -0.05648437 0.05158294
v -0.05089844 -0.05281250 0.05697356
v -0.05488281 -0.05281250 0.05310638
v -0.05277344 -0.05648437 0.05158294
v -0.05488281 -0.05281250 0.05310638
v -0.05621094 -0.05648437 0.04771575
v -0.05863281 -0.05281250 0.04892669
v -0.05621094 -0.05648437 0.04771575
v -0.05863281 -0.05281250 0.04892669
v -0.05941406 -0.05648437 0.04365325
v -0.05941406 -0.05648437 0.04365325
v -0.05863281 -0.05281250 0.04892669
v -0.06199219 -0.05281250 0.04451263
v -0.05941406 -0.05648437 0.04365325
v -0.06199219 -0.05281250 0.04451263
v -0.06230469 -0.05648437 0.03935638
v -0.06511719 -0.05281250 0.03982513
v -0.06230469 -0.05648437 0.03935638
v -0.06511719 -0.05281250 0.03982513
v -0.06488282 -0.05648437 0.03486419
v -0.06488282 -0.05648437 0.03486419
v -0.06511719 -0.05281250 0.03982513
v -0.06785157 -0.05281250 0.03494231
v -0.06488282 -0.05648437 0.03486419
v -0.06785157 -0.05281250 0.03494231
v -0.06714844 -0.05648437 0.03021575
v -0.06714844 -0.05648437 0.03021575
v -0.06785157 -0.05281250 0.03494231
v -0.07019532 -0.05281250 0.02990325
v -0.06714844 -0.05648437 0.03021575
v -0.07019532 -0.05281250 0.02990325
v -0.06910157 -0.05648437 0.02541106
v -0.06910157 -0.05648437 0.02541106
v -0.07019532 -0.05281250 0.02990325
v -0.07214844 -0.05281250 0.02466888
v -0.07074219 -0.05648437 0.02045013
v -0.07378907 -0.05281250 0.01931731
v -0.07199219 -0.05648437 0.01545012
v -0.07199219 -0.05648437 0.01545012
v -0.07378907 -0.05281250 0.01931731
v -0.07496094 -0.05281250 0.01388762
v -0.07199219 -0.05648437 0.01545012
v -0.07496094 -0.05281250 0.01388762
v -0.07292969 -0.05648437 0.01033294
v -0.07292969 -0.05648437 0.01033294
v -0.07496094 -0.05281250 0.01388762
v -0.07582032 -0.05281250 0.00834075
v -0.07292969 -0.05648437 0.01033294
v -0.07582032 -0.05281250 0.00834075
v -0.07339844 -0.05648437 0.00517669
v -0.07339844 -0.05648437 0.00517669
v -0.07582032 -0.05281250 0.00834075
v -0.07621094 -0.05281250 0.00279388
v -0.07339844 -0.05648437 0.00517669
v -0.07621094 -0.05281250 0.00279388
v -0.07363282 -0.05648437 -0.00001862
v -0.07363282 -0.05648437 -0.00001862
v -0.07621094 -0.05281250 0.00279388
v -0.07621094 -0.05281250 -0.00279206
v -0.07363282 -0.05648437 -0.00001862
v -0.07621094 -0.05281250 -0.00279206
v -0.07339844 -0.05648437 -0.00517488
v -0.07339844 -0.05648437 -0.00517488
v -0.07621094 -0.05281250 -0.00279206
v -0.07582032 -0.05281250 -0.00837800
v -0.07339844 -0.05648437 -0.00517488
v -0.07582032 -0.05281250 -0.00837800
v -0.07292969 -0.05648437 -0.01033113
v -0.07292969 -0.05648437 -0.01033113
v -0.07582032 -0.05281250 -0.00837800
v -0.07496094 -0.05281250 -0.01388581
v -0.07292969 -0.05648437 -0.01033113
v -0.07496094 -0.05281250 -0.01388581
v -0.07199219 -0.05648437 -0.01544831
v -0.07199219 -0.05648437 -0.01544831
v -0.07496094 -0.05281250 -0.01388581
v -0.07378907 -0.05281250 -0.01935456
v -0.07199219 -0.05648437 -0.01544831
v -0.07378907 -0.05281250 -0.01935456
v -0.07074219 -0.05648437 -0.02048738
v -0.07074219 -0.05648437 -0.02048738
v -0.07378907 -0.05281250 -0.01935456
v -0.07214844 -0.05281250 -0.02470613
v -0.07074219 -0.05648437 -0.02048738
v -0.07214844 -0.05281250 -0.02470613
v -0.06910157 -0.05648437 -0.02540925
v -0.06910157 -0.05648437 -0.02540925
v -0.07214844 -0.05281250 -0.02470613
v -0.07019532 -0.05281250 -0.02990144
v -0.06910157 -0.05648437 -0.02540925
v -0.07019532 -0.05281250 -0.02990144
v -0.06714844 -0.05648437 -0.03021394
v -0.06714844 -0.05648437 -0.03021394
v -0.07019532 -0.05281250 -0.02990144
v -0.06785157 -0.05281250 -0.03497956
v -0.06714844 -0.05648437 -0.03021394
v -0.06785157 -0.05281250 -0.03497956
v -0.06488282 -0.05648437 -0.03490143
v -0.06488282 -0.05648437 -0.03490143
v -0.06785157 -0.05281250 -0.03497956
v -0.06511719 -0.05281250 -0.03986237
v -0.06488282 -0.05648437 -0.03490143
v -0.06511719 -0.05281250 -0.03986237
v -0.06230469 -0.05648437 -0.03939362
v -0.06230469 -0.05648437 -0.03939362
v -0.06511719 -0.05281250 -0.03986237
v -0.06199219 -0.05281250 -0.04451081
v -0.06230469 -0.05648437 -0.03939362
v -0.06199219 -0.05281250 -0.04451081
v -0.05941406 -0.05648437 -0.04365143
v -0.05941406 -0.05648437 -0.04365143
v -0.06199219 -0.05281250 -0.04451081
v -0.05863281 -0.05281250 -0.04896393
v -0.05941406 -0.05648437 -0.04365143
v -0.05863281 -0.05281250 -0.04896393
v -0.05621094 -0.05648437 -0.04775300
v -0.05621094 -0.05648437 -0.04775300
v -0.05863281 -0.05281250 -0.04896393
v -0.05488281 -0.05281250 -0.05310456
v -0.05621094 -0.05648437 -0.04775300
v -0.05488281 -0.05281250 -0.05310456
v -0.05277344 -0.05648437 -0.05162018
v -0.05277344 -0.05648437 -0.05162018
v -0.05488281 -0.05281250 -0.05310456
v -0.05089844 -0.05281250 -0.05701081
v -0.05277344 -0.05648437 -0.05162018
v -0.05089844 -0.05281250 -0.05701081
v -0.04902344 -0.05648437 -0.05521393
v -0.04902344 -0.05648437 -0.05521393
v -0.05089844 -0.05281250 -0.05701081
v -0.04574219 -0.05648437 -0.05802643
v -0.04902344 -0.05648437 -0.05521393
v -0.04574219 -0.05648437 -0.05802643
v -0.04472656 -0.05992187 -0.05513581
v -0.05089844 -0.05281250 -0.05701081
v -0.04660156 -0.05281250 -0.06060456
v -0.04574219 -0.05648437 -0.05802643
v -0.04902344 -0.05648437 -0.05521393
v -0.04472656 -0.05992187 -0.05513581
v -0.04699219 -0.06000000 -0.05298737
v -0.04699219 -0.06000000 -0.05298737
v -0.04472656 -0.05992187 -0.05513581
v -0.04410156 -0.06164062 -0.05345612
v -0.04699219 -0.06000000 -0.05298737
v -0.04410156 -0.06164062 -0.05345612
v -0.04488281 -0.06320312 -0.05056550
v -0.04488281 -0.06320312 -0.05056550
v -0.04410156 -0.06164062 -0.05345612
v -0.04347656 -0.06320312 -0.05173737
v -0.04488281 -0.06320312 -0.05056550
v -0.04347656 -0.06320312 -0.05173737
v -0.04285156 -0.06476564 -0.04994050
v -0.04488281 -0.06320312 -0.05056550
v -0.04285156 -0.06476564 -0.04994050
v -0.04246094 -0.06609375 -0.04794831
v -0.04246094 -0.06609375 -0.04794831
v -0.04285156 -0.06476564 -0.04994050
v -0.04207031 -0.06625000 -0.04806550
v -0.04246094 -0.06609375 -0.04794831
v -0.04207031 -0.06625000 -0.04806550
v -0.04082031 -0.06851564 -0.04462800
v -0.03933594 -0.07054689 -0.04107331
v -0.04300781 -0.06867189 -0.04220612
v -0.04082031 -0.06851564 -0.04462800
v -0.04082031 -0.06851564 -0.04462800
v -0.04300781 -0.06867189 -0.04220612
v -0.04574219 -0.06609375 -0.04482331
v -0.04246094 -0.06609375 -0.04794831
v -0.04246094 -0.06609375 -0.04794831
v -0.04574219 -0.06609375 -0.04482331
v -0.04824219 -0.06320312 -0.04728425
v -0.04246094 -0.06609375 -0.04794831
v -0.04824219 -0.06320312 -0.04728425
v -0.04488281 -0.06320312 -0.05056550
v -0.04488281 -0.06320312 -0.05056550
v -0.04824219 -0.06320312 -0.04728425
v -0.05058594 -0.06000000 -0.04954987
v -0.05058594 -0.06000000 -0.04954987
v -0.04699219 -0.06000000 -0.05298737
v -0.05058594 -0.06000000 -0.04954987
v -0.05277344 -0.05648437 -0.05162018
v -0.04902344 -0.05648437 -0.05521393
v -0.04300781 -0.06867189 -0.04220612
v -0.03933594 -0.07054689 -0.04107331
v -0.04011719 -0.07085939 -0.03939362
v -0.04011719 -0.07085939 -0.03939362
v -0.03933594 -0.07054689 -0.04107331
v -0.03824219 -0.07179689 -0.03829987
v -0.04011719 -0.07085939 -0.03939362
v -0.03824219 -0.07179689 -0.03829987
v -0.04277344 -0.07085939 -0.03646393
v -0.04277344 -0.07085939 -0.03646393
v -0.03824219 -0.07179689 -0.03829987
v -0.03707031 -0.07296875 -0.03548737
v -0.04277344 -0.07085939 -0.03646393
v -0.03707031 -0.07296875 -0.03548737
v -0.03957031 -0.07265625 -0.03376862
v -0.03957031 -0.07265625 -0.03376862
v -0.03707031 -0.07296875 -0.03548737
v -0.03535156 -0.07414064 -0.03169831
v -0.03957031 -0.07265625 -0.03376862
v -0.03535156 -0.07414064 -0.03169831
v -0.03628906 -0.07414064 -0.03099519
v -0.03628906 -0.07414064 -0.03099519
v -0.03535156 -0.07414064 -0.03169831
v -0.03355469 -0.07507814 -0.02787019
v -0.03628906 -0.07414064 -0.03099519
v -0.03355469 -0.07507814 -0.02787019
v -0.03832031 -0.07414064 -0.02833894
v -0.03832031 -0.07414064 -0.02833894
v -0.03355469 -0.07507814 -0.02787019
v -0.03472656 -0.07515625 -0.02572175
v -0.03644531 -0.07515625 -0.02322175
v -0.03644531 -0.07515625 -0.02322175
v -0.03472656 -0.07515625 -0.02572175
v -0.03121094 -0.07578125 -0.02306550
v -0.03644531 -0.07515625 -0.02322175
v -0.03121094 -0.07578125 -0.02306550
v -0.03261719 -0.07578125 -0.02079988
v -0.03261719 -0.07578125 -0.02079988
v -0.03121094 -0.07578125 -0.02306550
v -0.02871094 -0.07601564 -0.01837800
v -0.03402344 -0.07578125 -0.01841706
v -0.03402344 -0.07578125 -0.01841706
v -0.02871094 -0.07601564 -0.01837800
v -0.03042969 -0.07601564 -0.01529206
v -0.03402344 -0.07578125 -0.01841706
v -0.03042969 -0.07601564 -0.01529206
v -0.03519531 -0.07578125 -0.01595613
v -0.03183594 -0.07601564 -0.01208894
v -0.03621094 -0.07578125 -0.01341706
v -0.03707031 -0.07578125 -0.01079988
v -0.03621094 -0.07578125 -0.01341706
v -0.03707031 -0.07578125 -0.01079988
v -0.04144531 -0.07515625 -0.01204988
v -0.04144531 -0.07515625 -0.01204988
v -0.03707031 -0.07578125 -0.01079988
v -0.04214844 -0.07515625 -0.00912019
v -0.04144531 -0.07515625 -0.01204988
v -0.04214844 -0.07515625 -0.00912019
v -0.04652344 -0.07414064 -0.01001863
v -0.04652344 -0.07414064 -0.01001863
v -0.04214844 -0.07515625 -0.00912019
v -0.04707031 -0.07414064 -0.00669831
v -0.04652344 -0.07414064 -0.01001863
v -0.04707031 -0.07414064 -0.00669831
v -0.05136719 -0.07265625 -0.00732331
v -0.05136719 -0.07265625 -0.00732331
v -0.04707031 -0.07414064 -0.00669831
v -0.05175781 -0.07265625 -0.00369050
v -0.05136719 -0.07265625 -0.00732331
v -0.05175781 -0.07265625 -0.00369050
v -0.05597656 -0.07085939 -0.00396394
v -0.05597656 -0.07085939 -0.00396394
v -0.05175781 -0.07265625 -0.00369050
v -0.05605469 -0.07085939 -0.00001862
v -0.05597656 -0.07085939 -0.00396394
v -0.05605469 -0.07085939 -0.00001862
v -0.06011719 -0.06867189 -0.00001862
v -0.06011719 -0.06867189 -0.00001862
v -0.05605469 -0.07085939 -0.00001862
v -0.05996094 -0.06867189 0.00423919
v -0.06011719 -0.06867189 -0.00001862
v -0.05996094 -0.06867189 0.00423919
v -0.06371094 -0.06609375 0.00447356
v -0.06371094 -0.06609375 0.00447356
v -0.05996094 -0.06867189 0.00423919
v -0.06324219 -0.06609375 0.00896575
v -0.06371094 -0.06609375 0.00447356
v -0.06324219 -0.06609375 0.00896575
v -0.06675782 -0.06320312 0.00947356
v -0.06675782 -0.06320312 0.00947356
v -0.06324219 -0.06609375 0.00896575
v -0.06589844 -0.06320312 0.01416106
v -0.06675782 -0.06320312 0.00947356
v -0.06589844 -0.06320312 0.01416106
v -0.06910157 -0.06000000 0.01482512
v -0.06910157 -0.06000000 0.01482512
v -0.06589844 -0.06320312 0.01416106
v -0.06792969 -0.06000000 0.01966888
v -0.06910157 -0.06000000 0.01482512
v -0.06792969 -0.06000000 0.01966888
v -0.07074219 -0.05648437 0.02045013
v -0.03355469 -0.07507814 -0.02787019
v -0.03246094 -0.07546875 -0.02544831
v -0.03472656 -0.07515625 -0.02572175
v -0.03472656 -0.07515625 -0.02572175
v -0.03246094 -0.07546875 -0.02544831
v -0.03121094 -0.07578125 -0.02306550
v -0.03292969 -0.07601564 -0.00872956
v -0.03707031 -0.07578125 -0.01079988
v -0.03292969 -0.07601564 -0.00872956
v -0.03769531 -0.07578125 -0.00814363
v -0.03769531 -0.07578125 -0.00814363
v -0.04214844 -0.07515625 -0.00912019
v -0.03769531 -0.07578125 -0.00814363
v -0.04269531 -0.07515625 -0.00611238
v -0.04214844 -0.07515625 -0.00912019
v -0.04269531 -0.07515625 -0.00611238
v -0.04707031 -0.07414064 -0.00669831
v -0.04707031 -0.07414064 -0.00669831
v -0.04269531 -0.07515625 -0.00611238
v -0.04746094 -0.07414064 -0.00337800
v -0.04707031 -0.07414064 -0.00669831
v -0.04746094 -0.07414064 -0.00337800
v -0.05175781 -0.07265625 -0.00369050
v -0.05175781 -0.07265625 -0.00369050
v -0.04746094 -0.07414064 -0.00337800
v -0.05191406 -0.07265625 -0.00001862
v -0.05175781 -0.07265625 -0.00369050
v -0.05191406 -0.07265625 -0.00001862
v -0.05605469 -0.07085939 -0.00001862
v -0.05605469 -0.07085939 -0.00001862
v -0.05191406 -0.07265625 -0.00001862
v -0.05597656 -0.07085939 0.00396575
v -0.05605469 -0.07085939 -0.00001862
v -0.05597656 -0.07085939 0.00396575
v -0.05996094 -0.06867189 0.00423919
v -0.05996094 -0.06867189 0.00423919
v -0.05597656 -0.07085939 0.00396575
v -0.05949219 -0.06867189 0.00845794
v -0.05996094 -0.06867189 0.00423919
v -0.05949219 -0.06867189 0.00845794
v -0.06324219 -0.06609375 0.00896575
v -0.06324219 -0.06609375 0.00896575
v -0.05949219 -0.06867189 0.00845794
v -0.06246094 -0.06609375 0.01341887
v -0.06324219 -0.06609375 0.00896575
v -0.06246094 -0.06609375 0.01341887
v -0.06589844 -0.06320312 0.01416106
v -0.06589844 -0.06320312 0.01416106
v -0.06246094 -0.06609375 0.01341887
v -0.06480469 -0.06320312 0.01877044
v -0.06480469 -0.06320312 0.01877044
v -0.03363281 -0.07601564 -0.00525300
v -0.03824219 -0.07578125 -0.00544831
v -0.03824219 -0.07578125 -0.00544831
v -0.04269531 -0.07515625 -0.00611238
v -0.04269531 -0.07515625 -0.00611238
v -0.03824219 -0.07578125 -0.00544831
v -0.04300781 -0.07515625 -0.00306550
v -0.04269531 -0.07515625 -0.00611238
v -0.04300781 -0.07515625 -0.00306550
v -0.04746094 -0.07414064 -0.00337800
v -0.04746094 -0.07414064 -0.00337800
v -0.04300781 -0.07515625 -0.00306550
v -0.04753906 -0.07414064 -0.00001862
v -0.04746094 -0.07414064 -0.00337800
v -0.04753906 -0.07414064 -0.00001862
v -0.05191406 -0.07265625 -0.00001862
v -0.05191406 -0.07265625 -0.00001862
v -0.04753906 -0.07414064 -0.00001862
v -0.05175781 -0.07265625 0.00365325
v -0.05191406 -0.07265625 -0.00001862
v -0.05175781 -0.07265625 0.00365325
v -0.05597656 -0.07085939 0.00396575
v -0.05597656 -0.07085939 0.00396575
v -0.05175781 -0.07265625 0.00365325
v -0.05550781 -0.07085939 0.00787200
v -0.05597656 -0.07085939 0.00396575
v -0.05550781 -0.07085939 0.00787200
v -0.05949219 -0.06867189 0.00845794
v -0.05949219 -0.06867189 0.00845794
v -0.05550781 -0.07085939 0.00787200
v -0.05878906 -0.06867189 0.01263762
v -0.05949219 -0.06867189 0.00845794
v -0.05878906 -0.06867189 0.01263762
v -0.06246094 -0.06609375 0.01341887
v -0.06246094 -0.06609375 0.01341887
v -0.05878906 -0.06867189 0.01263762
v -0.06136719 -0.06609375 0.01779388
v -0.06246094 -0.06609375 0.01341887
v -0.06136719 -0.06609375 0.01779388
v -0.06480469 -0.06320312 0.01877044
v -0.03824219 -0.07578125 -0.00544831
v -0.03363281 -0.07601564 -0.00525300
v -0.03847656 -0.07578125 -0.00275300
v -0.03394531 -0.07601564 -0.00177644
v -0.03855469 -0.07578125 -0.00001862
v -0.03394531 -0.07601564 0.00173919
v -0.03847656 -0.07578125 0.00271575
v -0.03363281 -0.07601564 0.00525481
v -0.03824219 -0.07578125 0.00545013
v -0.03824219 -0.07578125 0.00545013
v -0.03363281 -0.07601564 0.00525481
v -0.03769531 -0.07578125 0.00814544
v -0.03824219 -0.07578125 0.00545013
v -0.03769531 -0.07578125 0.00814544
v -0.04214844 -0.07515625 0.00908294
v -0.04144531 -0.07515625 0.01205169
v -0.04214844 -0.07515625 0.00908294
v -0.04144531 -0.07515625 0.01205169
v -0.04566406 -0.07414064 0.01326262
v -0.03292969 -0.07601564 0.00869231
v -0.03707031 -0.07578125 0.01080169
v -0.03707031 -0.07578125 0.01080169
v -0.03292969 -0.07601564 0.00869231
v -0.06230469 -0.05648437 0.03935638
v -0.05980469 -0.06000000 0.03779388
v -0.05941406 -0.05648437 0.04365325
v -0.05941406 -0.05648437 0.04365325
v -0.05980469 -0.06000000 0.03779388
v -0.05699219 -0.06000000 0.04189544
v -0.05941406 -0.05648437 0.04365325
v -0.05699219 -0.06000000 0.04189544
v -0.05621094 -0.05648437 0.04771575
v -0.05621094 -0.05648437 0.04771575
v -0.05699219 -0.06000000 0.04189544
v -0.05394531 -0.06000000 0.04584075
v -0.05621094 -0.05648437 0.04771575
v -0.05394531 -0.06000000 0.04584075
v -0.05277344 -0.05648437 0.05158294
v -0.05277344 -0.05648437 0.05158294
v -0.05394531 -0.06000000 0.04584075
v -0.05058594 -0.06000000 0.04951263
v -0.05277344 -0.05648437 0.05158294
v -0.05058594 -0.06000000 0.04951263
v -0.04902344 -0.05648437 0.05517669
v -0.04699219 -0.06000000 0.05298919
v -0.05980469 -0.06000000 0.03779388
v -0.05707031 -0.06320312 0.03607513
v -0.05699219 -0.06000000 0.04189544
v -0.05441406 -0.06320312 0.03998138
v -0.05699219 -0.06000000 0.04189544
v -0.05441406 -0.06320312 0.03998138
v -0.05394531 -0.06000000 0.04584075
v -0.05394531 -0.06000000 0.04584075
v -0.05441406 -0.06320312 0.03998138
v -0.05144531 -0.06320312 0.04373138
v -0.05394531 -0.06000000 0.04584075
v -0.05144531 -0.06320312 0.04373138
v -0.05058594 -0.06000000 0.04951263
v -0.04824219 -0.06320312 0.04724700
v -0.05058594 -0.06000000 0.04951263
v -0.04824219 -0.06320312 0.04724700
v -0.04699219 -0.06000000 0.05298919
v -0.04699219 -0.06000000 0.05298919
v -0.04824219 -0.06320312 0.04724700
v -0.04488281 -0.06320312 0.05056731
v -0.05980469 -0.06000000 0.03779388
v -0.06230469 -0.05648437 0.03935638
v -0.06230469 -0.06000000 0.03349700
v -0.06230469 -0.06000000 0.03349700
v -0.06230469 -0.05648437 0.03935638
v -0.06488282 -0.05648437 0.03486419
v -0.06230469 -0.06000000 0.03349700
v -0.06488282 -0.05648437 0.03486419
v -0.06449219 -0.06000000 0.02900481
v -0.06714844 -0.05648437 0.03021575
v -0.06449219 -0.06000000 0.02900481
v -0.06714844 -0.05648437 0.03021575
v -0.06636719 -0.06000000 0.02439544
v -0.06910157 -0.05648437 0.02541106
v -0.05707031 -0.06320312 0.03607513
v -0.05402344 -0.06609375 0.03420013
v -0.05441406 -0.06320312 0.03998138
v -0.05152344 -0.06609375 0.03791106
v -0.05441406 -0.06320312 0.03998138
v -0.05152344 -0.06609375 0.03791106
v -0.05144531 -0.06320312 0.04373138
v -0.05144531 -0.06320312 0.04373138
v -0.05152344 -0.06609375 0.03791106
v -0.04878906 -0.06609375 0.04146575
v -0.05144531 -0.06320312 0.04373138
v -0.04878906 -0.06609375 0.04146575
v -0.04824219 -0.06320312 0.04724700
v -0.04574219 -0.06609375 0.04482513
v -0.04824219 -0.06320312 0.04724700
v -0.04574219 -0.06609375 0.04482513
v -0.04488281 -0.06320312 0.05056731
v -0.05707031 -0.06320312 0.03607513
v -0.05980469 -0.06000000 0.03779388
v -0.05941406 -0.06320312 0.03193450
v -0.05941406 -0.06320312 0.03193450
v -0.05980469 -0.06000000 0.03779388
v -0.06230469 -0.06000000 0.03349700
v -0.05941406 -0.06320312 0.03193450
v -0.06230469 -0.06000000 0.03349700
v -0.06152344 -0.06320312 0.02767669
v -0.06152344 -0.06320312 0.02767669
v -0.06230469 -0.06000000 0.03349700
v -0.06449219 -0.06000000 0.02900481
v -0.06152344 -0.06320312 0.02767669
v -0.06449219 -0.06000000 0.02900481
v -0.06332031 -0.06320312 0.02326263
v -0.06636719 -0.06000000 0.02439544
v -0.05402344 -0.06609375 0.03420013
v -0.05082031 -0.06867189 0.03220794
v -0.05152344 -0.06609375 0.03791106
v -0.04847656 -0.06867189 0.03568450
v -0.05152344 -0.06609375 0.03791106
v -0.04847656 -0.06867189 0.03568450
v -0.04878906 -0.06609375 0.04146575
v -0.04878906 -0.06609375 0.04146575
v -0.04847656 -0.06867189 0.03568450
v -0.04582031 -0.06867189 0.03904388
v -0.04878906 -0.06609375 0.04146575
v -0.04582031 -0.06867189 0.03904388
v -0.04574219 -0.06609375 0.04482513
v -0.05402344 -0.06609375 0.03420013
v -0.05707031 -0.06320312 0.03607513
v -0.05628906 -0.06609375 0.03029388
v -0.05628906 -0.06609375 0.03029388
v -0.05707031 -0.06320312 0.03607513
v -0.05941406 -0.06320312 0.03193450
v -0.05628906 -0.06609375 0.03029388
v -0.05941406 -0.06320312 0.03193450
v -0.05832031 -0.06609375 0.02623138
v -0.06152344 -0.06320312 0.02767669
v -0.05832031 -0.06609375 0.02623138
v -0.06152344 -0.06320312 0.02767669
v -0.05996094 -0.06609375 0.02205169
v -0.05996094 -0.06609375 0.02205169
v -0.06152344 -0.06320312 0.02767669
v -0.06332031 -0.06320312 0.02326263
v -0.05082031 -0.06867189 0.03220794
v -0.04746094 -0.07085939 0.03005950
v -0.04847656 -0.06867189 0.03568450
v -0.04847656 -0.06867189 0.03568450
v -0.04746094 -0.07085939 0.03005950
v -0.04519531 -0.07085939 0.03334075
v -0.04847656 -0.06867189 0.03568450
v -0.04519531 -0.07085939 0.03334075
v -0.04582031 -0.06867189 0.03904388
v -0.05082031 -0.06867189 0.03220794
v -0.05402344 -0.06609375 0.03420013
v -0.05292969 -0.06867189 0.02849700
v -0.05628906 -0.06609375 0.03029388
v -0.05292969 -0.06867189 0.02849700
v -0.05628906 -0.06609375 0.03029388
v -0.05480469 -0.06867189 0.02470794
v -0.05832031 -0.06609375 0.02623138
v -0.05480469 -0.06867189 0.02470794
v -0.05832031 -0.06609375 0.02623138
v -0.05644531 -0.06867189 0.02076263
v -0.05644531 -0.06867189 0.02076263
v -0.05832031 -0.06609375 0.02623138
v -0.05996094 -0.06609375 0.02205169
v -0.04519531 -0.07085939 0.03334075
v -0.04746094 -0.07085939 0.03005950
v -0.04386719 -0.07265625 0.02783294
v -0.04386719 -0.07265625 0.02783294
v -0.04746094 -0.07085939 0.03005950
v -0.04574219 -0.07265625 0.02466888
v -0.04574219 -0.07265625 0.02466888
v -0.04191406 -0.07414064 0.02259856
v -0.04574219 -0.07265625 0.02466888
v -0.04339844 -0.07414064 0.01959075
v -0.04746094 -0.07085939 0.03005950
v -0.05082031 -0.06867189 0.03220794
v -0.04941406 -0.07085939 0.02662200
v -0.05292969 -0.06867189 0.02849700
v -0.04941406 -0.07085939 0.02662200
v -0.05292969 -0.06867189 0.02849700
v -0.05113281 -0.07085939 0.02306731
v -0.05480469 -0.06867189 0.02470794
v -0.05113281 -0.07085939 0.02306731
v -0.05480469 -0.06867189 0.02470794
v -0.05269531 -0.07085939 0.01939544
v -0.05269531 -0.07085939 0.01939544
v -0.05480469 -0.06867189 0.02470794
v -0.05644531 -0.06867189 0.02076263
v -0.03832031 -0.07414064 0.02830169
v -0.03800781 -0.07515625 0.02052825
v -0.03832031 -0.07414064 0.02830169
v -0.03832031 -0.07414064 0.02830169
v -0.03957031 -0.07265625 0.03377044
v -0.04183594 -0.07265625 0.03087981
v -0.03957031 -0.07265625 0.03377044
v -0.04941406 -0.07085939 0.02662200
v -0.04574219 -0.07265625 0.02466888
v -0.04941406 -0.07085939 0.02662200
v -0.04738281 -0.07265625 0.02134856
v -0.04738281 -0.07265625 0.02134856
v -0.04339844 -0.07414064 0.01959075
v -0.04738281 -0.07265625 0.02134856
v -0.04464844 -0.07414064 0.01646575
v -0.04738281 -0.07265625 0.02134856
v -0.04941406 -0.07085939 0.02662200
v -0.05113281 -0.07085939 0.02306731
v -0.03519531 -0.07578125 0.01595794
v -0.03402344 -0.07578125 0.01837981
v -0.03800781 -0.07515625 0.02052825
v -0.03933594 -0.07515625 0.01779388
v -0.05269531 -0.07085939 0.01939544
v -0.04871094 -0.07265625 0.01795013
v -0.05113281 -0.07085939 0.02306731
v -0.05113281 -0.07085939 0.02306731
v -0.04871094 -0.07265625 0.01795013
v -0.04738281 -0.07265625 0.02134856
v -0.04871094 -0.07265625 0.01795013
v -0.03621094 -0.07578125 0.01341887
v -0.03519531 -0.07578125 0.01595794
v -0.03933594 -0.07515625 0.01779388
v -0.04050781 -0.07515625 0.01494231
v -0.06136719 -0.06609375 0.01779388
v -0.05878906 -0.06867189 0.01263762
v -0.05769531 -0.06867189 0.01673919
v -0.05769531 -0.06867189 0.01673919
v -0.05878906 -0.06867189 0.01263762
v -0.05480469 -0.07085939 0.01177825
v -0.05769531 -0.06867189 0.01673919
v -0.05480469 -0.07085939 0.01177825
v -0.05386719 -0.07085939 0.01564544
v -0.05386719 -0.07085939 0.01564544
v -0.05480469 -0.07085939 0.01177825
v -0.05074219 -0.07265625 0.01091887
v -0.04988281 -0.07265625 0.01447356
v -0.04988281 -0.07265625 0.01447356
v -0.05074219 -0.07265625 0.01091887
v -0.04652344 -0.07414064 0.01002044
v -0.04988281 -0.07265625 0.01447356
v -0.04652344 -0.07414064 0.01002044
v -0.04566406 -0.07414064 0.01326262
v -0.04566406 -0.07414064 0.01326262
v -0.04652344 -0.07414064 0.01002044
v -0.04214844 -0.07515625 0.00908294
v -0.07074219 -0.05648437 0.02045013
v -0.07199219 -0.05648437 0.01545012
v -0.06910157 -0.06000000 0.01482512
v -0.06910157 -0.06000000 0.01482512
v -0.07199219 -0.05648437 0.01545012
v -0.06996094 -0.06000000 0.00990325
v -0.06910157 -0.06000000 0.01482512
v -0.06996094 -0.06000000 0.00990325
v -0.06675782 -0.06320312 0.00947356
v -0.06675782 -0.06320312 0.00947356
v -0.06996094 -0.06000000 0.00990325
v -0.06722657 -0.06320312 0.00474700
v -0.06675782 -0.06320312 0.00947356
v -0.06722657 -0.06320312 0.00474700
v -0.06371094 -0.06609375 0.00447356
v -0.06371094 -0.06609375 0.00447356
v -0.06722657 -0.06320312 0.00474700
v -0.06386719 -0.06609375 -0.00001862
v -0.06386719 -0.06609375 -0.00001862
v -0.06011719 -0.06867189 -0.00001862
v -0.06386719 -0.06609375 -0.00001862
v -0.05996094 -0.06867189 -0.00423737
v -0.06011719 -0.06867189 -0.00001862
v -0.05996094 -0.06867189 -0.00423737
v -0.05597656 -0.07085939 -0.00396394
v -0.05597656 -0.07085939 -0.00396394
v -0.05996094 -0.06867189 -0.00423737
v -0.05550781 -0.07085939 -0.00790925
v -0.05597656 -0.07085939 -0.00396394
v -0.05550781 -0.07085939 -0.00790925
v -0.05136719 -0.07265625 -0.00732331
v -0.05136719 -0.07265625 -0.00732331
v -0.05550781 -0.07085939 -0.00790925
v -0.05074219 -0.07265625 -0.01091706
v -0.05136719 -0.07265625 -0.00732331
v -0.05074219 -0.07265625 -0.01091706
v -0.04652344 -0.07414064 -0.01001863
v -0.04652344 -0.07414064 -0.01001863
v -0.05074219 -0.07265625 -0.01091706
v -0.04566406 -0.07414064 -0.01329988
v -0.04652344 -0.07414064 -0.01001863
v -0.04566406 -0.07414064 -0.01329988
v -0.04144531 -0.07515625 -0.01204988
v -0.04144531 -0.07515625 -0.01204988
v -0.04566406 -0.07414064 -0.01329988
v -0.04050781 -0.07515625 -0.01497956
v -0.04050781 -0.07515625 -0.01497956
v -0.03621094 -0.07578125 -0.01341706
v -0.04050781 -0.07515625 -0.01497956
v -0.03519531 -0.07578125 -0.01595613
v -0.05480469 -0.07085939 0.01177825
v -0.05480469 -0.07085939 0.01177825
v -0.05550781 -0.07085939 0.00787200
v -0.05136719 -0.07265625 0.00728606
v -0.05074219 -0.07265625 0.01091887
v -0.05074219 -0.07265625 0.01091887
v -0.05136719 -0.07265625 0.00728606
v -0.04707031 -0.07414064 0.00670013
v -0.04652344 -0.07414064 0.01002044
v -0.04652344 -0.07414064 0.01002044
v -0.04707031 -0.07414064 0.00670013
v -0.04269531 -0.07515625 0.00607513
v -0.04652344 -0.07414064 0.01002044
v -0.04269531 -0.07515625 0.00607513
v -0.04214844 -0.07515625 0.00908294
v -0.04214844 -0.07515625 0.00908294
v -0.04269531 -0.07515625 0.00607513
v -0.03824219 -0.07578125 0.00545013
v -0.07199219 -0.05648437 0.01545012
v -0.07292969 -0.05648437 0.01033294
v -0.06996094 -0.06000000 0.00990325
v -0.06996094 -0.06000000 0.00990325
v -0.07292969 -0.05648437 0.01033294
v -0.07050782 -0.06000000 0.00498138
v -0.06996094 -0.06000000 0.00990325
v -0.07050782 -0.06000000 0.00498138
v -0.06722657 -0.06320312 0.00474700
v -0.06722657 -0.06320312 0.00474700
v -0.07050782 -0.06000000 0.00498138
v -0.06738282 -0.06320312 -0.00001862
v -0.06738282 -0.06320312 -0.00001862
v -0.06386719 -0.06609375 -0.00001862
v -0.06738282 -0.06320312 -0.00001862
v -0.06371094 -0.06609375 -0.00451081
v -0.06371094 -0.06609375 -0.00451081
v -0.05996094 -0.06867189 -0.00423737
v -0.06371094 -0.06609375 -0.00451081
v -0.05949219 -0.06867189 -0.00845613
v -0.05996094 -0.06867189 -0.00423737
v -0.05949219 -0.06867189 -0.00845613
v -0.05550781 -0.07085939 -0.00790925
v -0.05550781 -0.07085939 -0.00790925
v -0.05949219 -0.06867189 -0.00845613
v -0.05480469 -0.07085939 -0.01181550
v -0.05480469 -0.07085939 -0.01181550
v -0.05074219 -0.07265625 -0.01091706
v -0.05480469 -0.07085939 -0.01181550
v -0.04988281 -0.07265625 -0.01451081
v -0.05074219 -0.07265625 -0.01091706
v -0.04988281 -0.07265625 -0.01451081
v -0.04566406 -0.07414064 -0.01329988
v -0.04566406 -0.07414064 -0.01329988
v -0.04988281 -0.07265625 -0.01451081
v -0.04464844 -0.07414064 -0.01650300
v -0.04464844 -0.07414064 -0.01650300
v -0.04050781 -0.07515625 -0.01497956
v -0.04464844 -0.07414064 -0.01650300
v -0.03933594 -0.07515625 -0.01779206
v -0.03933594 -0.07515625 -0.01779206
v -0.03519531 -0.07578125 -0.01595613
v -0.03933594 -0.07515625 -0.01779206
v -0.03402344 -0.07578125 -0.01841706
v -0.05550781 -0.07085939 0.00787200
v -0.05175781 -0.07265625 0.00365325
v -0.05136719 -0.07265625 0.00728606
v -0.05136719 -0.07265625 0.00728606
v -0.05175781 -0.07265625 0.00365325
v -0.04746094 -0.07414064 0.00334075
v -0.05136719 -0.07265625 0.00728606
v -0.04746094 -0.07414064 0.00334075
v -0.04707031 -0.07414064 0.00670013
v -0.04707031 -0.07414064 0.00670013
v -0.04746094 -0.07414064 0.00334075
v -0.04300781 -0.07515625 0.00302825
v -0.04707031 -0.07414064 0.00670013
v -0.04300781 -0.07515625 0.00302825
v -0.04269531 -0.07515625 0.00607513
v -0.04269531 -0.07515625 0.00607513
v -0.04300781 -0.07515625 0.00302825
v -0.03847656 -0.07578125 0.00271575
v -0.03824219 -0.07578125 0.00545013
v -0.07292969 -0.05648437 0.01033294
v -0.07339844 -0.05648437 0.00517669
v -0.07050782 -0.06000000 0.00498138
v -0.07050782 -0.06000000 0.00498138
v -0.07339844 -0.05648437 0.00517669
v -0.07066407 -0.06000000 -0.00001862
v -0.07066407 -0.06000000 -0.00001862
v -0.06738282 -0.06320312 -0.00001862
v -0.07066407 -0.06000000 -0.00001862
v -0.06722657 -0.06320312 -0.00474519
v -0.06722657 -0.06320312 -0.00474519
v -0.06371094 -0.06609375 -0.00451081
v -0.06722657 -0.06320312 -0.00474519
v -0.06324219 -0.06609375 -0.00900300
v -0.06371094 -0.06609375 -0.00451081
v -0.06324219 -0.06609375 -0.00900300
v -0.05949219 -0.06867189 -0.00845613
v -0.05949219 -0.06867189 -0.00845613
v -0.06324219 -0.06609375 -0.00900300
v -0.05878906 -0.06867189 -0.01263581
v -0.05878906 -0.06867189 -0.01263581
v -0.05480469 -0.07085939 -0.01181550
v -0.05878906 -0.06867189 -0.01263581
v -0.05386719 -0.07085939 -0.01564363
v -0.05386719 -0.07085939 -0.01564363
v -0.04988281 -0.07265625 -0.01451081
v -0.05386719 -0.07085939 -0.01564363
v -0.04871094 -0.07265625 -0.01798738
v -0.04871094 -0.07265625 -0.01798738
v -0.04464844 -0.07414064 -0.01650300
v -0.04871094 -0.07265625 -0.01798738
v -0.04339844 -0.07414064 -0.01962800
v -0.04464844 -0.07414064 -0.01650300
v -0.04339844 -0.07414064 -0.01962800
v -0.03933594 -0.07515625 -0.01779206
v -0.03933594 -0.07515625 -0.01779206
v -0.04339844 -0.07414064 -0.01962800
v -0.03800781 -0.07515625 -0.02052644
v -0.03800781 -0.07515625 -0.02052644
v -0.03402344 -0.07578125 -0.01841706
v -0.03800781 -0.07515625 -0.02052644
v -0.05175781 -0.07265625 0.00365325
v -0.04753906 -0.07414064 -0.00001862
v -0.04746094 -0.07414064 0.00334075
v -0.04746094 -0.07414064 0.00334075
v -0.04753906 -0.07414064 -0.00001862
v -0.04308594 -0.07515625 -0.00001862
v -0.04746094 -0.07414064 0.00334075
v -0.04308594 -0.07515625 -0.00001862
v -0.04300781 -0.07515625 0.00302825
v -0.04300781 -0.07515625 0.00302825
v -0.04308594 -0.07515625 -0.00001862
v -0.03855469 -0.07578125 -0.00001862
v -0.03847656 -0.07578125 0.00271575
v -0.07339844 -0.05648437 0.00517669
v -0.07363282 -0.05648437 -0.00001862
v -0.07066407 -0.06000000 -0.00001862
v -0.07066407 -0.06000000 -0.00001862
v -0.07363282 -0.05648437 -0.00001862
v -0.07050782 -0.06000000 -0.00497956
v -0.07050782 -0.06000000 -0.00497956
v -0.06722657 -0.06320312 -0.00474519
v -0.07050782 -0.06000000 -0.00497956
v -0.06675782 -0.06320312 -0.00947175
v -0.06722657 -0.06320312 -0.00474519
v -0.06675782 -0.06320312 -0.00947175
v -0.06324219 -0.06609375 -0.00900300
v -0.06324219 -0.06609375 -0.00900300
v -0.06675782 -0.06320312 -0.00947175
v -0.06246094 -0.06609375 -0.01341706
v -0.06324219 -0.06609375 -0.00900300
v -0.06246094 -0.06609375 -0.01341706
v -0.05878906 -0.06867189 -0.01263581
v -0.05878906 -0.06867189 -0.01263581
v -0.06246094 -0.06609375 -0.01341706
v -0.05769531 -0.06867189 -0.01673738
v -0.05878906 -0.06867189 -0.01263581
v -0.05769531 -0.06867189 -0.01673738
v -0.05386719 -0.07085939 -0.01564363
v -0.05386719 -0.07085939 -0.01564363
v -0.05769531 -0.06867189 -0.01673738
v -0.05269531 -0.07085939 -0.01939363
v -0.05386719 -0.07085939 -0.01564363
v -0.05269531 -0.07085939 -0.01939363
v -0.04871094 -0.07265625 -0.01798738
v -0.04871094 -0.07265625 -0.01798738
v -0.05269531 -0.07085939 -0.01939363
v -0.04738281 -0.07265625 -0.02138581
v -0.04738281 -0.07265625 -0.02138581
v -0.04339844 -0.07414064 -0.01962800
v -0.04738281 -0.07265625 -0.02138581
v -0.04191406 -0.07414064 -0.02263581
v -0.04191406 -0.07414064 -0.02263581
v -0.03800781 -0.07515625 -0.02052644
v -0.04191406 -0.07414064 -0.02263581
v -0.04019531 -0.07414064 -0.02556550
v -0.03644531 -0.07515625 -0.02322175
v -0.03644531 -0.07515625 -0.02322175
v -0.04019531 -0.07414064 -0.02556550
v -0.03832031 -0.07414064 -0.02833894
v -0.03847656 -0.07578125 -0.00275300
v -0.04300781 -0.07515625 -0.00306550
v -0.04300781 -0.07515625 -0.00306550
v -0.04308594 -0.07515625 -0.00001862
v -0.04753906 -0.07414064 -0.00001862
v -0.07363282 -0.05648437 -0.00001862
v -0.07339844 -0.05648437 -0.00517488
v -0.07050782 -0.06000000 -0.00497956
v -0.07050782 -0.06000000 -0.00497956
v -0.07339844 -0.05648437 -0.00517488
v -0.06996094 -0.06000000 -0.00994050
v -0.07050782 -0.06000000 -0.00497956
v -0.06996094 -0.06000000 -0.00994050
v -0.06675782 -0.06320312 -0.00947175
v -0.06675782 -0.06320312 -0.00947175
v -0.06996094 -0.06000000 -0.00994050
v -0.06589844 -0.06320312 -0.01415925
v -0.06589844 -0.06320312 -0.01415925
v -0.06246094 -0.06609375 -0.01341706
v -0.06589844 -0.06320312 -0.01415925
v -0.06136719 -0.06609375 -0.01779206
v -0.06246094 -0.06609375 -0.01341706
v -0.06136719 -0.06609375 -0.01779206
v -0.05769531 -0.06867189 -0.01673738
v -0.05769531 -0.06867189 -0.01673738
v -0.06136719 -0.06609375 -0.01779206
v -0.05644531 -0.06867189 -0.02079988
v -0.05644531 -0.06867189 -0.02079988
v -0.05269531 -0.07085939 -0.01939363
v -0.05644531 -0.06867189 -0.02079988
v -0.05113281 -0.07085939 -0.02306550
v -0.05269531 -0.07085939 -0.01939363
v -0.05113281 -0.07085939 -0.02306550
v -0.04738281 -0.07265625 -0.02138581
v -0.04738281 -0.07265625 -0.02138581
v -0.05113281 -0.07085939 -0.02306550
v -0.04574219 -0.07265625 -0.02466706
v -0.04574219 -0.07265625 -0.02466706
v -0.04191406 -0.07414064 -0.02263581
v -0.04574219 -0.07265625 -0.02466706
v -0.04386719 -0.07265625 -0.02787019
v -0.04019531 -0.07414064 -0.02556550
v -0.04019531 -0.07414064 -0.02556550
v -0.04386719 -0.07265625 -0.02787019
v -0.04183594 -0.07265625 -0.03087800
v -0.03832031 -0.07414064 -0.02833894
v -0.03832031 -0.07414064 -0.02833894
v -0.04183594 -0.07265625 -0.03087800
v -0.03628906 -0.07414064 -0.03099519
v -0.03847656 -0.07578125 -0.00275300
v -0.07339844 -0.05648437 -0.00517488
v -0.07292969 -0.05648437 -0.01033113
v -0.06996094 -0.06000000 -0.00994050
v -0.06996094 -0.06000000 -0.00994050
v -0.07292969 -0.05648437 -0.01033113
v -0.06910157 -0.06000000 -0.01482331
v -0.06996094 -0.06000000 -0.00994050
v -0.06910157 -0.06000000 -0.01482331
v -0.06589844 -0.06320312 -0.01415925
v -0.06589844 -0.06320312 -0.01415925
v -0.06910157 -0.06000000 -0.01482331
v -0.06480469 -0.06320312 -0.01876863
v -0.06589844 -0.06320312 -0.01415925
v -0.06480469 -0.06320312 -0.01876863
v -0.06136719 -0.06609375 -0.01779206
v -0.06136719 -0.06609375 -0.01779206
v -0.06480469 -0.06320312 -0.01876863
v -0.05996094 -0.06609375 -0.02208894
v -0.06136719 -0.06609375 -0.01779206
v -0.05996094 -0.06609375 -0.02208894
v -0.05644531 -0.06867189 -0.02079988
v -0.05644531 -0.06867189 -0.02079988
v -0.05996094 -0.06609375 -0.02208894
v -0.05480469 -0.06867189 -0.02470613
v -0.05480469 -0.06867189 -0.02470613
v -0.05113281 -0.07085939 -0.02306550
v -0.05480469 -0.06867189 -0.02470613
v -0.04941406 -0.07085939 -0.02665925
v -0.05113281 -0.07085939 -0.02306550
v -0.04941406 -0.07085939 -0.02665925
v -0.04574219 -0.07265625 -0.02466706
v -0.04574219 -0.07265625 -0.02466706
v -0.04941406 -0.07085939 -0.02665925
v -0.04746094 -0.07085939 -0.03009675
v -0.04386719 -0.07265625 -0.02787019
v -0.04386719 -0.07265625 -0.02787019
v -0.04746094 -0.07085939 -0.03009675
v -0.04519531 -0.07085939 -0.03333893
v -0.04386719 -0.07265625 -0.02787019
v -0.04519531 -0.07085939 -0.03333893
v -0.04183594 -0.07265625 -0.03087800
v -0.04183594 -0.07265625 -0.03087800
v -0.04519531 -0.07085939 -0.03333893
v -0.03957031 -0.07265625 -0.03376862
v -0.03957031 -0.07265625 -0.03376862
v -0.07292969 -0.05648437 -0.01033113
v -0.07199219 -0.05648437 -0.01544831
v -0.06910157 -0.06000000 -0.01482331
v -0.06910157 -0.06000000 -0.01482331
v -0.07199219 -0.05648437 -0.01544831
v -0.06792969 -0.06000000 -0.01966706
v -0.06910157 -0.06000000 -0.01482331
v -0.06792969 -0.06000000 -0.01966706
v -0.06480469 -0.06320312 -0.01876863
v -0.06480469 -0.06320312 -0.01876863
v -0.06792969 -0.06000000 -0.01966706
v -0.06332031 -0.06320312 -0.02329988
v -0.06332031 -0.06320312 -0.02329988
v -0.05996094 -0.06609375 -0.02208894
v -0.06332031 -0.06320312 -0.02329988
v -0.05832031 -0.06609375 -0.02626863
v -0.05996094 -0.06609375 -0.02208894
v -0.05832031 -0.06609375 -0.02626863
v -0.05480469 -0.06867189 -0.02470613
v -0.05480469 -0.06867189 -0.02470613
v -0.05832031 -0.06609375 -0.02626863
v -0.05292969 -0.06867189 -0.02853425
v -0.05292969 -0.06867189 -0.02853425
v -0.04941406 -0.07085939 -0.02665925
v -0.05292969 -0.06867189 -0.02853425
v -0.05082031 -0.06867189 -0.03220612
v -0.04746094 -0.07085939 -0.03009675
v -0.04746094 -0.07085939 -0.03009675
v -0.05082031 -0.06867189 -0.03220612
v -0.04847656 -0.06867189 -0.03572175
v -0.04746094 -0.07085939 -0.03009675
v -0.04847656 -0.06867189 -0.03572175
v -0.04519531 -0.07085939 -0.03333893
v -0.04519531 -0.07085939 -0.03333893
v -0.04847656 -0.06867189 -0.03572175
v -0.04277344 -0.07085939 -0.03646393
v -0.04277344 -0.07085939 -0.03646393
v -0.07199219 -0.05648437 -0.01544831
v -0.07074219 -0.05648437 -0.02048738
v -0.06792969 -0.06000000 -0.01966706
v -0.06792969 -0.06000000 -0.01966706
v -0.07074219 -0.05648437 -0.02048738
v -0.06636719 -0.06000000 -0.02439363
v -0.06636719 -0.06000000 -0.02439363
v -0.06332031 -0.06320312 -0.02329988
v -0.06636719 -0.06000000 -0.02439363
v -0.06152344 -0.06320312 -0.02771394
v -0.06332031 -0.06320312 -0.02329988
v -0.06152344 -0.06320312 -0.02771394
v -0.05832031 -0.06609375 -0.02626863
v -0.05832031 -0.06609375 -0.02626863
v -0.06152344 -0.06320312 -0.02771394
v -0.05628906 -0.06609375 -0.03029206
v -0.05832031 -0.06609375 -0.02626863
v -0.05628906 -0.06609375 -0.03029206
v -0.05292969 -0.06867189 -0.02853425
v -0.05292969 -0.06867189 -0.02853425
v -0.05628906 -0.06609375 -0.03029206
v -0.05402344 -0.06609375 -0.03419831
v -0.05082031 -0.06867189 -0.03220612
v -0.05082031 -0.06867189 -0.03220612
v -0.05402344 -0.06609375 -0.03419831
v -0.05152344 -0.06609375 -0.03794831
v -0.04847656 -0.06867189 -0.03572175
v -0.04847656 -0.06867189 -0.03572175
v -0.05152344 -0.06609375 -0.03794831
v -0.04582031 -0.06867189 -0.03904206
v -0.04847656 -0.06867189 -0.03572175
v -0.04582031 -0.06867189 -0.03904206
v -0.04277344 -0.07085939 -0.03646393
v -0.04277344 -0.07085939 -0.03646393
v -0.04582031 -0.06867189 -0.03904206
v -0.04011719 -0.07085939 -0.03939362
v -0.06910157 -0.05648437 -0.02540925
v -0.06636719 -0.06000000 -0.02439363
v -0.06910157 -0.05648437 -0.02540925
v -0.06449219 -0.06000000 -0.02904206
v -0.06636719 -0.06000000 -0.02439363
v -0.06449219 -0.06000000 -0.02904206
v -0.06152344 -0.06320312 -0.02771394
v -0.06152344 -0.06320312 -0.02771394
v -0.06449219 -0.06000000 -0.02904206
v -0.05941406 -0.06320312 -0.03197175
v -0.06152344 -0.06320312 -0.02771394
v -0.05941406 -0.06320312 -0.03197175
v -0.05628906 -0.06609375 -0.03029206
v -0.05628906 -0.06609375 -0.03029206
v -0.05941406 -0.06320312 -0.03197175
v -0.05707031 -0.06320312 -0.03607331
v -0.05628906 -0.06609375 -0.03029206
v -0.05707031 -0.06320312 -0.03607331
v -0.05402344 -0.06609375 -0.03419831
v -0.05402344 -0.06609375 -0.03419831
v -0.05707031 -0.06320312 -0.03607331
v -0.05441406 -0.06320312 -0.04001862
v -0.05402344 -0.06609375 -0.03419831
v -0.05441406 -0.06320312 -0.04001862
v -0.05152344 -0.06609375 -0.03794831
v -0.05152344 -0.06609375 -0.03794831
v -0.05441406 -0.06320312 -0.04001862
v -0.04878906 -0.06609375 -0.04146393
v -0.05152344 -0.06609375 -0.03794831
v -0.04878906 -0.06609375 -0.04146393
v -0.04582031 -0.06867189 -0.03904206
v -0.04582031 -0.06867189 -0.03904206
v -0.04878906 -0.06609375 -0.04146393
v -0.04300781 -0.06867189 -0.04220612
v -0.04300781 -0.06867189 -0.04220612
v -0.06714844 -0.05648437 -0.03021394
v -0.06449219 -0.06000000 -0.02904206
v -0.06714844 -0.05648437 -0.03021394
v -0.06230469 -0.06000000 -0.03349518
v -0.06230469 -0.06000000 -0.03349518
v -0.05941406 -0.06320312 -0.03197175
v -0.06230469 -0.06000000 -0.03349518
v -0.05980469 -0.06000000 -0.03783112
v -0.05707031 -0.06320312 -0.03607331
v -0.05707031 -0.06320312 -0.03607331
v -0.05980469 -0.06000000 -0.03783112
v -0.05699219 -0.06000000 -0.04193268
v -0.05707031 -0.06320312 -0.03607331
v -0.05699219 -0.06000000 -0.04193268
v -0.05441406 -0.06320312 -0.04001862
v -0.05441406 -0.06320312 -0.04001862
v -0.05699219 -0.06000000 -0.04193268
v -0.05144531 -0.06320312 -0.04376862
v -0.05441406 -0.06320312 -0.04001862
v -0.05144531 -0.06320312 -0.04376862
v -0.04878906 -0.06609375 -0.04146393
v -0.04878906 -0.06609375 -0.04146393
v -0.05144531 -0.06320312 -0.04376862
v -0.04574219 -0.06609375 -0.04482331
v -0.04878906 -0.06609375 -0.04146393
v -0.04574219 -0.06609375 -0.04482331
v -0.04300781 -0.06867189 -0.04220612
v -0.06714844 -0.05648437 -0.03021394
v -0.06488282 -0.05648437 -0.03490143
v -0.06230469 -0.06000000 -0.03349518
v -0.06230469 -0.06000000 -0.03349518
v -0.06488282 -0.05648437 -0.03490143
v -0.06230469 -0.05648437 -0.03939362
v -0.06230469 -0.06000000 -0.03349518
v -0.06230469 -0.05648437 -0.03939362
v -0.05980469 -0.06000000 -0.03783112
v -0.05980469 -0.06000000 -0.03783112
v -0.06230469 -0.05648437 -0.03939362
v -0.05941406 -0.05648437 -0.04365143
v -0.05980469 -0.06000000 -0.03783112
v -0.05941406 -0.05648437 -0.04365143
v -0.05699219 -0.06000000 -0.04193268
v -0.05699219 -0.06000000 -0.04193268
v -0.05941406 -0.05648437 -0.04365143
v -0.05394531 -0.06000000 -0.04583893
v -0.05699219 -0.06000000 -0.04193268
v -0.05394531 -0.06000000 -0.04583893
v -0.05144531 -0.06320312 -0.04376862
v -0.05144531 -0.06320312 -0.04376862
v -0.05394531 -0.06000000 -0.04583893
v -0.04824219 -0.06320312 -0.04728425
v -0.04824219 -0.06320312 -0.04728425
v -0.05621094 -0.05648437 -0.04775300
v -0.05394531 -0.06000000 -0.04583893
v -0.05621094 -0.05648437 -0.04775300
v -0.05058594 -0.06000000 -0.04954987
v -0.05058594 -0.06000000 -0.04954987
v -0.05277344 -0.05648437 -0.05162018
v -0.05058594 -0.06000000 -0.04954987
v -0.05621094 -0.05648437 -0.04775300
v -0.02910156 0.07601564 -0.01849519
v -0.03285156 0.07578125 -0.02076081
v -0.02902344 0.07601564 -0.01837800
v -0.02902344 0.07601564 -0.01837800
v -0.03285156 0.07578125 -0.02076081
v -0.03425781 0.07578125 -0.01841706
v -0.02902344 0.07601564 -0.01837800
v -0.03425781 0.07578125 -0.01841706
v -0.03089844 0.07601564 -0.01497956
v -0.03089844 0.07601564 -0.01497956
v -0.03425781 0.07578125 -0.01841706
v -0.03542969 0.07578125 -0.01595613
v -0.03238281 0.07601564 -0.01142488
v -0.03644531 0.07578125 -0.01341706
v -0.03730469 0.07578125 -0.01079988
v -0.03730469 0.07578125 -0.01079988
v -0.03644531 0.07578125 -0.01341706
v -0.04066406 0.07523439 -0.01494050
v -0.04160156 0.07523439 -0.01204988
v -0.04160156 0.07523439 -0.01204988
v -0.04066406 0.07523439 -0.01494050
v -0.04480469 0.07421875 -0.01642488
v -0.04582031 0.07421875 -0.01326081
v -0.04582031 0.07421875 -0.01326081
v -0.04480469 0.07421875 -0.01642488
v -0.04886719 0.07281250 -0.01790925
v -0.04582031 0.07421875 -0.01326081
v -0.04886719 0.07281250 -0.01790925
v -0.04996094 0.07281250 -0.01443269
v -0.04996094 0.07281250 -0.01443269
v -0.04886719 0.07281250 -0.01790925
v -0.05277344 0.07101564 -0.01931550
v -0.05394531 0.07101564 -0.01556550
v -0.05394531 0.07101564 -0.01556550
v -0.05277344 0.07101564 -0.01931550
v -0.05652344 0.06882814 -0.02068269
v -0.05777344 0.06882814 -0.01665925
v -0.05777344 0.06882814 -0.01665925
v -0.05652344 0.06882814 -0.02068269
v -0.06003906 0.06632814 -0.02197175
v -0.05777344 0.06882814 -0.01665925
v -0.06003906 0.06632814 -0.02197175
v -0.06144531 0.06632814 -0.01771394
v -0.06144531 0.06632814 -0.01771394
v -0.06003906 0.06632814 -0.02197175
v -0.06332031 0.06351562 -0.02314363
v -0.06480469 0.06351562 -0.01865144
v -0.06480469 0.06351562 -0.01865144
v -0.06332031 0.06351562 -0.02314363
v -0.06636719 0.06031250 -0.02427644
v -0.06792969 0.06031250 -0.01954988
v -0.06792969 0.06031250 -0.01954988
v -0.06636719 0.06031250 -0.02427644
v -0.06917969 0.05687500 -0.02525300
v -0.06792969 0.06031250 -0.01954988
v -0.06917969 0.05687500 -0.02525300
v -0.07074219 0.05687500 -0.02037019
v -0.07074219 0.05687500 -0.02037019
v -0.06917969 0.05687500 -0.02525300
v -0.07222657 0.05320312 -0.02454988
v -0.07074219 0.05687500 -0.02037019
v -0.07222657 0.05320312 -0.02454988
v -0.07378907 0.05320312 -0.01923738
v -0.02910156 0.07601564 -0.01849519
v -0.03066406 0.07593750 -0.02142488
v -0.03285156 0.07578125 -0.02076081
v -0.03285156 0.07578125 -0.02076081
v -0.03066406 0.07593750 -0.02142488
v -0.03222656 0.07562500 -0.02435456
v -0.03285156 0.07578125 -0.02076081
v -0.03222656 0.07562500 -0.02435456
v -0.03667969 0.07523439 -0.02314363
v -0.03667969 0.07523439 -0.02314363
v -0.03222656 0.07562500 -0.02435456
v -0.03496094 0.07523439 -0.02568269
v -0.03667969 0.07523439 -0.02314363
v -0.03496094 0.07523439 -0.02568269
v -0.04042969 0.07421875 -0.02544831
v -0.04042969 0.07421875 -0.02544831
v -0.03496094 0.07523439 -0.02568269
v -0.03855469 0.07421875 -0.02826081
v -0.04042969 0.07421875 -0.02544831
v -0.03855469 0.07421875 -0.02826081
v -0.04410156 0.07281250 -0.02771394
v -0.04207031 0.07281250 -0.03079988
v -0.04410156 0.07281250 -0.02771394
v -0.04207031 0.07281250 -0.03079988
v -0.04761719 0.07101564 -0.02994050
v -0.04542969 0.07101564 -0.03322175
v -0.04761719 0.07101564 -0.02994050
v -0.04542969 0.07101564 -0.03322175
v -0.05097656 0.06882814 -0.03201081
v -0.04863281 0.06882814 -0.03552643
v -0.05097656 0.06882814 -0.03201081
v -0.04863281 0.06882814 -0.03552643
v -0.05417969 0.06632814 -0.03400300
v -0.05167969 0.06632814 -0.03775300
v -0.05417969 0.06632814 -0.03400300
v -0.05167969 0.06632814 -0.03775300
v -0.05714844 0.06351562 -0.03587800
v -0.05714844 0.06351562 -0.03587800
v -0.05167969 0.06632814 -0.03775300
v -0.05457031 0.06351562 -0.03982331
v -0.05714844 0.06351562 -0.03587800
v -0.05457031 0.06351562 -0.03982331
v -0.05996094 0.06031250 -0.03759675
v -0.05996094 0.06031250 -0.03759675
v -0.05457031 0.06351562 -0.03982331
v -0.05714844 0.06031250 -0.04169831
v -0.05996094 0.06031250 -0.03759675
v -0.05714844 0.06031250 -0.04169831
v -0.06246094 0.05687500 -0.03915925
v -0.06246094 0.05687500 -0.03915925
v -0.05714844 0.06031250 -0.04169831
v -0.05957031 0.05687500 -0.04345612
v -0.06246094 0.05687500 -0.03915925
v -0.05957031 0.05687500 -0.04345612
v -0.06222656 0.05320312 -0.04427643
v -0.06222656 0.05320312 -0.04427643
v -0.05957031 0.05687500 -0.04345612
v -0.05886719 0.05320312 -0.04869050
v -0.05886719 0.05320312 -0.04869050
v -0.05957031 0.05687500 -0.04345612
v -0.05636719 0.05687500 -0.04751862
v -0.05886719 0.05320312 -0.04869050
v -0.05636719 0.05687500 -0.04751862
v -0.05519531 0.05320312 -0.05287018
v -0.05519531 0.05320312 -0.05287018
v -0.05636719 0.05687500 -0.04751862
v -0.05292969 0.05687500 -0.05134675
v -0.05519531 0.05320312 -0.05287018
v -0.05292969 0.05687500 -0.05134675
v -0.05121094 0.05320312 -0.05673737
v -0.05121094 0.05320312 -0.05673737
v -0.05292969 0.05687500 -0.05134675
v -0.04925781 0.05687500 -0.05494050
v -0.05121094 0.05320312 -0.05673737
v -0.04925781 0.05687500 -0.05494050
v -0.04628906 0.05585937 -0.05849518
v -0.04628906 0.05585937 -0.05849518
v -0.04925781 0.05687500 -0.05494050
v -0.04558594 0.05843750 -0.05646393
v -0.04558594 0.05843750 -0.05646393
v -0.04925781 0.05687500 -0.05494050
v -0.04730469 0.06031250 -0.05275300
v -0.04558594 0.05843750 -0.05646393
v -0.04730469 0.06031250 -0.05275300
v -0.04480469 0.06078125 -0.05431550
v -0.04480469 0.06078125 -0.05431550
v -0.04730469 0.06031250 -0.05275300
v -0.04402344 0.06304687 -0.05201081
v -0.04402344 0.06304687 -0.05201081
v -0.04730469 0.06031250 -0.05275300
v -0.04511719 0.06351562 -0.05037018
v -0.04402344 0.06304687 -0.05201081
v -0.04511719 0.06351562 -0.05037018
v -0.04308594 0.06507814 -0.04958893
v -0.04308594 0.06507814 -0.04958893
v -0.04511719 0.06351562 -0.05037018
v -0.04597656 0.06632814 -0.04462800
v -0.04308594 0.06507814 -0.04958893
v -0.04597656 0.06632814 -0.04462800
v -0.04277344 0.06632814 -0.04775300
v -0.04277344 0.06632814 -0.04775300
v -0.04597656 0.06632814 -0.04462800
v -0.04214844 0.06695314 -0.04708893
v -0.04277344 0.06632814 -0.04775300
v -0.04214844 0.06695314 -0.04708893
v -0.04308594 0.06507814 -0.04958893
v -0.03222656 0.07562500 -0.02435456
v -0.03363281 0.07523439 -0.02728425
v -0.03496094 0.07523439 -0.02568269
v -0.03496094 0.07523439 -0.02568269
v -0.03363281 0.07523439 -0.02728425
v -0.03503906 0.07460939 -0.03025300
v -0.03496094 0.07523439 -0.02568269
v -0.03503906 0.07460939 -0.03025300
v -0.03855469 0.07421875 -0.02826081
v -0.03855469 0.07421875 -0.02826081
v -0.03503906 0.07460939 -0.03025300
v -0.03652344 0.07421875 -0.03091706
v -0.03855469 0.07421875 -0.02826081
v -0.03652344 0.07421875 -0.03091706
v -0.03980469 0.07281250 -0.03365143
v -0.03980469 0.07281250 -0.03365143
v -0.03652344 0.07421875 -0.03091706
v -0.03636719 0.07375000 -0.03318268
v -0.03761719 0.07281250 -0.03607331
v -0.03503906 0.07460939 -0.03025300
v -0.03636719 0.07375000 -0.03318268
v -0.03652344 0.07421875 -0.03091706
v -0.03886719 0.07164064 -0.03892487
v -0.04035156 0.07101564 -0.03927643
v -0.03761719 0.07281250 -0.03607331
v -0.03761719 0.07281250 -0.03607331
v -0.04035156 0.07101564 -0.03927643
v -0.04300781 0.07101564 -0.03630768
v -0.03761719 0.07281250 -0.03607331
v -0.04300781 0.07101564 -0.03630768
v -0.03980469 0.07281250 -0.03365143
v -0.03980469 0.07281250 -0.03365143
v -0.04300781 0.07101564 -0.03630768
v -0.04207031 0.07281250 -0.03079988
v -0.03980469 0.07281250 -0.03365143
v -0.04207031 0.07281250 -0.03079988
v -0.03855469 0.07421875 -0.02826081
v -0.03886719 0.07164064 -0.03892487
v -0.04003906 0.07023439 -0.04173737
v -0.04035156 0.07101564 -0.03927643
v -0.04035156 0.07101564 -0.03927643
v -0.04003906 0.07023439 -0.04173737
v -0.04324219 0.06882814 -0.04201081
v -0.04300781 0.07101564 -0.03630768
v -0.04605469 0.06882814 -0.03888581
v -0.04300781 0.07101564 -0.03630768
v -0.04605469 0.06882814 -0.03888581
v -0.04542969 0.07101564 -0.03322175
v -0.04542969 0.07101564 -0.03322175
v -0.04605469 0.06882814 -0.03888581
v -0.04863281 0.06882814 -0.03552643
v -0.04003906 0.07023439 -0.04173737
v -0.04113281 0.06867189 -0.04443268
v -0.04324219 0.06882814 -0.04201081
v -0.04324219 0.06882814 -0.04201081
v -0.04113281 0.06867189 -0.04443268
v -0.04597656 0.06632814 -0.04462800
v -0.04324219 0.06882814 -0.04201081
v -0.04597656 0.06632814 -0.04462800
v -0.04605469 0.06882814 -0.03888581
v -0.04605469 0.06882814 -0.03888581
v -0.04597656 0.06632814 -0.04462800
v -0.04894531 0.06632814 -0.04126862
v -0.04605469 0.06882814 -0.03888581
v -0.04894531 0.06632814 -0.04126862
v -0.04863281 0.06882814 -0.03552643
v -0.05167969 0.06632814 -0.03775300
v -0.04214844 0.06695314 -0.04708893
v -0.04628906 0.05585937 -0.05849518
v -0.04699219 0.05320312 -0.06033112
v -0.05121094 0.05320312 -0.05673737
v -0.06222656 0.05320312 -0.04427643
v -0.06519532 0.05320312 -0.03962800
v -0.06246094 0.05687500 -0.03915925
v -0.06246094 0.05687500 -0.03915925
v -0.06519532 0.05320312 -0.03962800
v -0.06503907 0.05687500 -0.03470612
v -0.06246094 0.05687500 -0.03915925
v -0.06503907 0.05687500 -0.03470612
v -0.05996094 0.06031250 -0.03759675
v -0.05996094 0.06031250 -0.03759675
v -0.06503907 0.05687500 -0.03470612
v -0.06238281 0.06031250 -0.03329987
v -0.05996094 0.06031250 -0.03759675
v -0.06238281 0.06031250 -0.03329987
v -0.05714844 0.06351562 -0.03587800
v -0.05714844 0.06351562 -0.03587800
v -0.06238281 0.06031250 -0.03329987
v -0.05949219 0.06351562 -0.03177644
v -0.05714844 0.06351562 -0.03587800
v -0.05949219 0.06351562 -0.03177644
v -0.05417969 0.06632814 -0.03400300
v -0.05417969 0.06632814 -0.03400300
v -0.05949219 0.06351562 -0.03177644
v -0.05644531 0.06632814 -0.03013581
v -0.05417969 0.06632814 -0.03400300
v -0.05644531 0.06632814 -0.03013581
v -0.05097656 0.06882814 -0.03201081
v -0.05308594 0.06882814 -0.02837800
v -0.05097656 0.06882814 -0.03201081
v -0.05308594 0.06882814 -0.02837800
v -0.04761719 0.07101564 -0.02994050
v -0.04761719 0.07101564 -0.02994050
v -0.05308594 0.06882814 -0.02837800
v -0.04957031 0.07101564 -0.02654206
v -0.04761719 0.07101564 -0.02994050
v -0.04957031 0.07101564 -0.02654206
v -0.04410156 0.07281250 -0.02771394
v -0.04589844 0.07281250 -0.02458894
v -0.04410156 0.07281250 -0.02771394
v -0.04589844 0.07281250 -0.02458894
v -0.04042969 0.07421875 -0.02544831
v -0.04207031 0.07421875 -0.02255769
v -0.04042969 0.07421875 -0.02544831
v -0.04207031 0.07421875 -0.02255769
v -0.03667969 0.07523439 -0.02314363
v -0.03816406 0.07523439 -0.02052644
v -0.03816406 0.07523439 -0.02052644
v -0.03425781 0.07578125 -0.01841706
v -0.06519532 0.05320312 -0.03962800
v -0.06792969 0.05320312 -0.03478425
v -0.06503907 0.05687500 -0.03470612
v -0.06503907 0.05687500 -0.03470612
v -0.06792969 0.05320312 -0.03478425
v -0.06722657 0.05687500 -0.03005769
v -0.06503907 0.05687500 -0.03470612
v -0.06722657 0.05687500 -0.03005769
v -0.06457032 0.06031250 -0.02884675
v -0.06457032 0.06031250 -0.02884675
v -0.06722657 0.05687500 -0.03005769
v -0.06636719 0.06031250 -0.02427644
v -0.06457032 0.06031250 -0.02884675
v -0.06636719 0.06031250 -0.02427644
v -0.06332031 0.06351562 -0.02314363
v -0.06792969 0.05320312 -0.03478425
v -0.07027344 0.05320312 -0.02974519
v -0.06722657 0.05687500 -0.03005769
v -0.06722657 0.05687500 -0.03005769
v -0.07027344 0.05320312 -0.02974519
v -0.06917969 0.05687500 -0.02525300
v -0.06722657 0.05687500 -0.03005769
v -0.06917969 0.05687500 -0.02525300
v -0.06636719 0.06031250 -0.02427644
v -0.07027344 0.05320312 -0.02974519
v -0.07222657 0.05320312 -0.02454988
v -0.06917969 0.05687500 -0.02525300
v -0.07074219 0.05687500 -0.02037019
v -0.07378907 0.05320312 -0.01923738
v -0.07199219 0.05687500 -0.01537019
v -0.07199219 0.05687500 -0.01537019
v -0.07378907 0.05320312 -0.01923738
v -0.07496094 0.05320312 -0.01380769
v -0.07199219 0.05687500 -0.01537019
v -0.07496094 0.05320312 -0.01380769
v -0.07292969 0.05687500 -0.01029206
v -0.07292969 0.05687500 -0.01029206
v -0.07496094 0.05320312 -0.01380769
v -0.07582032 0.05320312 -0.00833894
v -0.07292969 0.05687500 -0.01029206
v -0.07582032 0.05320312 -0.00833894
v -0.07339844 0.05687500 -0.00517488
v -0.07339844 0.05687500 -0.00517488
v -0.07582032 0.05320312 -0.00833894
v -0.07621094 0.05320312 -0.00279206
v -0.07339844 0.05687500 -0.00517488
v -0.07621094 0.05320312 -0.00279206
v -0.07363282 0.05687500 -0.00001862
v -0.07363282 0.05687500 -0.00001862
v -0.07621094 0.05320312 -0.00279206
v -0.07621094 0.05320312 0.00275481
v -0.07363282 0.05687500 -0.00001862
v -0.07621094 0.05320312 0.00275481
v -0.07339844 0.05687500 0.00513763
v -0.07339844 0.05687500 0.00513763
v -0.07621094 0.05320312 0.00275481
v -0.07582032 0.05320312 0.00830169
v -0.07339844 0.05687500 0.00513763
v -0.07582032 0.05320312 0.00830169
v -0.07292969 0.05687500 0.01025481
v -0.07292969 0.05687500 0.01025481
v -0.07582032 0.05320312 0.00830169
v -0.07496094 0.05320312 0.01380950
v -0.07292969 0.05687500 0.01025481
v -0.07496094 0.05320312 0.01380950
v -0.07199219 0.05687500 0.01533294
v -0.07199219 0.05687500 0.01533294
v -0.07496094 0.05320312 0.01380950
v -0.07378907 0.05320312 0.01920013
v -0.07199219 0.05687500 0.01533294
v -0.07378907 0.05320312 0.01920013
v -0.07074219 0.05687500 0.02033294
v -0.07074219 0.05687500 0.02033294
v -0.07378907 0.05320312 0.01920013
v -0.07222657 0.05320312 0.02455169
v -0.07074219 0.05687500 0.02033294
v -0.07222657 0.05320312 0.02455169
v -0.06917969 0.05687500 0.02525481
v -0.06917969 0.05687500 0.02525481
v -0.07222657 0.05320312 0.02455169
v -0.07027344 0.05320312 0.02970794
v -0.06917969 0.05687500 0.02525481
v -0.07027344 0.05320312 0.02970794
v -0.06722657 0.05687500 0.03002044
v -0.06722657 0.05687500 0.03002044
v -0.07027344 0.05320312 0.02970794
v -0.06792969 0.05320312 0.03474700
v -0.06722657 0.05687500 0.03002044
v -0.06792969 0.05320312 0.03474700
v -0.06503907 0.05687500 0.03466888
v -0.06503907 0.05687500 0.03466888
v -0.06792969 0.05320312 0.03474700
v -0.06519532 0.05320312 0.03962981
v -0.06503907 0.05687500 0.03466888
v -0.06519532 0.05320312 0.03962981
v -0.06246094 0.05687500 0.03912200
v -0.06246094 0.05687500 0.03912200
v -0.06519532 0.05320312 0.03962981
v -0.06222656 0.05320312 0.04427825
v -0.06246094 0.05687500 0.03912200
v -0.06222656 0.05320312 0.04427825
v -0.05957031 0.05687500 0.04341888
v -0.05957031 0.05687500 0.04341888
v -0.06222656 0.05320312 0.04427825
v -0.05886719 0.05320312 0.04869231
v -0.05957031 0.05687500 0.04341888
v -0.05886719 0.05320312 0.04869231
v -0.05636719 0.05687500 0.04748138
v -0.05636719 0.05687500 0.04748138
v -0.05886719 0.05320312 0.04869231
v -0.05519531 0.05320312 0.05283294
v -0.05292969 0.05687500 0.05134856
v -0.05292969 0.05687500 0.05134856
v -0.05519531 0.05320312 0.05283294
v -0.05121094 0.05320312 0.05673919
v -0.05292969 0.05687500 0.05134856
v -0.05121094 0.05320312 0.05673919
v -0.04925781 0.05687500 0.05494231
v -0.04925781 0.05687500 0.05494231
v -0.05121094 0.05320312 0.05673919
v -0.04628906 0.05585937 0.05845794
v -0.04925781 0.05687500 0.05494231
v -0.04628906 0.05585937 0.05845794
v -0.04558594 0.05843750 0.05646575
v -0.04699219 0.05320312 0.06033294
v -0.04925781 0.05687500 0.05494231
v -0.04558594 0.05843750 0.05646575
v -0.04730469 0.06031250 0.05275481
v -0.04730469 0.06031250 0.05275481
v -0.04558594 0.05843750 0.05646575
v -0.04480469 0.06078125 0.05427825
v -0.04730469 0.06031250 0.05275481
v -0.04480469 0.06078125 0.05427825
v -0.04402344 0.06304687 0.05201263
v -0.04730469 0.06031250 0.05275481
v -0.04402344 0.06304687 0.05201263
v -0.04511719 0.06351562 0.05033294
v -0.04511719 0.06351562 0.05033294
v -0.04402344 0.06304687 0.05201263
v -0.04308594 0.06507814 0.04959075
v -0.04511719 0.06351562 0.05033294
v -0.04308594 0.06507814 0.04959075
v -0.04597656 0.06632814 0.04459075
v -0.04277344 0.06632814 0.04771575
v -0.04597656 0.06632814 0.04459075
v -0.04277344 0.06632814 0.04771575
v -0.04214844 0.06695314 0.04705169
v -0.04214844 0.06695314 0.04705169
v -0.04277344 0.06632814 0.04771575
v -0.04308594 0.06507814 0.04959075
v -0.04214844 0.06695314 0.04705169
v -0.04113281 0.06867189 0.04443450
v -0.04597656 0.06632814 0.04459075
v -0.04597656 0.06632814 0.04459075
v -0.04113281 0.06867189 0.04443450
v -0.04324219 0.06882814 0.04201263
v -0.04597656 0.06632814 0.04459075
v -0.04324219 0.06882814 0.04201263
v -0.04894531 0.06632814 0.04127044
v -0.04605469 0.06882814 0.03884856
v -0.04894531 0.06632814 0.04127044
v -0.04605469 0.06882814 0.03884856
v -0.05167969 0.06632814 0.03771575
v -0.04863281 0.06882814 0.03552825
v -0.05167969 0.06632814 0.03771575
v -0.04863281 0.06882814 0.03552825
v -0.05417969 0.06632814 0.03400481
v -0.05097656 0.06882814 0.03201263
v -0.05417969 0.06632814 0.03400481
v -0.05097656 0.06882814 0.03201263
v -0.05644531 0.06632814 0.03013763
v -0.05308594 0.06882814 0.02837981
v -0.05644531 0.06632814 0.03013763
v -0.05308594 0.06882814 0.02837981
v -0.05839844 0.06632814 0.02607513
v -0.05496094 0.06882814 0.02455169
v -0.05839844 0.06632814 0.02607513
v -0.05496094 0.06882814 0.02455169
v -0.06003906 0.06632814 0.02193450
v -0.06003906 0.06632814 0.02193450
v -0.05496094 0.06882814 0.02455169
v -0.05652344 0.06882814 0.02064544
v -0.06003906 0.06632814 0.02193450
v -0.05652344 0.06882814 0.02064544
v -0.06144531 0.06632814 0.01767669
v -0.06144531 0.06632814 0.01767669
v -0.05652344 0.06882814 0.02064544
v -0.05777344 0.06882814 0.01666106
v -0.06144531 0.06632814 0.01767669
v -0.05777344 0.06882814 0.01666106
v -0.06246094 0.06632814 0.01334075
v -0.06246094 0.06632814 0.01334075
v -0.05777344 0.06882814 0.01666106
v -0.05878906 0.06882814 0.01255950
v -0.06246094 0.06632814 0.01334075
v -0.05878906 0.06882814 0.01255950
v -0.06324219 0.06632814 0.00892669
v -0.05957031 0.06882814 0.00837981
v -0.06324219 0.06632814 0.00892669
v -0.05957031 0.06882814 0.00837981
v -0.06371094 0.06632814 0.00447356
v -0.06371094 0.06632814 0.00447356
v -0.05957031 0.06882814 0.00837981
v -0.05996094 0.06882814 0.00420013
v -0.06371094 0.06632814 0.00447356
v -0.05996094 0.06882814 0.00420013
v -0.06386719 0.06632814 -0.00001862
v -0.06011719 0.06882814 -0.00001862
v -0.06386719 0.06632814 -0.00001862
v -0.06011719 0.06882814 -0.00001862
v -0.06371094 0.06632814 -0.00447175
v -0.05996094 0.06882814 -0.00423737
v -0.06371094 0.06632814 -0.00447175
v -0.05996094 0.06882814 -0.00423737
v -0.06324219 0.06632814 -0.00892488
v -0.06324219 0.06632814 -0.00892488
v -0.05996094 0.06882814 -0.00423737
v -0.05957031 0.06882814 -0.00841706
v -0.06324219 0.06632814 -0.00892488
v -0.05957031 0.06882814 -0.00841706
v -0.06246094 0.06632814 -0.01333894
v -0.06246094 0.06632814 -0.01333894
v -0.05957031 0.06882814 -0.00841706
v -0.05878906 0.06882814 -0.01255769
v -0.06246094 0.06632814 -0.01333894
v -0.05878906 0.06882814 -0.01255769
v -0.06144531 0.06632814 -0.01771394
v -0.06144531 0.06632814 -0.01771394
v -0.05878906 0.06882814 -0.01255769
v -0.05777344 0.06882814 -0.01665925
v -0.04113281 0.06867189 0.04443450
v -0.04003906 0.07023439 0.04170013
v -0.04324219 0.06882814 0.04201263
v -0.04324219 0.06882814 0.04201263
v -0.04003906 0.07023439 0.04170013
v -0.04035156 0.07101564 0.03923919
v -0.04324219 0.06882814 0.04201263
v -0.04035156 0.07101564 0.03923919
v -0.04605469 0.06882814 0.03884856
v -0.04300781 0.07101564 0.03630950
v -0.04605469 0.06882814 0.03884856
v -0.04300781 0.07101564 0.03630950
v -0.04863281 0.06882814 0.03552825
v -0.04542969 0.07101564 0.03318450
v -0.04863281 0.06882814 0.03552825
v -0.04542969 0.07101564 0.03318450
v -0.05097656 0.06882814 0.03201263
v -0.04761719 0.07101564 0.02990325
v -0.05097656 0.06882814 0.03201263
v -0.04761719 0.07101564 0.02990325
v -0.05308594 0.06882814 0.02837981
v -0.04957031 0.07101564 0.02650481
v -0.05308594 0.06882814 0.02837981
v -0.04957031 0.07101564 0.02650481
v -0.05496094 0.06882814 0.02455169
v -0.05128906 0.07101564 0.02295013
v -0.05496094 0.06882814 0.02455169
v -0.05128906 0.07101564 0.02295013
v -0.05652344 0.06882814 0.02064544
v -0.05277344 0.07101564 0.01931731
v -0.05652344 0.06882814 0.02064544
v -0.05277344 0.07101564 0.01931731
v -0.05777344 0.06882814 0.01666106
v -0.05394531 0.07101564 0.01556731
v -0.05777344 0.06882814 0.01666106
v -0.05394531 0.07101564 0.01556731
v -0.05878906 0.06882814 0.01255950
v -0.05878906 0.06882814 0.01255950
v -0.05394531 0.07101564 0.01556731
v -0.05488281 0.07101564 0.01173919
v -0.05878906 0.06882814 0.01255950
v -0.05488281 0.07101564 0.01173919
v -0.05957031 0.06882814 0.00837981
v -0.05957031 0.06882814 0.00837981
v -0.05488281 0.07101564 0.01173919
v -0.05558594 0.07101564 0.00783294
v -0.05957031 0.06882814 0.00837981
v -0.05558594 0.07101564 0.00783294
v -0.05996094 0.06882814 0.00420013
v -0.05996094 0.06882814 0.00420013
v -0.05558594 0.07101564 0.00783294
v -0.05597656 0.07101564 0.00392669
v -0.05996094 0.06882814 0.00420013
v -0.05597656 0.07101564 0.00392669
v -0.06011719 0.06882814 -0.00001862
v -0.05613281 0.07101564 -0.00001862
v -0.06011719 0.06882814 -0.00001862
v -0.05613281 0.07101564 -0.00001862
v -0.05996094 0.06882814 -0.00423737
v -0.05597656 0.07101564 -0.00396394
v -0.05996094 0.06882814 -0.00423737
v -0.05597656 0.07101564 -0.00396394
v -0.05957031 0.06882814 -0.00841706
v -0.05957031 0.06882814 -0.00841706
v -0.05597656 0.07101564 -0.00396394
v -0.05558594 0.07101564 -0.00787019
v -0.05957031 0.06882814 -0.00841706
v -0.05558594 0.07101564 -0.00787019
v -0.05878906 0.06882814 -0.01255769
v -0.05488281 0.07101564 -0.01173738
v -0.05878906 0.06882814 -0.01255769
v -0.05488281 0.07101564 -0.01173738
v -0.05777344 0.06882814 -0.01665925
v -0.05777344 0.06882814 -0.01665925
v -0.05488281 0.07101564 -0.01173738
v -0.05394531 0.07101564 -0.01556550
v -0.04003906 0.07023439 0.04170013
v -0.03886719 0.07164064 0.03892669
v -0.04035156 0.07101564 0.03923919
v -0.04035156 0.07101564 0.03923919
v -0.03886719 0.07164064 0.03892669
v -0.03761719 0.07281250 0.03603606
v -0.04035156 0.07101564 0.03923919
v -0.03761719 0.07281250 0.03603606
v -0.04300781 0.07101564 0.03630950
v -0.03980469 0.07281250 0.03365325
v -0.04300781 0.07101564 0.03630950
v -0.03980469 0.07281250 0.03365325
v -0.04542969 0.07101564 0.03318450
v -0.04542969 0.07101564 0.03318450
v -0.03980469 0.07281250 0.03365325
v -0.04207031 0.07281250 0.03076263
v -0.04542969 0.07101564 0.03318450
v -0.04207031 0.07281250 0.03076263
v -0.04761719 0.07101564 0.02990325
v -0.04410156 0.07281250 0.02771575
v -0.04761719 0.07101564 0.02990325
v -0.04410156 0.07281250 0.02771575
v -0.04957031 0.07101564 0.02650481
v -0.04957031 0.07101564 0.02650481
v -0.04410156 0.07281250 0.02771575
v -0.04589844 0.07281250 0.02455169
v -0.04957031 0.07101564 0.02650481
v -0.04589844 0.07281250 0.02455169
v -0.05128906 0.07101564 0.02295013
v -0.04746094 0.07281250 0.02127044
v -0.05128906 0.07101564 0.02295013
v -0.04746094 0.07281250 0.02127044
v -0.05277344 0.07101564 0.01931731
v -0.04886719 0.07281250 0.01787200
v -0.05277344 0.07101564 0.01931731
v -0.04886719 0.07281250 0.01787200
v -0.05394531 0.07101564 0.01556731
v -0.04996094 0.07281250 0.01439544
v -0.05394531 0.07101564 0.01556731
v -0.04996094 0.07281250 0.01439544
v -0.05488281 0.07101564 0.01173919
v -0.05082031 0.07281250 0.01087981
v -0.05488281 0.07101564 0.01173919
v -0.05082031 0.07281250 0.01087981
v -0.05558594 0.07101564 0.00783294
v -0.05558594 0.07101564 0.00783294
v -0.05082031 0.07281250 0.01087981
v -0.05152344 0.07281250 0.00728606
v -0.05558594 0.07101564 0.00783294
v -0.05152344 0.07281250 0.00728606
v -0.05597656 0.07101564 0.00392669
v -0.05597656 0.07101564 0.00392669
v -0.05152344 0.07281250 0.00728606
v -0.05183594 0.07281250 0.00365325
v -0.05597656 0.07101564 0.00392669
v -0.05183594 0.07281250 0.00365325
v -0.05613281 0.07101564 -0.00001862
v -0.05199219 0.07281250 -0.00001862
v -0.05613281 0.07101564 -0.00001862
v -0.05199219 0.07281250 -0.00001862
v -0.05597656 0.07101564 -0.00396394
v -0.05183594 0.07281250 -0.00365144
v -0.05597656 0.07101564 -0.00396394
v -0.05183594 0.07281250 -0.00365144
v -0.05558594 0.07101564 -0.00787019
v -0.05558594 0.07101564 -0.00787019
v -0.05183594 0.07281250 -0.00365144
v -0.05152344 0.07281250 -0.00728425
v -0.05558594 0.07101564 -0.00787019
v -0.05152344 0.07281250 -0.00728425
v -0.05488281 0.07101564 -0.01173738
v -0.05488281 0.07101564 -0.01173738
v -0.05152344 0.07281250 -0.00728425
v -0.05082031 0.07281250 -0.01087800
v -0.05488281 0.07101564 -0.01173738
v -0.05082031 0.07281250 -0.01087800
v -0.05394531 0.07101564 -0.01556550
v -0.04996094 0.07281250 -0.01443269
v -0.03761719 0.07281250 0.03603606
v -0.03636719 0.07375000 0.03314544
v -0.03980469 0.07281250 0.03365325
v -0.03652344 0.07421875 0.03087981
v -0.03980469 0.07281250 0.03365325
v -0.03652344 0.07421875 0.03087981
v -0.04207031 0.07281250 0.03076263
v -0.04207031 0.07281250 0.03076263
v -0.03652344 0.07421875 0.03087981
v -0.03855469 0.07421875 0.02826263
v -0.04207031 0.07281250 0.03076263
v -0.03855469 0.07421875 0.02826263
v -0.04410156 0.07281250 0.02771575
v -0.04042969 0.07421875 0.02545013
v -0.04410156 0.07281250 0.02771575
v -0.04042969 0.07421875 0.02545013
v -0.04589844 0.07281250 0.02455169
v -0.04207031 0.07421875 0.02255950
v -0.04589844 0.07281250 0.02455169
v -0.04207031 0.07421875 0.02255950
v -0.04746094 0.07281250 0.02127044
v -0.04746094 0.07281250 0.02127044
v -0.04207031 0.07421875 0.02255950
v -0.04355469 0.07421875 0.01955169
v -0.04746094 0.07281250 0.02127044
v -0.04355469 0.07421875 0.01955169
v -0.04886719 0.07281250 0.01787200
v -0.04480469 0.07421875 0.01642669
v -0.04886719 0.07281250 0.01787200
v -0.04480469 0.07421875 0.01642669
v -0.04996094 0.07281250 0.01439544
v -0.04582031 0.07421875 0.01322356
v -0.04996094 0.07281250 0.01439544
v -0.04582031 0.07421875 0.01322356
v -0.05082031 0.07281250 0.01087981
v -0.05082031 0.07281250 0.01087981
v -0.04582031 0.07421875 0.01322356
v -0.04667969 0.07421875 0.00998138
v -0.05082031 0.07281250 0.01087981
v -0.04667969 0.07421875 0.00998138
v -0.05152344 0.07281250 0.00728606
v -0.05152344 0.07281250 0.00728606
v -0.04667969 0.07421875 0.00998138
v -0.04722656 0.07421875 0.00666106
v -0.05152344 0.07281250 0.00728606
v -0.04722656 0.07421875 0.00666106
v -0.05183594 0.07281250 0.00365325
v -0.05183594 0.07281250 0.00365325
v -0.04722656 0.07421875 0.00666106
v -0.04761719 0.07421875 0.00334075
v -0.05183594 0.07281250 0.00365325
v -0.04761719 0.07421875 0.00334075
v -0.05199219 0.07281250 -0.00001862
v -0.05199219 0.07281250 -0.00001862
v -0.04761719 0.07421875 0.00334075
v -0.04769531 0.07421875 -0.00001862
v -0.05199219 0.07281250 -0.00001862
v -0.04769531 0.07421875 -0.00001862
v -0.05183594 0.07281250 -0.00365144
v -0.05183594 0.07281250 -0.00365144
v -0.04769531 0.07421875 -0.00001862
v -0.04761719 0.07421875 -0.00337800
v -0.05183594 0.07281250 -0.00365144
v -0.04761719 0.07421875 -0.00337800
v -0.05152344 0.07281250 -0.00728425
v -0.05152344 0.07281250 -0.00728425
v -0.04761719 0.07421875 -0.00337800
v -0.04722656 0.07421875 -0.00669831
v -0.05152344 0.07281250 -0.00728425
v -0.04722656 0.07421875 -0.00669831
v -0.05082031 0.07281250 -0.01087800
v -0.05082031 0.07281250 -0.01087800
v -0.04722656 0.07421875 -0.00669831
v -0.04667969 0.07421875 -0.00997956
v -0.05082031 0.07281250 -0.01087800
v -0.04667969 0.07421875 -0.00997956
v -0.04996094 0.07281250 -0.01443269
v -0.04996094 0.07281250 -0.01443269
v -0.04667969 0.07421875 -0.00997956
v -0.04582031 0.07421875 -0.01326081
v -0.03636719 0.07375000 0.03314544
v -0.03503906 0.07460939 0.03021575
v -0.03652344 0.07421875 0.03087981
v -0.03652344 0.07421875 0.03087981
v -0.03503906 0.07460939 0.03021575
v -0.03855469 0.07421875 0.02826263
v -0.03503906 0.07460939 0.03021575
v -0.03363281 0.07523439 0.02728606
v -0.03855469 0.07421875 0.02826263
v -0.03855469 0.07421875 0.02826263
v -0.03363281 0.07523439 0.02728606
v -0.03496094 0.07523439 0.02568450
v -0.03855469 0.07421875 0.02826263
v -0.03496094 0.07523439 0.02568450
v -0.04042969 0.07421875 0.02545013
v -0.03667969 0.07523439 0.02310638
v -0.04042969 0.07421875 0.02545013
v -0.03667969 0.07523439 0.02310638
v -0.04207031 0.07421875 0.02255950
v -0.03816406 0.07523439 0.02048919
v -0.04207031 0.07421875 0.02255950
v -0.03816406 0.07523439 0.02048919
v -0.04355469 0.07421875 0.01955169
v -0.03949219 0.07523439 0.01775481
v -0.04355469 0.07421875 0.01955169
v -0.03949219 0.07523439 0.01775481
v -0.04480469 0.07421875 0.01642669
v -0.04480469 0.07421875 0.01642669
v -0.03949219 0.07523439 0.01775481
v -0.04066406 0.07523439 0.01494231
v -0.04480469 0.07421875 0.01642669
v -0.04066406 0.07523439 0.01494231
v -0.04582031 0.07421875 0.01322356
v -0.04160156 0.07523439 0.01201262
v -0.04582031 0.07421875 0.01322356
v -0.04160156 0.07523439 0.01201262
v -0.04667969 0.07421875 0.00998138
v -0.04667969 0.07421875 0.00998138
v -0.04160156 0.07523439 0.01201262
v -0.04230469 0.07523439 0.00908294
v -0.04667969 0.07421875 0.00998138
v -0.04230469 0.07523439 0.00908294
v -0.04722656 0.07421875 0.00666106
v -0.04722656 0.07421875 0.00666106
v -0.04230469 0.07523439 0.00908294
v -0.04285156 0.07523439 0.00607513
v -0.04722656 0.07421875 0.00666106
v -0.04285156 0.07523439 0.00607513
v -0.04761719 0.07421875 0.00334075
v -0.04761719 0.07421875 0.00334075
v -0.04285156 0.07523439 0.00607513
v -0.04316406 0.07523439 0.00302825
v -0.04761719 0.07421875 0.00334075
v -0.04316406 0.07523439 0.00302825
v -0.04769531 0.07421875 -0.00001862
v -0.04769531 0.07421875 -0.00001862
v -0.04316406 0.07523439 0.00302825
v -0.04332031 0.07523439 -0.00001862
v -0.04769531 0.07421875 -0.00001862
v -0.04332031 0.07523439 -0.00001862
v -0.04761719 0.07421875 -0.00337800
v -0.04761719 0.07421875 -0.00337800
v -0.04332031 0.07523439 -0.00001862
v -0.04316406 0.07523439 -0.00306550
v -0.04761719 0.07421875 -0.00337800
v -0.04316406 0.07523439 -0.00306550
v -0.04722656 0.07421875 -0.00669831
v -0.04722656 0.07421875 -0.00669831
v -0.04316406 0.07523439 -0.00306550
v -0.04285156 0.07523439 -0.00607331
v -0.04722656 0.07421875 -0.00669831
v -0.04285156 0.07523439 -0.00607331
v -0.04667969 0.07421875 -0.00997956
v -0.04667969 0.07421875 -0.00997956
v -0.04285156 0.07523439 -0.00607331
v -0.04230469 0.07523439 -0.00908113
v -0.04667969 0.07421875 -0.00997956
v -0.04230469 0.07523439 -0.00908113
v -0.04582031 0.07421875 -0.01326081
v -0.04582031 0.07421875 -0.01326081
v -0.04230469 0.07523439 -0.00908113
v -0.04160156 0.07523439 -0.01204988
v -0.03363281 0.07523439 0.02728606
v -0.03222656 0.07562500 0.02431731
v -0.03496094 0.07523439 0.02568450
v -0.03496094 0.07523439 0.02568450
v -0.03222656 0.07562500 0.02431731
v -0.03667969 0.07523439 0.02310638
v -0.03667969 0.07523439 0.02310638
v -0.03222656 0.07562500 0.02431731
v -0.03285156 0.07578125 0.02076263
v -0.03285156 0.07578125 0.02076263
v -0.03222656 0.07562500 0.02431731
v -0.03066406 0.07593750 0.02138763
v -0.03285156 0.07578125 0.02076263
v -0.03066406 0.07593750 0.02138763
v -0.02910156 0.07601564 0.01845794
v -0.02910156 0.07601564 0.01845794
v -0.02902344 0.07601564 0.01837981
v -0.03285156 0.07578125 0.02076263
v -0.03285156 0.07578125 0.02076263
v -0.02902344 0.07601564 0.01837981
v -0.03425781 0.07578125 0.01837981
v -0.03285156 0.07578125 0.02076263
v -0.03425781 0.07578125 0.01837981
v -0.03816406 0.07523439 0.02048919
v -0.03816406 0.07523439 0.02048919
v -0.03425781 0.07578125 0.01837981
v -0.03949219 0.07523439 0.01775481
v -0.02902344 0.07601564 0.01837981
v -0.03089844 0.07601564 0.01498137
v -0.03425781 0.07578125 0.01837981
v -0.03425781 0.07578125 0.01837981
v -0.03089844 0.07601564 0.01498137
v -0.03542969 0.07578125 0.01591887
v -0.03542969 0.07578125 0.01591887
v -0.04066406 0.07523439 0.01494231
v -0.03238281 0.07601564 0.01138762
v -0.03644531 0.07578125 0.01337981
v -0.03542969 0.07578125 0.01591887
v -0.03644531 0.07578125 0.01337981
v -0.04066406 0.07523439 0.01494231
v -0.04066406 0.07523439 0.01494231
v -0.03644531 0.07578125 0.01337981
v -0.04160156 0.07523439 0.01201262
v -0.03730469 0.07578125 0.01080169
v -0.03730469 0.07578125 0.01080169
v -0.03238281 0.07601564 0.01138762
v -0.03339844 0.07601564 0.00767669
v -0.03792969 0.07578125 0.00814544
v -0.03839844 0.07578125 0.00545013
v -0.03792969 0.07578125 0.00814544
v -0.03839844 0.07578125 0.00545013
v -0.04285156 0.07523439 0.00607513
v -0.04285156 0.07523439 0.00607513
v -0.03839844 0.07578125 0.00545013
v -0.04316406 0.07523439 0.00302825
v -0.03410156 0.07601564 0.00384856
v -0.03871094 0.07578125 0.00271575
v -0.03871094 0.07578125 0.00271575
v -0.04332031 0.07523439 -0.00001862
v -0.03410156 0.07601564 0.00384856
v -0.03425781 0.07601564 -0.00001862
v -0.03871094 0.07578125 0.00271575
v -0.03878906 0.07578125 -0.00001862
v -0.03871094 0.07578125 0.00271575
v -0.03878906 0.07578125 -0.00001862
v -0.04332031 0.07523439 -0.00001862
v -0.04332031 0.07523439 -0.00001862
v -0.03878906 0.07578125 -0.00001862
v -0.04316406 0.07523439 -0.00306550
v -0.03871094 0.07578125 -0.00275300
v -0.03410156 0.07601564 -0.00388581
v -0.03871094 0.07578125 -0.00275300
v -0.03410156 0.07601564 -0.00388581
v -0.03839844 0.07578125 -0.00544831
v -0.03339844 0.07601564 -0.00767488
v -0.03792969 0.07578125 -0.00814363
v -0.03730469 0.07578125 -0.01079988
v -0.03792969 0.07578125 -0.00814363
v -0.03730469 0.07578125 -0.01079988
v -0.04160156 0.07523439 -0.01204988
v -0.03238281 0.07601564 -0.01142488
v -0.04542969 0.07101564 -0.03322175
v -0.05457031 0.06351562 -0.03982331
v -0.05167969 0.06632814 -0.03775300
v -0.05167969 0.06351562 -0.04353425
v -0.04894531 0.06632814 -0.04126862
v -0.05167969 0.06351562 -0.04353425
v -0.04894531 0.06632814 -0.04126862
v -0.04847656 0.06351562 -0.04704987
v -0.04847656 0.06351562 -0.04704987
v -0.04894531 0.06632814 -0.04126862
v -0.04597656 0.06632814 -0.04462800
v -0.04847656 0.06351562 -0.04704987
v -0.04597656 0.06632814 -0.04462800
v -0.04511719 0.06351562 -0.05037018
v -0.05636719 0.05687500 -0.04751862
v -0.05957031 0.05687500 -0.04345612
v -0.05714844 0.06031250 -0.04169831
v -0.05714844 0.06031250 -0.04169831
v -0.05457031 0.06351562 -0.03982331
v -0.05410156 0.06031250 -0.04560456
v -0.05410156 0.06031250 -0.04560456
v -0.05457031 0.06351562 -0.03982331
v -0.05167969 0.06351562 -0.04353425
v -0.05410156 0.06031250 -0.04560456
v -0.05167969 0.06351562 -0.04353425
v -0.05082031 0.06031250 -0.04931550
v -0.05082031 0.06031250 -0.04931550
v -0.05167969 0.06351562 -0.04353425
v -0.04847656 0.06351562 -0.04704987
v -0.05082031 0.06031250 -0.04931550
v -0.04847656 0.06351562 -0.04704987
v -0.04730469 0.06031250 -0.05275300
v -0.04511719 0.06351562 -0.05037018
v -0.05292969 0.05687500 -0.05134675
v -0.05636719 0.05687500 -0.04751862
v -0.05410156 0.06031250 -0.04560456
v -0.05410156 0.06031250 -0.04560456
v -0.05636719 0.05687500 -0.04751862
v -0.05714844 0.06031250 -0.04169831
v -0.05292969 0.05687500 -0.05134675
v -0.05410156 0.06031250 -0.04560456
v -0.05082031 0.06031250 -0.04931550
v -0.04925781 0.05687500 -0.05494050
v -0.05292969 0.05687500 -0.05134675
v -0.05082031 0.06031250 -0.04931550
v -0.04730469 0.06031250 -0.05275300
v -0.06503907 0.05687500 -0.03470612
v -0.06457032 0.06031250 -0.02884675
v -0.06238281 0.06031250 -0.03329987
v -0.06238281 0.06031250 -0.03329987
v -0.06457032 0.06031250 -0.02884675
v -0.06160156 0.06351562 -0.02755769
v -0.05949219 0.06351562 -0.03177644
v -0.05949219 0.06351562 -0.03177644
v -0.06160156 0.06351562 -0.02755769
v -0.05839844 0.06632814 -0.02611238
v -0.05949219 0.06351562 -0.03177644
v -0.05839844 0.06632814 -0.02611238
v -0.05644531 0.06632814 -0.03013581
v -0.05644531 0.06632814 -0.03013581
v -0.05839844 0.06632814 -0.02611238
v -0.05496094 0.06882814 -0.02458894
v -0.05644531 0.06632814 -0.03013581
v -0.05496094 0.06882814 -0.02458894
v -0.05308594 0.06882814 -0.02837800
v -0.05308594 0.06882814 -0.02837800
v -0.05496094 0.06882814 -0.02458894
v -0.05128906 0.07101564 -0.02298738
v -0.04957031 0.07101564 -0.02654206
v -0.04957031 0.07101564 -0.02654206
v -0.05128906 0.07101564 -0.02298738
v -0.04746094 0.07281250 -0.02130769
v -0.04589844 0.07281250 -0.02458894
v -0.04589844 0.07281250 -0.02458894
v -0.04746094 0.07281250 -0.02130769
v -0.04355469 0.07421875 -0.01954988
v -0.04589844 0.07281250 -0.02458894
v -0.04355469 0.07421875 -0.01954988
v -0.04207031 0.07421875 -0.02255769
v -0.04207031 0.07421875 -0.02255769
v -0.04355469 0.07421875 -0.01954988
v -0.03949219 0.07523439 -0.01775300
v -0.03816406 0.07523439 -0.02052644
v -0.03816406 0.07523439 -0.02052644
v -0.03949219 0.07523439 -0.01775300
v -0.03542969 0.07578125 -0.01595613
v -0.03425781 0.07578125 -0.01841706
v -0.06457032 0.06031250 -0.02884675
v -0.06332031 0.06351562 -0.02314363
v -0.06160156 0.06351562 -0.02755769
v -0.06160156 0.06351562 -0.02755769
v -0.06332031 0.06351562 -0.02314363
v -0.06003906 0.06632814 -0.02197175
v -0.06160156 0.06351562 -0.02755769
v -0.06003906 0.06632814 -0.02197175
v -0.05839844 0.06632814 -0.02611238
v -0.05839844 0.06632814 -0.02611238
v -0.06003906 0.06632814 -0.02197175
v -0.05652344 0.06882814 -0.02068269
v -0.05839844 0.06632814 -0.02611238
v -0.05652344 0.06882814 -0.02068269
v -0.05496094 0.06882814 -0.02458894
v -0.05496094 0.06882814 -0.02458894
v -0.05652344 0.06882814 -0.02068269
v -0.05277344 0.07101564 -0.01931550
v -0.05496094 0.06882814 -0.02458894
v -0.05277344 0.07101564 -0.01931550
v -0.05128906 0.07101564 -0.02298738
v -0.05128906 0.07101564 -0.02298738
v -0.05277344 0.07101564 -0.01931550
v -0.04886719 0.07281250 -0.01790925
v -0.05128906 0.07101564 -0.02298738
v -0.04886719 0.07281250 -0.01790925
v -0.04746094 0.07281250 -0.02130769
v -0.04746094 0.07281250 -0.02130769
v -0.04886719 0.07281250 -0.01790925
v -0.04480469 0.07421875 -0.01642488
v -0.04355469 0.07421875 -0.01954988
v -0.04355469 0.07421875 -0.01954988
v -0.04480469 0.07421875 -0.01642488
v -0.04066406 0.07523439 -0.01494050
v -0.04355469 0.07421875 -0.01954988
v -0.04066406 0.07523439 -0.01494050
v -0.03949219 0.07523439 -0.01775300
v -0.04066406 0.07523439 -0.01494050
v -0.03644531 0.07578125 -0.01341706
v -0.06792969 0.06031250 -0.01954988
v -0.07074219 0.05687500 -0.02037019
v -0.06910157 0.06031250 -0.01474519
v -0.07199219 0.05687500 -0.01537019
v -0.06910157 0.06031250 -0.01474519
v -0.07199219 0.05687500 -0.01537019
v -0.06996094 0.06031250 -0.00986238
v -0.06996094 0.06031250 -0.00986238
v -0.07199219 0.05687500 -0.01537019
v -0.07292969 0.05687500 -0.01029206
v -0.06996094 0.06031250 -0.00986238
v -0.07292969 0.05687500 -0.01029206
v -0.07050782 0.06031250 -0.00494050
v -0.07050782 0.06031250 -0.00494050
v -0.07292969 0.05687500 -0.01029206
v -0.07339844 0.05687500 -0.00517488
v -0.07050782 0.06031250 -0.00494050
v -0.07339844 0.05687500 -0.00517488
v -0.07066407 0.06031250 -0.00001862
v -0.07066407 0.06031250 -0.00001862
v -0.07339844 0.05687500 -0.00517488
v -0.07363282 0.05687500 -0.00001862
v -0.07066407 0.06031250 -0.00001862
v -0.07363282 0.05687500 -0.00001862
v -0.07050782 0.06031250 0.00494231
v -0.07050782 0.06031250 0.00494231
v -0.07363282 0.05687500 -0.00001862
v -0.07339844 0.05687500 0.00513763
v -0.07050782 0.06031250 0.00494231
v -0.07339844 0.05687500 0.00513763
v -0.06996094 0.06031250 0.00986419
v -0.06996094 0.06031250 0.00986419
v -0.07339844 0.05687500 0.00513763
v -0.07292969 0.05687500 0.01025481
v -0.06996094 0.06031250 0.00986419
v -0.07292969 0.05687500 0.01025481
v -0.06910157 0.06031250 0.01474700
v -0.06910157 0.06031250 0.01474700
v -0.07292969 0.05687500 0.01025481
v -0.07199219 0.05687500 0.01533294
v -0.06910157 0.06031250 0.01474700
v -0.07199219 0.05687500 0.01533294
v -0.06792969 0.06031250 0.01955169
v -0.07074219 0.05687500 0.02033294
v -0.06792969 0.06031250 0.01955169
v -0.07074219 0.05687500 0.02033294
v -0.06636719 0.06031250 0.02423919
v -0.06636719 0.06031250 0.02423919
v -0.07074219 0.05687500 0.02033294
v -0.06917969 0.05687500 0.02525481
v -0.06636719 0.06031250 0.02423919
v -0.06917969 0.05687500 0.02525481
v -0.06457032 0.06031250 0.02884856
v -0.06457032 0.06031250 0.02884856
v -0.06917969 0.05687500 0.02525481
v -0.06722657 0.05687500 0.03002044
v -0.06457032 0.06031250 0.02884856
v -0.06722657 0.05687500 0.03002044
v -0.06238281 0.06031250 0.03330169
v -0.06238281 0.06031250 0.03330169
v -0.06722657 0.05687500 0.03002044
v -0.06503907 0.05687500 0.03466888
v -0.06238281 0.06031250 0.03330169
v -0.06503907 0.05687500 0.03466888
v -0.05996094 0.06031250 0.03755950
v -0.05996094 0.06031250 0.03755950
v -0.06503907 0.05687500 0.03466888
v -0.06246094 0.05687500 0.03912200
v -0.05996094 0.06031250 0.03755950
v -0.06246094 0.05687500 0.03912200
v -0.05714844 0.06031250 0.04170013
v -0.05714844 0.06031250 0.04170013
v -0.06246094 0.05687500 0.03912200
v -0.05957031 0.05687500 0.04341888
v -0.05714844 0.06031250 0.04170013
v -0.05957031 0.05687500 0.04341888
v -0.05410156 0.06031250 0.04560638
v -0.05636719 0.05687500 0.04748138
v -0.05410156 0.06031250 0.04560638
v -0.05636719 0.05687500 0.04748138
v -0.05082031 0.06031250 0.04927825
v -0.05082031 0.06031250 0.04927825
v -0.05636719 0.05687500 0.04748138
v -0.05292969 0.05687500 0.05134856
v -0.05082031 0.06031250 0.04927825
v -0.05292969 0.05687500 0.05134856
v -0.04925781 0.05687500 0.05494231
v -0.06246094 0.06632814 -0.01333894
v -0.06144531 0.06632814 -0.01771394
v -0.06480469 0.06351562 -0.01865144
v -0.06480469 0.06351562 -0.01865144
v -0.06792969 0.06031250 -0.01954988
v -0.06589844 0.06351562 -0.01408113
v -0.06589844 0.06351562 -0.01408113
v -0.06792969 0.06031250 -0.01954988
v -0.06910157 0.06031250 -0.01474519
v -0.06589844 0.06351562 -0.01408113
v -0.06910157 0.06031250 -0.01474519
v -0.06675782 0.06351562 -0.00943269
v -0.06675782 0.06351562 -0.00943269
v -0.06910157 0.06031250 -0.01474519
v -0.06996094 0.06031250 -0.00986238
v -0.06675782 0.06351562 -0.00943269
v -0.06996094 0.06031250 -0.00986238
v -0.06722657 0.06351562 -0.00474519
v -0.06722657 0.06351562 -0.00474519
v -0.06996094 0.06031250 -0.00986238
v -0.07050782 0.06031250 -0.00494050
v -0.06722657 0.06351562 -0.00474519
v -0.07050782 0.06031250 -0.00494050
v -0.06738282 0.06351562 -0.00001862
v -0.07066407 0.06031250 -0.00001862
v -0.06738282 0.06351562 -0.00001862
v -0.07066407 0.06031250 -0.00001862
v -0.06722657 0.06351562 0.00470794
v -0.07050782 0.06031250 0.00494231
v -0.06722657 0.06351562 0.00470794
v -0.07050782 0.06031250 0.00494231
v -0.06675782 0.06351562 0.00939544
v -0.06675782 0.06351562 0.00939544
v -0.07050782 0.06031250 0.00494231
v -0.06996094 0.06031250 0.00986419
v -0.06675782 0.06351562 0.00939544
v -0.06996094 0.06031250 0.00986419
v -0.06589844 0.06351562 0.01404387
v -0.06589844 0.06351562 0.01404387
v -0.06996094 0.06031250 0.00986419
v -0.06910157 0.06031250 0.01474700
v -0.06589844 0.06351562 0.01404387
v -0.06910157 0.06031250 0.01474700
v -0.06480469 0.06351562 0.01865325
v -0.06480469 0.06351562 0.01865325
v -0.06910157 0.06031250 0.01474700
v -0.06792969 0.06031250 0.01955169
v -0.06480469 0.06351562 0.01865325
v -0.06792969 0.06031250 0.01955169
v -0.06332031 0.06351562 0.02314544
v -0.06636719 0.06031250 0.02423919
v -0.06332031 0.06351562 0.02314544
v -0.06636719 0.06031250 0.02423919
v -0.06160156 0.06351562 0.02752044
v -0.06457032 0.06031250 0.02884856
v -0.06160156 0.06351562 0.02752044
v -0.06457032 0.06031250 0.02884856
v -0.05949219 0.06351562 0.03177825
v -0.06238281 0.06031250 0.03330169
v -0.05949219 0.06351562 0.03177825
v -0.06238281 0.06031250 0.03330169
v -0.05714844 0.06351562 0.03584075
v -0.05714844 0.06351562 0.03584075
v -0.06238281 0.06031250 0.03330169
v -0.05996094 0.06031250 0.03755950
v -0.05714844 0.06351562 0.03584075
v -0.05996094 0.06031250 0.03755950
v -0.05457031 0.06351562 0.03978606
v -0.05457031 0.06351562 0.03978606
v -0.05996094 0.06031250 0.03755950
v -0.05714844 0.06031250 0.04170013
v -0.05457031 0.06351562 0.03978606
v -0.05714844 0.06031250 0.04170013
v -0.05167969 0.06351562 0.04353606
v -0.05167969 0.06351562 0.04353606
v -0.05714844 0.06031250 0.04170013
v -0.05410156 0.06031250 0.04560638
v -0.05167969 0.06351562 0.04353606
v -0.05410156 0.06031250 0.04560638
v -0.04847656 0.06351562 0.04705169
v -0.04847656 0.06351562 0.04705169
v -0.05410156 0.06031250 0.04560638
v -0.05082031 0.06031250 0.04927825
v -0.04847656 0.06351562 0.04705169
v -0.05082031 0.06031250 0.04927825
v -0.04730469 0.06031250 0.05275481
v -0.04730469 0.06031250 0.05275481
v -0.05082031 0.06031250 0.04927825
v -0.04925781 0.05687500 0.05494231
v -0.04230469 0.07523439 -0.00908113
v -0.06324219 0.06632814 -0.00892488
v -0.06246094 0.06632814 -0.01333894
v -0.06589844 0.06351562 -0.01408113
v -0.06589844 0.06351562 -0.01408113
v -0.06246094 0.06632814 -0.01333894
v -0.06480469 0.06351562 -0.01865144
v -0.06324219 0.06632814 -0.00892488
v -0.06589844 0.06351562 -0.01408113
v -0.06675782 0.06351562 -0.00943269
v -0.03839844 0.07578125 -0.00544831
v -0.03792969 0.07578125 -0.00814363
v -0.04230469 0.07523439 -0.00908113
v -0.04285156 0.07523439 -0.00607331
v -0.06371094 0.06632814 -0.00447175
v -0.06324219 0.06632814 -0.00892488
v -0.06675782 0.06351562 -0.00943269
v -0.06371094 0.06632814 -0.00447175
v -0.06675782 0.06351562 -0.00943269
v -0.06722657 0.06351562 -0.00474519
v -0.03871094 0.07578125 -0.00275300
v -0.03839844 0.07578125 -0.00544831
v -0.04285156 0.07523439 -0.00607331
v -0.06386719 0.06632814 -0.00001862
v -0.06371094 0.06632814 -0.00447175
v -0.06722657 0.06351562 -0.00474519
v -0.06738282 0.06351562 -0.00001862
v -0.03871094 0.07578125 -0.00275300
v -0.04316406 0.07523439 -0.00306550
v -0.06371094 0.06632814 0.00447356
v -0.06386719 0.06632814 -0.00001862
v -0.06738282 0.06351562 -0.00001862
v -0.06722657 0.06351562 0.00470794
v -0.06324219 0.06632814 0.00892669
v -0.06371094 0.06632814 0.00447356
v -0.06722657 0.06351562 0.00470794
v -0.06324219 0.06632814 0.00892669
v -0.06722657 0.06351562 0.00470794
v -0.06675782 0.06351562 0.00939544
v -0.06246094 0.06632814 0.01334075
v -0.06324219 0.06632814 0.00892669
v -0.06675782 0.06351562 0.00939544
v -0.06246094 0.06632814 0.01334075
v -0.06675782 0.06351562 0.00939544
v -0.06589844 0.06351562 0.01404387
v -0.04230469 0.07523439 0.00908294
v -0.06144531 0.06632814 0.01767669
v -0.06246094 0.06632814 0.01334075
v -0.06589844 0.06351562 0.01404387
v -0.06480469 0.06351562 0.01865325
v -0.03730469 0.07578125 0.01080169
v -0.03792969 0.07578125 0.00814544
v -0.04230469 0.07523439 0.00908294
v -0.04160156 0.07523439 0.01201262
v -0.06003906 0.06632814 0.02193450
v -0.06144531 0.06632814 0.01767669
v -0.06480469 0.06351562 0.01865325
v -0.06332031 0.06351562 0.02314544
v -0.03730469 0.07578125 0.01080169
v -0.05839844 0.06632814 0.02607513
v -0.06003906 0.06632814 0.02193450
v -0.06332031 0.06351562 0.02314544
v -0.06160156 0.06351562 0.02752044
v -0.05644531 0.06632814 0.03013763
v -0.05839844 0.06632814 0.02607513
v -0.06160156 0.06351562 0.02752044
v -0.05644531 0.06632814 0.03013763
v -0.06160156 0.06351562 0.02752044
v -0.05949219 0.06351562 0.03177825
v -0.05417969 0.06632814 0.03400481
v -0.05644531 0.06632814 0.03013763
v -0.05949219 0.06351562 0.03177825
v -0.05417969 0.06632814 0.03400481
v -0.05949219 0.06351562 0.03177825
v -0.05714844 0.06351562 0.03584075
v -0.03667969 0.07523439 0.02310638
v -0.05167969 0.06632814 0.03771575
v -0.05417969 0.06632814 0.03400481
v -0.05714844 0.06351562 0.03584075
v -0.05167969 0.06632814 0.03771575
v -0.05714844 0.06351562 0.03584075
v -0.05457031 0.06351562 0.03978606
v -0.04894531 0.06632814 0.04127044
v -0.05167969 0.06632814 0.03771575
v -0.05457031 0.06351562 0.03978606
v -0.05167969 0.06351562 0.04353606
v -0.04597656 0.06632814 0.04459075
v -0.04894531 0.06632814 0.04127044
v -0.05167969 0.06351562 0.04353606
v -0.04597656 0.06632814 0.04459075
v -0.05167969 0.06351562 0.04353606
v -0.04847656 0.06351562 0.04705169
v -0.04847656 0.06351562 0.04705169
v -0.04511719 0.06351562 0.05033294
v -0.04847656 0.06351562 0.04705169
v -0.04730469 0.06031250 0.05275481
v 0.07925782 0.01054687 -0.03353425
v 0.07425782 0.01117187 -0.03415925
v 0.07925782 0.01140625 -0.03513581
v 0.07925782 0.01140625 -0.03513581
v 0.07425782 0.01117187 -0.03415925
v 0.07402344 0.01203125 -0.03626862
v 0.07925782 0.01140625 -0.03513581
v 0.07402344 0.01203125 -0.03626862
v 0.07925782 0.01195312 -0.03654206
v 0.07925782 0.01195312 -0.03654206
v 0.07402344 0.01203125 -0.03626862
v 0.07925782 0.01242187 -0.03841706
v 0.07925782 0.01242187 -0.03841706
v 0.07402344 0.01203125 -0.03626862
v 0.07378907 0.01250000 -0.03853425
v 0.07925782 0.01242187 -0.03841706
v 0.07378907 0.01250000 -0.03853425
v 0.07925782 0.01250000 -0.03962800
v 0.07925782 0.01250000 -0.03962800
v 0.07378907 0.01250000 -0.03853425
v 0.07347657 0.01250000 -0.04079987
v 0.07925782 0.01250000 -0.04142487
v 0.07925782 0.01250000 -0.04142487
v 0.07347657 0.01250000 -0.04079987
v 0.07925782 0.01226562 -0.04267487
v 0.07925782 0.01226562 -0.04267487
v 0.07347657 0.01250000 -0.04079987
v 0.07316407 0.01203125 -0.04306550
v 0.07925782 0.01226562 -0.04267487
v 0.07316407 0.01203125 -0.04306550
v 0.07925782 0.01179687 -0.04447175
v 0.07925782 0.01179687 -0.04447175
v 0.07316407 0.01203125 -0.04306550
v 0.07292969 0.01117187 -0.04521393
v 0.07925782 0.01179687 -0.04447175
v 0.07292969 0.01117187 -0.04521393
v 0.07925782 0.01132812 -0.04556550
v 0.07925782 0.01132812 -0.04556550
v 0.07292969 0.01117187 -0.04521393
v 0.07925782 0.01039062 -0.04720612
v 0.07925782 0.01039062 -0.04720612
v 0.07292969 0.01117187 -0.04521393
v 0.07269532 0.01000000 -0.04716706
v 0.07925782 0.01039062 -0.04720612
v 0.07269532 0.01000000 -0.04716706
v 0.07925782 0.00968750 -0.04818268
v 0.07925782 0.00968750 -0.04818268
v 0.07269532 0.01000000 -0.04716706
v 0.07246094 0.00843750 -0.04884675
v 0.07925782 0.00968750 -0.04818268
v 0.07246094 0.00843750 -0.04884675
v 0.07925782 0.00843750 -0.04951081
v 0.07925782 0.00843750 -0.04951081
v 0.07246094 0.00843750 -0.04884675
v 0.07925782 0.00695313 -0.05064362
v 0.07925782 0.00695313 -0.05064362
v 0.07246094 0.00843750 -0.04884675
v 0.07230469 0.00656250 -0.05021393
v 0.07925782 0.00695313 -0.05064362
v 0.07230469 0.00656250 -0.05021393
v 0.07925782 0.00585938 -0.05126862
v 0.07925782 0.00585938 -0.05126862
v 0.07230469 0.00656250 -0.05021393
v 0.07214844 0.00453125 -0.05122956
v 0.07925782 0.00476563 -0.05181550
v 0.07925782 0.00476563 -0.05181550
v 0.07214844 0.00453125 -0.05122956
v 0.07925782 0.00304688 -0.05236237
v 0.07925782 0.00304688 -0.05236237
v 0.07214844 0.00453125 -0.05122956
v 0.07207032 0.00234375 -0.05185456
v 0.07925782 0.00304688 -0.05236237
v 0.07207032 0.00234375 -0.05185456
v 0.07925782 0.00187500 -0.05263581
v 0.07925782 0.00187500 -0.05263581
v 0.07207032 0.00234375 -0.05185456
v 0.07207032 0.00000000 -0.05208893
v 0.07925782 0.00187500 -0.05263581
v 0.07207032 0.00000000 -0.05208893
v 0.07925782 0.00000000 -0.05275300
v 0.07925782 0.00000000 -0.05275300
v 0.07207032 0.00000000 -0.05208893
v 0.07925782 -0.00179688 -0.05263581
v 0.07925782 -0.00179688 -0.05263581
v 0.07207032 0.00000000 -0.05208893
v 0.07207032 -0.00226563 -0.05185456
v 0.07925782 -0.00179688 -0.05263581
v 0.07207032 -0.00226563 -0.05185456
v 0.07925782 -0.00304688 -0.05236237
v 0.07925782 -0.00304688 -0.05236237
v 0.07207032 -0.00226563 -0.05185456
v 0.07214844 -0.00453125 -0.05122956
v 0.07925782 -0.00304688 -0.05236237
v 0.07214844 -0.00453125 -0.05122956
v 0.07925782 -0.00476563 -0.05181550
v 0.07925782 -0.00476563 -0.05181550
v 0.07214844 -0.00453125 -0.05122956
v 0.07925782 -0.00585938 -0.05126862
v 0.07230469 -0.00656250 -0.05021393
v 0.07925782 -0.00585938 -0.05126862
v 0.07230469 -0.00656250 -0.05021393
v 0.07925782 -0.00695313 -0.05064362
v 0.07925782 -0.00695313 -0.05064362
v 0.07230469 -0.00656250 -0.05021393
v 0.07246094 -0.00843750 -0.04884675
v 0.07925782 -0.00695313 -0.05064362
v 0.07246094 -0.00843750 -0.04884675
v 0.07925782 -0.00835938 -0.04951081
v 0.07925782 -0.00835938 -0.04951081
v 0.07246094 -0.00843750 -0.04884675
v 0.07925782 -0.00960938 -0.04818268
v 0.07925782 -0.00960938 -0.04818268
v 0.07246094 -0.00843750 -0.04884675
v 0.07269532 -0.00992188 -0.04716706
v 0.07925782 -0.00960938 -0.04818268
v 0.07269532 -0.00992188 -0.04716706
v 0.07925782 -0.01039062 -0.04720612
v 0.07925782 -0.01039062 -0.04720612
v 0.07269532 -0.00992188 -0.04716706
v 0.07292969 -0.01117187 -0.04521393
v 0.07925782 -0.01039062 -0.04720612
v 0.07292969 -0.01117187 -0.04521393
v 0.07925782 -0.01125000 -0.04556550
v 0.07925782 -0.01125000 -0.04556550
v 0.07292969 -0.01117187 -0.04521393
v 0.07925782 -0.01171875 -0.04447175
v 0.07925782 -0.01171875 -0.04447175
v 0.07292969 -0.01117187 -0.04521393
v 0.07316407 -0.01203125 -0.04306550
v 0.07925782 -0.01171875 -0.04447175
v 0.07316407 -0.01203125 -0.04306550
v 0.07925782 -0.01226562 -0.04267487
v 0.07925782 -0.01226562 -0.04267487
v 0.07316407 -0.01203125 -0.04306550
v 0.07347657 -0.01242187 -0.04079987
v 0.07925782 -0.01226562 -0.04267487
v 0.07347657 -0.01242187 -0.04079987
v 0.07925782 -0.01242187 -0.04142487
v 0.07925782 -0.01242187 -0.04142487
v 0.07347657 -0.01242187 -0.04079987
v 0.07925782 -0.01250000 -0.04021393
v 0.07925782 -0.01250000 -0.04021393
v 0.07347657 -0.01242187 -0.04079987
v 0.07378907 -0.01242187 -0.03853425
v 0.07925782 -0.01250000 -0.04021393
v 0.07378907 -0.01242187 -0.03853425
v 0.07925782 -0.01234375 -0.03841706
v 0.07925782 -0.01234375 -0.03841706
v 0.07378907 -0.01242187 -0.03853425
v 0.07402344 -0.01203125 -0.03626862
v 0.07925782 -0.01234375 -0.03841706
v 0.07402344 -0.01203125 -0.03626862
v 0.07925782 -0.01195312 -0.03654206
v 0.07925782 -0.01195312 -0.03654206
v 0.07402344 -0.01203125 -0.03626862
v 0.07925782 -0.01140625 -0.03513581
v 0.07925782 -0.01140625 -0.03513581
v 0.07402344 -0.01203125 -0.03626862
v 0.07425782 -0.01117187 -0.03415925
v 0.07925782 -0.01140625 -0.03513581
v 0.07425782 -0.01117187 -0.03415925
v 0.07925782 -0.01054687 -0.03353425
v 0.07925782 -0.01054687 -0.03353425
v 0.07425782 -0.01117187 -0.03415925
v 0.07457032 -0.00992188 -0.03220612
v 0.07925782 -0.01054687 -0.03353425
v 0.07457032 -0.00992188 -0.03220612
v 0.07925782 -0.00945313 -0.03204987
v 0.07925782 -0.00945313 -0.03204987
v 0.07457032 -0.00992188 -0.03220612
v 0.07472657 -0.00843750 -0.03048738
v 0.07925782 -0.00945313 -0.03204987
v 0.07472657 -0.00843750 -0.03048738
v 0.07925782 -0.00820313 -0.03079988
v 0.07925782 -0.00820313 -0.03079988
v 0.07472657 -0.00843750 -0.03048738
v 0.07925782 -0.00679688 -0.02970613
v 0.07925782 -0.00679688 -0.02970613
v 0.07472657 -0.00843750 -0.03048738
v 0.07488282 -0.00656250 -0.02912019
v 0.07925782 -0.00679688 -0.02970613
v 0.07488282 -0.00656250 -0.02912019
v 0.07925782 -0.00515625 -0.02884675
v 0.07925782 -0.00515625 -0.02884675
v 0.07488282 -0.00656250 -0.02912019
v 0.07503907 -0.00453125 -0.02810456
v 0.07925782 -0.00515625 -0.02884675
v 0.07503907 -0.00453125 -0.02810456
v 0.07925782 -0.00351563 -0.02822175
v 0.07925782 -0.00351563 -0.02822175
v 0.07503907 -0.00453125 -0.02810456
v 0.07511719 -0.00226563 -0.02747956
v 0.07925782 -0.00351563 -0.02822175
v 0.07511719 -0.00226563 -0.02747956
v 0.07925782 -0.00171875 -0.02783113
v 0.07925782 -0.00171875 -0.02783113
v 0.07511719 -0.00226563 -0.02747956
v 0.07511719 0.00000000 -0.02728425
v 0.07925782 -0.00171875 -0.02783113
v 0.07511719 0.00000000 -0.02728425
v 0.07925782 0.00000000 -0.02767488
v 0.07925782 0.00000000 -0.02767488
v 0.07511719 0.00000000 -0.02728425
v 0.07925782 0.00179688 -0.02783113
v 0.07925782 0.00179688 -0.02783113
v 0.07511719 0.00000000 -0.02728425
v 0.07511719 0.00234375 -0.02747956
v 0.07925782 0.00179688 -0.02783113
v 0.07511719 0.00234375 -0.02747956
v 0.07925782 0.00359375 -0.02822175
v 0.07925782 0.00359375 -0.02822175
v 0.07511719 0.00234375 -0.02747956
v 0.07503907 0.00453125 -0.02810456
v 0.07925782 0.00359375 -0.02822175
v 0.07503907 0.00453125 -0.02810456
v 0.07925782 0.00523438 -0.02884675
v 0.07925782 0.00523438 -0.02884675
v 0.07503907 0.00453125 -0.02810456
v 0.07488282 0.00656250 -0.02912019
v 0.07925782 0.00523438 -0.02884675
v 0.07488282 0.00656250 -0.02912019
v 0.07925782 0.00679688 -0.02970613
v 0.07925782 0.00679688 -0.02970613
v 0.07488282 0.00656250 -0.02912019
v 0.07472657 0.00843750 -0.03048738
v 0.07925782 0.00828125 -0.03079988
v 0.07925782 0.00828125 -0.03079988
v 0.07472657 0.00843750 -0.03048738
v 0.07925782 0.00953125 -0.03204987
v 0.07925782 0.00953125 -0.03204987
v 0.07472657 0.00843750 -0.03048738
v 0.07457032 0.01000000 -0.03220612
v 0.07925782 0.00953125 -0.03204987
v 0.07457032 0.01000000 -0.03220612
v 0.07925782 0.01054687 -0.03353425
v 0.07925782 0.01054687 -0.03353425
v 0.07457032 0.01000000 -0.03220612
v 0.07425782 0.01117187 -0.03415925
v -0.03394531 0.00125000 0.05837981
v -0.03402344 0.00000000 0.05837981
v -0.03316406 0.00000000 0.05119231
v -0.03316406 0.00000000 0.05119231
v -0.03402344 0.00000000 0.05837981
v -0.03394531 -0.00117188 0.05837981
v -0.03300781 -0.00226563 0.05123138
v -0.03300781 -0.00226563 0.05123138
v -0.03394531 -0.00117188 0.05837981
v -0.03371094 -0.00242188 0.05837981
v -0.03347656 -0.00367188 0.05837981
v -0.03300781 -0.00226563 0.05123138
v -0.03347656 -0.00367188 0.05837981
v -0.03238281 -0.00453125 0.05130950
v -0.03238281 -0.00453125 0.05130950
v -0.03347656 -0.00367188 0.05837981
v -0.03300781 -0.00476563 0.05837981
v -0.03253906 -0.00585938 0.05837981
v -0.03238281 -0.00453125 0.05130950
v -0.03253906 -0.00585938 0.05837981
v -0.03136719 -0.00656250 0.05146575
v -0.03136719 -0.00656250 0.05146575
v -0.03253906 -0.00585938 0.05837981
v -0.03183594 -0.00695313 0.05837981
v -0.03136719 -0.00656250 0.05146575
v -0.03183594 -0.00695313 0.05837981
v -0.03113281 -0.00796875 0.05837981
v -0.03136719 -0.00656250 0.05146575
v -0.03113281 -0.00796875 0.05837981
v -0.02996094 -0.00843750 0.05166106
v -0.02996094 -0.00843750 0.05166106
v -0.03113281 -0.00796875 0.05837981
v -0.03035156 -0.00882813 0.05837981
v -0.02996094 -0.00843750 0.05166106
v -0.03035156 -0.00882813 0.05837981
v -0.02824219 -0.00992188 0.05189544
v -0.02824219 -0.00992188 0.05189544
v -0.03035156 -0.00882813 0.05837981
v -0.02941406 -0.00960938 0.05837981
v -0.02824219 -0.00992188 0.05189544
v -0.02941406 -0.00960938 0.05837981
v -0.02839844 -0.01039062 0.05837981
v -0.02824219 -0.00992188 0.05189544
v -0.02839844 -0.01039062 0.05837981
v -0.02636719 -0.01117187 0.05216888
v -0.02636719 -0.01117187 0.05216888
v -0.02839844 -0.01039062 0.05837981
v -0.02730469 -0.01101562 0.05837981
v -0.02636719 -0.01117187 0.05216888
v -0.02730469 -0.01101562 0.05837981
v -0.02621094 -0.01156250 0.05837981
v -0.02636719 -0.01117187 0.05216888
v -0.02621094 -0.01156250 0.05837981
v -0.02417969 -0.01203125 0.05248138
v -0.02417969 -0.01203125 0.05248138
v -0.02621094 -0.01156250 0.05837981
v -0.02511719 -0.01195312 0.05837981
v -0.02417969 -0.01203125 0.05248138
v -0.02511719 -0.01195312 0.05837981
v -0.02386719 -0.01226562 0.05837981
v -0.02417969 -0.01203125 0.05248138
v -0.02386719 -0.01226562 0.05837981
v -0.02199219 -0.01242187 0.05279388
v -0.02199219 -0.01242187 0.05279388
v -0.02386719 -0.01226562 0.05837981
v -0.02261719 -0.01242187 0.05837981
v -0.02199219 -0.01242187 0.05279388
v -0.02261719 -0.01242187 0.05837981
v -0.02144531 -0.01250000 0.05837981
v -0.02199219 -0.01242187 0.05279388
v -0.02144531 -0.01250000 0.05837981
v -0.01964844 -0.01242187 0.05314544
v -0.01964844 -0.01242187 0.05314544
v -0.02144531 -0.01250000 0.05837981
v -0.02027344 -0.01242187 0.05837981
v -0.01964844 -0.01242187 0.05314544
v -0.02027344 -0.01242187 0.05837981
v -0.01902344 -0.01218750 0.05837981
v -0.01964844 -0.01242187 0.05314544
v -0.01902344 -0.01218750 0.05837981
v -0.01746094 -0.01203125 0.05345794
v -0.01746094 -0.01203125 0.05345794
v -0.01902344 -0.01218750 0.05837981
v -0.01777344 -0.01195312 0.05837981
v -0.01746094 -0.01203125 0.05345794
v -0.01777344 -0.01195312 0.05837981
v -0.01667969 -0.01156250 0.05837981
v -0.01746094 -0.01203125 0.05345794
v -0.01667969 -0.01156250 0.05837981
v -0.01527344 -0.01117187 0.05377044
v -0.01527344 -0.01117187 0.05377044
v -0.01667969 -0.01156250 0.05837981
v -0.01558594 -0.01101562 0.05837981
v -0.01527344 -0.01117187 0.05377044
v -0.01558594 -0.01101562 0.05837981
v -0.01449219 -0.01039062 0.05837981
v -0.01527344 -0.01117187 0.05377044
v -0.01449219 -0.01039062 0.05837981
v -0.01339844 -0.00992188 0.05404388
v -0.01339844 -0.00992188 0.05404388
v -0.01449219 -0.01039062 0.05837981
v -0.01347656 -0.00960938 0.05837981
v -0.01339844 -0.00992188 0.05404388
v -0.01347656 -0.00960938 0.05837981
v -0.01261719 -0.00882813 0.05837981
v -0.01339844 -0.00992188 0.05404388
v -0.01261719 -0.00882813 0.05837981
v -0.01167969 -0.00843750 0.05427825
v -0.01167969 -0.00843750 0.05427825
v -0.01261719 -0.00882813 0.05837981
v -0.01175781 -0.00796875 0.05837981
v -0.01167969 -0.00843750 0.05427825
v -0.01175781 -0.00796875 0.05837981
v -0.01027344 -0.00656250 0.05447356
v -0.01027344 -0.00656250 0.05447356
v -0.01175781 -0.00796875 0.05837981
v -0.01105469 -0.00695313 0.05837981
v -0.01027344 -0.00656250 0.05447356
v -0.01105469 -0.00695313 0.05837981
v -0.01035156 -0.00585938 0.05837981
v -0.01027344 -0.00656250 0.05447356
v -0.01035156 -0.00585938 0.05837981
v -0.00925781 -0.00453125 0.05462981
v -0.00925781 -0.00453125 0.05462981
v -0.01035156 -0.00585938 0.05837981
v -0.00988281 -0.00476563 0.05837981
v -0.00941406 -0.00367188 0.05837981
v -0.00925781 -0.00453125 0.05462981
v -0.00941406 -0.00367188 0.05837981
v -0.00863281 -0.00226563 0.05470794
v -0.00863281 -0.00226563 0.05470794
v -0.00941406 -0.00367188 0.05837981
v -0.00917969 -0.00242188 0.05837981
v -0.00894531 -0.00117188 0.05837981
v -0.00863281 -0.00226563 0.05470794
v -0.00894531 -0.00117188 0.05837981
v -0.00847656 0.00000000 0.05474700
v -0.00886719 0.00000000 0.05837981
v -0.00847656 0.00000000 0.05474700
v -0.00886719 0.00000000 0.05837981
v -0.00894531 0.00125000 0.05837981
v -0.00847656 0.00000000 0.05474700
v -0.00894531 0.00125000 0.05837981
v -0.00863281 0.00234375 0.05470794
v -0.00863281 0.00234375 0.05470794
v -0.00894531 0.00125000 0.05837981
v -0.00917969 0.00242188 0.05837981
v -0.00863281 0.00234375 0.05470794
v -0.00917969 0.00242188 0.05837981
v -0.00941406 0.00367188 0.05837981
v -0.00863281 0.00234375 0.05470794
v -0.00941406 0.00367188 0.05837981
v -0.00925781 0.00453125 0.05462981
v -0.00925781 0.00453125 0.05462981
v -0.00941406 0.00367188 0.05837981
v -0.00988281 0.00484375 0.05837981
v -0.00925781 0.00453125 0.05462981
v -0.00988281 0.00484375 0.05837981
v -0.01035156 0.00585938 0.05837981
v -0.00925781 0.00453125 0.05462981
v -0.01035156 0.00585938 0.05837981
v -0.01027344 0.00656250 0.05447356
v -0.01027344 0.00656250 0.05447356
v -0.01035156 0.00585938 0.05837981
v -0.01105469 0.00695313 0.05837981
v -0.01027344 0.00656250 0.05447356
v -0.01105469 0.00695313 0.05837981
v -0.01175781 0.00796875 0.05837981
v -0.01027344 0.00656250 0.05447356
v -0.01175781 0.00796875 0.05837981
v -0.01167969 0.00843750 0.05427825
v -0.01167969 0.00843750 0.05427825
v -0.01175781 0.00796875 0.05837981
v -0.01261719 0.00882813 0.05837981
v -0.01167969 0.00843750 0.05427825
v -0.01261719 0.00882813 0.05837981
v -0.01339844 0.01000000 0.05404388
v -0.01339844 0.01000000 0.05404388
v -0.01261719 0.00882813 0.05837981
v -0.01347656 0.00968750 0.05837981
v -0.01339844 0.01000000 0.05404388
v -0.01347656 0.00968750 0.05837981
v -0.01449219 0.01039062 0.05837981
v -0.01339844 0.01000000 0.05404388
v -0.01449219 0.01039062 0.05837981
v -0.01527344 0.01117187 0.05377044
v -0.01527344 0.01117187 0.05377044
v -0.01449219 0.01039062 0.05837981
v -0.01558594 0.01101562 0.05837981
v -0.01527344 0.01117187 0.05377044
v -0.01558594 0.01101562 0.05837981
v -0.01667969 0.01156250 0.05837981
v -0.01527344 0.01117187 0.05377044
v -0.01667969 0.01156250 0.05837981
v -0.01746094 0.01203125 0.05345794
v -0.01746094 0.01203125 0.05345794
v -0.01667969 0.01156250 0.05837981
v -0.01777344 0.01195312 0.05837981
v -0.01746094 0.01203125 0.05345794
v -0.01777344 0.01195312 0.05837981
v -0.01902344 0.01226562 0.05837981
v -0.01746094 0.01203125 0.05345794
v -0.01902344 0.01226562 0.05837981
v -0.01964844 0.01250000 0.05314544
v -0.01964844 0.01250000 0.05314544
v -0.01902344 0.01226562 0.05837981
v -0.02027344 0.01242187 0.05837981
v -0.01964844 0.01250000 0.05314544
v -0.02027344 0.01242187 0.05837981
v -0.02144531 0.01250000 0.05837981
v -0.01964844 0.01250000 0.05314544
v -0.02144531 0.01250000 0.05837981
v -0.02199219 0.01250000 0.05279388
v -0.02199219 0.01250000 0.05279388
v -0.02144531 0.01250000 0.05837981
v -0.02261719 0.01242187 0.05837981
v -0.02199219 0.01250000 0.05279388
v -0.02261719 0.01242187 0.05837981
v -0.02386719 0.01226562 0.05837981
v -0.02199219 0.01250000 0.05279388
v -0.02386719 0.01226562 0.05837981
v -0.02417969 0.01203125 0.05248138
v -0.02417969 0.01203125 0.05248138
v -0.02386719 0.01226562 0.05837981
v -0.02511719 0.01195312 0.05837981
v -0.02417969 0.01203125 0.05248138
v -0.02511719 0.01195312 0.05837981
v -0.02621094 0.01156250 0.05837981
v -0.02417969 0.01203125 0.05248138
v -0.02621094 0.01156250 0.05837981
v -0.02636719 0.01117187 0.05216888
v -0.02636719 0.01117187 0.05216888
v -0.02621094 0.01156250 0.05837981
v -0.02730469 0.01109375 0.05837981
v -0.02636719 0.01117187 0.05216888
v -0.02730469 0.01109375 0.05837981
v -0.02839844 0.01039062 0.05837981
v -0.02636719 0.01117187 0.05216888
v -0.02839844 0.01039062 0.05837981
v -0.02824219 0.01000000 0.05189544
v -0.02824219 0.01000000 0.05189544
v -0.02839844 0.01039062 0.05837981
v -0.02941406 0.00968750 0.05837981
v -0.02824219 0.01000000 0.05189544
v -0.02941406 0.00968750 0.05837981
v -0.03035156 0.00890625 0.05837981
v -0.02824219 0.01000000 0.05189544
v -0.03035156 0.00890625 0.05837981
v -0.02996094 0.00843750 0.05166106
v -0.02996094 0.00843750 0.05166106
v -0.03035156 0.00890625 0.05837981
v -0.03113281 0.00796875 0.05837981
v -0.02996094 0.00843750 0.05166106
v -0.03113281 0.00796875 0.05837981
v -0.03136719 0.00656250 0.05146575
v -0.03136719 0.00656250 0.05146575
v -0.03113281 0.00796875 0.05837981
v -0.03183594 0.00695313 0.05837981
v -0.03136719 0.00656250 0.05146575
v -0.03183594 0.00695313 0.05837981
v -0.03253906 0.00585938 0.05837981
v -0.03136719 0.00656250 0.05146575
v -0.03253906 0.00585938 0.05837981
v -0.03238281 0.00453125 0.05130950
v -0.03238281 0.00453125 0.05130950
v -0.03253906 0.00585938 0.05837981
v -0.03300781 0.00484375 0.05837981
v -0.03238281 0.00453125 0.05130950
v -0.03300781 0.00484375 0.05837981
v -0.03347656 0.00367188 0.05837981
v -0.03238281 0.00453125 0.05130950
v -0.03347656 0.00367188 0.05837981
v -0.03300781 0.00234375 0.05123138
v -0.03300781 0.00234375 0.05123138
v -0.03347656 0.00367188 0.05837981
v -0.03371094 0.00242188 0.05837981
v -0.03300781 0.00234375 0.05123138
v -0.03371094 0.00242188 0.05837981
v -0.03394531 0.00125000 0.05837981
v -0.03300781 0.00234375 0.05123138
v -0.03394531 0.00125000 0.05837981
v -0.03316406 0.00000000 0.05119231
v -0.00847656 0.00000000 0.05474700
v -0.00746094 0.00000000 0.04912200
v -0.00769531 -0.00226563 0.04908294
v -0.00769531 -0.00226563 0.04908294
v -0.00746094 0.00000000 0.04912200
v -0.00636719 -0.00226563 0.04349700
v -0.00769531 -0.00226563 0.04908294
v -0.00636719 -0.00226563 0.04349700
v -0.00699219 -0.00453125 0.04330169
v -0.00699219 -0.00453125 0.04330169
v -0.00636719 -0.00226563 0.04349700
v -0.00535156 -0.00453125 0.03779388
v -0.00699219 -0.00453125 0.04330169
v -0.00535156 -0.00453125 0.03779388
v -0.00628906 -0.00656250 0.03748138
v -0.00628906 -0.00656250 0.03748138
v -0.00535156 -0.00453125 0.03779388
v -0.00433594 -0.00656250 0.03197356
v -0.00628906 -0.00656250 0.03748138
v -0.00433594 -0.00656250 0.03197356
v -0.00558594 -0.00843750 0.03146575
v -0.00558594 -0.00843750 0.03146575
v -0.00433594 -0.00656250 0.03197356
v -0.00324219 -0.00843750 0.02603606
v -0.00558594 -0.00843750 0.03146575
v -0.00324219 -0.00843750 0.02603606
v -0.00480469 -0.00992188 0.02533294
v -0.00480469 -0.00992188 0.02533294
v -0.00324219 -0.00843750 0.02603606
v -0.00207031 -0.00992188 0.01994231
v -0.00480469 -0.00992188 0.02533294
v -0.00207031 -0.00992188 0.01994231
v -0.00378906 -0.01117187 0.01900481
v -0.00378906 -0.01117187 0.01900481
v -0.00207031 -0.00992188 0.01994231
v -0.00074219 -0.01117187 0.01373137
v -0.00378906 -0.01117187 0.01900481
v -0.00074219 -0.01117187 0.01373137
v -0.00253906 -0.01203125 0.01259856
v -0.00253906 -0.01203125 0.01259856
v -0.00074219 -0.01117187 0.01373137
v 0.00089844 -0.01203125 0.00736419
v -0.00253906 -0.01203125 0.01259856
v 0.00089844 -0.01203125 0.00736419
v -0.00089844 -0.01242187 0.00607513
v -0.00089844 -0.01242187 0.00607513
v 0.00089844 -0.01203125 0.00736419
v 0.00292969 -0.01242187 0.00095794
v -0.00089844 -0.01242187 0.00607513
v 0.00292969 -0.01242187 0.00095794
v 0.00113281 -0.01242187 -0.00048738
v 0.00535156 -0.01242187 -0.00544831
v 0.00113281 -0.01242187 -0.00048738
v 0.00535156 -0.01242187 -0.00544831
v 0.00371094 -0.01203125 -0.00697175
v 0.00371094 -0.01203125 -0.00697175
v 0.00535156 -0.01242187 -0.00544831
v 0.00832031 -0.01203125 -0.01177644
v 0.00371094 -0.01203125 -0.00697175
v 0.00832031 -0.01203125 -0.01177644
v 0.00683594 -0.01117187 -0.01329988
v 0.00683594 -0.01117187 -0.01329988
v 0.00832031 -0.01203125 -0.01177644
v 0.01175781 -0.01117187 -0.01790925
v 0.00683594 -0.01117187 -0.01329988
v 0.01175781 -0.01117187 -0.01790925
v 0.01050781 -0.00992188 -0.01939363
v 0.01050781 -0.00992188 -0.01939363
v 0.01175781 -0.01117187 -0.01790925
v 0.01582031 -0.00992188 -0.02376863
v 0.01050781 -0.00992188 -0.01939363
v 0.01582031 -0.00992188 -0.02376863
v 0.01480469 -0.00843750 -0.02513581
v 0.01480469 -0.00843750 -0.02513581
v 0.01582031 -0.00992188 -0.02376863
v 0.02050781 -0.00843750 -0.02923738
v 0.01480469 -0.00843750 -0.02513581
v 0.02050781 -0.00843750 -0.02923738
v 0.01972656 -0.00656250 -0.03040925
v 0.01972656 -0.00656250 -0.03040925
v 0.02050781 -0.00843750 -0.02923738
v 0.02566406 -0.00656250 -0.03419831
v 0.01972656 -0.00656250 -0.03040925
v 0.02566406 -0.00656250 -0.03419831
v 0.02511719 -0.00453125 -0.03509675
v 0.02511719 -0.00453125 -0.03509675
v 0.02566406 -0.00656250 -0.03419831
v 0.03136719 -0.00453125 -0.03857331
v 0.02511719 -0.00453125 -0.03509675
v 0.03136719 -0.00453125 -0.03857331
v 0.03113281 -0.00226563 -0.03915925
v 0.03113281 -0.00226563 -0.03915925
v 0.03136719 -0.00453125 -0.03857331
v 0.03761719 -0.00226563 -0.04228425
v 0.03113281 -0.00226563 -0.03915925
v 0.03761719 -0.00226563 -0.04228425
v 0.03746094 0.00000000 -0.04247956
v 0.03746094 0.00000000 -0.04247956
v 0.03761719 -0.00226563 -0.04228425
v 0.04417969 0.00000000 -0.04521393
v 0.03746094 0.00000000 -0.04247956
v 0.04417969 0.00000000 -0.04521393
v 0.04425781 0.00234375 -0.04501862
v 0.04425781 0.00234375 -0.04501862
v 0.04417969 0.00000000 -0.04521393
v 0.05105469 0.00234375 -0.04732331
v 0.04425781 0.00234375 -0.04501862
v 0.05105469 0.00234375 -0.04732331
v 0.05121094 0.00453125 -0.04673737
v 0.05121094 0.00453125 -0.04673737
v 0.05105469 0.00234375 -0.04732331
v 0.05808594 0.00453125 -0.04865143
v 0.05121094 0.00453125 -0.04673737
v 0.05808594 0.00453125 -0.04865143
v 0.05839844 0.00656250 -0.04763581
v 0.05839844 0.00656250 -0.04763581
v 0.05808594 0.00453125 -0.04865143
v 0.06527344 0.00656250 -0.04915925
v 0.05839844 0.00656250 -0.04763581
v 0.06527344 0.00656250 -0.04915925
v 0.06558594 0.00843750 -0.04779206
v 0.06558594 0.00843750 -0.04779206
v 0.06527344 0.00656250 -0.04915925
v 0.07246094 0.00843750 -0.04884675
v 0.06558594 0.00843750 -0.04779206
v 0.07246094 0.00843750 -0.04884675
v 0.07269532 0.01000000 -0.04716706
v -0.00613281 0.00000000 0.04353606
v -0.00636719 -0.00226563 0.04349700
v -0.00613281 0.00000000 0.04353606
v -0.00472656 -0.00226563 0.03798919
v -0.00472656 -0.00226563 0.03798919
v -0.00535156 -0.00453125 0.03779388
v -0.00472656 -0.00226563 0.03798919
v -0.00332031 -0.00453125 0.03236419
v -0.00535156 -0.00453125 0.03779388
v -0.00332031 -0.00453125 0.03236419
v -0.00433594 -0.00656250 0.03197356
v -0.00433594 -0.00656250 0.03197356
v -0.00332031 -0.00453125 0.03236419
v -0.00199219 -0.00656250 0.02662200
v -0.00433594 -0.00656250 0.03197356
v -0.00199219 -0.00656250 0.02662200
v -0.00324219 -0.00843750 0.02603606
v -0.00324219 -0.00843750 0.02603606
v -0.00199219 -0.00656250 0.02662200
v -0.00058594 -0.00843750 0.02076263
v -0.00324219 -0.00843750 0.02603606
v -0.00058594 -0.00843750 0.02076263
v -0.00207031 -0.00992188 0.01994231
v -0.00207031 -0.00992188 0.01994231
v -0.00058594 -0.00843750 0.02076263
v 0.00097656 -0.00992188 0.01474700
v -0.00207031 -0.00992188 0.01994231
v 0.00097656 -0.00992188 0.01474700
v -0.00074219 -0.01117187 0.01373137
v -0.00074219 -0.01117187 0.01373137
v 0.00097656 -0.00992188 0.01474700
v 0.00269531 -0.01117187 0.00861419
v -0.00074219 -0.01117187 0.01373137
v 0.00269531 -0.01117187 0.00861419
v 0.00089844 -0.01203125 0.00736419
v 0.00089844 -0.01203125 0.00736419
v 0.00269531 -0.01117187 0.00861419
v 0.00472656 -0.01203125 0.00236419
v 0.00089844 -0.01203125 0.00736419
v 0.00472656 -0.01203125 0.00236419
v 0.00292969 -0.01242187 0.00095794
v 0.00292969 -0.01242187 0.00095794
v 0.00472656 -0.01203125 0.00236419
v 0.00707031 -0.01242187 -0.00388581
v 0.00707031 -0.01242187 -0.00388581
v 0.00988281 -0.01242187 -0.01017488
v 0.00988281 -0.01242187 -0.01017488
v 0.00832031 -0.01203125 -0.01177644
v 0.00988281 -0.01242187 -0.01017488
v 0.01324219 -0.01203125 -0.01630769
v 0.00832031 -0.01203125 -0.01177644
v 0.01324219 -0.01203125 -0.01630769
v 0.01175781 -0.01117187 -0.01790925
v 0.01175781 -0.01117187 -0.01790925
v 0.01324219 -0.01203125 -0.01630769
v 0.01707031 -0.01117187 -0.02224519
v 0.01175781 -0.01117187 -0.01790925
v 0.01707031 -0.01117187 -0.02224519
v 0.01582031 -0.00992188 -0.02376863
v 0.01582031 -0.00992188 -0.02376863
v 0.01707031 -0.01117187 -0.02224519
v 0.02144531 -0.00992188 -0.02783113
v 0.01582031 -0.00992188 -0.02376863
v 0.02144531 -0.00992188 -0.02783113
v 0.02050781 -0.00843750 -0.02923738
v 0.02050781 -0.00843750 -0.02923738
v 0.02144531 -0.00992188 -0.02783113
v 0.02636719 -0.00843750 -0.03302643
v 0.02050781 -0.00843750 -0.02923738
v 0.02636719 -0.00843750 -0.03302643
v 0.02566406 -0.00656250 -0.03419831
v 0.02566406 -0.00656250 -0.03419831
v 0.02636719 -0.00843750 -0.03302643
v 0.03183594 -0.00656250 -0.03767487
v 0.02566406 -0.00656250 -0.03419831
v 0.03183594 -0.00656250 -0.03767487
v 0.03136719 -0.00453125 -0.03857331
v 0.03136719 -0.00453125 -0.03857331
v 0.03183594 -0.00656250 -0.03767487
v 0.03785156 -0.00453125 -0.04169831
v 0.03785156 -0.00453125 -0.04169831
v 0.03761719 -0.00226563 -0.04228425
v 0.03785156 -0.00453125 -0.04169831
v 0.04425781 -0.00226563 -0.04501862
v 0.03761719 -0.00226563 -0.04228425
v 0.04425781 -0.00226563 -0.04501862
v 0.04417969 0.00000000 -0.04521393
v 0.04417969 0.00000000 -0.04521393
v 0.04425781 -0.00226563 -0.04501862
v 0.05097656 0.00000000 -0.04755768
v 0.04417969 0.00000000 -0.04521393
v 0.05097656 0.00000000 -0.04755768
v 0.05105469 0.00234375 -0.04732331
v 0.05105469 0.00234375 -0.04732331
v 0.05097656 0.00000000 -0.04755768
v 0.05792969 0.00234375 -0.04927643
v 0.05105469 0.00234375 -0.04732331
v 0.05792969 0.00234375 -0.04927643
v 0.05808594 0.00453125 -0.04865143
v 0.05808594 0.00453125 -0.04865143
v 0.05792969 0.00234375 -0.04927643
v 0.06511719 0.00453125 -0.05017487
v 0.05808594 0.00453125 -0.04865143
v 0.06511719 0.00453125 -0.05017487
v 0.06527344 0.00656250 -0.04915925
v 0.06527344 0.00656250 -0.04915925
v 0.06511719 0.00453125 -0.05017487
v 0.07230469 0.00656250 -0.05021393
v 0.06527344 0.00656250 -0.04915925
v 0.07230469 0.00656250 -0.05021393
v 0.07246094 0.00843750 -0.04884675
v -0.00847656 0.00000000 0.05474700
v -0.00863281 0.00234375 0.05470794
v -0.00746094 0.00000000 0.04912200
v -0.00746094 0.00000000 0.04912200
v -0.00863281 0.00234375 0.05470794
v -0.00769531 0.00234375 0.04908294
v -0.00746094 0.00000000 0.04912200
v -0.00769531 0.00234375 0.04908294
v -0.00613281 0.00000000 0.04353606
v -0.00636719 0.00234375 0.04349700
v -0.00613281 0.00000000 0.04353606
v -0.00636719 0.00234375 0.04349700
v -0.00449219 0.00000000 0.03806731
v -0.00449219 0.00000000 0.03806731
v -0.00636719 0.00234375 0.04349700
v -0.00472656 0.00234375 0.03798919
v -0.00449219 0.00000000 0.03806731
v -0.00472656 0.00234375 0.03798919
v -0.00253906 0.00000000 0.03267669
v -0.00277344 0.00234375 0.03259856
v -0.00253906 0.00000000 0.03267669
v -0.00277344 0.00234375 0.03259856
v -0.00027344 0.00000000 0.02744231
v -0.00050781 0.00234375 0.02736419
v -0.00027344 0.00000000 0.02744231
v -0.00050781 0.00234375 0.02736419
v 0.00230469 0.00000000 0.02232513
v 0.00207031 0.00234375 0.02224700
v 0.00230469 0.00000000 0.02232513
v 0.00207031 0.00234375 0.02224700
v 0.00519531 0.00000000 0.01740325
v 0.00519531 0.00000000 0.01740325
v 0.00207031 0.00234375 0.02224700
v 0.00496094 0.00234375 0.01728606
v 0.00519531 0.00000000 0.01740325
v 0.00496094 0.00234375 0.01728606
v 0.00832031 0.00000000 0.01263762
v 0.00832031 0.00000000 0.01263762
v 0.00496094 0.00234375 0.01728606
v 0.00816406 0.00234375 0.01252044
v 0.00832031 0.00000000 0.01263762
v 0.00816406 0.00234375 0.01252044
v 0.01175781 0.00000000 0.00806731
v 0.01175781 0.00000000 0.00806731
v 0.00816406 0.00234375 0.01252044
v 0.01160156 0.00234375 0.00791106
v 0.01175781 0.00000000 0.00806731
v 0.01160156 0.00234375 0.00791106
v 0.01550781 0.00000000 0.00369231
v 0.01550781 0.00000000 0.00369231
v 0.01160156 0.00234375 0.00791106
v 0.01535156 0.00234375 0.00357513
v 0.01550781 0.00000000 0.00369231
v 0.01535156 0.00234375 0.00357513
v 0.01949219 0.00000000 -0.00040925
v 0.01949219 0.00000000 -0.00040925
v 0.01535156 0.00234375 0.00357513
v 0.01933594 0.00234375 -0.00056550
v 0.01949219 0.00000000 -0.00040925
v 0.01933594 0.00234375 -0.00056550
v 0.02363281 0.00000000 -0.00431550
v 0.02363281 0.00000000 -0.00431550
v 0.01933594 0.00234375 -0.00056550
v 0.02355469 0.00234375 -0.00447175
v 0.02363281 0.00000000 -0.00431550
v 0.02355469 0.00234375 -0.00447175
v 0.02808594 0.00000000 -0.00790925
v 0.02808594 0.00000000 -0.00790925
v 0.02355469 0.00234375 -0.00447175
v 0.02792969 0.00234375 -0.00810456
v 0.02808594 0.00000000 -0.00790925
v 0.02792969 0.00234375 -0.00810456
v 0.03269531 0.00000000 -0.01126863
v 0.03269531 0.00000000 -0.01126863
v 0.02792969 0.00234375 -0.00810456
v 0.03261719 0.00234375 -0.01146394
v 0.03269531 0.00000000 -0.01126863
v 0.03261719 0.00234375 -0.01146394
v 0.03753906 0.00000000 -0.01435456
v 0.03746094 0.00234375 -0.01454988
v 0.03753906 0.00000000 -0.01435456
v 0.03746094 0.00234375 -0.01454988
v 0.04253906 0.00000000 -0.01716706
v 0.04253906 0.00000000 -0.01716706
v 0.03746094 0.00234375 -0.01454988
v 0.04246094 0.00234375 -0.01732331
v 0.04253906 0.00000000 -0.01716706
v 0.04246094 0.00234375 -0.01732331
v 0.04769531 0.00000000 -0.01962800
v 0.04769531 0.00000000 -0.01962800
v 0.04246094 0.00234375 -0.01732331
v 0.04761719 0.00234375 -0.01982331
v 0.04769531 0.00000000 -0.01962800
v 0.04761719 0.00234375 -0.01982331
v 0.05300781 0.00000000 -0.02181550
v 0.05292969 0.00234375 -0.02201081
v 0.05300781 0.00000000 -0.02181550
v 0.05292969 0.00234375 -0.02201081
v 0.05839844 0.00000000 -0.02365144
v 0.05839844 0.00000000 -0.02365144
v 0.05292969 0.00234375 -0.02201081
v 0.05832031 0.00234375 -0.02388581
v 0.05839844 0.00000000 -0.02365144
v 0.05832031 0.00234375 -0.02388581
v 0.06386719 0.00000000 -0.02521394
v 0.06386719 0.00000000 -0.02521394
v 0.05832031 0.00234375 -0.02388581
v 0.06386719 0.00234375 -0.02540925
v 0.06386719 0.00000000 -0.02521394
v 0.06386719 0.00234375 -0.02540925
v 0.06949219 0.00000000 -0.02638581
v 0.06949219 0.00000000 -0.02638581
v 0.06386719 0.00234375 -0.02540925
v 0.06941407 0.00234375 -0.02662019
v 0.06949219 0.00000000 -0.02638581
v 0.06941407 0.00234375 -0.02662019
v 0.07511719 0.00000000 -0.02728425
v 0.07511719 0.00000000 -0.02728425
v 0.06941407 0.00234375 -0.02662019
v 0.07511719 0.00234375 -0.02747956
v -0.00613281 0.00000000 0.04353606
v -0.00449219 0.00000000 0.03806731
v -0.00472656 -0.00226563 0.03798919
v -0.00472656 -0.00226563 0.03798919
v -0.00449219 0.00000000 0.03806731
v -0.00277344 -0.00226563 0.03259856
v -0.00472656 -0.00226563 0.03798919
v -0.00277344 -0.00226563 0.03259856
v -0.00332031 -0.00453125 0.03236419
v -0.00332031 -0.00453125 0.03236419
v -0.00277344 -0.00226563 0.03259856
v -0.00105469 -0.00453125 0.02709075
v -0.00332031 -0.00453125 0.03236419
v -0.00105469 -0.00453125 0.02709075
v -0.00199219 -0.00656250 0.02662200
v -0.00199219 -0.00656250 0.02662200
v -0.00105469 -0.00453125 0.02709075
v 0.00066406 -0.00656250 0.02142669
v -0.00199219 -0.00656250 0.02662200
v 0.00066406 -0.00656250 0.02142669
v -0.00058594 -0.00843750 0.02076263
v -0.00058594 -0.00843750 0.02076263
v 0.00066406 -0.00656250 0.02142669
v 0.00238281 -0.00843750 0.01564544
v -0.00058594 -0.00843750 0.02076263
v 0.00238281 -0.00843750 0.01564544
v 0.00097656 -0.00992188 0.01474700
v 0.00097656 -0.00992188 0.01474700
v 0.00238281 -0.00843750 0.01564544
v 0.00425781 -0.00992188 0.00974700
v 0.00097656 -0.00992188 0.01474700
v 0.00425781 -0.00992188 0.00974700
v 0.00269531 -0.01117187 0.00861419
v 0.00269531 -0.01117187 0.00861419
v 0.00425781 -0.00992188 0.00974700
v 0.00636719 -0.01117187 0.00373138
v 0.00269531 -0.01117187 0.00861419
v 0.00636719 -0.01117187 0.00373138
v 0.00472656 -0.01203125 0.00236419
v 0.00472656 -0.01203125 0.00236419
v 0.00636719 -0.01117187 0.00373138
v 0.00878906 -0.01203125 -0.00240144
v 0.00878906 -0.01203125 -0.00240144
v 0.00707031 -0.01242187 -0.00388581
v 0.00878906 -0.01203125 -0.00240144
v 0.01152344 -0.01242187 -0.00853425
v 0.01152344 -0.01242187 -0.00853425
v 0.01472656 -0.01242187 -0.01458894
v 0.00988281 -0.01242187 -0.01017488
v 0.01472656 -0.01242187 -0.01458894
v 0.01324219 -0.01203125 -0.01630769
v 0.01832031 -0.01203125 -0.02052644
v 0.01324219 -0.01203125 -0.01630769
v 0.01832031 -0.01203125 -0.02052644
v 0.01707031 -0.01117187 -0.02224519
v 0.01707031 -0.01117187 -0.02224519
v 0.01832031 -0.01203125 -0.02052644
v 0.02253906 -0.01117187 -0.02622956
v 0.01707031 -0.01117187 -0.02224519
v 0.02253906 -0.01117187 -0.02622956
v 0.02144531 -0.00992188 -0.02783113
v 0.02144531 -0.00992188 -0.02783113
v 0.02253906 -0.01117187 -0.02622956
v 0.02722656 -0.00992188 -0.03154206
v 0.02144531 -0.00992188 -0.02783113
v 0.02722656 -0.00992188 -0.03154206
v 0.02636719 -0.00843750 -0.03302643
v 0.02636719 -0.00843750 -0.03302643
v 0.02722656 -0.00992188 -0.03154206
v 0.03253906 -0.00843750 -0.03642487
v 0.02636719 -0.00843750 -0.03302643
v 0.03253906 -0.00843750 -0.03642487
v 0.03183594 -0.00656250 -0.03767487
v 0.03183594 -0.00656250 -0.03767487
v 0.03253906 -0.00843750 -0.03642487
v 0.03824219 -0.00656250 -0.04076081
v 0.03824219 -0.00656250 -0.04076081
v 0.03785156 -0.00453125 -0.04169831
v 0.03824219 -0.00656250 -0.04076081
v 0.04449219 -0.00453125 -0.04439362
v 0.03785156 -0.00453125 -0.04169831
v 0.04449219 -0.00453125 -0.04439362
v 0.04425781 -0.00226563 -0.04501862
v 0.04425781 -0.00226563 -0.04501862
v 0.04449219 -0.00453125 -0.04439362
v 0.05105469 -0.00226563 -0.04732331
v 0.04425781 -0.00226563 -0.04501862
v 0.05105469 -0.00226563 -0.04732331
v 0.05097656 0.00000000 -0.04755768
v 0.05097656 0.00000000 -0.04755768
v 0.05105469 -0.00226563 -0.04732331
v 0.05792969 0.00000000 -0.04947175
v 0.05097656 0.00000000 -0.04755768
v 0.05792969 0.00000000 -0.04947175
v 0.05792969 0.00234375 -0.04927643
v 0.05792969 0.00234375 -0.04927643
v 0.05792969 0.00000000 -0.04947175
v 0.06496094 0.00234375 -0.05076081
v 0.05792969 0.00234375 -0.04927643
v 0.06496094 0.00234375 -0.05076081
v 0.06511719 0.00453125 -0.05017487
v 0.06511719 0.00453125 -0.05017487
v 0.06496094 0.00234375 -0.05076081
v 0.07214844 0.00453125 -0.05122956
v 0.07214844 0.00453125 -0.05122956
v -0.00253906 0.00000000 0.03267669
v -0.00277344 -0.00226563 0.03259856
v -0.00253906 0.00000000 0.03267669
v -0.00050781 -0.00226563 0.02736419
v -0.00277344 -0.00226563 0.03259856
v -0.00050781 -0.00226563 0.02736419
v -0.00105469 -0.00453125 0.02709075
v -0.00105469 -0.00453125 0.02709075
v -0.00050781 -0.00226563 0.02736419
v 0.00152344 -0.00453125 0.02193450
v -0.00105469 -0.00453125 0.02709075
v 0.00152344 -0.00453125 0.02193450
v 0.00066406 -0.00656250 0.02142669
v 0.00066406 -0.00656250 0.02142669
v 0.00152344 -0.00453125 0.02193450
v 0.00355469 -0.00656250 0.01638763
v 0.00066406 -0.00656250 0.02142669
v 0.00355469 -0.00656250 0.01638763
v 0.00238281 -0.00843750 0.01564544
v 0.00238281 -0.00843750 0.01564544
v 0.00355469 -0.00656250 0.01638763
v 0.00566406 -0.00843750 0.01072356
v 0.00238281 -0.00843750 0.01564544
v 0.00566406 -0.00843750 0.01072356
v 0.00425781 -0.00992188 0.00974700
v 0.00425781 -0.00992188 0.00974700
v 0.00566406 -0.00843750 0.01072356
v 0.00792969 -0.00992188 0.00494231
v 0.00425781 -0.00992188 0.00974700
v 0.00792969 -0.00992188 0.00494231
v 0.00636719 -0.01117187 0.00373138
v 0.00636719 -0.01117187 0.00373138
v 0.00792969 -0.00992188 0.00494231
v 0.01035156 -0.01117187 -0.00095613
v 0.00636719 -0.01117187 0.00373138
v 0.01035156 -0.01117187 -0.00095613
v 0.00878906 -0.01203125 -0.00240144
v 0.00878906 -0.01203125 -0.00240144
v 0.01035156 -0.01117187 -0.00095613
v 0.01308594 -0.01203125 -0.00689363
v 0.01308594 -0.01203125 -0.00689363
v 0.01621094 -0.01242187 -0.01287019
v 0.01621094 -0.01242187 -0.01287019
v 0.01972656 -0.01242187 -0.01872956
v 0.01972656 -0.01242187 -0.01872956
v 0.01832031 -0.01203125 -0.02052644
v 0.01972656 -0.01242187 -0.01872956
v 0.02378906 -0.01203125 -0.02443269
v 0.01832031 -0.01203125 -0.02052644
v 0.02378906 -0.01203125 -0.02443269
v 0.02253906 -0.01117187 -0.02622956
v 0.02253906 -0.01117187 -0.02622956
v 0.02378906 -0.01203125 -0.02443269
v 0.02824219 -0.01117187 -0.02986238
v 0.02253906 -0.01117187 -0.02622956
v 0.02824219 -0.01117187 -0.02986238
v 0.02722656 -0.00992188 -0.03154206
v 0.02722656 -0.00992188 -0.03154206
v 0.02824219 -0.01117187 -0.02986238
v 0.03332031 -0.00992188 -0.03494050
v 0.02722656 -0.00992188 -0.03154206
v 0.03332031 -0.00992188 -0.03494050
v 0.03253906 -0.00843750 -0.03642487
v 0.03253906 -0.00843750 -0.03642487
v 0.03332031 -0.00992188 -0.03494050
v 0.03878906 -0.00843750 -0.03947175
v 0.03253906 -0.00843750 -0.03642487
v 0.03878906 -0.00843750 -0.03947175
v 0.03824219 -0.00656250 -0.04076081
v 0.03824219 -0.00656250 -0.04076081
v 0.03878906 -0.00843750 -0.03947175
v 0.04480469 -0.00656250 -0.04345612
v 0.03824219 -0.00656250 -0.04076081
v 0.04480469 -0.00656250 -0.04345612
v 0.04449219 -0.00453125 -0.04439362
v 0.04449219 -0.00453125 -0.04439362
v 0.04480469 -0.00656250 -0.04345612
v 0.05121094 -0.00453125 -0.04673737
v 0.04449219 -0.00453125 -0.04439362
v 0.05121094 -0.00453125 -0.04673737
v 0.05105469 -0.00226563 -0.04732331
v 0.05105469 -0.00226563 -0.04732331
v 0.05121094 -0.00453125 -0.04673737
v 0.05792969 -0.00226563 -0.04927643
v 0.05105469 -0.00226563 -0.04732331
v 0.05792969 -0.00226563 -0.04927643
v 0.05792969 0.00000000 -0.04947175
v 0.05792969 0.00000000 -0.04947175
v 0.05792969 -0.00226563 -0.04927643
v 0.06496094 0.00000000 -0.05099518
v 0.05792969 0.00000000 -0.04947175
v 0.06496094 0.00000000 -0.05099518
v 0.06496094 0.00234375 -0.05076081
v 0.06496094 0.00234375 -0.05076081
v 0.06496094 0.00000000 -0.05099518
v 0.07207032 0.00234375 -0.05185456
v 0.06496094 0.00234375 -0.05076081
v 0.07207032 0.00234375 -0.05185456
v 0.07214844 0.00453125 -0.05122956
v -0.00027344 0.00000000 0.02744231
v -0.00050781 -0.00226563 0.02736419
v -0.00027344 0.00000000 0.02744231
v 0.00207031 -0.00226563 0.02224700
v -0.00050781 -0.00226563 0.02736419
v 0.00207031 -0.00226563 0.02224700
v 0.00152344 -0.00453125 0.02193450
v 0.00152344 -0.00453125 0.02193450
v 0.00207031 -0.00226563 0.02224700
v 0.00449219 -0.00453125 0.01693450
v 0.00152344 -0.00453125 0.02193450
v 0.00449219 -0.00453125 0.01693450
v 0.00355469 -0.00656250 0.01638763
v 0.00355469 -0.00656250 0.01638763
v 0.00449219 -0.00453125 0.01693450
v 0.00683594 -0.00656250 0.01154387
v 0.00355469 -0.00656250 0.01638763
v 0.00683594 -0.00656250 0.01154387
v 0.00566406 -0.00843750 0.01072356
v 0.00566406 -0.00843750 0.01072356
v 0.00683594 -0.00656250 0.01154387
v 0.00925781 -0.00843750 0.00603606
v 0.00925781 -0.00843750 0.00603606
v 0.00792969 -0.00992188 0.00494231
v 0.00925781 -0.00843750 0.00603606
v 0.01183594 -0.00992188 0.00037200
v 0.00792969 -0.00992188 0.00494231
v 0.01183594 -0.00992188 0.00037200
v 0.01035156 -0.01117187 -0.00095613
v 0.01035156 -0.01117187 -0.00095613
v 0.01183594 -0.00992188 0.00037200
v 0.01457031 -0.01117187 -0.00537019
v 0.01457031 -0.01117187 -0.00537019
v 0.01308594 -0.01203125 -0.00689363
v 0.01457031 -0.01117187 -0.00537019
v 0.01769531 -0.01203125 -0.01115144
v 0.01769531 -0.01203125 -0.01115144
v 0.01621094 -0.01242187 -0.01287019
v 0.01769531 -0.01203125 -0.01115144
v 0.02113281 -0.01242187 -0.01689363
v 0.02113281 -0.01242187 -0.01689363
v 0.02503906 -0.01242187 -0.02255769
v 0.02503906 -0.01242187 -0.02255769
v 0.02378906 -0.01203125 -0.02443269
v 0.02503906 -0.01242187 -0.02255769
v 0.02933594 -0.01203125 -0.02802644
v 0.02933594 -0.01203125 -0.02802644
v 0.02824219 -0.01117187 -0.02986238
v 0.02933594 -0.01203125 -0.02802644
v 0.03417969 -0.01117187 -0.03318268
v 0.03417969 -0.01117187 -0.03318268
v 0.03332031 -0.00992188 -0.03494050
v 0.03417969 -0.01117187 -0.03318268
v 0.03949219 -0.00992188 -0.03790925
v 0.03332031 -0.00992188 -0.03494050
v 0.03949219 -0.00992188 -0.03790925
v 0.03878906 -0.00843750 -0.03947175
v 0.03878906 -0.00843750 -0.03947175
v 0.03949219 -0.00992188 -0.03790925
v 0.04527344 -0.00843750 -0.04216706
v 0.03878906 -0.00843750 -0.03947175
v 0.04527344 -0.00843750 -0.04216706
v 0.04480469 -0.00656250 -0.04345612
v 0.04480469 -0.00656250 -0.04345612
v 0.04527344 -0.00843750 -0.04216706
v 0.05152344 -0.00656250 -0.04576081
v 0.04480469 -0.00656250 -0.04345612
v 0.05152344 -0.00656250 -0.04576081
v 0.05121094 -0.00453125 -0.04673737
v 0.05121094 -0.00453125 -0.04673737
v 0.05152344 -0.00656250 -0.04576081
v 0.05808594 -0.00453125 -0.04865143
v 0.05121094 -0.00453125 -0.04673737
v 0.05808594 -0.00453125 -0.04865143
v 0.05792969 -0.00226563 -0.04927643
v 0.05792969 -0.00226563 -0.04927643
v 0.05808594 -0.00453125 -0.04865143
v 0.06496094 -0.00226563 -0.05076081
v 0.05792969 -0.00226563 -0.04927643
v 0.06496094 -0.00226563 -0.05076081
v 0.06496094 0.00000000 -0.05099518
v 0.06496094 0.00000000 -0.05099518
v 0.06496094 -0.00226563 -0.05076081
v 0.07207032 0.00000000 -0.05208893
v 0.07207032 0.00000000 -0.05208893
v 0.00230469 0.00000000 0.02232513
v 0.00207031 -0.00226563 0.02224700
v 0.00230469 0.00000000 0.02232513
v 0.00496094 -0.00226563 0.01728606
v 0.00207031 -0.00226563 0.02224700
v 0.00496094 -0.00226563 0.01728606
v 0.00449219 -0.00453125 0.01693450
v 0.00449219 -0.00453125 0.01693450
v 0.00496094 -0.00226563 0.01728606
v 0.00761719 -0.00453125 0.01212981
v 0.00449219 -0.00453125 0.01693450
v 0.00761719 -0.00453125 0.01212981
v 0.00683594 -0.00656250 0.01154387
v 0.00683594 -0.00656250 0.01154387
v 0.00761719 -0.00453125 0.01212981
v 0.01035156 -0.00656250 0.00689544
v 0.00683594 -0.00656250 0.01154387
v 0.01035156 -0.00656250 0.00689544
v 0.00925781 -0.00843750 0.00603606
v 0.00925781 -0.00843750 0.00603606
v 0.01035156 -0.00656250 0.00689544
v 0.01308594 -0.00843750 0.00150481
v 0.00925781 -0.00843750 0.00603606
v 0.01308594 -0.00843750 0.00150481
v 0.01183594 -0.00992188 0.00037200
v 0.01183594 -0.00992188 0.00037200
v 0.01308594 -0.00843750 0.00150481
v 0.01597656 -0.00992188 -0.00396394
v 0.01597656 -0.00992188 -0.00396394
v 0.01457031 -0.01117187 -0.00537019
v 0.01597656 -0.00992188 -0.00396394
v 0.01910156 -0.01117187 -0.00951081
v 0.01457031 -0.01117187 -0.00537019
v 0.01910156 -0.01117187 -0.00951081
v 0.01769531 -0.01203125 -0.01115144
v 0.01769531 -0.01203125 -0.01115144
v 0.01910156 -0.01117187 -0.00951081
v 0.02253906 -0.01203125 -0.01509675
v 0.02253906 -0.01203125 -0.01509675
v 0.02113281 -0.01242187 -0.01689363
v 0.02253906 -0.01203125 -0.01509675
v 0.02636719 -0.01242187 -0.02068269
v 0.02636719 -0.01242187 -0.02068269
v 0.03050781 -0.01242187 -0.02607331
v 0.03050781 -0.01242187 -0.02607331
v 0.02933594 -0.01203125 -0.02802644
v 0.03050781 -0.01242187 -0.02607331
v 0.03519531 -0.01203125 -0.03126863
v 0.02933594 -0.01203125 -0.02802644
v 0.03519531 -0.01203125 -0.03126863
v 0.03417969 -0.01117187 -0.03318268
v 0.03417969 -0.01117187 -0.03318268
v 0.03519531 -0.01203125 -0.03126863
v 0.04035156 -0.01117187 -0.03615143
v 0.04035156 -0.01117187 -0.03615143
v 0.03949219 -0.00992188 -0.03790925
v 0.04035156 -0.01117187 -0.03615143
v 0.04589844 -0.00992188 -0.04056550
v 0.04589844 -0.00992188 -0.04056550
v 0.04527344 -0.00843750 -0.04216706
v 0.04589844 -0.00992188 -0.04056550
v 0.05191406 -0.00843750 -0.04443268
v 0.05191406 -0.00843750 -0.04443268
v 0.05152344 -0.00656250 -0.04576081
v 0.05191406 -0.00843750 -0.04443268
v 0.05839844 -0.00656250 -0.04763581
v 0.05152344 -0.00656250 -0.04576081
v 0.05839844 -0.00656250 -0.04763581
v 0.05808594 -0.00453125 -0.04865143
v 0.05808594 -0.00453125 -0.04865143
v 0.05839844 -0.00656250 -0.04763581
v 0.06511719 -0.00453125 -0.05017487
v 0.05808594 -0.00453125 -0.04865143
v 0.06511719 -0.00453125 -0.05017487
v 0.06496094 -0.00226563 -0.05076081
v 0.06496094 -0.00226563 -0.05076081
v 0.06511719 -0.00453125 -0.05017487
v 0.07207032 -0.00226563 -0.05185456
v 0.07207032 -0.00226563 -0.05185456
v 0.00519531 0.00000000 0.01740325
v 0.00496094 -0.00226563 0.01728606
v 0.00519531 0.00000000 0.01740325
v 0.00816406 -0.00226563 0.01252044
v 0.00496094 -0.00226563 0.01728606
v 0.00816406 -0.00226563 0.01252044
v 0.00761719 -0.00453125 0.01212981
v 0.00761719 -0.00453125 0.01212981
v 0.00816406 -0.00226563 0.01252044
v 0.01113281 -0.00453125 0.00752044
v 0.00761719 -0.00453125 0.01212981
v 0.01113281 -0.00453125 0.00752044
v 0.01035156 -0.00656250 0.00689544
v 0.01035156 -0.00656250 0.00689544
v 0.01113281 -0.00453125 0.00752044
v 0.01410156 -0.00656250 0.00244231
v 0.01035156 -0.00656250 0.00689544
v 0.01410156 -0.00656250 0.00244231
v 0.01308594 -0.00843750 0.00150481
v 0.01308594 -0.00843750 0.00150481
v 0.01410156 -0.00656250 0.00244231
v 0.01714844 -0.00843750 -0.00275300
v 0.01714844 -0.00843750 -0.00275300
v 0.01597656 -0.00992188 -0.00396394
v 0.01714844 -0.00843750 -0.00275300
v 0.02042969 -0.00992188 -0.00802644
v 0.02042969 -0.00992188 -0.00802644
v 0.01910156 -0.01117187 -0.00951081
v 0.02042969 -0.00992188 -0.00802644
v 0.02386719 -0.01117187 -0.01341706
v 0.01910156 -0.01117187 -0.00951081
v 0.02386719 -0.01117187 -0.01341706
v 0.02253906 -0.01203125 -0.01509675
v 0.02253906 -0.01203125 -0.01509675
v 0.02386719 -0.01117187 -0.01341706
v 0.02761719 -0.01203125 -0.01880769
v 0.02761719 -0.01203125 -0.01880769
v 0.02636719 -0.01242187 -0.02068269
v 0.02761719 -0.01203125 -0.01880769
v 0.03167969 -0.01242187 -0.02412019
v 0.03167969 -0.01242187 -0.02412019
v 0.03621094 -0.01242187 -0.02927644
v 0.03621094 -0.01242187 -0.02927644
v 0.03519531 -0.01203125 -0.03126863
v 0.03621094 -0.01242187 -0.02927644
v 0.04121094 -0.01203125 -0.03415925
v 0.04121094 -0.01203125 -0.03415925
v 0.04035156 -0.01117187 -0.03615143
v 0.04121094 -0.01203125 -0.03415925
v 0.04660156 -0.01117187 -0.03872956
v 0.04035156 -0.01117187 -0.03615143
v 0.04660156 -0.01117187 -0.03872956
v 0.04589844 -0.00992188 -0.04056550
v 0.04589844 -0.00992188 -0.04056550
v 0.04660156 -0.01117187 -0.03872956
v 0.05246094 -0.00992188 -0.04279206
v 0.05246094 -0.00992188 -0.04279206
v 0.05191406 -0.00843750 -0.04443268
v 0.05246094 -0.00992188 -0.04279206
v 0.05871094 -0.00843750 -0.04630768
v 0.05191406 -0.00843750 -0.04443268
v 0.05871094 -0.00843750 -0.04630768
v 0.05839844 -0.00656250 -0.04763581
v 0.05839844 -0.00656250 -0.04763581
v 0.05871094 -0.00843750 -0.04630768
v 0.06527344 -0.00656250 -0.04915925
v 0.05839844 -0.00656250 -0.04763581
v 0.06527344 -0.00656250 -0.04915925
v 0.06511719 -0.00453125 -0.05017487
v 0.06511719 -0.00453125 -0.05017487
v 0.06527344 -0.00656250 -0.04915925
v 0.07214844 -0.00453125 -0.05122956
v 0.06511719 -0.00453125 -0.05017487
v 0.07214844 -0.00453125 -0.05122956
v 0.07207032 -0.00226563 -0.05185456
v 0.00519531 0.00000000 0.01740325
v 0.00832031 0.00000000 0.01263762
v 0.00816406 -0.00226563 0.01252044
v 0.00816406 -0.00226563 0.01252044
v 0.00832031 0.00000000 0.01263762
v 0.01160156 -0.00226563 0.00791106
v 0.00816406 -0.00226563 0.01252044
v 0.01160156 -0.00226563 0.00791106
v 0.01113281 -0.00453125 0.00752044
v 0.01113281 -0.00453125 0.00752044
v 0.01160156 -0.00226563 0.00791106
v 0.01488281 -0.00453125 0.00314544
v 0.01113281 -0.00453125 0.00752044
v 0.01488281 -0.00453125 0.00314544
v 0.01410156 -0.00656250 0.00244231
v 0.01410156 -0.00656250 0.00244231
v 0.01488281 -0.00453125 0.00314544
v 0.01816406 -0.00656250 -0.00173738
v 0.01410156 -0.00656250 0.00244231
v 0.01816406 -0.00656250 -0.00173738
v 0.01714844 -0.00843750 -0.00275300
v 0.01714844 -0.00843750 -0.00275300
v 0.01816406 -0.00656250 -0.00173738
v 0.02152344 -0.00843750 -0.00677644
v 0.02152344 -0.00843750 -0.00677644
v 0.02042969 -0.00992188 -0.00802644
v 0.02152344 -0.00843750 -0.00677644
v 0.02503906 -0.00992188 -0.01185456
v 0.02042969 -0.00992188 -0.00802644
v 0.02503906 -0.00992188 -0.01185456
v 0.02386719 -0.01117187 -0.01341706
v 0.02386719 -0.01117187 -0.01341706
v 0.02503906 -0.00992188 -0.01185456
v 0.02878906 -0.01117187 -0.01701081
v 0.02878906 -0.01117187 -0.01701081
v 0.02761719 -0.01203125 -0.01880769
v 0.02878906 -0.01117187 -0.01701081
v 0.03285156 -0.01203125 -0.02216706
v 0.03285156 -0.01203125 -0.02216706
v 0.03167969 -0.01242187 -0.02412019
v 0.03285156 -0.01203125 -0.02216706
v 0.03730469 -0.01242187 -0.02720613
v 0.03730469 -0.01242187 -0.02720613
v 0.04214844 -0.01242187 -0.03208893
v 0.03621094 -0.01242187 -0.02927644
v 0.04214844 -0.01242187 -0.03208893
v 0.04121094 -0.01203125 -0.03415925
v 0.04121094 -0.01203125 -0.03415925
v 0.04214844 -0.01242187 -0.03208893
v 0.04738281 -0.01203125 -0.03669831
v 0.04738281 -0.01203125 -0.03669831
v 0.04660156 -0.01117187 -0.03872956
v 0.04738281 -0.01203125 -0.03669831
v 0.05300781 -0.01117187 -0.04091706
v 0.05300781 -0.01117187 -0.04091706
v 0.05246094 -0.00992188 -0.04279206
v 0.05300781 -0.01117187 -0.04091706
v 0.05910156 -0.00992188 -0.04466706
v 0.05246094 -0.00992188 -0.04279206
v 0.05910156 -0.00992188 -0.04466706
v 0.05871094 -0.00843750 -0.04630768
v 0.05871094 -0.00843750 -0.04630768
v 0.05910156 -0.00992188 -0.04466706
v 0.06558594 -0.00843750 -0.04779206
v 0.05871094 -0.00843750 -0.04630768
v 0.06558594 -0.00843750 -0.04779206
v 0.06527344 -0.00656250 -0.04915925
v 0.06527344 -0.00656250 -0.04915925
v 0.06558594 -0.00843750 -0.04779206
v 0.07230469 -0.00656250 -0.05021393
v 0.07230469 -0.00656250 -0.05021393
v 0.00832031 0.00000000 0.01263762
v 0.01175781 0.00000000 0.00806731
v 0.01160156 -0.00226563 0.00791106
v 0.01160156 -0.00226563 0.00791106
v 0.01175781 0.00000000 0.00806731
v 0.01535156 -0.00226563 0.00357513
v 0.01160156 -0.00226563 0.00791106
v 0.01535156 -0.00226563 0.00357513
v 0.01488281 -0.00453125 0.00314544
v 0.01488281 -0.00453125 0.00314544
v 0.01535156 -0.00226563 0.00357513
v 0.01886719 -0.00453125 -0.00103425
v 0.01488281 -0.00453125 0.00314544
v 0.01886719 -0.00453125 -0.00103425
v 0.01816406 -0.00656250 -0.00173738
v 0.01816406 -0.00656250 -0.00173738
v 0.01886719 -0.00453125 -0.00103425
v 0.02246094 -0.00656250 -0.00572175
v 0.01816406 -0.00656250 -0.00173738
v 0.02246094 -0.00656250 -0.00572175
v 0.02152344 -0.00843750 -0.00677644
v 0.02152344 -0.00843750 -0.00677644
v 0.02246094 -0.00656250 -0.00572175
v 0.02605469 -0.00843750 -0.01052644
v 0.02152344 -0.00843750 -0.00677644
v 0.02605469 -0.00843750 -0.01052644
v 0.02503906 -0.00992188 -0.01185456
v 0.02503906 -0.00992188 -0.01185456
v 0.02605469 -0.00843750 -0.01052644
v 0.02988281 -0.00992188 -0.01540925
v 0.02988281 -0.00992188 -0.01540925
v 0.02878906 -0.01117187 -0.01701081
v 0.02988281 -0.00992188 -0.01540925
v 0.03394531 -0.01117187 -0.02029206
v 0.03394531 -0.01117187 -0.02029206
v 0.03285156 -0.01203125 -0.02216706
v 0.03394531 -0.01117187 -0.02029206
v 0.03832031 -0.01203125 -0.02521394
v 0.03832031 -0.01203125 -0.02521394
v 0.03730469 -0.01242187 -0.02720613
v 0.03832031 -0.01203125 -0.02521394
v 0.04308594 -0.01242187 -0.02997956
v 0.04308594 -0.01242187 -0.02997956
v 0.04816406 -0.01242187 -0.03458893
v 0.04214844 -0.01242187 -0.03208893
v 0.04816406 -0.01242187 -0.03458893
v 0.04738281 -0.01203125 -0.03669831
v 0.04816406 -0.01242187 -0.03458893
v 0.05363281 -0.01203125 -0.03888581
v 0.05363281 -0.01203125 -0.03888581
v 0.05300781 -0.01117187 -0.04091706
v 0.05363281 -0.01203125 -0.03888581
v 0.05957031 -0.01117187 -0.04275300
v 0.05300781 -0.01117187 -0.04091706
v 0.05957031 -0.01117187 -0.04275300
v 0.05910156 -0.00992188 -0.04466706
v 0.05910156 -0.00992188 -0.04466706
v 0.05957031 -0.01117187 -0.04275300
v 0.06582032 -0.00992188 -0.04611237
v 0.05910156 -0.00992188 -0.04466706
v 0.06582032 -0.00992188 -0.04611237
v 0.06558594 -0.00843750 -0.04779206
v 0.06558594 -0.00843750 -0.04779206
v 0.06582032 -0.00992188 -0.04611237
v 0.07246094 -0.00843750 -0.04884675
v 0.06558594 -0.00843750 -0.04779206
v 0.07246094 -0.00843750 -0.04884675
v 0.07230469 -0.00656250 -0.05021393
v 0.01175781 0.00000000 0.00806731
v 0.01550781 0.00000000 0.00369231
v 0.01535156 -0.00226563 0.00357513
v 0.01535156 -0.00226563 0.00357513
v 0.01550781 0.00000000 0.00369231
v 0.01933594 -0.00226563 -0.00056550
v 0.01535156 -0.00226563 0.00357513
v 0.01933594 -0.00226563 -0.00056550
v 0.01886719 -0.00453125 -0.00103425
v 0.01886719 -0.00453125 -0.00103425
v 0.01933594 -0.00226563 -0.00056550
v 0.02308594 -0.00453125 -0.00494050
v 0.02308594 -0.00453125 -0.00494050
v 0.02246094 -0.00656250 -0.00572175
v 0.02308594 -0.00453125 -0.00494050
v 0.02691406 -0.00656250 -0.00939363
v 0.02246094 -0.00656250 -0.00572175
v 0.02691406 -0.00656250 -0.00939363
v 0.02605469 -0.00843750 -0.01052644
v 0.02605469 -0.00843750 -0.01052644
v 0.02691406 -0.00656250 -0.00939363
v 0.03089844 -0.00843750 -0.01396394
v 0.02605469 -0.00843750 -0.01052644
v 0.03089844 -0.00843750 -0.01396394
v 0.02988281 -0.00992188 -0.01540925
v 0.02988281 -0.00992188 -0.01540925
v 0.03089844 -0.00843750 -0.01396394
v 0.03496094 -0.00992188 -0.01861238
v 0.02988281 -0.00992188 -0.01540925
v 0.03496094 -0.00992188 -0.01861238
v 0.03394531 -0.01117187 -0.02029206
v 0.03394531 -0.01117187 -0.02029206
v 0.03496094 -0.00992188 -0.01861238
v 0.03933594 -0.01117187 -0.02329988
v 0.03933594 -0.01117187 -0.02329988
v 0.03832031 -0.01203125 -0.02521394
v 0.03933594 -0.01117187 -0.02329988
v 0.04394531 -0.01203125 -0.02790925
v 0.04394531 -0.01203125 -0.02790925
v 0.04894531 -0.01242187 -0.03244050
v 0.04894531 -0.01242187 -0.03244050
v 0.05433594 -0.01242187 -0.03669831
v 0.04816406 -0.01242187 -0.03458893
v 0.05433594 -0.01242187 -0.03669831
v 0.05363281 -0.01203125 -0.03888581
v 0.05363281 -0.01203125 -0.03888581
v 0.05433594 -0.01242187 -0.03669831
v 0.06011719 -0.01203125 -0.04064362
v 0.05363281 -0.01203125 -0.03888581
v 0.06011719 -0.01203125 -0.04064362
v 0.05957031 -0.01117187 -0.04275300
v 0.05957031 -0.01117187 -0.04275300
v 0.06011719 -0.01203125 -0.04064362
v 0.06621094 -0.01117187 -0.04415925
v 0.05957031 -0.01117187 -0.04275300
v 0.06621094 -0.01117187 -0.04415925
v 0.06582032 -0.00992188 -0.04611237
v 0.06582032 -0.00992188 -0.04611237
v 0.06621094 -0.01117187 -0.04415925
v 0.07269532 -0.00992188 -0.04716706
v 0.07269532 -0.00992188 -0.04716706
v 0.01550781 0.00000000 0.00369231
v 0.01949219 0.00000000 -0.00040925
v 0.01933594 -0.00226563 -0.00056550
v 0.01933594 -0.00226563 -0.00056550
v 0.01949219 0.00000000 -0.00040925
v 0.02355469 -0.00226563 -0.00447175
v 0.02355469 -0.00226563 -0.00447175
v 0.02308594 -0.00453125 -0.00494050
v 0.02355469 -0.00226563 -0.00447175
v 0.02753906 -0.00453125 -0.00861238
v 0.02753906 -0.00453125 -0.00861238
v 0.02691406 -0.00656250 -0.00939363
v 0.02753906 -0.00453125 -0.00861238
v 0.03167969 -0.00656250 -0.01283113
v 0.02691406 -0.00656250 -0.00939363
v 0.03167969 -0.00656250 -0.01283113
v 0.03089844 -0.00843750 -0.01396394
v 0.03089844 -0.00843750 -0.01396394
v 0.03167969 -0.00656250 -0.01283113
v 0.03589844 -0.00843750 -0.01716706
v 0.03089844 -0.00843750 -0.01396394
v 0.03589844 -0.00843750 -0.01716706
v 0.03496094 -0.00992188 -0.01861238
v 0.03496094 -0.00992188 -0.01861238
v 0.03589844 -0.00843750 -0.01716706
v 0.04027344 -0.00992188 -0.02154206
v 0.03496094 -0.00992188 -0.01861238
v 0.04027344 -0.00992188 -0.02154206
v 0.03933594 -0.01117187 -0.02329988
v 0.03933594 -0.01117187 -0.02329988
v 0.04027344 -0.00992188 -0.02154206
v 0.04488281 -0.01117187 -0.02595613
v 0.04488281 -0.01117187 -0.02595613
v 0.04394531 -0.01203125 -0.02790925
v 0.04488281 -0.01117187 -0.02595613
v 0.04980469 -0.01203125 -0.03029206
v 0.04394531 -0.01203125 -0.02790925
v 0.04980469 -0.01203125 -0.03029206
v 0.04894531 -0.01242187 -0.03244050
v 0.04894531 -0.01242187 -0.03244050
v 0.04980469 -0.01203125 -0.03029206
v 0.05503906 -0.01242187 -0.03451081
v 0.05503906 -0.01242187 -0.03451081
v 0.06066406 -0.01242187 -0.03845612
v 0.06066406 -0.01242187 -0.03845612
v 0.06011719 -0.01203125 -0.04064362
v 0.06011719 -0.01203125 -0.04064362
v 0.06066406 -0.01242187 -0.03845612
v 0.06660157 -0.01203125 -0.04204987
v 0.06660157 -0.01203125 -0.04204987
v 0.06621094 -0.01117187 -0.04415925
v 0.06660157 -0.01203125 -0.04204987
v 0.07292969 -0.01117187 -0.04521393
v 0.06621094 -0.01117187 -0.04415925
v 0.07292969 -0.01117187 -0.04521393
v 0.07269532 -0.00992188 -0.04716706
v 0.01949219 0.00000000 -0.00040925
v 0.02363281 0.00000000 -0.00431550
v 0.02355469 -0.00226563 -0.00447175
v 0.02355469 -0.00226563 -0.00447175
v 0.02363281 0.00000000 -0.00431550
v 0.02792969 -0.00226563 -0.00810456
v 0.02355469 -0.00226563 -0.00447175
v 0.02792969 -0.00226563 -0.00810456
v 0.02753906 -0.00453125 -0.00861238
v 0.02753906 -0.00453125 -0.00861238
v 0.02792969 -0.00226563 -0.00810456
v 0.03222656 -0.00453125 -0.01197175
v 0.02753906 -0.00453125 -0.00861238
v 0.03222656 -0.00453125 -0.01197175
v 0.03167969 -0.00656250 -0.01283113
v 0.03167969 -0.00656250 -0.01283113
v 0.03222656 -0.00453125 -0.01197175
v 0.03660156 -0.00656250 -0.01595613
v 0.03167969 -0.00656250 -0.01283113
v 0.03660156 -0.00656250 -0.01595613
v 0.03589844 -0.00843750 -0.01716706
v 0.03589844 -0.00843750 -0.01716706
v 0.03660156 -0.00656250 -0.01595613
v 0.04105469 -0.00843750 -0.02005769
v 0.03589844 -0.00843750 -0.01716706
v 0.04105469 -0.00843750 -0.02005769
v 0.04027344 -0.00992188 -0.02154206
v 0.04027344 -0.00992188 -0.02154206
v 0.04105469 -0.00843750 -0.02005769
v 0.04566406 -0.00992188 -0.02415925
v 0.04027344 -0.00992188 -0.02154206
v 0.04566406 -0.00992188 -0.02415925
v 0.04488281 -0.01117187 -0.02595613
v 0.04488281 -0.01117187 -0.02595613
v 0.04566406 -0.00992188 -0.02415925
v 0.05050781 -0.01117187 -0.02829988
v 0.04488281 -0.01117187 -0.02595613
v 0.05050781 -0.01117187 -0.02829988
v 0.04980469 -0.01203125 -0.03029206
v 0.04980469 -0.01203125 -0.03029206
v 0.05050781 -0.01117187 -0.02829988
v 0.05566406 -0.01203125 -0.03232331
v 0.04980469 -0.01203125 -0.03029206
v 0.05566406 -0.01203125 -0.03232331
v 0.05503906 -0.01242187 -0.03451081
v 0.05566406 -0.01203125 -0.03232331
v 0.06121094 -0.01242187 -0.03622956
v 0.06121094 -0.01242187 -0.03622956
v 0.06699219 -0.01242187 -0.03982331
v 0.06699219 -0.01242187 -0.03982331
v 0.06660157 -0.01203125 -0.04204987
v 0.06699219 -0.01242187 -0.03982331
v 0.07316407 -0.01203125 -0.04306550
v 0.02363281 0.00000000 -0.00431550
v 0.02808594 0.00000000 -0.00790925
v 0.02792969 -0.00226563 -0.00810456
v 0.02792969 -0.00226563 -0.00810456
v 0.02808594 0.00000000 -0.00790925
v 0.03261719 -0.00226563 -0.01146394
v 0.03261719 -0.00226563 -0.01146394
v 0.03222656 -0.00453125 -0.01197175
v 0.03261719 -0.00226563 -0.01146394
v 0.03707031 -0.00453125 -0.01509675
v 0.03222656 -0.00453125 -0.01197175
v 0.03707031 -0.00453125 -0.01509675
v 0.03660156 -0.00656250 -0.01595613
v 0.03660156 -0.00656250 -0.01595613
v 0.03707031 -0.00453125 -0.01509675
v 0.04167969 -0.00656250 -0.01880769
v 0.04167969 -0.00656250 -0.01880769
v 0.04105469 -0.00843750 -0.02005769
v 0.04167969 -0.00656250 -0.01880769
v 0.04636719 -0.00843750 -0.02259675
v 0.04105469 -0.00843750 -0.02005769
v 0.04636719 -0.00843750 -0.02259675
v 0.04566406 -0.00992188 -0.02415925
v 0.04566406 -0.00992188 -0.02415925
v 0.04636719 -0.00843750 -0.02259675
v 0.05121094 -0.00992188 -0.02646394
v 0.05121094 -0.00992188 -0.02646394
v 0.05050781 -0.01117187 -0.02829988
v 0.05121094 -0.00992188 -0.02646394
v 0.05636719 -0.01117187 -0.03029206
v 0.05050781 -0.01117187 -0.02829988
v 0.05636719 -0.01117187 -0.03029206
v 0.05566406 -0.01203125 -0.03232331
v 0.05566406 -0.01203125 -0.03232331
v 0.05636719 -0.01117187 -0.03029206
v 0.06175781 -0.01203125 -0.03400300
v 0.05566406 -0.01203125 -0.03232331
v 0.06175781 -0.01203125 -0.03400300
v 0.06121094 -0.01242187 -0.03622956
v 0.06121094 -0.01242187 -0.03622956
v 0.06175781 -0.01203125 -0.03400300
v 0.06746094 -0.01242187 -0.03755768
v 0.06746094 -0.01242187 -0.03755768
v 0.07347657 -0.01242187 -0.04079987
v 0.02808594 0.00000000 -0.00790925
v 0.03269531 0.00000000 -0.01126863
v 0.03261719 -0.00226563 -0.01146394
v 0.03261719 -0.00226563 -0.01146394
v 0.03269531 0.00000000 -0.01126863
v 0.03746094 -0.00226563 -0.01454988
v 0.03261719 -0.00226563 -0.01146394
v 0.03746094 -0.00226563 -0.01454988
v 0.03707031 -0.00453125 -0.01509675
v 0.03707031 -0.00453125 -0.01509675
v 0.03746094 -0.00226563 -0.01454988
v 0.04214844 -0.00453125 -0.01790925
v 0.03707031 -0.00453125 -0.01509675
v 0.04214844 -0.00453125 -0.01790925
v 0.04167969 -0.00656250 -0.01880769
v 0.04167969 -0.00656250 -0.01880769
v 0.04214844 -0.00453125 -0.01790925
v 0.04691406 -0.00656250 -0.02134675
v 0.04167969 -0.00656250 -0.01880769
v 0.04691406 -0.00656250 -0.02134675
v 0.04636719 -0.00843750 -0.02259675
v 0.04636719 -0.00843750 -0.02259675
v 0.04691406 -0.00656250 -0.02134675
v 0.05183594 -0.00843750 -0.02486238
v 0.05183594 -0.00843750 -0.02486238
v 0.05121094 -0.00992188 -0.02646394
v 0.05183594 -0.00843750 -0.02486238
v 0.05691406 -0.00992188 -0.02841706
v 0.05691406 -0.00992188 -0.02841706
v 0.05636719 -0.01117187 -0.03029206
v 0.05691406 -0.00992188 -0.02841706
v 0.06222656 -0.01117187 -0.03193269
v 0.06222656 -0.01117187 -0.03193269
v 0.06175781 -0.01203125 -0.03400300
v 0.06222656 -0.01117187 -0.03193269
v 0.06785157 -0.01203125 -0.03533112
v 0.06175781 -0.01203125 -0.03400300
v 0.06785157 -0.01203125 -0.03533112
v 0.06746094 -0.01242187 -0.03755768
v 0.06746094 -0.01242187 -0.03755768
v 0.06785157 -0.01203125 -0.03533112
v 0.07378907 -0.01242187 -0.03853425
v 0.07378907 -0.01242187 -0.03853425
v 0.03753906 0.00000000 -0.01435456
v 0.03746094 -0.00226563 -0.01454988
v 0.03753906 0.00000000 -0.01435456
v 0.04246094 -0.00226563 -0.01732331
v 0.03746094 -0.00226563 -0.01454988
v 0.04246094 -0.00226563 -0.01732331
v 0.04214844 -0.00453125 -0.01790925
v 0.04214844 -0.00453125 -0.01790925
v 0.04246094 -0.00226563 -0.01732331
v 0.04730469 -0.00453125 -0.02040925
v 0.04730469 -0.00453125 -0.02040925
v 0.04691406 -0.00656250 -0.02134675
v 0.04730469 -0.00453125 -0.02040925
v 0.05230469 -0.00656250 -0.02357331
v 0.05230469 -0.00656250 -0.02357331
v 0.05183594 -0.00843750 -0.02486238
v 0.05230469 -0.00656250 -0.02357331
v 0.05738281 -0.00843750 -0.02677644
v 0.05183594 -0.00843750 -0.02486238
v 0.05738281 -0.00843750 -0.02677644
v 0.05691406 -0.00992188 -0.02841706
v 0.05691406 -0.00992188 -0.02841706
v 0.05738281 -0.00843750 -0.02677644
v 0.06269531 -0.00992188 -0.03001863
v 0.05691406 -0.00992188 -0.02841706
v 0.06269531 -0.00992188 -0.03001863
v 0.06222656 -0.01117187 -0.03193269
v 0.06222656 -0.01117187 -0.03193269
v 0.06269531 -0.00992188 -0.03001863
v 0.06824219 -0.01117187 -0.03322175
v 0.06222656 -0.01117187 -0.03193269
v 0.06824219 -0.01117187 -0.03322175
v 0.06785157 -0.01203125 -0.03533112
v 0.06785157 -0.01203125 -0.03533112
v 0.06824219 -0.01117187 -0.03322175
v 0.07402344 -0.01203125 -0.03626862
v 0.07402344 -0.01203125 -0.03626862
v 0.03753906 0.00000000 -0.01435456
v 0.04253906 0.00000000 -0.01716706
v 0.04246094 -0.00226563 -0.01732331
v 0.04246094 -0.00226563 -0.01732331
v 0.04253906 0.00000000 -0.01716706
v 0.04761719 -0.00226563 -0.01982331
v 0.04761719 -0.00226563 -0.01982331
v 0.04730469 -0.00453125 -0.02040925
v 0.04761719 -0.00226563 -0.01982331
v 0.05269531 -0.00453125 -0.02259675
v 0.04730469 -0.00453125 -0.02040925
v 0.05269531 -0.00453125 -0.02259675
v 0.05230469 -0.00656250 -0.02357331
v 0.05230469 -0.00656250 -0.02357331
v 0.05269531 -0.00453125 -0.02259675
v 0.05785156 -0.00656250 -0.02544831
v 0.05230469 -0.00656250 -0.02357331
v 0.05785156 -0.00656250 -0.02544831
v 0.05738281 -0.00843750 -0.02677644
v 0.05738281 -0.00843750 -0.02677644
v 0.05785156 -0.00656250 -0.02544831
v 0.06308594 -0.00843750 -0.02837800
v 0.05738281 -0.00843750 -0.02677644
v 0.06308594 -0.00843750 -0.02837800
v 0.06269531 -0.00992188 -0.03001863
v 0.06269531 -0.00992188 -0.03001863
v 0.06308594 -0.00843750 -0.02837800
v 0.06855469 -0.00992188 -0.03126863
v 0.06269531 -0.00992188 -0.03001863
v 0.06855469 -0.00992188 -0.03126863
v 0.06824219 -0.01117187 -0.03322175
v 0.06824219 -0.01117187 -0.03322175
v 0.06855469 -0.00992188 -0.03126863
v 0.07425782 -0.01117187 -0.03415925
v 0.07425782 -0.01117187 -0.03415925
v 0.04253906 0.00000000 -0.01716706
v 0.04769531 0.00000000 -0.01962800
v 0.04761719 -0.00226563 -0.01982331
v 0.04761719 -0.00226563 -0.01982331
v 0.04769531 0.00000000 -0.01962800
v 0.05292969 -0.00226563 -0.02201081
v 0.04761719 -0.00226563 -0.01982331
v 0.05292969 -0.00226563 -0.02201081
v 0.05269531 -0.00453125 -0.02259675
v 0.05269531 -0.00453125 -0.02259675
v 0.05292969 -0.00226563 -0.02201081
v 0.05816406 -0.00453125 -0.02447175
v 0.05269531 -0.00453125 -0.02259675
v 0.05816406 -0.00453125 -0.02447175
v 0.05785156 -0.00656250 -0.02544831
v 0.05785156 -0.00656250 -0.02544831
v 0.05816406 -0.00453125 -0.02447175
v 0.06347656 -0.00656250 -0.02701081
v 0.05785156 -0.00656250 -0.02544831
v 0.06347656 -0.00656250 -0.02701081
v 0.06308594 -0.00843750 -0.02837800
v 0.06308594 -0.00843750 -0.02837800
v 0.06347656 -0.00656250 -0.02701081
v 0.06886719 -0.00843750 -0.02958894
v 0.06308594 -0.00843750 -0.02837800
v 0.06886719 -0.00843750 -0.02958894
v 0.06855469 -0.00992188 -0.03126863
v 0.06855469 -0.00992188 -0.03126863
v 0.06886719 -0.00843750 -0.02958894
v 0.07457032 -0.00992188 -0.03220612
v 0.07457032 -0.00992188 -0.03220612
v 0.05300781 0.00000000 -0.02181550
v 0.05292969 -0.00226563 -0.02201081
v 0.05300781 0.00000000 -0.02181550
v 0.05832031 -0.00226563 -0.02388581
v 0.05292969 -0.00226563 -0.02201081
v 0.05832031 -0.00226563 -0.02388581
v 0.05816406 -0.00453125 -0.02447175
v 0.05816406 -0.00453125 -0.02447175
v 0.05832031 -0.00226563 -0.02388581
v 0.06371094 -0.00453125 -0.02603425
v 0.05816406 -0.00453125 -0.02447175
v 0.06371094 -0.00453125 -0.02603425
v 0.06347656 -0.00656250 -0.02701081
v 0.06347656 -0.00656250 -0.02701081
v 0.06371094 -0.00453125 -0.02603425
v 0.06917969 -0.00656250 -0.02822175
v 0.06347656 -0.00656250 -0.02701081
v 0.06917969 -0.00656250 -0.02822175
v 0.06886719 -0.00843750 -0.02958894
v 0.06886719 -0.00843750 -0.02958894
v 0.06917969 -0.00656250 -0.02822175
v 0.07472657 -0.00843750 -0.03048738
v 0.06886719 -0.00843750 -0.02958894
v 0.07472657 -0.00843750 -0.03048738
v 0.07457032 -0.00992188 -0.03220612
v 0.05300781 0.00000000 -0.02181550
v 0.05839844 0.00000000 -0.02365144
v 0.05832031 -0.00226563 -0.02388581
v 0.05832031 -0.00226563 -0.02388581
v 0.05839844 0.00000000 -0.02365144
v 0.06386719 -0.00226563 -0.02540925
v 0.05832031 -0.00226563 -0.02388581
v 0.06386719 -0.00226563 -0.02540925
v 0.06371094 -0.00453125 -0.02603425
v 0.06371094 -0.00453125 -0.02603425
v 0.06386719 -0.00226563 -0.02540925
v 0.06933594 -0.00453125 -0.02724519
v 0.06933594 -0.00453125 -0.02724519
v 0.06917969 -0.00656250 -0.02822175
v 0.06933594 -0.00453125 -0.02724519
v 0.07488282 -0.00656250 -0.02912019
v 0.06917969 -0.00656250 -0.02822175
v 0.07488282 -0.00656250 -0.02912019
v 0.07472657 -0.00843750 -0.03048738
v 0.05839844 0.00000000 -0.02365144
v 0.06386719 0.00000000 -0.02521394
v 0.06386719 -0.00226563 -0.02540925
v 0.06386719 -0.00226563 -0.02540925
v 0.06386719 0.00000000 -0.02521394
v 0.06941407 -0.00226563 -0.02662019
v 0.06386719 -0.00226563 -0.02540925
v 0.06941407 -0.00226563 -0.02662019
v 0.06933594 -0.00453125 -0.02724519
v 0.06933594 -0.00453125 -0.02724519
v 0.06941407 -0.00226563 -0.02662019
v 0.07503907 -0.00453125 -0.02810456
v 0.06933594 -0.00453125 -0.02724519
v 0.07503907 -0.00453125 -0.02810456
v 0.07488282 -0.00656250 -0.02912019
v 0.06386719 0.00000000 -0.02521394
v 0.06949219 0.00000000 -0.02638581
v 0.06941407 -0.00226563 -0.02662019
v 0.06941407 -0.00226563 -0.02662019
v 0.06949219 0.00000000 -0.02638581
v 0.07511719 -0.00226563 -0.02747956
v 0.07511719 -0.00226563 -0.02747956
v 0.06949219 0.00000000 -0.02638581
v 0.07511719 0.00000000 -0.02728425
v 0.07511719 -0.00226563 -0.02747956
v -0.00863281 -0.00226563 0.05470794
v -0.00847656 0.00000000 0.05474700
v -0.00769531 -0.00226563 0.04908294
v 0.07503907 0.00453125 -0.02810456
v 0.07511719 0.00234375 -0.02747956
v 0.06933594 0.00453125 -0.02724519
v 0.06941407 0.00234375 -0.02662019
v 0.06933594 0.00453125 -0.02724519
v 0.06941407 0.00234375 -0.02662019
v 0.06371094 0.00453125 -0.02603425
v 0.06386719 0.00234375 -0.02540925
v 0.06371094 0.00453125 -0.02603425
v 0.06386719 0.00234375 -0.02540925
v 0.05816406 0.00453125 -0.02447175
v 0.05816406 0.00453125 -0.02447175
v 0.06386719 0.00234375 -0.02540925
v 0.05832031 0.00234375 -0.02388581
v 0.05816406 0.00453125 -0.02447175
v 0.05832031 0.00234375 -0.02388581
v 0.05269531 0.00453125 -0.02259675
v 0.05269531 0.00453125 -0.02259675
v 0.05832031 0.00234375 -0.02388581
v 0.05292969 0.00234375 -0.02201081
v 0.05269531 0.00453125 -0.02259675
v 0.05292969 0.00234375 -0.02201081
v 0.04730469 0.00453125 -0.02040925
v 0.04730469 0.00453125 -0.02040925
v 0.05292969 0.00234375 -0.02201081
v 0.04761719 0.00234375 -0.01982331
v 0.04730469 0.00453125 -0.02040925
v 0.04761719 0.00234375 -0.01982331
v 0.04214844 0.00453125 -0.01790925
v 0.04246094 0.00234375 -0.01732331
v 0.04214844 0.00453125 -0.01790925
v 0.04246094 0.00234375 -0.01732331
v 0.03707031 0.00453125 -0.01509675
v 0.03746094 0.00234375 -0.01454988
v 0.03707031 0.00453125 -0.01509675
v 0.03746094 0.00234375 -0.01454988
v 0.03222656 0.00453125 -0.01197175
v 0.03222656 0.00453125 -0.01197175
v 0.03746094 0.00234375 -0.01454988
v 0.03261719 0.00234375 -0.01146394
v 0.03222656 0.00453125 -0.01197175
v 0.03261719 0.00234375 -0.01146394
v 0.02753906 0.00453125 -0.00861238
v 0.02792969 0.00234375 -0.00810456
v 0.02753906 0.00453125 -0.00861238
v 0.02792969 0.00234375 -0.00810456
v 0.02308594 0.00453125 -0.00494050
v 0.02308594 0.00453125 -0.00494050
v 0.02792969 0.00234375 -0.00810456
v 0.02355469 0.00234375 -0.00447175
v 0.02308594 0.00453125 -0.00494050
v 0.02355469 0.00234375 -0.00447175
v 0.01886719 0.00453125 -0.00103425
v 0.01933594 0.00234375 -0.00056550
v 0.01886719 0.00453125 -0.00103425
v 0.01933594 0.00234375 -0.00056550
v 0.01488281 0.00453125 0.00314544
v 0.01488281 0.00453125 0.00314544
v 0.01933594 0.00234375 -0.00056550
v 0.01535156 0.00234375 0.00357513
v 0.01488281 0.00453125 0.00314544
v 0.01535156 0.00234375 0.00357513
v 0.01113281 0.00453125 0.00752044
v 0.01113281 0.00453125 0.00752044
v 0.01535156 0.00234375 0.00357513
v 0.01160156 0.00234375 0.00791106
v 0.01113281 0.00453125 0.00752044
v 0.01160156 0.00234375 0.00791106
v 0.00761719 0.00453125 0.01212981
v 0.00761719 0.00453125 0.01212981
v 0.01160156 0.00234375 0.00791106
v 0.00816406 0.00234375 0.01252044
v 0.00761719 0.00453125 0.01212981
v 0.00816406 0.00234375 0.01252044
v 0.00449219 0.00453125 0.01693450
v 0.00449219 0.00453125 0.01693450
v 0.00816406 0.00234375 0.01252044
v 0.00496094 0.00234375 0.01728606
v 0.00449219 0.00453125 0.01693450
v 0.00496094 0.00234375 0.01728606
v 0.00152344 0.00453125 0.02193450
v 0.00152344 0.00453125 0.02193450
v 0.00496094 0.00234375 0.01728606
v 0.00207031 0.00234375 0.02224700
v 0.00152344 0.00453125 0.02193450
v 0.00207031 0.00234375 0.02224700
v -0.00105469 0.00453125 0.02709075
v -0.00105469 0.00453125 0.02709075
v 0.00207031 0.00234375 0.02224700
v -0.00050781 0.00234375 0.02736419
v -0.00105469 0.00453125 0.02709075
v -0.00050781 0.00234375 0.02736419
v -0.00332031 0.00453125 0.03236419
v -0.00332031 0.00453125 0.03236419
v -0.00050781 0.00234375 0.02736419
v -0.00277344 0.00234375 0.03259856
v -0.00332031 0.00453125 0.03236419
v -0.00277344 0.00234375 0.03259856
v -0.00535156 0.00453125 0.03779388
v -0.00535156 0.00453125 0.03779388
v -0.00277344 0.00234375 0.03259856
v -0.00472656 0.00234375 0.03798919
v -0.00535156 0.00453125 0.03779388
v -0.00472656 0.00234375 0.03798919
v -0.00699219 0.00453125 0.04330169
v -0.00636719 0.00234375 0.04349700
v -0.00699219 0.00453125 0.04330169
v -0.00636719 0.00234375 0.04349700
v -0.00832031 0.00453125 0.04892669
v -0.00832031 0.00453125 0.04892669
v -0.00636719 0.00234375 0.04349700
v -0.00769531 0.00234375 0.04908294
v -0.00832031 0.00453125 0.04892669
v -0.00769531 0.00234375 0.04908294
v -0.00925781 0.00453125 0.05462981
v -0.00863281 0.00234375 0.05470794
v 0.07488282 0.00656250 -0.02912019
v 0.07503907 0.00453125 -0.02810456
v 0.06917969 0.00656250 -0.02822175
v 0.06917969 0.00656250 -0.02822175
v 0.07503907 0.00453125 -0.02810456
v 0.06933594 0.00453125 -0.02724519
v 0.06917969 0.00656250 -0.02822175
v 0.06933594 0.00453125 -0.02724519
v 0.06347656 0.00656250 -0.02701081
v 0.06371094 0.00453125 -0.02603425
v 0.06347656 0.00656250 -0.02701081
v 0.06371094 0.00453125 -0.02603425
v 0.05785156 0.00656250 -0.02544831
v 0.05785156 0.00656250 -0.02544831
v 0.06371094 0.00453125 -0.02603425
v 0.05816406 0.00453125 -0.02447175
v 0.05785156 0.00656250 -0.02544831
v 0.05816406 0.00453125 -0.02447175
v 0.05230469 0.00656250 -0.02357331
v 0.05230469 0.00656250 -0.02357331
v 0.05816406 0.00453125 -0.02447175
v 0.05269531 0.00453125 -0.02259675
v 0.05230469 0.00656250 -0.02357331
v 0.05269531 0.00453125 -0.02259675
v 0.04691406 0.00656250 -0.02134675
v 0.04691406 0.00656250 -0.02134675
v 0.05269531 0.00453125 -0.02259675
v 0.04730469 0.00453125 -0.02040925
v 0.04691406 0.00656250 -0.02134675
v 0.04730469 0.00453125 -0.02040925
v 0.04167969 0.00656250 -0.01880769
v 0.04214844 0.00453125 -0.01790925
v 0.04167969 0.00656250 -0.01880769
v 0.04214844 0.00453125 -0.01790925
v 0.03660156 0.00656250 -0.01595613
v 0.03660156 0.00656250 -0.01595613
v 0.04214844 0.00453125 -0.01790925
v 0.03707031 0.00453125 -0.01509675
v 0.03660156 0.00656250 -0.01595613
v 0.03707031 0.00453125 -0.01509675
v 0.03167969 0.00656250 -0.01283113
v 0.03167969 0.00656250 -0.01283113
v 0.03707031 0.00453125 -0.01509675
v 0.03222656 0.00453125 -0.01197175
v 0.03167969 0.00656250 -0.01283113
v 0.03222656 0.00453125 -0.01197175
v 0.02691406 0.00656250 -0.00939363
v 0.02691406 0.00656250 -0.00939363
v 0.03222656 0.00453125 -0.01197175
v 0.02753906 0.00453125 -0.00861238
v 0.02691406 0.00656250 -0.00939363
v 0.02753906 0.00453125 -0.00861238
v 0.02246094 0.00656250 -0.00572175
v 0.02308594 0.00453125 -0.00494050
v 0.02246094 0.00656250 -0.00572175
v 0.02308594 0.00453125 -0.00494050
v 0.01816406 0.00656250 -0.00173738
v 0.01886719 0.00453125 -0.00103425
v 0.01816406 0.00656250 -0.00173738
v 0.01886719 0.00453125 -0.00103425
v 0.01410156 0.00656250 0.00244231
v 0.01410156 0.00656250 0.00244231
v 0.01886719 0.00453125 -0.00103425
v 0.01488281 0.00453125 0.00314544
v 0.01410156 0.00656250 0.00244231
v 0.01488281 0.00453125 0.00314544
v 0.01035156 0.00656250 0.00689544
v 0.01035156 0.00656250 0.00689544
v 0.01488281 0.00453125 0.00314544
v 0.01113281 0.00453125 0.00752044
v 0.01035156 0.00656250 0.00689544
v 0.01113281 0.00453125 0.00752044
v 0.00683594 0.00656250 0.01154387
v 0.00683594 0.00656250 0.01154387
v 0.01113281 0.00453125 0.00752044
v 0.00761719 0.00453125 0.01212981
v 0.00683594 0.00656250 0.01154387
v 0.00761719 0.00453125 0.01212981
v 0.00355469 0.00656250 0.01638763
v 0.00355469 0.00656250 0.01638763
v 0.00761719 0.00453125 0.01212981
v 0.00449219 0.00453125 0.01693450
v 0.00355469 0.00656250 0.01638763
v 0.00449219 0.00453125 0.01693450
v 0.00066406 0.00656250 0.02142669
v 0.00066406 0.00656250 0.02142669
v 0.00449219 0.00453125 0.01693450
v 0.00152344 0.00453125 0.02193450
v 0.00066406 0.00656250 0.02142669
v 0.00152344 0.00453125 0.02193450
v -0.00199219 0.00656250 0.02662200
v -0.00199219 0.00656250 0.02662200
v 0.00152344 0.00453125 0.02193450
v -0.00105469 0.00453125 0.02709075
v -0.00199219 0.00656250 0.02662200
v -0.00105469 0.00453125 0.02709075
v -0.00433594 0.00656250 0.03197356
v -0.00433594 0.00656250 0.03197356
v -0.00105469 0.00453125 0.02709075
v -0.00332031 0.00453125 0.03236419
v -0.00433594 0.00656250 0.03197356
v -0.00332031 0.00453125 0.03236419
v -0.00628906 0.00656250 0.03748138
v -0.00628906 0.00656250 0.03748138
v -0.00332031 0.00453125 0.03236419
v -0.00535156 0.00453125 0.03779388
v -0.00628906 0.00656250 0.03748138
v -0.00535156 0.00453125 0.03779388
v -0.00800781 0.00656250 0.04306731
v -0.00800781 0.00656250 0.04306731
v -0.00535156 0.00453125 0.03779388
v -0.00699219 0.00453125 0.04330169
v -0.00800781 0.00656250 0.04306731
v -0.00699219 0.00453125 0.04330169
v -0.00933594 0.00656250 0.04873138
v -0.00933594 0.00656250 0.04873138
v -0.00699219 0.00453125 0.04330169
v -0.00832031 0.00453125 0.04892669
v -0.00933594 0.00656250 0.04873138
v -0.00832031 0.00453125 0.04892669
v -0.01027344 0.00656250 0.05447356
v -0.00925781 0.00453125 0.05462981
v 0.07472657 0.00843750 -0.03048738
v 0.07488282 0.00656250 -0.02912019
v 0.06886719 0.00843750 -0.02958894
v 0.06886719 0.00843750 -0.02958894
v 0.07488282 0.00656250 -0.02912019
v 0.06917969 0.00656250 -0.02822175
v 0.06886719 0.00843750 -0.02958894
v 0.06917969 0.00656250 -0.02822175
v 0.06308594 0.00843750 -0.02837800
v 0.06308594 0.00843750 -0.02837800
v 0.06917969 0.00656250 -0.02822175
v 0.06347656 0.00656250 -0.02701081
v 0.06308594 0.00843750 -0.02837800
v 0.06347656 0.00656250 -0.02701081
v 0.05738281 0.00843750 -0.02677644
v 0.05738281 0.00843750 -0.02677644
v 0.06347656 0.00656250 -0.02701081
v 0.05785156 0.00656250 -0.02544831
v 0.05738281 0.00843750 -0.02677644
v 0.05785156 0.00656250 -0.02544831
v 0.05183594 0.00843750 -0.02486238
v 0.05183594 0.00843750 -0.02486238
v 0.05785156 0.00656250 -0.02544831
v 0.05230469 0.00656250 -0.02357331
v 0.05183594 0.00843750 -0.02486238
v 0.05230469 0.00656250 -0.02357331
v 0.04636719 0.00843750 -0.02259675
v 0.04691406 0.00656250 -0.02134675
v 0.04636719 0.00843750 -0.02259675
v 0.04691406 0.00656250 -0.02134675
v 0.04105469 0.00843750 -0.02005769
v 0.04105469 0.00843750 -0.02005769
v 0.04691406 0.00656250 -0.02134675
v 0.04167969 0.00656250 -0.01880769
v 0.04105469 0.00843750 -0.02005769
v 0.04167969 0.00656250 -0.01880769
v 0.03589844 0.00843750 -0.01716706
v 0.03660156 0.00656250 -0.01595613
v 0.03589844 0.00843750 -0.01716706
v 0.03660156 0.00656250 -0.01595613
v 0.03089844 0.00843750 -0.01396394
v 0.03089844 0.00843750 -0.01396394
v 0.03660156 0.00656250 -0.01595613
v 0.03167969 0.00656250 -0.01283113
v 0.03089844 0.00843750 -0.01396394
v 0.03167969 0.00656250 -0.01283113
v 0.02605469 0.00843750 -0.01052644
v 0.02605469 0.00843750 -0.01052644
v 0.03167969 0.00656250 -0.01283113
v 0.02691406 0.00656250 -0.00939363
v 0.02605469 0.00843750 -0.01052644
v 0.02691406 0.00656250 -0.00939363
v 0.02152344 0.00843750 -0.00677644
v 0.02152344 0.00843750 -0.00677644
v 0.02691406 0.00656250 -0.00939363
v 0.02246094 0.00656250 -0.00572175
v 0.02152344 0.00843750 -0.00677644
v 0.02246094 0.00656250 -0.00572175
v 0.01714844 0.00843750 -0.00275300
v 0.01714844 0.00843750 -0.00275300
v 0.02246094 0.00656250 -0.00572175
v 0.01816406 0.00656250 -0.00173738
v 0.01714844 0.00843750 -0.00275300
v 0.01816406 0.00656250 -0.00173738
v 0.01308594 0.00843750 0.00150481
v 0.01308594 0.00843750 0.00150481
v 0.01816406 0.00656250 -0.00173738
v 0.01410156 0.00656250 0.00244231
v 0.01308594 0.00843750 0.00150481
v 0.01410156 0.00656250 0.00244231
v 0.00925781 0.00843750 0.00603606
v 0.00925781 0.00843750 0.00603606
v 0.01410156 0.00656250 0.00244231
v 0.01035156 0.00656250 0.00689544
v 0.00925781 0.00843750 0.00603606
v 0.01035156 0.00656250 0.00689544
v 0.00566406 0.00843750 0.01072356
v 0.00566406 0.00843750 0.01072356
v 0.01035156 0.00656250 0.00689544
v 0.00683594 0.00656250 0.01154387
v 0.00566406 0.00843750 0.01072356
v 0.00683594 0.00656250 0.01154387
v 0.00238281 0.00843750 0.01564544
v 0.00238281 0.00843750 0.01564544
v 0.00683594 0.00656250 0.01154387
v 0.00355469 0.00656250 0.01638763
v 0.00238281 0.00843750 0.01564544
v 0.00355469 0.00656250 0.01638763
v -0.00058594 0.00843750 0.02076263
v -0.00058594 0.00843750 0.02076263
v 0.00355469 0.00656250 0.01638763
v 0.00066406 0.00656250 0.02142669
v -0.00058594 0.00843750 0.02076263
v 0.00066406 0.00656250 0.02142669
v -0.00324219 0.00843750 0.02603606
v -0.00324219 0.00843750 0.02603606
v 0.00066406 0.00656250 0.02142669
v -0.00199219 0.00656250 0.02662200
v -0.00324219 0.00843750 0.02603606
v -0.00199219 0.00656250 0.02662200
v -0.00558594 0.00843750 0.03146575
v -0.00558594 0.00843750 0.03146575
v -0.00199219 0.00656250 0.02662200
v -0.00433594 0.00656250 0.03197356
v -0.00558594 0.00843750 0.03146575
v -0.00433594 0.00656250 0.03197356
v -0.00761719 0.00843750 0.03701263
v -0.00761719 0.00843750 0.03701263
v -0.00433594 0.00656250 0.03197356
v -0.00628906 0.00656250 0.03748138
v -0.00761719 0.00843750 0.03701263
v -0.00628906 0.00656250 0.03748138
v -0.00933594 0.00843750 0.04271575
v -0.00933594 0.00843750 0.04271575
v -0.00628906 0.00656250 0.03748138
v -0.00800781 0.00656250 0.04306731
v -0.00933594 0.00843750 0.04271575
v -0.00800781 0.00656250 0.04306731
v -0.01066406 0.00843750 0.04845794
v -0.01066406 0.00843750 0.04845794
v -0.00800781 0.00656250 0.04306731
v -0.00933594 0.00656250 0.04873138
v -0.01066406 0.00843750 0.04845794
v -0.00933594 0.00656250 0.04873138
v -0.01167969 0.00843750 0.05427825
v -0.01167969 0.00843750 0.05427825
v -0.00933594 0.00656250 0.04873138
v -0.01027344 0.00656250 0.05447356
v 0.07457032 0.01000000 -0.03220612
v 0.07472657 0.00843750 -0.03048738
v 0.06855469 0.01000000 -0.03126863
v 0.06855469 0.01000000 -0.03126863
v 0.07472657 0.00843750 -0.03048738
v 0.06886719 0.00843750 -0.02958894
v 0.06855469 0.01000000 -0.03126863
v 0.06886719 0.00843750 -0.02958894
v 0.06269531 0.01000000 -0.03001863
v 0.06269531 0.01000000 -0.03001863
v 0.06886719 0.00843750 -0.02958894
v 0.06308594 0.00843750 -0.02837800
v 0.06269531 0.01000000 -0.03001863
v 0.06308594 0.00843750 -0.02837800
v 0.05691406 0.01000000 -0.02841706
v 0.05691406 0.01000000 -0.02841706
v 0.06308594 0.00843750 -0.02837800
v 0.05738281 0.00843750 -0.02677644
v 0.05691406 0.01000000 -0.02841706
v 0.05738281 0.00843750 -0.02677644
v 0.05121094 0.01000000 -0.02646394
v 0.05183594 0.00843750 -0.02486238
v 0.05121094 0.01000000 -0.02646394
v 0.05183594 0.00843750 -0.02486238
v 0.04566406 0.01000000 -0.02415925
v 0.04636719 0.00843750 -0.02259675
v 0.04566406 0.01000000 -0.02415925
v 0.04636719 0.00843750 -0.02259675
v 0.04027344 0.01000000 -0.02154206
v 0.04027344 0.01000000 -0.02154206
v 0.04636719 0.00843750 -0.02259675
v 0.04105469 0.00843750 -0.02005769
v 0.04027344 0.01000000 -0.02154206
v 0.04105469 0.00843750 -0.02005769
v 0.03496094 0.01000000 -0.01861238
v 0.03496094 0.01000000 -0.01861238
v 0.04105469 0.00843750 -0.02005769
v 0.03589844 0.00843750 -0.01716706
v 0.03496094 0.01000000 -0.01861238
v 0.03589844 0.00843750 -0.01716706
v 0.02988281 0.01000000 -0.01540925
v 0.02988281 0.01000000 -0.01540925
v 0.03589844 0.00843750 -0.01716706
v 0.03089844 0.00843750 -0.01396394
v 0.02988281 0.01000000 -0.01540925
v 0.03089844 0.00843750 -0.01396394
v 0.02503906 0.01000000 -0.01185456
v 0.02503906 0.01000000 -0.01185456
v 0.03089844 0.00843750 -0.01396394
v 0.02605469 0.00843750 -0.01052644
v 0.02503906 0.01000000 -0.01185456
v 0.02605469 0.00843750 -0.01052644
v 0.02042969 0.01000000 -0.00802644
v 0.02152344 0.00843750 -0.00677644
v 0.02042969 0.01000000 -0.00802644
v 0.02152344 0.00843750 -0.00677644
v 0.01597656 0.01000000 -0.00396394
v 0.01597656 0.01000000 -0.00396394
v 0.02152344 0.00843750 -0.00677644
v 0.01714844 0.00843750 -0.00275300
v 0.01597656 0.01000000 -0.00396394
v 0.01714844 0.00843750 -0.00275300
v 0.01183594 0.01000000 0.00037200
v 0.01308594 0.00843750 0.00150481
v 0.01183594 0.01000000 0.00037200
v 0.01308594 0.00843750 0.00150481
v 0.00792969 0.01000000 0.00494231
v 0.00792969 0.01000000 0.00494231
v 0.01308594 0.00843750 0.00150481
v 0.00925781 0.00843750 0.00603606
v 0.00792969 0.01000000 0.00494231
v 0.00925781 0.00843750 0.00603606
v 0.00425781 0.01000000 0.00974700
v 0.00425781 0.01000000 0.00974700
v 0.00925781 0.00843750 0.00603606
v 0.00566406 0.00843750 0.01072356
v 0.00425781 0.01000000 0.00974700
v 0.00566406 0.00843750 0.01072356
v 0.00097656 0.01000000 0.01474700
v 0.00097656 0.01000000 0.01474700
v 0.00566406 0.00843750 0.01072356
v 0.00238281 0.00843750 0.01564544
v 0.00097656 0.01000000 0.01474700
v 0.00238281 0.00843750 0.01564544
v -0.00207031 0.01000000 0.01994231
v -0.00207031 0.01000000 0.01994231
v 0.00238281 0.00843750 0.01564544
v -0.00058594 0.00843750 0.02076263
v -0.00207031 0.01000000 0.01994231
v -0.00058594 0.00843750 0.02076263
v -0.00480469 0.01000000 0.02533294
v -0.00480469 0.01000000 0.02533294
v -0.00058594 0.00843750 0.02076263
v -0.00324219 0.00843750 0.02603606
v -0.00480469 0.01000000 0.02533294
v -0.00324219 0.00843750 0.02603606
v -0.00714844 0.01000000 0.03084075
v -0.00714844 0.01000000 0.03084075
v -0.00324219 0.00843750 0.02603606
v -0.00558594 0.00843750 0.03146575
v -0.00714844 0.01000000 0.03084075
v -0.00558594 0.00843750 0.03146575
v -0.00925781 0.01000000 0.03650481
v -0.00925781 0.01000000 0.03650481
v -0.00558594 0.00843750 0.03146575
v -0.00761719 0.00843750 0.03701263
v -0.00925781 0.01000000 0.03650481
v -0.00761719 0.00843750 0.03701263
v -0.01097656 0.01000000 0.04224700
v -0.01097656 0.01000000 0.04224700
v -0.00761719 0.00843750 0.03701263
v -0.00933594 0.00843750 0.04271575
v -0.01097656 0.01000000 0.04224700
v -0.00933594 0.00843750 0.04271575
v -0.01230469 0.01000000 0.04810638
v -0.01230469 0.01000000 0.04810638
v -0.00933594 0.00843750 0.04271575
v -0.01066406 0.00843750 0.04845794
v -0.01230469 0.01000000 0.04810638
v -0.01066406 0.00843750 0.04845794
v -0.01339844 0.01000000 0.05404388
v -0.01339844 0.01000000 0.05404388
v -0.01066406 0.00843750 0.04845794
v -0.01167969 0.00843750 0.05427825
v 0.07425782 0.01117187 -0.03415925
v 0.07457032 0.01000000 -0.03220612
v 0.06824219 0.01117187 -0.03322175
v 0.06855469 0.01000000 -0.03126863
v 0.06824219 0.01117187 -0.03322175
v 0.06855469 0.01000000 -0.03126863
v 0.06222656 0.01117187 -0.03193269
v 0.06269531 0.01000000 -0.03001863
v 0.06222656 0.01117187 -0.03193269
v 0.06269531 0.01000000 -0.03001863
v 0.05636719 0.01117187 -0.03029206
v 0.05636719 0.01117187 -0.03029206
v 0.06269531 0.01000000 -0.03001863
v 0.05691406 0.01000000 -0.02841706
v 0.05636719 0.01117187 -0.03029206
v 0.05691406 0.01000000 -0.02841706
v 0.05050781 0.01117187 -0.02829988
v 0.05050781 0.01117187 -0.02829988
v 0.05691406 0.01000000 -0.02841706
v 0.05121094 0.01000000 -0.02646394
v 0.05050781 0.01117187 -0.02829988
v 0.05121094 0.01000000 -0.02646394
v 0.04488281 0.01117187 -0.02595613
v 0.04566406 0.01000000 -0.02415925
v 0.04488281 0.01117187 -0.02595613
v 0.04566406 0.01000000 -0.02415925
v 0.03933594 0.01117187 -0.02329988
v 0.04027344 0.01000000 -0.02154206
v 0.03933594 0.01117187 -0.02329988
v 0.04027344 0.01000000 -0.02154206
v 0.03394531 0.01117187 -0.02029206
v 0.03394531 0.01117187 -0.02029206
v 0.04027344 0.01000000 -0.02154206
v 0.03496094 0.01000000 -0.01861238
v 0.03394531 0.01117187 -0.02029206
v 0.03496094 0.01000000 -0.01861238
v 0.02878906 0.01117187 -0.01701081
v 0.02878906 0.01117187 -0.01701081
v 0.03496094 0.01000000 -0.01861238
v 0.02988281 0.01000000 -0.01540925
v 0.02878906 0.01117187 -0.01701081
v 0.02988281 0.01000000 -0.01540925
v 0.02386719 0.01117187 -0.01341706
v 0.02386719 0.01117187 -0.01341706
v 0.02988281 0.01000000 -0.01540925
v 0.02503906 0.01000000 -0.01185456
v 0.02386719 0.01117187 -0.01341706
v 0.02503906 0.01000000 -0.01185456
v 0.01910156 0.01117187 -0.00951081
v 0.01910156 0.01117187 -0.00951081
v 0.02503906 0.01000000 -0.01185456
v 0.02042969 0.01000000 -0.00802644
v 0.01910156 0.01117187 -0.00951081
v 0.02042969 0.01000000 -0.00802644
v 0.01457031 0.01117187 -0.00537019
v 0.01457031 0.01117187 -0.00537019
v 0.02042969 0.01000000 -0.00802644
v 0.01597656 0.01000000 -0.00396394
v 0.01457031 0.01117187 -0.00537019
v 0.01597656 0.01000000 -0.00396394
v 0.01035156 0.01117187 -0.00095613
v 0.01183594 0.01000000 0.00037200
v 0.01035156 0.01117187 -0.00095613
v 0.01183594 0.01000000 0.00037200
v 0.00636719 0.01117187 0.00373138
v 0.00792969 0.01000000 0.00494231
v 0.00636719 0.01117187 0.00373138
v 0.00792969 0.01000000 0.00494231
v 0.00269531 0.01117187 0.00861419
v 0.00269531 0.01117187 0.00861419
v 0.00792969 0.01000000 0.00494231
v 0.00425781 0.01000000 0.00974700
v 0.00269531 0.01117187 0.00861419
v 0.00425781 0.01000000 0.00974700
v -0.00074219 0.01117187 0.01373137
v -0.00074219 0.01117187 0.01373137
v 0.00425781 0.01000000 0.00974700
v 0.00097656 0.01000000 0.01474700
v -0.00074219 0.01117187 0.01373137
v 0.00097656 0.01000000 0.01474700
v -0.00378906 0.01117187 0.01900481
v -0.00378906 0.01117187 0.01900481
v 0.00097656 0.01000000 0.01474700
v -0.00207031 0.01000000 0.01994231
v -0.00378906 0.01117187 0.01900481
v -0.00207031 0.01000000 0.01994231
v -0.00652344 0.01117187 0.02447356
v -0.00652344 0.01117187 0.02447356
v -0.00207031 0.01000000 0.01994231
v -0.00480469 0.01000000 0.02533294
v -0.00652344 0.01117187 0.02447356
v -0.00480469 0.01000000 0.02533294
v -0.00902344 0.01117187 0.03009856
v -0.00902344 0.01117187 0.03009856
v -0.00480469 0.01000000 0.02533294
v -0.00714844 0.01000000 0.03084075
v -0.00902344 0.01117187 0.03009856
v -0.00714844 0.01000000 0.03084075
v -0.01113281 0.01117187 0.03587981
v -0.01113281 0.01117187 0.03587981
v -0.00714844 0.01000000 0.03084075
v -0.00925781 0.01000000 0.03650481
v -0.01113281 0.01117187 0.03587981
v -0.00925781 0.01000000 0.03650481
v -0.01285156 0.01117187 0.04173919
v -0.01285156 0.01117187 0.04173919
v -0.00925781 0.01000000 0.03650481
v -0.01097656 0.01000000 0.04224700
v -0.01285156 0.01117187 0.04173919
v -0.01097656 0.01000000 0.04224700
v -0.01425781 0.01117187 0.04771575
v -0.01425781 0.01117187 0.04771575
v -0.01097656 0.01000000 0.04224700
v -0.01230469 0.01000000 0.04810638
v -0.01425781 0.01117187 0.04771575
v -0.01230469 0.01000000 0.04810638
v -0.01527344 0.01117187 0.05377044
v -0.01527344 0.01117187 0.05377044
v -0.01230469 0.01000000 0.04810638
v -0.01339844 0.01000000 0.05404388
v 0.07402344 0.01203125 -0.03626862
v 0.07425782 0.01117187 -0.03415925
v 0.06785157 0.01203125 -0.03533112
v 0.06824219 0.01117187 -0.03322175
v 0.06785157 0.01203125 -0.03533112
v 0.06824219 0.01117187 -0.03322175
v 0.06175781 0.01203125 -0.03400300
v 0.06175781 0.01203125 -0.03400300
v 0.06824219 0.01117187 -0.03322175
v 0.06222656 0.01117187 -0.03193269
v 0.06175781 0.01203125 -0.03400300
v 0.06222656 0.01117187 -0.03193269
v 0.05566406 0.01203125 -0.03232331
v 0.05636719 0.01117187 -0.03029206
v 0.05566406 0.01203125 -0.03232331
v 0.05636719 0.01117187 -0.03029206
v 0.04980469 0.01203125 -0.03029206
v 0.04980469 0.01203125 -0.03029206
v 0.05636719 0.01117187 -0.03029206
v 0.05050781 0.01117187 -0.02829988
v 0.04980469 0.01203125 -0.03029206
v 0.05050781 0.01117187 -0.02829988
v 0.04394531 0.01203125 -0.02790925
v 0.04394531 0.01203125 -0.02790925
v 0.05050781 0.01117187 -0.02829988
v 0.04488281 0.01117187 -0.02595613
v 0.04394531 0.01203125 -0.02790925
v 0.04488281 0.01117187 -0.02595613
v 0.03832031 0.01203125 -0.02521394
v 0.03933594 0.01117187 -0.02329988
v 0.03832031 0.01203125 -0.02521394
v 0.03933594 0.01117187 -0.02329988
v 0.03285156 0.01203125 -0.02216706
v 0.03394531 0.01117187 -0.02029206
v 0.03285156 0.01203125 -0.02216706
v 0.03394531 0.01117187 -0.02029206
v 0.02761719 0.01203125 -0.01880769
v 0.02878906 0.01117187 -0.01701081
v 0.02761719 0.01203125 -0.01880769
v 0.02878906 0.01117187 -0.01701081
v 0.02253906 0.01203125 -0.01509675
v 0.02386719 0.01117187 -0.01341706
v 0.02253906 0.01203125 -0.01509675
v 0.02386719 0.01117187 -0.01341706
v 0.01769531 0.01203125 -0.01115144
v 0.01769531 0.01203125 -0.01115144
v 0.02386719 0.01117187 -0.01341706
v 0.01910156 0.01117187 -0.00951081
v 0.01769531 0.01203125 -0.01115144
v 0.01910156 0.01117187 -0.00951081
v 0.01308594 0.01203125 -0.00689363
v 0.01308594 0.01203125 -0.00689363
v 0.01910156 0.01117187 -0.00951081
v 0.01457031 0.01117187 -0.00537019
v 0.01308594 0.01203125 -0.00689363
v 0.01457031 0.01117187 -0.00537019
v 0.00878906 0.01203125 -0.00240144
v 0.01035156 0.01117187 -0.00095613
v 0.00878906 0.01203125 -0.00240144
v 0.01035156 0.01117187 -0.00095613
v 0.00472656 0.01203125 0.00236419
v 0.00472656 0.01203125 0.00236419
v 0.01035156 0.01117187 -0.00095613
v 0.00636719 0.01117187 0.00373138
v 0.00472656 0.01203125 0.00236419
v 0.00636719 0.01117187 0.00373138
v 0.00089844 0.01203125 0.00736419
v 0.00089844 0.01203125 0.00736419
v 0.00636719 0.01117187 0.00373138
v 0.00269531 0.01117187 0.00861419
v 0.00089844 0.01203125 0.00736419
v 0.00269531 0.01117187 0.00861419
v -0.00253906 0.01203125 0.01259856
v -0.00253906 0.01203125 0.01259856
v 0.00269531 0.01117187 0.00861419
v -0.00074219 0.01117187 0.01373137
v -0.00253906 0.01203125 0.01259856
v -0.00074219 0.01117187 0.01373137
v -0.00566406 0.01203125 0.01798919
v -0.00378906 0.01117187 0.01900481
v -0.00566406 0.01203125 0.01798919
v -0.00378906 0.01117187 0.01900481
v -0.00847656 0.01203125 0.02357513
v -0.00652344 0.01117187 0.02447356
v -0.00847656 0.01203125 0.02357513
v -0.00652344 0.01117187 0.02447356
v -0.01097656 0.01203125 0.02931731
v -0.01097656 0.01203125 0.02931731
v -0.00652344 0.01117187 0.02447356
v -0.00902344 0.01117187 0.03009856
v -0.01097656 0.01203125 0.02931731
v -0.00902344 0.01117187 0.03009856
v -0.01316406 0.01203125 0.03521575
v -0.01113281 0.01117187 0.03587981
v -0.01316406 0.01203125 0.03521575
v -0.01113281 0.01117187 0.03587981
v -0.01496094 0.01203125 0.04119231
v -0.01496094 0.01203125 0.04119231
v -0.01113281 0.01117187 0.03587981
v -0.01285156 0.01117187 0.04173919
v -0.01496094 0.01203125 0.04119231
v -0.01285156 0.01117187 0.04173919
v -0.01636719 0.01203125 0.04728606
v -0.01425781 0.01117187 0.04771575
v -0.01636719 0.01203125 0.04728606
v -0.01425781 0.01117187 0.04771575
v -0.01746094 0.01203125 0.05345794
v -0.01746094 0.01203125 0.05345794
v -0.01425781 0.01117187 0.04771575
v -0.01527344 0.01117187 0.05377044
v 0.07378907 0.01250000 -0.03853425
v 0.07402344 0.01203125 -0.03626862
v 0.06746094 0.01250000 -0.03755768
v 0.06785157 0.01203125 -0.03533112
v 0.06746094 0.01250000 -0.03755768
v 0.06785157 0.01203125 -0.03533112
v 0.06121094 0.01250000 -0.03622956
v 0.06175781 0.01203125 -0.03400300
v 0.06121094 0.01250000 -0.03622956
v 0.06175781 0.01203125 -0.03400300
v 0.05503906 0.01250000 -0.03451081
v 0.05566406 0.01203125 -0.03232331
v 0.05503906 0.01250000 -0.03451081
v 0.05566406 0.01203125 -0.03232331
v 0.04894531 0.01250000 -0.03244050
v 0.04894531 0.01250000 -0.03244050
v 0.05566406 0.01203125 -0.03232331
v 0.04980469 0.01203125 -0.03029206
v 0.04894531 0.01250000 -0.03244050
v 0.04980469 0.01203125 -0.03029206
v 0.04308594 0.01250000 -0.02997956
v 0.04308594 0.01250000 -0.02997956
v 0.04980469 0.01203125 -0.03029206
v 0.04394531 0.01203125 -0.02790925
v 0.04308594 0.01250000 -0.02997956
v 0.04394531 0.01203125 -0.02790925
v 0.03730469 0.01250000 -0.02720613
v 0.03730469 0.01250000 -0.02720613
v 0.04394531 0.01203125 -0.02790925
v 0.03832031 0.01203125 -0.02521394
v 0.03730469 0.01250000 -0.02720613
v 0.03832031 0.01203125 -0.02521394
v 0.03167969 0.01250000 -0.02412019
v 0.03285156 0.01203125 -0.02216706
v 0.03167969 0.01250000 -0.02412019
v 0.03285156 0.01203125 -0.02216706
v 0.02636719 0.01250000 -0.02068269
v 0.02761719 0.01203125 -0.01880769
v 0.02636719 0.01250000 -0.02068269
v 0.02761719 0.01203125 -0.01880769
v 0.02113281 0.01250000 -0.01689363
v 0.02113281 0.01250000 -0.01689363
v 0.02761719 0.01203125 -0.01880769
v 0.02253906 0.01203125 -0.01509675
v 0.02113281 0.01250000 -0.01689363
v 0.02253906 0.01203125 -0.01509675
v 0.01621094 0.01250000 -0.01287019
v 0.01769531 0.01203125 -0.01115144
v 0.01621094 0.01250000 -0.01287019
v 0.01769531 0.01203125 -0.01115144
v 0.01152344 0.01250000 -0.00853425
v 0.01308594 0.01203125 -0.00689363
v 0.01152344 0.01250000 -0.00853425
v 0.01308594 0.01203125 -0.00689363
v 0.00707031 0.01250000 -0.00388581
v 0.00878906 0.01203125 -0.00240144
v 0.00707031 0.01250000 -0.00388581
v 0.00878906 0.01203125 -0.00240144
v 0.00292969 0.01250000 0.00095794
v 0.00472656 0.01203125 0.00236419
v 0.00292969 0.01250000 0.00095794
v 0.00472656 0.01203125 0.00236419
v -0.00089844 0.01250000 0.00607513
v -0.00089844 0.01250000 0.00607513
v 0.00472656 0.01203125 0.00236419
v 0.00089844 0.01203125 0.00736419
v -0.00089844 0.01250000 0.00607513
v 0.00089844 0.01203125 0.00736419
v -0.00449219 0.01250000 0.01138762
v -0.00449219 0.01250000 0.01138762
v 0.00089844 0.01203125 0.00736419
v -0.00253906 0.01203125 0.01259856
v -0.00449219 0.01250000 0.01138762
v -0.00253906 0.01203125 0.01259856
v -0.00769531 0.01250000 0.01689544
v -0.00566406 0.01203125 0.01798919
v -0.00769531 0.01250000 0.01689544
v -0.00566406 0.01203125 0.01798919
v -0.01058594 0.01250000 0.02259856
v -0.00847656 0.01203125 0.02357513
v -0.01058594 0.01250000 0.02259856
v -0.00847656 0.01203125 0.02357513
v -0.01308594 0.01250000 0.02849700
v -0.01308594 0.01250000 0.02849700
v -0.00847656 0.01203125 0.02357513
v -0.01097656 0.01203125 0.02931731
v -0.01308594 0.01250000 0.02849700
v -0.01097656 0.01203125 0.02931731
v -0.01527344 0.01250000 0.03447356
v -0.01316406 0.01203125 0.03521575
v -0.01527344 0.01250000 0.03447356
v -0.01316406 0.01203125 0.03521575
v -0.01714844 0.01250000 0.04060638
v -0.01714844 0.01250000 0.04060638
v -0.01316406 0.01203125 0.03521575
v -0.01496094 0.01203125 0.04119231
v -0.01714844 0.01250000 0.04060638
v -0.01496094 0.01203125 0.04119231
v -0.01855469 0.01250000 0.04685638
v -0.01855469 0.01250000 0.04685638
v -0.01496094 0.01203125 0.04119231
v -0.01636719 0.01203125 0.04728606
v -0.01636719 0.01203125 0.04728606
v -0.01964844 0.01250000 0.05314544
v -0.01746094 0.01203125 0.05345794
v 0.06699219 0.01250000 -0.03982331
v 0.06746094 0.01250000 -0.03755768
v 0.06066406 0.01250000 -0.03845612
v 0.06121094 0.01250000 -0.03622956
v 0.05433594 0.01250000 -0.03669831
v 0.05503906 0.01250000 -0.03451081
v 0.04816406 0.01250000 -0.03458893
v 0.04894531 0.01250000 -0.03244050
v 0.04214844 0.01250000 -0.03208893
v 0.04308594 0.01250000 -0.02997956
v 0.03621094 0.01250000 -0.02927644
v 0.03730469 0.01250000 -0.02720613
v 0.03050781 0.01250000 -0.02607331
v 0.03167969 0.01250000 -0.02412019
v 0.02503906 0.01250000 -0.02255769
v 0.02636719 0.01250000 -0.02068269
v 0.01972656 0.01250000 -0.01872956
v 0.02113281 0.01250000 -0.01689363
v 0.01472656 0.01250000 -0.01458894
v 0.01621094 0.01250000 -0.01287019
v 0.00988281 0.01250000 -0.01017488
v 0.01152344 0.01250000 -0.00853425
v 0.00535156 0.01250000 -0.00544831
v 0.00707031 0.01250000 -0.00388581
v 0.00113281 0.01250000 -0.00048738
v 0.00292969 0.01250000 0.00095794
v -0.00277344 0.01250000 0.00474700
v -0.00089844 0.01250000 0.00607513
v -0.00644531 0.01250000 0.01017669
v -0.00449219 0.01250000 0.01138762
v -0.00972656 0.01250000 0.01580169
v -0.00769531 0.01250000 0.01689544
v -0.01261719 0.01250000 0.02162200
v -0.01058594 0.01250000 0.02259856
v -0.01527344 0.01250000 0.02763763
v -0.01308594 0.01250000 0.02849700
v -0.01746094 0.01250000 0.03377044
v -0.01527344 0.01250000 0.03447356
v -0.01933594 0.01250000 0.04002044
v -0.01714844 0.01250000 0.04060638
v -0.02082031 0.01250000 0.04638763
v -0.01855469 0.01250000 0.04685638
v 0.07316407 0.01203125 -0.04306550
v 0.07347657 0.01250000 -0.04079987
v 0.06660157 0.01203125 -0.04204987
v 0.06699219 0.01250000 -0.03982331
v 0.06660157 0.01203125 -0.04204987
v 0.06699219 0.01250000 -0.03982331
v 0.06011719 0.01203125 -0.04064362
v 0.06066406 0.01250000 -0.03845612
v 0.06011719 0.01203125 -0.04064362
v 0.06066406 0.01250000 -0.03845612
v 0.05363281 0.01203125 -0.03888581
v 0.05363281 0.01203125 -0.03888581
v 0.06066406 0.01250000 -0.03845612
v 0.05433594 0.01250000 -0.03669831
v 0.05363281 0.01203125 -0.03888581
v 0.05433594 0.01250000 -0.03669831
v 0.04738281 0.01203125 -0.03669831
v 0.04816406 0.01250000 -0.03458893
v 0.04738281 0.01203125 -0.03669831
v 0.04816406 0.01250000 -0.03458893
v 0.04121094 0.01203125 -0.03415925
v 0.04214844 0.01250000 -0.03208893
v 0.04121094 0.01203125 -0.03415925
v 0.04214844 0.01250000 -0.03208893
v 0.03519531 0.01203125 -0.03126863
v 0.03519531 0.01203125 -0.03126863
v 0.04214844 0.01250000 -0.03208893
v 0.03621094 0.01250000 -0.02927644
v 0.03519531 0.01203125 -0.03126863
v 0.03621094 0.01250000 -0.02927644
v 0.02933594 0.01203125 -0.02802644
v 0.03050781 0.01250000 -0.02607331
v 0.02933594 0.01203125 -0.02802644
v 0.03050781 0.01250000 -0.02607331
v 0.02378906 0.01203125 -0.02443269
v 0.02503906 0.01250000 -0.02255769
v 0.02378906 0.01203125 -0.02443269
v 0.02503906 0.01250000 -0.02255769
v 0.01832031 0.01203125 -0.02052644
v 0.01832031 0.01203125 -0.02052644
v 0.02503906 0.01250000 -0.02255769
v 0.01972656 0.01250000 -0.01872956
v 0.01832031 0.01203125 -0.02052644
v 0.01972656 0.01250000 -0.01872956
v 0.01324219 0.01203125 -0.01630769
v 0.01324219 0.01203125 -0.01630769
v 0.01972656 0.01250000 -0.01872956
v 0.01472656 0.01250000 -0.01458894
v 0.01324219 0.01203125 -0.01630769
v 0.01472656 0.01250000 -0.01458894
v 0.00832031 0.01203125 -0.01177644
v 0.00988281 0.01250000 -0.01017488
v 0.00832031 0.01203125 -0.01177644
v 0.00988281 0.01250000 -0.01017488
v 0.00371094 0.01203125 -0.00697175
v 0.00535156 0.01250000 -0.00544831
v 0.00371094 0.01203125 -0.00697175
v 0.00535156 0.01250000 -0.00544831
v -0.00066406 0.01203125 -0.00189363
v -0.00066406 0.01203125 -0.00189363
v 0.00535156 0.01250000 -0.00544831
v 0.00113281 0.01250000 -0.00048738
v -0.00066406 0.01203125 -0.00189363
v 0.00113281 0.01250000 -0.00048738
v -0.00464844 0.01203125 0.00341888
v -0.00277344 0.01250000 0.00474700
v -0.00464844 0.01203125 0.00341888
v -0.00277344 0.01250000 0.00474700
v -0.00832031 0.01203125 0.00896575
v -0.00832031 0.01203125 0.00896575
v -0.00277344 0.01250000 0.00474700
v -0.00644531 0.01250000 0.01017669
v -0.00832031 0.01203125 0.00896575
v -0.00644531 0.01250000 0.01017669
v -0.01167969 0.01203125 0.01470794
v -0.00972656 0.01250000 0.01580169
v -0.01167969 0.01203125 0.01470794
v -0.00972656 0.01250000 0.01580169
v -0.01472656 0.01203125 0.02068450
v -0.01261719 0.01250000 0.02162200
v -0.01472656 0.01203125 0.02068450
v -0.01261719 0.01250000 0.02162200
v -0.01738281 0.01203125 0.02677825
v -0.01527344 0.01250000 0.02763763
v -0.01738281 0.01203125 0.02677825
v -0.01527344 0.01250000 0.02763763
v -0.01964844 0.01203125 0.03306731
v -0.01746094 0.01250000 0.03377044
v -0.01964844 0.01203125 0.03306731
v -0.01746094 0.01250000 0.03377044
v -0.02152344 0.01203125 0.03943450
v -0.01933594 0.01250000 0.04002044
v -0.02152344 0.01203125 0.03943450
v -0.01933594 0.01250000 0.04002044
v -0.02308594 0.01203125 0.04591888
v -0.02308594 0.01203125 0.04591888
v -0.01933594 0.01250000 0.04002044
v -0.02082031 0.01250000 0.04638763
v -0.02308594 0.01203125 0.04591888
v -0.02082031 0.01250000 0.04638763
v -0.02417969 0.01203125 0.05248138
v -0.02417969 0.01203125 0.05248138
v -0.02082031 0.01250000 0.04638763
v -0.02199219 0.01250000 0.05279388
v 0.07292969 0.01117187 -0.04521393
v 0.07316407 0.01203125 -0.04306550
v 0.06621094 0.01117187 -0.04415925
v 0.06660157 0.01203125 -0.04204987
v 0.06621094 0.01117187 -0.04415925
v 0.06660157 0.01203125 -0.04204987
v 0.05957031 0.01117187 -0.04275300
v 0.06011719 0.01203125 -0.04064362
v 0.05957031 0.01117187 -0.04275300
v 0.06011719 0.01203125 -0.04064362
v 0.05300781 0.01117187 -0.04091706
v 0.05300781 0.01117187 -0.04091706
v 0.06011719 0.01203125 -0.04064362
v 0.05363281 0.01203125 -0.03888581
v 0.05300781 0.01117187 -0.04091706
v 0.05363281 0.01203125 -0.03888581
v 0.04660156 0.01117187 -0.03872956
v 0.04738281 0.01203125 -0.03669831
v 0.04660156 0.01117187 -0.03872956
v 0.04738281 0.01203125 -0.03669831
v 0.04035156 0.01117187 -0.03615143
v 0.04121094 0.01203125 -0.03415925
v 0.04035156 0.01117187 -0.03615143
v 0.04121094 0.01203125 -0.03415925
v 0.03417969 0.01117187 -0.03318268
v 0.03519531 0.01203125 -0.03126863
v 0.03417969 0.01117187 -0.03318268
v 0.03519531 0.01203125 -0.03126863
v 0.02824219 0.01117187 -0.02986238
v 0.02824219 0.01117187 -0.02986238
v 0.03519531 0.01203125 -0.03126863
v 0.02933594 0.01203125 -0.02802644
v 0.02824219 0.01117187 -0.02986238
v 0.02933594 0.01203125 -0.02802644
v 0.02253906 0.01117187 -0.02622956
v 0.02378906 0.01203125 -0.02443269
v 0.02253906 0.01117187 -0.02622956
v 0.02378906 0.01203125 -0.02443269
v 0.01707031 0.01117187 -0.02224519
v 0.01707031 0.01117187 -0.02224519
v 0.02378906 0.01203125 -0.02443269
v 0.01832031 0.01203125 -0.02052644
v 0.01707031 0.01117187 -0.02224519
v 0.01832031 0.01203125 -0.02052644
v 0.01175781 0.01117187 -0.01790925
v 0.01175781 0.01117187 -0.01790925
v 0.01832031 0.01203125 -0.02052644
v 0.01324219 0.01203125 -0.01630769
v 0.01175781 0.01117187 -0.01790925
v 0.01324219 0.01203125 -0.01630769
v 0.00683594 0.01117187 -0.01329988
v 0.00683594 0.01117187 -0.01329988
v 0.01324219 0.01203125 -0.01630769
v 0.00832031 0.01203125 -0.01177644
v 0.00683594 0.01117187 -0.01329988
v 0.00832031 0.01203125 -0.01177644
v 0.00207031 0.01117187 -0.00841706
v 0.00207031 0.01117187 -0.00841706
v 0.00832031 0.01203125 -0.01177644
v 0.00371094 0.01203125 -0.00697175
v 0.00207031 0.01117187 -0.00841706
v 0.00371094 0.01203125 -0.00697175
v -0.00230469 0.01117187 -0.00326081
v -0.00066406 0.01203125 -0.00189363
v -0.00230469 0.01117187 -0.00326081
v -0.00066406 0.01203125 -0.00189363
v -0.00636719 0.01117187 0.00216888
v -0.00464844 0.01203125 0.00341888
v -0.00636719 0.01117187 0.00216888
v -0.00464844 0.01203125 0.00341888
v -0.01019531 0.01117187 0.00783294
v -0.01019531 0.01117187 0.00783294
v -0.00464844 0.01203125 0.00341888
v -0.00832031 0.01203125 0.00896575
v -0.01019531 0.01117187 0.00783294
v -0.00832031 0.01203125 0.00896575
v -0.01355469 0.01117187 0.01369231
v -0.01355469 0.01117187 0.01369231
v -0.00832031 0.01203125 0.00896575
v -0.01167969 0.01203125 0.01470794
v -0.01355469 0.01117187 0.01369231
v -0.01167969 0.01203125 0.01470794
v -0.01667969 0.01117187 0.01974700
v -0.01472656 0.01203125 0.02068450
v -0.01667969 0.01117187 0.01974700
v -0.01472656 0.01203125 0.02068450
v -0.01933594 0.01117187 0.02599700
v -0.01933594 0.01117187 0.02599700
v -0.01472656 0.01203125 0.02068450
v -0.01738281 0.01203125 0.02677825
v -0.01933594 0.01117187 0.02599700
v -0.01738281 0.01203125 0.02677825
v -0.02167969 0.01117187 0.03236419
v -0.02167969 0.01117187 0.03236419
v -0.01738281 0.01203125 0.02677825
v -0.01964844 0.01203125 0.03306731
v -0.02167969 0.01117187 0.03236419
v -0.01964844 0.01203125 0.03306731
v -0.02363281 0.01117187 0.03888763
v -0.02363281 0.01117187 0.03888763
v -0.01964844 0.01203125 0.03306731
v -0.02152344 0.01203125 0.03943450
v -0.02363281 0.01117187 0.03888763
v -0.02152344 0.01203125 0.03943450
v -0.02519531 0.01117187 0.04548919
v -0.02519531 0.01117187 0.04548919
v -0.02152344 0.01203125 0.03943450
v -0.02308594 0.01203125 0.04591888
v -0.02519531 0.01117187 0.04548919
v -0.02308594 0.01203125 0.04591888
v -0.02636719 0.01117187 0.05216888
v -0.02636719 0.01117187 0.05216888
v -0.02308594 0.01203125 0.04591888
v -0.02417969 0.01203125 0.05248138
v 0.07269532 0.01000000 -0.04716706
v 0.07292969 0.01117187 -0.04521393
v 0.06582032 0.01000000 -0.04611237
v 0.06582032 0.01000000 -0.04611237
v 0.07292969 0.01117187 -0.04521393
v 0.06621094 0.01117187 -0.04415925
v 0.06582032 0.01000000 -0.04611237
v 0.06621094 0.01117187 -0.04415925
v 0.05910156 0.01000000 -0.04466706
v 0.05957031 0.01117187 -0.04275300
v 0.05910156 0.01000000 -0.04466706
v 0.05957031 0.01117187 -0.04275300
v 0.05246094 0.01000000 -0.04279206
v 0.05246094 0.01000000 -0.04279206
v 0.05957031 0.01117187 -0.04275300
v 0.05300781 0.01117187 -0.04091706
v 0.05246094 0.01000000 -0.04279206
v 0.05300781 0.01117187 -0.04091706
v 0.04589844 0.01000000 -0.04056550
v 0.04589844 0.01000000 -0.04056550
v 0.05300781 0.01117187 -0.04091706
v 0.04660156 0.01117187 -0.03872956
v 0.04589844 0.01000000 -0.04056550
v 0.04660156 0.01117187 -0.03872956
v 0.03949219 0.01000000 -0.03790925
v 0.03949219 0.01000000 -0.03790925
v 0.04660156 0.01117187 -0.03872956
v 0.04035156 0.01117187 -0.03615143
v 0.03949219 0.01000000 -0.03790925
v 0.04035156 0.01117187 -0.03615143
v 0.03332031 0.01000000 -0.03494050
v 0.03417969 0.01117187 -0.03318268
v 0.03332031 0.01000000 -0.03494050
v 0.03417969 0.01117187 -0.03318268
v 0.02722656 0.01000000 -0.03154206
v 0.02824219 0.01117187 -0.02986238
v 0.02722656 0.01000000 -0.03154206
v 0.02824219 0.01117187 -0.02986238
v 0.02144531 0.01000000 -0.02783113
v 0.02144531 0.01000000 -0.02783113
v 0.02824219 0.01117187 -0.02986238
v 0.02253906 0.01117187 -0.02622956
v 0.02144531 0.01000000 -0.02783113
v 0.02253906 0.01117187 -0.02622956
v 0.01582031 0.01000000 -0.02376863
v 0.01582031 0.01000000 -0.02376863
v 0.02253906 0.01117187 -0.02622956
v 0.01707031 0.01117187 -0.02224519
v 0.01582031 0.01000000 -0.02376863
v 0.01707031 0.01117187 -0.02224519
v 0.01050781 0.01000000 -0.01939363
v 0.01050781 0.01000000 -0.01939363
v 0.01707031 0.01117187 -0.02224519
v 0.01175781 0.01117187 -0.01790925
v 0.01050781 0.01000000 -0.01939363
v 0.01175781 0.01117187 -0.01790925
v 0.00542969 0.01000000 -0.01470613
v 0.00542969 0.01000000 -0.01470613
v 0.01175781 0.01117187 -0.01790925
v 0.00683594 0.01117187 -0.01329988
v 0.00542969 0.01000000 -0.01470613
v 0.00683594 0.01117187 -0.01329988
v 0.00066406 0.01000000 -0.00974519
v 0.00066406 0.01000000 -0.00974519
v 0.00683594 0.01117187 -0.01329988
v 0.00207031 0.01117187 -0.00841706
v 0.00066406 0.01000000 -0.00974519
v 0.00207031 0.01117187 -0.00841706
v -0.00386719 0.01000000 -0.00447175
v -0.00386719 0.01000000 -0.00447175
v 0.00207031 0.01117187 -0.00841706
v -0.00230469 0.01117187 -0.00326081
v -0.00386719 0.01000000 -0.00447175
v -0.00230469 0.01117187 -0.00326081
v -0.00800781 0.01000000 0.00103606
v -0.00800781 0.01000000 0.00103606
v -0.00230469 0.01117187 -0.00326081
v -0.00636719 0.01117187 0.00216888
v -0.00800781 0.01000000 0.00103606
v -0.00636719 0.01117187 0.00216888
v -0.01183594 0.01000000 0.00677825
v -0.01183594 0.01000000 0.00677825
v -0.00636719 0.01117187 0.00216888
v -0.01019531 0.01117187 0.00783294
v -0.01183594 0.01000000 0.00677825
v -0.01019531 0.01117187 0.00783294
v -0.01527344 0.01000000 0.01275481
v -0.01355469 0.01117187 0.01369231
v -0.01527344 0.01000000 0.01275481
v -0.01355469 0.01117187 0.01369231
v -0.01839844 0.01000000 0.01892669
v -0.01839844 0.01000000 0.01892669
v -0.01355469 0.01117187 0.01369231
v -0.01667969 0.01117187 0.01974700
v -0.01839844 0.01000000 0.01892669
v -0.01667969 0.01117187 0.01974700
v -0.02121094 0.01000000 0.02525481
v -0.02121094 0.01000000 0.02525481
v -0.01667969 0.01117187 0.01974700
v -0.01933594 0.01117187 0.02599700
v -0.02121094 0.01000000 0.02525481
v -0.01933594 0.01117187 0.02599700
v -0.02355469 0.01000000 0.03173919
v -0.02355469 0.01000000 0.03173919
v -0.01933594 0.01117187 0.02599700
v -0.02167969 0.01117187 0.03236419
v -0.02355469 0.01000000 0.03173919
v -0.02167969 0.01117187 0.03236419
v -0.02550781 0.01000000 0.03837981
v -0.02550781 0.01000000 0.03837981
v -0.02167969 0.01117187 0.03236419
v -0.02363281 0.01117187 0.03888763
v -0.02550781 0.01000000 0.03837981
v -0.02363281 0.01117187 0.03888763
v -0.02707031 0.01000000 0.04509856
v -0.02707031 0.01000000 0.04509856
v -0.02363281 0.01117187 0.03888763
v -0.02519531 0.01117187 0.04548919
v -0.02707031 0.01000000 0.04509856
v -0.02519531 0.01117187 0.04548919
v -0.02824219 0.01000000 0.05189544
v -0.02824219 0.01000000 0.05189544
v -0.02519531 0.01117187 0.04548919
v -0.02636719 0.01117187 0.05216888
v -0.00925781 -0.00453125 0.05462981
v -0.00863281 -0.00226563 0.05470794
v -0.00832031 -0.00453125 0.04892669
v -0.00769531 -0.00226563 0.04908294
v -0.00832031 -0.00453125 0.04892669
v -0.00769531 -0.00226563 0.04908294
v -0.00699219 -0.00453125 0.04330169
v -0.01027344 -0.00656250 0.05447356
v -0.00925781 -0.00453125 0.05462981
v -0.00933594 -0.00656250 0.04873138
v -0.00832031 -0.00453125 0.04892669
v -0.00933594 -0.00656250 0.04873138
v -0.00832031 -0.00453125 0.04892669
v -0.00800781 -0.00656250 0.04306731
v -0.00800781 -0.00656250 0.04306731
v -0.00832031 -0.00453125 0.04892669
v -0.00699219 -0.00453125 0.04330169
v -0.00800781 -0.00656250 0.04306731
v -0.00699219 -0.00453125 0.04330169
v -0.00628906 -0.00656250 0.03748138
v -0.01167969 -0.00843750 0.05427825
v -0.01027344 -0.00656250 0.05447356
v -0.01066406 -0.00843750 0.04845794
v -0.01066406 -0.00843750 0.04845794
v -0.01027344 -0.00656250 0.05447356
v -0.00933594 -0.00656250 0.04873138
v -0.01066406 -0.00843750 0.04845794
v -0.00933594 -0.00656250 0.04873138
v -0.00933594 -0.00843750 0.04271575
v -0.00800781 -0.00656250 0.04306731
v -0.00933594 -0.00843750 0.04271575
v -0.00800781 -0.00656250 0.04306731
v -0.00761719 -0.00843750 0.03701263
v -0.00761719 -0.00843750 0.03701263
v -0.00800781 -0.00656250 0.04306731
v -0.00628906 -0.00656250 0.03748138
v -0.00761719 -0.00843750 0.03701263
v -0.00628906 -0.00656250 0.03748138
v -0.00558594 -0.00843750 0.03146575
v -0.01339844 -0.00992188 0.05404388
v -0.01167969 -0.00843750 0.05427825
v -0.01230469 -0.00992188 0.04810638
v -0.01230469 -0.00992188 0.04810638
v -0.01167969 -0.00843750 0.05427825
v -0.01066406 -0.00843750 0.04845794
v -0.01230469 -0.00992188 0.04810638
v -0.01066406 -0.00843750 0.04845794
v -0.01097656 -0.00992188 0.04224700
v -0.01097656 -0.00992188 0.04224700
v -0.01066406 -0.00843750 0.04845794
v -0.00933594 -0.00843750 0.04271575
v -0.01097656 -0.00992188 0.04224700
v -0.00933594 -0.00843750 0.04271575
v -0.00925781 -0.00992188 0.03650481
v -0.00925781 -0.00992188 0.03650481
v -0.00933594 -0.00843750 0.04271575
v -0.00761719 -0.00843750 0.03701263
v -0.00925781 -0.00992188 0.03650481
v -0.00761719 -0.00843750 0.03701263
v -0.00714844 -0.00992188 0.03084075
v -0.00714844 -0.00992188 0.03084075
v -0.00761719 -0.00843750 0.03701263
v -0.00558594 -0.00843750 0.03146575
v -0.00714844 -0.00992188 0.03084075
v -0.00558594 -0.00843750 0.03146575
v -0.00480469 -0.00992188 0.02533294
v -0.01527344 -0.01117187 0.05377044
v -0.01339844 -0.00992188 0.05404388
v -0.01425781 -0.01117187 0.04771575
v -0.01425781 -0.01117187 0.04771575
v -0.01339844 -0.00992188 0.05404388
v -0.01230469 -0.00992188 0.04810638
v -0.01425781 -0.01117187 0.04771575
v -0.01230469 -0.00992188 0.04810638
v -0.01285156 -0.01117187 0.04173919
v -0.01285156 -0.01117187 0.04173919
v -0.01230469 -0.00992188 0.04810638
v -0.01097656 -0.00992188 0.04224700
v -0.01285156 -0.01117187 0.04173919
v -0.01097656 -0.00992188 0.04224700
v -0.01113281 -0.01117187 0.03587981
v -0.01113281 -0.01117187 0.03587981
v -0.01097656 -0.00992188 0.04224700
v -0.00925781 -0.00992188 0.03650481
v -0.01113281 -0.01117187 0.03587981
v -0.00925781 -0.00992188 0.03650481
v -0.00902344 -0.01117187 0.03009856
v -0.00902344 -0.01117187 0.03009856
v -0.00925781 -0.00992188 0.03650481
v -0.00714844 -0.00992188 0.03084075
v -0.00902344 -0.01117187 0.03009856
v -0.00714844 -0.00992188 0.03084075
v -0.00652344 -0.01117187 0.02447356
v -0.00652344 -0.01117187 0.02447356
v -0.00714844 -0.00992188 0.03084075
v -0.00480469 -0.00992188 0.02533294
v -0.00652344 -0.01117187 0.02447356
v -0.00480469 -0.00992188 0.02533294
v -0.00378906 -0.01117187 0.01900481
v -0.01746094 -0.01203125 0.05345794
v -0.01527344 -0.01117187 0.05377044
v -0.01636719 -0.01203125 0.04728606
v -0.01636719 -0.01203125 0.04728606
v -0.01527344 -0.01117187 0.05377044
v -0.01425781 -0.01117187 0.04771575
v -0.01636719 -0.01203125 0.04728606
v -0.01425781 -0.01117187 0.04771575
v -0.01496094 -0.01203125 0.04119231
v -0.01285156 -0.01117187 0.04173919
v -0.01496094 -0.01203125 0.04119231
v -0.01285156 -0.01117187 0.04173919
v -0.01316406 -0.01203125 0.03521575
v -0.01316406 -0.01203125 0.03521575
v -0.01285156 -0.01117187 0.04173919
v -0.01113281 -0.01117187 0.03587981
v -0.01316406 -0.01203125 0.03521575
v -0.01113281 -0.01117187 0.03587981
v -0.01097656 -0.01203125 0.02931731
v -0.01097656 -0.01203125 0.02931731
v -0.01113281 -0.01117187 0.03587981
v -0.00902344 -0.01117187 0.03009856
v -0.01097656 -0.01203125 0.02931731
v -0.00902344 -0.01117187 0.03009856
v -0.00847656 -0.01203125 0.02357513
v -0.00847656 -0.01203125 0.02357513
v -0.00902344 -0.01117187 0.03009856
v -0.00652344 -0.01117187 0.02447356
v -0.00847656 -0.01203125 0.02357513
v -0.00652344 -0.01117187 0.02447356
v -0.00566406 -0.01203125 0.01798919
v -0.00378906 -0.01117187 0.01900481
v -0.00566406 -0.01203125 0.01798919
v -0.01964844 -0.01242187 0.05314544
v -0.01746094 -0.01203125 0.05345794
v -0.01855469 -0.01242187 0.04685638
v -0.01636719 -0.01203125 0.04728606
v -0.01855469 -0.01242187 0.04685638
v -0.01636719 -0.01203125 0.04728606
v -0.01714844 -0.01242187 0.04060638
v -0.01714844 -0.01242187 0.04060638
v -0.01636719 -0.01203125 0.04728606
v -0.01496094 -0.01203125 0.04119231
v -0.01714844 -0.01242187 0.04060638
v -0.01496094 -0.01203125 0.04119231
v -0.01527344 -0.01242187 0.03447356
v -0.01316406 -0.01203125 0.03521575
v -0.01527344 -0.01242187 0.03447356
v -0.01316406 -0.01203125 0.03521575
v -0.01308594 -0.01242187 0.02849700
v -0.01097656 -0.01203125 0.02931731
v -0.01308594 -0.01242187 0.02849700
v -0.01097656 -0.01203125 0.02931731
v -0.01058594 -0.01242187 0.02259856
v -0.01058594 -0.01242187 0.02259856
v -0.01097656 -0.01203125 0.02931731
v -0.00847656 -0.01203125 0.02357513
v -0.00769531 -0.01242187 0.01689544
v -0.00769531 -0.01242187 0.01689544
v -0.00847656 -0.01203125 0.02357513
v -0.00566406 -0.01203125 0.01798919
v -0.00769531 -0.01242187 0.01689544
v -0.00566406 -0.01203125 0.01798919
v -0.00449219 -0.01242187 0.01138762
v -0.00449219 -0.01242187 0.01138762
v -0.00253906 -0.01203125 0.01259856
v -0.00449219 -0.01242187 0.01138762
v -0.00253906 -0.01203125 0.01259856
v -0.00089844 -0.01242187 0.00607513
v -0.02199219 -0.01242187 0.05279388
v -0.01964844 -0.01242187 0.05314544
v -0.02082031 -0.01242187 0.04638763
v -0.01855469 -0.01242187 0.04685638
v -0.01933594 -0.01242187 0.04002044
v -0.01714844 -0.01242187 0.04060638
v -0.01746094 -0.01242187 0.03377044
v -0.01527344 -0.01242187 0.03447356
v -0.01527344 -0.01242187 0.02763763
v -0.01308594 -0.01242187 0.02849700
v -0.01261719 -0.01242187 0.02162200
v -0.01058594 -0.01242187 0.02259856
v -0.00972656 -0.01242187 0.01580169
v -0.00769531 -0.01242187 0.01689544
v -0.00644531 -0.01242187 0.01017669
v -0.00449219 -0.01242187 0.01138762
v -0.00277344 -0.01242187 0.00474700
v -0.02308594 -0.01203125 0.04591888
v -0.02308594 -0.01203125 0.04591888
v -0.02199219 -0.01242187 0.05279388
v -0.02082031 -0.01242187 0.04638763
v -0.02308594 -0.01203125 0.04591888
v -0.02082031 -0.01242187 0.04638763
v -0.02152344 -0.01203125 0.03943450
v -0.02152344 -0.01203125 0.03943450
v -0.02082031 -0.01242187 0.04638763
v -0.01933594 -0.01242187 0.04002044
v -0.02152344 -0.01203125 0.03943450
v -0.01933594 -0.01242187 0.04002044
v -0.01964844 -0.01203125 0.03306731
v -0.01746094 -0.01242187 0.03377044
v -0.01964844 -0.01203125 0.03306731
v -0.01746094 -0.01242187 0.03377044
v -0.01738281 -0.01203125 0.02677825
v -0.01527344 -0.01242187 0.02763763
v -0.01738281 -0.01203125 0.02677825
v -0.01527344 -0.01242187 0.02763763
v -0.01472656 -0.01203125 0.02068450
v -0.01261719 -0.01242187 0.02162200
v -0.01472656 -0.01203125 0.02068450
v -0.01261719 -0.01242187 0.02162200
v -0.01167969 -0.01203125 0.01470794
v -0.00972656 -0.01242187 0.01580169
v -0.01167969 -0.01203125 0.01470794
v -0.00972656 -0.01242187 0.01580169
v -0.00832031 -0.01203125 0.00896575
v -0.00832031 -0.01203125 0.00896575
v -0.00972656 -0.01242187 0.01580169
v -0.00644531 -0.01242187 0.01017669
v -0.00832031 -0.01203125 0.00896575
v -0.00644531 -0.01242187 0.01017669
v -0.00464844 -0.01203125 0.00341888
v -0.00464844 -0.01203125 0.00341888
v -0.00644531 -0.01242187 0.01017669
v -0.00277344 -0.01242187 0.00474700
v -0.00464844 -0.01203125 0.00341888
v -0.00277344 -0.01242187 0.00474700
v -0.00066406 -0.01203125 -0.00189363
v -0.00066406 -0.01203125 -0.00189363
v -0.00277344 -0.01242187 0.00474700
v 0.00113281 -0.01242187 -0.00048738
v -0.00066406 -0.01203125 -0.00189363
v -0.02636719 -0.01117187 0.05216888
v -0.02417969 -0.01203125 0.05248138
v -0.02519531 -0.01117187 0.04548919
v -0.02519531 -0.01117187 0.04548919
v -0.02417969 -0.01203125 0.05248138
v -0.02308594 -0.01203125 0.04591888
v -0.02519531 -0.01117187 0.04548919
v -0.02308594 -0.01203125 0.04591888
v -0.02363281 -0.01117187 0.03888763
v -0.02152344 -0.01203125 0.03943450
v -0.02363281 -0.01117187 0.03888763
v -0.02152344 -0.01203125 0.03943450
v -0.02167969 -0.01117187 0.03236419
v -0.02167969 -0.01117187 0.03236419
v -0.02152344 -0.01203125 0.03943450
v -0.01964844 -0.01203125 0.03306731
v -0.02167969 -0.01117187 0.03236419
v -0.01964844 -0.01203125 0.03306731
v -0.01933594 -0.01117187 0.02599700
v -0.01933594 -0.01117187 0.02599700
v -0.01964844 -0.01203125 0.03306731
v -0.01738281 -0.01203125 0.02677825
v -0.01933594 -0.01117187 0.02599700
v -0.01738281 -0.01203125 0.02677825
v -0.01667969 -0.01117187 0.01974700
v -0.01667969 -0.01117187 0.01974700
v -0.01738281 -0.01203125 0.02677825
v -0.01472656 -0.01203125 0.02068450
v -0.01667969 -0.01117187 0.01974700
v -0.01472656 -0.01203125 0.02068450
v -0.01355469 -0.01117187 0.01369231
v -0.01167969 -0.01203125 0.01470794
v -0.01355469 -0.01117187 0.01369231
v -0.01167969 -0.01203125 0.01470794
v -0.01019531 -0.01117187 0.00783294
v -0.01019531 -0.01117187 0.00783294
v -0.01167969 -0.01203125 0.01470794
v -0.00832031 -0.01203125 0.00896575
v -0.01019531 -0.01117187 0.00783294
v -0.00832031 -0.01203125 0.00896575
v -0.00636719 -0.01117187 0.00216888
v -0.00636719 -0.01117187 0.00216888
v -0.00832031 -0.01203125 0.00896575
v -0.00464844 -0.01203125 0.00341888
v -0.00636719 -0.01117187 0.00216888
v -0.00464844 -0.01203125 0.00341888
v -0.00230469 -0.01117187 -0.00326081
v -0.00066406 -0.01203125 -0.00189363
v -0.00230469 -0.01117187 -0.00326081
v -0.00066406 -0.01203125 -0.00189363
v 0.00207031 -0.01117187 -0.00841706
v 0.00371094 -0.01203125 -0.00697175
v 0.00207031 -0.01117187 -0.00841706
v 0.00371094 -0.01203125 -0.00697175
v 0.00683594 -0.01117187 -0.01329988
v -0.02824219 -0.00992188 0.05189544
v -0.02636719 -0.01117187 0.05216888
v -0.02707031 -0.00992188 0.04509856
v -0.02707031 -0.00992188 0.04509856
v -0.02636719 -0.01117187 0.05216888
v -0.02519531 -0.01117187 0.04548919
v -0.02707031 -0.00992188 0.04509856
v -0.02519531 -0.01117187 0.04548919
v -0.02550781 -0.00992188 0.03837981
v -0.02363281 -0.01117187 0.03888763
v -0.02550781 -0.00992188 0.03837981
v -0.02363281 -0.01117187 0.03888763
v -0.02355469 -0.00992188 0.03173919
v -0.02355469 -0.00992188 0.03173919
v -0.02363281 -0.01117187 0.03888763
v -0.02167969 -0.01117187 0.03236419
v -0.02355469 -0.00992188 0.03173919
v -0.02167969 -0.01117187 0.03236419
v -0.02121094 -0.00992188 0.02525481
v -0.02121094 -0.00992188 0.02525481
v -0.02167969 -0.01117187 0.03236419
v -0.01933594 -0.01117187 0.02599700
v -0.02121094 -0.00992188 0.02525481
v -0.01933594 -0.01117187 0.02599700
v -0.01839844 -0.00992188 0.01892669
v -0.01839844 -0.00992188 0.01892669
v -0.01933594 -0.01117187 0.02599700
v -0.01667969 -0.01117187 0.01974700
v -0.01839844 -0.00992188 0.01892669
v -0.01667969 -0.01117187 0.01974700
v -0.01527344 -0.00992188 0.01275481
v -0.01527344 -0.00992188 0.01275481
v -0.01667969 -0.01117187 0.01974700
v -0.01355469 -0.01117187 0.01369231
v -0.01527344 -0.00992188 0.01275481
v -0.01355469 -0.01117187 0.01369231
v -0.01183594 -0.00992188 0.00677825
v -0.01019531 -0.01117187 0.00783294
v -0.01183594 -0.00992188 0.00677825
v -0.01019531 -0.01117187 0.00783294
v -0.00800781 -0.00992188 0.00103606
v -0.00800781 -0.00992188 0.00103606
v -0.01019531 -0.01117187 0.00783294
v -0.00636719 -0.01117187 0.00216888
v -0.00800781 -0.00992188 0.00103606
v -0.00636719 -0.01117187 0.00216888
v -0.00386719 -0.00992188 -0.00447175
v -0.00386719 -0.00992188 -0.00447175
v -0.00636719 -0.01117187 0.00216888
v -0.00230469 -0.01117187 -0.00326081
v -0.00386719 -0.00992188 -0.00447175
v -0.00230469 -0.01117187 -0.00326081
v 0.00066406 -0.00992188 -0.00974519
v 0.00207031 -0.01117187 -0.00841706
v 0.00066406 -0.00992188 -0.00974519
v 0.00207031 -0.01117187 -0.00841706
v 0.00542969 -0.00992188 -0.01470613
v 0.00542969 -0.00992188 -0.01470613
v 0.00207031 -0.01117187 -0.00841706
v 0.00683594 -0.01117187 -0.01329988
v 0.00542969 -0.00992188 -0.01470613
v 0.00683594 -0.01117187 -0.01329988
v 0.01050781 -0.00992188 -0.01939363
v -0.02996094 -0.00843750 0.05166106
v -0.02824219 -0.00992188 0.05189544
v -0.02878906 -0.00843750 0.04474700
v -0.02707031 -0.00992188 0.04509856
v -0.02878906 -0.00843750 0.04474700
v -0.02707031 -0.00992188 0.04509856
v -0.02714844 -0.00843750 0.03795013
v -0.02714844 -0.00843750 0.03795013
v -0.02707031 -0.00992188 0.04509856
v -0.02550781 -0.00992188 0.03837981
v -0.02714844 -0.00843750 0.03795013
v -0.02550781 -0.00992188 0.03837981
v -0.02519531 -0.00843750 0.03123138
v -0.02519531 -0.00843750 0.03123138
v -0.02550781 -0.00992188 0.03837981
v -0.02355469 -0.00992188 0.03173919
v -0.02519531 -0.00843750 0.03123138
v -0.02355469 -0.00992188 0.03173919
v -0.02277344 -0.00843750 0.02462981
v -0.02277344 -0.00843750 0.02462981
v -0.02355469 -0.00992188 0.03173919
v -0.02121094 -0.00992188 0.02525481
v -0.02277344 -0.00843750 0.02462981
v -0.02121094 -0.00992188 0.02525481
v -0.01996094 -0.00843750 0.01818450
v -0.01996094 -0.00843750 0.01818450
v -0.02121094 -0.00992188 0.02525481
v -0.01839844 -0.00992188 0.01892669
v -0.01996094 -0.00843750 0.01818450
v -0.01839844 -0.00992188 0.01892669
v -0.01683594 -0.00843750 0.01193450
v -0.01683594 -0.00843750 0.01193450
v -0.01839844 -0.00992188 0.01892669
v -0.01527344 -0.00992188 0.01275481
v -0.01683594 -0.00843750 0.01193450
v -0.01527344 -0.00992188 0.01275481
v -0.01324219 -0.00843750 0.00587981
v -0.01324219 -0.00843750 0.00587981
v -0.01527344 -0.00992188 0.01275481
v -0.01183594 -0.00992188 0.00677825
v -0.01324219 -0.00843750 0.00587981
v -0.01183594 -0.00992188 0.00677825
v -0.00941406 -0.00843750 0.00005950
v -0.00941406 -0.00843750 0.00005950
v -0.01183594 -0.00992188 0.00677825
v -0.00800781 -0.00992188 0.00103606
v -0.00941406 -0.00843750 0.00005950
v -0.00800781 -0.00992188 0.00103606
v -0.00519531 -0.00843750 -0.00552644
v -0.00519531 -0.00843750 -0.00552644
v -0.00800781 -0.00992188 0.00103606
v -0.00386719 -0.00992188 -0.00447175
v -0.00519531 -0.00843750 -0.00552644
v -0.00386719 -0.00992188 -0.00447175
v -0.00058594 -0.00843750 -0.01087800
v 0.00066406 -0.00992188 -0.00974519
v -0.00058594 -0.00843750 -0.01087800
v 0.00066406 -0.00992188 -0.00974519
v 0.00425781 -0.00843750 -0.01591706
v 0.00542969 -0.00992188 -0.01470613
v 0.00425781 -0.00843750 -0.01591706
v 0.00542969 -0.00992188 -0.01470613
v 0.00941406 -0.00843750 -0.02068269
v 0.01050781 -0.00992188 -0.01939363
v 0.00941406 -0.00843750 -0.02068269
v -0.03136719 -0.00656250 0.05146575
v -0.02996094 -0.00843750 0.05166106
v -0.03011719 -0.00656250 0.04447356
v -0.03011719 -0.00656250 0.04447356
v -0.02996094 -0.00843750 0.05166106
v -0.02878906 -0.00843750 0.04474700
v -0.03011719 -0.00656250 0.04447356
v -0.02878906 -0.00843750 0.04474700
v -0.02847656 -0.00656250 0.03755950
v -0.02847656 -0.00656250 0.03755950
v -0.02878906 -0.00843750 0.04474700
v -0.02714844 -0.00843750 0.03795013
v -0.02847656 -0.00656250 0.03755950
v -0.02714844 -0.00843750 0.03795013
v -0.02644531 -0.00656250 0.03080169
v -0.02644531 -0.00656250 0.03080169
v -0.02714844 -0.00843750 0.03795013
v -0.02519531 -0.00843750 0.03123138
v -0.02644531 -0.00656250 0.03080169
v -0.02519531 -0.00843750 0.03123138
v -0.02402344 -0.00656250 0.02412200
v -0.02402344 -0.00656250 0.02412200
v -0.02519531 -0.00843750 0.03123138
v -0.02277344 -0.00843750 0.02462981
v -0.02402344 -0.00656250 0.02412200
v -0.02277344 -0.00843750 0.02462981
v -0.02121094 -0.00656250 0.01759856
v -0.02121094 -0.00656250 0.01759856
v -0.02277344 -0.00843750 0.02462981
v -0.01996094 -0.00843750 0.01818450
v -0.02121094 -0.00656250 0.01759856
v -0.01996094 -0.00843750 0.01818450
v -0.01800781 -0.00656250 0.01127044
v -0.01800781 -0.00656250 0.01127044
v -0.01996094 -0.00843750 0.01818450
v -0.01683594 -0.00843750 0.01193450
v -0.01800781 -0.00656250 0.01127044
v -0.01683594 -0.00843750 0.01193450
v -0.01441406 -0.00656250 0.00513763
v -0.01441406 -0.00656250 0.00513763
v -0.01683594 -0.00843750 0.01193450
v -0.01324219 -0.00843750 0.00587981
v -0.01441406 -0.00656250 0.00513763
v -0.01324219 -0.00843750 0.00587981
v -0.01050781 -0.00656250 -0.00076081
v -0.01050781 -0.00656250 -0.00076081
v -0.01324219 -0.00843750 0.00587981
v -0.00941406 -0.00843750 0.00005950
v -0.01050781 -0.00656250 -0.00076081
v -0.00941406 -0.00843750 0.00005950
v -0.00628906 -0.00656250 -0.00642488
v -0.00628906 -0.00656250 -0.00642488
v -0.00941406 -0.00843750 0.00005950
v -0.00519531 -0.00843750 -0.00552644
v -0.00628906 -0.00656250 -0.00642488
v -0.00519531 -0.00843750 -0.00552644
v -0.00167969 -0.00656250 -0.01181550
v -0.00167969 -0.00656250 -0.01181550
v -0.00519531 -0.00843750 -0.00552644
v -0.00058594 -0.00843750 -0.01087800
v -0.00167969 -0.00656250 -0.01181550
v -0.00058594 -0.00843750 -0.01087800
v 0.00324219 -0.00656250 -0.01693269
v 0.00425781 -0.00843750 -0.01591706
v 0.00324219 -0.00656250 -0.01693269
v 0.00425781 -0.00843750 -0.01591706
v 0.00847656 -0.00656250 -0.02173738
v 0.00847656 -0.00656250 -0.02173738
v 0.00425781 -0.00843750 -0.01591706
v 0.00941406 -0.00843750 -0.02068269
v 0.00847656 -0.00656250 -0.02173738
v 0.00941406 -0.00843750 -0.02068269
v 0.01394531 -0.00656250 -0.02622956
v 0.01480469 -0.00843750 -0.02513581
v 0.01394531 -0.00656250 -0.02622956
v -0.03238281 -0.00453125 0.05130950
v -0.03136719 -0.00656250 0.05146575
v -0.03113281 -0.00453125 0.04427825
v -0.03011719 -0.00656250 0.04447356
v -0.03113281 -0.00453125 0.04427825
v -0.03011719 -0.00656250 0.04447356
v -0.02949219 -0.00453125 0.03732513
v -0.02949219 -0.00453125 0.03732513
v -0.03011719 -0.00656250 0.04447356
v -0.02847656 -0.00656250 0.03755950
v -0.02949219 -0.00453125 0.03732513
v -0.02847656 -0.00656250 0.03755950
v -0.02746094 -0.00453125 0.03045013
v -0.02746094 -0.00453125 0.03045013
v -0.02847656 -0.00656250 0.03755950
v -0.02644531 -0.00656250 0.03080169
v -0.02746094 -0.00453125 0.03045013
v -0.02644531 -0.00656250 0.03080169
v -0.02503906 -0.00453125 0.02373138
v -0.02402344 -0.00656250 0.02412200
v -0.02503906 -0.00453125 0.02373138
v -0.02402344 -0.00656250 0.02412200
v -0.02214844 -0.00453125 0.01716888
v -0.02214844 -0.00453125 0.01716888
v -0.02402344 -0.00656250 0.02412200
v -0.02121094 -0.00656250 0.01759856
v -0.02214844 -0.00453125 0.01716888
v -0.02121094 -0.00656250 0.01759856
v -0.01894531 -0.00453125 0.01080169
v -0.01894531 -0.00453125 0.01080169
v -0.02121094 -0.00656250 0.01759856
v -0.01800781 -0.00656250 0.01127044
v -0.01894531 -0.00453125 0.01080169
v -0.01800781 -0.00656250 0.01127044
v -0.01535156 -0.00453125 0.00462981
v -0.01535156 -0.00453125 0.00462981
v -0.01800781 -0.00656250 0.01127044
v -0.01441406 -0.00656250 0.00513763
v -0.01535156 -0.00453125 0.00462981
v -0.01441406 -0.00656250 0.00513763
v -0.01136719 -0.00453125 -0.00134675
v -0.01050781 -0.00656250 -0.00076081
v -0.01136719 -0.00453125 -0.00134675
v -0.01050781 -0.00656250 -0.00076081
v -0.00707031 -0.00453125 -0.00704988
v -0.00707031 -0.00453125 -0.00704988
v -0.01050781 -0.00656250 -0.00076081
v -0.00628906 -0.00656250 -0.00642488
v -0.00707031 -0.00453125 -0.00704988
v -0.00628906 -0.00656250 -0.00642488
v -0.00238281 -0.00453125 -0.01251863
v -0.00167969 -0.00656250 -0.01181550
v -0.00238281 -0.00453125 -0.01251863
v -0.00167969 -0.00656250 -0.01181550
v 0.00253906 -0.00453125 -0.01767488
v 0.00253906 -0.00453125 -0.01767488
v -0.00167969 -0.00656250 -0.01181550
v 0.00324219 -0.00656250 -0.01693269
v 0.00253906 -0.00453125 -0.01767488
v 0.00324219 -0.00656250 -0.01693269
v 0.00777344 -0.00453125 -0.02251863
v 0.00777344 -0.00453125 -0.02251863
v 0.00324219 -0.00656250 -0.01693269
v 0.00847656 -0.00656250 -0.02173738
v 0.00777344 -0.00453125 -0.02251863
v 0.00847656 -0.00656250 -0.02173738
v 0.01332031 -0.00453125 -0.02704988
v 0.01332031 -0.00453125 -0.02704988
v 0.00847656 -0.00656250 -0.02173738
v 0.01394531 -0.00656250 -0.02622956
v 0.01332031 -0.00453125 -0.02704988
v 0.01394531 -0.00656250 -0.02622956
v 0.01910156 -0.00453125 -0.03126863
v 0.01910156 -0.00453125 -0.03126863
v 0.01394531 -0.00656250 -0.02622956
v 0.01972656 -0.00656250 -0.03040925
v 0.01910156 -0.00453125 -0.03126863
v -0.03300781 -0.00226563 0.05123138
v -0.03238281 -0.00453125 0.05130950
v -0.03175781 -0.00226563 0.04416106
v -0.03113281 -0.00453125 0.04427825
v -0.03175781 -0.00226563 0.04416106
v -0.03113281 -0.00453125 0.04427825
v -0.03011719 -0.00226563 0.03716888
v -0.02949219 -0.00453125 0.03732513
v -0.03011719 -0.00226563 0.03716888
v -0.02949219 -0.00453125 0.03732513
v -0.02808594 -0.00226563 0.03025481
v -0.02808594 -0.00226563 0.03025481
v -0.02949219 -0.00453125 0.03732513
v -0.02746094 -0.00453125 0.03045013
v -0.02808594 -0.00226563 0.03025481
v -0.02746094 -0.00453125 0.03045013
v -0.02558594 -0.00226563 0.02349700
v -0.02558594 -0.00226563 0.02349700
v -0.02746094 -0.00453125 0.03045013
v -0.02503906 -0.00453125 0.02373138
v -0.02558594 -0.00226563 0.02349700
v -0.02503906 -0.00453125 0.02373138
v -0.02269531 -0.00226563 0.01689544
v -0.02269531 -0.00226563 0.01689544
v -0.02503906 -0.00453125 0.02373138
v -0.02214844 -0.00453125 0.01716888
v -0.02269531 -0.00226563 0.01689544
v -0.02214844 -0.00453125 0.01716888
v -0.01949219 -0.00226563 0.01048919
v -0.01949219 -0.00226563 0.01048919
v -0.02214844 -0.00453125 0.01716888
v -0.01894531 -0.00453125 0.01080169
v -0.01949219 -0.00226563 0.01048919
v -0.01894531 -0.00453125 0.01080169
v -0.01589844 -0.00226563 0.00427825
v -0.01589844 -0.00226563 0.00427825
v -0.01894531 -0.00453125 0.01080169
v -0.01535156 -0.00453125 0.00462981
v -0.01589844 -0.00226563 0.00427825
v -0.01535156 -0.00453125 0.00462981
v -0.01191406 -0.00226563 -0.00169831
v -0.01136719 -0.00453125 -0.00134675
v -0.01191406 -0.00226563 -0.00169831
v -0.01136719 -0.00453125 -0.00134675
v -0.00753906 -0.00226563 -0.00744050
v -0.00753906 -0.00226563 -0.00744050
v -0.01136719 -0.00453125 -0.00134675
v -0.00707031 -0.00453125 -0.00704988
v -0.00753906 -0.00226563 -0.00744050
v -0.00707031 -0.00453125 -0.00704988
v -0.00285156 -0.00226563 -0.01290925
v -0.00238281 -0.00453125 -0.01251863
v -0.00285156 -0.00226563 -0.01290925
v -0.00238281 -0.00453125 -0.01251863
v 0.00207031 -0.00226563 -0.01810456
v 0.00207031 -0.00226563 -0.01810456
v -0.00238281 -0.00453125 -0.01251863
v 0.00253906 -0.00453125 -0.01767488
v 0.00207031 -0.00226563 -0.01810456
v 0.00253906 -0.00453125 -0.01767488
v 0.00738281 -0.00226563 -0.02298738
v 0.00738281 -0.00226563 -0.02298738
v 0.00253906 -0.00453125 -0.01767488
v 0.00777344 -0.00453125 -0.02251863
v 0.00738281 -0.00226563 -0.02298738
v 0.00777344 -0.00453125 -0.02251863
v 0.01292969 -0.00226563 -0.02755769
v 0.01292969 -0.00226563 -0.02755769
v 0.00777344 -0.00453125 -0.02251863
v 0.01332031 -0.00453125 -0.02704988
v 0.01292969 -0.00226563 -0.02755769
v 0.01332031 -0.00453125 -0.02704988
v 0.01878906 -0.00226563 -0.03177644
v 0.01878906 -0.00226563 -0.03177644
v 0.01332031 -0.00453125 -0.02704988
v 0.01910156 -0.00453125 -0.03126863
v 0.01878906 -0.00226563 -0.03177644
v 0.01910156 -0.00453125 -0.03126863
v 0.02480469 -0.00226563 -0.03564362
v 0.02480469 -0.00226563 -0.03564362
v 0.01910156 -0.00453125 -0.03126863
v 0.02511719 -0.00453125 -0.03509675
v 0.02480469 -0.00226563 -0.03564362
v -0.03316406 0.00000000 0.05119231
v -0.03300781 -0.00226563 0.05123138
v -0.03199219 0.00000000 0.04412200
v -0.03199219 0.00000000 0.04412200
v -0.03300781 -0.00226563 0.05123138
v -0.03175781 -0.00226563 0.04416106
v -0.03199219 0.00000000 0.04412200
v -0.03175781 -0.00226563 0.04416106
v -0.03035156 0.00000000 0.03709075
v -0.03035156 0.00000000 0.03709075
v -0.03175781 -0.00226563 0.04416106
v -0.03011719 -0.00226563 0.03716888
v -0.03035156 0.00000000 0.03709075
v -0.03011719 -0.00226563 0.03716888
v -0.02824219 0.00000000 0.03017669
v -0.02824219 0.00000000 0.03017669
v -0.03011719 -0.00226563 0.03716888
v -0.02808594 -0.00226563 0.03025481
v -0.02824219 0.00000000 0.03017669
v -0.02808594 -0.00226563 0.03025481
v -0.02582031 0.00000000 0.02341888
v -0.02582031 0.00000000 0.02341888
v -0.02808594 -0.00226563 0.03025481
v -0.02558594 -0.00226563 0.02349700
v -0.02582031 0.00000000 0.02341888
v -0.02558594 -0.00226563 0.02349700
v -0.02292969 0.00000000 0.01681731
v -0.02269531 -0.00226563 0.01689544
v -0.02292969 0.00000000 0.01681731
v -0.02269531 -0.00226563 0.01689544
v -0.01964844 0.00000000 0.01037200
v -0.01964844 0.00000000 0.01037200
v -0.02269531 -0.00226563 0.01689544
v -0.01949219 -0.00226563 0.01048919
v -0.01964844 0.00000000 0.01037200
v -0.01949219 -0.00226563 0.01048919
v -0.01605469 0.00000000 0.00416106
v -0.01589844 -0.00226563 0.00427825
v -0.01605469 0.00000000 0.00416106
v -0.01589844 -0.00226563 0.00427825
v -0.01207031 0.00000000 -0.00181550
v -0.01191406 -0.00226563 -0.00169831
v -0.01207031 0.00000000 -0.00181550
v -0.01191406 -0.00226563 -0.00169831
v -0.00769531 0.00000000 -0.00759675
v -0.00769531 0.00000000 -0.00759675
v -0.01191406 -0.00226563 -0.00169831
v -0.00753906 -0.00226563 -0.00744050
v -0.00769531 0.00000000 -0.00759675
v -0.00753906 -0.00226563 -0.00744050
v -0.00300781 0.00000000 -0.01306550
v -0.00285156 -0.00226563 -0.01290925
v -0.00300781 0.00000000 -0.01306550
v -0.00285156 -0.00226563 -0.01290925
v 0.00191406 0.00000000 -0.01826081
v 0.00207031 -0.00226563 -0.01810456
v 0.00191406 0.00000000 -0.01826081
v 0.00207031 -0.00226563 -0.01810456
v 0.00722656 0.00000000 -0.02314363
v 0.00738281 -0.00226563 -0.02298738
v 0.00722656 0.00000000 -0.02314363
v 0.00738281 -0.00226563 -0.02298738
v 0.01285156 0.00000000 -0.02771394
v 0.01285156 0.00000000 -0.02771394
v 0.00738281 -0.00226563 -0.02298738
v 0.01292969 -0.00226563 -0.02755769
v 0.01285156 0.00000000 -0.02771394
v 0.01292969 -0.00226563 -0.02755769
v 0.01863281 0.00000000 -0.03193269
v 0.01863281 0.00000000 -0.03193269
v 0.01292969 -0.00226563 -0.02755769
v 0.01878906 -0.00226563 -0.03177644
v 0.01863281 0.00000000 -0.03193269
v 0.01878906 -0.00226563 -0.03177644
v 0.02472656 0.00000000 -0.03583893
v 0.02480469 -0.00226563 -0.03564362
v 0.02472656 0.00000000 -0.03583893
v 0.02480469 -0.00226563 -0.03564362
v 0.03097656 0.00000000 -0.03931550
v 0.03113281 -0.00226563 -0.03915925
v 0.03097656 0.00000000 -0.03931550
v 0.03113281 -0.00226563 -0.03915925
v 0.03746094 0.00000000 -0.04247956
v -0.03300781 0.00234375 0.05123138
v -0.03316406 0.00000000 0.05119231
v -0.03175781 0.00234375 0.04416106
v -0.03175781 0.00234375 0.04416106
v -0.03316406 0.00000000 0.05119231
v -0.03199219 0.00000000 0.04412200
v -0.03175781 0.00234375 0.04416106
v -0.03199219 0.00000000 0.04412200
v -0.03011719 0.00234375 0.03716888
v -0.03035156 0.00000000 0.03709075
v -0.03011719 0.00234375 0.03716888
v -0.03035156 0.00000000 0.03709075
v -0.02808594 0.00234375 0.03025481
v -0.02808594 0.00234375 0.03025481
v -0.03035156 0.00000000 0.03709075
v -0.02824219 0.00000000 0.03017669
v -0.02808594 0.00234375 0.03025481
v -0.02824219 0.00000000 0.03017669
v -0.02558594 0.00234375 0.02349700
v -0.02558594 0.00234375 0.02349700
v -0.02824219 0.00000000 0.03017669
v -0.02582031 0.00000000 0.02341888
v -0.02558594 0.00234375 0.02349700
v -0.02582031 0.00000000 0.02341888
v -0.02269531 0.00234375 0.01689544
v -0.02292969 0.00000000 0.01681731
v -0.02269531 0.00234375 0.01689544
v -0.02292969 0.00000000 0.01681731
v -0.01949219 0.00234375 0.01048919
v -0.01949219 0.00234375 0.01048919
v -0.02292969 0.00000000 0.01681731
v -0.01964844 0.00000000 0.01037200
v -0.01949219 0.00234375 0.01048919
v -0.01964844 0.00000000 0.01037200
v -0.01589844 0.00234375 0.00427825
v -0.01605469 0.00000000 0.00416106
v -0.01589844 0.00234375 0.00427825
v -0.01605469 0.00000000 0.00416106
v -0.01191406 0.00234375 -0.00169831
v -0.01207031 0.00000000 -0.00181550
v -0.01191406 0.00234375 -0.00169831
v -0.01207031 0.00000000 -0.00181550
v -0.00753906 0.00234375 -0.00744050
v -0.00753906 0.00234375 -0.00744050
v -0.01207031 0.00000000 -0.00181550
v -0.00769531 0.00000000 -0.00759675
v -0.00753906 0.00234375 -0.00744050
v -0.00769531 0.00000000 -0.00759675
v -0.00285156 0.00234375 -0.01290925
v -0.00300781 0.00000000 -0.01306550
v -0.00285156 0.00234375 -0.01290925
v -0.00300781 0.00000000 -0.01306550
v 0.00207031 0.00234375 -0.01810456
v 0.00191406 0.00000000 -0.01826081
v 0.00207031 0.00234375 -0.01810456
v 0.00191406 0.00000000 -0.01826081
v 0.00738281 0.00234375 -0.02298738
v 0.00722656 0.00000000 -0.02314363
v 0.00738281 0.00234375 -0.02298738
v 0.00722656 0.00000000 -0.02314363
v 0.01292969 0.00234375 -0.02755769
v 0.01292969 0.00234375 -0.02755769
v 0.00722656 0.00000000 -0.02314363
v 0.01285156 0.00000000 -0.02771394
v 0.01292969 0.00234375 -0.02755769
v 0.01285156 0.00000000 -0.02771394
v 0.01878906 0.00234375 -0.03177644
v 0.01878906 0.00234375 -0.03177644
v 0.01285156 0.00000000 -0.02771394
v 0.01863281 0.00000000 -0.03193269
v 0.01878906 0.00234375 -0.03177644
v 0.01863281 0.00000000 -0.03193269
v 0.02480469 0.00234375 -0.03564362
v 0.02472656 0.00000000 -0.03583893
v 0.02480469 0.00234375 -0.03564362
v 0.02472656 0.00000000 -0.03583893
v 0.03113281 0.00234375 -0.03915925
v 0.03097656 0.00000000 -0.03931550
v 0.03113281 0.00234375 -0.03915925
v 0.03097656 0.00000000 -0.03931550
v 0.03761719 0.00234375 -0.04228425
v 0.03761719 0.00234375 -0.04228425
v 0.03097656 0.00000000 -0.03931550
v 0.03746094 0.00000000 -0.04247956
v 0.03761719 0.00234375 -0.04228425
v 0.03746094 0.00000000 -0.04247956
v 0.04425781 0.00234375 -0.04501862
v -0.03238281 0.00453125 0.05130950
v -0.03300781 0.00234375 0.05123138
v -0.03113281 0.00453125 0.04427825
v -0.03175781 0.00234375 0.04416106
v -0.03113281 0.00453125 0.04427825
v -0.03175781 0.00234375 0.04416106
v -0.02949219 0.00453125 0.03732513
v -0.03011719 0.00234375 0.03716888
v -0.02949219 0.00453125 0.03732513
v -0.03011719 0.00234375 0.03716888
v -0.02746094 0.00453125 0.03045013
v -0.02746094 0.00453125 0.03045013
v -0.03011719 0.00234375 0.03716888
v -0.02808594 0.00234375 0.03025481
v -0.02746094 0.00453125 0.03045013
v -0.02808594 0.00234375 0.03025481
v -0.02503906 0.00453125 0.02373138
v -0.02503906 0.00453125 0.02373138
v -0.02808594 0.00234375 0.03025481
v -0.02558594 0.00234375 0.02349700
v -0.02503906 0.00453125 0.02373138
v -0.02558594 0.00234375 0.02349700
v -0.02214844 0.00453125 0.01716888
v -0.02214844 0.00453125 0.01716888
v -0.02558594 0.00234375 0.02349700
v -0.02269531 0.00234375 0.01689544
v -0.02214844 0.00453125 0.01716888
v -0.02269531 0.00234375 0.01689544
v -0.01894531 0.00453125 0.01080169
v -0.01894531 0.00453125 0.01080169
v -0.02269531 0.00234375 0.01689544
v -0.01949219 0.00234375 0.01048919
v -0.01894531 0.00453125 0.01080169
v -0.01949219 0.00234375 0.01048919
v -0.01535156 0.00453125 0.00462981
v -0.01589844 0.00234375 0.00427825
v -0.01535156 0.00453125 0.00462981
v -0.01589844 0.00234375 0.00427825
v -0.01136719 0.00453125 -0.00134675
v -0.01191406 0.00234375 -0.00169831
v -0.01136719 0.00453125 -0.00134675
v -0.01191406 0.00234375 -0.00169831
v -0.00707031 0.00453125 -0.00704988
v -0.00707031 0.00453125 -0.00704988
v -0.01191406 0.00234375 -0.00169831
v -0.00753906 0.00234375 -0.00744050
v -0.00707031 0.00453125 -0.00704988
v -0.00753906 0.00234375 -0.00744050
v -0.00238281 0.00453125 -0.01251863
v -0.00285156 0.00234375 -0.01290925
v -0.00238281 0.00453125 -0.01251863
v -0.00285156 0.00234375 -0.01290925
v 0.00253906 0.00453125 -0.01767488
v 0.00253906 0.00453125 -0.01767488
v -0.00285156 0.00234375 -0.01290925
v 0.00207031 0.00234375 -0.01810456
v 0.00253906 0.00453125 -0.01767488
v 0.00207031 0.00234375 -0.01810456
v 0.00777344 0.00453125 -0.02251863
v 0.00777344 0.00453125 -0.02251863
v 0.00207031 0.00234375 -0.01810456
v 0.00738281 0.00234375 -0.02298738
v 0.00777344 0.00453125 -0.02251863
v 0.00738281 0.00234375 -0.02298738
v 0.01332031 0.00453125 -0.02704988
v 0.01332031 0.00453125 -0.02704988
v 0.00738281 0.00234375 -0.02298738
v 0.01292969 0.00234375 -0.02755769
v 0.01332031 0.00453125 -0.02704988
v 0.01292969 0.00234375 -0.02755769
v 0.01910156 0.00453125 -0.03126863
v 0.01910156 0.00453125 -0.03126863
v 0.01292969 0.00234375 -0.02755769
v 0.01878906 0.00234375 -0.03177644
v 0.01910156 0.00453125 -0.03126863
v 0.01878906 0.00234375 -0.03177644
v 0.02511719 0.00453125 -0.03509675
v 0.02511719 0.00453125 -0.03509675
v 0.01878906 0.00234375 -0.03177644
v 0.02480469 0.00234375 -0.03564362
v 0.02511719 0.00453125 -0.03509675
v 0.02480469 0.00234375 -0.03564362
v 0.03136719 0.00453125 -0.03857331
v 0.03113281 0.00234375 -0.03915925
v 0.03136719 0.00453125 -0.03857331
v 0.03113281 0.00234375 -0.03915925
v 0.03785156 0.00453125 -0.04169831
v 0.03761719 0.00234375 -0.04228425
v 0.03785156 0.00453125 -0.04169831
v 0.03761719 0.00234375 -0.04228425
v 0.04449219 0.00453125 -0.04439362
v 0.04449219 0.00453125 -0.04439362
v 0.03761719 0.00234375 -0.04228425
v 0.04425781 0.00234375 -0.04501862
v 0.04449219 0.00453125 -0.04439362
v 0.04425781 0.00234375 -0.04501862
v 0.05121094 0.00453125 -0.04673737
v -0.03136719 0.00656250 0.05146575
v -0.03238281 0.00453125 0.05130950
v -0.03011719 0.00656250 0.04447356
v -0.03113281 0.00453125 0.04427825
v -0.03011719 0.00656250 0.04447356
v -0.03113281 0.00453125 0.04427825
v -0.02847656 0.00656250 0.03755950
v -0.02847656 0.00656250 0.03755950
v -0.03113281 0.00453125 0.04427825
v -0.02949219 0.00453125 0.03732513
v -0.02847656 0.00656250 0.03755950
v -0.02949219 0.00453125 0.03732513
v -0.02644531 0.00656250 0.03080169
v -0.02644531 0.00656250 0.03080169
v -0.02949219 0.00453125 0.03732513
v -0.02746094 0.00453125 0.03045013
v -0.02644531 0.00656250 0.03080169
v -0.02746094 0.00453125 0.03045013
v -0.02402344 0.00656250 0.02412200
v -0.02503906 0.00453125 0.02373138
v -0.02402344 0.00656250 0.02412200
v -0.02503906 0.00453125 0.02373138
v -0.02121094 0.00656250 0.01759856
v -0.02121094 0.00656250 0.01759856
v -0.02503906 0.00453125 0.02373138
v -0.02214844 0.00453125 0.01716888
v -0.02121094 0.00656250 0.01759856
v -0.02214844 0.00453125 0.01716888
v -0.01800781 0.00656250 0.01127044
v -0.01800781 0.00656250 0.01127044
v -0.02214844 0.00453125 0.01716888
v -0.01894531 0.00453125 0.01080169
v -0.01800781 0.00656250 0.01127044
v -0.01894531 0.00453125 0.01080169
v -0.01441406 0.00656250 0.00513763
v -0.01535156 0.00453125 0.00462981
v -0.01441406 0.00656250 0.00513763
v -0.01535156 0.00453125 0.00462981
v -0.01050781 0.00656250 -0.00076081
v -0.01136719 0.00453125 -0.00134675
v -0.01050781 0.00656250 -0.00076081
v -0.01136719 0.00453125 -0.00134675
v -0.00628906 0.00656250 -0.00642488
v -0.00628906 0.00656250 -0.00642488
v -0.01136719 0.00453125 -0.00134675
v -0.00707031 0.00453125 -0.00704988
v -0.00628906 0.00656250 -0.00642488
v -0.00707031 0.00453125 -0.00704988
v -0.00167969 0.00656250 -0.01181550
v -0.00238281 0.00453125 -0.01251863
v -0.00167969 0.00656250 -0.01181550
v -0.00238281 0.00453125 -0.01251863
v 0.00324219 0.00656250 -0.01693269
v 0.00324219 0.00656250 -0.01693269
v -0.00238281 0.00453125 -0.01251863
v 0.00253906 0.00453125 -0.01767488
v 0.00324219 0.00656250 -0.01693269
v 0.00253906 0.00453125 -0.01767488
v 0.00847656 0.00656250 -0.02173738
v 0.00847656 0.00656250 -0.02173738
v 0.00253906 0.00453125 -0.01767488
v 0.00777344 0.00453125 -0.02251863
v 0.00847656 0.00656250 -0.02173738
v 0.00777344 0.00453125 -0.02251863
v 0.01394531 0.00656250 -0.02622956
v 0.01394531 0.00656250 -0.02622956
v 0.00777344 0.00453125 -0.02251863
v 0.01332031 0.00453125 -0.02704988
v 0.01394531 0.00656250 -0.02622956
v 0.01332031 0.00453125 -0.02704988
v 0.01972656 0.00656250 -0.03040925
v 0.01972656 0.00656250 -0.03040925
v 0.01332031 0.00453125 -0.02704988
v 0.01910156 0.00453125 -0.03126863
v 0.01972656 0.00656250 -0.03040925
v 0.01910156 0.00453125 -0.03126863
v 0.02566406 0.00656250 -0.03419831
v 0.02511719 0.00453125 -0.03509675
v 0.02566406 0.00656250 -0.03419831
v 0.02511719 0.00453125 -0.03509675
v 0.03183594 0.00656250 -0.03767487
v 0.03183594 0.00656250 -0.03767487
v 0.02511719 0.00453125 -0.03509675
v 0.03136719 0.00453125 -0.03857331
v 0.03183594 0.00656250 -0.03767487
v 0.03136719 0.00453125 -0.03857331
v 0.03824219 0.00656250 -0.04076081
v 0.03785156 0.00453125 -0.04169831
v 0.03824219 0.00656250 -0.04076081
v 0.03785156 0.00453125 -0.04169831
v 0.04480469 0.00656250 -0.04345612
v 0.04480469 0.00656250 -0.04345612
v 0.03785156 0.00453125 -0.04169831
v 0.04449219 0.00453125 -0.04439362
v 0.04480469 0.00656250 -0.04345612
v 0.04449219 0.00453125 -0.04439362
v 0.05152344 0.00656250 -0.04576081
v 0.05152344 0.00656250 -0.04576081
v 0.04449219 0.00453125 -0.04439362
v 0.05121094 0.00453125 -0.04673737
v 0.05152344 0.00656250 -0.04576081
v 0.05121094 0.00453125 -0.04673737
v 0.05839844 0.00656250 -0.04763581
v -0.02707031 0.01000000 0.04509856
v -0.02824219 0.01000000 0.05189544
v -0.02996094 0.00843750 0.05166106
v -0.02996094 0.00843750 0.05166106
v -0.03136719 0.00656250 0.05146575
v -0.02878906 0.00843750 0.04474700
v -0.02878906 0.00843750 0.04474700
v -0.03136719 0.00656250 0.05146575
v -0.03011719 0.00656250 0.04447356
v -0.02878906 0.00843750 0.04474700
v -0.03011719 0.00656250 0.04447356
v -0.02714844 0.00843750 0.03795013
v -0.02714844 0.00843750 0.03795013
v -0.03011719 0.00656250 0.04447356
v -0.02847656 0.00656250 0.03755950
v -0.02714844 0.00843750 0.03795013
v -0.02847656 0.00656250 0.03755950
v -0.02519531 0.00843750 0.03123138
v -0.02519531 0.00843750 0.03123138
v -0.02847656 0.00656250 0.03755950
v -0.02644531 0.00656250 0.03080169
v -0.02519531 0.00843750 0.03123138
v -0.02644531 0.00656250 0.03080169
v -0.02277344 0.00843750 0.02462981
v -0.02277344 0.00843750 0.02462981
v -0.02644531 0.00656250 0.03080169
v -0.02402344 0.00656250 0.02412200
v -0.02277344 0.00843750 0.02462981
v -0.02402344 0.00656250 0.02412200
v -0.01996094 0.00843750 0.01818450
v -0.01996094 0.00843750 0.01818450
v -0.02402344 0.00656250 0.02412200
v -0.02121094 0.00656250 0.01759856
v -0.01996094 0.00843750 0.01818450
v -0.02121094 0.00656250 0.01759856
v -0.01683594 0.00843750 0.01193450
v -0.01683594 0.00843750 0.01193450
v -0.02121094 0.00656250 0.01759856
v -0.01800781 0.00656250 0.01127044
v -0.01683594 0.00843750 0.01193450
v -0.01800781 0.00656250 0.01127044
v -0.01324219 0.00843750 0.00587981
v -0.01324219 0.00843750 0.00587981
v -0.01800781 0.00656250 0.01127044
v -0.01441406 0.00656250 0.00513763
v -0.01324219 0.00843750 0.00587981
v -0.01441406 0.00656250 0.00513763
v -0.00941406 0.00843750 0.00005950
v -0.00941406 0.00843750 0.00005950
v -0.01441406 0.00656250 0.00513763
v -0.01050781 0.00656250 -0.00076081
v -0.00941406 0.00843750 0.00005950
v -0.01050781 0.00656250 -0.00076081
v -0.00519531 0.00843750 -0.00552644
v -0.00519531 0.00843750 -0.00552644
v -0.01050781 0.00656250 -0.00076081
v -0.00628906 0.00656250 -0.00642488
v -0.00519531 0.00843750 -0.00552644
v -0.00628906 0.00656250 -0.00642488
v -0.00058594 0.00843750 -0.01087800
v -0.00058594 0.00843750 -0.01087800
v -0.00628906 0.00656250 -0.00642488
v -0.00167969 0.00656250 -0.01181550
v -0.00058594 0.00843750 -0.01087800
v -0.00167969 0.00656250 -0.01181550
v 0.00425781 0.00843750 -0.01591706
v 0.00324219 0.00656250 -0.01693269
v 0.00425781 0.00843750 -0.01591706
v 0.00324219 0.00656250 -0.01693269
v 0.00941406 0.00843750 -0.02068269
v 0.00941406 0.00843750 -0.02068269
v 0.00324219 0.00656250 -0.01693269
v 0.00847656 0.00656250 -0.02173738
v 0.00941406 0.00843750 -0.02068269
v 0.00847656 0.00656250 -0.02173738
v 0.01480469 0.00843750 -0.02513581
v 0.01394531 0.00656250 -0.02622956
v 0.01480469 0.00843750 -0.02513581
v 0.01394531 0.00656250 -0.02622956
v 0.02050781 0.00843750 -0.02923738
v 0.01972656 0.00656250 -0.03040925
v 0.02050781 0.00843750 -0.02923738
v 0.01972656 0.00656250 -0.03040925
v 0.02636719 0.00843750 -0.03302643
v 0.02636719 0.00843750 -0.03302643
v 0.01972656 0.00656250 -0.03040925
v 0.02566406 0.00656250 -0.03419831
v 0.02636719 0.00843750 -0.03302643
v 0.02566406 0.00656250 -0.03419831
v 0.03253906 0.00843750 -0.03642487
v 0.03253906 0.00843750 -0.03642487
v 0.02566406 0.00656250 -0.03419831
v 0.03183594 0.00656250 -0.03767487
v 0.03253906 0.00843750 -0.03642487
v 0.03183594 0.00656250 -0.03767487
v 0.03878906 0.00843750 -0.03947175
v 0.03878906 0.00843750 -0.03947175
v 0.03183594 0.00656250 -0.03767487
v 0.03824219 0.00656250 -0.04076081
v 0.03878906 0.00843750 -0.03947175
v 0.03824219 0.00656250 -0.04076081
v 0.04527344 0.00843750 -0.04216706
v 0.04527344 0.00843750 -0.04216706
v 0.03824219 0.00656250 -0.04076081
v 0.04480469 0.00656250 -0.04345612
v 0.04527344 0.00843750 -0.04216706
v 0.04480469 0.00656250 -0.04345612
v 0.05191406 0.00843750 -0.04443268
v 0.05152344 0.00656250 -0.04576081
v 0.05191406 0.00843750 -0.04443268
v 0.05152344 0.00656250 -0.04576081
v 0.05871094 0.00843750 -0.04630768
v 0.05839844 0.00656250 -0.04763581
v 0.05871094 0.00843750 -0.04630768
v 0.05839844 0.00656250 -0.04763581
v 0.06558594 0.00843750 -0.04779206
v -0.02550781 0.01000000 0.03837981
v -0.02707031 0.01000000 0.04509856
v -0.02878906 0.00843750 0.04474700
v -0.02878906 0.00843750 0.04474700
v -0.02707031 0.01000000 0.04509856
v -0.02996094 0.00843750 0.05166106
v -0.02550781 0.01000000 0.03837981
v -0.02878906 0.00843750 0.04474700
v -0.02714844 0.00843750 0.03795013
v -0.02355469 0.01000000 0.03173919
v -0.02550781 0.01000000 0.03837981
v -0.02714844 0.00843750 0.03795013
v -0.02519531 0.00843750 0.03123138
v -0.02121094 0.01000000 0.02525481
v -0.02355469 0.01000000 0.03173919
v -0.02519531 0.00843750 0.03123138
v -0.02121094 0.01000000 0.02525481
v -0.02519531 0.00843750 0.03123138
v -0.02277344 0.00843750 0.02462981
v -0.01839844 0.01000000 0.01892669
v -0.02121094 0.01000000 0.02525481
v -0.02277344 0.00843750 0.02462981
v -0.01839844 0.01000000 0.01892669
v -0.02277344 0.00843750 0.02462981
v -0.01996094 0.00843750 0.01818450
v -0.01527344 0.01000000 0.01275481
v -0.01839844 0.01000000 0.01892669
v -0.01996094 0.00843750 0.01818450
v -0.01527344 0.01000000 0.01275481
v -0.01996094 0.00843750 0.01818450
v -0.01683594 0.00843750 0.01193450
v -0.01183594 0.01000000 0.00677825
v -0.01527344 0.01000000 0.01275481
v -0.01683594 0.00843750 0.01193450
v -0.01183594 0.01000000 0.00677825
v -0.01683594 0.00843750 0.01193450
v -0.01324219 0.00843750 0.00587981
v -0.00800781 0.01000000 0.00103606
v -0.01183594 0.01000000 0.00677825
v -0.01324219 0.00843750 0.00587981
v -0.00800781 0.01000000 0.00103606
v -0.01324219 0.00843750 0.00587981
v -0.00941406 0.00843750 0.00005950
v -0.00386719 0.01000000 -0.00447175
v -0.00800781 0.01000000 0.00103606
v -0.00941406 0.00843750 0.00005950
v -0.00519531 0.00843750 -0.00552644
v 0.00066406 0.01000000 -0.00974519
v -0.00386719 0.01000000 -0.00447175
v -0.00519531 0.00843750 -0.00552644
v 0.00066406 0.01000000 -0.00974519
v -0.00519531 0.00843750 -0.00552644
v -0.00058594 0.00843750 -0.01087800
v 0.00542969 0.01000000 -0.01470613
v 0.00066406 0.01000000 -0.00974519
v -0.00058594 0.00843750 -0.01087800
v 0.00425781 0.00843750 -0.01591706
v 0.01050781 0.01000000 -0.01939363
v 0.00542969 0.01000000 -0.01470613
v 0.00425781 0.00843750 -0.01591706
v 0.00941406 0.00843750 -0.02068269
v 0.01582031 0.01000000 -0.02376863
v 0.01050781 0.01000000 -0.01939363
v 0.00941406 0.00843750 -0.02068269
v 0.01582031 0.01000000 -0.02376863
v 0.00941406 0.00843750 -0.02068269
v 0.01480469 0.00843750 -0.02513581
v 0.02144531 0.01000000 -0.02783113
v 0.01582031 0.01000000 -0.02376863
v 0.01480469 0.00843750 -0.02513581
v 0.02144531 0.01000000 -0.02783113
v 0.01480469 0.00843750 -0.02513581
v 0.02050781 0.00843750 -0.02923738
v 0.02722656 0.01000000 -0.03154206
v 0.02144531 0.01000000 -0.02783113
v 0.02050781 0.00843750 -0.02923738
v 0.02722656 0.01000000 -0.03154206
v 0.02050781 0.00843750 -0.02923738
v 0.02636719 0.00843750 -0.03302643
v 0.03332031 0.01000000 -0.03494050
v 0.02722656 0.01000000 -0.03154206
v 0.02636719 0.00843750 -0.03302643
v 0.03332031 0.01000000 -0.03494050
v 0.02636719 0.00843750 -0.03302643
v 0.03253906 0.00843750 -0.03642487
v 0.03949219 0.01000000 -0.03790925
v 0.03332031 0.01000000 -0.03494050
v 0.03253906 0.00843750 -0.03642487
v 0.03949219 0.01000000 -0.03790925
v 0.03253906 0.00843750 -0.03642487
v 0.03878906 0.00843750 -0.03947175
v 0.04589844 0.01000000 -0.04056550
v 0.03949219 0.01000000 -0.03790925
v 0.03878906 0.00843750 -0.03947175
v 0.04527344 0.00843750 -0.04216706
v 0.05246094 0.01000000 -0.04279206
v 0.04589844 0.01000000 -0.04056550
v 0.04527344 0.00843750 -0.04216706
v 0.05246094 0.01000000 -0.04279206
v 0.04527344 0.00843750 -0.04216706
v 0.05191406 0.00843750 -0.04443268
v 0.05910156 0.01000000 -0.04466706
v 0.05246094 0.01000000 -0.04279206
v 0.05191406 0.00843750 -0.04443268
v 0.05910156 0.01000000 -0.04466706
v 0.05191406 0.00843750 -0.04443268
v 0.05871094 0.00843750 -0.04630768
v 0.06582032 0.01000000 -0.04611237
v 0.05910156 0.01000000 -0.04466706
v 0.05871094 0.00843750 -0.04630768
v 0.06558594 0.00843750 -0.04779206
v 0.06582032 0.01000000 -0.04611237
v -0.02199219 -0.00109375 -0.02837800
v -0.02222656 0.00085938 -0.02837800
v -0.00816406 0.00828125 -0.02837800
v -0.02199219 0.00281250 -0.02837800
v -0.02136719 0.00468750 -0.02837800
v -0.02035156 0.00632813 -0.02837800
v -0.01902344 0.00773438 -0.02837800
v -0.01746094 0.00882813 -0.02837800
v -0.00988281 0.00921875 -0.02837800
v -0.01558594 0.00953125 -0.02837800
v -0.01175781 0.00976563 -0.02837800
v -0.01371094 0.00984375 -0.02837800
v -0.00667969 0.00703125 -0.02837800
v -0.00816406 -0.00656250 -0.02837800
v -0.00988281 -0.00750000 -0.02837800
v -0.01175781 -0.00804688 -0.02837800
v -0.00667969 -0.00531250 -0.02837800
v -0.00550781 0.00554688 -0.02837800
v -0.00550781 -0.00375000 -0.02837800
v -0.00472656 0.00375000 -0.02837800
v -0.00472656 -0.00203125 -0.02837800
v -0.00425781 0.00187500 -0.02837800
v -0.00425781 -0.00007813 -0.02837800
v -0.01371094 -0.00812500 -0.02837800
v -0.01558594 -0.00781250 -0.02837800
v -0.01746094 -0.00710938 -0.02837800
v -0.01902344 -0.00601563 -0.02837800
v -0.02035156 -0.00460938 -0.02837800
v -0.02136719 -0.00289063 -0.02837800
v -0.02199219 -0.00109375 -0.02837800
v -0.02199219 -0.00109375 -0.06837800
v -0.02222656 0.00085938 -0.02837800
v -0.02222656 0.00085938 -0.06837800
v -0.02222656 0.00085938 -0.02837800
v -0.02222656 0.00085938 -0.06837800
v -0.02199219 0.00281250 -0.02837800
v -0.02199219 0.00281250 -0.06837800
v -0.02199219 0.00281250 -0.02837800
v -0.02199219 0.00281250 -0.06837800
v -0.02136719 0.00468750 -0.02837800
v -0.02136719 0.00468750 -0.06837800
v -0.02136719 0.00468750 -0.02837800
v -0.02136719 0.00468750 -0.06837800
v -0.02035156 0.00632813 -0.02837800
v -0.02035156 0.00632813 -0.06837800
v -0.02035156 0.00632813 -0.02837800
v -0.02035156 0.00632813 -0.06837800
v -0.01902344 0.00773438 -0.02837800
v -0.01902344 0.00773438 -0.06837800
v -0.01902344 0.00773438 -0.02837800
v -0.01902344 0.00773438 -0.06837800
v -0.01746094 0.00882813 -0.02837800
v -0.01746094 0.00882813 -0.06837800
v -0.01746094 0.00882813 -0.02837800
v -0.01746094 0.00882813 -0.06837800
v -0.01558594 0.00953125 -0.02837800
v -0.01558594 0.00953125 -0.06837800
v -0.01558594 0.00953125 -0.02837800
v -0.01558594 0.00953125 -0.06837800
v -0.01371094 0.00984375 -0.02837800
v -0.01371094 0.00984375 -0.06837800
v -0.01371094 0.00984375 -0.02837800
v -0.01371094 0.00984375 -0.06837800
v -0.01175781 0.00976563 -0.02837800
v -0.01175781 0.00976563 -0.06837800
v -0.01175781 0.00976563 -0.02837800
v -0.01175781 0.00976563 -0.06837800
v -0.00988281 0.00921875 -0.02837800
v -0.00988281 0.00921875 -0.06837800
v -0.00988281 0.00921875 -0.02837800
v -0.00988281 0.00921875 -0.06837800
v -0.00816406 0.00828125 -0.02837800
v -0.00816406 0.00828125 -0.06837800
v -0.00816406 0.00828125 -0.02837800
v -0.00816406 0.00828125 -0.06837800
v -0.00667969 0.00703125 -0.02837800
v -0.00667969 0.00703125 -0.06837800
v -0.00667969 0.00703125 -0.02837800
v -0.00667969 0.00703125 -0.06837800
v -0.00550781 0.00554688 -0.02837800
v -0.00550781 0.00554688 -0.06837800
v -0.00550781 0.00554688 -0.02837800
v -0.00550781 0.00554688 -0.06837800
v -0.00472656 0.00375000 -0.02837800
v -0.00472656 0.00375000 -0.06837800
v -0.00472656 0.00375000 -0.02837800
v -0.00472656 0.00375000 -0.06837800
v -0.00425781 0.00187500 -0.02837800
v -0.00425781 0.00187500 -0.06837800
v -0.00425781 0.00187500 -0.02837800
v -0.00425781 0.00187500 -0.06837800
v -0.00425781 -0.00007813 -0.02837800
v -0.00425781 -0.00007813 -0.06837800
v -0.00425781 -0.00007813 -0.02837800
v -0.00425781 -0.00007813 -0.06837800
v -0.00472656 -0.00203125 -0.02837800
v -0.00472656 -0.00203125 -0.06837800
v -0.00472656 -0.00203125 -0.02837800
v -0.00472656 -0.00203125 -0.06837800
v -0.00550781 -0.00375000 -0.02837800
v -0.00550781 -0.00375000 -0.06837800
v -0.00550781 -0.00375000 -0.02837800
v -0.00550781 -0.00375000 -0.06837800
v -0.00667969 -0.00531250 -0.02837800
v -0.00667969 -0.00531250 -0.06837800
v -0.00667969 -0.00531250 -0.02837800
v -0.00667969 -0.00531250 -0.06837800
v -0.00816406 -0.00656250 -0.02837800
v -0.00816406 -0.00656250 -0.06837800
v -0.00816406 -0.00656250 -0.02837800
v -0.00816406 -0.00656250 -0.06837800
v -0.00988281 -0.00750000 -0.02837800
v -0.00988281 -0.00750000 -0.06837800
v -0.00988281 -0.00750000 -0.02837800
v -0.00988281 -0.00750000 -0.06837800
v -0.01175781 -0.00804688 -0.02837800
v -0.01175781 -0.00804688 -0.06837800
v -0.01175781 -0.00804688 -0.02837800
v -0.01175781 -0.00804688 -0.06837800
v -0.01371094 -0.00812500 -0.02837800
v -0.01371094 -0.00812500 -0.06837800
v -0.01371094 -0.00812500 -0.02837800
v -0.01371094 -0.00812500 -0.06837800
v -0.01558594 -0.00781250 -0.02837800
v -0.01558594 -0.00781250 -0.06837800
v -0.01558594 -0.00781250 -0.02837800
v -0.01558594 -0.00781250 -0.06837800
v -0.01746094 -0.00710938 -0.02837800
v -0.01746094 -0.00710938 -0.06837800
v -0.01746094 -0.00710938 -0.02837800
v -0.01746094 -0.00710938 -0.06837800
v -0.01902344 -0.00601563 -0.02837800
v -0.01902344 -0.00601563 -0.06837800
v -0.01902344 -0.00601563 -0.02837800
v -0.01902344 -0.00601563 -0.06837800
v -0.02035156 -0.00460938 -0.02837800
v -0.02035156 -0.00460938 -0.06837800
v -0.02035156 -0.00460938 -0.02837800
v -0.02035156 -0.00460938 -0.06837800
v -0.02136719 -0.00289063 -0.02837800
v -0.02136719 -0.00289063 -0.06837800
v -0.02136719 -0.00289063 -0.02837800
v -0.02136719 -0.00289063 -0.06837800
v -0.02199219 -0.00109375 -0.02837800
v -0.02199219 -0.00109375 -0.06837800
v -0.03191406 -0.02875000 0.05837981
v -0.04933594 -0.02875000 0.05837981
v -0.03636719 -0.02875000 0.05564544
v -0.04066406 -0.02875000 0.05255950
v -0.04464844 -0.02875000 0.04916106
v -0.04839844 -0.02875000 0.04545013
v -0.05347656 -0.02875000 0.05459075
v -0.05183594 -0.02875000 0.04142669
v -0.05730469 -0.02875000 0.05052825
v -0.05496094 -0.02875000 0.03720794
v -0.06082031 -0.02875000 0.04619231
v -0.05769531 -0.02875000 0.03271575
v -0.06394531 -0.02875000 0.04162200
v -0.06003906 -0.02875000 0.02802825
v -0.06683594 -0.02875000 0.03681731
v -0.06207031 -0.02875000 0.02318450
v -0.06933594 -0.02875000 0.03185638
v -0.06371094 -0.02875000 0.01818450
v -0.07144532 -0.02875000 0.02670013
v -0.06496094 -0.02875000 0.01306731
v -0.07316407 -0.02875000 0.02138763
v -0.07457032 -0.02875000 0.01595794
v -0.06574219 -0.02875000 0.00787200
v -0.07550782 -0.02875000 0.01048919
v -0.06621094 -0.02875000 0.00263763
v -0.07605469 -0.02875000 0.00494231
v -0.07621094 -0.02875000 -0.00064363
v -0.06621094 -0.02875000 -0.00263581
v -0.07597657 -0.02875000 -0.00622956
v -0.07535157 -0.02875000 -0.01177644
v -0.06574219 -0.02875000 -0.00787019
v -0.07425782 -0.02875000 -0.01724519
v -0.06496094 -0.02875000 -0.01306550
v -0.07285157 -0.02875000 -0.02263581
v -0.06371094 -0.02875000 -0.01818269
v -0.07097657 -0.02875000 -0.02790925
v -0.06878907 -0.02875000 -0.03302643
v -0.06207031 -0.02875000 -0.02318269
v -0.06621094 -0.02875000 -0.03794831
v -0.06003906 -0.02875000 -0.02802644
v -0.06324219 -0.02875000 -0.04271393
v -0.05769531 -0.02875000 -0.03271393
v -0.06003906 -0.02875000 -0.04720612
v -0.05496094 -0.02875000 -0.03720612
v -0.05644531 -0.02875000 -0.05150300
v -0.05183594 -0.02875000 -0.04146393
v -0.05253906 -0.02875000 -0.05548737
v -0.04839844 -0.02875000 -0.04544831
v -0.04839844 -0.02875000 -0.05919831
v -0.04464844 -0.02875000 -0.04915925
v -0.04394531 -0.02875000 -0.06259675
v -0.04066406 -0.02875000 -0.05255768
v -0.03925781 -0.02875000 -0.06568270
v -0.03636719 -0.02875000 -0.05564362
v -0.03441406 -0.02875000 -0.06837800
v -0.03191406 -0.02875000 -0.05837800
v -0.01332031 -0.02875000 -0.06837800
v -0.01332031 -0.02875000 -0.05837800
v -0.03191406 0.05320312 0.05837981
v -0.00527344 0.05101562 0.05837981
v 0.00316406 0.05320312 0.05837981
v -0.00339844 0.05117187 0.05837981
v -0.00160156 0.05093750 0.05837981
v -0.03191406 0.04523437 0.05837981
v -0.00996094 0.04835937 0.05837981
v -0.00855469 0.04953125 0.05837981
v -0.00699219 0.05039062 0.05837981
v -0.01191406 0.04523437 0.05837981
v -0.01113281 0.04687500 0.05837981
v 0.00019531 0.05039062 0.05837981
v 0.00175781 0.04953125 0.05837981
v 0.00316406 0.04828125 0.05837981
v 0.00316406 0.05320312 0.05837981
v 0.00316406 0.05320312 0.06033294
v -0.03191406 0.05320312 0.05837981
v -0.04699219 0.05320312 0.06033294
v -0.03636719 0.05320312 0.05564544
v -0.04066406 0.05320312 0.05255950
v -0.04464844 0.05320312 0.04916106
v -0.05121094 0.05320312 0.05673919
v -0.04839844 0.05320312 0.04545013
v -0.05519531 0.05320312 0.05283294
v -0.05183594 0.05320312 0.04142669
v -0.05886719 0.05320312 0.04869231
v -0.05496094 0.05320312 0.03720794
v -0.06222656 0.05320312 0.04427825
v -0.05769531 0.05320312 0.03271575
v -0.06519532 0.05320312 0.03962981
v -0.06003906 0.05320312 0.02802825
v -0.06792969 0.05320312 0.03474700
v -0.06207031 0.05320312 0.02318450
v -0.07027344 0.05320312 0.02970794
v -0.06371094 0.05320312 0.01818450
v -0.07222657 0.05320312 0.02455169
v -0.07378907 0.05320312 0.01920013
v -0.06496094 0.05320312 0.01306731
v -0.07496094 0.05320312 0.01380950
v -0.06574219 0.05320312 0.00787200
v -0.07582032 0.05320312 0.00830169
v -0.06621094 0.05320312 0.00263763
v -0.07621094 0.05320312 0.00275481
v -0.07621094 0.05320312 -0.00279206
v -0.06621094 0.05320312 -0.00263581
v -0.07582032 0.05320312 -0.00833894
v -0.06574219 0.05320312 -0.00787019
v -0.07496094 0.05320312 -0.01380769
v -0.06496094 0.05320312 -0.01306550
v -0.07378907 0.05320312 -0.01923738
v -0.06371094 0.05320312 -0.01818269
v -0.07222657 0.05320312 -0.02454988
v -0.07027344 0.05320312 -0.02974519
v -0.06207031 0.05320312 -0.02318269
v -0.06792969 0.05320312 -0.03478425
v -0.06003906 0.05320312 -0.02802644
v -0.06519532 0.05320312 -0.03962800
v -0.05769531 0.05320312 -0.03271393
v -0.06222656 0.05320312 -0.04427643
v -0.05496094 0.05320312 -0.03720612
v -0.05886719 0.05320312 -0.04869050
v -0.05183594 0.05320312 -0.04146393
v -0.05519531 0.05320312 -0.05287018
v -0.04839844 0.05320312 -0.04544831
v -0.05121094 0.05320312 -0.05673737
v -0.04464844 0.05320312 -0.04915925
v -0.04699219 0.05320312 -0.06033112
v -0.04066406 0.05320312 -0.05255768
v -0.03636719 0.05320312 -0.05564362
v -0.03191406 0.05320312 -0.05837800
v -0.01355469 0.05320312 -0.06033112
v -0.01355469 0.05320312 -0.05837800
v -0.03191406 0.02921875 0.05837981
v -0.03636719 0.02921875 0.05564544
v -0.04933594 0.02921875 0.05837981
v -0.04066406 0.02921875 0.05255950
v -0.04464844 0.02921875 0.04916106
v -0.04839844 0.02921875 0.04545013
v -0.05347656 0.02921875 0.05459075
v -0.05183594 0.02921875 0.04142669
v -0.05722656 0.02921875 0.05052825
v -0.05496094 0.02921875 0.03720794
v -0.06074219 0.02921875 0.04623138
v -0.05769531 0.02921875 0.03271575
v -0.06394531 0.02921875 0.04166106
v -0.06003906 0.02921875 0.02802825
v -0.06683594 0.02921875 0.03685638
v -0.06207031 0.02921875 0.02318450
v -0.06933594 0.02921875 0.03189544
v -0.06371094 0.02921875 0.01818450
v -0.07144532 0.02921875 0.02673919
v -0.07316407 0.02921875 0.02146575
v -0.06496094 0.02921875 0.01306731
v -0.07457032 0.02921875 0.01603606
v -0.06574219 0.02921875 0.00787200
v -0.07550782 0.02921875 0.01056731
v -0.06621094 0.02921875 0.00263763
v -0.07605469 0.02921875 0.00502044
v -0.07621094 0.02921875 -0.00056550
v -0.06621094 0.02921875 -0.00263581
v -0.07597657 0.02921875 -0.00611238
v -0.06574219 0.02921875 -0.00787019
v -0.07535157 0.02921875 -0.01165925
v -0.07433594 0.02921875 -0.01712800
v -0.06496094 0.02921875 -0.01306550
v -0.07285157 0.02921875 -0.02247956
v -0.06371094 0.02921875 -0.01818269
v -0.07105469 0.02921875 -0.02775300
v -0.06886719 0.02921875 -0.03287018
v -0.06207031 0.02921875 -0.02318269
v -0.06628907 0.02921875 -0.03783112
v -0.06003906 0.02921875 -0.02802644
v -0.06339844 0.02921875 -0.04255768
v -0.05769531 0.02921875 -0.03271393
v -0.06011719 0.02921875 -0.04708893
v -0.05496094 0.02921875 -0.03720612
v -0.05652344 0.02921875 -0.05134675
v -0.05183594 0.02921875 -0.04146393
v -0.05269531 0.02921875 -0.05537018
v -0.04839844 0.02921875 -0.04544831
v -0.04855469 0.02921875 -0.05908112
v -0.04464844 0.02921875 -0.04915925
v -0.04410156 0.02921875 -0.06247956
v -0.04066406 0.02921875 -0.05255768
v -0.03949219 0.02921875 -0.06556550
v -0.03636719 0.02921875 -0.05564362
v -0.03464844 0.02921875 -0.06829988
v -0.03191406 0.02921875 -0.05837800
v -0.01105469 0.02921875 -0.06829988
v -0.01105469 0.02921875 -0.05837800
v -0.03933594 0.04523437 -0.06564363
v -0.03636719 0.04523437 -0.05564362
v -0.03441406 0.04523437 -0.06837800
v -0.03191406 0.04523437 -0.05837800
v -0.01808594 0.04523437 -0.06837800
v -0.01808594 0.04523437 -0.05837800
v -0.04066406 0.04523437 -0.05255768
v -0.04402344 0.04523437 -0.06255768
v -0.04464844 0.04523437 -0.04915925
v -0.04847656 0.04523437 -0.05912018
v -0.04839844 0.04523437 -0.04544831
v -0.05269531 0.04523437 -0.05537018
v -0.05183594 0.04523437 -0.04146393
v -0.05660156 0.04523437 -0.05134675
v -0.05496094 0.04523437 -0.03720612
v -0.06019531 0.04523437 -0.04701081
v -0.05769531 0.04523437 -0.03271393
v -0.06347656 0.04523437 -0.04244050
v -0.06003906 0.04523437 -0.02802644
v -0.06636719 0.04523437 -0.03767487
v -0.06207031 0.04523437 -0.02318269
v -0.06894532 0.04523437 -0.03267487
v -0.06371094 0.04523437 -0.01818269
v -0.07113282 0.04523437 -0.02747956
v -0.06496094 0.04523437 -0.01306550
v -0.07300782 0.04523437 -0.02216706
v -0.07441407 0.04523437 -0.01673738
v -0.06574219 0.04523437 -0.00787019
v -0.07542969 0.04523437 -0.01122956
v -0.06621094 0.04523437 -0.00263581
v -0.07605469 0.04523437 -0.00564363
v -0.07621094 0.04523437 -0.00001862
v -0.06621094 0.04523437 0.00263763
v -0.07605469 0.04523437 0.00560638
v -0.07542969 0.04523437 0.01119231
v -0.06574219 0.04523437 0.00787200
v -0.07441407 0.04523437 0.01673919
v -0.06496094 0.04523437 0.01306731
v -0.07300782 0.04523437 0.02216888
v -0.07113282 0.04523437 0.02748138
v -0.06371094 0.04523437 0.01818450
v -0.06894532 0.04523437 0.03263763
v -0.06207031 0.04523437 0.02318450
v -0.06636719 0.04523437 0.03763763
v -0.06003906 0.04523437 0.02802825
v -0.06347656 0.04523437 0.04244231
v -0.05769531 0.04523437 0.03271575
v -0.06019531 0.04523437 0.04701263
v -0.05496094 0.04523437 0.03720794
v -0.05660156 0.04523437 0.05130950
v -0.05183594 0.04523437 0.04142669
v -0.05269531 0.04523437 0.05537200
v -0.04839844 0.04523437 0.04545013
v -0.04847656 0.04523437 0.05912200
v -0.04464844 0.04523437 0.04916106
v -0.04402344 0.04523437 0.06252044
v -0.04066406 0.04523437 0.05255950
v -0.03933594 0.04523437 0.06560638
v -0.03636719 0.04523437 0.05564544
v -0.03441406 0.04523437 0.06837983
v -0.03191406 0.04523437 0.05837981
v -0.01191406 0.04523437 0.06837983
v -0.01191406 0.04523437 0.05837981
v -0.00980469 0.03578125 0.05837981
v -0.01027344 0.03632812 0.02779388
v -0.01097656 0.03718750 0.05837981
v -0.01097656 0.03718750 0.05837981
v -0.01027344 0.03632812 0.02779388
v -0.01136719 0.03796875 0.02779388
v -0.01097656 0.03718750 0.05837981
v -0.01136719 0.03796875 0.02779388
v -0.01097656 0.03718750 0.06837983
v -0.01097656 0.03718750 0.06837983
v -0.01136719 0.03796875 0.02779388
v -0.01175781 0.03867187 0.06837983
v -0.01175781 0.03867187 0.06837983
v -0.01136719 0.03796875 0.02779388
v -0.01207031 0.03976562 0.02779388
v -0.01175781 0.03867187 0.06837983
v -0.01207031 0.03976562 0.02779388
v -0.01222656 0.04031250 0.06837983
v -0.01222656 0.04031250 0.06837983
v -0.01207031 0.03976562 0.02779388
v -0.01238281 0.04164062 0.02779388
v -0.01222656 0.04031250 0.06837983
v -0.01238281 0.04164062 0.02779388
v -0.01246094 0.04195312 0.06837983
v -0.01246094 0.04195312 0.06837983
v -0.01238281 0.04164062 0.02779388
v -0.01230469 0.04359375 0.02779388
v -0.01246094 0.04195312 0.06837983
v -0.01230469 0.04359375 0.02779388
v -0.01230469 0.04359375 0.06837983
v -0.01230469 0.04359375 0.06837983
v -0.01230469 0.04359375 0.02779388
v -0.01191406 0.04523437 0.06837983
v -0.01191406 0.04523437 0.05837981
v -0.01191406 0.04523437 0.05837981
v -0.01230469 0.04359375 0.02779388
v -0.01175781 0.04546875 0.02779388
v -0.01191406 0.04523437 0.05837981
v -0.01175781 0.04546875 0.02779388
v -0.01113281 0.04687500 0.05837981
v -0.01113281 0.04687500 0.05837981
v -0.01175781 0.04546875 0.02779388
v -0.01089844 0.04718750 0.02779388
v -0.01113281 0.04687500 0.05837981
v -0.01089844 0.04718750 0.02779388
v -0.00996094 0.04835937 0.05837981
v -0.00996094 0.04835937 0.05837981
v -0.01089844 0.04718750 0.02779388
v -0.00964844 0.04867187 0.02779388
v -0.00996094 0.04835937 0.05837981
v -0.00964844 0.04867187 0.02779388
v -0.00855469 0.04953125 0.05837981
v -0.00855469 0.04953125 0.05837981
v -0.00964844 0.04867187 0.02779388
v -0.00808594 0.04984375 0.02779388
v -0.00855469 0.04953125 0.05837981
v -0.00808594 0.04984375 0.02779388
v -0.00699219 0.05039062 0.05837981
v -0.00699219 0.05039062 0.05837981
v -0.00808594 0.04984375 0.02779388
v -0.00628906 0.05070312 0.02779388
v -0.00699219 0.05039062 0.05837981
v -0.00628906 0.05070312 0.02779388
v -0.00527344 0.05101562 0.05837981
v -0.00527344 0.05101562 0.05837981
v -0.00628906 0.05070312 0.02779388
v -0.00441406 0.05109375 0.02779388
v -0.00527344 0.05101562 0.05837981
v -0.00441406 0.05109375 0.02779388
v -0.00339844 0.05117187 0.05837981
v -0.00339844 0.05117187 0.05837981
v -0.00441406 0.05109375 0.02779388
v -0.00246094 0.05109375 0.02779388
v -0.00339844 0.05117187 0.05837981
v -0.00246094 0.05109375 0.02779388
v -0.00160156 0.05093750 0.05837981
v -0.00160156 0.05093750 0.05837981
v -0.00246094 0.05109375 0.02779388
v -0.00058594 0.05070312 0.02779388
v -0.00160156 0.05093750 0.05837981
v -0.00058594 0.05070312 0.02779388
v 0.00019531 0.05039062 0.05837981
v 0.00019531 0.05039062 0.05837981
v -0.00058594 0.05070312 0.02779388
v 0.00121094 0.04984375 0.02779388
v 0.00019531 0.05039062 0.05837981
v 0.00121094 0.04984375 0.02779388
v 0.00175781 0.04953125 0.05837981
v 0.00175781 0.04953125 0.05837981
v 0.00121094 0.04984375 0.02779388
v 0.00277344 0.04867187 0.02779388
v 0.00175781 0.04953125 0.05837981
v 0.00277344 0.04867187 0.02779388
v 0.00316406 0.04828125 0.05837981
v 0.00316406 0.04828125 0.05837981
v 0.00277344 0.04867187 0.02779388
v 0.00402344 0.04718750 0.02779388
v 0.00316406 0.04828125 0.05837981
v 0.00402344 0.04718750 0.02779388
v 0.00394531 0.04726562 0.06361419
v 0.00394531 0.04726562 0.06361419
v 0.00402344 0.04718750 0.02779388
v 0.00488281 0.04570312 0.06431732
v 0.00488281 0.04570312 0.06431732
v 0.00402344 0.04718750 0.02779388
v 0.00496094 0.04546875 0.02779388
v 0.00488281 0.04570312 0.06431732
v 0.00496094 0.04546875 0.02779388
v 0.00542969 0.04390625 0.06505950
v 0.00542969 0.04390625 0.06505950
v 0.00496094 0.04546875 0.02779388
v 0.00542969 0.04359375 0.02779388
v 0.00542969 0.04390625 0.06505950
v 0.00542969 0.04359375 0.02779388
v 0.00558594 0.04218750 0.06568450
v 0.00558594 0.04218750 0.06568450
v 0.00542969 0.04359375 0.02779388
v 0.00558594 0.04164062 0.02779388
v 0.00558594 0.04218750 0.06568450
v 0.00558594 0.04164062 0.02779388
v 0.00542969 0.04046875 0.06623138
v 0.00542969 0.04046875 0.06623138
v 0.00558594 0.04164062 0.02779388
v 0.00527344 0.03976562 0.02779388
v 0.00542969 0.04046875 0.06623138
v 0.00527344 0.03976562 0.02779388
v 0.00488281 0.03875000 0.06673919
v 0.00488281 0.03875000 0.06673919
v 0.00527344 0.03976562 0.02779388
v 0.00449219 0.03796875 0.02779388
v 0.00488281 0.03875000 0.06673919
v 0.00449219 0.03796875 0.02779388
v 0.00410156 0.03718750 0.06709075
v 0.00410156 0.03718750 0.06709075
v 0.00449219 0.03796875 0.02779388
v 0.00339844 0.03632812 0.02779388
v 0.00410156 0.03718750 0.06709075
v 0.00339844 0.03632812 0.02779388
v 0.00316406 0.03601562 0.06736419
v 0.00316406 0.03601562 0.06736419
v 0.00339844 0.03632812 0.02779388
v 0.00316406 0.03601562 0.05837981
v 0.00316406 0.03601562 0.05837981
v 0.00339844 0.03632812 0.02779388
v 0.00199219 0.03500000 0.02779388
v 0.00316406 0.03601562 0.05837981
v 0.00199219 0.03500000 0.02779388
v 0.00175781 0.03484375 0.05837981
v 0.00175781 0.03484375 0.05837981
v 0.00199219 0.03500000 0.02779388
v 0.00035156 0.03398437 0.02779388
v 0.00175781 0.03484375 0.05837981
v 0.00035156 0.03398437 0.02779388
v 0.00019531 0.03390625 0.05837981
v 0.00019531 0.03390625 0.05837981
v 0.00035156 0.03398437 0.02779388
v -0.00152344 0.03335937 0.02779388
v 0.00019531 0.03390625 0.05837981
v -0.00152344 0.03335937 0.02779388
v -0.00152344 0.03335937 0.05837981
v -0.00152344 0.03335937 0.05837981
v -0.00152344 0.03335937 0.02779388
v -0.00332031 0.03320312 0.05837981
v -0.00332031 0.03320312 0.05837981
v -0.00152344 0.03335937 0.02779388
v -0.00339844 0.03312500 0.02779388
v -0.00332031 0.03320312 0.05837981
v -0.00339844 0.03312500 0.02779388
v -0.00511719 0.03328125 0.05837981
v -0.00511719 0.03328125 0.05837981
v -0.00339844 0.03312500 0.02779388
v -0.00535156 0.03335937 0.02779388
v -0.00511719 0.03328125 0.05837981
v -0.00535156 0.03335937 0.02779388
v -0.00683594 0.03382812 0.05837981
v -0.00683594 0.03382812 0.05837981
v -0.00535156 0.03335937 0.02779388
v -0.00722656 0.03398437 0.02779388
v -0.00683594 0.03382812 0.05837981
v -0.00722656 0.03398437 0.02779388
v -0.00839844 0.03468750 0.05837981
v -0.00839844 0.03468750 0.05837981
v -0.00722656 0.03398437 0.02779388
v -0.00886719 0.03500000 0.02779388
v -0.00839844 0.03468750 0.05837981
v -0.00886719 0.03500000 0.02779388
v -0.00980469 0.03578125 0.05837981
v -0.00980469 0.03578125 0.05837981
v -0.00886719 0.03500000 0.02779388
v -0.01027344 0.03632812 0.02779388
v 0.00316406 0.04828125 0.06310638
v -0.00535156 0.03335937 -0.05337800
v -0.00535156 0.03335937 -0.01279206
v -0.00339844 0.03312500 -0.05337800
v -0.00339844 0.03312500 -0.01279206
v -0.00339844 0.03312500 -0.05337800
v -0.00339844 0.03312500 -0.01279206
v -0.00152344 0.03335937 -0.01279206
v -0.00152344 0.03335937 -0.01279206
v -0.00535156 0.03335937 -0.01279206
v -0.00535156 0.03335937 -0.05337800
v -0.00722656 0.03398437 -0.01279206
v -0.00722656 0.03398437 -0.05337800
v -0.00722656 0.03398437 -0.01279206
v -0.00722656 0.03398437 -0.05337800
v -0.00886719 0.03500000 -0.01279206
v -0.00886719 0.03500000 -0.05337800
v -0.00886719 0.03500000 -0.01279206
v -0.00886719 0.03500000 -0.05337800
v -0.01027344 0.03632812 -0.01279206
v -0.01027344 0.03632812 -0.05337800
v -0.01027344 0.03632812 -0.01279206
v -0.01027344 0.03632812 -0.05337800
v -0.01136719 0.03796875 -0.01279206
v -0.01136719 0.03796875 -0.05337800
v -0.01136719 0.03796875 -0.01279206
v -0.01136719 0.03796875 -0.05337800
v -0.01207031 0.03976562 -0.01279206
v -0.01207031 0.03976562 -0.05337800
v -0.01207031 0.03976562 -0.01279206
v -0.01207031 0.03976562 -0.05337800
v -0.01238281 0.04164062 -0.01279206
v -0.01238281 0.04164062 -0.05337800
v -0.01238281 0.04164062 -0.01279206
v -0.01238281 0.04164062 -0.05337800
v -0.01230469 0.04359375 -0.01279206
v -0.01230469 0.04359375 -0.05337800
v -0.01230469 0.04359375 -0.01279206
v -0.01230469 0.04359375 -0.05337800
v -0.01175781 0.04546875 -0.01279206
v -0.01175781 0.04546875 -0.05337800
v -0.01175781 0.04546875 -0.01279206
v -0.01175781 0.04546875 -0.05337800
v -0.01089844 0.04718750 -0.01279206
v -0.01089844 0.04718750 -0.05337800
v -0.01089844 0.04718750 -0.01279206
v -0.01089844 0.04718750 -0.05337800
v -0.00964844 0.04867187 -0.01279206
v -0.00964844 0.04867187 -0.05337800
v -0.00964844 0.04867187 -0.01279206
v -0.00964844 0.04867187 -0.05337800
v -0.00808594 0.04984375 -0.01279206
v -0.00808594 0.04984375 -0.05337800
v -0.00808594 0.04984375 -0.01279206
v -0.00808594 0.04984375 -0.05337800
v -0.00628906 0.05070312 -0.01279206
v -0.00628906 0.05070312 -0.05337800
v -0.00628906 0.05070312 -0.01279206
v -0.00628906 0.05070312 -0.05337800
v -0.00441406 0.05109375 -0.01279206
v -0.00441406 0.05109375 -0.05337800
v -0.00441406 0.05109375 -0.01279206
v -0.00441406 0.05109375 -0.05337800
v -0.00246094 0.05109375 -0.01279206
v -0.00246094 0.05109375 -0.05337800
v -0.00246094 0.05109375 -0.01279206
v -0.00246094 0.05109375 -0.05337800
v -0.00058594 0.05070312 -0.01279206
v -0.00058594 0.05070312 -0.05337800
v -0.00058594 0.05070312 -0.01279206
v -0.00058594 0.05070312 -0.05337800
v 0.00121094 0.04984375 -0.01279206
v 0.00121094 0.04984375 -0.05337800
v 0.00121094 0.04984375 -0.01279206
v 0.00121094 0.04984375 -0.05337800
v 0.00277344 0.04867187 -0.01279206
v 0.00277344 0.04867187 -0.05337800
v 0.00277344 0.04867187 -0.01279206
v 0.00277344 0.04867187 -0.05337800
v 0.00402344 0.04718750 -0.01279206
v 0.00402344 0.04718750 -0.05337800
v 0.00402344 0.04718750 -0.01279206
v 0.00402344 0.04718750 -0.05337800
v 0.00496094 0.04546875 -0.01279206
v 0.00496094 0.04546875 -0.05337800
v 0.00496094 0.04546875 -0.01279206
v 0.00496094 0.04546875 -0.05337800
v 0.00542969 0.04359375 -0.01279206
v 0.00542969 0.04359375 -0.05337800
v 0.00542969 0.04359375 -0.01279206
v 0.00542969 0.04359375 -0.05337800
v 0.00558594 0.04164062 -0.01279206
v 0.00558594 0.04164062 -0.05337800
v 0.00558594 0.04164062 -0.01279206
v 0.00558594 0.04164062 -0.05337800
v 0.00527344 0.03976562 -0.01279206
v 0.00527344 0.03976562 -0.05337800
v 0.00527344 0.03976562 -0.01279206
v 0.00527344 0.03976562 -0.05337800
v 0.00449219 0.03796875 -0.01279206
v 0.00449219 0.03796875 -0.05337800
v 0.00449219 0.03796875 -0.01279206
v 0.00449219 0.03796875 -0.05337800
v 0.00339844 0.03632812 -0.01279206
v 0.00339844 0.03632812 -0.05337800
v 0.00339844 0.03632812 -0.01279206
v 0.00339844 0.03632812 -0.05337800
v 0.00199219 0.03500000 -0.01279206
v 0.00199219 0.03500000 -0.05337800
v 0.00199219 0.03500000 -0.01279206
v 0.00199219 0.03500000 -0.05337800
v 0.00035156 0.03398437 -0.01279206
v 0.00035156 0.03398437 -0.05337800
v 0.00035156 0.03398437 -0.01279206
v 0.00035156 0.03398437 -0.05337800
v -0.00152344 0.03335937 -0.05337800
v -0.00152344 0.03335937 -0.05337800
v -0.05089844 -0.05281250 -0.05701081
v -0.04464844 -0.05281250 -0.04915925
v -0.04660156 -0.05281250 -0.06060456
v -0.04066406 -0.05281250 -0.05255768
v -0.03636719 -0.05281250 -0.05564362
v -0.04839844 -0.05281250 -0.04544831
v -0.05488281 -0.05281250 -0.05310456
v -0.05183594 -0.05281250 -0.04146393
v -0.05863281 -0.05281250 -0.04896393
v -0.05496094 -0.05281250 -0.03720612
v -0.06199219 -0.05281250 -0.04451081
v -0.05769531 -0.05281250 -0.03271393
v -0.06511719 -0.05281250 -0.03986237
v -0.06003906 -0.05281250 -0.02802644
v -0.06785157 -0.05281250 -0.03497956
v -0.06207031 -0.05281250 -0.02318269
v -0.07019532 -0.05281250 -0.02990144
v -0.06371094 -0.05281250 -0.01818269
v -0.07214844 -0.05281250 -0.02470613
v -0.07378907 -0.05281250 -0.01935456
v -0.06496094 -0.05281250 -0.01306550
v -0.07496094 -0.05281250 -0.01388581
v -0.06574219 -0.05281250 -0.00787019
v -0.07582032 -0.05281250 -0.00837800
v -0.06621094 -0.05281250 -0.00263581
v -0.07621094 -0.05281250 -0.00279206
v -0.06621094 -0.05281250 0.00263763
v -0.07621094 -0.05281250 0.00279388
v -0.07582032 -0.05281250 0.00834075
v -0.06574219 -0.05281250 0.00787200
v -0.07496094 -0.05281250 0.01388762
v -0.06496094 -0.05281250 0.01306731
v -0.07378907 -0.05281250 0.01931731
v -0.06371094 -0.05281250 0.01818450
v -0.07214844 -0.05281250 0.02466888
v -0.07019532 -0.05281250 0.02990325
v -0.06207031 -0.05281250 0.02318450
v -0.06785157 -0.05281250 0.03494231
v -0.06003906 -0.05281250 0.02802825
v -0.06511719 -0.05281250 0.03982513
v -0.05769531 -0.05281250 0.03271575
v -0.06199219 -0.05281250 0.04451263
v -0.05496094 -0.05281250 0.03720794
v -0.05863281 -0.05281250 0.04892669
v -0.05183594 -0.05281250 0.04142669
v -0.05488281 -0.05281250 0.05310638
v -0.04839844 -0.05281250 0.04545013
v -0.05089844 -0.05281250 0.05697356
v -0.04464844 -0.05281250 0.04916106
v -0.04660156 -0.05281250 0.06056731
v -0.04066406 -0.05281250 0.05255950
v -0.03636719 -0.05281250 0.05564544
v -0.03191406 -0.05281250 0.05837981
v 0.00316406 -0.05281250 0.06056731
v 0.00316406 -0.05281250 0.05837981
v -0.03191406 -0.05281250 -0.05837800
v -0.01167969 -0.05281250 -0.06060456
v -0.01167969 -0.05281250 -0.05837800
v -0.01128906 -0.04476562 0.05837981
v -0.01128906 -0.04476562 0.06837983
v -0.03191406 -0.04476562 0.05837981
v -0.03441406 -0.04476562 0.06837983
v -0.03636719 -0.04476562 0.05564544
v -0.03933594 -0.04476562 0.06560638
v -0.04066406 -0.04476562 0.05255950
v -0.04402344 -0.04476562 0.06252044
v -0.04464844 -0.04476562 0.04916106
v -0.04847656 -0.04476562 0.05912200
v -0.04839844 -0.04476562 0.04545013
v -0.05269531 -0.04476562 0.05537200
v -0.05183594 -0.04476562 0.04142669
v -0.05660156 -0.04476562 0.05130950
v -0.05496094 -0.04476562 0.03720794
v -0.06019531 -0.04476562 0.04701263
v -0.05769531 -0.04476562 0.03271575
v -0.06347656 -0.04476562 0.04244231
v -0.06003906 -0.04476562 0.02802825
v -0.06636719 -0.04476562 0.03763763
v -0.06207031 -0.04476562 0.02318450
v -0.06894532 -0.04476562 0.03263763
v -0.06371094 -0.04476562 0.01818450
v -0.07113282 -0.04476562 0.02748138
v -0.06496094 -0.04476562 0.01306731
v -0.07300782 -0.04476562 0.02216888
v -0.07441407 -0.04476562 0.01673919
v -0.06574219 -0.04476562 0.00787200
v -0.07542969 -0.04476562 0.01119231
v -0.06621094 -0.04476562 0.00263763
v -0.07605469 -0.04476562 0.00560638
v -0.07621094 -0.04476562 -0.00001862
v -0.06621094 -0.04476562 -0.00263581
v -0.07605469 -0.04476562 -0.00564363
v -0.07542969 -0.04476562 -0.01122956
v -0.06574219 -0.04476562 -0.00787019
v -0.07441407 -0.04476562 -0.01673738
v -0.06496094 -0.04476562 -0.01306550
v -0.07300782 -0.04476562 -0.02216706
v -0.07113282 -0.04476562 -0.02747956
v -0.06371094 -0.04476562 -0.01818269
v -0.06894532 -0.04476562 -0.03267487
v -0.06207031 -0.04476562 -0.02318269
v -0.06636719 -0.04476562 -0.03767487
v -0.06003906 -0.04476562 -0.02802644
v -0.06347656 -0.04476562 -0.04244050
v -0.05769531 -0.04476562 -0.03271393
v -0.06019531 -0.04476562 -0.04701081
v -0.05496094 -0.04476562 -0.03720612
v -0.05660156 -0.04476562 -0.05134675
v -0.05183594 -0.04476562 -0.04146393
v -0.05269531 -0.04476562 -0.05537018
v -0.04839844 -0.04476562 -0.04544831
v -0.04847656 -0.04476562 -0.05912018
v -0.04464844 -0.04476562 -0.04915925
v -0.04402344 -0.04476562 -0.06255768
v -0.04066406 -0.04476562 -0.05255768
v -0.03933594 -0.04476562 -0.06564363
v -0.03636719 -0.04476562 -0.05564362
v -0.03441406 -0.04476562 -0.06837800
v -0.03191406 -0.04476562 -0.05837800
v -0.01785156 -0.04476562 -0.06837800
v -0.01785156 -0.04476562 -0.05837800
v -0.03441406 -0.03679687 -0.06837800
v -0.03441406 -0.04476562 -0.06837800
v -0.03933594 -0.03679687 -0.06564363
v -0.03933594 -0.04476562 -0.06564363
v -0.03933594 -0.03679687 -0.06564363
v -0.03933594 -0.04476562 -0.06564363
v -0.04402344 -0.03679687 -0.06255768
v -0.04402344 -0.04476562 -0.06255768
v -0.04402344 -0.03679687 -0.06255768
v -0.04402344 -0.04476562 -0.06255768
v -0.04847656 -0.03679687 -0.05912018
v -0.04847656 -0.04476562 -0.05912018
v -0.04847656 -0.03679687 -0.05912018
v -0.04847656 -0.04476562 -0.05912018
v -0.05269531 -0.03679687 -0.05537018
v -0.05269531 -0.04476562 -0.05537018
v -0.05269531 -0.03679687 -0.05537018
v -0.05269531 -0.04476562 -0.05537018
v -0.05660156 -0.03679687 -0.05134675
v -0.05660156 -0.04476562 -0.05134675
v -0.05660156 -0.03679687 -0.05134675
v -0.05660156 -0.04476562 -0.05134675
v -0.06019531 -0.03679687 -0.04701081
v -0.06019531 -0.04476562 -0.04701081
v -0.06019531 -0.03679687 -0.04701081
v -0.06019531 -0.04476562 -0.04701081
v -0.06347656 -0.03679687 -0.04244050
v -0.06347656 -0.04476562 -0.04244050
v -0.06347656 -0.03679687 -0.04244050
v -0.06347656 -0.04476562 -0.04244050
v -0.06636719 -0.03679687 -0.03767487
v -0.06636719 -0.04476562 -0.03767487
v -0.06636719 -0.03679687 -0.03767487
v -0.06636719 -0.04476562 -0.03767487
v -0.06894532 -0.03679687 -0.03267487
v -0.06894532 -0.04476562 -0.03267487
v -0.06894532 -0.03679687 -0.03267487
v -0.06894532 -0.04476562 -0.03267487
v -0.07113282 -0.03679687 -0.02747956
v -0.07113282 -0.04476562 -0.02747956
v -0.07113282 -0.03679687 -0.02747956
v -0.07113282 -0.04476562 -0.02747956
v -0.07300782 -0.03679687 -0.02216706
v -0.07300782 -0.04476562 -0.02216706
v -0.07300782 -0.03679687 -0.02216706
v -0.07300782 -0.04476562 -0.02216706
v -0.07441407 -0.03679687 -0.01673738
v -0.07441407 -0.04476562 -0.01673738
v -0.07441407 -0.03679687 -0.01673738
v -0.07441407 -0.04476562 -0.01673738
v -0.07542969 -0.03679687 -0.01122956
v -0.07542969 -0.04476562 -0.01122956
v -0.07542969 -0.03679687 -0.01122956
v -0.07542969 -0.04476562 -0.01122956
v -0.07605469 -0.03679687 -0.00564363
v -0.07605469 -0.04476562 -0.00564363
v -0.07605469 -0.03679687 -0.00564363
v -0.07605469 -0.04476562 -0.00564363
v -0.07621094 -0.03679687 -0.00001862
v -0.07621094 -0.04476562 -0.00001862
v -0.07621094 -0.03679687 -0.00001862
v -0.07621094 -0.04476562 -0.00001862
v -0.07605469 -0.03679687 0.00560638
v -0.07605469 -0.04476562 0.00560638
v -0.07605469 -0.03679687 0.00560638
v -0.07605469 -0.04476562 0.00560638
v -0.07542969 -0.03679687 0.01119231
v -0.07542969 -0.04476562 0.01119231
v -0.07542969 -0.03679687 0.01119231
v -0.07542969 -0.04476562 0.01119231
v -0.07441407 -0.03679687 0.01673919
v -0.07441407 -0.04476562 0.01673919
v -0.07441407 -0.03679687 0.01673919
v -0.07441407 -0.04476562 0.01673919
v -0.07300782 -0.03679687 0.02216888
v -0.07300782 -0.04476562 0.02216888
v -0.07300782 -0.03679687 0.02216888
v -0.07300782 -0.04476562 0.02216888
v -0.07113282 -0.03679687 0.02748138
v -0.07113282 -0.04476562 0.02748138
v -0.07113282 -0.03679687 0.02748138
v -0.07113282 -0.04476562 0.02748138
v -0.06894532 -0.03679687 0.03263763
v -0.06894532 -0.04476562 0.03263763
v -0.06894532 -0.03679687 0.03263763
v -0.06894532 -0.04476562 0.03263763
v -0.06636719 -0.03679687 0.03763763
v -0.06636719 -0.04476562 0.03763763
v -0.06636719 -0.03679687 0.03763763
v -0.06636719 -0.04476562 0.03763763
v -0.06347656 -0.03679687 0.04244231
v -0.06347656 -0.04476562 0.04244231
v -0.06347656 -0.03679687 0.04244231
v -0.06347656 -0.04476562 0.04244231
v -0.06019531 -0.03679687 0.04701263
v -0.06019531 -0.04476562 0.04701263
v -0.06019531 -0.03679687 0.04701263
v -0.06019531 -0.04476562 0.04701263
v -0.05660156 -0.03679687 0.05130950
v -0.05660156 -0.04476562 0.05130950
v -0.05660156 -0.03679687 0.05130950
v -0.05660156 -0.04476562 0.05130950
v -0.05269531 -0.03679687 0.05537200
v -0.05269531 -0.04476562 0.05537200
v -0.05269531 -0.03679687 0.05537200
v -0.05269531 -0.04476562 0.05537200
v -0.04847656 -0.03679687 0.05912200
v -0.04847656 -0.04476562 0.05912200
v -0.04847656 -0.03679687 0.05912200
v -0.04847656 -0.04476562 0.05912200
v -0.04402344 -0.03679687 0.06252044
v -0.04402344 -0.04476562 0.06252044
v -0.04402344 -0.03679687 0.06252044
v -0.04402344 -0.04476562 0.06252044
v -0.03933594 -0.03679687 0.06560638
v -0.03933594 -0.04476562 0.06560638
v -0.03933594 -0.03679687 0.06560638
v -0.03933594 -0.04476562 0.06560638
v -0.03441406 -0.03679687 0.06837983
v -0.03441406 -0.04476562 0.06837983
v -0.01019531 -0.04625000 0.05837981
v -0.01042969 -0.04601562 0.02779388
v -0.01128906 -0.04476562 0.05837981
v -0.01128906 -0.04476562 0.05837981
v -0.01042969 -0.04601562 0.02779388
v -0.01152344 -0.04437500 0.02779388
v -0.01128906 -0.04476562 0.05837981
v -0.01152344 -0.04437500 0.02779388
v -0.01128906 -0.04476562 0.06837983
v -0.01128906 -0.04476562 0.06837983
v -0.01152344 -0.04437500 0.02779388
v -0.01199219 -0.04328125 0.06837983
v -0.01199219 -0.04328125 0.06837983
v -0.01152344 -0.04437500 0.02779388
v -0.01222656 -0.04257812 0.02779388
v -0.01199219 -0.04328125 0.06837983
v -0.01222656 -0.04257812 0.02779388
v -0.01246094 -0.04164062 0.06837983
v -0.01246094 -0.04164062 0.06837983
v -0.01222656 -0.04257812 0.02779388
v -0.01253906 -0.04070312 0.02779388
v -0.01246094 -0.04164062 0.06837983
v -0.01253906 -0.04070312 0.02779388
v -0.01253906 -0.04000000 0.06837983
v -0.01253906 -0.04000000 0.06837983
v -0.01253906 -0.04070312 0.02779388
v -0.01246094 -0.03875000 0.02779388
v -0.01253906 -0.04000000 0.06837983
v -0.01246094 -0.03875000 0.02779388
v -0.01238281 -0.03835937 0.06837983
v -0.01238281 -0.03835937 0.06837983
v -0.01246094 -0.03875000 0.02779388
v -0.01191406 -0.03687500 0.02779388
v -0.01238281 -0.03835937 0.06837983
v -0.01191406 -0.03687500 0.02779388
v -0.01191406 -0.03679687 0.06837983
v -0.01191406 -0.03679687 0.06837983
v -0.01191406 -0.03687500 0.02779388
v -0.01191406 -0.03679687 0.05837981
v -0.01191406 -0.03679687 0.05837981
v -0.01191406 -0.03687500 0.02779388
v -0.01105469 -0.03515625 0.02779388
v -0.01191406 -0.03679687 0.05837981
v -0.01105469 -0.03515625 0.02779388
v -0.01105469 -0.03515625 0.05837981
v -0.01105469 -0.03515625 0.05837981
v -0.01105469 -0.03515625 0.02779388
v -0.00988281 -0.03375000 0.05837981
v -0.00988281 -0.03375000 0.05837981
v -0.01105469 -0.03515625 0.02779388
v -0.00972656 -0.03367187 0.02779388
v -0.00988281 -0.03375000 0.05837981
v -0.00972656 -0.03367187 0.02779388
v -0.00847656 -0.03265625 0.05837981
v -0.00847656 -0.03265625 0.05837981
v -0.00972656 -0.03367187 0.02779388
v -0.00824219 -0.03250000 0.02779388
v -0.00847656 -0.03265625 0.05837981
v -0.00824219 -0.03250000 0.02779388
v -0.00683594 -0.03179688 0.05837981
v -0.00683594 -0.03179688 0.05837981
v -0.00824219 -0.03250000 0.02779388
v -0.00644531 -0.03164063 0.02779388
v -0.00683594 -0.03179688 0.05837981
v -0.00644531 -0.03164063 0.02779388
v -0.00511719 -0.03132813 0.05837981
v -0.00511719 -0.03132813 0.05837981
v -0.00644531 -0.03164063 0.02779388
v -0.00457031 -0.03125000 0.02779388
v -0.00511719 -0.03132813 0.05837981
v -0.00457031 -0.03125000 0.02779388
v -0.00324219 -0.03117188 0.05837981
v -0.00324219 -0.03117188 0.05837981
v -0.00457031 -0.03125000 0.02779388
v -0.00261719 -0.03125000 0.02779388
v -0.00324219 -0.03117188 0.05837981
v -0.00261719 -0.03125000 0.02779388
v -0.00144531 -0.03140625 0.05837981
v -0.00144531 -0.03140625 0.05837981
v -0.00261719 -0.03125000 0.02779388
v -0.00066406 -0.03164063 0.02779388
v -0.00144531 -0.03140625 0.05837981
v -0.00066406 -0.03164063 0.02779388
v 0.00027344 -0.03203125 0.05837981
v 0.00027344 -0.03203125 0.05837981
v -0.00066406 -0.03164063 0.02779388
v 0.00105469 -0.03250000 0.02779388
v 0.00027344 -0.03203125 0.05837981
v 0.00105469 -0.03250000 0.02779388
v 0.00183594 -0.03296875 0.05837981
v 0.00183594 -0.03296875 0.05837981
v 0.00105469 -0.03250000 0.02779388
v 0.00261719 -0.03367187 0.02779388
v 0.00183594 -0.03296875 0.05837981
v 0.00261719 -0.03367187 0.02779388
v 0.00316406 -0.03421875 0.05837981
v 0.00316406 -0.03421875 0.05837981
v 0.00261719 -0.03367187 0.02779388
v 0.00386719 -0.03515625 0.02779388
v 0.00316406 -0.03421875 0.05837981
v 0.00386719 -0.03515625 0.02779388
v 0.00316406 -0.03421875 0.06767669
v 0.00386719 -0.03515625 0.06752044
v 0.00386719 -0.03515625 0.06752044
v 0.00386719 -0.03515625 0.02779388
v 0.00472656 -0.03671875 0.06720794
v 0.00480469 -0.03687500 0.02779388
v 0.00472656 -0.03671875 0.06720794
v 0.00480469 -0.03687500 0.02779388
v 0.00527344 -0.03843750 0.06677825
v 0.00527344 -0.03843750 0.06677825
v 0.00480469 -0.03687500 0.02779388
v 0.00527344 -0.03875000 0.02779388
v 0.00527344 -0.03843750 0.06677825
v 0.00527344 -0.03875000 0.02779388
v 0.00542969 -0.04015625 0.06630950
v 0.00542969 -0.04015625 0.06630950
v 0.00527344 -0.03875000 0.02779388
v 0.00542969 -0.04070312 0.02779388
v 0.00542969 -0.04015625 0.06630950
v 0.00542969 -0.04070312 0.02779388
v 0.00527344 -0.04195312 0.06576263
v 0.00527344 -0.04195312 0.06576263
v 0.00542969 -0.04070312 0.02779388
v 0.00511719 -0.04257812 0.02779388
v 0.00527344 -0.04195312 0.06576263
v 0.00511719 -0.04257812 0.02779388
v 0.00472656 -0.04367187 0.06513763
v 0.00472656 -0.04367187 0.06513763
v 0.00511719 -0.04257812 0.02779388
v 0.00441406 -0.04437500 0.02779388
v 0.00472656 -0.04367187 0.06513763
v 0.00441406 -0.04437500 0.02779388
v 0.00386719 -0.04531250 0.06447357
v 0.00386719 -0.04531250 0.06447357
v 0.00441406 -0.04437500 0.02779388
v 0.00332031 -0.04601562 0.02779388
v 0.00386719 -0.04531250 0.06447357
v 0.00332031 -0.04601562 0.02779388
v 0.00316406 -0.04617187 0.06412200
v 0.00316406 -0.04617187 0.06412200
v 0.00332031 -0.04601562 0.02779388
v 0.00316406 -0.04617187 0.05837981
v 0.00316406 -0.04617187 0.05837981
v 0.00332031 -0.04601562 0.02779388
v 0.00183594 -0.04734375 0.02779388
v 0.00316406 -0.04617187 0.05837981
v 0.00183594 -0.04734375 0.02779388
v 0.00175781 -0.04742187 0.05837981
v 0.00175781 -0.04742187 0.05837981
v 0.00183594 -0.04734375 0.02779388
v 0.00019531 -0.04835937 0.02779388
v 0.00175781 -0.04742187 0.05837981
v 0.00019531 -0.04835937 0.02779388
v 0.00011719 -0.04835937 0.05837981
v 0.00011719 -0.04835937 0.05837981
v 0.00019531 -0.04835937 0.02779388
v -0.00160156 -0.04898437 0.02779388
v 0.00011719 -0.04835937 0.05837981
v -0.00160156 -0.04898437 0.02779388
v -0.00160156 -0.04898437 0.05837981
v -0.00160156 -0.04898437 0.05837981
v -0.00160156 -0.04898437 0.02779388
v -0.00347656 -0.04921875 0.05837981
v -0.00355469 -0.04921875 0.02779388
v -0.00347656 -0.04921875 0.05837981
v -0.00355469 -0.04921875 0.02779388
v -0.00535156 -0.04898437 0.05837981
v -0.00550781 -0.04898437 0.02779388
v -0.00535156 -0.04898437 0.05837981
v -0.00550781 -0.04898437 0.02779388
v -0.00714844 -0.04843750 0.05837981
v -0.00714844 -0.04843750 0.05837981
v -0.00550781 -0.04898437 0.02779388
v -0.00738281 -0.04835937 0.02779388
v -0.00714844 -0.04843750 0.05837981
v -0.00738281 -0.04835937 0.02779388
v -0.00878906 -0.04750000 0.05837981
v -0.00878906 -0.04750000 0.05837981
v -0.00738281 -0.04835937 0.02779388
v -0.00902344 -0.04734375 0.02779388
v -0.00878906 -0.04750000 0.05837981
v -0.00902344 -0.04734375 0.02779388
v -0.01019531 -0.04625000 0.05837981
v -0.01019531 -0.04625000 0.05837981
v -0.00902344 -0.04734375 0.02779388
v -0.01042969 -0.04601562 0.02779388
v -0.00550781 -0.04898437 -0.05337800
v -0.00550781 -0.04898437 -0.01279206
v -0.00355469 -0.04921875 -0.05337800
v -0.00355469 -0.04921875 -0.01279206
v -0.00355469 -0.04921875 -0.05337800
v -0.00355469 -0.04921875 -0.01279206
v -0.00160156 -0.04898437 -0.05337800
v -0.00160156 -0.04898437 -0.01279206
v -0.00160156 -0.04898437 -0.05337800
v -0.00160156 -0.04898437 -0.01279206
v 0.00019531 -0.04835937 -0.05337800
v 0.00019531 -0.04835937 -0.01279206
v 0.00019531 -0.04835937 -0.05337800
v 0.00019531 -0.04835937 -0.01279206
v 0.00183594 -0.04734375 -0.05337800
v 0.00183594 -0.04734375 -0.01279206
v 0.00183594 -0.04734375 -0.05337800
v 0.00183594 -0.04734375 -0.01279206
v 0.00332031 -0.04601562 -0.05337800
v 0.00332031 -0.04601562 -0.01279206
v 0.00332031 -0.04601562 -0.05337800
v 0.00332031 -0.04601562 -0.01279206
v 0.00441406 -0.04437500 -0.05337800
v 0.00441406 -0.04437500 -0.01279206
v 0.00441406 -0.04437500 -0.05337800
v 0.00441406 -0.04437500 -0.01279206
v 0.00511719 -0.04257812 -0.05337800
v 0.00511719 -0.04257812 -0.01279206
v 0.00511719 -0.04257812 -0.05337800
v 0.00511719 -0.04257812 -0.01279206
v 0.00542969 -0.04070312 -0.05337800
v 0.00542969 -0.04070312 -0.01279206
v 0.00542969 -0.04070312 -0.05337800
v 0.00542969 -0.04070312 -0.01279206
v 0.00527344 -0.03875000 -0.05337800
v 0.00527344 -0.03875000 -0.01279206
v 0.00527344 -0.03875000 -0.05337800
v 0.00527344 -0.03875000 -0.01279206
v 0.00480469 -0.03687500 -0.05337800
v 0.00480469 -0.03687500 -0.01279206
v 0.00480469 -0.03687500 -0.05337800
v 0.00480469 -0.03687500 -0.01279206
v 0.00386719 -0.03515625 -0.05337800
v 0.00386719 -0.03515625 -0.01279206
v 0.00386719 -0.03515625 -0.05337800
v 0.00386719 -0.03515625 -0.01279206
v 0.00261719 -0.03367187 -0.05337800
v 0.00261719 -0.03367187 -0.01279206
v 0.00261719 -0.03367187 -0.05337800
v 0.00261719 -0.03367187 -0.01279206
v 0.00105469 -0.03250000 -0.05337800
v 0.00105469 -0.03250000 -0.01279206
v 0.00105469 -0.03250000 -0.05337800
v 0.00105469 -0.03250000 -0.01279206
v -0.00066406 -0.03164063 -0.05337800
v -0.00066406 -0.03164063 -0.01279206
v -0.00066406 -0.03164063 -0.05337800
v -0.00066406 -0.03164063 -0.01279206
v -0.00261719 -0.03125000 -0.05337800
v -0.00261719 -0.03125000 -0.01279206
v -0.00261719 -0.03125000 -0.05337800
v -0.00261719 -0.03125000 -0.01279206
v -0.00457031 -0.03125000 -0.05337800
v -0.00457031 -0.03125000 -0.01279206
v -0.00457031 -0.03125000 -0.05337800
v -0.00457031 -0.03125000 -0.01279206
v -0.00644531 -0.03164063 -0.05337800
v -0.00644531 -0.03164063 -0.01279206
v -0.00644531 -0.03164063 -0.05337800
v -0.00644531 -0.03164063 -0.01279206
v -0.00824219 -0.03250000 -0.05337800
v -0.00824219 -0.03250000 -0.01279206
v -0.00824219 -0.03250000 -0.05337800
v -0.00824219 -0.03250000 -0.01279206
v -0.00972656 -0.03367187 -0.05337800
v -0.00972656 -0.03367187 -0.01279206
v -0.00972656 -0.03367187 -0.05337800
v -0.00972656 -0.03367187 -0.01279206
v -0.01105469 -0.03515625 -0.05337800
v -0.01105469 -0.03515625 -0.01279206
v -0.01105469 -0.03515625 -0.05337800
v -0.01105469 -0.03515625 -0.01279206
v -0.01191406 -0.03687500 -0.05337800
v -0.01191406 -0.03687500 -0.01279206
v -0.01191406 -0.03687500 -0.05337800
v -0.01191406 -0.03687500 -0.01279206
v -0.01246094 -0.03875000 -0.05337800
v -0.01246094 -0.03875000 -0.01279206
v -0.01246094 -0.03875000 -0.05337800
v -0.01246094 -0.03875000 -0.01279206
v -0.01253906 -0.04070312 -0.05337800
v -0.01253906 -0.04070312 -0.01279206
v -0.01253906 -0.04070312 -0.05337800
v -0.01253906 -0.04070312 -0.01279206
v -0.01222656 -0.04257812 -0.05337800
v -0.01222656 -0.04257812 -0.01279206
v -0.01222656 -0.04257812 -0.05337800
v -0.01222656 -0.04257812 -0.01279206
v -0.01152344 -0.04437500 -0.05337800
v -0.01152344 -0.04437500 -0.01279206
v -0.01152344 -0.04437500 -0.05337800
v -0.01152344 -0.04437500 -0.01279206
v -0.01042969 -0.04601562 -0.05337800
v -0.01042969 -0.04601562 -0.01279206
v -0.01042969 -0.04601562 -0.05337800
v -0.01042969 -0.04601562 -0.01279206
v -0.00902344 -0.04734375 -0.05337800
v -0.00902344 -0.04734375 -0.01279206
v -0.00902344 -0.04734375 -0.05337800
v -0.00902344 -0.04734375 -0.01279206
v -0.00738281 -0.04835937 -0.05337800
v -0.00738281 -0.04835937 -0.01279206
v -0.00738281 -0.04835937 -0.05337800
v -0.00738281 -0.04835937 -0.01279206
v -0.00550781 -0.04898437 -0.05337800
v -0.00550781 -0.04898437 -0.01279206
v -0.03933594 -0.03679687 -0.06564363
v -0.03636719 -0.03679687 -0.05564362
v -0.03441406 -0.03679687 -0.06837800
v -0.03191406 -0.03679687 -0.05837800
v -0.01816406 -0.03679687 -0.06837800
v -0.01816406 -0.03679687 -0.05837800
v -0.04066406 -0.03679687 -0.05255768
v -0.04402344 -0.03679687 -0.06255768
v -0.04464844 -0.03679687 -0.04915925
v -0.04847656 -0.03679687 -0.05912018
v -0.04839844 -0.03679687 -0.04544831
v -0.05269531 -0.03679687 -0.05537018
v -0.05183594 -0.03679687 -0.04146393
v -0.05660156 -0.03679687 -0.05134675
v -0.05496094 -0.03679687 -0.03720612
v -0.06019531 -0.03679687 -0.04701081
v -0.05769531 -0.03679687 -0.03271393
v -0.06347656 -0.03679687 -0.04244050
v -0.06003906 -0.03679687 -0.02802644
v -0.06636719 -0.03679687 -0.03767487
v -0.06207031 -0.03679687 -0.02318269
v -0.06894532 -0.03679687 -0.03267487
v -0.06371094 -0.03679687 -0.01818269
v -0.07113282 -0.03679687 -0.02747956
v -0.06496094 -0.03679687 -0.01306550
v -0.07300782 -0.03679687 -0.02216706
v -0.07441407 -0.03679687 -0.01673738
v -0.06574219 -0.03679687 -0.00787019
v -0.07542969 -0.03679687 -0.01122956
v -0.06621094 -0.03679687 -0.00263581
v -0.07605469 -0.03679687 -0.00564363
v -0.07621094 -0.03679687 -0.00001862
v -0.06621094 -0.03679687 0.00263763
v -0.07605469 -0.03679687 0.00560638
v -0.07542969 -0.03679687 0.01119231
v -0.06574219 -0.03679687 0.00787200
v -0.07441407 -0.03679687 0.01673919
v -0.06496094 -0.03679687 0.01306731
v -0.07300782 -0.03679687 0.02216888
v -0.07113282 -0.03679687 0.02748138
v -0.06371094 -0.03679687 0.01818450
v -0.06894532 -0.03679687 0.03263763
v -0.06207031 -0.03679687 0.02318450
v -0.06636719 -0.03679687 0.03763763
v -0.06003906 -0.03679687 0.02802825
v -0.06347656 -0.03679687 0.04244231
v -0.05769531 -0.03679687 0.03271575
v -0.06019531 -0.03679687 0.04701263
v -0.05496094 -0.03679687 0.03720794
v -0.05660156 -0.03679687 0.05130950
v -0.05183594 -0.03679687 0.04142669
v -0.05269531 -0.03679687 0.05537200
v -0.04839844 -0.03679687 0.04545013
v -0.04847656 -0.03679687 0.05912200
v -0.04464844 -0.03679687 0.04916106
v -0.04402344 -0.03679687 0.06252044
v -0.04066406 -0.03679687 0.05255950
v -0.03933594 -0.03679687 0.06560638
v -0.03636719 -0.03679687 0.05564544
v -0.03441406 -0.03679687 0.06837983
v -0.03191406 -0.03679687 0.05837981
v -0.01191406 -0.03679687 0.06837983
v -0.01191406 -0.03679687 0.05837981
v 0.07925782 0.01140625 -0.03513581
v 0.07925782 0.01195312 -0.03654206
v 0.07925782 0.01062500 -0.03673737
v 0.07925782 0.01242187 -0.03841706
v 0.07925782 0.00953125 -0.03841706
v 0.07925782 0.01250000 -0.03962800
v 0.07925782 0.00828125 -0.03982331
v 0.07925782 0.01250000 -0.04142487
v 0.07925782 0.00679688 -0.04103425
v 0.07925782 0.01226562 -0.04267487
v 0.07925782 0.01179687 -0.04447175
v 0.07925782 0.00515625 -0.04201081
v 0.07925782 0.01132812 -0.04556550
v 0.07925782 0.01039062 -0.04720612
v 0.07925782 0.00359375 -0.04267487
v 0.07925782 0.00968750 -0.04818268
v 0.07925782 0.00843750 -0.04951081
v 0.07925782 0.00179688 -0.04310456
v 0.07925782 0.00695313 -0.05064362
v 0.07925782 0.00585938 -0.05126862
v 0.07925782 0.00476563 -0.05181550
v 0.07925782 0.00000000 -0.04322175
v 0.07925782 0.00304688 -0.05236237
v 0.07925782 0.00187500 -0.05263581
v 0.07925782 0.00000000 -0.05275300
v 0.07925782 -0.00179688 -0.05263581
v 0.07925782 -0.00304688 -0.05236237
v 0.07925782 -0.00476563 -0.05181550
v 0.07925782 -0.00171875 -0.04310456
v 0.07925782 -0.00585938 -0.05126862
v 0.07925782 -0.00695313 -0.05064362
v 0.07925782 -0.00835938 -0.04951081
v 0.07925782 -0.00351563 -0.04267487
v 0.07925782 -0.00960938 -0.04818268
v 0.07925782 -0.01039062 -0.04720612
v 0.07925782 -0.00515625 -0.04201081
v 0.07925782 -0.01125000 -0.04556550
v 0.07925782 -0.01171875 -0.04447175
v 0.07925782 -0.00679688 -0.04103425
v 0.07925782 -0.01226562 -0.04267487
v 0.07925782 -0.01242187 -0.04142487
v 0.07925782 -0.00820313 -0.03982331
v 0.07925782 -0.01250000 -0.04021393
v 0.07925782 -0.00953125 -0.03841706
v 0.07925782 -0.01234375 -0.03841706
v 0.07925782 -0.01062500 -0.03673737
v 0.07925782 -0.01195312 -0.03654206
v 0.07925782 -0.01140625 -0.03513581
v 0.00316406 0.02601563 0.06837983
v 0.12402341 0.02601563 0.06837983
v 0.00316406 0.02937500 0.06826263
v 0.00316406 0.02937500 0.06826263
v 0.12402341 0.02601563 0.06837983
v 0.03855469 0.03062500 0.06814544
v 0.00316406 0.02937500 0.06826263
v 0.03855469 0.03062500 0.06814544
v 0.00316406 0.03273437 0.06791108
v 0.00316406 0.03273437 0.06791108
v 0.03855469 0.03062500 0.06814544
v 0.03855469 0.03523437 0.06752044
v 0.00316406 0.03273437 0.06791108
v 0.03855469 0.03523437 0.06752044
v 0.00316406 0.03601562 0.06736419
v 0.00316406 0.03601562 0.06736419
v 0.03855469 0.03523437 0.06752044
v 0.00410156 0.03718750 0.06709075
v 0.03855469 0.03968750 0.06646575
v 0.00410156 0.03718750 0.06709075
v 0.03855469 0.03968750 0.06646575
v 0.00488281 0.03875000 0.06673919
v 0.00488281 0.03875000 0.06673919
v 0.03855469 0.03968750 0.06646575
v 0.00542969 0.04046875 0.06623138
v 0.00542969 0.04046875 0.06623138
v 0.03855469 0.03968750 0.06646575
v 0.00558594 0.04218750 0.06568450
v 0.00558594 0.04218750 0.06568450
v 0.03855469 0.03968750 0.06646575
v 0.03855469 0.04406250 0.06498138
v 0.00558594 0.04218750 0.06568450
v 0.03855469 0.04406250 0.06498138
v 0.00542969 0.04390625 0.06505950
v 0.00542969 0.04390625 0.06505950
v 0.03855469 0.04406250 0.06498138
v 0.00488281 0.04570312 0.06431732
v 0.00488281 0.04570312 0.06431732
v 0.03855469 0.04406250 0.06498138
v 0.03855469 0.04828125 0.06310638
v 0.00394531 0.04726562 0.06361419
v 0.00394531 0.04726562 0.06361419
v 0.03855469 0.04828125 0.06310638
v 0.00316406 0.04828125 0.06310638
v 0.00316406 0.05000000 0.06224700
v 0.00316406 0.05000000 0.06224700
v 0.03855469 0.04828125 0.06310638
v 0.03855469 0.05234375 0.06087981
v 0.00316406 0.05000000 0.06224700
v 0.03855469 0.05234375 0.06087981
v 0.00316406 0.05164062 0.06130950
v 0.00316406 0.05164062 0.06130950
v 0.03855469 0.05234375 0.06087981
v 0.00316406 0.05320312 0.06033294
v 0.00316406 0.05320312 0.06033294
v 0.03855469 0.05234375 0.06087981
v 0.03855469 0.05617187 0.05826263
v 0.00316406 0.05320312 0.06033294
v 0.03855469 0.05617187 0.05826263
v -0.04628906 0.05585937 0.05845794
v -0.04628906 0.05585937 0.05845794
v 0.03855469 0.05617187 0.05826263
v -0.04558594 0.05843750 0.05646575
v -0.04558594 0.05843750 0.05646575
v 0.03855469 0.05617187 0.05826263
v 0.03855469 0.05968750 0.05533294
v -0.04558594 0.05843750 0.05646575
v 0.03855469 0.05968750 0.05533294
v -0.04480469 0.06078125 0.05427825
v -0.04480469 0.06078125 0.05427825
v 0.03855469 0.05968750 0.05533294
v 0.03855469 0.06296875 0.05205169
v -0.04402344 0.06304687 0.05201263
v -0.04402344 0.06304687 0.05201263
v 0.03855469 0.06296875 0.05205169
v -0.04308594 0.06507814 0.04959075
v 0.03855469 0.06593750 0.04849700
v -0.04308594 0.06507814 0.04959075
v 0.03855469 0.06593750 0.04849700
v -0.04214844 0.06695314 0.04705169
v -0.04214844 0.06695314 0.04705169
v 0.03855469 0.06593750 0.04849700
v 0.03855469 0.06851564 0.04466888
v -0.04214844 0.06695314 0.04705169
v 0.03855469 0.06851564 0.04466888
v -0.04113281 0.06867189 0.04443450
v -0.04113281 0.06867189 0.04443450
v 0.03855469 0.06851564 0.04466888
v -0.04003906 0.07023439 0.04170013
v -0.04003906 0.07023439 0.04170013
v 0.03855469 0.06851564 0.04466888
v 0.03855469 0.07078125 0.04064544
v -0.04003906 0.07023439 0.04170013
v 0.03855469 0.07078125 0.04064544
v -0.03886719 0.07164064 0.03892669
v -0.03886719 0.07164064 0.03892669
v 0.03855469 0.07078125 0.04064544
v 0.03855469 0.07265625 0.03642669
v -0.03886719 0.07164064 0.03892669
v 0.03855469 0.07265625 0.03642669
v -0.03761719 0.07281250 0.03603606
v -0.03761719 0.07281250 0.03603606
v 0.03855469 0.07265625 0.03642669
v -0.03636719 0.07375000 0.03314544
v -0.03636719 0.07375000 0.03314544
v 0.03855469 0.07265625 0.03642669
v 0.03855469 0.07414064 0.03205169
v -0.03636719 0.07375000 0.03314544
v 0.03855469 0.07414064 0.03205169
v -0.03503906 0.07460939 0.03021575
v -0.03503906 0.07460939 0.03021575
v 0.03855469 0.07414064 0.03205169
v 0.03855469 0.07515625 0.02755950
v -0.03503906 0.07460939 0.03021575
v 0.03855469 0.07515625 0.02755950
v -0.03363281 0.07523439 0.02728606
v -0.03363281 0.07523439 0.02728606
v 0.03855469 0.07515625 0.02755950
v -0.03222656 0.07562500 0.02431731
v -0.03222656 0.07562500 0.02431731
v 0.03855469 0.07515625 0.02755950
v 0.03855469 0.07578125 0.02298919
v -0.03222656 0.07562500 0.02431731
v 0.03855469 0.07578125 0.02298919
v -0.03066406 0.07593750 0.02138763
v -0.03066406 0.07593750 0.02138763
v 0.03855469 0.07578125 0.02298919
v -0.02910156 0.07601564 0.01845794
v -0.02910156 0.07601564 0.01845794
v 0.03855469 0.07578125 0.02298919
v 0.12402341 0.07578125 0.02298919
v 0.12402341 0.07601564 0.01837981
v 0.12402341 0.02601563 0.06837983
v 0.12402341 0.03062500 0.06814544
v 0.03855469 0.03062500 0.06814544
v 0.12402341 0.03062500 0.06814544
v 0.12402341 0.03523437 0.06752044
v 0.12402341 0.03523437 0.06752044
v 0.12402341 0.03968750 0.06646575
v 0.12402341 0.03968750 0.06646575
v 0.12402341 0.04406250 0.06498138
v 0.12402341 0.04406250 0.06498138
v 0.12402341 0.04828125 0.06310638
v 0.12402341 0.04828125 0.06310638
v 0.12402341 0.05234375 0.06087981
v 0.12402341 0.05234375 0.06087981
v 0.12402341 0.05617187 0.05826263
v 0.12402341 0.05617187 0.05826263
v 0.12402341 0.05968750 0.05533294
v 0.12402341 0.05968750 0.05533294
v 0.12402341 0.06296875 0.05205169
v 0.12402341 0.06296875 0.05205169
v 0.12402341 0.06593750 0.04849700
v 0.12402341 0.06593750 0.04849700
v 0.12402341 0.06851564 0.04466888
v 0.12402341 0.06851564 0.04466888
v 0.12402341 0.07078125 0.04064544
v 0.12402341 0.07078125 0.04064544
v 0.12402341 0.07265625 0.03642669
v 0.12402341 0.07265625 0.03642669
v 0.12402341 0.07414064 0.03205169
v 0.12402341 0.07414064 0.03205169
v 0.12402341 0.07515625 0.02755950
v 0.12402341 0.07515625 0.02755950
v 0.12402341 0.07578125 0.02298919
v 0.12402341 0.07601564 0.01837981
v -0.02902344 0.07601564 0.01837981
v -0.02910156 0.07601564 0.01845794
v -0.04628906 0.05585937 0.05845794
v -0.04699219 0.05320312 0.06033294
v 0.00316406 0.05320312 0.06033294
v 0.12402341 -0.02601563 0.06837983
v 0.14378910 -0.01093750 0.06837983
v 0.00316406 -0.02601563 0.06837983
v 0.14496091 -0.00796875 0.06837983
v 0.14574221 -0.00484375 0.06837983
v 0.12714841 -0.02531250 0.06837983
v 0.13019530 -0.02421875 0.06837983
v 0.13308591 -0.02273438 0.06837983
v 0.13582030 -0.02093750 0.06837983
v 0.13824221 -0.01882813 0.06837983
v 0.14042971 -0.01648438 0.06837983
v 0.14230471 -0.01382812 0.06837983
v 0.14621091 -0.00156250 0.06837983
v 0.00316406 0.02601563 0.06837983
v 0.14621091 0.00164063 0.06837983
v 0.14574221 0.00484375 0.06837983
v 0.14496091 0.00796875 0.06837983
v 0.14378910 0.01101562 0.06837983
v 0.12402341 0.02601563 0.06837983
v 0.14230471 0.01382812 0.06837983
v 0.14042971 0.01648438 0.06837983
v 0.13824221 0.01890625 0.06837983
v 0.13582030 0.02101563 0.06837983
v 0.13308591 0.02281250 0.06837983
v 0.13019530 0.02421875 0.06837983
v 0.12714841 0.02531250 0.06837983
v -0.03121094 -0.07578125 0.02302825
v -0.02871094 -0.07601564 0.01837981
v 0.03871094 -0.07578125 0.02298919
v 0.12402341 -0.07601564 0.01837981
v 0.12402341 -0.07578125 0.02298919
v 0.03871094 -0.07578125 0.02298919
v 0.12402341 -0.07578125 0.02298919
v 0.03871094 -0.07515625 0.02755950
v 0.12402341 -0.07515625 0.02755950
v 0.03871094 -0.07515625 0.02755950
v 0.12402341 -0.07515625 0.02755950
v 0.03871094 -0.07406250 0.03205169
v 0.12402341 -0.07406250 0.03205169
v 0.03871094 -0.07406250 0.03205169
v 0.12402341 -0.07406250 0.03205169
v 0.03871094 -0.07257814 0.03642669
v 0.12402341 -0.07257814 0.03642669
v 0.03871094 -0.07257814 0.03642669
v 0.12402341 -0.07257814 0.03642669
v 0.03871094 -0.07070314 0.04064544
v 0.12402341 -0.07070314 0.04064544
v 0.03871094 -0.07070314 0.04064544
v 0.12402341 -0.07070314 0.04064544
v 0.03871094 -0.06851564 0.04466888
v 0.12402341 -0.06851564 0.04466888
v 0.03871094 -0.06851564 0.04466888
v 0.12402341 -0.06851564 0.04466888
v 0.03871094 -0.06585939 0.04849700
v 0.12402341 -0.06585939 0.04849700
v 0.03871094 -0.06585939 0.04849700
v 0.12402341 -0.06585939 0.04849700
v 0.03871094 -0.06296875 0.05205169
v 0.12402341 -0.06296875 0.05205169
v 0.03871094 -0.06296875 0.05205169
v 0.12402341 -0.06296875 0.05205169
v 0.03871094 -0.05968750 0.05533294
v 0.12402341 -0.05968750 0.05533294
v 0.03871094 -0.05968750 0.05533294
v 0.12402341 -0.05968750 0.05533294
v 0.03871094 -0.05609375 0.05826263
v 0.12402341 -0.05609375 0.05826263
v 0.03871094 -0.05609375 0.05826263
v 0.12402341 -0.05609375 0.05826263
v 0.03871094 -0.05226562 0.06087981
v 0.12402341 -0.05226562 0.06087981
v 0.03871094 -0.05226562 0.06087981
v 0.12402341 -0.05226562 0.06087981
v 0.03871094 -0.04828125 0.06310638
v 0.12402341 -0.04828125 0.06310638
v 0.03871094 -0.04828125 0.06310638
v 0.12402341 -0.04828125 0.06310638
v 0.03871094 -0.04406250 0.06498138
v 0.12402341 -0.04406250 0.06498138
v 0.03871094 -0.04406250 0.06498138
v 0.12402341 -0.04406250 0.06498138
v 0.03871094 -0.03968750 0.06646575
v 0.12402341 -0.03968750 0.06646575
v 0.03871094 -0.03968750 0.06646575
v 0.12402341 -0.03968750 0.06646575
v 0.12402341 -0.03515625 0.06752044
v 0.03871094 -0.03515625 0.06752044
v 0.03871094 -0.03515625 0.06752044
v 0.12402341 -0.03515625 0.06752044
v 0.12402341 -0.03062500 0.06814544
v 0.03871094 -0.03062500 0.06814544
v 0.03871094 -0.03062500 0.06814544
v 0.12402341 -0.03062500 0.06814544
v 0.12402341 -0.02601563 0.06837983
v 0.03871094 -0.03062500 0.06814544
v 0.12402341 -0.02601563 0.06837983
v 0.00316406 -0.02875000 0.06830169
v 0.00316406 -0.02875000 0.06830169
v 0.12402341 -0.02601563 0.06837983
v 0.00316406 -0.02601563 0.06837983
v 0.00316406 -0.02875000 0.06830169
v 0.00316406 -0.03148438 0.06806733
v 0.03871094 -0.03062500 0.06814544
v 0.00316406 -0.03148438 0.06806733
v 0.00316406 -0.03421875 0.06767669
v 0.03871094 -0.03515625 0.06752044
v 0.00316406 -0.03421875 0.06767669
v 0.00386719 -0.03515625 0.06752044
v 0.03871094 -0.03515625 0.06752044
v 0.00386719 -0.03515625 0.06752044
v 0.00472656 -0.03671875 0.06720794
v 0.00472656 -0.03671875 0.06720794
v 0.03871094 -0.03968750 0.06646575
v 0.00472656 -0.03671875 0.06720794
v 0.00527344 -0.03843750 0.06677825
v 0.03871094 -0.03968750 0.06646575
v 0.00527344 -0.03843750 0.06677825
v 0.00542969 -0.04015625 0.06630950
v 0.00542969 -0.04015625 0.06630950
v 0.00527344 -0.04195312 0.06576263
v 0.03871094 -0.03968750 0.06646575
v 0.00527344 -0.04195312 0.06576263
v 0.00527344 -0.04195312 0.06576263
v 0.00472656 -0.04367187 0.06513763
v 0.03871094 -0.04406250 0.06498138
v 0.03871094 -0.04406250 0.06498138
v 0.00472656 -0.04367187 0.06513763
v 0.00386719 -0.04531250 0.06447357
v 0.00316406 -0.04617187 0.06412200
v 0.00316406 -0.04617187 0.06412200
v 0.03871094 -0.04828125 0.06310638
v 0.00316406 -0.04617187 0.06412200
v 0.00316406 -0.04843750 0.06302825
v 0.03871094 -0.04828125 0.06310638
v 0.00316406 -0.04843750 0.06302825
v 0.00316406 -0.05062500 0.06185638
v 0.00316406 -0.05062500 0.06185638
v 0.03871094 -0.05226562 0.06087981
v 0.00316406 -0.05062500 0.06185638
v 0.00316406 -0.05281250 0.06056731
v 0.00316406 -0.05281250 0.06056731
v 0.03871094 -0.05609375 0.05826263
v 0.00316406 -0.05281250 0.06056731
v -0.04660156 -0.05281250 0.06056731
v -0.04574219 -0.05648437 0.05798919
v -0.04574219 -0.05648437 0.05798919
v 0.03871094 -0.05968750 0.05533294
v -0.04574219 -0.05648437 0.05798919
v -0.04472656 -0.05992187 0.05509856
v 0.03871094 -0.05968750 0.05533294
v -0.04472656 -0.05992187 0.05509856
v -0.04410156 -0.06164062 0.05345794
v -0.04410156 -0.06164062 0.05345794
v 0.03871094 -0.06296875 0.05205169
v -0.04410156 -0.06164062 0.05345794
v -0.04347656 -0.06320312 0.05170013
v -0.04285156 -0.06476564 0.04990325
v -0.04285156 -0.06476564 0.04990325
v 0.03871094 -0.06585939 0.04849700
v -0.04285156 -0.06476564 0.04990325
v -0.04207031 -0.06625000 0.04802825
v -0.04207031 -0.06625000 0.04802825
v 0.03871094 -0.06851564 0.04466888
v -0.04207031 -0.06625000 0.04802825
v -0.04082031 -0.06851564 0.04462981
v 0.03871094 -0.06851564 0.04466888
v -0.04082031 -0.06851564 0.04462981
v -0.03933594 -0.07054689 0.04107513
v -0.03933594 -0.07054689 0.04107513
v -0.03933594 -0.07054689 0.04107513
v -0.03824219 -0.07179689 0.03830169
v 0.03871094 -0.07257814 0.03642669
v -0.03824219 -0.07179689 0.03830169
v -0.03707031 -0.07296875 0.03548919
v -0.03707031 -0.07296875 0.03548919
v 0.03871094 -0.07406250 0.03205169
v -0.03707031 -0.07296875 0.03548919
v -0.03535156 -0.07414064 0.03170013
v -0.03535156 -0.07414064 0.03170013
v -0.03355469 -0.07507814 0.02783294
v 0.03871094 -0.07515625 0.02755950
v -0.03355469 -0.07507814 0.02783294
v -0.03246094 -0.07546875 0.02545013
v -0.03246094 -0.07546875 0.02545013
v 0.03871094 -0.07578125 0.02298919
v -0.03246094 -0.07546875 0.02545013
v -0.03121094 -0.07578125 0.02302825
v -0.02871094 -0.07601564 -0.01837800
v 0.12402341 -0.07601564 -0.01837800
v -0.03042969 -0.07601564 -0.01529206
v -0.03183594 -0.07601564 -0.01208894
v -0.03292969 -0.07601564 -0.00872956
v -0.03363281 -0.07601564 -0.00525300
v -0.03394531 -0.07601564 -0.00177644
v -0.03394531 -0.07601564 0.00173919
v 0.12402341 -0.07601564 0.01837981
v -0.03363281 -0.07601564 0.00525481
v -0.03292969 -0.07601564 0.00869231
v -0.03183594 -0.07601564 0.01205169
v -0.03042969 -0.07601564 0.01529387
v -0.02871094 -0.07601564 0.01837981
v 0.19621092 0.00132813 0.00127044
v 0.19621092 0.00000000 0.00138763
v 0.19230471 0.00000000 -0.00247956
v 0.19230471 0.00000000 -0.00247956
v 0.19621092 0.00000000 0.00138763
v 0.19621092 -0.00132813 0.00127044
v 0.19230471 0.00000000 -0.00247956
v 0.19621092 -0.00132813 0.00127044
v 0.19238281 -0.00226563 -0.00263581
v 0.19238281 -0.00226563 -0.00263581
v 0.19621092 -0.00132813 0.00127044
v 0.19621092 -0.00257813 0.00095794
v 0.19238281 -0.00226563 -0.00263581
v 0.19621092 -0.00257813 0.00095794
v 0.19613281 -0.00375000 0.00045013
v 0.19238281 -0.00226563 -0.00263581
v 0.19613281 -0.00375000 0.00045013
v 0.19285160 -0.00453125 -0.00310456
v 0.19285160 -0.00453125 -0.00310456
v 0.19613281 -0.00375000 0.00045013
v 0.19605471 -0.00492188 -0.00021394
v 0.19285160 -0.00453125 -0.00310456
v 0.19605471 -0.00492188 -0.00021394
v 0.19597660 -0.00593750 -0.00103425
v 0.19285160 -0.00453125 -0.00310456
v 0.19597660 -0.00593750 -0.00103425
v 0.19355471 -0.00656250 -0.00384675
v 0.19355471 -0.00656250 -0.00384675
v 0.19597660 -0.00593750 -0.00103425
v 0.19589842 -0.00695313 -0.00193269
v 0.19355471 -0.00656250 -0.00384675
v 0.19589842 -0.00695313 -0.00193269
v 0.19449221 -0.00843750 -0.00486238
v 0.19449221 -0.00843750 -0.00486238
v 0.19589842 -0.00695313 -0.00193269
v 0.19574221 -0.00859375 -0.00400300
v 0.19449221 -0.00843750 -0.00486238
v 0.19574221 -0.00859375 -0.00400300
v 0.19558592 -0.01007812 -0.00638581
v 0.19449221 -0.00843750 -0.00486238
v 0.19558592 -0.01007812 -0.00638581
v 0.19121092 -0.00992188 -0.00994050
v 0.19121092 -0.00992188 -0.00994050
v 0.19558592 -0.01007812 -0.00638581
v 0.19542971 -0.01117187 -0.00900300
v 0.19121092 -0.00992188 -0.00994050
v 0.19542971 -0.01117187 -0.00900300
v 0.19246092 -0.01117187 -0.01146394
v 0.19246092 -0.01117187 -0.01146394
v 0.19542971 -0.01117187 -0.00900300
v 0.19527342 -0.01195312 -0.01185456
v 0.19246092 -0.01117187 -0.01146394
v 0.19527342 -0.01195312 -0.01185456
v 0.19386721 -0.01203125 -0.01314363
v 0.19386721 -0.01203125 -0.01314363
v 0.19527342 -0.01195312 -0.01185456
v 0.19519531 -0.01242187 -0.01478425
v 0.19386721 -0.01203125 -0.01314363
v 0.19519531 -0.01242187 -0.01478425
v 0.18910160 -0.01203125 -0.01681550
v 0.18910160 -0.01203125 -0.01681550
v 0.19519531 -0.01242187 -0.01478425
v 0.19042971 -0.01242187 -0.01865144
v 0.18910160 -0.01203125 -0.01681550
v 0.19042971 -0.01242187 -0.01865144
v 0.18527342 -0.01242187 -0.02216706
v 0.18527342 -0.01242187 -0.02216706
v 0.19042971 -0.01242187 -0.01865144
v 0.18652342 -0.01242187 -0.02408113
v 0.18003910 -0.01242187 -0.02537019
v 0.18113281 -0.01242187 -0.02736238
v 0.17457031 -0.01242187 -0.02826081
v 0.17558592 -0.01242187 -0.03033113
v 0.16894531 -0.01242187 -0.03079988
v 0.16980471 -0.01242187 -0.03294831
v 0.16316410 -0.01242187 -0.03306550
v 0.16394531 -0.01242187 -0.03525300
v 0.15730471 -0.01242187 -0.03497956
v 0.15792971 -0.01242187 -0.03720612
v 0.15128910 -0.01242187 -0.03654206
v 0.15183591 -0.01242187 -0.03880768
v 0.14527341 -0.01242187 -0.03775300
v 0.14566410 -0.01242187 -0.04005768
v 0.13917971 -0.01242187 -0.03865143
v 0.13941410 -0.01242187 -0.04095612
v 0.13300780 -0.01242187 -0.03915925
v 0.13308591 -0.01242187 -0.04146393
v 0.12683591 -0.01242187 -0.03935456
v 0.12683591 -0.01242187 -0.04165925
v 0.12066411 -0.01242187 -0.03915925
v 0.12050780 -0.01242187 -0.04146393
v 0.11449221 -0.01242187 -0.03861237
v 0.11417971 -0.01242187 -0.04091706
v 0.10832030 -0.01242187 -0.03771393
v 0.10792971 -0.01242187 -0.03997956
v 0.10230471 -0.01242187 -0.03650300
v 0.10175780 -0.01242187 -0.03872956
v 0.09636719 -0.01242187 -0.03490143
v 0.09566407 -0.01242187 -0.03712800
v 0.09042969 -0.01242187 -0.03298737
v 0.08964844 -0.01242187 -0.03513581
v 0.08472657 -0.01242187 -0.03072175
v 0.08378907 -0.01242187 -0.03283112
v 0.07925782 -0.01242187 -0.03025300
v 0.07925782 -0.01242187 -0.03025300
v 0.08378907 -0.01242187 -0.03283112
v 0.07925782 -0.01226562 -0.03189363
v 0.07925782 -0.01226562 -0.03189363
v 0.08378907 -0.01242187 -0.03283112
v 0.08292969 -0.01203125 -0.03490143
v 0.07925782 -0.01226562 -0.03189363
v 0.08292969 -0.01203125 -0.03490143
v 0.07925782 -0.01187500 -0.03357331
v 0.07925782 -0.01187500 -0.03357331
v 0.08292969 -0.01203125 -0.03490143
v 0.07925782 -0.01140625 -0.03513581
v 0.07925782 -0.01140625 -0.03513581
v 0.08292969 -0.01203125 -0.03490143
v 0.08207032 -0.01117187 -0.03689362
v 0.07925782 -0.01140625 -0.03513581
v 0.08207032 -0.01117187 -0.03689362
v 0.07925782 -0.01062500 -0.03673737
v 0.07925782 -0.01062500 -0.03673737
v 0.08207032 -0.01117187 -0.03689362
v 0.08128907 -0.00992188 -0.03869050
v 0.07925782 -0.01062500 -0.03673737
v 0.08128907 -0.00992188 -0.03869050
v 0.07925782 -0.00953125 -0.03841706
v 0.07925782 -0.00953125 -0.03841706
v 0.08128907 -0.00992188 -0.03869050
v 0.08066407 -0.00843750 -0.04025300
v 0.07925782 -0.00953125 -0.03841706
v 0.08066407 -0.00843750 -0.04025300
v 0.07925782 -0.00820313 -0.03982331
v 0.07925782 -0.00820313 -0.03982331
v 0.08066407 -0.00843750 -0.04025300
v 0.07925782 -0.00679688 -0.04103425
v 0.07925782 -0.00679688 -0.04103425
v 0.08066407 -0.00843750 -0.04025300
v 0.08011719 -0.00656250 -0.04154206
v 0.07925782 -0.00679688 -0.04103425
v 0.08011719 -0.00656250 -0.04154206
v 0.07925782 -0.00515625 -0.04201081
v 0.07925782 -0.00515625 -0.04201081
v 0.08011719 -0.00656250 -0.04154206
v 0.07964844 -0.00453125 -0.04247956
v 0.07925782 -0.00515625 -0.04201081
v 0.07964844 -0.00453125 -0.04247956
v 0.07925782 -0.00351563 -0.04267487
v 0.07925782 -0.00351563 -0.04267487
v 0.07964844 -0.00453125 -0.04247956
v 0.07941407 -0.00226563 -0.04306550
v 0.07925782 -0.00351563 -0.04267487
v 0.07941407 -0.00226563 -0.04306550
v 0.07925782 -0.00171875 -0.04310456
v 0.07925782 -0.00171875 -0.04310456
v 0.07941407 -0.00226563 -0.04306550
v 0.07933594 0.00000000 -0.04326081
v 0.07925782 -0.00171875 -0.04310456
v 0.07933594 0.00000000 -0.04326081
v 0.07925782 0.00000000 -0.04322175
v 0.07925782 0.00000000 -0.04322175
v 0.07933594 0.00000000 -0.04326081
v 0.07925782 0.00179688 -0.04310456
v 0.07925782 0.00179688 -0.04310456
v 0.07933594 0.00000000 -0.04326081
v 0.07941407 0.00234375 -0.04306550
v 0.07925782 0.00179688 -0.04310456
v 0.07941407 0.00234375 -0.04306550
v 0.07925782 0.00359375 -0.04267487
v 0.07925782 0.00359375 -0.04267487
v 0.07941407 0.00234375 -0.04306550
v 0.07964844 0.00453125 -0.04247956
v 0.07925782 0.00359375 -0.04267487
v 0.07964844 0.00453125 -0.04247956
v 0.07925782 0.00515625 -0.04201081
v 0.07925782 0.00515625 -0.04201081
v 0.07964844 0.00453125 -0.04247956
v 0.08011719 0.00656250 -0.04154206
v 0.07925782 0.00515625 -0.04201081
v 0.08011719 0.00656250 -0.04154206
v 0.07925782 0.00679688 -0.04103425
v 0.07925782 0.00679688 -0.04103425
v 0.08011719 0.00656250 -0.04154206
v 0.08066407 0.00843750 -0.04025300
v 0.07925782 0.00679688 -0.04103425
v 0.08066407 0.00843750 -0.04025300
v 0.07925782 0.00828125 -0.03982331
v 0.07925782 0.00828125 -0.03982331
v 0.08066407 0.00843750 -0.04025300
v 0.07925782 0.00953125 -0.03841706
v 0.07925782 0.00953125 -0.03841706
v 0.08066407 0.00843750 -0.04025300
v 0.08128907 0.01000000 -0.03869050
v 0.07925782 0.00953125 -0.03841706
v 0.08128907 0.01000000 -0.03869050
v 0.07925782 0.01062500 -0.03673737
v 0.07925782 0.01062500 -0.03673737
v 0.08128907 0.01000000 -0.03869050
v 0.08207032 0.01117187 -0.03689362
v 0.07925782 0.01062500 -0.03673737
v 0.08207032 0.01117187 -0.03689362
v 0.07925782 0.01140625 -0.03513581
v 0.07925782 0.01140625 -0.03513581
v 0.08207032 0.01117187 -0.03689362
v 0.08292969 0.01203125 -0.03490143
v 0.07925782 0.01140625 -0.03513581
v 0.08292969 0.01203125 -0.03490143
v 0.07925782 0.01195312 -0.03357331
v 0.07925782 0.01195312 -0.03357331
v 0.08292969 0.01203125 -0.03490143
v 0.07925782 0.01234375 -0.03189363
v 0.07925782 0.01234375 -0.03189363
v 0.08292969 0.01203125 -0.03490143
v 0.08378907 0.01250000 -0.03283112
v 0.07925782 0.01234375 -0.03189363
v 0.08378907 0.01250000 -0.03283112
v 0.07925782 0.01250000 -0.03025300
v 0.07925782 0.01250000 -0.03025300
v 0.08378907 0.01250000 -0.03283112
v 0.08472657 0.01250000 -0.03072175
v 0.07925782 0.01250000 -0.02861238
v 0.07925782 0.01250000 -0.02861238
v 0.08472657 0.01250000 -0.03072175
v 0.07925782 0.01226562 -0.02693269
v 0.07925782 0.01226562 -0.02693269
v 0.08472657 0.01250000 -0.03072175
v 0.08558594 0.01203125 -0.02861238
v 0.07925782 0.01226562 -0.02693269
v 0.08558594 0.01203125 -0.02861238
v 0.08011719 0.01203125 -0.02611238
v 0.08011719 0.01203125 -0.02611238
v 0.08558594 0.01203125 -0.02861238
v 0.08644532 0.01117187 -0.02665925
v 0.08011719 0.01203125 -0.02611238
v 0.08644532 0.01117187 -0.02665925
v 0.08105469 0.01117187 -0.02415925
v 0.08105469 0.01117187 -0.02415925
v 0.08644532 0.01117187 -0.02665925
v 0.08722657 0.01000000 -0.02482331
v 0.08105469 0.01117187 -0.02415925
v 0.08722657 0.01000000 -0.02482331
v 0.08191407 0.01000000 -0.02240144
v 0.08191407 0.01000000 -0.02240144
v 0.08722657 0.01000000 -0.02482331
v 0.08785157 0.00843750 -0.02326081
v 0.08191407 0.01000000 -0.02240144
v 0.08785157 0.00843750 -0.02326081
v 0.08269532 0.00843750 -0.02087800
v 0.08269532 0.00843750 -0.02087800
v 0.08785157 0.00843750 -0.02326081
v 0.08839844 0.00656250 -0.02201081
v 0.08269532 0.00843750 -0.02087800
v 0.08839844 0.00656250 -0.02201081
v 0.08332032 0.00656250 -0.01962800
v 0.08332032 0.00656250 -0.01962800
v 0.08839844 0.00656250 -0.02201081
v 0.08878907 0.00453125 -0.02103425
v 0.08332032 0.00656250 -0.01962800
v 0.08878907 0.00453125 -0.02103425
v 0.08378907 0.00453125 -0.01872956
v 0.08378907 0.00453125 -0.01872956
v 0.08878907 0.00453125 -0.02103425
v 0.08910157 0.00234375 -0.02048738
v 0.08402344 0.00234375 -0.01814363
v 0.08402344 0.00234375 -0.01814363
v 0.08910157 0.00234375 -0.02048738
v 0.08917969 0.00000000 -0.02029206
v 0.08410157 0.00000000 -0.01794831
v 0.08410157 0.00000000 -0.01794831
v 0.08917969 0.00000000 -0.02029206
v 0.08910157 -0.00226563 -0.02048738
v 0.08402344 -0.00226563 -0.01814363
v 0.08402344 -0.00226563 -0.01814363
v 0.08910157 -0.00226563 -0.02048738
v 0.08878907 -0.00453125 -0.02103425
v 0.08402344 -0.00226563 -0.01814363
v 0.08878907 -0.00453125 -0.02103425
v 0.08378907 -0.00453125 -0.01872956
v 0.08378907 -0.00453125 -0.01872956
v 0.08878907 -0.00453125 -0.02103425
v 0.08839844 -0.00656250 -0.02201081
v 0.08378907 -0.00453125 -0.01872956
v 0.08839844 -0.00656250 -0.02201081
v 0.08332032 -0.00656250 -0.01962800
v 0.08332032 -0.00656250 -0.01962800
v 0.08839844 -0.00656250 -0.02201081
v 0.08785157 -0.00843750 -0.02326081
v 0.08332032 -0.00656250 -0.01962800
v 0.08785157 -0.00843750 -0.02326081
v 0.08269532 -0.00843750 -0.02087800
v 0.08269532 -0.00843750 -0.02087800
v 0.08785157 -0.00843750 -0.02326081
v 0.08722657 -0.00992188 -0.02482331
v 0.08269532 -0.00843750 -0.02087800
v 0.08722657 -0.00992188 -0.02482331
v 0.08191407 -0.00992188 -0.02240144
v 0.08191407 -0.00992188 -0.02240144
v 0.08722657 -0.00992188 -0.02482331
v 0.08644532 -0.01117187 -0.02665925
v 0.08191407 -0.00992188 -0.02240144
v 0.08644532 -0.01117187 -0.02665925
v 0.08105469 -0.01117187 -0.02415925
v 0.08105469 -0.01117187 -0.02415925
v 0.08644532 -0.01117187 -0.02665925
v 0.08558594 -0.01203125 -0.02861238
v 0.08105469 -0.01117187 -0.02415925
v 0.08558594 -0.01203125 -0.02861238
v 0.08011719 -0.01203125 -0.02611238
v 0.08011719 -0.01203125 -0.02611238
v 0.08558594 -0.01203125 -0.02861238
v 0.07925782 -0.01226562 -0.02693269
v 0.08011719 -0.01203125 -0.02611238
v 0.07925782 -0.01226562 -0.02693269
v 0.07925782 -0.01187500 -0.02529206
v 0.19519531 -0.01242187 -0.01478425
v 0.19519531 -0.01242187 -0.01775300
v 0.19183592 -0.01242187 -0.02048738
v 0.18652342 -0.01242187 -0.02408113
v 0.19183592 -0.01242187 -0.02048738
v 0.18777342 -0.01203125 -0.02599519
v 0.18113281 -0.01242187 -0.02736238
v 0.18230471 -0.01203125 -0.02935456
v 0.18113281 -0.01242187 -0.02736238
v 0.18230471 -0.01203125 -0.02935456
v 0.17558592 -0.01242187 -0.03033113
v 0.17660160 -0.01203125 -0.03236237
v 0.17558592 -0.01242187 -0.03033113
v 0.17660160 -0.01203125 -0.03236237
v 0.16980471 -0.01242187 -0.03294831
v 0.17074221 -0.01203125 -0.03501862
v 0.16980471 -0.01242187 -0.03294831
v 0.17074221 -0.01203125 -0.03501862
v 0.16394531 -0.01242187 -0.03525300
v 0.16472660 -0.01203125 -0.03736237
v 0.16394531 -0.01242187 -0.03525300
v 0.16472660 -0.01203125 -0.03736237
v 0.15792971 -0.01242187 -0.03720612
v 0.15855471 -0.01203125 -0.03935456
v 0.15792971 -0.01242187 -0.03720612
v 0.15855471 -0.01203125 -0.03935456
v 0.15183591 -0.01242187 -0.03880768
v 0.15183591 -0.01242187 -0.03880768
v 0.15855471 -0.01203125 -0.03935456
v 0.15238280 -0.01203125 -0.04099518
v 0.15183591 -0.01242187 -0.03880768
v 0.15238280 -0.01203125 -0.04099518
v 0.14566410 -0.01242187 -0.04005768
v 0.14605471 -0.01203125 -0.04228425
v 0.14566410 -0.01242187 -0.04005768
v 0.14605471 -0.01203125 -0.04228425
v 0.13941410 -0.01242187 -0.04095612
v 0.13964841 -0.01203125 -0.04318268
v 0.13941410 -0.01242187 -0.04095612
v 0.13964841 -0.01203125 -0.04318268
v 0.13308591 -0.01242187 -0.04146393
v 0.13324221 -0.01203125 -0.04372956
v 0.12683591 -0.01242187 -0.04165925
v 0.12683591 -0.01203125 -0.04392487
v 0.12683591 -0.01242187 -0.04165925
v 0.12683591 -0.01203125 -0.04392487
v 0.12050780 -0.01242187 -0.04146393
v 0.12035161 -0.01203125 -0.04372956
v 0.11417971 -0.01242187 -0.04091706
v 0.11417971 -0.01242187 -0.04091706
v 0.12035161 -0.01203125 -0.04372956
v 0.11394530 -0.01203125 -0.04314362
v 0.11417971 -0.01242187 -0.04091706
v 0.11394530 -0.01203125 -0.04314362
v 0.10792971 -0.01242187 -0.03997956
v 0.10792971 -0.01242187 -0.03997956
v 0.10753911 -0.01203125 -0.04224518
v 0.10792971 -0.01242187 -0.03997956
v 0.10753911 -0.01203125 -0.04224518
v 0.10175780 -0.01242187 -0.03872956
v 0.10175780 -0.01242187 -0.03872956
v 0.10753911 -0.01203125 -0.04224518
v 0.10128911 -0.01203125 -0.04095612
v 0.10175780 -0.01242187 -0.03872956
v 0.10128911 -0.01203125 -0.04095612
v 0.09566407 -0.01242187 -0.03712800
v 0.09566407 -0.01242187 -0.03712800
v 0.10128911 -0.01203125 -0.04095612
v 0.09503907 -0.01203125 -0.03927643
v 0.09566407 -0.01242187 -0.03712800
v 0.09503907 -0.01203125 -0.03927643
v 0.08964844 -0.01242187 -0.03513581
v 0.08894532 -0.01203125 -0.03728425
v 0.08964844 -0.01242187 -0.03513581
v 0.08894532 -0.01203125 -0.03728425
v 0.08378907 -0.01242187 -0.03283112
v 0.08292969 -0.01203125 -0.03490143
v 0.19519531 -0.01242187 -0.01775300
v 0.19519531 -0.01226562 -0.01919831
v 0.19183592 -0.01242187 -0.02048738
v 0.19183592 -0.01242187 -0.02048738
v 0.19519531 -0.01226562 -0.01919831
v 0.19316410 -0.01203125 -0.02232331
v 0.18777342 -0.01203125 -0.02599519
v 0.18777342 -0.01203125 -0.02599519
v 0.19316410 -0.01203125 -0.02232331
v 0.18894531 -0.01117187 -0.02779206
v 0.18777342 -0.01203125 -0.02599519
v 0.18894531 -0.01117187 -0.02779206
v 0.18230471 -0.01203125 -0.02935456
v 0.18230471 -0.01203125 -0.02935456
v 0.18894531 -0.01117187 -0.02779206
v 0.18332031 -0.01117187 -0.03119050
v 0.18230471 -0.01203125 -0.02935456
v 0.18332031 -0.01117187 -0.03119050
v 0.17660160 -0.01203125 -0.03236237
v 0.17660160 -0.01203125 -0.03236237
v 0.18332031 -0.01117187 -0.03119050
v 0.17753910 -0.01117187 -0.03427643
v 0.17660160 -0.01203125 -0.03236237
v 0.17753910 -0.01117187 -0.03427643
v 0.17074221 -0.01203125 -0.03501862
v 0.17152342 -0.01117187 -0.03701081
v 0.17074221 -0.01203125 -0.03501862
v 0.17152342 -0.01117187 -0.03701081
v 0.16472660 -0.01203125 -0.03736237
v 0.16542971 -0.01117187 -0.03939362
v 0.16472660 -0.01203125 -0.03736237
v 0.16542971 -0.01117187 -0.03939362
v 0.15855471 -0.01203125 -0.03935456
v 0.15917971 -0.01117187 -0.04142487
v 0.15855471 -0.01203125 -0.03935456
v 0.15917971 -0.01117187 -0.04142487
v 0.15238280 -0.01203125 -0.04099518
v 0.15285160 -0.01117187 -0.04310456
v 0.15238280 -0.01203125 -0.04099518
v 0.15285160 -0.01117187 -0.04310456
v 0.14605471 -0.01203125 -0.04228425
v 0.14644530 -0.01117187 -0.04439362
v 0.14605471 -0.01203125 -0.04228425
v 0.14644530 -0.01117187 -0.04439362
v 0.13964841 -0.01203125 -0.04318268
v 0.13988280 -0.01117187 -0.04533112
v 0.13964841 -0.01203125 -0.04318268
v 0.13988280 -0.01117187 -0.04533112
v 0.13324221 -0.01203125 -0.04372956
v 0.13339841 -0.01117187 -0.04587800
v 0.13324221 -0.01203125 -0.04372956
v 0.13339841 -0.01117187 -0.04587800
v 0.12683591 -0.01203125 -0.04392487
v 0.12683591 -0.01117187 -0.04607331
v 0.12683591 -0.01203125 -0.04392487
v 0.12683591 -0.01117187 -0.04607331
v 0.12035161 -0.01203125 -0.04372956
v 0.12027341 -0.01117187 -0.04587800
v 0.12035161 -0.01203125 -0.04372956
v 0.12027341 -0.01117187 -0.04587800
v 0.11394530 -0.01203125 -0.04314362
v 0.11371090 -0.01117187 -0.04529206
v 0.11394530 -0.01203125 -0.04314362
v 0.11371090 -0.01117187 -0.04529206
v 0.10753911 -0.01203125 -0.04224518
v 0.10722661 -0.01117187 -0.04435456
v 0.10753911 -0.01203125 -0.04224518
v 0.10722661 -0.01117187 -0.04435456
v 0.10128911 -0.01203125 -0.04095612
v 0.10128911 -0.01203125 -0.04095612
v 0.10722661 -0.01117187 -0.04435456
v 0.10074221 -0.01117187 -0.04302643
v 0.10128911 -0.01203125 -0.04095612
v 0.10074221 -0.01117187 -0.04302643
v 0.09503907 -0.01203125 -0.03927643
v 0.09503907 -0.01203125 -0.03927643
v 0.10074221 -0.01117187 -0.04302643
v 0.09441407 -0.01117187 -0.04134675
v 0.09503907 -0.01203125 -0.03927643
v 0.09441407 -0.01117187 -0.04134675
v 0.08894532 -0.01203125 -0.03728425
v 0.08816407 -0.01117187 -0.03931550
v 0.08894532 -0.01203125 -0.03728425
v 0.08816407 -0.01117187 -0.03931550
v 0.19519531 -0.01226562 -0.01919831
v 0.19527342 -0.01203125 -0.02064363
v 0.19316410 -0.01203125 -0.02232331
v 0.19316410 -0.01203125 -0.02232331
v 0.19527342 -0.01203125 -0.02064363
v 0.19535160 -0.01164062 -0.02204988
v 0.19316410 -0.01203125 -0.02232331
v 0.19535160 -0.01164062 -0.02204988
v 0.19441410 -0.01117187 -0.02408113
v 0.19441410 -0.01117187 -0.02408113
v 0.19535160 -0.01164062 -0.02204988
v 0.19542971 -0.01109375 -0.02345613
v 0.19441410 -0.01117187 -0.02408113
v 0.19542971 -0.01109375 -0.02345613
v 0.19550781 -0.01046875 -0.02474519
v 0.19558592 -0.00968750 -0.02599519
v 0.19003910 -0.00992188 -0.02947175
v 0.19550781 -0.01046875 -0.02474519
v 0.19550781 -0.01046875 -0.02474519
v 0.19003910 -0.00992188 -0.02947175
v 0.18894531 -0.01117187 -0.02779206
v 0.19550781 -0.01046875 -0.02474519
v 0.18894531 -0.01117187 -0.02779206
v 0.19441410 -0.01117187 -0.02408113
v 0.19441410 -0.01117187 -0.02408113
v 0.19558592 -0.00968750 -0.02599519
v 0.19574221 -0.00882813 -0.02712800
v 0.19003910 -0.00992188 -0.02947175
v 0.19003910 -0.00992188 -0.02947175
v 0.19574221 -0.00882813 -0.02712800
v 0.19097660 -0.00843750 -0.03087800
v 0.19003910 -0.00992188 -0.02947175
v 0.19097660 -0.00843750 -0.03087800
v 0.18433592 -0.00992188 -0.03290925
v 0.18511721 -0.00843750 -0.03439362
v 0.18433592 -0.00992188 -0.03290925
v 0.18511721 -0.00843750 -0.03439362
v 0.17839842 -0.00992188 -0.03603425
v 0.17839842 -0.00992188 -0.03603425
v 0.18511721 -0.00843750 -0.03439362
v 0.17917971 -0.00843750 -0.03755768
v 0.17839842 -0.00992188 -0.03603425
v 0.17917971 -0.00843750 -0.03755768
v 0.17230471 -0.00992188 -0.03880768
v 0.17300781 -0.00843750 -0.04037018
v 0.17230471 -0.00992188 -0.03880768
v 0.17300781 -0.00843750 -0.04037018
v 0.16613281 -0.00992188 -0.04122956
v 0.16613281 -0.00992188 -0.04122956
v 0.17300781 -0.00843750 -0.04037018
v 0.16667971 -0.00843750 -0.04283112
v 0.16613281 -0.00992188 -0.04122956
v 0.16667971 -0.00843750 -0.04283112
v 0.15972660 -0.00992188 -0.04329987
v 0.15972660 -0.00992188 -0.04329987
v 0.16667971 -0.00843750 -0.04283112
v 0.16019530 -0.00843750 -0.04494050
v 0.15972660 -0.00992188 -0.04329987
v 0.16019530 -0.00843750 -0.04494050
v 0.15332030 -0.00992188 -0.04501862
v 0.15332030 -0.00992188 -0.04501862
v 0.16019530 -0.00843750 -0.04494050
v 0.15371091 -0.00843750 -0.04665925
v 0.15332030 -0.00992188 -0.04501862
v 0.15371091 -0.00843750 -0.04665925
v 0.14675780 -0.00992188 -0.04634675
v 0.14675780 -0.00992188 -0.04634675
v 0.15371091 -0.00843750 -0.04665925
v 0.14707030 -0.00843750 -0.04802643
v 0.14675780 -0.00992188 -0.04634675
v 0.14707030 -0.00843750 -0.04802643
v 0.14011721 -0.00992188 -0.04728425
v 0.14035160 -0.00843750 -0.04896393
v 0.14011721 -0.00992188 -0.04728425
v 0.14035160 -0.00843750 -0.04896393
v 0.13347660 -0.00992188 -0.04783112
v 0.13347660 -0.00992188 -0.04783112
v 0.14035160 -0.00843750 -0.04896393
v 0.13355471 -0.00843750 -0.04954987
v 0.13347660 -0.00992188 -0.04783112
v 0.13355471 -0.00843750 -0.04954987
v 0.12683591 -0.00992188 -0.04802643
v 0.12683591 -0.00843750 -0.04974518
v 0.12683591 -0.00992188 -0.04802643
v 0.12683591 -0.00843750 -0.04974518
v 0.12011721 -0.00992188 -0.04783112
v 0.12011721 -0.00992188 -0.04783112
v 0.12683591 -0.00843750 -0.04974518
v 0.12003911 -0.00843750 -0.04951081
v 0.12011721 -0.00992188 -0.04783112
v 0.12003911 -0.00843750 -0.04951081
v 0.11347661 -0.00992188 -0.04724518
v 0.11324221 -0.00843750 -0.04892487
v 0.11347661 -0.00992188 -0.04724518
v 0.11324221 -0.00843750 -0.04892487
v 0.10683590 -0.00992188 -0.04626862
v 0.10660161 -0.00843750 -0.04794831
v 0.10683590 -0.00992188 -0.04626862
v 0.10660161 -0.00843750 -0.04794831
v 0.10035161 -0.00992188 -0.04494050
v 0.09996094 -0.00843750 -0.04658112
v 0.10035161 -0.00992188 -0.04494050
v 0.09996094 -0.00843750 -0.04658112
v 0.09386719 -0.00992188 -0.04322175
v 0.09339844 -0.00843750 -0.04486237
v 0.09386719 -0.00992188 -0.04322175
v 0.09339844 -0.00843750 -0.04486237
v 0.08753907 -0.00992188 -0.04115143
v 0.08753907 -0.00992188 -0.04115143
v 0.09339844 -0.00843750 -0.04486237
v 0.08691407 -0.00843750 -0.04275300
v 0.08753907 -0.00992188 -0.04115143
v 0.08691407 -0.00843750 -0.04275300
v 0.08128907 -0.00992188 -0.03869050
v 0.08128907 -0.00992188 -0.03869050
v 0.08691407 -0.00843750 -0.04275300
v 0.08066407 -0.00843750 -0.04025300
v 0.19574221 -0.00882813 -0.02712800
v 0.19582031 -0.00781250 -0.02818269
v 0.19097660 -0.00843750 -0.03087800
v 0.19097660 -0.00843750 -0.03087800
v 0.19582031 -0.00781250 -0.02818269
v 0.19167971 -0.00656250 -0.03204987
v 0.19097660 -0.00843750 -0.03087800
v 0.19167971 -0.00656250 -0.03204987
v 0.18511721 -0.00843750 -0.03439362
v 0.18511721 -0.00843750 -0.03439362
v 0.19167971 -0.00656250 -0.03204987
v 0.18582031 -0.00656250 -0.03560456
v 0.18511721 -0.00843750 -0.03439362
v 0.18582031 -0.00656250 -0.03560456
v 0.17917971 -0.00843750 -0.03755768
v 0.17980471 -0.00656250 -0.03880768
v 0.17917971 -0.00843750 -0.03755768
v 0.17980471 -0.00656250 -0.03880768
v 0.17300781 -0.00843750 -0.04037018
v 0.17355471 -0.00656250 -0.04165925
v 0.17300781 -0.00843750 -0.04037018
v 0.17355471 -0.00656250 -0.04165925
v 0.16667971 -0.00843750 -0.04283112
v 0.16667971 -0.00843750 -0.04283112
v 0.17355471 -0.00656250 -0.04165925
v 0.16714841 -0.00656250 -0.04415925
v 0.16667971 -0.00843750 -0.04283112
v 0.16714841 -0.00656250 -0.04415925
v 0.16019530 -0.00843750 -0.04494050
v 0.16019530 -0.00843750 -0.04494050
v 0.16714841 -0.00656250 -0.04415925
v 0.16058591 -0.00656250 -0.04626862
v 0.16019530 -0.00843750 -0.04494050
v 0.16058591 -0.00656250 -0.04626862
v 0.15371091 -0.00843750 -0.04665925
v 0.15371091 -0.00843750 -0.04665925
v 0.16058591 -0.00656250 -0.04626862
v 0.15402341 -0.00656250 -0.04802643
v 0.15371091 -0.00843750 -0.04665925
v 0.15402341 -0.00656250 -0.04802643
v 0.14707030 -0.00843750 -0.04802643
v 0.14707030 -0.00843750 -0.04802643
v 0.15402341 -0.00656250 -0.04802643
v 0.14730471 -0.00656250 -0.04939362
v 0.14707030 -0.00843750 -0.04802643
v 0.14730471 -0.00656250 -0.04939362
v 0.14035160 -0.00843750 -0.04896393
v 0.14035160 -0.00843750 -0.04896393
v 0.14730471 -0.00656250 -0.04939362
v 0.14050780 -0.00656250 -0.05037018
v 0.14035160 -0.00843750 -0.04896393
v 0.14050780 -0.00656250 -0.05037018
v 0.13355471 -0.00843750 -0.04954987
v 0.13355471 -0.00843750 -0.04954987
v 0.14050780 -0.00656250 -0.05037018
v 0.13363280 -0.00656250 -0.05091706
v 0.13355471 -0.00843750 -0.04954987
v 0.13363280 -0.00656250 -0.05091706
v 0.12683591 -0.00843750 -0.04974518
v 0.12675780 -0.00656250 -0.05111237
v 0.12683591 -0.00843750 -0.04974518
v 0.12675780 -0.00656250 -0.05111237
v 0.12003911 -0.00843750 -0.04951081
v 0.12003911 -0.00843750 -0.04951081
v 0.12675780 -0.00656250 -0.05111237
v 0.11996091 -0.00656250 -0.05091706
v 0.12003911 -0.00843750 -0.04951081
v 0.11996091 -0.00656250 -0.05091706
v 0.11324221 -0.00843750 -0.04892487
v 0.11308590 -0.00656250 -0.05033112
v 0.11324221 -0.00843750 -0.04892487
v 0.11308590 -0.00656250 -0.05033112
v 0.10660161 -0.00843750 -0.04794831
v 0.10628911 -0.00656250 -0.04931550
v 0.10660161 -0.00843750 -0.04794831
v 0.10628911 -0.00656250 -0.04931550
v 0.09996094 -0.00843750 -0.04658112
v 0.09957032 -0.00656250 -0.04794831
v 0.09996094 -0.00843750 -0.04658112
v 0.09957032 -0.00656250 -0.04794831
v 0.09339844 -0.00843750 -0.04486237
v 0.09339844 -0.00843750 -0.04486237
v 0.09957032 -0.00656250 -0.04794831
v 0.09300782 -0.00656250 -0.04619050
v 0.09339844 -0.00843750 -0.04486237
v 0.09300782 -0.00656250 -0.04619050
v 0.08691407 -0.00843750 -0.04275300
v 0.08644532 -0.00656250 -0.04404206
v 0.08691407 -0.00843750 -0.04275300
v 0.08644532 -0.00656250 -0.04404206
v 0.08066407 -0.00843750 -0.04025300
v 0.08066407 -0.00843750 -0.04025300
v 0.08644532 -0.00656250 -0.04404206
v 0.08011719 -0.00656250 -0.04154206
v 0.19582031 -0.00781250 -0.02818269
v 0.19589842 -0.00671875 -0.02912019
v 0.19167971 -0.00656250 -0.03204987
v 0.19167971 -0.00656250 -0.03204987
v 0.19589842 -0.00671875 -0.02912019
v 0.19605471 -0.00546875 -0.02986238
v 0.19167971 -0.00656250 -0.03204987
v 0.19605471 -0.00546875 -0.02986238
v 0.19222660 -0.00453125 -0.03290925
v 0.19222660 -0.00453125 -0.03290925
v 0.19605471 -0.00546875 -0.02986238
v 0.19613281 -0.00414063 -0.03048738
v 0.19222660 -0.00453125 -0.03290925
v 0.19613281 -0.00414063 -0.03048738
v 0.19621092 -0.00273438 -0.03091706
v 0.19261721 -0.00226563 -0.03345612
v 0.19261721 -0.00226563 -0.03345612
v 0.19621092 -0.00273438 -0.03091706
v 0.19621092 -0.00132813 -0.03119050
v 0.19261721 -0.00226563 -0.03345612
v 0.19621092 -0.00132813 -0.03119050
v 0.19269531 0.00000000 -0.03365143
v 0.19269531 0.00000000 -0.03365143
v 0.19621092 -0.00132813 -0.03119050
v 0.19621092 0.00007813 -0.03126863
v 0.19269531 0.00000000 -0.03365143
v 0.19621092 0.00007813 -0.03126863
v 0.19621092 0.00156250 -0.03119050
v 0.19269531 0.00000000 -0.03365143
v 0.19621092 0.00156250 -0.03119050
v 0.19261721 0.00234375 -0.03345612
v 0.19261721 0.00234375 -0.03345612
v 0.19621092 0.00156250 -0.03119050
v 0.19613281 0.00296875 -0.03087800
v 0.19261721 0.00234375 -0.03345612
v 0.19613281 0.00296875 -0.03087800
v 0.19222660 0.00453125 -0.03290925
v 0.19222660 0.00453125 -0.03290925
v 0.19613281 0.00296875 -0.03087800
v 0.19613281 0.00437500 -0.03040925
v 0.19222660 0.00453125 -0.03290925
v 0.19613281 0.00437500 -0.03040925
v 0.19597660 0.00562500 -0.02978425
v 0.19222660 0.00453125 -0.03290925
v 0.19597660 0.00562500 -0.02978425
v 0.19167971 0.00656250 -0.03204987
v 0.19167971 0.00656250 -0.03204987
v 0.19597660 0.00562500 -0.02978425
v 0.19589842 0.00687500 -0.02900300
v 0.19167971 0.00656250 -0.03204987
v 0.19589842 0.00687500 -0.02900300
v 0.19097660 0.00843750 -0.03087800
v 0.19097660 0.00843750 -0.03087800
v 0.19589842 0.00687500 -0.02900300
v 0.19582031 0.00796875 -0.02806550
v 0.19097660 0.00843750 -0.03087800
v 0.19582031 0.00796875 -0.02806550
v 0.19566410 0.00898438 -0.02701081
v 0.19097660 0.00843750 -0.03087800
v 0.19566410 0.00898438 -0.02701081
v 0.19003910 0.01000000 -0.02947175
v 0.19003910 0.01000000 -0.02947175
v 0.19566410 0.00898438 -0.02701081
v 0.19558592 0.00984375 -0.02587800
v 0.19003910 0.01000000 -0.02947175
v 0.19558592 0.00984375 -0.02587800
v 0.19550781 0.01062500 -0.02462800
v 0.19542971 0.01125000 -0.02329988
v 0.19441410 0.01117187 -0.02408113
v 0.19550781 0.01062500 -0.02462800
v 0.19550781 0.01062500 -0.02462800
v 0.19441410 0.01117187 -0.02408113
v 0.18894531 0.01117187 -0.02779206
v 0.19550781 0.01062500 -0.02462800
v 0.18894531 0.01117187 -0.02779206
v 0.19003910 0.01000000 -0.02947175
v 0.19003910 0.01000000 -0.02947175
v 0.18894531 0.01117187 -0.02779206
v 0.18433592 0.01000000 -0.03290925
v 0.19003910 0.01000000 -0.02947175
v 0.18433592 0.01000000 -0.03290925
v 0.18511721 0.00843750 -0.03439362
v 0.18511721 0.00843750 -0.03439362
v 0.18433592 0.01000000 -0.03290925
v 0.17917971 0.00843750 -0.03755768
v 0.18511721 0.00843750 -0.03439362
v 0.17917971 0.00843750 -0.03755768
v 0.17980471 0.00656250 -0.03880768
v 0.17980471 0.00656250 -0.03880768
v 0.17917971 0.00843750 -0.03755768
v 0.17355471 0.00656250 -0.04165925
v 0.17980471 0.00656250 -0.03880768
v 0.17355471 0.00656250 -0.04165925
v 0.17394531 0.00453125 -0.04259675
v 0.17394531 0.00453125 -0.04259675
v 0.17355471 0.00656250 -0.04165925
v 0.16746091 0.00453125 -0.04513581
v 0.17394531 0.00453125 -0.04259675
v 0.16746091 0.00453125 -0.04513581
v 0.16769531 0.00234375 -0.04572175
v 0.16769531 0.00234375 -0.04572175
v 0.16746091 0.00453125 -0.04513581
v 0.16105471 0.00234375 -0.04787018
v 0.16769531 0.00234375 -0.04572175
v 0.16105471 0.00234375 -0.04787018
v 0.16113280 0.00000000 -0.04806550
v 0.16113280 0.00000000 -0.04806550
v 0.16105471 0.00234375 -0.04787018
v 0.15441410 0.00000000 -0.04986237
v 0.16113280 0.00000000 -0.04806550
v 0.15441410 0.00000000 -0.04986237
v 0.15433591 -0.00226563 -0.04962800
v 0.15433591 -0.00226563 -0.04962800
v 0.15441410 0.00000000 -0.04986237
v 0.14753910 -0.00226563 -0.05103425
v 0.15433591 -0.00226563 -0.04962800
v 0.14753910 -0.00226563 -0.05103425
v 0.14746091 -0.00453125 -0.05040925
v 0.14746091 -0.00453125 -0.05040925
v 0.14753910 -0.00226563 -0.05103425
v 0.14058591 -0.00453125 -0.05138581
v 0.14746091 -0.00453125 -0.05040925
v 0.14058591 -0.00453125 -0.05138581
v 0.14050780 -0.00656250 -0.05037018
v 0.14050780 -0.00656250 -0.05037018
v 0.14058591 -0.00453125 -0.05138581
v 0.13363280 -0.00656250 -0.05091706
v 0.19542971 0.01125000 -0.02329988
v 0.19535160 0.01171875 -0.02193269
v 0.19441410 0.01117187 -0.02408113
v 0.19441410 0.01117187 -0.02408113
v 0.19535160 0.01171875 -0.02193269
v 0.19316410 0.01203125 -0.02232331
v 0.19441410 0.01117187 -0.02408113
v 0.19316410 0.01203125 -0.02232331
v 0.18894531 0.01117187 -0.02779206
v 0.18777342 0.01203125 -0.02599519
v 0.18894531 0.01117187 -0.02779206
v 0.18777342 0.01203125 -0.02599519
v 0.18332031 0.01117187 -0.03119050
v 0.18332031 0.01117187 -0.03119050
v 0.18777342 0.01203125 -0.02599519
v 0.18230471 0.01203125 -0.02935456
v 0.18332031 0.01117187 -0.03119050
v 0.18230471 0.01203125 -0.02935456
v 0.17753910 0.01117187 -0.03427643
v 0.17753910 0.01117187 -0.03427643
v 0.18230471 0.01203125 -0.02935456
v 0.17660160 0.01203125 -0.03236237
v 0.17753910 0.01117187 -0.03427643
v 0.17660160 0.01203125 -0.03236237
v 0.17152342 0.01117187 -0.03701081
v 0.17074221 0.01203125 -0.03501862
v 0.17152342 0.01117187 -0.03701081
v 0.17074221 0.01203125 -0.03501862
v 0.16542971 0.01117187 -0.03939362
v 0.16542971 0.01117187 -0.03939362
v 0.17074221 0.01203125 -0.03501862
v 0.16472660 0.01203125 -0.03736237
v 0.16542971 0.01117187 -0.03939362
v 0.16472660 0.01203125 -0.03736237
v 0.15917971 0.01117187 -0.04142487
v 0.15855471 0.01203125 -0.03935456
v 0.15917971 0.01117187 -0.04142487
v 0.15855471 0.01203125 -0.03935456
v 0.15285160 0.01117187 -0.04310456
v 0.15285160 0.01117187 -0.04310456
v 0.15855471 0.01203125 -0.03935456
v 0.15238280 0.01203125 -0.04099518
v 0.15285160 0.01117187 -0.04310456
v 0.15238280 0.01203125 -0.04099518
v 0.14644530 0.01117187 -0.04439362
v 0.14605471 0.01203125 -0.04228425
v 0.14644530 0.01117187 -0.04439362
v 0.14605471 0.01203125 -0.04228425
v 0.13988280 0.01117187 -0.04533112
v 0.13964841 0.01203125 -0.04318268
v 0.13988280 0.01117187 -0.04533112
v 0.13964841 0.01203125 -0.04318268
v 0.13339841 0.01117187 -0.04587800
v 0.13324221 0.01203125 -0.04372956
v 0.13339841 0.01117187 -0.04587800
v 0.13324221 0.01203125 -0.04372956
v 0.12683591 0.01117187 -0.04607331
v 0.12683591 0.01203125 -0.04392487
v 0.12683591 0.01117187 -0.04607331
v 0.12683591 0.01203125 -0.04392487
v 0.12027341 0.01117187 -0.04587800
v 0.12035161 0.01203125 -0.04372956
v 0.12027341 0.01117187 -0.04587800
v 0.12035161 0.01203125 -0.04372956
v 0.11371090 0.01117187 -0.04529206
v 0.11394530 0.01203125 -0.04314362
v 0.11371090 0.01117187 -0.04529206
v 0.11394530 0.01203125 -0.04314362
v 0.10722661 0.01117187 -0.04435456
v 0.10753911 0.01203125 -0.04224518
v 0.10722661 0.01117187 -0.04435456
v 0.10753911 0.01203125 -0.04224518
v 0.10074221 0.01117187 -0.04302643
v 0.10128911 0.01203125 -0.04095612
v 0.10074221 0.01117187 -0.04302643
v 0.10128911 0.01203125 -0.04095612
v 0.09441407 0.01117187 -0.04134675
v 0.09503907 0.01203125 -0.03927643
v 0.09441407 0.01117187 -0.04134675
v 0.09503907 0.01203125 -0.03927643
v 0.08816407 0.01117187 -0.03931550
v 0.08894532 0.01203125 -0.03728425
v 0.08816407 0.01117187 -0.03931550
v 0.08894532 0.01203125 -0.03728425
v 0.19535160 0.01171875 -0.02193269
v 0.19527342 0.01210937 -0.02052644
v 0.19316410 0.01203125 -0.02232331
v 0.19316410 0.01203125 -0.02232331
v 0.19527342 0.01210937 -0.02052644
v 0.19183592 0.01250000 -0.02048738
v 0.18777342 0.01203125 -0.02599519
v 0.18652342 0.01250000 -0.02408113
v 0.18230471 0.01203125 -0.02935456
v 0.18230471 0.01203125 -0.02935456
v 0.18652342 0.01250000 -0.02408113
v 0.18113281 0.01250000 -0.02736238
v 0.18230471 0.01203125 -0.02935456
v 0.18113281 0.01250000 -0.02736238
v 0.17660160 0.01203125 -0.03236237
v 0.17660160 0.01203125 -0.03236237
v 0.18113281 0.01250000 -0.02736238
v 0.17558592 0.01250000 -0.03033113
v 0.17660160 0.01203125 -0.03236237
v 0.17558592 0.01250000 -0.03033113
v 0.17074221 0.01203125 -0.03501862
v 0.16980471 0.01250000 -0.03294831
v 0.17074221 0.01203125 -0.03501862
v 0.16980471 0.01250000 -0.03294831
v 0.16472660 0.01203125 -0.03736237
v 0.16394531 0.01250000 -0.03525300
v 0.16472660 0.01203125 -0.03736237
v 0.16394531 0.01250000 -0.03525300
v 0.15855471 0.01203125 -0.03935456
v 0.15855471 0.01203125 -0.03935456
v 0.16394531 0.01250000 -0.03525300
v 0.15792971 0.01250000 -0.03720612
v 0.15855471 0.01203125 -0.03935456
v 0.15792971 0.01250000 -0.03720612
v 0.15238280 0.01203125 -0.04099518
v 0.15183591 0.01250000 -0.03880768
v 0.15238280 0.01203125 -0.04099518
v 0.15183591 0.01250000 -0.03880768
v 0.14605471 0.01203125 -0.04228425
v 0.14566410 0.01250000 -0.04005768
v 0.14605471 0.01203125 -0.04228425
v 0.14566410 0.01250000 -0.04005768
v 0.13964841 0.01203125 -0.04318268
v 0.13941410 0.01250000 -0.04095612
v 0.13964841 0.01203125 -0.04318268
v 0.13941410 0.01250000 -0.04095612
v 0.13324221 0.01203125 -0.04372956
v 0.13308591 0.01250000 -0.04146393
v 0.13324221 0.01203125 -0.04372956
v 0.13308591 0.01250000 -0.04146393
v 0.12683591 0.01203125 -0.04392487
v 0.12683591 0.01250000 -0.04165925
v 0.12683591 0.01203125 -0.04392487
v 0.12683591 0.01250000 -0.04165925
v 0.12035161 0.01203125 -0.04372956
v 0.12050780 0.01250000 -0.04146393
v 0.12035161 0.01203125 -0.04372956
v 0.12050780 0.01250000 -0.04146393
v 0.11394530 0.01203125 -0.04314362
v 0.11417971 0.01250000 -0.04091706
v 0.11394530 0.01203125 -0.04314362
v 0.11417971 0.01250000 -0.04091706
v 0.10753911 0.01203125 -0.04224518
v 0.10792971 0.01250000 -0.03997956
v 0.10753911 0.01203125 -0.04224518
v 0.10792971 0.01250000 -0.03997956
v 0.10128911 0.01203125 -0.04095612
v 0.10175780 0.01250000 -0.03872956
v 0.10128911 0.01203125 -0.04095612
v 0.10175780 0.01250000 -0.03872956
v 0.09503907 0.01203125 -0.03927643
v 0.09566407 0.01250000 -0.03712800
v 0.09503907 0.01203125 -0.03927643
v 0.09566407 0.01250000 -0.03712800
v 0.08894532 0.01203125 -0.03728425
v 0.08964844 0.01250000 -0.03513581
v 0.08894532 0.01203125 -0.03728425
v 0.08964844 0.01250000 -0.03513581
v 0.19527342 0.01210937 -0.02052644
v 0.19519531 0.01234375 -0.01912019
v 0.19183592 0.01250000 -0.02048738
v 0.19183592 0.01250000 -0.02048738
v 0.19519531 0.01234375 -0.01912019
v 0.19519531 0.01250000 -0.01763581
v 0.19183592 0.01250000 -0.02048738
v 0.19519531 0.01250000 -0.01763581
v 0.19042971 0.01250000 -0.01865144
v 0.19042971 0.01250000 -0.01865144
v 0.19519531 0.01250000 -0.01763581
v 0.19519531 0.01242187 -0.01470613
v 0.19042971 0.01250000 -0.01865144
v 0.19519531 0.01242187 -0.01470613
v 0.18910160 0.01203125 -0.01681550
v 0.18910160 0.01203125 -0.01681550
v 0.19519531 0.01242187 -0.01470613
v 0.19386721 0.01203125 -0.01310456
v 0.18910160 0.01203125 -0.01681550
v 0.19386721 0.01203125 -0.01310456
v 0.19253910 0.01117187 -0.01142488
v 0.19253910 0.01117187 -0.01142488
v 0.19386721 0.01203125 -0.01310456
v 0.19527342 0.01203125 -0.01177644
v 0.19253910 0.01117187 -0.01142488
v 0.19527342 0.01203125 -0.01177644
v 0.19542971 0.01117187 -0.00900300
v 0.19519531 0.01242187 -0.01470613
v 0.19527342 0.01203125 -0.01177644
v 0.19386721 0.01203125 -0.01310456
v 0.19253910 0.01117187 -0.01142488
v 0.19542971 0.01117187 -0.00900300
v 0.19128910 0.01000000 -0.00994050
v 0.19128910 0.01000000 -0.00994050
v 0.19542971 0.01117187 -0.00900300
v 0.19558592 0.01007812 -0.00634675
v 0.19128910 0.01000000 -0.00994050
v 0.19558592 0.01007812 -0.00634675
v 0.19574221 0.00867188 -0.00400300
v 0.19128910 0.01000000 -0.00994050
v 0.19574221 0.00867188 -0.00400300
v 0.19449221 0.00843750 -0.00486238
v 0.19449221 0.00843750 -0.00486238
v 0.19574221 0.00867188 -0.00400300
v 0.19589842 0.00695313 -0.00193269
v 0.19449221 0.00843750 -0.00486238
v 0.19589842 0.00695313 -0.00193269
v 0.19355471 0.00656250 -0.00384675
v 0.19355471 0.00656250 -0.00384675
v 0.19589842 0.00695313 -0.00193269
v 0.19597660 0.00601563 -0.00103425
v 0.19355471 0.00656250 -0.00384675
v 0.19597660 0.00601563 -0.00103425
v 0.19285160 0.00453125 -0.00310456
v 0.19285160 0.00453125 -0.00310456
v 0.19597660 0.00601563 -0.00103425
v 0.19605471 0.00492188 -0.00021394
v 0.19285160 0.00453125 -0.00310456
v 0.19605471 0.00492188 -0.00021394
v 0.19613281 0.00382813 0.00045013
v 0.19285160 0.00453125 -0.00310456
v 0.19613281 0.00382813 0.00045013
v 0.19238281 0.00234375 -0.00263581
v 0.19238281 0.00234375 -0.00263581
v 0.19613281 0.00382813 0.00045013
v 0.19621092 0.00257813 0.00095794
v 0.19238281 0.00234375 -0.00263581
v 0.19621092 0.00257813 0.00095794
v 0.19621092 0.00132813 0.00127044
v 0.19238281 0.00234375 -0.00263581
v 0.19621092 0.00132813 0.00127044
v 0.19230471 0.00000000 -0.00247956
v 0.07925782 -0.01242187 -0.02861238
v 0.08472657 -0.01242187 -0.03072175
v 0.07925782 -0.01242187 -0.02861238
v 0.07925782 -0.01226562 -0.02693269
v 0.08472657 -0.01242187 -0.03072175
v 0.07925782 -0.01226562 -0.02693269
v 0.08558594 -0.01203125 -0.02861238
v 0.07925782 -0.01187500 -0.02529206
v 0.07925782 -0.01140625 -0.02372956
v 0.08011719 -0.01203125 -0.02611238
v 0.08011719 -0.01203125 -0.02611238
v 0.07925782 -0.01140625 -0.02372956
v 0.08105469 -0.01117187 -0.02415925
v 0.07925782 -0.01140625 -0.02372956
v 0.07925782 -0.01070312 -0.02224519
v 0.08105469 -0.01117187 -0.02415925
v 0.08105469 -0.01117187 -0.02415925
v 0.07925782 -0.01070312 -0.02224519
v 0.08191407 -0.00992188 -0.02240144
v 0.07925782 -0.01070312 -0.02224519
v 0.07925782 -0.00976563 -0.02079988
v 0.08191407 -0.00992188 -0.02240144
v 0.08191407 -0.00992188 -0.02240144
v 0.07925782 -0.00976563 -0.02079988
v 0.07925782 -0.00875000 -0.01947175
v 0.08191407 -0.00992188 -0.02240144
v 0.07925782 -0.00875000 -0.01947175
v 0.08269532 -0.00843750 -0.02087800
v 0.08269532 -0.00843750 -0.02087800
v 0.07925782 -0.00875000 -0.01947175
v 0.07925782 -0.00757813 -0.01833894
v 0.08269532 -0.00843750 -0.02087800
v 0.07925782 -0.00757813 -0.01833894
v 0.08332032 -0.00656250 -0.01962800
v 0.08332032 -0.00656250 -0.01962800
v 0.07925782 -0.00757813 -0.01833894
v 0.07925782 -0.00625000 -0.01728425
v 0.08332032 -0.00656250 -0.01962800
v 0.07925782 -0.00625000 -0.01728425
v 0.07925782 -0.00476563 -0.01646394
v 0.08332032 -0.00656250 -0.01962800
v 0.07925782 -0.00476563 -0.01646394
v 0.08378907 -0.00453125 -0.01872956
v 0.08378907 -0.00453125 -0.01872956
v 0.07925782 -0.00476563 -0.01646394
v 0.07925782 -0.00328125 -0.01587800
v 0.08378907 -0.00453125 -0.01872956
v 0.07925782 -0.00328125 -0.01587800
v 0.08402344 -0.00226563 -0.01814363
v 0.08402344 -0.00226563 -0.01814363
v 0.07925782 -0.00328125 -0.01587800
v 0.07925782 -0.00164063 -0.01548738
v 0.08402344 -0.00226563 -0.01814363
v 0.07925782 -0.00164063 -0.01548738
v 0.08410157 0.00000000 -0.01794831
v 0.08410157 0.00000000 -0.01794831
v 0.07925782 -0.00164063 -0.01548738
v 0.07925782 0.00000000 -0.01537019
v 0.08410157 0.00000000 -0.01794831
v 0.07925782 0.00000000 -0.01537019
v 0.07925782 0.00164063 -0.01548738
v 0.08410157 0.00000000 -0.01794831
v 0.07925782 0.00164063 -0.01548738
v 0.08402344 0.00234375 -0.01814363
v 0.08402344 0.00234375 -0.01814363
v 0.07925782 0.00164063 -0.01548738
v 0.07925782 0.00328125 -0.01587800
v 0.08402344 0.00234375 -0.01814363
v 0.07925782 0.00328125 -0.01587800
v 0.08378907 0.00453125 -0.01872956
v 0.08378907 0.00453125 -0.01872956
v 0.07925782 0.00328125 -0.01587800
v 0.07925782 0.00484375 -0.01646394
v 0.08378907 0.00453125 -0.01872956
v 0.07925782 0.00484375 -0.01646394
v 0.07925782 0.00625000 -0.01728425
v 0.08378907 0.00453125 -0.01872956
v 0.07925782 0.00625000 -0.01728425
v 0.08332032 0.00656250 -0.01962800
v 0.08332032 0.00656250 -0.01962800
v 0.07925782 0.00625000 -0.01728425
v 0.07925782 0.00765625 -0.01833894
v 0.08332032 0.00656250 -0.01962800
v 0.07925782 0.00765625 -0.01833894
v 0.08269532 0.00843750 -0.02087800
v 0.08269532 0.00843750 -0.02087800
v 0.07925782 0.00765625 -0.01833894
v 0.07925782 0.00882813 -0.01947175
v 0.08269532 0.00843750 -0.02087800
v 0.07925782 0.00882813 -0.01947175
v 0.07925782 0.00984375 -0.02079988
v 0.08269532 0.00843750 -0.02087800
v 0.07925782 0.00984375 -0.02079988
v 0.08191407 0.01000000 -0.02240144
v 0.08191407 0.01000000 -0.02240144
v 0.07925782 0.00984375 -0.02079988
v 0.07925782 0.01070312 -0.02224519
v 0.08191407 0.01000000 -0.02240144
v 0.07925782 0.01070312 -0.02224519
v 0.08105469 0.01117187 -0.02415925
v 0.08105469 0.01117187 -0.02415925
v 0.07925782 0.01070312 -0.02224519
v 0.07925782 0.01140625 -0.02372956
v 0.08105469 0.01117187 -0.02415925
v 0.07925782 0.01140625 -0.02372956
v 0.07925782 0.01195312 -0.02529206
v 0.08105469 0.01117187 -0.02415925
v 0.07925782 0.01195312 -0.02529206
v 0.08011719 0.01203125 -0.02611238
v 0.07925782 0.01195312 -0.02529206
v 0.19230471 0.00000000 -0.00247956
v 0.18808592 0.00000000 -0.00611238
v 0.18824221 0.00234375 -0.00626863
v 0.18824221 0.00234375 -0.00626863
v 0.18808592 0.00000000 -0.00611238
v 0.18386721 0.00234375 -0.00966706
v 0.18824221 0.00234375 -0.00626863
v 0.18386721 0.00234375 -0.00966706
v 0.18425781 0.00453125 -0.01017488
v 0.18425781 0.00453125 -0.01017488
v 0.18386721 0.00234375 -0.00966706
v 0.17964842 0.00453125 -0.01333894
v 0.18425781 0.00453125 -0.01017488
v 0.17964842 0.00453125 -0.01333894
v 0.18019531 0.00656250 -0.01419831
v 0.18019531 0.00656250 -0.01419831
v 0.17964842 0.00453125 -0.01333894
v 0.17535160 0.00656250 -0.01712800
v 0.18019531 0.00656250 -0.01419831
v 0.17535160 0.00656250 -0.01712800
v 0.17605471 0.00843750 -0.01833894
v 0.17605471 0.00843750 -0.01833894
v 0.17535160 0.00656250 -0.01712800
v 0.17097660 0.00843750 -0.02099519
v 0.17605471 0.00843750 -0.01833894
v 0.17097660 0.00843750 -0.02099519
v 0.17175781 0.01000000 -0.02251863
v 0.17175781 0.01000000 -0.02251863
v 0.17097660 0.00843750 -0.02099519
v 0.16644531 0.01000000 -0.02494050
v 0.17175781 0.01000000 -0.02251863
v 0.16644531 0.01000000 -0.02494050
v 0.16722660 0.01117187 -0.02673738
v 0.16722660 0.01117187 -0.02673738
v 0.16644531 0.01000000 -0.02494050
v 0.16167971 0.01117187 -0.02888581
v 0.16722660 0.01117187 -0.02673738
v 0.16167971 0.01117187 -0.02888581
v 0.16238280 0.01203125 -0.03091706
v 0.16238280 0.01203125 -0.03091706
v 0.16167971 0.01117187 -0.02888581
v 0.15667971 0.01203125 -0.03279206
v 0.16238280 0.01203125 -0.03091706
v 0.15667971 0.01203125 -0.03279206
v 0.15730471 0.01250000 -0.03497956
v 0.15730471 0.01250000 -0.03497956
v 0.15667971 0.01203125 -0.03279206
v 0.15128910 0.01250000 -0.03654206
v 0.15730471 0.01250000 -0.03497956
v 0.15128910 0.01250000 -0.03654206
v 0.15183591 0.01250000 -0.03880768
v 0.14566410 0.01250000 -0.04005768
v 0.18371092 0.00000000 -0.00951081
v 0.18386721 0.00234375 -0.00966706
v 0.18371092 0.00000000 -0.00951081
v 0.17925781 0.00234375 -0.01279206
v 0.18386721 0.00234375 -0.00966706
v 0.17925781 0.00234375 -0.01279206
v 0.17964842 0.00453125 -0.01333894
v 0.17964842 0.00453125 -0.01333894
v 0.17925781 0.00234375 -0.01279206
v 0.17488281 0.00453125 -0.01622956
v 0.17964842 0.00453125 -0.01333894
v 0.17488281 0.00453125 -0.01622956
v 0.17535160 0.00656250 -0.01712800
v 0.17535160 0.00656250 -0.01712800
v 0.17488281 0.00453125 -0.01622956
v 0.17035160 0.00656250 -0.01974519
v 0.17035160 0.00656250 -0.01974519
v 0.17097660 0.00843750 -0.02099519
v 0.17035160 0.00656250 -0.01974519
v 0.16582031 0.00843750 -0.02337800
v 0.17097660 0.00843750 -0.02099519
v 0.16582031 0.00843750 -0.02337800
v 0.16644531 0.01000000 -0.02494050
v 0.16644531 0.01000000 -0.02494050
v 0.16582031 0.00843750 -0.02337800
v 0.16105471 0.01000000 -0.02704988
v 0.16105471 0.01000000 -0.02704988
v 0.16167971 0.01117187 -0.02888581
v 0.16105471 0.01000000 -0.02704988
v 0.15605471 0.01117187 -0.03072175
v 0.16167971 0.01117187 -0.02888581
v 0.15605471 0.01117187 -0.03072175
v 0.15667971 0.01203125 -0.03279206
v 0.15667971 0.01203125 -0.03279206
v 0.15605471 0.01117187 -0.03072175
v 0.15082030 0.01203125 -0.03435456
v 0.15082030 0.01203125 -0.03435456
v 0.15128910 0.01250000 -0.03654206
v 0.15082030 0.01203125 -0.03435456
v 0.14527341 0.01250000 -0.03775300
v 0.14527341 0.01250000 -0.03775300
v 0.13941410 0.01250000 -0.04095612
v 0.19230471 0.00000000 -0.00247956
v 0.19238281 -0.00226563 -0.00263581
v 0.18808592 0.00000000 -0.00611238
v 0.18808592 0.00000000 -0.00611238
v 0.19238281 -0.00226563 -0.00263581
v 0.18824221 -0.00226563 -0.00626863
v 0.18808592 0.00000000 -0.00611238
v 0.18824221 -0.00226563 -0.00626863
v 0.18371092 0.00000000 -0.00951081
v 0.18386721 -0.00226563 -0.00966706
v 0.18371092 0.00000000 -0.00951081
v 0.18386721 -0.00226563 -0.00966706
v 0.17925781 -0.00226563 -0.01279206
v 0.17925781 -0.00226563 -0.01279206
v 0.18386721 -0.00226563 -0.00966706
v 0.17964842 -0.00453125 -0.01333894
v 0.17925781 -0.00226563 -0.01279206
v 0.17964842 -0.00453125 -0.01333894
v 0.17457031 -0.00226563 -0.01568269
v 0.17457031 -0.00226563 -0.01568269
v 0.17964842 -0.00453125 -0.01333894
v 0.17488281 -0.00453125 -0.01622956
v 0.17457031 -0.00226563 -0.01568269
v 0.17488281 -0.00453125 -0.01622956
v 0.16964842 -0.00226563 -0.01826081
v 0.16964842 -0.00226563 -0.01826081
v 0.17488281 -0.00453125 -0.01622956
v 0.16988281 -0.00453125 -0.01880769
v 0.16964842 -0.00226563 -0.01826081
v 0.16988281 -0.00453125 -0.01880769
v 0.16457031 -0.00226563 -0.02056550
v 0.16457031 -0.00226563 -0.02056550
v 0.16988281 -0.00453125 -0.01880769
v 0.16488281 -0.00453125 -0.02115144
v 0.16457031 -0.00226563 -0.02056550
v 0.16488281 -0.00453125 -0.02115144
v 0.15941410 -0.00226563 -0.02259675
v 0.15941410 -0.00226563 -0.02259675
v 0.16488281 -0.00453125 -0.02115144
v 0.15964841 -0.00453125 -0.02318269
v 0.15941410 -0.00226563 -0.02259675
v 0.15964841 -0.00453125 -0.02318269
v 0.15417971 -0.00226563 -0.02427644
v 0.15417971 -0.00226563 -0.02427644
v 0.15964841 -0.00453125 -0.02318269
v 0.15433591 -0.00453125 -0.02490144
v 0.15417971 -0.00226563 -0.02427644
v 0.15433591 -0.00453125 -0.02490144
v 0.14878910 -0.00226563 -0.02568269
v 0.14894530 -0.00453125 -0.02630769
v 0.14878910 -0.00226563 -0.02568269
v 0.14894530 -0.00453125 -0.02630769
v 0.14339841 -0.00226563 -0.02681550
v 0.14347660 -0.00453125 -0.02744050
v 0.14339841 -0.00226563 -0.02681550
v 0.14347660 -0.00453125 -0.02744050
v 0.13785160 -0.00226563 -0.02759675
v 0.13792971 -0.00453125 -0.02822175
v 0.13785160 -0.00226563 -0.02759675
v 0.13792971 -0.00453125 -0.02822175
v 0.13238280 -0.00226563 -0.02806550
v 0.13238280 -0.00453125 -0.02869050
v 0.13238280 -0.00226563 -0.02806550
v 0.13238280 -0.00453125 -0.02869050
v 0.12683591 -0.00226563 -0.02822175
v 0.12683591 -0.00453125 -0.02884675
v 0.12683591 -0.00226563 -0.02822175
v 0.12683591 -0.00453125 -0.02884675
v 0.12128911 -0.00226563 -0.02802644
v 0.12128911 -0.00226563 -0.02802644
v 0.12683591 -0.00453125 -0.02884675
v 0.12121091 -0.00453125 -0.02869050
v 0.12128911 -0.00226563 -0.02802644
v 0.12121091 -0.00453125 -0.02869050
v 0.11574221 -0.00226563 -0.02755769
v 0.11574221 -0.00226563 -0.02755769
v 0.12121091 -0.00453125 -0.02869050
v 0.11566411 -0.00453125 -0.02818269
v 0.11574221 -0.00226563 -0.02755769
v 0.11566411 -0.00453125 -0.02818269
v 0.11027340 -0.00226563 -0.02677644
v 0.11027340 -0.00226563 -0.02677644
v 0.11566411 -0.00453125 -0.02818269
v 0.11019530 -0.00453125 -0.02736238
v 0.11027340 -0.00226563 -0.02677644
v 0.11019530 -0.00453125 -0.02736238
v 0.10488280 -0.00226563 -0.02564363
v 0.10488280 -0.00226563 -0.02564363
v 0.11019530 -0.00453125 -0.02736238
v 0.10472661 -0.00453125 -0.02626863
v 0.10488280 -0.00226563 -0.02564363
v 0.10472661 -0.00453125 -0.02626863
v 0.09949219 -0.00226563 -0.02423738
v 0.09949219 -0.00226563 -0.02423738
v 0.10472661 -0.00453125 -0.02626863
v 0.09933594 -0.00453125 -0.02482331
v 0.09949219 -0.00226563 -0.02423738
v 0.09933594 -0.00453125 -0.02482331
v 0.09425782 -0.00226563 -0.02247956
v 0.09425782 -0.00226563 -0.02247956
v 0.09933594 -0.00453125 -0.02482331
v 0.09402344 -0.00453125 -0.02310456
v 0.09425782 -0.00226563 -0.02247956
v 0.09402344 -0.00453125 -0.02310456
v 0.08910157 -0.00226563 -0.02048738
v 0.08910157 -0.00226563 -0.02048738
v 0.09402344 -0.00453125 -0.02310456
v 0.08878907 -0.00453125 -0.02103425
v 0.18371092 0.00000000 -0.00951081
v 0.17917971 0.00000000 -0.01263581
v 0.17925781 0.00234375 -0.01279206
v 0.17925781 0.00234375 -0.01279206
v 0.17917971 0.00000000 -0.01263581
v 0.17457031 0.00234375 -0.01568269
v 0.17925781 0.00234375 -0.01279206
v 0.17457031 0.00234375 -0.01568269
v 0.17488281 0.00453125 -0.01622956
v 0.17488281 0.00453125 -0.01622956
v 0.17457031 0.00234375 -0.01568269
v 0.16988281 0.00453125 -0.01880769
v 0.17488281 0.00453125 -0.01622956
v 0.16988281 0.00453125 -0.01880769
v 0.17035160 0.00656250 -0.01974519
v 0.17035160 0.00656250 -0.01974519
v 0.16988281 0.00453125 -0.01880769
v 0.16527341 0.00656250 -0.02208894
v 0.16527341 0.00656250 -0.02208894
v 0.16582031 0.00843750 -0.02337800
v 0.16527341 0.00656250 -0.02208894
v 0.16042971 0.00843750 -0.02544831
v 0.16582031 0.00843750 -0.02337800
v 0.16042971 0.00843750 -0.02544831
v 0.16105471 0.01000000 -0.02704988
v 0.16105471 0.01000000 -0.02704988
v 0.16042971 0.00843750 -0.02544831
v 0.15550780 0.01000000 -0.02884675
v 0.15550780 0.01000000 -0.02884675
v 0.15605471 0.01117187 -0.03072175
v 0.15550780 0.01000000 -0.02884675
v 0.15035160 0.01117187 -0.03224518
v 0.15035160 0.01117187 -0.03224518
v 0.15082030 0.01203125 -0.03435456
v 0.15035160 0.01117187 -0.03224518
v 0.14488280 0.01203125 -0.03552643
v 0.14488280 0.01203125 -0.03552643
v 0.14527341 0.01250000 -0.03775300
v 0.14488280 0.01203125 -0.03552643
v 0.13917971 0.01250000 -0.03865143
v 0.13917971 0.01250000 -0.03865143
v 0.13308591 0.01250000 -0.04146393
v 0.17917971 0.00000000 -0.01263581
v 0.17441410 0.00000000 -0.01548738
v 0.17457031 0.00234375 -0.01568269
v 0.17457031 0.00234375 -0.01568269
v 0.17441410 0.00000000 -0.01548738
v 0.16964842 0.00234375 -0.01826081
v 0.17457031 0.00234375 -0.01568269
v 0.16964842 0.00234375 -0.01826081
v 0.16988281 0.00453125 -0.01880769
v 0.16988281 0.00453125 -0.01880769
v 0.16964842 0.00234375 -0.01826081
v 0.16488281 0.00453125 -0.02115144
v 0.16988281 0.00453125 -0.01880769
v 0.16488281 0.00453125 -0.02115144
v 0.16527341 0.00656250 -0.02208894
v 0.16527341 0.00656250 -0.02208894
v 0.16488281 0.00453125 -0.02115144
v 0.15996091 0.00656250 -0.02415925
v 0.16527341 0.00656250 -0.02208894
v 0.15996091 0.00656250 -0.02415925
v 0.16042971 0.00843750 -0.02544831
v 0.16042971 0.00843750 -0.02544831
v 0.15996091 0.00656250 -0.02415925
v 0.15503910 0.00843750 -0.02720613
v 0.15503910 0.00843750 -0.02720613
v 0.15550780 0.01000000 -0.02884675
v 0.15503910 0.00843750 -0.02720613
v 0.14988280 0.01000000 -0.03033113
v 0.15550780 0.01000000 -0.02884675
v 0.14988280 0.01000000 -0.03033113
v 0.15035160 0.01117187 -0.03224518
v 0.15035160 0.01117187 -0.03224518
v 0.14988280 0.01000000 -0.03033113
v 0.14449221 0.01117187 -0.03341706
v 0.14449221 0.01117187 -0.03341706
v 0.14488280 0.01203125 -0.03552643
v 0.14449221 0.01117187 -0.03341706
v 0.13886721 0.01203125 -0.03638581
v 0.13886721 0.01203125 -0.03638581
v 0.13917971 0.01250000 -0.03865143
v 0.13886721 0.01203125 -0.03638581
v 0.13300780 0.01250000 -0.03915925
v 0.13300780 0.01250000 -0.03915925
v 0.12683591 0.01250000 -0.04165925
v 0.17441410 0.00000000 -0.01548738
v 0.17917971 0.00000000 -0.01263581
v 0.17925781 -0.00226563 -0.01279206
v 0.17925781 -0.00226563 -0.01279206
v 0.17917971 0.00000000 -0.01263581
v 0.18371092 0.00000000 -0.00951081
v 0.17441410 0.00000000 -0.01548738
v 0.16957031 0.00000000 -0.01806550
v 0.16964842 0.00234375 -0.01826081
v 0.16964842 0.00234375 -0.01826081
v 0.16957031 0.00000000 -0.01806550
v 0.16457031 0.00234375 -0.02056550
v 0.16964842 0.00234375 -0.01826081
v 0.16457031 0.00234375 -0.02056550
v 0.16488281 0.00453125 -0.02115144
v 0.16488281 0.00453125 -0.02115144
v 0.16457031 0.00234375 -0.02056550
v 0.15964841 0.00453125 -0.02318269
v 0.15964841 0.00453125 -0.02318269
v 0.15996091 0.00656250 -0.02415925
v 0.15964841 0.00453125 -0.02318269
v 0.15464841 0.00656250 -0.02587800
v 0.15464841 0.00656250 -0.02587800
v 0.15503910 0.00843750 -0.02720613
v 0.15464841 0.00656250 -0.02587800
v 0.14949221 0.00843750 -0.02869050
v 0.15503910 0.00843750 -0.02720613
v 0.14949221 0.00843750 -0.02869050
v 0.14988280 0.01000000 -0.03033113
v 0.14988280 0.01000000 -0.03033113
v 0.14949221 0.00843750 -0.02869050
v 0.14417971 0.01000000 -0.03150300
v 0.14988280 0.01000000 -0.03033113
v 0.14417971 0.01000000 -0.03150300
v 0.14449221 0.01117187 -0.03341706
v 0.14449221 0.01117187 -0.03341706
v 0.14417971 0.01000000 -0.03150300
v 0.13863280 0.01117187 -0.03427643
v 0.13863280 0.01117187 -0.03427643
v 0.13886721 0.01203125 -0.03638581
v 0.13863280 0.01117187 -0.03427643
v 0.13285160 0.01203125 -0.03689362
v 0.13285160 0.01203125 -0.03689362
v 0.13300780 0.01250000 -0.03915925
v 0.13285160 0.01203125 -0.03689362
v 0.12683591 0.01250000 -0.03935456
v 0.12683591 0.01250000 -0.03935456
v 0.12050780 0.01250000 -0.04146393
v 0.16449221 0.00000000 -0.02037019
v 0.16457031 0.00234375 -0.02056550
v 0.16449221 0.00000000 -0.02037019
v 0.15941410 0.00234375 -0.02259675
v 0.16457031 0.00234375 -0.02056550
v 0.15941410 0.00234375 -0.02259675
v 0.15964841 0.00453125 -0.02318269
v 0.15964841 0.00453125 -0.02318269
v 0.15941410 0.00234375 -0.02259675
v 0.15433591 0.00453125 -0.02490144
v 0.15433591 0.00453125 -0.02490144
v 0.15464841 0.00656250 -0.02587800
v 0.15433591 0.00453125 -0.02490144
v 0.14917971 0.00656250 -0.02732331
v 0.15464841 0.00656250 -0.02587800
v 0.14917971 0.00656250 -0.02732331
v 0.14949221 0.00843750 -0.02869050
v 0.14949221 0.00843750 -0.02869050
v 0.14917971 0.00656250 -0.02732331
v 0.14386721 0.00843750 -0.02982331
v 0.14949221 0.00843750 -0.02869050
v 0.14386721 0.00843750 -0.02982331
v 0.14417971 0.01000000 -0.03150300
v 0.14417971 0.01000000 -0.03150300
v 0.14386721 0.00843750 -0.02982331
v 0.13839841 0.01000000 -0.03232331
v 0.14417971 0.01000000 -0.03150300
v 0.13839841 0.01000000 -0.03232331
v 0.13863280 0.01117187 -0.03427643
v 0.13863280 0.01117187 -0.03427643
v 0.13839841 0.01000000 -0.03232331
v 0.13277341 0.01117187 -0.03474518
v 0.13277341 0.01117187 -0.03474518
v 0.13285160 0.01203125 -0.03689362
v 0.13277341 0.01117187 -0.03474518
v 0.12683591 0.01203125 -0.03708893
v 0.12683591 0.01203125 -0.03708893
v 0.12683591 0.01250000 -0.03935456
v 0.12683591 0.01203125 -0.03708893
v 0.12066411 0.01250000 -0.03915925
v 0.12066411 0.01250000 -0.03915925
v 0.11417971 0.01250000 -0.04091706
v 0.17925781 -0.00226563 -0.01279206
v 0.17457031 -0.00226563 -0.01568269
v 0.17441410 0.00000000 -0.01548738
v 0.17441410 0.00000000 -0.01548738
v 0.17457031 -0.00226563 -0.01568269
v 0.16957031 0.00000000 -0.01806550
v 0.16449221 0.00000000 -0.02037019
v 0.15933591 0.00000000 -0.02236238
v 0.15941410 0.00234375 -0.02259675
v 0.15941410 0.00234375 -0.02259675
v 0.15933591 0.00000000 -0.02236238
v 0.15417971 0.00234375 -0.02427644
v 0.15941410 0.00234375 -0.02259675
v 0.15417971 0.00234375 -0.02427644
v 0.15433591 0.00453125 -0.02490144
v 0.15433591 0.00453125 -0.02490144
v 0.15417971 0.00234375 -0.02427644
v 0.14894530 0.00453125 -0.02630769
v 0.15433591 0.00453125 -0.02490144
v 0.14894530 0.00453125 -0.02630769
v 0.14917971 0.00656250 -0.02732331
v 0.14917971 0.00656250 -0.02732331
v 0.14894530 0.00453125 -0.02630769
v 0.14363280 0.00656250 -0.02841706
v 0.14917971 0.00656250 -0.02732331
v 0.14363280 0.00656250 -0.02841706
v 0.14386721 0.00843750 -0.02982331
v 0.14386721 0.00843750 -0.02982331
v 0.14363280 0.00656250 -0.02841706
v 0.13824221 0.00843750 -0.03060456
v 0.13824221 0.00843750 -0.03060456
v 0.13839841 0.01000000 -0.03232331
v 0.13824221 0.00843750 -0.03060456
v 0.13261721 0.01000000 -0.03279206
v 0.13261721 0.01000000 -0.03279206
v 0.13277341 0.01117187 -0.03474518
v 0.13261721 0.01000000 -0.03279206
v 0.12683591 0.01117187 -0.03494050
v 0.12683591 0.01117187 -0.03494050
v 0.12683591 0.01203125 -0.03708893
v 0.12683591 0.01117187 -0.03494050
v 0.12074221 0.01203125 -0.03689362
v 0.12074221 0.01203125 -0.03689362
v 0.12066411 0.01250000 -0.03915925
v 0.12074221 0.01203125 -0.03689362
v 0.11449221 0.01250000 -0.03861237
v 0.11449221 0.01250000 -0.03861237
v 0.10792971 0.01250000 -0.03997956
v 0.17457031 -0.00226563 -0.01568269
v 0.16964842 -0.00226563 -0.01826081
v 0.16957031 0.00000000 -0.01806550
v 0.16957031 0.00000000 -0.01806550
v 0.16964842 -0.00226563 -0.01826081
v 0.16449221 0.00000000 -0.02037019
v 0.15933591 0.00000000 -0.02236238
v 0.15410160 0.00000000 -0.02408113
v 0.15417971 0.00234375 -0.02427644
v 0.15417971 0.00234375 -0.02427644
v 0.15410160 0.00000000 -0.02408113
v 0.14878910 0.00234375 -0.02568269
v 0.14878910 0.00234375 -0.02568269
v 0.14894530 0.00453125 -0.02630769
v 0.14878910 0.00234375 -0.02568269
v 0.14347660 0.00453125 -0.02744050
v 0.14894530 0.00453125 -0.02630769
v 0.14347660 0.00453125 -0.02744050
v 0.14363280 0.00656250 -0.02841706
v 0.14363280 0.00656250 -0.02841706
v 0.14347660 0.00453125 -0.02744050
v 0.13808591 0.00656250 -0.02923738
v 0.14363280 0.00656250 -0.02841706
v 0.13808591 0.00656250 -0.02923738
v 0.13824221 0.00843750 -0.03060456
v 0.13824221 0.00843750 -0.03060456
v 0.13808591 0.00656250 -0.02923738
v 0.13253910 0.00843750 -0.03111238
v 0.13824221 0.00843750 -0.03060456
v 0.13253910 0.00843750 -0.03111238
v 0.13261721 0.01000000 -0.03279206
v 0.13261721 0.01000000 -0.03279206
v 0.13253910 0.00843750 -0.03111238
v 0.12683591 0.01000000 -0.03294831
v 0.13261721 0.01000000 -0.03279206
v 0.12683591 0.01000000 -0.03294831
v 0.12683591 0.01117187 -0.03494050
v 0.12683591 0.01117187 -0.03494050
v 0.12683591 0.01000000 -0.03294831
v 0.12089841 0.01117187 -0.03474518
v 0.12089841 0.01117187 -0.03474518
v 0.12074221 0.01203125 -0.03689362
v 0.12089841 0.01117187 -0.03474518
v 0.11472661 0.01203125 -0.03634675
v 0.11472661 0.01203125 -0.03634675
v 0.11449221 0.01250000 -0.03861237
v 0.11472661 0.01203125 -0.03634675
v 0.10832030 0.01250000 -0.03771393
v 0.10832030 0.01250000 -0.03771393
v 0.10175780 0.01250000 -0.03872956
v 0.16457031 -0.00226563 -0.02056550
v 0.16449221 0.00000000 -0.02037019
v 0.16457031 -0.00226563 -0.02056550
v 0.15933591 0.00000000 -0.02236238
v 0.15410160 0.00000000 -0.02408113
v 0.14878910 0.00000000 -0.02548738
v 0.14878910 0.00234375 -0.02568269
v 0.14878910 0.00234375 -0.02568269
v 0.14878910 0.00000000 -0.02548738
v 0.14339841 0.00234375 -0.02681550
v 0.14878910 0.00234375 -0.02568269
v 0.14339841 0.00234375 -0.02681550
v 0.14347660 0.00453125 -0.02744050
v 0.14347660 0.00453125 -0.02744050
v 0.14339841 0.00234375 -0.02681550
v 0.13792971 0.00453125 -0.02822175
v 0.14347660 0.00453125 -0.02744050
v 0.13792971 0.00453125 -0.02822175
v 0.13808591 0.00656250 -0.02923738
v 0.13808591 0.00656250 -0.02923738
v 0.13792971 0.00453125 -0.02822175
v 0.13246091 0.00656250 -0.02970613
v 0.13808591 0.00656250 -0.02923738
v 0.13246091 0.00656250 -0.02970613
v 0.13253910 0.00843750 -0.03111238
v 0.13253910 0.00843750 -0.03111238
v 0.13246091 0.00656250 -0.02970613
v 0.12683591 0.00843750 -0.03126863
v 0.12683591 0.00843750 -0.03126863
v 0.12683591 0.01000000 -0.03294831
v 0.12683591 0.00843750 -0.03126863
v 0.12097661 0.01000000 -0.03279206
v 0.12683591 0.01000000 -0.03294831
v 0.12097661 0.01000000 -0.03279206
v 0.12089841 0.01117187 -0.03474518
v 0.12089841 0.01117187 -0.03474518
v 0.12097661 0.01000000 -0.03279206
v 0.11496090 0.01117187 -0.03423737
v 0.11496090 0.01117187 -0.03423737
v 0.11472661 0.01203125 -0.03634675
v 0.11496090 0.01117187 -0.03423737
v 0.10871090 0.01203125 -0.03548737
v 0.10871090 0.01203125 -0.03548737
v 0.10832030 0.01250000 -0.03771393
v 0.10871090 0.01203125 -0.03548737
v 0.10230471 0.01250000 -0.03650300
v 0.10230471 0.01250000 -0.03650300
v 0.09566407 0.01250000 -0.03712800
v 0.16457031 -0.00226563 -0.02056550
v 0.15941410 -0.00226563 -0.02259675
v 0.15933591 0.00000000 -0.02236238
v 0.15933591 0.00000000 -0.02236238
v 0.15941410 -0.00226563 -0.02259675
v 0.15410160 0.00000000 -0.02408113
v 0.14878910 0.00000000 -0.02548738
v 0.14332030 0.00000000 -0.02658113
v 0.14339841 0.00234375 -0.02681550
v 0.14339841 0.00234375 -0.02681550
v 0.14332030 0.00000000 -0.02658113
v 0.13785160 0.00234375 -0.02759675
v 0.13785160 0.00234375 -0.02759675
v 0.13792971 0.00453125 -0.02822175
v 0.13785160 0.00234375 -0.02759675
v 0.13238280 0.00453125 -0.02869050
v 0.13792971 0.00453125 -0.02822175
v 0.13238280 0.00453125 -0.02869050
v 0.13246091 0.00656250 -0.02970613
v 0.13246091 0.00656250 -0.02970613
v 0.13238280 0.00453125 -0.02869050
v 0.12683591 0.00656250 -0.02986238
v 0.12683591 0.00656250 -0.02986238
v 0.12683591 0.00843750 -0.03126863
v 0.12683591 0.00656250 -0.02986238
v 0.12113280 0.00843750 -0.03107331
v 0.12683591 0.00843750 -0.03126863
v 0.12113280 0.00843750 -0.03107331
v 0.12097661 0.01000000 -0.03279206
v 0.12097661 0.01000000 -0.03279206
v 0.12113280 0.00843750 -0.03107331
v 0.11519530 0.01000000 -0.03228425
v 0.11519530 0.01000000 -0.03228425
v 0.11496090 0.01117187 -0.03423737
v 0.11519530 0.01000000 -0.03228425
v 0.10910161 0.01117187 -0.03337800
v 0.10910161 0.01117187 -0.03337800
v 0.10871090 0.01203125 -0.03548737
v 0.10910161 0.01117187 -0.03337800
v 0.10285161 0.01203125 -0.03427643
v 0.10285161 0.01203125 -0.03427643
v 0.10230471 0.01250000 -0.03650300
v 0.10285161 0.01203125 -0.03427643
v 0.09636719 0.01250000 -0.03490143
v 0.09636719 0.01250000 -0.03490143
v 0.08964844 0.01250000 -0.03513581
v 0.15941410 -0.00226563 -0.02259675
v 0.15417971 -0.00226563 -0.02427644
v 0.15410160 0.00000000 -0.02408113
v 0.15410160 0.00000000 -0.02408113
v 0.15417971 -0.00226563 -0.02427644
v 0.14878910 0.00000000 -0.02548738
v 0.14332030 0.00000000 -0.02658113
v 0.13785160 0.00000000 -0.02736238
v 0.13785160 0.00234375 -0.02759675
v 0.13785160 0.00234375 -0.02759675
v 0.13785160 0.00000000 -0.02736238
v 0.13238280 0.00234375 -0.02806550
v 0.13785160 0.00234375 -0.02759675
v 0.13238280 0.00234375 -0.02806550
v 0.13238280 0.00453125 -0.02869050
v 0.13238280 0.00453125 -0.02869050
v 0.13238280 0.00234375 -0.02806550
v 0.12683591 0.00453125 -0.02884675
v 0.13238280 0.00453125 -0.02869050
v 0.12683591 0.00453125 -0.02884675
v 0.12683591 0.00656250 -0.02986238
v 0.12683591 0.00656250 -0.02986238
v 0.12683591 0.00453125 -0.02884675
v 0.12121091 0.00656250 -0.02970613
v 0.12683591 0.00656250 -0.02986238
v 0.12121091 0.00656250 -0.02970613
v 0.12113280 0.00843750 -0.03107331
v 0.12113280 0.00843750 -0.03107331
v 0.12121091 0.00656250 -0.02970613
v 0.11542971 0.00843750 -0.03060456
v 0.12113280 0.00843750 -0.03107331
v 0.11542971 0.00843750 -0.03060456
v 0.11519530 0.01000000 -0.03228425
v 0.11519530 0.01000000 -0.03228425
v 0.11542971 0.00843750 -0.03060456
v 0.10949221 0.01000000 -0.03142488
v 0.11519530 0.01000000 -0.03228425
v 0.10949221 0.01000000 -0.03142488
v 0.10910161 0.01117187 -0.03337800
v 0.10910161 0.01117187 -0.03337800
v 0.10949221 0.01000000 -0.03142488
v 0.10332030 0.01117187 -0.03216706
v 0.10332030 0.01117187 -0.03216706
v 0.10285161 0.01203125 -0.03427643
v 0.10332030 0.01117187 -0.03216706
v 0.09699219 0.01203125 -0.03271393
v 0.10285161 0.01203125 -0.03427643
v 0.09699219 0.01203125 -0.03271393
v 0.09636719 0.01250000 -0.03490143
v 0.09636719 0.01250000 -0.03490143
v 0.09699219 0.01203125 -0.03271393
v 0.09042969 0.01250000 -0.03298737
v 0.09042969 0.01250000 -0.03298737
v 0.15417971 -0.00226563 -0.02427644
v 0.14878910 -0.00226563 -0.02568269
v 0.14878910 0.00000000 -0.02548738
v 0.14878910 0.00000000 -0.02548738
v 0.14878910 -0.00226563 -0.02568269
v 0.14332030 0.00000000 -0.02658113
v 0.13238280 0.00000000 -0.02783113
v 0.13238280 0.00234375 -0.02806550
v 0.13238280 0.00000000 -0.02783113
v 0.12683591 0.00234375 -0.02822175
v 0.12683591 0.00234375 -0.02822175
v 0.12683591 0.00453125 -0.02884675
v 0.12683591 0.00234375 -0.02822175
v 0.12121091 0.00453125 -0.02869050
v 0.12121091 0.00453125 -0.02869050
v 0.12121091 0.00656250 -0.02970613
v 0.12121091 0.00453125 -0.02869050
v 0.11558590 0.00656250 -0.02919831
v 0.12121091 0.00656250 -0.02970613
v 0.11558590 0.00656250 -0.02919831
v 0.11542971 0.00843750 -0.03060456
v 0.11542971 0.00843750 -0.03060456
v 0.11558590 0.00656250 -0.02919831
v 0.10972661 0.00843750 -0.02974519
v 0.10972661 0.00843750 -0.02974519
v 0.10949221 0.01000000 -0.03142488
v 0.10972661 0.00843750 -0.02974519
v 0.10378911 0.01000000 -0.03029206
v 0.10949221 0.01000000 -0.03142488
v 0.10378911 0.01000000 -0.03029206
v 0.10332030 0.01117187 -0.03216706
v 0.10332030 0.01117187 -0.03216706
v 0.10378911 0.01000000 -0.03029206
v 0.09761719 0.01117187 -0.03064363
v 0.09761719 0.01117187 -0.03064363
v 0.09699219 0.01203125 -0.03271393
v 0.09761719 0.01117187 -0.03064363
v 0.09121094 0.01203125 -0.03083894
v 0.09121094 0.01203125 -0.03083894
v 0.09042969 0.01250000 -0.03298737
v 0.09121094 0.01203125 -0.03083894
v 0.08472657 0.01250000 -0.03072175
v 0.14878910 -0.00226563 -0.02568269
v 0.14339841 -0.00226563 -0.02681550
v 0.14332030 0.00000000 -0.02658113
v 0.14332030 0.00000000 -0.02658113
v 0.14339841 -0.00226563 -0.02681550
v 0.13785160 0.00000000 -0.02736238
v 0.12683591 0.00000000 -0.02798738
v 0.12683591 0.00234375 -0.02822175
v 0.12683591 0.00000000 -0.02798738
v 0.12128911 0.00234375 -0.02802644
v 0.12683591 0.00234375 -0.02822175
v 0.12128911 0.00234375 -0.02802644
v 0.12121091 0.00453125 -0.02869050
v 0.12121091 0.00453125 -0.02869050
v 0.12128911 0.00234375 -0.02802644
v 0.11566411 0.00453125 -0.02818269
v 0.11566411 0.00453125 -0.02818269
v 0.11558590 0.00656250 -0.02919831
v 0.11566411 0.00453125 -0.02818269
v 0.10996090 0.00656250 -0.02837800
v 0.11558590 0.00656250 -0.02919831
v 0.10996090 0.00656250 -0.02837800
v 0.10972661 0.00843750 -0.02974519
v 0.10972661 0.00843750 -0.02974519
v 0.10996090 0.00656250 -0.02837800
v 0.10417971 0.00843750 -0.02861238
v 0.10972661 0.00843750 -0.02974519
v 0.10417971 0.00843750 -0.02861238
v 0.10378911 0.01000000 -0.03029206
v 0.10378911 0.01000000 -0.03029206
v 0.10417971 0.00843750 -0.02861238
v 0.09816407 0.01000000 -0.02876863
v 0.09816407 0.01000000 -0.02876863
v 0.09761719 0.01117187 -0.03064363
v 0.09816407 0.01000000 -0.02876863
v 0.09199219 0.01117187 -0.02880769
v 0.09199219 0.01117187 -0.02880769
v 0.09121094 0.01203125 -0.03083894
v 0.09199219 0.01117187 -0.02880769
v 0.08558594 0.01203125 -0.02861238
v 0.08558594 0.01203125 -0.02861238
v 0.14339841 -0.00226563 -0.02681550
v 0.13785160 -0.00226563 -0.02759675
v 0.13785160 0.00000000 -0.02736238
v 0.13785160 0.00000000 -0.02736238
v 0.13785160 -0.00226563 -0.02759675
v 0.13238280 0.00000000 -0.02783113
v 0.12683591 0.00000000 -0.02798738
v 0.12128911 0.00000000 -0.02783113
v 0.12128911 0.00234375 -0.02802644
v 0.12128911 0.00234375 -0.02802644
v 0.12128911 0.00000000 -0.02783113
v 0.11574221 0.00234375 -0.02755769
v 0.12128911 0.00234375 -0.02802644
v 0.11574221 0.00234375 -0.02755769
v 0.11566411 0.00453125 -0.02818269
v 0.11566411 0.00453125 -0.02818269
v 0.11574221 0.00234375 -0.02755769
v 0.11019530 0.00453125 -0.02736238
v 0.11566411 0.00453125 -0.02818269
v 0.11019530 0.00453125 -0.02736238
v 0.10996090 0.00656250 -0.02837800
v 0.10996090 0.00656250 -0.02837800
v 0.11019530 0.00453125 -0.02736238
v 0.10449221 0.00656250 -0.02724519
v 0.10996090 0.00656250 -0.02837800
v 0.10449221 0.00656250 -0.02724519
v 0.10417971 0.00843750 -0.02861238
v 0.10417971 0.00843750 -0.02861238
v 0.10449221 0.00656250 -0.02724519
v 0.09863282 0.00843750 -0.02712800
v 0.10417971 0.00843750 -0.02861238
v 0.09863282 0.00843750 -0.02712800
v 0.09816407 0.01000000 -0.02876863
v 0.09816407 0.01000000 -0.02876863
v 0.09863282 0.00843750 -0.02712800
v 0.09261719 0.01000000 -0.02697175
v 0.09261719 0.01000000 -0.02697175
v 0.09199219 0.01117187 -0.02880769
v 0.09261719 0.01000000 -0.02697175
v 0.08644532 0.01117187 -0.02665925
v 0.09199219 0.01117187 -0.02880769
v 0.08644532 0.01117187 -0.02665925
v 0.08558594 0.01203125 -0.02861238
v 0.13238280 -0.00226563 -0.02806550
v 0.13238280 0.00000000 -0.02783113
v 0.13238280 -0.00226563 -0.02806550
v 0.12683591 0.00000000 -0.02798738
v 0.12128911 0.00000000 -0.02783113
v 0.11582030 0.00000000 -0.02736238
v 0.11574221 0.00234375 -0.02755769
v 0.11574221 0.00234375 -0.02755769
v 0.11582030 0.00000000 -0.02736238
v 0.11027340 0.00234375 -0.02677644
v 0.11574221 0.00234375 -0.02755769
v 0.11027340 0.00234375 -0.02677644
v 0.11019530 0.00453125 -0.02736238
v 0.11019530 0.00453125 -0.02736238
v 0.11027340 0.00234375 -0.02677644
v 0.10472661 0.00453125 -0.02626863
v 0.11019530 0.00453125 -0.02736238
v 0.10472661 0.00453125 -0.02626863
v 0.10449221 0.00656250 -0.02724519
v 0.10449221 0.00656250 -0.02724519
v 0.10472661 0.00453125 -0.02626863
v 0.09902344 0.00656250 -0.02579988
v 0.10449221 0.00656250 -0.02724519
v 0.09902344 0.00656250 -0.02579988
v 0.09863282 0.00843750 -0.02712800
v 0.09863282 0.00843750 -0.02712800
v 0.09902344 0.00656250 -0.02579988
v 0.09316407 0.00843750 -0.02537019
v 0.09863282 0.00843750 -0.02712800
v 0.09316407 0.00843750 -0.02537019
v 0.09261719 0.01000000 -0.02697175
v 0.09261719 0.01000000 -0.02697175
v 0.09316407 0.00843750 -0.02537019
v 0.08722657 0.01000000 -0.02482331
v 0.09261719 0.01000000 -0.02697175
v 0.08722657 0.01000000 -0.02482331
v 0.08644532 0.01117187 -0.02665925
v 0.12683591 -0.00226563 -0.02822175
v 0.12683591 0.00000000 -0.02798738
v 0.12683591 -0.00226563 -0.02822175
v 0.12128911 0.00000000 -0.02783113
v 0.11582030 0.00000000 -0.02736238
v 0.11035161 0.00000000 -0.02654206
v 0.11027340 0.00234375 -0.02677644
v 0.11027340 0.00234375 -0.02677644
v 0.11035161 0.00000000 -0.02654206
v 0.10488280 0.00234375 -0.02564363
v 0.11027340 0.00234375 -0.02677644
v 0.10488280 0.00234375 -0.02564363
v 0.10472661 0.00453125 -0.02626863
v 0.10472661 0.00453125 -0.02626863
v 0.10488280 0.00234375 -0.02564363
v 0.09933594 0.00453125 -0.02482331
v 0.10472661 0.00453125 -0.02626863
v 0.09933594 0.00453125 -0.02482331
v 0.09902344 0.00656250 -0.02579988
v 0.09902344 0.00656250 -0.02579988
v 0.09933594 0.00453125 -0.02482331
v 0.09363282 0.00656250 -0.02404206
v 0.09902344 0.00656250 -0.02579988
v 0.09363282 0.00656250 -0.02404206
v 0.09316407 0.00843750 -0.02537019
v 0.09316407 0.00843750 -0.02537019
v 0.09363282 0.00656250 -0.02404206
v 0.08785157 0.00843750 -0.02326081
v 0.08785157 0.00843750 -0.02326081
v 0.12683591 -0.00226563 -0.02822175
v 0.12128911 -0.00226563 -0.02802644
v 0.12128911 0.00000000 -0.02783113
v 0.12128911 0.00000000 -0.02783113
v 0.12128911 -0.00226563 -0.02802644
v 0.11582030 0.00000000 -0.02736238
v 0.11035161 0.00000000 -0.02654206
v 0.10488280 0.00000000 -0.02544831
v 0.10488280 0.00234375 -0.02564363
v 0.10488280 0.00234375 -0.02564363
v 0.10488280 0.00000000 -0.02544831
v 0.09949219 0.00234375 -0.02423738
v 0.10488280 0.00234375 -0.02564363
v 0.09949219 0.00234375 -0.02423738
v 0.09933594 0.00453125 -0.02482331
v 0.09933594 0.00453125 -0.02482331
v 0.09949219 0.00234375 -0.02423738
v 0.09402344 0.00453125 -0.02310456
v 0.09402344 0.00453125 -0.02310456
v 0.09363282 0.00656250 -0.02404206
v 0.09402344 0.00453125 -0.02310456
v 0.08839844 0.00656250 -0.02201081
v 0.09363282 0.00656250 -0.02404206
v 0.08839844 0.00656250 -0.02201081
v 0.08785157 0.00843750 -0.02326081
v 0.12128911 -0.00226563 -0.02802644
v 0.11574221 -0.00226563 -0.02755769
v 0.11582030 0.00000000 -0.02736238
v 0.11582030 0.00000000 -0.02736238
v 0.11574221 -0.00226563 -0.02755769
v 0.11035161 0.00000000 -0.02654206
v 0.10488280 0.00000000 -0.02544831
v 0.09957032 0.00000000 -0.02400300
v 0.09949219 0.00234375 -0.02423738
v 0.09949219 0.00234375 -0.02423738
v 0.09957032 0.00000000 -0.02400300
v 0.09425782 0.00234375 -0.02247956
v 0.09949219 0.00234375 -0.02423738
v 0.09425782 0.00234375 -0.02247956
v 0.09402344 0.00453125 -0.02310456
v 0.09402344 0.00453125 -0.02310456
v 0.09425782 0.00234375 -0.02247956
v 0.08878907 0.00453125 -0.02103425
v 0.09402344 0.00453125 -0.02310456
v 0.08878907 0.00453125 -0.02103425
v 0.08839844 0.00656250 -0.02201081
v 0.11574221 -0.00226563 -0.02755769
v 0.11027340 -0.00226563 -0.02677644
v 0.11035161 0.00000000 -0.02654206
v 0.11035161 0.00000000 -0.02654206
v 0.11027340 -0.00226563 -0.02677644
v 0.10488280 0.00000000 -0.02544831
v 0.09957032 0.00000000 -0.02400300
v 0.09433594 0.00000000 -0.02228425
v 0.09425782 0.00234375 -0.02247956
v 0.09425782 0.00234375 -0.02247956
v 0.09433594 0.00000000 -0.02228425
v 0.08910157 0.00234375 -0.02048738
v 0.09425782 0.00234375 -0.02247956
v 0.08910157 0.00234375 -0.02048738
v 0.08878907 0.00453125 -0.02103425
v 0.11027340 -0.00226563 -0.02677644
v 0.10488280 -0.00226563 -0.02564363
v 0.10488280 0.00000000 -0.02544831
v 0.10488280 0.00000000 -0.02544831
v 0.10488280 -0.00226563 -0.02564363
v 0.09957032 0.00000000 -0.02400300
v 0.08917969 0.00000000 -0.02029206
v 0.08917969 0.00000000 -0.02029206
v 0.09433594 0.00000000 -0.02228425
v 0.09425782 -0.00226563 -0.02247956
v 0.08910157 -0.00226563 -0.02048738
v 0.10488280 -0.00226563 -0.02564363
v 0.09949219 -0.00226563 -0.02423738
v 0.09957032 0.00000000 -0.02400300
v 0.09957032 0.00000000 -0.02400300
v 0.09949219 -0.00226563 -0.02423738
v 0.09433594 0.00000000 -0.02228425
v 0.09949219 -0.00226563 -0.02423738
v 0.09425782 -0.00226563 -0.02247956
v 0.09433594 0.00000000 -0.02228425
v 0.19238281 0.00234375 -0.00263581
v 0.19230471 0.00000000 -0.00247956
v 0.18824221 0.00234375 -0.00626863
v 0.19355471 -0.00656250 -0.00384675
v 0.19449221 -0.00843750 -0.00486238
v 0.18925781 -0.00656250 -0.00755769
v 0.18925781 -0.00656250 -0.00755769
v 0.19449221 -0.00843750 -0.00486238
v 0.19019531 -0.00843750 -0.00865144
v 0.18925781 -0.00656250 -0.00755769
v 0.19019531 -0.00843750 -0.00865144
v 0.18480471 -0.00656250 -0.01099519
v 0.18480471 -0.00656250 -0.01099519
v 0.19019531 -0.00843750 -0.00865144
v 0.18566410 -0.00843750 -0.01212800
v 0.18480471 -0.00656250 -0.01099519
v 0.18566410 -0.00843750 -0.01212800
v 0.18089842 -0.00843750 -0.01537019
v 0.18089842 -0.00843750 -0.01537019
v 0.18566410 -0.00843750 -0.01212800
v 0.18183592 -0.00992188 -0.01677644
v 0.18089842 -0.00843750 -0.01537019
v 0.18183592 -0.00992188 -0.01677644
v 0.17605471 -0.00843750 -0.01833894
v 0.17605471 -0.00843750 -0.01833894
v 0.18183592 -0.00992188 -0.01677644
v 0.17691410 -0.00992188 -0.01982331
v 0.17605471 -0.00843750 -0.01833894
v 0.17691410 -0.00992188 -0.01982331
v 0.17097660 -0.00843750 -0.02099519
v 0.17175781 -0.00992188 -0.02251863
v 0.17097660 -0.00843750 -0.02099519
v 0.17175781 -0.00992188 -0.02251863
v 0.16582031 -0.00843750 -0.02337800
v 0.16582031 -0.00843750 -0.02337800
v 0.17175781 -0.00992188 -0.02251863
v 0.16644531 -0.00992188 -0.02494050
v 0.16582031 -0.00843750 -0.02337800
v 0.16644531 -0.00992188 -0.02494050
v 0.16042971 -0.00843750 -0.02544831
v 0.16042971 -0.00843750 -0.02544831
v 0.16644531 -0.00992188 -0.02494050
v 0.16105471 -0.00992188 -0.02704988
v 0.16042971 -0.00843750 -0.02544831
v 0.16105471 -0.00992188 -0.02704988
v 0.15503910 -0.00843750 -0.02720613
v 0.15503910 -0.00843750 -0.02720613
v 0.16105471 -0.00992188 -0.02704988
v 0.15550780 -0.00992188 -0.02884675
v 0.15503910 -0.00843750 -0.02720613
v 0.15550780 -0.00992188 -0.02884675
v 0.14949221 -0.00843750 -0.02869050
v 0.14949221 -0.00843750 -0.02869050
v 0.15550780 -0.00992188 -0.02884675
v 0.14988280 -0.00992188 -0.03033113
v 0.14949221 -0.00843750 -0.02869050
v 0.14988280 -0.00992188 -0.03033113
v 0.14386721 -0.00843750 -0.02982331
v 0.14386721 -0.00843750 -0.02982331
v 0.14988280 -0.00992188 -0.03033113
v 0.14417971 -0.00992188 -0.03150300
v 0.14386721 -0.00843750 -0.02982331
v 0.14417971 -0.00992188 -0.03150300
v 0.13824221 -0.00843750 -0.03060456
v 0.13824221 -0.00843750 -0.03060456
v 0.14417971 -0.00992188 -0.03150300
v 0.13839841 -0.00992188 -0.03232331
v 0.13824221 -0.00843750 -0.03060456
v 0.13839841 -0.00992188 -0.03232331
v 0.13253910 -0.00843750 -0.03111238
v 0.13253910 -0.00843750 -0.03111238
v 0.13839841 -0.00992188 -0.03232331
v 0.13261721 -0.00992188 -0.03279206
v 0.13253910 -0.00843750 -0.03111238
v 0.13261721 -0.00992188 -0.03279206
v 0.12683591 -0.00843750 -0.03126863
v 0.12683591 -0.00992188 -0.03294831
v 0.12683591 -0.00843750 -0.03126863
v 0.12683591 -0.00992188 -0.03294831
v 0.12113280 -0.00843750 -0.03107331
v 0.12113280 -0.00843750 -0.03107331
v 0.12683591 -0.00992188 -0.03294831
v 0.12097661 -0.00992188 -0.03279206
v 0.12113280 -0.00843750 -0.03107331
v 0.12097661 -0.00992188 -0.03279206
v 0.11542971 -0.00843750 -0.03060456
v 0.11542971 -0.00843750 -0.03060456
v 0.12097661 -0.00992188 -0.03279206
v 0.11519530 -0.00992188 -0.03228425
v 0.11542971 -0.00843750 -0.03060456
v 0.11519530 -0.00992188 -0.03228425
v 0.10972661 -0.00843750 -0.02974519
v 0.10949221 -0.00992188 -0.03142488
v 0.10972661 -0.00843750 -0.02974519
v 0.10949221 -0.00992188 -0.03142488
v 0.10417971 -0.00843750 -0.02861238
v 0.10417971 -0.00843750 -0.02861238
v 0.10949221 -0.00992188 -0.03142488
v 0.10378911 -0.00992188 -0.03029206
v 0.10417971 -0.00843750 -0.02861238
v 0.10378911 -0.00992188 -0.03029206
v 0.09863282 -0.00843750 -0.02712800
v 0.09863282 -0.00843750 -0.02712800
v 0.10378911 -0.00992188 -0.03029206
v 0.09816407 -0.00992188 -0.02876863
v 0.09863282 -0.00843750 -0.02712800
v 0.09816407 -0.00992188 -0.02876863
v 0.09316407 -0.00843750 -0.02537019
v 0.09261719 -0.00992188 -0.02697175
v 0.09316407 -0.00843750 -0.02537019
v 0.09261719 -0.00992188 -0.02697175
v 0.08785157 -0.00843750 -0.02326081
v 0.08722657 -0.00992188 -0.02482331
v 0.18824221 -0.00226563 -0.00626863
v 0.19238281 -0.00226563 -0.00263581
v 0.19285160 -0.00453125 -0.00310456
v 0.19285160 -0.00453125 -0.00310456
v 0.19355471 -0.00656250 -0.00384675
v 0.18863281 -0.00453125 -0.00677644
v 0.18863281 -0.00453125 -0.00677644
v 0.19355471 -0.00656250 -0.00384675
v 0.18925781 -0.00656250 -0.00755769
v 0.18863281 -0.00453125 -0.00677644
v 0.18925781 -0.00656250 -0.00755769
v 0.18425781 -0.00453125 -0.01017488
v 0.18480471 -0.00656250 -0.01099519
v 0.18425781 -0.00453125 -0.01017488
v 0.18480471 -0.00656250 -0.01099519
v 0.18019531 -0.00656250 -0.01419831
v 0.18019531 -0.00656250 -0.01419831
v 0.18480471 -0.00656250 -0.01099519
v 0.18089842 -0.00843750 -0.01537019
v 0.18019531 -0.00656250 -0.01419831
v 0.18089842 -0.00843750 -0.01537019
v 0.17535160 -0.00656250 -0.01712800
v 0.17535160 -0.00656250 -0.01712800
v 0.18089842 -0.00843750 -0.01537019
v 0.17605471 -0.00843750 -0.01833894
v 0.17535160 -0.00656250 -0.01712800
v 0.17605471 -0.00843750 -0.01833894
v 0.17035160 -0.00656250 -0.01974519
v 0.17097660 -0.00843750 -0.02099519
v 0.17035160 -0.00656250 -0.01974519
v 0.17097660 -0.00843750 -0.02099519
v 0.16527341 -0.00656250 -0.02208894
v 0.16582031 -0.00843750 -0.02337800
v 0.16527341 -0.00656250 -0.02208894
v 0.16582031 -0.00843750 -0.02337800
v 0.15996091 -0.00656250 -0.02415925
v 0.15996091 -0.00656250 -0.02415925
v 0.16582031 -0.00843750 -0.02337800
v 0.16042971 -0.00843750 -0.02544831
v 0.15996091 -0.00656250 -0.02415925
v 0.16042971 -0.00843750 -0.02544831
v 0.15464841 -0.00656250 -0.02587800
v 0.15464841 -0.00656250 -0.02587800
v 0.16042971 -0.00843750 -0.02544831
v 0.15503910 -0.00843750 -0.02720613
v 0.15464841 -0.00656250 -0.02587800
v 0.15503910 -0.00843750 -0.02720613
v 0.14917971 -0.00656250 -0.02732331
v 0.14917971 -0.00656250 -0.02732331
v 0.15503910 -0.00843750 -0.02720613
v 0.14949221 -0.00843750 -0.02869050
v 0.14917971 -0.00656250 -0.02732331
v 0.14949221 -0.00843750 -0.02869050
v 0.14363280 -0.00656250 -0.02841706
v 0.14363280 -0.00656250 -0.02841706
v 0.14949221 -0.00843750 -0.02869050
v 0.14386721 -0.00843750 -0.02982331
v 0.14363280 -0.00656250 -0.02841706
v 0.14386721 -0.00843750 -0.02982331
v 0.13808591 -0.00656250 -0.02923738
v 0.13808591 -0.00656250 -0.02923738
v 0.14386721 -0.00843750 -0.02982331
v 0.13824221 -0.00843750 -0.03060456
v 0.13808591 -0.00656250 -0.02923738
v 0.13824221 -0.00843750 -0.03060456
v 0.13246091 -0.00656250 -0.02970613
v 0.13246091 -0.00656250 -0.02970613
v 0.13824221 -0.00843750 -0.03060456
v 0.13253910 -0.00843750 -0.03111238
v 0.13246091 -0.00656250 -0.02970613
v 0.13253910 -0.00843750 -0.03111238
v 0.12683591 -0.00656250 -0.02986238
v 0.12683591 -0.00843750 -0.03126863
v 0.12683591 -0.00656250 -0.02986238
v 0.12683591 -0.00843750 -0.03126863
v 0.12121091 -0.00656250 -0.02970613
v 0.12121091 -0.00656250 -0.02970613
v 0.12683591 -0.00843750 -0.03126863
v 0.12113280 -0.00843750 -0.03107331
v 0.12121091 -0.00656250 -0.02970613
v 0.12113280 -0.00843750 -0.03107331
v 0.11558590 -0.00656250 -0.02919831
v 0.11558590 -0.00656250 -0.02919831
v 0.12113280 -0.00843750 -0.03107331
v 0.11542971 -0.00843750 -0.03060456
v 0.11558590 -0.00656250 -0.02919831
v 0.11542971 -0.00843750 -0.03060456
v 0.10996090 -0.00656250 -0.02837800
v 0.10996090 -0.00656250 -0.02837800
v 0.11542971 -0.00843750 -0.03060456
v 0.10972661 -0.00843750 -0.02974519
v 0.10996090 -0.00656250 -0.02837800
v 0.10972661 -0.00843750 -0.02974519
v 0.10449221 -0.00656250 -0.02724519
v 0.10449221 -0.00656250 -0.02724519
v 0.10972661 -0.00843750 -0.02974519
v 0.10417971 -0.00843750 -0.02861238
v 0.10449221 -0.00656250 -0.02724519
v 0.10417971 -0.00843750 -0.02861238
v 0.09902344 -0.00656250 -0.02579988
v 0.09902344 -0.00656250 -0.02579988
v 0.10417971 -0.00843750 -0.02861238
v 0.09863282 -0.00843750 -0.02712800
v 0.09902344 -0.00656250 -0.02579988
v 0.09863282 -0.00843750 -0.02712800
v 0.09363282 -0.00656250 -0.02404206
v 0.09363282 -0.00656250 -0.02404206
v 0.09863282 -0.00843750 -0.02712800
v 0.09316407 -0.00843750 -0.02537019
v 0.09363282 -0.00656250 -0.02404206
v 0.09316407 -0.00843750 -0.02537019
v 0.08839844 -0.00656250 -0.02201081
v 0.08839844 -0.00656250 -0.02201081
v 0.09316407 -0.00843750 -0.02537019
v 0.08785157 -0.00843750 -0.02326081
v 0.18910160 -0.01203125 -0.01681550
v 0.19449221 -0.00843750 -0.00486238
v 0.19121092 -0.00992188 -0.00994050
v 0.19019531 -0.00843750 -0.00865144
v 0.19019531 -0.00843750 -0.00865144
v 0.19121092 -0.00992188 -0.00994050
v 0.18667971 -0.00992188 -0.01349519
v 0.19019531 -0.00843750 -0.00865144
v 0.18667971 -0.00992188 -0.01349519
v 0.18566410 -0.00843750 -0.01212800
v 0.18566410 -0.00843750 -0.01212800
v 0.18667971 -0.00992188 -0.01349519
v 0.18183592 -0.00992188 -0.01677644
v 0.19121092 -0.00992188 -0.00994050
v 0.19246092 -0.01117187 -0.01146394
v 0.18785160 -0.01117187 -0.01505769
v 0.18785160 -0.01117187 -0.01505769
v 0.19246092 -0.01117187 -0.01146394
v 0.18910160 -0.01203125 -0.01681550
v 0.18785160 -0.01117187 -0.01505769
v 0.18910160 -0.01203125 -0.01681550
v 0.18410160 -0.01203125 -0.02025300
v 0.18410160 -0.01203125 -0.02025300
v 0.18410160 -0.01203125 -0.02025300
v 0.18527342 -0.01242187 -0.02216706
v 0.17886721 -0.01203125 -0.02337800
v 0.17886721 -0.01203125 -0.02337800
v 0.18527342 -0.01242187 -0.02216706
v 0.18003910 -0.01242187 -0.02537019
v 0.17886721 -0.01203125 -0.02337800
v 0.18003910 -0.01242187 -0.02537019
v 0.17355471 -0.01203125 -0.02622956
v 0.17457031 -0.01242187 -0.02826081
v 0.17355471 -0.01203125 -0.02622956
v 0.17457031 -0.01242187 -0.02826081
v 0.16808591 -0.01203125 -0.02872956
v 0.16808591 -0.01203125 -0.02872956
v 0.17457031 -0.01242187 -0.02826081
v 0.16894531 -0.01242187 -0.03079988
v 0.16808591 -0.01203125 -0.02872956
v 0.16894531 -0.01242187 -0.03079988
v 0.16238280 -0.01203125 -0.03091706
v 0.16316410 -0.01242187 -0.03306550
v 0.16238280 -0.01203125 -0.03091706
v 0.16316410 -0.01242187 -0.03306550
v 0.15667971 -0.01203125 -0.03279206
v 0.15730471 -0.01242187 -0.03497956
v 0.15667971 -0.01203125 -0.03279206
v 0.15730471 -0.01242187 -0.03497956
v 0.15082030 -0.01203125 -0.03435456
v 0.15082030 -0.01203125 -0.03435456
v 0.15730471 -0.01242187 -0.03497956
v 0.15128910 -0.01242187 -0.03654206
v 0.15082030 -0.01203125 -0.03435456
v 0.15128910 -0.01242187 -0.03654206
v 0.14488280 -0.01203125 -0.03552643
v 0.14527341 -0.01242187 -0.03775300
v 0.14488280 -0.01203125 -0.03552643
v 0.14527341 -0.01242187 -0.03775300
v 0.13886721 -0.01203125 -0.03638581
v 0.13917971 -0.01242187 -0.03865143
v 0.13886721 -0.01203125 -0.03638581
v 0.13917971 -0.01242187 -0.03865143
v 0.13285160 -0.01203125 -0.03689362
v 0.13300780 -0.01242187 -0.03915925
v 0.12683591 -0.01203125 -0.03708893
v 0.12683591 -0.01242187 -0.03935456
v 0.12683591 -0.01203125 -0.03708893
v 0.12683591 -0.01242187 -0.03935456
v 0.12074221 -0.01203125 -0.03689362
v 0.12066411 -0.01242187 -0.03915925
v 0.12074221 -0.01203125 -0.03689362
v 0.12066411 -0.01242187 -0.03915925
v 0.11472661 -0.01203125 -0.03634675
v 0.11472661 -0.01203125 -0.03634675
v 0.11449221 -0.01242187 -0.03861237
v 0.11449221 -0.01242187 -0.03861237
v 0.10871090 -0.01203125 -0.03548737
v 0.10832030 -0.01242187 -0.03771393
v 0.10871090 -0.01203125 -0.03548737
v 0.10832030 -0.01242187 -0.03771393
v 0.10285161 -0.01203125 -0.03427643
v 0.10285161 -0.01203125 -0.03427643
v 0.10832030 -0.01242187 -0.03771393
v 0.10230471 -0.01242187 -0.03650300
v 0.10285161 -0.01203125 -0.03427643
v 0.10230471 -0.01242187 -0.03650300
v 0.09699219 -0.01203125 -0.03271393
v 0.09636719 -0.01242187 -0.03490143
v 0.09699219 -0.01203125 -0.03271393
v 0.09636719 -0.01242187 -0.03490143
v 0.09121094 -0.01203125 -0.03083894
v 0.09042969 -0.01242187 -0.03298737
v 0.09121094 -0.01203125 -0.03083894
v 0.09042969 -0.01242187 -0.03298737
v 0.08558594 -0.01203125 -0.02861238
v 0.08472657 -0.01242187 -0.03072175
v 0.18386721 -0.00226563 -0.00966706
v 0.18824221 -0.00226563 -0.00626863
v 0.18863281 -0.00453125 -0.00677644
v 0.18863281 -0.00453125 -0.00677644
v 0.18824221 -0.00226563 -0.00626863
v 0.19285160 -0.00453125 -0.00310456
v 0.18425781 -0.00453125 -0.01017488
v 0.18667971 -0.00992188 -0.01349519
v 0.18667971 -0.00992188 -0.01349519
v 0.18785160 -0.01117187 -0.01505769
v 0.18292971 -0.01117187 -0.01845613
v 0.18667971 -0.00992188 -0.01349519
v 0.18292971 -0.01117187 -0.01845613
v 0.18183592 -0.00992188 -0.01677644
v 0.18183592 -0.00992188 -0.01677644
v 0.18292971 -0.01117187 -0.01845613
v 0.17691410 -0.00992188 -0.01982331
v 0.18292971 -0.01117187 -0.01845613
v 0.17964842 -0.00453125 -0.01333894
v 0.18386721 -0.00226563 -0.00966706
v 0.18425781 -0.00453125 -0.01017488
v 0.17964842 -0.00453125 -0.01333894
v 0.18425781 -0.00453125 -0.01017488
v 0.18019531 -0.00656250 -0.01419831
v 0.18019531 0.00656250 -0.01419831
v 0.18089842 0.00843750 -0.01537019
v 0.18480471 0.00656250 -0.01099519
v 0.18480471 0.00656250 -0.01099519
v 0.18089842 0.00843750 -0.01537019
v 0.18566410 0.00843750 -0.01212800
v 0.18480471 0.00656250 -0.01099519
v 0.18566410 0.00843750 -0.01212800
v 0.18925781 0.00656250 -0.00755769
v 0.19019531 0.00843750 -0.00861238
v 0.18925781 0.00656250 -0.00755769
v 0.19019531 0.00843750 -0.00861238
v 0.19355471 0.00656250 -0.00384675
v 0.19355471 0.00656250 -0.00384675
v 0.19019531 0.00843750 -0.00861238
v 0.19449221 0.00843750 -0.00486238
v 0.18089842 0.00843750 -0.01537019
v 0.18183592 0.01000000 -0.01677644
v 0.18566410 0.00843750 -0.01212800
v 0.18566410 0.00843750 -0.01212800
v 0.18183592 0.01000000 -0.01677644
v 0.18667971 0.01000000 -0.01349519
v 0.18566410 0.00843750 -0.01212800
v 0.18667971 0.01000000 -0.01349519
v 0.19019531 0.00843750 -0.00861238
v 0.19128910 0.01000000 -0.00994050
v 0.19019531 0.00843750 -0.00861238
v 0.19128910 0.01000000 -0.00994050
v 0.19449221 0.00843750 -0.00486238
v 0.18019531 0.00656250 -0.01419831
v 0.17605471 0.00843750 -0.01833894
v 0.18089842 0.00843750 -0.01537019
v 0.18089842 0.00843750 -0.01537019
v 0.17605471 0.00843750 -0.01833894
v 0.17691410 0.01000000 -0.01982331
v 0.18089842 0.00843750 -0.01537019
v 0.17691410 0.01000000 -0.01982331
v 0.18183592 0.01000000 -0.01677644
v 0.18183592 0.01000000 -0.01677644
v 0.17691410 0.01000000 -0.01982331
v 0.17785160 0.01117187 -0.02150300
v 0.18183592 0.01000000 -0.01677644
v 0.17785160 0.01117187 -0.02150300
v 0.18292971 0.01117187 -0.01845613
v 0.18292971 0.01117187 -0.01845613
v 0.17785160 0.01117187 -0.02150300
v 0.17886721 0.01203125 -0.02337800
v 0.18410160 0.01203125 -0.02025300
v 0.18410160 0.01203125 -0.02025300
v 0.17886721 0.01203125 -0.02337800
v 0.18003910 0.01250000 -0.02537019
v 0.18410160 0.01203125 -0.02025300
v 0.18003910 0.01250000 -0.02537019
v 0.18527342 0.01250000 -0.02216706
v 0.18527342 0.01250000 -0.02216706
v 0.18003910 0.01250000 -0.02537019
v 0.18113281 0.01250000 -0.02736238
v 0.18652342 0.01250000 -0.02408113
v 0.18183592 0.01000000 -0.01677644
v 0.18292971 0.01117187 -0.01845613
v 0.18667971 0.01000000 -0.01349519
v 0.18667971 0.01000000 -0.01349519
v 0.18292971 0.01117187 -0.01845613
v 0.18785160 0.01117187 -0.01505769
v 0.18667971 0.01000000 -0.01349519
v 0.18785160 0.01117187 -0.01505769
v 0.19128910 0.01000000 -0.00994050
v 0.19128910 0.01000000 -0.00994050
v 0.18785160 0.01117187 -0.01505769
v 0.19253910 0.01117187 -0.01142488
v 0.18292971 0.01117187 -0.01845613
v 0.18410160 0.01203125 -0.02025300
v 0.18785160 0.01117187 -0.01505769
v 0.18910160 0.01203125 -0.01681550
v 0.18785160 0.01117187 -0.01505769
v 0.19042971 0.01250000 -0.01865144
v 0.18910160 0.01203125 -0.01681550
v 0.18527342 0.01250000 -0.02216706
v 0.18910160 0.01203125 -0.01681550
v 0.18410160 0.01203125 -0.02025300
v 0.18332031 0.01117187 -0.03119050
v 0.19097660 0.00843750 -0.03087800
v 0.19097660 0.00843750 -0.03087800
v 0.18511721 0.00843750 -0.03439362
v 0.18582031 0.00656250 -0.03560456
v 0.19097660 0.00843750 -0.03087800
v 0.18582031 0.00656250 -0.03560456
v 0.19167971 0.00656250 -0.03204987
v 0.19167971 0.00656250 -0.03204987
v 0.18582031 0.00656250 -0.03560456
v 0.18636721 0.00453125 -0.03650300
v 0.19167971 0.00656250 -0.03204987
v 0.18636721 0.00453125 -0.03650300
v 0.19222660 0.00453125 -0.03290925
v 0.19222660 0.00453125 -0.03290925
v 0.18636721 0.00453125 -0.03650300
v 0.18667971 0.00234375 -0.03704987
v 0.19222660 0.00453125 -0.03290925
v 0.18667971 0.00234375 -0.03704987
v 0.19261721 0.00234375 -0.03345612
v 0.19261721 0.00234375 -0.03345612
v 0.18667971 0.00234375 -0.03704987
v 0.18675781 0.00000000 -0.03724518
v 0.19269531 0.00000000 -0.03365143
v 0.19269531 0.00000000 -0.03365143
v 0.18675781 0.00000000 -0.03724518
v 0.18667971 -0.00226563 -0.03704987
v 0.19261721 -0.00226563 -0.03345612
v 0.19261721 -0.00226563 -0.03345612
v 0.18667971 -0.00226563 -0.03704987
v 0.18636721 -0.00453125 -0.03650300
v 0.19261721 -0.00226563 -0.03345612
v 0.18636721 -0.00453125 -0.03650300
v 0.19222660 -0.00453125 -0.03290925
v 0.19222660 -0.00453125 -0.03290925
v 0.18636721 -0.00453125 -0.03650300
v 0.18582031 -0.00656250 -0.03560456
v 0.19222660 -0.00453125 -0.03290925
v 0.18582031 -0.00656250 -0.03560456
v 0.19167971 -0.00656250 -0.03204987
v 0.18332031 -0.01117187 -0.03119050
v 0.18894531 -0.01117187 -0.02779206
v 0.19003910 -0.00992188 -0.02947175
v 0.18433592 -0.00992188 -0.03290925
v 0.18292971 -0.01117187 -0.01845613
v 0.18410160 -0.01203125 -0.02025300
v 0.17785160 -0.01117187 -0.02150300
v 0.17886721 -0.01203125 -0.02337800
v 0.17785160 -0.01117187 -0.02150300
v 0.17886721 -0.01203125 -0.02337800
v 0.17261721 -0.01117187 -0.02427644
v 0.17261721 -0.01117187 -0.02427644
v 0.17886721 -0.01203125 -0.02337800
v 0.17355471 -0.01203125 -0.02622956
v 0.17261721 -0.01117187 -0.02427644
v 0.17355471 -0.01203125 -0.02622956
v 0.16722660 -0.01117187 -0.02673738
v 0.16722660 -0.01117187 -0.02673738
v 0.17355471 -0.01203125 -0.02622956
v 0.16808591 -0.01203125 -0.02872956
v 0.16722660 -0.01117187 -0.02673738
v 0.16808591 -0.01203125 -0.02872956
v 0.16167971 -0.01117187 -0.02888581
v 0.16167971 -0.01117187 -0.02888581
v 0.16808591 -0.01203125 -0.02872956
v 0.16238280 -0.01203125 -0.03091706
v 0.16167971 -0.01117187 -0.02888581
v 0.16238280 -0.01203125 -0.03091706
v 0.15605471 -0.01117187 -0.03072175
v 0.15667971 -0.01203125 -0.03279206
v 0.15605471 -0.01117187 -0.03072175
v 0.15667971 -0.01203125 -0.03279206
v 0.15035160 -0.01117187 -0.03224518
v 0.15082030 -0.01203125 -0.03435456
v 0.15035160 -0.01117187 -0.03224518
v 0.15082030 -0.01203125 -0.03435456
v 0.14449221 -0.01117187 -0.03341706
v 0.14488280 -0.01203125 -0.03552643
v 0.14449221 -0.01117187 -0.03341706
v 0.14488280 -0.01203125 -0.03552643
v 0.13863280 -0.01117187 -0.03427643
v 0.13886721 -0.01203125 -0.03638581
v 0.13863280 -0.01117187 -0.03427643
v 0.13886721 -0.01203125 -0.03638581
v 0.13277341 -0.01117187 -0.03474518
v 0.13285160 -0.01203125 -0.03689362
v 0.13277341 -0.01117187 -0.03474518
v 0.13285160 -0.01203125 -0.03689362
v 0.12683591 -0.01117187 -0.03494050
v 0.12683591 -0.01203125 -0.03708893
v 0.12683591 -0.01117187 -0.03494050
v 0.12683591 -0.01203125 -0.03708893
v 0.12089841 -0.01117187 -0.03474518
v 0.12074221 -0.01203125 -0.03689362
v 0.12089841 -0.01117187 -0.03474518
v 0.12074221 -0.01203125 -0.03689362
v 0.11496090 -0.01117187 -0.03423737
v 0.11472661 -0.01203125 -0.03634675
v 0.11496090 -0.01117187 -0.03423737
v 0.11472661 -0.01203125 -0.03634675
v 0.10910161 -0.01117187 -0.03337800
v 0.10871090 -0.01203125 -0.03548737
v 0.10910161 -0.01117187 -0.03337800
v 0.10871090 -0.01203125 -0.03548737
v 0.10332030 -0.01117187 -0.03216706
v 0.10332030 -0.01117187 -0.03216706
v 0.10871090 -0.01203125 -0.03548737
v 0.10285161 -0.01203125 -0.03427643
v 0.10332030 -0.01117187 -0.03216706
v 0.10285161 -0.01203125 -0.03427643
v 0.09761719 -0.01117187 -0.03064363
v 0.09699219 -0.01203125 -0.03271393
v 0.09761719 -0.01117187 -0.03064363
v 0.09699219 -0.01203125 -0.03271393
v 0.09199219 -0.01117187 -0.02880769
v 0.09121094 -0.01203125 -0.03083894
v 0.09199219 -0.01117187 -0.02880769
v 0.09121094 -0.01203125 -0.03083894
v 0.08644532 -0.01117187 -0.02665925
v 0.08644532 -0.01117187 -0.02665925
v 0.09121094 -0.01203125 -0.03083894
v 0.08558594 -0.01203125 -0.02861238
v 0.17488281 -0.00453125 -0.01622956
v 0.17964842 -0.00453125 -0.01333894
v 0.18019531 -0.00656250 -0.01419831
v 0.17488281 -0.00453125 -0.01622956
v 0.18019531 -0.00656250 -0.01419831
v 0.17535160 -0.00656250 -0.01712800
v 0.18019531 0.00656250 -0.01419831
v 0.18480471 0.00656250 -0.01099519
v 0.18425781 0.00453125 -0.01017488
v 0.18425781 0.00453125 -0.01017488
v 0.18480471 0.00656250 -0.01099519
v 0.18863281 0.00453125 -0.00673738
v 0.18425781 0.00453125 -0.01017488
v 0.18863281 0.00453125 -0.00673738
v 0.18824221 0.00234375 -0.00626863
v 0.18824221 0.00234375 -0.00626863
v 0.18863281 0.00453125 -0.00673738
v 0.19238281 0.00234375 -0.00263581
v 0.18863281 0.00453125 -0.00673738
v 0.18480471 0.00656250 -0.01099519
v 0.18925781 0.00656250 -0.00755769
v 0.19355471 0.00656250 -0.00384675
v 0.19285160 0.00453125 -0.00310456
v 0.18925781 0.00656250 -0.00755769
v 0.18863281 0.00453125 -0.00673738
v 0.19285160 0.00453125 -0.00310456
v 0.19238281 0.00234375 -0.00263581
v 0.18863281 0.00453125 -0.00673738
v 0.09363282 -0.00656250 -0.02404206
v 0.08839844 -0.00656250 -0.02201081
v 0.08878907 -0.00453125 -0.02103425
v 0.09363282 -0.00656250 -0.02404206
v 0.08878907 -0.00453125 -0.02103425
v 0.09402344 -0.00453125 -0.02310456
v 0.09199219 -0.01117187 -0.02880769
v 0.08644532 -0.01117187 -0.02665925
v 0.08722657 -0.00992188 -0.02482331
v 0.09199219 -0.01117187 -0.02880769
v 0.08722657 -0.00992188 -0.02482331
v 0.09261719 -0.00992188 -0.02697175
v 0.08753907 -0.00992188 -0.04115143
v 0.08128907 -0.00992188 -0.03869050
v 0.08207032 -0.01117187 -0.03689362
v 0.08816407 -0.01117187 -0.03931550
v 0.07964844 -0.00453125 -0.04247956
v 0.08011719 -0.00656250 -0.04154206
v 0.08613282 -0.00453125 -0.04501862
v 0.08613282 -0.00453125 -0.04501862
v 0.08011719 -0.00656250 -0.04154206
v 0.08644532 -0.00656250 -0.04404206
v 0.08613282 -0.00453125 -0.04501862
v 0.08644532 -0.00656250 -0.04404206
v 0.09269532 -0.00453125 -0.04716706
v 0.09300782 -0.00656250 -0.04619050
v 0.09269532 -0.00453125 -0.04716706
v 0.09300782 -0.00656250 -0.04619050
v 0.09933594 -0.00453125 -0.04896393
v 0.09933594 -0.00453125 -0.04896393
v 0.09300782 -0.00656250 -0.04619050
v 0.09957032 -0.00656250 -0.04794831
v 0.09933594 -0.00453125 -0.04896393
v 0.09957032 -0.00656250 -0.04794831
v 0.10613280 -0.00453125 -0.05033112
v 0.10613280 -0.00453125 -0.05033112
v 0.09957032 -0.00656250 -0.04794831
v 0.10628911 -0.00656250 -0.04931550
v 0.10613280 -0.00453125 -0.05033112
v 0.10628911 -0.00656250 -0.04931550
v 0.11300780 -0.00453125 -0.05134675
v 0.11308590 -0.00656250 -0.05033112
v 0.11300780 -0.00453125 -0.05134675
v 0.11308590 -0.00656250 -0.05033112
v 0.11988280 -0.00453125 -0.05193268
v 0.11996091 -0.00656250 -0.05091706
v 0.11988280 -0.00453125 -0.05193268
v 0.11996091 -0.00656250 -0.05091706
v 0.12675780 -0.00453125 -0.05216706
v 0.12675780 -0.00453125 -0.05216706
v 0.11996091 -0.00656250 -0.05091706
v 0.12675780 -0.00656250 -0.05111237
v 0.12675780 -0.00453125 -0.05216706
v 0.12675780 -0.00656250 -0.05111237
v 0.13371091 -0.00453125 -0.05197175
v 0.13371091 -0.00453125 -0.05197175
v 0.12675780 -0.00656250 -0.05111237
v 0.13363280 -0.00656250 -0.05091706
v 0.13371091 -0.00453125 -0.05197175
v 0.13363280 -0.00656250 -0.05091706
v 0.14058591 -0.00453125 -0.05138581
v 0.07941407 -0.00226563 -0.04306550
v 0.07964844 -0.00453125 -0.04247956
v 0.08589844 -0.00226563 -0.04560456
v 0.08613282 -0.00453125 -0.04501862
v 0.08589844 -0.00226563 -0.04560456
v 0.08613282 -0.00453125 -0.04501862
v 0.09253907 -0.00226563 -0.04779206
v 0.09253907 -0.00226563 -0.04779206
v 0.08613282 -0.00453125 -0.04501862
v 0.09269532 -0.00453125 -0.04716706
v 0.09253907 -0.00226563 -0.04779206
v 0.09269532 -0.00453125 -0.04716706
v 0.09925782 -0.00226563 -0.04954987
v 0.09925782 -0.00226563 -0.04954987
v 0.09269532 -0.00453125 -0.04716706
v 0.09933594 -0.00453125 -0.04896393
v 0.09925782 -0.00226563 -0.04954987
v 0.09933594 -0.00453125 -0.04896393
v 0.10605471 -0.00226563 -0.05095612
v 0.10605471 -0.00226563 -0.05095612
v 0.09933594 -0.00453125 -0.04896393
v 0.10613280 -0.00453125 -0.05033112
v 0.10605471 -0.00226563 -0.05095612
v 0.10613280 -0.00453125 -0.05033112
v 0.11292971 -0.00226563 -0.05197175
v 0.11300780 -0.00453125 -0.05134675
v 0.11292971 -0.00226563 -0.05197175
v 0.11300780 -0.00453125 -0.05134675
v 0.11988280 -0.00226563 -0.05255768
v 0.11988280 -0.00453125 -0.05193268
v 0.11988280 -0.00226563 -0.05255768
v 0.11988280 -0.00453125 -0.05193268
v 0.12675780 -0.00226563 -0.05279206
v 0.12675780 -0.00453125 -0.05216706
v 0.12675780 -0.00226563 -0.05279206
v 0.12675780 -0.00453125 -0.05216706
v 0.13371091 -0.00226563 -0.05259675
v 0.13371091 -0.00453125 -0.05197175
v 0.13371091 -0.00226563 -0.05259675
v 0.13371091 -0.00453125 -0.05197175
v 0.14066410 -0.00226563 -0.05201081
v 0.14058591 -0.00453125 -0.05138581
v 0.14066410 -0.00226563 -0.05201081
v 0.07933594 0.00000000 -0.04326081
v 0.07941407 -0.00226563 -0.04306550
v 0.08582032 0.00000000 -0.04579987
v 0.08589844 -0.00226563 -0.04560456
v 0.08582032 0.00000000 -0.04579987
v 0.08589844 -0.00226563 -0.04560456
v 0.09246094 0.00000000 -0.04798737
v 0.09253907 -0.00226563 -0.04779206
v 0.09246094 0.00000000 -0.04798737
v 0.09253907 -0.00226563 -0.04779206
v 0.09917969 0.00000000 -0.04978425
v 0.09917969 0.00000000 -0.04978425
v 0.09253907 -0.00226563 -0.04779206
v 0.09925782 -0.00226563 -0.04954987
v 0.09917969 0.00000000 -0.04978425
v 0.09925782 -0.00226563 -0.04954987
v 0.10597661 0.00000000 -0.05119050
v 0.10605471 -0.00226563 -0.05095612
v 0.10597661 0.00000000 -0.05119050
v 0.10605471 -0.00226563 -0.05095612
v 0.11292971 0.00000000 -0.05216706
v 0.11292971 0.00000000 -0.05216706
v 0.10605471 -0.00226563 -0.05095612
v 0.11292971 -0.00226563 -0.05197175
v 0.11292971 0.00000000 -0.05216706
v 0.11292971 -0.00226563 -0.05197175
v 0.11980471 0.00000000 -0.05279206
v 0.11980471 0.00000000 -0.05279206
v 0.11292971 -0.00226563 -0.05197175
v 0.11988280 -0.00226563 -0.05255768
v 0.11980471 0.00000000 -0.05279206
v 0.11988280 -0.00226563 -0.05255768
v 0.12675780 0.00000000 -0.05298737
v 0.12675780 0.00000000 -0.05298737
v 0.11988280 -0.00226563 -0.05255768
v 0.12675780 -0.00226563 -0.05279206
v 0.12675780 0.00000000 -0.05298737
v 0.12675780 -0.00226563 -0.05279206
v 0.13378910 0.00000000 -0.05279206
v 0.13371091 -0.00226563 -0.05259675
v 0.13378910 0.00000000 -0.05279206
v 0.13371091 -0.00226563 -0.05259675
v 0.14066410 0.00000000 -0.05220612
v 0.14066410 -0.00226563 -0.05201081
v 0.14066410 0.00000000 -0.05220612
v 0.14066410 -0.00226563 -0.05201081
v 0.14761721 0.00000000 -0.05122956
v 0.14753910 -0.00226563 -0.05103425
v 0.14761721 0.00000000 -0.05122956
v 0.14753910 -0.00226563 -0.05103425
v 0.15441410 0.00000000 -0.04986237
v 0.07941407 0.00234375 -0.04306550
v 0.07933594 0.00000000 -0.04326081
v 0.08589844 0.00234375 -0.04560456
v 0.08582032 0.00000000 -0.04579987
v 0.08589844 0.00234375 -0.04560456
v 0.08582032 0.00000000 -0.04579987
v 0.09253907 0.00234375 -0.04779206
v 0.09246094 0.00000000 -0.04798737
v 0.09253907 0.00234375 -0.04779206
v 0.09246094 0.00000000 -0.04798737
v 0.09925782 0.00234375 -0.04954987
v 0.09925782 0.00234375 -0.04954987
v 0.09246094 0.00000000 -0.04798737
v 0.09917969 0.00000000 -0.04978425
v 0.09925782 0.00234375 -0.04954987
v 0.09917969 0.00000000 -0.04978425
v 0.10605471 0.00234375 -0.05095612
v 0.10597661 0.00000000 -0.05119050
v 0.10605471 0.00234375 -0.05095612
v 0.10597661 0.00000000 -0.05119050
v 0.11292971 0.00234375 -0.05197175
v 0.11292971 0.00234375 -0.05197175
v 0.10597661 0.00000000 -0.05119050
v 0.11292971 0.00000000 -0.05216706
v 0.11292971 0.00234375 -0.05197175
v 0.11292971 0.00000000 -0.05216706
v 0.11988280 0.00234375 -0.05255768
v 0.11988280 0.00234375 -0.05255768
v 0.11292971 0.00000000 -0.05216706
v 0.11980471 0.00000000 -0.05279206
v 0.11988280 0.00234375 -0.05255768
v 0.11980471 0.00000000 -0.05279206
v 0.12675780 0.00234375 -0.05279206
v 0.12675780 0.00234375 -0.05279206
v 0.11980471 0.00000000 -0.05279206
v 0.12675780 0.00000000 -0.05298737
v 0.12675780 0.00234375 -0.05279206
v 0.12675780 0.00000000 -0.05298737
v 0.13371091 0.00234375 -0.05259675
v 0.13378910 0.00000000 -0.05279206
v 0.13371091 0.00234375 -0.05259675
v 0.13378910 0.00000000 -0.05279206
v 0.14066410 0.00234375 -0.05201081
v 0.14066410 0.00234375 -0.05201081
v 0.13378910 0.00000000 -0.05279206
v 0.14066410 0.00000000 -0.05220612
v 0.14066410 0.00234375 -0.05201081
v 0.14066410 0.00000000 -0.05220612
v 0.14753910 0.00234375 -0.05103425
v 0.14753910 0.00234375 -0.05103425
v 0.14066410 0.00000000 -0.05220612
v 0.14761721 0.00000000 -0.05122956
v 0.14753910 0.00234375 -0.05103425
v 0.14761721 0.00000000 -0.05122956
v 0.15433591 0.00234375 -0.04962800
v 0.15433591 0.00234375 -0.04962800
v 0.14761721 0.00000000 -0.05122956
v 0.15441410 0.00000000 -0.04986237
v 0.15433591 0.00234375 -0.04962800
v 0.15441410 0.00000000 -0.04986237
v 0.16105471 0.00234375 -0.04787018
v 0.07964844 0.00453125 -0.04247956
v 0.07941407 0.00234375 -0.04306550
v 0.08613282 0.00453125 -0.04501862
v 0.08589844 0.00234375 -0.04560456
v 0.08613282 0.00453125 -0.04501862
v 0.08589844 0.00234375 -0.04560456
v 0.09269532 0.00453125 -0.04716706
v 0.09253907 0.00234375 -0.04779206
v 0.09269532 0.00453125 -0.04716706
v 0.09253907 0.00234375 -0.04779206
v 0.09933594 0.00453125 -0.04896393
v 0.09933594 0.00453125 -0.04896393
v 0.09253907 0.00234375 -0.04779206
v 0.09925782 0.00234375 -0.04954987
v 0.09933594 0.00453125 -0.04896393
v 0.09925782 0.00234375 -0.04954987
v 0.10613280 0.00453125 -0.05033112
v 0.10613280 0.00453125 -0.05033112
v 0.09925782 0.00234375 -0.04954987
v 0.10605471 0.00234375 -0.05095612
v 0.10613280 0.00453125 -0.05033112
v 0.10605471 0.00234375 -0.05095612
v 0.11300780 0.00453125 -0.05134675
v 0.11292971 0.00234375 -0.05197175
v 0.11300780 0.00453125 -0.05134675
v 0.11292971 0.00234375 -0.05197175
v 0.11988280 0.00453125 -0.05193268
v 0.11988280 0.00453125 -0.05193268
v 0.11292971 0.00234375 -0.05197175
v 0.11988280 0.00234375 -0.05255768
v 0.11988280 0.00453125 -0.05193268
v 0.11988280 0.00234375 -0.05255768
v 0.12675780 0.00453125 -0.05216706
v 0.12675780 0.00234375 -0.05279206
v 0.12675780 0.00453125 -0.05216706
v 0.12675780 0.00234375 -0.05279206
v 0.13371091 0.00453125 -0.05197175
v 0.13371091 0.00234375 -0.05259675
v 0.13371091 0.00453125 -0.05197175
v 0.13371091 0.00234375 -0.05259675
v 0.14058591 0.00453125 -0.05138581
v 0.14058591 0.00453125 -0.05138581
v 0.13371091 0.00234375 -0.05259675
v 0.14066410 0.00234375 -0.05201081
v 0.14058591 0.00453125 -0.05138581
v 0.14066410 0.00234375 -0.05201081
v 0.14746091 0.00453125 -0.05040925
v 0.14753910 0.00234375 -0.05103425
v 0.14746091 0.00453125 -0.05040925
v 0.14753910 0.00234375 -0.05103425
v 0.15425780 0.00453125 -0.04904206
v 0.15425780 0.00453125 -0.04904206
v 0.14753910 0.00234375 -0.05103425
v 0.15433591 0.00234375 -0.04962800
v 0.15425780 0.00453125 -0.04904206
v 0.15433591 0.00234375 -0.04962800
v 0.16089841 0.00453125 -0.04728425
v 0.16089841 0.00453125 -0.04728425
v 0.15433591 0.00234375 -0.04962800
v 0.16105471 0.00234375 -0.04787018
v 0.16089841 0.00453125 -0.04728425
v 0.16105471 0.00234375 -0.04787018
v 0.16746091 0.00453125 -0.04513581
v 0.08011719 0.00656250 -0.04154206
v 0.07964844 0.00453125 -0.04247956
v 0.08644532 0.00656250 -0.04404206
v 0.08644532 0.00656250 -0.04404206
v 0.07964844 0.00453125 -0.04247956
v 0.08613282 0.00453125 -0.04501862
v 0.08644532 0.00656250 -0.04404206
v 0.08613282 0.00453125 -0.04501862
v 0.09300782 0.00656250 -0.04619050
v 0.09269532 0.00453125 -0.04716706
v 0.09300782 0.00656250 -0.04619050
v 0.09269532 0.00453125 -0.04716706
v 0.09957032 0.00656250 -0.04794831
v 0.09957032 0.00656250 -0.04794831
v 0.09269532 0.00453125 -0.04716706
v 0.09933594 0.00453125 -0.04896393
v 0.09957032 0.00656250 -0.04794831
v 0.09933594 0.00453125 -0.04896393
v 0.10628911 0.00656250 -0.04931550
v 0.10628911 0.00656250 -0.04931550
v 0.09933594 0.00453125 -0.04896393
v 0.10613280 0.00453125 -0.05033112
v 0.10628911 0.00656250 -0.04931550
v 0.10613280 0.00453125 -0.05033112
v 0.11308590 0.00656250 -0.05033112
v 0.11300780 0.00453125 -0.05134675
v 0.11308590 0.00656250 -0.05033112
v 0.11300780 0.00453125 -0.05134675
v 0.11996091 0.00656250 -0.05091706
v 0.11988280 0.00453125 -0.05193268
v 0.11996091 0.00656250 -0.05091706
v 0.11988280 0.00453125 -0.05193268
v 0.12675780 0.00656250 -0.05111237
v 0.12675780 0.00656250 -0.05111237
v 0.11988280 0.00453125 -0.05193268
v 0.12675780 0.00453125 -0.05216706
v 0.12675780 0.00656250 -0.05111237
v 0.12675780 0.00453125 -0.05216706
v 0.13363280 0.00656250 -0.05091706
v 0.13363280 0.00656250 -0.05091706
v 0.12675780 0.00453125 -0.05216706
v 0.13371091 0.00453125 -0.05197175
v 0.13363280 0.00656250 -0.05091706
v 0.13371091 0.00453125 -0.05197175
v 0.14050780 0.00656250 -0.05037018
v 0.14050780 0.00656250 -0.05037018
v 0.13371091 0.00453125 -0.05197175
v 0.14058591 0.00453125 -0.05138581
v 0.14050780 0.00656250 -0.05037018
v 0.14058591 0.00453125 -0.05138581
v 0.14730471 0.00656250 -0.04939362
v 0.14730471 0.00656250 -0.04939362
v 0.14058591 0.00453125 -0.05138581
v 0.14746091 0.00453125 -0.05040925
v 0.14730471 0.00656250 -0.04939362
v 0.14746091 0.00453125 -0.05040925
v 0.15402341 0.00656250 -0.04802643
v 0.15402341 0.00656250 -0.04802643
v 0.14746091 0.00453125 -0.05040925
v 0.15425780 0.00453125 -0.04904206
v 0.15402341 0.00656250 -0.04802643
v 0.15425780 0.00453125 -0.04904206
v 0.16058591 0.00656250 -0.04626862
v 0.16089841 0.00453125 -0.04728425
v 0.16058591 0.00656250 -0.04626862
v 0.16089841 0.00453125 -0.04728425
v 0.16714841 0.00656250 -0.04415925
v 0.16714841 0.00656250 -0.04415925
v 0.16089841 0.00453125 -0.04728425
v 0.16746091 0.00453125 -0.04513581
v 0.16714841 0.00656250 -0.04415925
v 0.16746091 0.00453125 -0.04513581
v 0.17355471 0.00656250 -0.04165925
v 0.08066407 0.00843750 -0.04025300
v 0.08011719 0.00656250 -0.04154206
v 0.08691407 0.00843750 -0.04275300
v 0.08691407 0.00843750 -0.04275300
v 0.08011719 0.00656250 -0.04154206
v 0.08644532 0.00656250 -0.04404206
v 0.08691407 0.00843750 -0.04275300
v 0.08644532 0.00656250 -0.04404206
v 0.09339844 0.00843750 -0.04486237
v 0.09339844 0.00843750 -0.04486237
v 0.08644532 0.00656250 -0.04404206
v 0.09300782 0.00656250 -0.04619050
v 0.09339844 0.00843750 -0.04486237
v 0.09300782 0.00656250 -0.04619050
v 0.09996094 0.00843750 -0.04658112
v 0.09996094 0.00843750 -0.04658112
v 0.09300782 0.00656250 -0.04619050
v 0.09957032 0.00656250 -0.04794831
v 0.09996094 0.00843750 -0.04658112
v 0.09957032 0.00656250 -0.04794831
v 0.10660161 0.00843750 -0.04794831
v 0.10628911 0.00656250 -0.04931550
v 0.10660161 0.00843750 -0.04794831
v 0.10628911 0.00656250 -0.04931550
v 0.11324221 0.00843750 -0.04892487
v 0.11308590 0.00656250 -0.05033112
v 0.11324221 0.00843750 -0.04892487
v 0.11308590 0.00656250 -0.05033112
v 0.12003911 0.00843750 -0.04951081
v 0.11996091 0.00656250 -0.05091706
v 0.12003911 0.00843750 -0.04951081
v 0.11996091 0.00656250 -0.05091706
v 0.12683591 0.00843750 -0.04974518
v 0.12683591 0.00843750 -0.04974518
v 0.11996091 0.00656250 -0.05091706
v 0.12675780 0.00656250 -0.05111237
v 0.12683591 0.00843750 -0.04974518
v 0.12675780 0.00656250 -0.05111237
v 0.13355471 0.00843750 -0.04954987
v 0.13363280 0.00656250 -0.05091706
v 0.13355471 0.00843750 -0.04954987
v 0.13363280 0.00656250 -0.05091706
v 0.14035160 0.00843750 -0.04896393
v 0.14035160 0.00843750 -0.04896393
v 0.13363280 0.00656250 -0.05091706
v 0.14050780 0.00656250 -0.05037018
v 0.14035160 0.00843750 -0.04896393
v 0.14050780 0.00656250 -0.05037018
v 0.14707030 0.00843750 -0.04802643
v 0.14707030 0.00843750 -0.04802643
v 0.14050780 0.00656250 -0.05037018
v 0.14730471 0.00656250 -0.04939362
v 0.14707030 0.00843750 -0.04802643
v 0.14730471 0.00656250 -0.04939362
v 0.15371091 0.00843750 -0.04665925
v 0.15371091 0.00843750 -0.04665925
v 0.14730471 0.00656250 -0.04939362
v 0.15402341 0.00656250 -0.04802643
v 0.15371091 0.00843750 -0.04665925
v 0.15402341 0.00656250 -0.04802643
v 0.16019530 0.00843750 -0.04494050
v 0.16019530 0.00843750 -0.04494050
v 0.15402341 0.00656250 -0.04802643
v 0.16058591 0.00656250 -0.04626862
v 0.16019530 0.00843750 -0.04494050
v 0.16058591 0.00656250 -0.04626862
v 0.16667971 0.00843750 -0.04283112
v 0.16667971 0.00843750 -0.04283112
v 0.16058591 0.00656250 -0.04626862
v 0.16714841 0.00656250 -0.04415925
v 0.16667971 0.00843750 -0.04283112
v 0.16714841 0.00656250 -0.04415925
v 0.17300781 0.00843750 -0.04037018
v 0.17355471 0.00656250 -0.04165925
v 0.17300781 0.00843750 -0.04037018
v 0.08816407 0.01117187 -0.03931550
v 0.08753907 0.01000000 -0.04115143
v 0.08753907 0.01000000 -0.04115143
v 0.08066407 0.00843750 -0.04025300
v 0.08691407 0.00843750 -0.04275300
v 0.08753907 0.01000000 -0.04115143
v 0.08691407 0.00843750 -0.04275300
v 0.09386719 0.01000000 -0.04322175
v 0.09339844 0.00843750 -0.04486237
v 0.09386719 0.01000000 -0.04322175
v 0.09339844 0.00843750 -0.04486237
v 0.10035161 0.01000000 -0.04494050
v 0.10035161 0.01000000 -0.04494050
v 0.09339844 0.00843750 -0.04486237
v 0.09996094 0.00843750 -0.04658112
v 0.10035161 0.01000000 -0.04494050
v 0.09996094 0.00843750 -0.04658112
v 0.10683590 0.01000000 -0.04626862
v 0.10683590 0.01000000 -0.04626862
v 0.09996094 0.00843750 -0.04658112
v 0.10660161 0.00843750 -0.04794831
v 0.10683590 0.01000000 -0.04626862
v 0.10660161 0.00843750 -0.04794831
v 0.11347661 0.01000000 -0.04724518
v 0.11324221 0.00843750 -0.04892487
v 0.11347661 0.01000000 -0.04724518
v 0.11324221 0.00843750 -0.04892487
v 0.12011721 0.01000000 -0.04783112
v 0.12011721 0.01000000 -0.04783112
v 0.11324221 0.00843750 -0.04892487
v 0.12003911 0.00843750 -0.04951081
v 0.12011721 0.01000000 -0.04783112
v 0.12003911 0.00843750 -0.04951081
v 0.12683591 0.01000000 -0.04802643
v 0.12683591 0.01000000 -0.04802643
v 0.12003911 0.00843750 -0.04951081
v 0.12683591 0.00843750 -0.04974518
v 0.12683591 0.01000000 -0.04802643
v 0.12683591 0.00843750 -0.04974518
v 0.13347660 0.01000000 -0.04783112
v 0.13355471 0.00843750 -0.04954987
v 0.13347660 0.01000000 -0.04783112
v 0.13355471 0.00843750 -0.04954987
v 0.14011721 0.01000000 -0.04728425
v 0.14011721 0.01000000 -0.04728425
v 0.13355471 0.00843750 -0.04954987
v 0.14035160 0.00843750 -0.04896393
v 0.14011721 0.01000000 -0.04728425
v 0.14035160 0.00843750 -0.04896393
v 0.14675780 0.01000000 -0.04634675
v 0.14707030 0.00843750 -0.04802643
v 0.14675780 0.01000000 -0.04634675
v 0.14707030 0.00843750 -0.04802643
v 0.15332030 0.01000000 -0.04501862
v 0.15332030 0.01000000 -0.04501862
v 0.14707030 0.00843750 -0.04802643
v 0.15371091 0.00843750 -0.04665925
v 0.15332030 0.01000000 -0.04501862
v 0.15371091 0.00843750 -0.04665925
v 0.15972660 0.01000000 -0.04329987
v 0.15972660 0.01000000 -0.04329987
v 0.15371091 0.00843750 -0.04665925
v 0.16019530 0.00843750 -0.04494050
v 0.15972660 0.01000000 -0.04329987
v 0.16019530 0.00843750 -0.04494050
v 0.16613281 0.01000000 -0.04122956
v 0.16613281 0.01000000 -0.04122956
v 0.16019530 0.00843750 -0.04494050
v 0.16667971 0.00843750 -0.04283112
v 0.16613281 0.01000000 -0.04122956
v 0.16667971 0.00843750 -0.04283112
v 0.17230471 0.01000000 -0.03880768
v 0.17230471 0.01000000 -0.03880768
v 0.16667971 0.00843750 -0.04283112
v 0.17300781 0.00843750 -0.04037018
v 0.17230471 0.01000000 -0.03880768
v 0.17300781 0.00843750 -0.04037018
v 0.17839842 0.01000000 -0.03603425
v 0.17917971 0.00843750 -0.03755768
v 0.17839842 0.01000000 -0.03603425
v 0.17917971 0.00843750 -0.03755768
v 0.18433592 0.01000000 -0.03290925
v 0.17691410 0.01000000 -0.01982331
v 0.17691410 0.01000000 -0.01982331
v 0.17175781 0.01000000 -0.02251863
v 0.17261721 0.01117187 -0.02427644
v 0.17691410 0.01000000 -0.01982331
v 0.17261721 0.01117187 -0.02427644
v 0.17785160 0.01117187 -0.02150300
v 0.17785160 0.01117187 -0.02150300
v 0.17261721 0.01117187 -0.02427644
v 0.17355471 0.01203125 -0.02622956
v 0.17785160 0.01117187 -0.02150300
v 0.17355471 0.01203125 -0.02622956
v 0.17886721 0.01203125 -0.02337800
v 0.17886721 0.01203125 -0.02337800
v 0.17355471 0.01203125 -0.02622956
v 0.17457031 0.01250000 -0.02826081
v 0.17886721 0.01203125 -0.02337800
v 0.17457031 0.01250000 -0.02826081
v 0.18003910 0.01250000 -0.02537019
v 0.17457031 0.01250000 -0.02826081
v 0.17558592 0.01250000 -0.03033113
v 0.17839842 0.01000000 -0.03603425
v 0.18433592 0.01000000 -0.03290925
v 0.18332031 0.01117187 -0.03119050
v 0.17753910 0.01117187 -0.03427643
v 0.18582031 0.00656250 -0.03560456
v 0.18582031 0.00656250 -0.03560456
v 0.17980471 0.00656250 -0.03880768
v 0.18019531 0.00453125 -0.03974518
v 0.18582031 0.00656250 -0.03560456
v 0.18019531 0.00453125 -0.03974518
v 0.18636721 0.00453125 -0.03650300
v 0.18636721 0.00453125 -0.03650300
v 0.18019531 0.00453125 -0.03974518
v 0.18050781 0.00234375 -0.04029206
v 0.18667971 0.00234375 -0.03704987
v 0.18667971 0.00234375 -0.03704987
v 0.18050781 0.00234375 -0.04029206
v 0.18058592 0.00000000 -0.04048737
v 0.18675781 0.00000000 -0.03724518
v 0.18675781 0.00000000 -0.03724518
v 0.18058592 0.00000000 -0.04048737
v 0.18050781 -0.00226563 -0.04029206
v 0.18667971 -0.00226563 -0.03704987
v 0.18667971 -0.00226563 -0.03704987
v 0.18050781 -0.00226563 -0.04029206
v 0.18019531 -0.00453125 -0.03974518
v 0.18636721 -0.00453125 -0.03650300
v 0.18636721 -0.00453125 -0.03650300
v 0.18019531 -0.00453125 -0.03974518
v 0.17980471 -0.00656250 -0.03880768
v 0.18636721 -0.00453125 -0.03650300
v 0.17980471 -0.00656250 -0.03880768
v 0.18582031 -0.00656250 -0.03560456
v 0.17753910 -0.01117187 -0.03427643
v 0.18332031 -0.01117187 -0.03119050
v 0.18433592 -0.00992188 -0.03290925
v 0.17753910 -0.01117187 -0.03427643
v 0.18433592 -0.00992188 -0.03290925
v 0.17839842 -0.00992188 -0.03603425
v 0.17175781 -0.00992188 -0.02251863
v 0.17691410 -0.00992188 -0.01982331
v 0.17785160 -0.01117187 -0.02150300
v 0.17785160 -0.01117187 -0.02150300
v 0.17691410 -0.00992188 -0.01982331
v 0.18292971 -0.01117187 -0.01845613
v 0.17261721 -0.01117187 -0.02427644
v 0.16988281 -0.00453125 -0.01880769
v 0.17488281 -0.00453125 -0.01622956
v 0.17535160 -0.00656250 -0.01712800
v 0.16988281 -0.00453125 -0.01880769
v 0.17535160 -0.00656250 -0.01712800
v 0.17035160 -0.00656250 -0.01974519
v 0.17261721 0.01117187 -0.02427644
v 0.17261721 0.01117187 -0.02427644
v 0.16722660 0.01117187 -0.02673738
v 0.16808591 0.01203125 -0.02872956
v 0.17355471 0.01203125 -0.02622956
v 0.17355471 0.01203125 -0.02622956
v 0.16808591 0.01203125 -0.02872956
v 0.16894531 0.01250000 -0.03079988
v 0.17355471 0.01203125 -0.02622956
v 0.16894531 0.01250000 -0.03079988
v 0.17457031 0.01250000 -0.02826081
v 0.16894531 0.01250000 -0.03079988
v 0.16980471 0.01250000 -0.03294831
v 0.17230471 0.01000000 -0.03880768
v 0.17839842 0.01000000 -0.03603425
v 0.17753910 0.01117187 -0.03427643
v 0.17152342 0.01117187 -0.03701081
v 0.18019531 0.00453125 -0.03974518
v 0.18019531 0.00453125 -0.03974518
v 0.17394531 0.00453125 -0.04259675
v 0.17417971 0.00234375 -0.04318268
v 0.18050781 0.00234375 -0.04029206
v 0.18050781 0.00234375 -0.04029206
v 0.17417971 0.00234375 -0.04318268
v 0.17425781 0.00000000 -0.04337800
v 0.18058592 0.00000000 -0.04048737
v 0.18058592 0.00000000 -0.04048737
v 0.17425781 0.00000000 -0.04337800
v 0.17417971 -0.00226563 -0.04318268
v 0.18050781 -0.00226563 -0.04029206
v 0.18050781 -0.00226563 -0.04029206
v 0.17417971 -0.00226563 -0.04318268
v 0.17394531 -0.00453125 -0.04259675
v 0.18019531 -0.00453125 -0.03974518
v 0.18019531 -0.00453125 -0.03974518
v 0.17394531 -0.00453125 -0.04259675
v 0.17355471 -0.00656250 -0.04165925
v 0.17980471 -0.00656250 -0.03880768
v 0.17152342 -0.01117187 -0.03701081
v 0.17753910 -0.01117187 -0.03427643
v 0.17839842 -0.00992188 -0.03603425
v 0.17230471 -0.00992188 -0.03880768
v 0.16644531 -0.00992188 -0.02494050
v 0.17175781 -0.00992188 -0.02251863
v 0.17261721 -0.01117187 -0.02427644
v 0.16722660 -0.01117187 -0.02673738
v 0.16488281 -0.00453125 -0.02115144
v 0.16988281 -0.00453125 -0.01880769
v 0.17035160 -0.00656250 -0.01974519
v 0.16488281 -0.00453125 -0.02115144
v 0.17035160 -0.00656250 -0.01974519
v 0.16527341 -0.00656250 -0.02208894
v 0.16722660 0.01117187 -0.02673738
v 0.16238280 0.01203125 -0.03091706
v 0.16808591 0.01203125 -0.02872956
v 0.16808591 0.01203125 -0.02872956
v 0.16238280 0.01203125 -0.03091706
v 0.16316410 0.01250000 -0.03306550
v 0.16894531 0.01250000 -0.03079988
v 0.16316410 0.01250000 -0.03306550
v 0.16394531 0.01250000 -0.03525300
v 0.16613281 0.01000000 -0.04122956
v 0.17230471 0.01000000 -0.03880768
v 0.17152342 0.01117187 -0.03701081
v 0.16542971 0.01117187 -0.03939362
v 0.17417971 0.00234375 -0.04318268
v 0.17417971 0.00234375 -0.04318268
v 0.16769531 0.00234375 -0.04572175
v 0.16777341 0.00000000 -0.04591706
v 0.17425781 0.00000000 -0.04337800
v 0.17425781 0.00000000 -0.04337800
v 0.16777341 0.00000000 -0.04591706
v 0.16769531 -0.00226563 -0.04572175
v 0.17417971 -0.00226563 -0.04318268
v 0.17417971 -0.00226563 -0.04318268
v 0.16769531 -0.00226563 -0.04572175
v 0.16746091 -0.00453125 -0.04513581
v 0.17394531 -0.00453125 -0.04259675
v 0.17394531 -0.00453125 -0.04259675
v 0.16746091 -0.00453125 -0.04513581
v 0.16714841 -0.00656250 -0.04415925
v 0.17355471 -0.00656250 -0.04165925
v 0.16542971 -0.01117187 -0.03939362
v 0.17152342 -0.01117187 -0.03701081
v 0.17230471 -0.00992188 -0.03880768
v 0.16613281 -0.00992188 -0.04122956
v 0.16105471 -0.00992188 -0.02704988
v 0.16644531 -0.00992188 -0.02494050
v 0.16722660 -0.01117187 -0.02673738
v 0.16105471 -0.00992188 -0.02704988
v 0.16722660 -0.01117187 -0.02673738
v 0.16167971 -0.01117187 -0.02888581
v 0.15964841 -0.00453125 -0.02318269
v 0.16488281 -0.00453125 -0.02115144
v 0.16527341 -0.00656250 -0.02208894
v 0.15996091 -0.00656250 -0.02415925
v 0.15792971 0.01250000 -0.03720612
v 0.16316410 0.01250000 -0.03306550
v 0.15972660 0.01000000 -0.04329987
v 0.16613281 0.01000000 -0.04122956
v 0.16542971 0.01117187 -0.03939362
v 0.15917971 0.01117187 -0.04142487
v 0.16777341 0.00000000 -0.04591706
v 0.16777341 0.00000000 -0.04591706
v 0.16113280 0.00000000 -0.04806550
v 0.16105471 -0.00226563 -0.04787018
v 0.16769531 -0.00226563 -0.04572175
v 0.16769531 -0.00226563 -0.04572175
v 0.16105471 -0.00226563 -0.04787018
v 0.16089841 -0.00453125 -0.04728425
v 0.16769531 -0.00226563 -0.04572175
v 0.16089841 -0.00453125 -0.04728425
v 0.16746091 -0.00453125 -0.04513581
v 0.16746091 -0.00453125 -0.04513581
v 0.16089841 -0.00453125 -0.04728425
v 0.16058591 -0.00656250 -0.04626862
v 0.16746091 -0.00453125 -0.04513581
v 0.16058591 -0.00656250 -0.04626862
v 0.16714841 -0.00656250 -0.04415925
v 0.15917971 -0.01117187 -0.04142487
v 0.16542971 -0.01117187 -0.03939362
v 0.16613281 -0.00992188 -0.04122956
v 0.15972660 -0.00992188 -0.04329987
v 0.15550780 -0.00992188 -0.02884675
v 0.16105471 -0.00992188 -0.02704988
v 0.16167971 -0.01117187 -0.02888581
v 0.15550780 -0.00992188 -0.02884675
v 0.16167971 -0.01117187 -0.02888581
v 0.15605471 -0.01117187 -0.03072175
v 0.15433591 -0.00453125 -0.02490144
v 0.15964841 -0.00453125 -0.02318269
v 0.15996091 -0.00656250 -0.02415925
v 0.15464841 -0.00656250 -0.02587800
v 0.15332030 0.01000000 -0.04501862
v 0.15972660 0.01000000 -0.04329987
v 0.15917971 0.01117187 -0.04142487
v 0.15332030 0.01000000 -0.04501862
v 0.15917971 0.01117187 -0.04142487
v 0.15285160 0.01117187 -0.04310456
v 0.16113280 0.00000000 -0.04806550
v 0.15433591 -0.00226563 -0.04962800
v 0.16105471 -0.00226563 -0.04787018
v 0.16105471 -0.00226563 -0.04787018
v 0.15433591 -0.00226563 -0.04962800
v 0.15425780 -0.00453125 -0.04904206
v 0.16105471 -0.00226563 -0.04787018
v 0.15425780 -0.00453125 -0.04904206
v 0.16089841 -0.00453125 -0.04728425
v 0.16089841 -0.00453125 -0.04728425
v 0.15425780 -0.00453125 -0.04904206
v 0.15402341 -0.00656250 -0.04802643
v 0.16058591 -0.00656250 -0.04626862
v 0.15285160 -0.01117187 -0.04310456
v 0.15917971 -0.01117187 -0.04142487
v 0.15972660 -0.00992188 -0.04329987
v 0.15332030 -0.00992188 -0.04501862
v 0.14988280 -0.00992188 -0.03033113
v 0.15550780 -0.00992188 -0.02884675
v 0.15605471 -0.01117187 -0.03072175
v 0.15035160 -0.01117187 -0.03224518
v 0.14894530 -0.00453125 -0.02630769
v 0.15433591 -0.00453125 -0.02490144
v 0.15464841 -0.00656250 -0.02587800
v 0.14894530 -0.00453125 -0.02630769
v 0.15464841 -0.00656250 -0.02587800
v 0.14917971 -0.00656250 -0.02732331
v 0.14675780 0.01000000 -0.04634675
v 0.15332030 0.01000000 -0.04501862
v 0.15285160 0.01117187 -0.04310456
v 0.14644530 0.01117187 -0.04439362
v 0.14730471 -0.00656250 -0.04939362
v 0.15402341 -0.00656250 -0.04802643
v 0.15425780 -0.00453125 -0.04904206
v 0.14730471 -0.00656250 -0.04939362
v 0.15425780 -0.00453125 -0.04904206
v 0.14746091 -0.00453125 -0.05040925
v 0.14746091 -0.00453125 -0.05040925
v 0.15425780 -0.00453125 -0.04904206
v 0.15433591 -0.00226563 -0.04962800
v 0.14644530 -0.01117187 -0.04439362
v 0.15285160 -0.01117187 -0.04310456
v 0.15332030 -0.00992188 -0.04501862
v 0.14644530 -0.01117187 -0.04439362
v 0.15332030 -0.00992188 -0.04501862
v 0.14675780 -0.00992188 -0.04634675
v 0.14417971 -0.00992188 -0.03150300
v 0.14988280 -0.00992188 -0.03033113
v 0.15035160 -0.01117187 -0.03224518
v 0.14417971 -0.00992188 -0.03150300
v 0.15035160 -0.01117187 -0.03224518
v 0.14449221 -0.01117187 -0.03341706
v 0.14347660 -0.00453125 -0.02744050
v 0.14894530 -0.00453125 -0.02630769
v 0.14917971 -0.00656250 -0.02732331
v 0.14347660 -0.00453125 -0.02744050
v 0.14917971 -0.00656250 -0.02732331
v 0.14363280 -0.00656250 -0.02841706
v 0.14011721 0.01000000 -0.04728425
v 0.14675780 0.01000000 -0.04634675
v 0.14644530 0.01117187 -0.04439362
v 0.14011721 0.01000000 -0.04728425
v 0.14644530 0.01117187 -0.04439362
v 0.13988280 0.01117187 -0.04533112
v 0.14050780 -0.00656250 -0.05037018
v 0.14730471 -0.00656250 -0.04939362
v 0.14746091 -0.00453125 -0.05040925
v 0.13988280 -0.01117187 -0.04533112
v 0.14644530 -0.01117187 -0.04439362
v 0.14675780 -0.00992188 -0.04634675
v 0.13988280 -0.01117187 -0.04533112
v 0.14675780 -0.00992188 -0.04634675
v 0.14011721 -0.00992188 -0.04728425
v 0.13839841 -0.00992188 -0.03232331
v 0.14417971 -0.00992188 -0.03150300
v 0.14449221 -0.01117187 -0.03341706
v 0.13839841 -0.00992188 -0.03232331
v 0.14449221 -0.01117187 -0.03341706
v 0.13863280 -0.01117187 -0.03427643
v 0.13792971 -0.00453125 -0.02822175
v 0.14347660 -0.00453125 -0.02744050
v 0.14363280 -0.00656250 -0.02841706
v 0.13792971 -0.00453125 -0.02822175
v 0.14363280 -0.00656250 -0.02841706
v 0.13808591 -0.00656250 -0.02923738
v 0.13347660 0.01000000 -0.04783112
v 0.14011721 0.01000000 -0.04728425
v 0.13988280 0.01117187 -0.04533112
v 0.13339841 0.01117187 -0.04587800
v 0.13339841 -0.01117187 -0.04587800
v 0.13988280 -0.01117187 -0.04533112
v 0.14011721 -0.00992188 -0.04728425
v 0.13339841 -0.01117187 -0.04587800
v 0.14011721 -0.00992188 -0.04728425
v 0.13347660 -0.00992188 -0.04783112
v 0.13261721 -0.00992188 -0.03279206
v 0.13839841 -0.00992188 -0.03232331
v 0.13863280 -0.01117187 -0.03427643
v 0.13261721 -0.00992188 -0.03279206
v 0.13863280 -0.01117187 -0.03427643
v 0.13277341 -0.01117187 -0.03474518
v 0.13238280 -0.00453125 -0.02869050
v 0.13792971 -0.00453125 -0.02822175
v 0.13808591 -0.00656250 -0.02923738
v 0.13238280 -0.00453125 -0.02869050
v 0.13808591 -0.00656250 -0.02923738
v 0.13246091 -0.00656250 -0.02970613
v 0.12683591 0.01000000 -0.04802643
v 0.13347660 0.01000000 -0.04783112
v 0.13339841 0.01117187 -0.04587800
v 0.12683591 0.01117187 -0.04607331
v 0.12683591 -0.01117187 -0.04607331
v 0.13339841 -0.01117187 -0.04587800
v 0.13347660 -0.00992188 -0.04783112
v 0.12683591 -0.00992188 -0.04802643
v 0.12683591 -0.00992188 -0.03294831
v 0.13261721 -0.00992188 -0.03279206
v 0.13277341 -0.01117187 -0.03474518
v 0.12683591 -0.00992188 -0.03294831
v 0.13277341 -0.01117187 -0.03474518
v 0.12683591 -0.01117187 -0.03494050
v 0.12683591 -0.00453125 -0.02884675
v 0.13238280 -0.00453125 -0.02869050
v 0.13246091 -0.00656250 -0.02970613
v 0.12683591 -0.00453125 -0.02884675
v 0.13246091 -0.00656250 -0.02970613
v 0.12683591 -0.00656250 -0.02986238
v 0.12011721 0.01000000 -0.04783112
v 0.12683591 0.01000000 -0.04802643
v 0.12683591 0.01117187 -0.04607331
v 0.12011721 0.01000000 -0.04783112
v 0.12683591 0.01117187 -0.04607331
v 0.12027341 0.01117187 -0.04587800
v 0.12027341 -0.01117187 -0.04587800
v 0.12683591 -0.01117187 -0.04607331
v 0.12683591 -0.00992188 -0.04802643
v 0.12011721 -0.00992188 -0.04783112
v 0.12097661 -0.00992188 -0.03279206
v 0.12683591 -0.00992188 -0.03294831
v 0.12683591 -0.01117187 -0.03494050
v 0.12097661 -0.00992188 -0.03279206
v 0.12683591 -0.01117187 -0.03494050
v 0.12089841 -0.01117187 -0.03474518
v 0.12121091 -0.00453125 -0.02869050
v 0.12683591 -0.00453125 -0.02884675
v 0.12683591 -0.00656250 -0.02986238
v 0.12121091 -0.00656250 -0.02970613
v 0.11347661 0.01000000 -0.04724518
v 0.12011721 0.01000000 -0.04783112
v 0.12027341 0.01117187 -0.04587800
v 0.11371090 0.01117187 -0.04529206
v 0.11371090 -0.01117187 -0.04529206
v 0.12027341 -0.01117187 -0.04587800
v 0.12011721 -0.00992188 -0.04783112
v 0.11371090 -0.01117187 -0.04529206
v 0.12011721 -0.00992188 -0.04783112
v 0.11347661 -0.00992188 -0.04724518
v 0.11519530 -0.00992188 -0.03228425
v 0.12097661 -0.00992188 -0.03279206
v 0.12089841 -0.01117187 -0.03474518
v 0.11519530 -0.00992188 -0.03228425
v 0.12089841 -0.01117187 -0.03474518
v 0.11496090 -0.01117187 -0.03423737
v 0.11566411 -0.00453125 -0.02818269
v 0.12121091 -0.00453125 -0.02869050
v 0.12121091 -0.00656250 -0.02970613
v 0.11558590 -0.00656250 -0.02919831
v 0.10683590 0.01000000 -0.04626862
v 0.11347661 0.01000000 -0.04724518
v 0.11371090 0.01117187 -0.04529206
v 0.10722661 0.01117187 -0.04435456
v 0.10722661 -0.01117187 -0.04435456
v 0.11371090 -0.01117187 -0.04529206
v 0.11347661 -0.00992188 -0.04724518
v 0.10683590 -0.00992188 -0.04626862
v 0.10949221 -0.00992188 -0.03142488
v 0.11519530 -0.00992188 -0.03228425
v 0.11496090 -0.01117187 -0.03423737
v 0.10949221 -0.00992188 -0.03142488
v 0.11496090 -0.01117187 -0.03423737
v 0.10910161 -0.01117187 -0.03337800
v 0.11019530 -0.00453125 -0.02736238
v 0.11566411 -0.00453125 -0.02818269
v 0.11558590 -0.00656250 -0.02919831
v 0.11019530 -0.00453125 -0.02736238
v 0.11558590 -0.00656250 -0.02919831
v 0.10996090 -0.00656250 -0.02837800
v 0.10035161 0.01000000 -0.04494050
v 0.10683590 0.01000000 -0.04626862
v 0.10722661 0.01117187 -0.04435456
v 0.10074221 0.01117187 -0.04302643
v 0.10074221 -0.01117187 -0.04302643
v 0.10722661 -0.01117187 -0.04435456
v 0.10683590 -0.00992188 -0.04626862
v 0.10035161 -0.00992188 -0.04494050
v 0.10378911 -0.00992188 -0.03029206
v 0.10949221 -0.00992188 -0.03142488
v 0.10910161 -0.01117187 -0.03337800
v 0.10378911 -0.00992188 -0.03029206
v 0.10910161 -0.01117187 -0.03337800
v 0.10332030 -0.01117187 -0.03216706
v 0.10472661 -0.00453125 -0.02626863
v 0.11019530 -0.00453125 -0.02736238
v 0.10996090 -0.00656250 -0.02837800
v 0.10472661 -0.00453125 -0.02626863
v 0.10996090 -0.00656250 -0.02837800
v 0.10449221 -0.00656250 -0.02724519
v 0.09386719 0.01000000 -0.04322175
v 0.10035161 0.01000000 -0.04494050
v 0.10074221 0.01117187 -0.04302643
v 0.09441407 0.01117187 -0.04134675
v 0.09441407 -0.01117187 -0.04134675
v 0.10074221 -0.01117187 -0.04302643
v 0.10035161 -0.00992188 -0.04494050
v 0.09386719 -0.00992188 -0.04322175
v 0.09816407 -0.00992188 -0.02876863
v 0.10378911 -0.00992188 -0.03029206
v 0.10332030 -0.01117187 -0.03216706
v 0.09761719 -0.01117187 -0.03064363
v 0.09933594 -0.00453125 -0.02482331
v 0.10472661 -0.00453125 -0.02626863
v 0.10449221 -0.00656250 -0.02724519
v 0.09933594 -0.00453125 -0.02482331
v 0.10449221 -0.00656250 -0.02724519
v 0.09902344 -0.00656250 -0.02579988
v 0.08753907 0.01000000 -0.04115143
v 0.09386719 0.01000000 -0.04322175
v 0.09441407 0.01117187 -0.04134675
v 0.08816407 0.01117187 -0.03931550
v 0.08816407 -0.01117187 -0.03931550
v 0.09441407 -0.01117187 -0.04134675
v 0.09386719 -0.00992188 -0.04322175
v 0.08753907 -0.00992188 -0.04115143
v 0.09261719 -0.00992188 -0.02697175
v 0.09816407 -0.00992188 -0.02876863
v 0.09761719 -0.01117187 -0.03064363
v 0.09261719 -0.00992188 -0.02697175
v 0.09761719 -0.01117187 -0.03064363
v 0.09199219 -0.01117187 -0.02880769
v 0.09402344 -0.00453125 -0.02310456
v 0.09933594 -0.00453125 -0.02482331
v 0.09902344 -0.00656250 -0.02579988
v 0.09402344 -0.00453125 -0.02310456
v 0.09902344 -0.00656250 -0.02579988
v 0.09363282 -0.00656250 -0.02404206
v 0.08753907 0.01000000 -0.04115143
v -0.03089844 0.07601564 0.01498137
v -0.03238281 0.07601564 0.01138762
v -0.03339844 0.07601564 0.00767669
v -0.03410156 0.07601564 0.00384856
v -0.03425781 0.07601564 -0.00001862
v 0.12402341 0.07601564 -0.01837800
v -0.03410156 0.07601564 -0.00388581
v -0.03339844 0.07601564 -0.00767488
v -0.03238281 0.07601564 -0.01142488
v -0.03089844 0.07601564 -0.01497956
v -0.02902344 0.07601564 -0.01837800
v -0.02910156 0.07601564 -0.01849519
v -0.02910156 0.07601564 -0.01849519
v 0.12402341 0.07601564 -0.01837800
v -0.03066406 0.07593750 -0.02142488
v -0.03066406 0.07593750 -0.02142488
v 0.12402341 0.07601564 -0.01837800
v 0.03253906 0.07578125 -0.02298738
v -0.03066406 0.07593750 -0.02142488
v 0.03253906 0.07578125 -0.02298738
v -0.03222656 0.07562500 -0.02435456
v -0.03222656 0.07562500 -0.02435456
v 0.03253906 0.07578125 -0.02298738
v 0.03253906 0.07515625 -0.02755769
v -0.03222656 0.07562500 -0.02435456
v 0.03253906 0.07515625 -0.02755769
v -0.03363281 0.07523439 -0.02728425
v -0.03363281 0.07523439 -0.02728425
v 0.03253906 0.07515625 -0.02755769
v -0.03503906 0.07460939 -0.03025300
v -0.03503906 0.07460939 -0.03025300
v 0.03253906 0.07515625 -0.02755769
v 0.03253906 0.07414064 -0.03204987
v -0.03503906 0.07460939 -0.03025300
v 0.03253906 0.07414064 -0.03204987
v -0.03636719 0.07375000 -0.03318268
v -0.03636719 0.07375000 -0.03318268
v 0.03253906 0.07414064 -0.03204987
v 0.03253906 0.07265625 -0.03646393
v -0.03636719 0.07375000 -0.03318268
v 0.03253906 0.07265625 -0.03646393
v -0.03761719 0.07281250 -0.03607331
v -0.03761719 0.07281250 -0.03607331
v 0.03253906 0.07265625 -0.03646393
v -0.03886719 0.07164064 -0.03892487
v -0.03886719 0.07164064 -0.03892487
v 0.03253906 0.07265625 -0.03646393
v 0.03253906 0.07078125 -0.04068268
v -0.03886719 0.07164064 -0.03892487
v 0.03253906 0.07078125 -0.04068268
v -0.04003906 0.07023439 -0.04173737
v -0.04003906 0.07023439 -0.04173737
v 0.03253906 0.07078125 -0.04068268
v 0.03253906 0.06851564 -0.04470612
v -0.04003906 0.07023439 -0.04173737
v 0.03253906 0.06851564 -0.04470612
v -0.04113281 0.06867189 -0.04443268
v -0.04113281 0.06867189 -0.04443268
v 0.03253906 0.06851564 -0.04470612
v -0.04214844 0.06695314 -0.04708893
v -0.04214844 0.06695314 -0.04708893
v 0.03253906 0.06851564 -0.04470612
v 0.03253906 0.06593750 -0.04853425
v -0.04214844 0.06695314 -0.04708893
v 0.03253906 0.06593750 -0.04853425
v -0.04308594 0.06507814 -0.04958893
v -0.04308594 0.06507814 -0.04958893
v 0.03253906 0.06593750 -0.04853425
v 0.03253906 0.06296875 -0.05208893
v -0.04402344 0.06304687 -0.05201081
v -0.04402344 0.06304687 -0.05201081
v 0.03253906 0.06296875 -0.05208893
v -0.04480469 0.06078125 -0.05431550
v -0.04480469 0.06078125 -0.05431550
v 0.03253906 0.06296875 -0.05208893
v 0.03253906 0.05968750 -0.05533112
v -0.04480469 0.06078125 -0.05431550
v 0.03253906 0.05968750 -0.05533112
v -0.04558594 0.05843750 -0.05646393
v -0.04558594 0.05843750 -0.05646393
v 0.03253906 0.05968750 -0.05533112
v -0.00433594 0.05710937 -0.05751862
v -0.04558594 0.05843750 -0.05646393
v -0.00433594 0.05710937 -0.05751862
v -0.00636719 0.05687500 -0.05775300
v 0.03253906 0.07578125 -0.02298738
v 0.12402341 0.07601564 -0.01837800
v 0.11214840 0.07578125 -0.02298738
v 0.11214840 0.07578125 -0.02298738
v 0.12402341 0.07601564 -0.01837800
v 0.12792971 0.07585939 -0.02232331
v 0.11214840 0.07578125 -0.02298738
v 0.12792971 0.07585939 -0.02232331
v 0.13191410 0.07539064 -0.02622956
v 0.11214840 0.07578125 -0.02298738
v 0.13191410 0.07539064 -0.02622956
v 0.11214840 0.07515625 -0.02755769
v 0.11214840 0.07515625 -0.02755769
v 0.13191410 0.07539064 -0.02622956
v 0.13488280 0.07484375 -0.02908113
v 0.11214840 0.07515625 -0.02755769
v 0.13488280 0.07484375 -0.02908113
v 0.11214840 0.07414064 -0.03204987
v 0.11214840 0.07414064 -0.03204987
v 0.13488280 0.07484375 -0.02908113
v 0.13707030 0.07437500 -0.03107331
v 0.11214840 0.07414064 -0.03204987
v 0.13707030 0.07437500 -0.03107331
v 0.13941410 0.07382814 -0.03310456
v 0.13941410 0.07382814 -0.03310456
v 0.14183591 0.07312500 -0.03517487
v 0.11214840 0.07414064 -0.03204987
v 0.11214840 0.07265625 -0.03646393
v 0.11214840 0.07265625 -0.03646393
v 0.14183591 0.07312500 -0.03517487
v 0.14441410 0.07234375 -0.03728425
v 0.11214840 0.07265625 -0.03646393
v 0.14441410 0.07234375 -0.03728425
v 0.14699221 0.07140625 -0.03939362
v 0.11214840 0.07078125 -0.04068268
v 0.11214840 0.07078125 -0.04068268
v 0.14699221 0.07140625 -0.03939362
v 0.14957030 0.07031250 -0.04154206
v 0.11214840 0.07078125 -0.04068268
v 0.14957030 0.07031250 -0.04154206
v 0.15222660 0.06914064 -0.04365143
v 0.11214840 0.06851564 -0.04470612
v 0.11214840 0.06851564 -0.04470612
v 0.15222660 0.06914064 -0.04365143
v 0.15488280 0.06789064 -0.04572175
v 0.11214840 0.06851564 -0.04470612
v 0.15488280 0.06789064 -0.04572175
v 0.11214840 0.06593750 -0.04853425
v 0.15746091 0.06648439 -0.04779206
v 0.11214840 0.06593750 -0.04853425
v 0.15746091 0.06648439 -0.04779206
v 0.16003910 0.06492189 -0.04978425
v 0.11214840 0.06593750 -0.04853425
v 0.16003910 0.06492189 -0.04978425
v 0.11214840 0.06296875 -0.05208893
v 0.16261721 0.06328125 -0.05173737
v 0.11214840 0.06296875 -0.05208893
v 0.16261721 0.06328125 -0.05173737
v 0.16480471 0.06171875 -0.05337800
v 0.11214840 0.06296875 -0.05208893
v 0.16480471 0.06171875 -0.05337800
v 0.11214840 0.05968750 -0.05533112
v 0.11214840 0.05968750 -0.05533112
v 0.16480471 0.06171875 -0.05337800
v 0.16699221 0.06007812 -0.05497956
v 0.11214840 0.05968750 -0.05533112
v 0.16699221 0.06007812 -0.05497956
v 0.16917971 0.05828125 -0.05654206
v 0.11214840 0.05968750 -0.05533112
v 0.16917971 0.05828125 -0.05654206
v 0.11214840 0.05617187 -0.05829987
v 0.11214840 0.05617187 -0.05829987
v 0.16917971 0.05828125 -0.05654206
v 0.17136721 0.05640625 -0.05810456
v 0.11214840 0.05617187 -0.05829987
v 0.17136721 0.05640625 -0.05810456
v 0.17347660 0.05437500 -0.05954987
v 0.11214840 0.05617187 -0.05829987
v 0.17347660 0.05437500 -0.05954987
v 0.11214840 0.05234375 -0.06087800
v 0.11214840 0.05234375 -0.06087800
v 0.17347660 0.05437500 -0.05954987
v 0.17550781 0.05226562 -0.06095612
v 0.11214840 0.05234375 -0.06087800
v 0.17550781 0.05226562 -0.06095612
v 0.17753910 0.05000000 -0.06224518
v 0.11214840 0.04828125 -0.06314362
v 0.11214840 0.04828125 -0.06314362
v 0.17753910 0.05000000 -0.06224518
v 0.17949221 0.04765625 -0.06345612
v 0.11214840 0.04828125 -0.06314362
v 0.17949221 0.04765625 -0.06345612
v 0.18136721 0.04523437 -0.06454988
v 0.11214840 0.04406250 -0.06501863
v 0.11214840 0.04406250 -0.06501863
v 0.18136721 0.04523437 -0.06454988
v 0.18316410 0.04273437 -0.06552645
v 0.11214840 0.04406250 -0.06501863
v 0.18316410 0.04273437 -0.06552645
v 0.11214840 0.03968750 -0.06646395
v 0.18488281 0.04007812 -0.06638581
v 0.11214840 0.03968750 -0.06646395
v 0.18488281 0.04007812 -0.06638581
v 0.18644531 0.03734375 -0.06708895
v 0.11214840 0.03968750 -0.06646395
v 0.18644531 0.03734375 -0.06708895
v 0.11214840 0.03523437 -0.06751863
v 0.11214840 0.03523437 -0.06751863
v 0.18644531 0.03734375 -0.06708895
v 0.18792971 0.03460937 -0.06763581
v 0.11214840 0.03523437 -0.06751863
v 0.18792971 0.03460937 -0.06763581
v 0.18925781 0.03179688 -0.06806550
v 0.11214840 0.03523437 -0.06751863
v 0.18925781 0.03179688 -0.06806550
v 0.11214840 0.03062500 -0.06818270
v 0.11214840 0.03062500 -0.06818270
v 0.18925781 0.03179688 -0.06806550
v 0.19050781 0.02890625 -0.06829988
v 0.11214840 0.03062500 -0.06818270
v 0.19050781 0.02890625 -0.06829988
v -0.00277344 0.02718750 -0.06837800
v -0.00277344 0.02718750 -0.06837800
v 0.19050781 0.02890625 -0.06829988
v 0.19167971 0.02601563 -0.06837800
v -0.00277344 0.02718750 -0.06837800
v 0.19167971 0.02601563 -0.06837800
v -0.03441406 0.02601563 -0.06837800
v -0.03464844 0.02921875 -0.06829988
v -0.00699219 0.02757813 -0.06837800
v -0.03441406 0.02601563 -0.06837800
v -0.00699219 0.02757813 -0.06837800
v -0.00488281 0.02726563 -0.06837800
v -0.01105469 0.02921875 -0.06829988
v -0.00910156 0.02828125 -0.06833895
v -0.03464844 0.02921875 -0.06829988
v -0.03464844 0.02921875 -0.06829988
v -0.00910156 0.02828125 -0.06833895
v -0.00699219 0.02757813 -0.06837800
v -0.00277344 0.02718750 -0.06837800
v -0.00066406 0.02742188 -0.06837800
v 0.11214840 0.03062500 -0.06818270
v 0.11214840 0.03062500 -0.06818270
v -0.00066406 0.02742188 -0.06837800
v 0.00136719 0.02796875 -0.06833895
v 0.00136719 0.02796875 -0.06833895
v 0.03253906 0.03062500 -0.06818270
v 0.03253906 0.03062500 -0.06818270
v 0.00136719 0.02796875 -0.06833895
v 0.00339844 0.02882813 -0.06829988
v 0.03253906 0.03062500 -0.06818270
v 0.00339844 0.02882813 -0.06829988
v 0.00527344 0.02992188 -0.06822175
v 0.00527344 0.02992188 -0.06822175
v 0.00691406 0.03125000 -0.06810456
v 0.03253906 0.03062500 -0.06818270
v 0.03253906 0.03062500 -0.06818270
v 0.00691406 0.03125000 -0.06810456
v 0.00824219 0.03281250 -0.06790925
v 0.03253906 0.03062500 -0.06818270
v 0.00824219 0.03281250 -0.06790925
v 0.03253906 0.03523437 -0.06751863
v 0.03253906 0.03523437 -0.06751863
v 0.00824219 0.03281250 -0.06790925
v 0.00949219 0.03453125 -0.06763581
v 0.03253906 0.03523437 -0.06751863
v 0.00949219 0.03453125 -0.06763581
v 0.01042969 0.03648437 -0.06728425
v 0.03253906 0.03523437 -0.06751863
v 0.01042969 0.03648437 -0.06728425
v 0.03253906 0.03968750 -0.06646395
v 0.01113281 0.03843750 -0.06681550
v 0.03253906 0.03968750 -0.06646395
v 0.01113281 0.03843750 -0.06681550
v 0.01144531 0.04046875 -0.06622956
v 0.01144531 0.04046875 -0.06622956
v 0.01160156 0.04250000 -0.06560456
v 0.03253906 0.03968750 -0.06646395
v 0.03253906 0.03968750 -0.06646395
v 0.01160156 0.04250000 -0.06560456
v 0.03253906 0.04406250 -0.06501863
v 0.11214840 0.04406250 -0.06501863
v 0.03253906 0.04406250 -0.06501863
v 0.01097656 0.04640625 -0.06404206
v 0.11214840 0.04406250 -0.06501863
v 0.01097656 0.04640625 -0.06404206
v 0.03253906 0.04828125 -0.06314362
v 0.03253906 0.04828125 -0.06314362
v 0.01097656 0.04640625 -0.06404206
v 0.01027344 0.04828125 -0.06314362
v 0.03253906 0.04828125 -0.06314362
v 0.01027344 0.04828125 -0.06314362
v 0.00933594 0.05000000 -0.06224518
v 0.01160156 0.04250000 -0.06560456
v 0.01136719 0.04445312 -0.06486238
v 0.03253906 0.04406250 -0.06501863
v 0.03253906 0.04406250 -0.06501863
v 0.01136719 0.04445312 -0.06486238
v 0.01097656 0.04640625 -0.06404206
v 0.03253906 0.04828125 -0.06314362
v 0.00933594 0.05000000 -0.06224518
v 0.03253906 0.05234375 -0.06087800
v 0.03253906 0.05234375 -0.06087800
v 0.00933594 0.05000000 -0.06224518
v 0.00824219 0.05164062 -0.06134675
v 0.03253906 0.05234375 -0.06087800
v 0.00824219 0.05164062 -0.06134675
v 0.00691406 0.05304687 -0.06048737
v 0.00691406 0.05304687 -0.06048737
v 0.00542969 0.05429687 -0.05962800
v 0.03253906 0.05234375 -0.06087800
v 0.03253906 0.05234375 -0.06087800
v 0.00542969 0.05429687 -0.05962800
v 0.03253906 0.05617187 -0.05829987
v 0.03253906 0.05617187 -0.05829987
v 0.00542969 0.05429687 -0.05962800
v 0.00371094 0.05531250 -0.05888581
v 0.03253906 0.05617187 -0.05829987
v 0.00183594 0.05617187 -0.05826081
v 0.03253906 0.05617187 -0.05829987
v 0.00183594 0.05617187 -0.05826081
v -0.00019531 0.05679687 -0.05779206
v -0.00222656 0.05710937 -0.05755768
v -0.00222656 0.05710937 -0.05755768
v 0.03253906 0.05968750 -0.05533112
v -0.00222656 0.05710937 -0.05755768
v -0.00433594 0.05710937 -0.05751862
v 0.03253906 0.05968750 -0.05533112
v -0.04558594 0.05843750 -0.05646393
v -0.00636719 0.05687500 -0.05775300
v -0.04628906 0.05585937 -0.05849518
v -0.04628906 0.05585937 -0.05849518
v -0.00636719 0.05687500 -0.05775300
v -0.00839844 0.05632812 -0.05814362
v -0.04628906 0.05585937 -0.05849518
v -0.00839844 0.05632812 -0.05814362
v -0.01027344 0.05546875 -0.05876862
v -0.01207031 0.05445312 -0.05951081
v -0.04628906 0.05585937 -0.05849518
v -0.01207031 0.05445312 -0.05951081
v -0.04699219 0.05320312 -0.06033112
v -0.04699219 0.05320312 -0.06033112
v -0.01207031 0.05445312 -0.05951081
v -0.01355469 0.05320312 -0.06033112
v 0.03253906 0.04828125 -0.06314362
v 0.00128906 -0.02601563 -0.06837800
v 0.19167971 -0.02601563 -0.06837800
v 0.00277344 -0.02664063 -0.06837800
v 0.00425781 -0.02742188 -0.06837800
v 0.00425781 -0.02742188 -0.06837800
v 0.19167971 -0.02601563 -0.06837800
v 0.00558594 -0.02835938 -0.06833895
v 0.00558594 -0.02835938 -0.06833895
v 0.19167971 -0.02601563 -0.06837800
v 0.11222661 -0.03062500 -0.06818270
v 0.00558594 -0.02835938 -0.06833895
v 0.11222661 -0.03062500 -0.06818270
v 0.00683594 -0.02937500 -0.06826081
v 0.00683594 -0.02937500 -0.06826081
v 0.11222661 -0.03062500 -0.06818270
v 0.03277344 -0.03062500 -0.06818270
v 0.00683594 -0.02937500 -0.06826081
v 0.03277344 -0.03062500 -0.06818270
v 0.00792969 -0.03054688 -0.06818270
v 0.00792969 -0.03054688 -0.06818270
v 0.03277344 -0.03062500 -0.06818270
v 0.00886719 -0.03187500 -0.06802645
v 0.00886719 -0.03187500 -0.06802645
v 0.03277344 -0.03062500 -0.06818270
v 0.00972656 -0.03328125 -0.06787020
v 0.00972656 -0.03328125 -0.06787020
v 0.03277344 -0.03062500 -0.06818270
v 0.03277344 -0.03515625 -0.06751863
v 0.00972656 -0.03328125 -0.06787020
v 0.03277344 -0.03515625 -0.06751863
v 0.01042969 -0.03476562 -0.06759675
v 0.01042969 -0.03476562 -0.06759675
v 0.03277344 -0.03515625 -0.06751863
v 0.01089844 -0.03632812 -0.06728425
v 0.01089844 -0.03632812 -0.06728425
v 0.03277344 -0.03515625 -0.06751863
v 0.01121094 -0.03789062 -0.06693270
v 0.01121094 -0.03789062 -0.06693270
v 0.03277344 -0.03515625 -0.06751863
v 0.03277344 -0.03968750 -0.06646395
v 0.01121094 -0.03789062 -0.06693270
v 0.03277344 -0.03968750 -0.06646395
v 0.01144531 -0.03945312 -0.06654206
v 0.01144531 -0.03945312 -0.06654206
v 0.03277344 -0.03968750 -0.06646395
v 0.01136719 -0.04093750 -0.06607331
v 0.01136719 -0.04093750 -0.06607331
v 0.03277344 -0.03968750 -0.06646395
v 0.01121094 -0.04250000 -0.06556550
v 0.01121094 -0.04250000 -0.06556550
v 0.03277344 -0.03968750 -0.06646395
v 0.03277344 -0.04398437 -0.06501863
v 0.01121094 -0.04250000 -0.06556550
v 0.03277344 -0.04398437 -0.06501863
v 0.01089844 -0.04398437 -0.06501863
v 0.01089844 -0.04398437 -0.06501863
v 0.03277344 -0.04398437 -0.06501863
v 0.01042969 -0.04546875 -0.06443270
v 0.01042969 -0.04546875 -0.06443270
v 0.03277344 -0.04398437 -0.06501863
v 0.03277344 -0.04828125 -0.06314362
v 0.01042969 -0.04546875 -0.06443270
v 0.03277344 -0.04828125 -0.06314362
v 0.00980469 -0.04695312 -0.06380768
v 0.00980469 -0.04695312 -0.06380768
v 0.03277344 -0.04828125 -0.06314362
v 0.00910156 -0.04828125 -0.06314362
v 0.00816406 -0.04953125 -0.06251862
v 0.00816406 -0.04953125 -0.06251862
v 0.03277344 -0.04828125 -0.06314362
v 0.00722656 -0.05062500 -0.06189362
v 0.00722656 -0.05062500 -0.06189362
v 0.03277344 -0.04828125 -0.06314362
v 0.03277344 -0.05226562 -0.06087800
v 0.03277344 -0.05226562 -0.06087800
v 0.00613281 -0.05164062 -0.06130768
v 0.00613281 -0.05164062 -0.06130768
v 0.03277344 -0.05226562 -0.06087800
v 0.00488281 -0.05257812 -0.06072175
v 0.00488281 -0.05257812 -0.06072175
v 0.03277344 -0.05226562 -0.06087800
v 0.00355469 -0.05335937 -0.06021393
v 0.00355469 -0.05335937 -0.06021393
v 0.03277344 -0.05226562 -0.06087800
v 0.00214844 -0.05406250 -0.05974518
v 0.03277344 -0.05609375 -0.05829987
v 0.00214844 -0.05406250 -0.05974518
v 0.03277344 -0.05609375 -0.05829987
v 0.00058594 -0.05460937 -0.05939362
v 0.00058594 -0.05460937 -0.05939362
v 0.03277344 -0.05609375 -0.05829987
v -0.00097656 -0.05492187 -0.05912018
v -0.00097656 -0.05492187 -0.05912018
v 0.03277344 -0.05609375 -0.05829987
v -0.00261719 -0.05515625 -0.05900300
v -0.00261719 -0.05515625 -0.05900300
v 0.03277344 -0.05609375 -0.05829987
v -0.00417969 -0.05515625 -0.05896393
v -0.00417969 -0.05515625 -0.05896393
v 0.03277344 -0.05609375 -0.05829987
v -0.04574219 -0.05648437 -0.05802643
v -0.00417969 -0.05515625 -0.05896393
v -0.04574219 -0.05648437 -0.05802643
v -0.00574219 -0.05500000 -0.05908112
v -0.00574219 -0.05500000 -0.05908112
v -0.04574219 -0.05648437 -0.05802643
v -0.00730469 -0.05468750 -0.05931550
v -0.00730469 -0.05468750 -0.05931550
v -0.04574219 -0.05648437 -0.05802643
v -0.04660156 -0.05281250 -0.06060456
v -0.00730469 -0.05468750 -0.05931550
v -0.04660156 -0.05281250 -0.06060456
v -0.00886719 -0.05421875 -0.05966706
v -0.00886719 -0.05421875 -0.05966706
v -0.01035156 -0.05359375 -0.06009675
v -0.01035156 -0.05359375 -0.06009675
v -0.04660156 -0.05281250 -0.06060456
v -0.01167969 -0.05281250 -0.06060456
v 0.19167971 -0.02601563 -0.06837800
v 0.19050781 -0.02890625 -0.06829988
v 0.11222661 -0.03062500 -0.06818270
v 0.19050781 -0.02890625 -0.06829988
v 0.18925781 -0.03171875 -0.06806550
v 0.11222661 -0.03062500 -0.06818270
v 0.18925781 -0.03171875 -0.06806550
v 0.11222661 -0.03515625 -0.06751863
v 0.18792971 -0.03460937 -0.06763581
v 0.11222661 -0.03515625 -0.06751863
v 0.18792971 -0.03460937 -0.06763581
v 0.18644531 -0.03734375 -0.06708895
v 0.11222661 -0.03515625 -0.06751863
v 0.18644531 -0.03734375 -0.06708895
v 0.11222661 -0.03968750 -0.06646395
v 0.11222661 -0.03968750 -0.06646395
v 0.18644531 -0.03734375 -0.06708895
v 0.18488281 -0.04007812 -0.06638581
v 0.11222661 -0.03968750 -0.06646395
v 0.18488281 -0.04007812 -0.06638581
v 0.18316410 -0.04265625 -0.06552645
v 0.11222661 -0.03968750 -0.06646395
v 0.18316410 -0.04265625 -0.06552645
v 0.11222661 -0.04406250 -0.06501863
v 0.11222661 -0.04406250 -0.06501863
v 0.18316410 -0.04265625 -0.06552645
v 0.18136721 -0.04523437 -0.06454988
v 0.11222661 -0.04406250 -0.06501863
v 0.18136721 -0.04523437 -0.06454988
v 0.11222661 -0.04828125 -0.06314362
v 0.17949221 -0.04765625 -0.06345612
v 0.11222661 -0.04828125 -0.06314362
v 0.17949221 -0.04765625 -0.06345612
v 0.17753910 -0.05000000 -0.06224518
v 0.11222661 -0.04828125 -0.06314362
v 0.17753910 -0.05000000 -0.06224518
v 0.11222661 -0.05226562 -0.06087800
v 0.17550781 -0.05226562 -0.06095612
v 0.11222661 -0.05226562 -0.06087800
v 0.17550781 -0.05226562 -0.06095612
v 0.17347660 -0.05437500 -0.05954987
v 0.11222661 -0.05226562 -0.06087800
v 0.17347660 -0.05437500 -0.05954987
v 0.11222661 -0.05609375 -0.05829987
v 0.11222661 -0.05609375 -0.05829987
v 0.17347660 -0.05437500 -0.05954987
v 0.17136721 -0.05640625 -0.05810456
v 0.11222661 -0.05609375 -0.05829987
v 0.17136721 -0.05640625 -0.05810456
v 0.16917971 -0.05828125 -0.05654206
v 0.11222661 -0.05968750 -0.05533112
v 0.11222661 -0.05968750 -0.05533112
v 0.16917971 -0.05828125 -0.05654206
v 0.16699221 -0.06007812 -0.05497956
v 0.11222661 -0.05968750 -0.05533112
v 0.16699221 -0.06007812 -0.05497956
v 0.16480471 -0.06171875 -0.05337800
v 0.11222661 -0.05968750 -0.05533112
v 0.16480471 -0.06171875 -0.05337800
v 0.11222661 -0.06296875 -0.05208893
v 0.11222661 -0.06296875 -0.05208893
v 0.16480471 -0.06171875 -0.05337800
v 0.16261721 -0.06320312 -0.05173737
v 0.11222661 -0.06296875 -0.05208893
v 0.16261721 -0.06320312 -0.05173737
v 0.16003910 -0.06484375 -0.04978425
v 0.11222661 -0.06296875 -0.05208893
v 0.16003910 -0.06484375 -0.04978425
v 0.11222661 -0.06585939 -0.04853425
v 0.11222661 -0.06585939 -0.04853425
v 0.16003910 -0.06484375 -0.04978425
v 0.15746091 -0.06640625 -0.04779206
v 0.11222661 -0.06585939 -0.04853425
v 0.15746091 -0.06640625 -0.04779206
v 0.15488280 -0.06781250 -0.04572175
v 0.11222661 -0.06585939 -0.04853425
v 0.15488280 -0.06781250 -0.04572175
v 0.11222661 -0.06851564 -0.04470612
v 0.11222661 -0.06851564 -0.04470612
v 0.15488280 -0.06781250 -0.04572175
v 0.15222660 -0.06914064 -0.04365143
v 0.11222661 -0.06851564 -0.04470612
v 0.15222660 -0.06914064 -0.04365143
v 0.14957030 -0.07031250 -0.04154206
v 0.11222661 -0.06851564 -0.04470612
v 0.14957030 -0.07031250 -0.04154206
v 0.11222661 -0.07070314 -0.04068268
v 0.11222661 -0.07070314 -0.04068268
v 0.14957030 -0.07031250 -0.04154206
v 0.14699221 -0.07132814 -0.03939362
v 0.11222661 -0.07070314 -0.04068268
v 0.14699221 -0.07132814 -0.03939362
v 0.11222661 -0.07257814 -0.03646393
v 0.14441410 -0.07226564 -0.03728425
v 0.11222661 -0.07257814 -0.03646393
v 0.14441410 -0.07226564 -0.03728425
v 0.14183591 -0.07304689 -0.03517487
v 0.14183591 -0.07304689 -0.03517487
v 0.13941410 -0.07375000 -0.03310456
v 0.11222661 -0.07257814 -0.03646393
v 0.11222661 -0.07406250 -0.03204987
v 0.03277344 -0.07406250 -0.03204987
v 0.03277344 -0.07406250 -0.03204987
v 0.11222661 -0.07406250 -0.03204987
v 0.03277344 -0.07515625 -0.02755769
v -0.03355469 -0.07507814 -0.02787019
v -0.03355469 -0.07507814 -0.02787019
v 0.03277344 -0.07515625 -0.02755769
v -0.03246094 -0.07546875 -0.02544831
v -0.03246094 -0.07546875 -0.02544831
v 0.03277344 -0.07515625 -0.02755769
v 0.03277344 -0.07578125 -0.02298738
v -0.03246094 -0.07546875 -0.02544831
v 0.03277344 -0.07578125 -0.02298738
v -0.03121094 -0.07578125 -0.02306550
v -0.03121094 -0.07578125 -0.02306550
v 0.03277344 -0.07578125 -0.02298738
v -0.02871094 -0.07601564 -0.01837800
v -0.02871094 -0.07601564 -0.01837800
v 0.03277344 -0.07578125 -0.02298738
v 0.12792971 -0.07585939 -0.02232331
v -0.02871094 -0.07601564 -0.01837800
v 0.12792971 -0.07585939 -0.02232331
v 0.12402341 -0.07601564 -0.01837800
v 0.13941410 -0.07375000 -0.03310456
v 0.13707030 -0.07437500 -0.03107331
v 0.11222661 -0.07406250 -0.03204987
v 0.11222661 -0.07406250 -0.03204987
v 0.13707030 -0.07437500 -0.03107331
v 0.13488280 -0.07484375 -0.02908113
v 0.13488280 -0.07484375 -0.02908113
v 0.11222661 -0.07515625 -0.02755769
v 0.11222661 -0.07515625 -0.02755769
v 0.13488280 -0.07484375 -0.02908113
v 0.13191410 -0.07539064 -0.02622956
v 0.11222661 -0.07515625 -0.02755769
v 0.13191410 -0.07539064 -0.02622956
v 0.11222661 -0.07578125 -0.02298738
v 0.11222661 -0.07578125 -0.02298738
v 0.13191410 -0.07539064 -0.02622956
v 0.12792971 -0.07585939 -0.02232331
v 0.03277344 -0.07578125 -0.02298738
v -0.03535156 -0.07414064 -0.03169831
v 0.03277344 -0.07406250 -0.03204987
v -0.03535156 -0.07414064 -0.03169831
v -0.03707031 -0.07296875 -0.03548737
v -0.03707031 -0.07296875 -0.03548737
v 0.03277344 -0.07257814 -0.03646393
v 0.03277344 -0.07257814 -0.03646393
v -0.03707031 -0.07296875 -0.03548737
v -0.03824219 -0.07179689 -0.03829987
v 0.03277344 -0.07257814 -0.03646393
v -0.03824219 -0.07179689 -0.03829987
v 0.03277344 -0.07070314 -0.04068268
v -0.03933594 -0.07054689 -0.04107331
v 0.03277344 -0.07070314 -0.04068268
v -0.03933594 -0.07054689 -0.04107331
v 0.03277344 -0.06851564 -0.04470612
v 0.03277344 -0.06851564 -0.04470612
v -0.03933594 -0.07054689 -0.04107331
v -0.04082031 -0.06851564 -0.04462800
v 0.03277344 -0.06851564 -0.04470612
v -0.04082031 -0.06851564 -0.04462800
v -0.04207031 -0.06625000 -0.04806550
v 0.03277344 -0.06851564 -0.04470612
v -0.04207031 -0.06625000 -0.04806550
v 0.03277344 -0.06585939 -0.04853425
v 0.03277344 -0.06585939 -0.04853425
v -0.04207031 -0.06625000 -0.04806550
v -0.04285156 -0.06476564 -0.04994050
v 0.03277344 -0.06585939 -0.04853425
v -0.04285156 -0.06476564 -0.04994050
v 0.03277344 -0.06296875 -0.05208893
v 0.03277344 -0.06296875 -0.05208893
v -0.04285156 -0.06476564 -0.04994050
v -0.04347656 -0.06320312 -0.05173737
v 0.03277344 -0.06296875 -0.05208893
v -0.04347656 -0.06320312 -0.05173737
v -0.04410156 -0.06164062 -0.05345612
v 0.03277344 -0.06296875 -0.05208893
v -0.04410156 -0.06164062 -0.05345612
v 0.03277344 -0.05968750 -0.05533112
v 0.03277344 -0.05968750 -0.05533112
v -0.04410156 -0.06164062 -0.05345612
v -0.04472656 -0.05992187 -0.05513581
v 0.03277344 -0.05968750 -0.05533112
v -0.04472656 -0.05992187 -0.05513581
v -0.04574219 -0.05648437 -0.05802643
v 0.03277344 -0.05609375 -0.05829987
v 0.11222661 -0.04406250 -0.06501863
v 0.03277344 -0.04398437 -0.06501863
v 0.03277344 -0.04828125 -0.06314362
v 0.13191410 0.07539064 0.01837981
v 0.12925780 0.07578125 0.01837981
v 0.13183591 0.07515625 0.02298919
v 0.13183591 0.07515625 0.02298919
v 0.12925780 0.07578125 0.01837981
v 0.12792971 0.07562500 0.02298919
v 0.13183591 0.07515625 0.02298919
v 0.12792971 0.07562500 0.02298919
v 0.13175780 0.07453125 0.02755950
v 0.13175780 0.07453125 0.02755950
v 0.12792971 0.07562500 0.02298919
v 0.12792971 0.07500000 0.02755950
v 0.13175780 0.07453125 0.02755950
v 0.12792971 0.07500000 0.02755950
v 0.13160160 0.07351564 0.03205169
v 0.12785161 0.07398439 0.03205169
v 0.13160160 0.07351564 0.03205169
v 0.12785161 0.07398439 0.03205169
v 0.13136721 0.07203125 0.03642669
v 0.12769530 0.07250000 0.03642669
v 0.13136721 0.07203125 0.03642669
v 0.12769530 0.07250000 0.03642669
v 0.13105471 0.07023439 0.04064544
v 0.13105471 0.07023439 0.04064544
v 0.12769530 0.07250000 0.03642669
v 0.12753911 0.07062500 0.04064544
v 0.13105471 0.07023439 0.04064544
v 0.12753911 0.07062500 0.04064544
v 0.13066410 0.06796875 0.04466888
v 0.13066410 0.06796875 0.04466888
v 0.12753911 0.07062500 0.04064544
v 0.12738280 0.06835939 0.04470794
v 0.13066410 0.06796875 0.04466888
v 0.12738280 0.06835939 0.04470794
v 0.13027341 0.06539064 0.04849700
v 0.12714841 0.06578125 0.04849700
v 0.13027341 0.06539064 0.04849700
v 0.12714841 0.06578125 0.04849700
v 0.12980471 0.06250000 0.05205169
v 0.12980471 0.06250000 0.05205169
v 0.12714841 0.06578125 0.04849700
v 0.12691411 0.06289062 0.05205169
v 0.12980471 0.06250000 0.05205169
v 0.12691411 0.06289062 0.05205169
v 0.12933591 0.05929687 0.05533294
v 0.12933591 0.05929687 0.05533294
v 0.12691411 0.06289062 0.05205169
v 0.12667971 0.05960937 0.05533294
v 0.12933591 0.05929687 0.05533294
v 0.12667971 0.05960937 0.05533294
v 0.12878910 0.05578125 0.05826263
v 0.12878910 0.05578125 0.05826263
v 0.12667971 0.05960937 0.05533294
v 0.12636721 0.05609375 0.05826263
v 0.12878910 0.05578125 0.05826263
v 0.12636721 0.05609375 0.05826263
v 0.12816410 0.05203125 0.06087981
v 0.12816410 0.05203125 0.06087981
v 0.12636721 0.05609375 0.05826263
v 0.12613280 0.05226562 0.06087981
v 0.12816410 0.05203125 0.06087981
v 0.12613280 0.05226562 0.06087981
v 0.12753911 0.04804687 0.06310638
v 0.12753911 0.04804687 0.06310638
v 0.12613280 0.05226562 0.06087981
v 0.12582030 0.04820312 0.06310638
v 0.12753911 0.04804687 0.06310638
v 0.12582030 0.04820312 0.06310638
v 0.12683591 0.04382812 0.06498138
v 0.12683591 0.04382812 0.06498138
v 0.12582030 0.04820312 0.06310638
v 0.12542971 0.04406250 0.06498138
v 0.12683591 0.04382812 0.06498138
v 0.12542971 0.04406250 0.06498138
v 0.12621091 0.03953125 0.06646575
v 0.12511721 0.03968750 0.06646575
v 0.12621091 0.03953125 0.06646575
v 0.12511721 0.03968750 0.06646575
v 0.12550780 0.03507812 0.06752044
v 0.12550780 0.03507812 0.06752044
v 0.12511721 0.03968750 0.06646575
v 0.12472661 0.03515625 0.06752044
v 0.12550780 0.03507812 0.06752044
v 0.12472661 0.03515625 0.06752044
v 0.12472661 0.03054688 0.06814544
v 0.12472661 0.03054688 0.06814544
v 0.12472661 0.03515625 0.06752044
v 0.12441411 0.03062500 0.06814544
v 0.12472661 0.03054688 0.06814544
v 0.12441411 0.03062500 0.06814544
v 0.12402341 0.02601563 0.06837983
v 0.12441411 0.03062500 0.06814544
v 0.12402341 0.03062500 0.06814544
v 0.12441411 0.03062500 0.06814544
v 0.12472661 0.03515625 0.06752044
v 0.12402341 0.03062500 0.06814544
v 0.12402341 0.03523437 0.06752044
v 0.12402341 0.03523437 0.06752044
v 0.12511721 0.03968750 0.06646575
v 0.12511721 0.03968750 0.06646575
v 0.12542971 0.04406250 0.06498138
v 0.12542971 0.04406250 0.06498138
v 0.12582030 0.04820312 0.06310638
v 0.12402341 0.04406250 0.06498138
v 0.12582030 0.04820312 0.06310638
v 0.12402341 0.04828125 0.06310638
v 0.12402341 0.04828125 0.06310638
v 0.12582030 0.04820312 0.06310638
v 0.12613280 0.05226562 0.06087981
v 0.12402341 0.05234375 0.06087981
v 0.12402341 0.05234375 0.06087981
v 0.12613280 0.05226562 0.06087981
v 0.12636721 0.05609375 0.05826263
v 0.12402341 0.05617187 0.05826263
v 0.12402341 0.05617187 0.05826263
v 0.12636721 0.05609375 0.05826263
v 0.12667971 0.05960937 0.05533294
v 0.12402341 0.05968750 0.05533294
v 0.12402341 0.05968750 0.05533294
v 0.12667971 0.05960937 0.05533294
v 0.12691411 0.06289062 0.05205169
v 0.12402341 0.06296875 0.05205169
v 0.12402341 0.06296875 0.05205169
v 0.12691411 0.06289062 0.05205169
v 0.12714841 0.06578125 0.04849700
v 0.12402341 0.06296875 0.05205169
v 0.12714841 0.06578125 0.04849700
v 0.12402341 0.06593750 0.04849700
v 0.12402341 0.06593750 0.04849700
v 0.12714841 0.06578125 0.04849700
v 0.12738280 0.06835939 0.04470794
v 0.12402341 0.06593750 0.04849700
v 0.12738280 0.06835939 0.04470794
v 0.12402341 0.06851564 0.04466888
v 0.12402341 0.06851564 0.04466888
v 0.12738280 0.06835939 0.04470794
v 0.12753911 0.07062500 0.04064544
v 0.12402341 0.06851564 0.04466888
v 0.12753911 0.07062500 0.04064544
v 0.12402341 0.07078125 0.04064544
v 0.12402341 0.07078125 0.04064544
v 0.12753911 0.07062500 0.04064544
v 0.12769530 0.07250000 0.03642669
v 0.12402341 0.07265625 0.03642669
v 0.12402341 0.07265625 0.03642669
v 0.12769530 0.07250000 0.03642669
v 0.12785161 0.07398439 0.03205169
v 0.12402341 0.07414064 0.03205169
v 0.12402341 0.07414064 0.03205169
v 0.12785161 0.07398439 0.03205169
v 0.12792971 0.07500000 0.02755950
v 0.12402341 0.07515625 0.02755950
v 0.12402341 0.07515625 0.02755950
v 0.12792971 0.07500000 0.02755950
v 0.12792971 0.07562500 0.02298919
v 0.12402341 0.07578125 0.02298919
v 0.12402341 0.07578125 0.02298919
v 0.12792971 0.07562500 0.02298919
v 0.12667971 0.07593750 0.01837981
v 0.12402341 0.07578125 0.02298919
v 0.12667971 0.07593750 0.01837981
v 0.12402341 0.07601564 0.01837981
v 0.12925780 0.07578125 0.01837981
v 0.12667971 0.07593750 0.01837981
v 0.12792971 0.07562500 0.02298919
v 0.12402341 -0.07601564 0.01837981
v 0.12667971 -0.07593750 0.01837981
v 0.12402341 -0.07578125 0.02298919
v 0.12402341 -0.07578125 0.02298919
v 0.12667971 -0.07593750 0.01837981
v 0.12792971 -0.07562500 0.02298919
v 0.12402341 -0.07578125 0.02298919
v 0.12792971 -0.07562500 0.02298919
v 0.12402341 -0.07515625 0.02755950
v 0.12792971 -0.07500000 0.02755950
v 0.12402341 -0.07515625 0.02755950
v 0.12792971 -0.07500000 0.02755950
v 0.12402341 -0.07406250 0.03205169
v 0.12785161 -0.07390625 0.03205169
v 0.12402341 -0.07406250 0.03205169
v 0.12785161 -0.07390625 0.03205169
v 0.12402341 -0.07257814 0.03642669
v 0.12769530 -0.07242189 0.03642669
v 0.12402341 -0.07257814 0.03642669
v 0.12769530 -0.07242189 0.03642669
v 0.12402341 -0.07070314 0.04064544
v 0.12402341 -0.07070314 0.04064544
v 0.12769530 -0.07242189 0.03642669
v 0.12753911 -0.07062500 0.04064544
v 0.12402341 -0.07070314 0.04064544
v 0.12753911 -0.07062500 0.04064544
v 0.12402341 -0.06851564 0.04466888
v 0.12402341 -0.06851564 0.04466888
v 0.12753911 -0.07062500 0.04064544
v 0.12738280 -0.06835939 0.04470794
v 0.12402341 -0.06851564 0.04466888
v 0.12738280 -0.06835939 0.04470794
v 0.12402341 -0.06585939 0.04849700
v 0.12402341 -0.06585939 0.04849700
v 0.12738280 -0.06835939 0.04470794
v 0.12714841 -0.06578125 0.04849700
v 0.12402341 -0.06585939 0.04849700
v 0.12714841 -0.06578125 0.04849700
v 0.12402341 -0.06296875 0.05205169
v 0.12402341 -0.06296875 0.05205169
v 0.12714841 -0.06578125 0.04849700
v 0.12691411 -0.06281250 0.05205169
v 0.12402341 -0.06296875 0.05205169
v 0.12691411 -0.06281250 0.05205169
v 0.12402341 -0.05968750 0.05533294
v 0.12667971 -0.05953125 0.05533294
v 0.12402341 -0.05968750 0.05533294
v 0.12667971 -0.05953125 0.05533294
v 0.12402341 -0.05609375 0.05826263
v 0.12402341 -0.05609375 0.05826263
v 0.12667971 -0.05953125 0.05533294
v 0.12636721 -0.05601562 0.05826263
v 0.12402341 -0.05609375 0.05826263
v 0.12636721 -0.05601562 0.05826263
v 0.12402341 -0.05226562 0.06087981
v 0.12613280 -0.05218750 0.06087981
v 0.12402341 -0.05226562 0.06087981
v 0.12613280 -0.05218750 0.06087981
v 0.12402341 -0.04828125 0.06310638
v 0.12582030 -0.04820312 0.06310638
v 0.12402341 -0.04828125 0.06310638
v 0.12582030 -0.04820312 0.06310638
v 0.12402341 -0.04406250 0.06498138
v 0.12402341 -0.04406250 0.06498138
v 0.12582030 -0.04820312 0.06310638
v 0.12542971 -0.04398437 0.06498138
v 0.12402341 -0.04406250 0.06498138
v 0.12542971 -0.04398437 0.06498138
v 0.12402341 -0.03968750 0.06646575
v 0.12511721 -0.03960937 0.06646575
v 0.12402341 -0.03968750 0.06646575
v 0.12511721 -0.03960937 0.06646575
v 0.12402341 -0.03515625 0.06752044
v 0.12511721 -0.03960937 0.06646575
v 0.12472661 -0.03515625 0.06752044
v 0.12472661 -0.03515625 0.06752044
v 0.12402341 -0.03062500 0.06814544
v 0.12472661 -0.03515625 0.06752044
v 0.12441411 -0.03054688 0.06814544
v 0.12402341 -0.03062500 0.06814544
v 0.12441411 -0.03054688 0.06814544
v 0.12402341 -0.02601563 0.06837983
v 0.12441411 -0.03054688 0.06814544
v 0.12472661 -0.03054688 0.06814544
v 0.12472661 -0.03054688 0.06814544
v 0.12441411 -0.03054688 0.06814544
v 0.12472661 -0.03515625 0.06752044
v 0.12472661 -0.03054688 0.06814544
v 0.12472661 -0.03515625 0.06752044
v 0.12550780 -0.03507812 0.06752044
v 0.12550780 -0.03507812 0.06752044
v 0.12472661 -0.03515625 0.06752044
v 0.12621091 -0.03953125 0.06646575
v 0.12621091 -0.03953125 0.06646575
v 0.12621091 -0.03953125 0.06646575
v 0.12542971 -0.04398437 0.06498138
v 0.12683591 -0.04382812 0.06498138
v 0.12683591 -0.04382812 0.06498138
v 0.12542971 -0.04398437 0.06498138
v 0.12582030 -0.04820312 0.06310638
v 0.12683591 -0.04382812 0.06498138
v 0.12582030 -0.04820312 0.06310638
v 0.12753911 -0.04796875 0.06310638
v 0.12753911 -0.04796875 0.06310638
v 0.12582030 -0.04820312 0.06310638
v 0.12613280 -0.05218750 0.06087981
v 0.12753911 -0.04796875 0.06310638
v 0.12613280 -0.05218750 0.06087981
v 0.12816410 -0.05195312 0.06087981
v 0.12816410 -0.05195312 0.06087981
v 0.12613280 -0.05218750 0.06087981
v 0.12636721 -0.05601562 0.05826263
v 0.12816410 -0.05195312 0.06087981
v 0.12636721 -0.05601562 0.05826263
v 0.12878910 -0.05570312 0.05826263
v 0.12878910 -0.05570312 0.05826263
v 0.12636721 -0.05601562 0.05826263
v 0.12667971 -0.05953125 0.05533294
v 0.12878910 -0.05570312 0.05826263
v 0.12667971 -0.05953125 0.05533294
v 0.12933591 -0.05921875 0.05533294
v 0.12933591 -0.05921875 0.05533294
v 0.12667971 -0.05953125 0.05533294
v 0.12691411 -0.06281250 0.05205169
v 0.12980471 -0.06250000 0.05205169
v 0.12980471 -0.06250000 0.05205169
v 0.12691411 -0.06281250 0.05205169
v 0.12714841 -0.06578125 0.04849700
v 0.12980471 -0.06250000 0.05205169
v 0.12714841 -0.06578125 0.04849700
v 0.13027341 -0.06539064 0.04849700
v 0.13027341 -0.06539064 0.04849700
v 0.12714841 -0.06578125 0.04849700
v 0.12738280 -0.06835939 0.04470794
v 0.13066410 -0.06796875 0.04466888
v 0.13066410 -0.06796875 0.04466888
v 0.12738280 -0.06835939 0.04470794
v 0.12753911 -0.07062500 0.04064544
v 0.13066410 -0.06796875 0.04466888
v 0.12753911 -0.07062500 0.04064544
v 0.13105471 -0.07015625 0.04064544
v 0.13105471 -0.07015625 0.04064544
v 0.12753911 -0.07062500 0.04064544
v 0.12769530 -0.07242189 0.03642669
v 0.13105471 -0.07015625 0.04064544
v 0.12769530 -0.07242189 0.03642669
v 0.13136721 -0.07203125 0.03642669
v 0.13136721 -0.07203125 0.03642669
v 0.12769530 -0.07242189 0.03642669
v 0.12785161 -0.07390625 0.03205169
v 0.13136721 -0.07203125 0.03642669
v 0.12785161 -0.07390625 0.03205169
v 0.13160160 -0.07343750 0.03205169
v 0.13160160 -0.07343750 0.03205169
v 0.12785161 -0.07390625 0.03205169
v 0.12792971 -0.07500000 0.02755950
v 0.13175780 -0.07453125 0.02755950
v 0.13175780 -0.07453125 0.02755950
v 0.12792971 -0.07500000 0.02755950
v 0.12792971 -0.07562500 0.02298919
v 0.13175780 -0.07453125 0.02755950
v 0.12792971 -0.07562500 0.02298919
v 0.13183591 -0.07515625 0.02298919
v 0.13183591 -0.07515625 0.02298919
v 0.12792971 -0.07562500 0.02298919
v 0.12925780 -0.07570314 0.01837981
v 0.13191410 -0.07539064 0.01837981
v 0.12667971 -0.07593750 0.01837981
v 0.12925780 -0.07570314 0.01837981
v 0.12792971 -0.07562500 0.02298919
v 0.13746091 0.07429689 0.01837981
v 0.13191410 0.07539064 0.01837981
v 0.13738280 0.07406250 0.02298919
v 0.13183591 0.07515625 0.02298919
v 0.13738280 0.07406250 0.02298919
v 0.13183591 0.07515625 0.02298919
v 0.13722660 0.07343750 0.02755950
v 0.13175780 0.07453125 0.02755950
v 0.13722660 0.07343750 0.02755950
v 0.13175780 0.07453125 0.02755950
v 0.13699221 0.07242189 0.03205169
v 0.13699221 0.07242189 0.03205169
v 0.13175780 0.07453125 0.02755950
v 0.13160160 0.07351564 0.03205169
v 0.13699221 0.07242189 0.03205169
v 0.13160160 0.07351564 0.03205169
v 0.13667971 0.07101564 0.03642669
v 0.13667971 0.07101564 0.03642669
v 0.13160160 0.07351564 0.03205169
v 0.13136721 0.07203125 0.03642669
v 0.13667971 0.07101564 0.03642669
v 0.13136721 0.07203125 0.03642669
v 0.13621091 0.06921875 0.04064544
v 0.13621091 0.06921875 0.04064544
v 0.13136721 0.07203125 0.03642669
v 0.13105471 0.07023439 0.04064544
v 0.13621091 0.06921875 0.04064544
v 0.13105471 0.07023439 0.04064544
v 0.13574221 0.06703125 0.04466888
v 0.13574221 0.06703125 0.04466888
v 0.13105471 0.07023439 0.04064544
v 0.13066410 0.06796875 0.04466888
v 0.13574221 0.06703125 0.04466888
v 0.13066410 0.06796875 0.04466888
v 0.13511721 0.06445314 0.04849700
v 0.13511721 0.06445314 0.04849700
v 0.13066410 0.06796875 0.04466888
v 0.13027341 0.06539064 0.04849700
v 0.13511721 0.06445314 0.04849700
v 0.13027341 0.06539064 0.04849700
v 0.13441410 0.06156250 0.05205169
v 0.13441410 0.06156250 0.05205169
v 0.13027341 0.06539064 0.04849700
v 0.12980471 0.06250000 0.05205169
v 0.13441410 0.06156250 0.05205169
v 0.12980471 0.06250000 0.05205169
v 0.13371091 0.05843750 0.05533294
v 0.12933591 0.05929687 0.05533294
v 0.13371091 0.05843750 0.05533294
v 0.12933591 0.05929687 0.05533294
v 0.13285160 0.05500000 0.05826263
v 0.13285160 0.05500000 0.05826263
v 0.12933591 0.05929687 0.05533294
v 0.12878910 0.05578125 0.05826263
v 0.13285160 0.05500000 0.05826263
v 0.12878910 0.05578125 0.05826263
v 0.13199221 0.05125000 0.06087981
v 0.13199221 0.05125000 0.06087981
v 0.12878910 0.05578125 0.05826263
v 0.12816410 0.05203125 0.06087981
v 0.13199221 0.05125000 0.06087981
v 0.12816410 0.05203125 0.06087981
v 0.13105471 0.04734375 0.06310638
v 0.13105471 0.04734375 0.06310638
v 0.12816410 0.05203125 0.06087981
v 0.12753911 0.04804687 0.06310638
v 0.13105471 0.04734375 0.06310638
v 0.12753911 0.04804687 0.06310638
v 0.13011721 0.04320312 0.06498138
v 0.13011721 0.04320312 0.06498138
v 0.12753911 0.04804687 0.06310638
v 0.12683591 0.04382812 0.06498138
v 0.13011721 0.04320312 0.06498138
v 0.12683591 0.04382812 0.06498138
v 0.12621091 0.03953125 0.06646575
v 0.12910160 0.03898437 0.06646575
v 0.12910160 0.03898437 0.06646575
v 0.12621091 0.03953125 0.06646575
v 0.12550780 0.03507812 0.06752044
v 0.12910160 0.03898437 0.06646575
v 0.12550780 0.03507812 0.06752044
v 0.12808591 0.03460937 0.06752044
v 0.12808591 0.03460937 0.06752044
v 0.12550780 0.03507812 0.06752044
v 0.12472661 0.03054688 0.06814544
v 0.12699221 0.03015625 0.06814544
v 0.12699221 0.03015625 0.06814544
v 0.12714841 0.02531250 0.06837983
v 0.12925780 0.02953125 0.06814544
v 0.12925780 0.02953125 0.06814544
v 0.12714841 0.02531250 0.06837983
v 0.13019530 0.02421875 0.06837983
v 0.13136721 0.02875000 0.06814544
v 0.13347660 0.02781250 0.06814544
v 0.13136721 0.02875000 0.06814544
v 0.13347660 0.02781250 0.06814544
v 0.13550780 0.03195313 0.06752044
v 0.13550780 0.03195313 0.06752044
v 0.13347660 0.02781250 0.06814544
v 0.13785160 0.03070313 0.06752044
v 0.13550780 0.03195313 0.06752044
v 0.13785160 0.03070313 0.06752044
v 0.14011721 0.03453125 0.06646575
v 0.14011721 0.03453125 0.06646575
v 0.13785160 0.03070313 0.06752044
v 0.14261721 0.03296875 0.06646575
v 0.14011721 0.03453125 0.06646575
v 0.14261721 0.03296875 0.06646575
v 0.14511721 0.03656250 0.06498138
v 0.14511721 0.03656250 0.06498138
v 0.14261721 0.03296875 0.06646575
v 0.14777341 0.03460937 0.06498138
v 0.14511721 0.03656250 0.06498138
v 0.14777341 0.03460937 0.06498138
v 0.15042971 0.03789062 0.06310638
v 0.15042971 0.03789062 0.06310638
v 0.14777341 0.03460937 0.06498138
v 0.15316410 0.03546875 0.06310638
v 0.15042971 0.03789062 0.06310638
v 0.15316410 0.03546875 0.06310638
v 0.15589841 0.03843750 0.06087981
v 0.15589841 0.03843750 0.06087981
v 0.15316410 0.03546875 0.06310638
v 0.15863280 0.03570312 0.06087981
v 0.15589841 0.03843750 0.06087981
v 0.15863280 0.03570312 0.06087981
v 0.16144530 0.03828125 0.05826263
v 0.16144530 0.03828125 0.05826263
v 0.15863280 0.03570312 0.06087981
v 0.16417971 0.03507812 0.05826263
v 0.16144530 0.03828125 0.05826263
v 0.16417971 0.03507812 0.05826263
v 0.16699221 0.03726562 0.05533294
v 0.16699221 0.03726562 0.05533294
v 0.16417971 0.03507812 0.05826263
v 0.16957031 0.03367187 0.05533294
v 0.16699221 0.03726562 0.05533294
v 0.16957031 0.03367187 0.05533294
v 0.17230471 0.03546875 0.05205169
v 0.17230471 0.03546875 0.05205169
v 0.16957031 0.03367187 0.05533294
v 0.17480471 0.03148438 0.05205169
v 0.17230471 0.03546875 0.05205169
v 0.17480471 0.03148438 0.05205169
v 0.17738281 0.03296875 0.04849700
v 0.17738281 0.03296875 0.04849700
v 0.17480471 0.03148438 0.05205169
v 0.17964842 0.02859375 0.04849700
v 0.17738281 0.03296875 0.04849700
v 0.17964842 0.02859375 0.04849700
v 0.18199221 0.02976563 0.04466888
v 0.18199221 0.02976563 0.04466888
v 0.17964842 0.02859375 0.04849700
v 0.18402342 0.02500000 0.04466888
v 0.18199221 0.02976563 0.04466888
v 0.18402342 0.02500000 0.04466888
v 0.18613281 0.02585938 0.04064544
v 0.18613281 0.02585938 0.04064544
v 0.18402342 0.02500000 0.04466888
v 0.18785160 0.02085938 0.04064544
v 0.18613281 0.02585938 0.04064544
v 0.18785160 0.02085938 0.04064544
v 0.18964842 0.02140625 0.03642669
v 0.18964842 0.02140625 0.03642669
v 0.18785160 0.02085938 0.04064544
v 0.19105471 0.01617188 0.03642669
v 0.18964842 0.02140625 0.03642669
v 0.19105471 0.01617188 0.03642669
v 0.19246092 0.01648438 0.03205169
v 0.19246092 0.01648438 0.03205169
v 0.19105471 0.01617188 0.03642669
v 0.19347660 0.01101562 0.03205169
v 0.19246092 0.01648438 0.03205169
v 0.19347660 0.01101562 0.03205169
v 0.19457031 0.01117187 0.02755950
v 0.19457031 0.01117187 0.02755950
v 0.19347660 0.01101562 0.03205169
v 0.19519531 0.00562500 0.02755950
v 0.19457031 0.01117187 0.02755950
v 0.19519531 0.00562500 0.02755950
v 0.19582031 0.00570313 0.02298919
v 0.19582031 0.00570313 0.02298919
v 0.19519531 0.00562500 0.02755950
v 0.19597660 0.00000000 0.02298919
v 0.19582031 0.00570313 0.02298919
v 0.19597660 0.00000000 0.02298919
v 0.19621092 0.00000000 0.01837981
v 0.19621092 0.00000000 0.01837981
v 0.19597660 0.00000000 0.02298919
v 0.19597660 -0.00562500 0.01837981
v 0.19597660 -0.00562500 0.01837981
v 0.19597660 0.00000000 0.02298919
v 0.19582031 -0.00562500 0.02298919
v 0.19597660 -0.00562500 0.01837981
v 0.19582031 -0.00562500 0.02298919
v 0.19535160 -0.01132812 0.01837981
v 0.19535160 -0.01132812 0.01837981
v 0.19582031 -0.00562500 0.02298919
v 0.19519531 -0.01125000 0.02298919
v 0.19535160 -0.01132812 0.01837981
v 0.19519531 -0.01125000 0.02298919
v 0.19433592 -0.01687500 0.01837981
v 0.19433592 -0.01687500 0.01837981
v 0.19519531 -0.01125000 0.02298919
v 0.19410160 -0.01679688 0.02298919
v 0.19433592 -0.01687500 0.01837981
v 0.19410160 -0.01679688 0.02298919
v 0.19285160 -0.02234375 0.01837981
v 0.19285160 -0.02234375 0.01837981
v 0.19410160 -0.01679688 0.02298919
v 0.19269531 -0.02226563 0.02298919
v 0.19285160 -0.02234375 0.01837981
v 0.19269531 -0.02226563 0.02298919
v 0.19097660 -0.02773438 0.01837981
v 0.19082031 -0.02765625 0.02298919
v 0.19097660 -0.02773438 0.01837981
v 0.19082031 -0.02765625 0.02298919
v 0.18871092 -0.03289062 0.01837981
v 0.18855471 -0.03281250 0.02298919
v 0.18871092 -0.03289062 0.01837981
v 0.18855471 -0.03281250 0.02298919
v 0.18613281 -0.03796875 0.01837981
v 0.18613281 -0.03796875 0.01837981
v 0.18855471 -0.03281250 0.02298919
v 0.18589842 -0.03781250 0.02298919
v 0.18613281 -0.03796875 0.01837981
v 0.18589842 -0.03781250 0.02298919
v 0.18308592 -0.04273437 0.01837981
v 0.18308592 -0.04273437 0.01837981
v 0.18589842 -0.03781250 0.02298919
v 0.18292971 -0.04265625 0.02298919
v 0.18308592 -0.04273437 0.01837981
v 0.18292971 -0.04265625 0.02298919
v 0.17972660 -0.04734375 0.01837981
v 0.17972660 -0.04734375 0.01837981
v 0.18292971 -0.04265625 0.02298919
v 0.17957031 -0.04718750 0.02298919
v 0.17972660 -0.04734375 0.01837981
v 0.17957031 -0.04718750 0.02298919
v 0.17605471 -0.05164062 0.01837981
v 0.17589842 -0.05148437 0.02298919
v 0.17605471 -0.05164062 0.01837981
v 0.17589842 -0.05148437 0.02298919
v 0.17207031 -0.05570312 0.01837981
v 0.17191410 -0.05554687 0.02298919
v 0.17207031 -0.05570312 0.01837981
v 0.17191410 -0.05554687 0.02298919
v 0.16777341 -0.05937500 0.01837981
v 0.16761721 -0.05921875 0.02298919
v 0.16777341 -0.05937500 0.01837981
v 0.16761721 -0.05921875 0.02298919
v 0.16324221 -0.06281250 0.01837981
v 0.16308591 -0.06265625 0.02298919
v 0.16324221 -0.06281250 0.01837981
v 0.16308591 -0.06265625 0.02298919
v 0.15847660 -0.06585939 0.01837981
v 0.15832030 -0.06570314 0.02298919
v 0.15847660 -0.06585939 0.01837981
v 0.15832030 -0.06570314 0.02298919
v 0.15347660 -0.06851564 0.01837981
v 0.15332030 -0.06835939 0.02298919
v 0.15347660 -0.06851564 0.01837981
v 0.15332030 -0.06835939 0.02298919
v 0.14824221 -0.07085939 0.01837981
v 0.14824221 -0.07085939 0.01837981
v 0.15332030 -0.06835939 0.02298919
v 0.14816410 -0.07062500 0.02298919
v 0.14824221 -0.07085939 0.01837981
v 0.14816410 -0.07062500 0.02298919
v 0.14292971 -0.07273439 0.01837981
v 0.14292971 -0.07273439 0.01837981
v 0.14816410 -0.07062500 0.02298919
v 0.14285160 -0.07257814 0.02298919
v 0.14292971 -0.07273439 0.01837981
v 0.14285160 -0.07257814 0.02298919
v 0.13746091 -0.07429689 0.01837981
v 0.13746091 -0.07429689 0.01837981
v 0.14285160 -0.07257814 0.02298919
v 0.13738280 -0.07406250 0.02298919
v 0.13746091 -0.07429689 0.01837981
v 0.13738280 -0.07406250 0.02298919
v 0.13191410 -0.07539064 0.01837981
v 0.13183591 -0.07515625 0.02298919
v 0.13183591 -0.07515625 0.02298919
v 0.13738280 -0.07406250 0.02298919
v 0.13722660 -0.07343750 0.02755950
v 0.13175780 -0.07453125 0.02755950
v 0.13175780 -0.07453125 0.02755950
v 0.13722660 -0.07343750 0.02755950
v 0.13699221 -0.07242189 0.03205169
v 0.13175780 -0.07453125 0.02755950
v 0.13699221 -0.07242189 0.03205169
v 0.13160160 -0.07343750 0.03205169
v 0.13160160 -0.07343750 0.03205169
v 0.13699221 -0.07242189 0.03205169
v 0.13667971 -0.07093750 0.03642669
v 0.13160160 -0.07343750 0.03205169
v 0.13667971 -0.07093750 0.03642669
v 0.13136721 -0.07203125 0.03642669
v 0.13136721 -0.07203125 0.03642669
v 0.13667971 -0.07093750 0.03642669
v 0.13621091 -0.06914064 0.04064544
v 0.13136721 -0.07203125 0.03642669
v 0.13621091 -0.06914064 0.04064544
v 0.13105471 -0.07015625 0.04064544
v 0.13105471 -0.07015625 0.04064544
v 0.13621091 -0.06914064 0.04064544
v 0.13574221 -0.06695314 0.04466888
v 0.13105471 -0.07015625 0.04064544
v 0.13574221 -0.06695314 0.04466888
v 0.13066410 -0.06796875 0.04466888
v 0.13066410 -0.06796875 0.04466888
v 0.13574221 -0.06695314 0.04466888
v 0.13511721 -0.06445314 0.04849700
v 0.13027341 -0.06539064 0.04849700
v 0.13027341 -0.06539064 0.04849700
v 0.13511721 -0.06445314 0.04849700
v 0.13441410 -0.06156250 0.05205169
v 0.13027341 -0.06539064 0.04849700
v 0.13441410 -0.06156250 0.05205169
v 0.12980471 -0.06250000 0.05205169
v 0.12980471 -0.06250000 0.05205169
v 0.13441410 -0.06156250 0.05205169
v 0.13371091 -0.05835937 0.05533294
v 0.12933591 -0.05921875 0.05533294
v 0.12933591 -0.05921875 0.05533294
v 0.13371091 -0.05835937 0.05533294
v 0.13285160 -0.05492187 0.05826263
v 0.12933591 -0.05921875 0.05533294
v 0.13285160 -0.05492187 0.05826263
v 0.12878910 -0.05570312 0.05826263
v 0.12878910 -0.05570312 0.05826263
v 0.13285160 -0.05492187 0.05826263
v 0.13199221 -0.05125000 0.06087981
v 0.12878910 -0.05570312 0.05826263
v 0.13199221 -0.05125000 0.06087981
v 0.12816410 -0.05195312 0.06087981
v 0.12816410 -0.05195312 0.06087981
v 0.13199221 -0.05125000 0.06087981
v 0.13105471 -0.04726562 0.06310638
v 0.12753911 -0.04796875 0.06310638
v 0.12753911 -0.04796875 0.06310638
v 0.13105471 -0.04726562 0.06310638
v 0.13011721 -0.04320312 0.06498138
v 0.12683591 -0.04382812 0.06498138
v 0.12683591 -0.04382812 0.06498138
v 0.13011721 -0.04320312 0.06498138
v 0.12910160 -0.03890625 0.06646575
v 0.12683591 -0.04382812 0.06498138
v 0.12910160 -0.03890625 0.06646575
v 0.12621091 -0.03953125 0.06646575
v 0.12621091 -0.03953125 0.06646575
v 0.12910160 -0.03890625 0.06646575
v 0.12808591 -0.03453125 0.06752044
v 0.12550780 -0.03507812 0.06752044
v 0.12550780 -0.03507812 0.06752044
v 0.12808591 -0.03453125 0.06752044
v 0.12472661 -0.03054688 0.06814544
v 0.12699221 -0.03007813 0.06814544
v 0.12472661 -0.03054688 0.06814544
v 0.12699221 -0.03007813 0.06814544
v 0.12714841 -0.02531250 0.06837983
v 0.12925780 -0.02945313 0.06814544
v 0.12714841 -0.02531250 0.06837983
v 0.12925780 -0.02945313 0.06814544
v 0.13019530 -0.02421875 0.06837983
v 0.13136721 -0.02867188 0.06814544
v 0.13347660 -0.02773438 0.06814544
v 0.13347660 -0.02773438 0.06814544
v 0.13136721 -0.02867188 0.06814544
v 0.13308591 -0.03296875 0.06752044
v 0.13347660 -0.02773438 0.06814544
v 0.13308591 -0.03296875 0.06752044
v 0.13550780 -0.03187500 0.06752044
v 0.13550780 -0.03187500 0.06752044
v 0.13308591 -0.03296875 0.06752044
v 0.13472660 -0.03710937 0.06646575
v 0.13746091 -0.03593750 0.06646575
v 0.13746091 -0.03593750 0.06646575
v 0.13472660 -0.03710937 0.06646575
v 0.13636721 -0.04117187 0.06498138
v 0.13746091 -0.03593750 0.06646575
v 0.13636721 -0.04117187 0.06498138
v 0.13941410 -0.03984375 0.06498138
v 0.13941410 -0.03984375 0.06498138
v 0.13636721 -0.04117187 0.06498138
v 0.13792971 -0.04507812 0.06310638
v 0.13941410 -0.03984375 0.06498138
v 0.13792971 -0.04507812 0.06310638
v 0.14128910 -0.04367187 0.06310638
v 0.14128910 -0.04367187 0.06310638
v 0.13792971 -0.04507812 0.06310638
v 0.13949221 -0.04882812 0.06087981
v 0.14128910 -0.04367187 0.06310638
v 0.13949221 -0.04882812 0.06087981
v 0.14300780 -0.04726562 0.06087981
v 0.14300780 -0.04726562 0.06087981
v 0.13949221 -0.04882812 0.06087981
v 0.14089841 -0.05242187 0.05826263
v 0.14472660 -0.05070312 0.05826263
v 0.14472660 -0.05070312 0.05826263
v 0.14089841 -0.05242187 0.05826263
v 0.14222660 -0.05570312 0.05533294
v 0.14628910 -0.05390625 0.05533294
v 0.14628910 -0.05390625 0.05533294
v 0.14222660 -0.05570312 0.05533294
v 0.14339841 -0.05875000 0.05205169
v 0.14628910 -0.05390625 0.05533294
v 0.14339841 -0.05875000 0.05205169
v 0.14769530 -0.05679687 0.05205169
v 0.14769530 -0.05679687 0.05205169
v 0.14339841 -0.05875000 0.05205169
v 0.14449221 -0.06148437 0.04849700
v 0.14769530 -0.05679687 0.05205169
v 0.14449221 -0.06148437 0.04849700
v 0.14902341 -0.05945312 0.04849700
v 0.14902341 -0.05945312 0.04849700
v 0.14449221 -0.06148437 0.04849700
v 0.14550780 -0.06390625 0.04466888
v 0.14902341 -0.05945312 0.04849700
v 0.14550780 -0.06390625 0.04466888
v 0.15011721 -0.06179687 0.04466888
v 0.15011721 -0.06179687 0.04466888
v 0.14550780 -0.06390625 0.04466888
v 0.14628910 -0.06593750 0.04064544
v 0.15011721 -0.06179687 0.04466888
v 0.14628910 -0.06593750 0.04064544
v 0.15113280 -0.06382812 0.04064544
v 0.15113280 -0.06382812 0.04064544
v 0.14628910 -0.06593750 0.04064544
v 0.14699221 -0.06773439 0.03642669
v 0.15113280 -0.06382812 0.04064544
v 0.14699221 -0.06773439 0.03642669
v 0.15199221 -0.06546875 0.03642669
v 0.15199221 -0.06546875 0.03642669
v 0.14699221 -0.06773439 0.03642669
v 0.14753910 -0.06906250 0.03205169
v 0.15199221 -0.06546875 0.03642669
v 0.14753910 -0.06906250 0.03205169
v 0.15261721 -0.06679689 0.03205169
v 0.15261721 -0.06679689 0.03205169
v 0.14753910 -0.06906250 0.03205169
v 0.14792971 -0.07007814 0.02755950
v 0.15261721 -0.06679689 0.03205169
v 0.14792971 -0.07007814 0.02755950
v 0.15308591 -0.06773439 0.02755950
v 0.15308591 -0.06773439 0.02755950
v 0.14792971 -0.07007814 0.02755950
v 0.14816410 -0.07062500 0.02298919
v 0.15308591 -0.06773439 0.02755950
v 0.14816410 -0.07062500 0.02298919
v 0.15332030 -0.06835939 0.02298919
v 0.13308591 0.02281250 0.06837983
v 0.13347660 0.02781250 0.06814544
v 0.13308591 0.02281250 0.06837983
v 0.13550780 0.02671875 0.06814544
v 0.13550780 0.02671875 0.06814544
v 0.13785160 0.03070313 0.06752044
v 0.13550780 0.02671875 0.06814544
v 0.14003910 0.02921875 0.06752044
v 0.13785160 0.03070313 0.06752044
v 0.14003910 0.02921875 0.06752044
v 0.14261721 0.03296875 0.06646575
v 0.14261721 0.03296875 0.06646575
v 0.14003910 0.02921875 0.06752044
v 0.14503910 0.03117188 0.06646575
v 0.14503910 0.03117188 0.06646575
v 0.14777341 0.03460937 0.06498138
v 0.14503910 0.03117188 0.06646575
v 0.15027341 0.03242187 0.06498138
v 0.14777341 0.03460937 0.06498138
v 0.15027341 0.03242187 0.06498138
v 0.15316410 0.03546875 0.06310638
v 0.15316410 0.03546875 0.06310638
v 0.15027341 0.03242187 0.06498138
v 0.15566410 0.03296875 0.06310638
v 0.15566410 0.03296875 0.06310638
v 0.15863280 0.03570312 0.06087981
v 0.15566410 0.03296875 0.06310638
v 0.16121091 0.03265625 0.06087981
v 0.15863280 0.03570312 0.06087981
v 0.16121091 0.03265625 0.06087981
v 0.16417971 0.03507812 0.05826263
v 0.16417971 0.03507812 0.05826263
v 0.16121091 0.03265625 0.06087981
v 0.16667971 0.03164063 0.05826263
v 0.16417971 0.03507812 0.05826263
v 0.16667971 0.03164063 0.05826263
v 0.16957031 0.03367187 0.05533294
v 0.16957031 0.03367187 0.05533294
v 0.16667971 0.03164063 0.05826263
v 0.17199221 0.02984375 0.05533294
v 0.16957031 0.03367187 0.05533294
v 0.17199221 0.02984375 0.05533294
v 0.17480471 0.03148438 0.05205169
v 0.17480471 0.03148438 0.05205169
v 0.17199221 0.02984375 0.05533294
v 0.17699221 0.02734375 0.05205169
v 0.17480471 0.03148438 0.05205169
v 0.17699221 0.02734375 0.05205169
v 0.17964842 0.02859375 0.04849700
v 0.17964842 0.02859375 0.04849700
v 0.17699221 0.02734375 0.05205169
v 0.18160160 0.02406250 0.04849700
v 0.17964842 0.02859375 0.04849700
v 0.18160160 0.02406250 0.04849700
v 0.18402342 0.02500000 0.04466888
v 0.18402342 0.02500000 0.04466888
v 0.18160160 0.02406250 0.04849700
v 0.18574221 0.02023438 0.04466888
v 0.18402342 0.02500000 0.04466888
v 0.18574221 0.02023438 0.04466888
v 0.18785160 0.02085938 0.04064544
v 0.18785160 0.02085938 0.04064544
v 0.18574221 0.02023438 0.04466888
v 0.18925781 0.01578125 0.04064544
v 0.18785160 0.02085938 0.04064544
v 0.18925781 0.01578125 0.04064544
v 0.19105471 0.01617188 0.03642669
v 0.19105471 0.01617188 0.03642669
v 0.18925781 0.01578125 0.04064544
v 0.19207031 0.01085937 0.03642669
v 0.19105471 0.01617188 0.03642669
v 0.19207031 0.01085937 0.03642669
v 0.19347660 0.01101562 0.03205169
v 0.19347660 0.01101562 0.03205169
v 0.19207031 0.01085937 0.03642669
v 0.19410160 0.00554688 0.03205169
v 0.19347660 0.01101562 0.03205169
v 0.19410160 0.00554688 0.03205169
v 0.19519531 0.00562500 0.02755950
v 0.19519531 0.00562500 0.02755950
v 0.19410160 0.00554688 0.03205169
v 0.19535160 0.00000000 0.02755950
v 0.19535160 0.00000000 0.02755950
v 0.19597660 0.00000000 0.02298919
v 0.19535160 0.00000000 0.02755950
v 0.19582031 -0.00562500 0.02298919
v 0.13550780 0.02671875 0.06814544
v 0.13308591 0.02281250 0.06837983
v 0.13746091 0.02546875 0.06814544
v 0.13582030 0.02101563 0.06837983
v 0.13933591 0.02414063 0.06814544
v 0.13824221 0.01890625 0.06837983
v 0.14105471 0.02257813 0.06814544
v 0.14105471 0.02257813 0.06814544
v 0.13824221 0.01890625 0.06837983
v 0.14269530 0.02093750 0.06814544
v 0.14105471 0.02257813 0.06814544
v 0.14269530 0.02093750 0.06814544
v 0.14605471 0.02406250 0.06752044
v 0.14605471 0.02406250 0.06752044
v 0.14269530 0.02093750 0.06814544
v 0.14777341 0.02203125 0.06752044
v 0.14605471 0.02406250 0.06752044
v 0.14777341 0.02203125 0.06752044
v 0.15128910 0.02484375 0.06646575
v 0.15128910 0.02484375 0.06646575
v 0.14777341 0.02203125 0.06752044
v 0.15300780 0.02242188 0.06646575
v 0.15128910 0.02484375 0.06646575
v 0.15300780 0.02242188 0.06646575
v 0.15667971 0.02492188 0.06498138
v 0.15667971 0.02492188 0.06498138
v 0.15300780 0.02242188 0.06646575
v 0.15839841 0.02210938 0.06498138
v 0.15667971 0.02492188 0.06498138
v 0.15839841 0.02210938 0.06498138
v 0.16207030 0.02421875 0.06310638
v 0.16207030 0.02421875 0.06310638
v 0.15839841 0.02210938 0.06498138
v 0.16371091 0.02101563 0.06310638
v 0.16207030 0.02421875 0.06310638
v 0.16371091 0.02101563 0.06310638
v 0.16738281 0.02273438 0.06087981
v 0.16738281 0.02273438 0.06087981
v 0.16371091 0.02101563 0.06310638
v 0.16894531 0.01914063 0.06087981
v 0.16738281 0.02273438 0.06087981
v 0.16894531 0.01914063 0.06087981
v 0.17246092 0.02054688 0.05826263
v 0.17246092 0.02054688 0.05826263
v 0.16894531 0.01914063 0.06087981
v 0.17386721 0.01656250 0.05826263
v 0.17246092 0.02054688 0.05826263
v 0.17386721 0.01656250 0.05826263
v 0.17730471 0.01757813 0.05533294
v 0.17730471 0.01757813 0.05533294
v 0.17386721 0.01656250 0.05826263
v 0.17839842 0.01328125 0.05533294
v 0.17730471 0.01757813 0.05533294
v 0.17839842 0.01328125 0.05533294
v 0.18160160 0.01398437 0.05205169
v 0.18160160 0.01398437 0.05205169
v 0.17839842 0.01328125 0.05533294
v 0.18246092 0.00937500 0.05205169
v 0.18160160 0.01398437 0.05205169
v 0.18246092 0.00937500 0.05205169
v 0.18542971 0.00984375 0.04849700
v 0.18542971 0.00984375 0.04849700
v 0.18246092 0.00937500 0.05205169
v 0.18597660 0.00492188 0.04849700
v 0.18542971 0.00984375 0.04849700
v 0.18597660 0.00492188 0.04849700
v 0.18855471 0.00515625 0.04466888
v 0.18855471 0.00515625 0.04466888
v 0.18597660 0.00492188 0.04849700
v 0.18871092 0.00000000 0.04466888
v 0.18855471 0.00515625 0.04466888
v 0.18871092 0.00000000 0.04466888
v 0.19097660 0.00000000 0.04064544
v 0.19097660 0.00000000 0.04064544
v 0.18871092 0.00000000 0.04466888
v 0.19082031 -0.00523438 0.04064544
v 0.19097660 0.00000000 0.04064544
v 0.19082031 -0.00523438 0.04064544
v 0.19261721 -0.00539063 0.03642669
v 0.19261721 -0.00539063 0.03642669
v 0.19082031 -0.00523438 0.04064544
v 0.19207031 -0.01078125 0.03642669
v 0.19261721 -0.00539063 0.03642669
v 0.19207031 -0.01078125 0.03642669
v 0.19347660 -0.01101562 0.03205169
v 0.19347660 -0.01101562 0.03205169
v 0.19207031 -0.01078125 0.03642669
v 0.19246092 -0.01648438 0.03205169
v 0.19347660 -0.01101562 0.03205169
v 0.19246092 -0.01648438 0.03205169
v 0.19347660 -0.01671875 0.02755950
v 0.19347660 -0.01671875 0.02755950
v 0.19246092 -0.01648438 0.03205169
v 0.19207031 -0.02210938 0.02755950
v 0.19347660 -0.01671875 0.02755950
v 0.19207031 -0.02210938 0.02755950
v 0.19269531 -0.02226563 0.02298919
v 0.19269531 -0.02226563 0.02298919
v 0.19207031 -0.02210938 0.02755950
v 0.19082031 -0.02765625 0.02298919
v 0.13824221 0.01890625 0.06837983
v 0.14042971 0.01648438 0.06837983
v 0.14269530 0.02093750 0.06814544
v 0.14417971 0.01921875 0.06814544
v 0.14417971 0.01921875 0.06814544
v 0.14777341 0.02203125 0.06752044
v 0.14417971 0.01921875 0.06814544
v 0.14933591 0.01992188 0.06752044
v 0.14777341 0.02203125 0.06752044
v 0.14933591 0.01992188 0.06752044
v 0.15300780 0.02242188 0.06646575
v 0.15300780 0.02242188 0.06646575
v 0.14933591 0.01992188 0.06752044
v 0.15457030 0.01992188 0.06646575
v 0.15457030 0.01992188 0.06646575
v 0.15839841 0.02210938 0.06498138
v 0.15457030 0.01992188 0.06646575
v 0.15996091 0.01914063 0.06498138
v 0.15839841 0.02210938 0.06498138
v 0.15996091 0.01914063 0.06498138
v 0.16371091 0.02101563 0.06310638
v 0.16371091 0.02101563 0.06310638
v 0.15996091 0.01914063 0.06498138
v 0.16519531 0.01765625 0.06310638
v 0.16371091 0.02101563 0.06310638
v 0.16519531 0.01765625 0.06310638
v 0.16894531 0.01914063 0.06087981
v 0.16894531 0.01914063 0.06087981
v 0.16519531 0.01765625 0.06310638
v 0.17019531 0.01546875 0.06087981
v 0.16894531 0.01914063 0.06087981
v 0.17019531 0.01546875 0.06087981
v 0.17386721 0.01656250 0.05826263
v 0.17386721 0.01656250 0.05826263
v 0.17019531 0.01546875 0.06087981
v 0.17496092 0.01250000 0.05826263
v 0.17386721 0.01656250 0.05826263
v 0.17496092 0.01250000 0.05826263
v 0.17839842 0.01328125 0.05533294
v 0.17839842 0.01328125 0.05533294
v 0.17496092 0.01250000 0.05826263
v 0.17925781 0.00890625 0.05533294
v 0.17839842 0.01328125 0.05533294
v 0.17925781 0.00890625 0.05533294
v 0.18246092 0.00937500 0.05205169
v 0.18246092 0.00937500 0.05205169
v 0.17925781 0.00890625 0.05533294
v 0.18300781 0.00468750 0.05205169
v 0.18246092 0.00937500 0.05205169
v 0.18300781 0.00468750 0.05205169
v 0.18597660 0.00492188 0.04849700
v 0.18597660 0.00492188 0.04849700
v 0.18300781 0.00468750 0.05205169
v 0.18613281 0.00000000 0.04849700
v 0.18613281 0.00000000 0.04849700
v 0.18871092 0.00000000 0.04466888
v 0.18613281 0.00000000 0.04849700
v 0.18855471 -0.00507813 0.04466888
v 0.18855471 -0.00507813 0.04466888
v 0.19082031 -0.00523438 0.04064544
v 0.18855471 -0.00507813 0.04466888
v 0.19019531 -0.01054687 0.04064544
v 0.19082031 -0.00523438 0.04064544
v 0.19019531 -0.01054687 0.04064544
v 0.19207031 -0.01078125 0.03642669
v 0.19207031 -0.01078125 0.03642669
v 0.19019531 -0.01054687 0.04064544
v 0.19105471 -0.01609375 0.03642669
v 0.19207031 -0.01078125 0.03642669
v 0.19105471 -0.01609375 0.03642669
v 0.19246092 -0.01648438 0.03205169
v 0.19246092 -0.01648438 0.03205169
v 0.19105471 -0.01609375 0.03642669
v 0.19105471 -0.02179688 0.03205169
v 0.19105471 -0.02179688 0.03205169
v 0.19207031 -0.02210938 0.02755950
v 0.19105471 -0.02179688 0.03205169
v 0.19019531 -0.02742188 0.02755950
v 0.19207031 -0.02210938 0.02755950
v 0.19019531 -0.02742188 0.02755950
v 0.19082031 -0.02765625 0.02298919
v 0.19082031 -0.02765625 0.02298919
v 0.19019531 -0.02742188 0.02755950
v 0.18855471 -0.03281250 0.02298919
v 0.14550780 0.01734375 0.06814544
v 0.14230471 0.01382812 0.06837983
v 0.14675780 0.01539062 0.06814544
v 0.14675780 0.01539062 0.06814544
v 0.14230471 0.01382812 0.06837983
v 0.14378910 0.01101562 0.06837983
v 0.14675780 0.01539062 0.06814544
v 0.14378910 0.01101562 0.06837983
v 0.14777341 0.01335937 0.06814544
v 0.14871091 0.01125000 0.06814544
v 0.14777341 0.01335937 0.06814544
v 0.14871091 0.01125000 0.06814544
v 0.15300780 0.01289062 0.06752044
v 0.15300780 0.01289062 0.06752044
v 0.14871091 0.01125000 0.06814544
v 0.15386721 0.01046875 0.06752044
v 0.15300780 0.01289062 0.06752044
v 0.15386721 0.01046875 0.06752044
v 0.15816410 0.01171875 0.06646575
v 0.15816410 0.01171875 0.06646575
v 0.15386721 0.01046875 0.06752044
v 0.15894530 0.00890625 0.06646575
v 0.15816410 0.01171875 0.06646575
v 0.15894530 0.00890625 0.06646575
v 0.16316410 0.00984375 0.06498138
v 0.16316410 0.00984375 0.06498138
v 0.15894530 0.00890625 0.06646575
v 0.16378910 0.00656250 0.06498138
v 0.16316410 0.00984375 0.06498138
v 0.16378910 0.00656250 0.06498138
v 0.16800781 0.00718750 0.06310638
v 0.16800781 0.00718750 0.06310638
v 0.16378910 0.00656250 0.06498138
v 0.16839841 0.00359375 0.06310638
v 0.16800781 0.00718750 0.06310638
v 0.16839841 0.00359375 0.06310638
v 0.17238281 0.00390625 0.06087981
v 0.17238281 0.00390625 0.06087981
v 0.16839841 0.00359375 0.06310638
v 0.17253910 0.00000000 0.06087981
v 0.17238281 0.00390625 0.06087981
v 0.17253910 0.00000000 0.06087981
v 0.17636721 0.00000000 0.05826263
v 0.17636721 0.00000000 0.05826263
v 0.17253910 0.00000000 0.06087981
v 0.17621092 -0.00414063 0.05826263
v 0.17636721 0.00000000 0.05826263
v 0.17621092 -0.00414063 0.05826263
v 0.17972660 -0.00445313 0.05533294
v 0.17972660 -0.00445313 0.05533294
v 0.17621092 -0.00414063 0.05826263
v 0.17925781 -0.00890625 0.05533294
v 0.17972660 -0.00445313 0.05533294
v 0.17925781 -0.00890625 0.05533294
v 0.18246092 -0.00937500 0.05205169
v 0.18246092 -0.00937500 0.05205169
v 0.17925781 -0.00890625 0.05533294
v 0.18160160 -0.01398437 0.05205169
v 0.18246092 -0.00937500 0.05205169
v 0.18160160 -0.01398437 0.05205169
v 0.18449221 -0.01460937 0.04849700
v 0.18449221 -0.01460937 0.04849700
v 0.18160160 -0.01398437 0.05205169
v 0.18324221 -0.01937500 0.04849700
v 0.18449221 -0.01460937 0.04849700
v 0.18324221 -0.01937500 0.04849700
v 0.18574221 -0.02015625 0.04466888
v 0.18574221 -0.02015625 0.04466888
v 0.18324221 -0.01937500 0.04849700
v 0.18402342 -0.02500000 0.04466888
v 0.18574221 -0.02015625 0.04466888
v 0.18402342 -0.02500000 0.04466888
v 0.18613281 -0.02578125 0.04064544
v 0.18613281 -0.02578125 0.04064544
v 0.18402342 -0.02500000 0.04466888
v 0.18402342 -0.03062500 0.04064544
v 0.18613281 -0.02578125 0.04064544
v 0.18402342 -0.03062500 0.04064544
v 0.18566410 -0.03148438 0.03642669
v 0.18566410 -0.03148438 0.03642669
v 0.18402342 -0.03062500 0.04064544
v 0.18316410 -0.03625000 0.03642669
v 0.18566410 -0.03148438 0.03642669
v 0.18316410 -0.03625000 0.03642669
v 0.18449221 -0.03703125 0.03205169
v 0.18449221 -0.03703125 0.03205169
v 0.18316410 -0.03625000 0.03642669
v 0.18152342 -0.04171875 0.03205169
v 0.18449221 -0.03703125 0.03205169
v 0.18152342 -0.04171875 0.03205169
v 0.18238281 -0.04226562 0.02755950
v 0.18238281 -0.04226562 0.02755950
v 0.18152342 -0.04171875 0.03205169
v 0.17910160 -0.04679687 0.02755950
v 0.18238281 -0.04226562 0.02755950
v 0.17910160 -0.04679687 0.02755950
v 0.17957031 -0.04718750 0.02298919
v 0.17957031 -0.04718750 0.02298919
v 0.17910160 -0.04679687 0.02755950
v 0.17589842 -0.05148437 0.02298919
v 0.14496091 0.00796875 0.06837983
v 0.14949221 0.00906250 0.06814544
v 0.14949221 0.00906250 0.06814544
v 0.15386721 0.01046875 0.06752044
v 0.14949221 0.00906250 0.06814544
v 0.15449221 0.00789063 0.06752044
v 0.15386721 0.01046875 0.06752044
v 0.15449221 0.00789063 0.06752044
v 0.15894530 0.00890625 0.06646575
v 0.15894530 0.00890625 0.06646575
v 0.15449221 0.00789063 0.06752044
v 0.15949221 0.00593750 0.06646575
v 0.15949221 0.00593750 0.06646575
v 0.16378910 0.00656250 0.06498138
v 0.15949221 0.00593750 0.06646575
v 0.16417971 0.00328125 0.06498138
v 0.16378910 0.00656250 0.06498138
v 0.16417971 0.00328125 0.06498138
v 0.16839841 0.00359375 0.06310638
v 0.16839841 0.00359375 0.06310638
v 0.16417971 0.00328125 0.06498138
v 0.16847660 0.00000000 0.06310638
v 0.16839841 0.00359375 0.06310638
v 0.16847660 0.00000000 0.06310638
v 0.17253910 0.00000000 0.06087981
v 0.17253910 0.00000000 0.06087981
v 0.16847660 0.00000000 0.06310638
v 0.17238281 -0.00390625 0.06087981
v 0.17238281 -0.00390625 0.06087981
v 0.17621092 -0.00414063 0.05826263
v 0.17238281 -0.00390625 0.06087981
v 0.17574221 -0.00835938 0.05826263
v 0.17621092 -0.00414063 0.05826263
v 0.17574221 -0.00835938 0.05826263
v 0.17925781 -0.00890625 0.05533294
v 0.17925781 -0.00890625 0.05533294
v 0.17574221 -0.00835938 0.05826263
v 0.17839842 -0.01328125 0.05533294
v 0.17925781 -0.00890625 0.05533294
v 0.17839842 -0.01328125 0.05533294
v 0.18160160 -0.01398437 0.05205169
v 0.18160160 -0.01398437 0.05205169
v 0.17839842 -0.01328125 0.05533294
v 0.18042971 -0.01851563 0.05205169
v 0.18160160 -0.01398437 0.05205169
v 0.18042971 -0.01851563 0.05205169
v 0.18324221 -0.01937500 0.04849700
v 0.18324221 -0.01937500 0.04849700
v 0.18042971 -0.01851563 0.05205169
v 0.18160160 -0.02406250 0.04849700
v 0.18324221 -0.01937500 0.04849700
v 0.18160160 -0.02406250 0.04849700
v 0.18402342 -0.02500000 0.04466888
v 0.18402342 -0.02500000 0.04466888
v 0.18160160 -0.02406250 0.04849700
v 0.18199221 -0.02968750 0.04466888
v 0.18199221 -0.02968750 0.04466888
v 0.18402342 -0.03062500 0.04064544
v 0.18199221 -0.02968750 0.04466888
v 0.18160160 -0.03531250 0.04064544
v 0.18402342 -0.03062500 0.04064544
v 0.18160160 -0.03531250 0.04064544
v 0.18316410 -0.03625000 0.03642669
v 0.18316410 -0.03625000 0.03642669
v 0.18160160 -0.03531250 0.04064544
v 0.18027342 -0.04085937 0.03642669
v 0.18027342 -0.04085937 0.03642669
v 0.18152342 -0.04171875 0.03205169
v 0.18027342 -0.04085937 0.03642669
v 0.17824221 -0.04617187 0.03205169
v 0.18152342 -0.04171875 0.03205169
v 0.17824221 -0.04617187 0.03205169
v 0.17910160 -0.04679687 0.02755950
v 0.17910160 -0.04679687 0.02755950
v 0.17824221 -0.04617187 0.03205169
v 0.17542971 -0.05109375 0.02755950
v 0.17542971 -0.05109375 0.02755950
v 0.17589842 -0.05148437 0.02298919
v 0.17542971 -0.05109375 0.02755950
v 0.17191410 -0.05554687 0.02298919
v 0.14949221 0.00906250 0.06814544
v 0.14496091 0.00796875 0.06837983
v 0.15003910 0.00687500 0.06814544
v 0.14574221 0.00484375 0.06837983
v 0.15050780 0.00460938 0.06814544
v 0.14621091 0.00164063 0.06837983
v 0.15074221 0.00234375 0.06814544
v 0.15074221 0.00234375 0.06814544
v 0.14621091 0.00164063 0.06837983
v 0.15082030 0.00000000 0.06814544
v 0.15074221 0.00234375 0.06814544
v 0.15082030 0.00000000 0.06814544
v 0.15542971 0.00000000 0.06752044
v 0.15542971 0.00000000 0.06752044
v 0.15082030 0.00000000 0.06814544
v 0.15527341 -0.00265625 0.06752044
v 0.15542971 0.00000000 0.06752044
v 0.15527341 -0.00265625 0.06752044
v 0.15980471 -0.00296875 0.06646575
v 0.15980471 -0.00296875 0.06646575
v 0.15527341 -0.00265625 0.06752044
v 0.15949221 -0.00593750 0.06646575
v 0.15980471 -0.00296875 0.06646575
v 0.15949221 -0.00593750 0.06646575
v 0.16378910 -0.00656250 0.06498138
v 0.16378910 -0.00656250 0.06498138
v 0.15949221 -0.00593750 0.06646575
v 0.16316410 -0.00976563 0.06498138
v 0.16378910 -0.00656250 0.06498138
v 0.16316410 -0.00976563 0.06498138
v 0.16730471 -0.01070312 0.06310638
v 0.16730471 -0.01070312 0.06310638
v 0.16316410 -0.00976563 0.06498138
v 0.16636721 -0.01421875 0.06310638
v 0.16730471 -0.01070312 0.06310638
v 0.16636721 -0.01421875 0.06310638
v 0.17019531 -0.01539062 0.06087981
v 0.17019531 -0.01539062 0.06087981
v 0.16636721 -0.01421875 0.06310638
v 0.16894531 -0.01914063 0.06087981
v 0.17019531 -0.01539062 0.06087981
v 0.16894531 -0.01914063 0.06087981
v 0.17246092 -0.02046875 0.05826263
v 0.17246092 -0.02046875 0.05826263
v 0.16894531 -0.01914063 0.06087981
v 0.17082031 -0.02437500 0.05826263
v 0.17246092 -0.02046875 0.05826263
v 0.17082031 -0.02437500 0.05826263
v 0.17402342 -0.02585938 0.05533294
v 0.17402342 -0.02585938 0.05533294
v 0.17082031 -0.02437500 0.05826263
v 0.17199221 -0.02984375 0.05533294
v 0.17402342 -0.02585938 0.05533294
v 0.17199221 -0.02984375 0.05533294
v 0.17480471 -0.03148438 0.05205169
v 0.17480471 -0.03148438 0.05205169
v 0.17199221 -0.02984375 0.05533294
v 0.17230471 -0.03546875 0.05205169
v 0.17480471 -0.03148438 0.05205169
v 0.17230471 -0.03546875 0.05205169
v 0.17472660 -0.03710937 0.04849700
v 0.17472660 -0.03710937 0.04849700
v 0.17230471 -0.03546875 0.05205169
v 0.17183592 -0.04109375 0.04849700
v 0.17472660 -0.03710937 0.04849700
v 0.17183592 -0.04109375 0.04849700
v 0.17386721 -0.04265625 0.04466888
v 0.17386721 -0.04265625 0.04466888
v 0.17183592 -0.04109375 0.04849700
v 0.17058592 -0.04656250 0.04466888
v 0.17386721 -0.04265625 0.04466888
v 0.17058592 -0.04656250 0.04466888
v 0.17222660 -0.04812500 0.04064544
v 0.17222660 -0.04812500 0.04064544
v 0.17058592 -0.04656250 0.04466888
v 0.16847660 -0.05187500 0.04064544
v 0.17222660 -0.04812500 0.04064544
v 0.16847660 -0.05187500 0.04064544
v 0.16972660 -0.05320312 0.03642669
v 0.16972660 -0.05320312 0.03642669
v 0.16847660 -0.05187500 0.04064544
v 0.16566410 -0.05679687 0.03642669
v 0.16972660 -0.05320312 0.03642669
v 0.16566410 -0.05679687 0.03642669
v 0.16660160 -0.05789062 0.03205169
v 0.16660160 -0.05789062 0.03205169
v 0.16566410 -0.05679687 0.03642669
v 0.16214841 -0.06125000 0.03205169
v 0.16660160 -0.05789062 0.03205169
v 0.16214841 -0.06125000 0.03205169
v 0.16277341 -0.06210937 0.02755950
v 0.16277341 -0.06210937 0.02755950
v 0.16214841 -0.06125000 0.03205169
v 0.15800780 -0.06515625 0.02755950
v 0.16277341 -0.06210937 0.02755950
v 0.15800780 -0.06515625 0.02755950
v 0.15832030 -0.06570314 0.02298919
v 0.15832030 -0.06570314 0.02298919
v 0.15800780 -0.06515625 0.02755950
v 0.15332030 -0.06835939 0.02298919
v 0.14621091 -0.00156250 0.06837983
v 0.15074221 -0.00226563 0.06814544
v 0.15082030 0.00000000 0.06814544
v 0.15074221 -0.00226563 0.06814544
v 0.15527341 -0.00265625 0.06752044
v 0.15527341 -0.00265625 0.06752044
v 0.15074221 -0.00226563 0.06814544
v 0.15503910 -0.00523438 0.06752044
v 0.15503910 -0.00523438 0.06752044
v 0.15949221 -0.00593750 0.06646575
v 0.15503910 -0.00523438 0.06752044
v 0.15894530 -0.00882813 0.06646575
v 0.15894530 -0.00882813 0.06646575
v 0.16316410 -0.00976563 0.06498138
v 0.15894530 -0.00882813 0.06646575
v 0.16230471 -0.01296875 0.06498138
v 0.16230471 -0.01296875 0.06498138
v 0.16636721 -0.01421875 0.06310638
v 0.16230471 -0.01296875 0.06498138
v 0.16519531 -0.01765625 0.06310638
v 0.16636721 -0.01421875 0.06310638
v 0.16519531 -0.01765625 0.06310638
v 0.16894531 -0.01914063 0.06087981
v 0.16894531 -0.01914063 0.06087981
v 0.16519531 -0.01765625 0.06310638
v 0.16738281 -0.02273438 0.06087981
v 0.16894531 -0.01914063 0.06087981
v 0.16738281 -0.02273438 0.06087981
v 0.17082031 -0.02437500 0.05826263
v 0.17082031 -0.02437500 0.05826263
v 0.16738281 -0.02273438 0.06087981
v 0.16886721 -0.02804688 0.05826263
v 0.17082031 -0.02437500 0.05826263
v 0.16886721 -0.02804688 0.05826263
v 0.17199221 -0.02984375 0.05533294
v 0.17199221 -0.02984375 0.05533294
v 0.16886721 -0.02804688 0.05826263
v 0.16957031 -0.03359375 0.05533294
v 0.17199221 -0.02984375 0.05533294
v 0.16957031 -0.03359375 0.05533294
v 0.17230471 -0.03546875 0.05205169
v 0.17230471 -0.03546875 0.05205169
v 0.16957031 -0.03359375 0.05533294
v 0.16949221 -0.03921875 0.05205169
v 0.17230471 -0.03546875 0.05205169
v 0.16949221 -0.03921875 0.05205169
v 0.17183592 -0.04109375 0.04849700
v 0.17183592 -0.04109375 0.04849700
v 0.16949221 -0.03921875 0.05205169
v 0.16863281 -0.04484375 0.04849700
v 0.17183592 -0.04109375 0.04849700
v 0.16863281 -0.04484375 0.04849700
v 0.17058592 -0.04656250 0.04466888
v 0.17058592 -0.04656250 0.04466888
v 0.16863281 -0.04484375 0.04849700
v 0.16691410 -0.05023437 0.04466888
v 0.16691410 -0.05023437 0.04466888
v 0.16847660 -0.05187500 0.04064544
v 0.16691410 -0.05023437 0.04466888
v 0.16449221 -0.05531250 0.04064544
v 0.16847660 -0.05187500 0.04064544
v 0.16449221 -0.05531250 0.04064544
v 0.16566410 -0.05679687 0.03642669
v 0.16566410 -0.05679687 0.03642669
v 0.16449221 -0.05531250 0.04064544
v 0.16128910 -0.06000000 0.03642669
v 0.16566410 -0.05679687 0.03642669
v 0.16128910 -0.06000000 0.03642669
v 0.16214841 -0.06125000 0.03205169
v 0.16214841 -0.06125000 0.03205169
v 0.16128910 -0.06000000 0.03642669
v 0.15746091 -0.06421875 0.03205169
v 0.15746091 -0.06421875 0.03205169
v 0.15800780 -0.06515625 0.02755950
v 0.15746091 -0.06421875 0.03205169
v 0.15308591 -0.06773439 0.02755950
v 0.15800780 -0.06515625 0.02755950
v 0.15308591 -0.06773439 0.02755950
v 0.15332030 -0.06835939 0.02298919
v 0.15074221 -0.00226563 0.06814544
v 0.14621091 -0.00156250 0.06837983
v 0.15050780 -0.00453125 0.06814544
v 0.14574221 -0.00484375 0.06837983
v 0.15003910 -0.00679688 0.06814544
v 0.14496091 -0.00796875 0.06837983
v 0.14949221 -0.00906250 0.06814544
v 0.14949221 -0.00906250 0.06814544
v 0.14496091 -0.00796875 0.06837983
v 0.14871091 -0.01125000 0.06814544
v 0.14949221 -0.00906250 0.06814544
v 0.14871091 -0.01125000 0.06814544
v 0.15300780 -0.01289062 0.06752044
v 0.15300780 -0.01289062 0.06752044
v 0.14871091 -0.01125000 0.06814544
v 0.15191410 -0.01531250 0.06752044
v 0.15300780 -0.01289062 0.06752044
v 0.15191410 -0.01531250 0.06752044
v 0.15597660 -0.01726563 0.06646575
v 0.15597660 -0.01726563 0.06646575
v 0.15191410 -0.01531250 0.06752044
v 0.15457030 -0.01984375 0.06646575
v 0.15597660 -0.01726563 0.06646575
v 0.15457030 -0.01984375 0.06646575
v 0.15839841 -0.02203125 0.06498138
v 0.15839841 -0.02203125 0.06498138
v 0.15457030 -0.01984375 0.06646575
v 0.15667971 -0.02484375 0.06498138
v 0.15839841 -0.02203125 0.06498138
v 0.15667971 -0.02484375 0.06498138
v 0.16011721 -0.02726563 0.06310638
v 0.16011721 -0.02726563 0.06310638
v 0.15667971 -0.02484375 0.06498138
v 0.15800780 -0.03015625 0.06310638
v 0.16011721 -0.02726563 0.06310638
v 0.15800780 -0.03015625 0.06310638
v 0.16121091 -0.03265625 0.06087981
v 0.16121091 -0.03265625 0.06087981
v 0.15800780 -0.03015625 0.06310638
v 0.15863280 -0.03562500 0.06087981
v 0.16121091 -0.03265625 0.06087981
v 0.15863280 -0.03562500 0.06087981
v 0.16144530 -0.03820312 0.05826263
v 0.16144530 -0.03820312 0.05826263
v 0.15863280 -0.03562500 0.06087981
v 0.15847660 -0.04117187 0.05826263
v 0.16144530 -0.03820312 0.05826263
v 0.15847660 -0.04117187 0.05826263
v 0.16089841 -0.04375000 0.05533294
v 0.16089841 -0.04375000 0.05533294
v 0.15847660 -0.04117187 0.05826263
v 0.15753910 -0.04671875 0.05533294
v 0.16089841 -0.04375000 0.05533294
v 0.15753910 -0.04671875 0.05533294
v 0.15957030 -0.04921875 0.05205169
v 0.15957030 -0.04921875 0.05205169
v 0.15753910 -0.04671875 0.05533294
v 0.15582030 -0.05203125 0.05205169
v 0.15957030 -0.04921875 0.05205169
v 0.15582030 -0.05203125 0.05205169
v 0.15753910 -0.05453125 0.04849700
v 0.15753910 -0.05453125 0.04849700
v 0.15582030 -0.05203125 0.05205169
v 0.15332030 -0.05710937 0.04849700
v 0.15753910 -0.05453125 0.04849700
v 0.15332030 -0.05710937 0.04849700
v 0.15464841 -0.05937500 0.04466888
v 0.15464841 -0.05937500 0.04466888
v 0.15332030 -0.05710937 0.04849700
v 0.15011721 -0.06179687 0.04466888
v 0.15464841 -0.05937500 0.04466888
v 0.15011721 -0.06179687 0.04466888
v 0.15113280 -0.06382812 0.04064544
v 0.14378910 -0.01093750 0.06837983
v 0.14777341 -0.01335937 0.06814544
v 0.14871091 -0.01125000 0.06814544
v 0.14777341 -0.01335937 0.06814544
v 0.15191410 -0.01531250 0.06752044
v 0.14777341 -0.01335937 0.06814544
v 0.15074221 -0.01765625 0.06752044
v 0.15191410 -0.01531250 0.06752044
v 0.15074221 -0.01765625 0.06752044
v 0.15457030 -0.01984375 0.06646575
v 0.15457030 -0.01984375 0.06646575
v 0.15074221 -0.01765625 0.06752044
v 0.15300780 -0.02242188 0.06646575
v 0.15300780 -0.02242188 0.06646575
v 0.15667971 -0.02484375 0.06498138
v 0.15300780 -0.02242188 0.06646575
v 0.15472660 -0.02750000 0.06498138
v 0.15472660 -0.02750000 0.06498138
v 0.15800780 -0.03015625 0.06310638
v 0.15472660 -0.02750000 0.06498138
v 0.15566410 -0.03289062 0.06310638
v 0.15800780 -0.03015625 0.06310638
v 0.15566410 -0.03289062 0.06310638
v 0.15863280 -0.03562500 0.06087981
v 0.15863280 -0.03562500 0.06087981
v 0.15566410 -0.03289062 0.06310638
v 0.15589841 -0.03843750 0.06087981
v 0.15863280 -0.03562500 0.06087981
v 0.15589841 -0.03843750 0.06087981
v 0.15847660 -0.04117187 0.05826263
v 0.15847660 -0.04117187 0.05826263
v 0.15589841 -0.03843750 0.06087981
v 0.15535160 -0.04390625 0.05826263
v 0.15535160 -0.04390625 0.05826263
v 0.15753910 -0.04671875 0.05533294
v 0.15535160 -0.04390625 0.05826263
v 0.15394530 -0.04937500 0.05533294
v 0.15753910 -0.04671875 0.05533294
v 0.15394530 -0.04937500 0.05533294
v 0.15582030 -0.05203125 0.05205169
v 0.15582030 -0.05203125 0.05205169
v 0.15394530 -0.04937500 0.05533294
v 0.15183591 -0.05460937 0.05205169
v 0.15582030 -0.05203125 0.05205169
v 0.15183591 -0.05460937 0.05205169
v 0.15332030 -0.05710937 0.04849700
v 0.15332030 -0.05710937 0.04849700
v 0.15183591 -0.05460937 0.05205169
v 0.14902341 -0.05945312 0.04849700
v 0.15332030 -0.05710937 0.04849700
v 0.14902341 -0.05945312 0.04849700
v 0.15011721 -0.06179687 0.04466888
v 0.14675780 -0.01539062 0.06814544
v 0.14675780 -0.01539062 0.06814544
v 0.14378910 -0.01093750 0.06837983
v 0.14230471 -0.01382812 0.06837983
v 0.14675780 -0.01539062 0.06814544
v 0.14230471 -0.01382812 0.06837983
v 0.14550780 -0.01734375 0.06814544
v 0.14042971 -0.01648438 0.06837983
v 0.14417971 -0.01914063 0.06814544
v 0.14269530 -0.02093750 0.06814544
v 0.14417971 -0.01914063 0.06814544
v 0.14269530 -0.02093750 0.06814544
v 0.14605471 -0.02406250 0.06752044
v 0.14605471 -0.02406250 0.06752044
v 0.14269530 -0.02093750 0.06814544
v 0.14417971 -0.02593750 0.06752044
v 0.14605471 -0.02406250 0.06752044
v 0.14417971 -0.02593750 0.06752044
v 0.14722660 -0.02921875 0.06646575
v 0.14722660 -0.02921875 0.06646575
v 0.14417971 -0.02593750 0.06752044
v 0.14503910 -0.03117188 0.06646575
v 0.14722660 -0.02921875 0.06646575
v 0.14503910 -0.03117188 0.06646575
v 0.14777341 -0.03453125 0.06498138
v 0.14777341 -0.03453125 0.06498138
v 0.14503910 -0.03117188 0.06646575
v 0.14511721 -0.03648437 0.06498138
v 0.14777341 -0.03453125 0.06498138
v 0.14511721 -0.03648437 0.06498138
v 0.14753910 -0.04000000 0.06310638
v 0.14753910 -0.04000000 0.06310638
v 0.14511721 -0.03648437 0.06498138
v 0.14441410 -0.04195312 0.06310638
v 0.14753910 -0.04000000 0.06310638
v 0.14441410 -0.04195312 0.06310638
v 0.14652341 -0.04539062 0.06087981
v 0.14652341 -0.04539062 0.06087981
v 0.14441410 -0.04195312 0.06310638
v 0.14300780 -0.04726562 0.06087981
v 0.14652341 -0.04539062 0.06087981
v 0.14300780 -0.04726562 0.06087981
v 0.14472660 -0.05070312 0.05826263
v 0.13824221 -0.01882813 0.06837983
v 0.14269530 -0.02093750 0.06814544
v 0.13824221 -0.01882813 0.06837983
v 0.14105471 -0.02257813 0.06814544
v 0.14105471 -0.02257813 0.06814544
v 0.14417971 -0.02593750 0.06752044
v 0.14105471 -0.02257813 0.06814544
v 0.14214841 -0.02765625 0.06752044
v 0.14214841 -0.02765625 0.06752044
v 0.14503910 -0.03117188 0.06646575
v 0.14214841 -0.02765625 0.06752044
v 0.14261721 -0.03289062 0.06646575
v 0.14261721 -0.03289062 0.06646575
v 0.14511721 -0.03648437 0.06498138
v 0.14261721 -0.03289062 0.06646575
v 0.14230471 -0.03828125 0.06498138
v 0.14511721 -0.03648437 0.06498138
v 0.14230471 -0.03828125 0.06498138
v 0.14441410 -0.04195312 0.06310638
v 0.14441410 -0.04195312 0.06310638
v 0.14230471 -0.03828125 0.06498138
v 0.14128910 -0.04367187 0.06310638
v 0.14441410 -0.04195312 0.06310638
v 0.14128910 -0.04367187 0.06310638
v 0.14300780 -0.04726562 0.06087981
v 0.14105471 -0.02257813 0.06814544
v 0.13824221 -0.01882813 0.06837983
v 0.13933591 -0.02406250 0.06814544
v 0.13582030 -0.02093750 0.06837983
v 0.13746091 -0.02546875 0.06814544
v 0.13308591 -0.02273438 0.06837983
v 0.13550780 -0.02671875 0.06814544
v 0.13550780 -0.02671875 0.06814544
v 0.13308591 -0.02273438 0.06837983
v 0.13550780 -0.02671875 0.06814544
v 0.19621092 0.00000000 0.01837981
v 0.19597660 0.00570313 0.01837981
v 0.19582031 0.00570313 0.02298919
v 0.19582031 0.00570313 0.02298919
v 0.19597660 0.00570313 0.01837981
v 0.19519531 0.01132812 0.02298919
v 0.19519531 0.01132812 0.02298919
v 0.19457031 0.01117187 0.02755950
v 0.19519531 0.01132812 0.02298919
v 0.19347660 0.01671875 0.02755950
v 0.19457031 0.01117187 0.02755950
v 0.19347660 0.01671875 0.02755950
v 0.19246092 0.01648438 0.03205169
v 0.19246092 0.01648438 0.03205169
v 0.19347660 0.01671875 0.02755950
v 0.19105471 0.02179688 0.03205169
v 0.19246092 0.01648438 0.03205169
v 0.19105471 0.02179688 0.03205169
v 0.18964842 0.02140625 0.03642669
v 0.18964842 0.02140625 0.03642669
v 0.19105471 0.02179688 0.03205169
v 0.18785160 0.02656250 0.03642669
v 0.18964842 0.02140625 0.03642669
v 0.18785160 0.02656250 0.03642669
v 0.18613281 0.02585938 0.04064544
v 0.18613281 0.02585938 0.04064544
v 0.18785160 0.02656250 0.03642669
v 0.18402342 0.03070313 0.04064544
v 0.18613281 0.02585938 0.04064544
v 0.18402342 0.03070313 0.04064544
v 0.18199221 0.02976563 0.04466888
v 0.18199221 0.02976563 0.04466888
v 0.18402342 0.03070313 0.04064544
v 0.17964842 0.03429687 0.04466888
v 0.18199221 0.02976563 0.04466888
v 0.17964842 0.03429687 0.04466888
v 0.17738281 0.03296875 0.04849700
v 0.17738281 0.03296875 0.04849700
v 0.17964842 0.03429687 0.04466888
v 0.17472660 0.03710937 0.04849700
v 0.17738281 0.03296875 0.04849700
v 0.17472660 0.03710937 0.04849700
v 0.17230471 0.03546875 0.05205169
v 0.17230471 0.03546875 0.05205169
v 0.17472660 0.03710937 0.04849700
v 0.16949221 0.03929687 0.05205169
v 0.17230471 0.03546875 0.05205169
v 0.16949221 0.03929687 0.05205169
v 0.16699221 0.03726562 0.05533294
v 0.16699221 0.03726562 0.05533294
v 0.16949221 0.03929687 0.05205169
v 0.16402341 0.04062500 0.05533294
v 0.16699221 0.03726562 0.05533294
v 0.16402341 0.04062500 0.05533294
v 0.16144530 0.03828125 0.05826263
v 0.16144530 0.03828125 0.05826263
v 0.16402341 0.04062500 0.05533294
v 0.15847660 0.04125000 0.05826263
v 0.15847660 0.04125000 0.05826263
v 0.15589841 0.03843750 0.06087981
v 0.15847660 0.04125000 0.05826263
v 0.15292971 0.04101562 0.06087981
v 0.15589841 0.03843750 0.06087981
v 0.15292971 0.04101562 0.06087981
v 0.15042971 0.03789062 0.06310638
v 0.15042971 0.03789062 0.06310638
v 0.15292971 0.04101562 0.06087981
v 0.14753910 0.04000000 0.06310638
v 0.14753910 0.04000000 0.06310638
v 0.14511721 0.03656250 0.06498138
v 0.14753910 0.04000000 0.06310638
v 0.14230471 0.03835937 0.06498138
v 0.14230471 0.03835937 0.06498138
v 0.14011721 0.03453125 0.06646575
v 0.14230471 0.03835937 0.06498138
v 0.13746091 0.03593750 0.06646575
v 0.13746091 0.03593750 0.06646575
v 0.13550780 0.03195313 0.06752044
v 0.13746091 0.03593750 0.06646575
v 0.13308591 0.03296875 0.06752044
v 0.13550780 0.03195313 0.06752044
v 0.13308591 0.03296875 0.06752044
v 0.13136721 0.02875000 0.06814544
v 0.12925780 0.02953125 0.06814544
v 0.19535160 0.01132812 0.01837981
v 0.19519531 0.01132812 0.02298919
v 0.19535160 0.01132812 0.01837981
v 0.19410160 0.01687500 0.02298919
v 0.19410160 0.01687500 0.02298919
v 0.19347660 0.01671875 0.02755950
v 0.19410160 0.01687500 0.02298919
v 0.19207031 0.02210938 0.02755950
v 0.19207031 0.02210938 0.02755950
v 0.19105471 0.02179688 0.03205169
v 0.19207031 0.02210938 0.02755950
v 0.18925781 0.02703125 0.03205169
v 0.18925781 0.02703125 0.03205169
v 0.18785160 0.02656250 0.03642669
v 0.18925781 0.02703125 0.03205169
v 0.18566410 0.03148438 0.03642669
v 0.18566410 0.03148438 0.03642669
v 0.18402342 0.03070313 0.04064544
v 0.18566410 0.03148438 0.03642669
v 0.18160160 0.03539062 0.04064544
v 0.18160160 0.03539062 0.04064544
v 0.17964842 0.03429687 0.04466888
v 0.18160160 0.03539062 0.04064544
v 0.17691410 0.03859375 0.04466888
v 0.17964842 0.03429687 0.04466888
v 0.17691410 0.03859375 0.04466888
v 0.17472660 0.03710937 0.04849700
v 0.17472660 0.03710937 0.04849700
v 0.17691410 0.03859375 0.04466888
v 0.17183592 0.04109375 0.04849700
v 0.17472660 0.03710937 0.04849700
v 0.17183592 0.04109375 0.04849700
v 0.16949221 0.03929687 0.05205169
v 0.16949221 0.03929687 0.05205169
v 0.17183592 0.04109375 0.04849700
v 0.16644531 0.04289062 0.05205169
v 0.16949221 0.03929687 0.05205169
v 0.16644531 0.04289062 0.05205169
v 0.16402341 0.04062500 0.05533294
v 0.16402341 0.04062500 0.05533294
v 0.16644531 0.04289062 0.05205169
v 0.16089841 0.04382812 0.05533294
v 0.16402341 0.04062500 0.05533294
v 0.16089841 0.04382812 0.05533294
v 0.15847660 0.04125000 0.05826263
v 0.15847660 0.04125000 0.05826263
v 0.16089841 0.04382812 0.05533294
v 0.15535160 0.04398437 0.05826263
v 0.15847660 0.04125000 0.05826263
v 0.15535160 0.04398437 0.05826263
v 0.15292971 0.04101562 0.06087981
v 0.15292971 0.04101562 0.06087981
v 0.15535160 0.04398437 0.05826263
v 0.14980471 0.04335937 0.06087981
v 0.15292971 0.04101562 0.06087981
v 0.14980471 0.04335937 0.06087981
v 0.14753910 0.04000000 0.06310638
v 0.14753910 0.04000000 0.06310638
v 0.14980471 0.04335937 0.06087981
v 0.14441410 0.04195312 0.06310638
v 0.14753910 0.04000000 0.06310638
v 0.14441410 0.04195312 0.06310638
v 0.14230471 0.03835937 0.06498138
v 0.14230471 0.03835937 0.06498138
v 0.14441410 0.04195312 0.06310638
v 0.13941410 0.03992187 0.06498138
v 0.13941410 0.03992187 0.06498138
v 0.13746091 0.03593750 0.06646575
v 0.13941410 0.03992187 0.06498138
v 0.13472660 0.03718750 0.06646575
v 0.13472660 0.03718750 0.06646575
v 0.13308591 0.03296875 0.06752044
v 0.13472660 0.03718750 0.06646575
v 0.13058591 0.03390625 0.06752044
v 0.13058591 0.03390625 0.06752044
v 0.12925780 0.02953125 0.06814544
v 0.13058591 0.03390625 0.06752044
v 0.12699221 0.03015625 0.06814544
v 0.19535160 0.01132812 0.01837981
v 0.19433592 0.01687500 0.01837981
v 0.19410160 0.01687500 0.02298919
v 0.19410160 0.01687500 0.02298919
v 0.19433592 0.01687500 0.01837981
v 0.19269531 0.02234375 0.02298919
v 0.19269531 0.02234375 0.02298919
v 0.19207031 0.02210938 0.02755950
v 0.19269531 0.02234375 0.02298919
v 0.19019531 0.02742188 0.02755950
v 0.19207031 0.02210938 0.02755950
v 0.19019531 0.02742188 0.02755950
v 0.18925781 0.02703125 0.03205169
v 0.18925781 0.02703125 0.03205169
v 0.19019531 0.02742188 0.02755950
v 0.18699221 0.03210937 0.03205169
v 0.18925781 0.02703125 0.03205169
v 0.18699221 0.03210937 0.03205169
v 0.18566410 0.03148438 0.03642669
v 0.18566410 0.03148438 0.03642669
v 0.18699221 0.03210937 0.03205169
v 0.18316410 0.03632812 0.03642669
v 0.18316410 0.03632812 0.03642669
v 0.18160160 0.03539062 0.04064544
v 0.18316410 0.03632812 0.03642669
v 0.17878910 0.03984375 0.04064544
v 0.17878910 0.03984375 0.04064544
v 0.17691410 0.03859375 0.04466888
v 0.17878910 0.03984375 0.04064544
v 0.17386721 0.04273437 0.04466888
v 0.17691410 0.03859375 0.04466888
v 0.17386721 0.04273437 0.04466888
v 0.17183592 0.04109375 0.04849700
v 0.17183592 0.04109375 0.04849700
v 0.17386721 0.04273437 0.04466888
v 0.17058592 0.04664062 0.04466888
v 0.17183592 0.04109375 0.04849700
v 0.17058592 0.04664062 0.04466888
v 0.16863281 0.04484375 0.04849700
v 0.16863281 0.04484375 0.04849700
v 0.17058592 0.04664062 0.04466888
v 0.16519531 0.04835937 0.04849700
v 0.16863281 0.04484375 0.04849700
v 0.16519531 0.04835937 0.04849700
v 0.16316410 0.04617187 0.05205169
v 0.16316410 0.04617187 0.05205169
v 0.16519531 0.04835937 0.04849700
v 0.15957030 0.04929687 0.05205169
v 0.16316410 0.04617187 0.05205169
v 0.15957030 0.04929687 0.05205169
v 0.15753910 0.04671875 0.05533294
v 0.15753910 0.04671875 0.05533294
v 0.15957030 0.04929687 0.05205169
v 0.15394530 0.04945312 0.05533294
v 0.15753910 0.04671875 0.05533294
v 0.15394530 0.04945312 0.05533294
v 0.15199221 0.04648437 0.05826263
v 0.15199221 0.04648437 0.05826263
v 0.15394530 0.04945312 0.05533294
v 0.14839841 0.04875000 0.05826263
v 0.15199221 0.04648437 0.05826263
v 0.14839841 0.04875000 0.05826263
v 0.14652341 0.04546875 0.06087981
v 0.14652341 0.04546875 0.06087981
v 0.14839841 0.04875000 0.05826263
v 0.14300780 0.04734375 0.06087981
v 0.14652341 0.04546875 0.06087981
v 0.14300780 0.04734375 0.06087981
v 0.14128910 0.04367187 0.06310638
v 0.14128910 0.04367187 0.06310638
v 0.14300780 0.04734375 0.06087981
v 0.13792971 0.04515625 0.06310638
v 0.14128910 0.04367187 0.06310638
v 0.13792971 0.04515625 0.06310638
v 0.13636721 0.04125000 0.06498138
v 0.13636721 0.04125000 0.06498138
v 0.13792971 0.04515625 0.06310638
v 0.13332030 0.04234375 0.06498138
v 0.13636721 0.04125000 0.06498138
v 0.13332030 0.04234375 0.06498138
v 0.13199221 0.03820312 0.06646575
v 0.13199221 0.03820312 0.06646575
v 0.13332030 0.04234375 0.06498138
v 0.12910160 0.03898437 0.06646575
v 0.13199221 0.03820312 0.06646575
v 0.12910160 0.03898437 0.06646575
v 0.12808591 0.03460937 0.06752044
v 0.19433592 0.01687500 0.01837981
v 0.19285160 0.02242188 0.01837981
v 0.19269531 0.02234375 0.02298919
v 0.19269531 0.02234375 0.02298919
v 0.19285160 0.02242188 0.01837981
v 0.19082031 0.02765625 0.02298919
v 0.19082031 0.02765625 0.02298919
v 0.19019531 0.02742188 0.02755950
v 0.19082031 0.02765625 0.02298919
v 0.18800781 0.03257812 0.02755950
v 0.19019531 0.02742188 0.02755950
v 0.18800781 0.03257812 0.02755950
v 0.18699221 0.03210937 0.03205169
v 0.18699221 0.03210937 0.03205169
v 0.18800781 0.03257812 0.02755950
v 0.18449221 0.03703125 0.03205169
v 0.18449221 0.03703125 0.03205169
v 0.18316410 0.03632812 0.03642669
v 0.18449221 0.03703125 0.03205169
v 0.18027342 0.04093750 0.03642669
v 0.18027342 0.04093750 0.03642669
v 0.17878910 0.03984375 0.04064544
v 0.18027342 0.04093750 0.03642669
v 0.17566410 0.04414062 0.04064544
v 0.17878910 0.03984375 0.04064544
v 0.17566410 0.04414062 0.04064544
v 0.17386721 0.04273437 0.04466888
v 0.17386721 0.04273437 0.04466888
v 0.17566410 0.04414062 0.04064544
v 0.17058592 0.04664062 0.04466888
v 0.19097660 0.02773438 0.01837981
v 0.19082031 0.02765625 0.02298919
v 0.19097660 0.02773438 0.01837981
v 0.18871092 0.03296875 0.01837981
v 0.18855471 0.03289062 0.02298919
v 0.18855471 0.03289062 0.02298919
v 0.18871092 0.03296875 0.01837981
v 0.18613281 0.03796875 0.01837981
v 0.18855471 0.03289062 0.02298919
v 0.18613281 0.03796875 0.01837981
v 0.18589842 0.03789062 0.02298919
v 0.18589842 0.03789062 0.02298919
v 0.18613281 0.03796875 0.01837981
v 0.18308592 0.04281250 0.01837981
v 0.18292971 0.04265625 0.02298919
v 0.18292971 0.04265625 0.02298919
v 0.18308592 0.04281250 0.01837981
v 0.17972660 0.04734375 0.01837981
v 0.18292971 0.04265625 0.02298919
v 0.17972660 0.04734375 0.01837981
v 0.17957031 0.04726562 0.02298919
v 0.17957031 0.04726562 0.02298919
v 0.17972660 0.04734375 0.01837981
v 0.17605471 0.05171875 0.01837981
v 0.17957031 0.04726562 0.02298919
v 0.17605471 0.05171875 0.01837981
v 0.17589842 0.05156250 0.02298919
v 0.17589842 0.05156250 0.02298919
v 0.17605471 0.05171875 0.01837981
v 0.17207031 0.05570312 0.01837981
v 0.17191410 0.05554687 0.02298919
v 0.17191410 0.05554687 0.02298919
v 0.17207031 0.05570312 0.01837981
v 0.16777341 0.05945312 0.01837981
v 0.16761721 0.05929687 0.02298919
v 0.16761721 0.05929687 0.02298919
v 0.16777341 0.05945312 0.01837981
v 0.16324221 0.06281250 0.01837981
v 0.16308591 0.06265625 0.02298919
v 0.16308591 0.06265625 0.02298919
v 0.16324221 0.06281250 0.01837981
v 0.15847660 0.06585939 0.01837981
v 0.15832030 0.06570314 0.02298919
v 0.15832030 0.06570314 0.02298919
v 0.15847660 0.06585939 0.01837981
v 0.15347660 0.06859375 0.01837981
v 0.15832030 0.06570314 0.02298919
v 0.15347660 0.06859375 0.01837981
v 0.15332030 0.06835939 0.02298919
v 0.15332030 0.06835939 0.02298919
v 0.15347660 0.06859375 0.01837981
v 0.14824221 0.07085939 0.01837981
v 0.15332030 0.06835939 0.02298919
v 0.14824221 0.07085939 0.01837981
v 0.14816410 0.07070314 0.02298919
v 0.14816410 0.07070314 0.02298919
v 0.14824221 0.07085939 0.01837981
v 0.14292971 0.07281250 0.01837981
v 0.14816410 0.07070314 0.02298919
v 0.14292971 0.07281250 0.01837981
v 0.14285160 0.07257814 0.02298919
v 0.14285160 0.07257814 0.02298919
v 0.14292971 0.07281250 0.01837981
v 0.13746091 0.07429689 0.01837981
v 0.13738280 0.07406250 0.02298919
v 0.18855471 0.03289062 0.02298919
v 0.13058591 0.03390625 0.06752044
v 0.12808591 0.03460937 0.06752044
v 0.13011721 0.04320312 0.06498138
v 0.13011721 0.04320312 0.06498138
v 0.13332030 0.04234375 0.06498138
v 0.13457030 0.04640625 0.06310638
v 0.13105471 0.04734375 0.06310638
v 0.13105471 0.04734375 0.06310638
v 0.13457030 0.04640625 0.06310638
v 0.13574221 0.05023437 0.06087981
v 0.13199221 0.05125000 0.06087981
v 0.13199221 0.05125000 0.06087981
v 0.13574221 0.05023437 0.06087981
v 0.13691410 0.05382812 0.05826263
v 0.13199221 0.05125000 0.06087981
v 0.13691410 0.05382812 0.05826263
v 0.13285160 0.05500000 0.05826263
v 0.13285160 0.05500000 0.05826263
v 0.13691410 0.05382812 0.05826263
v 0.13800780 0.05726562 0.05533294
v 0.13285160 0.05500000 0.05826263
v 0.13800780 0.05726562 0.05533294
v 0.13371091 0.05843750 0.05533294
v 0.13371091 0.05843750 0.05533294
v 0.13800780 0.05726562 0.05533294
v 0.13894530 0.06031250 0.05205169
v 0.13441410 0.06156250 0.05205169
v 0.13441410 0.06156250 0.05205169
v 0.13894530 0.06031250 0.05205169
v 0.13988280 0.06312500 0.04849700
v 0.13441410 0.06156250 0.05205169
v 0.13988280 0.06312500 0.04849700
v 0.13511721 0.06445314 0.04849700
v 0.13511721 0.06445314 0.04849700
v 0.13988280 0.06312500 0.04849700
v 0.14066410 0.06562500 0.04466888
v 0.13511721 0.06445314 0.04849700
v 0.14066410 0.06562500 0.04466888
v 0.13574221 0.06703125 0.04466888
v 0.13574221 0.06703125 0.04466888
v 0.14066410 0.06562500 0.04466888
v 0.14136721 0.06781250 0.04064544
v 0.13574221 0.06703125 0.04466888
v 0.14136721 0.06781250 0.04064544
v 0.13621091 0.06921875 0.04064544
v 0.13621091 0.06921875 0.04064544
v 0.14136721 0.06781250 0.04064544
v 0.14191410 0.06960939 0.03642669
v 0.13621091 0.06921875 0.04064544
v 0.14191410 0.06960939 0.03642669
v 0.13667971 0.07101564 0.03642669
v 0.13667971 0.07101564 0.03642669
v 0.14191410 0.06960939 0.03642669
v 0.14230471 0.07093750 0.03205169
v 0.13667971 0.07101564 0.03642669
v 0.14230471 0.07093750 0.03205169
v 0.13699221 0.07242189 0.03205169
v 0.13699221 0.07242189 0.03205169
v 0.14230471 0.07093750 0.03205169
v 0.14269530 0.07195314 0.02755950
v 0.13722660 0.07343750 0.02755950
v 0.13722660 0.07343750 0.02755950
v 0.14269530 0.07195314 0.02755950
v 0.14285160 0.07257814 0.02298919
v 0.13738280 0.07406250 0.02298919
v 0.13472660 0.03718750 0.06646575
v 0.13199221 0.03820312 0.06646575
v 0.13457030 0.04640625 0.06310638
v 0.13457030 0.04640625 0.06310638
v 0.13792971 0.04515625 0.06310638
v 0.13949221 0.04890625 0.06087981
v 0.13457030 0.04640625 0.06310638
v 0.13949221 0.04890625 0.06087981
v 0.13574221 0.05023437 0.06087981
v 0.13574221 0.05023437 0.06087981
v 0.13949221 0.04890625 0.06087981
v 0.14089841 0.05242187 0.05826263
v 0.13691410 0.05382812 0.05826263
v 0.13691410 0.05382812 0.05826263
v 0.14089841 0.05242187 0.05826263
v 0.14222660 0.05570312 0.05533294
v 0.13691410 0.05382812 0.05826263
v 0.14222660 0.05570312 0.05533294
v 0.13800780 0.05726562 0.05533294
v 0.13800780 0.05726562 0.05533294
v 0.14222660 0.05570312 0.05533294
v 0.14339841 0.05875000 0.05205169
v 0.13800780 0.05726562 0.05533294
v 0.14339841 0.05875000 0.05205169
v 0.13894530 0.06031250 0.05205169
v 0.13894530 0.06031250 0.05205169
v 0.14339841 0.05875000 0.05205169
v 0.14449221 0.06148437 0.04849700
v 0.13894530 0.06031250 0.05205169
v 0.14449221 0.06148437 0.04849700
v 0.13988280 0.06312500 0.04849700
v 0.13988280 0.06312500 0.04849700
v 0.14449221 0.06148437 0.04849700
v 0.14550780 0.06390625 0.04466888
v 0.13988280 0.06312500 0.04849700
v 0.14550780 0.06390625 0.04466888
v 0.14066410 0.06562500 0.04466888
v 0.14066410 0.06562500 0.04466888
v 0.14550780 0.06390625 0.04466888
v 0.14628910 0.06601564 0.04064544
v 0.14066410 0.06562500 0.04466888
v 0.14628910 0.06601564 0.04064544
v 0.14136721 0.06781250 0.04064544
v 0.14136721 0.06781250 0.04064544
v 0.14628910 0.06601564 0.04064544
v 0.14699221 0.06773439 0.03642669
v 0.14136721 0.06781250 0.04064544
v 0.14699221 0.06773439 0.03642669
v 0.14191410 0.06960939 0.03642669
v 0.14191410 0.06960939 0.03642669
v 0.14699221 0.06773439 0.03642669
v 0.14753910 0.06914064 0.03205169
v 0.14191410 0.06960939 0.03642669
v 0.14753910 0.06914064 0.03205169
v 0.14230471 0.07093750 0.03205169
v 0.14230471 0.07093750 0.03205169
v 0.14753910 0.06914064 0.03205169
v 0.14792971 0.07007814 0.02755950
v 0.14230471 0.07093750 0.03205169
v 0.14792971 0.07007814 0.02755950
v 0.14269530 0.07195314 0.02755950
v 0.14269530 0.07195314 0.02755950
v 0.14792971 0.07007814 0.02755950
v 0.14816410 0.07070314 0.02298919
v 0.14285160 0.07257814 0.02298919
v 0.13636721 0.04125000 0.06498138
v 0.13941410 0.03992187 0.06498138
v 0.14128910 0.04367187 0.06310638
v 0.14128910 0.04367187 0.06310638
v 0.14441410 0.04195312 0.06310638
v 0.14652341 0.04546875 0.06087981
v 0.14652341 0.04546875 0.06087981
v 0.14441410 0.04195312 0.06310638
v 0.14980471 0.04335937 0.06087981
v 0.14652341 0.04546875 0.06087981
v 0.14980471 0.04335937 0.06087981
v 0.15199221 0.04648437 0.05826263
v 0.15199221 0.04648437 0.05826263
v 0.14980471 0.04335937 0.06087981
v 0.15535160 0.04398437 0.05826263
v 0.15199221 0.04648437 0.05826263
v 0.15535160 0.04398437 0.05826263
v 0.15753910 0.04671875 0.05533294
v 0.15753910 0.04671875 0.05533294
v 0.15535160 0.04398437 0.05826263
v 0.16089841 0.04382812 0.05533294
v 0.15753910 0.04671875 0.05533294
v 0.16089841 0.04382812 0.05533294
v 0.16316410 0.04617187 0.05205169
v 0.16316410 0.04617187 0.05205169
v 0.16089841 0.04382812 0.05533294
v 0.16644531 0.04289062 0.05205169
v 0.16316410 0.04617187 0.05205169
v 0.16644531 0.04289062 0.05205169
v 0.16863281 0.04484375 0.04849700
v 0.16863281 0.04484375 0.04849700
v 0.13949221 0.04890625 0.06087981
v 0.13792971 0.04515625 0.06310638
v 0.14300780 0.04734375 0.06087981
v 0.14089841 0.05242187 0.05826263
v 0.13949221 0.04890625 0.06087981
v 0.14472660 0.05070312 0.05826263
v 0.14300780 0.04734375 0.06087981
v 0.14472660 0.05070312 0.05826263
v 0.14222660 0.05570312 0.05533294
v 0.14089841 0.05242187 0.05826263
v 0.14628910 0.05390625 0.05533294
v 0.14472660 0.05070312 0.05826263
v 0.14628910 0.05390625 0.05533294
v 0.14472660 0.05070312 0.05826263
v 0.15019530 0.05179687 0.05533294
v 0.14839841 0.04875000 0.05826263
v 0.15019530 0.05179687 0.05533294
v 0.14339841 0.05875000 0.05205169
v 0.14222660 0.05570312 0.05533294
v 0.14769530 0.05687500 0.05205169
v 0.14769530 0.05687500 0.05205169
v 0.14222660 0.05570312 0.05533294
v 0.14628910 0.05390625 0.05533294
v 0.14769530 0.05687500 0.05205169
v 0.14628910 0.05390625 0.05533294
v 0.15183591 0.05460937 0.05205169
v 0.15183591 0.05460937 0.05205169
v 0.14628910 0.05390625 0.05533294
v 0.15019530 0.05179687 0.05533294
v 0.15183591 0.05460937 0.05205169
v 0.15019530 0.05179687 0.05533294
v 0.15582030 0.05210937 0.05205169
v 0.15394530 0.04945312 0.05533294
v 0.15582030 0.05210937 0.05205169
v 0.15394530 0.04945312 0.05533294
v 0.15957030 0.04929687 0.05205169
v 0.14449221 0.06148437 0.04849700
v 0.14339841 0.05875000 0.05205169
v 0.14902341 0.05953125 0.04849700
v 0.14902341 0.05953125 0.04849700
v 0.14339841 0.05875000 0.05205169
v 0.14769530 0.05687500 0.05205169
v 0.14902341 0.05953125 0.04849700
v 0.14769530 0.05687500 0.05205169
v 0.15332030 0.05718750 0.04849700
v 0.15183591 0.05460937 0.05205169
v 0.15332030 0.05718750 0.04849700
v 0.15183591 0.05460937 0.05205169
v 0.15753910 0.05453125 0.04849700
v 0.15582030 0.05210937 0.05205169
v 0.15753910 0.05453125 0.04849700
v 0.15582030 0.05210937 0.05205169
v 0.16144530 0.05156250 0.04849700
v 0.16144530 0.05156250 0.04849700
v 0.15582030 0.05210937 0.05205169
v 0.15957030 0.04929687 0.05205169
v 0.16144530 0.05156250 0.04849700
v 0.15957030 0.04929687 0.05205169
v 0.16519531 0.04835937 0.04849700
v 0.14550780 0.06390625 0.04466888
v 0.14449221 0.06148437 0.04849700
v 0.15011721 0.06187500 0.04466888
v 0.15011721 0.06187500 0.04466888
v 0.14449221 0.06148437 0.04849700
v 0.14902341 0.05953125 0.04849700
v 0.15011721 0.06187500 0.04466888
v 0.14902341 0.05953125 0.04849700
v 0.15464841 0.05945312 0.04466888
v 0.15464841 0.05945312 0.04466888
v 0.14902341 0.05953125 0.04849700
v 0.15332030 0.05718750 0.04849700
v 0.15464841 0.05945312 0.04466888
v 0.15332030 0.05718750 0.04849700
v 0.15902341 0.05671875 0.04466888
v 0.15753910 0.05453125 0.04849700
v 0.15902341 0.05671875 0.04466888
v 0.15753910 0.05453125 0.04849700
v 0.16308591 0.05359375 0.04466888
v 0.16308591 0.05359375 0.04466888
v 0.15753910 0.05453125 0.04849700
v 0.16144530 0.05156250 0.04849700
v 0.16308591 0.05359375 0.04466888
v 0.16144530 0.05156250 0.04849700
v 0.16691410 0.05023437 0.04466888
v 0.16691410 0.05023437 0.04466888
v 0.16144530 0.05156250 0.04849700
v 0.16519531 0.04835937 0.04849700
v 0.16691410 0.05023437 0.04466888
v 0.16519531 0.04835937 0.04849700
v 0.17058592 0.04664062 0.04466888
v 0.14628910 0.06601564 0.04064544
v 0.14550780 0.06390625 0.04466888
v 0.15113280 0.06390625 0.04064544
v 0.15011721 0.06187500 0.04466888
v 0.15113280 0.06390625 0.04064544
v 0.15011721 0.06187500 0.04466888
v 0.15582030 0.06140625 0.04064544
v 0.15464841 0.05945312 0.04466888
v 0.15582030 0.06140625 0.04064544
v 0.15464841 0.05945312 0.04466888
v 0.16027341 0.05851562 0.04064544
v 0.16027341 0.05851562 0.04064544
v 0.15464841 0.05945312 0.04466888
v 0.15902341 0.05671875 0.04466888
v 0.16027341 0.05851562 0.04064544
v 0.15902341 0.05671875 0.04466888
v 0.16449221 0.05539062 0.04064544
v 0.16449221 0.05539062 0.04064544
v 0.15902341 0.05671875 0.04466888
v 0.16308591 0.05359375 0.04466888
v 0.16449221 0.05539062 0.04064544
v 0.16308591 0.05359375 0.04466888
v 0.16847660 0.05187500 0.04064544
v 0.16847660 0.05187500 0.04064544
v 0.16308591 0.05359375 0.04466888
v 0.16691410 0.05023437 0.04466888
v 0.16847660 0.05187500 0.04064544
v 0.16691410 0.05023437 0.04466888
v 0.17222660 0.04812500 0.04064544
v 0.17222660 0.04812500 0.04064544
v 0.16691410 0.05023437 0.04466888
v 0.17058592 0.04664062 0.04466888
v 0.17222660 0.04812500 0.04064544
v 0.17058592 0.04664062 0.04466888
v 0.17566410 0.04414062 0.04064544
v 0.14699221 0.06773439 0.03642669
v 0.14628910 0.06601564 0.04064544
v 0.15199221 0.06554689 0.03642669
v 0.15113280 0.06390625 0.04064544
v 0.15199221 0.06554689 0.03642669
v 0.15113280 0.06390625 0.04064544
v 0.15675780 0.06296875 0.03642669
v 0.15675780 0.06296875 0.03642669
v 0.15113280 0.06390625 0.04064544
v 0.15582030 0.06140625 0.04064544
v 0.15675780 0.06296875 0.03642669
v 0.15582030 0.06140625 0.04064544
v 0.16128910 0.06007812 0.03642669
v 0.16128910 0.06007812 0.03642669
v 0.15582030 0.06140625 0.04064544
v 0.16027341 0.05851562 0.04064544
v 0.16128910 0.06007812 0.03642669
v 0.16027341 0.05851562 0.04064544
v 0.16566410 0.05679687 0.03642669
v 0.16566410 0.05679687 0.03642669
v 0.16027341 0.05851562 0.04064544
v 0.16449221 0.05539062 0.04064544
v 0.16566410 0.05679687 0.03642669
v 0.16449221 0.05539062 0.04064544
v 0.16972660 0.05328125 0.03642669
v 0.16972660 0.05328125 0.03642669
v 0.16449221 0.05539062 0.04064544
v 0.16847660 0.05187500 0.04064544
v 0.16972660 0.05328125 0.03642669
v 0.16847660 0.05187500 0.04064544
v 0.17355471 0.04937500 0.03642669
v 0.17355471 0.04937500 0.03642669
v 0.16847660 0.05187500 0.04064544
v 0.17222660 0.04812500 0.04064544
v 0.17355471 0.04937500 0.03642669
v 0.17222660 0.04812500 0.04064544
v 0.17707031 0.04531250 0.03642669
v 0.17566410 0.04414062 0.04064544
v 0.17707031 0.04531250 0.03642669
v 0.14753910 0.06914064 0.03205169
v 0.14699221 0.06773439 0.03642669
v 0.15261721 0.06687500 0.03205169
v 0.15261721 0.06687500 0.03205169
v 0.14699221 0.06773439 0.03642669
v 0.15199221 0.06554689 0.03642669
v 0.15261721 0.06687500 0.03205169
v 0.15199221 0.06554689 0.03642669
v 0.15746091 0.06421875 0.03205169
v 0.15746091 0.06421875 0.03205169
v 0.15199221 0.06554689 0.03642669
v 0.15675780 0.06296875 0.03642669
v 0.15746091 0.06421875 0.03205169
v 0.15675780 0.06296875 0.03642669
v 0.16214841 0.06125000 0.03205169
v 0.16128910 0.06007812 0.03642669
v 0.16214841 0.06125000 0.03205169
v 0.16128910 0.06007812 0.03642669
v 0.16660160 0.05796875 0.03205169
v 0.16660160 0.05796875 0.03205169
v 0.16128910 0.06007812 0.03642669
v 0.16566410 0.05679687 0.03642669
v 0.16660160 0.05796875 0.03205169
v 0.16566410 0.05679687 0.03642669
v 0.17074221 0.05437500 0.03205169
v 0.17074221 0.05437500 0.03205169
v 0.16566410 0.05679687 0.03642669
v 0.16972660 0.05328125 0.03642669
v 0.17074221 0.05437500 0.03205169
v 0.16972660 0.05328125 0.03642669
v 0.17464842 0.05039062 0.03205169
v 0.17355471 0.04937500 0.03642669
v 0.17464842 0.05039062 0.03205169
v 0.17355471 0.04937500 0.03642669
v 0.17824221 0.04617187 0.03205169
v 0.17824221 0.04617187 0.03205169
v 0.17355471 0.04937500 0.03642669
v 0.17707031 0.04531250 0.03642669
v 0.17824221 0.04617187 0.03205169
v 0.17707031 0.04531250 0.03642669
v 0.18152342 0.04171875 0.03205169
v 0.18027342 0.04093750 0.03642669
v 0.18152342 0.04171875 0.03205169
v 0.18027342 0.04093750 0.03642669
v 0.18449221 0.03703125 0.03205169
v 0.14792971 0.07007814 0.02755950
v 0.14753910 0.06914064 0.03205169
v 0.15308591 0.06781250 0.02755950
v 0.15308591 0.06781250 0.02755950
v 0.14753910 0.06914064 0.03205169
v 0.15261721 0.06687500 0.03205169
v 0.15308591 0.06781250 0.02755950
v 0.15261721 0.06687500 0.03205169
v 0.15800780 0.06515625 0.02755950
v 0.15800780 0.06515625 0.02755950
v 0.15261721 0.06687500 0.03205169
v 0.15746091 0.06421875 0.03205169
v 0.15800780 0.06515625 0.02755950
v 0.15746091 0.06421875 0.03205169
v 0.16277341 0.06210937 0.02755950
v 0.16214841 0.06125000 0.03205169
v 0.16277341 0.06210937 0.02755950
v 0.16214841 0.06125000 0.03205169
v 0.16722660 0.05882812 0.02755950
v 0.16660160 0.05796875 0.03205169
v 0.16722660 0.05882812 0.02755950
v 0.16660160 0.05796875 0.03205169
v 0.17152342 0.05507812 0.02755950
v 0.17152342 0.05507812 0.02755950
v 0.16660160 0.05796875 0.03205169
v 0.17074221 0.05437500 0.03205169
v 0.17152342 0.05507812 0.02755950
v 0.17074221 0.05437500 0.03205169
v 0.17542971 0.05109375 0.02755950
v 0.17464842 0.05039062 0.03205169
v 0.17542971 0.05109375 0.02755950
v 0.17464842 0.05039062 0.03205169
v 0.17910160 0.04687500 0.02755950
v 0.17910160 0.04687500 0.02755950
v 0.17464842 0.05039062 0.03205169
v 0.17824221 0.04617187 0.03205169
v 0.17910160 0.04687500 0.02755950
v 0.17824221 0.04617187 0.03205169
v 0.18238281 0.04234375 0.02755950
v 0.18238281 0.04234375 0.02755950
v 0.17824221 0.04617187 0.03205169
v 0.18152342 0.04171875 0.03205169
v 0.18238281 0.04234375 0.02755950
v 0.18152342 0.04171875 0.03205169
v 0.18535160 0.03757812 0.02755950
v 0.18535160 0.03757812 0.02755950
v 0.18152342 0.04171875 0.03205169
v 0.18449221 0.03703125 0.03205169
v 0.18535160 0.03757812 0.02755950
v 0.18449221 0.03703125 0.03205169
v 0.18800781 0.03257812 0.02755950
v 0.14816410 0.07070314 0.02298919
v 0.14792971 0.07007814 0.02755950
v 0.15332030 0.06835939 0.02298919
v 0.15332030 0.06835939 0.02298919
v 0.14792971 0.07007814 0.02755950
v 0.15308591 0.06781250 0.02755950
v 0.15332030 0.06835939 0.02298919
v 0.15308591 0.06781250 0.02755950
v 0.15832030 0.06570314 0.02298919
v 0.15832030 0.06570314 0.02298919
v 0.15308591 0.06781250 0.02755950
v 0.15800780 0.06515625 0.02755950
v 0.15832030 0.06570314 0.02298919
v 0.15800780 0.06515625 0.02755950
v 0.16308591 0.06265625 0.02298919
v 0.16277341 0.06210937 0.02755950
v 0.16308591 0.06265625 0.02298919
v 0.16277341 0.06210937 0.02755950
v 0.16761721 0.05929687 0.02298919
v 0.16761721 0.05929687 0.02298919
v 0.16277341 0.06210937 0.02755950
v 0.16722660 0.05882812 0.02755950
v 0.16761721 0.05929687 0.02298919
v 0.16722660 0.05882812 0.02755950
v 0.17191410 0.05554687 0.02298919
v 0.17152342 0.05507812 0.02755950
v 0.17191410 0.05554687 0.02298919
v 0.17152342 0.05507812 0.02755950
v 0.17589842 0.05156250 0.02298919
v 0.17589842 0.05156250 0.02298919
v 0.17152342 0.05507812 0.02755950
v 0.17542971 0.05109375 0.02755950
v 0.17589842 0.05156250 0.02298919
v 0.17542971 0.05109375 0.02755950
v 0.17957031 0.04726562 0.02298919
v 0.17957031 0.04726562 0.02298919
v 0.17542971 0.05109375 0.02755950
v 0.17910160 0.04687500 0.02755950
v 0.17957031 0.04726562 0.02298919
v 0.17910160 0.04687500 0.02755950
v 0.18292971 0.04265625 0.02298919
v 0.18292971 0.04265625 0.02298919
v 0.17910160 0.04687500 0.02755950
v 0.18238281 0.04234375 0.02755950
v 0.18292971 0.04265625 0.02298919
v 0.18238281 0.04234375 0.02755950
v 0.18589842 0.03789062 0.02298919
v 0.18535160 0.03757812 0.02755950
v 0.18589842 0.03789062 0.02298919
v 0.18535160 0.03757812 0.02755950
v 0.18855471 0.03289062 0.02298919
v 0.18800781 0.03257812 0.02755950
v 0.13933591 0.02414063 0.06814544
v 0.14214841 0.02765625 0.06752044
v 0.13746091 0.02546875 0.06814544
v 0.13746091 0.02546875 0.06814544
v 0.14003910 0.02921875 0.06752044
v 0.13550780 0.02671875 0.06814544
v 0.14214841 0.02765625 0.06752044
v 0.14503910 0.03117188 0.06646575
v 0.14214841 0.02765625 0.06752044
v 0.14722660 0.02921875 0.06646575
v 0.14722660 0.02921875 0.06646575
v 0.15027341 0.03242187 0.06498138
v 0.14722660 0.02921875 0.06646575
v 0.15253910 0.03007813 0.06498138
v 0.15027341 0.03242187 0.06498138
v 0.15253910 0.03007813 0.06498138
v 0.15566410 0.03296875 0.06310638
v 0.15566410 0.03296875 0.06310638
v 0.15253910 0.03007813 0.06498138
v 0.15800780 0.03015625 0.06310638
v 0.15800780 0.03015625 0.06310638
v 0.16121091 0.03265625 0.06087981
v 0.15800780 0.03015625 0.06310638
v 0.16347660 0.02953125 0.06087981
v 0.16347660 0.02953125 0.06087981
v 0.16667971 0.03164063 0.05826263
v 0.16347660 0.02953125 0.06087981
v 0.16886721 0.02812500 0.05826263
v 0.16886721 0.02812500 0.05826263
v 0.17199221 0.02984375 0.05533294
v 0.16886721 0.02812500 0.05826263
v 0.17402342 0.02593750 0.05533294
v 0.17199221 0.02984375 0.05533294
v 0.17402342 0.02593750 0.05533294
v 0.17699221 0.02734375 0.05205169
v 0.17699221 0.02734375 0.05205169
v 0.17402342 0.02593750 0.05533294
v 0.17886721 0.02304688 0.05205169
v 0.17699221 0.02734375 0.05205169
v 0.17886721 0.02304688 0.05205169
v 0.18160160 0.02406250 0.04849700
v 0.18160160 0.02406250 0.04849700
v 0.17886721 0.02304688 0.05205169
v 0.18324221 0.01945313 0.04849700
v 0.18324221 0.01945313 0.04849700
v 0.18574221 0.02023438 0.04466888
v 0.18324221 0.01945313 0.04849700
v 0.18699221 0.01523437 0.04466888
v 0.18574221 0.02023438 0.04466888
v 0.18699221 0.01523437 0.04466888
v 0.18925781 0.01578125 0.04064544
v 0.18925781 0.01578125 0.04064544
v 0.18699221 0.01523437 0.04466888
v 0.19019531 0.01054687 0.04064544
v 0.18925781 0.01578125 0.04064544
v 0.19019531 0.01054687 0.04064544
v 0.19207031 0.01085937 0.03642669
v 0.19207031 0.01085937 0.03642669
v 0.19019531 0.01054687 0.04064544
v 0.19261721 0.00546875 0.03642669
v 0.19207031 0.01085937 0.03642669
v 0.19261721 0.00546875 0.03642669
v 0.19410160 0.00554688 0.03205169
v 0.19410160 0.00554688 0.03205169
v 0.19261721 0.00546875 0.03642669
v 0.19433592 0.00000000 0.03205169
v 0.19410160 0.00554688 0.03205169
v 0.19433592 0.00000000 0.03205169
v 0.19535160 0.00000000 0.02755950
v 0.19535160 0.00000000 0.02755950
v 0.19433592 0.00000000 0.03205169
v 0.19519531 -0.00562500 0.02755950
v 0.19519531 -0.00562500 0.02755950
v 0.19582031 -0.00562500 0.02298919
v 0.19519531 -0.00562500 0.02755950
v 0.19519531 -0.01125000 0.02298919
v 0.14214841 0.02765625 0.06752044
v 0.13933591 0.02414063 0.06814544
v 0.14417971 0.02593750 0.06752044
v 0.14417971 0.02593750 0.06752044
v 0.13933591 0.02414063 0.06814544
v 0.14105471 0.02257813 0.06814544
v 0.14417971 0.02593750 0.06752044
v 0.14605471 0.02406250 0.06752044
v 0.14933591 0.02710938 0.06646575
v 0.14417971 0.02593750 0.06752044
v 0.14722660 0.02921875 0.06646575
v 0.14417971 0.02593750 0.06752044
v 0.14722660 0.02921875 0.06646575
v 0.14214841 0.02765625 0.06752044
v 0.14722660 0.02921875 0.06646575
v 0.14933591 0.02710938 0.06646575
v 0.15253910 0.03007813 0.06498138
v 0.15253910 0.03007813 0.06498138
v 0.14933591 0.02710938 0.06646575
v 0.15472660 0.02757813 0.06498138
v 0.15253910 0.03007813 0.06498138
v 0.15472660 0.02757813 0.06498138
v 0.15800780 0.03015625 0.06310638
v 0.15800780 0.03015625 0.06310638
v 0.15472660 0.02757813 0.06498138
v 0.16011721 0.02726563 0.06310638
v 0.16011721 0.02726563 0.06310638
v 0.16347660 0.02953125 0.06087981
v 0.16011721 0.02726563 0.06310638
v 0.16558591 0.02617188 0.06087981
v 0.16347660 0.02953125 0.06087981
v 0.16558591 0.02617188 0.06087981
v 0.16886721 0.02812500 0.05826263
v 0.16886721 0.02812500 0.05826263
v 0.16558591 0.02617188 0.06087981
v 0.17082031 0.02437500 0.05826263
v 0.17082031 0.02437500 0.05826263
v 0.17402342 0.02593750 0.05533294
v 0.17082031 0.02437500 0.05826263
v 0.17582031 0.02179688 0.05533294
v 0.17582031 0.02179688 0.05533294
v 0.17886721 0.02304688 0.05205169
v 0.17582031 0.02179688 0.05533294
v 0.18042971 0.01859375 0.05205169
v 0.17886721 0.02304688 0.05205169
v 0.18042971 0.01859375 0.05205169
v 0.18324221 0.01945313 0.04849700
v 0.18324221 0.01945313 0.04849700
v 0.18042971 0.01859375 0.05205169
v 0.18449221 0.01468750 0.04849700
v 0.18324221 0.01945313 0.04849700
v 0.18449221 0.01468750 0.04849700
v 0.18699221 0.01523437 0.04466888
v 0.18699221 0.01523437 0.04466888
v 0.18449221 0.01468750 0.04849700
v 0.18800781 0.01023437 0.04466888
v 0.18699221 0.01523437 0.04466888
v 0.18800781 0.01023437 0.04466888
v 0.19019531 0.01054687 0.04064544
v 0.19019531 0.01054687 0.04064544
v 0.18800781 0.01023437 0.04466888
v 0.19082031 0.00531250 0.04064544
v 0.19019531 0.01054687 0.04064544
v 0.19082031 0.00531250 0.04064544
v 0.19261721 0.00546875 0.03642669
v 0.19261721 0.00546875 0.03642669
v 0.19082031 0.00531250 0.04064544
v 0.19285160 0.00000000 0.03642669
v 0.19285160 0.00000000 0.03642669
v 0.19433592 0.00000000 0.03205169
v 0.19285160 0.00000000 0.03642669
v 0.19410160 -0.00554688 0.03205169
v 0.19433592 0.00000000 0.03205169
v 0.19410160 -0.00554688 0.03205169
v 0.19519531 -0.00562500 0.02755950
v 0.19519531 -0.00562500 0.02755950
v 0.19410160 -0.00554688 0.03205169
v 0.19457031 -0.01117187 0.02755950
v 0.19519531 -0.00562500 0.02755950
v 0.19457031 -0.01117187 0.02755950
v 0.19519531 -0.01125000 0.02298919
v 0.19519531 -0.01125000 0.02298919
v 0.19457031 -0.01117187 0.02755950
v 0.19410160 -0.01679688 0.02298919
v 0.15128910 0.02484375 0.06646575
v 0.14933591 0.02710938 0.06646575
v 0.15667971 0.02492188 0.06498138
v 0.15667971 0.02492188 0.06498138
v 0.15472660 0.02757813 0.06498138
v 0.15128910 0.02484375 0.06646575
v 0.14675780 0.01539062 0.06814544
v 0.15074221 0.01765625 0.06752044
v 0.14550780 0.01734375 0.06814544
v 0.14933591 0.01992188 0.06752044
v 0.14550780 0.01734375 0.06814544
v 0.15074221 0.01765625 0.06752044
v 0.15457030 0.01992188 0.06646575
v 0.15074221 0.01765625 0.06752044
v 0.15597660 0.01726563 0.06646575
v 0.15597660 0.01726563 0.06646575
v 0.15996091 0.01914063 0.06498138
v 0.15597660 0.01726563 0.06646575
v 0.16128910 0.01617188 0.06498138
v 0.16128910 0.01617188 0.06498138
v 0.16519531 0.01765625 0.06310638
v 0.16128910 0.01617188 0.06498138
v 0.16636721 0.01429687 0.06310638
v 0.16519531 0.01765625 0.06310638
v 0.16636721 0.01429687 0.06310638
v 0.17019531 0.01546875 0.06087981
v 0.17019531 0.01546875 0.06087981
v 0.16636721 0.01429687 0.06310638
v 0.17121092 0.01164062 0.06087981
v 0.17019531 0.01546875 0.06087981
v 0.17121092 0.01164062 0.06087981
v 0.17496092 0.01250000 0.05826263
v 0.17496092 0.01250000 0.05826263
v 0.17121092 0.01164062 0.06087981
v 0.17574221 0.00835938 0.05826263
v 0.17496092 0.01250000 0.05826263
v 0.17574221 0.00835938 0.05826263
v 0.17925781 0.00890625 0.05533294
v 0.17925781 0.00890625 0.05533294
v 0.17574221 0.00835938 0.05826263
v 0.17972660 0.00445313 0.05533294
v 0.17925781 0.00890625 0.05533294
v 0.17972660 0.00445313 0.05533294
v 0.18300781 0.00468750 0.05205169
v 0.18300781 0.00468750 0.05205169
v 0.17972660 0.00445313 0.05533294
v 0.18316410 0.00000000 0.05205169
v 0.18300781 0.00468750 0.05205169
v 0.18316410 0.00000000 0.05205169
v 0.18613281 0.00000000 0.04849700
v 0.18613281 0.00000000 0.04849700
v 0.18316410 0.00000000 0.05205169
v 0.18597660 -0.00492188 0.04849700
v 0.18597660 -0.00492188 0.04849700
v 0.18855471 -0.00507813 0.04466888
v 0.18597660 -0.00492188 0.04849700
v 0.18800781 -0.01015625 0.04466888
v 0.18855471 -0.00507813 0.04466888
v 0.18800781 -0.01015625 0.04466888
v 0.19019531 -0.01054687 0.04064544
v 0.19019531 -0.01054687 0.04064544
v 0.18800781 -0.01015625 0.04466888
v 0.18925781 -0.01570312 0.04064544
v 0.19019531 -0.01054687 0.04064544
v 0.18925781 -0.01570312 0.04064544
v 0.19105471 -0.01609375 0.03642669
v 0.19105471 -0.01609375 0.03642669
v 0.18925781 -0.01570312 0.04064544
v 0.18964842 -0.02132813 0.03642669
v 0.19105471 -0.01609375 0.03642669
v 0.18964842 -0.02132813 0.03642669
v 0.19105471 -0.02179688 0.03205169
v 0.19105471 -0.02179688 0.03205169
v 0.18964842 -0.02132813 0.03642669
v 0.18925781 -0.02703125 0.03205169
v 0.19105471 -0.02179688 0.03205169
v 0.18925781 -0.02703125 0.03205169
v 0.19019531 -0.02742188 0.02755950
v 0.19019531 -0.02742188 0.02755950
v 0.18925781 -0.02703125 0.03205169
v 0.18800781 -0.03257812 0.02755950
v 0.19019531 -0.02742188 0.02755950
v 0.18800781 -0.03257812 0.02755950
v 0.18855471 -0.03281250 0.02298919
v 0.18855471 -0.03281250 0.02298919
v 0.18800781 -0.03257812 0.02755950
v 0.18589842 -0.03781250 0.02298919
v 0.15074221 0.01765625 0.06752044
v 0.14675780 0.01539062 0.06814544
v 0.15191410 0.01531250 0.06752044
v 0.14777341 0.01335937 0.06814544
v 0.15300780 0.01289062 0.06752044
v 0.16011721 0.02726563 0.06310638
v 0.15667971 0.02492188 0.06498138
v 0.16207030 0.02421875 0.06310638
v 0.16011721 0.02726563 0.06310638
v 0.16207030 0.02421875 0.06310638
v 0.16558591 0.02617188 0.06087981
v 0.16558591 0.02617188 0.06087981
v 0.16207030 0.02421875 0.06310638
v 0.16738281 0.02273438 0.06087981
v 0.16738281 0.02273438 0.06087981
v 0.17082031 0.02437500 0.05826263
v 0.16738281 0.02273438 0.06087981
v 0.17246092 0.02054688 0.05826263
v 0.17246092 0.02054688 0.05826263
v 0.17582031 0.02179688 0.05533294
v 0.17730471 0.01757813 0.05533294
v 0.18042971 0.01859375 0.05205169
v 0.18042971 0.01859375 0.05205169
v 0.18160160 0.01398437 0.05205169
v 0.18449221 0.01468750 0.04849700
v 0.18449221 0.01468750 0.04849700
v 0.18160160 0.01398437 0.05205169
v 0.18542971 0.00984375 0.04849700
v 0.18449221 0.01468750 0.04849700
v 0.18542971 0.00984375 0.04849700
v 0.18800781 0.01023437 0.04466888
v 0.18800781 0.01023437 0.04466888
v 0.18800781 0.01023437 0.04466888
v 0.18855471 0.00515625 0.04466888
v 0.19082031 0.00531250 0.04064544
v 0.19082031 0.00531250 0.04064544
v 0.19082031 0.00531250 0.04064544
v 0.19097660 0.00000000 0.04064544
v 0.19285160 0.00000000 0.03642669
v 0.19285160 0.00000000 0.03642669
v 0.19097660 0.00000000 0.04064544
v 0.19261721 -0.00539063 0.03642669
v 0.19261721 -0.00539063 0.03642669
v 0.19410160 -0.00554688 0.03205169
v 0.19261721 -0.00539063 0.03642669
v 0.19347660 -0.01101562 0.03205169
v 0.19410160 -0.00554688 0.03205169
v 0.19347660 -0.01101562 0.03205169
v 0.19457031 -0.01117187 0.02755950
v 0.19457031 -0.01117187 0.02755950
v 0.19347660 -0.01101562 0.03205169
v 0.19347660 -0.01671875 0.02755950
v 0.19347660 -0.01671875 0.02755950
v 0.19410160 -0.01679688 0.02298919
v 0.15300780 0.01289062 0.06752044
v 0.15714841 0.01453125 0.06646575
v 0.15191410 0.01531250 0.06752044
v 0.15597660 0.01726563 0.06646575
v 0.15191410 0.01531250 0.06752044
v 0.15597660 0.01726563 0.06646575
v 0.15074221 0.01765625 0.06752044
v 0.15597660 0.01726563 0.06646575
v 0.15714841 0.01453125 0.06646575
v 0.16128910 0.01617188 0.06498138
v 0.16128910 0.01617188 0.06498138
v 0.15714841 0.01453125 0.06646575
v 0.16230471 0.01304687 0.06498138
v 0.16128910 0.01617188 0.06498138
v 0.16230471 0.01304687 0.06498138
v 0.16636721 0.01429687 0.06310638
v 0.16636721 0.01429687 0.06310638
v 0.16230471 0.01304687 0.06498138
v 0.16730471 0.01078125 0.06310638
v 0.16636721 0.01429687 0.06310638
v 0.16730471 0.01078125 0.06310638
v 0.17121092 0.01164062 0.06087981
v 0.17121092 0.01164062 0.06087981
v 0.16730471 0.01078125 0.06310638
v 0.17199221 0.00781250 0.06087981
v 0.17121092 0.01164062 0.06087981
v 0.17199221 0.00781250 0.06087981
v 0.17574221 0.00835938 0.05826263
v 0.17574221 0.00835938 0.05826263
v 0.17199221 0.00781250 0.06087981
v 0.17621092 0.00421875 0.05826263
v 0.17574221 0.00835938 0.05826263
v 0.17621092 0.00421875 0.05826263
v 0.17972660 0.00445313 0.05533294
v 0.17972660 0.00445313 0.05533294
v 0.17621092 0.00421875 0.05826263
v 0.17988281 0.00000000 0.05533294
v 0.17988281 0.00000000 0.05533294
v 0.18316410 0.00000000 0.05205169
v 0.17988281 0.00000000 0.05533294
v 0.18300781 -0.00468750 0.05205169
v 0.18316410 0.00000000 0.05205169
v 0.18300781 -0.00468750 0.05205169
v 0.18597660 -0.00492188 0.04849700
v 0.18597660 -0.00492188 0.04849700
v 0.18300781 -0.00468750 0.05205169
v 0.18542971 -0.00976563 0.04849700
v 0.18542971 -0.00976563 0.04849700
v 0.18800781 -0.01015625 0.04466888
v 0.18542971 -0.00976563 0.04849700
v 0.18699221 -0.01523437 0.04466888
v 0.18800781 -0.01015625 0.04466888
v 0.18699221 -0.01523437 0.04466888
v 0.18925781 -0.01570312 0.04064544
v 0.18925781 -0.01570312 0.04064544
v 0.18699221 -0.01523437 0.04466888
v 0.18785160 -0.02078125 0.04064544
v 0.18925781 -0.01570312 0.04064544
v 0.18785160 -0.02078125 0.04064544
v 0.18964842 -0.02132813 0.03642669
v 0.18964842 -0.02132813 0.03642669
v 0.18785160 -0.02078125 0.04064544
v 0.18785160 -0.02648438 0.03642669
v 0.18964842 -0.02132813 0.03642669
v 0.18785160 -0.02648438 0.03642669
v 0.18925781 -0.02703125 0.03205169
v 0.18925781 -0.02703125 0.03205169
v 0.18785160 -0.02648438 0.03642669
v 0.18699221 -0.03210937 0.03205169
v 0.18925781 -0.02703125 0.03205169
v 0.18699221 -0.03210937 0.03205169
v 0.18800781 -0.03257812 0.02755950
v 0.18800781 -0.03257812 0.02755950
v 0.18699221 -0.03210937 0.03205169
v 0.18535160 -0.03750000 0.02755950
v 0.18800781 -0.03257812 0.02755950
v 0.18535160 -0.03750000 0.02755950
v 0.18589842 -0.03781250 0.02298919
v 0.18589842 -0.03781250 0.02298919
v 0.18535160 -0.03750000 0.02755950
v 0.18292971 -0.04265625 0.02298919
v 0.16230471 0.01304687 0.06498138
v 0.15714841 0.01453125 0.06646575
v 0.15816410 0.01171875 0.06646575
v 0.15714841 0.01453125 0.06646575
v 0.16316410 0.00984375 0.06498138
v 0.16316410 0.00984375 0.06498138
v 0.16230471 0.01304687 0.06498138
v 0.15816410 0.01171875 0.06646575
v 0.15050780 0.00460938 0.06814544
v 0.15503910 0.00531250 0.06752044
v 0.15003910 0.00687500 0.06814544
v 0.15503910 0.00531250 0.06752044
v 0.15949221 0.00593750 0.06646575
v 0.15949221 0.00593750 0.06646575
v 0.15503910 0.00531250 0.06752044
v 0.15980471 0.00296875 0.06646575
v 0.15949221 0.00593750 0.06646575
v 0.15980471 0.00296875 0.06646575
v 0.16417971 0.00328125 0.06498138
v 0.16417971 0.00328125 0.06498138
v 0.15980471 0.00296875 0.06646575
v 0.16425781 0.00000000 0.06498138
v 0.16425781 0.00000000 0.06498138
v 0.16847660 0.00000000 0.06310638
v 0.16425781 0.00000000 0.06498138
v 0.16839841 -0.00359375 0.06310638
v 0.16847660 0.00000000 0.06310638
v 0.16839841 -0.00359375 0.06310638
v 0.17238281 -0.00390625 0.06087981
v 0.17238281 -0.00390625 0.06087981
v 0.16839841 -0.00359375 0.06310638
v 0.17199221 -0.00781250 0.06087981
v 0.17238281 -0.00390625 0.06087981
v 0.17199221 -0.00781250 0.06087981
v 0.17574221 -0.00835938 0.05826263
v 0.17574221 -0.00835938 0.05826263
v 0.17199221 -0.00781250 0.06087981
v 0.17496092 -0.01250000 0.05826263
v 0.17574221 -0.00835938 0.05826263
v 0.17496092 -0.01250000 0.05826263
v 0.17839842 -0.01328125 0.05533294
v 0.17839842 -0.01328125 0.05533294
v 0.17496092 -0.01250000 0.05826263
v 0.17730471 -0.01757813 0.05533294
v 0.17839842 -0.01328125 0.05533294
v 0.17730471 -0.01757813 0.05533294
v 0.18042971 -0.01851563 0.05205169
v 0.18042971 -0.01851563 0.05205169
v 0.17730471 -0.01757813 0.05533294
v 0.17886721 -0.02296875 0.05205169
v 0.18042971 -0.01851563 0.05205169
v 0.17886721 -0.02296875 0.05205169
v 0.18160160 -0.02406250 0.04849700
v 0.18160160 -0.02406250 0.04849700
v 0.17886721 -0.02296875 0.05205169
v 0.17964842 -0.02859375 0.04849700
v 0.17964842 -0.02859375 0.04849700
v 0.18199221 -0.02968750 0.04466888
v 0.17964842 -0.02859375 0.04849700
v 0.17964842 -0.03421875 0.04466888
v 0.17964842 -0.03421875 0.04466888
v 0.18160160 -0.03531250 0.04064544
v 0.17964842 -0.03421875 0.04466888
v 0.17878910 -0.03984375 0.04064544
v 0.18160160 -0.03531250 0.04064544
v 0.17878910 -0.03984375 0.04064544
v 0.18027342 -0.04085937 0.03642669
v 0.18027342 -0.04085937 0.03642669
v 0.17878910 -0.03984375 0.04064544
v 0.17707031 -0.04523437 0.03642669
v 0.18027342 -0.04085937 0.03642669
v 0.17707031 -0.04523437 0.03642669
v 0.17824221 -0.04617187 0.03205169
v 0.17824221 -0.04617187 0.03205169
v 0.17707031 -0.04523437 0.03642669
v 0.17464842 -0.05039062 0.03205169
v 0.17464842 -0.05039062 0.03205169
v 0.17542971 -0.05109375 0.02755950
v 0.17464842 -0.05039062 0.03205169
v 0.17152342 -0.05507812 0.02755950
v 0.17152342 -0.05507812 0.02755950
v 0.17191410 -0.05554687 0.02298919
v 0.17152342 -0.05507812 0.02755950
v 0.16761721 -0.05921875 0.02298919
v 0.15503910 0.00531250 0.06752044
v 0.15050780 0.00460938 0.06814544
v 0.15527341 0.00265625 0.06752044
v 0.15527341 0.00265625 0.06752044
v 0.15050780 0.00460938 0.06814544
v 0.15074221 0.00234375 0.06814544
v 0.15542971 0.00000000 0.06752044
v 0.16730471 0.01078125 0.06310638
v 0.16316410 0.00984375 0.06498138
v 0.16800781 0.00718750 0.06310638
v 0.16730471 0.01078125 0.06310638
v 0.16800781 0.00718750 0.06310638
v 0.17199221 0.00781250 0.06087981
v 0.17199221 0.00781250 0.06087981
v 0.16800781 0.00718750 0.06310638
v 0.17238281 0.00390625 0.06087981
v 0.17199221 0.00781250 0.06087981
v 0.17238281 0.00390625 0.06087981
v 0.17621092 0.00421875 0.05826263
v 0.17621092 0.00421875 0.05826263
v 0.17636721 0.00000000 0.05826263
v 0.17988281 0.00000000 0.05533294
v 0.17972660 -0.00445313 0.05533294
v 0.18300781 -0.00468750 0.05205169
v 0.17972660 -0.00445313 0.05533294
v 0.18246092 -0.00937500 0.05205169
v 0.18246092 -0.00937500 0.05205169
v 0.18542971 -0.00976563 0.04849700
v 0.18246092 -0.00937500 0.05205169
v 0.18449221 -0.01460937 0.04849700
v 0.18449221 -0.01460937 0.04849700
v 0.18699221 -0.01523437 0.04466888
v 0.18449221 -0.01460937 0.04849700
v 0.18574221 -0.02015625 0.04466888
v 0.18699221 -0.01523437 0.04466888
v 0.18574221 -0.02015625 0.04466888
v 0.18785160 -0.02078125 0.04064544
v 0.18785160 -0.02078125 0.04064544
v 0.18574221 -0.02015625 0.04466888
v 0.18613281 -0.02578125 0.04064544
v 0.18785160 -0.02078125 0.04064544
v 0.18613281 -0.02578125 0.04064544
v 0.18785160 -0.02648438 0.03642669
v 0.18785160 -0.02648438 0.03642669
v 0.18785160 -0.02648438 0.03642669
v 0.18566410 -0.03148438 0.03642669
v 0.18699221 -0.03210937 0.03205169
v 0.18699221 -0.03210937 0.03205169
v 0.18566410 -0.03148438 0.03642669
v 0.18449221 -0.03703125 0.03205169
v 0.18699221 -0.03210937 0.03205169
v 0.18449221 -0.03703125 0.03205169
v 0.18535160 -0.03750000 0.02755950
v 0.18535160 -0.03750000 0.02755950
v 0.18449221 -0.03703125 0.03205169
v 0.18238281 -0.04226562 0.02755950
v 0.18535160 -0.03750000 0.02755950
v 0.18238281 -0.04226562 0.02755950
v 0.18292971 -0.04265625 0.02298919
v 0.18292971 -0.04265625 0.02298919
v 0.18238281 -0.04226562 0.02755950
v 0.17957031 -0.04718750 0.02298919
v 0.15542971 0.00000000 0.06752044
v 0.15988280 0.00000000 0.06646575
v 0.15527341 0.00265625 0.06752044
v 0.15980471 0.00296875 0.06646575
v 0.15527341 0.00265625 0.06752044
v 0.15988280 0.00000000 0.06646575
v 0.16425781 0.00000000 0.06498138
v 0.15988280 0.00000000 0.06646575
v 0.16417971 -0.00328125 0.06498138
v 0.16417971 -0.00328125 0.06498138
v 0.16839841 -0.00359375 0.06310638
v 0.16417971 -0.00328125 0.06498138
v 0.16800781 -0.00718750 0.06310638
v 0.16839841 -0.00359375 0.06310638
v 0.16800781 -0.00718750 0.06310638
v 0.17199221 -0.00781250 0.06087981
v 0.17199221 -0.00781250 0.06087981
v 0.16800781 -0.00718750 0.06310638
v 0.17121092 -0.01164062 0.06087981
v 0.17199221 -0.00781250 0.06087981
v 0.17121092 -0.01164062 0.06087981
v 0.17496092 -0.01250000 0.05826263
v 0.17496092 -0.01250000 0.05826263
v 0.17121092 -0.01164062 0.06087981
v 0.17386721 -0.01656250 0.05826263
v 0.17496092 -0.01250000 0.05826263
v 0.17386721 -0.01656250 0.05826263
v 0.17730471 -0.01757813 0.05533294
v 0.17730471 -0.01757813 0.05533294
v 0.17386721 -0.01656250 0.05826263
v 0.17582031 -0.02179688 0.05533294
v 0.17730471 -0.01757813 0.05533294
v 0.17582031 -0.02179688 0.05533294
v 0.17886721 -0.02296875 0.05205169
v 0.17886721 -0.02296875 0.05205169
v 0.17582031 -0.02179688 0.05533294
v 0.17699221 -0.02726563 0.05205169
v 0.17886721 -0.02296875 0.05205169
v 0.17699221 -0.02726563 0.05205169
v 0.17964842 -0.02859375 0.04849700
v 0.17964842 -0.02859375 0.04849700
v 0.17699221 -0.02726563 0.05205169
v 0.17738281 -0.03289062 0.04849700
v 0.17964842 -0.02859375 0.04849700
v 0.17738281 -0.03289062 0.04849700
v 0.17964842 -0.03421875 0.04466888
v 0.17964842 -0.03421875 0.04466888
v 0.17738281 -0.03289062 0.04849700
v 0.17691410 -0.03859375 0.04466888
v 0.17691410 -0.03859375 0.04466888
v 0.17878910 -0.03984375 0.04064544
v 0.17691410 -0.03859375 0.04466888
v 0.17566410 -0.04406250 0.04064544
v 0.17878910 -0.03984375 0.04064544
v 0.17566410 -0.04406250 0.04064544
v 0.17707031 -0.04523437 0.03642669
v 0.17707031 -0.04523437 0.03642669
v 0.17566410 -0.04406250 0.04064544
v 0.17355471 -0.04937500 0.03642669
v 0.17355471 -0.04937500 0.03642669
v 0.17464842 -0.05039062 0.03205169
v 0.17355471 -0.04937500 0.03642669
v 0.17074221 -0.05429687 0.03205169
v 0.17464842 -0.05039062 0.03205169
v 0.17074221 -0.05429687 0.03205169
v 0.17152342 -0.05507812 0.02755950
v 0.17152342 -0.05507812 0.02755950
v 0.17074221 -0.05429687 0.03205169
v 0.16722660 -0.05875000 0.02755950
v 0.16722660 -0.05875000 0.02755950
v 0.16761721 -0.05921875 0.02298919
v 0.16722660 -0.05875000 0.02755950
v 0.16308591 -0.06265625 0.02298919
v 0.15980471 -0.00296875 0.06646575
v 0.15988280 0.00000000 0.06646575
v 0.16800781 -0.00718750 0.06310638
v 0.16417971 -0.00328125 0.06498138
v 0.16378910 -0.00656250 0.06498138
v 0.16378910 -0.00656250 0.06498138
v 0.16417971 -0.00328125 0.06498138
v 0.15980471 -0.00296875 0.06646575
v 0.15003910 -0.00679688 0.06814544
v 0.15449221 -0.00781250 0.06752044
v 0.15050780 -0.00453125 0.06814544
v 0.15503910 -0.00523438 0.06752044
v 0.15050780 -0.00453125 0.06814544
v 0.15503910 -0.00523438 0.06752044
v 0.15074221 -0.00226563 0.06814544
v 0.15503910 -0.00523438 0.06752044
v 0.15449221 -0.00781250 0.06752044
v 0.15894530 -0.00882813 0.06646575
v 0.15894530 -0.00882813 0.06646575
v 0.15449221 -0.00781250 0.06752044
v 0.15816410 -0.01171875 0.06646575
v 0.15816410 -0.01171875 0.06646575
v 0.16230471 -0.01296875 0.06498138
v 0.15816410 -0.01171875 0.06646575
v 0.16128910 -0.01609375 0.06498138
v 0.16230471 -0.01296875 0.06498138
v 0.16128910 -0.01609375 0.06498138
v 0.16519531 -0.01765625 0.06310638
v 0.16519531 -0.01765625 0.06310638
v 0.16128910 -0.01609375 0.06498138
v 0.16371091 -0.02093750 0.06310638
v 0.16519531 -0.01765625 0.06310638
v 0.16371091 -0.02093750 0.06310638
v 0.16738281 -0.02273438 0.06087981
v 0.16738281 -0.02273438 0.06087981
v 0.16371091 -0.02093750 0.06310638
v 0.16558591 -0.02617188 0.06087981
v 0.16738281 -0.02273438 0.06087981
v 0.16558591 -0.02617188 0.06087981
v 0.16886721 -0.02804688 0.05826263
v 0.16886721 -0.02804688 0.05826263
v 0.16558591 -0.02617188 0.06087981
v 0.16667971 -0.03164063 0.05826263
v 0.16886721 -0.02804688 0.05826263
v 0.16667971 -0.03164063 0.05826263
v 0.16957031 -0.03359375 0.05533294
v 0.16957031 -0.03359375 0.05533294
v 0.16667971 -0.03164063 0.05826263
v 0.16699221 -0.03718750 0.05533294
v 0.16957031 -0.03359375 0.05533294
v 0.16699221 -0.03718750 0.05533294
v 0.16949221 -0.03921875 0.05205169
v 0.16949221 -0.03921875 0.05205169
v 0.16699221 -0.03718750 0.05533294
v 0.16644531 -0.04281250 0.05205169
v 0.16644531 -0.04281250 0.05205169
v 0.16863281 -0.04484375 0.04849700
v 0.16644531 -0.04281250 0.05205169
v 0.16519531 -0.04828125 0.04849700
v 0.16519531 -0.04828125 0.04849700
v 0.16691410 -0.05023437 0.04466888
v 0.16519531 -0.04828125 0.04849700
v 0.16308591 -0.05359375 0.04466888
v 0.16691410 -0.05023437 0.04466888
v 0.16308591 -0.05359375 0.04466888
v 0.16449221 -0.05531250 0.04064544
v 0.16449221 -0.05531250 0.04064544
v 0.16308591 -0.05359375 0.04466888
v 0.16027341 -0.05851562 0.04064544
v 0.16449221 -0.05531250 0.04064544
v 0.16027341 -0.05851562 0.04064544
v 0.16128910 -0.06000000 0.03642669
v 0.16128910 -0.06000000 0.03642669
v 0.16027341 -0.05851562 0.04064544
v 0.15675780 -0.06296875 0.03642669
v 0.16128910 -0.06000000 0.03642669
v 0.15675780 -0.06296875 0.03642669
v 0.15746091 -0.06421875 0.03205169
v 0.15746091 -0.06421875 0.03205169
v 0.15675780 -0.06296875 0.03642669
v 0.15261721 -0.06679689 0.03205169
v 0.15746091 -0.06421875 0.03205169
v 0.15261721 -0.06679689 0.03205169
v 0.15308591 -0.06773439 0.02755950
v 0.15386721 -0.01039062 0.06752044
v 0.14949221 -0.00906250 0.06814544
v 0.15386721 -0.01039062 0.06752044
v 0.14949221 -0.00906250 0.06814544
v 0.15300780 -0.01289062 0.06752044
v 0.16800781 -0.00718750 0.06310638
v 0.16378910 -0.00656250 0.06498138
v 0.16730471 -0.01070312 0.06310638
v 0.16800781 -0.00718750 0.06310638
v 0.16730471 -0.01070312 0.06310638
v 0.17121092 -0.01164062 0.06087981
v 0.17121092 -0.01164062 0.06087981
v 0.17019531 -0.01539062 0.06087981
v 0.17386721 -0.01656250 0.05826263
v 0.17019531 -0.01539062 0.06087981
v 0.17246092 -0.02046875 0.05826263
v 0.17386721 -0.01656250 0.05826263
v 0.17246092 -0.02046875 0.05826263
v 0.17582031 -0.02179688 0.05533294
v 0.17582031 -0.02179688 0.05533294
v 0.17246092 -0.02046875 0.05826263
v 0.17402342 -0.02585938 0.05533294
v 0.17582031 -0.02179688 0.05533294
v 0.17402342 -0.02585938 0.05533294
v 0.17699221 -0.02726563 0.05205169
v 0.17699221 -0.02726563 0.05205169
v 0.17402342 -0.02585938 0.05533294
v 0.17480471 -0.03148438 0.05205169
v 0.17699221 -0.02726563 0.05205169
v 0.17480471 -0.03148438 0.05205169
v 0.17738281 -0.03289062 0.04849700
v 0.17738281 -0.03289062 0.04849700
v 0.17472660 -0.03710937 0.04849700
v 0.17691410 -0.03859375 0.04466888
v 0.17472660 -0.03710937 0.04849700
v 0.17386721 -0.04265625 0.04466888
v 0.17386721 -0.04265625 0.04466888
v 0.17566410 -0.04406250 0.04064544
v 0.17386721 -0.04265625 0.04466888
v 0.17222660 -0.04812500 0.04064544
v 0.17222660 -0.04812500 0.04064544
v 0.17355471 -0.04937500 0.03642669
v 0.16972660 -0.05320312 0.03642669
v 0.17074221 -0.05429687 0.03205169
v 0.16972660 -0.05320312 0.03642669
v 0.16660160 -0.05789062 0.03205169
v 0.17074221 -0.05429687 0.03205169
v 0.16660160 -0.05789062 0.03205169
v 0.16722660 -0.05875000 0.02755950
v 0.16722660 -0.05875000 0.02755950
v 0.16722660 -0.05875000 0.02755950
v 0.16277341 -0.06210937 0.02755950
v 0.16308591 -0.06265625 0.02298919
v 0.16308591 -0.06265625 0.02298919
v 0.15300780 -0.01289062 0.06752044
v 0.15714841 -0.01453125 0.06646575
v 0.15386721 -0.01039062 0.06752044
v 0.15386721 -0.01039062 0.06752044
v 0.15714841 -0.01453125 0.06646575
v 0.15816410 -0.01171875 0.06646575
v 0.15386721 -0.01039062 0.06752044
v 0.15816410 -0.01171875 0.06646575
v 0.15816410 -0.01171875 0.06646575
v 0.15714841 -0.01453125 0.06646575
v 0.16128910 -0.01609375 0.06498138
v 0.16128910 -0.01609375 0.06498138
v 0.15714841 -0.01453125 0.06646575
v 0.15996091 -0.01914063 0.06498138
v 0.16128910 -0.01609375 0.06498138
v 0.15996091 -0.01914063 0.06498138
v 0.16371091 -0.02093750 0.06310638
v 0.16371091 -0.02093750 0.06310638
v 0.15996091 -0.01914063 0.06498138
v 0.16207030 -0.02414063 0.06310638
v 0.16371091 -0.02093750 0.06310638
v 0.16207030 -0.02414063 0.06310638
v 0.16558591 -0.02617188 0.06087981
v 0.16558591 -0.02617188 0.06087981
v 0.16207030 -0.02414063 0.06310638
v 0.16347660 -0.02945313 0.06087981
v 0.16558591 -0.02617188 0.06087981
v 0.16347660 -0.02945313 0.06087981
v 0.16667971 -0.03164063 0.05826263
v 0.16667971 -0.03164063 0.05826263
v 0.16347660 -0.02945313 0.06087981
v 0.16417971 -0.03500000 0.05826263
v 0.16667971 -0.03164063 0.05826263
v 0.16417971 -0.03500000 0.05826263
v 0.16699221 -0.03718750 0.05533294
v 0.16699221 -0.03718750 0.05533294
v 0.16417971 -0.03500000 0.05826263
v 0.16402341 -0.04062500 0.05533294
v 0.16699221 -0.03718750 0.05533294
v 0.16402341 -0.04062500 0.05533294
v 0.16644531 -0.04281250 0.05205169
v 0.16644531 -0.04281250 0.05205169
v 0.16402341 -0.04062500 0.05533294
v 0.16316410 -0.04617187 0.05205169
v 0.16644531 -0.04281250 0.05205169
v 0.16316410 -0.04617187 0.05205169
v 0.16519531 -0.04828125 0.04849700
v 0.16519531 -0.04828125 0.04849700
v 0.16316410 -0.04617187 0.05205169
v 0.16144530 -0.05156250 0.04849700
v 0.16519531 -0.04828125 0.04849700
v 0.16144530 -0.05156250 0.04849700
v 0.16308591 -0.05359375 0.04466888
v 0.16308591 -0.05359375 0.04466888
v 0.16144530 -0.05156250 0.04849700
v 0.15902341 -0.05664062 0.04466888
v 0.16308591 -0.05359375 0.04466888
v 0.15902341 -0.05664062 0.04466888
v 0.16027341 -0.05851562 0.04064544
v 0.16027341 -0.05851562 0.04064544
v 0.15902341 -0.05664062 0.04466888
v 0.15582030 -0.06132812 0.04064544
v 0.16027341 -0.05851562 0.04064544
v 0.15582030 -0.06132812 0.04064544
v 0.15675780 -0.06296875 0.03642669
v 0.15675780 -0.06296875 0.03642669
v 0.15582030 -0.06132812 0.04064544
v 0.15199221 -0.06546875 0.03642669
v 0.15675780 -0.06296875 0.03642669
v 0.15199221 -0.06546875 0.03642669
v 0.15261721 -0.06679689 0.03205169
v 0.15597660 -0.01726563 0.06646575
v 0.15714841 -0.01453125 0.06646575
v 0.16207030 -0.02414063 0.06310638
v 0.15996091 -0.01914063 0.06498138
v 0.15839841 -0.02203125 0.06498138
v 0.15996091 -0.01914063 0.06498138
v 0.14550780 -0.01734375 0.06814544
v 0.14933591 -0.01992188 0.06752044
v 0.14675780 -0.01539062 0.06814544
v 0.15074221 -0.01765625 0.06752044
v 0.14675780 -0.01539062 0.06814544
v 0.14933591 -0.01992188 0.06752044
v 0.15300780 -0.02242188 0.06646575
v 0.14933591 -0.01992188 0.06752044
v 0.15128910 -0.02484375 0.06646575
v 0.15128910 -0.02484375 0.06646575
v 0.15472660 -0.02750000 0.06498138
v 0.15128910 -0.02484375 0.06646575
v 0.15253910 -0.03000000 0.06498138
v 0.15472660 -0.02750000 0.06498138
v 0.15253910 -0.03000000 0.06498138
v 0.15566410 -0.03289062 0.06310638
v 0.15566410 -0.03289062 0.06310638
v 0.15253910 -0.03000000 0.06498138
v 0.15316410 -0.03546875 0.06310638
v 0.15316410 -0.03546875 0.06310638
v 0.15589841 -0.03843750 0.06087981
v 0.15316410 -0.03546875 0.06310638
v 0.15292971 -0.04093750 0.06087981
v 0.15589841 -0.03843750 0.06087981
v 0.15292971 -0.04093750 0.06087981
v 0.15535160 -0.04390625 0.05826263
v 0.15535160 -0.04390625 0.05826263
v 0.15292971 -0.04093750 0.06087981
v 0.15199221 -0.04648437 0.05826263
v 0.15535160 -0.04390625 0.05826263
v 0.15199221 -0.04648437 0.05826263
v 0.15394530 -0.04937500 0.05533294
v 0.15394530 -0.04937500 0.05533294
v 0.15199221 -0.04648437 0.05826263
v 0.15019530 -0.05179687 0.05533294
v 0.15019530 -0.05179687 0.05533294
v 0.15183591 -0.05460937 0.05205169
v 0.15019530 -0.05179687 0.05533294
v 0.14769530 -0.05679687 0.05205169
v 0.15183591 -0.05460937 0.05205169
v 0.14769530 -0.05679687 0.05205169
v 0.14902341 -0.05945312 0.04849700
v 0.14933591 -0.01992188 0.06752044
v 0.14550780 -0.01734375 0.06814544
v 0.14777341 -0.02203125 0.06752044
v 0.14417971 -0.01914063 0.06814544
v 0.14777341 -0.02203125 0.06752044
v 0.16207030 -0.02414063 0.06310638
v 0.15839841 -0.02203125 0.06498138
v 0.16011721 -0.02726563 0.06310638
v 0.16207030 -0.02414063 0.06310638
v 0.16011721 -0.02726563 0.06310638
v 0.16347660 -0.02945313 0.06087981
v 0.16347660 -0.02945313 0.06087981
v 0.16011721 -0.02726563 0.06310638
v 0.16121091 -0.03265625 0.06087981
v 0.16347660 -0.02945313 0.06087981
v 0.16121091 -0.03265625 0.06087981
v 0.16417971 -0.03500000 0.05826263
v 0.16417971 -0.03500000 0.05826263
v 0.16417971 -0.03500000 0.05826263
v 0.16144530 -0.03820312 0.05826263
v 0.16402341 -0.04062500 0.05533294
v 0.16402341 -0.04062500 0.05533294
v 0.16402341 -0.04062500 0.05533294
v 0.16089841 -0.04375000 0.05533294
v 0.16316410 -0.04617187 0.05205169
v 0.16316410 -0.04617187 0.05205169
v 0.16089841 -0.04375000 0.05533294
v 0.15957030 -0.04921875 0.05205169
v 0.16316410 -0.04617187 0.05205169
v 0.15957030 -0.04921875 0.05205169
v 0.16144530 -0.05156250 0.04849700
v 0.16144530 -0.05156250 0.04849700
v 0.15753910 -0.05453125 0.04849700
v 0.15902341 -0.05664062 0.04466888
v 0.15753910 -0.05453125 0.04849700
v 0.15464841 -0.05937500 0.04466888
v 0.15902341 -0.05664062 0.04466888
v 0.15464841 -0.05937500 0.04466888
v 0.15582030 -0.06132812 0.04064544
v 0.15582030 -0.06132812 0.04064544
v 0.15582030 -0.06132812 0.04064544
v 0.15113280 -0.06382812 0.04064544
v 0.15199221 -0.06546875 0.03642669
v 0.14605471 -0.02406250 0.06752044
v 0.14933591 -0.02703125 0.06646575
v 0.14777341 -0.02203125 0.06752044
v 0.14777341 -0.02203125 0.06752044
v 0.14933591 -0.02703125 0.06646575
v 0.15128910 -0.02484375 0.06646575
v 0.14777341 -0.02203125 0.06752044
v 0.15128910 -0.02484375 0.06646575
v 0.14933591 -0.01992188 0.06752044
v 0.14933591 -0.02703125 0.06646575
v 0.15253910 -0.03000000 0.06498138
v 0.14933591 -0.02703125 0.06646575
v 0.15027341 -0.03234375 0.06498138
v 0.15253910 -0.03000000 0.06498138
v 0.15027341 -0.03234375 0.06498138
v 0.15316410 -0.03546875 0.06310638
v 0.15316410 -0.03546875 0.06310638
v 0.15027341 -0.03234375 0.06498138
v 0.15042971 -0.03781250 0.06310638
v 0.15316410 -0.03546875 0.06310638
v 0.15042971 -0.03781250 0.06310638
v 0.15292971 -0.04093750 0.06087981
v 0.15292971 -0.04093750 0.06087981
v 0.15042971 -0.03781250 0.06310638
v 0.14980471 -0.04328125 0.06087981
v 0.14980471 -0.04328125 0.06087981
v 0.15199221 -0.04648437 0.05826263
v 0.14980471 -0.04328125 0.06087981
v 0.14839841 -0.04867187 0.05826263
v 0.15199221 -0.04648437 0.05826263
v 0.14839841 -0.04867187 0.05826263
v 0.15019530 -0.05179687 0.05533294
v 0.15019530 -0.05179687 0.05533294
v 0.14839841 -0.04867187 0.05826263
v 0.14628910 -0.05390625 0.05533294
v 0.15019530 -0.05179687 0.05533294
v 0.14628910 -0.05390625 0.05533294
v 0.14769530 -0.05679687 0.05205169
v 0.14722660 -0.02921875 0.06646575
v 0.14722660 -0.02921875 0.06646575
v 0.14933591 -0.02703125 0.06646575
v 0.14605471 -0.02406250 0.06752044
v 0.15042971 -0.03781250 0.06310638
v 0.15027341 -0.03234375 0.06498138
v 0.14777341 -0.03453125 0.06498138
v 0.14777341 -0.03453125 0.06498138
v 0.15027341 -0.03234375 0.06498138
v 0.14722660 -0.02921875 0.06646575
v 0.13746091 -0.02546875 0.06814544
v 0.14003910 -0.02921875 0.06752044
v 0.13933591 -0.02406250 0.06814544
v 0.14214841 -0.02765625 0.06752044
v 0.13933591 -0.02406250 0.06814544
v 0.14214841 -0.02765625 0.06752044
v 0.14003910 -0.02921875 0.06752044
v 0.14261721 -0.03289062 0.06646575
v 0.14261721 -0.03289062 0.06646575
v 0.14003910 -0.02921875 0.06752044
v 0.14011721 -0.03453125 0.06646575
v 0.14261721 -0.03289062 0.06646575
v 0.14011721 -0.03453125 0.06646575
v 0.14230471 -0.03828125 0.06498138
v 0.14230471 -0.03828125 0.06498138
v 0.14011721 -0.03453125 0.06646575
v 0.13941410 -0.03984375 0.06498138
v 0.14230471 -0.03828125 0.06498138
v 0.13941410 -0.03984375 0.06498138
v 0.14128910 -0.04367187 0.06310638
v 0.14003910 -0.02921875 0.06752044
v 0.13746091 -0.02546875 0.06814544
v 0.13785160 -0.03062500 0.06752044
v 0.13550780 -0.02671875 0.06814544
v 0.13785160 -0.03062500 0.06752044
v 0.15042971 -0.03781250 0.06310638
v 0.14777341 -0.03453125 0.06498138
v 0.14753910 -0.04000000 0.06310638
v 0.14753910 -0.04000000 0.06310638
v 0.14980471 -0.04328125 0.06087981
v 0.14753910 -0.04000000 0.06310638
v 0.14652341 -0.04539062 0.06087981
v 0.14980471 -0.04328125 0.06087981
v 0.14652341 -0.04539062 0.06087981
v 0.14839841 -0.04867187 0.05826263
v 0.14839841 -0.04867187 0.05826263
v 0.14652341 -0.04539062 0.06087981
v 0.14472660 -0.05070312 0.05826263
v 0.14839841 -0.04867187 0.05826263
v 0.14472660 -0.05070312 0.05826263
v 0.14628910 -0.05390625 0.05533294
v 0.13550780 -0.03187500 0.06752044
v 0.13746091 -0.03593750 0.06646575
v 0.13785160 -0.03062500 0.06752044
v 0.14011721 -0.03453125 0.06646575
v 0.13785160 -0.03062500 0.06752044
v 0.14011721 -0.03453125 0.06646575
v 0.14003910 -0.02921875 0.06752044
v 0.13746091 -0.03593750 0.06646575
v 0.13308591 -0.03296875 0.06752044
v 0.13136721 -0.02867188 0.06814544
v 0.13058591 -0.03382812 0.06752044
v 0.13058591 -0.03382812 0.06752044
v 0.13136721 -0.02867188 0.06814544
v 0.12925780 -0.02945313 0.06814544
v 0.12925780 -0.02945313 0.06814544
v 0.12808591 -0.03453125 0.06752044
v 0.12699221 -0.03007813 0.06814544
v 0.13472660 -0.03710937 0.06646575
v 0.13308591 -0.03296875 0.06752044
v 0.13199221 -0.03812500 0.06646575
v 0.13199221 -0.03812500 0.06646575
v 0.13308591 -0.03296875 0.06752044
v 0.13058591 -0.03382812 0.06752044
v 0.13199221 -0.03812500 0.06646575
v 0.13058591 -0.03382812 0.06752044
v 0.12910160 -0.03890625 0.06646575
v 0.12808591 -0.03453125 0.06752044
v 0.13636721 -0.04117187 0.06498138
v 0.13472660 -0.03710937 0.06646575
v 0.13332030 -0.04226562 0.06498138
v 0.13199221 -0.03812500 0.06646575
v 0.13332030 -0.04226562 0.06498138
v 0.13199221 -0.03812500 0.06646575
v 0.13011721 -0.04320312 0.06498138
v 0.13011721 -0.04320312 0.06498138
v 0.13199221 -0.03812500 0.06646575
v 0.12910160 -0.03890625 0.06646575
v 0.13792971 -0.04507812 0.06310638
v 0.13636721 -0.04117187 0.06498138
v 0.13457030 -0.04632812 0.06310638
v 0.13332030 -0.04226562 0.06498138
v 0.13457030 -0.04632812 0.06310638
v 0.13332030 -0.04226562 0.06498138
v 0.13105471 -0.04726562 0.06310638
v 0.13105471 -0.04726562 0.06310638
v 0.13332030 -0.04226562 0.06498138
v 0.13011721 -0.04320312 0.06498138
v 0.13949221 -0.04882812 0.06087981
v 0.13792971 -0.04507812 0.06310638
v 0.13574221 -0.05015625 0.06087981
v 0.13574221 -0.05015625 0.06087981
v 0.13792971 -0.04507812 0.06310638
v 0.13457030 -0.04632812 0.06310638
v 0.13574221 -0.05015625 0.06087981
v 0.13457030 -0.04632812 0.06310638
v 0.13199221 -0.05125000 0.06087981
v 0.13199221 -0.05125000 0.06087981
v 0.13457030 -0.04632812 0.06310638
v 0.13105471 -0.04726562 0.06310638
v 0.14089841 -0.05242187 0.05826263
v 0.13949221 -0.04882812 0.06087981
v 0.13691410 -0.05382812 0.05826263
v 0.13574221 -0.05015625 0.06087981
v 0.13691410 -0.05382812 0.05826263
v 0.13574221 -0.05015625 0.06087981
v 0.13285160 -0.05492187 0.05826263
v 0.13285160 -0.05492187 0.05826263
v 0.13574221 -0.05015625 0.06087981
v 0.13199221 -0.05125000 0.06087981
v 0.14222660 -0.05570312 0.05533294
v 0.14089841 -0.05242187 0.05826263
v 0.13800780 -0.05718750 0.05533294
v 0.13691410 -0.05382812 0.05826263
v 0.13800780 -0.05718750 0.05533294
v 0.13691410 -0.05382812 0.05826263
v 0.13371091 -0.05835937 0.05533294
v 0.13285160 -0.05492187 0.05826263
v 0.14339841 -0.05875000 0.05205169
v 0.14222660 -0.05570312 0.05533294
v 0.13894530 -0.06031250 0.05205169
v 0.13894530 -0.06031250 0.05205169
v 0.14222660 -0.05570312 0.05533294
v 0.13800780 -0.05718750 0.05533294
v 0.13894530 -0.06031250 0.05205169
v 0.13800780 -0.05718750 0.05533294
v 0.13441410 -0.06156250 0.05205169
v 0.13371091 -0.05835937 0.05533294
v 0.14449221 -0.06148437 0.04849700
v 0.14339841 -0.05875000 0.05205169
v 0.13988280 -0.06312500 0.04849700
v 0.13988280 -0.06312500 0.04849700
v 0.14339841 -0.05875000 0.05205169
v 0.13894530 -0.06031250 0.05205169
v 0.13988280 -0.06312500 0.04849700
v 0.13894530 -0.06031250 0.05205169
v 0.13511721 -0.06445314 0.04849700
v 0.13511721 -0.06445314 0.04849700
v 0.13894530 -0.06031250 0.05205169
v 0.13441410 -0.06156250 0.05205169
v 0.14550780 -0.06390625 0.04466888
v 0.14449221 -0.06148437 0.04849700
v 0.14066410 -0.06562500 0.04466888
v 0.14066410 -0.06562500 0.04466888
v 0.14449221 -0.06148437 0.04849700
v 0.13988280 -0.06312500 0.04849700
v 0.14066410 -0.06562500 0.04466888
v 0.13988280 -0.06312500 0.04849700
v 0.13574221 -0.06695314 0.04466888
v 0.13511721 -0.06445314 0.04849700
v 0.14628910 -0.06593750 0.04064544
v 0.14550780 -0.06390625 0.04466888
v 0.14136721 -0.06773439 0.04064544
v 0.14136721 -0.06773439 0.04064544
v 0.14550780 -0.06390625 0.04466888
v 0.14066410 -0.06562500 0.04466888
v 0.14136721 -0.06773439 0.04064544
v 0.14066410 -0.06562500 0.04466888
v 0.13621091 -0.06914064 0.04064544
v 0.13621091 -0.06914064 0.04064544
v 0.14066410 -0.06562500 0.04466888
v 0.13574221 -0.06695314 0.04466888
v 0.14699221 -0.06773439 0.03642669
v 0.14628910 -0.06593750 0.04064544
v 0.14191410 -0.06953125 0.03642669
v 0.14191410 -0.06953125 0.03642669
v 0.14628910 -0.06593750 0.04064544
v 0.14136721 -0.06773439 0.04064544
v 0.14191410 -0.06953125 0.03642669
v 0.14136721 -0.06773439 0.04064544
v 0.13667971 -0.07093750 0.03642669
v 0.13667971 -0.07093750 0.03642669
v 0.14136721 -0.06773439 0.04064544
v 0.13621091 -0.06914064 0.04064544
v 0.14753910 -0.06906250 0.03205169
v 0.14699221 -0.06773439 0.03642669
v 0.14230471 -0.07093750 0.03205169
v 0.14230471 -0.07093750 0.03205169
v 0.14699221 -0.06773439 0.03642669
v 0.14191410 -0.06953125 0.03642669
v 0.14230471 -0.07093750 0.03205169
v 0.14191410 -0.06953125 0.03642669
v 0.13699221 -0.07242189 0.03205169
v 0.13699221 -0.07242189 0.03205169
v 0.14191410 -0.06953125 0.03642669
v 0.13667971 -0.07093750 0.03642669
v 0.14285160 -0.07257814 0.02298919
v 0.14816410 -0.07062500 0.02298919
v 0.14792971 -0.07007814 0.02755950
v 0.14792971 -0.07007814 0.02755950
v 0.14753910 -0.06906250 0.03205169
v 0.14269530 -0.07195314 0.02755950
v 0.14230471 -0.07093750 0.03205169
v 0.14269530 -0.07195314 0.02755950
v 0.14230471 -0.07093750 0.03205169
v 0.13722660 -0.07343750 0.02755950
v 0.13722660 -0.07343750 0.02755950
v 0.14230471 -0.07093750 0.03205169
v 0.13699221 -0.07242189 0.03205169
v 0.13722660 -0.07343750 0.02755950
v 0.13738280 -0.07406250 0.02298919
v 0.14269530 -0.07195314 0.02755950
v 0.14285160 -0.07257814 0.02298919
v 0.14269530 -0.07195314 0.02755950
v 0.14285160 -0.07257814 0.02298919
v 0.14792971 -0.07007814 0.02755950
v 0.13191410 -0.07539064 0.01837981
v 0.12925780 -0.07570314 0.01837981
v 0.13191410 -0.07539064 -0.02622956
v 0.12792971 -0.07585939 -0.02232331
v 0.12792971 -0.07585939 -0.02232331
v 0.12925780 -0.07570314 0.01837981
v 0.12667971 -0.07593750 0.01837981
v 0.12792971 -0.07585939 -0.02232331
v 0.12667971 -0.07593750 0.01837981
v 0.12402341 -0.07601564 -0.01837800
v 0.12402341 -0.07601564 -0.01837800
v 0.12667971 -0.07593750 0.01837981
v 0.12402341 -0.07601564 0.01837981
v 0.12402341 0.07601564 0.01837981
v 0.12667971 0.07593750 0.01837981
v 0.12402341 0.07601564 -0.01837800
v 0.12402341 0.07601564 -0.01837800
v 0.12667971 0.07593750 0.01837981
v 0.12792971 0.07585939 -0.02232331
v 0.12792971 0.07585939 -0.02232331
v 0.12667971 0.07593750 0.01837981
v 0.12925780 0.07578125 0.01837981
v 0.12792971 0.07585939 -0.02232331
v 0.12925780 0.07578125 0.01837981
v 0.13191410 0.07539064 -0.02622956
v 0.13191410 0.07539064 -0.02622956
v 0.12925780 0.07578125 0.01837981
v 0.13191410 0.07539064 0.01837981
v 0.19050781 0.02890625 -0.06829988
v 0.19097660 0.02773438 0.01837981
v 0.19167971 0.02601563 -0.06837800
v 0.19167971 0.02601563 -0.06837800
v 0.19097660 0.02773438 0.01837981
v 0.19285160 0.02242188 0.01837981
v 0.19167971 0.02601563 -0.06837800
v 0.19285160 0.02242188 0.01837981
v 0.19332031 0.02093750 -0.06837800
v 0.19332031 0.02093750 -0.06837800
v 0.19285160 0.02242188 0.01837981
v 0.19433592 0.01687500 0.01837981
v 0.19332031 0.02093750 -0.06837800
v 0.19433592 0.01687500 0.01837981
v 0.19457031 0.01585937 -0.06837800
v 0.19457031 0.01585937 -0.06837800
v 0.19433592 0.01687500 0.01837981
v 0.19519531 0.01242187 -0.01470613
v 0.19457031 0.01585937 -0.06837800
v 0.19519531 0.01242187 -0.01470613
v 0.19519531 0.01250000 -0.01763581
v 0.19050781 0.02890625 -0.06829988
v 0.18925781 0.03179688 -0.06806550
v 0.19097660 0.02773438 0.01837981
v 0.18871092 0.03296875 0.01837981
v 0.18871092 0.03296875 0.01837981
v 0.18925781 0.03179688 -0.06806550
v 0.18792971 0.03460937 -0.06763581
v 0.18871092 0.03296875 0.01837981
v 0.18792971 0.03460937 -0.06763581
v 0.18613281 0.03796875 0.01837981
v 0.18613281 0.03796875 0.01837981
v 0.18792971 0.03460937 -0.06763581
v 0.18644531 0.03734375 -0.06708895
v 0.18613281 0.03796875 0.01837981
v 0.18644531 0.03734375 -0.06708895
v 0.18488281 0.04007812 -0.06638581
v 0.18613281 0.03796875 0.01837981
v 0.18488281 0.04007812 -0.06638581
v 0.18308592 0.04281250 0.01837981
v 0.18308592 0.04281250 0.01837981
v 0.18488281 0.04007812 -0.06638581
v 0.18316410 0.04273437 -0.06552645
v 0.18308592 0.04281250 0.01837981
v 0.18316410 0.04273437 -0.06552645
v 0.18136721 0.04523437 -0.06454988
v 0.18308592 0.04281250 0.01837981
v 0.18136721 0.04523437 -0.06454988
v 0.17972660 0.04734375 0.01837981
v 0.17972660 0.04734375 0.01837981
v 0.18136721 0.04523437 -0.06454988
v 0.17949221 0.04765625 -0.06345612
v 0.17972660 0.04734375 0.01837981
v 0.17949221 0.04765625 -0.06345612
v 0.17753910 0.05000000 -0.06224518
v 0.17605471 0.05171875 0.01837981
v 0.17605471 0.05171875 0.01837981
v 0.17753910 0.05000000 -0.06224518
v 0.17550781 0.05226562 -0.06095612
v 0.17605471 0.05171875 0.01837981
v 0.17550781 0.05226562 -0.06095612
v 0.17347660 0.05437500 -0.05954987
v 0.17605471 0.05171875 0.01837981
v 0.17347660 0.05437500 -0.05954987
v 0.17207031 0.05570312 0.01837981
v 0.17207031 0.05570312 0.01837981
v 0.17347660 0.05437500 -0.05954987
v 0.17136721 0.05640625 -0.05810456
v 0.17207031 0.05570312 0.01837981
v 0.17136721 0.05640625 -0.05810456
v 0.16917971 0.05828125 -0.05654206
v 0.17207031 0.05570312 0.01837981
v 0.16917971 0.05828125 -0.05654206
v 0.16777341 0.05945312 0.01837981
v 0.16777341 0.05945312 0.01837981
v 0.16917971 0.05828125 -0.05654206
v 0.16699221 0.06007812 -0.05497956
v 0.16777341 0.05945312 0.01837981
v 0.16699221 0.06007812 -0.05497956
v 0.16480471 0.06171875 -0.05337800
v 0.16324221 0.06281250 0.01837981
v 0.16324221 0.06281250 0.01837981
v 0.16480471 0.06171875 -0.05337800
v 0.16261721 0.06328125 -0.05173737
v 0.16324221 0.06281250 0.01837981
v 0.16261721 0.06328125 -0.05173737
v 0.16003910 0.06492189 -0.04978425
v 0.15847660 0.06585939 0.01837981
v 0.15847660 0.06585939 0.01837981
v 0.16003910 0.06492189 -0.04978425
v 0.15746091 0.06648439 -0.04779206
v 0.15847660 0.06585939 0.01837981
v 0.15746091 0.06648439 -0.04779206
v 0.15488280 0.06789064 -0.04572175
v 0.15347660 0.06859375 0.01837981
v 0.15347660 0.06859375 0.01837981
v 0.15488280 0.06789064 -0.04572175
v 0.15222660 0.06914064 -0.04365143
v 0.15347660 0.06859375 0.01837981
v 0.15222660 0.06914064 -0.04365143
v 0.14957030 0.07031250 -0.04154206
v 0.15347660 0.06859375 0.01837981
v 0.14957030 0.07031250 -0.04154206
v 0.14824221 0.07085939 0.01837981
v 0.14824221 0.07085939 0.01837981
v 0.14957030 0.07031250 -0.04154206
v 0.14699221 0.07140625 -0.03939362
v 0.14824221 0.07085939 0.01837981
v 0.14699221 0.07140625 -0.03939362
v 0.14441410 0.07234375 -0.03728425
v 0.14824221 0.07085939 0.01837981
v 0.14441410 0.07234375 -0.03728425
v 0.14292971 0.07281250 0.01837981
v 0.14292971 0.07281250 0.01837981
v 0.14441410 0.07234375 -0.03728425
v 0.14183591 0.07312500 -0.03517487
v 0.14292971 0.07281250 0.01837981
v 0.14183591 0.07312500 -0.03517487
v 0.13941410 0.07382814 -0.03310456
v 0.14292971 0.07281250 0.01837981
v 0.13941410 0.07382814 -0.03310456
v 0.13746091 0.07429689 0.01837981
v 0.13746091 0.07429689 0.01837981
v 0.13941410 0.07382814 -0.03310456
v 0.13707030 0.07437500 -0.03107331
v 0.13746091 0.07429689 0.01837981
v 0.13707030 0.07437500 -0.03107331
v 0.13488280 0.07484375 -0.02908113
v 0.13191410 0.07539064 -0.02622956
v 0.13191410 0.07539064 0.01837981
v 0.13488280 0.07484375 -0.02908113
v 0.13488280 0.07484375 -0.02908113
v 0.13191410 0.07539064 0.01837981
v 0.13746091 0.07429689 0.01837981
v 0.19433592 0.01687500 0.01837981
v 0.19535160 0.01132812 0.01837981
v 0.19519531 0.01242187 -0.01470613
v 0.19519531 0.01242187 -0.01470613
v 0.19535160 0.01132812 0.01837981
v 0.19527342 0.01203125 -0.01177644
v 0.19527342 0.01203125 -0.01177644
v 0.19542971 0.01117187 -0.00900300
v 0.19542971 0.01117187 -0.00900300
v 0.19535160 0.01132812 0.01837981
v 0.19558592 0.01007812 -0.00634675
v 0.19558592 0.01007812 -0.00634675
v 0.19535160 0.01132812 0.01837981
v 0.19574221 0.00867188 -0.00400300
v 0.19574221 0.00867188 -0.00400300
v 0.19535160 0.01132812 0.01837981
v 0.19597660 0.00570313 0.01837981
v 0.19574221 0.00867188 -0.00400300
v 0.19597660 0.00570313 0.01837981
v 0.19589842 0.00695313 -0.00193269
v 0.19589842 0.00695313 -0.00193269
v 0.19597660 0.00570313 0.01837981
v 0.19597660 0.00601563 -0.00103425
v 0.19597660 0.00601563 -0.00103425
v 0.19597660 0.00570313 0.01837981
v 0.19605471 0.00492188 -0.00021394
v 0.19613281 0.00382813 0.00045013
v 0.19613281 0.00382813 0.00045013
v 0.19597660 0.00570313 0.01837981
v 0.19621092 0.00257813 0.00095794
v 0.19621092 0.00257813 0.00095794
v 0.19597660 0.00570313 0.01837981
v 0.19621092 0.00000000 0.01837981
v 0.19621092 0.00257813 0.00095794
v 0.19621092 0.00000000 0.01837981
v 0.19621092 0.00132813 0.00127044
v 0.19621092 0.00000000 0.00138763
v 0.19621092 -0.00132813 0.00127044
v 0.19621092 -0.00257813 0.00095794
v 0.19621092 -0.00257813 0.00095794
v 0.19621092 0.00000000 0.01837981
v 0.19597660 -0.00562500 0.01837981
v 0.19621092 -0.00257813 0.00095794
v 0.19597660 -0.00562500 0.01837981
v 0.19613281 -0.00375000 0.00045013
v 0.19605471 -0.00492188 -0.00021394
v 0.19605471 -0.00492188 -0.00021394
v 0.19597660 -0.00562500 0.01837981
v 0.19597660 -0.00593750 -0.00103425
v 0.19589842 -0.00695313 -0.00193269
v 0.19589842 -0.00695313 -0.00193269
v 0.19597660 -0.00562500 0.01837981
v 0.19574221 -0.00859375 -0.00400300
v 0.19574221 -0.00859375 -0.00400300
v 0.19597660 -0.00562500 0.01837981
v 0.19535160 -0.01132812 0.01837981
v 0.19558592 -0.01007812 -0.00638581
v 0.19558592 -0.01007812 -0.00638581
v 0.19535160 -0.01132812 0.01837981
v 0.19542971 -0.01117187 -0.00900300
v 0.19542971 -0.01117187 -0.00900300
v 0.19535160 -0.01132812 0.01837981
v 0.19527342 -0.01195312 -0.01185456
v 0.19527342 -0.01195312 -0.01185456
v 0.19535160 -0.01132812 0.01837981
v 0.19519531 -0.01242187 -0.01478425
v 0.19519531 -0.01242187 -0.01478425
v 0.19535160 -0.01132812 0.01837981
v 0.19433592 -0.01687500 0.01837981
v 0.19519531 -0.01242187 -0.01478425
v 0.19433592 -0.01687500 0.01837981
v 0.19519531 -0.01242187 -0.01775300
v 0.19457031 -0.01578125 -0.06837800
v 0.19519531 -0.01242187 -0.01775300
v 0.19457031 -0.01578125 -0.06837800
v 0.19519531 -0.01226562 -0.01919831
v 0.19519531 -0.01226562 -0.01919831
v 0.19457031 -0.01578125 -0.06837800
v 0.19550781 -0.01054687 -0.06837800
v 0.19519531 -0.01226562 -0.01919831
v 0.19550781 -0.01054687 -0.06837800
v 0.19527342 -0.01203125 -0.02064363
v 0.19527342 -0.01203125 -0.02064363
v 0.19550781 -0.01054687 -0.06837800
v 0.19535160 -0.01164062 -0.02204988
v 0.19535160 -0.01164062 -0.02204988
v 0.19550781 -0.01054687 -0.06837800
v 0.19542971 -0.01109375 -0.02345613
v 0.19542971 -0.01109375 -0.02345613
v 0.19550781 -0.01054687 -0.06837800
v 0.19550781 -0.01046875 -0.02474519
v 0.19550781 -0.01046875 -0.02474519
v 0.19550781 -0.01054687 -0.06837800
v 0.19558592 -0.00968750 -0.02599519
v 0.19558592 -0.00968750 -0.02599519
v 0.19574221 -0.00882813 -0.02712800
v 0.19574221 -0.00882813 -0.02712800
v 0.19550781 -0.01054687 -0.06837800
v 0.19582031 -0.00781250 -0.02818269
v 0.19582031 -0.00781250 -0.02818269
v 0.19550781 -0.01054687 -0.06837800
v 0.19605471 -0.00531250 -0.06837800
v 0.19582031 -0.00781250 -0.02818269
v 0.19605471 -0.00531250 -0.06837800
v 0.19589842 -0.00671875 -0.02912019
v 0.19589842 -0.00671875 -0.02912019
v 0.19605471 -0.00531250 -0.06837800
v 0.19605471 -0.00546875 -0.02986238
v 0.19605471 -0.00546875 -0.02986238
v 0.19605471 -0.00531250 -0.06837800
v 0.19613281 -0.00414063 -0.03048738
v 0.19621092 -0.00273438 -0.03091706
v 0.19621092 -0.00273438 -0.03091706
v 0.19605471 -0.00531250 -0.06837800
v 0.19621092 0.00000000 -0.06837800
v 0.19621092 -0.00273438 -0.03091706
v 0.19621092 0.00000000 -0.06837800
v 0.19621092 -0.00132813 -0.03119050
v 0.19621092 0.00007813 -0.03126863
v 0.19621092 0.00156250 -0.03119050
v 0.19621092 0.00156250 -0.03119050
v 0.19621092 0.00000000 -0.06837800
v 0.19613281 0.00296875 -0.03087800
v 0.19613281 0.00296875 -0.03087800
v 0.19621092 0.00000000 -0.06837800
v 0.19605471 0.00531250 -0.06837800
v 0.19613281 0.00296875 -0.03087800
v 0.19605471 0.00531250 -0.06837800
v 0.19613281 0.00437500 -0.03040925
v 0.19613281 0.00437500 -0.03040925
v 0.19605471 0.00531250 -0.06837800
v 0.19597660 0.00562500 -0.02978425
v 0.19597660 0.00562500 -0.02978425
v 0.19605471 0.00531250 -0.06837800
v 0.19589842 0.00687500 -0.02900300
v 0.19589842 0.00687500 -0.02900300
v 0.19605471 0.00531250 -0.06837800
v 0.19582031 0.00796875 -0.02806550
v 0.19582031 0.00796875 -0.02806550
v 0.19605471 0.00531250 -0.06837800
v 0.19550781 0.01062500 -0.06837800
v 0.19582031 0.00796875 -0.02806550
v 0.19550781 0.01062500 -0.06837800
v 0.19566410 0.00898438 -0.02701081
v 0.19566410 0.00898438 -0.02701081
v 0.19550781 0.01062500 -0.06837800
v 0.19558592 0.00984375 -0.02587800
v 0.19558592 0.00984375 -0.02587800
v 0.19550781 0.01062500 -0.06837800
v 0.19550781 0.01062500 -0.02462800
v 0.19550781 0.01062500 -0.02462800
v 0.19550781 0.01062500 -0.06837800
v 0.19542971 0.01125000 -0.02329988
v 0.19542971 0.01125000 -0.02329988
v 0.19550781 0.01062500 -0.06837800
v 0.19535160 0.01171875 -0.02193269
v 0.19535160 0.01171875 -0.02193269
v 0.19550781 0.01062500 -0.06837800
v 0.19527342 0.01210937 -0.02052644
v 0.19527342 0.01210937 -0.02052644
v 0.19550781 0.01062500 -0.06837800
v 0.19519531 0.01234375 -0.01912019
v 0.19519531 0.01234375 -0.01912019
v 0.19550781 0.01062500 -0.06837800
v 0.19457031 0.01585937 -0.06837800
v 0.19519531 0.01234375 -0.01912019
v 0.19457031 0.01585937 -0.06837800
v 0.19519531 0.01250000 -0.01763581
v 0.19457031 -0.01578125 -0.06837800
v 0.19433592 -0.01687500 0.01837981
v 0.19332031 -0.02093750 -0.06837800
v 0.19332031 -0.02093750 -0.06837800
v 0.19433592 -0.01687500 0.01837981
v 0.19285160 -0.02234375 0.01837981
v 0.19332031 -0.02093750 -0.06837800
v 0.19285160 -0.02234375 0.01837981
v 0.19167971 -0.02601563 -0.06837800
v 0.19167971 -0.02601563 -0.06837800
v 0.19285160 -0.02234375 0.01837981
v 0.19097660 -0.02773438 0.01837981
v 0.19167971 -0.02601563 -0.06837800
v 0.19097660 -0.02773438 0.01837981
v 0.19050781 -0.02890625 -0.06829988
v 0.19050781 -0.02890625 -0.06829988
v 0.19097660 -0.02773438 0.01837981
v 0.18925781 -0.03171875 -0.06806550
v 0.18925781 -0.03171875 -0.06806550
v 0.19097660 -0.02773438 0.01837981
v 0.18871092 -0.03289062 0.01837981
v 0.18925781 -0.03171875 -0.06806550
v 0.18871092 -0.03289062 0.01837981
v 0.18792971 -0.03460937 -0.06763581
v 0.18792971 -0.03460937 -0.06763581
v 0.18871092 -0.03289062 0.01837981
v 0.18613281 -0.03796875 0.01837981
v 0.18792971 -0.03460937 -0.06763581
v 0.18613281 -0.03796875 0.01837981
v 0.18644531 -0.03734375 -0.06708895
v 0.18644531 -0.03734375 -0.06708895
v 0.18613281 -0.03796875 0.01837981
v 0.18488281 -0.04007812 -0.06638581
v 0.18488281 -0.04007812 -0.06638581
v 0.18613281 -0.03796875 0.01837981
v 0.18308592 -0.04273437 0.01837981
v 0.18488281 -0.04007812 -0.06638581
v 0.18308592 -0.04273437 0.01837981
v 0.18316410 -0.04265625 -0.06552645
v 0.18316410 -0.04265625 -0.06552645
v 0.18308592 -0.04273437 0.01837981
v 0.18136721 -0.04523437 -0.06454988
v 0.18136721 -0.04523437 -0.06454988
v 0.18308592 -0.04273437 0.01837981
v 0.17972660 -0.04734375 0.01837981
v 0.18136721 -0.04523437 -0.06454988
v 0.17972660 -0.04734375 0.01837981
v 0.17949221 -0.04765625 -0.06345612
v 0.17949221 -0.04765625 -0.06345612
v 0.17972660 -0.04734375 0.01837981
v 0.17753910 -0.05000000 -0.06224518
v 0.17753910 -0.05000000 -0.06224518
v 0.17972660 -0.04734375 0.01837981
v 0.17605471 -0.05164062 0.01837981
v 0.17753910 -0.05000000 -0.06224518
v 0.17605471 -0.05164062 0.01837981
v 0.17550781 -0.05226562 -0.06095612
v 0.17550781 -0.05226562 -0.06095612
v 0.17605471 -0.05164062 0.01837981
v 0.17347660 -0.05437500 -0.05954987
v 0.17347660 -0.05437500 -0.05954987
v 0.17605471 -0.05164062 0.01837981
v 0.17207031 -0.05570312 0.01837981
v 0.17347660 -0.05437500 -0.05954987
v 0.17207031 -0.05570312 0.01837981
v 0.17136721 -0.05640625 -0.05810456
v 0.17136721 -0.05640625 -0.05810456
v 0.17207031 -0.05570312 0.01837981
v 0.16917971 -0.05828125 -0.05654206
v 0.16777341 -0.05937500 0.01837981
v 0.16917971 -0.05828125 -0.05654206
v 0.16777341 -0.05937500 0.01837981
v 0.16699221 -0.06007812 -0.05497956
v 0.16699221 -0.06007812 -0.05497956
v 0.16777341 -0.05937500 0.01837981
v 0.16480471 -0.06171875 -0.05337800
v 0.16324221 -0.06281250 0.01837981
v 0.16480471 -0.06171875 -0.05337800
v 0.16324221 -0.06281250 0.01837981
v 0.16261721 -0.06320312 -0.05173737
v 0.16261721 -0.06320312 -0.05173737
v 0.16324221 -0.06281250 0.01837981
v 0.16003910 -0.06484375 -0.04978425
v 0.15847660 -0.06585939 0.01837981
v 0.16003910 -0.06484375 -0.04978425
v 0.15847660 -0.06585939 0.01837981
v 0.15746091 -0.06640625 -0.04779206
v 0.15746091 -0.06640625 -0.04779206
v 0.15847660 -0.06585939 0.01837981
v 0.15488280 -0.06781250 -0.04572175
v 0.15488280 -0.06781250 -0.04572175
v 0.15847660 -0.06585939 0.01837981
v 0.15347660 -0.06851564 0.01837981
v 0.15488280 -0.06781250 -0.04572175
v 0.15347660 -0.06851564 0.01837981
v 0.15222660 -0.06914064 -0.04365143
v 0.15222660 -0.06914064 -0.04365143
v 0.15347660 -0.06851564 0.01837981
v 0.14957030 -0.07031250 -0.04154206
v 0.14957030 -0.07031250 -0.04154206
v 0.15347660 -0.06851564 0.01837981
v 0.14824221 -0.07085939 0.01837981
v 0.14957030 -0.07031250 -0.04154206
v 0.14824221 -0.07085939 0.01837981
v 0.14699221 -0.07132814 -0.03939362
v 0.14699221 -0.07132814 -0.03939362
v 0.14824221 -0.07085939 0.01837981
v 0.14441410 -0.07226564 -0.03728425
v 0.14441410 -0.07226564 -0.03728425
v 0.14824221 -0.07085939 0.01837981
v 0.14292971 -0.07273439 0.01837981
v 0.14441410 -0.07226564 -0.03728425
v 0.14292971 -0.07273439 0.01837981
v 0.14183591 -0.07304689 -0.03517487
v 0.14183591 -0.07304689 -0.03517487
v 0.14292971 -0.07273439 0.01837981
v 0.13941410 -0.07375000 -0.03310456
v 0.13941410 -0.07375000 -0.03310456
v 0.14292971 -0.07273439 0.01837981
v 0.13746091 -0.07429689 0.01837981
v 0.13941410 -0.07375000 -0.03310456
v 0.13746091 -0.07429689 0.01837981
v 0.13707030 -0.07437500 -0.03107331
v 0.13707030 -0.07437500 -0.03107331
v 0.13746091 -0.07429689 0.01837981
v 0.13488280 -0.07484375 -0.02908113
v 0.13488280 -0.07484375 -0.02908113
v 0.13746091 -0.07429689 0.01837981
v 0.13191410 -0.07539064 0.01837981
v 0.13488280 -0.07484375 -0.02908113
v 0.13191410 -0.07539064 0.01837981
v 0.13191410 -0.07539064 -0.02622956
v -0.00988281 0.00921875 -0.06837800
v -0.01175781 0.00976563 -0.06837800
v -0.01371094 0.00984375 -0.06837800
v 0.19332031 0.02093750 -0.06837800
v -0.00816406 0.00828125 -0.06837800
v 0.19457031 0.01585937 -0.06837800
v -0.00667969 0.00703125 -0.06837800
v 0.19550781 0.01062500 -0.06837800
v -0.00550781 0.00554688 -0.06837800
v 0.19605471 0.00531250 -0.06837800
v -0.00472656 0.00375000 -0.06837800
v -0.00425781 0.00187500 -0.06837800
v 0.19621092 0.00000000 -0.06837800
v -0.00425781 -0.00007813 -0.06837800
v -0.00472656 -0.00203125 -0.06837800
v 0.19605471 -0.00531250 -0.06837800
v -0.00550781 -0.00375000 -0.06837800
v 0.19550781 -0.01054687 -0.06837800
v -0.00667969 -0.00531250 -0.06837800
v 0.19457031 -0.01578125 -0.06837800
v -0.00816406 -0.00656250 -0.06837800
v -0.00988281 -0.00750000 -0.06837800
v -0.00089844 -0.02539063 -0.06837800
v -0.01175781 -0.00804688 -0.06837800
v -0.00308594 -0.02515625 -0.06837800
v -0.01371094 -0.00812500 -0.06837800
v -0.00527344 -0.02531250 -0.06837800
v -0.00746094 -0.02570313 -0.06837800
v 0.19332031 -0.02093750 -0.06837800
v -0.03441406 -0.02875000 -0.06837800
v -0.00957031 -0.02640625 -0.06837800
v -0.01152344 -0.02750000 -0.06837800
v -0.01332031 -0.02875000 -0.06837800
v -0.02222656 0.00085938 -0.06837800
v -0.02199219 -0.00109375 -0.06837800
v -0.02136719 -0.00289063 -0.06837800
v -0.02035156 -0.00460938 -0.06837800
v -0.01902344 -0.00601563 -0.06837800
v -0.01746094 -0.00710938 -0.06837800
v -0.01558594 -0.00781250 -0.06837800
v -0.01558594 0.00953125 -0.06837800
v -0.01746094 0.00882813 -0.06837800
v -0.01902344 0.00773438 -0.06837800
v -0.02035156 0.00632813 -0.06837800
v -0.02136719 0.00468750 -0.06837800
v -0.02199219 0.00281250 -0.06837800
f 1 2 3
f 3 2 4
f 3 4 5
f 5 4 6
f 5 6 7
f 7 6 8
f 7 8 9
f 9 8 10
f 9 10 11
f 9 11 12
f 12 11 13
f 12 13 14
f 14 13 15
f 14 15 16
f 14 16 17
f 17 16 18
f 17 18 19
f 19 20 17
f 17 20 21
f 21 20 22
f 21 22 23
f 23 24 21
f 21 24 25
f 21 25 26
f 26 27 21
f 21 27 28
f 21 28 29
f 21 29 30
f 30 29 31
f 30 31 32
f 32 33 30
f 30 33 34
f 34 33 35
f 34 35 36
f 34 36 37
f 37 36 38
f 37 38 39
f 39 38 40
f 39 40 41
f 39 41 42
f 42 41 43
f 42 43 44
f 44 43 45
f 44 45 46
f 46 45 47
f 46 47 48
f 49 50 51
f 51 50 52
f 51 52 53
f 53 52 54
f 53 54 55
f 55 54 56
f 55 56 57
f 57 56 58
f 57 58 59
f 57 59 60
f 60 59 61
f 60 61 62
f 62 61 63
f 62 63 64
f 64 63 65
f 64 65 66
f 64 66 67
f 67 66 68
f 67 68 69
f 69 68 70
f 69 70 71
f 71 70 72
f 71 72 73
f 73 72 74
f 73 74 75
f 73 75 76
f 76 75 77
f 76 77 78
f 78 77 79
f 78 79 80
f 80 79 81
f 80 81 82
f 80 82 83
f 83 82 84
f 83 84 85
f 85 84 86
f 85 86 87
f 87 86 88
f 87 88 89
f 87 89 90
f 90 89 91
f 90 91 92
f 92 91 93
f 92 93 94
f 94 93 95
f 94 95 96
f 94 96 97
f 97 96 98
f 97 98 99
f 99 98 100
f 99 100 101
f 101 100 102
f 101 102 103
f 103 102 104
f 103 104 105
f 103 105 106
f 106 105 107
f 106 107 108
f 108 107 109
f 108 109 110
f 110 109 111
f 110 111 112
f 110 112 113
f 113 112 114
f 113 114 115
f 115 114 49
f 115 49 51
f 116 117 118
f 119 120 121
f 122 123 124
f 125 126 127
f 128 129 130
f 131 132 133
f 134 135 136
f 137 138 139
f 140 141 142
f 143 144 145
f 146 147 148
f 149 150 151
f 152 153 154
f 155 156 157
f 158 159 160
f 161 162 163
f 164 165 166
f 167 168 169
f 170 171 172
f 173 174 175
f 176 177 178
f 179 180 181
f 182 183 184
f 185 186 187
f 185 187 188
f 189 190 191
f 192 193 194
f 195 196 197
f 198 199 200
f 201 202 203
f 204 205 206
f 207 208 209
f 210 211 212
f 213 214 215
f 216 217 218
f 219 220 221
f 222 223 224
f 225 226 227
f 228 229 230
f 231 232 233
f 234 235 236
f 237 238 239
f 240 241 242
f 243 244 245
f 246 247 248
f 249 250 251
f 252 253 254
f 255 256 257
f 258 259 260
f 261 262 263
f 264 265 266
f 267 268 269
f 270 271 272
f 273 274 275
f 276 277 278
f 279 280 281
f 282 283 284
f 285 286 287
f 288 289 290
f 291 292 293
f 294 295 296
f 297 298 299
f 300 301 302
f 303 304 305
f 306 307 308
f 309 310 311
f 312 313 314
f 315 316 317
f 318 319 320
f 321 322 323
f 324 325 326
f 327 328 329
f 329 328 330
f 331 332 333
f 334 335 336
f 337 338 339
f 340 341 342
f 343 344 345
f 346 347 348
f 349 350 351
f 352 353 354
f 355 356 357
f 358 359 360
f 361 362 363
f 364 365 366
f 367 368 369
f 370 371 372
f 373 374 375
f 375 374 376
f 375 376 377
f 377 376 378
f 377 378 379
f 379 378 380
f 379 380 381
f 381 380 382
f 381 382 383
f 381 383 384
f 384 383 385
f 384 385 386
f 386 385 387
f 386 387 388
f 388 387 389
f 388 389 390
f 388 390 391
f 391 390 392
f 391 392 393
f 393 392 394
f 393 394 395
f 395 394 396
f 395 396 397
f 397 396 398
f 397 398 399
f 397 399 400
f 400 399 401
f 400 401 402
f 402 401 403
f 402 403 404
f 404 403 405
f 404 405 406
f 404 406 407
f 407 406 408
f 407 408 409
f 409 408 410
f 409 410 411
f 411 410 412
f 411 412 413
f 411 413 414
f 414 413 415
f 414 415 416
f 416 415 417
f 416 417 418
f 418 417 419
f 418 419 420
f 418 420 421
f 421 420 422
f 421 422 423
f 423 422 424
f 423 424 425
f 425 424 426
f 425 426 427
f 427 426 428
f 427 428 429
f 427 429 430
f 430 429 431
f 430 431 432
f 432 431 433
f 432 433 434
f 434 433 435
f 434 435 436
f 434 436 437
f 437 436 438
f 437 438 439
f 439 438 373
f 439 373 375
f 440 441 442
f 442 441 443
f 442 443 444
f 444 443 445
f 444 445 446
f 447 448 449
f 449 448 450
f 450 448 451
f 450 451 452
f 452 451 453
f 454 455 456
f 456 455 457
f 458 459 460
f 460 459 461
f 462 463 464
f 464 463 465
f 466 467 468
f 468 467 469
f 470 471 472
f 472 471 473
f 474 475 476
f 476 475 477
f 478 479 480
f 480 479 481
f 482 483 484
f 484 483 485
f 486 487 488
f 488 487 489
f 490 491 492
f 492 491 493
f 494 495 496
f 496 495 497
f 498 499 500
f 500 499 501
f 502 503 504
f 504 503 505
f 506 507 508
f 508 507 509
f 510 511 512
f 512 511 513
f 514 515 516
f 516 515 517
f 518 519 520
f 520 519 521
f 522 523 524
f 524 523 525
f 526 527 528
f 528 527 529
f 530 531 532
f 532 531 533
f 534 535 536
f 536 535 537
f 538 539 540
f 540 539 541
f 542 543 544
f 544 543 545
f 546 547 548
f 548 547 549
f 550 551 552
f 552 551 553
f 554 555 556
f 556 555 557
f 558 559 560
f 560 559 561
f 562 563 564
f 564 563 565
f 566 567 568
f 568 567 569
f 570 571 572
f 572 571 573
f 574 575 576
f 576 575 577
f 577 575 578
f 577 578 579
f 579 578 580
f 580 578 581
f 582 583 584
f 584 583 585
f 584 585 586
f 584 586 587
f 587 586 588
f 587 588 589
f 590 591 592
f 592 591 593
f 592 593 594
f 595 596 594
f 594 596 592
f 597 598 599
f 599 598 600
f 601 602 603
f 603 602 604
f 605 606 607
f 607 606 608
f 609 610 611
f 611 610 612
f 613 614 615
f 615 614 616
f 617 618 619
f 619 618 620
f 621 622 623
f 623 622 624
f 625 626 627
f 627 626 628
f 629 630 631
f 631 630 632
f 633 634 635
f 635 634 636
f 637 638 639
f 639 638 640
f 641 642 643
f 643 642 644
f 645 646 647
f 647 646 648
f 649 650 651
f 651 650 652
f 653 654 655
f 655 654 656
f 657 658 659
f 659 658 660
f 661 662 663
f 663 662 664
f 665 666 667
f 667 666 668
f 669 670 671
f 671 670 672
f 673 674 675
f 675 674 676
f 677 678 679
f 679 678 680
f 681 682 683
f 683 682 684
f 685 686 687
f 687 686 688
f 689 690 691
f 691 690 692
f 693 694 695
f 695 694 696
f 697 698 699
f 699 698 700
f 701 702 703
f 703 702 704
f 705 706 707
f 707 706 708
f 707 708 709
f 708 706 710
f 710 706 711
f 710 711 712
f 712 711 713
f 713 711 714
f 713 714 715
f 715 714 716
f 715 716 717
f 717 716 718
f 718 716 719
f 718 719 720
f 720 719 721
f 721 719 722
f 721 722 723
f 723 722 724
f 723 724 725
f 725 724 726
f 726 724 727
f 726 727 728
f 728 727 729
f 728 729 730
f 730 729 731
f 731 729 732
f 731 732 733
f 733 732 734
f 733 734 735
f 735 734 736
f 735 736 737
f 737 736 738
f 737 738 739
f 739 738 740
f 739 740 741
f 741 740 742
f 742 740 743
f 742 743 744
f 744 743 745
f 744 745 746
f 746 745 747
f 747 745 748
f 747 748 749
f 749 748 750
f 749 750 751
f 751 750 752
f 752 750 753
f 752 753 754
f 754 753 755
f 755 753 756
f 755 756 757
f 757 756 758
f 758 756 759
f 758 759 760
f 760 759 761
f 761 759 762
f 761 762 763
f 763 762 764
f 764 762 765
f 765 762 766
f 766 762 767
f 767 762 768
f 768 762 769
f 769 762 770
f 770 762 771
f 771 762 772
f 772 762 773
f 772 773 774
f 774 773 775
f 775 773 776
f 776 773 777
f 777 773 778
f 778 773 779
f 779 773 780
f 779 780 781
f 781 780 782
f 782 780 783
f 783 780 784
f 784 780 785
f 785 780 786
f 786 780 707
f 786 707 787
f 787 707 788
f 788 707 789
f 789 707 790
f 790 707 791
f 791 707 792
f 792 707 793
f 793 707 794
f 794 707 709
f 759 795 762
f 796 797 798
f 798 797 799
f 798 799 800
f 800 799 801
f 800 801 802
f 802 801 803
f 802 803 804
f 804 803 805
f 804 805 806
f 806 805 807
f 806 807 808
f 808 807 809
f 808 809 810
f 810 809 811
f 810 811 812
f 812 811 813
f 812 813 814
f 814 813 815
f 814 815 816
f 816 815 817
f 816 817 818
f 818 817 819
f 818 819 820
f 820 819 821
f 820 821 822
f 820 822 823
f 823 822 824
f 823 824 825
f 825 824 826
f 825 826 827
f 825 827 828
f 828 827 829
f 828 829 830
f 828 830 831
f 831 830 832
f 831 832 833
f 833 832 834
f 833 834 835
f 833 835 836
f 836 835 837
f 836 837 838
f 838 837 839
f 838 839 840
f 840 839 841
f 840 841 842
f 842 841 843
f 842 843 844
f 844 843 845
f 844 845 846
f 846 845 847
f 846 847 848
f 848 847 849
f 848 849 850
f 850 849 851
f 850 851 852
f 852 851 853
f 852 853 854
f 854 853 855
f 854 855 856
f 856 855 857
f 856 857 858
f 859 860 861
f 861 860 862
f 861 862 863
f 863 862 864
f 863 864 865
f 865 866 863
f 867 868 869
f 869 868 870
f 871 872 873
f 873 872 874
f 875 876 877
f 877 876 878
f 879 880 881
f 881 880 882
f 883 884 885
f 885 884 886
f 887 888 889
f 889 888 890
f 891 892 893
f 893 892 894
f 895 896 897
f 897 896 898
f 899 900 901
f 901 900 902
f 903 904 905
f 905 904 906
f 907 908 909
f 909 908 910
f 911 912 913
f 913 912 914
f 915 916 917
f 917 916 918
f 919 920 921
f 921 920 922
f 923 924 925
f 925 924 926
f 927 928 929
f 929 928 930
f 931 932 933
f 933 932 934
f 935 936 937
f 937 936 938
f 939 940 941
f 941 940 942
f 943 944 945
f 945 944 946
f 947 948 949
f 949 948 950
f 951 952 953
f 953 952 954
f 955 956 957
f 957 956 958
f 959 960 961
f 961 960 962
f 963 964 965
f 965 964 966
f 967 968 969
f 969 968 970
f 971 972 973
f 973 972 974
f 975 976 977
f 977 976 978
f 978 976 979
f 978 979 980
f 980 979 981
f 981 979 982
f 981 982 983
f 983 982 984
f 984 982 985
f 985 982 986
f 986 982 987
f 988 989 990
f 990 989 991
f 992 993 994
f 994 993 995
f 996 997 998
f 998 997 999
f 1000 1001 1002
f 1002 1001 1003
f 1004 1005 1006
f 1006 1005 1007
f 1008 1009 1010
f 1010 1009 1011
f 1012 1013 1014
f 1014 1013 1015
f 1016 1017 1018
f 1018 1017 1019
f 1020 1021 1022
f 1022 1021 1023
f 1024 1025 1026
f 1026 1025 1027
f 1028 1029 1030
f 1030 1029 1031
f 1032 1033 1034
f 1034 1033 1035
f 1036 1037 1038
f 1038 1037 1039
f 1040 1041 1042
f 1042 1041 1043
f 1044 1045 1046
f 1046 1045 1047
f 1048 1049 1050
f 1050 1049 1051
f 1052 1053 1054
f 1054 1053 1055
f 1056 1057 1058
f 1058 1057 1059
f 1060 1061 1062
f 1062 1061 1063
f 1064 1065 1066
f 1066 1065 1067
f 1068 1069 1070
f 1070 1069 1071
f 1072 1073 1074
f 1074 1073 1075
f 1076 1077 1078
f 1078 1077 1079
f 1080 1081 1082
f 1082 1081 1083
f 1084 1085 1086
f 1086 1085 1087
f 1088 1089 1090
f 1090 1089 1091
f 1092 1093 1094
f 1094 1093 1095
f 1096 1097 1098
f 1098 1097 1099
f 1098 1099 1100
f 1100 1099 1101
f 1100 1101 1102
f 1102 1103 1100
f 1104 1105 1106
f 1106 1105 1107
f 1106 1107 1108
f 1108 1107 1109
f 1110 1111 1112
f 1112 1111 1113
f 1114 1115 1116
f 1116 1115 1117
f 1118 1119 1120
f 1120 1119 1121
f 1122 1123 1124
f 1124 1123 1125
f 1126 1127 1128
f 1128 1127 1129
f 1130 1131 1132
f 1132 1131 1133
f 1134 1135 1136
f 1136 1135 1137
f 1138 1139 1140
f 1140 1139 1141
f 1142 1143 1144
f 1144 1143 1145
f 1146 1147 1148
f 1148 1147 1149
f 1150 1151 1152
f 1152 1151 1153
f 1154 1155 1156
f 1156 1155 1157
f 1158 1159 1160
f 1160 1159 1161
f 1162 1163 1164
f 1164 1163 1165
f 1166 1167 1168
f 1168 1167 1169
f 1170 1171 1172
f 1172 1171 1173
f 1174 1175 1176
f 1176 1175 1177
f 1178 1179 1180
f 1180 1179 1181
f 1182 1183 1184
f 1184 1183 1185
f 1186 1187 1188
f 1188 1187 1189
f 1190 1191 1192
f 1192 1191 1193
f 1194 1195 1196
f 1196 1195 1197
f 1198 1199 1200
f 1200 1199 1201
f 1202 1203 1204
f 1204 1203 1205
f 1206 1207 1208
f 1208 1207 1209
f 1210 1211 1212
f 1212 1211 1213
f 1214 1215 1216
f 1216 1215 1217
f 1218 1219 1220
f 1220 1219 1221
f 1220 1221 1222
f 1223 1224 1222
f 1222 1224 1220
f 1225 1226 1227
f 1227 1226 1228
f 1227 1228 1229
f 1227 1230 1225
f 1225 1230 1231
f 1231 1230 1232
f 1232 1230 1233
f 1233 1230 1234
f 1235 1236 1237
f 1237 1236 1238
f 1239 1240 1241
f 1242 1243 1244
f 1245 1246 1247
f 1248 1249 1250
f 1251 1252 1253
f 1254 1255 1256
f 1257 1258 1259
f 1257 1259 1260
f 1261 1262 1263
f 1261 1263 1264
f 1265 1266 1267
f 1265 1267 1268
f 1269 1270 1271
f 1269 1271 1272
f 1273 1274 1275
f 1273 1275 1276
f 1277 1278 1279
f 1277 1279 1280
f 1281 1282 1283
f 1281 1283 1284
f 1285 1286 1287
f 1285 1287 1288
f 1289 1290 1291
f 1289 1291 1292
f 1293 1294 1295
f 1293 1295 1296
f 1297 1298 1299
f 1300 1301 1302
f 1303 1304 1305
f 1306 1307 1308
f 1309 1310 1311
f 1312 1313 1314
f 1315 1316 1317
f 1315 1317 1318
f 1319 1320 1321
f 1319 1321 1322
f 1323 1324 1325
f 1326 1327 1328
f 1329 1330 1331
f 1332 1333 1334
f 1335 1336 1337
f 1338 1339 1340
f 1341 1342 1343
f 1344 1345 1346
f 1347 1348 1349
f 1347 1349 1350
f 1351 1352 1353
f 1351 1353 1354
f 1355 1356 1357
f 1358 1359 1360
f 1361 1362 1363
f 1361 1363 1364
f 1365 1366 1367
f 1368 1369 1370
f 1370 1369 1371
f 1370 1371 1372
f 1372 1373 1370
f 1374 1375 1376
f 1377 1378 1379
f 1380 1381 1382
f 1383 1384 1385
f 1386 1387 1388
f 1389 1390 1391
f 1392 1393 1394
f 1395 1396 1397
f 1398 1399 1400
f 1401 1402 1403
f 1404 1405 1406
f 1407 1408 1409
f 1410 1411 1412
f 1413 1414 1415
f 1416 1417 1418
f 1419 1420 1421
f 1422 1423 1424
f 1425 1426 1427
f 1428 1429 1430
f 1431 1432 1433
f 1434 1435 1436
f 1437 1438 1439
f 1440 1441 1442
f 1443 1444 1445
f 1446 1447 1448
f 1449 1450 1451
f 1452 1453 1454
f 1455 1456 1457
f 1458 1459 1460
f 1461 1462 1463
f 1464 1465 1466
f 1467 1468 1469
f 1470 1471 1472
f 1473 1474 1475
f 1476 1477 1478
f 1479 1480 1481
f 1482 1483 1484
f 1485 1486 1487
f 1488 1489 1490
f 1491 1492 1493
f 1494 1495 1496
f 1497 1498 1499
f 1500 1501 1502
f 1503 1504 1505
f 1506 1507 1508
f 1509 1510 1511
f 1512 1513 1514
f 1515 1516 1517
f 1518 1519 1520
f 1521 1522 1523
f 1524 1525 1526
f 1527 1528 1529
f 1530 1531 1532
f 1533 1534 1535
f 1536 1537 1538
f 1539 1540 1541
f 1542 1543 1544
f 1545 1546 1547
f 1548 1549 1550
f 1548 1550 1551
f 1552 1553 1554
f 1555 1556 1557
f 1558 1559 1560
f 1561 1562 1563
f 1564 1565 1566
f 1567 1568 1569
f 1570 1571 1572
f 1573 1574 1575
f 1576 1577 1578
f 1579 1580 1581
f 1582 1583 1584
f 1585 1586 1587
f 1588 1589 1590
f 1591 1592 1593
f 1594 1595 1596
f 1597 1598 1599
f 1600 1601 1602
f 1603 1604 1605
f 1606 1607 1608
f 1609 1610 1611
f 1612 1613 1614
f 1615 1616 1617
f 1618 1619 1620
f 1621 1622 1623
f 1624 1625 1626
f 1627 1628 1629
f 1630 1631 1632
f 1633 1634 1635
f 1636 1637 1638
f 1639 1640 1641
f 1642 1643 1644
f 1645 1646 1647
f 1635 1648 1633
f 1649 1650 1651
f 1652 1653 1654
f 1654 1653 1655
f 1656 1657 1658
f 1659 1660 1661
f 1659 1661 1662
f 1662 1661 1663
f 1662 1663 1664
f 1665 1666 1667
f 1665 1667 1668
f 1669 1670 1671
f 1669 1671 1672
f 1673 1674 1675
f 1676 1677 1678
f 1679 1680 1681
f 1682 1683 1684
f 1685 1686 1687
f 1685 1687 1688
f 1689 1690 1691
f 1692 1693 1694
f 1695 1696 1697
f 1695 1697 1698
f 1699 1700 1701
f 1699 1701 1702
f 1703 1704 1705
f 1703 1705 1706
f 1707 1708 1709
f 1710 1711 1712
f 1713 1714 1715
f 1716 1717 1718
f 1719 1720 1721
f 1721 1720 1722
f 1723 1724 1725
f 1726 1727 1728
f 1726 1728 1729
f 1729 1728 1730
f 1731 1732 1733
f 1733 1732 1734
f 1735 1736 1737
f 1737 1736 1738
f 1739 1740 1741
f 1741 1740 1742
f 1743 1744 1745
f 1746 1747 1748
f 1749 1750 1751
f 1752 1753 1754
f 1755 1756 1757
f 1758 1759 1760
f 1761 1762 1763
f 1764 1765 1766
f 1767 1768 1769
f 1770 1771 1772
f 1773 1774 1775
f 1776 1777 1778
f 1779 1780 1781
f 1782 1783 1784
f 1785 1786 1787
f 1766 1788 1764
f 1789 1790 1791
f 1792 1793 1794
f 1795 1796 1797
f 1798 1799 1800
f 1801 1802 1803
f 1804 1805 1806
f 1807 1808 1809
f 1810 1811 1812
f 1813 1814 1815
f 1816 1817 1818
f 1819 1820 1821
f 1822 1823 1824
f 1825 1826 1827
f 1828 1829 1830
f 1831 1832 1833
f 1834 1835 1836
f 1837 1838 1839
f 1840 1841 1842
f 1843 1844 1845
f 1845 1844 1846
f 1847 1848 1849
f 1850 1851 1852
f 1853 1854 1855
f 1855 1854 1856
f 1857 1858 1859
f 1860 1861 1862
f 1863 1864 1865
f 1866 1867 1868
f 1869 1870 1871
f 1872 1873 1874
f 1875 1876 1877
f 1878 1879 1880
f 1881 1882 1883
f 1884 1885 1886
f 1887 1888 1889
f 1890 1891 1892
f 1893 1894 1895
f 1896 1897 1898
f 1899 1900 1901
f 1902 1903 1904
f 1905 1906 1907
f 1908 1909 1910
f 1911 1912 1913
f 1914 1915 1916
f 1917 1918 1919
f 1920 1921 1922
f 1923 1924 1925
f 1926 1927 1928
f 1929 1930 1931
f 1932 1933 1934
f 1935 1936 1937
f 1938 1939 1940
f 1941 1942 1943
f 1944 1945 1946
f 1947 1948 1949
f 1950 1951 1952
f 1953 1954 1955
f 1956 1957 1958
f 1959 1960 1961
f 1962 1963 1964
f 1965 1966 1967
f 1968 1969 1970
f 1971 1972 1973
f 1974 1975 1976
f 1977 1978 1979
f 1980 1981 1982
f 1983 1984 1985
f 1986 1987 1988
f 1989 1990 1991
f 1992 1993 1994
f 1995 1996 1997
f 1998 1999 2000
f 2001 2002 2003
f 2004 2005 2006
f 2004 2006 2007
f 2008 2009 2010
f 2011 2012 2013
f 2014 2015 2016
f 1985 2017 1983
f 2018 2019 2020
f 2018 2020 2021
f 2022 2023 2024
f 2025 2026 2027
f 2028 2029 2030
f 2031 2032 2033
f 2034 2035 2036
f 2037 2038 2039
f 2040 2041 2042
f 2043 2044 2045
f 2046 2047 2048
f 2049 2050 2051
f 2049 2051 2052
f 2053 2054 2055
f 2056 2057 2058
f 2059 2060 2061
f 2059 2061 2062
f 2063 2064 2065
f 2066 2067 2068
f 2068 2067 2069
f 2068 2069 2070
f 2070 2069 2071
f 2072 2073 2074
f 2075 2076 2077
f 2078 2079 2080
f 2081 2082 2083
f 2084 2085 2086
f 2087 2088 2089
f 2090 2091 2092
f 2093 2094 2095
f 2096 2097 2098
f 2099 2100 2101
f 2102 2103 2104
f 2105 2106 2107
f 2108 2109 2110
f 2111 2112 2113
f 2114 2115 2116
f 2117 2118 2119
f 2120 2121 2122
f 2123 2124 2125
f 2126 2127 2128
f 2069 2129 2071
f 2130 2131 2132
f 2076 2133 2077
f 2134 2135 2136
f 2137 2138 2139
f 2140 2141 2142
f 2143 2144 2145
f 2146 2147 2148
f 2149 2150 2151
f 2152 2153 2154
f 2155 2156 2157
f 2158 2159 2160
f 2161 2162 2163
f 2164 2165 2166
f 2167 2168 2169
f 2170 2171 2172
f 2118 2173 2119
f 2131 2174 2132
f 2132 2174 2175
f 2133 2176 2177
f 2178 2179 2180
f 2181 2182 2183
f 2184 2185 2186
f 2187 2188 2189
f 2190 2191 2192
f 2193 2194 2195
f 2196 2197 2198
f 2199 2200 2201
f 2202 2203 2204
f 2205 2206 2207
f 2208 2209 2210
f 2211 2212 2213
f 2214 2215 2216
f 2216 2215 2217
f 2216 2217 2218
f 2218 2217 2219
f 2218 2219 2220
f 2220 2219 2221
f 2220 2221 2222
f 2223 2224 2225
f 2226 2227 2228
f 2228 2227 2229
f 2230 2231 2232
f 2224 2233 2225
f 2225 2233 2234
f 2227 2235 2229
f 2236 1662 1664
f 2237 2238 2239
f 2240 2241 2242
f 2243 2244 2245
f 2246 2247 2248
f 2249 2250 2251
f 2252 2253 2254
f 2255 2256 2257
f 2257 2256 2258
f 2259 2260 2261
f 2261 2260 2262
f 2263 2264 2265
f 2266 2267 2268
f 2269 2270 2271
f 2271 2270 2272
f 2273 2274 2275
f 2276 2277 2278
f 2279 2280 2281
f 2282 2283 2284
f 2285 2286 2287
f 2287 2286 2288
f 2289 2290 2291
f 2291 2290 2292
f 2293 2294 2295
f 2295 2294 2296
f 2297 2298 2299
f 2300 2301 2302
f 2303 2304 2305
f 2305 2304 2306
f 2307 2308 2309
f 2310 2311 2312
f 2313 2314 2315
f 2316 2317 2318
f 2319 2320 2321
f 2322 2323 2324
f 2324 2323 2325
f 2326 2327 2328
f 2328 2327 2329
f 2330 2331 2332
f 2333 2334 2335
f 2336 2337 2338
f 2339 2340 2341
f 2342 2343 2344
f 2345 2346 2347
f 2347 2346 2348
f 2349 2350 2351
f 2352 2353 2354
f 2355 2356 2357
f 2358 2359 2360
f 2361 2362 2363
f 2364 2365 2366
f 2366 2365 2367
f 2368 2369 2370
f 2370 2369 2371
f 2372 2373 2374
f 2375 2376 2377
f 2378 2379 2380
f 2381 2382 2383
f 1802 2384 1803
f 2385 2386 2387
f 2388 2389 2390
f 2390 2389 2391
f 2392 2393 2394
f 2394 2393 2395
f 2396 2397 2398
f 2399 2400 2401
f 1798 1800 2402
f 1722 1720 2403
f 1752 1754 2404
f 2405 2406 2407
f 2408 1792 1794
f 2382 2409 2383
f 2410 2411 2412
f 2386 2413 2387
f 2414 2415 2416
f 2417 2418 2419
f 2420 2421 2422
f 2420 2422 2423
f 2424 2425 2426
f 2427 2428 2429
f 2430 2416 2415
f 2431 2432 2433
f 2431 2433 2434
f 2435 2436 2437
f 2438 2439 2440
f 2441 2442 2443
f 2444 2445 2446
f 2444 2446 2447
f 2448 2449 2450
f 2451 2452 2453
f 2454 2455 2456
f 2457 2458 2459
f 2460 2461 2462
f 2463 2464 2465
f 2466 2467 2468
f 2469 2470 2471
f 2472 2473 2474
f 2104 2475 2102
f 2476 2477 2478
f 2479 2480 2481
f 2482 2483 2484
f 2485 2486 2487
f 2488 2489 2490
f 2491 2492 2493
f 2494 2495 2496
f 2497 2498 2499
f 2500 2501 2502
f 2074 2503 2072
f 2504 2505 2506
f 2204 2203 2507
f 2508 2509 2510
f 2508 2510 2511
f 2512 2513 2514
f 2512 2514 2515
f 2516 2517 2518
f 2519 2520 2521
f 2522 2523 2524
f 2525 2526 2527
f 2528 2529 2530
f 2531 2532 2533
f 2534 2535 2536
f 2473 2537 2474
f 2538 2539 2540
f 2477 2541 2478
f 2542 2543 2544
f 2545 2546 2547
f 2548 2549 2550
f 2489 2551 2490
f 2552 2553 2554
f 2555 2556 2557
f 2558 2559 2560
f 2501 2561 2502
f 2562 2563 2564
f 2505 2565 2506
f 2566 2567 2568
f 2569 2570 2571
f 2572 2573 2574
f 2575 2576 2577
f 2578 2579 2580
f 2581 2582 2583
f 2584 2585 2586
f 2584 2586 2587
f 2588 2589 2590
f 2591 2592 2593
f 2535 2594 2536
f 2595 2596 2597
f 2539 2598 2540
f 2599 2600 2601
f 2602 2603 2604
f 2605 2606 2607
f 2549 2608 2550
f 2609 2610 2611
f 2553 2612 2554
f 2613 2614 2615
f 2559 2616 2560
f 2617 2618 2619
f 2620 2621 2622
f 2623 2624 2625
f 2567 2626 2568
f 2627 2628 2056
f 2627 2056 2058
f 2629 2630 2631
f 2632 2633 2634
f 2635 2636 2637
f 2638 2639 2640
f 2638 2640 2641
f 2642 2643 2644
f 2645 2646 2647
f 2596 2648 2597
f 2649 2650 2651
f 2652 2653 2654
f 2655 2656 2657
f 2658 2659 2660
f 2661 2662 2663
f 2664 2665 2666
f 2667 2668 2669
f 2670 2671 2672
f 2673 2674 2675
f 2618 2676 2619
f 2677 2678 2679
f 2624 2680 2625
f 2681 2682 2683
f 2681 2683 2684
f 2685 2686 2687
f 2688 2640 2639
f 2688 2639 2689
f 2690 2691 2692
f 2693 2694 2695
f 2696 2697 2698
f 2699 2700 2701
f 2702 2703 2704
f 2656 2705 2657
f 2706 2707 2708
f 2709 2710 2711
f 2712 2713 2714
f 2668 2715 2669
f 2716 2717 2718
f 2719 2720 2721
f 2722 2723 2724
f 2678 2725 2679
f 2726 2727 2728
f 2726 2728 2729
f 2730 2731 2732
f 2730 2732 2733
f 2734 2735 2736
f 2179 2737 2180
f 2738 2739 2740
f 2741 2742 2743
f 2744 2745 2746
f 2747 2748 2749
f 2750 2751 2752
f 2753 2754 2755
f 2756 2757 2758
f 2759 2760 2761
f 2717 2762 2718
f 2763 2764 2765
f 2766 2767 2768
f 2769 2770 2771
f 2769 2771 2772
f 2773 2774 2775
f 2776 2777 2778
f 2779 2780 2781
f 2735 2782 2736
f 2783 2784 2785
f 2786 2787 2788
f 2789 2790 2791
f 2792 2793 2794
f 2754 2795 2755
f 2796 2797 2798
f 2799 2800 2801
f 2802 2803 2804
f 2764 2805 2765
f 2806 2807 2808
f 2806 2808 2809
f 2810 2811 2812
f 2813 2814 2815
f 2816 2817 2818
f 2780 2819 2781
f 2820 2821 2822
f 2823 2824 2825
f 2793 2826 2794
f 2827 2828 2829
f 2830 2831 2832
f 2833 2834 2835
f 2836 2837 2838
f 2839 2840 2841
f 2839 2841 2842
f 2843 2844 2845
f 2843 2845 2846
f 2847 2848 2849
f 2850 2851 2852
f 2853 2854 2855
f 2824 2856 2825
f 2857 2858 2859
f 2860 2861 2862
f 2863 2864 2865
f 2866 2867 2868
f 2869 2870 2871
f 2872 2873 2874
f 2875 2876 2877
f 2878 2879 2880
f 2881 2882 2883
f 2884 2885 2886
f 2887 2888 2889
f 2854 2890 2855
f 2858 2891 2859
f 2892 2893 2894
f 2864 2895 2865
f 2896 2897 2898
f 2896 2898 2899
f 2900 2901 2902
f 2903 2904 2905
f 2906 2907 2908
f 2909 2910 2911
f 2912 2913 2914
f 2915 2916 2917
f 2918 2919 2920
f 2921 2922 2923
f 2924 2925 2926
f 2927 2928 2929
f 2930 2931 2932
f 2933 2934 2935
f 2936 2937 2938
f 2939 2940 2941
f 2913 2942 2914
f 2934 2943 2935
f 2944 2945 2946
f 2940 2947 2941
f 2948 2949 2950
f 2951 2952 2953
f 2954 2955 2956
f 2957 2958 2959
f 2960 2961 2962
f 2960 2962 2963
f 2963 2962 2964
f 2963 2964 2965
f 2966 2967 2968
f 2966 2968 2969
f 2970 2971 2972
f 2970 2972 2973
f 2974 2975 2976
f 2977 2978 2979
f 2980 2981 2982
f 2980 2982 2983
f 2984 2985 2986
f 2984 2986 2987
f 2988 2989 2990
f 2991 2992 2993
f 2994 2995 2996
f 2994 2996 2997
f 2998 2999 3000
f 2998 3000 3001
f 3002 3003 3004
f 3005 3006 3007
f 3008 3009 3010
f 3011 3012 3013
f 3014 3015 3016
f 3017 3018 3019
f 3020 3021 3022
f 3023 3024 3025
f 3026 3027 3028
f 3029 3030 3031
f 3032 3033 3034
f 3034 3033 3035
f 3036 3037 3038
f 3038 3037 3039
f 3040 3041 3042
f 3042 3041 3043
f 3044 3045 3046
f 3046 3045 3047
f 3048 3049 3050
f 3051 3052 3053
f 3054 3055 3056
f 3057 3058 3059
f 3060 3061 3062
f 3063 3064 3065
f 3066 3067 3068
f 3069 3070 3071
f 3072 3073 3074
f 3075 3076 3077
f 3078 3079 3080
f 3081 3082 3083
f 3084 3085 3086
f 3087 3088 3089
f 3090 3091 3092
f 3093 3094 3095
f 3096 3097 3098
f 3099 3100 3101
f 3102 3103 3104
f 3105 3106 3107
f 3108 3109 3110
f 3111 3112 3113
f 3114 3115 3116
f 3117 3118 3119
f 3120 3121 3122
f 3123 3124 3125
f 3126 3127 3128
f 3129 3130 3131
f 3132 3133 3134
f 3135 3136 3137
f 3135 3137 3138
f 3139 3140 3141
f 3142 3143 3144
f 3145 3146 3147
f 3148 3149 3150
f 3151 3152 3153
f 3154 3155 3156
f 3157 3158 3159
f 3160 3161 3162
f 3160 3162 3163
f 3163 3162 3164
f 3165 3166 3167
f 3168 3169 3170
f 3171 3172 3173
f 3174 3175 3176
f 3177 3178 3179
f 3180 3181 3182
f 3183 3184 3185
f 3185 3184 3186
f 3175 3187 3176
f 3188 3189 3190
f 3191 3192 3193
f 3194 3195 3196
f 3197 3198 3199
f 3200 3201 3202
f 3203 3204 3205
f 3206 3207 3208
f 3209 3210 3211
f 3212 3213 3214
f 3215 3216 3217
f 3217 3216 3218
f 3219 3220 3221
f 3222 3223 3224
f 3225 3226 3227
f 3227 3226 3228
f 3229 3230 3231
f 3231 3230 3232
f 3233 3234 3235
f 3235 3234 3236
f 3022 3237 3020
f 3020 3237 3238
f 3239 3240 3241
f 3242 3243 3244
f 3245 3246 3247
f 3248 3249 3250
f 3251 3252 3253
f 3254 3255 3256
f 3257 3258 3259
f 3260 3261 3262
f 3263 3264 3265
f 3266 3267 3268
f 3269 3270 3271
f 3272 3273 3274
f 3275 3276 3277
f 3278 3279 3280
f 3281 3282 3283
f 3284 3285 3286
f 3287 3288 3289
f 3290 3291 3292
f 3293 3294 3295
f 3296 3297 3298
f 3299 3300 3301
f 3302 3303 3304
f 3305 3306 3307
f 3308 3309 3310
f 3311 3312 3313
f 3314 3315 3316
f 3317 3318 3319
f 3320 3321 3322
f 3323 3324 3325
f 3326 3327 3328
f 3329 3330 3331
f 3332 3333 3334
f 3335 3336 3337
f 3338 3339 3340
f 3341 3342 3343
f 3344 3345 3346
f 3347 3348 3349
f 3347 3349 3350
f 3351 3352 3353
f 3354 3355 3356
f 3357 3358 3359
f 3360 3361 3362
f 3358 3363 3359
f 3364 3365 3366
f 3367 3368 3369
f 3370 3371 3372
f 3373 3374 3375
f 3376 3377 3378
f 3379 3380 3381
f 3381 3380 3382
f 3383 3384 3385
f 3386 3387 3388
f 3389 3390 3391
f 3392 3393 3394
f 3395 3396 3397
f 3397 3396 3398
f 3399 3400 3401
f 3401 3400 3402
f 3403 3404 3405
f 3405 3404 3406
f 3407 3408 3409
f 3409 3408 3410
f 3411 3412 3413
f 3413 3412 3414
f 3415 3416 3417
f 3418 3419 3420
f 3421 3422 3423
f 3424 3425 3426
f 3427 3428 3429
f 3430 3431 3432
f 3433 3434 3435
f 3435 3434 3436
f 3437 3438 3439
f 3440 3441 3442
f 3443 3444 3445
f 3445 3444 3446
f 3447 3448 3449
f 3449 3448 3450
f 3451 3452 3453
f 3454 3455 3456
f 3457 3458 3459
f 3460 3461 3462
f 3463 3464 3465
f 3466 3467 3468
f 3469 3470 3471
f 3472 3473 3474
f 3475 3476 3477
f 3477 3476 3478
f 3479 3480 3481
f 3481 3480 3482
f 3483 3484 3485
f 3485 3484 3486
f 3487 3488 3489
f 3489 3488 3490
f 3491 3492 3493
f 3493 3492 3494
f 3495 3496 3497
f 3497 3496 3498
f 3499 3500 3501
f 3501 3500 3502
f 3503 3504 3505
f 3506 3507 3508
f 3509 3510 3511
f 3512 3513 3514
f 3515 3516 3517
f 3518 3519 3520
f 3521 3522 3523
f 3523 3522 3524
f 3525 3526 3527
f 3527 3526 3528
f 3529 3530 3531
f 3532 3533 3534
f 3535 3536 3537
f 3537 3536 3538
f 3539 3540 3541
f 3542 3543 3544
f 3545 3546 3547
f 3548 3549 3550
f 3551 3552 3553
f 3553 3552 3554
f 3555 3556 3557
f 3558 3559 3560
f 3561 3562 3563
f 3563 3562 3564
f 3565 3566 3567
f 3568 3569 3570
f 3571 3572 3573
f 3573 3572 3574
f 3575 3576 3577
f 3577 3576 3578
f 3579 3580 3581
f 3581 3580 3582
f 3583 3584 3585
f 3585 3584 3586
f 3587 3588 3589
f 3590 3591 3592
f 3593 3594 3595
f 3596 3597 3598
f 3599 3600 3601
f 3601 3600 3602
f 3603 3604 3605
f 3605 3604 3606
f 3607 3608 3609
f 3610 3611 3612
f 3613 3614 3615
f 3616 3617 3618
f 3619 3620 3621
f 3621 3620 3622
f 3623 3624 3625
f 3625 3624 3626
f 3627 3628 3629
f 3630 3631 3632
f 3633 3634 3635
f 3635 3634 3636
f 3637 3638 3639
f 3639 3638 3640
f 3641 3642 3643
f 3644 3645 3646
f 3647 3648 3649
f 3649 3648 3650
f 3651 3652 3653
f 3653 3652 3654
f 3655 3656 3657
f 3658 3659 3660
f 3661 3662 3663
f 3664 3665 3666
f 3667 3668 3669
f 3670 3671 3672
f 3673 3674 3675
f 3676 3677 3678
f 3679 3680 3681
f 3682 3683 3684
f 3685 3686 3687
f 3688 3689 3690
f 3691 3692 3693
f 3694 3695 3696
f 3697 3698 3699
f 3700 3701 3702
f 3703 3704 3705
f 3706 3707 3708
f 3709 3710 3711
f 3712 3713 3714
f 3715 3716 3717
f 3717 3716 3718
f 3719 3720 3721
f 3721 3720 3722
f 3723 3724 3725
f 3725 3724 3726
f 3727 3728 3729
f 3730 3731 3732
f 3733 3734 3735
f 3735 3734 3736
f 3737 3738 3739
f 3740 3741 3742
f 3743 3744 3745
f 3746 3747 3748
f 3749 3750 3751
f 3752 3753 3754
f 3755 3756 3757
f 3758 3759 3760
f 3761 3762 3763
f 3764 3765 3766
f 3767 3768 3769
f 3770 3771 3772
f 3773 3774 3775
f 3776 3777 3778
f 3779 3780 3781
f 3782 3783 3784
f 3785 3786 3787
f 3788 3789 3790
f 3791 3792 3793
f 3794 3795 3796
f 3797 3798 3799
f 3800 3801 3802
f 3803 3804 3805
f 3806 3807 3808
f 3809 3810 3811
f 3812 3813 3814
f 3815 3816 3817
f 3810 3818 3811
f 3811 3818 3819
f 3816 3820 3817
f 3817 3820 3821
f 3822 3823 3824
f 3825 3826 3827
f 3821 3820 3828
f 3829 3830 3831
f 3829 3831 3832
f 3832 3831 3833
f 3834 3835 3836
f 3837 3838 3839
f 3831 3840 3833
f 3833 3840 3841
f 3838 3842 3839
f 3839 3842 3843
f 3844 3845 3846
f 3846 3845 3847
f 3848 3849 3850
f 3851 3852 3853
f 3847 3845 3854
f 3854 3845 3855
f 3856 3857 3858
f 3858 3857 3859
f 3858 3859 3860
f 3860 3859 3861
f 3862 3863 3864
f 3859 3865 3861
f 3152 3866 3153
f 3867 3868 3869
f 3869 3868 3870
f 3871 3872 3873
f 3874 3875 3876
f 3877 3878 3879
f 3880 3881 3882
f 3883 3884 3885
f 3886 3887 3888
f 3889 3890 3891
f 3892 3893 3894
f 3895 3896 3897
f 3897 3896 3898
f 3899 3900 3901
f 3902 3903 3904
f 3905 3906 3907
f 3908 3909 3910
f 3908 3910 3911
f 3912 3913 3914
f 3915 3916 3917
f 3915 3917 3918
f 3919 3920 3921
f 3922 3923 3924
f 3925 3926 3927
f 3928 3929 3930
f 3931 3932 3933
f 3931 3933 3934
f 3935 3936 3937
f 3935 3937 3938
f 3939 3940 3941
f 3942 3943 3944
f 3945 3946 3947
f 3945 3947 3948
f 3949 3950 3951
f 3949 3951 3952
f 3953 3954 3955
f 3956 3957 3958
f 3959 3960 3961
f 3962 3963 3964
f 3965 3966 3967
f 3968 3969 3970
f 3971 3972 3973
f 3974 3975 3976
f 3977 3978 3979
f 3980 3981 3982
f 3980 3982 3983
f 3984 3985 3986
f 3987 3988 3989
f 3950 3990 3991
f 3950 3991 3951
f 3992 3993 3994
f 3994 3993 3995
f 3996 3997 3998
f 3999 4000 4001
f 4002 4003 4004
f 4005 4006 4007
f 4008 4009 4010
f 4011 4012 4013
f 4014 4015 4016
f 4017 4018 4019
f 4020 4021 4022
f 4023 4024 4025
f 4026 4027 4028
f 4029 4030 4031
f 4032 4033 4034
f 4034 4033 4035
f 4036 4037 4038
f 4039 4040 4041
f 4042 4043 4044
f 4045 4046 4047
f 4048 4049 4050
f 4051 4052 4053
f 4054 4055 4056
f 4057 4058 4059
f 4060 4061 4062
f 4063 4064 4065
f 4066 4067 4068
f 4068 4067 4069
f 4070 4071 4072
f 4073 4074 4075
f 4076 4077 4078
f 4079 4080 4081
f 4082 4083 4084
f 4085 4086 4087
f 4088 4089 4090
f 4091 4092 4093
f 4094 4095 4096
f 4097 4098 4099
f 4100 4101 4102
f 4102 4101 4103
f 4104 4105 4106
f 4106 4105 4107
f 4108 4109 4110
f 4111 4112 4113
f 4114 4115 4116
f 4117 4118 4119
f 4120 4121 4122
f 4123 4124 4125
f 4126 4127 4128
f 4128 4127 4129
f 4130 4131 4132
f 4132 4131 4133
f 4134 4135 4136
f 4136 4135 4137
f 4138 4139 4140
f 4141 4142 4143
f 4144 4145 4146
f 4147 4148 4149
f 4150 4151 4152
f 4153 4154 4155
f 4156 4157 4158
f 4159 4160 4161
f 4162 4163 4164
f 4165 4166 4167
f 3862 3864 4168
f 4169 4170 4171
f 4172 4173 4174
f 4175 4176 4177
f 4178 4179 4180
f 4178 4180 4181
f 4182 4183 4184
f 4185 4186 4187
f 4188 4189 4190
f 4188 4190 3853
f 4191 4192 4193
f 4191 4193 4194
f 3849 4195 4196
f 4197 4198 4199
f 4197 4199 4200
f 4201 4202 4203
f 4204 4205 4206
f 4207 4208 4209
f 4210 4211 4212
f 3834 3836 4213
f 4214 4215 4216
f 4214 4216 4217
f 4218 4219 4220
f 4218 4220 4221
f 4222 4223 4224
f 4222 4224 4225
f 3826 4226 3827
f 4227 4228 4229
f 4227 4229 4230
f 4231 4232 4233
f 4234 4235 4236
f 4237 4238 4239
f 4240 4241 4242
f 3806 3808 4243
f 4244 4245 4246
f 4247 4248 4249
f 4250 4251 4252
f 4250 4252 4253
f 4254 4255 4256
f 4257 4258 4259
f 3379 3381 4260
f 4261 4262 4263
f 4264 4265 4266
f 4267 4268 4269
f 4270 4271 4272
f 4273 4274 4275
f 4276 4277 4278
f 4279 4280 4281
f 4282 4283 4284
f 4282 4284 4285
f 4286 4287 4288
f 4289 4290 4291
f 4292 4293 4294
f 4295 4296 4297
f 4298 4299 4300
f 4301 4302 4303
f 4304 4305 4306
f 4307 4308 4309
f 4310 4311 4312
f 4313 4314 4315
f 4316 4317 4318
f 4319 4320 4321
f 4322 4323 4324
f 4325 4326 4327
f 4325 4327 4328
f 4329 4330 4331
f 4332 4333 4334
f 4335 4336 4337
f 4338 4339 4340
f 4341 4342 4343
f 4344 4345 4346
f 4347 4348 4349
f 4350 4351 4352
f 4353 4354 4355
f 4356 4357 4358
f 4359 4360 4361
f 4361 4360 4362
f 4363 4364 4365
f 4366 4367 4368
f 4369 4370 4371
f 4372 4373 4374
f 4375 4376 4377
f 4378 4379 4380
f 4381 4382 4383
f 4384 4385 4386
f 4387 4388 4389
f 4390 4391 4392
f 4393 4394 4395
f 4396 4397 4398
f 4399 4400 4401
f 4402 4403 4404
f 4405 4406 4407
f 4408 4409 4410
f 4411 4412 4413
f 4414 4415 4416
f 4417 4418 4419
f 4420 4421 4422
f 4423 4424 4425
f 4426 4427 4428
f 4429 4430 4431
f 4432 4433 4434
f 4435 4436 4437
f 4438 4439 4440
f 4441 4442 4443
f 4444 4445 4446
f 4447 4448 4449
f 4450 4451 4452
f 4453 4454 4455
f 4456 4457 4458
f 4459 4460 4461
f 4462 4463 4464
f 4465 4466 4467
f 4468 4469 4470
f 4471 4472 4473
f 4474 4475 4476
f 4477 4478 4479
f 4480 4481 4482
f 4483 4484 4485
f 4486 4487 4488
f 4486 4488 4489
f 4490 4491 4492
f 4493 4494 4495
f 4496 4497 4498
f 4499 4500 4501
f 4502 4503 4504
f 4505 4506 4507
f 4505 4507 4508
f 4509 4510 4511
f 4509 4511 4512
f 4513 4514 4515
f 4516 4517 4518
f 4516 4518 4519
f 4520 4521 4522
f 4523 4524 4525
f 4526 4527 4528
f 4529 4530 4531
f 4532 4533 4534
f 4535 4536 4537
f 4538 4539 4540
f 4541 4542 4543
f 4544 4545 4546
f 4547 4548 4549
f 4550 4551 4552
f 4553 4554 4555
f 4556 4557 4558
f 4559 4560 4561
f 4562 4563 4564
f 4565 4566 4567
f 4568 4569 4570
f 4571 4572 4573
f 4574 4575 4576
f 4577 4578 4579
f 4580 4581 4582
f 4583 4584 4585
f 4586 4587 4588
f 4589 4590 4591
f 4592 4593 4594
f 4595 4596 4597
f 4598 4599 4600
f 4601 4602 4603
f 4604 4605 4606
f 4607 4608 4609
f 4610 4611 4612
f 4613 4614 4615
f 4616 4617 4618
f 4619 4620 4621
f 4622 4623 4624
f 4625 4626 4627
f 4625 4627 4628
f 4629 4630 4631
f 4632 4633 4634
f 4632 4634 4635
f 4636 4637 4638
f 4638 4637 4639
f 4640 4641 4642
f 4643 4644 4645
f 4646 4647 4648
f 4649 4650 4651
f 4652 4653 4654
f 4655 4656 4657
f 4658 4659 4660
f 4661 4662 4663
f 4664 4665 4666
f 4667 4668 4669
f 4670 4671 4672
f 4673 4674 4675
f 4676 4677 4678
f 4679 4680 4681
f 4682 4683 4684
f 4685 4686 4687
f 4688 4689 4690
f 4691 4692 4693
f 4694 4695 4696
f 4697 4698 4699
f 4700 4701 4702
f 4703 4704 4705
f 4706 4707 4708
f 4709 4710 4711
f 4712 4713 4714
f 4715 4716 4717
f 4718 4719 4720
f 4721 4722 4723
f 4724 4725 4726
f 4727 4728 4729
f 4730 4731 4732
f 4733 4734 4735
f 4736 4737 4738
f 4739 4740 4741
f 4742 4743 4744
f 4745 4746 4747
f 4748 4749 4750
f 4751 4752 4753
f 4754 4755 4756
f 4757 4758 4759
f 4760 4761 4762
f 4763 4764 4765
f 4766 4767 4768
f 4769 4770 4771
f 4772 4773 4774
f 4775 4776 4777
f 4778 4779 4780
f 4781 4782 4783
f 4784 4785 4786
f 4787 4788 4789
f 4790 4791 4792
f 4793 4794 4795
f 4796 4797 4798
f 4799 4800 4801
f 4802 4803 4804
f 4805 4806 4807
f 4808 4809 4810
f 4811 4812 4813
f 4814 4815 4816
f 4817 4818 4819
f 4820 4821 4822
f 4823 4824 4825
f 4826 4827 4828
f 4829 4830 4831
f 4832 4833 4834
f 4834 4833 4835
f 4836 4837 4838
f 4839 4840 4841
f 4842 4843 4844
f 4845 4846 4847
f 4848 4849 4850
f 4851 4852 4853
f 4854 4855 4856
f 4857 4858 4859
f 4860 4861 4862
f 4863 4864 4865
f 4866 4867 4868
f 4869 4870 4871
f 4872 4873 4874
f 4875 4876 4877
f 4878 4879 4880
f 4881 4882 4883
f 4884 4885 4886
f 4887 4888 4889
f 4890 4891 4892
f 4893 4894 4895
f 4896 4897 4898
f 4899 4900 4901
f 4902 4903 4904
f 4905 4906 4907
f 4908 4909 4910
f 4788 4911 4789
f 4912 4913 4914
f 4794 4915 4795
f 4916 4917 4918
f 4919 4920 4921
f 4922 4923 4924
f 4925 4926 4927
f 4928 4929 4930
f 4931 4932 4933
f 4934 4935 4936
f 4937 4938 4939
f 4940 4941 4942
f 4943 4944 4945
f 4946 4947 4948
f 4949 4950 4951
f 4952 4953 4954
f 4833 4955 4835
f 4835 4955 4956
f 4840 4957 4841
f 4958 4959 4960
f 4961 4962 4963
f 4964 4965 4966
f 4967 4968 4969
f 4970 4971 4972
f 4973 4974 4975
f 4976 4977 4978
f 4979 4980 4981
f 4982 4983 4984
f 4985 4986 4987
f 4988 4989 4990
f 4876 4991 4877
f 4992 4993 4994
f 4995 4996 4997
f 4998 4999 5000
f 5001 5002 5003
f 5004 5005 5006
f 5007 5008 5009
f 5010 5011 5012
f 5013 5014 5015
f 5016 5017 5018
f 5019 5020 5021
f 5022 5023 5024
f 5025 5026 5027
f 5028 5029 5030
f 5030 5029 5031
f 5032 5033 5034
f 5035 5036 5037
f 5038 5039 5040
f 5040 5039 5041
f 5042 5043 5044
f 5044 5043 5045
f 5046 5047 5048
f 5048 5047 5049
f 5050 5051 5052
f 5053 5054 5055
f 5056 5057 5058
f 5059 5060 5061
f 5062 5063 5064
f 5065 5066 5067
f 5068 5069 5070
f 5071 5072 5073
f 5074 5075 5076
f 5077 5078 5079
f 5080 5081 5082
f 5083 5084 5085
f 5086 5087 5088
f 5089 5090 5091
f 5092 5093 5094
f 5095 5096 5097
f 5098 5099 5100
f 5100 5099 5101
f 5102 5103 5104
f 5105 5106 5107
f 5108 5109 5110
f 5111 5112 5113
f 5114 5115 5116
f 5116 5115 5117
f 5118 5119 5120
f 5121 5122 5123
f 5124 5125 5126
f 5127 5128 5129
f 5130 5131 5132
f 5133 5134 5135
f 5136 5137 5138
f 5139 5140 5141
f 5142 5143 5144
f 5145 5146 5147
f 5148 5149 5150
f 5151 5152 5153
f 5154 5155 5156
f 5157 5158 5159
f 5160 5161 5162
f 5163 5164 5165
f 5166 5167 5168
f 5169 5170 5171
f 5172 5173 5174
f 5175 5176 5177
f 5178 5179 5180
f 5181 5182 5183
f 4953 5184 4954
f 5185 5186 5187
f 4955 5188 4956
f 4956 5188 5189
f 5190 5191 5192
f 5192 5191 5193
f 5194 5195 5196
f 5197 5198 5199
f 5200 5201 5202
f 5203 5204 5205
f 5206 5207 5208
f 5209 5210 5211
f 5212 5213 5214
f 5215 5216 5217
f 4989 5218 4990
f 5219 5220 5221
f 5222 5223 5224
f 5225 5226 5227
f 5228 5229 5230
f 5231 5232 5233
f 5234 5235 5236
f 5237 5238 5239
f 5240 5241 5242
f 5243 5244 5245
f 5017 5246 5018
f 5146 5247 5147
f 5248 5249 5250
f 5251 5252 5253
f 5254 5255 5256
f 5257 5258 5259
f 5260 5261 5262
f 5263 5264 5265
f 5266 5267 5268
f 5269 5270 5271
f 5272 5273 5274
f 5275 5276 5277
f 5278 5279 5280
f 5281 5282 5283
f 5284 5285 5286
f 5186 5287 5187
f 5187 5287 5288
f 5188 5289 5189
f 5189 5289 5290
f 5191 5291 5193
f 5292 5293 5294
f 5295 5296 5297
f 5298 5299 5300
f 5301 5302 5303
f 5304 5305 5306
f 5307 5308 5309
f 5310 5311 5312
f 5313 5314 5315
f 5316 5317 5318
f 5319 5320 5321
f 5322 5323 5324
f 5325 5326 5327
f 5328 5329 5330
f 5331 5332 5333
f 5334 5335 5336
f 5337 5338 5339
f 5340 5341 5342
f 5343 5344 5345
f 5249 5346 5250
f 5347 5348 5349
f 5350 5351 5352
f 5353 5354 5355
f 5356 5357 5358
f 5359 5360 5361
f 5362 5363 5364
f 5365 5366 5367
f 5273 5368 5274
f 5369 5370 5371
f 5372 5373 5374
f 5375 5376 5377
f 5285 5378 5286
f 5379 5380 5381
f 5287 5382 5288
f 5383 5384 5385
f 5289 5386 5290
f 5290 5386 5387
f 5293 5388 5294
f 5389 5390 5391
f 5299 5392 5300
f 5393 5394 5395
f 5305 5396 5306
f 5397 5398 5399
f 5400 5401 5402
f 5403 5404 5405
f 5406 5407 5408
f 5409 5410 5411
f 5412 5413 5414
f 5415 5416 5417
f 5418 5419 5420
f 5421 5422 5423
f 5424 5425 5426
f 5427 5428 5429
f 5341 5430 5342
f 5348 5431 5349
f 5432 5433 5434
f 5435 5436 5437
f 5438 5439 5440
f 5441 5442 5443
f 5444 5445 5446
f 5447 5448 5449
f 5450 5451 5452
f 5453 5454 5455
f 5456 5457 5458
f 5376 5459 5377
f 5460 5461 5462
f 5463 5464 5465
f 5466 5467 5468
f 5384 5469 5385
f 5470 5471 5472
f 5386 5473 5387
f 5387 5473 5474
f 5390 5475 5391
f 5476 5477 5478
f 5479 5480 5481
f 5482 5483 5484
f 5398 5485 5399
f 5486 5487 5488
f 5404 5489 5405
f 5490 5491 5492
f 5410 5493 5411
f 5494 5495 5496
f 5497 5498 5499
f 5500 5501 5502
f 5503 5504 5505
f 5506 5507 5508
f 5428 5509 5429
f 5433 5510 5434
f 5511 5512 5513
f 5514 5515 5516
f 5517 5518 5519
f 5520 5521 5522
f 5523 5524 5525
f 5526 5527 5528
f 5529 5530 5531
f 5457 5532 5458
f 5533 5534 5535
f 5461 5536 5462
f 5537 5538 5539
f 5540 5541 5542
f 5543 5544 5545
f 5471 5546 5472
f 5547 5548 5549
f 5473 5550 5474
f 5474 5550 5551
f 5477 5552 5478
f 5553 5554 5555
f 5483 5556 5484
f 5557 5558 5559
f 5560 5561 5562
f 5563 5564 5565
f 5491 5566 5492
f 5567 5568 5569
f 5570 5571 5572
f 5573 5574 5575
f 5576 5577 5578
f 5579 5580 5581
f 5582 5583 5584
f 5585 5586 5587
f 5588 5589 5590
f 5591 5592 5593
f 5594 5595 5596
f 5597 5598 5599
f 5600 5601 5602
f 5603 5604 5605
f 5606 5607 5608
f 5534 5609 5535
f 5610 5611 5612
f 5613 5614 5615
f 5616 5617 5618
f 5544 5619 5545
f 5620 5621 5622
f 5548 5623 5549
f 5624 5625 5626
f 5550 5627 5551
f 5551 5627 5628
f 5629 5630 5631
f 5632 5633 5634
f 5558 5635 5559
f 5636 5637 5638
f 5564 5639 5565
f 5640 5641 5642
f 5643 5644 5645
f 5646 5647 5648
f 5649 5650 5651
f 5652 5653 5654
f 5580 5655 5581
f 5656 5657 5658
f 5659 5660 5661
f 5662 5663 5664
f 5665 5666 5667
f 5668 5669 5670
f 5671 5672 5673
f 5674 5675 5676
f 5677 5678 5679
f 5680 5681 5682
f 5683 5684 5685
f 5617 5686 5618
f 5687 5688 5689
f 5621 5690 5622
f 5691 5692 5693
f 5625 5694 5626
f 5695 5696 5697
f 5627 5698 5628
f 5628 5698 5699
f 5700 5701 5702
f 5634 5703 5704
f 5637 5705 5638
f 5706 5707 5708
f 5709 5710 5711
f 5712 5713 5714
f 5715 5716 5717
f 5718 5719 5720
f 5721 5722 5723
f 5724 5725 5726
f 5727 5728 5729
f 5730 5731 5732
f 5733 5734 5735
f 5672 5736 5673
f 5737 5738 5739
f 5740 5741 5742
f 5743 5744 5745
f 5746 5747 5748
f 5749 5750 5751
f 5752 5753 5754
f 5755 5756 5757
f 5692 5758 5693
f 5759 5760 5761
f 5696 5762 5697
f 5697 5762 5763
f 5698 5764 5699
f 5699 5764 5765
f 5766 5767 5768
f 5769 5770 5771
f 5772 5773 5774
f 5775 5776 5777
f 5778 5779 5780
f 5781 5782 5783
f 5719 5784 5720
f 5785 5786 5787
f 5788 5789 5790
f 5734 5791 5735
f 5792 5793 5794
f 5738 5795 5739
f 5796 5797 5798
f 5799 5800 5801
f 5802 5803 5804
f 5805 5806 5807
f 5808 5809 5810
f 5811 5812 5813
f 5814 5815 5816
f 5760 5817 5761
f 5818 5819 5820
f 5821 5822 5823
f 5824 5825 5826
f 5764 5827 5765
f 5765 5827 5828
f 5767 5829 5830
f 5831 5832 5833
f 5776 5834 5777
f 5835 5836 5837
f 5838 5839 5840
f 5841 5842 5843
f 5844 5845 5846
f 5847 5848 5849
f 5850 5851 5852
f 5853 5854 5855
f 5856 5857 5858
f 5859 5860 5861
f 5862 5863 5864
f 5865 5866 5867
f 5868 5869 5870
f 5871 5872 5873
f 5874 5875 5876
f 5877 5878 5879
f 5880 5881 5882
f 5883 5884 5885
f 5826 5886 5887
f 5827 5888 5828
f 5828 5888 5889
f 5832 5890 5833
f 5891 5892 4397
f 5836 5893 5837
f 5894 5895 5896
f 5897 5898 5899
f 5851 5900 5852
f 5901 5902 5903
f 5904 5905 5906
f 5907 5908 5909
f 5863 5910 5864
f 5911 5912 5913
f 5914 5915 5916
f 5917 5918 5919
f 5875 5920 5876
f 5921 5922 5923
f 5924 5925 5926
f 5927 5928 5929
f 5930 5931 5932
f 5933 5934 5935
f 5888 5936 5889
f 5889 5936 5937
f 5892 4398 4397
f 5938 5939 5940
f 5941 5942 5943
f 5944 5945 5946
f 5947 5948 5949
f 5950 5951 5952
f 5953 5954 5955
f 5956 5957 5958
f 5959 5960 5961
f 5918 5962 5919
f 5963 5964 5965
f 5922 5966 5923
f 5967 5968 5969
f 5928 5970 5929
f 5971 5972 5973
f 5974 5975 5976
f 5977 5978 5979
f 5936 5980 5937
f 5942 5981 5943
f 5982 5983 5984
f 5985 5986 5987
f 5988 5989 5990
f 5954 5991 5955
f 5992 5993 5994
f 5960 5995 5961
f 5996 5997 5998
f 5999 6000 6001
f 6002 6003 6004
f 6005 6006 6007
f 6008 6009 6010
f 6011 6012 6013
f 6014 6015 6016
f 5978 6017 5979
f 6018 6019 6020
f 6021 6022 6023
f 5989 6024 5990
f 6025 6026 6027
f 6028 6029 6030
f 6031 6032 6033
f 6034 6035 6036
f 6037 6038 6039
f 6040 6041 6042
f 6043 6044 6045
f 6046 6047 6048
f 6049 6050 6051
f 6015 6052 6016
f 6053 6054 6055
f 6056 6057 6058
f 6059 6060 6061
f 6062 6063 6064
f 6065 6066 6067
f 6068 6069 6070
f 6071 6072 6073
f 6074 6075 6076
f 6077 6078 6079
f 6080 6081 6082
f 6050 6083 6051
f 6057 6084 6058
f 6085 6086 6087
f 6088 6089 6090
f 6091 6092 6093
f 6094 6095 6096
f 6097 6098 6099
f 6100 6101 6102
f 6103 6104 6105
f 6106 6107 6108
f 6109 6110 6111
f 6112 6113 6114
f 6115 6116 6117
f 6118 6119 6120
f 6098 6121 6099
f 6122 6123 6124
f 6125 6126 6127
f 6128 6129 6130
f 6131 6132 6133
f 6134 6135 6136
f 6137 6138 6139
f 6140 6141 6142
f 6143 6144 6145
f 6146 6147 6148
f 6138 6149 6139
f 6150 6151 6152
f 6153 6154 6155
f 6156 6157 6158
f 6158 6157 6159
f 6160 6161 6162
f 6162 6161 6163
f 6164 6165 6166
f 6167 6168 6169
f 6170 6171 6172
f 6173 6174 6175
f 6176 6177 6178
f 6179 6180 6181
f 6182 6183 6184
f 6184 6183 6185
f 6186 6187 6188
f 6188 6187 6189
f 6190 6191 6192
f 6193 6194 6195
f 6196 6197 6198
f 6198 6197 6199
f 6200 6201 6202
f 6203 6204 6205
f 6206 6207 6208
f 6208 6207 6209
f 6210 6211 6212
f 6213 6214 6215
f 6216 6217 6218
f 6219 6220 6221
f 6222 6223 6224
f 6225 6226 6227
f 6228 6229 6230
f 6231 6232 6233
f 6234 6235 6236
f 6237 6238 6239
f 6240 6241 6242
f 6243 6244 6245
f 6246 6247 6248
f 6249 6250 6251
f 6252 6253 6254
f 6255 6256 6257
f 6258 6259 6260
f 6260 6259 6261
f 6262 6263 6264
f 6265 6266 6267
f 6268 6269 6270
f 6270 6269 6271
f 6272 6273 6274
f 6275 6276 6277
f 6278 6279 6280
f 6280 6279 6281
f 6282 6283 6284
f 6285 6286 6287
f 6288 6289 6290
f 6291 6292 6293
f 6294 6295 6296
f 6297 6298 6299
f 6300 6301 6302
f 6302 6301 6303
f 6304 6305 6306
f 6307 6308 6309
f 6310 6311 6312
f 6313 6314 6315
f 6316 6317 6318
f 6319 6320 6321
f 6322 6323 6324
f 6324 6323 6325
f 6326 6327 6328
f 6328 6327 6329
f 6330 6331 6332
f 6333 6334 6335
f 6336 6337 6338
f 6339 6340 6341
f 6342 6343 6344
f 6345 6346 6347
f 6348 6349 6350
f 6351 6352 6353
f 6354 6355 6356
f 6357 6358 6359
f 6360 6361 6362
f 6363 6364 6365
f 6366 6367 6368
f 6369 6370 6371
f 6372 6373 6374
f 6375 6376 6377
f 6378 6379 6380
f 6381 6382 6383
f 6384 6385 6386
f 6387 6388 6389
f 6390 6391 6392
f 6392 6391 6393
f 6394 6395 6396
f 6397 6398 6399
f 6400 6401 6402
f 6403 6404 6405
f 6406 6407 6408
f 6409 6410 6411
f 6412 6413 6414
f 6415 6416 6417
f 6418 6419 6420
f 6420 6419 6421
f 6422 6423 6424
f 6425 6426 6427
f 6428 6429 6430
f 6430 6429 6431
f 6432 6433 6434
f 6435 6436 6437
f 6438 6439 6440
f 6441 6442 6443
f 6444 6445 6446
f 6447 6448 6449
f 6450 6451 6452
f 6453 6454 6455
f 6456 6457 6458
f 6459 6460 6461
f 6462 6463 6464
f 6465 6466 6467
f 6468 6469 6470
f 6471 6472 6473
f 6474 6475 6476
f 6477 6478 6479
f 6480 6481 6482
f 6483 6484 6485
f 6486 6487 6488
f 6489 6490 6491
f 6492 6493 6494
f 6495 6496 6497
f 6498 6499 6500
f 6501 6502 6503
f 6504 6505 6506
f 6507 6508 6509
f 6510 6511 6512
f 6513 6514 6515
f 6516 6517 6518
f 6519 6520 6521
f 6522 6523 6524
f 6525 6526 6527
f 6528 6529 6530
f 6531 6532 6533
f 6534 6535 6536
f 6537 6538 6539
f 6540 6541 6542
f 6542 6541 6543
f 6544 6545 6546
f 6546 6545 6547
f 6548 6549 6550
f 6551 6552 6553
f 6554 6555 6556
f 6557 6558 6559
f 6560 6561 6562
f 6563 6564 6565
f 6566 6567 6568
f 6569 6570 6571
f 6572 6573 6574
f 6574 6573 6575
f 6576 6577 6578
f 6579 6580 6581
f 6582 6583 6584
f 6584 6583 6585
f 6586 6587 6588
f 6589 6590 6591
f 6592 6593 6594
f 6595 6596 6597
f 6598 6599 6600
f 6601 6602 6603
f 6604 6605 6606
f 6607 6608 6609
f 6610 6611 6612
f 6613 6614 6615
f 6616 6617 6618
f 6619 6620 6621
f 6622 6623 6624
f 6625 6626 6627
f 6628 6629 6630
f 6631 6632 6633
f 6634 6635 6636
f 6637 6638 6639
f 6640 6641 6642
f 6643 6644 6645
f 6646 6647 6648
f 6648 6647 6649
f 6650 6651 6652
f 6652 6651 6653
f 6654 6655 6656
f 6657 6658 6659
f 6660 6661 6662
f 6663 6664 6665
f 6666 6667 6668
f 6668 6667 6669
f 6670 6671 6672
f 6672 6671 6673
f 6674 6675 6676
f 6677 6678 6679
f 6680 6681 6682
f 6683 6684 6685
f 6686 6687 6688
f 6689 6690 6691
f 6692 6693 6694
f 6695 6696 6697
f 6698 6699 6700
f 6701 6702 6703
f 6704 6705 6706
f 6706 6705 6707
f 6708 6709 6710
f 6710 6709 6711
f 6712 6713 6714
f 6715 6716 6717
f 6718 6719 6720
f 6721 6722 6723
f 6724 6725 6726
f 6727 6728 6729
f 6730 6731 6732
f 6733 6734 6735
f 6736 6737 6738
f 6739 6740 6741
f 6742 6743 6744
f 6745 6746 6747
f 6748 6749 6750
f 6751 6752 6753
f 6754 6755 6756
f 6757 6758 6759
f 6760 6761 6762
f 6763 6764 6765
f 6766 6767 6768
f 6768 6767 6769
f 6770 6771 6772
f 6773 6774 6775
f 6776 6777 6778
f 6778 6777 6779
f 6780 6781 6782
f 6783 6784 6785
f 6786 6787 6788
f 6789 6790 6791
f 6792 6793 6794
f 6794 6793 6795
f 6796 6797 6798
f 6798 6797 6799
f 6800 6801 6802
f 6802 6801 6803
f 6804 6805 6806
f 6806 6805 6807
f 6808 6809 6810
f 6811 6812 6813
f 6814 6815 6816
f 6817 6818 6819
f 6820 6821 6822
f 6822 6821 6823
f 6824 6825 6826
f 6827 6828 6829
f 6830 6831 6832
f 6833 6834 6835
f 6836 6837 6838
f 6839 6840 6841
f 6842 6843 6844
f 6844 6843 6845
f 6846 6847 6848
f 6848 6847 6849
f 6850 6851 6852
f 6853 6854 6855
f 6856 6857 6858
f 6858 6857 6859
f 6860 6861 6862
f 6863 6864 6865
f 6866 6867 6868
f 6868 6867 6869
f 6870 6871 6872
f 6873 6874 6875
f 6876 6877 6878
f 6878 6877 6879
f 6880 6881 6882
f 6882 6881 6883
f 6884 6885 6886
f 6886 6885 6887
f 6888 6889 6890
f 6891 6892 6893
f 6894 6895 6896
f 6897 6898 6899
f 6900 6901 6902
f 6903 6904 6905
f 6906 6907 6908
f 6908 6907 6909
f 6910 6911 6912
f 6912 6911 6913
f 6914 6915 6916
f 6917 6918 6919
f 6920 6921 6922
f 6922 6921 6923
f 6924 6925 6926
f 6926 6925 6927
f 6928 6929 6930
f 6930 6929 6931
f 6932 6933 6934
f 6934 6933 6935
f 6936 6937 6938
f 6939 6940 6941
f 6942 6943 6944
f 6945 6946 6947
f 6948 6949 6950
f 6950 6949 6951
f 6952 6953 6954
f 6954 6953 6955
f 6956 6957 6958
f 6959 6960 6961
f 6962 6963 6964
f 6964 6963 6965
f 6966 6967 6968
f 6969 6970 6971
f 6972 6973 6974
f 6975 6976 6977
f 6974 6978 6979
f 6979 6978 6980
f 4284 4283 6981
f 6981 4283 6982
f 6981 6982 6983
f 6983 6982 6984
f 6983 6984 6985
f 6985 6984 6986
f 6985 6986 6987
f 6987 6986 6988
f 6987 6988 6989
f 6989 6988 6990
f 6989 6990 6991
f 6991 6990 6992
f 6991 6992 6993
f 6993 6992 6994
f 6993 6994 6995
f 6995 6994 6996
f 6995 6996 6997
f 6997 6996 6998
f 6997 6998 6999
f 6999 6998 7000
f 6999 7000 7001
f 7001 7000 7002
f 7001 7002 7003
f 7003 7002 7004
f 7003 7004 7005
f 7005 7004 7006
f 7005 7006 7007
f 7007 7006 7008
f 7007 7008 7009
f 7009 7008 7010
f 7009 7010 7011
f 7011 7010 7012
f 7011 7012 7013
f 7013 7012 7014
f 7013 7014 7015
f 7015 7014 7016
f 7015 7016 7017
f 7017 7016 7018
f 7017 7018 7019
f 7019 7018 7020
f 7019 7020 7021
f 7021 7020 7022
f 7021 7022 4714
f 4714 7022 4712
f 7023 7024 7025
f 7025 7024 7026
f 7027 7028 7029
f 7029 7028 7030
f 7031 7032 7033
f 7034 7035 7036
f 7037 7038 7039
f 7039 7038 7040
f 7041 7042 7043
f 7043 7042 7044
f 7045 7046 7047
f 7048 7049 7050
f 7051 7052 7053
f 7053 7052 7054
f 7055 7056 7057
f 7057 7056 7058
f 7059 7060 7061
f 7062 7063 7064
f 7065 7066 7067
f 7068 7069 7070
f 7071 7072 7073
f 7073 7072 7074
f 7075 7076 7077
f 7077 7076 7078
f 7079 7080 7081
f 7082 7083 7084
f 7085 7086 7087
f 7087 7086 7088
f 7089 7090 7091
f 7092 7093 7094
f 7095 7096 7097
f 7097 7096 7098
f 7099 7100 7101
f 7101 7100 7102
f 7103 7104 7105
f 7105 7104 7106
f 7107 7108 7109
f 7109 7108 7110
f 7111 7112 7113
f 7113 7112 7114
f 7115 7116 7117
f 7118 7119 7120
f 7121 7122 7123
f 7124 7125 7126
f 7127 7128 7129
f 7129 7128 7130
f 7131 7132 7133
f 7133 7132 7134
f 7135 7136 7137
f 7138 7139 7140
f 7141 7142 7143
f 7143 7142 7144
f 7145 7146 7147
f 7147 7146 7148
f 7149 7150 7151
f 7151 7150 7152
f 7153 7154 7155
f 7156 7157 7158
f 7159 7160 7161
f 7161 7160 7162
f 7163 7164 7165
f 7166 7167 7168
f 7169 7170 7171
f 7172 7173 7174
f 7175 7176 7177
f 7178 7179 7180
f 7181 7182 7183
f 7184 7185 7186
f 7187 7188 7189
f 7189 7188 7190
f 7191 7192 7193
f 7193 7192 7194
f 7195 7196 7197
f 7198 7199 7200
f 7201 7202 7203
f 7204 7205 7206
f 7207 7208 7209
f 7209 7208 7210
f 7211 7212 7213
f 7214 7215 7216
f 7217 7218 7219
f 7220 7221 7222
f 7223 7224 7225
f 7226 7227 7228
f 7229 7230 7231
f 7232 7233 7234
f 7235 7236 7237
f 7238 7239 7240
f 7241 7242 7243
f 7244 7245 7246
f 7247 7248 7249
f 7249 7248 7250
f 7251 7252 7253
f 7254 7255 7256
f 7257 7258 7259
f 7260 7261 7262
f 7263 7264 7265
f 7266 7267 7268
f 7269 7270 7271
f 7271 7270 7272
f 7273 7274 7275
f 7275 7274 7276
f 7277 7278 7279
f 7280 7281 7282
f 7283 7284 7285
f 7286 7287 7288
f 7289 7290 7291
f 7292 7293 7294
f 7295 7296 7297
f 7298 7299 7300
f 7301 7302 7303
f 7304 7305 7306
f 7307 7308 7309
f 7310 7311 7312
f 7313 7314 7315
f 7316 7317 7318
f 7319 7320 7321
f 7322 7323 7324
f 7325 7326 7327
f 7327 7326 7328
f 7329 7330 7331
f 7332 7333 7334
f 7335 7336 7337
f 7338 7339 7340
f 7341 7342 7343
f 7344 7345 7346
f 7347 7348 7349
f 7350 7351 7352
f 7353 7354 7355
f 7356 7357 7358
f 7359 7360 7361
f 7362 7363 7364
f 7365 7366 7367
f 7367 7366 7368
f 7369 7370 7371
f 7372 7373 7374
f 7374 7373 7375
f 7376 7377 7378
f 7379 7380 7381
f 7382 7383 7384
f 7385 7386 7387
f 7388 7389 7390
f 7391 7392 7393
f 7393 7392 7394
f 7395 7396 7397
f 7398 7399 7400
f 7401 7402 7403
f 7404 7405 7406
f 7407 7408 7409
f 7410 7411 7412
f 7413 7414 7415
f 7416 7417 7418
f 7419 7420 7421
f 7422 7423 7424
f 7425 7426 7427
f 7428 7429 7430
f 7431 7432 7433
f 7434 7435 7436
f 7437 7438 7439
f 7440 7441 7442
f 7443 7444 7445
f 7446 7447 7448
f 7449 7450 7451
f 7452 7453 7454
f 7455 7456 7457
f 7458 7459 7460
f 7461 7462 7463
f 7464 7465 7466
f 7467 7468 7469
f 7470 7471 7472
f 7472 7471 7473
f 7474 7475 7476
f 7477 7478 7479
f 7480 7481 7482
f 7483 7484 7485
f 7486 7487 7488
f 7489 7490 7491
f 7492 7493 7494
f 7494 7493 7495
f 7496 4820 4822
f 7497 7498 7499
f 7499 7498 7500
f 7501 7502 7503
f 7504 7505 7506
f 7507 7508 7509
f 7509 7508 7510
f 7511 7512 7513
f 7513 7512 7514
f 7515 7516 7517
f 7518 7519 7520
f 7518 7520 7521
f 7522 7523 7524
f 7525 7526 7527
f 7528 7524 7529
f 7530 7531 7532
f 7533 7534 7535
f 7535 7534 7536
f 7535 7536 7537
f 7537 7536 7538
f 7537 7538 7539
f 7539 7538 7540
f 7539 7540 7541
f 7541 7540 7542
f 7541 7542 7543
f 7543 7542 7544
f 7543 7544 7545
f 7545 7544 7546
f 7545 7546 7547
f 7547 7546 7548
f 7547 7548 7549
f 7549 7548 4832
f 7549 4832 4834
f 4562 4564 7550
f 7551 7552 7553
f 7554 7555 7556
f 7557 7558 7559
f 7560 7561 7562
f 7562 7561 7563
f 7564 7565 7566
f 7566 7565 7567
f 7568 7569 7570
f 7570 7569 7571
f 7572 7573 7574
f 7574 7573 7575
f 7576 7577 7578
f 7579 7580 7581
f 7582 7583 7584
f 7585 7586 7587
f 7588 7589 7590
f 7591 7592 7593
f 7594 4836 4838
f 7595 7596 7597
f 7598 7599 7600
f 7601 7602 7603
f 7603 7602 7604
f 7605 7606 7607
f 7608 7609 7610
f 7611 7612 7613
f 7614 7615 7616
f 7617 7618 7619
f 7620 7621 7622
f 7623 7624 7625
f 7625 7624 7626
f 7627 7628 7629
f 7630 7631 7632
f 7633 7634 7635
f 7636 7637 7638
f 7639 7640 7641
f 7641 7640 7642
f 7643 7644 7645
f 7645 7644 7646
f 7647 7648 7649
f 7650 7651 7652
f 7653 7654 7655
f 7656 7657 7658
f 7658 7657 7659
f 7660 7661 7662
f 7663 7664 7665
f 7666 7667 7668
f 7669 7670 7671
f 7672 7673 7674
f 7675 7676 7677
f 7678 7679 7680
f 7681 7682 7683
f 7684 7685 7686
f 7686 7685 7687
f 7688 7689 7690
f 7691 7692 7693
f 7694 7695 7696
f 7697 7698 7699
f 7700 7701 7702
f 7702 7701 7703
f 7704 7705 7706
f 7707 7708 7709
f 7710 7711 7712
f 7713 7714 7715
f 7715 7714 7716
f 7717 7718 7719
f 7720 7721 7722
f 7723 7724 7725
f 7726 7727 7728
f 7729 7730 7731
f 7732 7733 7734
f 7735 7736 7737
f 7738 7739 7740
f 7741 7742 7743
f 7744 7745 7746
f 7747 7748 7749
f 7750 7751 7752
f 7753 7754 7755
f 7756 7757 7758
f 7759 7760 7761
f 7762 7763 7764
f 7765 7766 7767
f 7767 7766 7768
f 7769 7770 7771
f 7771 7770 7772
f 7773 7774 7775
f 7775 7774 7776
f 7777 4854 4856
f 7778 7779 7780
f 7781 7782 7783
f 7784 7785 7786
f 7787 7788 7789
f 7790 7791 7792
f 7793 7794 7795
f 7796 7797 7798
f 7799 7800 7801
f 7802 7803 7804
f 7805 7806 7807
f 7808 7809 7810
f 7811 7812 7813
f 7814 7815 7816
f 7817 7818 7819
f 7820 7821 7822
f 7823 7824 7825
f 7826 7827 7828
f 7829 7830 7831
f 7832 7833 7834
f 7835 7836 7837
f 7838 7839 7840
f 7840 7839 7841
f 7842 7843 7844
f 7845 7846 7847
f 7848 7849 7850
f 7850 7849 7851
f 7852 4860 4862
f 7853 7854 7855
f 7855 7854 7856
f 7857 7858 7859
f 7860 7861 7862
f 7863 7864 7865
f 7866 7867 7868
f 7869 7870 7871
f 7871 7870 7872
f 7873 7874 7875
f 7876 7877 7878
f 7879 7880 7881
f 7882 7883 7884
f 7885 7886 7887
f 7888 7889 7890
f 7891 7892 7893
f 7893 7892 7894
f 7895 7896 7897
f 7898 7899 7900
f 7901 7902 7903
f 7903 7902 7904
f 7905 7906 7907
f 7908 7909 7910
f 7911 7912 7913
f 7914 7915 7916
f 7917 7918 7919
f 7920 7921 7922
f 7923 7924 7925
f 7926 7927 7928
f 7929 4866 4868
f 7930 7931 7932
f 7932 7931 7933
f 7934 7935 7936
f 7936 7935 7937
f 7938 7939 7940
f 7941 7942 7943
f 7944 7945 7946
f 7947 7948 7949
f 7950 7951 7952
f 7953 7954 7955
f 7956 7957 7958
f 7959 7960 7961
f 7962 7963 7964
f 7965 7966 7967
f 7968 7969 7970
f 7970 7969 7971
f 7972 7973 7974
f 7975 7976 7977
f 7978 7979 7980
f 7980 7979 7981
f 7982 7983 7984
f 7985 7986 7987
f 7988 7989 7990
f 7991 7992 7993
f 7994 7995 7996
f 7997 7998 7999
f 8000 8001 8002
f 8003 8004 8005
f 8006 8007 8008
f 8009 8010 8011
f 8012 4872 4874
f 8013 8014 8015
f 8016 8017 8018
f 8019 8020 8021
f 8022 8023 8024
f 8025 8026 8027
f 8028 8029 8030
f 8031 8032 8033
f 8034 8035 8036
f 8037 8038 8039
f 8039 8038 8040
f 8041 8042 8043
f 8044 8045 8046
f 8047 8048 8049
f 8049 8048 8050
f 8051 8052 8053
f 8053 8052 8054
f 8055 8056 8057
f 8058 8059 8060
f 8061 8062 8063
f 8063 8062 8064
f 8065 8066 8067
f 8067 8066 8068
f 8069 8070 8071
f 8071 8070 8072
f 8073 8074 8075
f 8076 8077 8078
f 8079 8080 8081
f 8082 8083 8084
f 8085 8086 8087
f 8087 8086 8088
f 8089 8090 8091
f 8091 8090 8092
f 8093 8094 8095
f 8096 8097 8098
f 8099 8100 8101
f 8102 8103 8104
f 8104 8103 8105
f 8106 8107 8108
f 8109 8110 8111
f 8112 8113 8114
f 8115 8116 8117
f 8118 8119 8120
f 8120 8119 8121
f 8122 8123 8124
f 8125 8126 8127
f 8128 8129 8130
f 8130 8129 8131
f 8132 8133 8134
f 8134 8133 8135
f 8136 8137 8138
f 8139 8140 8141
f 8142 8143 8144
f 8144 8143 8145
f 8146 8147 8148
f 8148 8147 8149
f 8150 8151 8152
f 8152 8151 8153
f 8154 8155 8156
f 8157 8158 8159
f 8160 8161 8162
f 8163 8164 8165
f 8166 8167 8168
f 8168 8167 8169
f 8170 8171 8172
f 8172 8171 8173
f 8174 8175 8176
f 8177 8178 8179
f 8180 8181 8182
f 8183 8184 8185
f 8185 8184 8186
f 8187 8188 8189
f 8189 8188 8190
f 8191 8192 8193
f 8194 8195 8196
f 8197 8198 8199
f 8200 8201 8202
f 8203 8204 8205
f 8206 8207 8208
f 8209 8210 8211
f 8212 8213 8214
f 8215 8216 8217
f 8217 8216 8218
f 8219 8220 8221
f 8221 8220 8222
f 8223 8224 8225
f 8226 8227 8228
f 8229 8230 8231
f 8231 8230 8232
f 8233 8234 8235
f 8236 8237 8238
f 8239 8240 8241
f 8242 8243 8244
f 8245 8246 8247
f 8248 8249 8250
f 8251 8252 8253
f 8254 8255 8256
f 8257 8258 8259
f 8260 8261 8262
f 8263 8264 8265
f 8265 8264 8266
f 8267 8268 8269
f 8269 8268 8270
f 8271 8272 8273
f 8274 8275 8276
f 8277 8278 8279
f 8280 8281 8282
f 8282 8281 8283
f 8284 8285 8286
f 8287 8288 8289
f 8290 8291 8292
f 8293 8294 8295
f 8296 8297 8298
f 8298 8297 8299
f 8300 8301 8302
f 8303 8304 8305
f 8306 8307 8308
f 8309 8310 8311
f 8312 8313 8314
f 8314 8313 8315
f 8316 8317 8318
f 8318 8317 8319
f 8320 8321 8322
f 8323 8324 8325
f 8326 8327 8328
f 8328 8327 8329
f 8330 8331 8332
f 8333 8334 8335
f 8336 8337 8338
f 8339 8340 8341
f 8342 8343 8344
f 8345 8346 8347
f 8348 8349 8350
f 8351 8352 8353
f 8354 8355 8356
f 8356 8355 8357
f 8358 8359 8360
f 8361 8362 8363
f 8364 8365 8366
f 8366 8365 8367
f 8368 8369 8370
f 8371 8372 8373
f 8374 8375 8376
f 8377 8378 8379
f 8380 8381 8382
f 8383 8384 8385
f 8386 8387 8388
f 8389 8390 8391
f 8392 8393 8394
f 8395 8396 8397
f 8398 8399 8400
f 8401 8402 8403
f 8404 8405 8406
f 8407 8408 8409
f 8410 8411 8412
f 8413 8414 8415
f 8416 8417 8418
f 8419 8420 8421
f 8422 8423 8424
f 8425 8426 8427
f 8428 8429 8430
f 8431 8432 8433
f 8434 8435 8436
f 8437 8438 8439
f 8440 8441 8442
f 8443 8444 8445
f 8446 8447 8448
f 8448 8447 8449
f 8450 8451 8452
f 8453 8454 8455
f 8456 8457 8458
f 8458 8457 8459
f 8460 8461 8462
f 8462 8461 8463
f 8464 8465 8466
f 8467 8468 8469
f 8470 8471 8472
f 8473 8474 8475
f 8476 8477 8478
f 8479 8480 8481
f 8482 8483 8484
f 8485 8486 8487
f 8488 8489 8490
f 8490 8489 8491
f 8492 8493 8494
f 8494 8493 8495
f 8496 8497 8498
f 8499 8500 8501
f 8502 8503 8504
f 8505 8506 8507
f 8508 8509 8510
f 8508 8510 8511
f 8512 8513 8514
f 8515 8516 8517
f 8518 8519 8520
f 8521 8522 8523
f 8524 8525 8526
f 8527 8528 8529
f 8530 8531 8532
f 8533 8534 8535
f 8536 8537 8538
f 8539 8540 8541
f 8542 8543 8544
f 8542 8544 8545
f 8546 8547 8548
f 8549 8550 8551
f 8552 8553 8554
f 8552 8554 8555
f 8556 8557 8558
f 8556 8558 8559
f 8560 8561 8562
f 8563 8564 8565
f 8566 8567 8568
f 8569 8570 8571
f 8572 8573 8574
f 8575 8576 8577
f 8578 8579 8580
f 8581 8582 8583
f 8584 8585 8586
f 8587 8588 8589
f 8590 8591 8592
f 8590 8592 8593
f 8594 8595 8596
f 8597 8598 8599
f 8600 8601 8602
f 8603 8604 8605
f 8606 8607 8608
f 8606 8608 8609
f 4910 8610 4908
f 8611 8612 8613
f 8613 8612 8614
f 8613 8614 8615
f 8615 8616 8613
f 8613 8616 8617
f 8613 8617 8618
f 8613 8618 8619
f 8619 8618 8620
f 8619 8620 8621
f 8621 8620 8622
f 8623 8624 8613
f 8613 8624 8625
f 8613 8625 8626
f 8624 8623 8627
f 8627 8623 8628
f 8627 8628 8629
f 8629 8628 8630
f 8629 8630 8631
f 8631 8630 8632
f 8631 8632 8633
f 8626 8634 8613
f 8613 8634 8635
f 8613 8635 8636
f 8636 8637 8613
f 8613 8637 8638
f 8613 8638 8639
f 8639 8611 8613
f 8640 8641 8642
f 8642 8641 8643
f 8644 8645 8646
f 8646 8645 8647
f 8648 8649 8650
f 8650 8649 8651
f 8652 8653 8654
f 8654 8653 8655
f 8656 8657 8658
f 8658 8657 8659
f 8660 8661 8662
f 8662 8661 8663
f 8664 8665 8666
f 8666 8665 8667
f 8668 8669 8670
f 8670 8669 8671
f 8672 8673 8674
f 8674 8673 8675
f 8676 8677 8678
f 8678 8677 8679
f 8680 8681 8682
f 8682 8681 8683
f 8684 8685 8686
f 8686 8685 8687
f 8688 8689 8690
f 8690 8689 8691
f 8692 8693 8694
f 8694 8693 8695
f 8696 8697 8698
f 8698 8697 8699
f 8700 8701 8702
f 8702 8701 8703
f 8704 8705 8706
f 8706 8705 8707
f 8708 8709 8710
f 8710 8709 8711
f 8712 8713 8714
f 8714 8713 8715
f 8716 8717 8718
f 8718 8717 8719
f 8720 8721 8722
f 8722 8721 8723
f 8724 8725 8726
f 8726 8725 8727
f 8728 8729 8730
f 8730 8729 8731
f 8732 8733 8734
f 8734 8733 8735
f 8736 8737 8738
f 8738 8737 8739
f 8740 8741 8742
f 8742 8741 8743
f 8744 8745 8746
f 8746 8745 8747
f 8748 8749 8750
f 8750 8749 8751
f 8752 8753 8754
f 8754 8753 8755
f 8756 8757 8758
f 8758 8757 8759
f 8759 8757 8760
f 8760 8757 8761
f 8761 8757 8762
f 8761 8762 8763
f 8763 8762 8764
f 8763 8764 8765
f 8765 8764 8766
f 8765 8766 8767
f 8767 8766 8768
f 8767 8768 8769
f 8769 8768 8770
f 8769 8770 8771
f 8771 8770 8772
f 8771 8772 8773
f 8773 8772 8774
f 8773 8774 8775
f 8775 8774 8776
f 8775 8776 8777
f 8775 8777 8778
f 8778 8777 8779
f 8778 8779 8780
f 8780 8779 8781
f 8780 8781 8782
f 8780 8782 8783
f 8783 8782 8784
f 8783 8784 8785
f 8783 8785 8786
f 8786 8785 8787
f 8786 8787 8788
f 8788 8787 8789
f 8788 8789 8790
f 8790 8789 8791
f 8790 8791 8792
f 8790 8792 8793
f 8793 8792 8794
f 8793 8794 8795
f 8795 8794 8796
f 8795 8796 8797
f 8797 8796 8798
f 8797 8798 8799
f 8799 8798 8800
f 8799 8800 8801
f 8801 8800 8802
f 8801 8802 8803
f 8803 8802 8804
f 8803 8804 8805
f 8805 8804 8806
f 8805 8806 8807
f 8807 8806 8808
f 8807 8808 8809
f 8809 8808 8810
f 8809 8810 8811
f 8811 8810 8812
f 8811 8812 8813
f 8814 8815 8816
f 8816 8815 8817
f 8816 8817 8818
f 8819 8820 8814
f 8814 8820 8821
f 8814 8821 8822
f 8823 8824 8819
f 8819 8824 8820
f 8822 8815 8814
f 8818 8825 8816
f 8816 8825 8826
f 8816 8826 8827
f 8828 8829 8830
f 8830 8829 8831
f 8830 8831 8832
f 8832 8831 8833
f 8833 8831 8834
f 8834 8831 8835
f 8834 8835 8836
f 8836 8835 8837
f 8836 8837 8838
f 8838 8837 8839
f 8838 8839 8840
f 8840 8839 8841
f 8840 8841 8842
f 8842 8841 8843
f 8842 8843 8844
f 8844 8843 8845
f 8844 8845 8846
f 8846 8845 8847
f 8846 8847 8848
f 8848 8847 8849
f 8848 8849 8850
f 8848 8850 8851
f 8851 8850 8852
f 8851 8852 8853
f 8853 8852 8854
f 8853 8854 8855
f 8855 8854 8856
f 8855 8856 8857
f 8855 8857 8858
f 8858 8857 8859
f 8858 8859 8860
f 8860 8859 8861
f 8860 8861 8862
f 8862 8861 8863
f 8862 8863 8864
f 8864 8863 8865
f 8864 8865 8866
f 8864 8866 8867
f 8867 8866 8868
f 8867 8868 8869
f 8869 8868 8870
f 8869 8870 8871
f 8871 8870 8872
f 8871 8872 8873
f 8873 8872 8874
f 8873 8874 8875
f 8875 8874 8876
f 8875 8876 8877
f 8877 8876 8878
f 8877 8878 8879
f 8879 8878 8880
f 8879 8880 8881
f 8881 8880 8882
f 8882 8880 8883
f 8883 8880 8884
f 8883 8884 8885
f 8886 8887 8888
f 8888 8887 8889
f 8888 8889 8890
f 8890 8891 8888
f 8888 8891 8892
f 8892 8891 8893
f 8892 8893 8894
f 8894 8893 8895
f 8894 8895 8896
f 8896 8895 8897
f 8896 8897 8898
f 8898 8897 8899
f 8898 8899 8900
f 8900 8899 8901
f 8900 8901 8902
f 8902 8901 8903
f 8902 8903 8904
f 8904 8903 8905
f 8905 8903 8906
f 8905 8906 8907
f 8907 8906 8908
f 8907 8908 8909
f 8909 8908 8910
f 8909 8910 8911
f 8911 8910 8912
f 8912 8910 8913
f 8912 8913 8914
f 8914 8913 8915
f 8914 8915 8916
f 8916 8915 8917
f 8917 8915 8918
f 8917 8918 8919
f 8919 8918 8920
f 8919 8920 8921
f 8921 8920 8922
f 8922 8920 8923
f 8922 8923 8924
f 8924 8923 8925
f 8924 8925 8926
f 8926 8925 8927
f 8926 8927 8928
f 8928 8927 8929
f 8928 8929 8930
f 8930 8929 8931
f 8930 8931 8932
f 8932 8931 8933
f 8932 8933 8934
f 8934 8933 8935
f 8934 8935 8936
f 8936 8935 8937
f 8936 8937 8938
f 8938 8937 8939
f 8938 8939 8940
f 8940 8939 8941
f 8940 8941 8942
f 8942 8941 8943
f 8944 8945 8946
f 8946 8945 8947
f 8946 8947 8948
f 8948 8947 8949
f 8945 8944 8950
f 8950 8944 8951
f 8950 8951 8952
f 8952 8951 8953
f 8952 8953 8954
f 8954 8953 8955
f 8954 8955 8956
f 8956 8955 8957
f 8956 8957 8958
f 8958 8957 8959
f 8958 8959 8960
f 8960 8959 8961
f 8960 8961 8962
f 8962 8961 8963
f 8962 8963 8964
f 8964 8963 8965
f 8964 8965 8966
f 8966 8965 8967
f 8966 8967 8968
f 8968 8967 8969
f 8968 8969 8970
f 8968 8970 8971
f 8971 8970 8972
f 8971 8972 8973
f 8973 8972 8974
f 8973 8974 8975
f 8973 8975 8976
f 8976 8975 8977
f 8976 8977 8978
f 8976 8978 8979
f 8979 8978 8980
f 8979 8980 8981
f 8981 8980 8982
f 8981 8982 8983
f 8981 8983 8984
f 8984 8983 8985
f 8984 8985 8986
f 8986 8985 8987
f 8986 8987 8988
f 8988 8987 8989
f 8988 8989 8990
f 8990 8989 8991
f 8990 8991 8992
f 8992 8991 8993
f 8992 8993 8994
f 8994 8993 8995
f 8994 8995 8996
f 8996 8995 8997
f 8996 8997 8998
f 8998 8997 8999
f 8998 8999 9000
f 9000 8999 9001
f 9000 9001 9002
f 9002 9001 9003
f 9002 9003 9004
f 9004 9003 9005
f 9004 9005 9006
f 9007 9008 9009
f 9010 9011 9012
f 9013 9014 9015
f 9016 9017 9018
f 9019 9020 9021
f 9022 9023 9024
f 9025 9026 9027
f 9028 9029 9030
f 9031 9032 9033
f 9034 9035 9036
f 9037 9038 9039
f 9039 9038 9040
f 9041 9042 9043
f 9044 9045 9046
f 9047 9048 9049
f 9050 9051 9052
f 9053 9054 9055
f 9056 9057 9058
f 9059 9060 9061
f 9062 9063 9064
f 9065 9066 9067
f 9068 9069 9070
f 9071 9072 9073
f 9074 9075 9076
f 9077 9078 9079
f 9080 9081 9082
f 9083 9084 9085
f 9086 9087 9088
f 9089 9090 9091
f 9092 9093 9094
f 9095 9096 9097
f 9098 9099 9100
f 9101 9102 9103
f 9104 9105 9106
f 9107 9108 9109
f 9110 9111 9112
f 9113 9114 9115
f 9116 9117 9118
f 9119 9120 9121
f 9122 9123 9124
f 9125 9126 9127
f 9128 9129 9130
f 9131 9132 9133
f 9134 9135 9136
f 9137 9138 9139
f 9140 9141 9142
f 9143 9144 9145
f 9146 9147 9148
f 9149 9150 9151
f 9152 9153 9154
f 9155 9156 9157
f 9158 9159 9160
f 9161 9162 9163
f 9164 9165 9166
f 9167 9168 9169
f 9170 9171 9172
f 9173 9174 9175
f 9176 9177 9178
f 9179 9180 9181
f 9182 9183 9184
f 9185 9186 9187
f 9188 9189 9190
f 9191 9192 9193
f 9194 9195 9196
f 9106 9197 9104
f 9198 9199 9200
f 9200 9199 9201
f 9202 9203 9204
f 9204 9203 9171
f 9205 9163 9162
f 9206 9207 9208
f 9208 9207 9209
f 9210 9211 9212
f 9212 9211 9213
f 9214 9215 9216
f 9216 9215 9217
f 9218 9219 9220
f 9220 9219 9221
f 9222 9223 9224
f 9224 9223 9225
f 9226 9227 9228
f 9228 9227 9229
f 9230 9231 9232
f 9232 9231 9233
f 9234 9235 9236
f 9236 9235 9237
f 9238 9239 9240
f 9240 9239 9241
f 9242 9243 9244
f 9244 9243 9245
f 9246 9247 9248
f 9248 9247 9249
f 9250 9251 9252
f 9252 9251 9253
f 9254 9255 9256
f 9256 9255 9257
f 9258 9259 9260
f 9260 9259 9261
f 9262 9263 9264
f 9264 9263 9265
f 9266 9267 9268
f 9268 9267 9269
f 9270 9271 9272
f 9272 9271 9273
f 9274 9275 9276
f 9276 9275 9277
f 9278 9279 9280
f 9280 9279 9281
f 9282 9283 9284
f 9284 9283 9285
f 9286 9287 9288
f 9288 9287 9289
f 9290 9291 9292
f 9292 9291 9293
f 9294 9295 9296
f 9296 9295 9297
f 9298 9299 9300
f 9300 9299 9301
f 9302 9303 9304
f 9304 9303 9305
f 9306 9307 9308
f 9308 9307 9309
f 9310 9311 9312
f 9310 9312 9205
f 9204 9313 9202
f 9177 9201 9178
f 9178 9201 9199
f 9183 9206 9184
f 9184 9206 9208
f 9189 9210 9190
f 9190 9210 9212
f 9195 9214 9196
f 9196 9214 9216
f 9011 9218 9012
f 9012 9218 9220
f 9020 9222 9021
f 9021 9222 9224
f 9026 9226 9027
f 9027 9226 9228
f 9032 9230 9033
f 9033 9230 9232
f 9042 9234 9043
f 9043 9234 9236
f 9048 9238 9049
f 9049 9238 9240
f 9054 9242 9055
f 9055 9242 9244
f 9060 9246 9061
f 9061 9246 9248
f 9066 9250 9067
f 9067 9250 9252
f 9072 9254 9073
f 9073 9254 9256
f 9078 9258 9079
f 9079 9258 9260
f 9084 9262 9085
f 9085 9262 9264
f 9090 9266 9091
f 9091 9266 9268
f 9096 9270 9097
f 9097 9270 9272
f 9102 9274 9103
f 9103 9274 9276
f 9111 9278 9112
f 9112 9278 9280
f 9117 9282 9118
f 9118 9282 9284
f 9123 9286 9124
f 9124 9286 9288
f 9129 9290 9130
f 9130 9290 9292
f 9135 9294 9136
f 9136 9294 9296
f 9141 9298 9142
f 9142 9298 9300
f 9150 9302 9151
f 9151 9302 9304
f 9156 9306 9157
f 9157 9306 9308
f 9162 9310 9205
f 9203 9172 9171
f 9314 9315 9316
f 9316 9315 9317
f 9316 9317 9318
f 9315 9314 9319
f 9319 9314 9320
f 9319 9320 9321
f 9321 9320 9322
f 9321 9322 9323
f 9323 9322 9324
f 9323 9324 9325
f 9325 9324 9326
f 9325 9326 9327
f 9327 9326 9328
f 9327 9328 9329
f 9329 9328 9330
f 9329 9330 9331
f 9331 9330 9332
f 9331 9332 9333
f 9331 9333 9334
f 9334 9333 9335
f 9334 9335 9336
f 9336 9335 9337
f 9336 9337 9338
f 9338 9337 9339
f 9338 9339 9340
f 9340 9339 9341
f 9340 9341 9342
f 9340 9342 9343
f 9343 9342 9344
f 9343 9344 9345
f 9345 9344 9346
f 9345 9346 9347
f 9347 9346 9348
f 9347 9348 9349
f 9347 9349 9350
f 9350 9349 9351
f 9350 9351 9352
f 9352 9351 9353
f 9352 9353 9354
f 9354 9353 9355
f 9354 9355 9356
f 9356 9355 9357
f 9356 9357 9358
f 9358 9357 9359
f 9358 9359 9360
f 9360 9359 9361
f 9360 9361 9362
f 9362 9361 9363
f 9362 9363 9364
f 9364 9363 9365
f 9365 9363 9366
f 9366 9363 9367
f 9366 9367 9368
f 9318 9369 9316
f 9316 9369 9370
f 9370 9369 9371
f 9372 9373 9374
f 9374 9373 9375
f 9374 9375 9376
f 9376 9375 9377
f 9376 9377 9378
f 9378 9377 9379
f 9378 9379 9380
f 9380 9379 9381
f 9380 9381 9382
f 9382 9381 9383
f 9382 9383 9384
f 9384 9383 9385
f 9384 9385 9386
f 9386 9385 9387
f 9386 9387 9388
f 9388 9387 9389
f 9388 9389 9390
f 9390 9389 9391
f 9390 9391 9392
f 9392 9391 9393
f 9392 9393 9394
f 9394 9393 9395
f 9394 9395 9396
f 9396 9395 9397
f 9396 9397 9398
f 9396 9398 9399
f 9399 9398 9400
f 9399 9400 9401
f 9401 9400 9402
f 9401 9402 9403
f 9401 9403 9404
f 9404 9403 9405
f 9404 9405 9406
f 9404 9406 9407
f 9407 9406 9408
f 9407 9408 9409
f 9409 9408 9410
f 9409 9410 9411
f 9409 9411 9412
f 9412 9411 9413
f 9412 9413 9414
f 9414 9413 9415
f 9414 9415 9416
f 9416 9415 9417
f 9416 9417 9418
f 9418 9417 9419
f 9418 9419 9420
f 9420 9419 9421
f 9420 9421 9422
f 9422 9421 9423
f 9422 9423 9424
f 9424 9423 9425
f 9424 9425 9426
f 9426 9425 9427
f 9426 9427 9428
f 9428 9427 9429
f 9428 9429 9430
f 9430 9429 9431
f 9430 9431 9432
f 9432 9431 9433
f 9432 9433 9434
f 9435 9436 9437
f 9437 9436 9438
f 9439 9440 9441
f 9441 9440 9442
f 9443 9444 9445
f 9445 9444 9446
f 9447 9448 9449
f 9449 9448 9450
f 9451 9452 9453
f 9453 9452 9454
f 9455 9456 9457
f 9457 9456 9458
f 9459 9460 9461
f 9461 9460 9462
f 9463 9464 9465
f 9465 9464 9466
f 9467 9468 9469
f 9469 9468 9470
f 9471 9472 9473
f 9473 9472 9474
f 9475 9476 9477
f 9477 9476 9478
f 9479 9480 9481
f 9481 9480 9482
f 9483 9484 9485
f 9485 9484 9486
f 9487 9488 9489
f 9489 9488 9490
f 9491 9492 9493
f 9493 9492 9494
f 9495 9496 9497
f 9497 9496 9498
f 9499 9500 9501
f 9501 9500 9502
f 9503 9504 9505
f 9505 9504 9506
f 9507 9508 9509
f 9509 9508 9510
f 9511 9512 9513
f 9513 9512 9514
f 9515 9516 9517
f 9517 9516 9518
f 9519 9520 9521
f 9521 9520 9522
f 9523 9524 9525
f 9525 9524 9526
f 9527 9528 9529
f 9529 9528 9530
f 9531 9532 9533
f 9533 9532 9534
f 9535 9536 9537
f 9537 9536 9538
f 9539 9540 9541
f 9541 9540 9542
f 9543 9544 9545
f 9545 9544 9546
f 9547 9548 9549
f 9549 9548 9550
f 9551 9552 9553
f 9553 9552 9554
f 9555 9556 9557
f 9558 9559 9560
f 9561 9562 9563
f 9564 9565 9566
f 9567 9568 9569
f 9570 9571 9572
f 9573 9574 9575
f 9576 9577 9578
f 9579 9580 9581
f 9582 9583 9584
f 9585 9586 9587
f 9588 9589 9590
f 9591 9592 9593
f 9594 9595 9596
f 9597 9598 9599
f 9600 9601 9602
f 9603 9604 9605
f 9606 9607 9608
f 9609 9610 9611
f 9612 9613 9614
f 9615 9616 9617
f 9618 9619 9620
f 9621 9622 9623
f 9624 9625 9626
f 9627 9628 9629
f 9630 9631 9632
f 9633 9634 9635
f 9636 9637 9638
f 9639 9640 9641
f 9642 9643 9644
f 9645 9646 9647
f 9648 9649 9650
f 9651 9652 9653
f 9654 9655 9656
f 9656 9655 9657
f 9658 9659 9660
f 9660 9659 9661
f 9662 9663 9664
f 9665 9666 9667
f 9668 9669 9670
f 9671 9672 9673
f 9674 9675 9676
f 9677 9678 9679
f 9680 9681 9682
f 9683 9684 9685
f 9686 9687 9688
f 9689 9690 9691
f 9692 9693 9694
f 9695 9696 9697
f 9698 9699 9700
f 9701 9702 9703
f 9704 9705 9706
f 9707 9708 9709
f 9710 9711 9712
f 9713 9714 9715
f 9716 9717 9718
f 9718 9717 9719
f 9720 9721 9722
f 9722 9721 9723
f 9724 9725 9726
f 9727 9728 9729
f 9730 9731 9732
f 9733 9734 9735
f 9736 9737 9738
f 9739 9740 9741
f 9742 9743 9744
f 9744 9743 9745
f 9746 9747 9748
f 9748 9747 9749
f 9750 9751 9752
f 9752 9751 9753
f 9754 9755 9756
f 9756 9755 9757
f 9758 9759 9760
f 9760 9759 9761
f 9762 9763 9764
f 9764 9763 9765
f 9766 9767 9768
f 9768 9767 9769
f 9770 9771 9772
f 9772 9771 9773
f 9774 9775 9776
f 9776 9775 9777
f 9778 9779 9780
f 9780 9779 9781
f 9782 9783 9784
f 9784 9783 9785
f 9786 9787 9788
f 9788 9787 9789
f 9790 9791 9792
f 9792 9791 9793
f 9794 9795 9796
f 9796 9795 9797
f 9798 9799 9800
f 9800 9799 9801
f 9802 9803 9804
f 9804 9803 9805
f 9806 9807 9808
f 9808 9807 9809
f 9810 9811 9812
f 9812 9811 9813
f 9814 9815 9816
f 9816 9815 9817
f 9818 9819 9820
f 9820 9819 9821
f 9822 9823 9824
f 9824 9823 9825
f 9826 9827 9828
f 9828 9827 9829
f 9830 9831 9832
f 9832 9831 9833
f 9834 9835 9836
f 9836 9835 9837
f 9838 9839 9840
f 9840 9839 9841
f 9842 9843 9844
f 9844 9843 9845
f 9846 9847 9848
f 9848 9847 9849
f 9850 9851 9852
f 9852 9851 9853
f 9854 9855 9856
f 9856 9855 9857
f 9721 9745 9723
f 9723 9745 9743
f 9728 9857 9729
f 9729 9857 9855
f 9734 9853 9735
f 9735 9853 9851
f 9740 9849 9741
f 9741 9849 9847
f 9559 9845 9560
f 9560 9845 9843
f 9568 9841 9569
f 9569 9841 9839
f 9574 9837 9575
f 9575 9837 9835
f 9580 9833 9581
f 9581 9833 9831
f 9586 9829 9587
f 9587 9829 9827
f 9595 9825 9596
f 9596 9825 9823
f 9604 9821 9605
f 9605 9821 9819
f 9610 9817 9611
f 9611 9817 9815
f 9616 9813 9617
f 9617 9813 9811
f 9622 9809 9623
f 9623 9809 9807
f 9628 9805 9629
f 9629 9805 9803
f 9634 9801 9635
f 9635 9801 9799
f 9640 9797 9641
f 9641 9797 9795
f 9646 9793 9647
f 9647 9793 9791
f 9652 9789 9653
f 9653 9789 9787
f 9659 9785 9661
f 9661 9785 9783
f 9666 9781 9667
f 9667 9781 9779
f 9672 9777 9673
f 9673 9777 9775
f 9678 9773 9679
f 9679 9773 9771
f 9684 9769 9685
f 9685 9769 9767
f 9690 9765 9691
f 9691 9765 9763
f 9699 9761 9700
f 9700 9761 9759
f 9705 9757 9706
f 9706 9757 9755
f 9711 9753 9712
f 9712 9753 9751
f 9717 9749 9719
f 9719 9749 9747
f 9858 9859 9860
f 9860 9859 9861
f 9860 9861 9862
f 9862 9861 9863
f 9859 9858 9864
f 9864 9858 9865
f 9864 9865 9866
f 9866 9865 9867
f 9866 9867 9868
f 9868 9867 9869
f 9868 9869 9870
f 9870 9869 9871
f 9870 9871 9872
f 9872 9871 9873
f 9872 9873 9874
f 9874 9873 9875
f 9874 9875 9876
f 9876 9875 9877
f 9876 9877 9878
f 9878 9877 9879
f 9878 9879 9880
f 9880 9879 9881
f 9880 9881 9882
f 9882 9881 9883
f 9882 9883 9884
f 9882 9884 9885
f 9885 9884 9886
f 9885 9886 9887
f 9887 9886 9888
f 9887 9888 9889
f 9887 9889 9890
f 9890 9889 9891
f 9890 9891 9892
f 9890 9892 9893
f 9893 9892 9894
f 9893 9894 9895
f 9895 9894 9896
f 9895 9896 9897
f 9895 9897 9898
f 9898 9897 9899
f 9898 9899 9900
f 9900 9899 9901
f 9900 9901 9902
f 9902 9901 9903
f 9902 9903 9904
f 9904 9903 9905
f 9904 9905 9906
f 9906 9905 9907
f 9906 9907 9908
f 9908 9907 9909
f 9908 9909 9910
f 9910 9909 9911
f 9910 9911 9912
f 9912 9911 9913
f 9912 9913 9914
f 9914 9913 9915
f 9914 9915 9916
f 9916 9915 9917
f 9916 9917 9918
f 9918 9917 9919
f 9918 9919 9920
f 9921 9922 9923
f 9923 9922 9924
f 9923 9924 9925
f 9925 9924 9926
f 9925 9926 9927
f 9927 9926 9928
f 9927 9928 9929
f 9929 9928 9930
f 9929 9930 9931
f 9929 9931 9932
f 9932 9931 9933
f 9932 9933 9934
f 9932 9934 9935
f 9935 9934 9936
f 9935 9936 9937
f 9935 9937 9938
f 9938 9937 9939
f 9938 9939 9940
f 9940 9941 9938
f 9938 9941 9942
f 9942 9941 9943
f 9942 9943 9944
f 9944 9945 9942
f 9942 9945 9946
f 9942 9946 9947
f 9947 9948 9942
f 9942 9948 9949
f 9949 9948 9950
f 9949 9950 9951
f 9951 9952 9949
f 9949 9952 9953
f 9953 9952 9954
f 9953 9954 9955
f 9953 9955 9956
f 9956 9955 9957
f 9956 9957 9958
f 9956 9958 9959
f 9959 9958 9960
f 9959 9960 9961
f 9959 9961 9962
f 9962 9961 9963
f 9962 9963 9964
f 9964 9963 9965
f 9964 9965 9966
f 9966 9965 9967
f 9966 9967 9968
f 9969 9970 9971
f 9972 9973 9974
f 9975 9976 9977
f 9978 9979 9980
f 9981 9982 9983
f 9984 9985 9986
f 9986 9985 9987
f 9988 9989 9990
f 9991 9992 9993
f 9994 9995 9996
f 9997 9998 9999
f 10000 10001 10002
f 10003 10004 10005
f 10006 10007 10008
f 10006 10008 10009
f 10010 10011 10012
f 10012 10011 10013
f 10014 10015 10016
f 10017 10018 10019
f 10020 10021 10022
f 10023 10024 10025
f 10026 10027 10028
f 10029 10030 10031
f 10032 10033 10034
f 10035 10036 10037
f 10038 10039 10040
f 10038 10040 10041
f 10042 10043 10044
f 10044 10043 10045
f 10046 10047 10048
f 10049 10050 10051
f 10052 10053 10054
f 10055 10056 10057
f 10058 10059 10060
f 10061 10062 10063
f 10064 10065 10066
f 10067 10068 10069
f 10070 10071 10072
f 10073 10074 10075
f 10076 10077 10078
f 10079 10080 10081
f 10082 10083 10084
f 10085 10086 10087
f 10088 10089 10090
f 10091 10092 10093
f 10094 10095 10096
f 10097 10098 10099
f 10097 10099 10100
f 10101 10102 10103
f 9979 10104 9980
f 10104 10105 9980
f 9985 10106 9987
f 10106 10107 9987
f 9998 10108 9999
f 10108 10109 9999
f 10007 10110 10111
f 10007 10111 10008
f 10015 10112 10113
f 10015 10113 10016
f 10024 10114 10025
f 10114 10115 10025
f 10033 10116 10034
f 10116 10117 10034
f 10039 10118 10040
f 10118 10119 10040
f 10043 10120 10045
f 10120 10121 10045
f 10050 10122 10051
f 10122 10123 10051
f 10059 10124 10060
f 10124 10125 10060
f 10065 10126 10066
f 10126 10127 10066
f 10074 10128 10075
f 10128 10129 10075
f 10080 10130 10081
f 10130 10131 10081
f 10089 10132 10090
f 10132 10133 10090
f 10134 10135 10136
f 10137 10138 10139
f 10140 10141 10142
f 10142 10141 10143
f 10142 10143 10144
f 10145 10146 10140
f 10140 10146 10147
f 10140 10147 10148
f 10148 10149 10140
f 10140 10149 10150
f 10140 10150 10151
f 10151 10141 10140
f 10144 10152 10142
f 10142 10152 10153
f 10153 10152 10154
f 10153 10154 10155
f 10155 10156 10153
f 10153 10156 10157
f 10153 10157 10158
f 10158 10157 10159
f 10158 10159 10160
f 10160 10161 10158
f 10158 10161 10162
f 10158 10162 10163
f 10163 10164 10158
f 10158 10164 10165
f 10166 10167 10168
f 10168 10167 10169
f 10168 10169 10170
f 10171 10172 10173
f 10173 10172 10174
f 10175 10176 10177
f 10177 10176 10178
f 10179 10180 10181
f 10181 10180 10182
f 10183 10184 10185
f 10185 10184 10186
f 10187 10188 10189
f 10189 10188 10190
f 10191 10192 10193
f 10193 10192 10194
f 10195 10196 10197
f 10197 10196 10198
f 10199 10200 10201
f 10201 10200 10202
f 10203 10204 10205
f 10205 10204 10206
f 10207 10208 10209
f 10209 10208 10210
f 10211 10212 10213
f 10213 10212 10214
f 10215 10216 10217
f 10217 10216 10218
f 10219 10220 10221
f 10221 10220 10222
f 10223 10224 10225
f 10223 10225 10226
f 10227 10228 10229
f 10227 10229 10230
f 10231 10232 10233
f 10234 10235 10236
f 10237 10238 10239
f 10240 10241 10242
f 10230 10243 10244
f 10230 10244 10227
f 10245 10246 10247
f 10248 10249 10250
f 10226 10251 10223
f 10252 10253 10254
f 10255 10256 10257
f 10258 10259 10260
f 10221 10261 10219
f 10262 10263 10264
f 10265 10266 10267
f 10265 10267 10268
f 10217 10269 10215
f 10270 10271 10272
f 10273 10274 10275
f 10213 10276 10211
f 10277 10278 10279
f 10209 10280 10207
f 10281 10282 10283
f 10281 10283 10284
f 10205 10285 10203
f 10286 10287 10288
f 10289 10290 10291
f 10201 10292 10199
f 10293 10294 10295
f 10293 10295 10296
f 10197 10297 10195
f 10298 10299 10300
f 10193 10301 10191
f 10302 10303 10304
f 10305 10306 10307
f 10189 10308 10187
f 10185 10309 10310
f 10185 10310 10183
f 10311 10312 10313
f 10181 10314 10179
f 10315 10316 10317
f 10177 10318 10319
f 10177 10319 10175
f 10320 10321 10322
f 10173 10323 10171
f 10324 10325 10326
f 10327 10328 10329
f 10329 10328 10330
f 10330 10328 10331
f 10331 10328 10332
f 10332 10328 10333
f 10333 10328 10334
f 10334 10328 10335
f 10334 10335 10336
f 10336 10335 10337
f 10337 10335 10338
f 10338 10335 10339
f 10339 10335 10340
f 10341 10342 10343
f 10344 10345 10346
f 10347 10348 10349
f 10350 10351 10352
f 10353 10354 10355
f 10356 10357 10358
f 10359 10360 10361
f 10362 10363 10364
f 10365 10366 10367
f 10368 10369 10370
f 10371 10372 10373
f 10374 10375 10376
f 10377 10378 10379
f 10380 10381 10382
f 10383 10384 10385
f 10386 10387 10388
f 10389 10390 10391
f 10392 10393 10394
f 10395 10396 10397
f 10398 10399 10400
f 10401 10402 10403
f 10404 10405 10406
f 10407 10408 10409
f 10407 10409 10410
f 10410 10409 10411
f 10410 10411 10412
f 10412 10411 10413
f 10412 10413 10414
f 10414 10413 10415
f 10414 10415 10416
f 10416 10415 10417
f 10416 10417 10418
f 10418 10417 10419
f 10418 10419 10420
f 10420 10419 10421
f 10420 10421 10422
f 10422 10421 10423
f 10422 10423 10424
f 10424 10423 10425
f 10424 10425 10426
f 10426 10425 10427
f 10426 10427 10428
f 10428 10427 10429
f 10428 10429 10430
f 10430 10429 10431
f 10430 10431 10432
f 10432 10431 10433
f 10432 10433 10434
f 10434 10433 10435
f 10434 10435 10436
f 10436 10435 10437
f 10436 10437 10438
f 10438 10437 10439
f 10438 10439 10440
f 10440 10439 10441
f 10440 10441 10442
f 10442 10441 10443
f 10442 10443 10444
f 10445 10446 10447
f 10448 10449 10450
f 10451 10452 10453
f 10454 10455 10456
f 10457 10458 10459
f 10460 10461 10462
f 10463 10464 10465
f 10466 10467 10468
f 10469 10470 10471
f 10472 10473 10474
f 10475 10476 10477
f 10478 10479 10480
f 10481 10482 10483
f 10484 10485 10486
f 10487 10488 10489
f 10490 10491 10492
f 10493 10494 10495
f 10496 10497 10498
f 10499 10500 10501
f 10502 10503 10504
f 10505 10506 10507
f 10508 10509 10510
f 10511 10512 10513
f 10514 10515 10516
f 10517 10518 10519
f 10520 10521 10522
f 10523 10524 10525
f 10526 10527 10528
f 10529 10530 10531
f 10532 10533 10534
f 10535 10536 10537
f 10538 10539 10540
f 10541 10542 10543
f 10544 10545 10546
f 10547 10548 10549
f 10550 10551 10552
f 10553 10554 10555
f 10556 10557 10558
f 10559 10560 10561
f 10559 10561 10562
f 10563 10564 10565
f 10566 10567 10568
f 10569 10570 10571
f 10572 10573 10574
f 10575 10576 10577
f 10578 10579 10580
f 10581 10582 10583
f 10584 10585 10586
f 10587 10588 10589
f 10590 10591 10592
f 10593 10594 10595
f 10596 10597 10598
f 10599 10600 10601
f 10602 10603 10604
f 10602 10604 10605
f 10606 10607 10608
f 10606 10608 10609
f 10610 10611 10612
f 10610 10612 10613
f 10614 10615 10616
f 10617 10618 10619
f 10620 10621 10622
f 10623 10624 10625
f 10626 10627 10628
f 10629 10630 10631
f 10632 10633 10634
f 10635 10636 10637
f 10638 10639 10640
f 10641 10642 10643
f 10644 10645 10646
f 10647 10648 10649
f 10650 10651 10652
f 10653 10654 10655
f 10656 10657 10408
f 10408 10657 10658
f 10408 10658 10409
f 10659 10660 10661
f 10659 10661 10662
f 10662 10661 10663
f 10664 10665 10666
f 10666 10665 10667
f 10668 10669 10670
f 10670 10669 10671
f 10672 10673 10674
f 10674 10673 10675
f 10676 10677 10678
f 10678 10677 10679
f 10680 10681 10682
f 10683 10684 10685
f 10686 10687 10688
f 10688 10687 10689
f 10690 10691 10692
f 10692 10691 10693
f 10694 10695 10696
f 10696 10695 10697
f 10696 10697 10698
f 10698 10697 10699
f 10700 10701 10702
f 10702 10701 10703
f 10702 10703 10704
f 10705 10706 10707
f 10708 10709 10710
f 10711 10707 10712
f 10713 10714 10715
f 10716 10717 10718
f 10719 10720 10721
f 10722 10723 10724
f 10725 10726 10727
f 10727 10726 10728
f 10729 10730 10731
f 10731 10730 10732
f 10733 10734 10735
f 10736 10737 10738
f 10736 10738 10739
f 10740 10741 10742
f 10743 10744 10745
f 10746 10747 10748
f 10749 10750 10751
f 10752 10753 10754
f 10755 10756 10757
f 10757 10756 10758
f 10759 10760 10761
f 10761 10760 10762
f 10763 10764 10765
f 10765 10764 10766
f 10767 10768 10769
f 10769 10768 10770
f 10771 10772 10773
f 10773 10772 10774
f 10775 10776 10777
f 10777 10776 10778
f 10779 10780 10781
f 10781 10780 10782
f 10783 10784 10785
f 10785 10784 10786
f 10787 10788 10789
f 10789 10788 10790
f 10791 10792 10793
f 10793 10792 10794
f 10795 10796 10797
f 10797 10796 10798
f 10799 10800 10801
f 10802 10803 10804
f 10805 10806 10807
f 10808 10809 10810
f 10811 10812 10813
f 10813 10812 10814
f 10815 10816 10458
f 10458 10816 10459
f 10817 10818 10819
f 10820 10821 10822
f 10823 10824 10825
f 10826 10827 10828
f 10829 10830 10831
f 10832 10833 10834
f 10835 10836 10837
f 10838 10839 10840
f 10841 10742 10741
f 10842 10843 10844
f 10845 10846 10847
f 10848 10849 10850
f 10850 10849 10851
f 10852 10853 10854
f 10855 10856 10857
f 10858 10859 10860
f 10860 10859 10861
f 10862 10863 10864
f 10865 10866 10867
f 10868 10869 10870
f 10871 10872 10873
f 10874 10875 10876
f 10877 10878 10879
f 10880 10881 10882
f 10883 10884 10885
f 10886 10887 10888
f 10888 10887 10889
f 10890 10891 10892
f 10893 10894 10895
f 10896 10897 10898
f 10898 10897 10899
f 10900 10901 10902
f 10903 10904 10905
f 10906 10907 10908
f 10908 10907 10909
f 10910 10911 10912
f 10912 10911 10913
f 10914 10915 10916
f 10916 10915 10917
f 10918 10919 10920
f 10920 10919 10921
f 10922 10923 10924
f 10925 10926 10927
f 10928 10929 10930
f 10931 10932 10933
f 10934 10935 10936
f 10937 10938 10939
f 10940 10941 10942
f 10943 10944 10945
f 10946 10947 10948
f 10948 10947 10949
f 10950 10951 10952
f 10952 10951 10953
f 10954 10955 10956
f 10957 10958 10959
f 10960 10961 10962
f 10963 10964 10965
f 10966 10967 10968
f 10969 10970 10971
f 10972 10973 10974
f 10975 10976 10977
f 10978 10979 10980
f 10981 10982 10983
f 10984 10985 10986
f 10987 10988 10989
f 10990 10991 10992
f 10992 10991 10993
f 10994 10995 10996
f 10997 10998 10999
f 11000 11001 11002
f 11002 11001 11003
f 11004 11005 11006
f 11006 11005 11007
f 11008 11009 11010
f 11010 11009 11011
f 11012 11013 11014
f 11015 11016 11017
f 11018 11019 11020
f 11020 11019 11021
f 11022 11023 11024
f 11025 11026 11027
f 11028 11029 11030
f 11031 11032 11033
f 11034 11035 11036
f 11037 11038 11039
f 11040 11041 11042
f 11040 11042 11043
f 11044 11045 11046
f 11047 11048 11049
f 11050 11051 11052
f 11053 11054 11055
f 11056 11057 11058
f 11059 11060 11061
f 11062 11063 11064
f 11065 11066 11067
f 11068 11069 11070
f 11071 11072 11073
f 11074 11075 11076
f 11077 11078 11079
f 11080 11081 11082
f 11083 11084 11085
f 11086 11087 11088
f 11089 11090 11091
f 11092 11093 11094
f 11095 11096 11097
f 11098 11099 11100
f 11101 11102 11103
f 11104 11105 11106
f 11107 11108 11109
f 11110 11111 11112
f 11113 11114 11115
f 11116 11117 11118
f 11119 11120 11121
f 11122 11123 11124
f 11125 11126 11127
f 11128 11129 11130
f 11131 11132 11133
f 11134 11135 11136
f 11137 11138 11139
f 11140 11141 11142
f 11143 11144 11145
f 11146 11147 11148
f 11149 11150 11151
f 11152 11153 11154
f 11155 11156 11157
f 11158 11159 11160
f 11161 11162 11163
f 11163 11162 11164
f 11165 11166 11167
f 11168 11169 11170
f 11171 11172 11173
f 11174 11175 11176
f 11177 11178 11179
f 11179 11178 11180
f 11181 11182 11183
f 11184 11185 11186
f 11187 11188 11189
f 11189 11188 11190
f 11191 11192 11193
f 11194 11195 11196
f 11197 11198 11199
f 11199 11198 11200
f 11201 11202 11203
f 11203 11202 11204
f 11205 11206 11207
f 11207 11206 11208
f 11209 11210 11211
f 11211 11210 11212
f 11213 11214 11215
f 11215 11214 11216
f 11217 11218 11219
f 11219 11218 11220
f 11221 11222 11223
f 11223 11222 11224
f 11225 11226 11227
f 11227 11226 11228
f 11229 11230 11231
f 11231 11230 11232
f 11233 11234 11235
f 11235 11234 11236
f 11237 11238 10545
f 10545 11238 10546
f 11239 11240 11241
f 11242 11243 11244
f 11242 11244 11245
f 11245 11244 11246
f 11245 11246 11247
f 11248 11249 11250
f 11251 11252 11253
f 11254 11255 11256
f 11257 11258 11259
f 11259 11258 11260
f 11261 11262 11263
f 11263 11262 11264
f 11265 11266 11267
f 11268 11269 11270
f 11271 11272 11273
f 11273 11272 11274
f 11275 11276 11277
f 11277 11276 11278
f 11279 11280 11281
f 11281 11280 11282
f 11283 11284 11285
f 11285 11284 11286
f 11287 11288 11289
f 11289 11288 11290
f 11291 11292 11293
f 11293 11292 11294
f 11295 11296 11297
f 11297 11296 11298
f 11299 11300 11301
f 11301 11300 11302
f 11303 11304 11305
f 11305 11304 11306
f 11307 11308 11309
f 11309 11308 11310
f 11311 11312 11313
f 11313 11312 11314
f 11315 11316 10554
f 10554 11316 10555
f 11317 11318 11319
f 11320 11321 11322
f 11323 11324 11325
f 11326 11327 11328
f 11329 11330 11331
f 11332 11333 11334
f 11335 11336 11337
f 11338 11339 11340
f 11341 11342 11343
f 11344 11345 11346
f 11347 11348 11349
f 11350 11351 11352
f 11353 11354 11355
f 11356 11357 11358
f 11359 11360 11361
f 11362 11363 11364
f 11365 11366 11367
f 11368 11369 11370
f 11371 11372 11373
f 11374 11375 11376
f 11377 11378 11379
f 11380 11381 11382
f 11383 11384 11385
f 11386 11387 11388
f 10444 11389 10442
f 11390 11391 11392
f 11393 11394 11395
f 11396 11397 11398
f 11399 11400 11401
f 11402 11403 11404
f 11405 11406 11407
f 11408 11409 11410
f 11411 11412 11413
f 11414 11415 11416
f 11417 11418 11419
f 11420 11421 11422
f 11423 11424 11425
f 11426 11427 11428
f 11429 11430 11431
f 11432 11433 11434
f 11435 11436 11437
f 11438 11439 11440
f 11441 11442 11443
f 11444 11445 11446
f 11447 11448 11449
f 11450 11451 11452
f 11453 11454 11455
f 11456 11457 11458
f 11459 11460 11461
f 11462 11463 11464
f 11465 11466 11467
f 11468 11469 11470
f 11471 11472 11473
f 11474 11475 11476
f 11477 11478 11479
f 11480 11481 11482
f 11483 11484 11485
f 11486 11487 11488
f 11489 11490 11491
f 11492 11493 11494
f 11495 11496 11497
f 10571 11498 10569
f 11499 11500 11501
f 11502 11503 11504
f 11505 11506 11507
f 11508 11509 11510
f 11511 11512 11513
f 11514 11515 11516
f 11517 11518 11519
f 11520 11521 11522
f 11523 11524 11525
f 11526 11527 11528
f 11529 11530 11531
f 11532 11533 11534
f 11535 11536 11537
f 11538 11539 11540
f 11541 11542 11543
f 11544 11545 11546
f 11547 11548 11549
f 11549 11548 11550
f 11503 11551 11504
f 11552 11553 11554
f 11555 11556 11557
f 11558 11559 11560
f 11561 11562 11563
f 11564 11565 11566
f 11521 11567 11522
f 11568 11569 11570
f 11571 11572 11573
f 11574 11575 11576
f 11533 11577 11534
f 11578 11579 11580
f 11581 11582 11583
f 11584 11585 11586
f 11545 11587 11546
f 11588 11589 11590
f 11548 11591 11550
f 11550 11591 11592
f 11593 11594 11595
f 11596 11597 11598
f 11599 11600 11601
f 11601 11600 11602
f 11603 11604 11605
f 11606 11607 11608
f 11609 11610 11611
f 11612 11613 11614
f 11615 11616 11617
f 11618 11619 11620
f 11621 11622 11623
f 11624 11625 11626
f 11627 11628 11629
f 11630 11631 11632
f 11633 11634 11635
f 11636 11637 11638
f 11639 11640 11641
f 11641 11640 11642
f 11643 11644 11645
f 11645 11644 11646
f 11647 11648 11649
f 11649 11648 11650
f 11651 11652 11653
f 11653 11652 11654
f 11655 11656 11657
f 11657 11656 11658
f 11659 11660 11661
f 11662 11663 11664
f 11665 11666 11667
f 11668 11669 11670
f 11671 11672 11673
f 11674 11675 11676
f 11677 11678 11679
f 11680 11681 11682
f 11683 11684 11685
f 11686 11687 11688
f 11689 11690 11691
f 11692 11693 11694
f 11695 11696 11697
f 11698 11699 11700
f 11701 11702 11703
f 11704 11705 11706
f 11707 11708 11709
f 11710 11711 11712
f 11713 11714 11715
f 11716 11717 11718
f 11569 11719 11570
f 11720 11721 11722
f 11723 11724 11725
f 11726 11727 11728
f 11579 11729 11580
f 11730 11731 11732
f 11585 11733 11586
f 11734 11735 11736
f 11589 11737 11590
f 11738 11739 11740
f 11591 11741 11592
f 11592 11741 11742
f 11743 11744 11745
f 11746 11747 11748
f 11749 11750 11751
f 11752 11753 11754
f 11755 11756 11757
f 11758 11759 11760
f 11761 11762 11763
f 11764 11765 11766
f 11727 11767 11728
f 11768 11769 11770
f 11771 11772 11773
f 11774 11775 11776
f 11735 11777 11736
f 11778 11779 11780
f 11739 11781 11740
f 11782 11783 11784
f 11741 11785 11742
f 11742 11785 11786
f 11787 11788 11789
f 11790 11791 11792
f 11793 11794 11795
f 11796 11797 11798
f 11799 11800 11801
f 11802 11803 11804
f 11759 11805 11760
f 11806 11807 11808
f 11765 11809 11766
f 11810 11811 11812
f 11813 11814 11815
f 11816 11817 11818
f 11819 11820 11821
f 11822 11823 11824
f 11779 11825 11780
f 11826 11827 11828
f 11783 11829 11784
f 11830 11831 11832
f 11785 11833 11786
f 11786 11833 11834
f 11797 11835 11798
f 11836 11837 11838
f 11839 11840 11841
f 11842 11843 11844
f 11807 11845 11808
f 11846 11847 11848
f 11849 11850 11851
f 11852 11853 11854
f 11855 11856 11857
f 11858 11859 11860
f 11861 11862 11863
f 11864 11865 11866
f 11827 11867 11828
f 11868 11869 11870
f 11831 11871 11832
f 11872 11873 11874
f 11833 11875 11834
f 11834 11875 11876
f 11877 11878 11879
f 11880 11881 11882
f 11883 11884 11885
f 11886 11887 11888
f 11889 11890 11891
f 11892 11893 11894
f 11895 11896 11897
f 11898 11899 11900
f 11901 11902 11903
f 11904 11905 11906
f 11859 11907 11860
f 11908 11909 11910
f 11865 11911 11866
f 11912 11913 11914
f 11869 11915 11870
f 11916 11917 11918
f 11873 11919 11874
f 11920 11921 11922
f 11875 11923 11876
f 11876 11923 11924
f 11925 11926 11927
f 11928 11929 11930
f 11931 11932 11933
f 11934 11935 11936
f 11893 11937 11894
f 11938 11939 11940
f 11941 11942 11943
f 11944 11945 11946
f 11947 11948 11949
f 11950 11951 11952
f 11953 11954 11955
f 11956 11957 11958
f 11959 11960 11961
f 11962 11963 11964
f 11917 11965 11918
f 11966 11967 11968
f 11921 11969 11922
f 11970 11971 11972
f 11923 11973 11924
f 11924 11973 11974
f 11929 11975 11930
f 11976 11977 11978
f 11979 11980 11981
f 11982 11983 11984
f 11985 11986 11987
f 11988 11989 11990
f 11991 11992 11993
f 11994 11995 11996
f 11997 11998 11999
f 12000 12001 12002
f 11957 12003 11958
f 12004 12005 12006
f 12007 12008 12009
f 12010 12011 12012
f 11967 12013 11968
f 12014 12015 12016
f 11971 12017 11972
f 12018 12019 12020
f 11973 12021 11974
f 11974 12021 12022
f 12023 12024 12025
f 12026 12027 12028
f 12029 12030 12031
f 12032 12033 12034
f 11989 12035 11990
f 12036 12037 12038
f 12039 12040 12041
f 12042 12043 12044
f 12001 12045 12002
f 12046 12047 12048
f 12049 12050 12051
f 12052 12053 12054
f 12011 12055 12012
f 12056 12057 12058
f 12015 12059 12016
f 12060 12061 12062
f 12019 12063 12020
f 12064 12065 12066
f 12021 12067 12022
f 12022 12067 12068
f 12069 12070 12071
f 12072 12073 12074
f 12075 12076 12077
f 12078 12079 12080
f 12081 12082 12083
f 12084 12085 12086
f 12087 12088 12089
f 12090 12091 12092
f 12093 12094 12095
f 12096 12097 12098
f 12099 12100 12101
f 12102 12103 12104
f 12105 12106 12107
f 12108 12109 12110
f 12061 12111 12062
f 12112 12113 12114
f 12115 12116 12117
f 12118 12119 12120
f 12067 12121 12068
f 12068 12121 10560
f 12122 12123 12124
f 12125 12126 12127
f 12079 12128 12080
f 12129 12130 12131
f 12085 12132 12086
f 12133 12134 12135
f 12091 12136 12092
f 12137 12138 12139
f 12140 12141 12142
f 12143 12144 12145
f 12103 12146 12104
f 12147 12148 12149
f 12150 12151 12152
f 12153 12154 12155
f 12113 12156 12114
f 12157 12158 12159
f 12119 12160 12120
f 12161 12162 12163
f 12121 10561 10560
f 12164 12165 12166
f 12167 12168 12169
f 12130 12170 12131
f 12171 12172 12173
f 12174 12175 12176
f 12177 12178 12179
f 12138 12180 12139
f 12181 12182 12183
f 12184 12185 12186
f 12187 12188 12189
f 12190 12191 12192
f 12193 12194 12195
f 12154 12196 12155
f 12197 12198 12199
f 12158 12200 12159
f 12201 12202 12203
f 12162 12204 12163
f 12205 12206 12207
f 12208 12209 12210
f 12211 12212 12213
f 12214 12215 12216
f 12217 12218 12219
f 12220 12221 12222
f 12223 12224 12225
f 12226 12227 12228
f 12229 12230 12231
f 12232 12233 12234
f 12235 12236 12237
f 12238 12239 12240
f 12198 12241 12199
f 12242 12243 12244
f 12245 12246 12247
f 12209 12248 12210
f 12249 12250 12251
f 12252 12253 12254
f 12255 12256 12257
f 12258 12259 12260
f 12261 12262 12263
f 12264 12265 12266
f 12267 12268 12269
f 12270 12271 12272
f 12273 12274 12275
f 12276 12277 12278
f 12279 12280 12281
f 12282 12283 12284
f 12250 12285 12251
f 12286 12287 12288
f 12289 12290 12291
f 12292 12293 12294
f 12295 12296 12297
f 12298 12299 12300
f 12301 12302 12303
f 12304 12305 12306
f 12307 12308 12309
f 12310 12311 12312
f 12280 12313 12281
f 12314 12315 12316
f 12317 12318 12319
f 12320 12321 12322
f 12323 12324 12325
f 12326 12327 12328
f 12329 12330 12331
f 12305 12332 12306
f 12333 12334 12335
f 12336 12337 12338
f 12339 12340 12341
f 12342 12343 12344
f 12345 12346 12347
f 12348 12349 12350
f 12351 12352 12353
f 12354 12355 12356
f 12357 12358 12359
f 12360 12361 12362
f 12363 12364 12365
f 12366 12367 12368
f 12369 12370 12371
f 12372 12373 12374
f 12375 12376 12377
f 12378 12379 12380
f 12371 12370 12381
f 12382 12383 12384
f 12382 12384 12385
f 12386 12387 12388
f 12389 12390 12391
f 12392 12393 12394
f 12395 12396 12397
f 12398 12399 12400
f 12401 12402 12403
f 12404 12405 12406
f 12407 12408 12409
f 12410 12411 12412
f 12413 12414 12415
f 12416 12417 12418
f 12419 12420 12421
f 12422 12423 12424
f 12424 12423 12425
f 12426 12427 12428
f 12429 12430 12431
f 12432 12433 12434
f 12435 12436 12437
f 12438 12439 12440
f 12441 12442 12443
f 12444 12445 12446
f 12447 12448 12449
f 12450 12451 12452
f 12453 12454 12455
f 12456 12457 12458
f 12459 12460 12461
f 12462 12463 12464
f 12465 12466 12467
f 12468 12469 12470
f 12470 12469 12471
f 12472 12473 12474
f 12475 12476 12477
f 12478 12479 12480
f 12481 12482 12483
f 12484 12485 12486
f 12486 12485 12487
f 12488 12489 12490
f 12491 12492 12493
f 12494 12495 12496
f 12497 12498 12499
f 12500 12501 12502
f 12502 12501 12503
f 12504 12505 12506
f 12506 12505 12507
f 12508 12509 12510
f 12511 12512 12513
f 12514 12515 12516
f 12517 12518 12519
f 12519 12518 12520
f 12521 12522 12523
f 12524 12525 12526
f 12527 12528 12529
f 12530 12531 12532
f 12533 12534 12535
f 12535 12534 12536
f 12537 12538 12539
f 12539 12538 12540
f 12541 12542 12543
f 12544 12545 12546
f 12547 12548 12549
f 12550 12551 12552
f 12553 12554 12555
f 12556 12557 12558
f 12559 12560 12561
f 12562 12563 12564
f 12565 12566 12567
f 12568 12569 12570
f 12571 12572 12573
f 12574 12575 12576
f 12577 12578 12579
f 12579 12578 12580
f 12581 12582 12583
f 12584 12585 12586
f 12587 12588 12589
f 12590 12591 12592
f 12593 12594 12595
f 12596 12597 12598
f 12599 12600 12601
f 12602 12603 12604
f 12605 12606 12607
f 12608 12609 12610
f 12611 12612 12613
f 12614 12615 12616
f 12617 12618 12619
f 12620 12621 12622
f 10392 10394 12623
f 12624 12625 12626
f 12627 12628 12629
f 12630 12631 12632
f 12633 12634 12635
f 12636 12637 12638
f 12639 12640 12641
f 12642 12643 12644
f 12645 10404 10406
f 12646 12647 12648
f 12649 12650 12651
f 12652 12653 12654
f 12654 12653 12655
f 12656 12657 12658
f 12659 12660 12661
f 12662 12663 12664
f 12664 12663 12665
f 12666 12667 12668
f 12668 12667 12669
f 12670 12671 12672
f 12673 12674 12675
f 12676 12677 12678
f 12678 12677 12679
f 12680 12681 12682
f 12682 12681 12683
f 12684 12685 12686
f 12686 12685 12687
f 12686 12687 12688
f 12688 12687 12689
f 12690 12691 12692
f 12692 12691 12693
f 12694 12695 12696
f 12697 12693 12698
f 12696 12699 12700
f 12700 12699 12701
f 12702 12703 12704
f 12705 12706 12707
f 12708 12709 12710
f 12710 12709 12711
f 12712 12713 12714
f 12714 12713 12715
f 12716 12717 12718
f 12718 12717 12719
f 12720 12721 12722
f 12723 12724 12725
f 12720 12722 12726
f 12636 12638 12727
f 12728 12729 12730
f 12731 12732 12733
f 12734 12735 12736
f 12737 12642 12644
f 12738 12739 12740
f 12741 12742 12743
f 12744 12745 12746
f 12747 12748 12749
f 12750 12751 12752
f 12752 12751 12753
f 12754 12755 12756
f 12757 12758 12759
f 12760 12761 12762
f 12763 12764 12765
f 12766 12767 12768
f 12768 12767 12769
f 12770 12771 12772
f 12773 12774 12775
f 12776 12777 12778
f 12779 12780 12781
f 12782 12783 12784
f 12785 12786 12787
f 12788 12789 12790
f 12788 12790 12791
f 12792 12793 12794
f 12795 12796 12797
f 12798 12799 12800
f 12798 12800 12801
f 12802 12803 12804
f 12805 12806 12807
f 12808 12809 12810
f 12811 12812 12813
f 12814 12815 12816
f 12816 12815 12817
f 12818 11335 11337
f 12819 12820 12797
f 12821 12822 12823
f 11323 11325 12801
f 12801 11325 12798
f 11106 11105 12824
f 11107 11109 12825
f 12826 12827 12828
f 12829 12830 12831
f 12832 12833 12834
f 12835 12836 12837
f 12838 12839 12840
f 12841 12842 12843
f 12844 12845 12846
f 12844 12846 12847
f 12848 12849 12850
f 12848 12850 12851
f 12852 12853 12854
f 12855 12856 12857
f 12858 12859 12860
f 12861 12862 12863
f 12864 12865 12866
f 12864 12866 12867
f 12868 12869 12870
f 12870 12869 12871
f 12872 12873 12874
f 12875 12876 12877
f 12878 12879 12880
f 12881 12882 12883
f 12884 12885 12886
f 12887 12888 12889
f 12890 12891 12892
f 12892 12891 12893
f 12894 12895 12896
f 12896 12895 12897
f 12898 12899 12900
f 12900 12899 12901
f 12902 12903 12904
f 12904 12903 12905
f 12906 12907 12908
f 12908 12907 12909
f 12910 12911 12912
f 12912 12911 12913
f 12914 12915 12916
f 12916 12915 12917
f 12918 12919 12920
f 12920 12919 12921
f 12922 12923 12924
f 12924 12923 12925
f 12926 12927 12928
f 12929 12930 12931
f 12932 12933 12934
f 12934 12933 12935
f 12936 12937 12938
f 12938 12937 12939
f 12940 12941 12942
f 12943 12944 12945
f 12946 12947 12948
f 12949 12950 12951
f 12952 12953 12954
f 12955 12956 12957
f 12958 12959 12960
f 12961 12962 12963
f 12964 12965 12966
f 12967 12968 12969
f 12969 12968 12970
f 12971 12972 12973
f 12974 12975 12976
f 12977 12978 12979
f 12980 12981 12982
f 12983 12984 12985
f 12986 12987 12988
f 12986 12988 12989
f 12990 12991 12992
f 12993 12994 12995
f 12996 12997 12998
f 12998 12997 12999
f 13000 13001 13002
f 13003 13004 13005
f 13006 13007 13008
f 13009 13010 13011
f 13012 13013 13014
f 13014 13013 13015
f 13016 13017 13018
f 13018 13017 13019
f 13020 13021 13022
f 13023 13024 13025
f 13026 13027 13028
f 13029 13030 13031
f 13032 13033 13034
f 13035 13036 13037
f 13037 13036 13038
f 13039 13040 13041
f 13042 13043 13044
f 13045 13046 13047
f 13048 13049 13050
f 13051 13052 13053
f 13054 13055 13056
f 13057 13058 13059
f 13059 13058 13060
f 13061 13062 13063
f 13063 13062 13064
f 13065 13066 13067
f 13067 13066 13068
f 13069 13070 13071
f 13071 13070 13072
f 13073 13074 13075
f 13075 13074 13076
f 13077 11148 11147
f 13078 13079 13080
f 13080 13079 13081
f 13082 13083 13084
f 13084 13083 13085
f 13086 13087 13088
f 13089 13090 13091
f 13092 13093 13094
f 13094 13093 13095
f 13096 13097 13098
f 13099 13100 13101
f 13102 13103 13104
f 13105 13106 13107
f 13108 13109 13110
f 13111 13112 13113
f 13114 13115 13116
f 13116 13115 13117
f 13118 13119 13120
f 13120 13119 13121
f 13122 13123 13124
f 13124 13123 13125
f 13126 13127 13128
f 13129 13130 13131
f 13131 13130 13132
f 13133 13134 13135
f 13135 13134 13136
f 13137 13138 13139
f 13140 13141 13142
f 13143 13144 13145
f 13145 13144 13146
f 13147 13148 13149
f 13150 13151 13152
f 13153 13154 13155
f 13156 13157 13158
f 13159 13160 13161
f 13162 13163 13164
f 13165 13166 13167
f 13167 13166 13168
f 13169 13170 13171
f 13172 13173 13174
f 13175 13176 13177
f 13178 13179 13180
f 13181 13182 13183
f 13184 13185 13186
f 13187 13188 13189
f 13190 13191 13192
f 13192 13191 13193
f 13194 13195 13196
f 13196 13195 13197
f 13198 13199 13200
f 13201 13202 13203
f 13204 13205 13206
f 13207 13208 13209
f 13210 13211 13212
f 13212 13211 13213
f 13214 13215 13216
f 13217 13218 13219
f 13220 13221 13222
f 13222 13221 13223
f 13224 13225 13226
f 13226 13225 13227
f 13228 13229 13230
f 13231 13232 13233
f 13234 13235 13236
f 13236 13235 13237
f 13238 13239 13240
f 13241 13242 13243
f 13244 13245 13246
f 13247 13248 13249
f 13250 13251 13252
f 13253 13254 13255
f 13256 13257 13258
f 13259 13260 13261
f 13261 13260 13262
f 13263 13264 13265
f 13266 13267 13268
f 13269 13270 13271
f 13272 13273 13274
f 13275 13276 13277
f 13277 13276 13278
f 13279 13280 13281
f 13281 13280 13282
f 13283 13284 13285
f 13286 13287 13288
f 13289 13290 13291
f 13292 13293 13294
f 13295 13296 13297
f 13298 13299 13300
f 13301 13302 13303
f 13304 13305 13306
f 13307 13308 13309
f 13310 13311 13312
f 13313 13314 13315
f 13315 13314 13316
f 13317 13318 13319
f 13320 13321 13322
f 13323 13324 13325
f 13326 13327 13328
f 13329 13330 13331
f 13332 13333 13334
f 13335 13336 13337
f 13338 13339 13340
f 13341 13342 13343
f 13344 13345 13346
f 13346 13345 13347
f 13348 13349 13350
f 13350 13349 13351
f 13352 13353 13354
f 13354 13353 13355
f 13356 13357 13358
f 13359 13360 13361
f 13362 13363 13364
f 13364 13363 13365
f 13366 13367 13368
f 13369 13370 13371
f 13372 13373 13374
f 13375 13376 13377
f 13378 13379 13380
f 13381 13382 13383
f 13384 13385 13386
f 13387 13388 13389
f 13390 13391 13392
f 13393 13394 13395
f 13396 13397 13398
f 13398 13397 13399
f 13400 11118 11117
f 13401 10540 10539
f 10534 10533 13402
f 13403 13404 13405
f 13406 13407 13408
f 13408 13407 13409
f 13410 13411 13412
f 13413 13414 13415
f 13416 13417 13418
f 13419 13420 13421
f 13422 13423 13424
f 13424 13423 13425
f 13426 13427 13428
f 13429 13430 13431
f 13432 13433 13434
f 13435 13436 13437
f 13438 13439 13440
f 13440 13439 13441
f 13442 13443 13444
f 13445 13446 13447
f 13448 13449 13450
f 13450 13449 13451
f 13452 13453 13454
f 13455 13456 13457
f 13458 13459 13460
f 13461 13462 13463
f 13464 13465 13466
f 13467 13468 13469
f 13470 13471 13472
f 13473 13474 13475
f 13476 13477 13478
f 13478 13477 13479
f 13480 13481 13482
f 11523 11525 13483
f 13484 13485 13486
f 13487 13488 13489
f 13490 13491 13492
f 13493 13494 13495
f 13496 13497 13498
f 13499 13500 13501
f 12799 13502 13503
f 12799 13503 12800
f 13504 13505 13506
f 13504 13506 13507
f 11113 11115 13508
f 13509 13510 13511
f 13512 13513 13514
f 13515 13516 13517
f 13515 13517 13518
f 13519 13520 13521
f 13519 13521 13522
f 13523 13524 13525
f 13523 13525 13526
f 13527 13528 13529
f 13527 13529 13530
f 13531 13532 13533
f 13534 13535 13536
f 13537 13538 13539
f 13540 13541 13542
f 13543 13544 13545
f 13546 13547 13548
f 13543 13545 13549
f 13550 13551 13552
f 13553 13554 13555
f 11529 11531 13556
f 13557 13558 13559
f 13557 13559 13560
f 13561 13562 13563
f 13564 13565 13566
f 13502 13567 13568
f 13502 13568 13503
f 13569 13570 13571
f 13569 13571 13572
f 11119 11121 13573
f 13574 13575 13576
f 13574 13576 13577
f 13578 13579 13580
f 13578 13580 13581
f 13582 13583 13584
f 13582 13584 13585
f 13586 13587 13588
f 13586 13588 13589
f 13590 13591 13592
f 13590 13592 13593
f 13594 13595 13596
f 13594 13596 13597
f 13598 13599 13600
f 13598 13600 13601
f 13602 13603 13604
f 13605 13606 13607
f 13608 13609 13610
f 13611 13612 13613
f 13611 13613 13614
f 13567 13615 13616
f 13567 13616 13568
f 13617 13618 13619
f 13617 13619 13620
f 11125 11127 13621
f 13622 13623 13624
f 13622 13624 13625
f 13626 13627 13628
f 13626 13628 13629
f 13630 13631 13632
f 13630 13632 13633
f 13634 13635 13636
f 13634 13636 13637
f 13638 13639 13640
f 13638 13640 13641
f 13642 13643 13644
f 13645 13646 13647
f 13648 13649 13650
f 13648 13650 13651
f 13652 13616 13615
f 13652 13615 11547
f 11543 13653 11541
f 13654 13655 13656
f 13654 13656 13657
f 11131 11133 13658
f 13659 13660 13661
f 13659 13661 13662
f 13663 13664 13665
f 13666 13667 13668
f 13669 13670 13671
f 13672 13673 13674
f 13675 13676 13677
f 13675 13677 13678
f 13679 13680 13681
f 13682 13683 13684
f 13685 13686 13687
f 13685 13687 13688
f 11549 13652 11547
f 13689 13690 13691
f 13692 13693 13694
f 13695 13696 13697
f 13698 13699 13700
f 13701 13702 13703
f 13704 13705 13706
f 13704 13706 13707
f 13708 13709 13710
f 13708 13710 13711
f 13712 13713 13714
f 13712 13714 13715
f 13716 13717 13718
f 13719 13720 13721
f 13722 13723 13724
f 13722 13724 13725
f 13726 13727 13728
f 13729 13730 13731
f 13732 13733 13734
f 13735 13736 13737
f 13738 13739 13740
f 13741 13742 13743
f 13744 13745 13746
f 13747 13748 13749
f 13750 13751 13752
f 13753 13754 13755
f 13756 13757 13758
f 13759 13760 13761
f 13762 13763 13764
f 13765 13766 13767
f 13768 13769 13770
f 13771 13772 13773
f 13774 13775 13776
f 13777 13778 13779
f 13780 13781 13782
f 13780 13782 13783
f 13784 13785 13786
f 13787 13788 13789
f 13790 13791 13792
f 13793 13794 13795
f 13796 13797 13798
f 13799 13800 13801
f 13802 13803 13804
f 13802 13804 13805
f 13806 13807 13808
f 13806 13808 13809
f 13810 13811 13812
f 13813 13814 13815
f 13816 13817 13818
f 13819 13820 13821
f 13822 13823 13824
f 13825 13826 13827
f 13828 13829 13830
f 13828 13830 13831
f 13832 13833 13834
f 13835 13836 13837
f 13838 13839 13840
f 13838 13840 13841
f 13842 13843 13844
f 13842 13844 13845
f 13846 13847 13848
f 13849 13850 13851
f 13852 13853 13854
f 13855 13856 13857
f 13858 13859 13860
f 13858 13860 13861
f 13862 13863 13864
f 13862 13864 13865
f 13866 13867 13868
f 13866 13868 13869
f 13870 13871 13872
f 13873 13874 13875
f 13876 13877 13878
f 13879 13880 13881
f 13882 13883 13884
f 13882 13884 13885
f 13886 13887 13888
f 13886 13888 13889
f 13890 13891 13892
f 13893 13894 13895
f 13896 13897 13898
f 13899 13900 13901
f 13902 13903 13904
f 13902 13904 13905
f 13906 13907 13908
f 13906 13908 13909
f 13910 13911 13912
f 13910 13912 13913
f 13914 13915 13916
f 13917 13918 13919
f 13920 13921 13922
f 13920 13922 13923
f 13924 13925 13926
f 13924 13926 13927
f 13928 13929 13930
f 13931 13932 13933
f 13934 13935 13936
f 13937 13938 13939
f 10539 13940 13401
f 10135 10134 13941
f 13941 10134 13942
f 13942 10134 13943
f 13943 10134 13944
f 13944 10134 13945
f 13945 10134 13946
f 13945 13946 13947
f 13947 13946 13948
f 13948 13946 13949
f 13949 13946 13950
f 13950 13946 13951
f 13951 13946 13952
f 13953 13954 13955
f 13956 13957 13958
f 13959 13960 13961
f 13962 13963 13964
f 13965 13966 13967
f 13968 13969 13970
f 13971 13972 13973
f 13974 13975 13976
f 13977 13978 13979
f 13980 13981 13982
f 13983 13984 13985
f 13986 13987 13988
f 13989 13990 13991
f 13992 13993 13994
f 13995 13996 13997
f 13998 13999 14000
f 14001 14002 14003
f 14004 14005 14006
f 14007 14008 14009
f 14007 14009 14010
f 14011 14012 14013
f 14014 14015 14016
f 14017 14018 14019
f 14020 14021 14022
f 14023 14024 14025
f 14026 14027 14028
f 14029 14030 14031
f 14032 14033 14034
f 14035 14036 14037
f 14038 14039 14040
f 14041 14042 14043
f 14044 14045 14046
f 14047 14048 14049
f 14050 14051 14052
f 14052 14051 14053
f 14052 14053 13979
f 13987 14054 13988
f 14055 14056 14057
f 14054 14058 14059
f 14054 14059 14060
f 14061 14062 14063
f 14064 14065 14066
f 14064 14066 14067
f 14068 14069 14070
f 14071 14072 14073
f 14073 14072 14074
f 14075 14076 14077
f 14078 14079 14080
f 14080 14079 14081
f 14082 14083 14084
f 14085 14086 14087
f 14088 14089 14090
f 14091 14092 14093
f 14094 14095 14096
f 14097 14098 14099
f 14100 14101 14102
f 14103 14104 14105
f 14106 14107 14108
f 14109 14110 14111
f 14109 14111 14112
f 14113 14114 14115
f 14116 14117 14118
f 14116 14118 14119
f 14120 14121 14122
f 14123 14124 14125
f 14125 14124 14126
f 14127 14128 14129
f 14130 14131 14132
f 14133 14134 14135
f 14136 14137 14138
f 14139 14140 14141
f 14142 14143 14144
f 14145 14146 14147
f 14148 14149 14150
f 14151 14152 14153
f 14154 14155 14156
f 14153 14157 14158
f 14153 14158 14151
f 14159 14160 14161
f 14162 14163 14164
f 14165 14166 14167
f 14168 14169 14170
f 14145 14171 14172
f 14173 14174 14175
f 14176 14177 14178
f 14179 14180 14181
f 14182 14183 14184
f 14185 14186 14187
f 14188 14189 14190
f 14191 14192 14193
f 14194 14195 14196
f 14196 14195 14197
f 14198 14199 14200
f 14201 14202 14203
f 14204 14205 14206
f 14204 14206 14123
f 14207 14208 14209
f 14210 14211 14212
f 14213 14214 14215
f 14216 14217 14218
f 14219 14220 14221
f 14222 14223 14224
f 14225 14226 14227
f 14228 14229 14230
f 14231 14232 14233
f 14234 14235 14236
f 14237 14238 14239
f 14237 14239 14103
f 14096 14240 14094
f 14241 14242 14243
f 14243 14242 14244
f 14245 14246 14247
f 14247 14248 14245
f 14240 14249 14250
f 14240 14250 14094
f 14087 14016 14085
f 14251 14252 14253
f 14254 14255 14256
f 14257 14258 14259
f 14260 14261 14262
f 14262 14263 14260
f 14264 14265 14266
f 14267 14268 14269
f 13964 13963 14035
f 13973 13972 14041
f 14037 13964 14035
f 13979 13978 14052
f 14043 13973 14041
f 13994 13993 14064
f 14060 13988 14054
f 14003 14002 14071
f 14067 13994 14064
f 14009 14008 14078
f 14073 14003 14071
f 14016 14015 14085
f 14080 14009 14078
f 14103 14105 14237
f 14227 14109 14112
f 14227 14112 14225
f 14270 14116 14119
f 14194 14196 14130
f 14125 14204 14123
f 14185 14187 14139
f 14132 14194 14130
f 14141 14185 14139
f 14271 14272 14273
f 14273 14272 14274
f 14275 14276 14277
f 14278 14279 14280
f 14281 14282 14283
f 14284 14285 14286
f 14287 14288 14289
f 14290 14291 14292
f 14293 14294 14295
f 14296 14297 14298
f 14299 14300 14301
f 14302 14303 14304
f 14305 14306 14307
f 14308 14309 14310
f 14311 14312 14313
f 14314 14315 14316
f 14317 14318 14319
f 14320 14321 14322
f 14323 14324 14325
f 14326 14327 14328
f 14329 14330 14331
f 14332 14333 14334
f 14335 14336 14337
f 14337 14336 14338
f 14339 14340 14341
f 14342 14343 14344
f 14341 14345 14346
f 14347 14348 14349
f 14350 14351 14352
f 14353 14354 14355
f 14355 14354 14356
f 14357 14358 14359
f 14360 14361 14362
f 14363 14364 14365
f 14366 14367 14368
f 14369 14370 14371
f 14372 14373 14374
f 14375 14376 14377
f 14378 14379 14380
f 14381 14382 14383
f 14384 14380 14385
f 14386 14387 14388
f 14389 14390 14391
f 14282 14392 14393
f 14394 14395 14396
f 14396 14395 14397
f 14398 14399 14400
f 14401 14402 14403
f 14404 14405 14406
f 14407 14408 14409
f 14410 14411 14412
f 14413 14414 14415
f 14416 14417 14418
f 14418 14417 14419
f 14420 14421 14422
f 14423 14424 14425
f 14425 14424 14426
f 14427 14428 14429
f 14430 14431 14432
f 14433 14434 14435
f 14436 14437 14438
f 14436 14438 14439
f 14440 14441 14442
f 14443 14444 14445
f 14446 14447 14448
f 14449 14450 14451
f 14452 14453 14454
f 14455 14456 14457
f 14458 14459 14460
f 14461 14462 14463
f 14464 14465 14466
f 14467 14468 14469
f 14470 14471 14472
f 14473 14474 14475
f 14476 14477 14478
f 14479 14480 14481
f 14481 14480 14482
f 14483 14484 14485
f 14486 14487 14488
f 14488 14487 14489
f 14488 14489 14490
f 14491 14492 14493
f 14491 14493 14494
f 14495 14496 14497
f 14498 14499 14500
f 14501 14502 14503
f 14504 14505 14506
f 14507 14508 14509
f 14510 14511 14512
f 14513 14514 14515
f 14516 14517 14518
f 14492 14519 14520
f 14521 14522 14523
f 14524 14525 14526
f 14527 14528 14529
f 14527 14529 14530
f 14494 14531 14491
f 14532 14533 14534
f 14490 14535 14536
f 14537 14538 14539
f 14540 14541 14542
f 14542 14541 14543
f 14544 14545 14546
f 14547 14548 14549
f 14550 14551 14552
f 14553 14554 14555
f 14556 14557 14558
f 14559 14560 14561
f 14562 14563 14564
f 14565 14566 14567
f 14568 14569 14570
f 14571 14572 14573
f 14574 14575 14576
f 14574 14576 14577
f 14298 14297 14394
f 14310 14309 14401
f 14396 14298 14394
f 14322 14321 14407
f 14403 14310 14401
f 14331 14330 14578
f 14412 14579 14410
f 14344 14343 14423
f 14418 14580 14416
f 14356 14354 14430
f 14425 14344 14423
f 14574 14577 14436
f 14432 14356 14430
f 14568 14570 14446
f 14439 14574 14436
f 14559 14561 14455
f 14448 14568 14446
f 14553 14555 14464
f 14457 14559 14455
f 14544 14546 14473
f 14466 14553 14464
f 14540 14542 14479
f 14475 14544 14473
f 14490 14536 14488
f 14481 14540 14479
f 14500 14499 14524
f 14520 14493 14492
f 14526 14500 14524
f 14581 14582 14583
f 14584 14585 14586
f 14587 14588 14589
f 14590 14591 14592
f 14593 14594 14595
f 14595 14594 14596
f 14597 14598 14599
f 14599 14598 14600
f 14601 14602 14603
f 14604 14605 14606
f 14607 14608 14609
f 14610 14611 14612
f 14613 14614 14615
f 14615 14614 14616
f 14617 14618 14619
f 14620 14621 14622
f 14623 14624 14625
f 14626 14627 14628
f 14629 14630 14631
f 14632 14633 14634
f 14635 14636 14637
f 14638 14639 14640
f 14641 14642 14643
f 14644 14645 14646
f 14647 14648 14649
f 14650 14651 14652
f 14653 14654 14655
f 14655 14654 14656
f 14657 14658 14659
f 14660 14661 14662
f 14663 14664 14665
f 14666 14667 14668
f 14669 14670 14671
f 10101 14672 10102
f 14673 14674 14675
f 14676 14664 14677
f 14678 14662 14661
f 10106 14679 10107
f 10108 14680 14681
f 10108 14681 10109
f 10110 14682 14683
f 14684 14685 14686
f 14687 14688 14689
f 14687 14689 14690
f 14691 14692 14693
f 14691 14693 14694
f 14695 14696 14697
f 14695 14697 14698
f 14699 14700 14701
f 14699 14701 14702
f 14703 14704 14705
f 14706 14707 14708
f 14709 14710 14711
f 14712 14713 14714
f 14715 14716 14717
f 14718 14719 14720
f 14721 14722 14723
f 14721 14723 14724
f 14725 14726 14727
f 14725 14727 14728
f 14729 14730 14731
f 14729 14731 14732
f 14733 14734 14735
f 14733 14735 14736
f 14737 14738 14739
f 14740 14741 14742
f 14743 14744 14745
f 14746 14747 14748
f 14749 14750 14751
f 14752 14753 14754
f 14754 14753 14755
f 14756 14757 14758
f 14758 14757 14759
f 14760 14761 14762
f 14762 14761 14763
f 14764 14765 14766
f 14767 14768 14769
f 14770 14771 14772
f 14773 14774 14775
f 14776 14777 14778
f 14779 14780 14781
f 14782 14783 14784
f 14785 14786 14787
f 14788 14789 14790
f 14790 14789 14791
f 14792 14793 14794
f 14795 14796 14797
f 14798 14799 14800
f 14800 14799 14801
f 14802 14803 14804
f 14804 14803 14805
f 14806 14807 14808
f 14809 14810 14811
f 14812 14813 14814
f 14814 14813 14815
f 14816 14817 14818
f 10225 14819 14820
f 10228 14821 10229
f 14822 14823 14824
f 14825 14826 14827
f 10233 14828 14829
f 14830 14831 14832
f 14833 14834 14835
f 14836 14837 14817
f 14836 14817 14838
f 14839 14815 14813
f 14840 14841 14842
f 14843 14844 14845
f 14846 14847 14848
f 14849 14850 14851
f 14852 14853 14854
f 14855 14856 14857
f 14858 14859 14860
f 14861 14862 14863
f 14864 14865 14866
f 14867 14868 14869
f 14867 14869 14870
f 14871 14872 14873
f 14874 14875 14876
f 14877 14878 14879
f 14877 14879 14880
f 14881 14882 14883
f 14884 14885 14886
f 14887 14888 14889
f 14890 14891 14892
f 14893 14894 14895
f 14896 14897 14898
f 14899 14900 14901
f 14899 14901 14902
f 14903 14904 14905
f 14906 14907 14908
f 14909 14910 14911
f 14909 14911 14912
f 14913 14914 14915
f 14916 14917 14918
f 14918 14917 14919
f 14920 14921 14922
f 14922 14921 14923
f 14924 14925 14926
f 14927 14928 14929
f 14930 14931 14932
f 14933 14934 14935
f 14936 14937 14938
f 14939 14940 14941
f 14942 14943 14944
f 14945 14946 14947
f 14948 14949 14950
f 14951 14952 14953
f 14954 14955 14956
f 14957 14958 14959
f 14960 14961 14962
f 14962 14961 14963
f 14964 14965 14966
f 14967 14968 14969
f 14970 14971 14972
f 14973 14974 14975
f 14976 14977 14978
f 14979 14980 14981
f 14982 14983 14984
f 14985 14986 14987
f 14988 14989 14990
f 14988 14990 14991
f 14992 14993 14994
f 14995 14996 14997
f 14998 14999 15000
f 14998 15000 15001
f 15002 14669 14671
f 15002 14671 15003
f 15002 15003 15004
f 15005 15006 15007
f 15005 15007 15008
f 15008 15007 15009
f 15010 15011 15012
f 15013 15014 15015
f 15016 15017 15018
f 15019 15020 15021
f 15022 15023 15024
f 15025 15026 15027
f 15028 15029 15030
f 15031 15032 15033
f 15034 15035 15036
f 15037 15038 15039
f 15040 15041 15042
f 15043 15044 15045
f 15046 15047 15048
f 15049 15050 15051
f 15052 15053 15054
f 15055 15056 15057
f 15058 15059 15060
f 15061 15062 15063
f 15064 15065 15066
f 15067 15068 15069
f 15070 15071 15072
f 15073 15074 15075
f 15076 15077 15078
f 15079 15080 15081
f 15082 15083 15084
f 15085 15086 15087
f 15088 15089 15090
f 15091 15092 15093
f 15094 15095 15096
f 15097 15098 15099
f 15100 15101 15102
f 15103 15104 15105
f 15106 15107 15108
f 15109 15110 15111
f 15112 15113 15114
f 15115 15116 15117
f 15118 15119 15120
f 15121 15122 15123
f 15124 15125 15126
f 15127 15128 15129
f 15129 15128 15130
f 15131 15132 15133
f 15133 15132 15134
f 15135 15136 15137
f 15138 15139 15140
f 15141 15142 15143
f 15144 15145 15146
f 15147 15148 15149
f 15150 15151 15152
f 15153 15154 15155
f 15155 15154 15156
f 15157 15158 15159
f 15159 15158 15160
f 15161 15162 15163
f 15163 15162 15164
f 15165 15166 15167
f 15167 15166 15168
f 15169 15170 15171
f 15171 15170 15172
f 15173 15174 15175
f 15175 15174 15176
f 15177 15178 15179
f 15180 15181 15182
f 15183 15184 15185
f 15186 15187 15188
f 15189 15190 15191
f 15192 15193 15194
f 15195 15196 15197
f 15197 15196 15198
f 15199 15200 15201
f 15199 15201 15202
f 15203 15204 15205
f 15206 15207 15208
f 15209 15210 15211
f 15212 15213 15214
f 15215 15216 15217
f 15218 15219 15220
f 15221 15222 15223
f 15224 15225 15226
f 15227 15228 15229
f 15227 15229 15230
f 15231 15232 15233
f 15234 15235 15236
f 15237 15238 15239
f 15237 15239 15240
f 15241 15242 15243
f 15244 15245 15246
f 15247 15248 15249
f 15250 15251 15252
f 15253 15254 15255
f 15253 15255 15256
f 15257 15258 15259
f 15257 15259 15260
f 15261 15262 15263
f 15264 15265 15266
f 15267 15268 15269
f 15267 15269 15270
f 15271 15272 15273
f 15273 15272 15274
f 15275 15276 14827
f 14827 15276 15277
f 15277 15276 15278
f 15279 15280 15281
f 15281 15280 15282
f 15281 15282 15283
f 15284 15285 15286
f 15287 15288 15289
f 15290 15291 15292
f 15290 15292 15293
f 15294 15295 15296
f 15297 15298 15299
f 15300 15301 15302
f 15303 15304 15305
f 15306 15307 15308
f 15309 15310 15311
f 15312 15313 15314
f 15312 15314 15315
f 15316 15317 15318
f 15316 15318 15319
f 15320 15321 15322
f 15323 15324 15325
f 15326 15327 15328
f 15329 15330 15331
f 15332 15333 15334
f 15335 15336 15337
f 15338 15339 15340
f 15341 15342 15343
f 15344 15345 15346
f 15347 15348 15349
f 15350 15351 15352
f 15353 15354 15355
f 15356 15357 15358
f 15359 15360 15361
f 15362 15363 15364
f 15365 15366 15367
f 15007 15368 15009
f 15369 15370 15371
f 15014 15372 15015
f 15373 15374 15375
f 15376 15377 15378
f 15379 15380 15381
f 15026 15382 15027
f 15383 15384 15385
f 15386 15387 15388
f 15389 15390 15391
f 15038 15392 15039
f 15393 15394 15395
f 15396 15397 15398
f 15399 15400 15401
f 15402 15403 15404
f 15405 15406 15407
f 15408 15409 15410
f 15411 15412 15413
f 15414 15415 15416
f 15417 15418 15419
f 15420 15421 15422
f 15423 15424 15425
f 15426 15427 15428
f 15429 15430 15431
f 15432 15433 15434
f 15435 15436 15437
f 15438 15439 15440
f 15441 15442 15443
f 15444 15445 15446
f 15447 15448 15449
f 15098 15450 15099
f 15451 15452 15453
f 15454 15455 15456
f 15456 15455 15457
f 15456 15457 15458
f 15458 15457 15459
f 15458 15459 15460
f 15461 15462 15463
f 15464 15465 15466
f 15467 15468 15469
f 15470 15471 15472
f 15473 15474 15475
f 15476 15477 15478
f 15479 15480 15481
f 15482 15483 15484
f 15485 15486 15487
f 15488 15489 15490
f 15491 15492 15493
f 15494 15495 15496
f 15497 15498 15499
f 15500 15501 15502
f 15503 15504 15505
f 15506 15507 15508
f 15509 15510 15511
f 15512 15513 15514
f 15515 15516 15517
f 15518 15519 15520
f 15521 15522 15523
f 15524 15525 15526
f 15527 15528 15529
f 15530 15531 15532
f 15533 15534 15535
f 15536 15537 15538
f 15539 15540 15541
f 15542 15543 15544
f 15545 15546 15547
f 15548 15549 15550
f 15551 15552 15553
f 15554 15555 15556
f 15556 15555 15557
f 15468 15558 15469
f 15559 15560 15561
f 15562 15563 15564
f 15565 15566 15567
f 15480 15568 15481
f 15569 15570 15571
f 15572 15573 15574
f 15575 15576 15577
f 15578 15579 15580
f 15581 15582 15583
f 15584 15585 15586
f 15587 15588 15589
f 15590 15591 15592
f 15593 15594 15595
f 15596 15597 15598
f 15599 15600 15601
f 15602 15603 15604
f 15605 15606 15607
f 15522 15608 15523
f 15609 15610 15611
f 15528 15612 15529
f 15613 15614 15615
f 15616 15617 15618
f 15619 15620 15621
f 15622 15623 15624
f 15625 15626 15627
f 15546 15628 15547
f 15629 15630 15631
f 15632 15633 15634
f 15635 15636 15637
f 15557 15555 15638
f 15638 15555 15639
f 15638 15639 15640
f 15641 15642 15643
f 15644 15645 15646
f 15646 15645 15647
f 15648 15649 15650
f 15651 15652 15653
f 15654 15655 15656
f 15657 15658 15659
f 15660 15661 15662
f 15663 15664 15665
f 15666 15667 15668
f 15669 15670 15671
f 15672 15673 15674
f 15675 15676 15677
f 15678 15679 15680
f 15681 15682 15683
f 15684 15685 15686
f 15687 15688 15689
f 15690 15691 15692
f 15693 15694 15695
f 15696 15697 15698
f 15699 15700 15701
f 15702 15703 15704
f 15705 15706 15707
f 15708 15709 15710
f 15711 15712 15713
f 15714 15715 15716
f 15717 15718 15719
f 15720 15721 15722
f 15723 15724 15725
f 15726 15727 15728
f 15729 15730 15731
f 15732 15733 15734
f 15735 15736 15737
f 15645 15738 15647
f 15647 15738 15739
f 15652 15740 15653
f 15741 15742 15743
f 15744 15745 15746
f 15747 15748 15749
f 15664 15750 15665
f 15751 15752 15753
f 15754 15755 15756
f 15757 15758 15759
f 15760 15761 15762
f 15763 15764 15765
f 15682 15766 15683
f 15767 15768 15769
f 15770 15771 15772
f 15773 15774 15775
f 15776 15777 15778
f 15779 15780 15781
f 15782 15783 15784
f 15785 15786 15787
f 15788 15789 15790
f 15791 15792 15793
f 15712 15794 15713
f 15795 15796 15797
f 15798 15799 15800
f 15801 15802 15803
f 15724 15804 15725
f 15805 15806 15807
f 15808 15809 15810
f 15811 15812 15813
f 15736 15814 15737
f 15815 15816 15817
f 15818 15819 15820
f 15820 15819 15821
f 15820 15821 15822
f 15822 15821 15823
f 15822 15823 15824
f 15825 15826 15827
f 15828 15829 15830
f 15831 15832 15833
f 15834 15835 15836
f 15837 15838 15839
f 15840 15841 15842
f 15843 15844 15845
f 15846 15847 15848
f 15849 15850 15851
f 15852 15853 15854
f 15855 15856 15857
f 15858 15859 15860
f 15861 15862 15863
f 15864 15865 15866
f 15867 15868 15869
f 15870 15871 15872
f 15873 15874 15875
f 15876 15877 15878
f 15879 15880 15881
f 15882 15883 15884
f 15885 15886 15887
f 15888 15889 15890
f 15891 15892 15893
f 15894 15895 15896
f 15897 15898 15899
f 15900 15901 15902
f 15903 15904 15905
f 15906 15907 15908
f 15909 15910 15911
f 15912 15913 15914
f 15915 15916 15917
f 15826 15918 15827
f 15827 15918 15919
f 15920 15921 15922
f 15923 15924 15925
f 15838 15926 15839
f 15927 15928 15929
f 15844 15930 15845
f 15931 15932 15933
f 15850 15934 15851
f 15935 15936 15937
f 15938 15939 15940
f 15941 15942 15943
f 15944 15945 15946
f 15947 15948 15949
f 15950 15951 15952
f 15953 15954 15955
f 15956 15957 15958
f 15959 15960 15961
f 15962 15963 15964
f 15965 15966 15967
f 15968 15969 15970
f 15971 15972 15973
f 15892 15974 15893
f 15975 15976 15977
f 15978 15979 15980
f 15981 15982 15983
f 15984 15985 15986
f 15987 15988 15989
f 15910 15990 15911
f 15991 15992 15993
f 15994 15995 15996
f 15997 15998 15999
f 15999 15998 16000
f 15999 16000 16001
f 16001 16000 16002
f 16001 16002 16003
f 16004 16005 16006
f 16007 16008 16009
f 16010 16011 16012
f 16013 16014 16015
f 16016 16017 16018
f 16019 16020 16021
f 16022 16023 16024
f 16025 16026 16027
f 16028 16029 16030
f 16031 16032 16033
f 16034 16035 16036
f 16037 16038 16039
f 16040 16041 16042
f 16043 16044 16045
f 16046 16047 16048
f 16049 16050 16051
f 16052 16053 16054
f 16055 16056 16057
f 16058 16059 16060
f 16061 16062 16063
f 16064 16065 16066
f 16067 16068 16069
f 16005 16070 16006
f 16006 16070 16071
f 16072 16073 16074
f 16012 16075 16076
f 16077 16078 16079
f 16080 16081 16082
f 16023 16083 16024
f 16084 16085 16086
f 16029 16087 16030
f 16088 16089 16090
f 16091 16092 16093
f 16094 16095 16096
f 16097 16098 16099
f 16100 16101 16102
f 16047 16103 16048
f 16104 16105 16106
f 16107 16108 16109
f 16110 16111 16112
f 16113 16114 16115
f 16116 16117 16118
f 16119 16120 16121
f 16071 16070 16122
f 16123 16124 16125
f 16126 16127 16128
f 16128 16127 16129
f 16128 16129 16130
f 16130 16129 16131
f 16132 16133 16134
f 16135 16136 16137
f 16138 16139 16140
f 16141 16142 16143
f 16144 16145 16146
f 16147 16148 16149
f 16150 16151 16152
f 16153 16154 16155
f 16156 16157 16158
f 16159 16160 16161
f 16162 16163 16164
f 16129 16165 16131
f 16166 16167 16168
f 16136 16169 16137
f 16170 16171 16172
f 16142 16173 16143
f 16174 16175 16176
f 16148 16177 16149
f 16178 16179 16180
f 16181 16182 16183
f 16184 16185 16186
f 16187 16188 16189
f 16190 16191 16192
f 16192 16191 16193
f 16192 16193 16194
f 16194 16193 16195
f 16194 16195 16196
f 16197 16198 15283
f 16199 15287 15289
f 16198 15281 15283
f 16200 16201 16202
f 16203 16204 16205
f 15096 16206 15094
f 16207 16208 16209
f 16210 16211 16212
f 16213 16214 16215
f 16216 16217 16218
f 16219 16220 16221
f 16222 16223 16224
f 16225 16226 16227
f 16228 16229 16230
f 16231 16232 16233
f 16234 16235 16236
f 16237 16238 16239
f 16240 16241 16242
f 16243 16244 16245
f 16246 16247 16248
f 16249 16250 16251
f 16252 16253 16254
f 16255 16256 16257
f 15042 16258 15040
f 16259 16260 16261
f 16262 16263 16264
f 16265 16266 16267
f 15030 16268 15028
f 16269 16270 16271
f 15024 16272 15022
f 16273 16274 16275
f 15018 16276 15016
f 16277 16278 16279
f 16280 16281 16282
f 16282 16281 16283
f 16204 16284 16205
f 16285 16286 16287
f 16208 16288 16209
f 16289 16290 16291
f 16214 16292 16215
f 16293 16294 16295
f 16220 16296 16221
f 16297 16298 16299
f 16226 16300 16227
f 16301 16302 16303
f 16232 16304 16233
f 16305 16306 16307
f 16308 16309 16310
f 16311 16312 16313
f 16314 16315 16316
f 16317 16318 16319
f 16320 16321 16322
f 16323 16324 16325
f 16326 16327 16328
f 16329 16330 16331
f 16332 16333 16334
f 16335 16336 16337
f 16338 16339 16340
f 16341 16342 16343
f 16344 16345 16346
f 16347 16348 16349
f 16274 16350 16275
f 16351 16352 16353
f 16278 16354 16279
f 16355 16356 16357
f 16281 16358 16283
f 16359 16360 16361
f 16362 16363 16364
f 16365 16366 16367
f 16290 16368 16291
f 16369 16370 16371
f 16372 16373 16374
f 16375 16376 16377
f 16378 16379 16380
f 16381 16382 16383
f 16302 16384 16303
f 16385 16386 16387
f 16306 16388 16307
f 16389 16390 16391
f 16392 16393 16394
f 16395 16396 16397
f 16398 16399 16400
f 16401 16402 16403
f 16404 16405 16406
f 16407 16408 16409
f 16410 16411 16412
f 16413 16414 16415
f 16416 16417 16418
f 16419 16420 16421
f 16422 16423 16424
f 16425 16426 16427
f 16428 16429 16430
f 16431 16432 16433
f 16434 16435 16436
f 16437 16438 16439
f 16440 16441 16442
f 16443 16444 16445
f 16446 16447 16448
f 16449 16450 16451
f 16452 16453 16454
f 16370 16455 16371
f 16456 16457 16458
f 16459 16460 16461
f 16462 16463 16464
f 16382 16465 16383
f 16466 16467 16468
f 16386 16469 16387
f 16470 16471 16472
f 16473 16474 16475
f 16476 16477 16478
f 16453 16479 16454
f 16480 16481 16482
f 16480 16482 16483
f 16484 16485 16486
f 16487 16488 16489
f 16490 16491 16492
f 16490 16492 16493
f 16494 16495 16496
f 16497 16498 16499
f 16500 16501 16502
f 16503 16504 16505
f 16506 16507 16508
f 16506 16508 16509
f 16510 16511 16512
f 16510 16512 16513
f 16514 16515 16516
f 16514 16516 16517
f 16518 16519 16520
f 16518 16520 16521
f 16522 16523 16524
f 16525 16526 16527
f 16528 16529 16530
f 16531 16532 16533
f 16534 16535 16536
f 16537 16538 16539
f 16540 16541 16542
f 16540 16542 16543
f 16458 16457 16544
f 16446 16448 16545
f 16360 16546 16361
f 16445 16444 16547
f 16548 16549 16550
f 16548 16550 16551
f 16552 16553 16554
f 16552 16554 16555
f 16556 16557 16558
f 16559 16560 16561
f 16562 16563 16564
f 16565 16566 16567
f 16568 16569 16570
f 16568 16570 16571
f 16572 16573 16574
f 16575 16576 16577
f 16578 16579 16580
f 16581 16582 16583
f 16584 16585 16586
f 16587 16588 16589
f 16590 16591 16592
f 16593 16594 16595
f 16596 16597 16598
f 16599 16600 16601
f 16602 16603 16604
f 16602 16604 16605
f 16606 16607 16608
f 16606 16608 16609
f 16440 16442 16610
f 16356 16611 16357
f 16439 16438 16612
f 16613 16614 16615
f 16616 16617 16618
f 16619 16620 16621
f 16619 16621 16622
f 16623 16624 16625
f 16626 16627 16628
f 16629 16630 16631
f 16632 16633 16634
f 16635 16636 16637
f 16638 16639 16640
f 16641 16642 16643
f 16644 16645 16646
f 16647 16648 16649
f 16650 16651 16652
f 16653 16654 16655
f 16656 16657 16658
f 16659 16660 16661
f 16662 16663 16664
f 16665 16666 16667
f 16668 16669 16670
f 16671 16672 16673
f 16671 16673 16674
f 16675 16353 16352
f 16436 16676 16434
f 16677 16349 16348
f 16678 16679 16680
f 16681 16682 16683
f 16684 16685 16686
f 16687 16688 16689
f 16690 16691 16692
f 16693 16694 16695
f 16696 16697 16698
f 16699 16700 16701
f 16702 16703 16704
f 16705 16319 16318
f 16706 16707 16708
f 16709 16710 16711
f 16711 16710 16712
f 16713 16427 16426
f 16714 16715 16716
f 16716 16715 16717
f 16718 16719 16720
f 16720 16719 16721
f 16722 16421 16420
f 16723 16724 16725
f 16726 16727 16728
f 16729 16730 16731
f 16732 16733 16734
f 16735 16736 16737
f 16737 16736 16738
f 16739 16740 16741
f 16742 16743 16744
f 16745 16746 16747
f 16748 16749 16750
f 16750 16749 16751
f 16752 16753 16754
f 16754 16753 16755
f 16756 16757 16758
f 16759 16760 16761
f 16762 16763 16764
f 16765 16766 16767
f 16768 16769 16770
f 16771 16772 16773
f 16774 16775 16776
f 16777 16778 16779
f 16779 16778 16780
f 16781 16782 16783
f 16784 16785 16786
f 16787 16788 16789
f 16790 16791 16792
f 16793 16794 16795
f 16796 16797 16798
f 16798 16797 16799
f 16800 16801 16802
f 16802 16801 16803
f 16804 16805 16806
f 16807 16808 16809
f 16810 16811 16812
f 16813 16814 16815
f 16816 16817 16818
f 16819 16820 16821
f 16822 16823 16824
f 16825 16826 16827
f 16828 16829 16830
f 16831 16832 16833
f 16833 16832 16834
f 16835 16836 16837
f 16838 16839 16840
f 16841 16842 16843
f 16844 16845 16846
f 16847 16848 16849
f 16850 16851 16852
f 16853 16854 16855
f 16856 16857 16858
f 16859 16860 16861
f 16862 16863 16864
f 16865 16866 16867
f 16867 16866 16868
f 16869 16472 16471
f 16870 16871 16872
f 16873 16874 16875
f 16876 16877 16878
f 16879 16880 16881
f 16882 16883 16884
f 16884 16883 16885
f 16886 16887 16888
f 16889 16890 16891
f 16892 16893 16894
f 16895 16896 16897
f 16898 16899 16900
f 16900 16899 16901
f 16902 16903 16904
f 16905 16906 16907
f 16908 16909 16910
f 16910 16909 16911
f 16912 16913 16914
f 16915 16916 16917
f 16918 16919 16920
f 16921 16922 16923
f 16924 16925 16926
f 16927 16928 16929
f 16929 16928 16930
f 16931 16932 16933
f 16933 16932 16934
f 16935 16936 16937
f 16938 16939 16940
f 16941 16942 16943
f 16943 16942 16944
f 16945 16946 16947
f 16948 16949 16950
f 16951 16952 16953
f 16954 16955 16956
f 16957 16958 16959
f 16960 16961 16962
f 16963 16964 16965
f 16966 16967 16968
f 16969 16970 16971
f 16972 16973 16974
f 16975 16976 16977
f 16978 16979 16980
f 16980 16979 16981
f 16982 16983 16984
f 16985 16986 16987
f 16988 16989 16990
f 16990 16989 16991
f 16992 16993 16994
f 16995 16996 16997
f 16998 16999 17000
f 17001 17002 17003
f 17004 17005 17006
f 17007 17008 17009
f 17010 17011 17012
f 17012 17011 17013
f 17014 17015 17016
f 17016 17015 17017
f 17018 17019 17020
f 17020 17019 15375
f 17021 17022 17023
f 15380 17024 15381
f 17025 17026 17027
f 15384 17028 15385
f 17029 17030 17031
f 17032 17033 17034
f 17035 17036 17037
f 15394 17038 15395
f 17039 17040 17041
f 15400 17042 15401
f 17043 17044 17045
f 15406 17046 15407
f 17047 17048 17049
f 17050 17051 17052
f 17053 17054 17055
f 17056 17057 17058
f 17059 17060 17061
f 15424 17062 15425
f 17063 17064 17065
f 17066 17067 17068
f 17069 17070 17071
f 17072 17073 17074
f 17075 17076 17077
f 17078 17079 17080
f 17081 17082 17083
f 17084 17085 17086
f 17087 17088 17089
f 15452 17090 15453
f 17091 17092 17093
f 17094 17095 17096
f 17097 17098 17099
f 17100 15464 15466
f 17101 17102 17103
f 17103 17102 17104
f 17105 17106 17107
f 17108 17109 17110
f 17111 17112 17113
f 17114 17115 17116
f 17117 17118 17119
f 17040 17120 17041
f 17121 17122 17123
f 17124 17125 17126
f 17127 17128 17129
f 17048 17130 17049
f 17131 17132 17133
f 17054 17134 17055
f 17135 17136 17137
f 17138 17139 17140
f 17141 17142 17143
f 17144 17145 17146
f 17147 17148 17149
f 17150 17151 17152
f 17153 17154 17155
f 17156 17157 17158
f 17159 17160 17161
f 17082 17162 17083
f 17163 17164 17165
f 17166 17167 17168
f 17169 17170 17171
f 17172 17173 17174
f 17175 17176 17177
f 17113 17112 17178
f 15472 17179 15470
f 17119 17118 17180
f 17181 17182 17183
f 17184 17185 17186
f 17186 17185 17187
f 17188 15561 15560
f 15566 17189 15567
f 17190 17191 17192
f 15570 17193 15571
f 17194 17195 17196
f 15576 17197 15577
f 17198 17199 17200
f 17201 17202 17203
f 17204 17205 17206
f 17207 17208 17209
f 17210 17211 17212
f 17213 17214 17215
f 17216 17217 17218
f 17219 17220 17221
f 17222 17223 17224
f 17225 17226 17227
f 17228 17229 17230
f 15610 17231 15611
f 17232 17233 17234
f 17235 17236 17237
f 17238 17239 17240
f 17241 17242 17243
f 17244 17245 17246
f 17247 17248 17249
f 17250 17251 17252
f 17253 17254 17255
f 17256 17257 17258
f 17259 17260 17261
f 17262 17263 17264
f 17265 17266 17267
f 17267 17266 17268
f 17267 17268 17269
f 17270 17271 17272
f 17273 17274 17275
f 17276 17277 17278
f 17128 17279 17129
f 17280 17281 17282
f 17132 17283 17133
f 17284 15500 15502
f 17136 17285 17137
f 17286 15506 15508
f 17287 17288 17289
f 17290 17291 17292
f 17293 17294 17295
f 17296 15518 15520
f 17297 17298 17299
f 17300 15524 15526
f 17301 17302 17303
f 17304 17305 17306
f 17164 17307 17165
f 17308 17309 17310
f 17311 17312 17313
f 17314 17315 17316
f 17176 17317 17177
f 17318 15548 15550
f 17319 17320 17321
f 17321 17320 17322
f 17323 17324 17325
f 17326 17327 17328
f 17329 17330 17331
f 17332 17333 17334
f 17335 17336 17337
f 17338 17339 17340
f 17341 17342 17343
f 17344 17345 17346
f 17347 17348 17349
f 17350 17351 17352
f 17353 17354 17355
f 17223 17356 17224
f 17357 17358 17359
f 17360 17361 17362
f 17363 17364 17365
f 17233 17366 17234
f 17367 17368 17369
f 17370 17371 17372
f 17373 17374 17375
f 17376 17377 17378
f 17379 17380 17381
f 17382 17383 17384
f 17385 17386 17387
f 17388 17389 17390
f 17391 17392 17393
f 17394 17395 17396
f 17397 17398 17399
f 17400 17401 17402
f 15656 17403 15654
f 17337 17336 17404
f 17405 17406 17407
f 17408 17409 17410
f 17410 17409 15743
f 17410 15743 15742
f 15745 17411 17412
f 17413 17414 17415
f 17416 17417 17418
f 17419 17420 17421
f 15758 17422 15759
f 17423 17424 17425
f 17426 17427 17428
f 17429 17430 17431
f 17432 17433 17434
f 17435 17436 17437
f 17438 17439 17440
f 17441 17442 17443
f 17444 17445 17446
f 17447 17448 17449
f 17450 17451 17452
f 17453 17454 17455
f 15792 17456 15793
f 17457 17458 17459
f 15796 17460 15797
f 17461 17462 17463
f 17464 17465 17466
f 17467 17468 17469
f 17470 17471 17472
f 17473 17474 17475
f 15812 17476 15813
f 17477 17478 17479
f 15816 17480 15817
f 17481 17482 17483
f 17484 17485 17486
f 17487 17488 17489
f 17487 17489 17490
f 17491 17492 17493
f 17494 17495 17496
f 17497 17498 17499
f 17500 17501 17502
f 17503 15678 15680
f 17354 17504 17355
f 17505 15684 15686
f 17358 17506 17359
f 17507 17508 17509
f 17364 17510 17365
f 17511 17512 17513
f 17368 17514 17369
f 17515 17516 17517
f 17518 17519 17520
f 17521 17522 17523
f 17524 17525 17526
f 17527 15714 15716
f 17528 17529 17530
f 17531 17532 17533
f 17534 17535 17536
f 17537 17538 17539
f 17540 17541 17542
f 17543 17544 17545
f 17546 17547 17548
f 17548 17547 17549
f 17550 17415 17414
f 17420 17551 17421
f 17552 17553 17554
f 17424 17555 17425
f 17556 17557 17558
f 17559 17560 17561
f 17562 17563 17564
f 17565 17566 17567
f 17568 17569 17570
f 17571 17572 17573
f 17574 17575 17576
f 17577 17578 17579
f 17580 17581 17582
f 17583 17584 17585
f 17586 17587 17588
f 17589 17590 17591
f 17592 17593 17594
f 17462 17595 17463
f 17596 17597 17598
f 17599 17600 17601
f 17602 17603 17604
f 17474 17605 17475
f 17606 17607 17608
f 17609 17610 17611
f 17612 17613 17614
f 17482 17615 17483
f 17616 17617 17618
f 17554 17553 17619
f 15836 17620 15834
f 17621 17622 17623
f 17624 17625 17626
f 17627 17628 17629
f 17629 17628 17630
f 17631 17632 17633
f 17634 17635 17636
f 17637 17638 17639
f 15932 17640 15933
f 17641 17642 17643
f 17644 17645 17646
f 17647 17648 17649
f 17650 17651 17652
f 17653 17654 17655
f 17656 17657 17658
f 17659 17660 17661
f 17662 17663 17664
f 17665 17666 17667
f 17668 17669 17670
f 17671 17672 17673
f 15966 17674 15967
f 17675 17676 17677
f 15972 17678 15973
f 17679 17680 17681
f 17682 17683 17684
f 17685 17686 17687
f 17688 17689 17690
f 17691 17692 17693
f 17694 17695 17696
f 17697 17698 17699
f 17700 17701 17702
f 17628 17627 17703
f 17703 17627 17704
f 17705 17706 17707
f 17708 17709 17710
f 17711 17712 17713
f 17714 15852 15854
f 17569 17715 17570
f 17716 17717 17718
f 17719 17720 17721
f 17722 17723 17724
f 17725 17726 17727
f 17728 17729 17730
f 17731 17732 17733
f 17734 15876 15878
f 17593 17735 17594
f 17736 17737 17738
f 17597 17739 17598
f 17740 17741 17742
f 17603 17743 17604
f 17744 15894 15896
f 17607 17745 17608
f 17746 17747 17748
f 17749 17750 17751
f 17752 15906 15908
f 17753 17754 17755
f 17756 15912 15914
f 17757 17758 17759
f 17760 17761 17762
f 17763 17764 17635
f 17765 17766 17767
f 17768 17769 17770
f 17771 17772 17773
f 17774 17775 17776
f 17777 17778 17779
f 17780 17781 17782
f 17783 17784 17785
f 17786 17787 17788
f 17789 17790 17791
f 17792 17793 17794
f 17795 17796 17797
f 17798 17799 17800
f 17801 17802 17803
f 17804 17805 17806
f 17807 17808 17809
f 17810 17811 17812
f 17813 17814 17815
f 17816 17817 17818
f 17819 17820 17821
f 17822 17823 17824
f 17825 17826 17827
f 17770 17769 17828
f 16015 17829 16013
f 17830 17831 17832
f 16021 17833 16019
f 17834 17835 17836
f 17836 17835 17837
f 17838 16076 16075
f 16081 17839 16082
f 17840 17841 17842
f 16085 17843 16086
f 17844 17845 17846
f 17847 17848 17849
f 17850 17851 17852
f 16095 17853 16096
f 17854 17855 17856
f 17857 17858 17859
f 17860 17861 17862
f 17863 17864 17865
f 17866 17867 17868
f 16111 17869 16112
f 17870 17871 17872
f 17873 17874 17875
f 17876 17877 17878
f 17878 17877 17879
f 17880 16132 16134
f 17881 17882 17883
f 17884 17885 17886
f 17887 17888 17889
f 17890 17891 17892
f 17893 16037 16039
f 17894 17895 17896
f 17897 16043 16045
f 17898 17899 17900
f 17901 17902 17903
f 17904 17905 17906
f 17907 16055 16057
f 17811 17908 17812
f 17909 17910 17911
f 17912 17913 17914
f 17915 16067 16069
f 17916 17917 17918
f 17919 17920 17921
f 17922 17923 17924
f 17925 17926 17927
f 17845 17928 17846
f 17929 17930 17931
f 17932 17933 17934
f 17935 17936 17937
f 17938 17939 17940
f 17941 17942 17943
f 17861 17944 17862
f 17945 17946 17947
f 17948 17949 17950
f 17951 17952 17953
f 17954 17955 17956
f 17931 17930 17957
f 17958 17959 17960
f 17961 17962 17963
f 17964 17965 17966
f 17967 17968 17969
f 17969 17968 17970
f 17971 16172 16171
f 17972 17973 17974
f 17975 17976 17977
f 17978 17979 17980
f 17981 17982 17983
f 17984 17985 17986
f 17987 17988 17989
f 17989 17988 17990
f 17991 16199 15289
f 17992 17993 17994
f 17942 17995 17943
f 17996 17997 17998
f 17999 18000 18001
f 18002 18003 18004
f 18005 18006 18007
f 18008 18009 18010
f 18010 18009 18011
f 18012 18013 18014
f 18015 17983 17982
f 18016 18017 18018
f 18019 18020 18021
f 18018 18022 18023
f 18023 18022 18024
f 18025 18026 18027
f 18028 18029 18030
f 18031 18032 18033
f 18033 18032 18034
f 18035 18036 18037
f 18037 18036 18038
f 18039 18040 18041
f 18042 18043 18044
f 18045 18046 18047
f 18047 18046 18048
f 18049 18050 18051
f 18052 18053 18054
f 18055 18056 18057
f 18058 18059 18060
f 18061 18062 18063
f 18064 18065 18066
f 18067 18068 18069
f 18069 18068 18070
f 18071 18072 18073
f 18074 18075 18076
f 18077 18078 18079
f 18079 18078 18080
f 18081 18082 18083
f 18083 18082 18084
f 18085 18086 18087
f 18088 18089 18090
f 18091 18092 18093
f 18093 18092 18094
f 18095 18096 18097
f 18098 18099 18100
f 18101 18102 18103
f 18104 18105 18106
f 18107 18108 18109
f 18110 18111 18112
f 18113 18114 18115
f 18115 18114 18116
f 18117 18118 18119
f 18120 18121 18122
f 18123 18124 18125
f 18126 18127 18128
f 18129 18130 18131
f 18132 18133 18134
f 18135 18136 18137
f 18138 18139 18140
f 18141 18142 18143
f 18144 18145 18146
f 18147 18148 18149
f 18150 18151 18152
f 18153 18154 18155
f 18156 18157 18158
f 18158 18157 18159
f 18160 18161 18162
f 18163 18164 18165
f 18166 18167 18168
f 18168 18167 18169
f 18170 18171 18172
f 18173 18174 18175
f 18175 18174 18176
f 18177 18178 18179
f 18180 18181 18182
f 18183 18184 18185
f 18186 18187 18188
f 18189 18190 18191
f 18192 18193 18194
f 18195 18196 18197
f 18198 18199 18200
f 18201 18202 18203
f 18204 18205 18206
f 18207 18208 18209
f 18210 18211 18212
f 18213 18214 18215
f 18216 18217 18218
f 18219 18220 18221
f 18222 18223 18224
f 18224 18223 18225
f 18226 18227 18228
f 18229 18230 18231
f 18232 18233 18234
f 18235 18236 18237
f 18238 18239 18240
f 18241 18242 18243
f 18244 18245 18246
f 18247 18248 18249
f 18250 18251 18252
f 18253 18254 18255
f 18253 18255 18256
f 18257 18258 18259
f 18260 18261 18262
f 18263 18264 18265
f 18266 18267 18268
f 18269 18270 18271
f 18272 18273 18274
f 18275 18276 18277
f 18278 18279 18280
f 18278 18280 18281
f 18282 18283 18284
f 18285 18286 18287
f 18285 18287 18288
f 18289 18290 18291
f 18292 18293 18294
f 18292 18294 18295
f 18296 18297 18298
f 18299 18300 18301
f 18302 18303 18304
f 18305 18306 18307
f 18308 18309 18310
f 18311 18312 18313
f 18314 18315 18316
f 18317 18318 18319
f 18320 18321 18322
f 18323 18324 18325
f 18326 18327 18328
f 18329 18330 18331
f 18332 18333 18334
f 18335 18336 18337
f 18338 18339 18340
f 18341 18336 18342
f 18343 18344 18345
f 18346 18347 18348
f 18349 18350 18351
f 18352 18353 18354
f 18355 18356 18357
f 18358 18359 18360
f 18360 18359 18361
f 18362 18363 18364
f 18365 18366 18367
f 18368 18369 18370
f 18370 18369 18371
f 18371 18369 18372
f 18372 18369 18373
f 18374 18375 18376
f 18377 18378 18379
f 18379 18378 18380
f 18381 18382 18383
f 18383 18382 18384
f 18385 18386 18387
f 18388 18389 18390
f 18388 18390 18391
f 18392 18393 18394
f 18395 18396 18397
f 18398 18399 18400
f 18401 18402 18403
f 18404 18405 18406
f 18406 18405 18407
f 18408 18409 18410
f 18411 18412 18413
f 18414 18415 18416
f 18417 18418 18419
f 18420 18421 18422
f 18423 18424 18425
f 18426 18427 18428
f 18429 18413 18430
f 18431 18432 18433
f 18434 18435 18436
f 18437 18438 18439
f 18440 18441 18442
f 18443 18444 18445
f 18445 18444 18446
f 18447 18448 18449
f 18450 18451 18452
f 18452 18451 18453
f 18453 18451 18454
f 18455 18456 18457
f 18458 18459 18460
f 18461 18462 18463
f 18464 18465 18466
f 18467 18468 18469
f 18470 18471 18472
f 18473 18474 18475
f 18476 18477 18478
f 18479 18480 18481
f 18482 18483 18484
f 18485 18486 18487
f 18488 18489 18490
f 18491 18492 18493
f 18494 18495 18496
f 18497 18498 18499
f 18500 18501 18502
f 18503 18504 18505
f 18506 18507 18508
f 18509 18510 18511
f 18512 18513 18514
f 18515 18516 18517
f 18518 18519 18520
f 18521 18522 18523
f 18524 18525 18526
f 18527 18528 18529
f 18530 18531 18532
f 18533 18534 18535
f 18536 18537 18538
f 18539 18540 18541
f 18542 18543 18544
f 18545 18546 18547
f 18548 18549 18550
f 18551 18552 18553
f 18554 18555 18556
f 18557 18558 18559
f 18560 18561 18562
f 18563 18564 18565
f 18566 18567 18568
f 18569 18570 18571
f 18571 18570 18572
f 18573 18574 18575
f 18576 18577 18578
f 18578 18577 18579
f 18580 18581 18582
f 18583 18584 18585
f 18585 18584 18586
f 18587 18588 18589
f 18590 18591 18592
f 18593 18594 18595
f 18596 18597 18598
f 18599 18600 18601
f 18602 18603 18604
f 18605 18606 18607
f 18608 18609 18610
f 18611 18612 18613
f 18614 18615 18616
f 18617 18618 18619
f 18620 18621 18622
f 18623 18624 18625
f 18626 18627 18628
f 18629 18630 18631
f 18632 18633 18634
f 14152 18635 14153
f 14153 18635 18636
f 14153 18636 18637
f 14152 18638 18635
f 18635 18638 18639
f 18639 18638 18640
f 18639 18640 18641
f 18641 18640 18642
f 18641 18642 18643
f 18643 18642 18644
f 18643 18644 18645
f 18645 18644 18646
f 18646 18644 18647
f 18646 18647 18648
f 18648 18647 18649
f 18649 18647 18650
f 18649 18650 18651
f 18651 18650 18652
f 18651 18652 18653
f 18653 18652 18654
f 18653 18654 18655
f 18655 18654 14271
f 18655 14271 18656
f 18656 14271 18657
f 18656 18657 18658
f 18658 18657 18659
f 18658 18659 18660
f 18660 18659 18661
f 18660 18661 18662
f 18654 18663 14271
f 14271 18663 14272
f 18660 18662 18664
f 18664 18662 18665
f 18664 18665 18666
f 18666 18667 18664
f 14153 18668 18664
f 18664 18668 18669
f 18664 18669 18670
f 18670 18671 18664
f 18664 18671 18672
f 18664 18672 18673
f 18673 18674 18664
f 18664 18674 18660
f 18637 18675 14153
f 14153 18675 18676
f 14153 18676 18677
f 18677 18678 14153
f 14153 18678 18679
f 14153 18679 18680
f 18680 18668 14153

